fold,retrieval_mode,topn,query_index,true_label,top1_predicted_label,top_k_labels,top_k_scores
4,centroid,1,0,Alaris,Alaris,"[""Alaris"", ""Alcatras"", ""Trius"", ""Mytikas"", ""Triton""]","[0.6865413784980774, 0.6470536589622498, 0.4991694986820221, 0.37346380949020386, 0.35363268852233887]"
4,centroid,1,1,Alaris,Alaris,"[""Alaris"", ""Alcatras"", ""Vega"", ""Hawk"", ""Turbine""]","[0.9003891944885254, 0.6265344619750977, 0.5146360397338867, 0.4802394509315491, 0.4594743251800537]"
4,centroid,1,2,Alaris,Alaris,"[""Alaris"", ""Alcatras"", ""Turbine"", ""Castor"", ""Mytikas""]","[0.7297878861427307, 0.6168776750564575, 0.499112606048584, 0.4158935248851776, 0.32583096623420715]"
4,centroid,1,3,Alaris,Alaris,"[""Alaris"", ""Alcatras"", ""Trius"", ""Vega"", ""Ratikon""]","[0.8432470560073853, 0.49998247623443604, 0.48693129420280457, 0.30658799409866333, 0.25754666328430176]"
4,centroid,1,4,Alaris,Alaris,"[""Alaris"", ""Alcatras"", ""Trius"", ""Vega"", ""Castor""]","[0.9285872578620911, 0.8077452182769775, 0.6122725605964661, 0.3784821629524231, 0.3222979009151459]"
4,centroid,1,5,Alaris,Alaris,"[""Alaris"", ""Vega"", ""Alcatras"", ""Turbine"", ""Trius""]","[0.7315163612365723, 0.674331784248352, 0.43104100227355957, 0.4268960952758789, 0.3793904185295105]"
4,centroid,1,6,Alaris,Alcatras,"[""Alcatras"", ""Alaris"", ""Trius"", ""Braga"", ""Castor""]","[0.9031870365142822, 0.8713058829307556, 0.5200399160385132, 0.5155133008956909, 0.44717293977737427]"
4,centroid,1,7,Alaris,Trius,"[""Trius"", ""Triton"", ""Alcatras"", ""Alaris"", ""Braga""]","[0.783138632774353, 0.6165573596954346, 0.6040957570075989, 0.5665151476860046, 0.4409046173095703]"
4,centroid,1,8,Alaris,Alaris,"[""Alaris"", ""Alcatras"", ""Hawk"", ""Trius"", ""Vega""]","[0.8708552122116089, 0.8355689644813538, 0.4255989193916321, 0.4209098219871521, 0.33917397260665894]"
4,centroid,1,9,Alaris,Alcatras,"[""Alcatras"", ""Trius"", ""Triton"", ""Castor"", ""Alaris""]","[0.8141841292381287, 0.7079963684082031, 0.6915801763534546, 0.6895145177841187, 0.6744625568389893]"
4,centroid,1,10,Alaris,Alaris,"[""Alaris"", ""Alcatras"", ""Trius"", ""Vega"", ""Hawk""]","[0.9056698083877563, 0.5929675102233887, 0.5696861743927002, 0.4106118083000183, 0.31655004620552063]"
4,centroid,1,11,Alaris,Alaris,"[""Alaris"", ""Trius"", ""Alcatras"", ""Mytikas"", ""Triton""]","[0.8669047355651855, 0.7213834524154663, 0.7170686721801758, 0.40971899032592773, 0.38586485385894775]"
4,centroid,1,12,Alaris,Alaris,"[""Alaris"", ""Alcatras"", ""Vega"", ""Hawk"", ""Mytikas""]","[0.827893853187561, 0.6593044996261597, 0.47571560740470886, 0.4661034345626831, 0.2925814390182495]"
4,centroid,1,13,Alaris,Alaris,"[""Alaris"", ""Alcatras"", ""Hawk"", ""Vega"", ""Turbine""]","[0.873380184173584, 0.7058362364768982, 0.6002297401428223, 0.3326352834701538, 0.3002173900604248]"
4,centroid,1,14,Alaris,Alcatras,"[""Alcatras"", ""Alaris"", ""Castor"", ""Braga"", ""Trius""]","[0.8931463956832886, 0.8586890697479248, 0.5386805534362793, 0.5323315858840942, 0.5195240378379822]"
4,centroid,1,15,Alaris,Alaris,"[""Alaris"", ""Trius"", ""Vega"", ""Alcatras"", ""Braga""]","[0.8241206407546997, 0.5497444272041321, 0.5322476029396057, 0.4284302592277527, 0.40766632556915283]"
4,centroid,1,16,Alaris,Alaris,"[""Alaris"", ""Alcatras"", ""Hawk"", ""Mytikas"", ""Castor""]","[0.7071282863616943, 0.6086325645446777, 0.5430680513381958, 0.5189576745033264, 0.34201279282569885]"
4,centroid,1,17,Alaris,Alaris,"[""Alaris"", ""Alcatras"", ""Hawk"", ""Trius"", ""Mytikas""]","[0.9291738271713257, 0.7160412669181824, 0.38378193974494934, 0.3619598150253296, 0.3515348434448242]"
4,centroid,1,18,Alaris,Alaris,"[""Alaris"", ""Alcatras"", ""Trius"", ""Hawk"", ""Braga""]","[0.8933624029159546, 0.7244433760643005, 0.5448269844055176, 0.4733912944793701, 0.3848177194595337]"
4,centroid,1,19,Alaris,Alcatras,"[""Alcatras"", ""Alaris"", ""Castor"", ""Hawk"", ""Braga""]","[0.8974111676216125, 0.8257545232772827, 0.5374786853790283, 0.5130712389945984, 0.4391389489173889]"
4,centroid,1,20,Alaris,Alaris,"[""Alaris"", ""Alcatras"", ""Trius"", ""Mytikas"", ""Triton""]","[0.7593444585800171, 0.7062785625457764, 0.7008102536201477, 0.5566619038581848, 0.5310148596763611]"
4,centroid,1,21,Alaris,Alaris,"[""Alaris"", ""Alcatras"", ""Hawk"", ""Trius"", ""Mytikas""]","[0.9234300255775452, 0.7789003252983093, 0.4574804902076721, 0.40612804889678955, 0.3549186885356903]"
4,centroid,1,22,Alaris,Alcatras,"[""Alcatras"", ""Alaris"", ""Trius"", ""Castor"", ""Mytikas""]","[0.7978918552398682, 0.7551274299621582, 0.6448081731796265, 0.5342979431152344, 0.4837317168712616]"
4,centroid,1,23,Alaris,Trius,"[""Trius"", ""Alaris"", ""Alcatras"", ""Braga"", ""Turbine""]","[0.7417434453964233, 0.6734321117401123, 0.6078181266784668, 0.4499489367008209, 0.4443943500518799]"
4,centroid,1,24,Alaris,Alaris,"[""Alaris"", ""Alcatras"", ""Turbine"", ""Hawk"", ""Vega""]","[0.8980651497840881, 0.7985429167747498, 0.5097260475158691, 0.45755892992019653, 0.44077131152153015]"
4,centroid,1,25,Alaris,Alaris,"[""Alaris"", ""Alcatras"", ""Hawk"", ""Mytikas"", ""Trius""]","[0.8734772205352783, 0.6665381789207458, 0.6009873151779175, 0.46662622690200806, 0.391714870929718]"
4,centroid,1,26,Alaris,Alaris,"[""Alaris"", ""Vega"", ""Alcatras"", ""Trius"", ""Hawk""]","[0.8562868237495422, 0.5505161285400391, 0.5413526296615601, 0.5205243825912476, 0.3577870726585388]"
4,centroid,1,27,Alcatras,Mytikas,"[""Mytikas"", ""Triton"", ""Trius"", ""Alcatras"", ""Castor""]","[0.7004388570785522, 0.6478570103645325, 0.5681502819061279, 0.5181137323379517, 0.4962577819824219]"
4,centroid,1,28,Alcatras,Alcatras,"[""Alcatras"", ""Alaris"", ""Castor"", ""Trius"", ""Triton""]","[0.9066158533096313, 0.6633495092391968, 0.5613653659820557, 0.49921345710754395, 0.40853655338287354]"
4,centroid,1,29,Alcatras,Alcatras,"[""Alcatras"", ""Alaris"", ""Castor"", ""Mytikas"", ""Hawk""]","[0.8303629755973816, 0.6696693897247314, 0.5527400374412537, 0.38494300842285156, 0.3455321192741394]"
4,centroid,1,30,Alcatras,Alcatras,"[""Alcatras"", ""Castor"", ""Mytikas"", ""Triton"", ""Trius""]","[0.7361727356910706, 0.6738826036453247, 0.6638492941856384, 0.5209760665893555, 0.4818341135978699]"
4,centroid,1,31,Alcatras,Alcatras,"[""Alcatras"", ""Alaris"", ""Mytikas"", ""Castor"", ""Braga""]","[0.8703916668891907, 0.8083564639091492, 0.5349804162979126, 0.5260491371154785, 0.5237096548080444]"
4,centroid,1,32,Alcatras,Alcatras,"[""Alcatras"", ""Alaris"", ""Castor"", ""Mytikas"", ""Braga""]","[0.9031586647033691, 0.7214239835739136, 0.5825995206832886, 0.4219394326210022, 0.41034215688705444]"
4,centroid,1,33,Alcatras,Mytikas,"[""Mytikas"", ""Alcatras"", ""Castor"", ""Braga"", ""Triton""]","[0.765142560005188, 0.7334918975830078, 0.7253225445747375, 0.5359164476394653, 0.5129901170730591]"
4,centroid,1,34,Alcatras,Alcatras,"[""Alcatras"", ""Alaris"", ""Castor"", ""Mytikas"", ""Trius""]","[0.903844952583313, 0.743260383605957, 0.534932017326355, 0.33209091424942017, 0.3035932183265686]"
4,centroid,1,35,Alcatras,Alcatras,"[""Alcatras"", ""Alaris"", ""Castor"", ""Mytikas"", ""Hawk""]","[0.8385337591171265, 0.6101592779159546, 0.6026588678359985, 0.49057328701019287, 0.30489468574523926]"
4,centroid,1,36,Alcatras,Alcatras,"[""Alcatras"", ""Alaris"", ""Castor"", ""Turbine"", ""Braga""]","[0.7514187097549438, 0.6563117504119873, 0.45763465762138367, 0.4365812838077545, 0.402357280254364]"
4,centroid,1,37,Alcatras,Alcatras,"[""Alcatras"", ""Alaris"", ""Mytikas"", ""Castor"", ""Trius""]","[0.821576714515686, 0.7066267728805542, 0.4933217763900757, 0.38621383905410767, 0.3340708017349243]"
4,centroid,1,38,Alcatras,Alcatras,"[""Alcatras"", ""Mytikas"", ""Triton"", ""Trius"", ""Castor""]","[0.6186507344245911, 0.5408673286437988, 0.5166143178939819, 0.49326321482658386, 0.4762253165245056]"
4,centroid,1,39,Alcatras,Alcatras,"[""Alcatras"", ""Castor"", ""Triton"", ""Trius"", ""Mytikas""]","[0.8621718883514404, 0.6502737998962402, 0.6096958518028259, 0.5806486010551453, 0.5600760579109192]"
4,centroid,1,40,Alcatras,Alcatras,"[""Alcatras"", ""Castor"", ""Alaris"", ""Mytikas"", ""Trius""]","[0.901663064956665, 0.6777814626693726, 0.66806960105896, 0.5470960736274719, 0.540323793888092]"
4,centroid,1,41,Alcatras,Alcatras,"[""Alcatras"", ""Alaris"", ""Castor"", ""Hawk"", ""Braga""]","[0.8843564391136169, 0.75840163230896, 0.584174394607544, 0.5019724369049072, 0.4383814334869385]"
4,centroid,1,42,Alcatras,Alcatras,"[""Alcatras"", ""Alaris"", ""Castor"", ""Mytikas"", ""Trius""]","[0.871779203414917, 0.6280508637428284, 0.561293363571167, 0.4883209466934204, 0.2251419723033905]"
4,centroid,1,43,Alcatras,Alcatras,"[""Alcatras"", ""Castor"", ""Alaris"", ""Triton"", ""Trius""]","[0.8462792634963989, 0.7177196741104126, 0.4966558814048767, 0.486844003200531, 0.4129267930984497]"
4,centroid,1,44,Alcatras,Alcatras,"[""Alcatras"", ""Alaris"", ""Castor"", ""Mytikas"", ""Braga""]","[0.9219411611557007, 0.7511520385742188, 0.6511138677597046, 0.5414502024650574, 0.32005566358566284]"
4,centroid,1,45,Alcatras,Alaris,"[""Alaris"", ""Alcatras"", ""Castor"", ""Hawk"", ""Braga""]","[0.7781265377998352, 0.7426940202713013, 0.567700982093811, 0.5500619411468506, 0.49095943570137024]"
4,centroid,1,46,Alcatras,Alcatras,"[""Alcatras"", ""Castor"", ""Mytikas"", ""Alaris"", ""Turbine""]","[0.8196234703063965, 0.6508884429931641, 0.6315535306930542, 0.5389814972877502, 0.40922585129737854]"
4,centroid,1,47,Alcatras,Alcatras,"[""Alcatras"", ""Alaris"", ""Castor"", ""Mytikas"", ""Turbine""]","[0.9054285287857056, 0.692781925201416, 0.5778425335884094, 0.5484294891357422, 0.4435778260231018]"
4,centroid,1,48,Alcatras,Alcatras,"[""Alcatras"", ""Alaris"", ""Castor"", ""Hawk"", ""Turbine""]","[0.8532001376152039, 0.7762897610664368, 0.5128039121627808, 0.4162735641002655, 0.34792688488960266]"
4,centroid,1,49,Alcatras,Alcatras,"[""Alcatras"", ""Castor"", ""Alaris"", ""Turbine"", ""Trius""]","[0.717523455619812, 0.673734188079834, 0.4905807077884674, 0.48187166452407837, 0.3853049874305725]"
4,centroid,1,50,Alcatras,Castor,"[""Castor"", ""Alcatras"", ""Turbine"", ""Alaris"", ""Mytikas""]","[0.7932472229003906, 0.7836574912071228, 0.5992434024810791, 0.5191032290458679, 0.5153307914733887]"
4,centroid,1,51,Alcatras,Alcatras,"[""Alcatras"", ""Alaris"", ""Castor"", ""Braga"", ""Trius""]","[0.9228869676589966, 0.7496756315231323, 0.6338143944740295, 0.49156829714775085, 0.45295074582099915]"
4,centroid,1,52,Alcatras,Alcatras,"[""Alcatras"", ""Alaris"", ""Castor"", ""Mytikas"", ""Braga""]","[0.9331507682800293, 0.680920422077179, 0.5367529392242432, 0.43573957681655884, 0.3269475996494293]"
4,centroid,1,53,Braga,Braga,"[""Braga"", ""Hawk"", ""Gemini"", ""Turbine"", ""Triton""]","[0.7714903354644775, 0.4127615690231323, 0.39687490463256836, 0.36201557517051697, 0.3165738582611084]"
4,centroid,1,54,Braga,Triton,"[""Triton"", ""Braga"", ""Trius"", ""Mytikas"", ""Castor""]","[0.795698881149292, 0.688465416431427, 0.6240583658218384, 0.4484040439128876, 0.4008118510246277]"
4,centroid,1,55,Braga,Braga,"[""Braga"", ""Trius"", ""Triton"", ""Castor"", ""Alcatras""]","[0.8938717246055603, 0.5157760381698608, 0.5125008821487427, 0.5108038783073425, 0.510278582572937]"
4,centroid,1,56,Braga,Braga,"[""Braga"", ""Alcatras"", ""Alaris"", ""Castor"", ""Hawk""]","[0.7940245866775513, 0.5742743015289307, 0.4961404800415039, 0.4000629782676697, 0.3810737133026123]"
4,centroid,1,57,Braga,Braga,"[""Braga"", ""Gemini"", ""Vega"", ""Trius"", ""Triton""]","[0.8158275485038757, 0.5105569958686829, 0.35798409581184387, 0.31203731894493103, 0.2664834260940552]"
4,centroid,1,58,Braga,Braga,"[""Braga"", ""Trius"", ""Triton"", ""Mytikas"", ""Alcatras""]","[0.7640512585639954, 0.6120160818099976, 0.597446084022522, 0.5386359095573425, 0.43743860721588135]"
4,centroid,1,59,Braga,Alaris,"[""Alaris"", ""Braga"", ""Alcatras"", ""Trius"", ""Mytikas""]","[0.7741928100585938, 0.7256865501403809, 0.6965283751487732, 0.6931699514389038, 0.48557522892951965]"
4,centroid,1,60,Braga,Braga,"[""Braga"", ""Triton"", ""Mytikas"", ""Turbine"", ""Castor""]","[0.6599793434143066, 0.48142319917678833, 0.4011099338531494, 0.38178202509880066, 0.32254189252853394]"
4,centroid,1,61,Braga,Braga,"[""Braga"", ""Turbine"", ""Triton"", ""Vega"", ""Alcatras""]","[0.7840316295623779, 0.6097903251647949, 0.5271175503730774, 0.48657548427581787, 0.47659018635749817]"
4,centroid,1,62,Braga,Braga,"[""Braga"", ""Alcatras"", ""Castor"", ""Triton"", ""Mytikas""]","[0.8032665252685547, 0.6302365660667419, 0.5097966194152832, 0.5070552229881287, 0.4544031322002411]"
4,centroid,1,63,Braga,Braga,"[""Braga"", ""Hawk"", ""Gemini"", ""Vega"", ""Alaris""]","[0.6788750886917114, 0.3525027930736542, 0.3138936460018158, 0.30799978971481323, 0.26311495900154114]"
4,centroid,1,64,Braga,Braga,"[""Braga"", ""Gemini"", ""Vega"", ""Triton"", ""Mytikas""]","[0.670084536075592, 0.541375994682312, 0.4180415868759155, 0.35646888613700867, 0.27678146958351135]"
4,centroid,1,65,Braga,Braga,"[""Braga"", ""Alcatras"", ""Alaris"", ""Trius"", ""Castor""]","[0.843845009803772, 0.7492643594741821, 0.5826650857925415, 0.4809061884880066, 0.45123720169067383]"
4,centroid,1,66,Braga,Braga,"[""Braga"", ""Trius"", ""Alaris"", ""Alcatras"", ""Mytikas""]","[0.7310714721679688, 0.6723672151565552, 0.6406941413879395, 0.6172409057617188, 0.5861622095108032]"
4,centroid,1,67,Braga,Braga,"[""Braga"", ""Vega"", ""Mytikas"", ""Triton"", ""Gemini""]","[0.7740375995635986, 0.455177903175354, 0.45351147651672363, 0.4183439016342163, 0.41502851247787476]"
4,centroid,1,68,Braga,Braga,"[""Braga"", ""Alcatras"", ""Castor"", ""Triton"", ""Mytikas""]","[0.746234118938446, 0.5240234136581421, 0.5234045386314392, 0.5131829977035522, 0.49199071526527405]"
4,centroid,1,69,Braga,Braga,"[""Braga"", ""Castor"", ""Alcatras"", ""Triton"", ""Turbine""]","[0.7558098435401917, 0.6664743423461914, 0.5809643268585205, 0.5266680717468262, 0.48780834674835205]"
4,centroid,1,70,Braga,Alcatras,"[""Alcatras"", ""Braga"", ""Castor"", ""Triton"", ""Mytikas""]","[0.7313921451568604, 0.7249701023101807, 0.6972202062606812, 0.6269092559814453, 0.569482684135437]"
4,centroid,1,71,Braga,Braga,"[""Braga"", ""Alcatras"", ""Alaris"", ""Trius"", ""Castor""]","[0.7297687530517578, 0.7174999117851257, 0.5707657337188721, 0.4744793176651001, 0.4421481490135193]"
4,centroid,1,72,Braga,Braga,"[""Braga"", ""Gemini"", ""Turbine"", ""Vega"", ""Hawk""]","[0.7426566481590271, 0.5513017773628235, 0.45594078302383423, 0.42566758394241333, 0.2751721143722534]"
4,centroid,1,73,Braga,Braga,"[""Braga"", ""Triton"", ""Castor"", ""Trius"", ""Alcatras""]","[0.8307862281799316, 0.6001117825508118, 0.45923423767089844, 0.45615872740745544, 0.45607101917266846]"
4,centroid,1,74,Braga,Braga,"[""Braga"", ""Gemini"", ""Turbine"", ""Triton"", ""Vega""]","[0.885309100151062, 0.37791258096694946, 0.36094406247138977, 0.33412814140319824, 0.33034324645996094]"
4,centroid,1,75,Braga,Braga,"[""Braga"", ""Gemini"", ""Vega"", ""Trius"", ""Triton""]","[0.840569019317627, 0.5446762442588806, 0.3822166323661804, 0.3669232130050659, 0.3564128279685974]"
4,centroid,1,76,Braga,Vega,"[""Vega"", ""Braga"", ""Gemini"", ""Hawk"", ""Alaris""]","[0.7228074073791504, 0.6574363708496094, 0.5392798185348511, 0.4807784855365753, 0.44506850838661194]"
4,centroid,1,77,Braga,Triton,"[""Triton"", ""Braga"", ""Castor"", ""Trius"", ""Alcatras""]","[0.6858857274055481, 0.6723998188972473, 0.6519936323165894, 0.5284843444824219, 0.46498972177505493]"
4,centroid,1,78,Braga,Braga,"[""Braga"", ""Triton"", ""Mytikas"", ""Castor"", ""Trius""]","[0.8438720107078552, 0.6909258961677551, 0.5874561071395874, 0.5459203720092773, 0.44273877143859863]"
4,centroid,1,79,Braga,Braga,"[""Braga"", ""Alcatras"", ""Trius"", ""Castor"", ""Triton""]","[0.7410237193107605, 0.720961332321167, 0.6892679929733276, 0.6658391952514648, 0.6323980689048767]"
4,centroid,1,80,Braga,Braga,"[""Braga"", ""Hawk"", ""Gemini"", ""Vega"", ""Turbine""]","[0.7437405586242676, 0.6985697150230408, 0.4712510406970978, 0.35814839601516724, 0.31080490350723267]"
4,centroid,1,81,Braga,Braga,"[""Braga"", ""Triton"", ""Trius"", ""Alcatras"", ""Alaris""]","[0.7774735689163208, 0.651340126991272, 0.6092565059661865, 0.5412983894348145, 0.5024824738502502]"
4,centroid,1,82,Braga,Braga,"[""Braga"", ""Triton"", ""Trius"", ""Mytikas"", ""Alaris""]","[0.7298811078071594, 0.671294093132019, 0.608991265296936, 0.4557965099811554, 0.36273378133773804]"
4,centroid,1,83,Braga,Braga,"[""Braga"", ""Vega"", ""Alaris"", ""Alcatras"", ""Hawk""]","[0.8418710827827454, 0.5641603469848633, 0.5504735112190247, 0.4862717390060425, 0.4509629011154175]"
4,centroid,1,84,Braga,Braga,"[""Braga"", ""Vega"", ""Gemini"", ""Trius"", ""Triton""]","[0.8218991756439209, 0.60265052318573, 0.49402087926864624, 0.43728071451187134, 0.341647744178772]"
4,centroid,1,85,Braga,Braga,"[""Braga"", ""Alcatras"", ""Alaris"", ""Castor"", ""Trius""]","[0.7633000612258911, 0.6547553539276123, 0.5665531158447266, 0.5149742960929871, 0.40415191650390625]"
4,centroid,1,86,Braga,Braga,"[""Braga"", ""Mytikas"", ""Triton"", ""Alcatras"", ""Castor""]","[0.761243999004364, 0.6333456039428711, 0.6126017570495605, 0.5736356377601624, 0.5006113052368164]"
4,centroid,1,87,Braga,Braga,"[""Braga"", ""Castor"", ""Alcatras"", ""Triton"", ""Turbine""]","[0.8333569765090942, 0.7344627976417542, 0.7017698884010315, 0.5821912288665771, 0.5727794170379639]"
4,centroid,1,88,Braga,Triton,"[""Triton"", ""Braga"", ""Castor"", ""Trius"", ""Alcatras""]","[0.8298892974853516, 0.6867287158966064, 0.6499062776565552, 0.6316236257553101, 0.5805841684341431]"
4,centroid,1,89,Braga,Braga,"[""Braga"", ""Alcatras"", ""Alaris"", ""Trius"", ""Castor""]","[0.7815806269645691, 0.555587112903595, 0.41934025287628174, 0.32389694452285767, 0.30824077129364014]"
4,centroid,1,90,Castor,Castor,"[""Castor"", ""Alcatras"", ""Mytikas"", ""Triton"", ""Turbine""]","[0.9215753078460693, 0.6563875675201416, 0.4890405237674713, 0.46710309386253357, 0.41458770632743835]"
4,centroid,1,91,Castor,Castor,"[""Castor"", ""Alcatras"", ""Mytikas"", ""Triton"", ""Alaris""]","[0.8938113451004028, 0.7214987874031067, 0.5986611843109131, 0.435673326253891, 0.40154969692230225]"
4,centroid,1,92,Castor,Castor,"[""Castor"", ""Alcatras"", ""Braga"", ""Triton"", ""Turbine""]","[0.8948594331741333, 0.4751233160495758, 0.4431724548339844, 0.43792903423309326, 0.4160346984863281]"
4,centroid,1,93,Castor,Castor,"[""Castor"", ""Triton"", ""Mytikas"", ""Alcatras"", ""Braga""]","[0.8414178490638733, 0.7408835291862488, 0.6740676164627075, 0.3845115303993225, 0.3694310188293457]"
4,centroid,1,94,Castor,Castor,"[""Castor"", ""Triton"", ""Mytikas"", ""Alcatras"", ""Trius""]","[0.892383337020874, 0.700761079788208, 0.6325726509094238, 0.43365439772605896, 0.3070417642593384]"
4,centroid,1,95,Castor,Castor,"[""Castor"", ""Alcatras"", ""Mytikas"", ""Alaris"", ""Triton""]","[0.7659830451011658, 0.6999219655990601, 0.6234201788902283, 0.5255677700042725, 0.3772267699241638]"
4,centroid,1,96,Castor,Castor,"[""Castor"", ""Triton"", ""Alcatras"", ""Mytikas"", ""Trius""]","[0.8821102380752563, 0.531248927116394, 0.5080268383026123, 0.3719334602355957, 0.34289616346359253]"
4,centroid,1,97,Castor,Castor,"[""Castor"", ""Turbine"", ""Alcatras"", ""Braga"", ""Mytikas""]","[0.8434513807296753, 0.756507933139801, 0.5306476354598999, 0.4329858720302582, 0.36845964193344116]"
4,centroid,1,98,Castor,Castor,"[""Castor"", ""Triton"", ""Alcatras"", ""Mytikas"", ""Turbine""]","[0.8443536162376404, 0.5748873949050903, 0.4968873858451843, 0.4127321243286133, 0.39363110065460205]"
4,centroid,1,99,Castor,Castor,"[""Castor"", ""Alcatras"", ""Triton"", ""Mytikas"", ""Trius""]","[0.922863245010376, 0.6458462476730347, 0.6400132179260254, 0.5399845242500305, 0.4719470739364624]"
4,centroid,1,100,Castor,Castor,"[""Castor"", ""Triton"", ""Mytikas"", ""Turbine"", ""Braga""]","[0.847894549369812, 0.5601917505264282, 0.5386018753051758, 0.49845629930496216, 0.4963068962097168]"
4,centroid,1,101,Castor,Castor,"[""Castor"", ""Triton"", ""Braga"", ""Alcatras"", ""Turbine""]","[0.6999026536941528, 0.556430459022522, 0.49275797605514526, 0.42156219482421875, 0.4046035408973694]"
4,centroid,1,102,Castor,Castor,"[""Castor"", ""Alcatras"", ""Triton"", ""Turbine"", ""Mytikas""]","[0.9022142887115479, 0.5059350728988647, 0.49218639731407166, 0.30798572301864624, 0.29433107376098633]"
4,centroid,1,103,Castor,Castor,"[""Castor"", ""Alcatras"", ""Turbine"", ""Mytikas"", ""Triton""]","[0.8976924419403076, 0.575663685798645, 0.49889856576919556, 0.3121277689933777, 0.2800843119621277]"
4,centroid,1,104,Castor,Castor,"[""Castor"", ""Triton"", ""Mytikas"", ""Alcatras"", ""Braga""]","[0.9256648421287537, 0.6213619112968445, 0.5671996474266052, 0.5591686964035034, 0.47242483496665955]"
4,centroid,1,105,Castor,Castor,"[""Castor"", ""Alcatras"", ""Turbine"", ""Mytikas"", ""Braga""]","[0.8916059732437134, 0.5868691205978394, 0.5434527397155762, 0.3903754651546478, 0.2979186773300171]"
4,centroid,1,106,Castor,Castor,"[""Castor"", ""Triton"", ""Mytikas"", ""Alcatras"", ""Braga""]","[0.8804978728294373, 0.7064792513847351, 0.6401721835136414, 0.6129342317581177, 0.5629796981811523]"
4,centroid,1,107,Castor,Castor,"[""Castor"", ""Triton"", ""Alcatras"", ""Mytikas"", ""Trius""]","[0.863217830657959, 0.5004444122314453, 0.5000588297843933, 0.43420153856277466, 0.24492833018302917]"
4,centroid,1,108,Castor,Steel_Wheel,"[""Steel_Wheel"", ""Hawk"", ""Alaris"", ""Alcatras"", ""Braga""]","[0.6499812006950378, 0.18578216433525085, 0.18092921376228333, 0.14882075786590576, 0.10772556066513062]"
4,centroid,1,109,Castor,Castor,"[""Castor"", ""Turbine"", ""Alcatras"", ""Braga"", ""Mytikas""]","[0.8830392956733704, 0.5295553207397461, 0.5142104625701904, 0.4092904329299927, 0.3969366252422333]"
4,centroid,1,110,Castor,Castor,"[""Castor"", ""Triton"", ""Alcatras"", ""Trius"", ""Mytikas""]","[0.847342848777771, 0.5542510747909546, 0.5152498483657837, 0.38170501589775085, 0.3229007422924042]"
4,centroid,1,111,Castor,Castor,"[""Castor"", ""Alcatras"", ""Turbine"", ""Alaris"", ""Mytikas""]","[0.7598942518234253, 0.6074970960617065, 0.4788992404937744, 0.4618077874183655, 0.3139588236808777]"
4,centroid,1,112,Castor,Castor,"[""Castor"", ""Alcatras"", ""Mytikas"", ""Alaris"", ""Braga""]","[0.8189014792442322, 0.6253212690353394, 0.5653188824653625, 0.4336908459663391, 0.42324545979499817]"
4,centroid,1,113,Castor,Castor,"[""Castor"", ""Alcatras"", ""Triton"", ""Mytikas"", ""Turbine""]","[0.9017858505249023, 0.5980269908905029, 0.5260607600212097, 0.5037396550178528, 0.49425575137138367]"
4,centroid,1,114,Castor,Triton,"[""Triton"", ""Castor"", ""Mytikas"", ""Trius"", ""Alcatras""]","[0.7332009673118591, 0.7235826253890991, 0.6920371651649475, 0.6545519828796387, 0.6090137362480164]"
4,centroid,1,115,Castor,Castor,"[""Castor"", ""Turbine"", ""Mytikas"", ""Alcatras"", ""Triton""]","[0.9457268714904785, 0.5509294271469116, 0.505844235420227, 0.49892744421958923, 0.48515158891677856]"
4,centroid,1,116,Castor,Castor,"[""Castor"", ""Alcatras"", ""Mytikas"", ""Turbine"", ""Triton""]","[0.9244686961174011, 0.6592321395874023, 0.4328758120536804, 0.42179977893829346, 0.39081811904907227]"
4,centroid,1,117,Castor,Castor,"[""Castor"", ""Alcatras"", ""Braga"", ""Turbine"", ""Triton""]","[0.8361147046089172, 0.5901134014129639, 0.5413834452629089, 0.4789830446243286, 0.3473398685455322]"
4,centroid,1,118,Castor,Castor,"[""Castor"", ""Triton"", ""Mytikas"", ""Alcatras"", ""Trius""]","[0.7396025061607361, 0.6982547044754028, 0.6152113676071167, 0.5376918315887451, 0.5153531432151794]"
4,centroid,1,119,Castor,Castor,"[""Castor"", ""Alcatras"", ""Alaris"", ""Triton"", ""Turbine""]","[0.8439429998397827, 0.731128454208374, 0.44331303238868713, 0.39986658096313477, 0.3837812542915344]"
4,centroid,1,120,Castor,Castor,"[""Castor"", ""Triton"", ""Mytikas"", ""Alcatras"", ""Trius""]","[0.8522980213165283, 0.7659739255905151, 0.5716689825057983, 0.42316627502441406, 0.3324650526046753]"
4,centroid,1,121,Denom,Denom,"[""Denom"", ""Nivalis"", ""Ratikon"", ""Velorum"", ""Ilias""]","[0.7878057956695557, 0.719573974609375, 0.559138298034668, 0.39417827129364014, 0.3370135426521301]"
4,centroid,1,122,Denom,Denom,"[""Denom"", ""Ilias"", ""Nivalis"", ""Ratikon"", ""Velorum""]","[0.8404121994972229, 0.73646479845047, 0.6569971442222595, 0.6386225819587708, 0.28209903836250305]"
4,centroid,1,123,Denom,Denom,"[""Denom"", ""Ratikon"", ""Nivalis"", ""Ilias"", ""Trius""]","[0.9393102526664734, 0.7690489292144775, 0.7398728728294373, 0.5001974105834961, 0.06149246171116829]"
4,centroid,1,124,Denom,Denom,"[""Denom"", ""Nivalis"", ""Ratikon"", ""Velorum"", ""Ilias""]","[0.8608031272888184, 0.7778947353363037, 0.6854151487350464, 0.4740676283836365, 0.36096566915512085]"
4,centroid,1,125,Denom,Nivalis,"[""Nivalis"", ""Denom"", ""Ilias"", ""Ratikon"", ""Velorum""]","[0.7864146828651428, 0.7822679281234741, 0.6680073738098145, 0.6314418911933899, 0.541795015335083]"
4,centroid,1,126,Denom,Denom,"[""Denom"", ""Velorum"", ""Ilias"", ""Ratikon"", ""Nivalis""]","[0.7101459503173828, 0.583730936050415, 0.5514310598373413, 0.5248086452484131, 0.5061925649642944]"
4,centroid,1,127,Denom,Denom,"[""Denom"", ""Ratikon"", ""Nivalis"", ""Ilias"", ""Velorum""]","[0.9059737324714661, 0.7370719909667969, 0.6857799887657166, 0.5860341787338257, 0.08643072843551636]"
4,centroid,1,128,Denom,Denom,"[""Denom"", ""Ratikon"", ""Nivalis"", ""Ilias"", ""Velorum""]","[0.8678584098815918, 0.7945743799209595, 0.7417234778404236, 0.6129394769668579, 0.43715086579322815]"
4,centroid,1,129,Denom,Denom,"[""Denom"", ""Nivalis"", ""Velorum"", ""Ilias"", ""Ratikon""]","[0.8530518412590027, 0.7593865394592285, 0.6736152172088623, 0.6578678488731384, 0.6152994632720947]"
4,centroid,1,130,Denom,Denom,"[""Denom"", ""Ratikon"", ""Nivalis"", ""Ilias"", ""Velorum""]","[0.9336533546447754, 0.7578897476196289, 0.7249853610992432, 0.6210416555404663, 0.47037482261657715]"
4,centroid,1,131,Denom,Denom,"[""Denom"", ""Nivalis"", ""Ratikon"", ""Ilias"", ""Velorum""]","[0.9088503122329712, 0.6946483850479126, 0.6607780456542969, 0.4811403453350067, 0.34819185733795166]"
4,centroid,1,132,Denom,Denom,"[""Denom"", ""Ratikon"", ""Nivalis"", ""Ilias"", ""Velorum""]","[0.9432157278060913, 0.7308709621429443, 0.7272078990936279, 0.6404038667678833, 0.22809389233589172]"
4,centroid,1,133,Denom,Denom,"[""Denom"", ""Nivalis"", ""Ratikon"", ""Ilias"", ""Velorum""]","[0.8628278970718384, 0.7546312808990479, 0.7358183860778809, 0.6107900738716125, 0.3840813636779785]"
4,centroid,1,134,Denom,Denom,"[""Denom"", ""Nivalis"", ""Ratikon"", ""Ilias"", ""Velorum""]","[0.8500617742538452, 0.8180802464485168, 0.7607207894325256, 0.6871892213821411, 0.6458567380905151]"
4,centroid,1,135,Denom,Denom,"[""Denom"", ""Ratikon"", ""Nivalis"", ""Ilias"", ""Steel_Wheel""]","[0.8273440599441528, 0.6163125038146973, 0.4746001362800598, 0.39446043968200684, 0.13803766667842865]"
4,centroid,1,136,Denom,Denom,"[""Denom"", ""Ratikon"", ""Nivalis"", ""Ilias"", ""Trius""]","[0.8156671524047852, 0.5968261957168579, 0.579630970954895, 0.33602872490882874, 0.18427813053131104]"
4,centroid,1,137,Denom,Denom,"[""Denom"", ""Nivalis"", ""Ratikon"", ""Ilias"", ""Velorum""]","[0.8940079212188721, 0.6076216697692871, 0.5874948501586914, 0.4745548665523529, 0.3157278001308441]"
4,centroid,1,138,Denom,Denom,"[""Denom"", ""Nivalis"", ""Ilias"", ""Ratikon"", ""Velorum""]","[0.8021007776260376, 0.7448742389678955, 0.6971455812454224, 0.653404951095581, 0.6038793325424194]"
4,centroid,1,139,Denom,Denom,"[""Denom"", ""Ratikon"", ""Nivalis"", ""Ilias"", ""Velorum""]","[0.9343063831329346, 0.6481955051422119, 0.6463245153427124, 0.4833536148071289, 0.18486814200878143]"
4,centroid,1,140,Denom,Denom,"[""Denom"", ""Ratikon"", ""Nivalis"", ""Ilias"", ""Alaris""]","[0.8267292976379395, 0.7170135974884033, 0.6107062101364136, 0.42322131991386414, 0.055972062051296234]"
4,centroid,1,141,Denom,Denom,"[""Denom"", ""Nivalis"", ""Ratikon"", ""Ilias"", ""Velorum""]","[0.8855916261672974, 0.7375545501708984, 0.6497671604156494, 0.5476733446121216, 0.4489526152610779]"
4,centroid,1,142,Denom,Denom,"[""Denom"", ""Velorum"", ""Nivalis"", ""Ilias"", ""Ratikon""]","[0.7745115756988525, 0.7502163648605347, 0.6992357969284058, 0.6569331884384155, 0.5853500366210938]"
4,centroid,1,143,Denom,Denom,"[""Denom"", ""Nivalis"", ""Ilias"", ""Ratikon"", ""Velorum""]","[0.9164111614227295, 0.8020644187927246, 0.698310911655426, 0.6890408992767334, 0.44511282444000244]"
4,centroid,1,144,Denom,Denom,"[""Denom"", ""Ratikon"", ""Nivalis"", ""Ilias"", ""Velorum""]","[0.8992322683334351, 0.6692213416099548, 0.6490334868431091, 0.5630170106887817, 0.2259034961462021]"
4,centroid,1,145,Denom,Denom,"[""Denom"", ""Ratikon"", ""Nivalis"", ""Ilias"", ""Velorum""]","[0.8790665864944458, 0.7964808940887451, 0.7066065669059753, 0.6308571696281433, 0.2173958569765091]"
4,centroid,1,146,Denom,Denom,"[""Denom"", ""Nivalis"", ""Ratikon"", ""Vega"", ""Ilias""]","[0.6834961175918579, 0.6749676465988159, 0.5581969618797302, 0.3306414484977722, 0.17138151824474335]"
4,centroid,1,147,Denom,Denom,"[""Denom"", ""Ratikon"", ""Nivalis"", ""Ilias"", ""Velorum""]","[0.9245873689651489, 0.7572993040084839, 0.7404404878616333, 0.6192962527275085, 0.3834192156791687]"
4,centroid,1,148,Denom,Denom,"[""Denom"", ""Nivalis"", ""Ratikon"", ""Ilias"", ""Velorum""]","[0.8829729557037354, 0.7958672046661377, 0.7235531210899353, 0.6991201639175415, 0.4505006968975067]"
4,centroid,1,149,Denom,Denom,"[""Denom"", ""Nivalis"", ""Ratikon"", ""Ilias"", ""Velorum""]","[0.9388009309768677, 0.8093323111534119, 0.7748834490776062, 0.4206153452396393, 0.24065090715885162]"
4,centroid,1,150,Denom,Denom,"[""Denom"", ""Ratikon"", ""Nivalis"", ""Ilias"", ""Velorum""]","[0.9338536262512207, 0.7442051768302917, 0.741420567035675, 0.5632527470588684, 0.09534746408462524]"
4,centroid,1,151,Denom,Denom,"[""Denom"", ""Nivalis"", ""Ratikon"", ""Ilias"", ""Velorum""]","[0.90011066198349, 0.796436607837677, 0.6972764730453491, 0.6947962045669556, 0.3997241258621216]"
4,centroid,1,152,Denom,Denom,"[""Denom"", ""Nivalis"", ""Ratikon"", ""Velorum"", ""Ilias""]","[0.8913728594779968, 0.7818971872329712, 0.6800668835639954, 0.4738124907016754, 0.4571652412414551]"
4,centroid,1,153,Denom,Denom,"[""Denom"", ""Ilias"", ""Ratikon"", ""Nivalis"", ""Velorum""]","[0.6262492537498474, 0.5606552362442017, 0.49306434392929077, 0.4462890625, 0.4254019260406494]"
4,centroid,1,154,Denom,Denom,"[""Denom"", ""Ratikon"", ""Ilias"", ""Nivalis"", ""Trius""]","[0.8437588214874268, 0.69129478931427, 0.6218438744544983, 0.5786737203598022, 0.2529735863208771]"
4,centroid,1,155,Denom,Denom,"[""Denom"", ""Ratikon"", ""Nivalis"", ""Ilias"", ""Velorum""]","[0.8947787284851074, 0.7867436408996582, 0.7212439775466919, 0.7179028391838074, 0.38693365454673767]"
4,centroid,1,156,Denom,Denom,"[""Denom"", ""Ratikon"", ""Nivalis"", ""Ilias"", ""Velorum""]","[0.9384072422981262, 0.7764388918876648, 0.7112568616867065, 0.610639214515686, 0.2957379221916199]"
4,centroid,1,157,Denom,Denom,"[""Denom"", ""Ratikon"", ""Nivalis"", ""Ilias"", ""Velorum""]","[0.9504470229148865, 0.8355975151062012, 0.7861678600311279, 0.4903528690338135, 0.1994231790304184]"
4,centroid,1,158,Gemini,Trius,"[""Trius"", ""Gemini"", ""Triton"", ""Braga"", ""Mytikas""]","[0.6711162328720093, 0.5794506669044495, 0.5387827157974243, 0.3943973779678345, 0.39352816343307495]"
4,centroid,1,159,Gemini,Gemini,"[""Gemini"", ""Vega"", ""Trius"", ""Braga"", ""Alaris""]","[0.8637627363204956, 0.42244753241539, 0.3284277319908142, 0.16626982390880585, 0.15310963988304138]"
4,centroid,1,160,Gemini,Gemini,"[""Gemini"", ""Vega"", ""Xtreme"", ""Braga"", ""Hawk""]","[0.845483660697937, 0.4696136713027954, 0.3471980094909668, 0.2900516986846924, 0.19808845221996307]"
4,centroid,1,161,Gemini,Gemini,"[""Gemini"", ""Xtreme"", ""Braga"", ""Trius"", ""Vega""]","[0.9377434253692627, 0.5577806234359741, 0.3085353970527649, 0.28048595786094666, 0.2575189769268036]"
4,centroid,1,162,Gemini,Gemini,"[""Gemini"", ""Xtreme"", ""Braga"", ""Trius"", ""Triton""]","[0.8461836576461792, 0.5463849902153015, 0.2510131001472473, 0.2303006798028946, 0.11207316815853119]"
4,centroid,1,163,Gemini,Gemini,"[""Gemini"", ""Braga"", ""Xtreme"", ""Triton"", ""Trius""]","[0.5883654356002808, 0.48919519782066345, 0.40829524397850037, 0.32772403955459595, 0.26160621643066406]"
4,centroid,1,164,Gemini,Gemini,"[""Gemini"", ""Xtreme"", ""Braga"", ""Trius"", ""Vega""]","[0.883134126663208, 0.627522349357605, 0.2971239686012268, 0.09499067068099976, 0.08894019573926926]"
4,centroid,1,165,Gemini,Gemini,"[""Gemini"", ""Trius"", ""Vega"", ""Braga"", ""Hawk""]","[0.7386294603347778, 0.47541922330856323, 0.428669810295105, 0.3058244585990906, 0.2951076030731201]"
4,centroid,1,166,Gemini,Gemini,"[""Gemini"", ""Xtreme"", ""Vega"", ""Braga"", ""Hawk""]","[0.893090009689331, 0.5500138401985168, 0.1626967042684555, 0.11218129843473434, 0.04589885473251343]"
4,centroid,1,167,Gemini,Gemini,"[""Gemini"", ""Xtreme"", ""Braga"", ""Vega"", ""Hawk""]","[0.9235270023345947, 0.6268301010131836, 0.16443948447704315, 0.12239131331443787, 0.10605660080909729]"
4,centroid,1,168,Gemini,Gemini,"[""Gemini"", ""Xtreme"", ""Vega"", ""Hawk"", ""Braga""]","[0.914023756980896, 0.568846583366394, 0.2011376917362213, 0.16388368606567383, 0.15087488293647766]"
4,centroid,1,169,Gemini,Trius,"[""Trius"", ""Triton"", ""Mytikas"", ""Gemini"", ""Xtreme""]","[0.7005795240402222, 0.5720103979110718, 0.5128793716430664, 0.47605299949645996, 0.25536492466926575]"
4,centroid,1,170,Gemini,Gemini,"[""Gemini"", ""Xtreme"", ""Vega"", ""Trius"", ""Hawk""]","[0.9084247350692749, 0.3573022186756134, 0.300567626953125, 0.24070021510124207, 0.1350453495979309]"
4,centroid,1,171,Gemini,Mytikas,"[""Mytikas"", ""Xtreme"", ""Trius"", ""Velorum"", ""Gemini""]","[0.5163754224777222, 0.40316513180732727, 0.39262884855270386, 0.31569862365722656, 0.3154945373535156]"
4,centroid,1,172,Gemini,Gemini,"[""Gemini"", ""Trius"", ""Xtreme"", ""Braga"", ""Triton""]","[0.7975594997406006, 0.4290892481803894, 0.39169156551361084, 0.3490784764289856, 0.285081684589386]"
4,centroid,1,173,Gemini,Gemini,"[""Gemini"", ""Braga"", ""Trius"", ""Vega"", ""Triton""]","[0.6503227949142456, 0.5929695963859558, 0.48373934626579285, 0.40977007150650024, 0.22916078567504883]"
4,centroid,1,174,Gemini,Trius,"[""Trius"", ""Gemini"", ""Triton"", ""Braga"", ""Mytikas""]","[0.7007789611816406, 0.5483368635177612, 0.513163149356842, 0.4702654182910919, 0.4485170841217041]"
4,centroid,1,175,Gemini,Gemini,"[""Gemini"", ""Xtreme"", ""Triton"", ""Braga"", ""Trius""]","[0.7477370500564575, 0.4502991735935211, 0.44108712673187256, 0.4181872308254242, 0.2823473811149597]"
4,centroid,1,176,Gemini,Gemini,"[""Gemini"", ""Xtreme"", ""Braga"", ""Triton"", ""Trius""]","[0.8800280094146729, 0.6237020492553711, 0.2849084436893463, 0.16812214255332947, 0.15436837077140808]"
4,centroid,1,177,Gemini,Gemini,"[""Gemini"", ""Trius"", ""Braga"", ""Vega"", ""Triton""]","[0.7683497071266174, 0.5544915199279785, 0.536971390247345, 0.46937087178230286, 0.36514467000961304]"
4,centroid,1,178,Gemini,Gemini,"[""Gemini"", ""Xtreme"", ""Vega"", ""Braga"", ""Trius""]","[0.9227765798568726, 0.46871188282966614, 0.4186534881591797, 0.3189423680305481, 0.23632165789604187]"
4,centroid,1,179,Gemini,Gemini,"[""Gemini"", ""Xtreme"", ""Vega"", ""Trius"", ""Hawk""]","[0.921272337436676, 0.5768383741378784, 0.18000875413417816, 0.04974420741200447, 0.02858700044453144]"
4,centroid,1,180,Gemini,Gemini,"[""Gemini"", ""Braga"", ""Xtreme"", ""Vega"", ""Trius""]","[0.7458701133728027, 0.5108619332313538, 0.3092598617076874, 0.2135140746831894, 0.18464955687522888]"
4,centroid,1,181,Gemini,Gemini,"[""Gemini"", ""Xtreme"", ""Vega"", ""Braga"", ""Hawk""]","[0.8980321884155273, 0.49559348821640015, 0.2059553563594818, 0.11448526382446289, 0.08229560405015945]"
4,centroid,1,182,Gemini,Gemini,"[""Gemini"", ""Hawk"", ""Alaris"", ""Vega"", ""Mytikas""]","[0.6406334042549133, 0.369049072265625, 0.36616694927215576, 0.319694459438324, 0.310014933347702]"
4,centroid,1,183,Gemini,Gemini,"[""Gemini"", ""Vega"", ""Braga"", ""Trius"", ""Hawk""]","[0.7937127351760864, 0.5110793113708496, 0.4954153895378113, 0.3405619263648987, 0.23112894594669342]"
4,centroid,1,184,Gemini,Xtreme,"[""Xtreme"", ""Gemini"", ""Braga"", ""Hawk"", ""Ilias""]","[0.7541240453720093, 0.6082017421722412, 0.20381969213485718, 0.10455754399299622, -0.015889201313257217]"
4,centroid,1,185,Hawk,Hawk,"[""Hawk"", ""Alaris"", ""Vega"", ""Alcatras"", ""Velorum""]","[0.8935832381248474, 0.4188881516456604, 0.30715787410736084, 0.281790167093277, 0.252927303314209]"
4,centroid,1,186,Hawk,Hawk,"[""Hawk"", ""Braga"", ""Vega"", ""Alaris"", ""Turbine""]","[0.9344000220298767, 0.48470163345336914, 0.39246585965156555, 0.3749665319919586, 0.35990214347839355]"
4,centroid,1,187,Hawk,Hawk,"[""Hawk"", ""Alaris"", ""Vega"", ""Turbine"", ""Alcatras""]","[0.8372272253036499, 0.5708401203155518, 0.5624012351036072, 0.4767272472381592, 0.38406750559806824]"
4,centroid,1,188,Hawk,Hawk,"[""Hawk"", ""Braga"", ""Gemini"", ""Vega"", ""Turbine""]","[0.816912055015564, 0.3981626331806183, 0.2707609534263611, 0.25720107555389404, 0.22853326797485352]"
4,centroid,1,189,Hawk,Hawk,"[""Hawk"", ""Alaris"", ""Alcatras"", ""Vega"", ""Turbine""]","[0.94023597240448, 0.5221660137176514, 0.42735588550567627, 0.40764886140823364, 0.3423742353916168]"
4,centroid,1,190,Hawk,Hawk,"[""Hawk"", ""Alaris"", ""Vega"", ""Alcatras"", ""Braga""]","[0.9154866337776184, 0.5384175777435303, 0.4770929217338562, 0.45962485671043396, 0.3454853892326355]"
4,centroid,1,191,Hawk,Hawk,"[""Hawk"", ""Vega"", ""Turbine"", ""Mytikas"", ""Alaris""]","[0.7729504108428955, 0.48134350776672363, 0.455445259809494, 0.23407307267189026, 0.22042101621627808]"
4,centroid,1,192,Hawk,Hawk,"[""Hawk"", ""Alcatras"", ""Alaris"", ""Mytikas"", ""Braga""]","[0.7551639676094055, 0.7340449690818787, 0.7083547115325928, 0.4451311230659485, 0.4361015558242798]"
4,centroid,1,193,Hawk,Hawk,"[""Hawk"", ""Alaris"", ""Braga"", ""Turbine"", ""Alcatras""]","[0.9088221788406372, 0.5418912172317505, 0.5315691828727722, 0.4263792037963867, 0.4015207290649414]"
4,centroid,1,194,Hawk,Hawk,"[""Hawk"", ""Alaris"", ""Alcatras"", ""Turbine"", ""Vega""]","[0.8903759717941284, 0.5418189764022827, 0.4067228138446808, 0.34940946102142334, 0.3404901623725891]"
4,centroid,1,195,Hawk,Hawk,"[""Hawk"", ""Vega"", ""Turbine"", ""Alaris"", ""Braga""]","[0.9461852312088013, 0.4627532958984375, 0.35866618156433105, 0.3155059218406677, 0.23545119166374207]"
4,centroid,1,196,Hawk,Hawk,"[""Hawk"", ""Braga"", ""Mytikas"", ""Alaris"", ""Turbine""]","[0.7937320470809937, 0.5389628410339355, 0.45109882950782776, 0.4239581823348999, 0.40451762080192566]"
4,centroid,1,197,Hawk,Hawk,"[""Hawk"", ""Turbine"", ""Braga"", ""Vega"", ""Alaris""]","[0.8469083309173584, 0.5436710119247437, 0.5422118306159973, 0.4189370274543762, 0.3276420831680298]"
4,centroid,1,198,Hawk,Hawk,"[""Hawk"", ""Braga"", ""Vega"", ""Alaris"", ""Turbine""]","[0.9358409643173218, 0.43993037939071655, 0.41683071851730347, 0.3422681987285614, 0.34217172861099243]"
4,centroid,1,199,Hawk,Hawk,"[""Hawk"", ""Braga"", ""Vega"", ""Turbine"", ""Alaris""]","[0.7490280866622925, 0.7078601121902466, 0.4757976233959198, 0.4732426106929779, 0.4406847357749939]"
4,centroid,1,200,Hawk,Hawk,"[""Hawk"", ""Vega"", ""Braga"", ""Alaris"", ""Gemini""]","[0.9339842796325684, 0.45662733912467957, 0.44866257905960083, 0.3862043023109436, 0.259523868560791]"
4,centroid,1,201,Hawk,Hawk,"[""Hawk"", ""Vega"", ""Alaris"", ""Braga"", ""Turbine""]","[0.968744695186615, 0.44810813665390015, 0.4425836205482483, 0.41624170541763306, 0.38568300008773804]"
4,centroid,1,202,Hawk,Hawk,"[""Hawk"", ""Turbine"", ""Alcatras"", ""Alaris"", ""Vega""]","[0.8888810873031616, 0.402116596698761, 0.3988446593284607, 0.3965722918510437, 0.3164454400539398]"
4,centroid,1,203,Hawk,Hawk,"[""Hawk"", ""Vega"", ""Braga"", ""Turbine"", ""Alaris""]","[0.9471895694732666, 0.4291057586669922, 0.4278295338153839, 0.42645055055618286, 0.3620043992996216]"
4,centroid,1,204,Hawk,Hawk,"[""Hawk"", ""Alaris"", ""Vega"", ""Turbine"", ""Alcatras""]","[0.9428947567939758, 0.4101102650165558, 0.39204350113868713, 0.27858516573905945, 0.25857236981391907]"
4,centroid,1,205,Hawk,Hawk,"[""Hawk"", ""Vega"", ""Alaris"", ""Braga"", ""Turbine""]","[0.9216939210891724, 0.41069304943084717, 0.35421493649482727, 0.3445609211921692, 0.3069995045661926]"
4,centroid,1,206,Hawk,Hawk,"[""Hawk"", ""Alcatras"", ""Alaris"", ""Braga"", ""Castor""]","[0.8469557762145996, 0.5562152862548828, 0.455954909324646, 0.31315550208091736, 0.23787811398506165]"
4,centroid,1,207,Hawk,Hawk,"[""Hawk"", ""Turbine"", ""Vega"", ""Braga"", ""Alaris""]","[0.9290761947631836, 0.5045037269592285, 0.40642356872558594, 0.3859905004501343, 0.287400484085083]"
4,centroid,1,208,Hawk,Hawk,"[""Hawk"", ""Turbine"", ""Alaris"", ""Alcatras"", ""Braga""]","[0.8561444878578186, 0.5152241587638855, 0.4814019799232483, 0.4748688340187073, 0.38073253631591797]"
4,centroid,1,209,Hawk,Hawk,"[""Hawk"", ""Alaris"", ""Alcatras"", ""Vega"", ""Turbine""]","[0.9296274781227112, 0.41645291447639465, 0.3917834758758545, 0.3697790205478668, 0.364304780960083]"
4,centroid,1,210,Ilias,Ilias,"[""Ilias"", ""Ratikon"", ""Denom"", ""Nivalis"", ""Velorum""]","[0.8508764505386353, 0.7302951812744141, 0.668500542640686, 0.5349721908569336, 0.2383272349834442]"
4,centroid,1,211,Ilias,Ilias,"[""Ilias"", ""Ratikon"", ""Denom"", ""Nivalis"", ""Velorum""]","[0.8369835615158081, 0.7613734006881714, 0.5754400491714478, 0.5476224422454834, 0.4160071909427643]"
4,centroid,1,212,Ilias,Ilias,"[""Ilias"", ""Ratikon"", ""Denom"", ""Nivalis"", ""Velorum""]","[0.8806796073913574, 0.7423281669616699, 0.7069200277328491, 0.6593304872512817, 0.4823559820652008]"
4,centroid,1,213,Ilias,Ilias,"[""Ilias"", ""Ratikon"", ""Denom"", ""Nivalis"", ""Gemini""]","[0.7837991714477539, 0.6010544896125793, 0.5040932893753052, 0.35730794072151184, 0.30674290657043457]"
4,centroid,1,214,Ilias,Ilias,"[""Ilias"", ""Ratikon"", ""Velorum"", ""Nivalis"", ""Denom""]","[0.9341264963150024, 0.570508599281311, 0.4905875325202942, 0.48905497789382935, 0.45586681365966797]"
4,centroid,1,215,Ilias,Velorum,"[""Velorum"", ""Ilias"", ""Ratikon"", ""Denom"", ""Nivalis""]","[0.7613915205001831, 0.6543800830841064, 0.5912951827049255, 0.5810156464576721, 0.5677861571311951]"
4,centroid,1,216,Ilias,Ilias,"[""Ilias"", ""Velorum"", ""Ratikon"", ""Nivalis"", ""Denom""]","[0.9040820598602295, 0.43979382514953613, 0.42917436361312866, 0.3352098762989044, 0.30816400051116943]"
4,centroid,1,217,Ilias,Ilias,"[""Ilias"", ""Ratikon"", ""Denom"", ""Nivalis"", ""Velorum""]","[0.8757117986679077, 0.7057499885559082, 0.6719136238098145, 0.545935332775116, 0.23396092653274536]"
4,centroid,1,218,Ilias,Ratikon,"[""Ratikon"", ""Ilias"", ""Denom"", ""Nivalis"", ""Velorum""]","[0.8079078197479248, 0.7350400686264038, 0.5275689363479614, 0.46598389744758606, 0.28612402081489563]"
4,centroid,1,219,Ilias,Ilias,"[""Ilias"", ""Ratikon"", ""Velorum"", ""Denom"", ""Nivalis""]","[0.8975774049758911, 0.6123691201210022, 0.5394021272659302, 0.5265333652496338, 0.5108509063720703]"
4,centroid,1,220,Ilias,Ilias,"[""Ilias"", ""Ratikon"", ""Nivalis"", ""Denom"", ""Velorum""]","[0.9166607856750488, 0.6965214014053345, 0.5294030904769897, 0.5138964056968689, 0.267363965511322]"
4,centroid,1,221,Ilias,Ilias,"[""Ilias"", ""Ratikon"", ""Denom"", ""Nivalis"", ""Velorum""]","[0.9291799068450928, 0.6356935501098633, 0.5156970024108887, 0.4810146987438202, 0.2901172339916229]"
4,centroid,1,222,Ilias,Ilias,"[""Ilias"", ""Denom"", ""Nivalis"", ""Ratikon"", ""Velorum""]","[0.772739052772522, 0.7270529270172119, 0.706902027130127, 0.6674150228500366, 0.6524624824523926]"
4,centroid,1,223,Ilias,Ilias,"[""Ilias"", ""Ratikon"", ""Nivalis"", ""Denom"", ""Velorum""]","[0.8885725736618042, 0.5935821533203125, 0.5693060755729675, 0.5242910385131836, 0.4966558814048767]"
4,centroid,1,224,Ilias,Ilias,"[""Ilias"", ""Ratikon"", ""Denom"", ""Nivalis"", ""Velorum""]","[0.9160187244415283, 0.5930639505386353, 0.5078882575035095, 0.4046165645122528, 0.29685133695602417]"
4,centroid,1,225,Ilias,Ilias,"[""Ilias"", ""Ratikon"", ""Denom"", ""Nivalis"", ""Velorum""]","[0.9181728959083557, 0.7672070860862732, 0.6234548091888428, 0.5277090668678284, 0.1752316653728485]"
4,centroid,1,226,Ilias,Ilias,"[""Ilias"", ""Denom"", ""Ratikon"", ""Velorum"", ""Nivalis""]","[0.9044200778007507, 0.6113271713256836, 0.5774906873703003, 0.4973722994327545, 0.49130260944366455]"
4,centroid,1,227,Ilias,Ilias,"[""Ilias"", ""Denom"", ""Ratikon"", ""Nivalis"", ""Velorum""]","[0.8099989891052246, 0.741510272026062, 0.6704339981079102, 0.5143366456031799, 0.11346448957920074]"
4,centroid,1,228,Ilias,Ilias,"[""Ilias"", ""Velorum"", ""Ratikon"", ""Nivalis"", ""Denom""]","[0.8804717659950256, 0.5661273002624512, 0.5190327763557434, 0.4912091791629791, 0.4816204011440277]"
4,centroid,1,229,Ilias,Ilias,"[""Ilias"", ""Denom"", ""Nivalis"", ""Velorum"", ""Ratikon""]","[0.8364616632461548, 0.6837785243988037, 0.6602083444595337, 0.5927222967147827, 0.56374591588974]"
4,centroid,1,230,Ilias,Ilias,"[""Ilias"", ""Denom"", ""Ratikon"", ""Nivalis"", ""Gemini""]","[0.7782752513885498, 0.5181866884231567, 0.48062390089035034, 0.3631443381309509, 0.27080827951431274]"
4,centroid,1,231,Ilias,Ilias,"[""Ilias"", ""Ratikon"", ""Denom"", ""Nivalis"", ""Trius""]","[0.6997359395027161, 0.6785700917243958, 0.6361722350120544, 0.3808855414390564, 0.3187671899795532]"
4,centroid,1,232,Ilias,Ratikon,"[""Ratikon"", ""Ilias"", ""Nivalis"", ""Denom"", ""Velorum""]","[0.8081789016723633, 0.7283712029457092, 0.6851201057434082, 0.6417774558067322, 0.3729991018772125]"
4,centroid,1,233,Ilias,Ilias,"[""Ilias"", ""Ratikon"", ""Velorum"", ""Nivalis"", ""Denom""]","[0.907799482345581, 0.5332164168357849, 0.48879554867744446, 0.4833254814147949, 0.390766978263855]"
4,centroid,1,234,Ilias,Ilias,"[""Ilias"", ""Velorum"", ""Ratikon"", ""Nivalis"", ""Denom""]","[0.8440327644348145, 0.5765230059623718, 0.5363806486129761, 0.4761837124824524, 0.3551051616668701]"
4,centroid,1,235,Ilias,Ilias,"[""Ilias"", ""Ratikon"", ""Nivalis"", ""Denom"", ""Velorum""]","[0.7433847188949585, 0.6538664102554321, 0.5779794454574585, 0.5742056369781494, 0.26849693059921265]"
4,centroid,1,236,Ilias,Ilias,"[""Ilias"", ""Ratikon"", ""Denom"", ""Nivalis"", ""Velorum""]","[0.9284493923187256, 0.7016259431838989, 0.588803768157959, 0.5431141257286072, 0.32156962156295776]"
4,centroid,1,237,Ilias,Ilias,"[""Ilias"", ""Velorum"", ""Nivalis"", ""Ratikon"", ""Denom""]","[0.8498800992965698, 0.6634649038314819, 0.6491504907608032, 0.6318554878234863, 0.5461060404777527]"
4,centroid,1,238,Mytikas,Mytikas,"[""Mytikas"", ""Triton"", ""Trius"", ""Alcatras"", ""Castor""]","[0.834933876991272, 0.7492531538009644, 0.48365214467048645, 0.3818439245223999, 0.33713585138320923]"
4,centroid,1,239,Mytikas,Mytikas,"[""Mytikas"", ""Castor"", ""Triton"", ""Alcatras"", ""Hawk""]","[0.8152542114257812, 0.39231598377227783, 0.32592079043388367, 0.29353654384613037, 0.26782524585723877]"
4,centroid,1,240,Mytikas,Trius,"[""Trius"", ""Mytikas"", ""Gemini"", ""Triton"", ""Braga""]","[0.5627451539039612, 0.42388105392456055, 0.36559557914733887, 0.26748013496398926, 0.2661076784133911]"
4,centroid,1,241,Mytikas,Mytikas,"[""Mytikas"", ""Triton"", ""Castor"", ""Alcatras"", ""Turbine""]","[0.8388167023658752, 0.6516034603118896, 0.6404056549072266, 0.4287480413913727, 0.2517397701740265]"
4,centroid,1,242,Mytikas,Mytikas,"[""Mytikas"", ""Triton"", ""Trius"", ""Castor"", ""Alcatras""]","[0.8684899806976318, 0.6152191162109375, 0.6074711680412292, 0.4956563711166382, 0.37425148487091064]"
4,centroid,1,243,Mytikas,Mytikas,"[""Mytikas"", ""Alcatras"", ""Triton"", ""Castor"", ""Alaris""]","[0.8382289409637451, 0.7573090195655823, 0.6408396363258362, 0.6319029331207275, 0.5778412222862244]"
4,centroid,1,244,Mytikas,Triton,"[""Triton"", ""Mytikas"", ""Castor"", ""Alcatras"", ""Braga""]","[0.785696268081665, 0.7068653702735901, 0.5917825102806091, 0.499155730009079, 0.47011134028434753]"
4,centroid,1,245,Mytikas,Mytikas,"[""Mytikas"", ""Turbine"", ""Castor"", ""Triton"", ""Alcatras""]","[0.7533496618270874, 0.6403253078460693, 0.5889614820480347, 0.43231111764907837, 0.41125139594078064]"
4,centroid,1,246,Mytikas,Mytikas,"[""Mytikas"", ""Triton"", ""Trius"", ""Braga"", ""Castor""]","[0.7373214960098267, 0.5966653823852539, 0.5836982727050781, 0.5003597736358643, 0.3508862257003784]"
4,centroid,1,247,Mytikas,Mytikas,"[""Mytikas"", ""Castor"", ""Triton"", ""Alcatras"", ""Braga""]","[0.8943077325820923, 0.6855344176292419, 0.682488203048706, 0.5644253492355347, 0.36955440044403076]"
4,centroid,1,248,Mytikas,Triton,"[""Triton"", ""Mytikas"", ""Castor"", ""Trius"", ""Turbine""]","[0.7929342985153198, 0.5826795101165771, 0.5563682913780212, 0.404903382062912, 0.34618499875068665]"
4,centroid,1,249,Mytikas,Mytikas,"[""Mytikas"", ""Triton"", ""Castor"", ""Alcatras"", ""Trius""]","[0.8626337051391602, 0.8554968237876892, 0.6448809504508972, 0.5869320034980774, 0.5525279641151428]"
4,centroid,1,250,Mytikas,Mytikas,"[""Mytikas"", ""Castor"", ""Alcatras"", ""Alaris"", ""Triton""]","[0.6376581192016602, 0.5417332649230957, 0.5334069132804871, 0.474230021238327, 0.42301177978515625]"
4,centroid,1,251,Mytikas,Triton,"[""Triton"", ""Mytikas"", ""Trius"", ""Castor"", ""Braga""]","[0.8544433116912842, 0.7245103120803833, 0.5565634965896606, 0.4393954873085022, 0.19679337739944458]"
4,centroid,1,252,Mytikas,Trius,"[""Trius"", ""Triton"", ""Mytikas"", ""Alcatras"", ""Braga""]","[0.7592685222625732, 0.6879560947418213, 0.6832436323165894, 0.30203956365585327, 0.28385430574417114]"
4,centroid,1,253,Mytikas,Castor,"[""Castor"", ""Triton"", ""Mytikas"", ""Alcatras"", ""Trius""]","[0.8487377166748047, 0.6804500818252563, 0.6578537821769714, 0.5369435548782349, 0.3539588451385498]"
4,centroid,1,254,Mytikas,Triton,"[""Triton"", ""Castor"", ""Mytikas"", ""Alcatras"", ""Trius""]","[0.8030524253845215, 0.7518471479415894, 0.7172103524208069, 0.46011462807655334, 0.398868590593338]"
4,centroid,1,255,Mytikas,Mytikas,"[""Mytikas"", ""Castor"", ""Alcatras"", ""Triton"", ""Alaris""]","[0.8256690502166748, 0.7972391247749329, 0.7901642322540283, 0.5652867555618286, 0.559360682964325]"
4,centroid,1,256,Mytikas,Mytikas,"[""Mytikas"", ""Castor"", ""Triton"", ""Alcatras"", ""Trius""]","[0.8980535268783569, 0.6791067719459534, 0.6263101696968079, 0.6153111457824707, 0.30361464619636536]"
4,centroid,1,257,Mytikas,Mytikas,"[""Mytikas"", ""Trius"", ""Triton"", ""Gemini"", ""Steel_Wheel""]","[0.6676501035690308, 0.5913516283035278, 0.4884006977081299, 0.3014947772026062, 0.24828091263771057]"
4,centroid,1,258,Mytikas,Mytikas,"[""Mytikas"", ""Triton"", ""Castor"", ""Alcatras"", ""Trius""]","[0.8395051956176758, 0.5267033576965332, 0.4233815670013428, 0.3665871024131775, 0.20301002264022827]"
4,centroid,1,259,Mytikas,Mytikas,"[""Mytikas"", ""Triton"", ""Castor"", ""Alcatras"", ""Braga""]","[0.8927128911018372, 0.7477068901062012, 0.7359973192214966, 0.496620237827301, 0.35855746269226074]"
4,centroid,1,260,Mytikas,Mytikas,"[""Mytikas"", ""Triton"", ""Castor"", ""Turbine"", ""Alcatras""]","[0.8050085306167603, 0.6173959970474243, 0.47398701310157776, 0.29707562923431396, 0.2785996198654175]"
4,centroid,1,261,Mytikas,Mytikas,"[""Mytikas"", ""Triton"", ""Castor"", ""Alcatras"", ""Trius""]","[0.8437669277191162, 0.8348128795623779, 0.5708667039871216, 0.5590776205062866, 0.4895981550216675]"
4,centroid,1,262,Mytikas,Mytikas,"[""Mytikas"", ""Castor"", ""Triton"", ""Turbine"", ""Alcatras""]","[0.8022434115409851, 0.7656184434890747, 0.677564263343811, 0.47862961888313293, 0.4244108200073242]"
4,centroid,1,263,Mytikas,Mytikas,"[""Mytikas"", ""Triton"", ""Castor"", ""Trius"", ""Alcatras""]","[0.8885373473167419, 0.8422233462333679, 0.5953834652900696, 0.5047497153282166, 0.4461338520050049]"
4,centroid,1,264,Mytikas,Mytikas,"[""Mytikas"", ""Castor"", ""Triton"", ""Alcatras"", ""Alaris""]","[0.851516842842102, 0.5991523861885071, 0.5552533864974976, 0.5517220497131348, 0.3776443600654602]"
4,centroid,1,265,Nivalis,Nivalis,"[""Nivalis"", ""Ratikon"", ""Denom"", ""Ilias"", ""Velorum""]","[0.9194530844688416, 0.8394680023193359, 0.8302707672119141, 0.660335898399353, 0.462080717086792]"
4,centroid,1,266,Nivalis,Velorum,"[""Velorum"", ""Ilias"", ""Nivalis"", ""Ratikon"", ""Denom""]","[0.7180215120315552, 0.6230419874191284, 0.5962996482849121, 0.4501633942127228, 0.3707684874534607]"
4,centroid,1,267,Nivalis,Nivalis,"[""Nivalis"", ""Ratikon"", ""Denom"", ""Ilias"", ""Vega""]","[0.804153561592102, 0.5657809972763062, 0.5466651320457458, 0.2439734935760498, 0.2204950749874115]"
4,centroid,1,268,Nivalis,Nivalis,"[""Nivalis"", ""Denom"", ""Ratikon"", ""Ilias"", ""Vega""]","[0.8122802972793579, 0.5701040029525757, 0.5036085844039917, 0.2126869261264801, 0.12656235694885254]"
4,centroid,1,269,Nivalis,Nivalis,"[""Nivalis"", ""Denom"", ""Ratikon"", ""Ilias"", ""Velorum""]","[0.8121259212493896, 0.5635002255439758, 0.5515912771224976, 0.38135406374931335, 0.26403480768203735]"
4,centroid,1,270,Nivalis,Nivalis,"[""Nivalis"", ""Denom"", ""Ratikon"", ""Vega"", ""Velorum""]","[0.7084227800369263, 0.5283505320549011, 0.5009262561798096, 0.24317705631256104, 0.17885038256645203]"
4,centroid,1,271,Nivalis,Nivalis,"[""Nivalis"", ""Velorum"", ""Denom"", ""Ratikon"", ""Vega""]","[0.6394071578979492, 0.34724923968315125, 0.2839690148830414, 0.2492295503616333, 0.14571522176265717]"
4,centroid,1,272,Nivalis,Nivalis,"[""Nivalis"", ""Denom"", ""Ratikon"", ""Velorum"", ""Ilias""]","[0.7676800489425659, 0.5016043186187744, 0.39510250091552734, 0.34286826848983765, 0.29832106828689575]"
4,centroid,1,273,Nivalis,Nivalis,"[""Nivalis"", ""Denom"", ""Ratikon"", ""Ilias"", ""Velorum""]","[0.9140486717224121, 0.7414138913154602, 0.6901977062225342, 0.357607364654541, 0.28881821036338806]"
4,centroid,1,274,Nivalis,Nivalis,"[""Nivalis"", ""Denom"", ""Ratikon"", ""Velorum"", ""Ilias""]","[0.8711910247802734, 0.6453109979629517, 0.5889683365821838, 0.4202733635902405, 0.32426708936691284]"
4,centroid,1,275,Nivalis,Nivalis,"[""Nivalis"", ""Denom"", ""Ratikon"", ""Ilias"", ""Velorum""]","[0.9394211769104004, 0.7827427387237549, 0.7690666317939758, 0.6113229990005493, 0.47476887702941895]"
4,centroid,1,276,Nivalis,Nivalis,"[""Nivalis"", ""Denom"", ""Ratikon"", ""Ilias"", ""Vega""]","[0.7385134696960449, 0.7054911851882935, 0.6896414160728455, 0.3104943037033081, 0.1775704324245453]"
4,centroid,1,277,Nivalis,Denom,"[""Denom"", ""Nivalis"", ""Ratikon"", ""Ilias"", ""Velorum""]","[0.8045243620872498, 0.7110825777053833, 0.705552339553833, 0.6099117994308472, 0.4955021142959595]"
4,centroid,1,278,Nivalis,Ratikon,"[""Ratikon"", ""Nivalis"", ""Denom"", ""Ilias"", ""Velorum""]","[0.8594077825546265, 0.8257968425750732, 0.8009543418884277, 0.7381200790405273, 0.4293552041053772]"
4,centroid,1,279,Nivalis,Nivalis,"[""Nivalis"", ""Denom"", ""Velorum"", ""Ratikon"", ""Ilias""]","[0.876315712928772, 0.6417666673660278, 0.4941866993904114, 0.4641534090042114, 0.349409818649292]"
4,centroid,1,280,Nivalis,Nivalis,"[""Nivalis"", ""Ratikon"", ""Velorum"", ""Ilias"", ""Vega""]","[0.48145821690559387, 0.3917212188243866, 0.34510862827301025, 0.27108871936798096, 0.23002420365810394]"
4,centroid,1,281,Nivalis,Nivalis,"[""Nivalis"", ""Denom"", ""Ratikon"", ""Ilias"", ""Vega""]","[0.7825194597244263, 0.5721392631530762, 0.4693211317062378, 0.2886589765548706, 0.2610287070274353]"
4,centroid,1,282,Nivalis,Nivalis,"[""Nivalis"", ""Denom"", ""Ratikon"", ""Ilias"", ""Velorum""]","[0.8765711784362793, 0.6135037541389465, 0.5842317342758179, 0.3899100422859192, 0.2484268993139267]"
4,centroid,1,283,Nivalis,Nivalis,"[""Nivalis"", ""Denom"", ""Ratikon"", ""Velorum"", ""Ilias""]","[0.8173600435256958, 0.6098660230636597, 0.5710616111755371, 0.3975457549095154, 0.358943372964859]"
4,centroid,1,284,Nivalis,Nivalis,"[""Nivalis"", ""Velorum"", ""Denom"", ""Ratikon"", ""Ilias""]","[0.6832442879676819, 0.6213257312774658, 0.3661739230155945, 0.16426368057727814, 0.09130015969276428]"
4,centroid,1,285,Nivalis,Nivalis,"[""Nivalis"", ""Denom"", ""Ratikon"", ""Vega"", ""Velorum""]","[0.7261354923248291, 0.5259619951248169, 0.3684466481208801, 0.2942073941230774, 0.24244175851345062]"
4,centroid,1,286,Nivalis,Nivalis,"[""Nivalis"", ""Vega"", ""Ratikon"", ""Denom"", ""Ilias""]","[0.5527645945549011, 0.47574639320373535, 0.4355681836605072, 0.393343061208725, 0.21051326394081116]"
4,centroid,1,287,Ratikon,Ratikon,"[""Ratikon"", ""Denom"", ""Nivalis"", ""Ilias"", ""Vega""]","[0.917546808719635, 0.7588274478912354, 0.6626625061035156, 0.5224084258079529, 0.053296513855457306]"
4,centroid,1,288,Ratikon,Denom,"[""Denom"", ""Ratikon"", ""Nivalis"", ""Ilias"", ""Velorum""]","[0.8774723410606384, 0.7985419034957886, 0.6880152225494385, 0.5349631905555725, 0.4143821597099304]"
4,centroid,1,289,Ratikon,Ratikon,"[""Ratikon"", ""Denom"", ""Ilias"", ""Nivalis"", ""Velorum""]","[0.8887898921966553, 0.7790899276733398, 0.5946817398071289, 0.5856112837791443, 0.12478192150592804]"
4,centroid,1,290,Ratikon,Ratikon,"[""Ratikon"", ""Denom"", ""Nivalis"", ""Ilias"", ""Velorum""]","[0.9558297395706177, 0.752518355846405, 0.6999715566635132, 0.5401188135147095, 0.13111525774002075]"
4,centroid,1,291,Ratikon,Ratikon,"[""Ratikon"", ""Ilias"", ""Denom"", ""Nivalis"", ""Velorum""]","[0.8899575471878052, 0.7520625591278076, 0.7191305160522461, 0.5593973994255066, 0.14482836425304413]"
4,centroid,1,292,Ratikon,Ratikon,"[""Ratikon"", ""Denom"", ""Nivalis"", ""Ilias"", ""Velorum""]","[0.8310641050338745, 0.715376615524292, 0.6433366537094116, 0.5274220705032349, 0.2368989735841751]"
4,centroid,1,293,Ratikon,Ratikon,"[""Ratikon"", ""Denom"", ""Nivalis"", ""Ilias"", ""Vega""]","[0.848244309425354, 0.6160570979118347, 0.51421058177948, 0.4469201862812042, 0.35652583837509155]"
4,centroid,1,294,Ratikon,Ratikon,"[""Ratikon"", ""Denom"", ""Nivalis"", ""Ilias"", ""Velorum""]","[0.9207019805908203, 0.7198159694671631, 0.6840242147445679, 0.524948000907898, 0.0641755685210228]"
4,centroid,1,295,Ratikon,Ratikon,"[""Ratikon"", ""Ilias"", ""Denom"", ""Nivalis"", ""Velorum""]","[0.8910105228424072, 0.7680944204330444, 0.7294169068336487, 0.5721838474273682, 0.1810341775417328]"
4,centroid,1,296,Ratikon,Ratikon,"[""Ratikon"", ""Denom"", ""Nivalis"", ""Ilias"", ""Velorum""]","[0.9401901364326477, 0.771040141582489, 0.6727451086044312, 0.5734601020812988, 0.1057509109377861]"
4,centroid,1,297,Ratikon,Ratikon,"[""Ratikon"", ""Ilias"", ""Nivalis"", ""Denom"", ""Velorum""]","[0.8919903635978699, 0.7239723205566406, 0.6058844923973083, 0.5892677307128906, 0.16660819947719574]"
4,centroid,1,298,Ratikon,Ratikon,"[""Ratikon"", ""Denom"", ""Ilias"", ""Nivalis"", ""Steel_Wheel""]","[0.8608080744743347, 0.701378583908081, 0.603356122970581, 0.5402837991714478, 0.16440962255001068]"
4,centroid,1,299,Ratikon,Ratikon,"[""Ratikon"", ""Ilias"", ""Nivalis"", ""Denom"", ""Velorum""]","[0.8469157218933105, 0.8121584057807922, 0.6472647190093994, 0.6200811266899109, 0.558711051940918]"
4,centroid,1,300,Ratikon,Ratikon,"[""Ratikon"", ""Denom"", ""Nivalis"", ""Ilias"", ""Velorum""]","[0.9543665051460266, 0.8063104152679443, 0.7703388929367065, 0.6143796443939209, 0.3562714755535126]"
4,centroid,1,301,Ratikon,Ratikon,"[""Ratikon"", ""Denom"", ""Nivalis"", ""Ilias"", ""Vega""]","[0.9074432849884033, 0.7448859810829163, 0.5806825757026672, 0.5780360102653503, 0.09849809110164642]"
4,centroid,1,302,Ratikon,Ratikon,"[""Ratikon"", ""Ilias"", ""Denom"", ""Nivalis"", ""Trius""]","[0.8684513568878174, 0.7451410889625549, 0.6457940936088562, 0.4981584846973419, 0.10330341011285782]"
4,centroid,1,303,Ratikon,Ratikon,"[""Ratikon"", ""Denom"", ""Ilias"", ""Nivalis"", ""Velorum""]","[0.7301763296127319, 0.6507132053375244, 0.5762113928794861, 0.5455067157745361, 0.31538069248199463]"
4,centroid,1,304,Ratikon,Ratikon,"[""Ratikon"", ""Denom"", ""Nivalis"", ""Ilias"", ""Vega""]","[0.8991140127182007, 0.6489290595054626, 0.5041454434394836, 0.469135582447052, 0.0821550190448761]"
4,centroid,1,305,Ratikon,Ilias,"[""Ilias"", ""Ratikon"", ""Denom"", ""Nivalis"", ""Velorum""]","[0.8061466217041016, 0.8010287284851074, 0.7005423307418823, 0.5259720683097839, 0.3571021556854248]"
4,centroid,1,306,Ratikon,Ratikon,"[""Ratikon"", ""Denom"", ""Nivalis"", ""Ilias"", ""Vega""]","[0.8638945817947388, 0.7918288707733154, 0.5973168611526489, 0.5585715770721436, 0.051678117364645004]"
4,centroid,1,307,Ratikon,Ratikon,"[""Ratikon"", ""Denom"", ""Nivalis"", ""Ilias"", ""Velorum""]","[0.9379057884216309, 0.7076153755187988, 0.6751407384872437, 0.534238338470459, 0.1790701150894165]"
4,centroid,1,308,Ratikon,Ratikon,"[""Ratikon"", ""Denom"", ""Ilias"", ""Nivalis"", ""Steel_Wheel""]","[0.8185318112373352, 0.6967057585716248, 0.5592471957206726, 0.48912298679351807, 0.03650974482297897]"
4,centroid,1,309,Ratikon,Nivalis,"[""Nivalis"", ""Denom"", ""Ratikon"", ""Velorum"", ""Ilias""]","[0.8964931964874268, 0.7856172919273376, 0.766903281211853, 0.6089107990264893, 0.5258142948150635]"
4,centroid,1,310,Ratikon,Ratikon,"[""Ratikon"", ""Denom"", ""Nivalis"", ""Ilias"", ""Vega""]","[0.8510971069335938, 0.6461669206619263, 0.6046739816665649, 0.4832640588283539, 0.16109280288219452]"
4,centroid,1,311,Ratikon,Ratikon,"[""Ratikon"", ""Denom"", ""Nivalis"", ""Ilias"", ""Vega""]","[0.8636655211448669, 0.8403358459472656, 0.610683798789978, 0.4784716069698334, 0.02260415628552437]"
4,centroid,1,312,Ratikon,Ratikon,"[""Ratikon"", ""Denom"", ""Nivalis"", ""Ilias"", ""Velorum""]","[0.9278296828269958, 0.7060940861701965, 0.6903064250946045, 0.5292103886604309, 0.15299367904663086]"
4,centroid,1,313,Ratikon,Ratikon,"[""Ratikon"", ""Denom"", ""Ilias"", ""Nivalis"", ""Vega""]","[0.8816976547241211, 0.6496142745018005, 0.5837773680686951, 0.5042042136192322, 0.3059099018573761]"
4,centroid,1,314,Steel_Wheel,Steel_Wheel,"[""Steel_Wheel"", ""Nivalis"", ""Xtreme"", ""Denom"", ""Velorum""]","[0.982720136642456, 0.06481707841157913, 0.0017364704981446266, -0.013921089470386505, -0.02746930718421936]"
4,centroid,1,315,Steel_Wheel,Steel_Wheel,"[""Steel_Wheel"", ""Velorum"", ""Nivalis"", ""Mytikas"", ""Xtreme""]","[0.9511550664901733, 0.14337611198425293, 0.1340974122285843, 0.042796529829502106, 0.02417781949043274]"
4,centroid,1,316,Steel_Wheel,Steel_Wheel,"[""Steel_Wheel"", ""Nivalis"", ""Velorum"", ""Turbine"", ""Xtreme""]","[0.934302806854248, 0.12706154584884644, 0.0882096216082573, 0.03557473421096802, 0.023751210421323776]"
4,centroid,1,317,Steel_Wheel,Steel_Wheel,"[""Steel_Wheel"", ""Nivalis"", ""Denom"", ""Ratikon"", ""Trius""]","[0.9388868808746338, 0.15819048881530762, 0.14826297760009766, 0.06662547588348389, -0.004941629245877266]"
4,centroid,1,318,Steel_Wheel,Steel_Wheel,"[""Steel_Wheel"", ""Nivalis"", ""Xtreme"", ""Velorum"", ""Mytikas""]","[0.9665310382843018, 0.12138230353593826, 0.07990006357431412, 0.024146074429154396, 0.004557579755783081]"
4,centroid,1,319,Steel_Wheel,Steel_Wheel,"[""Steel_Wheel"", ""Xtreme"", ""Nivalis"", ""Castor"", ""Mytikas""]","[0.9604882597923279, 0.10456537455320358, 0.017107132822275162, 0.0037370892241597176, -0.020323481410741806]"
4,centroid,1,320,Steel_Wheel,Steel_Wheel,"[""Steel_Wheel"", ""Xtreme"", ""Gemini"", ""Nivalis"", ""Turbine""]","[0.9222292900085449, 0.15263999998569489, 0.11372025310993195, -0.00910471472889185, -0.04036659747362137]"
4,centroid,1,321,Steel_Wheel,Steel_Wheel,"[""Steel_Wheel"", ""Xtreme"", ""Nivalis"", ""Castor"", ""Mytikas""]","[0.9666488766670227, 0.11487416923046112, -0.033551380038261414, -0.03764986991882324, -0.06540455669164658]"
4,centroid,1,322,Steel_Wheel,Steel_Wheel,"[""Steel_Wheel"", ""Trius"", ""Mytikas"", ""Alaris"", ""Castor""]","[0.8911875486373901, 0.17696888744831085, 0.1365363597869873, 0.12876549363136292, 0.10922862589359283]"
4,centroid,1,323,Steel_Wheel,Steel_Wheel,"[""Steel_Wheel"", ""Gemini"", ""Turbine"", ""Xtreme"", ""Vega""]","[0.9074888229370117, 0.09029285609722137, 0.022101840004324913, 0.013494890183210373, -0.023305445909500122]"
4,centroid,1,324,Steel_Wheel,Steel_Wheel,"[""Steel_Wheel"", ""Nivalis"", ""Denom"", ""Ratikon"", ""Xtreme""]","[0.9802895784378052, 0.10126304626464844, 0.03868526220321655, -0.022922679781913757, -0.024929475039243698]"
4,centroid,1,325,Steel_Wheel,Steel_Wheel,"[""Steel_Wheel"", ""Nivalis"", ""Denom"", ""Xtreme"", ""Ilias""]","[0.9494786858558655, 0.09595437347888947, 0.08003077656030655, 0.04254012182354927, 0.025666024535894394]"
4,centroid,1,326,Steel_Wheel,Steel_Wheel,"[""Steel_Wheel"", ""Velorum"", ""Nivalis"", ""Mytikas"", ""Ilias""]","[0.9456503987312317, 0.14661195874214172, 0.1045793667435646, 0.08303392678499222, 0.059791482985019684]"
4,centroid,1,327,Steel_Wheel,Steel_Wheel,"[""Steel_Wheel"", ""Mytikas"", ""Nivalis"", ""Ratikon"", ""Denom""]","[0.8953697681427002, 0.14966264367103577, 0.12621283531188965, 0.0776793509721756, 0.07358971983194351]"
4,centroid,1,328,Steel_Wheel,Steel_Wheel,"[""Steel_Wheel"", ""Xtreme"", ""Castor"", ""Turbine"", ""Mytikas""]","[0.9159491658210754, 0.10973851382732391, 0.04555480182170868, 0.01572813093662262, 0.012376628816127777]"
4,centroid,1,329,Steel_Wheel,Steel_Wheel,"[""Steel_Wheel"", ""Nivalis"", ""Alaris"", ""Denom"", ""Velorum""]","[0.9729437828063965, 0.07974331080913544, 0.029769137501716614, 0.02323354408144951, -0.0002829618752002716]"
4,centroid,1,330,Steel_Wheel,Steel_Wheel,"[""Steel_Wheel"", ""Nivalis"", ""Velorum"", ""Denom"", ""Xtreme""]","[0.9712592363357544, 0.08775277435779572, 0.08183389902114868, 0.013793155550956726, 0.008462812751531601]"
4,centroid,1,331,Steel_Wheel,Steel_Wheel,"[""Steel_Wheel"", ""Castor"", ""Mytikas"", ""Velorum"", ""Alcatras""]","[0.9591841697692871, 0.023231659084558487, 0.004968190565705299, -0.01849263533949852, -0.025136452168226242]"
4,centroid,1,332,Steel_Wheel,Steel_Wheel,"[""Steel_Wheel"", ""Nivalis"", ""Mytikas"", ""Xtreme"", ""Trius""]","[0.9555837512016296, 0.029901381582021713, 0.029265861958265305, 0.02530844137072563, 0.014361869543790817]"
4,centroid,1,333,Steel_Wheel,Steel_Wheel,"[""Steel_Wheel"", ""Xtreme"", ""Hawk"", ""Nivalis"", ""Gemini""]","[0.9158515930175781, 0.08556243032217026, 0.009573519229888916, 0.004995593801140785, -0.006923742592334747]"
4,centroid,1,334,Steel_Wheel,Steel_Wheel,"[""Steel_Wheel"", ""Nivalis"", ""Mytikas"", ""Turbine"", ""Xtreme""]","[0.9330501556396484, 0.09896621108055115, 0.07757306098937988, 0.05246929079294205, 0.019452892243862152]"
4,centroid,1,335,Steel_Wheel,Steel_Wheel,"[""Steel_Wheel"", ""Xtreme"", ""Nivalis"", ""Hawk"", ""Mytikas""]","[0.9533095359802246, 0.07272545248270035, 0.053786542266607285, 0.05132222920656204, 0.039853908121585846]"
4,centroid,1,336,Steel_Wheel,Steel_Wheel,"[""Steel_Wheel"", ""Nivalis"", ""Velorum"", ""Denom"", ""Ilias""]","[0.9810590147972107, 0.0953758955001831, 0.08750124275684357, 0.0478525273501873, 0.04141617566347122]"
4,centroid,1,337,Steel_Wheel,Steel_Wheel,"[""Steel_Wheel"", ""Nivalis"", ""Denom"", ""Xtreme"", ""Ratikon""]","[0.9645944237709045, 0.1281682252883911, 0.05728085711598396, 0.04949755221605301, 0.016182588413357735]"
4,centroid,1,338,Steel_Wheel,Steel_Wheel,"[""Steel_Wheel"", ""Nivalis"", ""Xtreme"", ""Denom"", ""Velorum""]","[0.9702023267745972, 0.08455047011375427, 0.03484228253364563, 0.008757537230849266, 0.00010756030678749084]"
4,centroid,1,339,Steel_Wheel,Steel_Wheel,"[""Steel_Wheel"", ""Nivalis"", ""Xtreme"", ""Hawk"", ""Mytikas""]","[0.9409431219100952, 0.11152759194374084, 0.08669819682836533, 0.04736445099115372, 0.027293451130390167]"
4,centroid,1,340,Steel_Wheel,Steel_Wheel,"[""Steel_Wheel"", ""Xtreme"", ""Nivalis"", ""Denom"", ""Ratikon""]","[0.9283819198608398, 0.08010426163673401, 0.06484007835388184, 0.016234369948506355, -0.028539177030324936]"
4,centroid,1,341,Steel_Wheel,Steel_Wheel,"[""Steel_Wheel"", ""Nivalis"", ""Xtreme"", ""Denom"", ""Velorum""]","[0.9515203237533569, 0.14536535739898682, 0.09589343518018723, 0.06722405552864075, 0.061844583600759506]"
4,centroid,1,342,Steel_Wheel,Steel_Wheel,"[""Steel_Wheel"", ""Mytikas"", ""Nivalis"", ""Turbine"", ""Castor""]","[0.926236093044281, 0.10716903209686279, 0.08379919081926346, 0.07124702632427216, 0.025975346565246582]"
4,centroid,1,343,Steel_Wheel,Steel_Wheel,"[""Steel_Wheel"", ""Velorum"", ""Nivalis"", ""Xtreme"", ""Alcatras""]","[0.961127758026123, 0.09560930728912354, 0.0596587099134922, 0.042011260986328125, 0.005538564175367355]"
4,centroid,1,344,Steel_Wheel,Steel_Wheel,"[""Steel_Wheel"", ""Trius"", ""Nivalis"", ""Denom"", ""Velorum""]","[0.9516339302062988, 0.08471620827913284, 0.06627105921506882, 0.061304971575737, 0.02258434146642685]"
4,centroid,1,345,Steel_Wheel,Steel_Wheel,"[""Steel_Wheel"", ""Nivalis"", ""Xtreme"", ""Denom"", ""Hawk""]","[0.9093778133392334, 0.10793228447437286, 0.049251675605773926, 0.033091574907302856, 0.006362754851579666]"
4,centroid,1,346,Steel_Wheel,Steel_Wheel,"[""Steel_Wheel"", ""Xtreme"", ""Turbine"", ""Mytikas"", ""Nivalis""]","[0.9462850689888, 0.10419834405183792, -0.011007355526089668, -0.041657689958810806, -0.04300779849290848]"
4,centroid,1,347,Steel_Wheel,Steel_Wheel,"[""Steel_Wheel"", ""Alaris"", ""Nivalis"", ""Xtreme"", ""Alcatras""]","[0.9727222919464111, 0.03661653771996498, 0.03604964166879654, 0.020287569612264633, 0.00432194210588932]"
4,centroid,1,348,Steel_Wheel,Steel_Wheel,"[""Steel_Wheel"", ""Xtreme"", ""Nivalis"", ""Gemini"", ""Mytikas""]","[0.971837043762207, 0.005688942968845367, -0.008796045556664467, -0.04070434719324112, -0.048458702862262726]"
4,centroid,1,349,Triton,Triton,"[""Triton"", ""Trius"", ""Mytikas"", ""Ilias"", ""Braga""]","[0.8296830654144287, 0.7417731285095215, 0.5818395614624023, 0.33218204975128174, 0.28664782643318176]"
4,centroid,1,350,Triton,Triton,"[""Triton"", ""Mytikas"", ""Trius"", ""Castor"", ""Braga""]","[0.7921313047409058, 0.4598703384399414, 0.3207130432128906, 0.31679320335388184, 0.23700425028800964]"
4,centroid,1,351,Triton,Triton,"[""Triton"", ""Trius"", ""Mytikas"", ""Ilias"", ""Braga""]","[0.7625464797019958, 0.5258551239967346, 0.393626868724823, 0.3763943612575531, 0.2942759394645691]"
4,centroid,1,352,Triton,Triton,"[""Triton"", ""Trius"", ""Mytikas"", ""Braga"", ""Castor""]","[0.8133995532989502, 0.7287802696228027, 0.5141446590423584, 0.4805230498313904, 0.439042329788208]"
4,centroid,1,353,Triton,Triton,"[""Triton"", ""Trius"", ""Alcatras"", ""Mytikas"", ""Castor""]","[0.7736526727676392, 0.5799136757850647, 0.4373927116394043, 0.41762107610702515, 0.33717912435531616]"
4,centroid,1,354,Triton,Mytikas,"[""Mytikas"", ""Triton"", ""Castor"", ""Alcatras"", ""Braga""]","[0.7829845547676086, 0.7755067348480225, 0.7445579767227173, 0.49027472734451294, 0.4857536852359772]"
4,centroid,1,355,Triton,Triton,"[""Triton"", ""Mytikas"", ""Trius"", ""Castor"", ""Braga""]","[0.8559536933898926, 0.6258432269096375, 0.5017772316932678, 0.36701396107673645, 0.21750034391880035]"
4,centroid,1,356,Triton,Triton,"[""Triton"", ""Trius"", ""Mytikas"", ""Castor"", ""Alcatras""]","[0.866844117641449, 0.6429576277732849, 0.5617176294326782, 0.48572441935539246, 0.3615754246711731]"
4,centroid,1,357,Triton,Triton,"[""Triton"", ""Trius"", ""Castor"", ""Alcatras"", ""Mytikas""]","[0.8875025510787964, 0.7188293933868408, 0.605689525604248, 0.5588647127151489, 0.5571027994155884]"
4,centroid,1,358,Triton,Triton,"[""Triton"", ""Castor"", ""Mytikas"", ""Alcatras"", ""Trius""]","[0.8101669549942017, 0.6736165881156921, 0.5113738775253296, 0.4904356896877289, 0.478447824716568]"
4,centroid,1,359,Triton,Triton,"[""Triton"", ""Mytikas"", ""Castor"", ""Trius"", ""Turbine""]","[0.8747057914733887, 0.6109005808830261, 0.4979187250137329, 0.48717015981674194, 0.2650231719017029]"
4,centroid,1,360,Triton,Triton,"[""Triton"", ""Mytikas"", ""Trius"", ""Castor"", ""Alcatras""]","[0.9404169917106628, 0.7371213436126709, 0.6095049381256104, 0.49052125215530396, 0.3238465189933777]"
4,centroid,1,361,Triton,Triton,"[""Triton"", ""Mytikas"", ""Braga"", ""Castor"", ""Turbine""]","[0.6012380123138428, 0.298143208026886, 0.23731932044029236, 0.20737704634666443, 0.16032463312149048]"
4,centroid,1,362,Triton,Triton,"[""Triton"", ""Trius"", ""Mytikas"", ""Castor"", ""Ilias""]","[0.8388799428939819, 0.726285994052887, 0.6767861247062683, 0.3094967007637024, 0.30068647861480713]"
4,centroid,1,363,Triton,Triton,"[""Triton"", ""Mytikas"", ""Trius"", ""Castor"", ""Braga""]","[0.9018259048461914, 0.7601779699325562, 0.7171362638473511, 0.5822316408157349, 0.4279008209705353]"
4,centroid,1,364,Triton,Triton,"[""Triton"", ""Castor"", ""Trius"", ""Mytikas"", ""Alcatras""]","[0.8167293071746826, 0.7567880749702454, 0.6429097652435303, 0.5406450629234314, 0.461587518453598]"
4,centroid,1,365,Triton,Alaris,"[""Alaris"", ""Alcatras"", ""Trius"", ""Braga"", ""Triton""]","[0.6356699466705322, 0.5369234085083008, 0.5099014043807983, 0.4894472360610962, 0.3513827323913574]"
4,centroid,1,366,Triton,Triton,"[""Triton"", ""Mytikas"", ""Castor"", ""Trius"", ""Alcatras""]","[0.8827264904975891, 0.6403094530105591, 0.621924877166748, 0.48971396684646606, 0.37469935417175293]"
4,centroid,1,367,Triton,Alaris,"[""Alaris"", ""Alcatras"", ""Mytikas"", ""Ilias"", ""Triton""]","[0.5158953070640564, 0.4322449564933777, 0.4032489061355591, 0.3461480736732483, 0.30750662088394165]"
4,centroid,1,368,Triton,Triton,"[""Triton"", ""Mytikas"", ""Ilias"", ""Trius"", ""Castor""]","[0.7498103380203247, 0.4861590266227722, 0.47335633635520935, 0.4426572620868683, 0.2919629216194153]"
4,centroid,1,369,Triton,Triton,"[""Triton"", ""Mytikas"", ""Castor"", ""Braga"", ""Trius""]","[0.7968578934669495, 0.6020746231079102, 0.3994636833667755, 0.35773974657058716, 0.34701454639434814]"
4,centroid,1,370,Triton,Trius,"[""Trius"", ""Ratikon"", ""Alaris"", ""Ilias"", ""Denom""]","[0.5888856649398804, 0.43977245688438416, 0.4397566318511963, 0.35082533955574036, 0.3105934262275696]"
4,centroid,1,371,Triton,Castor,"[""Castor"", ""Triton"", ""Mytikas"", ""Turbine"", ""Braga""]","[0.7728463411331177, 0.7727538347244263, 0.7024791240692139, 0.45625758171081543, 0.42852693796157837]"
4,centroid,1,372,Triton,Triton,"[""Triton"", ""Mytikas"", ""Castor"", ""Alcatras"", ""Trius""]","[0.8117543458938599, 0.6694298982620239, 0.6385257244110107, 0.5094691514968872, 0.45305371284484863]"
4,centroid,1,373,Triton,Triton,"[""Triton"", ""Trius"", ""Castor"", ""Mytikas"", ""Alcatras""]","[0.871672511100769, 0.6586467027664185, 0.6214667558670044, 0.5148797631263733, 0.44097113609313965]"
4,centroid,1,374,Triton,Triton,"[""Triton"", ""Trius"", ""Mytikas"", ""Castor"", ""Alcatras""]","[0.8680984973907471, 0.7131315469741821, 0.7119244337081909, 0.6308645606040955, 0.540257453918457]"
4,centroid,1,375,Triton,Triton,"[""Triton"", ""Mytikas"", ""Trius"", ""Castor"", ""Ilias""]","[0.8574110269546509, 0.5429171919822693, 0.4681991934776306, 0.43668460845947266, 0.21929243206977844]"
4,centroid,1,376,Triton,Triton,"[""Triton"", ""Trius"", ""Braga"", ""Castor"", ""Mytikas""]","[0.7697855234146118, 0.6886934041976929, 0.4470987915992737, 0.4176371097564697, 0.35094237327575684]"
4,centroid,1,377,Triton,Triton,"[""Triton"", ""Mytikas"", ""Trius"", ""Braga"", ""Castor""]","[0.8043254613876343, 0.6161691546440125, 0.4888875484466553, 0.3333727717399597, 0.29779261350631714]"
4,centroid,1,378,Triton,Triton,"[""Triton"", ""Trius"", ""Castor"", ""Mytikas"", ""Braga""]","[0.8356335163116455, 0.5916627645492554, 0.4154157042503357, 0.38415467739105225, 0.2779347002506256]"
4,centroid,1,379,Triton,Trius,"[""Trius"", ""Alaris"", ""Mytikas"", ""Alcatras"", ""Triton""]","[0.6780568957328796, 0.6187832355499268, 0.4974960684776306, 0.4760949909687042, 0.4290434718132019]"
4,centroid,1,380,Triton,Triton,"[""Triton"", ""Mytikas"", ""Castor"", ""Trius"", ""Braga""]","[0.8669349551200867, 0.6051081418991089, 0.5114411115646362, 0.42964404821395874, 0.32997122406959534]"
4,centroid,1,381,Triton,Castor,"[""Castor"", ""Mytikas"", ""Triton"", ""Alcatras"", ""Turbine""]","[0.7809469699859619, 0.726097583770752, 0.6408820152282715, 0.6343845129013062, 0.37199562788009644]"
4,centroid,1,382,Triton,Triton,"[""Triton"", ""Castor"", ""Mytikas"", ""Trius"", ""Alcatras""]","[0.8708943128585815, 0.7363329529762268, 0.5532690286636353, 0.5325924158096313, 0.5032327771186829]"
4,centroid,1,383,Triton,Alcatras,"[""Alcatras"", ""Triton"", ""Velorum"", ""Alaris"", ""Mytikas""]","[0.5970834493637085, 0.5025233030319214, 0.45976942777633667, 0.39805498719215393, 0.3322802186012268]"
4,centroid,1,384,Triton,Triton,"[""Triton"", ""Trius"", ""Mytikas"", ""Alcatras"", ""Castor""]","[0.8628667593002319, 0.6892188787460327, 0.6322438716888428, 0.4471595287322998, 0.44399452209472656]"
4,centroid,1,385,Triton,Triton,"[""Triton"", ""Mytikas"", ""Trius"", ""Castor"", ""Alcatras""]","[0.849258303642273, 0.7109727263450623, 0.5660151839256287, 0.5597733855247498, 0.45699864625930786]"
4,centroid,1,386,Triton,Triton,"[""Triton"", ""Mytikas"", ""Trius"", ""Braga"", ""Vega""]","[0.6641906499862671, 0.4724764823913574, 0.45908573269844055, 0.45213764905929565, 0.24459326267242432]"
4,centroid,1,387,Triton,Triton,"[""Triton"", ""Trius"", ""Mytikas"", ""Castor"", ""Braga""]","[0.9012539982795715, 0.634486198425293, 0.567080020904541, 0.4749610424041748, 0.3876335620880127]"
4,centroid,1,388,Triton,Trius,"[""Trius"", ""Triton"", ""Vega"", ""Mytikas"", ""Gemini""]","[0.703213632106781, 0.4195660948753357, 0.4123162627220154, 0.4092569947242737, 0.34355950355529785]"
4,centroid,1,389,Triton,Triton,"[""Triton"", ""Alcatras"", ""Trius"", ""Castor"", ""Mytikas""]","[0.8743311762809753, 0.6509429216384888, 0.6483427286148071, 0.6194837689399719, 0.5943073034286499]"
4,centroid,1,390,Triton,Triton,"[""Triton"", ""Trius"", ""Mytikas"", ""Castor"", ""Braga""]","[0.9103541970252991, 0.6714763641357422, 0.5439454913139343, 0.41809138655662537, 0.31480154395103455]"
4,centroid,1,391,Triton,Triton,"[""Triton"", ""Mytikas"", ""Castor"", ""Trius"", ""Braga""]","[0.8629389405250549, 0.7523286938667297, 0.6197167634963989, 0.598137617111206, 0.45070740580558777]"
4,centroid,1,392,Triton,Triton,"[""Triton"", ""Mytikas"", ""Trius"", ""Castor"", ""Alcatras""]","[0.7845040559768677, 0.6601580381393433, 0.52131187915802, 0.5161959528923035, 0.48616519570350647]"
4,centroid,1,393,Triton,Triton,"[""Triton"", ""Mytikas"", ""Trius"", ""Castor"", ""Alcatras""]","[0.8364132046699524, 0.7182135581970215, 0.5524364709854126, 0.37073543667793274, 0.3649992346763611]"
4,centroid,1,394,Triton,Triton,"[""Triton"", ""Castor"", ""Mytikas"", ""Trius"", ""Braga""]","[0.8343584537506104, 0.5120828151702881, 0.4573012590408325, 0.4275520443916321, 0.29835689067840576]"
4,centroid,1,395,Triton,Triton,"[""Triton"", ""Trius"", ""Mytikas"", ""Braga"", ""Castor""]","[0.7615245580673218, 0.5041686296463013, 0.48667800426483154, 0.2478628009557724, 0.23707567155361176]"
4,centroid,1,396,Triton,Triton,"[""Triton"", ""Mytikas"", ""Trius"", ""Castor"", ""Velorum""]","[0.8853803873062134, 0.6702399253845215, 0.5294737815856934, 0.5280902981758118, 0.3263241946697235]"
4,centroid,1,397,Triton,Triton,"[""Triton"", ""Mytikas"", ""Trius"", ""Castor"", ""Braga""]","[0.7482270002365112, 0.7138158082962036, 0.472062349319458, 0.29267260432243347, 0.22129009664058685]"
4,centroid,1,398,Triton,Mytikas,"[""Mytikas"", ""Alcatras"", ""Triton"", ""Castor"", ""Alaris""]","[0.5544531941413879, 0.5049126148223877, 0.49591413140296936, 0.42010754346847534, 0.3948107957839966]"
4,centroid,1,399,Triton,Triton,"[""Triton"", ""Mytikas"", ""Castor"", ""Trius"", ""Braga""]","[0.8976253271102905, 0.7166222333908081, 0.5121210813522339, 0.386418879032135, 0.3129623532295227]"
4,centroid,1,400,Triton,Triton,"[""Triton"", ""Mytikas"", ""Trius"", ""Castor"", ""Braga""]","[0.7912806272506714, 0.5857815742492676, 0.5176949501037598, 0.47119826078414917, 0.4583664536476135]"
4,centroid,1,401,Triton,Triton,"[""Triton"", ""Mytikas"", ""Castor"", ""Turbine"", ""Trius""]","[0.6270670294761658, 0.3789949417114258, 0.33087795972824097, 0.2510165572166443, 0.22287845611572266]"
4,centroid,1,402,Trius,Triton,"[""Triton"", ""Trius"", ""Mytikas"", ""Braga"", ""Velorum""]","[0.7204606533050537, 0.6261099576950073, 0.509364128112793, 0.4093599319458008, 0.35191404819488525]"
4,centroid,1,403,Trius,Trius,"[""Trius"", ""Gemini"", ""Braga"", ""Mytikas"", ""Triton""]","[0.7016476988792419, 0.5943350195884705, 0.44790831208229065, 0.41022825241088867, 0.3513392210006714]"
4,centroid,1,404,Trius,Trius,"[""Trius"", ""Triton"", ""Alcatras"", ""Mytikas"", ""Braga""]","[0.7638324499130249, 0.7400749325752258, 0.646337628364563, 0.6362628936767578, 0.5989232063293457]"
4,centroid,1,405,Trius,Triton,"[""Triton"", ""Trius"", ""Mytikas"", ""Alcatras"", ""Castor""]","[0.8854741454124451, 0.747800350189209, 0.7455260753631592, 0.575760543346405, 0.573906421661377]"
4,centroid,1,406,Trius,Trius,"[""Trius"", ""Alcatras"", ""Triton"", ""Alaris"", ""Braga""]","[0.6911357045173645, 0.6067049503326416, 0.5241066217422485, 0.4967505931854248, 0.4152878522872925]"
4,centroid,1,407,Trius,Trius,"[""Trius"", ""Gemini"", ""Mytikas"", ""Triton"", ""Vega""]","[0.6719058752059937, 0.47361671924591064, 0.4664114713668823, 0.37703943252563477, 0.2134103626012802]"
4,centroid,1,408,Trius,Trius,"[""Trius"", ""Mytikas"", ""Triton"", ""Alaris"", ""Alcatras""]","[0.8238659501075745, 0.5151228904724121, 0.45199042558670044, 0.37098249793052673, 0.33124080300331116]"
4,centroid,1,409,Trius,Trius,"[""Trius"", ""Alaris"", ""Alcatras"", ""Mytikas"", ""Velorum""]","[0.7929432988166809, 0.6720638871192932, 0.5705296993255615, 0.31849074363708496, 0.278243750333786]"
4,centroid,1,410,Trius,Trius,"[""Trius"", ""Triton"", ""Ilias"", ""Mytikas"", ""Alaris""]","[0.803919792175293, 0.634104311466217, 0.46597176790237427, 0.4086054861545563, 0.3113666772842407]"
4,centroid,1,411,Trius,Trius,"[""Trius"", ""Braga"", ""Alcatras"", ""Alaris"", ""Triton""]","[0.7165805101394653, 0.6573886871337891, 0.5353448390960693, 0.5260809659957886, 0.479467511177063]"
4,centroid,1,412,Trius,Trius,"[""Trius"", ""Triton"", ""Mytikas"", ""Gemini"", ""Braga""]","[0.6711581349372864, 0.6022932529449463, 0.5546450614929199, 0.4118363559246063, 0.411329060792923]"
4,centroid,1,413,Trius,Trius,"[""Trius"", ""Mytikas"", ""Vega"", ""Triton"", ""Alaris""]","[0.7214635610580444, 0.6875013709068298, 0.5101929306983948, 0.4973160922527313, 0.42254823446273804]"
4,centroid,1,414,Trius,Trius,"[""Trius"", ""Triton"", ""Mytikas"", ""Castor"", ""Braga""]","[0.7184739708900452, 0.46087226271629333, 0.41698157787323, 0.36251962184906006, 0.2679808735847473]"
4,centroid,1,415,Trius,Trius,"[""Trius"", ""Triton"", ""Braga"", ""Mytikas"", ""Alcatras""]","[0.8578536510467529, 0.6627547740936279, 0.5667725801467896, 0.48505067825317383, 0.48228710889816284]"
4,centroid,1,416,Trius,Trius,"[""Trius"", ""Braga"", ""Triton"", ""Alcatras"", ""Alaris""]","[0.7387335300445557, 0.7253971099853516, 0.6686756014823914, 0.5716261267662048, 0.5633174180984497]"
4,centroid,1,417,Trius,Trius,"[""Trius"", ""Mytikas"", ""Triton"", ""Alaris"", ""Castor""]","[0.7912929654121399, 0.6360422372817993, 0.5308458805084229, 0.4787712097167969, 0.46371006965637207]"
4,centroid,1,418,Trius,Trius,"[""Trius"", ""Triton"", ""Alaris"", ""Alcatras"", ""Braga""]","[0.8463535904884338, 0.5113492608070374, 0.5032083988189697, 0.4296345114707947, 0.3951212167739868]"
4,centroid,1,419,Trius,Trius,"[""Trius"", ""Triton"", ""Mytikas"", ""Vega"", ""Gemini""]","[0.8316138982772827, 0.5735361576080322, 0.48070263862609863, 0.39132773876190186, 0.29887813329696655]"
4,centroid,1,420,Trius,Trius,"[""Trius"", ""Triton"", ""Velorum"", ""Alaris"", ""Gemini""]","[0.8269901275634766, 0.341727077960968, 0.3353860378265381, 0.32651644945144653, 0.28466808795928955]"
4,centroid,1,421,Trius,Trius,"[""Trius"", ""Triton"", ""Alaris"", ""Alcatras"", ""Braga""]","[0.922366738319397, 0.6366017460823059, 0.5686960220336914, 0.5118638873100281, 0.4654865264892578]"
4,centroid,1,422,Trius,Trius,"[""Trius"", ""Triton"", ""Alcatras"", ""Alaris"", ""Braga""]","[0.7507997155189514, 0.6281649470329285, 0.5235892534255981, 0.5025994777679443, 0.4501582384109497]"
4,centroid,1,423,Trius,Trius,"[""Trius"", ""Triton"", ""Mytikas"", ""Ilias"", ""Alcatras""]","[0.7613322734832764, 0.7347097396850586, 0.4548480808734894, 0.3613942861557007, 0.3170699179172516]"
4,centroid,1,424,Trius,Trius,"[""Trius"", ""Mytikas"", ""Triton"", ""Alaris"", ""Alcatras""]","[0.8162444829940796, 0.6128033399581909, 0.6109631657600403, 0.5614674091339111, 0.4720383882522583]"
4,centroid,1,425,Trius,Trius,"[""Trius"", ""Alaris"", ""Braga"", ""Alcatras"", ""Mytikas""]","[0.815727710723877, 0.5210444927215576, 0.4805275499820709, 0.4678123891353607, 0.4086858034133911]"
4,centroid,1,426,Trius,Mytikas,"[""Mytikas"", ""Triton"", ""Trius"", ""Castor"", ""Gemini""]","[0.7539334297180176, 0.6889160871505737, 0.5804365277290344, 0.30970096588134766, 0.19385945796966553]"
4,centroid,1,427,Trius,Triton,"[""Triton"", ""Trius"", ""Mytikas"", ""Alcatras"", ""Castor""]","[0.6987532377243042, 0.6376039385795593, 0.5287355184555054, 0.4781179130077362, 0.4028981626033783]"
4,centroid,1,428,Trius,Trius,"[""Trius"", ""Triton"", ""Braga"", ""Alcatras"", ""Mytikas""]","[0.9320992231369019, 0.7361351251602173, 0.44976240396499634, 0.4471413493156433, 0.43216413259506226]"
4,centroid,1,429,Trius,Trius,"[""Trius"", ""Mytikas"", ""Gemini"", ""Vega"", ""Triton""]","[0.7289172410964966, 0.44548162817955017, 0.43221330642700195, 0.4214772582054138, 0.3895227611064911]"
4,centroid,1,430,Trius,Vega,"[""Vega"", ""Gemini"", ""Braga"", ""Trius"", ""Mytikas""]","[0.42642179131507874, 0.39563602209091187, 0.39122387766838074, 0.3840751051902771, 0.15678751468658447]"
4,centroid,1,431,Trius,Trius,"[""Trius"", ""Triton"", ""Braga"", ""Mytikas"", ""Alaris""]","[0.8929579854011536, 0.6431080102920532, 0.4123145341873169, 0.39661258459091187, 0.2659033536911011]"
4,centroid,1,432,Trius,Trius,"[""Trius"", ""Triton"", ""Alcatras"", ""Alaris"", ""Mytikas""]","[0.8444851636886597, 0.6722422242164612, 0.5047775506973267, 0.4807049036026001, 0.4224095344543457]"
4,centroid,1,433,Trius,Braga,"[""Braga"", ""Mytikas"", ""Trius"", ""Alcatras"", ""Triton""]","[0.7532259225845337, 0.5270029902458191, 0.5120375752449036, 0.4234432578086853, 0.38862109184265137]"
4,centroid,1,434,Trius,Gemini,"[""Gemini"", ""Braga"", ""Trius"", ""Alcatras"", ""Alaris""]","[0.5794063806533813, 0.5117819309234619, 0.5108826160430908, 0.3865707516670227, 0.37221118807792664]"
4,centroid,1,435,Trius,Trius,"[""Trius"", ""Alaris"", ""Triton"", ""Alcatras"", ""Braga""]","[0.8842192888259888, 0.5898447632789612, 0.5151269435882568, 0.48802393674850464, 0.46028411388397217]"
4,centroid,1,436,Trius,Triton,"[""Triton"", ""Trius"", ""Mytikas"", ""Castor"", ""Velorum""]","[0.7595477104187012, 0.7540649771690369, 0.5155392289161682, 0.38102754950523376, 0.3785354495048523]"
4,centroid,1,437,Trius,Trius,"[""Trius"", ""Braga"", ""Triton"", ""Gemini"", ""Alaris""]","[0.678931474685669, 0.4142668545246124, 0.4040375351905823, 0.3756040334701538, 0.25213301181793213]"
4,centroid,1,438,Trius,Trius,"[""Trius"", ""Triton"", ""Alcatras"", ""Braga"", ""Mytikas""]","[0.8558294177055359, 0.7367871403694153, 0.5588568449020386, 0.5342297554016113, 0.5143064260482788]"
4,centroid,1,439,Trius,Trius,"[""Trius"", ""Triton"", ""Alcatras"", ""Castor"", ""Alaris""]","[0.7527804374694824, 0.6226747035980225, 0.39334389567375183, 0.36793190240859985, 0.24834875762462616]"
4,centroid,1,440,Trius,Trius,"[""Trius"", ""Alaris"", ""Alcatras"", ""Triton"", ""Mytikas""]","[0.7923246622085571, 0.7305876612663269, 0.6856138706207275, 0.5383944511413574, 0.4966152012348175]"
4,centroid,1,441,Trius,Triton,"[""Triton"", ""Trius"", ""Mytikas"", ""Braga"", ""Castor""]","[0.8130573034286499, 0.7885943651199341, 0.6723870038986206, 0.42103102803230286, 0.35563623905181885]"
4,centroid,1,442,Turbine,Turbine,"[""Turbine"", ""Hawk"", ""Braga"", ""Vega"", ""Castor""]","[0.8762229084968567, 0.517259955406189, 0.45170557498931885, 0.3673113286495209, 0.20371726155281067]"
4,centroid,1,443,Turbine,Turbine,"[""Turbine"", ""Hawk"", ""Alaris"", ""Alcatras"", ""Mytikas""]","[0.7864249348640442, 0.4989336431026459, 0.4676808714866638, 0.45453977584838867, 0.443830668926239]"
4,centroid,1,444,Turbine,Turbine,"[""Turbine"", ""Braga"", ""Hawk"", ""Vega"", ""Castor""]","[0.9096468687057495, 0.4436391592025757, 0.4380080997943878, 0.4277821183204651, 0.41160279512405396]"
4,centroid,1,445,Turbine,Turbine,"[""Turbine"", ""Hawk"", ""Braga"", ""Castor"", ""Alcatras""]","[0.8634161353111267, 0.5920295715332031, 0.44342565536499023, 0.40548157691955566, 0.3516303300857544]"
4,centroid,1,446,Turbine,Alcatras,"[""Alcatras"", ""Alaris"", ""Turbine"", ""Castor"", ""Hawk""]","[0.6744556427001953, 0.6603085994720459, 0.634811282157898, 0.5137742757797241, 0.46457284688949585]"
4,centroid,1,447,Turbine,Turbine,"[""Turbine"", ""Alaris"", ""Hawk"", ""Alcatras"", ""Castor""]","[0.8673957586288452, 0.4782482087612152, 0.4262530207633972, 0.4072088897228241, 0.38526642322540283]"
4,centroid,1,448,Turbine,Turbine,"[""Turbine"", ""Braga"", ""Castor"", ""Hawk"", ""Mytikas""]","[0.9397163391113281, 0.5142236948013306, 0.4663545787334442, 0.43353331089019775, 0.31821367144584656]"
4,centroid,1,449,Turbine,Turbine,"[""Turbine"", ""Hawk"", ""Braga"", ""Vega"", ""Alaris""]","[0.7784538865089417, 0.6737185716629028, 0.6085252165794373, 0.5893286466598511, 0.35123032331466675]"
4,centroid,1,450,Turbine,Turbine,"[""Turbine"", ""Castor"", ""Braga"", ""Alcatras"", ""Mytikas""]","[0.8244773149490356, 0.7033947706222534, 0.5436217188835144, 0.44958096742630005, 0.34911197423934937]"
4,centroid,1,451,Turbine,Castor,"[""Castor"", ""Turbine"", ""Triton"", ""Mytikas"", ""Alcatras""]","[0.8529430627822876, 0.5157510042190552, 0.5070347785949707, 0.45468711853027344, 0.4017984867095947]"
4,centroid,1,452,Turbine,Turbine,"[""Turbine"", ""Vega"", ""Alaris"", ""Hawk"", ""Braga""]","[0.7296074628829956, 0.5142340660095215, 0.4989509880542755, 0.4884018301963806, 0.45645439624786377]"
4,centroid,1,453,Turbine,Turbine,"[""Turbine"", ""Hawk"", ""Mytikas"", ""Vega"", ""Alaris""]","[0.6844896078109741, 0.5184071063995361, 0.4892193078994751, 0.4641542434692383, 0.4387924075126648]"
4,centroid,1,454,Turbine,Castor,"[""Castor"", ""Turbine"", ""Alcatras"", ""Triton"", ""Trius""]","[0.8313167691230774, 0.5404645204544067, 0.5336925983428955, 0.45317500829696655, 0.41539615392684937]"
4,centroid,1,455,Turbine,Castor,"[""Castor"", ""Turbine"", ""Braga"", ""Alcatras"", ""Alaris""]","[0.6627244353294373, 0.6428501605987549, 0.4763219356536865, 0.3607204556465149, 0.2777925431728363]"
4,centroid,1,456,Turbine,Turbine,"[""Turbine"", ""Castor"", ""Alcatras"", ""Alaris"", ""Hawk""]","[0.8950948715209961, 0.5614995360374451, 0.4981752336025238, 0.4967449903488159, 0.4535033702850342]"
4,centroid,1,457,Turbine,Turbine,"[""Turbine"", ""Hawk"", ""Mytikas"", ""Vega"", ""Castor""]","[0.8948347568511963, 0.4837449789047241, 0.403794527053833, 0.38674116134643555, 0.3575705587863922]"
4,centroid,1,458,Turbine,Turbine,"[""Turbine"", ""Braga"", ""Castor"", ""Hawk"", ""Mytikas""]","[0.9249602556228638, 0.5121253728866577, 0.405495822429657, 0.37229475378990173, 0.27314841747283936]"
4,centroid,1,459,Turbine,Turbine,"[""Turbine"", ""Alcatras"", ""Alaris"", ""Castor"", ""Hawk""]","[0.7828296422958374, 0.5885837078094482, 0.5729018449783325, 0.5621169805526733, 0.435946524143219]"
4,centroid,1,460,Turbine,Turbine,"[""Turbine"", ""Hawk"", ""Braga"", ""Castor"", ""Alcatras""]","[0.8969694375991821, 0.5095221400260925, 0.3870171010494232, 0.37886542081832886, 0.35152554512023926]"
4,centroid,1,461,Turbine,Turbine,"[""Turbine"", ""Castor"", ""Alcatras"", ""Mytikas"", ""Triton""]","[0.8261352777481079, 0.6082673072814941, 0.3816418945789337, 0.3791850209236145, 0.27048027515411377]"
4,centroid,1,462,Turbine,Turbine,"[""Turbine"", ""Braga"", ""Hawk"", ""Vega"", ""Gemini""]","[0.8628463745117188, 0.44368892908096313, 0.4071478843688965, 0.3607911467552185, 0.14543375372886658]"
4,centroid,1,463,Turbine,Turbine,"[""Turbine"", ""Braga"", ""Castor"", ""Hawk"", ""Vega""]","[0.8019529581069946, 0.6909646391868591, 0.4856584668159485, 0.3035276532173157, 0.2754359841346741]"
4,centroid,1,464,Turbine,Turbine,"[""Turbine"", ""Hawk"", ""Alaris"", ""Alcatras"", ""Braga""]","[0.6995042562484741, 0.47314584255218506, 0.45333564281463623, 0.43109288811683655, 0.29217013716697693]"
4,centroid,1,465,Turbine,Castor,"[""Castor"", ""Turbine"", ""Alcatras"", ""Alaris"", ""Braga""]","[0.8336936235427856, 0.7102718949317932, 0.657190203666687, 0.5174564123153687, 0.45767441391944885]"
4,centroid,1,466,Turbine,Alaris,"[""Alaris"", ""Vega"", ""Alcatras"", ""Turbine"", ""Trius""]","[0.5788112282752991, 0.5273504853248596, 0.4934491515159607, 0.46496373414993286, 0.44500017166137695]"
4,centroid,1,467,Turbine,Turbine,"[""Turbine"", ""Braga"", ""Hawk"", ""Castor"", ""Vega""]","[0.8932411670684814, 0.47232377529144287, 0.36780673265457153, 0.35801050066947937, 0.21324944496154785]"
4,centroid,1,468,Turbine,Turbine,"[""Turbine"", ""Castor"", ""Alaris"", ""Mytikas"", ""Alcatras""]","[0.8688029646873474, 0.5081319808959961, 0.48665547370910645, 0.446328341960907, 0.44421064853668213]"
4,centroid,1,469,Vega,Vega,"[""Vega"", ""Hawk"", ""Turbine"", ""Mytikas"", ""Braga""]","[0.7385050654411316, 0.5886155962944031, 0.5500482320785522, 0.5440971255302429, 0.4973987936973572]"
4,centroid,1,470,Vega,Vega,"[""Vega"", ""Trius"", ""Alaris"", ""Braga"", ""Alcatras""]","[0.7622997164726257, 0.5346549153327942, 0.5072271823883057, 0.4083309769630432, 0.3243362307548523]"
4,centroid,1,471,Vega,Vega,"[""Vega"", ""Hawk"", ""Alaris"", ""Braga"", ""Turbine""]","[0.8925917148590088, 0.5092836618423462, 0.5088937282562256, 0.4789476692676544, 0.4744117259979248]"
4,centroid,1,472,Vega,Vega,"[""Vega"", ""Gemini"", ""Braga"", ""Alaris"", ""Hawk""]","[0.8777303099632263, 0.40244317054748535, 0.3713354170322418, 0.359420508146286, 0.30482950806617737]"
4,centroid,1,473,Vega,Vega,"[""Vega"", ""Braga"", ""Alaris"", ""Hawk"", ""Turbine""]","[0.9244826436042786, 0.44980698823928833, 0.41298907995224, 0.4015052020549774, 0.38209331035614014]"
4,centroid,1,474,Vega,Vega,"[""Vega"", ""Hawk"", ""Alaris"", ""Turbine"", ""Braga""]","[0.920370876789093, 0.4665495753288269, 0.46382999420166016, 0.4317166209220886, 0.359138548374176]"
4,centroid,1,475,Vega,Vega,"[""Vega"", ""Turbine"", ""Hawk"", ""Alaris"", ""Braga""]","[0.8802222609519958, 0.5316323041915894, 0.3952265977859497, 0.3682372570037842, 0.20263266563415527]"
4,centroid,1,476,Vega,Vega,"[""Vega"", ""Braga"", ""Gemini"", ""Hawk"", ""Alaris""]","[0.7860727906227112, 0.6001996994018555, 0.5802546739578247, 0.39531853795051575, 0.22192157804965973]"
4,centroid,1,477,Vega,Vega,"[""Vega"", ""Hawk"", ""Alaris"", ""Alcatras"", ""Braga""]","[0.8907252550125122, 0.4210333228111267, 0.3857170343399048, 0.3797794580459595, 0.3655465245246887]"
4,centroid,1,478,Vega,Vega,"[""Vega"", ""Turbine"", ""Hawk"", ""Gemini"", ""Braga""]","[0.8188483119010925, 0.45707961916923523, 0.3890236020088196, 0.28699254989624023, 0.24948951601982117]"
4,centroid,1,479,Vega,Vega,"[""Vega"", ""Hawk"", ""Braga"", ""Alaris"", ""Turbine""]","[0.9027827382087708, 0.5953035354614258, 0.5784428119659424, 0.4951121211051941, 0.4134071469306946]"
4,centroid,1,480,Vega,Vega,"[""Vega"", ""Hawk"", ""Gemini"", ""Turbine"", ""Braga""]","[0.9363383054733276, 0.48241934180259705, 0.39334243535995483, 0.3274417519569397, 0.27216777205467224]"
4,centroid,1,481,Vega,Vega,"[""Vega"", ""Gemini"", ""Hawk"", ""Xtreme"", ""Braga""]","[0.711602509021759, 0.6525861620903015, 0.42302441596984863, 0.28367429971694946, 0.27467501163482666]"
4,centroid,1,482,Vega,Vega,"[""Vega"", ""Hawk"", ""Braga"", ""Alaris"", ""Gemini""]","[0.9471224546432495, 0.5060268640518188, 0.4342794120311737, 0.40181922912597656, 0.3917548656463623]"
4,centroid,1,483,Vega,Vega,"[""Vega"", ""Gemini"", ""Braga"", ""Turbine"", ""Alaris""]","[0.9357632398605347, 0.4175455570220947, 0.4103793799877167, 0.3243142366409302, 0.26591429114341736]"
4,centroid,1,484,Vega,Vega,"[""Vega"", ""Braga"", ""Turbine"", ""Gemini"", ""Hawk""]","[0.8342583179473877, 0.5148770809173584, 0.43229180574417114, 0.3930937647819519, 0.2622602880001068]"
4,centroid,1,485,Vega,Vega,"[""Vega"", ""Gemini"", ""Braga"", ""Hawk"", ""Trius""]","[0.8985116481781006, 0.5396473407745361, 0.3142271637916565, 0.3091288208961487, 0.15435832738876343]"
4,centroid,1,486,Vega,Vega,"[""Vega"", ""Gemini"", ""Braga"", ""Alaris"", ""Hawk""]","[0.913063645362854, 0.4722883105278015, 0.4228774309158325, 0.41098570823669434, 0.3822471499443054]"
4,centroid,1,487,Vega,Vega,"[""Vega"", ""Braga"", ""Hawk"", ""Turbine"", ""Alaris""]","[0.8034542202949524, 0.6010094285011292, 0.5159361362457275, 0.5057528018951416, 0.3303292393684387]"
4,centroid,1,488,Vega,Vega,"[""Vega"", ""Hawk"", ""Gemini"", ""Braga"", ""Alaris""]","[0.920546293258667, 0.44388440251350403, 0.38066449761390686, 0.2947319746017456, 0.24569910764694214]"
4,centroid,1,489,Vega,Vega,"[""Vega"", ""Turbine"", ""Hawk"", ""Alaris"", ""Gemini""]","[0.7800549268722534, 0.40891292691230774, 0.37666958570480347, 0.33621251583099365, 0.24046045541763306]"
4,centroid,1,490,Vega,Vega,"[""Vega"", ""Alaris"", ""Braga"", ""Alcatras"", ""Turbine""]","[0.8647944927215576, 0.4688378870487213, 0.43864887952804565, 0.3209141194820404, 0.29508036375045776]"
4,centroid,1,491,Vega,Vega,"[""Vega"", ""Hawk"", ""Gemini"", ""Braga"", ""Turbine""]","[0.9347602128982544, 0.4854643642902374, 0.44627127051353455, 0.40141600370407104, 0.3218788206577301]"
4,centroid,1,492,Vega,Vega,"[""Vega"", ""Hawk"", ""Braga"", ""Turbine"", ""Alaris""]","[0.9089820384979248, 0.5368947982788086, 0.4903191328048706, 0.42526450753211975, 0.37511777877807617]"
4,centroid,1,493,Vega,Vega,"[""Vega"", ""Turbine"", ""Hawk"", ""Gemini"", ""Braga""]","[0.8183956146240234, 0.2994632124900818, 0.2783340513706207, 0.2213720977306366, 0.1583000123500824]"
4,centroid,1,494,Vega,Vega,"[""Vega"", ""Hawk"", ""Turbine"", ""Gemini"", ""Braga""]","[0.9000654816627502, 0.5102047324180603, 0.4778417646884918, 0.3790493607521057, 0.3665386438369751]"
4,centroid,1,495,Vega,Vega,"[""Vega"", ""Alaris"", ""Turbine"", ""Hawk"", ""Braga""]","[0.7416034936904907, 0.5655898451805115, 0.48266762495040894, 0.45749974250793457, 0.32758277654647827]"
4,centroid,1,496,Vega,Vega,"[""Vega"", ""Gemini"", ""Turbine"", ""Hawk"", ""Braga""]","[0.7812647819519043, 0.6335263252258301, 0.3714402914047241, 0.32405591011047363, 0.30415797233581543]"
4,centroid,1,497,Vega,Vega,"[""Vega"", ""Alaris"", ""Gemini"", ""Ratikon"", ""Braga""]","[0.8825963735580444, 0.3053708076477051, 0.17967000603675842, 0.142746239900589, 0.1424790471792221]"
4,centroid,1,498,Vega,Vega,"[""Vega"", ""Braga"", ""Hawk"", ""Gemini"", ""Turbine""]","[0.8324681520462036, 0.5355980396270752, 0.5209140777587891, 0.3971337676048279, 0.3486514091491699]"
4,centroid,1,499,Vega,Vega,"[""Vega"", ""Gemini"", ""Trius"", ""Alaris"", ""Turbine""]","[0.8612468242645264, 0.35313794016838074, 0.30702584981918335, 0.29389214515686035, 0.2522561848163605]"
4,centroid,1,500,Vega,Vega,"[""Vega"", ""Hawk"", ""Gemini"", ""Alaris"", ""Braga""]","[0.933961808681488, 0.41421598196029663, 0.33271732926368713, 0.31460756063461304, 0.30249425768852234]"
4,centroid,1,501,Vega,Vega,"[""Vega"", ""Gemini"", ""Hawk"", ""Turbine"", ""Braga""]","[0.8976153135299683, 0.4325377941131592, 0.28497031331062317, 0.22571268677711487, 0.15527638792991638]"
4,centroid,1,502,Vega,Vega,"[""Vega"", ""Hawk"", ""Turbine"", ""Braga"", ""Alaris""]","[0.8927973508834839, 0.6436606645584106, 0.4363895356655121, 0.357366144657135, 0.3123968541622162]"
4,centroid,1,503,Vega,Vega,"[""Vega"", ""Alaris"", ""Hawk"", ""Braga"", ""Turbine""]","[0.9659134149551392, 0.4355446696281433, 0.42271968722343445, 0.3697773516178131, 0.3306301534175873]"
4,centroid,1,504,Velorum,Velorum,"[""Velorum"", ""Nivalis"", ""Ilias"", ""Denom"", ""Ratikon""]","[0.9252411127090454, 0.5003113746643066, 0.48764538764953613, 0.3210640847682953, 0.2085569053888321]"
4,centroid,1,505,Velorum,Velorum,"[""Velorum"", ""Ilias"", ""Triton"", ""Nivalis"", ""Castor""]","[0.920575737953186, 0.3500785827636719, 0.24241550266742706, 0.20038411021232605, 0.16610834002494812]"
4,centroid,1,506,Velorum,Velorum,"[""Velorum"", ""Ilias"", ""Nivalis"", ""Triton"", ""Mytikas""]","[0.8065395951271057, 0.5103117227554321, 0.4088832139968872, 0.3411688804626465, 0.32634252309799194]"
4,centroid,1,507,Velorum,Velorum,"[""Velorum"", ""Ilias"", ""Nivalis"", ""Denom"", ""Ratikon""]","[0.7780417203903198, 0.5665810108184814, 0.4550839066505432, 0.33603131771087646, 0.3099939227104187]"
4,centroid,1,508,Velorum,Velorum,"[""Velorum"", ""Nivalis"", ""Ilias"", ""Denom"", ""Ratikon""]","[0.9374995231628418, 0.5693112015724182, 0.4259338080883026, 0.3657820224761963, 0.2760181427001953]"
4,centroid,1,509,Velorum,Velorum,"[""Velorum"", ""Ilias"", ""Nivalis"", ""Denom"", ""Alcatras""]","[0.9316128492355347, 0.4164285957813263, 0.40668821334838867, 0.357627272605896, 0.23457755148410797]"
4,centroid,1,510,Velorum,Velorum,"[""Velorum"", ""Nivalis"", ""Ilias"", ""Denom"", ""Ratikon""]","[0.9550212621688843, 0.5031447410583496, 0.4415155351161957, 0.3240373134613037, 0.15662235021591187]"
4,centroid,1,511,Velorum,Velorum,"[""Velorum"", ""Ilias"", ""Nivalis"", ""Triton"", ""Denom""]","[0.7986217737197876, 0.6476207375526428, 0.3914906978607178, 0.384678453207016, 0.3555055260658264]"
4,centroid,1,512,Velorum,Velorum,"[""Velorum"", ""Nivalis"", ""Ilias"", ""Castor"", ""Ratikon""]","[0.874323308467865, 0.39079713821411133, 0.35793614387512207, 0.14502663910388947, 0.12015058100223541]"
4,centroid,1,513,Velorum,Velorum,"[""Velorum"", ""Nivalis"", ""Ilias"", ""Denom"", ""Xtreme""]","[0.7298137545585632, 0.49722251296043396, 0.3924233913421631, 0.205067977309227, 0.14905932545661926]"
4,centroid,1,514,Velorum,Velorum,"[""Velorum"", ""Ilias"", ""Nivalis"", ""Denom"", ""Triton""]","[0.9370187520980835, 0.446908175945282, 0.3987273573875427, 0.1980670690536499, 0.12744256854057312]"
4,centroid,1,515,Velorum,Velorum,"[""Velorum"", ""Ilias"", ""Denom"", ""Nivalis"", ""Ratikon""]","[0.7085607051849365, 0.640190064907074, 0.5285834074020386, 0.41103672981262207, 0.3821558952331543]"
4,centroid,1,516,Velorum,Velorum,"[""Velorum"", ""Ilias"", ""Nivalis"", ""Triton"", ""Denom""]","[0.9330724477767944, 0.4356490671634674, 0.34239938855171204, 0.1847902536392212, 0.17281204462051392]"
4,centroid,1,517,Velorum,Velorum,"[""Velorum"", ""Ilias"", ""Nivalis"", ""Denom"", ""Trius""]","[0.925605297088623, 0.5357212424278259, 0.30689072608947754, 0.22764216363430023, 0.22617903351783752]"
4,centroid,1,518,Velorum,Denom,"[""Denom"", ""Trius"", ""Ratikon"", ""Alaris"", ""Ilias""]","[0.49553975462913513, 0.4392828047275543, 0.37993913888931274, 0.25197911262512207, 0.24100351333618164]"
4,centroid,1,519,Velorum,Velorum,"[""Velorum"", ""Ilias"", ""Nivalis"", ""Denom"", ""Trius""]","[0.9188735485076904, 0.37677308917045593, 0.28777414560317993, 0.25795334577560425, 0.15087804198265076]"
4,centroid,1,520,Velorum,Velorum,"[""Velorum"", ""Ilias"", ""Nivalis"", ""Triton"", ""Trius""]","[0.867455005645752, 0.5893619060516357, 0.2930086553096771, 0.2614956498146057, 0.23932558298110962]"
4,centroid,1,521,Velorum,Velorum,"[""Velorum"", ""Ilias"", ""Triton"", ""Mytikas"", ""Nivalis""]","[0.8437937498092651, 0.5484773516654968, 0.35945093631744385, 0.25213873386383057, 0.17512309551239014]"
4,centroid,1,522,Velorum,Velorum,"[""Velorum"", ""Nivalis"", ""Ilias"", ""Ratikon"", ""Mytikas""]","[0.7317094206809998, 0.4957142770290375, 0.36134374141693115, 0.2929185628890991, 0.2003520429134369]"
4,centroid,1,523,Velorum,Velorum,"[""Velorum"", ""Trius"", ""Ilias"", ""Triton"", ""Alcatras""]","[0.7838538885116577, 0.4212266206741333, 0.3735421299934387, 0.3469393849372864, 0.25148215889930725]"
4,centroid,1,524,Velorum,Velorum,"[""Velorum"", ""Ilias"", ""Nivalis"", ""Triton"", ""Mytikas""]","[0.8609820604324341, 0.45258060097694397, 0.40744686126708984, 0.22943030297756195, 0.17501023411750793]"
4,centroid,1,525,Velorum,Velorum,"[""Velorum"", ""Denom"", ""Nivalis"", ""Ilias"", ""Ratikon""]","[0.7613626718521118, 0.6332031488418579, 0.5230541229248047, 0.5014212727546692, 0.4548446238040924]"
4,centroid,1,526,Velorum,Velorum,"[""Velorum"", ""Ilias"", ""Nivalis"", ""Denom"", ""Ratikon""]","[0.902184009552002, 0.6244733929634094, 0.4150632321834564, 0.3198464512825012, 0.2944697141647339]"
4,centroid,1,527,Velorum,Velorum,"[""Velorum"", ""Nivalis"", ""Ilias"", ""Denom"", ""Ratikon""]","[0.9243629574775696, 0.5760321617126465, 0.5680291652679443, 0.47480276226997375, 0.4183483123779297]"
4,centroid,1,528,Velorum,Velorum,"[""Velorum"", ""Ilias"", ""Denom"", ""Nivalis"", ""Ratikon""]","[0.8652889132499695, 0.618462324142456, 0.6128370761871338, 0.5246190428733826, 0.43550848960876465]"
4,centroid,1,529,Velorum,Velorum,"[""Velorum"", ""Ilias"", ""Triton"", ""Nivalis"", ""Trius""]","[0.825909435749054, 0.6672015190124512, 0.30958348512649536, 0.30527999997138977, 0.2450057566165924]"
4,centroid,1,530,Velorum,Velorum,"[""Velorum"", ""Ilias"", ""Nivalis"", ""Ratikon"", ""Denom""]","[0.9303029775619507, 0.5101996660232544, 0.4061836898326874, 0.2817825973033905, 0.25230324268341064]"
4,centroid,1,531,Velorum,Velorum,"[""Velorum"", ""Ilias"", ""Nivalis"", ""Ratikon"", ""Denom""]","[0.8251117467880249, 0.6004205346107483, 0.4783245325088501, 0.4063137173652649, 0.40561461448669434]"
4,centroid,1,532,Velorum,Velorum,"[""Velorum"", ""Ilias"", ""Nivalis"", ""Ratikon"", ""Denom""]","[0.8459464311599731, 0.6977769136428833, 0.4591742753982544, 0.43548154830932617, 0.4081147611141205]"
4,centroid,1,533,Velorum,Velorum,"[""Velorum"", ""Nivalis"", ""Ilias"", ""Castor"", ""Alcatras""]","[0.824211597442627, 0.2900923490524292, 0.2340538054704666, 0.16719236969947815, 0.13292352855205536]"
4,centroid,1,534,Velorum,Velorum,"[""Velorum"", ""Ilias"", ""Nivalis"", ""Mytikas"", ""Triton""]","[0.7206931710243225, 0.375110387802124, 0.268329918384552, 0.23702414333820343, 0.2300407439470291]"
4,centroid,1,535,Velorum,Alcatras,"[""Alcatras"", ""Velorum"", ""Castor"", ""Alaris"", ""Triton""]","[0.5110822916030884, 0.5064113140106201, 0.4075464904308319, 0.32399940490722656, 0.3163982629776001]"
4,centroid,1,536,Velorum,Velorum,"[""Velorum"", ""Ilias"", ""Alcatras"", ""Nivalis"", ""Denom""]","[0.8910911679267883, 0.4843623638153076, 0.2828829288482666, 0.2525998651981354, 0.18112730979919434]"
4,centroid,1,537,Velorum,Velorum,"[""Velorum"", ""Nivalis"", ""Denom"", ""Ilias"", ""Ratikon""]","[0.902942955493927, 0.39111804962158203, 0.3693481385707855, 0.36398249864578247, 0.2541540265083313]"
4,centroid,1,538,Velorum,Velorum,"[""Velorum"", ""Ilias"", ""Nivalis"", ""Denom"", ""Ratikon""]","[0.8374725580215454, 0.6356754302978516, 0.5214537382125854, 0.4816286563873291, 0.4757271409034729]"
4,centroid,1,539,Velorum,Velorum,"[""Velorum"", ""Nivalis"", ""Ilias"", ""Ratikon"", ""Mytikas""]","[0.8028010725975037, 0.4743233025074005, 0.306251585483551, 0.19504886865615845, 0.182701975107193]"
4,centroid,1,540,Velorum,Velorum,"[""Velorum"", ""Ilias"", ""Nivalis"", ""Triton"", ""Denom""]","[0.9113559722900391, 0.4553949236869812, 0.3480220437049866, 0.18213577568531036, 0.14044231176376343]"
4,centroid,1,541,Velorum,Velorum,"[""Velorum"", ""Ilias"", ""Nivalis"", ""Denom"", ""Ratikon""]","[0.906302809715271, 0.580552875995636, 0.5604485273361206, 0.32730579376220703, 0.30233699083328247]"
4,centroid,1,542,Velorum,Velorum,"[""Velorum"", ""Nivalis"", ""Ilias"", ""Denom"", ""Ratikon""]","[0.8898818492889404, 0.49683910608291626, 0.48235055804252625, 0.47385910153388977, 0.4237031936645508]"
4,centroid,1,543,Velorum,Velorum,"[""Velorum"", ""Nivalis"", ""Ilias"", ""Ratikon"", ""Denom""]","[0.8652874231338501, 0.49909305572509766, 0.3744535446166992, 0.23728716373443604, 0.19194117188453674]"
4,centroid,1,544,Velorum,Velorum,"[""Velorum"", ""Ilias"", ""Triton"", ""Nivalis"", ""Castor""]","[0.9247111678123474, 0.3686845898628235, 0.28954485058784485, 0.27234020829200745, 0.2566435635089874]"
4,centroid,1,545,Velorum,Velorum,"[""Velorum"", ""Ilias"", ""Triton"", ""Castor"", ""Alcatras""]","[0.8593397736549377, 0.3993133306503296, 0.32576078176498413, 0.3187624216079712, 0.21257507801055908]"
4,centroid,1,546,Velorum,Velorum,"[""Velorum"", ""Nivalis"", ""Ilias"", ""Denom"", ""Ratikon""]","[0.9467617273330688, 0.5958259105682373, 0.5232274532318115, 0.4620152413845062, 0.3578515648841858]"
4,centroid,1,547,Velorum,Velorum,"[""Velorum"", ""Ilias"", ""Nivalis"", ""Triton"", ""Denom""]","[0.9148327112197876, 0.46638792753219604, 0.26925402879714966, 0.21517398953437805, 0.17922639846801758]"
4,centroid,1,548,Velorum,Velorum,"[""Velorum"", ""Nivalis"", ""Denom"", ""Ilias"", ""Ratikon""]","[0.9342548847198486, 0.546894371509552, 0.41167473793029785, 0.3726698160171509, 0.25519466400146484]"
4,centroid,1,549,Velorum,Velorum,"[""Velorum"", ""Ilias"", ""Triton"", ""Trius"", ""Mytikas""]","[0.7463970184326172, 0.4427143335342407, 0.4132324457168579, 0.37135791778564453, 0.20255590975284576]"
4,centroid,1,550,Velorum,Velorum,"[""Velorum"", ""Ilias"", ""Nivalis"", ""Denom"", ""Ratikon""]","[0.9319103956222534, 0.4686323404312134, 0.4217900335788727, 0.20420104265213013, 0.1792621910572052]"
4,centroid,1,551,Velorum,Velorum,"[""Velorum"", ""Ilias"", ""Triton"", ""Nivalis"", ""Trius""]","[0.9013895988464355, 0.3839031159877777, 0.2095499038696289, 0.19492238759994507, 0.16012147068977356]"
4,centroid,1,552,Velorum,Velorum,"[""Velorum"", ""Ilias"", ""Nivalis"", ""Triton"", ""Alcatras""]","[0.8600254654884338, 0.3612799644470215, 0.23465384542942047, 0.1979895830154419, 0.16883258521556854]"
4,centroid,1,553,Velorum,Velorum,"[""Velorum"", ""Ilias"", ""Nivalis"", ""Denom"", ""Ratikon""]","[0.8439068794250488, 0.5410794019699097, 0.34154951572418213, 0.3222436010837555, 0.26167750358581543]"
4,centroid,1,554,Velorum,Velorum,"[""Velorum"", ""Ilias"", ""Nivalis"", ""Triton"", ""Denom""]","[0.9107470512390137, 0.4367504119873047, 0.33163386583328247, 0.23705774545669556, 0.15360544621944427]"
4,centroid,1,555,Velorum,Velorum,"[""Velorum"", ""Ilias"", ""Triton"", ""Castor"", ""Alcatras""]","[0.8146311044692993, 0.35756292939186096, 0.35332566499710083, 0.335210919380188, 0.30271077156066895]"
4,centroid,1,556,Velorum,Velorum,"[""Velorum"", ""Ilias"", ""Nivalis"", ""Triton"", ""Xtreme""]","[0.9005013108253479, 0.36381712555885315, 0.33841338753700256, 0.1676008701324463, 0.14580950140953064]"
4,centroid,1,557,Velorum,Velorum,"[""Velorum"", ""Ilias"", ""Nivalis"", ""Denom"", ""Ratikon""]","[0.9411735534667969, 0.5320796966552734, 0.44696366786956787, 0.26734185218811035, 0.2275458723306656]"
4,centroid,1,558,Velorum,Velorum,"[""Velorum"", ""Ilias"", ""Nivalis"", ""Triton"", ""Denom""]","[0.916670024394989, 0.4230499863624573, 0.26307541131973267, 0.2342846691608429, 0.1644100695848465]"
4,centroid,1,559,Velorum,Velorum,"[""Velorum"", ""Nivalis"", ""Ilias"", ""Denom"", ""Ratikon""]","[0.9479339122772217, 0.5276316404342651, 0.4684940576553345, 0.35455086827278137, 0.20824970304965973]"
4,centroid,1,560,Velorum,Velorum,"[""Velorum"", ""Nivalis"", ""Ilias"", ""Denom"", ""Ratikon""]","[0.9452292919158936, 0.5618776679039001, 0.5274156332015991, 0.40799564123153687, 0.28545844554901123]"
4,centroid,1,561,Velorum,Velorum,"[""Velorum"", ""Ilias"", ""Nivalis"", ""Ratikon"", ""Denom""]","[0.8424170017242432, 0.5970343351364136, 0.5504885911941528, 0.43764162063598633, 0.3505510091781616]"
4,centroid,1,562,Velorum,Velorum,"[""Velorum"", ""Ilias"", ""Denom"", ""Nivalis"", ""Ratikon""]","[0.8057149052619934, 0.7184518575668335, 0.5284295082092285, 0.4982997179031372, 0.4937109649181366]"
4,centroid,1,563,Xtreme,Xtreme,"[""Xtreme"", ""Gemini"", ""Steel_Wheel"", ""Triton"", ""Braga""]","[0.8577492833137512, 0.4510157108306885, 0.13145598769187927, 0.04663042724132538, 0.008847903460264206]"
4,centroid,1,564,Xtreme,Xtreme,"[""Xtreme"", ""Velorum"", ""Triton"", ""Braga"", ""Nivalis""]","[0.6538171768188477, 0.32362377643585205, 0.14287017285823822, 0.09616824984550476, 0.07140139490365982]"
4,centroid,1,565,Xtreme,Xtreme,"[""Xtreme"", ""Gemini"", ""Steel_Wheel"", ""Ilias"", ""Nivalis""]","[0.9511620402336121, 0.37064221501350403, 0.07315532118082047, -0.014763187617063522, -0.04938952252268791]"
4,centroid,1,566,Xtreme,Xtreme,"[""Xtreme"", ""Gemini"", ""Steel_Wheel"", ""Ilias"", ""Velorum""]","[0.9566637277603149, 0.3798442482948303, 0.030166160315275192, 0.0066487230360507965, -0.03910842910408974]"
4,centroid,1,567,Xtreme,Xtreme,"[""Xtreme"", ""Gemini"", ""Denom"", ""Trius"", ""Nivalis""]","[0.6998534202575684, 0.46049344539642334, 0.17418180406093597, 0.17340101301670074, 0.1083466038107872]"
4,centroid,1,568,Xtreme,Xtreme,"[""Xtreme"", ""Gemini"", ""Ilias"", ""Nivalis"", ""Triton""]","[0.8892068862915039, 0.3967740833759308, 0.0835491344332695, 0.03748379647731781, 0.001119907945394516]"
4,centroid,1,569,Xtreme,Xtreme,"[""Xtreme"", ""Gemini"", ""Steel_Wheel"", ""Ilias"", ""Nivalis""]","[0.9317668676376343, 0.5489380359649658, 0.08370812982320786, -0.026351794600486755, -0.040211789309978485]"
4,centroid,1,570,Xtreme,Xtreme,"[""Xtreme"", ""Gemini"", ""Nivalis"", ""Steel_Wheel"", ""Denom""]","[0.9517033100128174, 0.4008173942565918, 0.09653003513813019, 0.04615034908056259, -0.009237699210643768]"
4,centroid,1,571,Xtreme,Xtreme,"[""Xtreme"", ""Gemini"", ""Steel_Wheel"", ""Trius"", ""Nivalis""]","[0.645173966884613, 0.4707135260105133, 0.21579639613628387, 0.11560317873954773, 0.10253980755805969]"
4,centroid,1,572,Xtreme,Xtreme,"[""Xtreme"", ""Gemini"", ""Steel_Wheel"", ""Ilias"", ""Nivalis""]","[0.9700949192047119, 0.394222229719162, 0.03972351551055908, 0.008485719561576843, -0.033643972128629684]"
4,centroid,1,573,Xtreme,Xtreme,"[""Xtreme"", ""Gemini"", ""Mytikas"", ""Triton"", ""Trius""]","[0.6902230978012085, 0.45722097158432007, 0.3713507056236267, 0.2508067786693573, 0.21859464049339294]"
4,centroid,1,574,Xtreme,Xtreme,"[""Xtreme"", ""Gemini"", ""Ilias"", ""Steel_Wheel"", ""Nivalis""]","[0.9319044947624207, 0.4291110634803772, 0.0760221928358078, 0.02206757664680481, -0.0021994635462760925]"
4,centroid,1,575,Xtreme,Xtreme,"[""Xtreme"", ""Gemini"", ""Ilias"", ""Steel_Wheel"", ""Velorum""]","[0.8798564672470093, 0.40591877698898315, 0.1945473849773407, 0.11876264214515686, -0.0008313190191984177]"
4,centroid,1,576,Xtreme,Xtreme,"[""Xtreme"", ""Gemini"", ""Steel_Wheel"", ""Hawk"", ""Braga""]","[0.9171690344810486, 0.3270409107208252, 0.14726771414279938, 0.0117533840239048, -0.03926154226064682]"
4,centroid,1,577,Xtreme,Xtreme,"[""Xtreme"", ""Gemini"", ""Braga"", ""Triton"", ""Ilias""]","[0.9138767719268799, 0.5299120545387268, 0.09532946348190308, 0.021577127277851105, 0.004813961684703827]"
4,centroid,1,578,Xtreme,Xtreme,"[""Xtreme"", ""Gemini"", ""Braga"", ""Castor"", ""Mytikas""]","[0.7427302598953247, 0.24843725562095642, 0.2480282485485077, 0.23403732478618622, 0.20248021185398102]"
4,centroid,1,579,Xtreme,Xtreme,"[""Xtreme"", ""Gemini"", ""Mytikas"", ""Braga"", ""Triton""]","[0.6794426441192627, 0.5126287937164307, 0.3479875922203064, 0.1930411159992218, 0.16686615347862244]"
4,centroid,1,580,Xtreme,Xtreme,"[""Xtreme"", ""Braga"", ""Gemini"", ""Hawk"", ""Mytikas""]","[0.6502145528793335, 0.40825289487838745, 0.4075578451156616, 0.4074901044368744, 0.23919621109962463]"
4,centroid,1,581,Xtreme,Xtreme,"[""Xtreme"", ""Gemini"", ""Hawk"", ""Braga"", ""Steel_Wheel""]","[0.9120007753372192, 0.4759092330932617, 0.12593597173690796, 0.08072097599506378, -0.01880670338869095]"
4,centroid,1,582,Xtreme,Xtreme,"[""Xtreme"", ""Gemini"", ""Steel_Wheel"", ""Nivalis"", ""Ilias""]","[0.9427036643028259, 0.29118868708610535, 0.07594850659370422, 0.052129220217466354, 0.04199856147170067]"
4,centroid,1,583,Xtreme,Xtreme,"[""Xtreme"", ""Gemini"", ""Steel_Wheel"", ""Nivalis"", ""Ilias""]","[0.9604002833366394, 0.5044814944267273, -0.02841036766767502, -0.06297890841960907, -0.0756983682513237]"
4,centroid,1,584,Xtreme,Xtreme,"[""Xtreme"", ""Gemini"", ""Steel_Wheel"", ""Ilias"", ""Nivalis""]","[0.9683022499084473, 0.4889281094074249, 0.013250731863081455, -0.001507095992565155, -0.027952339500188828]"
4,centroid,1,585,Xtreme,Xtreme,"[""Xtreme"", ""Gemini"", ""Velorum"", ""Ilias"", ""Steel_Wheel""]","[0.9311044812202454, 0.3358462452888489, 0.07472705841064453, 0.041576385498046875, 0.02455829083919525]"
4,centroid,1,586,Xtreme,Xtreme,"[""Xtreme"", ""Gemini"", ""Steel_Wheel"", ""Ilias"", ""Nivalis""]","[0.874657392501831, 0.35430222749710083, 0.0647374838590622, 0.05561951547861099, -0.004741242155432701]"
4,centroid,1,587,Xtreme,Xtreme,"[""Xtreme"", ""Gemini"", ""Ilias"", ""Nivalis"", ""Triton""]","[0.8615077137947083, 0.4854992628097534, 0.1325526237487793, 0.102126345038414, 0.00871366448700428]"
4,centroid,1,588,Xtreme,Xtreme,"[""Xtreme"", ""Gemini"", ""Steel_Wheel"", ""Velorum"", ""Ilias""]","[0.9587475657463074, 0.3878028392791748, 0.056618832051754, -0.08542940765619278, -0.08951805531978607]"
4,centroid,1,589,Xtreme,Xtreme,"[""Xtreme"", ""Gemini"", ""Steel_Wheel"", ""Hawk"", ""Ilias""]","[0.9557067155838013, 0.48867151141166687, 0.042218539863824844, -0.0442805290222168, -0.0790991559624672]"
4,centroid,1,590,Xtreme,Xtreme,"[""Xtreme"", ""Gemini"", ""Ilias"", ""Steel_Wheel"", ""Velorum""]","[0.9397410154342651, 0.31274545192718506, 0.0614946186542511, 0.036376193165779114, 0.029258400201797485]"
4,centroid,1,591,Xtreme,Xtreme,"[""Xtreme"", ""Gemini"", ""Ilias"", ""Nivalis"", ""Denom""]","[0.9023359417915344, 0.38172805309295654, 0.12268423289060593, 0.09967122972011566, 0.0600292794406414]"
4,centroid,1,592,Xtreme,Xtreme,"[""Xtreme"", ""Gemini"", ""Steel_Wheel"", ""Hawk"", ""Braga""]","[0.9404967427253723, 0.4226207435131073, 0.05035613477230072, 0.033685777336359024, -0.054516829550266266]"
4,centroid,1,593,Xtreme,Xtreme,"[""Xtreme"", ""Gemini"", ""Ilias"", ""Denom"", ""Steel_Wheel""]","[0.8722133636474609, 0.3958190083503723, 0.02437124401330948, -0.00013029295951128006, -0.017986513674259186]"
4,centroid,1,594,Xtreme,Xtreme,"[""Xtreme"", ""Gemini"", ""Steel_Wheel"", ""Ilias"", ""Nivalis""]","[0.9627816081047058, 0.4349174499511719, 0.04777687415480614, -0.05471257492899895, -0.07065340876579285]"
4,centroid,1,595,Xtreme,Xtreme,"[""Xtreme"", ""Gemini"", ""Braga"", ""Hawk"", ""Vega""]","[0.9257509708404541, 0.6231081485748291, 0.1291046440601349, 0.06574390828609467, -0.12145565450191498]"
4,centroid,1,596,Xtreme,Xtreme,"[""Xtreme"", ""Gemini"", ""Hawk"", ""Steel_Wheel"", ""Ilias""]","[0.9330587983131409, 0.50765460729599, 0.14261795580387115, 0.04981313645839691, -0.09204287081956863]"
4,centroid,1,597,Xtreme,Xtreme,"[""Xtreme"", ""Gemini"", ""Velorum"", ""Ilias"", ""Nivalis""]","[0.9036071300506592, 0.3376001715660095, 0.153265118598938, 0.12753605842590332, 0.05587334930896759]"
4,centroid,1,598,Xtreme,Xtreme,"[""Xtreme"", ""Gemini"", ""Nivalis"", ""Steel_Wheel"", ""Ilias""]","[0.9245811104774475, 0.526085615158081, 0.06437617540359497, -0.011246800422668457, -0.016495775431394577]"
4,centroid,1,599,Xtreme,Xtreme,"[""Xtreme"", ""Gemini"", ""Denom"", ""Nivalis"", ""Steel_Wheel""]","[0.7414851784706116, 0.3807576298713684, 0.23580476641654968, 0.1752852201461792, 0.06034883111715317]"
4,centroid,1,600,Xtreme,Xtreme,"[""Xtreme"", ""Gemini"", ""Ilias"", ""Steel_Wheel"", ""Velorum""]","[0.9218767881393433, 0.351151704788208, 0.10080144554376602, 0.055794354528188705, 0.02488722652196884]"
