fold,retrieval_mode,topn,query_index,true_label,top1_predicted_label,top_k_labels,top_k_scores
2,centroid,1,0,Alaris,Alaris,"[""Alaris"", ""Alcatras"", ""Trius"", ""Hawk"", ""Braga""]","[0.9005787372589111, 0.7204220294952393, 0.5217394828796387, 0.5187761783599854, 0.4366104006767273]"
2,centroid,1,1,Alaris,Alaris,"[""Alaris"", ""Alcatras"", ""Trius"", ""Turbine"", ""Braga""]","[0.9422979354858398, 0.7851253747940063, 0.46396851539611816, 0.31187161803245544, 0.3079448342323303]"
2,centroid,1,2,Alaris,Alaris,"[""Alaris"", ""Alcatras"", ""Hawk"", ""Turbine"", ""Castor""]","[0.7321405410766602, 0.5974141359329224, 0.455191969871521, 0.4340532720088959, 0.2569555640220642]"
2,centroid,1,3,Alaris,Alaris,"[""Alaris"", ""Alcatras"", ""Trius"", ""Vega"", ""Hawk""]","[0.8832991123199463, 0.7726637125015259, 0.5731966495513916, 0.4204972982406616, 0.4036257266998291]"
2,centroid,1,4,Alaris,Alaris,"[""Alaris"", ""Alcatras"", ""Vega"", ""Braga"", ""Hawk""]","[0.8752036094665527, 0.6031448245048523, 0.600428581237793, 0.4976023733615875, 0.4462946355342865]"
2,centroid,1,5,Alaris,Alaris,"[""Alaris"", ""Alcatras"", ""Trius"", ""Braga"", ""Vega""]","[0.894946277141571, 0.67551589012146, 0.6556181907653809, 0.5333980321884155, 0.5258544683456421]"
2,centroid,1,6,Alaris,Alaris,"[""Alaris"", ""Vega"", ""Braga"", ""Trius"", ""Hawk""]","[0.7823232412338257, 0.5535372495651245, 0.5495795011520386, 0.5478686094284058, 0.47682932019233704]"
2,centroid,1,7,Alaris,Alaris,"[""Alaris"", ""Trius"", ""Alcatras"", ""Braga"", ""Triton""]","[0.8394167423248291, 0.7449110746383667, 0.6759921908378601, 0.5657364726066589, 0.43752461671829224]"
2,centroid,1,8,Alaris,Alaris,"[""Alaris"", ""Alcatras"", ""Braga"", ""Vega"", ""Trius""]","[0.9180893898010254, 0.6596605777740479, 0.43115246295928955, 0.41276901960372925, 0.40149182081222534]"
2,centroid,1,9,Alaris,Alaris,"[""Alaris"", ""Alcatras"", ""Turbine"", ""Braga"", ""Hawk""]","[0.9215257167816162, 0.7688478231430054, 0.4660256803035736, 0.4359855055809021, 0.3966684937477112]"
2,centroid,1,10,Alaris,Alaris,"[""Alaris"", ""Vega"", ""Trius"", ""Hawk"", ""Alcatras""]","[0.559625506401062, 0.4652489423751831, 0.4326584041118622, 0.366482675075531, 0.3431556224822998]"
2,centroid,1,11,Alaris,Alaris,"[""Alaris"", ""Alcatras"", ""Trius"", ""Hawk"", ""Vega""]","[0.8812966346740723, 0.757742166519165, 0.46588683128356934, 0.4414009153842926, 0.35906463861465454]"
2,centroid,1,12,Alaris,Alaris,"[""Alaris"", ""Alcatras"", ""Trius"", ""Braga"", ""Castor""]","[0.9198763966560364, 0.7881222367286682, 0.4112100899219513, 0.3798949718475342, 0.30501559376716614]"
2,centroid,1,13,Alaris,Alaris,"[""Alaris"", ""Alcatras"", ""Trius"", ""Braga"", ""Vega""]","[0.9187794327735901, 0.7236456871032715, 0.4354093372821808, 0.34929394721984863, 0.32596972584724426]"
2,centroid,1,14,Alaris,Alaris,"[""Alaris"", ""Alcatras"", ""Turbine"", ""Vega"", ""Hawk""]","[0.7451028227806091, 0.6791421175003052, 0.46045637130737305, 0.4032047986984253, 0.38478344678878784]"
2,centroid,1,15,Alaris,Alaris,"[""Alaris"", ""Alcatras"", ""Turbine"", ""Castor"", ""Trius""]","[0.8540599346160889, 0.7280644774436951, 0.4390801787376404, 0.3072582483291626, 0.29140597581863403]"
2,centroid,1,16,Alaris,Alaris,"[""Alaris"", ""Alcatras"", ""Vega"", ""Trius"", ""Turbine""]","[0.9203531742095947, 0.7431105375289917, 0.4710765480995178, 0.421008825302124, 0.3663630485534668]"
2,centroid,1,17,Alaris,Alaris,"[""Alaris"", ""Alcatras"", ""Braga"", ""Hawk"", ""Turbine""]","[0.9201153516769409, 0.8342109322547913, 0.4692409038543701, 0.40013790130615234, 0.3875006139278412]"
2,centroid,1,18,Alaris,Alaris,"[""Alaris"", ""Alcatras"", ""Trius"", ""Vega"", ""Braga""]","[0.8500955700874329, 0.6594148874282837, 0.46351590752601624, 0.4591601490974426, 0.4145565629005432]"
2,centroid,1,19,Alaris,Alaris,"[""Alaris"", ""Alcatras"", ""Turbine"", ""Hawk"", ""Trius""]","[0.8893318176269531, 0.7092084884643555, 0.46279817819595337, 0.4184712767601013, 0.3513299226760864]"
2,centroid,1,20,Alaris,Alcatras,"[""Alcatras"", ""Alaris"", ""Trius"", ""Castor"", ""Mytikas""]","[0.8952105045318604, 0.7845573425292969, 0.6545016169548035, 0.6290239095687866, 0.5453035831451416]"
2,centroid,1,21,Alaris,Alaris,"[""Alaris"", ""Alcatras"", ""Braga"", ""Trius"", ""Turbine""]","[0.9191452264785767, 0.8735102415084839, 0.5536025166511536, 0.5009987354278564, 0.4700893759727478]"
2,centroid,1,22,Alaris,Alaris,"[""Alaris"", ""Alcatras"", ""Hawk"", ""Turbine"", ""Vega""]","[0.8196474313735962, 0.612861156463623, 0.5787137746810913, 0.4825226068496704, 0.35416972637176514]"
2,centroid,1,23,Alaris,Alcatras,"[""Alcatras"", ""Alaris"", ""Trius"", ""Mytikas"", ""Triton""]","[0.8447352647781372, 0.8075987100601196, 0.6590516567230225, 0.4776293635368347, 0.4383089244365692]"
2,centroid,1,24,Alaris,Alaris,"[""Alaris"", ""Alcatras"", ""Trius"", ""Turbine"", ""Braga""]","[0.8250819444656372, 0.6582027673721313, 0.48601412773132324, 0.4029332399368286, 0.37652212381362915]"
2,centroid,1,25,Alaris,Alaris,"[""Alaris"", ""Vega"", ""Turbine"", ""Alcatras"", ""Trius""]","[0.7897078394889832, 0.5296370387077332, 0.49516943097114563, 0.4792404770851135, 0.384727418422699]"
2,centroid,1,26,Alaris,Alaris,"[""Alaris"", ""Alcatras"", ""Trius"", ""Vega"", ""Hawk""]","[0.9186133146286011, 0.667717456817627, 0.42438560724258423, 0.42050397396087646, 0.4105125069618225]"
2,centroid,1,27,Alaris,Alaris,"[""Alaris"", ""Alcatras"", ""Trius"", ""Turbine"", ""Braga""]","[0.8238111734390259, 0.7368627786636353, 0.59093177318573, 0.5090278387069702, 0.44744595885276794]"
2,centroid,1,28,Alcatras,Alcatras,"[""Alcatras"", ""Alaris"", ""Castor"", ""Mytikas"", ""Trius""]","[0.8316041231155396, 0.7552729845046997, 0.6246351599693298, 0.46928462386131287, 0.46602654457092285]"
2,centroid,1,29,Alcatras,Alcatras,"[""Alcatras"", ""Alaris"", ""Trius"", ""Braga"", ""Mytikas""]","[0.8258390426635742, 0.6098341941833496, 0.5854597687721252, 0.5781314373016357, 0.5255619883537292]"
2,centroid,1,30,Alcatras,Alcatras,"[""Alcatras"", ""Castor"", ""Alaris"", ""Velorum"", ""Mytikas""]","[0.8082677125930786, 0.5367773771286011, 0.5203947424888611, 0.3846932053565979, 0.38412463665008545]"
2,centroid,1,31,Alcatras,Alcatras,"[""Alcatras"", ""Alaris"", ""Braga"", ""Trius"", ""Castor""]","[0.9058984518051147, 0.6826331615447998, 0.5376110672950745, 0.5000213980674744, 0.4600618779659271]"
2,centroid,1,32,Alcatras,Alcatras,"[""Alcatras"", ""Alaris"", ""Turbine"", ""Hawk"", ""Braga""]","[0.835548996925354, 0.6978403329849243, 0.5258169770240784, 0.5187084674835205, 0.47540348768234253]"
2,centroid,1,33,Alcatras,Castor,"[""Castor"", ""Alcatras"", ""Mytikas"", ""Turbine"", ""Triton""]","[0.8297414779663086, 0.68500816822052, 0.6027159690856934, 0.5876855850219727, 0.5650595426559448]"
2,centroid,1,34,Alcatras,Alcatras,"[""Alcatras"", ""Mytikas"", ""Castor"", ""Triton"", ""Alaris""]","[0.7860694527626038, 0.7534167766571045, 0.7075534462928772, 0.6012605428695679, 0.5341601371765137]"
2,centroid,1,35,Alcatras,Alcatras,"[""Alcatras"", ""Alaris"", ""Braga"", ""Castor"", ""Turbine""]","[0.8298414945602417, 0.7642051577568054, 0.5115700960159302, 0.49371546506881714, 0.4556289315223694]"
2,centroid,1,36,Alcatras,Alcatras,"[""Alcatras"", ""Castor"", ""Alaris"", ""Turbine"", ""Mytikas""]","[0.7986557483673096, 0.7222105264663696, 0.6421210765838623, 0.6418112516403198, 0.6195300817489624]"
2,centroid,1,37,Alcatras,Alcatras,"[""Alcatras"", ""Alaris"", ""Trius"", ""Braga"", ""Castor""]","[0.864589512348175, 0.7891395092010498, 0.635716438293457, 0.5711790323257446, 0.48733508586883545]"
2,centroid,1,38,Alcatras,Hawk,"[""Hawk"", ""Alaris"", ""Alcatras"", ""Gemini"", ""Steel_Wheel""]","[0.503015398979187, 0.46971943974494934, 0.4102560579776764, 0.39630383253097534, 0.21516457200050354]"
2,centroid,1,39,Alcatras,Castor,"[""Castor"", ""Mytikas"", ""Alcatras"", ""Triton"", ""Velorum""]","[0.7477900385856628, 0.5742834806442261, 0.5203254818916321, 0.42405641078948975, 0.3244609534740448]"
2,centroid,1,40,Alcatras,Alcatras,"[""Alcatras"", ""Alaris"", ""Castor"", ""Trius"", ""Braga""]","[0.9178124070167542, 0.6986321210861206, 0.5268919467926025, 0.5173225402832031, 0.40388238430023193]"
2,centroid,1,41,Alcatras,Alcatras,"[""Alcatras"", ""Alaris"", ""Castor"", ""Mytikas"", ""Braga""]","[0.8596268892288208, 0.6715166568756104, 0.49229696393013, 0.4595481753349304, 0.43397438526153564]"
2,centroid,1,42,Alcatras,Alcatras,"[""Alcatras"", ""Alaris"", ""Turbine"", ""Braga"", ""Trius""]","[0.7582449913024902, 0.7293307781219482, 0.48798877000808716, 0.4387679100036621, 0.37980979681015015]"
2,centroid,1,43,Alcatras,Castor,"[""Castor"", ""Alcatras"", ""Turbine"", ""Mytikas"", ""Triton""]","[0.7287020683288574, 0.7108773589134216, 0.6877269744873047, 0.6112666726112366, 0.5933607220649719]"
2,centroid,1,44,Alcatras,Alcatras,"[""Alcatras"", ""Alaris"", ""Castor"", ""Mytikas"", ""Turbine""]","[0.8363367319107056, 0.6053707599639893, 0.5964052081108093, 0.5941118001937866, 0.5257542133331299]"
2,centroid,1,45,Alcatras,Alcatras,"[""Alcatras"", ""Alaris"", ""Mytikas"", ""Castor"", ""Braga""]","[0.8465529680252075, 0.6448055505752563, 0.6339522004127502, 0.5907692313194275, 0.5730327367782593]"
2,centroid,1,46,Alcatras,Alcatras,"[""Alcatras"", ""Alaris"", ""Braga"", ""Castor"", ""Trius""]","[0.8738057613372803, 0.6924477815628052, 0.6314992904663086, 0.5834705829620361, 0.5424419641494751]"
2,centroid,1,47,Alcatras,Castor,"[""Castor"", ""Mytikas"", ""Alcatras"", ""Braga"", ""Triton""]","[0.7966912984848022, 0.7611616849899292, 0.7454462647438049, 0.7161070704460144, 0.6754658222198486]"
2,centroid,1,48,Alcatras,Alcatras,"[""Alcatras"", ""Alaris"", ""Castor"", ""Mytikas"", ""Turbine""]","[0.934374988079071, 0.7458797693252563, 0.6061205863952637, 0.5188312530517578, 0.5039262175559998]"
2,centroid,1,49,Alcatras,Alcatras,"[""Alcatras"", ""Alaris"", ""Velorum"", ""Vega"", ""Hawk""]","[0.6273047924041748, 0.4476618468761444, 0.3830077052116394, 0.32993996143341064, 0.31129947304725647]"
2,centroid,1,50,Alcatras,Alcatras,"[""Alcatras"", ""Alaris"", ""Hawk"", ""Braga"", ""Vega""]","[0.8154573440551758, 0.7964546084403992, 0.41579681634902954, 0.41421037912368774, 0.3380287289619446]"
2,centroid,1,51,Alcatras,Alcatras,"[""Alcatras"", ""Alaris"", ""Castor"", ""Braga"", ""Turbine""]","[0.8778202533721924, 0.7562777400016785, 0.47828513383865356, 0.34538406133651733, 0.3256772756576538]"
2,centroid,1,52,Alcatras,Alcatras,"[""Alcatras"", ""Alaris"", ""Castor"", ""Trius"", ""Mytikas""]","[0.8570389151573181, 0.5932430028915405, 0.5434877872467041, 0.5063238143920898, 0.48704954981803894]"
2,centroid,1,53,Alcatras,Alaris,"[""Alaris"", ""Alcatras"", ""Turbine"", ""Castor"", ""Braga""]","[0.8419191837310791, 0.8358110189437866, 0.5094857215881348, 0.4667847752571106, 0.3867809772491455]"
2,centroid,1,54,Braga,Alaris,"[""Alaris"", ""Braga"", ""Alcatras"", ""Hawk"", ""Turbine""]","[0.7529023885726929, 0.6976507306098938, 0.6238272190093994, 0.5448312163352966, 0.5287463068962097]"
2,centroid,1,55,Braga,Braga,"[""Braga"", ""Triton"", ""Mytikas"", ""Turbine"", ""Trius""]","[0.8218041062355042, 0.6926581263542175, 0.6347530484199524, 0.6274075508117676, 0.49827486276626587]"
2,centroid,1,56,Braga,Alcatras,"[""Alcatras"", ""Alaris"", ""Trius"", ""Castor"", ""Braga""]","[0.9050619602203369, 0.7690924406051636, 0.6162408590316772, 0.6060060262680054, 0.6054489016532898]"
2,centroid,1,57,Braga,Braga,"[""Braga"", ""Trius"", ""Gemini"", ""Vega"", ""Triton""]","[0.7650351524353027, 0.5325026512145996, 0.49557042121887207, 0.4843551516532898, 0.48117077350616455]"
2,centroid,1,58,Braga,Braga,"[""Braga"", ""Castor"", ""Trius"", ""Alcatras"", ""Triton""]","[0.7587429285049438, 0.6992390751838684, 0.6694273948669434, 0.6537327766418457, 0.6185461282730103]"
2,centroid,1,59,Braga,Braga,"[""Braga"", ""Castor"", ""Triton"", ""Trius"", ""Alcatras""]","[0.9121950268745422, 0.7443424463272095, 0.6787644624710083, 0.6611738801002502, 0.6435958743095398]"
2,centroid,1,60,Braga,Braga,"[""Braga"", ""Turbine"", ""Hawk"", ""Vega"", ""Gemini""]","[0.8313654065132141, 0.6435888409614563, 0.5573587417602539, 0.43917253613471985, 0.437274694442749]"
2,centroid,1,61,Braga,Gemini,"[""Gemini"", ""Xtreme"", ""Braga"", ""Vega"", ""Hawk""]","[0.6994165182113647, 0.5846583247184753, 0.5798847675323486, 0.3626233637332916, 0.3244985342025757]"
2,centroid,1,62,Braga,Turbine,"[""Turbine"", ""Braga"", ""Hawk"", ""Mytikas"", ""Vega""]","[0.5419762134552002, 0.42063164710998535, 0.389021098613739, 0.3623446822166443, 0.315030574798584]"
2,centroid,1,63,Braga,Braga,"[""Braga"", ""Turbine"", ""Alaris"", ""Alcatras"", ""Castor""]","[0.7910338044166565, 0.7282822728157043, 0.7224084138870239, 0.6789003610610962, 0.6124637722969055]"
2,centroid,1,64,Braga,Braga,"[""Braga"", ""Trius"", ""Gemini"", ""Vega"", ""Alaris""]","[0.8983198404312134, 0.7202303409576416, 0.585037112236023, 0.5754005312919617, 0.5116884708404541]"
2,centroid,1,65,Braga,Alcatras,"[""Alcatras"", ""Turbine"", ""Alaris"", ""Braga"", ""Castor""]","[0.6185091733932495, 0.567547082901001, 0.5603411197662354, 0.5503749251365662, 0.4664027690887451]"
2,centroid,1,66,Braga,Braga,"[""Braga"", ""Trius"", ""Triton"", ""Mytikas"", ""Alcatras""]","[0.8824206590652466, 0.8223950862884521, 0.7941443920135498, 0.6405264139175415, 0.5813581943511963]"
2,centroid,1,67,Braga,Braga,"[""Braga"", ""Triton"", ""Trius"", ""Turbine"", ""Alaris""]","[0.8723112940788269, 0.6713933944702148, 0.6425168514251709, 0.640944242477417, 0.6044085025787354]"
2,centroid,1,68,Braga,Braga,"[""Braga"", ""Castor"", ""Turbine"", ""Alaris"", ""Alcatras""]","[0.8644891977310181, 0.4635457694530487, 0.46075791120529175, 0.4394552707672119, 0.3891502022743225]"
2,centroid,1,69,Braga,Braga,"[""Braga"", ""Trius"", ""Triton"", ""Mytikas"", ""Castor""]","[0.8599379658699036, 0.7309751510620117, 0.7302981615066528, 0.667576014995575, 0.6369412541389465]"
2,centroid,1,70,Braga,Braga,"[""Braga"", ""Trius"", ""Triton"", ""Mytikas"", ""Alcatras""]","[0.9165202975273132, 0.7441127300262451, 0.7210813760757446, 0.6012194156646729, 0.49136942625045776]"
2,centroid,1,71,Braga,Braga,"[""Braga"", ""Trius"", ""Turbine"", ""Alaris"", ""Triton""]","[0.8925076723098755, 0.6801050901412964, 0.5837469696998596, 0.567232608795166, 0.5382018089294434]"
2,centroid,1,72,Braga,Braga,"[""Braga"", ""Triton"", ""Vega"", ""Mytikas"", ""Turbine""]","[0.7163586616516113, 0.6141740679740906, 0.5515850186347961, 0.4551483392715454, 0.4352804720401764]"
2,centroid,1,73,Braga,Braga,"[""Braga"", ""Hawk"", ""Vega"", ""Gemini"", ""Trius""]","[0.7163777351379395, 0.6362018585205078, 0.5995737910270691, 0.5453373789787292, 0.40220773220062256]"
2,centroid,1,74,Braga,Braga,"[""Braga"", ""Gemini"", ""Turbine"", ""Hawk"", ""Trius""]","[0.7833740711212158, 0.497733473777771, 0.4855342507362366, 0.38747113943099976, 0.37827178835868835]"
2,centroid,1,75,Braga,Braga,"[""Braga"", ""Alcatras"", ""Alaris"", ""Castor"", ""Trius""]","[0.7642888426780701, 0.6299689412117004, 0.5981819033622742, 0.4727305769920349, 0.40585169196128845]"
2,centroid,1,76,Braga,Braga,"[""Braga"", ""Trius"", ""Vega"", ""Alaris"", ""Hawk""]","[0.7979506254196167, 0.6472659707069397, 0.5635486245155334, 0.520286500453949, 0.49279090762138367]"
2,centroid,1,77,Braga,Braga,"[""Braga"", ""Alaris"", ""Trius"", ""Alcatras"", ""Turbine""]","[0.8735291957855225, 0.6422414183616638, 0.5791109204292297, 0.5436714887619019, 0.36135613918304443]"
2,centroid,1,78,Braga,Braga,"[""Braga"", ""Triton"", ""Trius"", ""Mytikas"", ""Hawk""]","[0.8652624487876892, 0.6049289703369141, 0.5992487668991089, 0.535801887512207, 0.4805816411972046]"
2,centroid,1,79,Braga,Trius,"[""Trius"", ""Triton"", ""Braga"", ""Mytikas"", ""Alcatras""]","[0.8732478618621826, 0.8606923818588257, 0.7699129581451416, 0.5902431607246399, 0.5361707806587219]"
2,centroid,1,80,Braga,Braga,"[""Braga"", ""Gemini"", ""Triton"", ""Vega"", ""Trius""]","[0.7891623973846436, 0.6199998259544373, 0.5431426763534546, 0.5102742910385132, 0.43129590153694153]"
2,centroid,1,81,Braga,Braga,"[""Braga"", ""Vega"", ""Hawk"", ""Gemini"", ""Turbine""]","[0.7241971492767334, 0.6054476499557495, 0.5644676089286804, 0.48612043261528015, 0.4246654212474823]"
2,centroid,1,82,Braga,Braga,"[""Braga"", ""Trius"", ""Triton"", ""Alcatras"", ""Alaris""]","[0.9431248903274536, 0.7004044651985168, 0.6392104625701904, 0.5254594087600708, 0.5061116218566895]"
2,centroid,1,83,Braga,Braga,"[""Braga"", ""Castor"", ""Mytikas"", ""Triton"", ""Trius""]","[0.8479406833648682, 0.767719566822052, 0.6898939609527588, 0.6885946989059448, 0.6494636535644531]"
2,centroid,1,84,Braga,Castor,"[""Castor"", ""Alcatras"", ""Braga"", ""Mytikas"", ""Alaris""]","[0.8125491738319397, 0.7301387786865234, 0.5784909129142761, 0.5715380907058716, 0.5612779855728149]"
2,centroid,1,85,Braga,Braga,"[""Braga"", ""Trius"", ""Triton"", ""Alaris"", ""Castor""]","[0.8365350961685181, 0.7657169699668884, 0.6417250633239746, 0.47082871198654175, 0.4377763271331787]"
2,centroid,1,86,Braga,Braga,"[""Braga"", ""Trius"", ""Gemini"", ""Triton"", ""Alcatras""]","[0.9053738117218018, 0.6362451314926147, 0.568330705165863, 0.5224612951278687, 0.3493042290210724]"
2,centroid,1,87,Braga,Braga,"[""Braga"", ""Triton"", ""Trius"", ""Castor"", ""Mytikas""]","[0.8880217671394348, 0.7762309312820435, 0.7309883236885071, 0.6293897032737732, 0.6125397682189941]"
2,centroid,1,88,Braga,Braga,"[""Braga"", ""Turbine"", ""Hawk"", ""Vega"", ""Gemini""]","[0.7772834300994873, 0.5862990617752075, 0.5556744337081909, 0.5439582467079163, 0.5203239917755127]"
2,centroid,1,89,Braga,Braga,"[""Braga"", ""Gemini"", ""Trius"", ""Triton"", ""Hawk""]","[0.8188775777816772, 0.5037504434585571, 0.49253877997398376, 0.45246654748916626, 0.4072556495666504]"
2,centroid,1,90,Braga,Braga,"[""Braga"", ""Turbine"", ""Castor"", ""Triton"", ""Trius""]","[0.886695146560669, 0.6050209999084473, 0.5430419445037842, 0.47591254115104675, 0.44424736499786377]"
2,centroid,1,91,Castor,Castor,"[""Castor"", ""Alcatras"", ""Turbine"", ""Braga"", ""Triton""]","[0.9001415371894836, 0.687670886516571, 0.6367212533950806, 0.6300646066665649, 0.5640498399734497]"
2,centroid,1,92,Castor,Castor,"[""Castor"", ""Alcatras"", ""Turbine"", ""Braga"", ""Triton""]","[0.944107174873352, 0.47913065552711487, 0.47773587703704834, 0.4262509346008301, 0.3785165548324585]"
2,centroid,1,93,Castor,Castor,"[""Castor"", ""Triton"", ""Mytikas"", ""Turbine"", ""Braga""]","[0.889481246471405, 0.6394704580307007, 0.6166672706604004, 0.5100324749946594, 0.476943701505661]"
2,centroid,1,94,Castor,Castor,"[""Castor"", ""Braga"", ""Alcatras"", ""Mytikas"", ""Triton""]","[0.8241075277328491, 0.708271861076355, 0.6384506225585938, 0.6118124127388, 0.5671021938323975]"
2,centroid,1,95,Castor,Castor,"[""Castor"", ""Turbine"", ""Mytikas"", ""Triton"", ""Alcatras""]","[0.8043712377548218, 0.558663010597229, 0.4737429618835449, 0.41720670461654663, 0.39480695128440857]"
2,centroid,1,96,Castor,Castor,"[""Castor"", ""Turbine"", ""Alcatras"", ""Braga"", ""Alaris""]","[0.935579240322113, 0.6627157330513, 0.5514465570449829, 0.4580017924308777, 0.3687995374202728]"
2,centroid,1,97,Castor,Castor,"[""Castor"", ""Velorum"", ""Mytikas"", ""Triton"", ""Turbine""]","[0.6772312521934509, 0.5797631740570068, 0.5566394329071045, 0.5507122278213501, 0.39912641048431396]"
2,centroid,1,98,Castor,Castor,"[""Castor"", ""Turbine"", ""Alcatras"", ""Mytikas"", ""Braga""]","[0.9375760555267334, 0.6075718402862549, 0.4884316921234131, 0.4125964045524597, 0.3904034495353699]"
2,centroid,1,99,Castor,Castor,"[""Castor"", ""Mytikas"", ""Braga"", ""Turbine"", ""Triton""]","[0.8835370540618896, 0.5715317726135254, 0.4746241271495819, 0.4496726393699646, 0.4466742277145386]"
2,centroid,1,100,Castor,Castor,"[""Castor"", ""Alcatras"", ""Turbine"", ""Mytikas"", ""Triton""]","[0.9289465546607971, 0.6045239567756653, 0.47855085134506226, 0.45969516038894653, 0.38329532742500305]"
2,centroid,1,101,Castor,Castor,"[""Castor"", ""Turbine"", ""Alcatras"", ""Mytikas"", ""Braga""]","[0.9606459140777588, 0.5791754722595215, 0.5381406545639038, 0.454020619392395, 0.39288732409477234]"
2,centroid,1,102,Castor,Castor,"[""Castor"", ""Alcatras"", ""Turbine"", ""Braga"", ""Alaris""]","[0.8948519229888916, 0.6169909238815308, 0.554975688457489, 0.4260963797569275, 0.4032207727432251]"
2,centroid,1,103,Castor,Castor,"[""Castor"", ""Braga"", ""Triton"", ""Mytikas"", ""Alcatras""]","[0.7919337749481201, 0.5915437340736389, 0.5654597282409668, 0.5430572032928467, 0.5295614004135132]"
2,centroid,1,104,Castor,Castor,"[""Castor"", ""Alcatras"", ""Turbine"", ""Braga"", ""Mytikas""]","[0.8081267476081848, 0.4698013663291931, 0.4603826105594635, 0.3876308798789978, 0.3472225069999695]"
2,centroid,1,105,Castor,Castor,"[""Castor"", ""Mytikas"", ""Alcatras"", ""Triton"", ""Turbine""]","[0.9117171764373779, 0.5932729840278625, 0.5696910619735718, 0.5628083944320679, 0.5299203395843506]"
2,centroid,1,106,Castor,Castor,"[""Castor"", ""Alcatras"", ""Mytikas"", ""Turbine"", ""Triton""]","[0.9396984577178955, 0.6575413942337036, 0.5680409669876099, 0.5457297563552856, 0.5285075902938843]"
2,centroid,1,107,Castor,Castor,"[""Castor"", ""Alcatras"", ""Triton"", ""Turbine"", ""Mytikas""]","[0.8697807788848877, 0.4493277668952942, 0.44473522901535034, 0.4354708194732666, 0.3685941994190216]"
2,centroid,1,108,Castor,Castor,"[""Castor"", ""Turbine"", ""Alcatras"", ""Mytikas"", ""Braga""]","[0.9276495575904846, 0.6147616505622864, 0.5326982736587524, 0.3440377116203308, 0.33264395594596863]"
2,centroid,1,109,Castor,Castor,"[""Castor"", ""Triton"", ""Mytikas"", ""Braga"", ""Turbine""]","[0.8838661313056946, 0.6404513120651245, 0.6271963119506836, 0.6088826656341553, 0.5839669704437256]"
2,centroid,1,110,Castor,Castor,"[""Castor"", ""Turbine"", ""Mytikas"", ""Alcatras"", ""Braga""]","[0.8396331071853638, 0.6603686213493347, 0.5358542203903198, 0.5043754577636719, 0.31460660696029663]"
2,centroid,1,111,Castor,Castor,"[""Castor"", ""Turbine"", ""Alcatras"", ""Braga"", ""Mytikas""]","[0.9188063144683838, 0.7446090579032898, 0.6414867043495178, 0.5490086078643799, 0.49595215916633606]"
2,centroid,1,112,Castor,Castor,"[""Castor"", ""Alcatras"", ""Turbine"", ""Mytikas"", ""Braga""]","[0.7848533391952515, 0.7222641706466675, 0.5258654356002808, 0.4595645070075989, 0.38273167610168457]"
2,centroid,1,113,Castor,Castor,"[""Castor"", ""Mytikas"", ""Triton"", ""Alcatras"", ""Braga""]","[0.9329135417938232, 0.564107358455658, 0.5561696290969849, 0.5364733934402466, 0.4935331344604492]"
2,centroid,1,114,Castor,Castor,"[""Castor"", ""Mytikas"", ""Alcatras"", ""Triton"", ""Turbine""]","[0.9166924953460693, 0.6124041080474854, 0.511805534362793, 0.4605956971645355, 0.4459797739982605]"
2,centroid,1,115,Castor,Castor,"[""Castor"", ""Mytikas"", ""Triton"", ""Alcatras"", ""Turbine""]","[0.9411742687225342, 0.6402509212493896, 0.5913373827934265, 0.5428847074508667, 0.5138401985168457]"
2,centroid,1,116,Castor,Castor,"[""Castor"", ""Alcatras"", ""Braga"", ""Turbine"", ""Mytikas""]","[0.9204400777816772, 0.5285378694534302, 0.5272631645202637, 0.47793251276016235, 0.4509885013103485]"
2,centroid,1,117,Castor,Castor,"[""Castor"", ""Alcatras"", ""Turbine"", ""Braga"", ""Alaris""]","[0.8859407901763916, 0.7050514221191406, 0.4803228974342346, 0.4266432523727417, 0.3825310170650482]"
2,centroid,1,118,Castor,Castor,"[""Castor"", ""Alcatras"", ""Turbine"", ""Braga"", ""Mytikas""]","[0.9017724990844727, 0.615529477596283, 0.5551965236663818, 0.5272172689437866, 0.5140530467033386]"
2,centroid,1,119,Castor,Castor,"[""Castor"", ""Turbine"", ""Triton"", ""Alcatras"", ""Mytikas""]","[0.9141546487808228, 0.49289920926094055, 0.4843296408653259, 0.4420706629753113, 0.42021843791007996]"
2,centroid,1,120,Castor,Castor,"[""Castor"", ""Alcatras"", ""Mytikas"", ""Braga"", ""Triton""]","[0.9172477126121521, 0.6653221845626831, 0.5264414548873901, 0.5220678448677063, 0.4840433895587921]"
2,centroid,1,121,Castor,Castor,"[""Castor"", ""Triton"", ""Braga"", ""Mytikas"", ""Turbine""]","[0.9202072620391846, 0.6385899782180786, 0.6266309022903442, 0.5953580737113953, 0.5775508880615234]"
2,centroid,1,122,Castor,Castor,"[""Castor"", ""Alcatras"", ""Braga"", ""Mytikas"", ""Turbine""]","[0.8141811490058899, 0.7609937787055969, 0.5746729373931885, 0.5529769062995911, 0.47335439920425415]"
2,centroid,1,123,Denom,Velorum,"[""Velorum"", ""Ilias"", ""Denom"", ""Nivalis"", ""Ratikon""]","[0.8553184270858765, 0.649877667427063, 0.5377328395843506, 0.49967077374458313, 0.3487929403781891]"
2,centroid,1,124,Denom,Ilias,"[""Ilias"", ""Velorum"", ""Denom"", ""Ratikon"", ""Nivalis""]","[0.7093013525009155, 0.7006227970123291, 0.6219230890274048, 0.503814697265625, 0.4378731846809387]"
2,centroid,1,125,Denom,Denom,"[""Denom"", ""Ratikon"", ""Nivalis"", ""Ilias"", ""Velorum""]","[0.9503101110458374, 0.7397382259368896, 0.7096059322357178, 0.6542068719863892, 0.35196250677108765]"
2,centroid,1,126,Denom,Denom,"[""Denom"", ""Ratikon"", ""Nivalis"", ""Ilias"", ""Velorum""]","[0.9570968151092529, 0.8341840505599976, 0.7758491635322571, 0.6181228160858154, 0.30452609062194824]"
2,centroid,1,127,Denom,Denom,"[""Denom"", ""Nivalis"", ""Ratikon"", ""Xtreme"", ""Ilias""]","[0.7538532018661499, 0.5674585103988647, 0.41232550144195557, 0.37796440720558167, 0.2206263542175293]"
2,centroid,1,128,Denom,Denom,"[""Denom"", ""Ratikon"", ""Ilias"", ""Nivalis"", ""Trius""]","[0.8813165426254272, 0.7717611193656921, 0.5435643792152405, 0.4555138647556305, 0.028938475996255875]"
2,centroid,1,129,Denom,Denom,"[""Denom"", ""Ratikon"", ""Nivalis"", ""Ilias"", ""Velorum""]","[0.9491784572601318, 0.7644030451774597, 0.7436330318450928, 0.5006142854690552, 0.221187561750412]"
2,centroid,1,130,Denom,Denom,"[""Denom"", ""Nivalis"", ""Ratikon"", ""Ilias"", ""Velorum""]","[0.9408981204032898, 0.6832862496376038, 0.6139044165611267, 0.5641775131225586, 0.3950905203819275]"
2,centroid,1,131,Denom,Denom,"[""Denom"", ""Nivalis"", ""Ratikon"", ""Ilias"", ""Velorum""]","[0.9492758512496948, 0.8159896731376648, 0.8052014112472534, 0.5723927021026611, 0.3288821578025818]"
2,centroid,1,132,Denom,Denom,"[""Denom"", ""Ratikon"", ""Nivalis"", ""Ilias"", ""Velorum""]","[0.9109106063842773, 0.7690140008926392, 0.6462723612785339, 0.5334290266036987, 0.1681530475616455]"
2,centroid,1,133,Denom,Denom,"[""Denom"", ""Ratikon"", ""Nivalis"", ""Ilias"", ""Vega""]","[0.8441447615623474, 0.7651063203811646, 0.6783139705657959, 0.3635385036468506, 0.02319510281085968]"
2,centroid,1,134,Denom,Denom,"[""Denom"", ""Ratikon"", ""Nivalis"", ""Ilias"", ""Velorum""]","[0.8241901397705078, 0.7307260036468506, 0.5684705376625061, 0.296383798122406, 0.07989966124296188]"
2,centroid,1,135,Denom,Ilias,"[""Ilias"", ""Denom"", ""Velorum"", ""Ratikon"", ""Nivalis""]","[0.6746765375137329, 0.5832285284996033, 0.5580747127532959, 0.3459990620613098, 0.27934494614601135]"
2,centroid,1,136,Denom,Denom,"[""Denom"", ""Nivalis"", ""Ratikon"", ""Ilias"", ""Velorum""]","[0.9558121562004089, 0.7856971621513367, 0.7314977049827576, 0.6671565175056458, 0.43869155645370483]"
2,centroid,1,137,Denom,Nivalis,"[""Nivalis"", ""Ilias"", ""Velorum"", ""Denom"", ""Ratikon""]","[0.5604124665260315, 0.5160188674926758, 0.515347957611084, 0.4582825303077698, 0.4162886440753937]"
2,centroid,1,138,Denom,Ilias,"[""Ilias"", ""Denom"", ""Velorum"", ""Ratikon"", ""Nivalis""]","[0.764769434928894, 0.7168672680854797, 0.6219856142997742, 0.5963428020477295, 0.536024272441864]"
2,centroid,1,139,Denom,Denom,"[""Denom"", ""Ratikon"", ""Nivalis"", ""Ilias"", ""Velorum""]","[0.9094855189323425, 0.7555365562438965, 0.7030547857284546, 0.474565327167511, 0.06150925159454346]"
2,centroid,1,140,Denom,Denom,"[""Denom"", ""Nivalis"", ""Ratikon"", ""Ilias"", ""Velorum""]","[0.935217559337616, 0.7645031213760376, 0.7215428352355957, 0.5774966478347778, 0.43586626648902893]"
2,centroid,1,141,Denom,Denom,"[""Denom"", ""Ilias"", ""Nivalis"", ""Ratikon"", ""Velorum""]","[0.9214168787002563, 0.6803863048553467, 0.6731705069541931, 0.6446349024772644, 0.544526219367981]"
2,centroid,1,142,Denom,Denom,"[""Denom"", ""Nivalis"", ""Ratikon"", ""Ilias"", ""Velorum""]","[0.8626314401626587, 0.7976503968238831, 0.717275857925415, 0.5720093250274658, 0.2537849247455597]"
2,centroid,1,143,Denom,Nivalis,"[""Nivalis"", ""Denom"", ""Ratikon"", ""Ilias"", ""Velorum""]","[0.7934335470199585, 0.7342109680175781, 0.5693218111991882, 0.3934815227985382, 0.16874529421329498]"
2,centroid,1,144,Denom,Denom,"[""Denom"", ""Ratikon"", ""Nivalis"", ""Ilias"", ""Velorum""]","[0.861358106136322, 0.8291446566581726, 0.7315131425857544, 0.5807636976242065, 0.27765148878097534]"
2,centroid,1,145,Denom,Denom,"[""Denom"", ""Ratikon"", ""Nivalis"", ""Ilias"", ""Steel_Wheel""]","[0.8926093578338623, 0.5827330946922302, 0.5609333515167236, 0.2599300742149353, 0.08375494182109833]"
2,centroid,1,146,Denom,Nivalis,"[""Nivalis"", ""Denom"", ""Ratikon"", ""Ilias"", ""Gemini""]","[0.7290695905685425, 0.6525756120681763, 0.5850229263305664, 0.36276596784591675, 0.22146740555763245]"
2,centroid,1,147,Denom,Denom,"[""Denom"", ""Ratikon"", ""Nivalis"", ""Ilias"", ""Velorum""]","[0.9047156572341919, 0.8445101380348206, 0.7700713872909546, 0.7295008897781372, 0.36754900217056274]"
2,centroid,1,148,Denom,Denom,"[""Denom"", ""Nivalis"", ""Ratikon"", ""Ilias"", ""Velorum""]","[0.9286184310913086, 0.6424546241760254, 0.6270231008529663, 0.49151262640953064, 0.35268592834472656]"
2,centroid,1,149,Denom,Denom,"[""Denom"", ""Ratikon"", ""Nivalis"", ""Ilias"", ""Velorum""]","[0.9262853860855103, 0.7889090776443481, 0.6793900728225708, 0.48676609992980957, 0.15358909964561462]"
2,centroid,1,150,Denom,Denom,"[""Denom"", ""Ratikon"", ""Nivalis"", ""Ilias"", ""Velorum""]","[0.8582015037536621, 0.8023744225502014, 0.5501037836074829, 0.4520485997200012, 0.029191654175519943]"
2,centroid,1,151,Denom,Denom,"[""Denom"", ""Nivalis"", ""Ratikon"", ""Ilias"", ""Velorum""]","[0.9117470979690552, 0.6891810894012451, 0.6340771913528442, 0.6246499419212341, 0.4972244203090668]"
2,centroid,1,152,Denom,Ratikon,"[""Ratikon"", ""Denom"", ""Nivalis"", ""Ilias"", ""Steel_Wheel""]","[0.7649614810943604, 0.7533270120620728, 0.5714276432991028, 0.48432934284210205, 0.15139764547348022]"
2,centroid,1,153,Denom,Denom,"[""Denom"", ""Ratikon"", ""Nivalis"", ""Ilias"", ""Trius""]","[0.7044689655303955, 0.622677743434906, 0.6075434684753418, 0.5112671852111816, 0.33903977274894714]"
2,centroid,1,154,Denom,Velorum,"[""Velorum"", ""Ilias"", ""Ratikon"", ""Denom"", ""Nivalis""]","[0.8244507312774658, 0.6823495626449585, 0.4949169456958771, 0.49487781524658203, 0.4405825734138489]"
2,centroid,1,155,Denom,Denom,"[""Denom"", ""Nivalis"", ""Ratikon"", ""Velorum"", ""Ilias""]","[0.8137726187705994, 0.7129859924316406, 0.698384702205658, 0.6918984651565552, 0.6725149750709534]"
2,centroid,1,156,Denom,Denom,"[""Denom"", ""Ratikon"", ""Ilias"", ""Nivalis"", ""Alaris""]","[0.738676905632019, 0.6405171155929565, 0.36116886138916016, 0.2344643473625183, -0.011722397059202194]"
2,centroid,1,157,Denom,Denom,"[""Denom"", ""Ratikon"", ""Nivalis"", ""Ilias"", ""Velorum""]","[0.9161288738250732, 0.7878632545471191, 0.6561906337738037, 0.48809105157852173, 0.13575026392936707]"
2,centroid,1,158,Denom,Denom,"[""Denom"", ""Ratikon"", ""Nivalis"", ""Ilias"", ""Velorum""]","[0.9476621150970459, 0.7330365180969238, 0.6865756511688232, 0.45711779594421387, 0.1652803122997284]"
2,centroid,1,159,Denom,Denom,"[""Denom"", ""Nivalis"", ""Ratikon"", ""Ilias"", ""Velorum""]","[0.9442604184150696, 0.7089752554893494, 0.6751503944396973, 0.5262200832366943, 0.39815086126327515]"
2,centroid,1,160,Denom,Denom,"[""Denom"", ""Trius"", ""Ratikon"", ""Nivalis"", ""Ilias""]","[0.6421544551849365, 0.5302994251251221, 0.5263857841491699, 0.5075955986976624, 0.27901944518089294]"
2,centroid,1,161,Gemini,Gemini,"[""Gemini"", ""Xtreme"", ""Vega"", ""Braga"", ""Trius""]","[0.8946465253829956, 0.6020341515541077, 0.35772666335105896, 0.3096590042114258, 0.2079445719718933]"
2,centroid,1,162,Gemini,Gemini,"[""Gemini"", ""Braga"", ""Trius"", ""Vega"", ""Triton""]","[0.8648314476013184, 0.5041765570640564, 0.4913991093635559, 0.47463321685791016, 0.43861326575279236]"
2,centroid,1,163,Gemini,Gemini,"[""Gemini"", ""Trius"", ""Braga"", ""Vega"", ""Xtreme""]","[0.9415708184242249, 0.5226597785949707, 0.4072214961051941, 0.3511314392089844, 0.33271658420562744]"
2,centroid,1,164,Gemini,Vega,"[""Vega"", ""Gemini"", ""Turbine"", ""Hawk"", ""Braga""]","[0.6018723249435425, 0.5336819291114807, 0.4251352548599243, 0.4157940745353699, 0.4154356122016907]"
2,centroid,1,165,Gemini,Gemini,"[""Gemini"", ""Xtreme"", ""Vega"", ""Ilias"", ""Trius""]","[0.8959306478500366, 0.673232913017273, 0.37020450830459595, 0.2323404848575592, 0.17113199830055237]"
2,centroid,1,166,Gemini,Xtreme,"[""Xtreme"", ""Gemini"", ""Nivalis"", ""Ilias"", ""Denom""]","[0.765149712562561, 0.6953496932983398, 0.34415513277053833, 0.34392136335372925, 0.23749269545078278]"
2,centroid,1,167,Gemini,Gemini,"[""Gemini"", ""Trius"", ""Vega"", ""Xtreme"", ""Ilias""]","[0.8912657499313354, 0.4401872158050537, 0.37297874689102173, 0.31205469369888306, 0.3084366023540497]"
2,centroid,1,168,Gemini,Gemini,"[""Gemini"", ""Vega"", ""Trius"", ""Xtreme"", ""Alaris""]","[0.7651867866516113, 0.38041284680366516, 0.3361234962940216, 0.2695349454879761, 0.2060503363609314]"
2,centroid,1,169,Gemini,Gemini,"[""Gemini"", ""Hawk"", ""Vega"", ""Xtreme"", ""Alaris""]","[0.6875329613685608, 0.38380807638168335, 0.3383534252643585, 0.25086113810539246, 0.14838185906410217]"
2,centroid,1,170,Gemini,Gemini,"[""Gemini"", ""Xtreme"", ""Trius"", ""Vega"", ""Braga""]","[0.902144730091095, 0.3337666690349579, 0.3194090723991394, 0.26744651794433594, 0.19579368829727173]"
2,centroid,1,171,Gemini,Gemini,"[""Gemini"", ""Xtreme"", ""Vega"", ""Braga"", ""Trius""]","[0.9140692949295044, 0.5858554840087891, 0.41146743297576904, 0.22982904314994812, 0.10807915776968002]"
2,centroid,1,172,Gemini,Gemini,"[""Gemini"", ""Xtreme"", ""Vega"", ""Ilias"", ""Trius""]","[0.8784509897232056, 0.5402815341949463, 0.22657790780067444, 0.1449456363916397, 0.11213607341051102]"
2,centroid,1,173,Gemini,Gemini,"[""Gemini"", ""Trius"", ""Braga"", ""Vega"", ""Hawk""]","[0.756209135055542, 0.5201253890991211, 0.5183231830596924, 0.4734717011451721, 0.4656575918197632]"
2,centroid,1,174,Gemini,Gemini,"[""Gemini"", ""Vega"", ""Braga"", ""Trius"", ""Hawk""]","[0.8629536032676697, 0.6395860910415649, 0.6082841753959656, 0.439877986907959, 0.3026590347290039]"
2,centroid,1,175,Gemini,Gemini,"[""Gemini"", ""Trius"", ""Braga"", ""Vega"", ""Xtreme""]","[0.8884357213973999, 0.5145210027694702, 0.44066786766052246, 0.4137548506259918, 0.3637254238128662]"
2,centroid,1,176,Gemini,Gemini,"[""Gemini"", ""Xtreme"", ""Hawk"", ""Braga"", ""Alaris""]","[0.751449465751648, 0.42105382680892944, 0.2891266345977783, 0.22883130609989166, 0.18652872741222382]"
2,centroid,1,177,Gemini,Gemini,"[""Gemini"", ""Xtreme"", ""Braga"", ""Trius"", ""Vega""]","[0.9124424457550049, 0.48285430669784546, 0.27173948287963867, 0.259990930557251, 0.21505038440227509]"
2,centroid,1,178,Gemini,Gemini,"[""Gemini"", ""Xtreme"", ""Hawk"", ""Steel_Wheel"", ""Vega""]","[0.7317501306533813, 0.5526766777038574, 0.12799030542373657, 0.12642154097557068, 0.11683809757232666]"
2,centroid,1,179,Gemini,Gemini,"[""Gemini"", ""Trius"", ""Braga"", ""Xtreme"", ""Triton""]","[0.7968116402626038, 0.5236039757728577, 0.2383090853691101, 0.22014284133911133, 0.21534746885299683]"
2,centroid,1,180,Gemini,Gemini,"[""Gemini"", ""Xtreme"", ""Vega"", ""Ilias"", ""Steel_Wheel""]","[0.8120997548103333, 0.6255927085876465, 0.16746585071086884, 0.0619831420481205, 0.019344542175531387]"
2,centroid,1,181,Gemini,Gemini,"[""Gemini"", ""Xtreme"", ""Trius"", ""Braga"", ""Vega""]","[0.8984516859054565, 0.5596417784690857, 0.2644140124320984, 0.2475336492061615, 0.17951957881450653]"
2,centroid,1,182,Gemini,Gemini,"[""Gemini"", ""Xtreme"", ""Braga"", ""Vega"", ""Trius""]","[0.567173957824707, 0.3141588568687439, 0.31066736578941345, 0.3096317946910858, 0.25289657711982727]"
2,centroid,1,183,Gemini,Gemini,"[""Gemini"", ""Xtreme"", ""Vega"", ""Trius"", ""Denom""]","[0.8172166347503662, 0.3437737822532654, 0.23420487344264984, 0.23401211202144623, 0.16214272379875183]"
2,centroid,1,184,Gemini,Gemini,"[""Gemini"", ""Xtreme"", ""Vega"", ""Trius"", ""Ilias""]","[0.9192295074462891, 0.6572175621986389, 0.3361760973930359, 0.1984502524137497, 0.17865905165672302]"
2,centroid,1,185,Gemini,Gemini,"[""Gemini"", ""Braga"", ""Trius"", ""Triton"", ""Vega""]","[0.6784083843231201, 0.595798671245575, 0.5170262455940247, 0.3429412245750427, 0.295910507440567]"
2,centroid,1,186,Gemini,Gemini,"[""Gemini"", ""Xtreme"", ""Vega"", ""Braga"", ""Trius""]","[0.8604223728179932, 0.4914538860321045, 0.30093783140182495, 0.14735928177833557, 0.1191086396574974]"
2,centroid,1,187,Gemini,Gemini,"[""Gemini"", ""Vega"", ""Trius"", ""Ilias"", ""Hawk""]","[0.797809362411499, 0.36160898208618164, 0.2862972915172577, 0.268670916557312, 0.23760133981704712]"
2,centroid,1,188,Hawk,Hawk,"[""Hawk"", ""Alaris"", ""Vega"", ""Turbine"", ""Braga""]","[0.8999361395835876, 0.5290349721908569, 0.45400694012641907, 0.4420681595802307, 0.38939499855041504]"
2,centroid,1,189,Hawk,Turbine,"[""Turbine"", ""Braga"", ""Mytikas"", ""Alaris"", ""Alcatras""]","[0.46829119324684143, 0.4487038254737854, 0.44216808676719666, 0.35042130947113037, 0.3398788869380951]"
2,centroid,1,190,Hawk,Hawk,"[""Hawk"", ""Vega"", ""Alaris"", ""Turbine"", ""Alcatras""]","[0.9360624551773071, 0.4617884159088135, 0.30703505873680115, 0.2915176749229431, 0.16190892457962036]"
2,centroid,1,191,Hawk,Hawk,"[""Hawk"", ""Turbine"", ""Alaris"", ""Alcatras"", ""Vega""]","[0.9037660360336304, 0.26564645767211914, 0.2519901990890503, 0.24941183626651764, 0.21620690822601318]"
2,centroid,1,192,Hawk,Hawk,"[""Hawk"", ""Turbine"", ""Gemini"", ""Vega"", ""Braga""]","[0.6248520612716675, 0.5627105236053467, 0.3738430142402649, 0.35544049739837646, 0.3205550014972687]"
2,centroid,1,193,Hawk,Hawk,"[""Hawk"", ""Vega"", ""Turbine"", ""Braga"", ""Alaris""]","[0.9325016736984253, 0.5242752432823181, 0.37379521131515503, 0.32641756534576416, 0.2873590886592865]"
2,centroid,1,194,Hawk,Hawk,"[""Hawk"", ""Braga"", ""Vega"", ""Alaris"", ""Turbine""]","[0.8279803991317749, 0.6120491027832031, 0.4674280881881714, 0.428053081035614, 0.38761383295059204]"
2,centroid,1,195,Hawk,Hawk,"[""Hawk"", ""Turbine"", ""Vega"", ""Alaris"", ""Alcatras""]","[0.964823842048645, 0.44903603196144104, 0.3922796845436096, 0.3919416666030884, 0.34065115451812744]"
2,centroid,1,196,Hawk,Hawk,"[""Hawk"", ""Alaris"", ""Alcatras"", ""Vega"", ""Turbine""]","[0.9205660820007324, 0.48897191882133484, 0.42651253938674927, 0.4258269965648651, 0.3373190760612488]"
2,centroid,1,197,Hawk,Hawk,"[""Hawk"", ""Vega"", ""Alaris"", ""Alcatras"", ""Turbine""]","[0.9072463512420654, 0.6013436317443848, 0.5164744853973389, 0.4503769874572754, 0.4010917544364929]"
2,centroid,1,198,Hawk,Hawk,"[""Hawk"", ""Turbine"", ""Vega"", ""Braga"", ""Gemini""]","[0.8436936140060425, 0.5058497786521912, 0.39504021406173706, 0.26332733035087585, 0.13752678036689758]"
2,centroid,1,199,Hawk,Turbine,"[""Turbine"", ""Braga"", ""Mytikas"", ""Hawk"", ""Alcatras""]","[0.7489372491836548, 0.6356514692306519, 0.5796205997467041, 0.5739334225654602, 0.5138329267501831]"
2,centroid,1,200,Hawk,Hawk,"[""Hawk"", ""Alcatras"", ""Alaris"", ""Turbine"", ""Velorum""]","[0.8407244086265564, 0.3991020917892456, 0.39412885904312134, 0.32674339413642883, 0.23826490342617035]"
2,centroid,1,201,Hawk,Hawk,"[""Hawk"", ""Turbine"", ""Vega"", ""Alaris"", ""Alcatras""]","[0.9279452562332153, 0.4880622625350952, 0.4419716000556946, 0.4372422695159912, 0.40782690048217773]"
2,centroid,1,202,Hawk,Hawk,"[""Hawk"", ""Vega"", ""Turbine"", ""Alaris"", ""Alcatras""]","[0.9470639228820801, 0.49432751536369324, 0.4280890226364136, 0.3322092890739441, 0.1441056728363037]"
2,centroid,1,203,Hawk,Hawk,"[""Hawk"", ""Alaris"", ""Alcatras"", ""Turbine"", ""Castor""]","[0.7959946990013123, 0.6072179675102234, 0.5675971508026123, 0.403432697057724, 0.26702719926834106]"
2,centroid,1,204,Hawk,Hawk,"[""Hawk"", ""Vega"", ""Gemini"", ""Turbine"", ""Braga""]","[0.7803206443786621, 0.6545686721801758, 0.45456311106681824, 0.3610866665840149, 0.32612693309783936]"
2,centroid,1,205,Hawk,Hawk,"[""Hawk"", ""Vega"", ""Turbine"", ""Alaris"", ""Braga""]","[0.9608742594718933, 0.5025984048843384, 0.4082760214805603, 0.36670464277267456, 0.2643592357635498]"
2,centroid,1,206,Hawk,Hawk,"[""Hawk"", ""Turbine"", ""Vega"", ""Alaris"", ""Braga""]","[0.9553473591804504, 0.3635713458061218, 0.30068302154541016, 0.24329398572444916, 0.19488316774368286]"
2,centroid,1,207,Hawk,Hawk,"[""Hawk"", ""Vega"", ""Turbine"", ""Gemini"", ""Alaris""]","[0.8794119358062744, 0.44294384121894836, 0.3788621127605438, 0.3060007095336914, 0.28137004375457764]"
2,centroid,1,208,Hawk,Hawk,"[""Hawk"", ""Turbine"", ""Braga"", ""Alcatras"", ""Vega""]","[0.924760103225708, 0.34961777925491333, 0.2314065545797348, 0.22894850373268127, 0.22253908216953278]"
2,centroid,1,209,Hawk,Hawk,"[""Hawk"", ""Alaris"", ""Alcatras"", ""Vega"", ""Turbine""]","[0.9098212718963623, 0.5234167575836182, 0.4947797358036041, 0.42575037479400635, 0.41270220279693604]"
2,centroid,1,210,Hawk,Hawk,"[""Hawk"", ""Turbine"", ""Alaris"", ""Vega"", ""Alcatras""]","[0.9488078951835632, 0.5039281845092773, 0.461343914270401, 0.4091564416885376, 0.3479035496711731]"
2,centroid,1,211,Hawk,Hawk,"[""Hawk"", ""Turbine"", ""Vega"", ""Xtreme"", ""Gemini""]","[0.8855995535850525, 0.28493431210517883, 0.17210806906223297, 0.16797718405723572, 0.16189472377300262]"
2,centroid,1,212,Hawk,Hawk,"[""Hawk"", ""Vega"", ""Turbine"", ""Gemini"", ""Xtreme""]","[0.8869997262954712, 0.4082520008087158, 0.31423133611679077, 0.21853019297122955, 0.16556084156036377]"
2,centroid,1,213,Hawk,Hawk,"[""Hawk"", ""Turbine"", ""Vega"", ""Braga"", ""Alaris""]","[0.882197380065918, 0.5381009578704834, 0.4148698151111603, 0.36986294388771057, 0.26940977573394775]"
2,centroid,1,214,Ilias,Ilias,"[""Ilias"", ""Ratikon"", ""Denom"", ""Nivalis"", ""Velorum""]","[0.8049485087394714, 0.7513546943664551, 0.6943612098693848, 0.45452868938446045, 0.2305092215538025]"
2,centroid,1,215,Ilias,Ilias,"[""Ilias"", ""Ratikon"", ""Denom"", ""Nivalis"", ""Velorum""]","[0.8604693412780762, 0.7151681780815125, 0.6050251126289368, 0.5039945840835571, 0.320519357919693]"
2,centroid,1,216,Ilias,Ilias,"[""Ilias"", ""Ratikon"", ""Velorum"", ""Denom"", ""Nivalis""]","[0.9347745180130005, 0.6415494680404663, 0.5019888281822205, 0.4869377613067627, 0.45231157541275024]"
2,centroid,1,217,Ilias,Ilias,"[""Ilias"", ""Ratikon"", ""Velorum"", ""Denom"", ""Nivalis""]","[0.9168891310691833, 0.6143798232078552, 0.4678424596786499, 0.38799870014190674, 0.3311357796192169]"
2,centroid,1,218,Ilias,Ilias,"[""Ilias"", ""Ratikon"", ""Velorum"", ""Denom"", ""Nivalis""]","[0.9340131282806396, 0.5829555988311768, 0.44612354040145874, 0.42203542590141296, 0.3981272578239441]"
2,centroid,1,219,Ilias,Ilias,"[""Ilias"", ""Ratikon"", ""Nivalis"", ""Denom"", ""Velorum""]","[0.9457598924636841, 0.6304925680160522, 0.5023627281188965, 0.48457223176956177, 0.388770192861557]"
2,centroid,1,220,Ilias,Ilias,"[""Ilias"", ""Velorum"", ""Denom"", ""Ratikon"", ""Nivalis""]","[0.8359564542770386, 0.6424955129623413, 0.5156997442245483, 0.43469712138175964, 0.3976512551307678]"
2,centroid,1,221,Ilias,Ilias,"[""Ilias"", ""Denom"", ""Ratikon"", ""Nivalis"", ""Gemini""]","[0.8114923238754272, 0.5927919149398804, 0.5297423601150513, 0.43137258291244507, 0.35886842012405396]"
2,centroid,1,222,Ilias,Ilias,"[""Ilias"", ""Ratikon"", ""Denom"", ""Velorum"", ""Nivalis""]","[0.9336888194084167, 0.706902265548706, 0.5613011121749878, 0.5519067645072937, 0.5063319206237793]"
2,centroid,1,223,Ilias,Ilias,"[""Ilias"", ""Ratikon"", ""Trius"", ""Triton"", ""Velorum""]","[0.6843540072441101, 0.5149064064025879, 0.5075203776359558, 0.4562442898750305, 0.28713715076446533]"
2,centroid,1,224,Ilias,Velorum,"[""Velorum"", ""Ilias"", ""Denom"", ""Ratikon"", ""Nivalis""]","[0.7303854823112488, 0.6941858530044556, 0.6522969007492065, 0.5508359670639038, 0.5347850322723389]"
2,centroid,1,225,Ilias,Ilias,"[""Ilias"", ""Ratikon"", ""Nivalis"", ""Denom"", ""Velorum""]","[0.9331472516059875, 0.728127121925354, 0.6127220392227173, 0.5711201429367065, 0.459600567817688]"
2,centroid,1,226,Ilias,Ilias,"[""Ilias"", ""Ratikon"", ""Velorum"", ""Nivalis"", ""Denom""]","[0.7483975291252136, 0.5602198839187622, 0.49369996786117554, 0.4587513506412506, 0.44027620553970337]"
2,centroid,1,227,Ilias,Ilias,"[""Ilias"", ""Velorum"", ""Nivalis"", ""Ratikon"", ""Xtreme""]","[0.7299078106880188, 0.7164222002029419, 0.395555317401886, 0.31532663106918335, 0.30516505241394043]"
2,centroid,1,228,Ilias,Ilias,"[""Ilias"", ""Ratikon"", ""Nivalis"", ""Denom"", ""Velorum""]","[0.9233673214912415, 0.7141109704971313, 0.5643279552459717, 0.5499007105827332, 0.501914381980896]"
2,centroid,1,229,Ilias,Ilias,"[""Ilias"", ""Denom"", ""Ratikon"", ""Nivalis"", ""Velorum""]","[0.8344690799713135, 0.6779507398605347, 0.6037508249282837, 0.4039682447910309, 0.4017748236656189]"
2,centroid,1,230,Ilias,Turbine,"[""Turbine"", ""Vega"", ""Alaris"", ""Hawk"", ""Alcatras""]","[0.8210582733154297, 0.5678771734237671, 0.5497518181800842, 0.4996819794178009, 0.425073504447937]"
2,centroid,1,231,Ilias,Ilias,"[""Ilias"", ""Ratikon"", ""Denom"", ""Nivalis"", ""Velorum""]","[0.9373168349266052, 0.646221399307251, 0.5560518503189087, 0.4768806993961334, 0.3897804617881775]"
2,centroid,1,232,Ilias,Ilias,"[""Ilias"", ""Ratikon"", ""Denom"", ""Nivalis"", ""Velorum""]","[0.9009854793548584, 0.8522476553916931, 0.7300852537155151, 0.5648906230926514, 0.2064630389213562]"
2,centroid,1,233,Ilias,Ilias,"[""Ilias"", ""Velorum"", ""Denom"", ""Ratikon"", ""Nivalis""]","[0.8003494739532471, 0.5405341386795044, 0.5246262550354004, 0.4796628952026367, 0.36193475127220154]"
2,centroid,1,234,Ilias,Ilias,"[""Ilias"", ""Denom"", ""Ratikon"", ""Nivalis"", ""Xtreme""]","[0.7151519060134888, 0.6957987546920776, 0.6492153406143188, 0.42824453115463257, 0.22217237949371338]"
2,centroid,1,235,Ilias,Velorum,"[""Velorum"", ""Ilias"", ""Denom"", ""Triton"", ""Nivalis""]","[0.7383966445922852, 0.6633200645446777, 0.5023680329322815, 0.4817441701889038, 0.44749271869659424]"
2,centroid,1,236,Ilias,Nivalis,"[""Nivalis"", ""Ilias"", ""Ratikon"", ""Denom"", ""Velorum""]","[0.7726055383682251, 0.6916238069534302, 0.6896622180938721, 0.5241089463233948, 0.42630907893180847]"
2,centroid,1,237,Ilias,Ilias,"[""Ilias"", ""Ratikon"", ""Nivalis"", ""Velorum"", ""Denom""]","[0.9152498245239258, 0.5782973766326904, 0.570573091506958, 0.495970219373703, 0.4732499122619629]"
2,centroid,1,238,Ilias,Ilias,"[""Ilias"", ""Ratikon"", ""Denom"", ""Velorum"", ""Nivalis""]","[0.9573754072189331, 0.7237516641616821, 0.6047731637954712, 0.5982673168182373, 0.5047091245651245]"
2,centroid,1,239,Ilias,Ratikon,"[""Ratikon"", ""Ilias"", ""Denom"", ""Nivalis"", ""Trius""]","[0.8184816241264343, 0.759618878364563, 0.7310538291931152, 0.5293396711349487, 0.18924838304519653]"
2,centroid,1,240,Ilias,Ilias,"[""Ilias"", ""Ratikon"", ""Denom"", ""Nivalis"", ""Velorum""]","[0.9340400099754333, 0.671881914138794, 0.6216046810150146, 0.5783628225326538, 0.5357047319412231]"
2,centroid,1,241,Ilias,Ilias,"[""Ilias"", ""Ratikon"", ""Triton"", ""Denom"", ""Nivalis""]","[0.8740053772926331, 0.6236588954925537, 0.5087001919746399, 0.4240299165248871, 0.3891187310218811]"
2,centroid,1,242,Ilias,Ilias,"[""Ilias"", ""Ratikon"", ""Denom"", ""Velorum"", ""Nivalis""]","[0.8984670042991638, 0.5831634402275085, 0.5510739684104919, 0.4030221402645111, 0.37671902775764465]"
2,centroid,1,243,Mytikas,Mytikas,"[""Mytikas"", ""Triton"", ""Braga"", ""Turbine"", ""Trius""]","[0.788104772567749, 0.6037039756774902, 0.5267190933227539, 0.5150952339172363, 0.4654904007911682]"
2,centroid,1,244,Mytikas,Triton,"[""Triton"", ""Mytikas"", ""Trius"", ""Braga"", ""Gemini""]","[0.7410486936569214, 0.6833767890930176, 0.6598297357559204, 0.5855246782302856, 0.5402167439460754]"
2,centroid,1,245,Mytikas,Triton,"[""Triton"", ""Mytikas"", ""Trius"", ""Castor"", ""Ilias""]","[0.8726606369018555, 0.7509827613830566, 0.5752313137054443, 0.3427749276161194, 0.33734652400016785]"
2,centroid,1,246,Mytikas,Mytikas,"[""Mytikas"", ""Triton"", ""Alcatras"", ""Trius"", ""Castor""]","[0.866978108882904, 0.5320075750350952, 0.3515285849571228, 0.3312656879425049, 0.3136586546897888]"
2,centroid,1,247,Mytikas,Mytikas,"[""Mytikas"", ""Castor"", ""Triton"", ""Alaris"", ""Alcatras""]","[0.6487542986869812, 0.6106626391410828, 0.5738661885261536, 0.5092300772666931, 0.5062649846076965]"
2,centroid,1,248,Mytikas,Mytikas,"[""Mytikas"", ""Triton"", ""Alcatras"", ""Trius"", ""Castor""]","[0.9186882972717285, 0.6269164085388184, 0.6140769124031067, 0.5452738404273987, 0.5439356565475464]"
2,centroid,1,249,Mytikas,Mytikas,"[""Mytikas"", ""Triton"", ""Castor"", ""Turbine"", ""Braga""]","[0.8165897130966187, 0.5477785468101501, 0.36633217334747314, 0.2645553946495056, 0.25153452157974243]"
2,centroid,1,250,Mytikas,Mytikas,"[""Mytikas"", ""Alcatras"", ""Triton"", ""Alaris"", ""Turbine""]","[0.725765585899353, 0.5231130123138428, 0.3916117548942566, 0.3704462945461273, 0.3582990765571594]"
2,centroid,1,251,Mytikas,Mytikas,"[""Mytikas"", ""Triton"", ""Castor"", ""Braga"", ""Trius""]","[0.8626223802566528, 0.7979058027267456, 0.6477561593055725, 0.6228963136672974, 0.5264033079147339]"
2,centroid,1,252,Mytikas,Nivalis,"[""Nivalis"", ""Vega"", ""Mytikas"", ""Gemini"", ""Ratikon""]","[0.5028555989265442, 0.41932201385498047, 0.4058513045310974, 0.31497493386268616, 0.19264985620975494]"
2,centroid,1,253,Mytikas,Trius,"[""Trius"", ""Mytikas"", ""Triton"", ""Braga"", ""Gemini""]","[0.7234615683555603, 0.49721768498420715, 0.4911099076271057, 0.4691452980041504, 0.4389236569404602]"
2,centroid,1,254,Mytikas,Mytikas,"[""Mytikas"", ""Hawk"", ""Braga"", ""Vega"", ""Trius""]","[0.6675537824630737, 0.5520648956298828, 0.4835905432701111, 0.4750954806804657, 0.4189530611038208]"
2,centroid,1,255,Mytikas,Mytikas,"[""Mytikas"", ""Trius"", ""Triton"", ""Braga"", ""Gemini""]","[0.7362423539161682, 0.6358672380447388, 0.5013375878334045, 0.4835811257362366, 0.3370620608329773]"
2,centroid,1,256,Mytikas,Mytikas,"[""Mytikas"", ""Alcatras"", ""Triton"", ""Trius"", ""Braga""]","[0.8675062656402588, 0.6447371244430542, 0.6194230318069458, 0.5501025915145874, 0.5258955359458923]"
2,centroid,1,257,Mytikas,Mytikas,"[""Mytikas"", ""Triton"", ""Castor"", ""Trius"", ""Alcatras""]","[0.8858893513679504, 0.8781871795654297, 0.5934747457504272, 0.5823622941970825, 0.447260320186615]"
2,centroid,1,258,Mytikas,Mytikas,"[""Mytikas"", ""Triton"", ""Trius"", ""Turbine"", ""Alcatras""]","[0.9052868485450745, 0.6871064901351929, 0.5227485299110413, 0.4624183177947998, 0.4617699384689331]"
2,centroid,1,259,Mytikas,Mytikas,"[""Mytikas"", ""Triton"", ""Castor"", ""Alcatras"", ""Turbine""]","[0.795446515083313, 0.6616612672805786, 0.6399596929550171, 0.596258282661438, 0.4862171411514282]"
2,centroid,1,260,Mytikas,Alcatras,"[""Alcatras"", ""Alaris"", ""Mytikas"", ""Trius"", ""Braga""]","[0.7787389755249023, 0.750069797039032, 0.7106341123580933, 0.6390536427497864, 0.5842119455337524]"
2,centroid,1,261,Mytikas,Trius,"[""Trius"", ""Triton"", ""Gemini"", ""Braga"", ""Mytikas""]","[0.7731524705886841, 0.6067683696746826, 0.6055443286895752, 0.5534360408782959, 0.5448513031005859]"
2,centroid,1,262,Mytikas,Mytikas,"[""Mytikas"", ""Triton"", ""Trius"", ""Turbine"", ""Braga""]","[0.6970988512039185, 0.6927446126937866, 0.61374831199646, 0.6094144582748413, 0.539949893951416]"
2,centroid,1,263,Mytikas,Mytikas,"[""Mytikas"", ""Triton"", ""Trius"", ""Alcatras"", ""Turbine""]","[0.8882598876953125, 0.7683353424072266, 0.5044265985488892, 0.46684470772743225, 0.45160311460494995]"
2,centroid,1,264,Mytikas,Mytikas,"[""Mytikas"", ""Trius"", ""Castor"", ""Triton"", ""Alcatras""]","[0.7653772830963135, 0.7080422043800354, 0.6740013360977173, 0.6588412523269653, 0.6474572420120239]"
2,centroid,1,265,Mytikas,Mytikas,"[""Mytikas"", ""Triton"", ""Braga"", ""Trius"", ""Castor""]","[0.726227879524231, 0.7126013040542603, 0.6884621977806091, 0.6312648057937622, 0.4670559763908386]"
2,centroid,1,266,Mytikas,Mytikas,"[""Mytikas"", ""Triton"", ""Trius"", ""Braga"", ""Castor""]","[0.8436242938041687, 0.8301712870597839, 0.5729230046272278, 0.46773841977119446, 0.39604711532592773]"
2,centroid,1,267,Mytikas,Trius,"[""Trius"", ""Braga"", ""Turbine"", ""Mytikas"", ""Vega""]","[0.5428471565246582, 0.45722222328186035, 0.44479483366012573, 0.443147212266922, 0.43816429376602173]"
2,centroid,1,268,Mytikas,Mytikas,"[""Mytikas"", ""Triton"", ""Braga"", ""Trius"", ""Velorum""]","[0.8371820449829102, 0.6497256755828857, 0.503928542137146, 0.40601521730422974, 0.3739240765571594]"
2,centroid,1,269,Mytikas,Castor,"[""Castor"", ""Mytikas"", ""Braga"", ""Alcatras"", ""Triton""]","[0.8057073950767517, 0.7561287879943848, 0.7280727624893188, 0.6564266681671143, 0.6516627073287964]"
2,centroid,1,270,Mytikas,Mytikas,"[""Mytikas"", ""Trius"", ""Triton"", ""Velorum"", ""Braga""]","[0.8026407361030579, 0.5668513774871826, 0.49569830298423767, 0.35135871171951294, 0.3097224831581116]"
2,centroid,1,271,Nivalis,Nivalis,"[""Nivalis"", ""Ratikon"", ""Ilias"", ""Denom"", ""Vega""]","[0.7583410143852234, 0.615268886089325, 0.4263143539428711, 0.41649168729782104, 0.39342597126960754]"
2,centroid,1,272,Nivalis,Ratikon,"[""Ratikon"", ""Nivalis"", ""Denom"", ""Ilias"", ""Velorum""]","[0.8355259895324707, 0.8072327375411987, 0.8005877137184143, 0.6712268590927124, 0.44609391689300537]"
2,centroid,1,273,Nivalis,Nivalis,"[""Nivalis"", ""Denom"", ""Ratikon"", ""Ilias"", ""Velorum""]","[0.9092327356338501, 0.7229781746864319, 0.6931438446044922, 0.63190758228302, 0.4930465817451477]"
2,centroid,1,274,Nivalis,Nivalis,"[""Nivalis"", ""Denom"", ""Ratikon"", ""Velorum"", ""Ilias""]","[0.7579160928726196, 0.7082115411758423, 0.6019659638404846, 0.4607445001602173, 0.45420998334884644]"
2,centroid,1,275,Nivalis,Nivalis,"[""Nivalis"", ""Velorum"", ""Ilias"", ""Xtreme"", ""Denom""]","[0.6170254945755005, 0.4673515558242798, 0.44220542907714844, 0.42327889800071716, 0.3584020137786865]"
2,centroid,1,276,Nivalis,Velorum,"[""Velorum"", ""Nivalis"", ""Ilias"", ""Ratikon"", ""Mytikas""]","[0.7091876268386841, 0.704416036605835, 0.6665216684341431, 0.5047862529754639, 0.4260418713092804]"
2,centroid,1,277,Nivalis,Nivalis,"[""Nivalis"", ""Ilias"", ""Ratikon"", ""Velorum"", ""Denom""]","[0.8708420991897583, 0.6414112448692322, 0.6041910648345947, 0.48590123653411865, 0.44795334339141846]"
2,centroid,1,278,Nivalis,Nivalis,"[""Nivalis"", ""Velorum"", ""Denom"", ""Ilias"", ""Ratikon""]","[0.8365988731384277, 0.6264799237251282, 0.5700976848602295, 0.44992369413375854, 0.39879268407821655]"
2,centroid,1,279,Nivalis,Nivalis,"[""Nivalis"", ""Ratikon"", ""Vega"", ""Denom"", ""Ilias""]","[0.7674705386161804, 0.5112969279289246, 0.429939329624176, 0.3531242311000824, 0.3139602839946747]"
2,centroid,1,280,Nivalis,Nivalis,"[""Nivalis"", ""Ratikon"", ""Denom"", ""Ilias"", ""Velorum""]","[0.8929566144943237, 0.7039164304733276, 0.5965588092803955, 0.5564075112342834, 0.3460753560066223]"
2,centroid,1,281,Nivalis,Ratikon,"[""Ratikon"", ""Denom"", ""Ilias"", ""Nivalis"", ""Velorum""]","[0.8805443048477173, 0.847406268119812, 0.8175666332244873, 0.8028697967529297, 0.42227715253829956]"
2,centroid,1,282,Nivalis,Nivalis,"[""Nivalis"", ""Denom"", ""Ilias"", ""Velorum"", ""Ratikon""]","[0.8246000409126282, 0.6151994466781616, 0.5101233124732971, 0.5008490085601807, 0.40053969621658325]"
2,centroid,1,283,Nivalis,Nivalis,"[""Nivalis"", ""Ilias"", ""Denom"", ""Ratikon"", ""Velorum""]","[0.8182883262634277, 0.6074173450469971, 0.5930102467536926, 0.5514114499092102, 0.4805634021759033]"
2,centroid,1,284,Nivalis,Nivalis,"[""Nivalis"", ""Velorum"", ""Denom"", ""Ilias"", ""Ratikon""]","[0.7718898057937622, 0.65020751953125, 0.645756721496582, 0.5020066499710083, 0.34692707657814026]"
2,centroid,1,285,Nivalis,Denom,"[""Denom"", ""Nivalis"", ""Ratikon"", ""Ilias"", ""Velorum""]","[0.9141832590103149, 0.8402130007743835, 0.8006300926208496, 0.5903533101081848, 0.25601616501808167]"
2,centroid,1,286,Nivalis,Nivalis,"[""Nivalis"", ""Ratikon"", ""Denom"", ""Ilias"", ""Velorum""]","[0.9046928882598877, 0.6143164038658142, 0.5669034123420715, 0.5346754193305969, 0.3425951600074768]"
2,centroid,1,287,Nivalis,Nivalis,"[""Nivalis"", ""Ratikon"", ""Denom"", ""Vega"", ""Ilias""]","[0.7941206097602844, 0.46371012926101685, 0.44205668568611145, 0.29903966188430786, 0.24313297867774963]"
2,centroid,1,288,Nivalis,Nivalis,"[""Nivalis"", ""Denom"", ""Ratikon"", ""Ilias"", ""Velorum""]","[0.9207361340522766, 0.6381716728210449, 0.618782103061676, 0.46703842282295227, 0.39847037196159363]"
2,centroid,1,289,Nivalis,Nivalis,"[""Nivalis"", ""Velorum"", ""Ilias"", ""Denom"", ""Ratikon""]","[0.8008933067321777, 0.5962008237838745, 0.5093539953231812, 0.34922489523887634, 0.3437373638153076]"
2,centroid,1,290,Nivalis,Denom,"[""Denom"", ""Ratikon"", ""Nivalis"", ""Ilias"", ""Velorum""]","[0.8481777906417847, 0.8395875096321106, 0.6554684042930603, 0.6445794105529785, 0.18274624645709991]"
2,centroid,1,291,Nivalis,Ratikon,"[""Ratikon"", ""Denom"", ""Ilias"", ""Velorum"", ""Nivalis""]","[0.6061257719993591, 0.5925166606903076, 0.5802271366119385, 0.5707128047943115, 0.47535401582717896]"
2,centroid,1,292,Nivalis,Nivalis,"[""Nivalis"", ""Velorum"", ""Denom"", ""Ilias"", ""Ratikon""]","[0.7959427237510681, 0.6830207705497742, 0.409776508808136, 0.35363495349884033, 0.2849987745285034]"
2,centroid,1,293,Ratikon,Ratikon,"[""Ratikon"", ""Ilias"", ""Nivalis"", ""Denom"", ""Velorum""]","[0.9106190800666809, 0.7186585664749146, 0.5812891125679016, 0.5716218948364258, 0.2337062954902649]"
2,centroid,1,294,Ratikon,Ratikon,"[""Ratikon"", ""Denom"", ""Nivalis"", ""Ilias"", ""Velorum""]","[0.8695124387741089, 0.7792825102806091, 0.6967138051986694, 0.5560963153839111, 0.20539022982120514]"
2,centroid,1,295,Ratikon,Ratikon,"[""Ratikon"", ""Denom"", ""Ilias"", ""Nivalis"", ""Velorum""]","[0.9055109024047852, 0.7771671414375305, 0.7138216495513916, 0.6626589298248291, 0.07985465228557587]"
2,centroid,1,296,Ratikon,Nivalis,"[""Nivalis"", ""Ratikon"", ""Denom"", ""Ilias"", ""Vega""]","[0.6906960010528564, 0.6863186955451965, 0.6512544751167297, 0.5144258737564087, 0.3997475802898407]"
2,centroid,1,297,Ratikon,Ratikon,"[""Ratikon"", ""Denom"", ""Ilias"", ""Nivalis"", ""Velorum""]","[0.9347604513168335, 0.7355479598045349, 0.6461636424064636, 0.5973016619682312, 0.20143195986747742]"
2,centroid,1,298,Ratikon,Ratikon,"[""Ratikon"", ""Denom"", ""Nivalis"", ""Ilias"", ""Vega""]","[0.8501749038696289, 0.7970324754714966, 0.7542218565940857, 0.5334665179252625, 0.17039898037910461]"
2,centroid,1,299,Ratikon,Ratikon,"[""Ratikon"", ""Denom"", ""Nivalis"", ""Ilias"", ""Velorum""]","[0.9346873760223389, 0.741000235080719, 0.6530386805534363, 0.6273458003997803, 0.1946539580821991]"
2,centroid,1,300,Ratikon,Denom,"[""Denom"", ""Ratikon"", ""Nivalis"", ""Ilias"", ""Velorum""]","[0.8194581270217896, 0.7997030019760132, 0.7363029718399048, 0.5772318840026855, 0.4082941710948944]"
2,centroid,1,301,Ratikon,Gemini,"[""Gemini"", ""Nivalis"", ""Denom"", ""Trius"", ""Velorum""]","[0.46445298194885254, 0.3795567750930786, 0.34694379568099976, 0.30660581588745117, 0.2622050642967224]"
2,centroid,1,302,Ratikon,Denom,"[""Denom"", ""Ratikon"", ""Nivalis"", ""Ilias"", ""Velorum""]","[0.8436530232429504, 0.7242732048034668, 0.6424902677536011, 0.5180819034576416, 0.20311594009399414]"
2,centroid,1,303,Ratikon,Ratikon,"[""Ratikon"", ""Ilias"", ""Denom"", ""Nivalis"", ""Velorum""]","[0.8413783311843872, 0.7888174653053284, 0.7810300588607788, 0.7018166184425354, 0.2197965383529663]"
2,centroid,1,304,Ratikon,Ratikon,"[""Ratikon"", ""Nivalis"", ""Denom"", ""Ilias"", ""Velorum""]","[0.8863013386726379, 0.725318968296051, 0.6727539300918579, 0.6022686958312988, 0.3216383159160614]"
2,centroid,1,305,Ratikon,Ratikon,"[""Ratikon"", ""Denom"", ""Nivalis"", ""Ilias"", ""Trius""]","[0.8541053533554077, 0.6862985491752625, 0.6281872391700745, 0.6060597896575928, 0.22416871786117554]"
2,centroid,1,306,Ratikon,Ratikon,"[""Ratikon"", ""Ilias"", ""Nivalis"", ""Denom"", ""Velorum""]","[0.8893852233886719, 0.7923315763473511, 0.7014716267585754, 0.6924425363540649, 0.5163388252258301]"
2,centroid,1,307,Ratikon,Ratikon,"[""Ratikon"", ""Ilias"", ""Denom"", ""Nivalis"", ""Velorum""]","[0.9007023572921753, 0.7090222239494324, 0.6710109114646912, 0.5428083539009094, 0.26137593388557434]"
2,centroid,1,308,Ratikon,Ratikon,"[""Ratikon"", ""Denom"", ""Nivalis"", ""Ilias"", ""Velorum""]","[0.8664841055870056, 0.8416198492050171, 0.6707341074943542, 0.47026002407073975, 0.05084410309791565]"
2,centroid,1,309,Ratikon,Ratikon,"[""Ratikon"", ""Ilias"", ""Velorum"", ""Nivalis"", ""Denom""]","[0.7637801766395569, 0.7438977360725403, 0.6579501628875732, 0.6065080165863037, 0.5903823375701904]"
2,centroid,1,310,Ratikon,Ratikon,"[""Ratikon"", ""Denom"", ""Ilias"", ""Nivalis"", ""Velorum""]","[0.9442778825759888, 0.7952544689178467, 0.7456196546554565, 0.7362685203552246, 0.23259997367858887]"
2,centroid,1,311,Ratikon,Ratikon,"[""Ratikon"", ""Denom"", ""Nivalis"", ""Ilias"", ""Velorum""]","[0.9188098311424255, 0.7917901277542114, 0.7045058608055115, 0.5815167427062988, 0.11795489490032196]"
2,centroid,1,312,Ratikon,Ratikon,"[""Ratikon"", ""Denom"", ""Ilias"", ""Nivalis"", ""Velorum""]","[0.9711843729019165, 0.6823028326034546, 0.656273603439331, 0.6062338352203369, 0.13949787616729736]"
2,centroid,1,313,Ratikon,Ratikon,"[""Ratikon"", ""Ilias"", ""Denom"", ""Nivalis"", ""Velorum""]","[0.895362138748169, 0.7624130249023438, 0.5661525726318359, 0.4859974980354309, 0.2858390808105469]"
2,centroid,1,314,Ratikon,Ratikon,"[""Ratikon"", ""Ilias"", ""Nivalis"", ""Denom"", ""Vega""]","[0.8708738088607788, 0.7293174266815186, 0.7161170244216919, 0.642044186592102, 0.25902092456817627]"
2,centroid,1,315,Ratikon,Ratikon,"[""Ratikon"", ""Denom"", ""Ilias"", ""Nivalis"", ""Velorum""]","[0.7314518690109253, 0.6656469106674194, 0.5788028240203857, 0.4170757532119751, 0.16842877864837646]"
2,centroid,1,316,Ratikon,Ilias,"[""Ilias"", ""Denom"", ""Ratikon"", ""Nivalis"", ""Velorum""]","[0.7893237471580505, 0.687239408493042, 0.6707682609558105, 0.5178756713867188, 0.48258209228515625]"
2,centroid,1,317,Ratikon,Denom,"[""Denom"", ""Ratikon"", ""Nivalis"", ""Ilias"", ""Velorum""]","[0.8648308515548706, 0.7225506901741028, 0.618047833442688, 0.4402271509170532, 0.2975640892982483]"
2,centroid,1,318,Ratikon,Ratikon,"[""Ratikon"", ""Ilias"", ""Nivalis"", ""Denom"", ""Alaris""]","[0.8674929141998291, 0.5755273103713989, 0.4922637641429901, 0.42262405157089233, 0.19188760221004486]"
2,centroid,1,319,Ratikon,Ratikon,"[""Ratikon"", ""Nivalis"", ""Denom"", ""Ilias"", ""Velorum""]","[0.8560296297073364, 0.812629222869873, 0.6892974376678467, 0.5615440011024475, 0.2383703887462616]"
2,centroid,1,320,Ratikon,Ratikon,"[""Ratikon"", ""Nivalis"", ""Denom"", ""Ilias"", ""Velorum""]","[0.9108893275260925, 0.8390198945999146, 0.8150296211242676, 0.6256499290466309, 0.25944751501083374]"
2,centroid,1,321,Steel_Wheel,Steel_Wheel,"[""Steel_Wheel"", ""Xtreme"", ""Nivalis"", ""Denom"", ""Hawk""]","[0.9690036773681641, 0.05259786173701286, -0.0016579851508140564, -0.0046518705785274506, -0.040893323719501495]"
2,centroid,1,322,Steel_Wheel,Steel_Wheel,"[""Steel_Wheel"", ""Xtreme"", ""Hawk"", ""Nivalis"", ""Velorum""]","[0.9625943899154663, 0.06684575974941254, 0.05483705550432205, 0.02635626494884491, -0.03338944911956787]"
2,centroid,1,323,Steel_Wheel,Steel_Wheel,"[""Steel_Wheel"", ""Xtreme"", ""Alcatras"", ""Velorum"", ""Alaris""]","[0.9467595815658569, 0.045556195080280304, 0.021138176321983337, -0.04469073563814163, -0.05491243675351143]"
2,centroid,1,324,Steel_Wheel,Steel_Wheel,"[""Steel_Wheel"", ""Xtreme"", ""Nivalis"", ""Velorum"", ""Hawk""]","[0.9562517404556274, 0.12414360046386719, 0.06172966957092285, 0.044625282287597656, -0.028519093990325928]"
2,centroid,1,325,Steel_Wheel,Steel_Wheel,"[""Steel_Wheel"", ""Velorum"", ""Nivalis"", ""Denom"", ""Xtreme""]","[0.8422706723213196, 0.3043173551559448, 0.21883219480514526, 0.1819099485874176, 0.14712491631507874]"
2,centroid,1,326,Steel_Wheel,Steel_Wheel,"[""Steel_Wheel"", ""Nivalis"", ""Velorum"", ""Xtreme"", ""Turbine""]","[0.9378793239593506, 0.17773011326789856, 0.07026965916156769, 0.06997900456190109, 0.06915587186813354]"
2,centroid,1,327,Steel_Wheel,Steel_Wheel,"[""Steel_Wheel"", ""Xtreme"", ""Denom"", ""Nivalis"", ""Hawk""]","[0.8967432975769043, 0.08659423142671585, 0.07021574676036835, 0.06938999146223068, 0.06727639585733414]"
2,centroid,1,328,Steel_Wheel,Steel_Wheel,"[""Steel_Wheel"", ""Denom"", ""Velorum"", ""Nivalis"", ""Xtreme""]","[0.9525325298309326, 0.0590687096118927, 0.04848477989435196, 0.0444452166557312, 0.03956051915884018]"
2,centroid,1,329,Steel_Wheel,Steel_Wheel,"[""Steel_Wheel"", ""Xtreme"", ""Hawk"", ""Nivalis"", ""Alcatras""]","[0.939287006855011, 0.07508151978254318, 0.024486053735017776, 0.020880457013845444, 0.012757202610373497]"
2,centroid,1,330,Steel_Wheel,Steel_Wheel,"[""Steel_Wheel"", ""Nivalis"", ""Mytikas"", ""Velorum"", ""Denom""]","[0.9565739035606384, 0.0623258575797081, 0.03585313260555267, 0.009647808037698269, -0.0036613214761018753]"
2,centroid,1,331,Steel_Wheel,Steel_Wheel,"[""Steel_Wheel"", ""Xtreme"", ""Denom"", ""Nivalis"", ""Gemini""]","[0.9359450340270996, 0.1581694483757019, 0.10218657553195953, 0.05676648020744324, 0.01511959359049797]"
2,centroid,1,332,Steel_Wheel,Steel_Wheel,"[""Steel_Wheel"", ""Nivalis"", ""Xtreme"", ""Velorum"", ""Hawk""]","[0.948715329170227, 0.1368478238582611, 0.09606719017028809, 0.047920361161231995, -0.008742554113268852]"
2,centroid,1,333,Steel_Wheel,Steel_Wheel,"[""Steel_Wheel"", ""Nivalis"", ""Denom"", ""Ratikon"", ""Xtreme""]","[0.9236770868301392, 0.2728808522224426, 0.10922379791736603, 0.09299175441265106, 0.06665508449077606]"
2,centroid,1,334,Steel_Wheel,Steel_Wheel,"[""Steel_Wheel"", ""Xtreme"", ""Nivalis"", ""Hawk"", ""Castor""]","[0.9656988382339478, 0.13151344656944275, 0.027489975094795227, -0.00833897851407528, -0.04272505268454552]"
2,centroid,1,335,Steel_Wheel,Steel_Wheel,"[""Steel_Wheel"", ""Nivalis"", ""Xtreme"", ""Alcatras"", ""Velorum""]","[0.9674850702285767, 0.03973562642931938, -0.0037815868854522705, -0.01840345934033394, -0.04137555882334709]"
2,centroid,1,336,Steel_Wheel,Steel_Wheel,"[""Steel_Wheel"", ""Nivalis"", ""Hawk"", ""Xtreme"", ""Denom""]","[0.9779338836669922, 0.06548549234867096, 0.05079500377178192, 0.040000610053539276, 0.024226095527410507]"
2,centroid,1,337,Steel_Wheel,Steel_Wheel,"[""Steel_Wheel"", ""Nivalis"", ""Denom"", ""Xtreme"", ""Velorum""]","[0.9622857570648193, 0.14902463555335999, 0.05404187738895416, 0.048033833503723145, 0.044054530560970306]"
2,centroid,1,338,Steel_Wheel,Steel_Wheel,"[""Steel_Wheel"", ""Mytikas"", ""Xtreme"", ""Castor"", ""Hawk""]","[0.9203980565071106, 0.14150649309158325, 0.11493627727031708, 0.030184946954250336, 0.02129475399851799]"
2,centroid,1,339,Steel_Wheel,Steel_Wheel,"[""Steel_Wheel"", ""Xtreme"", ""Mytikas"", ""Alcatras"", ""Hawk""]","[0.950490415096283, 0.08795260637998581, 0.0464482419192791, 0.039502061903476715, 0.03593023866415024]"
2,centroid,1,340,Steel_Wheel,Steel_Wheel,"[""Steel_Wheel"", ""Denom"", ""Nivalis"", ""Xtreme"", ""Velorum""]","[0.9718655347824097, 0.07015179097652435, 0.05883875489234924, 0.058022208511829376, 0.0045110248029232025]"
2,centroid,1,341,Steel_Wheel,Steel_Wheel,"[""Steel_Wheel"", ""Xtreme"", ""Nivalis"", ""Velorum"", ""Hawk""]","[0.9478987455368042, 0.16435137391090393, 0.13658232986927032, 0.1317475438117981, 0.03299682214856148]"
2,centroid,1,342,Steel_Wheel,Steel_Wheel,"[""Steel_Wheel"", ""Xtreme"", ""Nivalis"", ""Hawk"", ""Gemini""]","[0.9380441904067993, 0.24589136242866516, 0.15208515524864197, 0.028368055820465088, -0.0074654631316661835]"
2,centroid,1,343,Steel_Wheel,Steel_Wheel,"[""Steel_Wheel"", ""Nivalis"", ""Velorum"", ""Xtreme"", ""Hawk""]","[0.9437291622161865, 0.18300190567970276, 0.08989714086055756, 0.05557284504175186, 0.049407050013542175]"
2,centroid,1,344,Steel_Wheel,Steel_Wheel,"[""Steel_Wheel"", ""Hawk"", ""Alaris"", ""Alcatras"", ""Turbine""]","[0.9087607860565186, 0.11719176173210144, 0.07139026373624802, 0.05677742883563042, 0.039701662957668304]"
2,centroid,1,345,Steel_Wheel,Steel_Wheel,"[""Steel_Wheel"", ""Xtreme"", ""Nivalis"", ""Velorum"", ""Hawk""]","[0.9802441596984863, 0.09212031215429306, 0.07722773402929306, 0.04170046001672745, -0.05078998580574989]"
2,centroid,1,346,Steel_Wheel,Steel_Wheel,"[""Steel_Wheel"", ""Hawk"", ""Nivalis"", ""Xtreme"", ""Velorum""]","[0.9311662316322327, 0.1097198873758316, 0.07163482159376144, 0.019726619124412537, 0.016312964260578156]"
2,centroid,1,347,Steel_Wheel,Steel_Wheel,"[""Steel_Wheel"", ""Nivalis"", ""Xtreme"", ""Turbine"", ""Hawk""]","[0.9413279294967651, 0.09759072959423065, 0.05552152544260025, 0.05026901513338089, -0.03949100896716118]"
2,centroid,1,348,Steel_Wheel,Steel_Wheel,"[""Steel_Wheel"", ""Xtreme"", ""Turbine"", ""Castor"", ""Hawk""]","[0.9605726599693298, 0.0038096271455287933, -0.039487600326538086, -0.0633789524435997, -0.07180512696504593]"
2,centroid,1,349,Steel_Wheel,Steel_Wheel,"[""Steel_Wheel"", ""Nivalis"", ""Xtreme"", ""Vega"", ""Turbine""]","[0.9414950013160706, 0.09895573556423187, 0.07807966321706772, -0.007468202151358128, -0.015247713774442673]"
2,centroid,1,350,Steel_Wheel,Steel_Wheel,"[""Steel_Wheel"", ""Denom"", ""Xtreme"", ""Alaris"", ""Nivalis""]","[0.9075379371643066, 0.11048130691051483, 0.023089081048965454, -0.026334263384342194, -0.027221810072660446]"
2,centroid,1,351,Steel_Wheel,Steel_Wheel,"[""Steel_Wheel"", ""Velorum"", ""Nivalis"", ""Mytikas"", ""Turbine""]","[0.9643632173538208, 0.03774910420179367, 0.034607574343681335, -0.012464754283428192, -0.013436472043395042]"
2,centroid,1,352,Steel_Wheel,Steel_Wheel,"[""Steel_Wheel"", ""Xtreme"", ""Ratikon"", ""Denom"", ""Nivalis""]","[0.9164192080497742, 0.01589950919151306, -0.002305600792169571, -0.023614145815372467, -0.03308379277586937]"
2,centroid,1,353,Steel_Wheel,Steel_Wheel,"[""Steel_Wheel"", ""Xtreme"", ""Nivalis"", ""Denom"", ""Velorum""]","[0.9575440883636475, 0.17549912631511688, 0.07471970468759537, -0.007719866931438446, -0.0095907561480999]"
2,centroid,1,354,Steel_Wheel,Steel_Wheel,"[""Steel_Wheel"", ""Velorum"", ""Denom"", ""Castor"", ""Braga""]","[0.8084471225738525, 0.06851352751255035, 0.04267900809645653, 0.031777121126651764, 0.024966107681393623]"
2,centroid,1,355,Steel_Wheel,Steel_Wheel,"[""Steel_Wheel"", ""Xtreme"", ""Gemini"", ""Hawk"", ""Braga""]","[0.9225578308105469, 0.24040785431861877, 0.06920400261878967, 0.03516772389411926, -0.03111259452998638]"
2,centroid,1,356,Triton,Triton,"[""Triton"", ""Trius"", ""Braga"", ""Mytikas"", ""Alcatras""]","[0.9171908497810364, 0.7957893013954163, 0.686026394367218, 0.6633785963058472, 0.37029433250427246]"
2,centroid,1,357,Triton,Triton,"[""Triton"", ""Trius"", ""Mytikas"", ""Braga"", ""Alcatras""]","[0.903057336807251, 0.7815295457839966, 0.7111761569976807, 0.5687633156776428, 0.4271419644355774]"
2,centroid,1,358,Triton,Triton,"[""Triton"", ""Mytikas"", ""Trius"", ""Velorum"", ""Castor""]","[0.8601584434509277, 0.67645263671875, 0.6021114587783813, 0.3924615979194641, 0.36102545261383057]"
2,centroid,1,359,Triton,Triton,"[""Triton"", ""Mytikas"", ""Castor"", ""Turbine"", ""Braga""]","[0.7466180920600891, 0.6635754704475403, 0.5978603959083557, 0.5914884805679321, 0.565116286277771]"
2,centroid,1,360,Triton,Trius,"[""Trius"", ""Triton"", ""Braga"", ""Mytikas"", ""Velorum""]","[0.7537173628807068, 0.7190710306167603, 0.4348670244216919, 0.36855679750442505, 0.3120393753051758]"
2,centroid,1,361,Triton,Triton,"[""Triton"", ""Mytikas"", ""Trius"", ""Braga"", ""Castor""]","[0.8789944648742676, 0.7022845149040222, 0.6615393161773682, 0.6100954413414001, 0.5635148286819458]"
2,centroid,1,362,Triton,Triton,"[""Triton"", ""Mytikas"", ""Trius"", ""Braga"", ""Castor""]","[0.7228748798370361, 0.7190778255462646, 0.6577796339988708, 0.6094080209732056, 0.507148802280426]"
2,centroid,1,363,Triton,Trius,"[""Trius"", ""Alcatras"", ""Alaris"", ""Braga"", ""Triton""]","[0.7183495759963989, 0.621941328048706, 0.602071225643158, 0.6015317440032959, 0.5894582867622375]"
2,centroid,1,364,Triton,Triton,"[""Triton"", ""Mytikas"", ""Trius"", ""Braga"", ""Castor""]","[0.9361677169799805, 0.7101665735244751, 0.6985628604888916, 0.5998241901397705, 0.48595908284187317]"
2,centroid,1,365,Triton,Triton,"[""Triton"", ""Mytikas"", ""Trius"", ""Braga"", ""Castor""]","[0.9441695213317871, 0.8303957581520081, 0.7119477391242981, 0.5491442680358887, 0.4067901372909546]"
2,centroid,1,366,Triton,Triton,"[""Triton"", ""Trius"", ""Mytikas"", ""Braga"", ""Castor""]","[0.8746380805969238, 0.7281914353370667, 0.6553674936294556, 0.6360076665878296, 0.5341798663139343]"
2,centroid,1,367,Triton,Trius,"[""Trius"", ""Triton"", ""Mytikas"", ""Braga"", ""Castor""]","[0.804794430732727, 0.795306921005249, 0.6092272996902466, 0.4544961750507355, 0.4262743592262268]"
2,centroid,1,368,Triton,Mytikas,"[""Mytikas"", ""Braga"", ""Triton"", ""Alcatras"", ""Trius""]","[0.7368345260620117, 0.7232523560523987, 0.7173804640769958, 0.6980615854263306, 0.6829898953437805]"
2,centroid,1,369,Triton,Triton,"[""Triton"", ""Mytikas"", ""Braga"", ""Castor"", ""Turbine""]","[0.8399124145507812, 0.7757116556167603, 0.5463384389877319, 0.5338765978813171, 0.4963489770889282]"
2,centroid,1,370,Triton,Triton,"[""Triton"", ""Mytikas"", ""Trius"", ""Castor"", ""Braga""]","[0.8203830718994141, 0.7142480611801147, 0.6743142604827881, 0.644753098487854, 0.6286301612854004]"
2,centroid,1,371,Triton,Triton,"[""Triton"", ""Mytikas"", ""Trius"", ""Braga"", ""Castor""]","[0.8847396969795227, 0.6575872302055359, 0.5895456671714783, 0.3971710801124573, 0.33319175243377686]"
2,centroid,1,372,Triton,Triton,"[""Triton"", ""Mytikas"", ""Trius"", ""Braga"", ""Castor""]","[0.8976262807846069, 0.8474328517913818, 0.7423580288887024, 0.7366542816162109, 0.6869173645973206]"
2,centroid,1,373,Triton,Triton,"[""Triton"", ""Trius"", ""Mytikas"", ""Braga"", ""Velorum""]","[0.8843892216682434, 0.7038470506668091, 0.6334891319274902, 0.5199702382087708, 0.408363938331604]"
2,centroid,1,374,Triton,Trius,"[""Trius"", ""Vega"", ""Braga"", ""Gemini"", ""Alaris""]","[0.7290747761726379, 0.47350186109542847, 0.46749135851860046, 0.463860422372818, 0.44936442375183105]"
2,centroid,1,375,Triton,Triton,"[""Triton"", ""Trius"", ""Mytikas"", ""Braga"", ""Castor""]","[0.8632960319519043, 0.8277078866958618, 0.6656367778778076, 0.5707265138626099, 0.45807087421417236]"
2,centroid,1,376,Triton,Triton,"[""Triton"", ""Mytikas"", ""Trius"", ""Velorum"", ""Braga""]","[0.849258542060852, 0.7756731510162354, 0.6475101709365845, 0.4715283215045929, 0.4572279751300812]"
2,centroid,1,377,Triton,Triton,"[""Triton"", ""Trius"", ""Mytikas"", ""Braga"", ""Castor""]","[0.9161103963851929, 0.7501732110977173, 0.6536437273025513, 0.5257827043533325, 0.4203871786594391]"
2,centroid,1,378,Triton,Mytikas,"[""Mytikas"", ""Velorum"", ""Trius"", ""Gemini"", ""Nivalis""]","[0.4247073531150818, 0.4237430691719055, 0.41905438899993896, 0.3929606080055237, 0.379289448261261]"
2,centroid,1,379,Triton,Triton,"[""Triton"", ""Mytikas"", ""Trius"", ""Braga"", ""Castor""]","[0.861172080039978, 0.6294288635253906, 0.5721315145492554, 0.42848914861679077, 0.3926439881324768]"
2,centroid,1,380,Triton,Triton,"[""Triton"", ""Mytikas"", ""Castor"", ""Trius"", ""Braga""]","[0.9212859869003296, 0.764777421951294, 0.663593053817749, 0.6254772543907166, 0.5343459844589233]"
2,centroid,1,381,Triton,Triton,"[""Triton"", ""Mytikas"", ""Trius"", ""Castor"", ""Braga""]","[0.8945682048797607, 0.7507234811782837, 0.6290055513381958, 0.5220166444778442, 0.493908554315567]"
2,centroid,1,382,Triton,Triton,"[""Triton"", ""Mytikas"", ""Trius"", ""Braga"", ""Castor""]","[0.9060054421424866, 0.7587796449661255, 0.7015522122383118, 0.5188473463058472, 0.42361319065093994]"
2,centroid,1,383,Triton,Trius,"[""Trius"", ""Triton"", ""Braga"", ""Mytikas"", ""Alaris""]","[0.7814774513244629, 0.7496768832206726, 0.6072742938995361, 0.5173003673553467, 0.48324865102767944]"
2,centroid,1,384,Triton,Triton,"[""Triton"", ""Trius"", ""Mytikas"", ""Braga"", ""Castor""]","[0.912082314491272, 0.7666142582893372, 0.6288453340530396, 0.4470536708831787, 0.38468024134635925]"
2,centroid,1,385,Triton,Triton,"[""Triton"", ""Trius"", ""Mytikas"", ""Ilias"", ""Braga""]","[0.8017364740371704, 0.6757033467292786, 0.5779873132705688, 0.39443010091781616, 0.36671507358551025]"
2,centroid,1,386,Triton,Triton,"[""Triton"", ""Mytikas"", ""Trius"", ""Braga"", ""Castor""]","[0.9123905897140503, 0.7244468331336975, 0.600548267364502, 0.5461524724960327, 0.4374316334724426]"
2,centroid,1,387,Triton,Triton,"[""Triton"", ""Trius"", ""Mytikas"", ""Braga"", ""Gemini""]","[0.8990651369094849, 0.741366446018219, 0.6650561094284058, 0.5743856430053711, 0.3041626811027527]"
2,centroid,1,388,Triton,Trius,"[""Trius"", ""Mytikas"", ""Gemini"", ""Triton"", ""Braga""]","[0.5679716467857361, 0.5438729524612427, 0.4060879349708557, 0.35436272621154785, 0.3083161413669586]"
2,centroid,1,389,Triton,Triton,"[""Triton"", ""Trius"", ""Braga"", ""Mytikas"", ""Alcatras""]","[0.9054358005523682, 0.8263016939163208, 0.7506563067436218, 0.7124929428100586, 0.5078369379043579]"
2,centroid,1,390,Triton,Triton,"[""Triton"", ""Trius"", ""Mytikas"", ""Braga"", ""Ilias""]","[0.9043062925338745, 0.6942603588104248, 0.6170341372489929, 0.41495877504348755, 0.4025176167488098]"
2,centroid,1,391,Triton,Triton,"[""Triton"", ""Braga"", ""Trius"", ""Mytikas"", ""Castor""]","[0.9168901443481445, 0.7452199459075928, 0.6613280773162842, 0.6468031406402588, 0.50055992603302]"
2,centroid,1,392,Triton,Triton,"[""Triton"", ""Trius"", ""Braga"", ""Mytikas"", ""Castor""]","[0.8670773506164551, 0.8278968334197998, 0.7020491361618042, 0.5647306442260742, 0.501198410987854]"
2,centroid,1,393,Triton,Triton,"[""Triton"", ""Mytikas"", ""Trius"", ""Castor"", ""Ilias""]","[0.8345493078231812, 0.6013199090957642, 0.42094093561172485, 0.3718012571334839, 0.32797008752822876]"
2,centroid,1,394,Triton,Castor,"[""Castor"", ""Braga"", ""Turbine"", ""Mytikas"", ""Triton""]","[0.7682601809501648, 0.664443850517273, 0.6276630163192749, 0.611139714717865, 0.529639482498169]"
2,centroid,1,395,Triton,Triton,"[""Triton"", ""Mytikas"", ""Braga"", ""Trius"", ""Gemini""]","[0.799358606338501, 0.6007335186004639, 0.5829623937606812, 0.5584691762924194, 0.47036951780319214]"
2,centroid,1,396,Triton,Triton,"[""Triton"", ""Castor"", ""Trius"", ""Mytikas"", ""Braga""]","[0.8317596912384033, 0.6278468370437622, 0.6170037984848022, 0.6120117902755737, 0.4544658064842224]"
2,centroid,1,397,Triton,Triton,"[""Triton"", ""Trius"", ""Braga"", ""Gemini"", ""Mytikas""]","[0.8039085865020752, 0.7944620847702026, 0.5693672299385071, 0.5438413023948669, 0.5331289172172546]"
2,centroid,1,398,Triton,Triton,"[""Triton"", ""Mytikas"", ""Trius"", ""Braga"", ""Castor""]","[0.9395837187767029, 0.7300843596458435, 0.6709001064300537, 0.5903444886207581, 0.4627537727355957]"
2,centroid,1,399,Triton,Triton,"[""Triton"", ""Mytikas"", ""Braga"", ""Trius"", ""Castor""]","[0.8395541906356812, 0.6389138698577881, 0.5535086393356323, 0.5283790826797485, 0.526190996170044]"
2,centroid,1,400,Triton,Mytikas,"[""Mytikas"", ""Triton"", ""Castor"", ""Alcatras"", ""Trius""]","[0.6544255018234253, 0.6224995851516724, 0.6174036264419556, 0.5844552516937256, 0.4531898498535156]"
2,centroid,1,401,Triton,Triton,"[""Triton"", ""Mytikas"", ""Trius"", ""Braga"", ""Castor""]","[0.8300894498825073, 0.7582260370254517, 0.6949125528335571, 0.5770306587219238, 0.5281078219413757]"
2,centroid,1,402,Triton,Triton,"[""Triton"", ""Trius"", ""Castor"", ""Mytikas"", ""Braga""]","[0.769679069519043, 0.6674034595489502, 0.647247314453125, 0.5995173454284668, 0.5903754234313965]"
2,centroid,1,403,Triton,Triton,"[""Triton"", ""Trius"", ""Mytikas"", ""Braga"", ""Castor""]","[0.96281898021698, 0.7306437492370605, 0.7185656428337097, 0.5974611043930054, 0.46245142817497253]"
2,centroid,1,404,Triton,Triton,"[""Triton"", ""Trius"", ""Mytikas"", ""Braga"", ""Castor""]","[0.8998603820800781, 0.7060827612876892, 0.6122255921363831, 0.5917724370956421, 0.43981513381004333]"
2,centroid,1,405,Triton,Triton,"[""Triton"", ""Mytikas"", ""Trius"", ""Velorum"", ""Castor""]","[0.7408267259597778, 0.581591784954071, 0.5538086891174316, 0.48207560181617737, 0.46698641777038574]"
2,centroid,1,406,Triton,Triton,"[""Triton"", ""Trius"", ""Mytikas"", ""Braga"", ""Castor""]","[0.8007338047027588, 0.6518155336380005, 0.6015899181365967, 0.41159725189208984, 0.3680793046951294]"
2,centroid,1,407,Triton,Triton,"[""Triton"", ""Mytikas"", ""Castor"", ""Trius"", ""Braga""]","[0.8111982941627502, 0.6369072198867798, 0.6144132614135742, 0.5852746963500977, 0.3855041563510895]"
2,centroid,1,408,Triton,Triton,"[""Triton"", ""Mytikas"", ""Trius"", ""Braga"", ""Castor""]","[0.9372068047523499, 0.7281309366226196, 0.6554504632949829, 0.5188947916030884, 0.39928552508354187]"
2,centroid,1,409,Trius,Trius,"[""Trius"", ""Triton"", ""Mytikas"", ""Braga"", ""Alcatras""]","[0.8862066864967346, 0.7699451446533203, 0.6426817774772644, 0.5917999148368835, 0.4692513346672058]"
2,centroid,1,410,Trius,Braga,"[""Braga"", ""Triton"", ""Trius"", ""Castor"", ""Turbine""]","[0.7000147104263306, 0.6891337633132935, 0.6413106918334961, 0.4902481138706207, 0.46214109659194946]"
2,centroid,1,411,Trius,Trius,"[""Trius"", ""Triton"", ""Mytikas"", ""Alcatras"", ""Braga""]","[0.7968406677246094, 0.7222317457199097, 0.681208610534668, 0.6671057343482971, 0.6523758172988892]"
2,centroid,1,412,Trius,Mytikas,"[""Mytikas"", ""Trius"", ""Braga"", ""Alcatras"", ""Turbine""]","[0.5902543663978577, 0.5888163447380066, 0.5823973417282104, 0.5252403020858765, 0.4865761399269104]"
2,centroid,1,413,Trius,Trius,"[""Trius"", ""Alcatras"", ""Gemini"", ""Alaris"", ""Triton""]","[0.6841764450073242, 0.5728450417518616, 0.4813731610774994, 0.4707484543323517, 0.39460909366607666]"
2,centroid,1,414,Trius,Trius,"[""Trius"", ""Mytikas"", ""Velorum"", ""Gemini"", ""Triton""]","[0.6118725538253784, 0.4592456817626953, 0.4196816086769104, 0.3609498143196106, 0.3210929036140442]"
2,centroid,1,415,Trius,Trius,"[""Trius"", ""Triton"", ""Gemini"", ""Braga"", ""Alaris""]","[0.8468378782272339, 0.6040239334106445, 0.5240568518638611, 0.4991195797920227, 0.4229525327682495]"
2,centroid,1,416,Trius,Braga,"[""Braga"", ""Trius"", ""Gemini"", ""Mytikas"", ""Triton""]","[0.7283557653427124, 0.6875079870223999, 0.5931745767593384, 0.561220109462738, 0.4937414526939392]"
2,centroid,1,417,Trius,Trius,"[""Trius"", ""Braga"", ""Alcatras"", ""Triton"", ""Alaris""]","[0.8590730428695679, 0.6419695615768433, 0.5650754570960999, 0.5413007736206055, 0.5412725210189819]"
2,centroid,1,418,Trius,Trius,"[""Trius"", ""Triton"", ""Castor"", ""Braga"", ""Mytikas""]","[0.7478655576705933, 0.6159141063690186, 0.5035384893417358, 0.48106855154037476, 0.46280115842819214]"
2,centroid,1,419,Trius,Trius,"[""Trius"", ""Braga"", ""Triton"", ""Alaris"", ""Alcatras""]","[0.8410700559616089, 0.7212453484535217, 0.5540710687637329, 0.5535261631011963, 0.43464556336402893]"
2,centroid,1,420,Trius,Alaris,"[""Alaris"", ""Braga"", ""Trius"", ""Alcatras"", ""Hawk""]","[0.692468523979187, 0.6220592260360718, 0.5712406039237976, 0.4514748752117157, 0.44897598028182983]"
2,centroid,1,421,Trius,Castor,"[""Castor"", ""Trius"", ""Mytikas"", ""Triton"", ""Alcatras""]","[0.7772002220153809, 0.6522612571716309, 0.589400053024292, 0.5883229970932007, 0.5824381113052368]"
2,centroid,1,422,Trius,Trius,"[""Trius"", ""Triton"", ""Braga"", ""Mytikas"", ""Alaris""]","[0.6979316473007202, 0.5661996006965637, 0.4482230544090271, 0.3064582347869873, 0.28469085693359375]"
2,centroid,1,423,Trius,Gemini,"[""Gemini"", ""Denom"", ""Xtreme"", ""Nivalis"", ""Vega""]","[0.43631795048713684, 0.3690894842147827, 0.3551618158817291, 0.35333162546157837, 0.26322871446609497]"
2,centroid,1,424,Trius,Trius,"[""Trius"", ""Gemini"", ""Triton"", ""Braga"", ""Alaris""]","[0.8063199520111084, 0.5899142622947693, 0.5417399406433105, 0.4877466559410095, 0.46414369344711304]"
2,centroid,1,425,Trius,Braga,"[""Braga"", ""Trius"", ""Triton"", ""Mytikas"", ""Alaris""]","[0.7437961101531982, 0.6990046501159668, 0.6975612640380859, 0.6516422629356384, 0.48623520135879517]"
2,centroid,1,426,Trius,Trius,"[""Trius"", ""Triton"", ""Braga"", ""Alaris"", ""Alcatras""]","[0.909664511680603, 0.6494467258453369, 0.5131466388702393, 0.5017061829566956, 0.4716529846191406]"
2,centroid,1,427,Trius,Alaris,"[""Alaris"", ""Alcatras"", ""Trius"", ""Braga"", ""Vega""]","[0.6756130456924438, 0.6338115930557251, 0.6252966523170471, 0.6057515144348145, 0.541691243648529]"
2,centroid,1,428,Trius,Nivalis,"[""Nivalis"", ""Trius"", ""Velorum"", ""Ilias"", ""Gemini""]","[0.6356821060180664, 0.45289838314056396, 0.40589427947998047, 0.40245580673217773, 0.3736821115016937]"
2,centroid,1,429,Trius,Triton,"[""Triton"", ""Trius"", ""Castor"", ""Braga"", ""Mytikas""]","[0.7651106119155884, 0.7076597213745117, 0.6903170347213745, 0.666424036026001, 0.6383510231971741]"
2,centroid,1,430,Trius,Trius,"[""Trius"", ""Braga"", ""Gemini"", ""Alaris"", ""Alcatras""]","[0.5844865441322327, 0.5339276790618896, 0.35046347975730896, 0.32158562541007996, 0.3027571439743042]"
2,centroid,1,431,Trius,Trius,"[""Trius"", ""Triton"", ""Mytikas"", ""Alcatras"", ""Braga""]","[0.8262624144554138, 0.6850469708442688, 0.6827671527862549, 0.5819376707077026, 0.5683416128158569]"
2,centroid,1,432,Trius,Trius,"[""Trius"", ""Braga"", ""Alaris"", ""Alcatras"", ""Triton""]","[0.8038372993469238, 0.6794204711914062, 0.676386296749115, 0.5630488991737366, 0.5574478507041931]"
2,centroid,1,433,Trius,Trius,"[""Trius"", ""Braga"", ""Mytikas"", ""Alaris"", ""Vega""]","[0.6712608933448792, 0.40199190378189087, 0.380844384431839, 0.3616994023323059, 0.3497113585472107]"
2,centroid,1,434,Trius,Trius,"[""Trius"", ""Gemini"", ""Triton"", ""Mytikas"", ""Nivalis""]","[0.6295462846755981, 0.45076802372932434, 0.30604374408721924, 0.30541104078292847, 0.2805370092391968]"
2,centroid,1,435,Trius,Trius,"[""Trius"", ""Braga"", ""Alaris"", ""Alcatras"", ""Triton""]","[0.7859702706336975, 0.6790584921836853, 0.6598376035690308, 0.6366684436798096, 0.5012657046318054]"
2,centroid,1,436,Trius,Trius,"[""Trius"", ""Triton"", ""Braga"", ""Alaris"", ""Mytikas""]","[0.9228912591934204, 0.7108703255653381, 0.6241111755371094, 0.49114567041397095, 0.4875844120979309]"
2,centroid,1,437,Trius,Trius,"[""Trius"", ""Alaris"", ""Braga"", ""Alcatras"", ""Vega""]","[0.7411549091339111, 0.6248871684074402, 0.5282063484191895, 0.4570649266242981, 0.3796783983707428]"
2,centroid,1,438,Trius,Trius,"[""Trius"", ""Velorum"", ""Gemini"", ""Mytikas"", ""Steel_Wheel""]","[0.5034679174423218, 0.34561070799827576, 0.31355562806129456, 0.25735989212989807, 0.23280173540115356]"
2,centroid,1,439,Trius,Trius,"[""Trius"", ""Braga"", ""Alaris"", ""Triton"", ""Alcatras""]","[0.8617855310440063, 0.5949454307556152, 0.5700955390930176, 0.5125439763069153, 0.4984572231769562]"
2,centroid,1,440,Trius,Trius,"[""Trius"", ""Alcatras"", ""Alaris"", ""Triton"", ""Braga""]","[0.8043639063835144, 0.7529906034469604, 0.7038434743881226, 0.5919966101646423, 0.5894913673400879]"
2,centroid,1,441,Trius,Trius,"[""Trius"", ""Vega"", ""Braga"", ""Gemini"", ""Mytikas""]","[0.6792229413986206, 0.5095556974411011, 0.47049617767333984, 0.404951810836792, 0.3788457214832306]"
2,centroid,1,442,Trius,Trius,"[""Trius"", ""Mytikas"", ""Alaris"", ""Alcatras"", ""Triton""]","[0.7417844533920288, 0.5594271421432495, 0.4900723099708557, 0.4644167423248291, 0.4137656092643738]"
2,centroid,1,443,Trius,Trius,"[""Trius"", ""Triton"", ""Vega"", ""Gemini"", ""Alaris""]","[0.7883756160736084, 0.5312249064445496, 0.4900655746459961, 0.4666813313961029, 0.4577358067035675]"
2,centroid,1,444,Trius,Trius,"[""Trius"", ""Alaris"", ""Alcatras"", ""Braga"", ""Triton""]","[0.8282190561294556, 0.6354667544364929, 0.4750227928161621, 0.41090917587280273, 0.3745710551738739]"
2,centroid,1,445,Trius,Trius,"[""Trius"", ""Triton"", ""Mytikas"", ""Braga"", ""Gemini""]","[0.8496326208114624, 0.8125642538070679, 0.5979434251785278, 0.49244239926338196, 0.32566776871681213]"
2,centroid,1,446,Trius,Trius,"[""Trius"", ""Triton"", ""Alcatras"", ""Braga"", ""Alaris""]","[0.7882523536682129, 0.5059859752655029, 0.3778635263442993, 0.37469035387039185, 0.3579399585723877]"
2,centroid,1,447,Trius,Trius,"[""Trius"", ""Gemini"", ""Braga"", ""Mytikas"", ""Vega""]","[0.7661533355712891, 0.500938892364502, 0.4914137125015259, 0.4199788570404053, 0.3852863609790802]"
2,centroid,1,448,Trius,Trius,"[""Trius"", ""Braga"", ""Gemini"", ""Alcatras"", ""Triton""]","[0.7722340226173401, 0.7155733704566956, 0.5320382714271545, 0.524894654750824, 0.512319803237915]"
2,centroid,1,449,Trius,Trius,"[""Trius"", ""Gemini"", ""Braga"", ""Triton"", ""Alaris""]","[0.7402447462081909, 0.46458321809768677, 0.41289064288139343, 0.2613692283630371, 0.25054776668548584]"
2,centroid,1,450,Turbine,Turbine,"[""Turbine"", ""Hawk"", ""Vega"", ""Braga"", ""Castor""]","[0.9265214800834656, 0.42214474081993103, 0.4175916314125061, 0.41731035709381104, 0.38532373309135437]"
2,centroid,1,451,Turbine,Alcatras,"[""Alcatras"", ""Mytikas"", ""Alaris"", ""Castor"", ""Turbine""]","[0.8343867063522339, 0.6532373428344727, 0.6301754713058472, 0.6272740364074707, 0.5158848762512207]"
2,centroid,1,452,Turbine,Turbine,"[""Turbine"", ""Castor"", ""Braga"", ""Alcatras"", ""Alaris""]","[0.8049687743186951, 0.7344629764556885, 0.6310820579528809, 0.6021919250488281, 0.48561790585517883]"
2,centroid,1,453,Turbine,Turbine,"[""Turbine"", ""Braga"", ""Castor"", ""Hawk"", ""Alcatras""]","[0.8602765202522278, 0.6178107261657715, 0.5884566307067871, 0.5073652267456055, 0.4681397080421448]"
2,centroid,1,454,Turbine,Turbine,"[""Turbine"", ""Braga"", ""Castor"", ""Mytikas"", ""Alcatras""]","[0.7922980189323425, 0.6671346426010132, 0.6025820970535278, 0.5173176527023315, 0.49265190958976746]"
2,centroid,1,455,Turbine,Turbine,"[""Turbine"", ""Hawk"", ""Vega"", ""Alaris"", ""Braga""]","[0.9175552129745483, 0.574625551700592, 0.4705255925655365, 0.4700941741466522, 0.40967079997062683]"
2,centroid,1,456,Turbine,Turbine,"[""Turbine"", ""Castor"", ""Hawk"", ""Braga"", ""Vega""]","[0.8778043985366821, 0.42927801609039307, 0.4145523011684418, 0.39835265278816223, 0.3900391757488251]"
2,centroid,1,457,Turbine,Turbine,"[""Turbine"", ""Braga"", ""Vega"", ""Hawk"", ""Castor""]","[0.7943804860115051, 0.6149950623512268, 0.5166075825691223, 0.42071273922920227, 0.3072255253791809]"
2,centroid,1,458,Turbine,Turbine,"[""Turbine"", ""Castor"", ""Alaris"", ""Alcatras"", ""Hawk""]","[0.9070205688476562, 0.5775585770606995, 0.5627540349960327, 0.5108608603477478, 0.4543154537677765]"
2,centroid,1,459,Turbine,Turbine,"[""Turbine"", ""Hawk"", ""Vega"", ""Castor"", ""Braga""]","[0.9137953519821167, 0.5513134002685547, 0.4369756281375885, 0.3804554045200348, 0.3589704632759094]"
2,centroid,1,460,Turbine,Turbine,"[""Turbine"", ""Hawk"", ""Braga"", ""Vega"", ""Alaris""]","[0.87989741563797, 0.4606148898601532, 0.4431609511375427, 0.40741807222366333, 0.3493579030036926]"
2,centroid,1,461,Turbine,Turbine,"[""Turbine"", ""Braga"", ""Vega"", ""Castor"", ""Hawk""]","[0.9128285050392151, 0.45223718881607056, 0.4045652747154236, 0.3862430155277252, 0.37889713048934937]"
2,centroid,1,462,Turbine,Turbine,"[""Turbine"", ""Castor"", ""Braga"", ""Alcatras"", ""Triton""]","[0.8400105237960815, 0.7213925719261169, 0.4948401153087616, 0.4076884984970093, 0.36205947399139404]"
2,centroid,1,463,Turbine,Turbine,"[""Turbine"", ""Alcatras"", ""Braga"", ""Castor"", ""Alaris""]","[0.7843304872512817, 0.6124932765960693, 0.6038737297058105, 0.5515722036361694, 0.5304824113845825]"
2,centroid,1,464,Turbine,Turbine,"[""Turbine"", ""Castor"", ""Alcatras"", ""Braga"", ""Alaris""]","[0.8014510869979858, 0.73171067237854, 0.5886873602867126, 0.5056205987930298, 0.46078336238861084]"
2,centroid,1,465,Turbine,Turbine,"[""Turbine"", ""Castor"", ""Alcatras"", ""Alaris"", ""Braga""]","[0.8169689178466797, 0.7836729288101196, 0.5429558753967285, 0.4586465060710907, 0.38725507259368896]"
2,centroid,1,466,Turbine,Turbine,"[""Turbine"", ""Alcatras"", ""Mytikas"", ""Alaris"", ""Vega""]","[0.7635406851768494, 0.649090051651001, 0.6069986820220947, 0.5728362798690796, 0.5655707120895386]"
2,centroid,1,467,Turbine,Turbine,"[""Turbine"", ""Hawk"", ""Vega"", ""Braga"", ""Gemini""]","[0.7683311700820923, 0.7050038576126099, 0.5308533906936646, 0.4282248616218567, 0.381200909614563]"
2,centroid,1,468,Turbine,Turbine,"[""Turbine"", ""Castor"", ""Mytikas"", ""Alcatras"", ""Alaris""]","[0.804076075553894, 0.5269501209259033, 0.39174556732177734, 0.3567374646663666, 0.2732020616531372]"
2,centroid,1,469,Turbine,Braga,"[""Braga"", ""Turbine"", ""Castor"", ""Alcatras"", ""Alaris""]","[0.8347665667533875, 0.6685454845428467, 0.5742680430412292, 0.49960941076278687, 0.4527221918106079]"
2,centroid,1,470,Turbine,Hawk,"[""Hawk"", ""Turbine"", ""Mytikas"", ""Vega"", ""Alcatras""]","[0.8138860464096069, 0.6732834577560425, 0.3281758427619934, 0.31281405687332153, 0.2754235863685608]"
2,centroid,1,471,Turbine,Turbine,"[""Turbine"", ""Hawk"", ""Vega"", ""Alcatras"", ""Braga""]","[0.8074323534965515, 0.7373915910720825, 0.43597590923309326, 0.3711698353290558, 0.3605400323867798]"
2,centroid,1,472,Turbine,Turbine,"[""Turbine"", ""Castor"", ""Alcatras"", ""Mytikas"", ""Braga""]","[0.7862334847450256, 0.6649827361106873, 0.6310349702835083, 0.5701652765274048, 0.5291998386383057]"
2,centroid,1,473,Turbine,Castor,"[""Castor"", ""Turbine"", ""Mytikas"", ""Braga"", ""Triton""]","[0.8610261678695679, 0.7874701023101807, 0.6132720708847046, 0.5108962655067444, 0.4928429126739502]"
2,centroid,1,474,Turbine,Castor,"[""Castor"", ""Turbine"", ""Braga"", ""Mytikas"", ""Triton""]","[0.863205075263977, 0.7722907066345215, 0.6589521765708923, 0.6085752248764038, 0.5988977551460266]"
2,centroid,1,475,Turbine,Turbine,"[""Turbine"", ""Vega"", ""Hawk"", ""Braga"", ""Mytikas""]","[0.8334668874740601, 0.6129437685012817, 0.49791795015335083, 0.4742107391357422, 0.34654998779296875]"
2,centroid,1,476,Turbine,Turbine,"[""Turbine"", ""Alaris"", ""Castor"", ""Alcatras"", ""Braga""]","[0.8119360208511353, 0.5911996960639954, 0.5612744092941284, 0.558279275894165, 0.4952058792114258]"
2,centroid,1,477,Turbine,Turbine,"[""Turbine"", ""Castor"", ""Braga"", ""Alcatras"", ""Triton""]","[0.8720152378082275, 0.7677040696144104, 0.4019225835800171, 0.3790638744831085, 0.34560978412628174]"
2,centroid,1,478,Vega,Vega,"[""Vega"", ""Gemini"", ""Hawk"", ""Braga"", ""Nivalis""]","[0.9208046197891235, 0.47229576110839844, 0.39980751276016235, 0.28355276584625244, 0.2514403760433197]"
2,centroid,1,479,Vega,Vega,"[""Vega"", ""Alaris"", ""Trius"", ""Braga"", ""Alcatras""]","[0.7444669008255005, 0.5890522003173828, 0.55326908826828, 0.5472664833068848, 0.5268487334251404]"
2,centroid,1,480,Vega,Vega,"[""Vega"", ""Alaris"", ""Hawk"", ""Braga"", ""Turbine""]","[0.8955264091491699, 0.4290890395641327, 0.4249087870121002, 0.3872131109237671, 0.28068429231643677]"
2,centroid,1,481,Vega,Vega,"[""Vega"", ""Turbine"", ""Alaris"", ""Braga"", ""Hawk""]","[0.8623234033584595, 0.5254471302032471, 0.4474482536315918, 0.43832460045814514, 0.4309742748737335]"
2,centroid,1,482,Vega,Vega,"[""Vega"", ""Turbine"", ""Alaris"", ""Braga"", ""Hawk""]","[0.9254562258720398, 0.42906463146209717, 0.41788139939308167, 0.36681413650512695, 0.3508140444755554]"
2,centroid,1,483,Vega,Vega,"[""Vega"", ""Alaris"", ""Braga"", ""Hawk"", ""Alcatras""]","[0.7360537648200989, 0.5068986415863037, 0.3138461410999298, 0.2857373058795929, 0.26791369915008545]"
2,centroid,1,484,Vega,Vega,"[""Vega"", ""Alaris"", ""Turbine"", ""Hawk"", ""Braga""]","[0.8792082071304321, 0.4423960745334625, 0.3935796618461609, 0.3421301245689392, 0.32157447934150696]"
2,centroid,1,485,Vega,Vega,"[""Vega"", ""Gemini"", ""Hawk"", ""Nivalis"", ""Braga""]","[0.8573722243309021, 0.5125700235366821, 0.2584761679172516, 0.21925678849220276, 0.1895550787448883]"
2,centroid,1,486,Vega,Vega,"[""Vega"", ""Gemini"", ""Braga"", ""Alaris"", ""Trius""]","[0.8716778755187988, 0.48212751746177673, 0.4246232211589813, 0.35209521651268005, 0.3226795196533203]"
2,centroid,1,487,Vega,Vega,"[""Vega"", ""Hawk"", ""Gemini"", ""Alaris"", ""Braga""]","[0.9067609310150146, 0.43872034549713135, 0.3065646290779114, 0.25401851534843445, 0.20730745792388916]"
2,centroid,1,488,Vega,Vega,"[""Vega"", ""Alaris"", ""Turbine"", ""Braga"", ""Gemini""]","[0.9069042205810547, 0.4320836663246155, 0.3576079308986664, 0.34496018290519714, 0.2977138161659241]"
2,centroid,1,489,Vega,Vega,"[""Vega"", ""Hawk"", ""Gemini"", ""Turbine"", ""Alaris""]","[0.8648576140403748, 0.5368468761444092, 0.36355239152908325, 0.24500970542430878, 0.14369267225265503]"
2,centroid,1,490,Vega,Vega,"[""Vega"", ""Gemini"", ""Hawk"", ""Alaris"", ""Braga""]","[0.872418224811554, 0.557902455329895, 0.42553141713142395, 0.2556840777397156, 0.2476757913827896]"
2,centroid,1,491,Vega,Braga,"[""Braga"", ""Vega"", ""Trius"", ""Gemini"", ""Hawk""]","[0.6997321844100952, 0.6668964624404907, 0.5658295154571533, 0.5108000636100769, 0.48562440276145935]"
2,centroid,1,492,Vega,Vega,"[""Vega"", ""Gemini"", ""Hawk"", ""Braga"", ""Turbine""]","[0.9105408191680908, 0.5471680760383606, 0.33920997381210327, 0.2091715782880783, 0.18170446157455444]"
2,centroid,1,493,Vega,Vega,"[""Vega"", ""Alaris"", ""Braga"", ""Turbine"", ""Hawk""]","[0.8786871433258057, 0.5990004539489746, 0.4588209390640259, 0.45819640159606934, 0.44290226697921753]"
2,centroid,1,494,Vega,Vega,"[""Vega"", ""Hawk"", ""Turbine"", ""Braga"", ""Gemini""]","[0.8823832273483276, 0.4352859556674957, 0.3931882977485657, 0.38168513774871826, 0.3140982985496521]"
2,centroid,1,495,Vega,Vega,"[""Vega"", ""Turbine"", ""Gemini"", ""Alaris"", ""Braga""]","[0.8769408464431763, 0.43686869740486145, 0.33354854583740234, 0.3090822696685791, 0.29519930481910706]"
2,centroid,1,496,Vega,Vega,"[""Vega"", ""Hawk"", ""Gemini"", ""Braga"", ""Turbine""]","[0.8608628511428833, 0.5911194086074829, 0.3544312119483948, 0.30669599771499634, 0.30084967613220215]"
2,centroid,1,497,Vega,Vega,"[""Vega"", ""Hawk"", ""Alaris"", ""Braga"", ""Turbine""]","[0.915835976600647, 0.5288698077201843, 0.40396448969841003, 0.30085980892181396, 0.29230403900146484]"
2,centroid,1,498,Vega,Vega,"[""Vega"", ""Hawk"", ""Braga"", ""Turbine"", ""Alaris""]","[0.9316326975822449, 0.4877427816390991, 0.4870572090148926, 0.4782918691635132, 0.4775419235229492]"
2,centroid,1,499,Vega,Vega,"[""Vega"", ""Hawk"", ""Gemini"", ""Turbine"", ""Nivalis""]","[0.9283683896064758, 0.41913098096847534, 0.32361847162246704, 0.2840563952922821, 0.23916077613830566]"
2,centroid,1,500,Vega,Vega,"[""Vega"", ""Gemini"", ""Hawk"", ""Braga"", ""Alaris""]","[0.9500998854637146, 0.54735267162323, 0.4392407536506653, 0.3497677445411682, 0.27216699719429016]"
2,centroid,1,501,Vega,Vega,"[""Vega"", ""Hawk"", ""Gemini"", ""Braga"", ""Turbine""]","[0.8221302628517151, 0.5968245267868042, 0.5838201642036438, 0.5598042011260986, 0.33545002341270447]"
2,centroid,1,502,Vega,Vega,"[""Vega"", ""Hawk"", ""Gemini"", ""Braga"", ""Alaris""]","[0.936610758304596, 0.4781830608844757, 0.4741380512714386, 0.37390458583831787, 0.3401525616645813]"
2,centroid,1,503,Vega,Vega,"[""Vega"", ""Alaris"", ""Braga"", ""Hawk"", ""Turbine""]","[0.9241174459457397, 0.5388748645782471, 0.44562655687332153, 0.42551860213279724, 0.35823264718055725]"
2,centroid,1,504,Vega,Vega,"[""Vega"", ""Gemini"", ""Hawk"", ""Braga"", ""Nivalis""]","[0.8961280584335327, 0.5680839419364929, 0.4074338376522064, 0.17579354345798492, 0.17236213386058807]"
2,centroid,1,505,Vega,Vega,"[""Vega"", ""Hawk"", ""Nivalis"", ""Gemini"", ""Turbine""]","[0.8509029150009155, 0.43065643310546875, 0.3780946731567383, 0.3632729649543762, 0.2428382784128189]"
2,centroid,1,506,Vega,Vega,"[""Vega"", ""Alaris"", ""Hawk"", ""Braga"", ""Turbine""]","[0.8520088791847229, 0.6200929880142212, 0.6063408255577087, 0.5722869038581848, 0.508824348449707]"
2,centroid,1,507,Vega,Vega,"[""Vega"", ""Hawk"", ""Braga"", ""Alaris"", ""Gemini""]","[0.924888014793396, 0.6134666204452515, 0.43772199749946594, 0.3891054093837738, 0.3758966028690338]"
2,centroid,1,508,Vega,Vega,"[""Vega"", ""Hawk"", ""Alaris"", ""Turbine"", ""Alcatras""]","[0.9124464988708496, 0.5334437489509583, 0.512381911277771, 0.4793974757194519, 0.34764525294303894]"
2,centroid,1,509,Vega,Vega,"[""Vega"", ""Hawk"", ""Gemini"", ""Turbine"", ""Braga""]","[0.8640204071998596, 0.594748318195343, 0.49846261739730835, 0.3112056255340576, 0.22862422466278076]"
2,centroid,1,510,Vega,Alcatras,"[""Alcatras"", ""Vega"", ""Alaris"", ""Hawk"", ""Braga""]","[0.44243162870407104, 0.4399743676185608, 0.3111717700958252, 0.1573622226715088, 0.09458403289318085]"
2,centroid,1,511,Vega,Vega,"[""Vega"", ""Gemini"", ""Braga"", ""Alaris"", ""Trius""]","[0.9095333814620972, 0.46773606538772583, 0.44451889395713806, 0.42015963792800903, 0.3229140043258667]"
2,centroid,1,512,Vega,Vega,"[""Vega"", ""Gemini"", ""Hawk"", ""Trius"", ""Braga""]","[0.8313854336738586, 0.6784766912460327, 0.4787665009498596, 0.3070949614048004, 0.26009756326675415]"
2,centroid,1,513,Velorum,Velorum,"[""Velorum"", ""Ilias"", ""Nivalis"", ""Triton"", ""Mytikas""]","[0.9470700025558472, 0.5811184644699097, 0.3311503827571869, 0.30092671513557434, 0.24913926422595978]"
2,centroid,1,514,Velorum,Velorum,"[""Velorum"", ""Ilias"", ""Denom"", ""Trius"", ""Ratikon""]","[0.8700977563858032, 0.5429714322090149, 0.3584193289279938, 0.2576921284198761, 0.21723344922065735]"
2,centroid,1,515,Velorum,Velorum,"[""Velorum"", ""Nivalis"", ""Ilias"", ""Denom"", ""Mytikas""]","[0.9143025875091553, 0.41032034158706665, 0.33870095014572144, 0.3270564675331116, 0.1659843772649765]"
2,centroid,1,516,Velorum,Velorum,"[""Velorum"", ""Ilias"", ""Nivalis"", ""Triton"", ""Mytikas""]","[0.928320586681366, 0.5774039030075073, 0.28743964433670044, 0.21056786179542542, 0.20529772341251373]"
2,centroid,1,517,Velorum,Velorum,"[""Velorum"", ""Nivalis"", ""Ilias"", ""Mytikas"", ""Denom""]","[0.9137349128723145, 0.4755173623561859, 0.45138680934906006, 0.3176037669181824, 0.17415495216846466]"
2,centroid,1,518,Velorum,Velorum,"[""Velorum"", ""Nivalis"", ""Ilias"", ""Denom"", ""Mytikas""]","[0.851112961769104, 0.3702544569969177, 0.2804453372955322, 0.16649702191352844, 0.1624351590871811]"
2,centroid,1,519,Velorum,Velorum,"[""Velorum"", ""Ilias"", ""Nivalis"", ""Denom"", ""Trius""]","[0.8717435598373413, 0.5532780885696411, 0.5416946411132812, 0.4056890904903412, 0.3258187770843506]"
2,centroid,1,520,Velorum,Velorum,"[""Velorum"", ""Mytikas"", ""Alcatras"", ""Castor"", ""Nivalis""]","[0.8738943934440613, 0.30733802914619446, 0.2972724735736847, 0.2627091109752655, 0.24751058220863342]"
2,centroid,1,521,Velorum,Velorum,"[""Velorum"", ""Mytikas"", ""Nivalis"", ""Castor"", ""Triton""]","[0.7802295684814453, 0.492184579372406, 0.4512821137905121, 0.3292599618434906, 0.3081797957420349]"
2,centroid,1,522,Velorum,Velorum,"[""Velorum"", ""Ilias"", ""Nivalis"", ""Denom"", ""Xtreme""]","[0.9469283819198608, 0.568284273147583, 0.4546288549900055, 0.3974837362766266, 0.18534068763256073]"
2,centroid,1,523,Velorum,Velorum,"[""Velorum"", ""Ilias"", ""Nivalis"", ""Denom"", ""Mytikas""]","[0.9509568214416504, 0.519895076751709, 0.34275925159454346, 0.2749108076095581, 0.16955530643463135]"
2,centroid,1,524,Velorum,Velorum,"[""Velorum"", ""Ilias"", ""Nivalis"", ""Denom"", ""Xtreme""]","[0.8760706782341003, 0.28352463245391846, 0.20214639604091644, 0.17306546866893768, 0.12722256779670715]"
2,centroid,1,525,Velorum,Velorum,"[""Velorum"", ""Nivalis"", ""Ilias"", ""Denom"", ""Mytikas""]","[0.8897324800491333, 0.48384320735931396, 0.30494457483291626, 0.20739510655403137, 0.2009393721818924]"
2,centroid,1,526,Velorum,Velorum,"[""Velorum"", ""Ilias"", ""Nivalis"", ""Denom"", ""Ratikon""]","[0.8940073251724243, 0.6215301752090454, 0.5640727281570435, 0.5174758434295654, 0.37769615650177]"
2,centroid,1,527,Velorum,Velorum,"[""Velorum"", ""Ilias"", ""Nivalis"", ""Denom"", ""Ratikon""]","[0.9065327048301697, 0.6671416759490967, 0.3976899981498718, 0.36601370573043823, 0.3599613904953003]"
2,centroid,1,528,Velorum,Velorum,"[""Velorum"", ""Ilias"", ""Mytikas"", ""Nivalis"", ""Xtreme""]","[0.863487184047699, 0.46510496735572815, 0.3822207450866699, 0.2869357466697693, 0.2357446849346161]"
2,centroid,1,529,Velorum,Velorum,"[""Velorum"", ""Ilias"", ""Mytikas"", ""Nivalis"", ""Triton""]","[0.9282597899436951, 0.373238205909729, 0.34072065353393555, 0.28755372762680054, 0.2620540261268616]"
2,centroid,1,530,Velorum,Velorum,"[""Velorum"", ""Ilias"", ""Triton"", ""Mytikas"", ""Nivalis""]","[0.9408930540084839, 0.4721553325653076, 0.33535733819007874, 0.3145517408847809, 0.3000582158565521]"
2,centroid,1,531,Velorum,Velorum,"[""Velorum"", ""Ilias"", ""Nivalis"", ""Denom"", ""Ratikon""]","[0.9275175333023071, 0.5059298276901245, 0.47975659370422363, 0.3421970009803772, 0.25175318121910095]"
2,centroid,1,532,Velorum,Velorum,"[""Velorum"", ""Ilias"", ""Nivalis"", ""Denom"", ""Trius""]","[0.9519162178039551, 0.47788017988204956, 0.44242823123931885, 0.3206072449684143, 0.24561890959739685]"
2,centroid,1,533,Velorum,Velorum,"[""Velorum"", ""Ilias"", ""Nivalis"", ""Denom"", ""Ratikon""]","[0.8973938226699829, 0.5745691061019897, 0.5260858535766602, 0.33919665217399597, 0.32771486043930054]"
2,centroid,1,534,Velorum,Velorum,"[""Velorum"", ""Ilias"", ""Nivalis"", ""Denom"", ""Mytikas""]","[0.9523371458053589, 0.4612105190753937, 0.3352571725845337, 0.265033483505249, 0.16566097736358643]"
2,centroid,1,535,Velorum,Velorum,"[""Velorum"", ""Denom"", ""Ilias"", ""Trius"", ""Alcatras""]","[0.763007640838623, 0.3719128668308258, 0.3636264204978943, 0.31588268280029297, 0.10339166224002838]"
2,centroid,1,536,Velorum,Velorum,"[""Velorum"", ""Nivalis"", ""Denom"", ""Ilias"", ""Ratikon""]","[0.847821831703186, 0.5517688989639282, 0.47814714908599854, 0.34477317333221436, 0.29148435592651367]"
2,centroid,1,537,Velorum,Velorum,"[""Velorum"", ""Castor"", ""Ilias"", ""Mytikas"", ""Triton""]","[0.901431679725647, 0.31627601385116577, 0.2720009982585907, 0.2695678770542145, 0.237226665019989]"
2,centroid,1,538,Velorum,Velorum,"[""Velorum"", ""Ilias"", ""Nivalis"", ""Hawk"", ""Ratikon""]","[0.7842565774917603, 0.4460960626602173, 0.34306180477142334, 0.28115084767341614, 0.1722586750984192]"
2,centroid,1,539,Velorum,Ilias,"[""Ilias"", ""Ratikon"", ""Denom"", ""Nivalis"", ""Velorum""]","[0.7014535665512085, 0.6913636922836304, 0.6170608997344971, 0.6153943538665771, 0.5414242148399353]"
2,centroid,1,540,Velorum,Velorum,"[""Velorum"", ""Nivalis"", ""Ilias"", ""Denom"", ""Ratikon""]","[0.9211843013763428, 0.522469699382782, 0.5128645300865173, 0.4172452986240387, 0.21377331018447876]"
2,centroid,1,541,Velorum,Velorum,"[""Velorum"", ""Ilias"", ""Trius"", ""Denom"", ""Triton""]","[0.7630669474601746, 0.48790985345840454, 0.3899567723274231, 0.33871859312057495, 0.25857609510421753]"
2,centroid,1,542,Velorum,Velorum,"[""Velorum"", ""Ilias"", ""Nivalis"", ""Mytikas"", ""Triton""]","[0.9091249704360962, 0.5136773586273193, 0.3642182946205139, 0.35590556263923645, 0.22570303082466125]"
2,centroid,1,543,Velorum,Velorum,"[""Velorum"", ""Ilias"", ""Nivalis"", ""Denom"", ""Triton""]","[0.9491078853607178, 0.6144247055053711, 0.37836605310440063, 0.3524649739265442, 0.24047362804412842]"
2,centroid,1,544,Velorum,Velorum,"[""Velorum"", ""Ilias"", ""Nivalis"", ""Ratikon"", ""Denom""]","[0.8608754277229309, 0.6292538642883301, 0.5013608932495117, 0.44269323348999023, 0.34137147665023804]"
2,centroid,1,545,Velorum,Velorum,"[""Velorum"", ""Ilias"", ""Denom"", ""Nivalis"", ""Ratikon""]","[0.908478319644928, 0.554435670375824, 0.36986595392227173, 0.3191300630569458, 0.23708926141262054]"
2,centroid,1,546,Velorum,Velorum,"[""Velorum"", ""Ilias"", ""Mytikas"", ""Nivalis"", ""Triton""]","[0.9480669498443604, 0.4557305872440338, 0.27498573064804077, 0.2700023353099823, 0.24782903492450714]"
2,centroid,1,547,Velorum,Velorum,"[""Velorum"", ""Mytikas"", ""Nivalis"", ""Castor"", ""Turbine""]","[0.7383157014846802, 0.4946020841598511, 0.48211669921875, 0.36094343662261963, 0.3197733759880066]"
2,centroid,1,548,Velorum,Velorum,"[""Velorum"", ""Ilias"", ""Nivalis"", ""Triton"", ""Denom""]","[0.9479783773422241, 0.458931028842926, 0.42865949869155884, 0.30447933077812195, 0.28211575746536255]"
2,centroid,1,549,Velorum,Velorum,"[""Velorum"", ""Ilias"", ""Mytikas"", ""Nivalis"", ""Hawk""]","[0.8185768127441406, 0.4347206652164459, 0.3860929608345032, 0.31242090463638306, 0.2889217734336853]"
2,centroid,1,550,Velorum,Velorum,"[""Velorum"", ""Ilias"", ""Nivalis"", ""Mytikas"", ""Triton""]","[0.9657980799674988, 0.46089357137680054, 0.363599956035614, 0.2923409044742584, 0.20401963591575623]"
2,centroid,1,551,Velorum,Velorum,"[""Velorum"", ""Ilias"", ""Triton"", ""Trius"", ""Nivalis""]","[0.8304892182350159, 0.5063635110855103, 0.43932268023490906, 0.41064557433128357, 0.34425532817840576]"
2,centroid,1,552,Velorum,Velorum,"[""Velorum"", ""Ilias"", ""Nivalis"", ""Denom"", ""Mytikas""]","[0.9329382181167603, 0.5240136384963989, 0.42996716499328613, 0.2849193215370178, 0.18186499178409576]"
2,centroid,1,553,Velorum,Velorum,"[""Velorum"", ""Nivalis"", ""Ilias"", ""Mytikas"", ""Denom""]","[0.8638584613800049, 0.4692717492580414, 0.3528902530670166, 0.265472412109375, 0.17307502031326294]"
2,centroid,1,554,Velorum,Velorum,"[""Velorum"", ""Ilias"", ""Nivalis"", ""Denom"", ""Mytikas""]","[0.9354086518287659, 0.6277550458908081, 0.46963250637054443, 0.3616851270198822, 0.3062163293361664]"
2,centroid,1,555,Velorum,Velorum,"[""Velorum"", ""Denom"", ""Nivalis"", ""Ilias"", ""Castor""]","[0.741409420967102, 0.41695380210876465, 0.2768999934196472, 0.20237715542316437, 0.13100770115852356]"
2,centroid,1,556,Velorum,Velorum,"[""Velorum"", ""Denom"", ""Ilias"", ""Nivalis"", ""Trius""]","[0.8861995935440063, 0.4671950936317444, 0.4537174105644226, 0.39743247628211975, 0.29280418157577515]"
2,centroid,1,557,Velorum,Velorum,"[""Velorum"", ""Ilias"", ""Mytikas"", ""Nivalis"", ""Triton""]","[0.9098133444786072, 0.5364202857017517, 0.28944575786590576, 0.24057145416736603, 0.2345975637435913]"
2,centroid,1,558,Velorum,Velorum,"[""Velorum"", ""Ilias"", ""Denom"", ""Trius"", ""Triton""]","[0.8926923274993896, 0.3433190584182739, 0.25030454993247986, 0.17676225304603577, 0.0986119955778122]"
2,centroid,1,559,Velorum,Velorum,"[""Velorum"", ""Nivalis"", ""Ilias"", ""Denom"", ""Ratikon""]","[0.804668664932251, 0.6622428894042969, 0.6282862424850464, 0.5275174379348755, 0.483593225479126]"
2,centroid,1,560,Velorum,Velorum,"[""Velorum"", ""Ilias"", ""Denom"", ""Trius"", ""Ratikon""]","[0.7068156599998474, 0.535474419593811, 0.43465936183929443, 0.323199063539505, 0.3225473463535309]"
2,centroid,1,561,Velorum,Velorum,"[""Velorum"", ""Nivalis"", ""Ilias"", ""Denom"", ""Ratikon""]","[0.9211843013763428, 0.522469699382782, 0.5128645300865173, 0.4172452986240387, 0.21377331018447876]"
2,centroid,1,562,Velorum,Velorum,"[""Velorum"", ""Ilias"", ""Nivalis"", ""Denom"", ""Ratikon""]","[0.8714130520820618, 0.5729565620422363, 0.5712188482284546, 0.4360502362251282, 0.3142613172531128]"
2,centroid,1,563,Velorum,Velorum,"[""Velorum"", ""Ilias"", ""Denom"", ""Nivalis"", ""Ratikon""]","[0.9213621616363525, 0.558753490447998, 0.4901197850704193, 0.4500061571598053, 0.2493767887353897]"
2,centroid,1,564,Velorum,Velorum,"[""Velorum"", ""Nivalis"", ""Ilias"", ""Denom"", ""Ratikon""]","[0.7548701763153076, 0.7411657571792603, 0.46441513299942017, 0.4425523579120636, 0.4135481119155884]"
2,centroid,1,565,Velorum,Velorum,"[""Velorum"", ""Mytikas"", ""Nivalis"", ""Ilias"", ""Triton""]","[0.886691689491272, 0.4177575707435608, 0.3640289306640625, 0.32864269614219666, 0.2602199614048004]"
2,centroid,1,566,Velorum,Velorum,"[""Velorum"", ""Denom"", ""Ilias"", ""Nivalis"", ""Ratikon""]","[0.7411341667175293, 0.6887961626052856, 0.4749954044818878, 0.43734875321388245, 0.38242194056510925]"
2,centroid,1,567,Velorum,Velorum,"[""Velorum"", ""Ilias"", ""Nivalis"", ""Mytikas"", ""Turbine""]","[0.9002761244773865, 0.4430771768093109, 0.33351218700408936, 0.307212769985199, 0.18117278814315796]"
2,centroid,1,568,Velorum,Velorum,"[""Velorum"", ""Trius"", ""Xtreme"", ""Ilias"", ""Denom""]","[0.516984224319458, 0.2555641233921051, 0.22334998846054077, 0.17363665997982025, 0.16896235942840576]"
2,centroid,1,569,Velorum,Velorum,"[""Velorum"", ""Ilias"", ""Nivalis"", ""Xtreme"", ""Denom""]","[0.9098389148712158, 0.4090268015861511, 0.3491514325141907, 0.27480804920196533, 0.23613259196281433]"
2,centroid,1,570,Velorum,Velorum,"[""Velorum"", ""Ilias"", ""Nivalis"", ""Mytikas"", ""Denom""]","[0.935886025428772, 0.3211512267589569, 0.2843377888202667, 0.22670501470565796, 0.14752784371376038]"
2,centroid,1,571,Velorum,Velorum,"[""Velorum"", ""Ilias"", ""Nivalis"", ""Denom"", ""Ratikon""]","[0.9667819738388062, 0.4955384135246277, 0.4206487536430359, 0.3380628228187561, 0.16858719289302826]"
2,centroid,1,572,Xtreme,Xtreme,"[""Xtreme"", ""Gemini"", ""Nivalis"", ""Steel_Wheel"", ""Denom""]","[0.9140158891677856, 0.4740678668022156, 0.1447456032037735, 0.12678878009319305, 0.04406948387622833]"
2,centroid,1,573,Xtreme,Xtreme,"[""Xtreme"", ""Gemini"", ""Ilias"", ""Steel_Wheel"", ""Hawk""]","[0.9338381886482239, 0.4442903399467468, 0.14903107285499573, 0.08063012361526489, 0.07051844894886017]"
2,centroid,1,574,Xtreme,Xtreme,"[""Xtreme"", ""Gemini"", ""Ilias"", ""Steel_Wheel"", ""Nivalis""]","[0.9673505425453186, 0.40158236026763916, 0.0618712492287159, 0.03198077902197838, 0.01660441979765892]"
2,centroid,1,575,Xtreme,Xtreme,"[""Xtreme"", ""Gemini"", ""Velorum"", ""Ilias"", ""Steel_Wheel""]","[0.9547104239463806, 0.31275784969329834, 0.14109666645526886, 0.053872112184762955, 0.042621999979019165]"
2,centroid,1,576,Xtreme,Xtreme,"[""Xtreme"", ""Gemini"", ""Steel_Wheel"", ""Velorum"", ""Hawk""]","[0.9035822153091431, 0.6157840490341187, 0.06714960187673569, 0.0230821892619133, 0.007596999406814575]"
2,centroid,1,577,Xtreme,Xtreme,"[""Xtreme"", ""Gemini"", ""Steel_Wheel"", ""Ilias"", ""Nivalis""]","[0.9482536911964417, 0.548986554145813, 0.05620519071817398, 0.028307301923632622, -0.05704242363572121]"
2,centroid,1,578,Xtreme,Xtreme,"[""Xtreme"", ""Gemini"", ""Steel_Wheel"", ""Ilias"", ""Velorum""]","[0.967046856880188, 0.4439716339111328, 0.15471892058849335, 0.1045750230550766, 0.08162739872932434]"
2,centroid,1,579,Xtreme,Xtreme,"[""Xtreme"", ""Gemini"", ""Braga"", ""Trius"", ""Triton""]","[0.7519055604934692, 0.5897566080093384, 0.34288787841796875, 0.2987758219242096, 0.24450527131557465]"
2,centroid,1,580,Xtreme,Xtreme,"[""Xtreme"", ""Gemini"", ""Ilias"", ""Denom"", ""Trius""]","[0.7936456203460693, 0.6305285692214966, 0.42101097106933594, 0.2008911371231079, 0.1708177626132965]"
2,centroid,1,581,Xtreme,Xtreme,"[""Xtreme"", ""Gemini"", ""Steel_Wheel"", ""Velorum"", ""Ilias""]","[0.9294030070304871, 0.28790438175201416, 0.19986779987812042, 0.022945202887058258, -0.05939596891403198]"
2,centroid,1,582,Xtreme,Xtreme,"[""Xtreme"", ""Gemini"", ""Steel_Wheel"", ""Hawk"", ""Denom""]","[0.9248184561729431, 0.3323410749435425, 0.17023742198944092, 0.0379716232419014, 0.010120468214154243]"
2,centroid,1,583,Xtreme,Xtreme,"[""Xtreme"", ""Gemini"", ""Hawk"", ""Velorum"", ""Steel_Wheel""]","[0.9151396751403809, 0.428943395614624, 0.16699737310409546, 0.10581216216087341, 0.07451213896274567]"
2,centroid,1,584,Xtreme,Xtreme,"[""Xtreme"", ""Gemini"", ""Ilias"", ""Velorum"", ""Hawk""]","[0.9306706190109253, 0.5200384855270386, 0.2232029289007187, 0.0990847647190094, 0.06514444947242737]"
2,centroid,1,585,Xtreme,Gemini,"[""Gemini"", ""Xtreme"", ""Braga"", ""Trius"", ""Triton""]","[0.7766546010971069, 0.5528663992881775, 0.46542802453041077, 0.4417048692703247, 0.4030141234397888]"
2,centroid,1,586,Xtreme,Xtreme,"[""Xtreme"", ""Gemini"", ""Steel_Wheel"", ""Ilias"", ""Nivalis""]","[0.9594859480857849, 0.48907819390296936, 0.1279609203338623, 0.11966556310653687, 0.09813371300697327]"
2,centroid,1,587,Xtreme,Xtreme,"[""Xtreme"", ""Gemini"", ""Ilias"", ""Steel_Wheel"", ""Braga""]","[0.9591699838638306, 0.5595470666885376, 0.05447062849998474, 0.04773348942399025, -0.021072395145893097]"
2,centroid,1,588,Xtreme,Xtreme,"[""Xtreme"", ""Gemini"", ""Velorum"", ""Steel_Wheel"", ""Ilias""]","[0.959916889667511, 0.35266315937042236, 0.1276535987854004, 0.09047572314739227, 0.01931661367416382]"
2,centroid,1,589,Xtreme,Xtreme,"[""Xtreme"", ""Gemini"", ""Steel_Wheel"", ""Nivalis"", ""Ilias""]","[0.9223333597183228, 0.3859879970550537, 0.12400780618190765, 0.09691255539655685, 0.09421646595001221]"
2,centroid,1,590,Xtreme,Xtreme,"[""Xtreme"", ""Gemini"", ""Nivalis"", ""Steel_Wheel"", ""Ilias""]","[0.9387862086296082, 0.45305076241493225, 0.1140863299369812, 0.07772430777549744, 0.05881953984498978]"
2,centroid,1,591,Xtreme,Xtreme,"[""Xtreme"", ""Gemini"", ""Triton"", ""Braga"", ""Trius""]","[0.7064477205276489, 0.5322635173797607, 0.37632155418395996, 0.35858970880508423, 0.3130899667739868]"
2,centroid,1,592,Xtreme,Xtreme,"[""Xtreme"", ""Gemini"", ""Steel_Wheel"", ""Trius"", ""Braga""]","[0.8528985977172852, 0.6547210812568665, 0.09156496822834015, 0.08192585408687592, 0.05067208409309387]"
2,centroid,1,593,Xtreme,Xtreme,"[""Xtreme"", ""Gemini"", ""Steel_Wheel"", ""Hawk"", ""Ilias""]","[0.9591606855392456, 0.34604573249816895, 0.12722070515155792, -0.006282697431743145, -0.02292359247803688]"
2,centroid,1,594,Xtreme,Xtreme,"[""Xtreme"", ""Gemini"", ""Steel_Wheel"", ""Nivalis"", ""Denom""]","[0.9364414811134338, 0.43740278482437134, 0.17550045251846313, 0.11363634467124939, 0.09064087271690369]"
2,centroid,1,595,Xtreme,Xtreme,"[""Xtreme"", ""Gemini"", ""Steel_Wheel"", ""Nivalis"", ""Ilias""]","[0.9713767170906067, 0.415010005235672, 0.13554000854492188, -0.003920454531908035, -0.015515077859163284]"
2,centroid,1,596,Xtreme,Xtreme,"[""Xtreme"", ""Gemini"", ""Ilias"", ""Triton"", ""Mytikas""]","[0.9084004163742065, 0.3696625232696533, 0.1861579269170761, 0.07752946019172668, 0.03872989863157272]"
2,centroid,1,597,Xtreme,Xtreme,"[""Xtreme"", ""Gemini"", ""Ilias"", ""Velorum"", ""Steel_Wheel""]","[0.944172203540802, 0.4906591475009918, 0.18406690657138824, 0.10963211953639984, 0.07098706066608429]"
2,centroid,1,598,Xtreme,Xtreme,"[""Xtreme"", ""Gemini"", ""Hawk"", ""Velorum"", ""Vega""]","[0.8474055528640747, 0.5594995021820068, 0.3637542724609375, 0.08789485692977905, 0.07497289776802063]"
2,centroid,1,599,Xtreme,Xtreme,"[""Xtreme"", ""Gemini"", ""Steel_Wheel"", ""Denom"", ""Ilias""]","[0.9406409859657288, 0.33902543783187866, 0.09310869127511978, 0.09267362952232361, 0.0926411971449852]"
2,centroid,1,600,Xtreme,Xtreme,"[""Xtreme"", ""Gemini"", ""Trius"", ""Nivalis"", ""Vega""]","[0.7656775116920471, 0.7339651584625244, 0.1499508023262024, 0.14808298647403717, 0.07289448380470276]"
2,centroid,1,601,Xtreme,Xtreme,"[""Xtreme"", ""Gemini"", ""Denom"", ""Ilias"", ""Nivalis""]","[0.9355024099349976, 0.4468545913696289, 0.18609468638896942, 0.16100254654884338, 0.11363326013088226]"
2,centroid,1,602,Xtreme,Xtreme,"[""Xtreme"", ""Gemini"", ""Velorum"", ""Hawk"", ""Steel_Wheel""]","[0.9142438173294067, 0.3007529079914093, 0.07297380268573761, 0.057236917316913605, 0.04306381940841675]"
2,centroid,1,603,Xtreme,Braga,"[""Braga"", ""Gemini"", ""Triton"", ""Trius"", ""Xtreme""]","[0.6738580465316772, 0.582381546497345, 0.5772702097892761, 0.5423558950424194, 0.48906537890434265]"
2,centroid,1,604,Xtreme,Xtreme,"[""Xtreme"", ""Gemini"", ""Hawk"", ""Braga"", ""Vega""]","[0.8800463676452637, 0.481404185295105, 0.2520039975643158, 0.09062226116657257, 0.012490397319197655]"
2,centroid,1,605,Xtreme,Gemini,"[""Gemini"", ""Triton"", ""Braga"", ""Trius"", ""Xtreme""]","[0.6334729194641113, 0.576003909111023, 0.49084359407424927, 0.4726678729057312, 0.44548776745796204]"
2,centroid,1,606,Xtreme,Xtreme,"[""Xtreme"", ""Gemini"", ""Ilias"", ""Braga"", ""Triton""]","[0.8870497941970825, 0.567217230796814, 0.1221926361322403, 0.0561019703745842, 0.039730388671159744]"
2,centroid,1,607,Xtreme,Xtreme,"[""Xtreme"", ""Gemini"", ""Trius"", ""Denom"", ""Braga""]","[0.49152424931526184, 0.4648503065109253, 0.2100643813610077, 0.18571925163269043, 0.1621142327785492]"
2,centroid,1,608,Xtreme,Xtreme,"[""Xtreme"", ""Gemini"", ""Steel_Wheel"", ""Velorum"", ""Ilias""]","[0.9826368689537048, 0.4685255289077759, 0.08441817760467529, 0.011430501937866211, 0.011348232626914978]"
2,centroid,1,609,Xtreme,Xtreme,"[""Xtreme"", ""Gemini"", ""Velorum"", ""Trius"", ""Braga""]","[0.6519917845726013, 0.5281099081039429, 0.4038781523704529, 0.2526836097240448, 0.2066979706287384]"
