fold,retrieval_mode,topn,query_index,true_label,top1_predicted_label,top_k_labels,top_k_scores
1,centroid,1,0,Alaris,Alaris,"[""Alaris"", ""Alcatras"", ""Braga"", ""Trius"", ""Hawk""]","[0.8945201635360718, 0.6956964135169983, 0.5046777725219727, 0.461908221244812, 0.4601694941520691]"
1,centroid,1,1,Alaris,Alaris,"[""Alaris"", ""Alcatras"", ""Turbine"", ""Vega"", ""Mytikas""]","[0.6623167991638184, 0.642722487449646, 0.5078161954879761, 0.38652366399765015, 0.3821150064468384]"
1,centroid,1,2,Alaris,Alcatras,"[""Alcatras"", ""Alaris"", ""Braga"", ""Trius"", ""Mytikas""]","[0.8350275158882141, 0.8280949592590332, 0.644594669342041, 0.5503015518188477, 0.4945594072341919]"
1,centroid,1,3,Alaris,Alaris,"[""Alaris"", ""Alcatras"", ""Braga"", ""Hawk"", ""Mytikas""]","[0.871767520904541, 0.8344305157661438, 0.5674183368682861, 0.48651519417762756, 0.47220444679260254]"
1,centroid,1,4,Alaris,Alaris,"[""Alaris"", ""Alcatras"", ""Hawk"", ""Trius"", ""Turbine""]","[0.8342692255973816, 0.6110692620277405, 0.4223179221153259, 0.38507306575775146, 0.31419098377227783]"
1,centroid,1,5,Alaris,Alaris,"[""Alaris"", ""Alcatras"", ""Braga"", ""Castor"", ""Trius""]","[0.6719111800193787, 0.6047952771186829, 0.5823935866355896, 0.5751727819442749, 0.5647436380386353]"
1,centroid,1,6,Alaris,Alaris,"[""Alaris"", ""Alcatras"", ""Hawk"", ""Vega"", ""Braga""]","[0.780401349067688, 0.7102888226509094, 0.523167610168457, 0.36427292227745056, 0.3023693859577179]"
1,centroid,1,7,Alaris,Alaris,"[""Alaris"", ""Trius"", ""Alcatras"", ""Triton"", ""Mytikas""]","[0.8392072319984436, 0.6970406174659729, 0.6620734930038452, 0.6127853393554688, 0.4167249798774719]"
1,centroid,1,8,Alaris,Alaris,"[""Alaris"", ""Alcatras"", ""Vega"", ""Hawk"", ""Trius""]","[0.8379843235015869, 0.5025119781494141, 0.5003452301025391, 0.41509366035461426, 0.411898672580719]"
1,centroid,1,9,Alaris,Alaris,"[""Alaris"", ""Alcatras"", ""Trius"", ""Turbine"", ""Hawk""]","[0.9208694696426392, 0.6892204284667969, 0.5651074647903442, 0.5041586756706238, 0.49683642387390137]"
1,centroid,1,10,Alaris,Alaris,"[""Alaris"", ""Trius"", ""Alcatras"", ""Hawk"", ""Vega""]","[0.7874158620834351, 0.5852332711219788, 0.3930749297142029, 0.3192732036113739, 0.2769663333892822]"
1,centroid,1,11,Alaris,Alcatras,"[""Alcatras"", ""Castor"", ""Alaris"", ""Mytikas"", ""Braga""]","[0.7713029384613037, 0.757889449596405, 0.660193920135498, 0.6401078701019287, 0.5992676019668579]"
1,centroid,1,12,Alaris,Alaris,"[""Alaris"", ""Alcatras"", ""Hawk"", ""Trius"", ""Braga""]","[0.8817042112350464, 0.6523318290710449, 0.48347407579421997, 0.40471386909484863, 0.3379972577095032]"
1,centroid,1,13,Alaris,Alaris,"[""Alaris"", ""Alcatras"", ""Hawk"", ""Braga"", ""Trius""]","[0.8942848443984985, 0.689149022102356, 0.6096426844596863, 0.4473825693130493, 0.3684374690055847]"
1,centroid,1,14,Alaris,Alaris,"[""Alaris"", ""Alcatras"", ""Hawk"", ""Turbine"", ""Trius""]","[0.9030253291130066, 0.6972837448120117, 0.46059784293174744, 0.4499204456806183, 0.4343005418777466]"
1,centroid,1,15,Alaris,Alaris,"[""Alaris"", ""Alcatras"", ""Braga"", ""Turbine"", ""Trius""]","[0.9217116832733154, 0.8161964416503906, 0.5377892255783081, 0.5125713348388672, 0.5122009515762329]"
1,centroid,1,16,Alaris,Triton,"[""Triton"", ""Mytikas"", ""Alcatras"", ""Braga"", ""Castor""]","[0.7648035883903503, 0.7305032014846802, 0.6306700706481934, 0.536227822303772, 0.5339735746383667]"
1,centroid,1,17,Alaris,Gemini,"[""Gemini"", ""Braga"", ""Trius"", ""Alaris"", ""Vega""]","[0.8174896240234375, 0.5741134881973267, 0.5011249780654907, 0.42531341314315796, 0.38233262300491333]"
1,centroid,1,18,Alaris,Alaris,"[""Alaris"", ""Alcatras"", ""Trius"", ""Braga"", ""Triton""]","[0.9463115334510803, 0.7091159820556641, 0.5946040153503418, 0.46942490339279175, 0.29694902896881104]"
1,centroid,1,19,Alaris,Alaris,"[""Alaris"", ""Alcatras"", ""Hawk"", ""Trius"", ""Vega""]","[0.9095014333724976, 0.5918065905570984, 0.4687713384628296, 0.4539451599121094, 0.43378669023513794]"
1,centroid,1,20,Alaris,Alaris,"[""Alaris"", ""Alcatras"", ""Hawk"", ""Trius"", ""Vega""]","[0.767143726348877, 0.5758216977119446, 0.4323931932449341, 0.38303178548812866, 0.258176326751709]"
1,centroid,1,21,Alaris,Alaris,"[""Alaris"", ""Alcatras"", ""Hawk"", ""Trius"", ""Braga""]","[0.8099218606948853, 0.6654411554336548, 0.47660499811172485, 0.3836304545402527, 0.3634491562843323]"
1,centroid,1,22,Alaris,Alcatras,"[""Alcatras"", ""Alaris"", ""Hawk"", ""Castor"", ""Braga""]","[0.8186052441596985, 0.8076753616333008, 0.45013806223869324, 0.44512462615966797, 0.4371684789657593]"
1,centroid,1,23,Alaris,Alaris,"[""Alaris"", ""Braga"", ""Alcatras"", ""Hawk"", ""Trius""]","[0.8943958282470703, 0.6533851623535156, 0.6336382031440735, 0.5396777391433716, 0.5113335251808167]"
1,centroid,1,24,Alaris,Alaris,"[""Alaris"", ""Alcatras"", ""Hawk"", ""Trius"", ""Turbine""]","[0.810523271560669, 0.641925573348999, 0.3171185255050659, 0.2940654158592224, 0.2789064645767212]"
1,centroid,1,25,Alaris,Hawk,"[""Hawk"", ""Alaris"", ""Trius"", ""Vega"", ""Braga""]","[0.6344501376152039, 0.633577287197113, 0.5544280409812927, 0.5479579567909241, 0.5446993708610535]"
1,centroid,1,26,Alaris,Alaris,"[""Alaris"", ""Alcatras"", ""Turbine"", ""Vega"", ""Hawk""]","[0.7958312630653381, 0.6362682580947876, 0.4988117218017578, 0.41522276401519775, 0.41217511892318726]"
1,centroid,1,27,Alaris,Alaris,"[""Alaris"", ""Alcatras"", ""Vega"", ""Trius"", ""Hawk""]","[0.8818113803863525, 0.620011568069458, 0.43946385383605957, 0.4084233045578003, 0.40256887674331665]"
1,centroid,1,28,Alcatras,Alcatras,"[""Alcatras"", ""Alaris"", ""Castor"", ""Braga"", ""Mytikas""]","[0.9586306214332581, 0.7095826864242554, 0.6151151061058044, 0.4833757281303406, 0.4620572030544281]"
1,centroid,1,29,Alcatras,Alaris,"[""Alaris"", ""Alcatras"", ""Braga"", ""Trius"", ""Turbine""]","[0.7715052366256714, 0.5420021414756775, 0.46352434158325195, 0.37675878405570984, 0.3526369333267212]"
1,centroid,1,30,Alcatras,Alcatras,"[""Alcatras"", ""Castor"", ""Alaris"", ""Trius"", ""Mytikas""]","[0.7796127796173096, 0.7683508396148682, 0.5856121182441711, 0.49898576736450195, 0.4940347671508789]"
1,centroid,1,31,Alcatras,Alaris,"[""Alaris"", ""Alcatras"", ""Trius"", ""Triton"", ""Mytikas""]","[0.7705587148666382, 0.7308425903320312, 0.6091412305831909, 0.5064094662666321, 0.41577571630477905]"
1,centroid,1,32,Alcatras,Alcatras,"[""Alcatras"", ""Alaris"", ""Braga"", ""Mytikas"", ""Castor""]","[0.8209757208824158, 0.654419481754303, 0.4485628604888916, 0.42854347825050354, 0.3853059709072113]"
1,centroid,1,33,Alcatras,Alcatras,"[""Alcatras"", ""Velorum"", ""Alaris"", ""Nivalis"", ""Trius""]","[0.5586788058280945, 0.5347530841827393, 0.41356173157691956, 0.34786397218704224, 0.2682938873767853]"
1,centroid,1,34,Alcatras,Alcatras,"[""Alcatras"", ""Alaris"", ""Castor"", ""Trius"", ""Braga""]","[0.9177430868148804, 0.8137542605400085, 0.6068280339241028, 0.571367621421814, 0.5487663745880127]"
1,centroid,1,35,Alcatras,Alcatras,"[""Alcatras"", ""Braga"", ""Alaris"", ""Castor"", ""Trius""]","[0.8225510120391846, 0.7485188245773315, 0.7406426072120667, 0.6255661845207214, 0.555687665939331]"
1,centroid,1,36,Alcatras,Alcatras,"[""Alcatras"", ""Triton"", ""Mytikas"", ""Braga"", ""Alaris""]","[0.8062386512756348, 0.6582790017127991, 0.6534856557846069, 0.6260024309158325, 0.5689566135406494]"
1,centroid,1,37,Alcatras,Alcatras,"[""Alcatras"", ""Alaris"", ""Braga"", ""Hawk"", ""Castor""]","[0.834116518497467, 0.755388617515564, 0.6183358430862427, 0.5240175724029541, 0.44291508197784424]"
1,centroid,1,38,Alcatras,Alcatras,"[""Alcatras"", ""Turbine"", ""Alaris"", ""Castor"", ""Hawk""]","[0.8376601934432983, 0.6147724390029907, 0.611725926399231, 0.5187824964523315, 0.38674721121788025]"
1,centroid,1,39,Alcatras,Alcatras,"[""Alcatras"", ""Turbine"", ""Triton"", ""Alaris"", ""Mytikas""]","[0.6307081580162048, 0.5814342498779297, 0.557654857635498, 0.5343575477600098, 0.4901031255722046]"
1,centroid,1,40,Alcatras,Alcatras,"[""Alcatras"", ""Braga"", ""Alaris"", ""Hawk"", ""Castor""]","[0.7693517208099365, 0.7642965912818909, 0.7274153232574463, 0.6414198279380798, 0.6303290128707886]"
1,centroid,1,41,Alcatras,Alcatras,"[""Alcatras"", ""Castor"", ""Mytikas"", ""Alaris"", ""Triton""]","[0.8753271698951721, 0.8513498306274414, 0.6251025199890137, 0.5605979561805725, 0.5603208541870117]"
1,centroid,1,42,Alcatras,Castor,"[""Castor"", ""Alcatras"", ""Mytikas"", ""Braga"", ""Triton""]","[0.7534112930297852, 0.7028816342353821, 0.7015048265457153, 0.6484220623970032, 0.6082723140716553]"
1,centroid,1,43,Alcatras,Alcatras,"[""Alcatras"", ""Alaris"", ""Braga"", ""Mytikas"", ""Castor""]","[0.7834213972091675, 0.707338809967041, 0.4992222189903259, 0.46249085664749146, 0.45656657218933105]"
1,centroid,1,44,Alcatras,Alcatras,"[""Alcatras"", ""Braga"", ""Alaris"", ""Mytikas"", ""Castor""]","[0.873943567276001, 0.7557085156440735, 0.6604720950126648, 0.600609540939331, 0.5642401576042175]"
1,centroid,1,45,Alcatras,Alcatras,"[""Alcatras"", ""Braga"", ""Trius"", ""Alaris"", ""Mytikas""]","[0.709071159362793, 0.6708130836486816, 0.6269627213478088, 0.5999219417572021, 0.5194730758666992]"
1,centroid,1,46,Alcatras,Alcatras,"[""Alcatras"", ""Castor"", ""Mytikas"", ""Braga"", ""Alaris""]","[0.8947852253913879, 0.716934084892273, 0.65987229347229, 0.6225280165672302, 0.5658049583435059]"
1,centroid,1,47,Alcatras,Alcatras,"[""Alcatras"", ""Turbine"", ""Triton"", ""Alaris"", ""Braga""]","[0.7650870084762573, 0.6635453701019287, 0.6574057340621948, 0.6440062522888184, 0.636192798614502]"
1,centroid,1,48,Alcatras,Alcatras,"[""Alcatras"", ""Braga"", ""Alaris"", ""Castor"", ""Mytikas""]","[0.8757158517837524, 0.6969250440597534, 0.6657525300979614, 0.6531401872634888, 0.5682047009468079]"
1,centroid,1,49,Alcatras,Alcatras,"[""Alcatras"", ""Alaris"", ""Castor"", ""Mytikas"", ""Hawk""]","[0.8932310938835144, 0.7058305740356445, 0.5962041616439819, 0.45809054374694824, 0.44578856229782104]"
1,centroid,1,50,Alcatras,Alcatras,"[""Alcatras"", ""Alaris"", ""Braga"", ""Castor"", ""Mytikas""]","[0.8628432154655457, 0.7650649547576904, 0.6822929382324219, 0.6380122900009155, 0.572333574295044]"
1,centroid,1,51,Alcatras,Alcatras,"[""Alcatras"", ""Mytikas"", ""Alaris"", ""Triton"", ""Braga""]","[0.8824101090431213, 0.6508913040161133, 0.631577730178833, 0.6171545386314392, 0.6048082113265991]"
1,centroid,1,52,Alcatras,Alcatras,"[""Alcatras"", ""Alaris"", ""Braga"", ""Mytikas"", ""Castor""]","[0.8975075483322144, 0.7845091223716736, 0.6371696591377258, 0.561968207359314, 0.5279034376144409]"
1,centroid,1,53,Alcatras,Alcatras,"[""Alcatras"", ""Alaris"", ""Braga"", ""Castor"", ""Mytikas""]","[0.8645873069763184, 0.6096851825714111, 0.542606770992279, 0.5352332592010498, 0.5311334133148193]"
1,centroid,1,54,Braga,Braga,"[""Braga"", ""Vega"", ""Triton"", ""Mytikas"", ""Hawk""]","[0.735316276550293, 0.6077102422714233, 0.48531126976013184, 0.475919246673584, 0.4135103225708008]"
1,centroid,1,55,Braga,Braga,"[""Braga"", ""Alaris"", ""Castor"", ""Triton"", ""Alcatras""]","[0.9554437398910522, 0.6299576759338379, 0.6262823939323425, 0.6249523162841797, 0.6100192070007324]"
1,centroid,1,56,Braga,Braga,"[""Braga"", ""Gemini"", ""Triton"", ""Alaris"", ""Alcatras""]","[0.9001508951187134, 0.5478453636169434, 0.5050697922706604, 0.4917711913585663, 0.4178107976913452]"
1,centroid,1,57,Braga,Braga,"[""Braga"", ""Castor"", ""Hawk"", ""Turbine"", ""Mytikas""]","[0.8414168357849121, 0.5400037169456482, 0.5209243297576904, 0.4785573184490204, 0.4755474925041199]"
1,centroid,1,58,Braga,Braga,"[""Braga"", ""Triton"", ""Mytikas"", ""Alcatras"", ""Vega""]","[0.8082802295684814, 0.7026797533035278, 0.5924150943756104, 0.4784848392009735, 0.4098636507987976]"
1,centroid,1,59,Braga,Castor,"[""Castor"", ""Braga"", ""Alcatras"", ""Mytikas"", ""Turbine""]","[0.8204909563064575, 0.8066476583480835, 0.6584569215774536, 0.5784047245979309, 0.5536144971847534]"
1,centroid,1,60,Braga,Braga,"[""Braga"", ""Gemini"", ""Hawk"", ""Xtreme"", ""Turbine""]","[0.7155052423477173, 0.6195899248123169, 0.4858017861843109, 0.3182043433189392, 0.2990073263645172]"
1,centroid,1,61,Braga,Braga,"[""Braga"", ""Alaris"", ""Alcatras"", ""Hawk"", ""Vega""]","[0.789665699005127, 0.7079741954803467, 0.6868160963058472, 0.5565431118011475, 0.43665823340415955]"
1,centroid,1,62,Braga,Braga,"[""Braga"", ""Alcatras"", ""Alaris"", ""Castor"", ""Triton""]","[0.9123612642288208, 0.6607502698898315, 0.5654431581497192, 0.5616468191146851, 0.5504210591316223]"
1,centroid,1,63,Braga,Braga,"[""Braga"", ""Alcatras"", ""Alaris"", ""Castor"", ""Mytikas""]","[0.8865761756896973, 0.5907759666442871, 0.5735181570053101, 0.5046340227127075, 0.47737765312194824]"
1,centroid,1,64,Braga,Braga,"[""Braga"", ""Castor"", ""Triton"", ""Alcatras"", ""Mytikas""]","[0.9030285477638245, 0.748875617980957, 0.7200437188148499, 0.6662577390670776, 0.6349889039993286]"
1,centroid,1,65,Braga,Braga,"[""Braga"", ""Triton"", ""Trius"", ""Castor"", ""Mytikas""]","[0.8057985901832581, 0.7367048859596252, 0.6383235454559326, 0.5760098099708557, 0.5490913391113281]"
1,centroid,1,66,Braga,Braga,"[""Braga"", ""Hawk"", ""Turbine"", ""Alaris"", ""Alcatras""]","[0.8499799966812134, 0.7696437239646912, 0.624846339225769, 0.5882249474525452, 0.5711575746536255]"
1,centroid,1,67,Braga,Braga,"[""Braga"", ""Mytikas"", ""Triton"", ""Vega"", ""Hawk""]","[0.8009355664253235, 0.5558247566223145, 0.5446341037750244, 0.40749257802963257, 0.36063265800476074]"
1,centroid,1,68,Braga,Triton,"[""Triton"", ""Braga"", ""Mytikas"", ""Castor"", ""Alcatras""]","[0.8349668979644775, 0.7957243323326111, 0.7185215950012207, 0.6051400899887085, 0.49986645579338074]"
1,centroid,1,69,Braga,Braga,"[""Braga"", ""Vega"", ""Hawk"", ""Alaris"", ""Turbine""]","[0.7222590446472168, 0.6268253326416016, 0.5599102973937988, 0.5420824289321899, 0.5011628866195679]"
1,centroid,1,70,Braga,Braga,"[""Braga"", ""Alaris"", ""Alcatras"", ""Trius"", ""Mytikas""]","[0.8246132135391235, 0.5538723468780518, 0.4599303901195526, 0.42743033170700073, 0.4044845402240753]"
1,centroid,1,71,Braga,Braga,"[""Braga"", ""Alcatras"", ""Castor"", ""Triton"", ""Turbine""]","[0.8757749795913696, 0.5728815197944641, 0.5700099468231201, 0.560828447341919, 0.5269633531570435]"
1,centroid,1,72,Braga,Braga,"[""Braga"", ""Hawk"", ""Vega"", ""Turbine"", ""Alaris""]","[0.7739992141723633, 0.6597554683685303, 0.622244656085968, 0.4406575858592987, 0.39750009775161743]"
1,centroid,1,73,Braga,Braga,"[""Braga"", ""Castor"", ""Triton"", ""Trius"", ""Alaris""]","[0.8848477602005005, 0.6355446577072144, 0.5970408916473389, 0.5062730312347412, 0.4691423177719116]"
1,centroid,1,74,Braga,Braga,"[""Braga"", ""Triton"", ""Trius"", ""Mytikas"", ""Alaris""]","[0.8669371604919434, 0.6918783187866211, 0.6212493777275085, 0.5633493065834045, 0.5590204000473022]"
1,centroid,1,75,Braga,Braga,"[""Braga"", ""Alcatras"", ""Alaris"", ""Castor"", ""Triton""]","[0.9209723472595215, 0.6575295925140381, 0.6528846025466919, 0.576421320438385, 0.5761027932167053]"
1,centroid,1,76,Braga,Braga,"[""Braga"", ""Mytikas"", ""Triton"", ""Trius"", ""Alaris""]","[0.8535704612731934, 0.6185557842254639, 0.6029527187347412, 0.5474121570587158, 0.5300112962722778]"
1,centroid,1,77,Braga,Braga,"[""Braga"", ""Alcatras"", ""Mytikas"", ""Triton"", ""Castor""]","[0.748592734336853, 0.6516553163528442, 0.6164675354957581, 0.5923231840133667, 0.5907465219497681]"
1,centroid,1,78,Braga,Braga,"[""Braga"", ""Triton"", ""Alaris"", ""Castor"", ""Alcatras""]","[0.7850812077522278, 0.6713353991508484, 0.6107909083366394, 0.5722047090530396, 0.5441815853118896]"
1,centroid,1,79,Braga,Braga,"[""Braga"", ""Triton"", ""Mytikas"", ""Castor"", ""Trius""]","[0.8498678803443909, 0.7593868374824524, 0.7201666831970215, 0.5400856733322144, 0.508500337600708]"
1,centroid,1,80,Braga,Braga,"[""Braga"", ""Mytikas"", ""Triton"", ""Trius"", ""Castor""]","[0.7455083131790161, 0.6796534061431885, 0.6187129616737366, 0.5779767036437988, 0.5457451939582825]"
1,centroid,1,81,Braga,Turbine,"[""Turbine"", ""Alcatras"", ""Mytikas"", ""Castor"", ""Hawk""]","[0.6870570182800293, 0.5899953842163086, 0.5459492206573486, 0.5228385925292969, 0.4172220826148987]"
1,centroid,1,82,Braga,Braga,"[""Braga"", ""Hawk"", ""Vega"", ""Turbine"", ""Gemini""]","[0.6635610461235046, 0.6206302642822266, 0.44438374042510986, 0.36671558022499084, 0.3541395664215088]"
1,centroid,1,83,Braga,Braga,"[""Braga"", ""Castor"", ""Alcatras"", ""Triton"", ""Alaris""]","[0.8243857622146606, 0.7370486259460449, 0.6736605763435364, 0.6730897426605225, 0.6512373685836792]"
1,centroid,1,84,Braga,Braga,"[""Braga"", ""Triton"", ""Turbine"", ""Mytikas"", ""Alaris""]","[0.9012918472290039, 0.613640546798706, 0.553117036819458, 0.5102436542510986, 0.5062660574913025]"
1,centroid,1,85,Braga,Braga,"[""Braga"", ""Vega"", ""Hawk"", ""Alaris"", ""Gemini""]","[0.8549680709838867, 0.4962530732154846, 0.4780381917953491, 0.38929086923599243, 0.3728717267513275]"
1,centroid,1,86,Braga,Braga,"[""Braga"", ""Triton"", ""Trius"", ""Turbine"", ""Mytikas""]","[0.8682004809379578, 0.6108507513999939, 0.533317506313324, 0.5275249481201172, 0.5055512189865112]"
1,centroid,1,87,Braga,Braga,"[""Braga"", ""Hawk"", ""Turbine"", ""Vega"", ""Gemini""]","[0.6915268301963806, 0.6784889101982117, 0.5987985134124756, 0.5402897596359253, 0.4695453643798828]"
1,centroid,1,88,Braga,Braga,"[""Braga"", ""Hawk"", ""Turbine"", ""Alcatras"", ""Castor""]","[0.8499900102615356, 0.6897454261779785, 0.5100778937339783, 0.4732833802700043, 0.46165210008621216]"
1,centroid,1,89,Braga,Braga,"[""Braga"", ""Hawk"", ""Gemini"", ""Alaris"", ""Vega""]","[0.6782931089401245, 0.6277469992637634, 0.5236142873764038, 0.3883703947067261, 0.3481473922729492]"
1,centroid,1,90,Braga,Braga,"[""Braga"", ""Trius"", ""Alaris"", ""Triton"", ""Mytikas""]","[0.8992100954055786, 0.6881240010261536, 0.6634643077850342, 0.6606394052505493, 0.5691626667976379]"
1,centroid,1,91,Braga,Vega,"[""Vega"", ""Braga"", ""Gemini"", ""Alaris"", ""Trius""]","[0.6708924770355225, 0.5570979118347168, 0.5192936658859253, 0.504485011100769, 0.48702090978622437]"
1,centroid,1,92,Castor,Castor,"[""Castor"", ""Alcatras"", ""Triton"", ""Turbine"", ""Braga""]","[0.9239866137504578, 0.5766140222549438, 0.5453717708587646, 0.5353870391845703, 0.5240119695663452]"
1,centroid,1,93,Castor,Castor,"[""Castor"", ""Mytikas"", ""Triton"", ""Alcatras"", ""Turbine""]","[0.8918753862380981, 0.5615031123161316, 0.5561250448226929, 0.46250468492507935, 0.39325934648513794]"
1,centroid,1,94,Castor,Castor,"[""Castor"", ""Triton"", ""Alcatras"", ""Braga"", ""Turbine""]","[0.8819240927696228, 0.5892078280448914, 0.5712792873382568, 0.4910583794116974, 0.4833986163139343]"
1,centroid,1,95,Castor,Castor,"[""Castor"", ""Turbine"", ""Alcatras"", ""Triton"", ""Mytikas""]","[0.8613351583480835, 0.71087247133255, 0.5982995629310608, 0.5405480861663818, 0.4922936260700226]"
1,centroid,1,96,Castor,Castor,"[""Castor"", ""Mytikas"", ""Alcatras"", ""Triton"", ""Braga""]","[0.7825672030448914, 0.7483655214309692, 0.7143940329551697, 0.5757261514663696, 0.5121167898178101]"
1,centroid,1,97,Castor,Castor,"[""Castor"", ""Mytikas"", ""Triton"", ""Alcatras"", ""Turbine""]","[0.857965886592865, 0.7998793125152588, 0.6657638549804688, 0.6441842317581177, 0.4964492619037628]"
1,centroid,1,98,Castor,Castor,"[""Castor"", ""Turbine"", ""Alcatras"", ""Mytikas"", ""Triton""]","[0.9111571311950684, 0.6908323764801025, 0.6093507409095764, 0.4839119017124176, 0.4218290448188782]"
1,centroid,1,99,Castor,Castor,"[""Castor"", ""Alcatras"", ""Braga"", ""Mytikas"", ""Triton""]","[0.8927037715911865, 0.7581562399864197, 0.582991361618042, 0.5402378439903259, 0.5019874572753906]"
1,centroid,1,100,Castor,Castor,"[""Castor"", ""Turbine"", ""Alcatras"", ""Mytikas"", ""Braga""]","[0.901781439781189, 0.7273795008659363, 0.5825463533401489, 0.5086482763290405, 0.4769986867904663]"
1,centroid,1,101,Castor,Alcatras,"[""Alcatras"", ""Alaris"", ""Hawk"", ""Braga"", ""Castor""]","[0.7370237112045288, 0.7353993058204651, 0.6747300624847412, 0.652580738067627, 0.49541130661964417]"
1,centroid,1,102,Castor,Castor,"[""Castor"", ""Alcatras"", ""Turbine"", ""Mytikas"", ""Braga""]","[0.9109506011009216, 0.6723809838294983, 0.6470725536346436, 0.5556600093841553, 0.43282365798950195]"
1,centroid,1,103,Castor,Castor,"[""Castor"", ""Alcatras"", ""Mytikas"", ""Triton"", ""Turbine""]","[0.9101448059082031, 0.6251977682113647, 0.6243091821670532, 0.5169745087623596, 0.5115242004394531]"
1,centroid,1,104,Castor,Castor,"[""Castor"", ""Alcatras"", ""Mytikas"", ""Braga"", ""Triton""]","[0.9130549430847168, 0.7555454969406128, 0.7057634592056274, 0.5660721063613892, 0.521129310131073]"
1,centroid,1,105,Castor,Castor,"[""Castor"", ""Mytikas"", ""Braga"", ""Alcatras"", ""Triton""]","[0.854285478591919, 0.715344250202179, 0.6702138185501099, 0.666873037815094, 0.6597012877464294]"
1,centroid,1,106,Castor,Castor,"[""Castor"", ""Mytikas"", ""Alcatras"", ""Turbine"", ""Braga""]","[0.9271776080131531, 0.6210376024246216, 0.599412739276886, 0.5934591889381409, 0.5472683310508728]"
1,centroid,1,107,Castor,Castor,"[""Castor"", ""Alcatras"", ""Mytikas"", ""Braga"", ""Triton""]","[0.9490534663200378, 0.628074049949646, 0.6242698431015015, 0.6215601563453674, 0.5160711407661438]"
1,centroid,1,108,Castor,Castor,"[""Castor"", ""Mytikas"", ""Triton"", ""Alcatras"", ""Braga""]","[0.8928846716880798, 0.6938538551330566, 0.6504476070404053, 0.6504364013671875, 0.4961349368095398]"
1,centroid,1,109,Castor,Triton,"[""Triton"", ""Castor"", ""Mytikas"", ""Alcatras"", ""Braga""]","[0.7939661741256714, 0.7830287218093872, 0.7336405515670776, 0.6357281804084778, 0.5909833908081055]"
1,centroid,1,110,Castor,Castor,"[""Castor"", ""Mytikas"", ""Alcatras"", ""Triton"", ""Braga""]","[0.8515625, 0.7958769798278809, 0.6353259086608887, 0.5621625185012817, 0.4718291163444519]"
1,centroid,1,111,Castor,Castor,"[""Castor"", ""Mytikas"", ""Triton"", ""Braga"", ""Alcatras""]","[0.8645241856575012, 0.6695191860198975, 0.6422869563102722, 0.5481603145599365, 0.5330084562301636]"
1,centroid,1,112,Castor,Castor,"[""Castor"", ""Alcatras"", ""Turbine"", ""Braga"", ""Mytikas""]","[0.9223427176475525, 0.677635908126831, 0.6734568476676941, 0.6709071397781372, 0.5563446283340454]"
1,centroid,1,113,Castor,Castor,"[""Castor"", ""Alcatras"", ""Mytikas"", ""Triton"", ""Braga""]","[0.883780837059021, 0.7906903624534607, 0.6751623749732971, 0.5971672534942627, 0.5644611120223999]"
1,centroid,1,114,Castor,Castor,"[""Castor"", ""Mytikas"", ""Triton"", ""Alcatras"", ""Turbine""]","[0.909747838973999, 0.6394243240356445, 0.5929323434829712, 0.525598406791687, 0.49364882707595825]"
1,centroid,1,115,Castor,Castor,"[""Castor"", ""Mytikas"", ""Alcatras"", ""Braga"", ""Triton""]","[0.9253849387168884, 0.6067728996276855, 0.6011378765106201, 0.49775445461273193, 0.4529725909233093]"
1,centroid,1,116,Castor,Castor,"[""Castor"", ""Alcatras"", ""Braga"", ""Mytikas"", ""Turbine""]","[0.9201278686523438, 0.7242519855499268, 0.7145293951034546, 0.5980960130691528, 0.5452090501785278]"
1,centroid,1,117,Castor,Castor,"[""Castor"", ""Mytikas"", ""Alcatras"", ""Triton"", ""Braga""]","[0.9191648364067078, 0.7406977415084839, 0.7070470452308655, 0.6658128499984741, 0.5656399726867676]"
1,centroid,1,118,Castor,Castor,"[""Castor"", ""Alcatras"", ""Mytikas"", ""Turbine"", ""Triton""]","[0.9426652193069458, 0.5986055135726929, 0.590004563331604, 0.5791466236114502, 0.5524117946624756]"
1,centroid,1,119,Castor,Alcatras,"[""Alcatras"", ""Alaris"", ""Mytikas"", ""Castor"", ""Turbine""]","[0.8696543574333191, 0.758063018321991, 0.6457337141036987, 0.5064010620117188, 0.5017142295837402]"
1,centroid,1,120,Castor,Castor,"[""Castor"", ""Mytikas"", ""Triton"", ""Trius"", ""Alcatras""]","[0.7963992357254028, 0.6562002301216125, 0.6221849918365479, 0.6118614077568054, 0.5831608772277832]"
1,centroid,1,121,Castor,Castor,"[""Castor"", ""Alcatras"", ""Mytikas"", ""Turbine"", ""Braga""]","[0.9499679207801819, 0.6296404004096985, 0.5911102294921875, 0.4778387248516083, 0.4626420736312866]"
1,centroid,1,122,Castor,Castor,"[""Castor"", ""Alcatras"", ""Turbine"", ""Triton"", ""Braga""]","[0.8482872247695923, 0.7052327394485474, 0.6842349767684937, 0.5864418745040894, 0.49327003955841064]"
1,centroid,1,123,Castor,Castor,"[""Castor"", ""Mytikas"", ""Triton"", ""Alcatras"", ""Turbine""]","[0.9171156883239746, 0.7156506180763245, 0.6203400492668152, 0.5915662050247192, 0.4697912037372589]"
1,centroid,1,124,Denom,Denom,"[""Denom"", ""Ratikon"", ""Nivalis"", ""Ilias"", ""Steel_Wheel""]","[0.7308667898178101, 0.5159953236579895, 0.4536423683166504, 0.19486753642559052, 0.04704447090625763]"
1,centroid,1,125,Denom,Denom,"[""Denom"", ""Ratikon"", ""Nivalis"", ""Ilias"", ""Velorum""]","[0.8909950256347656, 0.759113609790802, 0.7583248615264893, 0.6639070510864258, 0.6414719223976135]"
1,centroid,1,126,Denom,Denom,"[""Denom"", ""Ratikon"", ""Nivalis"", ""Ilias"", ""Velorum""]","[0.937461256980896, 0.822787880897522, 0.8058363199234009, 0.6720158457756042, 0.569270133972168]"
1,centroid,1,127,Denom,Denom,"[""Denom"", ""Ratikon"", ""Nivalis"", ""Ilias"", ""Velorum""]","[0.9345918893814087, 0.6939045190811157, 0.661504864692688, 0.5362949371337891, 0.38013172149658203]"
1,centroid,1,128,Denom,Denom,"[""Denom"", ""Ratikon"", ""Nivalis"", ""Ilias"", ""Velorum""]","[0.8337680101394653, 0.5320219397544861, 0.48556578159332275, 0.46909087896347046, 0.31448447704315186]"
1,centroid,1,129,Denom,Denom,"[""Denom"", ""Ratikon"", ""Nivalis"", ""Ilias"", ""Velorum""]","[0.968903660774231, 0.7748385071754456, 0.6426372528076172, 0.6113470792770386, 0.24665969610214233]"
1,centroid,1,130,Denom,Denom,"[""Denom"", ""Ratikon"", ""Ilias"", ""Nivalis"", ""Velorum""]","[0.927801251411438, 0.8543069362640381, 0.703337550163269, 0.6921656131744385, 0.20742331445217133]"
1,centroid,1,131,Denom,Denom,"[""Denom"", ""Ratikon"", ""Nivalis"", ""Ilias"", ""Velorum""]","[0.855966329574585, 0.6835993528366089, 0.6238337755203247, 0.44919344782829285, 0.402218222618103]"
1,centroid,1,132,Denom,Denom,"[""Denom"", ""Ratikon"", ""Nivalis"", ""Ilias"", ""Velorum""]","[0.9145036935806274, 0.8941090106964111, 0.7362076044082642, 0.7158035635948181, 0.45080330967903137]"
1,centroid,1,133,Denom,Denom,"[""Denom"", ""Nivalis"", ""Ratikon"", ""Ilias"", ""Velorum""]","[0.9579770565032959, 0.8226096630096436, 0.7915513515472412, 0.5950239300727844, 0.4204738736152649]"
1,centroid,1,134,Denom,Denom,"[""Denom"", ""Velorum"", ""Nivalis"", ""Ilias"", ""Trius""]","[0.6899207234382629, 0.5533697605133057, 0.4794194996356964, 0.3851740062236786, 0.36488136649131775]"
1,centroid,1,135,Denom,Denom,"[""Denom"", ""Ratikon"", ""Ilias"", ""Nivalis"", ""Velorum""]","[0.8322112560272217, 0.8062281608581543, 0.7411540746688843, 0.6297178268432617, 0.5259103178977966]"
1,centroid,1,136,Denom,Denom,"[""Denom"", ""Ratikon"", ""Nivalis"", ""Ilias"", ""Velorum""]","[0.9025189876556396, 0.8986522555351257, 0.7704905271530151, 0.7401361465454102, 0.306646466255188]"
1,centroid,1,137,Denom,Castor,"[""Castor"", ""Steel_Wheel"", ""Braga"", ""Turbine"", ""Hawk""]","[0.3521420955657959, 0.3515029549598694, 0.3255844712257385, 0.2555685043334961, 0.1495676040649414]"
1,centroid,1,138,Denom,Denom,"[""Denom"", ""Nivalis"", ""Ratikon"", ""Ilias"", ""Velorum""]","[0.8756816983222961, 0.765221893787384, 0.7376174926757812, 0.40611982345581055, 0.2849052846431732]"
1,centroid,1,139,Denom,Denom,"[""Denom"", ""Ratikon"", ""Nivalis"", ""Ilias"", ""Velorum""]","[0.9559866786003113, 0.8316986560821533, 0.6730723977088928, 0.661636233329773, 0.43396836519241333]"
1,centroid,1,140,Denom,Denom,"[""Denom"", ""Ratikon"", ""Ilias"", ""Nivalis"", ""Velorum""]","[0.9253278970718384, 0.7355813980102539, 0.6969858407974243, 0.5803377032279968, 0.3159082233905792]"
1,centroid,1,141,Denom,Ratikon,"[""Ratikon"", ""Denom"", ""Ilias"", ""Nivalis"", ""Velorum""]","[0.9109489321708679, 0.8181794881820679, 0.801792562007904, 0.6563861966133118, 0.24817143380641937]"
1,centroid,1,142,Denom,Ratikon,"[""Ratikon"", ""Ilias"", ""Denom"", ""Nivalis"", ""Velorum""]","[0.9125077724456787, 0.8353089094161987, 0.7953410148620605, 0.6567851901054382, 0.5873608589172363]"
1,centroid,1,143,Denom,Denom,"[""Denom"", ""Nivalis"", ""Ratikon"", ""Ilias"", ""Velorum""]","[0.9573205709457397, 0.7502213716506958, 0.7051770091056824, 0.5013962984085083, 0.2653115689754486]"
1,centroid,1,144,Denom,Denom,"[""Denom"", ""Ratikon"", ""Nivalis"", ""Ilias"", ""Velorum""]","[0.9382123351097107, 0.7586706876754761, 0.7441433668136597, 0.6942708492279053, 0.38113176822662354]"
1,centroid,1,145,Denom,Denom,"[""Denom"", ""Ratikon"", ""Nivalis"", ""Ilias"", ""Xtreme""]","[0.7651537656784058, 0.5291274189949036, 0.4226321876049042, 0.40060606598854065, 0.1670343428850174]"
1,centroid,1,146,Denom,Denom,"[""Denom"", ""Ratikon"", ""Nivalis"", ""Ilias"", ""Velorum""]","[0.9070132970809937, 0.7487231492996216, 0.6974809169769287, 0.47762906551361084, 0.2949640154838562]"
1,centroid,1,147,Denom,Denom,"[""Denom"", ""Ratikon"", ""Ilias"", ""Nivalis"", ""Velorum""]","[0.9381590485572815, 0.7450809478759766, 0.6054576635360718, 0.5299584865570068, 0.2180994153022766]"
1,centroid,1,148,Denom,Denom,"[""Denom"", ""Ratikon"", ""Ilias"", ""Nivalis"", ""Velorum""]","[0.6487894058227539, 0.621041476726532, 0.46219706535339355, 0.27133792638778687, 0.17869915068149567]"
1,centroid,1,149,Denom,Denom,"[""Denom"", ""Ratikon"", ""Nivalis"", ""Ilias"", ""Velorum""]","[0.9609655737876892, 0.752271831035614, 0.735605001449585, 0.6966238021850586, 0.5325724482536316]"
1,centroid,1,150,Denom,Denom,"[""Denom"", ""Ratikon"", ""Nivalis"", ""Ilias"", ""Velorum""]","[0.9408260583877563, 0.7644425630569458, 0.7478837966918945, 0.6931949853897095, 0.44136863946914673]"
1,centroid,1,151,Denom,Ratikon,"[""Ratikon"", ""Denom"", ""Ilias"", ""Nivalis"", ""Velorum""]","[0.8738889694213867, 0.8396544456481934, 0.7846827507019043, 0.5737734436988831, 0.37015825510025024]"
1,centroid,1,152,Denom,Denom,"[""Denom"", ""Ratikon"", ""Nivalis"", ""Ilias"", ""Velorum""]","[0.93204665184021, 0.8808096647262573, 0.8077089786529541, 0.6455940008163452, 0.3844759464263916]"
1,centroid,1,153,Denom,Trius,"[""Trius"", ""Denom"", ""Steel_Wheel"", ""Gemini"", ""Nivalis""]","[0.5427346229553223, 0.517562985420227, 0.29802536964416504, 0.26202359795570374, 0.2567063868045807]"
1,centroid,1,154,Denom,Denom,"[""Denom"", ""Nivalis"", ""Ilias"", ""Velorum"", ""Ratikon""]","[0.7454833984375, 0.5147652626037598, 0.4837755560874939, 0.4632227122783661, 0.4019755721092224]"
1,centroid,1,155,Denom,Denom,"[""Denom"", ""Ratikon"", ""Nivalis"", ""Ilias"", ""Xtreme""]","[0.8503481149673462, 0.5972098708152771, 0.5585564970970154, 0.35238057374954224, 0.11693956702947617]"
1,centroid,1,156,Denom,Denom,"[""Denom"", ""Nivalis"", ""Ratikon"", ""Ilias"", ""Velorum""]","[0.9695755839347839, 0.8378679156303406, 0.8214409351348877, 0.6526790857315063, 0.4955105185508728]"
1,centroid,1,157,Denom,Denom,"[""Denom"", ""Ratikon"", ""Nivalis"", ""Ilias"", ""Velorum""]","[0.8563965559005737, 0.8376213312149048, 0.6576893329620361, 0.5437244772911072, 0.28787410259246826]"
1,centroid,1,158,Denom,Denom,"[""Denom"", ""Ratikon"", ""Nivalis"", ""Ilias"", ""Velorum""]","[0.9278808832168579, 0.8393073081970215, 0.7076550722122192, 0.6173053979873657, 0.30116328597068787]"
1,centroid,1,159,Denom,Denom,"[""Denom"", ""Nivalis"", ""Ratikon"", ""Ilias"", ""Velorum""]","[0.9495410919189453, 0.7832242250442505, 0.7162535190582275, 0.5220658779144287, 0.4475213885307312]"
1,centroid,1,160,Denom,Denom,"[""Denom"", ""Ilias"", ""Ratikon"", ""Velorum"", ""Nivalis""]","[0.7059212923049927, 0.5973563194274902, 0.5782942771911621, 0.4630733132362366, 0.44357210397720337]"
1,centroid,1,161,Denom,Denom,"[""Denom"", ""Ratikon"", ""Nivalis"", ""Ilias"", ""Velorum""]","[0.9077027440071106, 0.7362689971923828, 0.7344943284988403, 0.5672276020050049, 0.28500306606292725]"
1,centroid,1,162,Gemini,Gemini,"[""Gemini"", ""Xtreme"", ""Trius"", ""Braga"", ""Vega""]","[0.9431232810020447, 0.7171629071235657, 0.2059721052646637, 0.13458336889743805, 0.11283133924007416]"
1,centroid,1,163,Gemini,Denom,"[""Denom"", ""Ilias"", ""Nivalis"", ""Xtreme"", ""Velorum""]","[0.53659987449646, 0.4518973231315613, 0.40948405861854553, 0.3687823414802551, 0.3133661150932312]"
1,centroid,1,164,Gemini,Gemini,"[""Gemini"", ""Alaris"", ""Vega"", ""Trius"", ""Ilias""]","[0.4567902684211731, 0.41466236114501953, 0.3318232595920563, 0.2899879217147827, 0.14755785465240479]"
1,centroid,1,165,Gemini,Gemini,"[""Gemini"", ""Xtreme"", ""Vega"", ""Hawk"", ""Braga""]","[0.8522026538848877, 0.535902202129364, 0.38813573122024536, 0.07105222344398499, -0.02266082540154457]"
1,centroid,1,166,Gemini,Gemini,"[""Gemini"", ""Xtreme"", ""Triton"", ""Trius"", ""Mytikas""]","[0.7628093957901001, 0.5627207159996033, 0.47341054677963257, 0.42841148376464844, 0.3434861898422241]"
1,centroid,1,167,Gemini,Gemini,"[""Gemini"", ""Trius"", ""Braga"", ""Triton"", ""Xtreme""]","[0.581067681312561, 0.5056765675544739, 0.38264867663383484, 0.3192044496536255, 0.2629777789115906]"
1,centroid,1,168,Gemini,Gemini,"[""Gemini"", ""Trius"", ""Xtreme"", ""Vega"", ""Denom""]","[0.725710391998291, 0.395548939704895, 0.26484426856040955, 0.20782630145549774, 0.16936075687408447]"
1,centroid,1,169,Gemini,Gemini,"[""Gemini"", ""Xtreme"", ""Trius"", ""Braga"", ""Vega""]","[0.8550801277160645, 0.57433021068573, 0.46283191442489624, 0.41451698541641235, 0.37497907876968384]"
1,centroid,1,170,Gemini,Gemini,"[""Gemini"", ""Braga"", ""Trius"", ""Xtreme"", ""Vega""]","[0.759721040725708, 0.5369000434875488, 0.5113791823387146, 0.496969997882843, 0.40478527545928955]"
1,centroid,1,171,Gemini,Gemini,"[""Gemini"", ""Triton"", ""Braga"", ""Xtreme"", ""Mytikas""]","[0.7096587419509888, 0.5649544596672058, 0.5244801044464111, 0.5203254818916321, 0.4861675798892975]"
1,centroid,1,172,Gemini,Gemini,"[""Gemini"", ""Xtreme"", ""Trius"", ""Braga"", ""Triton""]","[0.943205714225769, 0.6191520690917969, 0.4182422459125519, 0.3611661195755005, 0.2552416920661926]"
1,centroid,1,173,Gemini,Gemini,"[""Gemini"", ""Trius"", ""Vega"", ""Braga"", ""Alaris""]","[0.6780716180801392, 0.5846002697944641, 0.509912371635437, 0.5008776187896729, 0.46218377351760864]"
1,centroid,1,174,Gemini,Gemini,"[""Gemini"", ""Xtreme"", ""Vega"", ""Hawk"", ""Trius""]","[0.8753580451011658, 0.4669301509857178, 0.3354465961456299, 0.17109593749046326, 0.11814459413290024]"
1,centroid,1,175,Gemini,Trius,"[""Trius"", ""Gemini"", ""Mytikas"", ""Alaris"", ""Braga""]","[0.6942233443260193, 0.5846058130264282, 0.5187018513679504, 0.46661171317100525, 0.4577057361602783]"
1,centroid,1,176,Gemini,Gemini,"[""Gemini"", ""Vega"", ""Xtreme"", ""Braga"", ""Trius""]","[0.8168035745620728, 0.4359787702560425, 0.39644622802734375, 0.11252028495073318, 0.05392196774482727]"
1,centroid,1,177,Gemini,Gemini,"[""Gemini"", ""Xtreme"", ""Vega"", ""Trius"", ""Hawk""]","[0.7607277631759644, 0.34162840247154236, 0.317899227142334, 0.2940475344657898, 0.26541417837142944]"
1,centroid,1,178,Gemini,Gemini,"[""Gemini"", ""Xtreme"", ""Vega"", ""Hawk"", ""Alaris""]","[0.7983583807945251, 0.4531143307685852, 0.31309497356414795, 0.26996004581451416, 0.207615926861763]"
1,centroid,1,179,Gemini,Gemini,"[""Gemini"", ""Xtreme"", ""Vega"", ""Hawk"", ""Braga""]","[0.8432505130767822, 0.5787127614021301, 0.2549639344215393, 0.024927716702222824, -0.015847191214561462]"
1,centroid,1,180,Gemini,Gemini,"[""Gemini"", ""Xtreme"", ""Vega"", ""Trius"", ""Hawk""]","[0.9042626619338989, 0.39769405126571655, 0.3953433036804199, 0.1828751564025879, 0.16893421113491058]"
1,centroid,1,181,Gemini,Gemini,"[""Gemini"", ""Trius"", ""Braga"", ""Alaris"", ""Xtreme""]","[0.7173075675964355, 0.5602737665176392, 0.5221520066261292, 0.49846529960632324, 0.48564228415489197]"
1,centroid,1,182,Gemini,Gemini,"[""Gemini"", ""Xtreme"", ""Trius"", ""Braga"", ""Triton""]","[0.8934698700904846, 0.6722120046615601, 0.398078054189682, 0.30030640959739685, 0.17241409420967102]"
1,centroid,1,183,Gemini,Gemini,"[""Gemini"", ""Xtreme"", ""Vega"", ""Braga"", ""Hawk""]","[0.9034797549247742, 0.6062619686126709, 0.23628205060958862, 0.10084384679794312, 0.09214793890714645]"
1,centroid,1,184,Gemini,Gemini,"[""Gemini"", ""Xtreme"", ""Vega"", ""Trius"", ""Alaris""]","[0.898219108581543, 0.40776488184928894, 0.3440612852573395, 0.18165746331214905, 0.04206129536032677]"
1,centroid,1,185,Gemini,Gemini,"[""Gemini"", ""Xtreme"", ""Vega"", ""Braga"", ""Trius""]","[0.9210211634635925, 0.49176764488220215, 0.2722328305244446, 0.2019604742527008, 0.1950308382511139]"
1,centroid,1,186,Gemini,Gemini,"[""Gemini"", ""Xtreme"", ""Hawk"", ""Braga"", ""Vega""]","[0.8120498657226562, 0.7393226027488708, 0.18357348442077637, 0.17471474409103394, 0.043264005333185196]"
1,centroid,1,187,Gemini,Gemini,"[""Gemini"", ""Xtreme"", ""Vega"", ""Braga"", ""Trius""]","[0.9150460958480835, 0.717637836933136, 0.17910854518413544, 0.10555591434240341, 0.0916084498167038]"
1,centroid,1,188,Gemini,Gemini,"[""Gemini"", ""Vega"", ""Xtreme"", ""Braga"", ""Hawk""]","[0.7686057090759277, 0.48390841484069824, 0.4398331046104431, 0.21720652282238007, 0.2135692983865738]"
1,centroid,1,189,Hawk,Hawk,"[""Hawk"", ""Turbine"", ""Vega"", ""Braga"", ""Alaris""]","[0.9072706699371338, 0.5279268026351929, 0.5031861066818237, 0.47745901346206665, 0.35387635231018066]"
1,centroid,1,190,Hawk,Hawk,"[""Hawk"", ""Braga"", ""Vega"", ""Alcatras"", ""Turbine""]","[0.9162837862968445, 0.42460086941719055, 0.3688633143901825, 0.3175307810306549, 0.29931724071502686]"
1,centroid,1,191,Hawk,Hawk,"[""Hawk"", ""Alaris"", ""Alcatras"", ""Braga"", ""Vega""]","[0.8401716947555542, 0.5167123079299927, 0.4633524417877197, 0.43669721484184265, 0.3608018755912781]"
1,centroid,1,192,Hawk,Hawk,"[""Hawk"", ""Alaris"", ""Alcatras"", ""Braga"", ""Vega""]","[0.8625750541687012, 0.3555586636066437, 0.34009838104248047, 0.32486289739608765, 0.310874342918396]"
1,centroid,1,193,Hawk,Hawk,"[""Hawk"", ""Vega"", ""Braga"", ""Turbine"", ""Alaris""]","[0.9219844341278076, 0.45562469959259033, 0.26118311285972595, 0.24285957217216492, 0.21563972532749176]"
1,centroid,1,194,Hawk,Hawk,"[""Hawk"", ""Turbine"", ""Braga"", ""Vega"", ""Castor""]","[0.851914644241333, 0.6125962734222412, 0.42589420080184937, 0.3781846761703491, 0.1515190601348877]"
1,centroid,1,195,Hawk,Hawk,"[""Hawk"", ""Turbine"", ""Vega"", ""Braga"", ""Alaris""]","[0.7545245289802551, 0.7387936115264893, 0.5986000299453735, 0.5146024823188782, 0.44652682542800903]"
1,centroid,1,196,Hawk,Gemini,"[""Gemini"", ""Hawk"", ""Vega"", ""Braga"", ""Xtreme""]","[0.60969477891922, 0.6013553142547607, 0.484144926071167, 0.4104151129722595, 0.36993837356567383]"
1,centroid,1,197,Hawk,Hawk,"[""Hawk"", ""Braga"", ""Vega"", ""Alaris"", ""Mytikas""]","[0.7710808515548706, 0.6390402317047119, 0.4537464678287506, 0.29401278495788574, 0.2876768708229065]"
1,centroid,1,198,Hawk,Hawk,"[""Hawk"", ""Vega"", ""Turbine"", ""Alaris"", ""Alcatras""]","[0.8753889799118042, 0.6122115254402161, 0.4832581877708435, 0.28842493891716003, 0.18989986181259155]"
1,centroid,1,199,Hawk,Hawk,"[""Hawk"", ""Braga"", ""Turbine"", ""Alcatras"", ""Vega""]","[0.8845762014389038, 0.33934709429740906, 0.3014618754386902, 0.290313184261322, 0.24780268967151642]"
1,centroid,1,200,Hawk,Hawk,"[""Hawk"", ""Alaris"", ""Vega"", ""Turbine"", ""Braga""]","[0.9107383489608765, 0.4626079201698303, 0.4422411024570465, 0.3463304042816162, 0.32838723063468933]"
1,centroid,1,201,Hawk,Hawk,"[""Hawk"", ""Velorum"", ""Ilias"", ""Ratikon"", ""Nivalis""]","[0.5358039140701294, 0.5015116930007935, 0.3964320719242096, 0.29349374771118164, 0.2527332305908203]"
1,centroid,1,202,Hawk,Hawk,"[""Hawk"", ""Turbine"", ""Alaris"", ""Vega"", ""Alcatras""]","[0.914687991142273, 0.5278180241584778, 0.4842955470085144, 0.4318094253540039, 0.3710508942604065]"
1,centroid,1,203,Hawk,Hawk,"[""Hawk"", ""Braga"", ""Turbine"", ""Alaris"", ""Vega""]","[0.9456079602241516, 0.4377530813217163, 0.39824819564819336, 0.379771888256073, 0.33035776019096375]"
1,centroid,1,204,Hawk,Hawk,"[""Hawk"", ""Alaris"", ""Alcatras"", ""Braga"", ""Turbine""]","[0.8271908164024353, 0.6484806537628174, 0.4814453721046448, 0.4154049754142761, 0.3881957530975342]"
1,centroid,1,205,Hawk,Braga,"[""Braga"", ""Hawk"", ""Castor"", ""Turbine"", ""Mytikas""]","[0.7846527099609375, 0.6639673709869385, 0.6098257303237915, 0.6012042760848999, 0.582478404045105]"
1,centroid,1,206,Hawk,Hawk,"[""Hawk"", ""Braga"", ""Turbine"", ""Vega"", ""Mytikas""]","[0.8509804010391235, 0.563068687915802, 0.351121723651886, 0.3133271336555481, 0.26005008816719055]"
1,centroid,1,207,Hawk,Hawk,"[""Hawk"", ""Turbine"", ""Braga"", ""Vega"", ""Gemini""]","[0.7807514667510986, 0.5352223515510559, 0.47410476207733154, 0.3466806411743164, 0.2120719701051712]"
1,centroid,1,208,Hawk,Hawk,"[""Hawk"", ""Vega"", ""Turbine"", ""Braga"", ""Alaris""]","[0.9414033889770508, 0.504881739616394, 0.44035816192626953, 0.3377562463283539, 0.3339370787143707]"
1,centroid,1,209,Hawk,Hawk,"[""Hawk"", ""Alaris"", ""Vega"", ""Turbine"", ""Braga""]","[0.8934173583984375, 0.42805615067481995, 0.37494736909866333, 0.32770252227783203, 0.23949025571346283]"
1,centroid,1,210,Hawk,Hawk,"[""Hawk"", ""Alaris"", ""Braga"", ""Alcatras"", ""Trius""]","[0.7426677346229553, 0.6203740239143372, 0.502496063709259, 0.4918862283229828, 0.43678396940231323]"
1,centroid,1,211,Hawk,Hawk,"[""Hawk"", ""Braga"", ""Alcatras"", ""Alaris"", ""Vega""]","[0.8390839099884033, 0.4542412757873535, 0.44216758012771606, 0.38934123516082764, 0.2649230659008026]"
1,centroid,1,212,Hawk,Hawk,"[""Hawk"", ""Vega"", ""Turbine"", ""Alaris"", ""Braga""]","[0.9267940521240234, 0.5227152109146118, 0.5182950496673584, 0.3813472390174866, 0.3098827004432678]"
1,centroid,1,213,Hawk,Hawk,"[""Hawk"", ""Alaris"", ""Turbine"", ""Alcatras"", ""Braga""]","[0.9394671320915222, 0.4972485601902008, 0.46442854404449463, 0.46287858486175537, 0.358053982257843]"
1,centroid,1,214,Hawk,Hawk,"[""Hawk"", ""Turbine"", ""Braga"", ""Vega"", ""Alaris""]","[0.8116843104362488, 0.5435043573379517, 0.48463842272758484, 0.46682894229888916, 0.33248019218444824]"
1,centroid,1,215,Ilias,Ilias,"[""Ilias"", ""Ratikon"", ""Denom"", ""Nivalis"", ""Gemini""]","[0.8358761072158813, 0.6726672649383545, 0.500735342502594, 0.36627328395843506, 0.19735166430473328]"
1,centroid,1,216,Ilias,Ilias,"[""Ilias"", ""Ratikon"", ""Denom"", ""Velorum"", ""Nivalis""]","[0.9228349924087524, 0.7254841327667236, 0.5366169214248657, 0.5063520669937134, 0.4218762516975403]"
1,centroid,1,217,Ilias,Ilias,"[""Ilias"", ""Ratikon"", ""Velorum"", ""Nivalis"", ""Denom""]","[0.9384435415267944, 0.7865421772003174, 0.6286005973815918, 0.5874755382537842, 0.5674116611480713]"
1,centroid,1,218,Ilias,Ilias,"[""Ilias"", ""Ratikon"", ""Velorum"", ""Nivalis"", ""Triton""]","[0.8111664056777954, 0.5747913122177124, 0.5746674537658691, 0.5320404767990112, 0.49582988023757935]"
1,centroid,1,219,Ilias,Ilias,"[""Ilias"", ""Denom"", ""Ratikon"", ""Velorum"", ""Nivalis""]","[0.8012752532958984, 0.7531424760818481, 0.7434209585189819, 0.6986951231956482, 0.578364908695221]"
1,centroid,1,220,Ilias,Ilias,"[""Ilias"", ""Velorum"", ""Denom"", ""Ratikon"", ""Triton""]","[0.7811083793640137, 0.6565031409263611, 0.5716979503631592, 0.5713188648223877, 0.5035400986671448]"
1,centroid,1,221,Ilias,Ilias,"[""Ilias"", ""Denom"", ""Ratikon"", ""Nivalis"", ""Velorum""]","[0.9219275712966919, 0.7423838376998901, 0.7333325743675232, 0.6339421272277832, 0.5486308336257935]"
1,centroid,1,222,Ilias,Ilias,"[""Ilias"", ""Ratikon"", ""Denom"", ""Velorum"", ""Nivalis""]","[0.7988783717155457, 0.7443230152130127, 0.6892818212509155, 0.6642972826957703, 0.5421319007873535]"
1,centroid,1,223,Ilias,Ilias,"[""Ilias"", ""Ratikon"", ""Nivalis"", ""Denom"", ""Velorum""]","[0.8261316418647766, 0.6714571714401245, 0.537391722202301, 0.49785295128822327, 0.4919849932193756]"
1,centroid,1,224,Ilias,Ilias,"[""Ilias"", ""Denom"", ""Ratikon"", ""Nivalis"", ""Velorum""]","[0.86363685131073, 0.8437783718109131, 0.8311474919319153, 0.7077482342720032, 0.6314078569412231]"
1,centroid,1,225,Ilias,Ilias,"[""Ilias"", ""Ratikon"", ""Denom"", ""Velorum"", ""Nivalis""]","[0.9565116167068481, 0.7049864530563354, 0.5876235365867615, 0.5036773085594177, 0.462469220161438]"
1,centroid,1,226,Ilias,Nivalis,"[""Nivalis"", ""Ratikon"", ""Denom"", ""Ilias"", ""Velorum""]","[0.8519774079322815, 0.8331219553947449, 0.7838645577430725, 0.7805212736129761, 0.5917887687683105]"
1,centroid,1,227,Ilias,Ilias,"[""Ilias"", ""Denom"", ""Ratikon"", ""Velorum"", ""Nivalis""]","[0.8906888961791992, 0.7674551010131836, 0.7514039278030396, 0.6746529340744019, 0.6468022465705872]"
1,centroid,1,228,Ilias,Ilias,"[""Ilias"", ""Ratikon"", ""Denom"", ""Nivalis"", ""Velorum""]","[0.8507204055786133, 0.738872766494751, 0.7184727191925049, 0.6787242889404297, 0.2667791247367859]"
1,centroid,1,229,Ilias,Ilias,"[""Ilias"", ""Denom"", ""Ratikon"", ""Velorum"", ""Nivalis""]","[0.866633415222168, 0.7679466009140015, 0.7397211790084839, 0.7338882684707642, 0.6524757146835327]"
1,centroid,1,230,Ilias,Denom,"[""Denom"", ""Ratikon"", ""Ilias"", ""Nivalis"", ""Velorum""]","[0.8309974670410156, 0.8184922933578491, 0.8079942464828491, 0.6652369499206543, 0.34868407249450684]"
1,centroid,1,231,Ilias,Ilias,"[""Ilias"", ""Ratikon"", ""Velorum"", ""Triton"", ""Denom""]","[0.8295627236366272, 0.636414110660553, 0.6323051452636719, 0.49950748682022095, 0.49302247166633606]"
1,centroid,1,232,Ilias,Ilias,"[""Ilias"", ""Ratikon"", ""Denom"", ""Velorum"", ""Nivalis""]","[0.9389082193374634, 0.7744055986404419, 0.67024827003479, 0.6541186571121216, 0.6412340998649597]"
1,centroid,1,233,Ilias,Ilias,"[""Ilias"", ""Trius"", ""Denom"", ""Velorum"", ""Ratikon""]","[0.6346356868743896, 0.6297041177749634, 0.5594876408576965, 0.555071234703064, 0.45992475748062134]"
1,centroid,1,234,Ilias,Ilias,"[""Ilias"", ""Velorum"", ""Ratikon"", ""Denom"", ""Nivalis""]","[0.8247359991073608, 0.7532426118850708, 0.707531213760376, 0.5971502065658569, 0.4923315644264221]"
1,centroid,1,235,Ilias,Ilias,"[""Ilias"", ""Ratikon"", ""Denom"", ""Velorum"", ""Nivalis""]","[0.9271746873855591, 0.6443197727203369, 0.6369113922119141, 0.6116649508476257, 0.4969879984855652]"
1,centroid,1,236,Ilias,Ilias,"[""Ilias"", ""Ratikon"", ""Denom"", ""Nivalis"", ""Velorum""]","[0.8887249231338501, 0.749386727809906, 0.6604692935943604, 0.5746141672134399, 0.36569467186927795]"
1,centroid,1,237,Ilias,Ilias,"[""Ilias"", ""Ratikon"", ""Denom"", ""Velorum"", ""Nivalis""]","[0.9508930444717407, 0.7524247169494629, 0.7070400714874268, 0.6519471406936646, 0.5611711740493774]"
1,centroid,1,238,Ilias,Ilias,"[""Ilias"", ""Velorum"", ""Ratikon"", ""Denom"", ""Nivalis""]","[0.9313392639160156, 0.7167828679084778, 0.7030161619186401, 0.5845573544502258, 0.4687923192977905]"
1,centroid,1,239,Ilias,Ratikon,"[""Ratikon"", ""Ilias"", ""Velorum"", ""Nivalis"", ""Denom""]","[0.7849429845809937, 0.783461332321167, 0.7297315001487732, 0.6921389102935791, 0.6863903999328613]"
1,centroid,1,240,Ilias,Ilias,"[""Ilias"", ""Ratikon"", ""Velorum"", ""Denom"", ""Nivalis""]","[0.910948634147644, 0.7588326930999756, 0.653835117816925, 0.5791324973106384, 0.574720561504364]"
1,centroid,1,241,Ilias,Ilias,"[""Ilias"", ""Ratikon"", ""Denom"", ""Triton"", ""Velorum""]","[0.6804019212722778, 0.6298283934593201, 0.5876305103302002, 0.5632253885269165, 0.5063732862472534]"
1,centroid,1,242,Ilias,Ilias,"[""Ilias"", ""Ratikon"", ""Velorum"", ""Denom"", ""Nivalis""]","[0.9050983190536499, 0.6781367063522339, 0.6424609422683716, 0.5659441947937012, 0.5383433699607849]"
1,centroid,1,243,Ilias,Ilias,"[""Ilias"", ""Ratikon"", ""Velorum"", ""Denom"", ""Nivalis""]","[0.9018148183822632, 0.7402346134185791, 0.6744982600212097, 0.5682451725006104, 0.5206892490386963]"
1,centroid,1,244,Mytikas,Mytikas,"[""Mytikas"", ""Triton"", ""Trius"", ""Velorum"", ""Braga""]","[0.7822849154472351, 0.7682235240936279, 0.47469809651374817, 0.45830273628234863, 0.3977980613708496]"
1,centroid,1,245,Mytikas,Mytikas,"[""Mytikas"", ""Triton"", ""Trius"", ""Braga"", ""Gemini""]","[0.7198439240455627, 0.6568518280982971, 0.6538198590278625, 0.518384575843811, 0.31113311648368835]"
1,centroid,1,246,Mytikas,Mytikas,"[""Mytikas"", ""Trius"", ""Braga"", ""Gemini"", ""Vega""]","[0.6491953134536743, 0.46417099237442017, 0.4612286388874054, 0.3942981958389282, 0.2908664345741272]"
1,centroid,1,247,Mytikas,Mytikas,"[""Mytikas"", ""Gemini"", ""Trius"", ""Braga"", ""Vega""]","[0.6008614301681519, 0.46434491872787476, 0.41314876079559326, 0.40178003907203674, 0.3671640157699585]"
1,centroid,1,248,Mytikas,Mytikas,"[""Mytikas"", ""Triton"", ""Braga"", ""Castor"", ""Alcatras""]","[0.8358872532844543, 0.7482341527938843, 0.7372299432754517, 0.7169700264930725, 0.6926456689834595]"
1,centroid,1,249,Mytikas,Mytikas,"[""Mytikas"", ""Triton"", ""Braga"", ""Castor"", ""Trius""]","[0.9254103302955627, 0.6670961380004883, 0.5103926658630371, 0.4593281149864197, 0.413840115070343]"
1,centroid,1,250,Mytikas,Mytikas,"[""Mytikas"", ""Castor"", ""Velorum"", ""Triton"", ""Steel_Wheel""]","[0.6818382740020752, 0.6238097548484802, 0.37765374779701233, 0.36530163884162903, 0.32429611682891846]"
1,centroid,1,251,Mytikas,Mytikas,"[""Mytikas"", ""Triton"", ""Ilias"", ""Castor"", ""Ratikon""]","[0.8430603742599487, 0.66974937915802, 0.3857753276824951, 0.34364521503448486, 0.3162655830383301]"
1,centroid,1,252,Mytikas,Trius,"[""Trius"", ""Mytikas"", ""Alcatras"", ""Braga"", ""Alaris""]","[0.6921075582504272, 0.5986171960830688, 0.5071612596511841, 0.4780086874961853, 0.4695829451084137]"
1,centroid,1,253,Mytikas,Mytikas,"[""Mytikas"", ""Triton"", ""Alcatras"", ""Trius"", ""Castor""]","[0.8637737035751343, 0.8207309246063232, 0.7292308807373047, 0.6053301692008972, 0.5829876065254211]"
1,centroid,1,254,Mytikas,Triton,"[""Triton"", ""Mytikas"", ""Alcatras"", ""Castor"", ""Braga""]","[0.8875120878219604, 0.7361292243003845, 0.6949270963668823, 0.6945978403091431, 0.5919893980026245]"
1,centroid,1,255,Mytikas,Mytikas,"[""Mytikas"", ""Triton"", ""Alcatras"", ""Braga"", ""Castor""]","[0.9201514720916748, 0.6593219041824341, 0.6535465717315674, 0.5727040767669678, 0.5628069639205933]"
1,centroid,1,256,Mytikas,Triton,"[""Triton"", ""Mytikas"", ""Turbine"", ""Braga"", ""Trius""]","[0.7296336889266968, 0.6015313863754272, 0.5763386487960815, 0.5351225137710571, 0.49042969942092896]"
1,centroid,1,257,Mytikas,Mytikas,"[""Mytikas"", ""Triton"", ""Braga"", ""Vega"", ""Trius""]","[0.6798110604286194, 0.47619107365608215, 0.4667831361293793, 0.40371620655059814, 0.34104740619659424]"
1,centroid,1,258,Mytikas,Mytikas,"[""Mytikas"", ""Alcatras"", ""Triton"", ""Braga"", ""Turbine""]","[0.8164721727371216, 0.7002009153366089, 0.6270129084587097, 0.6257244348526001, 0.5154934525489807]"
1,centroid,1,259,Mytikas,Mytikas,"[""Mytikas"", ""Triton"", ""Alcatras"", ""Trius"", ""Hawk""]","[0.8492141366004944, 0.5900532007217407, 0.47594261169433594, 0.4362989664077759, 0.37902969121932983]"
1,centroid,1,260,Mytikas,Mytikas,"[""Mytikas"", ""Triton"", ""Alcatras"", ""Trius"", ""Velorum""]","[0.7833651304244995, 0.4769788682460785, 0.3441801071166992, 0.3362564444541931, 0.3203643560409546]"
1,centroid,1,261,Mytikas,Triton,"[""Triton"", ""Mytikas"", ""Castor"", ""Braga"", ""Alcatras""]","[0.7013730406761169, 0.6945895552635193, 0.6207624673843384, 0.5622075200080872, 0.5386064648628235]"
1,centroid,1,262,Mytikas,Mytikas,"[""Mytikas"", ""Trius"", ""Triton"", ""Braga"", ""Alcatras""]","[0.8123835325241089, 0.4322834610939026, 0.4308561086654663, 0.4302710294723511, 0.2956725060939789]"
1,centroid,1,263,Mytikas,Mytikas,"[""Mytikas"", ""Castor"", ""Alcatras"", ""Triton"", ""Braga""]","[0.8952822685241699, 0.7180547714233398, 0.6846901774406433, 0.6502974033355713, 0.45637768507003784]"
1,centroid,1,264,Mytikas,Mytikas,"[""Mytikas"", ""Alcatras"", ""Castor"", ""Triton"", ""Braga""]","[0.8512880802154541, 0.6406190395355225, 0.5655142664909363, 0.5503485202789307, 0.43559885025024414]"
1,centroid,1,265,Mytikas,Trius,"[""Trius"", ""Triton"", ""Mytikas"", ""Castor"", ""Braga""]","[0.7491424083709717, 0.7122950553894043, 0.6943258047103882, 0.4008350372314453, 0.3965306282043457]"
1,centroid,1,266,Mytikas,Mytikas,"[""Mytikas"", ""Triton"", ""Alcatras"", ""Castor"", ""Velorum""]","[0.8870553970336914, 0.6431124210357666, 0.49372756481170654, 0.471408486366272, 0.36825624108314514]"
1,centroid,1,267,Mytikas,Triton,"[""Triton"", ""Mytikas"", ""Trius"", ""Braga"", ""Alcatras""]","[0.8803390264511108, 0.8599674105644226, 0.5667209625244141, 0.5205850005149841, 0.468725323677063]"
1,centroid,1,268,Mytikas,Mytikas,"[""Mytikas"", ""Triton"", ""Alcatras"", ""Braga"", ""Castor""]","[0.8521475791931152, 0.7088949680328369, 0.5965017080307007, 0.5069754719734192, 0.45924872159957886]"
1,centroid,1,269,Mytikas,Mytikas,"[""Mytikas"", ""Triton"", ""Castor"", ""Alcatras"", ""Braga""]","[0.715743899345398, 0.6031146049499512, 0.5906457901000977, 0.5282666683197021, 0.46627044677734375]"
1,centroid,1,270,Mytikas,Mytikas,"[""Mytikas"", ""Triton"", ""Braga"", ""Xtreme"", ""Alcatras""]","[0.7663794755935669, 0.496197909116745, 0.4801120162010193, 0.4573867917060852, 0.37925219535827637]"
1,centroid,1,271,Mytikas,Mytikas,"[""Mytikas"", ""Triton"", ""Alcatras"", ""Braga"", ""Castor""]","[0.8598151803016663, 0.6923438310623169, 0.6152777671813965, 0.5275317430496216, 0.503200888633728]"
1,centroid,1,272,Nivalis,Nivalis,"[""Nivalis"", ""Ratikon"", ""Denom"", ""Ilias"", ""Velorum""]","[0.9092487096786499, 0.5967240333557129, 0.5142038464546204, 0.46395671367645264, 0.3106529116630554]"
1,centroid,1,273,Nivalis,Denom,"[""Denom"", ""Nivalis"", ""Ratikon"", ""Ilias"", ""Velorum""]","[0.8676174879074097, 0.7702678442001343, 0.6933894157409668, 0.49048322439193726, 0.30482587218284607]"
1,centroid,1,274,Nivalis,Denom,"[""Denom"", ""Ratikon"", ""Nivalis"", ""Ilias"", ""Velorum""]","[0.7943159341812134, 0.7906382083892822, 0.7774717211723328, 0.606021523475647, 0.5859792232513428]"
1,centroid,1,275,Nivalis,Nivalis,"[""Nivalis"", ""Ratikon"", ""Denom"", ""Ilias"", ""Velorum""]","[0.9259804487228394, 0.6225690841674805, 0.6114205121994019, 0.4984498620033264, 0.43165165185928345]"
1,centroid,1,276,Nivalis,Nivalis,"[""Nivalis"", ""Denom"", ""Ratikon"", ""Velorum"", ""Ilias""]","[0.9345664978027344, 0.7838807106018066, 0.7050895690917969, 0.6020740270614624, 0.591810941696167]"
1,centroid,1,277,Nivalis,Nivalis,"[""Nivalis"", ""Ratikon"", ""Denom"", ""Ilias"", ""Velorum""]","[0.8248403072357178, 0.8189265131950378, 0.8126803636550903, 0.6823818683624268, 0.4576050043106079]"
1,centroid,1,278,Nivalis,Nivalis,"[""Nivalis"", ""Velorum"", ""Denom"", ""Ratikon"", ""Steel_Wheel""]","[0.7517359256744385, 0.44082576036453247, 0.3817453980445862, 0.24038921296596527, 0.09689459949731827]"
1,centroid,1,279,Nivalis,Denom,"[""Denom"", ""Ratikon"", ""Nivalis"", ""Ilias"", ""Velorum""]","[0.8807829022407532, 0.8510277271270752, 0.8300686478614807, 0.6736057996749878, 0.5299772024154663]"
1,centroid,1,280,Nivalis,Nivalis,"[""Nivalis"", ""Velorum"", ""Denom"", ""Ratikon"", ""Ilias""]","[0.8602533936500549, 0.6270281076431274, 0.6101882457733154, 0.5343410968780518, 0.40330106019973755]"
1,centroid,1,281,Nivalis,Nivalis,"[""Nivalis"", ""Denom"", ""Ratikon"", ""Ilias"", ""Velorum""]","[0.9260109663009644, 0.5917524099349976, 0.5844974517822266, 0.48554176092147827, 0.288276731967926]"
1,centroid,1,282,Nivalis,Ratikon,"[""Ratikon"", ""Denom"", ""Nivalis"", ""Ilias"", ""Velorum""]","[0.9133450984954834, 0.8408719301223755, 0.7879179120063782, 0.6910150647163391, 0.40022313594818115]"
1,centroid,1,283,Nivalis,Nivalis,"[""Nivalis"", ""Denom"", ""Ilias"", ""Ratikon"", ""Velorum""]","[0.8889404535293579, 0.7548259496688843, 0.7050315141677856, 0.6965974569320679, 0.5751308798789978]"
1,centroid,1,284,Nivalis,Nivalis,"[""Nivalis"", ""Denom"", ""Ratikon"", ""Ilias"", ""Velorum""]","[0.8522593975067139, 0.4872395098209381, 0.4469428062438965, 0.41434019804000854, 0.3169364333152771]"
1,centroid,1,285,Nivalis,Nivalis,"[""Nivalis"", ""Velorum"", ""Denom"", ""Ratikon"", ""Ilias""]","[0.6551272869110107, 0.32262903451919556, 0.2906148433685303, 0.2511913776397705, 0.20192894339561462]"
1,centroid,1,286,Nivalis,Nivalis,"[""Nivalis"", ""Velorum"", ""Denom"", ""Ilias"", ""Ratikon""]","[0.7617465257644653, 0.7224677801132202, 0.5992162227630615, 0.5651997327804565, 0.4690358340740204]"
1,centroid,1,287,Nivalis,Nivalis,"[""Nivalis"", ""Denom"", ""Ilias"", ""Velorum"", ""Ratikon""]","[0.7933107614517212, 0.4839162528514862, 0.3959871530532837, 0.3816869854927063, 0.3731486201286316]"
1,centroid,1,288,Nivalis,Ratikon,"[""Ratikon"", ""Denom"", ""Nivalis"", ""Ilias"", ""Velorum""]","[0.880833625793457, 0.8333008289337158, 0.8177345395088196, 0.6445733308792114, 0.3055145740509033]"
1,centroid,1,289,Nivalis,Nivalis,"[""Nivalis"", ""Denom"", ""Ratikon"", ""Ilias"", ""Velorum""]","[0.9004638195037842, 0.8371692299842834, 0.7475754022598267, 0.5166269540786743, 0.48176711797714233]"
1,centroid,1,290,Nivalis,Denom,"[""Denom"", ""Nivalis"", ""Ratikon"", ""Ilias"", ""Velorum""]","[0.8366813063621521, 0.8268416523933411, 0.7732330560684204, 0.7193426489830017, 0.6570130586624146]"
1,centroid,1,291,Nivalis,Nivalis,"[""Nivalis"", ""Denom"", ""Ratikon"", ""Ilias"", ""Velorum""]","[0.8362385034561157, 0.815521240234375, 0.7879505157470703, 0.7399663329124451, 0.6732885837554932]"
1,centroid,1,292,Nivalis,Nivalis,"[""Nivalis"", ""Ilias"", ""Denom"", ""Ratikon"", ""Gemini""]","[0.7108631730079651, 0.527594268321991, 0.47380098700523376, 0.4424743056297302, 0.23472100496292114]"
1,centroid,1,293,Nivalis,Nivalis,"[""Nivalis"", ""Denom"", ""Ratikon"", ""Velorum"", ""Ilias""]","[0.8407463431358337, 0.46646445989608765, 0.3860916495323181, 0.3776649832725525, 0.33393436670303345]"
1,centroid,1,294,Ratikon,Denom,"[""Denom"", ""Ratikon"", ""Nivalis"", ""Ilias"", ""Velorum""]","[0.8026453852653503, 0.7915627360343933, 0.77821946144104, 0.5820918083190918, 0.12989795207977295]"
1,centroid,1,295,Ratikon,Ratikon,"[""Ratikon"", ""Ilias"", ""Denom"", ""Nivalis"", ""Vega""]","[0.8493654131889343, 0.6289554834365845, 0.6270521879196167, 0.5524133443832397, 0.15282410383224487]"
1,centroid,1,296,Ratikon,Ratikon,"[""Ratikon"", ""Ilias"", ""Denom"", ""Nivalis"", ""Velorum""]","[0.9113913774490356, 0.8252663612365723, 0.6662427186965942, 0.4647376537322998, 0.39895135164260864]"
1,centroid,1,297,Ratikon,Ratikon,"[""Ratikon"", ""Ilias"", ""Denom"", ""Nivalis"", ""Velorum""]","[0.9503836631774902, 0.8734757304191589, 0.7623465061187744, 0.621261477470398, 0.4574453830718994]"
1,centroid,1,298,Ratikon,Ratikon,"[""Ratikon"", ""Ilias"", ""Nivalis"", ""Denom"", ""Velorum""]","[0.8412890434265137, 0.5791522860527039, 0.5719159841537476, 0.5265732407569885, 0.23538222908973694]"
1,centroid,1,299,Ratikon,Ratikon,"[""Ratikon"", ""Denom"", ""Ilias"", ""Nivalis"", ""Velorum""]","[0.9002714157104492, 0.603692352771759, 0.5926066637039185, 0.52088463306427, 0.19116103649139404]"
1,centroid,1,300,Ratikon,Ratikon,"[""Ratikon"", ""Denom"", ""Ilias"", ""Nivalis"", ""Velorum""]","[0.8563427329063416, 0.8546214699745178, 0.8185925483703613, 0.6417502164840698, 0.3277830481529236]"
1,centroid,1,301,Ratikon,Ratikon,"[""Ratikon"", ""Denom"", ""Nivalis"", ""Ilias"", ""Velorum""]","[0.8647015690803528, 0.7631118893623352, 0.6827189922332764, 0.5734430551528931, 0.046380266547203064]"
1,centroid,1,302,Ratikon,Ratikon,"[""Ratikon"", ""Nivalis"", ""Ilias"", ""Denom"", ""Velorum""]","[0.9279587864875793, 0.8172160387039185, 0.7971677184104919, 0.7871918678283691, 0.6145695447921753]"
1,centroid,1,303,Ratikon,Ratikon,"[""Ratikon"", ""Denom"", ""Ilias"", ""Nivalis"", ""Velorum""]","[0.9085208177566528, 0.8154202699661255, 0.6470593214035034, 0.6118265390396118, 0.3742862343788147]"
1,centroid,1,304,Ratikon,Ratikon,"[""Ratikon"", ""Denom"", ""Nivalis"", ""Ilias"", ""Velorum""]","[0.9489074945449829, 0.842318058013916, 0.7355848550796509, 0.7042827606201172, 0.3002461791038513]"
1,centroid,1,305,Ratikon,Ratikon,"[""Ratikon"", ""Denom"", ""Ilias"", ""Velorum"", ""Nivalis""]","[0.6280819177627563, 0.6100484132766724, 0.5834938287734985, 0.5608954429626465, 0.3414941132068634]"
1,centroid,1,306,Ratikon,Ratikon,"[""Ratikon"", ""Ilias"", ""Denom"", ""Nivalis"", ""Velorum""]","[0.9137932658195496, 0.7949284315109253, 0.7767637372016907, 0.610511302947998, 0.23024585843086243]"
1,centroid,1,307,Ratikon,Ratikon,"[""Ratikon"", ""Ilias"", ""Denom"", ""Nivalis"", ""Velorum""]","[0.8776088356971741, 0.6485532522201538, 0.631524920463562, 0.5642361640930176, 0.4024491310119629]"
1,centroid,1,308,Ratikon,Denom,"[""Denom"", ""Ratikon"", ""Nivalis"", ""Ilias"", ""Velorum""]","[0.846773087978363, 0.8350178003311157, 0.6917513608932495, 0.5848053097724915, 0.4331454932689667]"
1,centroid,1,309,Ratikon,Ratikon,"[""Ratikon"", ""Ilias"", ""Nivalis"", ""Denom"", ""Velorum""]","[0.9467499852180481, 0.8269845247268677, 0.6874609589576721, 0.6778781414031982, 0.47592607140541077]"
1,centroid,1,310,Ratikon,Ratikon,"[""Ratikon"", ""Denom"", ""Ilias"", ""Nivalis"", ""Velorum""]","[0.8759766221046448, 0.7604161500930786, 0.7051033973693848, 0.6640498638153076, 0.1958971619606018]"
1,centroid,1,311,Ratikon,Ratikon,"[""Ratikon"", ""Denom"", ""Ilias"", ""Nivalis"", ""Velorum""]","[0.9626020789146423, 0.7885862588882446, 0.7228020429611206, 0.7045103907585144, 0.29893121123313904]"
1,centroid,1,312,Ratikon,Ratikon,"[""Ratikon"", ""Nivalis"", ""Denom"", ""Ilias"", ""Velorum""]","[0.9086313247680664, 0.7682886719703674, 0.7169687747955322, 0.6610472202301025, 0.34841907024383545]"
1,centroid,1,313,Ratikon,Denom,"[""Denom"", ""Nivalis"", ""Ratikon"", ""Ilias"", ""Velorum""]","[0.8626599311828613, 0.834518551826477, 0.8096449375152588, 0.63544100522995, 0.43724921345710754]"
1,centroid,1,314,Ratikon,Ratikon,"[""Ratikon"", ""Denom"", ""Ilias"", ""Nivalis"", ""Velorum""]","[0.8840705752372742, 0.7654463052749634, 0.6385592222213745, 0.5748351216316223, 0.042508840560913086]"
1,centroid,1,315,Ratikon,Ratikon,"[""Ratikon"", ""Denom"", ""Ilias"", ""Nivalis"", ""Trius""]","[0.8293428421020508, 0.709631085395813, 0.5387904644012451, 0.4969503581523895, 0.2251725196838379]"
1,centroid,1,316,Ratikon,Ratikon,"[""Ratikon"", ""Denom"", ""Ilias"", ""Nivalis"", ""Velorum""]","[0.8491944074630737, 0.7211421728134155, 0.7142223119735718, 0.7106959223747253, 0.430411696434021]"
1,centroid,1,317,Ratikon,Ratikon,"[""Ratikon"", ""Denom"", ""Ilias"", ""Nivalis"", ""Velorum""]","[0.917770504951477, 0.8807356953620911, 0.8470240235328674, 0.6476967930793762, 0.4620184004306793]"
1,centroid,1,318,Ratikon,Ratikon,"[""Ratikon"", ""Denom"", ""Ilias"", ""Nivalis"", ""Velorum""]","[0.9192009568214417, 0.831596851348877, 0.8102132678031921, 0.6070031523704529, 0.432402104139328]"
1,centroid,1,319,Ratikon,Ratikon,"[""Ratikon"", ""Denom"", ""Nivalis"", ""Ilias"", ""Vega""]","[0.7919408082962036, 0.6680294275283813, 0.6146239042282104, 0.4506561756134033, 0.23933453857898712]"
1,centroid,1,320,Ratikon,Nivalis,"[""Nivalis"", ""Ratikon"", ""Denom"", ""Ilias"", ""Velorum""]","[0.820327639579773, 0.8066283464431763, 0.8031655550003052, 0.6283133625984192, 0.2568097710609436]"
1,centroid,1,321,Ratikon,Ratikon,"[""Ratikon"", ""Denom"", ""Ilias"", ""Nivalis"", ""Velorum""]","[0.8596725463867188, 0.7095649838447571, 0.6585171222686768, 0.5787208080291748, 0.12397535145282745]"
1,centroid,1,322,Steel_Wheel,Steel_Wheel,"[""Steel_Wheel"", ""Xtreme"", ""Nivalis"", ""Mytikas"", ""Denom""]","[0.9883238077163696, 0.15194222331047058, 0.07625515013933182, 0.03708454966545105, 0.02738262712955475]"
1,centroid,1,323,Steel_Wheel,Steel_Wheel,"[""Steel_Wheel"", ""Xtreme"", ""Denom"", ""Nivalis"", ""Velorum""]","[0.9566777944564819, 0.18457165360450745, 0.17067627608776093, 0.11114427447319031, 0.052186332643032074]"
1,centroid,1,324,Steel_Wheel,Steel_Wheel,"[""Steel_Wheel"", ""Mytikas"", ""Xtreme"", ""Nivalis"", ""Castor""]","[0.9589722156524658, 0.09958226978778839, 0.09668491780757904, 0.01881987415254116, -0.011201206594705582]"
1,centroid,1,325,Steel_Wheel,Steel_Wheel,"[""Steel_Wheel"", ""Xtreme"", ""Nivalis"", ""Vega"", ""Mytikas""]","[0.9384399652481079, 0.08060191571712494, 0.022629227489233017, -0.07690609991550446, -0.09213972091674805]"
1,centroid,1,326,Steel_Wheel,Steel_Wheel,"[""Steel_Wheel"", ""Denom"", ""Nivalis"", ""Ratikon"", ""Xtreme""]","[0.9472651481628418, 0.10938520729541779, 0.0993613749742508, 0.05929984152317047, 0.026428423821926117]"
1,centroid,1,327,Steel_Wheel,Steel_Wheel,"[""Steel_Wheel"", ""Xtreme"", ""Nivalis"", ""Ratikon"", ""Denom""]","[0.9552066326141357, 0.07886721193790436, 0.023159712553024292, -0.06112150475382805, -0.0814768373966217]"
1,centroid,1,328,Steel_Wheel,Steel_Wheel,"[""Steel_Wheel"", ""Nivalis"", ""Xtreme"", ""Velorum"", ""Denom""]","[0.9788817167282104, 0.13678711652755737, 0.09937916696071625, 0.05911786109209061, 0.0481056310236454]"
1,centroid,1,329,Steel_Wheel,Steel_Wheel,"[""Steel_Wheel"", ""Denom"", ""Ratikon"", ""Nivalis"", ""Ilias""]","[0.9500464200973511, 0.06948136538267136, 0.06806501746177673, 0.02282520942389965, 0.004354527220129967]"
1,centroid,1,330,Steel_Wheel,Steel_Wheel,"[""Steel_Wheel"", ""Mytikas"", ""Velorum"", ""Xtreme"", ""Nivalis""]","[0.9596131443977356, 0.16824352741241455, 0.0978345200419426, 0.06613701581954956, 0.06143362820148468]"
1,centroid,1,331,Steel_Wheel,Steel_Wheel,"[""Steel_Wheel"", ""Xtreme"", ""Velorum"", ""Mytikas"", ""Trius""]","[0.6147961616516113, 0.48595964908599854, 0.42221033573150635, 0.2904761731624603, 0.1967613846063614]"
1,centroid,1,332,Steel_Wheel,Steel_Wheel,"[""Steel_Wheel"", ""Nivalis"", ""Ratikon"", ""Xtreme"", ""Denom""]","[0.960302472114563, 0.09542800486087799, -0.006071355193853378, -0.014479972422122955, -0.01818942464888096]"
1,centroid,1,333,Steel_Wheel,Steel_Wheel,"[""Steel_Wheel"", ""Xtreme"", ""Velorum"", ""Nivalis"", ""Mytikas""]","[0.94831383228302, 0.21584104001522064, 0.1496729552745819, 0.12491891533136368, 0.028972066938877106]"
1,centroid,1,334,Steel_Wheel,Steel_Wheel,"[""Steel_Wheel"", ""Xtreme"", ""Nivalis"", ""Mytikas"", ""Velorum""]","[0.9572936296463013, 0.1376943290233612, 0.07977605611085892, 0.0492384247481823, -0.04507153481245041]"
1,centroid,1,335,Steel_Wheel,Steel_Wheel,"[""Steel_Wheel"", ""Xtreme"", ""Mytikas"", ""Castor"", ""Nivalis""]","[0.9213037490844727, 0.059974826872348785, 0.025436319410800934, 0.010478053241968155, -0.008956300094723701]"
1,centroid,1,336,Steel_Wheel,Steel_Wheel,"[""Steel_Wheel"", ""Denom"", ""Xtreme"", ""Ratikon"", ""Ilias""]","[0.9209803342819214, 0.14155611395835876, 0.09336397796869278, 0.0879300981760025, 0.0645025372505188]"
1,centroid,1,337,Steel_Wheel,Steel_Wheel,"[""Steel_Wheel"", ""Nivalis"", ""Velorum"", ""Xtreme"", ""Ilias""]","[0.9630827307701111, 0.155863955616951, 0.14952567219734192, 0.09514643996953964, 0.012550600804388523]"
1,centroid,1,338,Steel_Wheel,Steel_Wheel,"[""Steel_Wheel"", ""Xtreme"", ""Mytikas"", ""Nivalis"", ""Denom""]","[0.965907096862793, 0.1315026879310608, 0.11198948323726654, -0.006284693256020546, -0.0334760881960392]"
1,centroid,1,339,Steel_Wheel,Steel_Wheel,"[""Steel_Wheel"", ""Nivalis"", ""Velorum"", ""Ratikon"", ""Ilias""]","[0.9289869070053101, 0.1402093768119812, 0.1279928982257843, 0.10023558139801025, 0.06827493757009506]"
1,centroid,1,340,Steel_Wheel,Steel_Wheel,"[""Steel_Wheel"", ""Xtreme"", ""Nivalis"", ""Mytikas"", ""Denom""]","[0.9713096618652344, 0.1859876960515976, 0.03477683290839195, 0.029349975287914276, -0.040136486291885376]"
1,centroid,1,341,Steel_Wheel,Steel_Wheel,"[""Steel_Wheel"", ""Xtreme"", ""Nivalis"", ""Velorum"", ""Denom""]","[0.9807077646255493, 0.12808960676193237, 0.09104219824075699, 0.05345107242465019, 0.003601266071200371]"
1,centroid,1,342,Steel_Wheel,Steel_Wheel,"[""Steel_Wheel"", ""Nivalis"", ""Denom"", ""Velorum"", ""Ratikon""]","[0.9737578630447388, 0.10555391013622284, 0.04917526990175247, 0.043152108788490295, 0.02417406626045704]"
1,centroid,1,343,Steel_Wheel,Steel_Wheel,"[""Steel_Wheel"", ""Nivalis"", ""Velorum"", ""Xtreme"", ""Denom""]","[0.952907919883728, 0.14340674877166748, 0.11212094128131866, 0.037588149309158325, -0.005071287974715233]"
1,centroid,1,344,Steel_Wheel,Steel_Wheel,"[""Steel_Wheel"", ""Mytikas"", ""Xtreme"", ""Ratikon"", ""Ilias""]","[0.9303394556045532, 0.1264384388923645, 0.11427812278270721, 0.04693446680903435, 0.045572467148303986]"
1,centroid,1,345,Steel_Wheel,Steel_Wheel,"[""Steel_Wheel"", ""Xtreme"", ""Gemini"", ""Trius"", ""Denom""]","[0.8379950523376465, 0.43605726957321167, 0.19854168593883514, 0.14498113095760345, 0.13065963983535767]"
1,centroid,1,346,Steel_Wheel,Steel_Wheel,"[""Steel_Wheel"", ""Xtreme"", ""Mytikas"", ""Castor"", ""Trius""]","[0.9184179306030273, 0.1465221494436264, 0.10506927967071533, 0.09442970901727676, -0.08698780089616776]"
1,centroid,1,347,Steel_Wheel,Steel_Wheel,"[""Steel_Wheel"", ""Velorum"", ""Nivalis"", ""Mytikas"", ""Ilias""]","[0.9207391738891602, 0.18313419818878174, 0.05866468697786331, 0.041492946445941925, 0.03568694368004799]"
1,centroid,1,348,Steel_Wheel,Steel_Wheel,"[""Steel_Wheel"", ""Denom"", ""Ratikon"", ""Nivalis"", ""Velorum""]","[0.8988971710205078, 0.09716284275054932, 0.09456825256347656, 0.06270714849233627, 0.01629406027495861]"
1,centroid,1,349,Steel_Wheel,Steel_Wheel,"[""Steel_Wheel"", ""Denom"", ""Ratikon"", ""Nivalis"", ""Mytikas""]","[0.8960028290748596, 0.14205312728881836, 0.08431154489517212, 0.06434318423271179, 0.06271534413099289]"
1,centroid,1,350,Steel_Wheel,Steel_Wheel,"[""Steel_Wheel"", ""Denom"", ""Nivalis"", ""Xtreme"", ""Ratikon""]","[0.9651645421981812, 0.15491168200969696, 0.1408674120903015, 0.08227774500846863, 0.05179648473858833]"
1,centroid,1,351,Steel_Wheel,Steel_Wheel,"[""Steel_Wheel"", ""Velorum"", ""Nivalis"", ""Denom"", ""Ratikon""]","[0.9352540373802185, 0.059013646095991135, 0.028174735605716705, 0.017249878495931625, 0.0015710555016994476]"
1,centroid,1,352,Steel_Wheel,Steel_Wheel,"[""Steel_Wheel"", ""Nivalis"", ""Velorum"", ""Denom"", ""Ratikon""]","[0.9548556804656982, 0.09667900204658508, 0.043736159801483154, 0.027703678235411644, 0.017347775399684906]"
1,centroid,1,353,Steel_Wheel,Steel_Wheel,"[""Steel_Wheel"", ""Xtreme"", ""Nivalis"", ""Mytikas"", ""Hawk""]","[0.9570907950401306, 0.21937178075313568, 0.0005265157669782639, -0.09165121614933014, -0.09178310632705688]"
1,centroid,1,354,Steel_Wheel,Steel_Wheel,"[""Steel_Wheel"", ""Nivalis"", ""Xtreme"", ""Mytikas"", ""Denom""]","[0.9732381105422974, 0.15260538458824158, 0.1041252389550209, 0.08557090163230896, 0.0817585438489914]"
1,centroid,1,355,Steel_Wheel,Steel_Wheel,"[""Steel_Wheel"", ""Xtreme"", ""Mytikas"", ""Nivalis"", ""Castor""]","[0.9822355508804321, 0.10485247522592545, 0.00957376230508089, -0.02185664512217045, -0.052143216133117676]"
1,centroid,1,356,Steel_Wheel,Steel_Wheel,"[""Steel_Wheel"", ""Mytikas"", ""Triton"", ""Xtreme"", ""Castor""]","[0.8703463077545166, 0.2776370048522949, 0.1016283929347992, 0.07672178745269775, 0.06210038810968399]"
1,centroid,1,357,Triton,Triton,"[""Triton"", ""Mytikas"", ""Braga"", ""Castor"", ""Alcatras""]","[0.880038857460022, 0.7100030183792114, 0.5163290500640869, 0.5040340423583984, 0.49062538146972656]"
1,centroid,1,358,Triton,Triton,"[""Triton"", ""Mytikas"", ""Castor"", ""Trius"", ""Braga""]","[0.829849123954773, 0.7025171518325806, 0.5878855586051941, 0.5297545194625854, 0.5165084600448608]"
1,centroid,1,359,Triton,Triton,"[""Triton"", ""Mytikas"", ""Braga"", ""Trius"", ""Castor""]","[0.8310052752494812, 0.641160249710083, 0.6142153739929199, 0.5118899345397949, 0.3303801715373993]"
1,centroid,1,360,Triton,Triton,"[""Triton"", ""Mytikas"", ""Velorum"", ""Trius"", ""Ilias""]","[0.6827466487884521, 0.6395873427391052, 0.5650039911270142, 0.3968665301799774, 0.3857462406158447]"
1,centroid,1,361,Triton,Triton,"[""Triton"", ""Mytikas"", ""Trius"", ""Castor"", ""Braga""]","[0.9284811615943909, 0.7742412090301514, 0.49718090891838074, 0.44173306226730347, 0.42476290464401245]"
1,centroid,1,362,Triton,Triton,"[""Triton"", ""Mytikas"", ""Braga"", ""Castor"", ""Trius""]","[0.8925281167030334, 0.6178781986236572, 0.5229905247688293, 0.4882323443889618, 0.4824717044830322]"
1,centroid,1,363,Triton,Triton,"[""Triton"", ""Braga"", ""Mytikas"", ""Trius"", ""Castor""]","[0.9148546457290649, 0.6658145189285278, 0.5851055383682251, 0.4880731403827667, 0.4128243327140808]"
1,centroid,1,364,Triton,Triton,"[""Triton"", ""Mytikas"", ""Trius"", ""Castor"", ""Braga""]","[0.8544784784317017, 0.6451561450958252, 0.6221562623977661, 0.5694806575775146, 0.5101578235626221]"
1,centroid,1,365,Triton,Triton,"[""Triton"", ""Mytikas"", ""Braga"", ""Trius"", ""Castor""]","[0.8681255578994751, 0.7149550318717957, 0.5681781768798828, 0.5149701237678528, 0.39854151010513306]"
1,centroid,1,366,Triton,Triton,"[""Triton"", ""Mytikas"", ""Braga"", ""Castor"", ""Velorum""]","[0.8808997869491577, 0.6298700571060181, 0.5379188656806946, 0.5204299688339233, 0.4769074022769928]"
1,centroid,1,367,Triton,Triton,"[""Triton"", ""Mytikas"", ""Castor"", ""Trius"", ""Braga""]","[0.9259943962097168, 0.7821921706199646, 0.5843439698219299, 0.5704885125160217, 0.552504301071167]"
1,centroid,1,368,Triton,Triton,"[""Triton"", ""Mytikas"", ""Braga"", ""Castor"", ""Alcatras""]","[0.9009720087051392, 0.7010940909385681, 0.6689877510070801, 0.6053555607795715, 0.4870569705963135]"
1,centroid,1,369,Triton,Triton,"[""Triton"", ""Ilias"", ""Mytikas"", ""Trius"", ""Velorum""]","[0.8586787581443787, 0.615861713886261, 0.5705286860466003, 0.5603734850883484, 0.4631514549255371]"
1,centroid,1,370,Triton,Triton,"[""Triton"", ""Mytikas"", ""Braga"", ""Castor"", ""Alcatras""]","[0.9124338030815125, 0.725090503692627, 0.6812641024589539, 0.593498170375824, 0.43824005126953125]"
1,centroid,1,371,Triton,Triton,"[""Triton"", ""Mytikas"", ""Braga"", ""Castor"", ""Trius""]","[0.8503111004829407, 0.6186338663101196, 0.5887108445167542, 0.44144386053085327, 0.40145212411880493]"
1,centroid,1,372,Triton,Triton,"[""Triton"", ""Mytikas"", ""Braga"", ""Trius"", ""Castor""]","[0.8379517793655396, 0.7060535550117493, 0.5287378430366516, 0.4138016700744629, 0.405953049659729]"
1,centroid,1,373,Triton,Triton,"[""Triton"", ""Mytikas"", ""Castor"", ""Braga"", ""Velorum""]","[0.820712149143219, 0.6222372055053711, 0.5597164034843445, 0.5434504747390747, 0.4758712351322174]"
1,centroid,1,374,Triton,Triton,"[""Triton"", ""Braga"", ""Mytikas"", ""Trius"", ""Castor""]","[0.8609931468963623, 0.6703236103057861, 0.5079489946365356, 0.5037407875061035, 0.3902120590209961]"
1,centroid,1,375,Triton,Alaris,"[""Alaris"", ""Alcatras"", ""Trius"", ""Triton"", ""Mytikas""]","[0.7794778347015381, 0.7560551166534424, 0.702544093132019, 0.6441441774368286, 0.49389195442199707]"
1,centroid,1,376,Triton,Triton,"[""Triton"", ""Mytikas"", ""Trius"", ""Braga"", ""Alcatras""]","[0.896530032157898, 0.6581950783729553, 0.6472461223602295, 0.6427679657936096, 0.44235455989837646]"
1,centroid,1,377,Triton,Triton,"[""Triton"", ""Mytikas"", ""Trius"", ""Braga"", ""Alcatras""]","[0.7969571948051453, 0.6259512901306152, 0.5794821977615356, 0.513858437538147, 0.3948862552642822]"
1,centroid,1,378,Triton,Triton,"[""Triton"", ""Trius"", ""Braga"", ""Mytikas"", ""Alaris""]","[0.8769540786743164, 0.6470003128051758, 0.6060850024223328, 0.5932710766792297, 0.39848440885543823]"
1,centroid,1,379,Triton,Triton,"[""Triton"", ""Mytikas"", ""Braga"", ""Trius"", ""Alcatras""]","[0.9114871621131897, 0.6684775352478027, 0.614020824432373, 0.6060081720352173, 0.47208595275878906]"
1,centroid,1,380,Triton,Triton,"[""Triton"", ""Mytikas"", ""Trius"", ""Castor"", ""Braga""]","[0.8506525158882141, 0.6639821529388428, 0.5056634545326233, 0.48225677013397217, 0.44727709889411926]"
1,centroid,1,381,Triton,Triton,"[""Triton"", ""Mytikas"", ""Braga"", ""Alcatras"", ""Trius""]","[0.874622106552124, 0.6607158780097961, 0.6033619046211243, 0.5448920726776123, 0.4885660707950592]"
1,centroid,1,382,Triton,Triton,"[""Triton"", ""Mytikas"", ""Braga"", ""Alcatras"", ""Castor""]","[0.873111367225647, 0.7600386142730713, 0.555007815361023, 0.5278026461601257, 0.4867795407772064]"
1,centroid,1,383,Triton,Triton,"[""Triton"", ""Mytikas"", ""Alcatras"", ""Castor"", ""Velorum""]","[0.7393548488616943, 0.6318572759628296, 0.5497045516967773, 0.485789954662323, 0.461133748292923]"
1,centroid,1,384,Triton,Triton,"[""Triton"", ""Trius"", ""Gemini"", ""Braga"", ""Ilias""]","[0.7355269193649292, 0.5816483497619629, 0.42938482761383057, 0.4214121401309967, 0.38963282108306885]"
1,centroid,1,385,Triton,Triton,"[""Triton"", ""Mytikas"", ""Braga"", ""Trius"", ""Velorum""]","[0.855650007724762, 0.7625501155853271, 0.6453191041946411, 0.5118821263313293, 0.4787049889564514]"
1,centroid,1,386,Triton,Triton,"[""Triton"", ""Mytikas"", ""Braga"", ""Alcatras"", ""Castor""]","[0.7998678684234619, 0.7389626502990723, 0.6458418965339661, 0.5710782408714294, 0.5626700520515442]"
1,centroid,1,387,Triton,Triton,"[""Triton"", ""Braga"", ""Trius"", ""Mytikas"", ""Alcatras""]","[0.8286752700805664, 0.661113977432251, 0.6516674757003784, 0.6465212106704712, 0.4681251049041748]"
1,centroid,1,388,Triton,Triton,"[""Triton"", ""Trius"", ""Braga"", ""Mytikas"", ""Velorum""]","[0.8786560297012329, 0.6521806120872498, 0.632124662399292, 0.6037606000900269, 0.49704039096832275]"
1,centroid,1,389,Triton,Triton,"[""Triton"", ""Mytikas"", ""Trius"", ""Braga"", ""Velorum""]","[0.9553958177566528, 0.6729816794395447, 0.6364830732345581, 0.5307367444038391, 0.4514654278755188]"
1,centroid,1,390,Triton,Triton,"[""Triton"", ""Mytikas"", ""Braga"", ""Trius"", ""Castor""]","[0.8952176570892334, 0.6796454191207886, 0.503257155418396, 0.4929791986942291, 0.30604255199432373]"
1,centroid,1,391,Triton,Triton,"[""Triton"", ""Trius"", ""Velorum"", ""Mytikas"", ""Braga""]","[0.8360838890075684, 0.7096449136734009, 0.5689036846160889, 0.5475702285766602, 0.4100724458694458]"
1,centroid,1,392,Triton,Triton,"[""Triton"", ""Trius"", ""Mytikas"", ""Braga"", ""Alaris""]","[0.8493742942810059, 0.7223312854766846, 0.5404868125915527, 0.4908572733402252, 0.47255802154541016]"
1,centroid,1,393,Triton,Triton,"[""Triton"", ""Mytikas"", ""Velorum"", ""Castor"", ""Trius""]","[0.6347707509994507, 0.5426613092422485, 0.44400912523269653, 0.44282886385917664, 0.365169882774353]"
1,centroid,1,394,Triton,Triton,"[""Triton"", ""Mytikas"", ""Trius"", ""Braga"", ""Alcatras""]","[0.9086030125617981, 0.6177833080291748, 0.5687222480773926, 0.5045830011367798, 0.3918053209781647]"
1,centroid,1,395,Triton,Braga,"[""Braga"", ""Mytikas"", ""Triton"", ""Castor"", ""Alcatras""]","[0.8330332040786743, 0.7526274919509888, 0.7406136989593506, 0.7229422330856323, 0.6879631280899048]"
1,centroid,1,396,Triton,Triton,"[""Triton"", ""Mytikas"", ""Castor"", ""Alcatras"", ""Velorum""]","[0.8914151787757874, 0.6709334254264832, 0.5736199021339417, 0.55301833152771, 0.43758267164230347]"
1,centroid,1,397,Triton,Mytikas,"[""Mytikas"", ""Triton"", ""Braga"", ""Trius"", ""Xtreme""]","[0.7259787917137146, 0.6225030422210693, 0.5505457520484924, 0.541657030582428, 0.4856327176094055]"
1,centroid,1,398,Triton,Mytikas,"[""Mytikas"", ""Alcatras"", ""Triton"", ""Castor"", ""Trius""]","[0.7278512716293335, 0.5598705410957336, 0.5226499438285828, 0.4866741895675659, 0.44766145944595337]"
1,centroid,1,399,Triton,Triton,"[""Triton"", ""Trius"", ""Mytikas"", ""Braga"", ""Velorum""]","[0.9042295217514038, 0.6625560522079468, 0.5986801385879517, 0.5324910283088684, 0.4150494337081909]"
1,centroid,1,400,Triton,Triton,"[""Triton"", ""Braga"", ""Mytikas"", ""Trius"", ""Velorum""]","[0.899588942527771, 0.6922359466552734, 0.6798707246780396, 0.6444849967956543, 0.4468851685523987]"
1,centroid,1,401,Triton,Triton,"[""Triton"", ""Mytikas"", ""Trius"", ""Braga"", ""Castor""]","[0.9031968116760254, 0.6693350076675415, 0.512362003326416, 0.4974325895309448, 0.43689101934432983]"
1,centroid,1,402,Triton,Triton,"[""Triton"", ""Mytikas"", ""Braga"", ""Trius"", ""Alcatras""]","[0.8485596776008606, 0.7375894784927368, 0.6231838464736938, 0.5160650014877319, 0.451945424079895]"
1,centroid,1,403,Triton,Triton,"[""Triton"", ""Mytikas"", ""Trius"", ""Braga"", ""Alaris""]","[0.8366716504096985, 0.7070177793502808, 0.6984032392501831, 0.6777403354644775, 0.4164324402809143]"
1,centroid,1,404,Triton,Braga,"[""Braga"", ""Mytikas"", ""Trius"", ""Triton"", ""Velorum""]","[0.5267550349235535, 0.4780830144882202, 0.471152126789093, 0.46831509470939636, 0.46176138520240784]"
1,centroid,1,405,Triton,Triton,"[""Triton"", ""Trius"", ""Ilias"", ""Mytikas"", ""Velorum""]","[0.8589891195297241, 0.5886254906654358, 0.574860692024231, 0.562649130821228, 0.5454336404800415]"
1,centroid,1,406,Triton,Mytikas,"[""Mytikas"", ""Triton"", ""Castor"", ""Braga"", ""Trius""]","[0.7844047546386719, 0.6767295002937317, 0.6104658842086792, 0.5221673846244812, 0.36444705724716187]"
1,centroid,1,407,Triton,Triton,"[""Triton"", ""Trius"", ""Mytikas"", ""Velorum"", ""Braga""]","[0.7450858354568481, 0.6382787227630615, 0.5357288122177124, 0.4355410635471344, 0.4038589298725128]"
1,centroid,1,408,Triton,Triton,"[""Triton"", ""Trius"", ""Mytikas"", ""Ilias"", ""Velorum""]","[0.8382689952850342, 0.5775907039642334, 0.5551929473876953, 0.4725550413131714, 0.343893826007843]"
1,centroid,1,409,Triton,Triton,"[""Triton"", ""Mytikas"", ""Trius"", ""Braga"", ""Castor""]","[0.8855773210525513, 0.7396150231361389, 0.5871028304100037, 0.527450680732727, 0.4475623369216919]"
1,centroid,1,410,Triton,Triton,"[""Triton"", ""Mytikas"", ""Alcatras"", ""Castor"", ""Braga""]","[0.8350785970687866, 0.7137395143508911, 0.6456383466720581, 0.5904752016067505, 0.5196601748466492]"
1,centroid,1,411,Trius,Mytikas,"[""Mytikas"", ""Trius"", ""Triton"", ""Velorum"", ""Castor""]","[0.7131896615028381, 0.5989149808883667, 0.4882488250732422, 0.45995545387268066, 0.3368309736251831]"
1,centroid,1,412,Trius,Alaris,"[""Alaris"", ""Trius"", ""Braga"", ""Alcatras"", ""Castor""]","[0.7320107817649841, 0.6835047602653503, 0.5848389863967896, 0.53939288854599, 0.3768581748008728]"
1,centroid,1,413,Trius,Trius,"[""Trius"", ""Gemini"", ""Triton"", ""Denom"", ""Mytikas""]","[0.758046567440033, 0.4309064745903015, 0.4003458023071289, 0.28056806325912476, 0.26932233572006226]"
1,centroid,1,414,Trius,Trius,"[""Trius"", ""Vega"", ""Alaris"", ""Mytikas"", ""Triton""]","[0.6535418629646301, 0.5166159272193909, 0.379928320646286, 0.3559781312942505, 0.32211047410964966]"
1,centroid,1,415,Trius,Trius,"[""Trius"", ""Gemini"", ""Triton"", ""Denom"", ""Ilias""]","[0.7710685729980469, 0.3603760600090027, 0.346939355134964, 0.34242016077041626, 0.30500397086143494]"
1,centroid,1,416,Trius,Denom,"[""Denom"", ""Nivalis"", ""Ratikon"", ""Trius"", ""Mytikas""]","[0.5351248979568481, 0.46802017092704773, 0.4339431822299957, 0.36215949058532715, 0.2533719539642334]"
1,centroid,1,417,Trius,Braga,"[""Braga"", ""Mytikas"", ""Triton"", ""Trius"", ""Alcatras""]","[0.7953997254371643, 0.7736722826957703, 0.7713677287101746, 0.640082597732544, 0.6307041049003601]"
1,centroid,1,418,Trius,Trius,"[""Trius"", ""Triton"", ""Braga"", ""Alaris"", ""Mytikas""]","[0.7827602624893188, 0.7778284549713135, 0.6335780024528503, 0.5353564620018005, 0.5083824396133423]"
1,centroid,1,419,Trius,Trius,"[""Trius"", ""Alaris"", ""Braga"", ""Triton"", ""Mytikas""]","[0.8067252039909363, 0.7205212116241455, 0.6010478138923645, 0.5253524780273438, 0.5132960081100464]"
1,centroid,1,420,Trius,Trius,"[""Trius"", ""Denom"", ""Gemini"", ""Nivalis"", ""Velorum""]","[0.5881016254425049, 0.45429426431655884, 0.3593733608722687, 0.23821888864040375, 0.18508058786392212]"
1,centroid,1,421,Trius,Vega,"[""Vega"", ""Mytikas"", ""Ratikon"", ""Nivalis"", ""Ilias""]","[0.4898446202278137, 0.41042405366897583, 0.38266587257385254, 0.381813108921051, 0.31710511445999146]"
1,centroid,1,422,Trius,Triton,"[""Triton"", ""Trius"", ""Mytikas"", ""Castor"", ""Braga""]","[0.75926673412323, 0.7023948431015015, 0.5857173204421997, 0.5853244662284851, 0.5766066312789917]"
1,centroid,1,423,Trius,Triton,"[""Triton"", ""Braga"", ""Trius"", ""Mytikas"", ""Castor""]","[0.8591256737709045, 0.7640900611877441, 0.6939839124679565, 0.6775450706481934, 0.5703911781311035]"
1,centroid,1,424,Trius,Trius,"[""Trius"", ""Velorum"", ""Ilias"", ""Alaris"", ""Triton""]","[0.6367287635803223, 0.44260120391845703, 0.3720299005508423, 0.3002075254917145, 0.2173580676317215]"
1,centroid,1,425,Trius,Denom,"[""Denom"", ""Trius"", ""Nivalis"", ""Ratikon"", ""Ilias""]","[0.5531260967254639, 0.5180693864822388, 0.31484925746917725, 0.31268590688705444, 0.31177544593811035]"
1,centroid,1,426,Trius,Trius,"[""Trius"", ""Alaris"", ""Triton"", ""Braga"", ""Alcatras""]","[0.8684999942779541, 0.657874345779419, 0.6167885065078735, 0.5952054262161255, 0.4624636173248291]"
1,centroid,1,427,Trius,Trius,"[""Trius"", ""Alaris"", ""Braga"", ""Mytikas"", ""Triton""]","[0.8937134742736816, 0.7024645805358887, 0.5442095994949341, 0.4750608205795288, 0.4530203342437744]"
1,centroid,1,428,Trius,Trius,"[""Trius"", ""Triton"", ""Mytikas"", ""Gemini"", ""Braga""]","[0.7739140391349792, 0.5864689350128174, 0.5330929160118103, 0.5146601796150208, 0.4949905276298523]"
1,centroid,1,429,Trius,Trius,"[""Trius"", ""Gemini"", ""Alaris"", ""Denom"", ""Triton""]","[0.8208385705947876, 0.31717339158058167, 0.3149867653846741, 0.26982933282852173, 0.18753507733345032]"
1,centroid,1,430,Trius,Trius,"[""Trius"", ""Alaris"", ""Braga"", ""Triton"", ""Alcatras""]","[0.8163869976997375, 0.7091000080108643, 0.6294615268707275, 0.6162829995155334, 0.47106462717056274]"
1,centroid,1,431,Trius,Trius,"[""Trius"", ""Triton"", ""Vega"", ""Mytikas"", ""Braga""]","[0.6449204683303833, 0.5527209639549255, 0.5069422721862793, 0.49401217699050903, 0.3783631920814514]"
1,centroid,1,432,Trius,Trius,"[""Trius"", ""Triton"", ""Mytikas"", ""Braga"", ""Alcatras""]","[0.8418023586273193, 0.8078706860542297, 0.7073282599449158, 0.5737622976303101, 0.45209047198295593]"
1,centroid,1,433,Trius,Trius,"[""Trius"", ""Alaris"", ""Triton"", ""Braga"", ""Gemini""]","[0.8424389362335205, 0.5242482423782349, 0.46671801805496216, 0.414455771446228, 0.3987041115760803]"
1,centroid,1,434,Trius,Trius,"[""Trius"", ""Alaris"", ""Gemini"", ""Triton"", ""Braga""]","[0.6524596214294434, 0.48185646533966064, 0.3535153865814209, 0.33891522884368896, 0.22856022417545319]"
1,centroid,1,435,Trius,Trius,"[""Trius"", ""Braga"", ""Triton"", ""Gemini"", ""Mytikas""]","[0.7868926525115967, 0.7262231111526489, 0.5356568694114685, 0.5163817405700684, 0.4881281554698944]"
1,centroid,1,436,Trius,Trius,"[""Trius"", ""Triton"", ""Mytikas"", ""Alaris"", ""Alcatras""]","[0.8647370338439941, 0.7261742949485779, 0.568139910697937, 0.5208485126495361, 0.470051646232605]"
1,centroid,1,437,Trius,Trius,"[""Trius"", ""Alaris"", ""Braga"", ""Triton"", ""Alcatras""]","[0.844272255897522, 0.7960787415504456, 0.6221176385879517, 0.6217448711395264, 0.5913359522819519]"
1,centroid,1,438,Trius,Trius,"[""Trius"", ""Alaris"", ""Triton"", ""Alcatras"", ""Mytikas""]","[0.8307627439498901, 0.7181580066680908, 0.6956493258476257, 0.6199973225593567, 0.606967568397522]"
1,centroid,1,439,Trius,Trius,"[""Trius"", ""Triton"", ""Alaris"", ""Braga"", ""Alcatras""]","[0.8619850873947144, 0.717073380947113, 0.5973132252693176, 0.49387305974960327, 0.4413425326347351]"
1,centroid,1,440,Trius,Alaris,"[""Alaris"", ""Trius"", ""Alcatras"", ""Braga"", ""Triton""]","[0.8477804660797119, 0.6714853048324585, 0.6537740230560303, 0.6366426944732666, 0.545624852180481]"
1,centroid,1,441,Trius,Trius,"[""Trius"", ""Alaris"", ""Triton"", ""Braga"", ""Mytikas""]","[0.8707468509674072, 0.5733858346939087, 0.5685091614723206, 0.4146246910095215, 0.35057884454727173]"
1,centroid,1,442,Trius,Trius,"[""Trius"", ""Alcatras"", ""Alaris"", ""Triton"", ""Braga""]","[0.7640860080718994, 0.6665375232696533, 0.6131035089492798, 0.5957435965538025, 0.5875093936920166]"
1,centroid,1,443,Trius,Mytikas,"[""Mytikas"", ""Gemini"", ""Braga"", ""Triton"", ""Trius""]","[0.6479937434196472, 0.5743652582168579, 0.4976857006549835, 0.48486262559890747, 0.45027774572372437]"
1,centroid,1,444,Trius,Trius,"[""Trius"", ""Mytikas"", ""Triton"", ""Braga"", ""Alcatras""]","[0.8527787327766418, 0.7357844114303589, 0.6001344919204712, 0.4641360938549042, 0.4515427052974701]"
1,centroid,1,445,Trius,Triton,"[""Triton"", ""Mytikas"", ""Trius"", ""Castor"", ""Alcatras""]","[0.672261118888855, 0.6211060285568237, 0.5789928436279297, 0.5729504823684692, 0.5212265849113464]"
1,centroid,1,446,Trius,Trius,"[""Trius"", ""Alaris"", ""Gemini"", ""Triton"", ""Alcatras""]","[0.8113336563110352, 0.6899427175521851, 0.28862133622169495, 0.27357253432273865, 0.2579951286315918]"
1,centroid,1,447,Trius,Trius,"[""Trius"", ""Alaris"", ""Triton"", ""Ilias"", ""Alcatras""]","[0.7445756196975708, 0.5667619109153748, 0.4657124876976013, 0.3427128195762634, 0.3045079708099365]"
1,centroid,1,448,Trius,Trius,"[""Trius"", ""Triton"", ""Mytikas"", ""Velorum"", ""Braga""]","[0.8741270303726196, 0.72646164894104, 0.6038017272949219, 0.5250828862190247, 0.5082122087478638]"
1,centroid,1,449,Trius,Mytikas,"[""Mytikas"", ""Trius"", ""Braga"", ""Triton"", ""Gemini""]","[0.6218934059143066, 0.6073446869850159, 0.49661001563072205, 0.4874650537967682, 0.35195392370224]"
1,centroid,1,450,Trius,Triton,"[""Triton"", ""Braga"", ""Trius"", ""Mytikas"", ""Alaris""]","[0.8486976623535156, 0.7344443798065186, 0.7070010900497437, 0.6642181873321533, 0.5933433771133423]"
1,centroid,1,451,Trius,Trius,"[""Trius"", ""Mytikas"", ""Triton"", ""Castor"", ""Alaris""]","[0.740378737449646, 0.6612313985824585, 0.6610618829727173, 0.6262933611869812, 0.622489333152771]"
1,centroid,1,452,Turbine,Castor,"[""Castor"", ""Turbine"", ""Braga"", ""Mytikas"", ""Triton""]","[0.8698723912239075, 0.6412524580955505, 0.49665743112564087, 0.4939829111099243, 0.4589553475379944]"
1,centroid,1,453,Turbine,Turbine,"[""Turbine"", ""Hawk"", ""Castor"", ""Alcatras"", ""Braga""]","[0.904644787311554, 0.748932421207428, 0.4344652593135834, 0.3484008312225342, 0.334214985370636]"
1,centroid,1,454,Turbine,Turbine,"[""Turbine"", ""Alcatras"", ""Alaris"", ""Castor"", ""Triton""]","[0.819737434387207, 0.4821433126926422, 0.4527650475502014, 0.4473349452018738, 0.4250534772872925]"
1,centroid,1,455,Turbine,Turbine,"[""Turbine"", ""Hawk"", ""Braga"", ""Vega"", ""Gemini""]","[0.7970476150512695, 0.4914819300174713, 0.4581158757209778, 0.4406433701515198, 0.3179158866405487]"
1,centroid,1,456,Turbine,Turbine,"[""Turbine"", ""Hawk"", ""Vega"", ""Braga"", ""Alaris""]","[0.8263741731643677, 0.5913171768188477, 0.5264892578125, 0.37586820125579834, 0.30032646656036377]"
1,centroid,1,457,Turbine,Turbine,"[""Turbine"", ""Hawk"", ""Castor"", ""Alcatras"", ""Vega""]","[0.9150389432907104, 0.6125019788742065, 0.47511154413223267, 0.4631071090698242, 0.4095942974090576]"
1,centroid,1,458,Turbine,Turbine,"[""Turbine"", ""Hawk"", ""Castor"", ""Braga"", ""Vega""]","[0.9150431752204895, 0.6207257509231567, 0.4452669322490692, 0.3819398880004883, 0.37392768263816833]"
1,centroid,1,459,Turbine,Turbine,"[""Turbine"", ""Braga"", ""Vega"", ""Hawk"", ""Mytikas""]","[0.7746318578720093, 0.6000145673751831, 0.5897645950317383, 0.5849133729934692, 0.4068491458892822]"
1,centroid,1,460,Turbine,Turbine,"[""Turbine"", ""Alcatras"", ""Castor"", ""Triton"", ""Alaris""]","[0.7986006140708923, 0.5907164216041565, 0.5239471197128296, 0.48398834466934204, 0.482704758644104]"
1,centroid,1,461,Turbine,Turbine,"[""Turbine"", ""Hawk"", ""Braga"", ""Vega"", ""Alaris""]","[0.8584102392196655, 0.7043749690055847, 0.5435307621955872, 0.5307518839836121, 0.45141810178756714]"
1,centroid,1,462,Turbine,Turbine,"[""Turbine"", ""Castor"", ""Triton"", ""Alcatras"", ""Braga""]","[0.7466623783111572, 0.6777456402778625, 0.6665480136871338, 0.6313501596450806, 0.5667628049850464]"
1,centroid,1,463,Turbine,Hawk,"[""Hawk"", ""Turbine"", ""Mytikas"", ""Braga"", ""Triton""]","[0.6036989092826843, 0.5909867882728577, 0.49304717779159546, 0.4129179120063782, 0.3070511221885681]"
1,centroid,1,464,Turbine,Turbine,"[""Turbine"", ""Castor"", ""Braga"", ""Hawk"", ""Alcatras""]","[0.8866598010063171, 0.5705975294113159, 0.5088695287704468, 0.4429013729095459, 0.30809998512268066]"
1,centroid,1,465,Turbine,Turbine,"[""Turbine"", ""Hawk"", ""Alcatras"", ""Castor"", ""Alaris""]","[0.8969281911849976, 0.6671332716941833, 0.5063917636871338, 0.49898284673690796, 0.42028701305389404]"
1,centroid,1,466,Turbine,Turbine,"[""Turbine"", ""Hawk"", ""Vega"", ""Castor"", ""Braga""]","[0.9138477444648743, 0.45146769285202026, 0.39453113079071045, 0.38888221979141235, 0.2786007523536682]"
1,centroid,1,467,Turbine,Turbine,"[""Turbine"", ""Hawk"", ""Vega"", ""Braga"", ""Alaris""]","[0.7552295923233032, 0.736255943775177, 0.5845675468444824, 0.3697252869606018, 0.33960774540901184]"
1,centroid,1,468,Turbine,Turbine,"[""Turbine"", ""Castor"", ""Hawk"", ""Alcatras"", ""Braga""]","[0.8865931630134583, 0.5934958457946777, 0.5146968364715576, 0.5137680768966675, 0.46408596634864807]"
1,centroid,1,469,Turbine,Turbine,"[""Turbine"", ""Castor"", ""Trius"", ""Braga"", ""Mytikas""]","[0.5914949178695679, 0.4918344020843506, 0.47359582781791687, 0.44996678829193115, 0.4254593253135681]"
1,centroid,1,470,Turbine,Turbine,"[""Turbine"", ""Hawk"", ""Castor"", ""Alaris"", ""Alcatras""]","[0.9670737385749817, 0.48820292949676514, 0.43888166546821594, 0.39698052406311035, 0.36748331785202026]"
1,centroid,1,471,Turbine,Turbine,"[""Turbine"", ""Castor"", ""Hawk"", ""Triton"", ""Braga""]","[0.8589087724685669, 0.4314969480037689, 0.3965984880924225, 0.3786054253578186, 0.3640778660774231]"
1,centroid,1,472,Turbine,Turbine,"[""Turbine"", ""Castor"", ""Hawk"", ""Braga"", ""Alcatras""]","[0.8312604427337646, 0.5184025764465332, 0.4991230368614197, 0.4535473883152008, 0.43858012557029724]"
1,centroid,1,473,Turbine,Turbine,"[""Turbine"", ""Alcatras"", ""Alaris"", ""Vega"", ""Triton""]","[0.7728804349899292, 0.499124139547348, 0.4734881818294525, 0.4309062063694, 0.422495037317276]"
1,centroid,1,474,Turbine,Turbine,"[""Turbine"", ""Castor"", ""Braga"", ""Hawk"", ""Triton""]","[0.8748139142990112, 0.5693550109863281, 0.535199761390686, 0.4729893207550049, 0.3903913199901581]"
1,centroid,1,475,Turbine,Turbine,"[""Turbine"", ""Hawk"", ""Castor"", ""Alcatras"", ""Mytikas""]","[0.8086649775505066, 0.6620922684669495, 0.5842459201812744, 0.5586797595024109, 0.45685943961143494]"
1,centroid,1,476,Turbine,Turbine,"[""Turbine"", ""Castor"", ""Alcatras"", ""Braga"", ""Alaris""]","[0.864622950553894, 0.6195565462112427, 0.505741536617279, 0.4746556878089905, 0.40867602825164795]"
1,centroid,1,477,Turbine,Turbine,"[""Turbine"", ""Castor"", ""Alcatras"", ""Alaris"", ""Braga""]","[0.9229446649551392, 0.6265541911125183, 0.5085036158561707, 0.40522873401641846, 0.3916188180446625]"
1,centroid,1,478,Turbine,Turbine,"[""Turbine"", ""Hawk"", ""Vega"", ""Alcatras"", ""Alaris""]","[0.7346333265304565, 0.6010910868644714, 0.41768473386764526, 0.4174952805042267, 0.4058907628059387]"
1,centroid,1,479,Turbine,Turbine,"[""Turbine"", ""Hawk"", ""Vega"", ""Alcatras"", ""Alaris""]","[0.8368409872055054, 0.6090911626815796, 0.5105180144309998, 0.40274858474731445, 0.39260628819465637]"
1,centroid,1,480,Vega,Vega,"[""Vega"", ""Hawk"", ""Alaris"", ""Turbine"", ""Braga""]","[0.9089508652687073, 0.553176760673523, 0.4994218349456787, 0.3367670178413391, 0.27076447010040283]"
1,centroid,1,481,Vega,Vega,"[""Vega"", ""Turbine"", ""Hawk"", ""Braga"", ""Alaris""]","[0.8963863849639893, 0.25013434886932373, 0.24346299469470978, 0.14577427506446838, 0.08805641531944275]"
1,centroid,1,482,Vega,Vega,"[""Vega"", ""Gemini"", ""Hawk"", ""Turbine"", ""Alaris""]","[0.8927837610244751, 0.31930941343307495, 0.16063207387924194, 0.029574060812592506, 0.0060652997344732285]"
1,centroid,1,483,Vega,Vega,"[""Vega"", ""Alaris"", ""Turbine"", ""Alcatras"", ""Hawk""]","[0.7216531038284302, 0.3890717625617981, 0.3048553466796875, 0.25590407848358154, 0.23176684975624084]"
1,centroid,1,484,Vega,Vega,"[""Vega"", ""Turbine"", ""Gemini"", ""Hawk"", ""Alaris""]","[0.6991702318191528, 0.24678650498390198, 0.17631316184997559, 0.08979125320911407, 0.04730868339538574]"
1,centroid,1,485,Vega,Vega,"[""Vega"", ""Alaris"", ""Hawk"", ""Turbine"", ""Alcatras""]","[0.8528470993041992, 0.4535709619522095, 0.44957399368286133, 0.39834457635879517, 0.3698301911354065]"
1,centroid,1,486,Vega,Vega,"[""Vega"", ""Trius"", ""Gemini"", ""Triton"", ""Alaris""]","[0.8509488701820374, 0.28029516339302063, 0.26959627866744995, 0.24892663955688477, 0.2375442087650299]"
1,centroid,1,487,Vega,Vega,"[""Vega"", ""Hawk"", ""Gemini"", ""Braga"", ""Turbine""]","[0.8538948893547058, 0.5147400498390198, 0.3062542676925659, 0.16556234657764435, 0.1638370156288147]"
1,centroid,1,488,Vega,Vega,"[""Vega"", ""Gemini"", ""Hawk"", ""Turbine"", ""Alaris""]","[0.7972735166549683, 0.46086642146110535, 0.27508705854415894, 0.16888028383255005, 0.12461350858211517]"
1,centroid,1,489,Vega,Vega,"[""Vega"", ""Gemini"", ""Hawk"", ""Trius"", ""Alaris""]","[0.8807872533798218, 0.5039214491844177, 0.3482804298400879, 0.26614025235176086, 0.21486681699752808]"
1,centroid,1,490,Vega,Vega,"[""Vega"", ""Hawk"", ""Gemini"", ""Turbine"", ""Braga""]","[0.8945860266685486, 0.35369110107421875, 0.32166004180908203, 0.1539403647184372, 0.15152674913406372]"
1,centroid,1,491,Vega,Vega,"[""Vega"", ""Hawk"", ""Gemini"", ""Braga"", ""Alaris""]","[0.9349406957626343, 0.36466360092163086, 0.19292563199996948, 0.14787325263023376, 0.13716821372509003]"
1,centroid,1,492,Vega,Mytikas,"[""Mytikas"", ""Trius"", ""Triton"", ""Alcatras"", ""Castor""]","[0.7833842039108276, 0.6908159852027893, 0.6001078486442566, 0.5460375547409058, 0.5206081867218018]"
1,centroid,1,493,Vega,Vega,"[""Vega"", ""Hawk"", ""Alaris"", ""Turbine"", ""Braga""]","[0.9292799234390259, 0.42733460664749146, 0.218722403049469, 0.2172742486000061, 0.18392187356948853]"
1,centroid,1,494,Vega,Vega,"[""Vega"", ""Turbine"", ""Hawk"", ""Alcatras"", ""Alaris""]","[0.6946595907211304, 0.4300851821899414, 0.3239275813102722, 0.20808270573616028, 0.10146042704582214]"
1,centroid,1,495,Vega,Vega,"[""Vega"", ""Gemini"", ""Hawk"", ""Alaris"", ""Braga""]","[0.877051591873169, 0.44607454538345337, 0.29450005292892456, 0.14094173908233643, 0.09256646782159805]"
1,centroid,1,496,Vega,Vega,"[""Vega"", ""Turbine"", ""Hawk"", ""Alaris"", ""Alcatras""]","[0.717605710029602, 0.6491469144821167, 0.5846726298332214, 0.49090442061424255, 0.434020459651947]"
1,centroid,1,497,Vega,Vega,"[""Vega"", ""Gemini"", ""Xtreme"", ""Nivalis"", ""Denom""]","[0.5446874499320984, 0.48974037170410156, 0.27337098121643066, 0.16540281474590302, 0.15748509764671326]"
1,centroid,1,498,Vega,Vega,"[""Vega"", ""Gemini"", ""Braga"", ""Turbine"", ""Hawk""]","[0.7702063322067261, 0.48705577850341797, 0.44135919213294983, 0.3666674792766571, 0.3071192800998688]"
1,centroid,1,499,Vega,Vega,"[""Vega"", ""Turbine"", ""Triton"", ""Hawk"", ""Mytikas""]","[0.6480005383491516, 0.5842933058738708, 0.3641315698623657, 0.34745585918426514, 0.3469698429107666]"
1,centroid,1,500,Vega,Vega,"[""Vega"", ""Gemini"", ""Braga"", ""Hawk"", ""Alaris""]","[0.9006994962692261, 0.4932165741920471, 0.4104064106941223, 0.3590925931930542, 0.3116949200630188]"
1,centroid,1,501,Vega,Vega,"[""Vega"", ""Hawk"", ""Turbine"", ""Braga"", ""Alaris""]","[0.7298988103866577, 0.5323303937911987, 0.5166236162185669, 0.43240341544151306, 0.38192346692085266]"
1,centroid,1,502,Vega,Vega,"[""Vega"", ""Hawk"", ""Gemini"", ""Braga"", ""Nivalis""]","[0.8924267888069153, 0.3740089535713196, 0.24902436137199402, 0.0958525761961937, 0.08025813102722168]"
1,centroid,1,503,Vega,Vega,"[""Vega"", ""Gemini"", ""Hawk"", ""Turbine"", ""Braga""]","[0.7811774015426636, 0.6581598520278931, 0.3950631320476532, 0.16620022058486938, 0.14168387651443481]"
1,centroid,1,504,Vega,Vega,"[""Vega"", ""Hawk"", ""Gemini"", ""Braga"", ""Turbine""]","[0.8391695022583008, 0.4034249484539032, 0.21459925174713135, 0.16761094331741333, 0.08945634961128235]"
1,centroid,1,505,Vega,Vega,"[""Vega"", ""Turbine"", ""Alaris"", ""Hawk"", ""Braga""]","[0.8464816808700562, 0.5145485997200012, 0.5009483695030212, 0.4974777400493622, 0.3908349275588989]"
1,centroid,1,506,Vega,Vega,"[""Vega"", ""Gemini"", ""Hawk"", ""Braga"", ""Alaris""]","[0.8827452063560486, 0.4914880394935608, 0.2598492205142975, 0.1627175509929657, 0.1530696153640747]"
1,centroid,1,507,Vega,Vega,"[""Vega"", ""Hawk"", ""Alaris"", ""Turbine"", ""Braga""]","[0.8872406482696533, 0.4713001549243927, 0.34361737966537476, 0.2466878890991211, 0.18333011865615845]"
1,centroid,1,508,Vega,Vega,"[""Vega"", ""Turbine"", ""Alaris"", ""Hawk"", ""Ilias""]","[0.6216703653335571, 0.358920693397522, 0.33991771936416626, 0.2719919681549072, 0.20759057998657227]"
1,centroid,1,509,Vega,Vega,"[""Vega"", ""Alaris"", ""Hawk"", ""Trius"", ""Turbine""]","[0.8351884484291077, 0.3571895360946655, 0.2569538354873657, 0.21528847515583038, 0.19479167461395264]"
1,centroid,1,510,Vega,Vega,"[""Vega"", ""Gemini"", ""Trius"", ""Ilias"", ""Hawk""]","[0.7772935032844543, 0.38316017389297485, 0.33769771456718445, 0.219913512468338, 0.16894467175006866]"
1,centroid,1,511,Vega,Vega,"[""Vega"", ""Turbine"", ""Alaris"", ""Hawk"", ""Alcatras""]","[0.8120114803314209, 0.36871835589408875, 0.3219815194606781, 0.26534292101860046, 0.1108468696475029]"
1,centroid,1,512,Vega,Vega,"[""Vega"", ""Hawk"", ""Alaris"", ""Turbine"", ""Braga""]","[0.9302332401275635, 0.45792561769485474, 0.36661070585250854, 0.26399245858192444, 0.2600289285182953]"
1,centroid,1,513,Vega,Vega,"[""Vega"", ""Gemini"", ""Hawk"", ""Alaris"", ""Trius""]","[0.9362936615943909, 0.4043477475643158, 0.29671865701675415, 0.28048190474510193, 0.20056241750717163]"
1,centroid,1,514,Vega,Vega,"[""Vega"", ""Hawk"", ""Gemini"", ""Braga"", ""Turbine""]","[0.8242815732955933, 0.6630605459213257, 0.4055403172969818, 0.23365455865859985, 0.17325033247470856]"
1,centroid,1,515,Velorum,Velorum,"[""Velorum"", ""Ilias"", ""Ratikon"", ""Denom"", ""Triton""]","[0.8767461776733398, 0.7165058851242065, 0.5165446996688843, 0.454411119222641, 0.4260513186454773]"
1,centroid,1,516,Velorum,Velorum,"[""Velorum"", ""Ilias"", ""Triton"", ""Nivalis"", ""Mytikas""]","[0.9195435047149658, 0.4543538987636566, 0.44609522819519043, 0.4024595022201538, 0.3635561168193817]"
1,centroid,1,517,Velorum,Velorum,"[""Velorum"", ""Denom"", ""Ratikon"", ""Ilias"", ""Nivalis""]","[0.882461428642273, 0.7221604585647583, 0.6835532188415527, 0.6620528101921082, 0.6340559720993042]"
1,centroid,1,518,Velorum,Velorum,"[""Velorum"", ""Alcatras"", ""Mytikas"", ""Triton"", ""Ilias""]","[0.8860392570495605, 0.43033161759376526, 0.41703665256500244, 0.4143485724925995, 0.4006859064102173]"
1,centroid,1,519,Velorum,Velorum,"[""Velorum"", ""Nivalis"", ""Ilias"", ""Denom"", ""Ratikon""]","[0.860892653465271, 0.5734681487083435, 0.5189113616943359, 0.49719858169555664, 0.34128469228744507]"
1,centroid,1,520,Velorum,Velorum,"[""Velorum"", ""Ilias"", ""Nivalis"", ""Triton"", ""Mytikas""]","[0.9169212579727173, 0.3233029246330261, 0.30154943466186523, 0.2916339635848999, 0.2892192006111145]"
1,centroid,1,521,Velorum,Velorum,"[""Velorum"", ""Ilias"", ""Nivalis"", ""Denom"", ""Ratikon""]","[0.8602141737937927, 0.6064644455909729, 0.5915993452072144, 0.5860751271247864, 0.5824098587036133]"
1,centroid,1,522,Velorum,Velorum,"[""Velorum"", ""Ilias"", ""Trius"", ""Triton"", ""Nivalis""]","[0.9258490204811096, 0.40506330132484436, 0.36630868911743164, 0.301535964012146, 0.2988697290420532]"
1,centroid,1,523,Velorum,Velorum,"[""Velorum"", ""Ilias"", ""Triton"", ""Nivalis"", ""Mytikas""]","[0.9311103820800781, 0.4937502145767212, 0.4682023823261261, 0.4435213804244995, 0.3640393912792206]"
1,centroid,1,524,Velorum,Velorum,"[""Velorum"", ""Trius"", ""Ilias"", ""Alaris"", ""Alcatras""]","[0.8476231098175049, 0.4590037763118744, 0.3725113272666931, 0.3548961877822876, 0.34859901666641235]"
1,centroid,1,525,Velorum,Velorum,"[""Velorum"", ""Denom"", ""Nivalis"", ""Ilias"", ""Ratikon""]","[0.8951785564422607, 0.5568702220916748, 0.5330075025558472, 0.524117112159729, 0.40997228026390076]"
1,centroid,1,526,Velorum,Velorum,"[""Velorum"", ""Castor"", ""Triton"", ""Trius"", ""Nivalis""]","[0.8612171411514282, 0.3725500702857971, 0.3598482608795166, 0.33968544006347656, 0.3292804956436157]"
1,centroid,1,527,Velorum,Velorum,"[""Velorum"", ""Ilias"", ""Nivalis"", ""Ratikon"", ""Denom""]","[0.9351044297218323, 0.6121233105659485, 0.5533376336097717, 0.49809348583221436, 0.4488089978694916]"
1,centroid,1,528,Velorum,Velorum,"[""Velorum"", ""Ilias"", ""Ratikon"", ""Nivalis"", ""Denom""]","[0.9240310192108154, 0.5960639119148254, 0.4829433560371399, 0.4408864974975586, 0.4068799614906311]"
1,centroid,1,529,Velorum,Velorum,"[""Velorum"", ""Ilias"", ""Trius"", ""Nivalis"", ""Denom""]","[0.9443776607513428, 0.5073368549346924, 0.44703924655914307, 0.41654446721076965, 0.3598096966743469]"
1,centroid,1,530,Velorum,Velorum,"[""Velorum"", ""Mytikas"", ""Trius"", ""Triton"", ""Ilias""]","[0.899964451789856, 0.4102070927619934, 0.4010394811630249, 0.38792717456817627, 0.3248084783554077]"
1,centroid,1,531,Velorum,Velorum,"[""Velorum"", ""Nivalis"", ""Ilias"", ""Alcatras"", ""Mytikas""]","[0.8641330003738403, 0.46754342317581177, 0.2964457869529724, 0.24684011936187744, 0.2407713383436203]"
1,centroid,1,532,Velorum,Velorum,"[""Velorum"", ""Nivalis"", ""Ilias"", ""Denom"", ""Ratikon""]","[0.9287623167037964, 0.5666857361793518, 0.44371336698532104, 0.40424489974975586, 0.32187172770500183]"
1,centroid,1,533,Velorum,Velorum,"[""Velorum"", ""Ilias"", ""Nivalis"", ""Ratikon"", ""Denom""]","[0.9305176734924316, 0.6758594512939453, 0.668328046798706, 0.575258731842041, 0.5222083330154419]"
1,centroid,1,534,Velorum,Velorum,"[""Velorum"", ""Nivalis"", ""Ilias"", ""Ratikon"", ""Denom""]","[0.8971643447875977, 0.5717133283615112, 0.4810550808906555, 0.4040129780769348, 0.37009164690971375]"
1,centroid,1,535,Velorum,Velorum,"[""Velorum"", ""Ilias"", ""Triton"", ""Mytikas"", ""Trius""]","[0.8319742679595947, 0.6233161091804504, 0.5944702625274658, 0.569328784942627, 0.40799084305763245]"
1,centroid,1,536,Velorum,Velorum,"[""Velorum"", ""Ilias"", ""Turbine"", ""Alcatras"", ""Alaris""]","[0.8120078444480896, 0.3458247780799866, 0.33985599875450134, 0.32281720638275146, 0.248968243598938]"
1,centroid,1,537,Velorum,Velorum,"[""Velorum"", ""Nivalis"", ""Denom"", ""Ilias"", ""Ratikon""]","[0.8510867357254028, 0.6567206382751465, 0.563860297203064, 0.5265234112739563, 0.4608103036880493]"
1,centroid,1,538,Velorum,Velorum,"[""Velorum"", ""Ilias"", ""Nivalis"", ""Denom"", ""Ratikon""]","[0.9574066400527954, 0.6003291010856628, 0.5694195032119751, 0.4728454351425171, 0.4296293258666992]"
1,centroid,1,539,Velorum,Velorum,"[""Velorum"", ""Nivalis"", ""Ilias"", ""Denom"", ""Ratikon""]","[0.9262429475784302, 0.44370800256729126, 0.44155919551849365, 0.4327499270439148, 0.32193267345428467]"
1,centroid,1,540,Velorum,Velorum,"[""Velorum"", ""Ilias"", ""Nivalis"", ""Triton"", ""Denom""]","[0.9432704448699951, 0.6016204357147217, 0.41696977615356445, 0.392040878534317, 0.37314534187316895]"
1,centroid,1,541,Velorum,Velorum,"[""Velorum"", ""Ilias"", ""Triton"", ""Trius"", ""Ratikon""]","[0.8297424912452698, 0.4881647527217865, 0.4585965573787689, 0.40123680233955383, 0.39305803179740906]"
1,centroid,1,542,Velorum,Velorum,"[""Velorum"", ""Denom"", ""Ilias"", ""Ratikon"", ""Nivalis""]","[0.6868703365325928, 0.5411243438720703, 0.5088385343551636, 0.453316867351532, 0.2503116726875305]"
1,centroid,1,543,Velorum,Velorum,"[""Velorum"", ""Nivalis"", ""Denom"", ""Ilias"", ""Ratikon""]","[0.9035220146179199, 0.7062588334083557, 0.62800532579422, 0.566918134689331, 0.5505000352859497]"
1,centroid,1,544,Velorum,Velorum,"[""Velorum"", ""Trius"", ""Ilias"", ""Triton"", ""Nivalis""]","[0.9416469931602478, 0.44142791628837585, 0.39936232566833496, 0.3763861060142517, 0.356507271528244]"
1,centroid,1,545,Velorum,Velorum,"[""Velorum"", ""Nivalis"", ""Ilias"", ""Denom"", ""Ratikon""]","[0.9248771071434021, 0.6536549925804138, 0.606578528881073, 0.5398222804069519, 0.4967590570449829]"
1,centroid,1,546,Velorum,Velorum,"[""Velorum"", ""Nivalis"", ""Ilias"", ""Denom"", ""Ratikon""]","[0.924655556678772, 0.6749364137649536, 0.5032681226730347, 0.4685491919517517, 0.46734482049942017]"
1,centroid,1,547,Velorum,Velorum,"[""Velorum"", ""Ilias"", ""Denom"", ""Ratikon"", ""Nivalis""]","[0.8610671758651733, 0.7923152446746826, 0.6954116225242615, 0.6750785708427429, 0.6341639161109924]"
1,centroid,1,548,Velorum,Velorum,"[""Velorum"", ""Nivalis"", ""Denom"", ""Ilias"", ""Ratikon""]","[0.8487811088562012, 0.6908468008041382, 0.5452194213867188, 0.5025367736816406, 0.4000597596168518]"
1,centroid,1,549,Velorum,Velorum,"[""Velorum"", ""Ilias"", ""Nivalis"", ""Alcatras"", ""Ratikon""]","[0.9460175037384033, 0.4099162817001343, 0.3830430209636688, 0.3152320384979248, 0.28877806663513184]"
1,centroid,1,550,Velorum,Velorum,"[""Velorum"", ""Alcatras"", ""Nivalis"", ""Ilias"", ""Trius""]","[0.8874186873435974, 0.33227109909057617, 0.30873024463653564, 0.26826012134552, 0.25884515047073364]"
1,centroid,1,551,Velorum,Velorum,"[""Velorum"", ""Ilias"", ""Nivalis"", ""Ratikon"", ""Denom""]","[0.9500274658203125, 0.5049384832382202, 0.4514930248260498, 0.3364182114601135, 0.28137749433517456]"
1,centroid,1,552,Velorum,Velorum,"[""Velorum"", ""Nivalis"", ""Ilias"", ""Denom"", ""Ratikon""]","[0.937751293182373, 0.616994321346283, 0.5834519863128662, 0.5008323192596436, 0.4459659457206726]"
1,centroid,1,553,Velorum,Velorum,"[""Velorum"", ""Triton"", ""Alcatras"", ""Castor"", ""Mytikas""]","[0.8531054258346558, 0.557709813117981, 0.4649558663368225, 0.41937434673309326, 0.35527899861335754]"
1,centroid,1,554,Velorum,Velorum,"[""Velorum"", ""Triton"", ""Ilias"", ""Denom"", ""Trius""]","[0.8403302431106567, 0.4510284960269928, 0.4492868483066559, 0.4288235008716583, 0.37344568967819214]"
1,centroid,1,555,Velorum,Velorum,"[""Velorum"", ""Alcatras"", ""Trius"", ""Alaris"", ""Castor""]","[0.8123670816421509, 0.5019503235816956, 0.4457363486289978, 0.4017075300216675, 0.3552256226539612]"
1,centroid,1,556,Velorum,Velorum,"[""Velorum"", ""Ilias"", ""Ratikon"", ""Nivalis"", ""Denom""]","[0.9269679188728333, 0.5205014944076538, 0.44355785846710205, 0.41449540853500366, 0.320261687040329]"
1,centroid,1,557,Velorum,Velorum,"[""Velorum"", ""Nivalis"", ""Mytikas"", ""Triton"", ""Castor""]","[0.8691220283508301, 0.41698044538497925, 0.3668813407421112, 0.364261269569397, 0.33289772272109985]"
1,centroid,1,558,Velorum,Velorum,"[""Velorum"", ""Ilias"", ""Denom"", ""Nivalis"", ""Ratikon""]","[0.8638477921485901, 0.5833226442337036, 0.5393538475036621, 0.5012509822845459, 0.4696294963359833]"
1,centroid,1,559,Velorum,Velorum,"[""Velorum"", ""Ilias"", ""Nivalis"", ""Denom"", ""Ratikon""]","[0.9497600793838501, 0.49457108974456787, 0.4741918742656708, 0.29839837551116943, 0.2866322994232178]"
1,centroid,1,560,Velorum,Velorum,"[""Velorum"", ""Trius"", ""Triton"", ""Alcatras"", ""Mytikas""]","[0.8481827974319458, 0.5324406623840332, 0.4761195182800293, 0.43225258588790894, 0.41853344440460205]"
1,centroid,1,561,Velorum,Velorum,"[""Velorum"", ""Ilias"", ""Triton"", ""Trius"", ""Mytikas""]","[0.8948565721511841, 0.5446298718452454, 0.40136802196502686, 0.38244593143463135, 0.35418957471847534]"
1,centroid,1,562,Velorum,Velorum,"[""Velorum"", ""Ilias"", ""Denom"", ""Nivalis"", ""Ratikon""]","[0.9101648330688477, 0.5452603101730347, 0.5273635387420654, 0.46342384815216064, 0.45831623673439026]"
1,centroid,1,563,Velorum,Velorum,"[""Velorum"", ""Triton"", ""Trius"", ""Ratikon"", ""Ilias""]","[0.8852895498275757, 0.4225841164588928, 0.4058888852596283, 0.4018547236919403, 0.3977351188659668]"
1,centroid,1,564,Velorum,Velorum,"[""Velorum"", ""Nivalis"", ""Ilias"", ""Denom"", ""Ratikon""]","[0.9251084327697754, 0.5478518009185791, 0.5179761648178101, 0.4195992052555084, 0.34376242756843567]"
1,centroid,1,565,Velorum,Velorum,"[""Velorum"", ""Triton"", ""Trius"", ""Ilias"", ""Mytikas""]","[0.902674674987793, 0.505240261554718, 0.50313401222229, 0.4069003462791443, 0.3530152440071106]"
1,centroid,1,566,Velorum,Velorum,"[""Velorum"", ""Nivalis"", ""Denom"", ""Ilias"", ""Ratikon""]","[0.8780708312988281, 0.5888828039169312, 0.3974929749965668, 0.3408986032009125, 0.30902010202407837]"
1,centroid,1,567,Velorum,Velorum,"[""Velorum"", ""Trius"", ""Ilias"", ""Alaris"", ""Alcatras""]","[0.8476231098175049, 0.4590037763118744, 0.3725113272666931, 0.3548961877822876, 0.34859901666641235]"
1,centroid,1,568,Velorum,Velorum,"[""Velorum"", ""Ilias"", ""Nivalis"", ""Ratikon"", ""Denom""]","[0.9552932977676392, 0.41783177852630615, 0.38473063707351685, 0.342007040977478, 0.3331748843193054]"
1,centroid,1,569,Velorum,Velorum,"[""Velorum"", ""Ilias"", ""Denom"", ""Nivalis"", ""Trius""]","[0.8743655681610107, 0.36878299713134766, 0.3547411262989044, 0.34755855798721313, 0.3003655672073364]"
1,centroid,1,570,Velorum,Velorum,"[""Velorum"", ""Ilias"", ""Ratikon"", ""Nivalis"", ""Denom""]","[0.8650738000869751, 0.8190513253211975, 0.7671414017677307, 0.7648144960403442, 0.7186909914016724]"
1,centroid,1,571,Velorum,Velorum,"[""Velorum"", ""Nivalis"", ""Ilias"", ""Alcatras"", ""Castor""]","[0.9160858392715454, 0.37359192967414856, 0.3288991451263428, 0.22199569642543793, 0.22101157903671265]"
1,centroid,1,572,Velorum,Velorum,"[""Velorum"", ""Nivalis"", ""Ilias"", ""Triton"", ""Mytikas""]","[0.9139077663421631, 0.5370527505874634, 0.5085368752479553, 0.49009454250335693, 0.4196186661720276]"
1,centroid,1,573,Velorum,Castor,"[""Castor"", ""Velorum"", ""Alcatras"", ""Mytikas"", ""Triton""]","[0.7123614549636841, 0.5879268050193787, 0.5742772817611694, 0.5056276917457581, 0.4044516682624817]"
1,centroid,1,574,Xtreme,Xtreme,"[""Xtreme"", ""Gemini"", ""Steel_Wheel"", ""Mytikas"", ""Braga""]","[0.9453580975532532, 0.4648621082305908, 0.31087085604667664, 0.13542123138904572, 0.06394051015377045]"
1,centroid,1,575,Xtreme,Xtreme,"[""Xtreme"", ""Gemini"", ""Mytikas"", ""Ilias"", ""Braga""]","[0.9588718414306641, 0.6574615240097046, 0.1655881404876709, 0.15426525473594666, 0.12019571661949158]"
1,centroid,1,576,Xtreme,Xtreme,"[""Xtreme"", ""Gemini"", ""Hawk"", ""Braga"", ""Steel_Wheel""]","[0.8385097980499268, 0.5754278898239136, 0.26647862792015076, 0.18507207930088043, 0.11061213910579681]"
1,centroid,1,577,Xtreme,Xtreme,"[""Xtreme"", ""Braga"", ""Mytikas"", ""Castor"", ""Gemini""]","[0.7328397035598755, 0.5086644887924194, 0.42175912857055664, 0.3944404125213623, 0.3820315897464752]"
1,centroid,1,578,Xtreme,Xtreme,"[""Xtreme"", ""Gemini"", ""Steel_Wheel"", ""Ilias"", ""Denom""]","[0.9368941783905029, 0.5049178600311279, 0.21485421061515808, 0.18341374397277832, 0.1742141842842102]"
1,centroid,1,579,Xtreme,Xtreme,"[""Xtreme"", ""Gemini"", ""Steel_Wheel"", ""Braga"", ""Mytikas""]","[0.9393327236175537, 0.5322614908218384, 0.11039100587368011, 0.1065286323428154, 0.08088915050029755]"
1,centroid,1,580,Xtreme,Xtreme,"[""Xtreme"", ""Gemini"", ""Mytikas"", ""Triton"", ""Braga""]","[0.8941458463668823, 0.5829433798789978, 0.3281782865524292, 0.29364708065986633, 0.24376335740089417]"
1,centroid,1,581,Xtreme,Xtreme,"[""Xtreme"", ""Gemini"", ""Ilias"", ""Mytikas"", ""Steel_Wheel""]","[0.9261220693588257, 0.68999183177948, 0.15695834159851074, 0.08084619045257568, 0.07368031144142151]"
1,centroid,1,582,Xtreme,Xtreme,"[""Xtreme"", ""Gemini"", ""Ilias"", ""Mytikas"", ""Steel_Wheel""]","[0.8466669917106628, 0.4864799380302429, 0.3023392856121063, 0.1480603665113449, 0.1281370371580124]"
1,centroid,1,583,Xtreme,Xtreme,"[""Xtreme"", ""Gemini"", ""Mytikas"", ""Steel_Wheel"", ""Velorum""]","[0.9027416706085205, 0.41368433833122253, 0.1780925989151001, 0.1562679409980774, 0.1356787085533142]"
1,centroid,1,584,Xtreme,Xtreme,"[""Xtreme"", ""Gemini"", ""Mytikas"", ""Braga"", ""Trius""]","[0.9193347692489624, 0.5797505378723145, 0.19200751185417175, 0.1547076404094696, 0.1527833342552185]"
1,centroid,1,585,Xtreme,Xtreme,"[""Xtreme"", ""Gemini"", ""Steel_Wheel"", ""Braga"", ""Hawk""]","[0.9400196075439453, 0.6622252464294434, 0.09326193481683731, 0.04818195849657059, -0.020461898297071457]"
1,centroid,1,586,Xtreme,Xtreme,"[""Xtreme"", ""Gemini"", ""Trius"", ""Velorum"", ""Braga""]","[0.6928149461746216, 0.534156084060669, 0.4418399930000305, 0.2689054012298584, 0.23758836090564728]"
1,centroid,1,587,Xtreme,Xtreme,"[""Xtreme"", ""Mytikas"", ""Gemini"", ""Braga"", ""Triton""]","[0.8700153231620789, 0.38084083795547485, 0.36723792552948, 0.20755670964717865, 0.15000389516353607]"
1,centroid,1,588,Xtreme,Xtreme,"[""Xtreme"", ""Gemini"", ""Steel_Wheel"", ""Hawk"", ""Mytikas""]","[0.9133308529853821, 0.542647123336792, 0.1339249610900879, 0.13084864616394043, 0.0867709368467331]"
1,centroid,1,589,Xtreme,Xtreme,"[""Xtreme"", ""Gemini"", ""Mytikas"", ""Braga"", ""Steel_Wheel""]","[0.9236546754837036, 0.4493361711502075, 0.22908303141593933, 0.17514193058013916, 0.17504146695137024]"
1,centroid,1,590,Xtreme,Xtreme,"[""Xtreme"", ""Gemini"", ""Braga"", ""Mytikas"", ""Steel_Wheel""]","[0.9420592188835144, 0.5660442113876343, 0.13145163655281067, 0.07980873435735703, 0.07523627579212189]"
1,centroid,1,591,Xtreme,Xtreme,"[""Xtreme"", ""Gemini"", ""Steel_Wheel"", ""Velorum"", ""Nivalis""]","[0.9303944110870361, 0.4737425446510315, 0.24320174753665924, 0.17114022374153137, 0.09529512375593185]"
1,centroid,1,592,Xtreme,Xtreme,"[""Xtreme"", ""Gemini"", ""Mytikas"", ""Braga"", ""Steel_Wheel""]","[0.938532829284668, 0.43409794569015503, 0.1897166669368744, 0.16999229788780212, 0.14770647883415222]"
1,centroid,1,593,Xtreme,Xtreme,"[""Xtreme"", ""Gemini"", ""Steel_Wheel"", ""Braga"", ""Ilias""]","[0.9614130854606628, 0.574804425239563, 0.09355202317237854, 0.04103540629148483, 0.029061496257781982]"
1,centroid,1,594,Xtreme,Xtreme,"[""Xtreme"", ""Gemini"", ""Steel_Wheel"", ""Mytikas"", ""Ilias""]","[0.9580925703048706, 0.4878620207309723, 0.21084977686405182, 0.09747140109539032, 0.08697737753391266]"
1,centroid,1,595,Xtreme,Xtreme,"[""Xtreme"", ""Gemini"", ""Steel_Wheel"", ""Denom"", ""Ilias""]","[0.9429139494895935, 0.6285048723220825, 0.1500369906425476, 0.1166950911283493, 0.0378396101295948]"
1,centroid,1,596,Xtreme,Xtreme,"[""Xtreme"", ""Gemini"", ""Mytikas"", ""Braga"", ""Steel_Wheel""]","[0.9621490836143494, 0.6434434652328491, 0.17891258001327515, 0.1496090292930603, 0.09673399478197098]"
1,centroid,1,597,Xtreme,Xtreme,"[""Xtreme"", ""Gemini"", ""Steel_Wheel"", ""Denom"", ""Ilias""]","[0.9598701596260071, 0.5735539197921753, 0.19616830348968506, 0.019115976989269257, 0.011793302372097969]"
1,centroid,1,598,Xtreme,Xtreme,"[""Xtreme"", ""Gemini"", ""Velorum"", ""Mytikas"", ""Braga""]","[0.8220832347869873, 0.4491334557533264, 0.2928999662399292, 0.14224717020988464, 0.11840452253818512]"
1,centroid,1,599,Xtreme,Xtreme,"[""Xtreme"", ""Gemini"", ""Steel_Wheel"", ""Nivalis"", ""Denom""]","[0.9218763113021851, 0.46207496523857117, 0.2896585166454315, 0.06601662933826447, 0.059579137712717056]"
1,centroid,1,600,Xtreme,Xtreme,"[""Xtreme"", ""Gemini"", ""Steel_Wheel"", ""Mytikas"", ""Braga""]","[0.9560264348983765, 0.644374668598175, 0.15329623222351074, 0.08878268301486969, 0.030761634930968285]"
1,centroid,1,601,Xtreme,Xtreme,"[""Xtreme"", ""Gemini"", ""Mytikas"", ""Steel_Wheel"", ""Trius""]","[0.9016311168670654, 0.6097293496131897, 0.25816044211387634, 0.1700894832611084, 0.1605735719203949]"
1,centroid,1,602,Xtreme,Xtreme,"[""Xtreme"", ""Gemini"", ""Ilias"", ""Steel_Wheel"", ""Velorum""]","[0.9412967562675476, 0.5081275701522827, 0.13445761799812317, 0.12401054799556732, 0.10655076801776886]"
1,centroid,1,603,Xtreme,Xtreme,"[""Xtreme"", ""Gemini"", ""Steel_Wheel"", ""Velorum"", ""Denom""]","[0.9532315731048584, 0.477043092250824, 0.18153943121433258, 0.03867075592279434, 0.013942979276180267]"
1,centroid,1,604,Xtreme,Xtreme,"[""Xtreme"", ""Gemini"", ""Steel_Wheel"", ""Mytikas"", ""Velorum""]","[0.9251831769943237, 0.4214029908180237, 0.32582515478134155, 0.16620281338691711, 0.1194697842001915]"
1,centroid,1,605,Xtreme,Xtreme,"[""Xtreme"", ""Gemini"", ""Braga"", ""Hawk"", ""Mytikas""]","[0.9139915704727173, 0.4737621545791626, 0.2508963942527771, 0.1665145456790924, 0.11817599833011627]"
1,centroid,1,606,Xtreme,Xtreme,"[""Xtreme"", ""Gemini"", ""Steel_Wheel"", ""Velorum"", ""Ilias""]","[0.8215964436531067, 0.3068976104259491, 0.2356347143650055, 0.08196312189102173, -0.01265455037355423]"
1,centroid,1,607,Xtreme,Xtreme,"[""Xtreme"", ""Gemini"", ""Steel_Wheel"", ""Ilias"", ""Denom""]","[0.9681975245475769, 0.60297691822052, 0.17260059714317322, 0.08153797686100006, -0.0009339824318885803]"
1,centroid,1,608,Xtreme,Xtreme,"[""Xtreme"", ""Gemini"", ""Ilias"", ""Mytikas"", ""Triton""]","[0.8823854327201843, 0.4770473837852478, 0.29619109630584717, 0.24242454767227173, 0.17055965960025787]"
1,centroid,1,609,Xtreme,Xtreme,"[""Xtreme"", ""Gemini"", ""Ilias"", ""Steel_Wheel"", ""Mytikas""]","[0.8853564858436584, 0.3516257405281067, 0.2275230586528778, 0.14082542061805725, 0.12622594833374023]"
1,centroid,1,610,Xtreme,Xtreme,"[""Xtreme"", ""Gemini"", ""Mytikas"", ""Steel_Wheel"", ""Triton""]","[0.9188275933265686, 0.43403539061546326, 0.3499082326889038, 0.17803093791007996, 0.16870136559009552]"
1,centroid,1,611,Xtreme,Xtreme,"[""Xtreme"", ""Gemini"", ""Nivalis"", ""Steel_Wheel"", ""Velorum""]","[0.8572933673858643, 0.5276451110839844, 0.15294304490089417, 0.15126720070838928, 0.04082339629530907]"
