fold,retrieval_mode,topn,query_index,true_label,top1_predicted_label,top_k_labels,top_k_scores
0,centroid,1,0,Alaris,Alaris,"[""Alaris"", ""Alcatras"", ""Braga"", ""Hawk"", ""Trius""]","[0.8333306312561035, 0.6965681910514832, 0.615158200263977, 0.510110080242157, 0.4900645911693573]"
0,centroid,1,1,Alaris,Alaris,"[""Alaris"", ""Alcatras"", ""Trius"", ""Vega"", ""Turbine""]","[0.8969854712486267, 0.6189011335372925, 0.5438197255134583, 0.37263885140419006, 0.36291441321372986]"
0,centroid,1,2,Alaris,Alcatras,"[""Alcatras"", ""Alaris"", ""Trius"", ""Braga"", ""Castor""]","[0.8715237379074097, 0.7916456460952759, 0.6495714783668518, 0.532658576965332, 0.4422321915626526]"
0,centroid,1,3,Alaris,Alaris,"[""Alaris"", ""Alcatras"", ""Hawk"", ""Braga"", ""Turbine""]","[0.677388072013855, 0.4737774729728699, 0.46801459789276123, 0.41648605465888977, 0.40071994066238403]"
0,centroid,1,4,Alaris,Alaris,"[""Alaris"", ""Alcatras"", ""Trius"", ""Braga"", ""Turbine""]","[0.7927950620651245, 0.6423696279525757, 0.44942164421081543, 0.3147900700569153, 0.2716374099254608]"
0,centroid,1,5,Alaris,Alaris,"[""Alaris"", ""Alcatras"", ""Trius"", ""Triton"", ""Braga""]","[0.7777263522148132, 0.7303379774093628, 0.5491326451301575, 0.4941999912261963, 0.431010365486145]"
0,centroid,1,6,Alaris,Alaris,"[""Alaris"", ""Alcatras"", ""Trius"", ""Braga"", ""Turbine""]","[0.9183342456817627, 0.6608960628509521, 0.6140729188919067, 0.4410105347633362, 0.340859591960907]"
0,centroid,1,7,Alaris,Alaris,"[""Alaris"", ""Alcatras"", ""Hawk"", ""Braga"", ""Trius""]","[0.7522929310798645, 0.6319962739944458, 0.4458633363246918, 0.4163057208061218, 0.32994237542152405]"
0,centroid,1,8,Alaris,Alaris,"[""Alaris"", ""Alcatras"", ""Braga"", ""Hawk"", ""Trius""]","[0.872061550617218, 0.7551957368850708, 0.6105613708496094, 0.42587023973464966, 0.4023435115814209]"
0,centroid,1,9,Alaris,Alaris,"[""Alaris"", ""Alcatras"", ""Trius"", ""Castor"", ""Braga""]","[0.791717529296875, 0.7107997536659241, 0.5480252504348755, 0.4108356833457947, 0.4038090109825134]"
0,centroid,1,10,Alaris,Alaris,"[""Alaris"", ""Alcatras"", ""Trius"", ""Braga"", ""Turbine""]","[0.9025818109512329, 0.765262246131897, 0.5655571222305298, 0.5466868877410889, 0.41241106390953064]"
0,centroid,1,11,Alaris,Alcatras,"[""Alcatras"", ""Alaris"", ""Braga"", ""Castor"", ""Trius""]","[0.8803154826164246, 0.7038363814353943, 0.6279991865158081, 0.5051142573356628, 0.39991194009780884]"
0,centroid,1,12,Alaris,Alcatras,"[""Alcatras"", ""Alaris"", ""Trius"", ""Mytikas"", ""Vega""]","[0.5055723786354065, 0.4649088680744171, 0.3863016366958618, 0.36367711424827576, 0.28646743297576904]"
0,centroid,1,13,Alaris,Braga,"[""Braga"", ""Hawk"", ""Castor"", ""Alaris"", ""Alcatras""]","[0.6776130199432373, 0.5608698129653931, 0.4561678469181061, 0.3523639738559723, 0.3369206190109253]"
0,centroid,1,14,Alaris,Alcatras,"[""Alcatras"", ""Braga"", ""Castor"", ""Turbine"", ""Alaris""]","[0.6492877006530762, 0.6338506937026978, 0.6049501895904541, 0.4974847137928009, 0.49315184354782104]"
0,centroid,1,15,Alaris,Alaris,"[""Alaris"", ""Alcatras"", ""Braga"", ""Trius"", ""Castor""]","[0.8320446014404297, 0.8024967312812805, 0.6120204329490662, 0.45389634370803833, 0.41422730684280396]"
0,centroid,1,16,Alaris,Alaris,"[""Alaris"", ""Alcatras"", ""Hawk"", ""Trius"", ""Braga""]","[0.8528258204460144, 0.6062053442001343, 0.3756285309791565, 0.3333057463169098, 0.28642064332962036]"
0,centroid,1,17,Alaris,Alaris,"[""Alaris"", ""Alcatras"", ""Trius"", ""Triton"", ""Braga""]","[0.8207798600196838, 0.7113588452339172, 0.6115626096725464, 0.47790011763572693, 0.43555116653442383]"
0,centroid,1,18,Alaris,Alaris,"[""Alaris"", ""Alcatras"", ""Trius"", ""Braga"", ""Turbine""]","[0.9200862646102905, 0.5745556354522705, 0.3971290588378906, 0.2741400897502899, 0.21384671330451965]"
0,centroid,1,19,Alaris,Alaris,"[""Alaris"", ""Braga"", ""Alcatras"", ""Hawk"", ""Trius""]","[0.7913525104522705, 0.6045504808425903, 0.5502064228057861, 0.4015428423881531, 0.31384938955307007]"
0,centroid,1,20,Alaris,Braga,"[""Braga"", ""Alaris"", ""Alcatras"", ""Trius"", ""Castor""]","[0.7652163505554199, 0.6511726379394531, 0.6127243041992188, 0.5707663297653198, 0.3197205662727356]"
0,centroid,1,21,Alaris,Alaris,"[""Alaris"", ""Trius"", ""Triton"", ""Alcatras"", ""Ilias""]","[0.7108376026153564, 0.6445913314819336, 0.40315359830856323, 0.37110620737075806, 0.32290351390838623]"
0,centroid,1,22,Alaris,Braga,"[""Braga"", ""Alaris"", ""Trius"", ""Alcatras"", ""Triton""]","[0.7063075304031372, 0.6900210380554199, 0.6541934609413147, 0.4651767611503601, 0.4056435525417328]"
0,centroid,1,23,Alaris,Trius,"[""Trius"", ""Mytikas"", ""Vega"", ""Alaris"", ""Alcatras""]","[0.6791640520095825, 0.5561748743057251, 0.5375181436538696, 0.517477810382843, 0.440456748008728]"
0,centroid,1,24,Alaris,Alaris,"[""Alaris"", ""Alcatras"", ""Trius"", ""Ratikon"", ""Castor""]","[0.7134391069412231, 0.4103981852531433, 0.2594519257545471, 0.24281467497348785, 0.13377302885055542]"
0,centroid,1,25,Alaris,Alaris,"[""Alaris"", ""Trius"", ""Alcatras"", ""Triton"", ""Mytikas""]","[0.7041565775871277, 0.6128917932510376, 0.5989862680435181, 0.44975948333740234, 0.3806687593460083]"
0,centroid,1,26,Alaris,Alaris,"[""Alaris"", ""Trius"", ""Alcatras"", ""Triton"", ""Mytikas""]","[0.8342322111129761, 0.6203794479370117, 0.5979807376861572, 0.399076908826828, 0.2675246596336365]"
0,centroid,1,27,Alaris,Alaris,"[""Alaris"", ""Alcatras"", ""Ilias"", ""Hawk"", ""Velorum""]","[0.5421870946884155, 0.40747731924057007, 0.2035752534866333, 0.18550176918506622, 0.18525250256061554]"
0,centroid,1,28,Alcatras,Alcatras,"[""Alcatras"", ""Alaris"", ""Braga"", ""Castor"", ""Hawk""]","[0.8858100175857544, 0.6724017262458801, 0.5540517568588257, 0.4845598340034485, 0.42074519395828247]"
0,centroid,1,29,Alcatras,Alcatras,"[""Alcatras"", ""Trius"", ""Castor"", ""Braga"", ""Alaris""]","[0.8351659178733826, 0.5897533893585205, 0.5317948460578918, 0.5156072378158569, 0.44545602798461914]"
0,centroid,1,30,Alcatras,Alcatras,"[""Alcatras"", ""Alaris"", ""Castor"", ""Braga"", ""Trius""]","[0.8835210204124451, 0.6371808052062988, 0.49854153394699097, 0.32138675451278687, 0.29773348569869995]"
0,centroid,1,31,Alcatras,Alcatras,"[""Alcatras"", ""Alaris"", ""Trius"", ""Castor"", ""Triton""]","[0.7795166969299316, 0.7275872230529785, 0.6485391855239868, 0.5162581205368042, 0.47591233253479004]"
0,centroid,1,32,Alcatras,Alcatras,"[""Alcatras"", ""Castor"", ""Braga"", ""Alaris"", ""Triton""]","[0.8158913850784302, 0.7252063751220703, 0.5003201961517334, 0.42331087589263916, 0.2769377827644348]"
0,centroid,1,33,Alcatras,Alcatras,"[""Alcatras"", ""Castor"", ""Triton"", ""Trius"", ""Mytikas""]","[0.8010212182998657, 0.7644404172897339, 0.6002777814865112, 0.5139672160148621, 0.49575021862983704]"
0,centroid,1,34,Alcatras,Alcatras,"[""Alcatras"", ""Alaris"", ""Castor"", ""Trius"", ""Braga""]","[0.9031630754470825, 0.6306372880935669, 0.6113576889038086, 0.5838346481323242, 0.5400373935699463]"
0,centroid,1,35,Alcatras,Alcatras,"[""Alcatras"", ""Hawk"", ""Braga"", ""Alaris"", ""Castor""]","[0.6699075698852539, 0.5389419198036194, 0.4415201246738434, 0.3441108465194702, 0.336614727973938]"
0,centroid,1,36,Alcatras,Turbine,"[""Turbine"", ""Alaris"", ""Hawk"", ""Alcatras"", ""Vega""]","[0.7912204265594482, 0.6461089849472046, 0.5849181413650513, 0.5794765949249268, 0.4420224130153656]"
0,centroid,1,37,Alcatras,Alcatras,"[""Alcatras"", ""Castor"", ""Alaris"", ""Braga"", ""Hawk""]","[0.7973316311836243, 0.6601020693778992, 0.6453346610069275, 0.47370314598083496, 0.3681527376174927]"
0,centroid,1,38,Alcatras,Alcatras,"[""Alcatras"", ""Alaris"", ""Braga"", ""Castor"", ""Hawk""]","[0.8554508686065674, 0.6942062377929688, 0.502457320690155, 0.49521586298942566, 0.4226039946079254]"
0,centroid,1,39,Alcatras,Alcatras,"[""Alcatras"", ""Alaris"", ""Castor"", ""Turbine"", ""Braga""]","[0.8071171641349792, 0.7286084294319153, 0.5500362515449524, 0.43632441759109497, 0.42554375529289246]"
0,centroid,1,40,Alcatras,Alcatras,"[""Alcatras"", ""Alaris"", ""Castor"", ""Braga"", ""Mytikas""]","[0.8790760636329651, 0.5991853475570679, 0.5938083529472351, 0.5549153089523315, 0.44732269644737244]"
0,centroid,1,41,Alcatras,Alcatras,"[""Alcatras"", ""Braga"", ""Alaris"", ""Castor"", ""Vega""]","[0.86213219165802, 0.603486180305481, 0.5679143667221069, 0.4841482639312744, 0.4452478885650635]"
0,centroid,1,42,Alcatras,Alcatras,"[""Alcatras"", ""Triton"", ""Castor"", ""Mytikas"", ""Trius""]","[0.7382935881614685, 0.6943793296813965, 0.6813889145851135, 0.6475505232810974, 0.5479234457015991]"
0,centroid,1,43,Alcatras,Turbine,"[""Turbine"", ""Trius"", ""Castor"", ""Alcatras"", ""Braga""]","[0.7175296545028687, 0.6120215654373169, 0.5328748226165771, 0.487994521856308, 0.47767728567123413]"
0,centroid,1,44,Alcatras,Alcatras,"[""Alcatras"", ""Castor"", ""Triton"", ""Trius"", ""Alaris""]","[0.8759124279022217, 0.7923260927200317, 0.6240100860595703, 0.6029525399208069, 0.5950497388839722]"
0,centroid,1,45,Alcatras,Alcatras,"[""Alcatras"", ""Alaris"", ""Castor"", ""Braga"", ""Mytikas""]","[0.9225560426712036, 0.6432112455368042, 0.6276018619537354, 0.5586538314819336, 0.555496096611023]"
0,centroid,1,46,Alcatras,Castor,"[""Castor"", ""Alcatras"", ""Triton"", ""Turbine"", ""Mytikas""]","[0.6401259899139404, 0.544623076915741, 0.3236391544342041, 0.31161296367645264, 0.2542424499988556]"
0,centroid,1,47,Alcatras,Alcatras,"[""Alcatras"", ""Alaris"", ""Braga"", ""Trius"", ""Castor""]","[0.8800793886184692, 0.7502234578132629, 0.6208896040916443, 0.49484148621559143, 0.4650109112262726]"
0,centroid,1,48,Alcatras,Alcatras,"[""Alcatras"", ""Alaris"", ""Castor"", ""Braga"", ""Trius""]","[0.9517087936401367, 0.7536037564277649, 0.6085253953933716, 0.6059703230857849, 0.572083592414856]"
0,centroid,1,49,Alcatras,Alcatras,"[""Alcatras"", ""Alaris"", ""Castor"", ""Braga"", ""Hawk""]","[0.8149203062057495, 0.6118208169937134, 0.5450829267501831, 0.5232230424880981, 0.45627522468566895]"
0,centroid,1,50,Alcatras,Alcatras,"[""Alcatras"", ""Castor"", ""Trius"", ""Alaris"", ""Triton""]","[0.8642822504043579, 0.6855659484863281, 0.6308873891830444, 0.6128551363945007, 0.5038841962814331]"
0,centroid,1,51,Alcatras,Alaris,"[""Alaris"", ""Hawk"", ""Alcatras"", ""Turbine"", ""Steel_Wheel""]","[0.5773415565490723, 0.5408329963684082, 0.5178395509719849, 0.38651520013809204, 0.22386449575424194]"
0,centroid,1,52,Alcatras,Alcatras,"[""Alcatras"", ""Alaris"", ""Braga"", ""Trius"", ""Castor""]","[0.7880839705467224, 0.7596838474273682, 0.6203122138977051, 0.44466322660446167, 0.3989630341529846]"
0,centroid,1,53,Alcatras,Alcatras,"[""Alcatras"", ""Braga"", ""Alaris"", ""Castor"", ""Mytikas""]","[0.7955434918403625, 0.5912553668022156, 0.5812134742736816, 0.41114503145217896, 0.40765947103500366]"
0,centroid,1,54,Braga,Braga,"[""Braga"", ""Alaris"", ""Turbine"", ""Alcatras"", ""Trius""]","[0.8082271814346313, 0.518298864364624, 0.49042701721191406, 0.47939664125442505, 0.4385468661785126]"
0,centroid,1,55,Braga,Velorum,"[""Velorum"", ""Triton"", ""Braga"", ""Trius"", ""Castor""]","[0.5278646349906921, 0.3563072979450226, 0.35261619091033936, 0.2933712601661682, 0.2911553382873535]"
0,centroid,1,56,Braga,Braga,"[""Braga"", ""Hawk"", ""Alaris"", ""Alcatras"", ""Turbine""]","[0.8643106818199158, 0.5977025032043457, 0.5670065879821777, 0.542374849319458, 0.5157992243766785]"
0,centroid,1,57,Braga,Braga,"[""Braga"", ""Gemini"", ""Trius"", ""Vega"", ""Alaris""]","[0.8644440174102783, 0.4978533089160919, 0.4664832055568695, 0.4101793169975281, 0.305653840303421]"
0,centroid,1,58,Braga,Braga,"[""Braga"", ""Gemini"", ""Hawk"", ""Turbine"", ""Vega""]","[0.6618742346763611, 0.5703830718994141, 0.5023362636566162, 0.47134411334991455, 0.4659198224544525]"
0,centroid,1,59,Braga,Braga,"[""Braga"", ""Vega"", ""Alcatras"", ""Hawk"", ""Triton""]","[0.8780301809310913, 0.5124233365058899, 0.4943537414073944, 0.43725383281707764, 0.37512943148612976]"
0,centroid,1,60,Braga,Braga,"[""Braga"", ""Turbine"", ""Vega"", ""Gemini"", ""Castor""]","[0.6824345588684082, 0.5770790576934814, 0.4891955852508545, 0.3986383080482483, 0.2993641197681427]"
0,centroid,1,61,Braga,Braga,"[""Braga"", ""Triton"", ""Castor"", ""Trius"", ""Turbine""]","[0.7616739273071289, 0.6565157175064087, 0.6061762571334839, 0.5845765471458435, 0.5764979124069214]"
0,centroid,1,62,Braga,Braga,"[""Braga"", ""Castor"", ""Turbine"", ""Alcatras"", ""Alaris""]","[0.833337664604187, 0.5533207654953003, 0.5415635108947754, 0.49933061003685, 0.3333554267883301]"
0,centroid,1,63,Braga,Braga,"[""Braga"", ""Trius"", ""Turbine"", ""Gemini"", ""Triton""]","[0.8512923717498779, 0.47577357292175293, 0.47395285964012146, 0.43935996294021606, 0.3332558870315552]"
0,centroid,1,64,Braga,Braga,"[""Braga"", ""Castor"", ""Turbine"", ""Alcatras"", ""Triton""]","[0.8472578525543213, 0.6518574953079224, 0.5927660465240479, 0.5595242977142334, 0.4357699155807495]"
0,centroid,1,65,Braga,Braga,"[""Braga"", ""Castor"", ""Alcatras"", ""Trius"", ""Triton""]","[0.9147331118583679, 0.6918452978134155, 0.6212911605834961, 0.5490018725395203, 0.5222367644309998]"
0,centroid,1,66,Braga,Braga,"[""Braga"", ""Trius"", ""Triton"", ""Alcatras"", ""Castor""]","[0.7860439419746399, 0.629119873046875, 0.623744785785675, 0.5646052360534668, 0.4943613111972809]"
0,centroid,1,67,Braga,Castor,"[""Castor"", ""Braga"", ""Alcatras"", ""Turbine"", ""Alaris""]","[0.7345491647720337, 0.7008695602416992, 0.6549992561340332, 0.5180295705795288, 0.5014951229095459]"
0,centroid,1,68,Braga,Braga,"[""Braga"", ""Triton"", ""Castor"", ""Trius"", ""Alcatras""]","[0.8353056311607361, 0.6010816097259521, 0.6000586748123169, 0.5809578895568848, 0.5487991571426392]"
0,centroid,1,69,Braga,Braga,"[""Braga"", ""Castor"", ""Turbine"", ""Alcatras"", ""Alaris""]","[0.8719369173049927, 0.6303989887237549, 0.5498986840248108, 0.5313838720321655, 0.4701690673828125]"
0,centroid,1,70,Braga,Braga,"[""Braga"", ""Trius"", ""Castor"", ""Alcatras"", ""Triton""]","[0.8942263722419739, 0.5753151178359985, 0.5127900838851929, 0.4485701620578766, 0.44608503580093384]"
0,centroid,1,71,Braga,Braga,"[""Braga"", ""Castor"", ""Turbine"", ""Trius"", ""Mytikas""]","[0.9187732934951782, 0.5135263800621033, 0.47777125239372253, 0.4593748152256012, 0.42294102907180786]"
0,centroid,1,72,Braga,Braga,"[""Braga"", ""Turbine"", ""Castor"", ""Triton"", ""Gemini""]","[0.6846824884414673, 0.6338818669319153, 0.4488692879676819, 0.36476558446884155, 0.2909671664237976]"
0,centroid,1,73,Braga,Braga,"[""Braga"", ""Castor"", ""Turbine"", ""Alcatras"", ""Hawk""]","[0.8467979431152344, 0.6985663771629333, 0.5207662582397461, 0.5175029635429382, 0.44632142782211304]"
0,centroid,1,74,Braga,Braga,"[""Braga"", ""Vega"", ""Turbine"", ""Gemini"", ""Hawk""]","[0.7670037150382996, 0.5232440829277039, 0.48910582065582275, 0.40288254618644714, 0.34638670086860657]"
0,centroid,1,75,Braga,Braga,"[""Braga"", ""Triton"", ""Trius"", ""Castor"", ""Mytikas""]","[0.8329368829727173, 0.6274117231369019, 0.6159889698028564, 0.5908358693122864, 0.5244056582450867]"
0,centroid,1,76,Braga,Triton,"[""Triton"", ""Trius"", ""Mytikas"", ""Alcatras"", ""Braga""]","[0.8206139802932739, 0.646158754825592, 0.5390596985816956, 0.5134322643280029, 0.4075780510902405]"
0,centroid,1,77,Braga,Triton,"[""Triton"", ""Mytikas"", ""Trius"", ""Velorum"", ""Castor""]","[0.6029635667800903, 0.5833265781402588, 0.5197027921676636, 0.519626259803772, 0.4759148955345154]"
0,centroid,1,78,Braga,Braga,"[""Braga"", ""Alcatras"", ""Castor"", ""Trius"", ""Triton""]","[0.8932135105133057, 0.6205281019210815, 0.6026637554168701, 0.5928709506988525, 0.5492011308670044]"
0,centroid,1,79,Braga,Braga,"[""Braga"", ""Hawk"", ""Turbine"", ""Vega"", ""Castor""]","[0.7248349189758301, 0.7089869379997253, 0.5857104659080505, 0.4022972881793976, 0.3672691583633423]"
0,centroid,1,80,Braga,Braga,"[""Braga"", ""Trius"", ""Castor"", ""Alcatras"", ""Triton""]","[0.8606759309768677, 0.6260873079299927, 0.5995303392410278, 0.5355336666107178, 0.5211113691329956]"
0,centroid,1,81,Braga,Braga,"[""Braga"", ""Triton"", ""Mytikas"", ""Trius"", ""Castor""]","[0.7751046419143677, 0.6613113880157471, 0.6099002361297607, 0.5886638164520264, 0.49245744943618774]"
0,centroid,1,82,Braga,Braga,"[""Braga"", ""Alcatras"", ""Trius"", ""Mytikas"", ""Castor""]","[0.9336992502212524, 0.5162575244903564, 0.4796958863735199, 0.3778443932533264, 0.375030517578125]"
0,centroid,1,83,Braga,Vega,"[""Vega"", ""Braga"", ""Mytikas"", ""Trius"", ""Triton""]","[0.6496498584747314, 0.4102461338043213, 0.35719382762908936, 0.34643927216529846, 0.32565709948539734]"
0,centroid,1,84,Braga,Braga,"[""Braga"", ""Trius"", ""Alaris"", ""Alcatras"", ""Turbine""]","[0.8478267788887024, 0.7152496576309204, 0.6555315256118774, 0.5892994403839111, 0.5812866687774658]"
0,centroid,1,85,Braga,Braga,"[""Braga"", ""Hawk"", ""Turbine"", ""Castor"", ""Alaris""]","[0.7776491045951843, 0.5565921068191528, 0.5348179340362549, 0.3951539993286133, 0.3807172477245331]"
0,centroid,1,86,Braga,Braga,"[""Braga"", ""Alcatras"", ""Trius"", ""Alaris"", ""Turbine""]","[0.885113000869751, 0.6008301973342896, 0.5898178815841675, 0.5494519472122192, 0.5339269638061523]"
0,centroid,1,87,Braga,Braga,"[""Braga"", ""Turbine"", ""Hawk"", ""Vega"", ""Gemini""]","[0.6769834756851196, 0.5262702107429504, 0.4784402847290039, 0.41326168179512024, 0.32012462615966797]"
0,centroid,1,88,Braga,Braga,"[""Braga"", ""Turbine"", ""Castor"", ""Trius"", ""Alaris""]","[0.8003353476524353, 0.6637957096099854, 0.4968325197696686, 0.46409931778907776, 0.4427693486213684]"
0,centroid,1,89,Braga,Braga,"[""Braga"", ""Alcatras"", ""Trius"", ""Alaris"", ""Castor""]","[0.8864157199859619, 0.6665030717849731, 0.5723922848701477, 0.540980339050293, 0.5408073663711548]"
0,centroid,1,90,Braga,Braga,"[""Braga"", ""Turbine"", ""Hawk"", ""Vega"", ""Alaris""]","[0.834906280040741, 0.5841827392578125, 0.383445680141449, 0.3719920516014099, 0.3381025791168213]"
0,centroid,1,91,Braga,Braga,"[""Braga"", ""Turbine"", ""Hawk"", ""Alcatras"", ""Alaris""]","[0.8733029365539551, 0.5117281079292297, 0.4994036555290222, 0.4274663031101227, 0.4027292728424072]"
0,centroid,1,92,Castor,Castor,"[""Castor"", ""Mytikas"", ""Triton"", ""Alcatras"", ""Trius""]","[0.8504623174667358, 0.6960909366607666, 0.6748876571655273, 0.5405848026275635, 0.42110949754714966]"
0,centroid,1,93,Castor,Castor,"[""Castor"", ""Braga"", ""Alcatras"", ""Turbine"", ""Triton""]","[0.9433377981185913, 0.6806563138961792, 0.5912163257598877, 0.5210267305374146, 0.45828884840011597]"
0,centroid,1,94,Castor,Castor,"[""Castor"", ""Alcatras"", ""Triton"", ""Mytikas"", ""Braga""]","[0.948961615562439, 0.6718668937683105, 0.5552412271499634, 0.540743350982666, 0.4857408106327057]"
0,centroid,1,95,Castor,Castor,"[""Castor"", ""Braga"", ""Turbine"", ""Triton"", ""Alcatras""]","[0.9229212403297424, 0.47777020931243896, 0.4290273189544678, 0.41235917806625366, 0.33351677656173706]"
0,centroid,1,96,Castor,Castor,"[""Castor"", ""Alcatras"", ""Turbine"", ""Braga"", ""Alaris""]","[0.8998541831970215, 0.7479786276817322, 0.503548264503479, 0.3953250050544739, 0.3948790431022644]"
0,centroid,1,97,Castor,Castor,"[""Castor"", ""Alcatras"", ""Turbine"", ""Mytikas"", ""Triton""]","[0.859201967716217, 0.5180706977844238, 0.507258415222168, 0.48471373319625854, 0.47951000928878784]"
0,centroid,1,98,Castor,Castor,"[""Castor"", ""Alcatras"", ""Triton"", ""Braga"", ""Trius""]","[0.8359426259994507, 0.5978714227676392, 0.5961999297142029, 0.5827223062515259, 0.5167844891548157]"
0,centroid,1,99,Castor,Castor,"[""Castor"", ""Alcatras"", ""Braga"", ""Triton"", ""Turbine""]","[0.9137565493583679, 0.6506085991859436, 0.6444576978683472, 0.4341410994529724, 0.4238675534725189]"
0,centroid,1,100,Castor,Castor,"[""Castor"", ""Alcatras"", ""Alaris"", ""Turbine"", ""Braga""]","[0.7553083896636963, 0.7398480176925659, 0.5604532957077026, 0.5302175283432007, 0.4046182632446289]"
0,centroid,1,101,Castor,Alcatras,"[""Alcatras"", ""Castor"", ""Braga"", ""Alaris"", ""Trius""]","[0.8365997672080994, 0.6716704368591309, 0.5853483080863953, 0.3961946964263916, 0.3936597406864166]"
0,centroid,1,102,Castor,Castor,"[""Castor"", ""Triton"", ""Braga"", ""Mytikas"", ""Trius""]","[0.7907779216766357, 0.488233745098114, 0.4164157509803772, 0.35759228467941284, 0.30461573600769043]"
0,centroid,1,103,Castor,Castor,"[""Castor"", ""Triton"", ""Turbine"", ""Braga"", ""Mytikas""]","[0.8958383798599243, 0.49741119146347046, 0.4373149275779724, 0.39305558800697327, 0.3673921227455139]"
0,centroid,1,104,Castor,Castor,"[""Castor"", ""Braga"", ""Alcatras"", ""Triton"", ""Trius""]","[0.7459248900413513, 0.7442793846130371, 0.7207508087158203, 0.6580860018730164, 0.609657883644104]"
0,centroid,1,105,Castor,Castor,"[""Castor"", ""Alcatras"", ""Braga"", ""Turbine"", ""Triton""]","[0.8689157962799072, 0.6660422086715698, 0.44033151865005493, 0.39749282598495483, 0.3609296381473541]"
0,centroid,1,106,Castor,Castor,"[""Castor"", ""Alcatras"", ""Braga"", ""Triton"", ""Mytikas""]","[0.8193071484565735, 0.7900661826133728, 0.6907658576965332, 0.6422698497772217, 0.5703660249710083]"
0,centroid,1,107,Castor,Castor,"[""Castor"", ""Alcatras"", ""Turbine"", ""Braga"", ""Alaris""]","[0.8874690532684326, 0.5856637954711914, 0.5366834402084351, 0.491832971572876, 0.44342339038848877]"
0,centroid,1,108,Castor,Castor,"[""Castor"", ""Triton"", ""Braga"", ""Alcatras"", ""Mytikas""]","[0.8762310743331909, 0.5852513909339905, 0.5697735548019409, 0.5301687717437744, 0.3640230894088745]"
0,centroid,1,109,Castor,Castor,"[""Castor"", ""Turbine"", ""Alcatras"", ""Braga"", ""Alaris""]","[0.8832196593284607, 0.5001813173294067, 0.48127448558807373, 0.42331790924072266, 0.2660059928894043]"
0,centroid,1,110,Castor,Castor,"[""Castor"", ""Alcatras"", ""Triton"", ""Mytikas"", ""Velorum""]","[0.8173123002052307, 0.6119459271430969, 0.6055063605308533, 0.5550246834754944, 0.44121241569519043]"
0,centroid,1,111,Castor,Castor,"[""Castor"", ""Alcatras"", ""Triton"", ""Braga"", ""Mytikas""]","[0.8439852595329285, 0.676738977432251, 0.4871711730957031, 0.45922839641571045, 0.39966994524002075]"
0,centroid,1,112,Castor,Castor,"[""Castor"", ""Triton"", ""Alcatras"", ""Mytikas"", ""Trius""]","[0.8587703704833984, 0.6257732510566711, 0.5885800123214722, 0.5832269191741943, 0.5735281705856323]"
0,centroid,1,113,Castor,Castor,"[""Castor"", ""Mytikas"", ""Triton"", ""Braga"", ""Alcatras""]","[0.8360506296157837, 0.7090681791305542, 0.6338376998901367, 0.4825701117515564, 0.46307986974716187]"
0,centroid,1,114,Castor,Castor,"[""Castor"", ""Braga"", ""Turbine"", ""Alcatras"", ""Triton""]","[0.9162025451660156, 0.5328053832054138, 0.5278645753860474, 0.45659857988357544, 0.25919386744499207]"
0,centroid,1,115,Castor,Castor,"[""Castor"", ""Braga"", ""Alcatras"", ""Turbine"", ""Alaris""]","[0.8924803733825684, 0.5888093113899231, 0.5486512184143066, 0.37147998809814453, 0.2869315445423126]"
0,centroid,1,116,Castor,Castor,"[""Castor"", ""Triton"", ""Mytikas"", ""Trius"", ""Braga""]","[0.7814548015594482, 0.6164605617523193, 0.4750491678714752, 0.4471472501754761, 0.42374199628829956]"
0,centroid,1,117,Castor,Turbine,"[""Turbine"", ""Castor"", ""Alcatras"", ""Braga"", ""Alaris""]","[0.8265540599822998, 0.772227942943573, 0.5007230043411255, 0.41166913509368896, 0.33598557114601135]"
0,centroid,1,118,Castor,Castor,"[""Castor"", ""Triton"", ""Braga"", ""Turbine"", ""Mytikas""]","[0.8689945936203003, 0.45817476511001587, 0.45630964636802673, 0.3946645259857178, 0.3014376163482666]"
0,centroid,1,119,Castor,Castor,"[""Castor"", ""Triton"", ""Alcatras"", ""Turbine"", ""Braga""]","[0.920090913772583, 0.4653691053390503, 0.43737927079200745, 0.3968433141708374, 0.2899567782878876]"
0,centroid,1,120,Castor,Castor,"[""Castor"", ""Alcatras"", ""Turbine"", ""Triton"", ""Braga""]","[0.8900426626205444, 0.6164569854736328, 0.5090811252593994, 0.49227961897850037, 0.39314067363739014]"
0,centroid,1,121,Castor,Castor,"[""Castor"", ""Alcatras"", ""Triton"", ""Turbine"", ""Mytikas""]","[0.9622703790664673, 0.5425534248352051, 0.46764346957206726, 0.4521487355232239, 0.4168962836265564]"
0,centroid,1,122,Castor,Castor,"[""Castor"", ""Alcatras"", ""Turbine"", ""Braga"", ""Triton""]","[0.930629312992096, 0.6091071963310242, 0.5765427350997925, 0.4436407685279846, 0.4073192775249481]"
0,centroid,1,123,Castor,Castor,"[""Castor"", ""Alcatras"", ""Triton"", ""Mytikas"", ""Velorum""]","[0.847341775894165, 0.693140983581543, 0.5448727607727051, 0.4511308968067169, 0.4068485498428345]"
0,centroid,1,124,Denom,Ilias,"[""Ilias"", ""Velorum"", ""Denom"", ""Nivalis"", ""Ratikon""]","[0.7562238574028015, 0.6723278760910034, 0.6341675519943237, 0.5007604360580444, 0.448350191116333]"
0,centroid,1,125,Denom,Denom,"[""Denom"", ""Ratikon"", ""Nivalis"", ""Ilias"", ""Velorum""]","[0.968841552734375, 0.6905649900436401, 0.6651899814605713, 0.4953339993953705, 0.33582794666290283]"
0,centroid,1,126,Denom,Denom,"[""Denom"", ""Nivalis"", ""Ratikon"", ""Velorum"", ""Ilias""]","[0.9683870077133179, 0.666359543800354, 0.6662646532058716, 0.5123974084854126, 0.5117079019546509]"
0,centroid,1,127,Denom,Denom,"[""Denom"", ""Nivalis"", ""Ratikon"", ""Ilias"", ""Velorum""]","[0.817240834236145, 0.7280144095420837, 0.6629459261894226, 0.6614671945571899, 0.44258785247802734]"
0,centroid,1,128,Denom,Denom,"[""Denom"", ""Ratikon"", ""Nivalis"", ""Ilias"", ""Velorum""]","[0.9273495078086853, 0.7966654896736145, 0.7797195315361023, 0.5853875875473022, 0.3350293040275574]"
0,centroid,1,129,Denom,Denom,"[""Denom"", ""Nivalis"", ""Ratikon"", ""Ilias"", ""Velorum""]","[0.9278829097747803, 0.6448982954025269, 0.6102287173271179, 0.38260185718536377, 0.3255673348903656]"
0,centroid,1,130,Denom,Steel_Wheel,"[""Steel_Wheel"", ""Ratikon"", ""Denom"", ""Gemini"", ""Nivalis""]","[0.4297633767127991, 0.38056203722953796, 0.37084588408470154, 0.36254429817199707, 0.3581548035144806]"
0,centroid,1,131,Denom,Denom,"[""Denom"", ""Ratikon"", ""Nivalis"", ""Ilias"", ""Velorum""]","[0.948494017124176, 0.730914831161499, 0.7223129272460938, 0.5146744251251221, 0.3980100750923157]"
0,centroid,1,132,Denom,Denom,"[""Denom"", ""Ratikon"", ""Nivalis"", ""Ilias"", ""Velorum""]","[0.8540819883346558, 0.7039673328399658, 0.602666437625885, 0.23536817729473114, 0.1235349029302597]"
0,centroid,1,133,Denom,Denom,"[""Denom"", ""Ratikon"", ""Ilias"", ""Nivalis"", ""Velorum""]","[0.9162878394126892, 0.6838394403457642, 0.6479082107543945, 0.6362413167953491, 0.5270690321922302]"
0,centroid,1,134,Denom,Velorum,"[""Velorum"", ""Denom"", ""Ilias"", ""Nivalis"", ""Trius""]","[0.7365707159042358, 0.6808145642280579, 0.4619625508785248, 0.2856723666191101, 0.2505042850971222]"
0,centroid,1,135,Denom,Denom,"[""Denom"", ""Ratikon"", ""Nivalis"", ""Ilias"", ""Velorum""]","[0.9314945340156555, 0.7371339201927185, 0.6455061435699463, 0.4527686834335327, 0.2968791723251343]"
0,centroid,1,136,Denom,Ratikon,"[""Ratikon"", ""Denom"", ""Nivalis"", ""Ilias"", ""Vega""]","[0.7394723892211914, 0.6463637351989746, 0.5280421376228333, 0.20092502236366272, 0.04960332065820694]"
0,centroid,1,137,Denom,Denom,"[""Denom"", ""Ratikon"", ""Ilias"", ""Nivalis"", ""Velorum""]","[0.8401005268096924, 0.6958571672439575, 0.6441608667373657, 0.49295568466186523, 0.36622917652130127]"
0,centroid,1,138,Denom,Denom,"[""Denom"", ""Ratikon"", ""Nivalis"", ""Ilias"", ""Velorum""]","[0.8993573188781738, 0.8006978631019592, 0.5981056690216064, 0.5435119867324829, 0.29060977697372437]"
0,centroid,1,139,Denom,Denom,"[""Denom"", ""Velorum"", ""Nivalis"", ""Ilias"", ""Ratikon""]","[0.8765615224838257, 0.6899396181106567, 0.6004887819290161, 0.5755650997161865, 0.5679638385772705]"
0,centroid,1,140,Denom,Denom,"[""Denom"", ""Ratikon"", ""Nivalis"", ""Ilias"", ""Velorum""]","[0.951607882976532, 0.7949828505516052, 0.6840766668319702, 0.47843945026397705, 0.23795507848262787]"
0,centroid,1,141,Denom,Denom,"[""Denom"", ""Ratikon"", ""Ilias"", ""Nivalis"", ""Velorum""]","[0.911536693572998, 0.5229381322860718, 0.49176323413848877, 0.4435063302516937, 0.4338153600692749]"
0,centroid,1,142,Denom,Denom,"[""Denom"", ""Ratikon"", ""Nivalis"", ""Ilias"", ""Velorum""]","[0.9620035290718079, 0.63456130027771, 0.60727858543396, 0.5724232196807861, 0.4659910798072815]"
0,centroid,1,143,Denom,Denom,"[""Denom"", ""Velorum"", ""Ilias"", ""Ratikon"", ""Nivalis""]","[0.8561596274375916, 0.5591320395469666, 0.5554855465888977, 0.545078456401825, 0.42782020568847656]"
0,centroid,1,144,Denom,Denom,"[""Denom"", ""Ratikon"", ""Nivalis"", ""Ilias"", ""Velorum""]","[0.9306211471557617, 0.6719939708709717, 0.49049848318099976, 0.42265450954437256, 0.24709540605545044]"
0,centroid,1,145,Denom,Denom,"[""Denom"", ""Ratikon"", ""Nivalis"", ""Ilias"", ""Xtreme""]","[0.831943154335022, 0.5968160629272461, 0.4964646100997925, 0.4148639738559723, 0.15083234012126923]"
0,centroid,1,146,Denom,Denom,"[""Denom"", ""Ratikon"", ""Nivalis"", ""Ilias"", ""Velorum""]","[0.9252358675003052, 0.7694982290267944, 0.6746762990951538, 0.5781209468841553, 0.3501448631286621]"
0,centroid,1,147,Denom,Ratikon,"[""Ratikon"", ""Denom"", ""Ilias"", ""Nivalis"", ""Velorum""]","[0.7700477242469788, 0.7478015422821045, 0.727622389793396, 0.6599611639976501, 0.6436357498168945]"
0,centroid,1,148,Denom,Ratikon,"[""Ratikon"", ""Denom"", ""Nivalis"", ""Ilias"", ""Velorum""]","[0.8225584030151367, 0.812959611415863, 0.6325621604919434, 0.3688255548477173, -0.06881684064865112]"
0,centroid,1,149,Denom,Denom,"[""Denom"", ""Nivalis"", ""Ratikon"", ""Velorum"", ""Ilias""]","[0.8735747337341309, 0.697687029838562, 0.49611252546310425, 0.4035683572292328, 0.3832988739013672]"
0,centroid,1,150,Denom,Denom,"[""Denom"", ""Ratikon"", ""Ilias"", ""Nivalis"", ""Velorum""]","[0.9120989441871643, 0.7543370723724365, 0.648566484451294, 0.5178687572479248, 0.34470242261886597]"
0,centroid,1,151,Denom,Denom,"[""Denom"", ""Ratikon"", ""Nivalis"", ""Velorum"", ""Ilias""]","[0.8821452856063843, 0.5405721664428711, 0.5031298398971558, 0.45914226770401, 0.40895795822143555]"
0,centroid,1,152,Denom,Denom,"[""Denom"", ""Ratikon"", ""Nivalis"", ""Ilias"", ""Velorum""]","[0.8351094722747803, 0.8331432342529297, 0.8012468218803406, 0.6543465852737427, 0.525447428226471]"
0,centroid,1,153,Denom,Denom,"[""Denom"", ""Nivalis"", ""Ratikon"", ""Ilias"", ""Velorum""]","[0.8603167533874512, 0.6298733949661255, 0.567644476890564, 0.5119978785514832, 0.3298933207988739]"
0,centroid,1,154,Denom,Denom,"[""Denom"", ""Ilias"", ""Ratikon"", ""Nivalis"", ""Velorum""]","[0.9168936014175415, 0.613901674747467, 0.5869346857070923, 0.5806453227996826, 0.5556068420410156]"
0,centroid,1,155,Denom,Denom,"[""Denom"", ""Ratikon"", ""Nivalis"", ""Ilias"", ""Gemini""]","[0.830593466758728, 0.5402776598930359, 0.38495099544525146, 0.37567585706710815, 0.1857067346572876]"
0,centroid,1,156,Denom,Denom,"[""Denom"", ""Ratikon"", ""Nivalis"", ""Ilias"", ""Velorum""]","[0.93105149269104, 0.5919734239578247, 0.4758414030075073, 0.3466038107872009, 0.2976478338241577]"
0,centroid,1,157,Denom,Denom,"[""Denom"", ""Ratikon"", ""Nivalis"", ""Ilias"", ""Velorum""]","[0.8464568853378296, 0.7618007659912109, 0.761411190032959, 0.4609431326389313, 0.312239408493042]"
0,centroid,1,158,Denom,Denom,"[""Denom"", ""Velorum"", ""Nivalis"", ""Ilias"", ""Ratikon""]","[0.8423521518707275, 0.7092174887657166, 0.6776865124702454, 0.5446393489837646, 0.5073878169059753]"
0,centroid,1,159,Denom,Denom,"[""Denom"", ""Ratikon"", ""Nivalis"", ""Ilias"", ""Velorum""]","[0.9013367295265198, 0.7612836956977844, 0.684843897819519, 0.6448100805282593, 0.5538419485092163]"
0,centroid,1,160,Denom,Denom,"[""Denom"", ""Ratikon"", ""Nivalis"", ""Ilias"", ""Velorum""]","[0.8774102926254272, 0.6201573610305786, 0.5973829030990601, 0.551002562046051, 0.36186498403549194]"
0,centroid,1,161,Denom,Denom,"[""Denom"", ""Ratikon"", ""Nivalis"", ""Ilias"", ""Velorum""]","[0.8868634104728699, 0.715973973274231, 0.6805949211120605, 0.3410336375236511, 0.2946361303329468]"
0,centroid,1,162,Gemini,Gemini,"[""Gemini"", ""Xtreme"", ""Velorum"", ""Trius"", ""Triton""]","[0.6841588020324707, 0.38634562492370605, 0.36712169647216797, 0.3357866406440735, 0.30290281772613525]"
0,centroid,1,163,Gemini,Gemini,"[""Gemini"", ""Xtreme"", ""Vega"", ""Hawk"", ""Braga""]","[0.8631378412246704, 0.26859453320503235, 0.2648237943649292, 0.23647162318229675, 0.013690438121557236]"
0,centroid,1,164,Gemini,Gemini,"[""Gemini"", ""Hawk"", ""Trius"", ""Alaris"", ""Vega""]","[0.5523403882980347, 0.4361991882324219, 0.4036766290664673, 0.3946302831172943, 0.3533318042755127]"
0,centroid,1,165,Gemini,Gemini,"[""Gemini"", ""Xtreme"", ""Braga"", ""Hawk"", ""Vega""]","[0.8907796144485474, 0.45134875178337097, 0.20889389514923096, 0.11868152022361755, 0.07374904304742813]"
0,centroid,1,166,Gemini,Gemini,"[""Gemini"", ""Xtreme"", ""Vega"", ""Hawk"", ""Braga""]","[0.8859102725982666, 0.5275800824165344, 0.2872975170612335, 0.264126718044281, 0.043126076459884644]"
0,centroid,1,167,Gemini,Alaris,"[""Alaris"", ""Alcatras"", ""Hawk"", ""Gemini"", ""Braga""]","[0.5741541385650635, 0.4771890640258789, 0.37965354323387146, 0.32264840602874756, 0.2762499749660492]"
0,centroid,1,168,Gemini,Gemini,"[""Gemini"", ""Xtreme"", ""Vega"", ""Hawk"", ""Denom""]","[0.7106900811195374, 0.2509673237800598, 0.20351280272006989, 0.1872321367263794, 0.06895198673009872]"
0,centroid,1,169,Gemini,Gemini,"[""Gemini"", ""Vega"", ""Xtreme"", ""Trius"", ""Hawk""]","[0.7520796060562134, 0.38434481620788574, 0.34268712997436523, 0.30858346819877625, 0.2834869623184204]"
0,centroid,1,170,Gemini,Gemini,"[""Gemini"", ""Xtreme"", ""Hawk"", ""Mytikas"", ""Ilias""]","[0.7278693914413452, 0.4959537088871002, 0.1868499219417572, 0.1725241243839264, 0.10466374456882477]"
0,centroid,1,171,Gemini,Gemini,"[""Gemini"", ""Vega"", ""Xtreme"", ""Hawk"", ""Braga""]","[0.6995565891265869, 0.5112780332565308, 0.4679202437400818, 0.2679256200790405, 0.17036163806915283]"
0,centroid,1,172,Gemini,Gemini,"[""Gemini"", ""Xtreme"", ""Hawk"", ""Vega"", ""Steel_Wheel""]","[0.7454752922058105, 0.34586188197135925, 0.15876981616020203, 0.11154288798570633, 0.00870107114315033]"
0,centroid,1,173,Gemini,Gemini,"[""Gemini"", ""Xtreme"", ""Vega"", ""Braga"", ""Trius""]","[0.8384912014007568, 0.5011494755744934, 0.33879172801971436, 0.22038929164409637, 0.1919153779745102]"
0,centroid,1,174,Gemini,Gemini,"[""Gemini"", ""Vega"", ""Trius"", ""Braga"", ""Alaris""]","[0.7297393083572388, 0.6263266205787659, 0.3156896233558655, 0.2568788230419159, 0.12972939014434814]"
0,centroid,1,175,Gemini,Gemini,"[""Gemini"", ""Xtreme"", ""Braga"", ""Vega"", ""Trius""]","[0.8964434862136841, 0.31109151244163513, 0.27993178367614746, 0.2215496003627777, 0.14361777901649475]"
0,centroid,1,176,Gemini,Trius,"[""Trius"", ""Gemini"", ""Steel_Wheel"", ""Mytikas"", ""Xtreme""]","[0.490179181098938, 0.4642361104488373, 0.42605310678482056, 0.41294610500335693, 0.2927602529525757]"
0,centroid,1,177,Gemini,Gemini,"[""Gemini"", ""Xtreme"", ""Hawk"", ""Braga"", ""Denom""]","[0.6370039582252502, 0.4557338356971741, 0.343014121055603, 0.2680889070034027, 0.11198063939809799]"
0,centroid,1,178,Gemini,Gemini,"[""Gemini"", ""Trius"", ""Triton"", ""Mytikas"", ""Xtreme""]","[0.6899807453155518, 0.5919116735458374, 0.5202561020851135, 0.40419042110443115, 0.37774932384490967]"
0,centroid,1,179,Gemini,Gemini,"[""Gemini"", ""Xtreme"", ""Ilias"", ""Braga"", ""Trius""]","[0.7340731620788574, 0.4296887516975403, 0.3240897059440613, 0.25023022294044495, 0.24297747015953064]"
0,centroid,1,180,Gemini,Gemini,"[""Gemini"", ""Xtreme"", ""Vega"", ""Trius"", ""Braga""]","[0.8131611347198486, 0.5023168921470642, 0.40758606791496277, 0.34442591667175293, 0.2759125232696533]"
0,centroid,1,181,Gemini,Gemini,"[""Gemini"", ""Ilias"", ""Nivalis"", ""Denom"", ""Xtreme""]","[0.6813330054283142, 0.3721258044242859, 0.32265275716781616, 0.31936731934547424, 0.2775421440601349]"
0,centroid,1,182,Gemini,Gemini,"[""Gemini"", ""Xtreme"", ""Braga"", ""Trius"", ""Vega""]","[0.913840115070343, 0.600109338760376, 0.32941997051239014, 0.19988827407360077, 0.15814372897148132]"
0,centroid,1,183,Gemini,Gemini,"[""Gemini"", ""Xtreme"", ""Vega"", ""Hawk"", ""Braga""]","[0.8963812589645386, 0.4247589111328125, 0.2367108166217804, 0.09645452350378036, 0.018704013898968697]"
0,centroid,1,184,Gemini,Gemini,"[""Gemini"", ""Xtreme"", ""Trius"", ""Braga"", ""Denom""]","[0.8520278930664062, 0.30406454205513, 0.2908152937889099, 0.1988675892353058, 0.1324518322944641]"
0,centroid,1,185,Gemini,Gemini,"[""Gemini"", ""Xtreme"", ""Hawk"", ""Vega"", ""Ilias""]","[0.860701322555542, 0.2808578312397003, 0.2789294421672821, 0.27490025758743286, 0.021987996995449066]"
0,centroid,1,186,Gemini,Gemini,"[""Gemini"", ""Xtreme"", ""Vega"", ""Braga"", ""Trius""]","[0.8026857972145081, 0.54970383644104, 0.21130888164043427, 0.2051580846309662, 0.11914552748203278]"
0,centroid,1,187,Gemini,Gemini,"[""Gemini"", ""Vega"", ""Braga"", ""Xtreme"", ""Hawk""]","[0.8088348507881165, 0.5408056974411011, 0.4502330422401428, 0.31044697761535645, 0.24240343272686005]"
0,centroid,1,188,Gemini,Gemini,"[""Gemini"", ""Xtreme"", ""Hawk"", ""Vega"", ""Steel_Wheel""]","[0.7443423271179199, 0.4187335968017578, 0.25820785760879517, 0.06885698437690735, 0.04443136602640152]"
0,centroid,1,189,Gemini,Gemini,"[""Gemini"", ""Xtreme"", ""Braga"", ""Turbine"", ""Hawk""]","[0.748612105846405, 0.49564075469970703, 0.3063731789588928, 0.15504062175750732, 0.11450498551130295]"
0,centroid,1,190,Hawk,Hawk,"[""Hawk"", ""Mytikas"", ""Alcatras"", ""Vega"", ""Alaris""]","[0.6482523083686829, 0.3204890787601471, 0.3144771456718445, 0.2956995964050293, 0.25773483514785767]"
0,centroid,1,191,Hawk,Hawk,"[""Hawk"", ""Turbine"", ""Alaris"", ""Braga"", ""Alcatras""]","[0.9324979186058044, 0.4517691135406494, 0.381191611289978, 0.3680284023284912, 0.2386142611503601]"
0,centroid,1,192,Hawk,Hawk,"[""Hawk"", ""Alcatras"", ""Braga"", ""Alaris"", ""Vega""]","[0.8569146394729614, 0.5450906753540039, 0.5018842816352844, 0.48566949367523193, 0.39715081453323364]"
0,centroid,1,193,Hawk,Hawk,"[""Hawk"", ""Mytikas"", ""Turbine"", ""Braga"", ""Vega""]","[0.6727615594863892, 0.4755803346633911, 0.35864758491516113, 0.1783161163330078, 0.11796431988477707]"
0,centroid,1,194,Hawk,Alcatras,"[""Alcatras"", ""Hawk"", ""Alaris"", ""Castor"", ""Braga""]","[0.6850900650024414, 0.6183134317398071, 0.5922102928161621, 0.35180801153182983, 0.33372560143470764]"
0,centroid,1,195,Hawk,Hawk,"[""Hawk"", ""Vega"", ""Alaris"", ""Turbine"", ""Gemini""]","[0.8056078553199768, 0.6176530122756958, 0.4006507992744446, 0.2840157449245453, 0.17913079261779785]"
0,centroid,1,196,Hawk,Hawk,"[""Hawk"", ""Turbine"", ""Vega"", ""Braga"", ""Alaris""]","[0.818626880645752, 0.26091617345809937, 0.2575535774230957, 0.227678582072258, 0.22494202852249146]"
0,centroid,1,197,Hawk,Hawk,"[""Hawk"", ""Braga"", ""Alcatras"", ""Alaris"", ""Turbine""]","[0.8532091379165649, 0.486297607421875, 0.4813707172870636, 0.38400983810424805, 0.3570990562438965]"
0,centroid,1,198,Hawk,Hawk,"[""Hawk"", ""Braga"", ""Alcatras"", ""Gemini"", ""Alaris""]","[0.8512547612190247, 0.355449378490448, 0.28127947449684143, 0.26864445209503174, 0.25627070665359497]"
0,centroid,1,199,Hawk,Hawk,"[""Hawk"", ""Turbine"", ""Braga"", ""Vega"", ""Alcatras""]","[0.9168750047683716, 0.3233257532119751, 0.3211764991283417, 0.2745228409767151, 0.2486841380596161]"
0,centroid,1,200,Hawk,Trius,"[""Trius"", ""Alaris"", ""Turbine"", ""Alcatras"", ""Mytikas""]","[0.6604208946228027, 0.393409788608551, 0.3760233521461487, 0.3637612462043762, 0.33660027384757996]"
0,centroid,1,201,Hawk,Hawk,"[""Hawk"", ""Vega"", ""Turbine"", ""Alaris"", ""Alcatras""]","[0.7158408761024475, 0.5281673073768616, 0.37037184834480286, 0.36988383531570435, 0.19009333848953247]"
0,centroid,1,202,Hawk,Hawk,"[""Hawk"", ""Vega"", ""Alaris"", ""Braga"", ""Turbine""]","[0.900861382484436, 0.41380518674850464, 0.3513396978378296, 0.19999054074287415, 0.1660705804824829]"
0,centroid,1,203,Hawk,Hawk,"[""Hawk"", ""Turbine"", ""Alaris"", ""Alcatras"", ""Braga""]","[0.9139504432678223, 0.40976279973983765, 0.3225274085998535, 0.3049013912677765, 0.26561543345451355]"
0,centroid,1,204,Hawk,Hawk,"[""Hawk"", ""Alaris"", ""Braga"", ""Vega"", ""Turbine""]","[0.8692010641098022, 0.42273715138435364, 0.37883442640304565, 0.3770104646682739, 0.30622416734695435]"
0,centroid,1,205,Hawk,Hawk,"[""Hawk"", ""Vega"", ""Turbine"", ""Alaris"", ""Braga""]","[0.9478420615196228, 0.5089941620826721, 0.4216059446334839, 0.29554110765457153, 0.21599337458610535]"
0,centroid,1,206,Hawk,Hawk,"[""Hawk"", ""Turbine"", ""Braga"", ""Vega"", ""Alaris""]","[0.8960404992103577, 0.5136185884475708, 0.25972387194633484, 0.2349262684583664, 0.16711723804473877]"
0,centroid,1,207,Hawk,Hawk,"[""Hawk"", ""Vega"", ""Turbine"", ""Alaris"", ""Braga""]","[0.9152936935424805, 0.4718877077102661, 0.37135136127471924, 0.24293896555900574, 0.17979426681995392]"
0,centroid,1,208,Hawk,Hawk,"[""Hawk"", ""Braga"", ""Vega"", ""Turbine"", ""Gemini""]","[0.9369407296180725, 0.39412757754325867, 0.38991230726242065, 0.37236642837524414, 0.2718088626861572]"
0,centroid,1,209,Hawk,Hawk,"[""Hawk"", ""Alaris"", ""Turbine"", ""Alcatras"", ""Vega""]","[0.7875542640686035, 0.40442004799842834, 0.30575013160705566, 0.30133256316185, 0.2980463206768036]"
0,centroid,1,210,Hawk,Hawk,"[""Hawk"", ""Alaris"", ""Vega"", ""Braga"", ""Alcatras""]","[0.6031472682952881, 0.46358171105384827, 0.39397406578063965, 0.38460636138916016, 0.3440152406692505]"
0,centroid,1,211,Hawk,Hawk,"[""Hawk"", ""Vega"", ""Braga"", ""Turbine"", ""Alaris""]","[0.9168812036514282, 0.3622775673866272, 0.28063544631004333, 0.2401261329650879, 0.20517274737358093]"
0,centroid,1,212,Hawk,Hawk,"[""Hawk"", ""Turbine"", ""Vega"", ""Mytikas"", ""Braga""]","[0.8368266820907593, 0.37053409218788147, 0.31848597526550293, 0.16350263357162476, 0.1626245230436325]"
0,centroid,1,213,Hawk,Hawk,"[""Hawk"", ""Turbine"", ""Braga"", ""Vega"", ""Gemini""]","[0.8539338111877441, 0.5147622227668762, 0.33727186918258667, 0.28930655121803284, 0.2784549593925476]"
0,centroid,1,214,Hawk,Hawk,"[""Hawk"", ""Alaris"", ""Vega"", ""Turbine"", ""Gemini""]","[0.8162232041358948, 0.4833955764770508, 0.42317718267440796, 0.2599667012691498, 0.12127184867858887]"
0,centroid,1,215,Hawk,Hawk,"[""Hawk"", ""Vega"", ""Turbine"", ""Gemini"", ""Braga""]","[0.8440102338790894, 0.42590951919555664, 0.39316651225090027, 0.31833428144454956, 0.26853811740875244]"
0,centroid,1,216,Ilias,Ilias,"[""Ilias"", ""Velorum"", ""Denom"", ""Ratikon"", ""Nivalis""]","[0.9145276546478271, 0.5197131633758545, 0.4600908160209656, 0.4384459853172302, 0.30098992586135864]"
0,centroid,1,217,Ilias,Ilias,"[""Ilias"", ""Ratikon"", ""Denom"", ""Velorum"", ""Nivalis""]","[0.8686659336090088, 0.6208086013793945, 0.43182140588760376, 0.2397051900625229, 0.20388057827949524]"
0,centroid,1,218,Ilias,Ilias,"[""Ilias"", ""Ratikon"", ""Nivalis"", ""Denom"", ""Velorum""]","[0.7772237658500671, 0.6843409538269043, 0.5874882936477661, 0.5140454769134521, 0.3464583456516266]"
0,centroid,1,219,Ilias,Ilias,"[""Ilias"", ""Ratikon"", ""Denom"", ""Nivalis"", ""Velorum""]","[0.9324971437454224, 0.7415078282356262, 0.5946344137191772, 0.5331138372421265, 0.3791345953941345]"
0,centroid,1,220,Ilias,Ilias,"[""Ilias"", ""Ratikon"", ""Nivalis"", ""Denom"", ""Triton""]","[0.8448718190193176, 0.5407686829566956, 0.49421000480651855, 0.44163021445274353, 0.31042909622192383]"
0,centroid,1,221,Ilias,Velorum,"[""Velorum"", ""Ilias"", ""Nivalis"", ""Denom"", ""Ratikon""]","[0.8321117758750916, 0.7432237863540649, 0.5542035102844238, 0.43243569135665894, 0.38267308473587036]"
0,centroid,1,222,Ilias,Ilias,"[""Ilias"", ""Velorum"", ""Ratikon"", ""Denom"", ""Nivalis""]","[0.8335410952568054, 0.5884621143341064, 0.4764665365219116, 0.4077340364456177, 0.40156614780426025]"
0,centroid,1,223,Ilias,Ilias,"[""Ilias"", ""Ratikon"", ""Nivalis"", ""Denom"", ""Velorum""]","[0.9028995037078857, 0.5456743240356445, 0.43856698274612427, 0.4333396852016449, 0.40100178122520447]"
0,centroid,1,224,Ilias,Ilias,"[""Ilias"", ""Denom"", ""Velorum"", ""Ratikon"", ""Nivalis""]","[0.8411502242088318, 0.6402972936630249, 0.6277444362640381, 0.5675898790359497, 0.4094153642654419]"
0,centroid,1,225,Ilias,Ilias,"[""Ilias"", ""Velorum"", ""Denom"", ""Ratikon"", ""Nivalis""]","[0.7958158254623413, 0.6307088136672974, 0.6092746257781982, 0.5567106008529663, 0.5104398727416992]"
0,centroid,1,226,Ilias,Ilias,"[""Ilias"", ""Denom"", ""Nivalis"", ""Ratikon"", ""Velorum""]","[0.8917170763015747, 0.5765724182128906, 0.5741704106330872, 0.5300476551055908, 0.5232176780700684]"
0,centroid,1,227,Ilias,Velorum,"[""Velorum"", ""Ilias"", ""Mytikas"", ""Triton"", ""Trius""]","[0.6070830821990967, 0.4632892608642578, 0.2469501942396164, 0.2373070865869522, 0.16084975004196167]"
0,centroid,1,228,Ilias,Ilias,"[""Ilias"", ""Ratikon"", ""Velorum"", ""Nivalis"", ""Denom""]","[0.9197884798049927, 0.5015923380851746, 0.4777769446372986, 0.37833893299102783, 0.3701711595058441]"
0,centroid,1,229,Ilias,Ratikon,"[""Ratikon"", ""Ilias"", ""Denom"", ""Nivalis"", ""Vega""]","[0.7446801662445068, 0.7035577297210693, 0.534003496170044, 0.4391213059425354, 0.24817490577697754]"
0,centroid,1,230,Ilias,Ilias,"[""Ilias"", ""Ratikon"", ""Velorum"", ""Nivalis"", ""Triton""]","[0.8960229754447937, 0.5066335201263428, 0.38952186703681946, 0.30071333050727844, 0.3005545139312744]"
0,centroid,1,231,Ilias,Ilias,"[""Ilias"", ""Denom"", ""Velorum"", ""Nivalis"", ""Ratikon""]","[0.5910608172416687, 0.5860191583633423, 0.5646404027938843, 0.5247222185134888, 0.4913337528705597]"
0,centroid,1,232,Ilias,Ilias,"[""Ilias"", ""Ratikon"", ""Denom"", ""Nivalis"", ""Velorum""]","[0.8924254179000854, 0.7877114415168762, 0.7724332809448242, 0.5344446897506714, 0.4256047308444977]"
0,centroid,1,233,Ilias,Ilias,"[""Ilias"", ""Ratikon"", ""Denom"", ""Nivalis"", ""Velorum""]","[0.9531394243240356, 0.702488362789154, 0.6987130045890808, 0.46899354457855225, 0.4437362849712372]"
0,centroid,1,234,Ilias,Velorum,"[""Velorum"", ""Ilias"", ""Denom"", ""Nivalis"", ""Ratikon""]","[0.7021805047988892, 0.6948248744010925, 0.6902542114257812, 0.592508852481842, 0.44930484890937805]"
0,centroid,1,235,Ilias,Ilias,"[""Ilias"", ""Ratikon"", ""Velorum"", ""Denom"", ""Nivalis""]","[0.9021670818328857, 0.5273739099502563, 0.441780686378479, 0.3380674719810486, 0.3357234001159668]"
0,centroid,1,236,Ilias,Ilias,"[""Ilias"", ""Ratikon"", ""Velorum"", ""Denom"", ""Nivalis""]","[0.91856849193573, 0.5316276550292969, 0.5284363031387329, 0.46226388216018677, 0.3585735261440277]"
0,centroid,1,237,Ilias,Ilias,"[""Ilias"", ""Ratikon"", ""Nivalis"", ""Velorum"", ""Denom""]","[0.8172646760940552, 0.777174174785614, 0.6063477993011475, 0.5735882520675659, 0.5392580032348633]"
0,centroid,1,238,Ilias,Ilias,"[""Ilias"", ""Ratikon"", ""Denom"", ""Velorum"", ""Nivalis""]","[0.931368350982666, 0.6998558044433594, 0.6215682625770569, 0.39850932359695435, 0.35203513503074646]"
0,centroid,1,239,Ilias,Ilias,"[""Ilias"", ""Triton"", ""Velorum"", ""Mytikas"", ""Trius""]","[0.756320595741272, 0.6612716913223267, 0.6054934859275818, 0.5355289578437805, 0.4638500511646271]"
0,centroid,1,240,Ilias,Ilias,"[""Ilias"", ""Velorum"", ""Denom"", ""Ratikon"", ""Nivalis""]","[0.7921738028526306, 0.6119371056556702, 0.5962592363357544, 0.4969494938850403, 0.36090677976608276]"
0,centroid,1,241,Ilias,Ilias,"[""Ilias"", ""Denom"", ""Ratikon"", ""Velorum"", ""Gemini""]","[0.8665378093719482, 0.5318435430526733, 0.41802090406417847, 0.3495095372200012, 0.2670774459838867]"
0,centroid,1,242,Ilias,Ilias,"[""Ilias"", ""Velorum"", ""Denom"", ""Ratikon"", ""Nivalis""]","[0.9100721478462219, 0.597465991973877, 0.4929824769496918, 0.4764179289340973, 0.4023662209510803]"
0,centroid,1,243,Ilias,Ilias,"[""Ilias"", ""Nivalis"", ""Denom"", ""Ratikon"", ""Velorum""]","[0.8970215320587158, 0.5864391922950745, 0.568801760673523, 0.5603157877922058, 0.5220595598220825]"
0,centroid,1,244,Ilias,Ilias,"[""Ilias"", ""Denom"", ""Velorum"", ""Ratikon"", ""Xtreme""]","[0.8418992757797241, 0.4692836403846741, 0.46317023038864136, 0.3655359745025635, 0.33081382513046265]"
0,centroid,1,245,Mytikas,Mytikas,"[""Mytikas"", ""Nivalis"", ""Triton"", ""Trius"", ""Steel_Wheel""]","[0.6909496188163757, 0.31296539306640625, 0.3063812255859375, 0.2706460952758789, 0.2673463225364685]"
0,centroid,1,246,Mytikas,Alaris,"[""Alaris"", ""Mytikas"", ""Trius"", ""Alcatras"", ""Triton""]","[0.6269710659980774, 0.6088902950286865, 0.5230646133422852, 0.5144731998443604, 0.5051060318946838]"
0,centroid,1,247,Mytikas,Mytikas,"[""Mytikas"", ""Triton"", ""Turbine"", ""Gemini"", ""Braga""]","[0.5136405229568481, 0.45108386874198914, 0.27631425857543945, 0.2699120342731476, 0.2515307068824768]"
0,centroid,1,248,Mytikas,Triton,"[""Triton"", ""Mytikas"", ""Trius"", ""Castor"", ""Velorum""]","[0.8033267259597778, 0.6963405609130859, 0.5859211087226868, 0.5737330913543701, 0.4985728859901428]"
0,centroid,1,249,Mytikas,Mytikas,"[""Mytikas"", ""Alcatras"", ""Triton"", ""Trius"", ""Castor""]","[0.6895745992660522, 0.6481996774673462, 0.6034495234489441, 0.5457584261894226, 0.4986199140548706]"
0,centroid,1,250,Mytikas,Triton,"[""Triton"", ""Mytikas"", ""Trius"", ""Velorum"", ""Ilias""]","[0.8738226890563965, 0.7929159998893738, 0.6611798405647278, 0.44542133808135986, 0.3585939407348633]"
0,centroid,1,251,Mytikas,Triton,"[""Triton"", ""Mytikas"", ""Trius"", ""Castor"", ""Alcatras""]","[0.9248688220977783, 0.8413573503494263, 0.5119288563728333, 0.4521840810775757, 0.37561166286468506]"
0,centroid,1,252,Mytikas,Mytikas,"[""Mytikas"", ""Triton"", ""Castor"", ""Alcatras"", ""Alaris""]","[0.6814996004104614, 0.6100026369094849, 0.5156046152114868, 0.4849090874195099, 0.31388863921165466]"
0,centroid,1,253,Mytikas,Mytikas,"[""Mytikas"", ""Triton"", ""Trius"", ""Alcatras"", ""Castor""]","[0.8256205320358276, 0.6143819093704224, 0.3703673481941223, 0.3394562005996704, 0.28839629888534546]"
0,centroid,1,254,Mytikas,Mytikas,"[""Mytikas"", ""Triton"", ""Trius"", ""Alcatras"", ""Castor""]","[0.9343580007553101, 0.7532529830932617, 0.6525613069534302, 0.35120415687561035, 0.31915757060050964]"
0,centroid,1,255,Mytikas,Mytikas,"[""Mytikas"", ""Triton"", ""Castor"", ""Alcatras"", ""Trius""]","[0.7492967247962952, 0.6003738045692444, 0.5951802134513855, 0.30640286207199097, 0.19697816669940948]"
0,centroid,1,256,Mytikas,Mytikas,"[""Mytikas"", ""Triton"", ""Trius"", ""Alcatras"", ""Alaris""]","[0.8692144155502319, 0.7042298316955566, 0.6180022954940796, 0.5463334321975708, 0.3857761025428772]"
0,centroid,1,257,Mytikas,Mytikas,"[""Mytikas"", ""Trius"", ""Triton"", ""Nivalis"", ""Alcatras""]","[0.7982054948806763, 0.47672274708747864, 0.38581496477127075, 0.3284262418746948, 0.24877746403217316]"
0,centroid,1,258,Mytikas,Mytikas,"[""Mytikas"", ""Trius"", ""Triton"", ""Gemini"", ""Vega""]","[0.7391310930252075, 0.5478692650794983, 0.3930998146533966, 0.35012006759643555, 0.3343503773212433]"
0,centroid,1,259,Mytikas,Castor,"[""Castor"", ""Mytikas"", ""Alcatras"", ""Triton"", ""Braga""]","[0.7751725912094116, 0.6924877762794495, 0.5985931754112244, 0.5858101844787598, 0.350380003452301]"
0,centroid,1,260,Mytikas,Mytikas,"[""Mytikas"", ""Triton"", ""Alcatras"", ""Castor"", ""Trius""]","[0.7730697393417358, 0.768617570400238, 0.6934166550636292, 0.5513206124305725, 0.5327551960945129]"
0,centroid,1,261,Mytikas,Mytikas,"[""Mytikas"", ""Triton"", ""Trius"", ""Alcatras"", ""Velorum""]","[0.7184714078903198, 0.5205579996109009, 0.4658482074737549, 0.33723440766334534, 0.3131622076034546]"
0,centroid,1,262,Mytikas,Mytikas,"[""Mytikas"", ""Trius"", ""Triton"", ""Alcatras"", ""Castor""]","[0.6039836406707764, 0.4036550521850586, 0.36788177490234375, 0.3375778794288635, 0.3291972279548645]"
0,centroid,1,263,Mytikas,Mytikas,"[""Mytikas"", ""Triton"", ""Braga"", ""Trius"", ""Castor""]","[0.8292542099952698, 0.7675179243087769, 0.6699467897415161, 0.6245077848434448, 0.5801851749420166]"
0,centroid,1,264,Mytikas,Mytikas,"[""Mytikas"", ""Triton"", ""Trius"", ""Vega"", ""Turbine""]","[0.6596724987030029, 0.5136580467224121, 0.3132426142692566, 0.30739542841911316, 0.26009291410446167]"
0,centroid,1,265,Mytikas,Mytikas,"[""Mytikas"", ""Triton"", ""Trius"", ""Ilias"", ""Velorum""]","[0.8191860914230347, 0.8080905675888062, 0.5483646392822266, 0.35120919346809387, 0.34802812337875366]"
0,centroid,1,266,Mytikas,Alcatras,"[""Alcatras"", ""Mytikas"", ""Castor"", ""Triton"", ""Trius""]","[0.6994720697402954, 0.6520990133285522, 0.6250603199005127, 0.5140839219093323, 0.4927850663661957]"
0,centroid,1,267,Mytikas,Mytikas,"[""Mytikas"", ""Triton"", ""Castor"", ""Trius"", ""Alcatras""]","[0.8859424591064453, 0.8673185110092163, 0.5667104721069336, 0.5363505482673645, 0.507305920124054]"
0,centroid,1,268,Mytikas,Mytikas,"[""Mytikas"", ""Triton"", ""Ilias"", ""Trius"", ""Ratikon""]","[0.7892091870307922, 0.6663937568664551, 0.552517294883728, 0.399941623210907, 0.29064708948135376]"
0,centroid,1,269,Mytikas,Mytikas,"[""Mytikas"", ""Triton"", ""Ilias"", ""Trius"", ""Nivalis""]","[0.745266854763031, 0.5176016688346863, 0.4511195719242096, 0.42704352736473083, 0.42498111724853516]"
0,centroid,1,270,Mytikas,Triton,"[""Triton"", ""Mytikas"", ""Trius"", ""Alcatras"", ""Castor""]","[0.8105220794677734, 0.8016760349273682, 0.7071101665496826, 0.6753778457641602, 0.5303906202316284]"
0,centroid,1,271,Mytikas,Mytikas,"[""Mytikas"", ""Triton"", ""Trius"", ""Alcatras"", ""Castor""]","[0.9021508693695068, 0.7395290732383728, 0.6678642630577087, 0.629133939743042, 0.6138924956321716]"
0,centroid,1,272,Mytikas,Trius,"[""Trius"", ""Mytikas"", ""Triton"", ""Ilias"", ""Alcatras""]","[0.7682389616966248, 0.7543684840202332, 0.7492532730102539, 0.41783541440963745, 0.3986222743988037]"
0,centroid,1,273,Nivalis,Nivalis,"[""Nivalis"", ""Ratikon"", ""Denom"", ""Ilias"", ""Vega""]","[0.8615871071815491, 0.5812233686447144, 0.549816906452179, 0.3019382059574127, 0.22477596998214722]"
0,centroid,1,274,Nivalis,Nivalis,"[""Nivalis"", ""Velorum"", ""Denom"", ""Ratikon"", ""Xtreme""]","[0.812149167060852, 0.28978437185287476, 0.2851594090461731, 0.1977529227733612, 0.11518609523773193]"
0,centroid,1,275,Nivalis,Nivalis,"[""Nivalis"", ""Ratikon"", ""Denom"", ""Ilias"", ""Velorum""]","[0.8679920434951782, 0.748642086982727, 0.7384684085845947, 0.36208057403564453, 0.3258788287639618]"
0,centroid,1,276,Nivalis,Nivalis,"[""Nivalis"", ""Denom"", ""Ratikon"", ""Ilias"", ""Vega""]","[0.8419795036315918, 0.504045307636261, 0.46935003995895386, 0.2156752645969391, 0.15271033346652985]"
0,centroid,1,277,Nivalis,Nivalis,"[""Nivalis"", ""Ratikon"", ""Denom"", ""Ilias"", ""Xtreme""]","[0.7812164425849915, 0.4855983853340149, 0.4159860908985138, 0.3530247211456299, 0.12636448442935944]"
0,centroid,1,278,Nivalis,Nivalis,"[""Nivalis"", ""Ratikon"", ""Ilias"", ""Denom"", ""Velorum""]","[0.7841095924377441, 0.6069315671920776, 0.4597545564174652, 0.3592727780342102, 0.31927913427352905]"
0,centroid,1,279,Nivalis,Nivalis,"[""Nivalis"", ""Denom"", ""Ratikon"", ""Steel_Wheel"", ""Mytikas""]","[0.8048559427261353, 0.48569753766059875, 0.3941466808319092, 0.18625551462173462, 0.12875893712043762]"
0,centroid,1,280,Nivalis,Ratikon,"[""Ratikon"", ""Mytikas"", ""Trius"", ""Nivalis"", ""Ilias""]","[0.5237404108047485, 0.5048384070396423, 0.4975000321865082, 0.43530362844467163, 0.42910894751548767]"
0,centroid,1,281,Nivalis,Denom,"[""Denom"", ""Nivalis"", ""Ratikon"", ""Velorum"", ""Ilias""]","[0.6821912527084351, 0.5865254402160645, 0.5306227207183838, 0.5097187161445618, 0.38745999336242676]"
0,centroid,1,282,Nivalis,Nivalis,"[""Nivalis"", ""Vega"", ""Ratikon"", ""Ilias"", ""Gemini""]","[0.5348436832427979, 0.49693259596824646, 0.38343602418899536, 0.33941778540611267, 0.09027984738349915]"
0,centroid,1,283,Nivalis,Denom,"[""Denom"", ""Nivalis"", ""Ratikon"", ""Ilias"", ""Xtreme""]","[0.6901466846466064, 0.6128473281860352, 0.6063669919967651, 0.35753995180130005, 0.19295428693294525]"
0,centroid,1,284,Nivalis,Nivalis,"[""Nivalis"", ""Ratikon"", ""Denom"", ""Ilias"", ""Velorum""]","[0.9108496904373169, 0.6886730790138245, 0.5973688364028931, 0.34773916006088257, 0.2035379409790039]"
0,centroid,1,285,Nivalis,Velorum,"[""Velorum"", ""Ilias"", ""Nivalis"", ""Mytikas"", ""Triton""]","[0.6275810599327087, 0.5581592321395874, 0.44707542657852173, 0.31265556812286377, 0.2831495404243469]"
0,centroid,1,286,Nivalis,Denom,"[""Denom"", ""Nivalis"", ""Ratikon"", ""Velorum"", ""Ilias""]","[0.8418959379196167, 0.7662579417228699, 0.6519370079040527, 0.5942403078079224, 0.5079934000968933]"
0,centroid,1,287,Nivalis,Nivalis,"[""Nivalis"", ""Ratikon"", ""Ilias"", ""Denom"", ""Vega""]","[0.6697985529899597, 0.4956173598766327, 0.4917566776275635, 0.32234376668930054, 0.3090652823448181]"
0,centroid,1,288,Nivalis,Nivalis,"[""Nivalis"", ""Ratikon"", ""Denom"", ""Ilias"", ""Xtreme""]","[0.7369210720062256, 0.5489672422409058, 0.49961376190185547, 0.33814579248428345, 0.18658778071403503]"
0,centroid,1,289,Nivalis,Nivalis,"[""Nivalis"", ""Ratikon"", ""Denom"", ""Ilias"", ""Velorum""]","[0.8897838592529297, 0.4895112216472626, 0.3263368606567383, 0.17811453342437744, 0.09939760714769363]"
0,centroid,1,290,Nivalis,Denom,"[""Denom"", ""Nivalis"", ""Ratikon"", ""Ilias"", ""Velorum""]","[0.9400135278701782, 0.8036305904388428, 0.7053735256195068, 0.501118540763855, 0.46817031502723694]"
0,centroid,1,291,Nivalis,Nivalis,"[""Nivalis"", ""Ratikon"", ""Denom"", ""Velorum"", ""Ilias""]","[0.8614822030067444, 0.5667897462844849, 0.5635919570922852, 0.4567487835884094, 0.22056803107261658]"
0,centroid,1,292,Nivalis,Nivalis,"[""Nivalis"", ""Ratikon"", ""Ilias"", ""Denom"", ""Velorum""]","[0.8877576589584351, 0.6062265634536743, 0.4596630930900574, 0.45362845063209534, 0.2649458050727844]"
0,centroid,1,293,Nivalis,Denom,"[""Denom"", ""Nivalis"", ""Ratikon"", ""Ilias"", ""Velorum""]","[0.8811872005462646, 0.7495709657669067, 0.7199645042419434, 0.4831240177154541, 0.45037513971328735]"
0,centroid,1,294,Nivalis,Nivalis,"[""Nivalis"", ""Denom"", ""Velorum"", ""Ratikon"", ""Ilias""]","[0.8341611623764038, 0.4996213912963867, 0.49417364597320557, 0.42310279607772827, 0.2947618365287781]"
0,centroid,1,295,Nivalis,Nivalis,"[""Nivalis"", ""Denom"", ""Ratikon"", ""Velorum"", ""Ilias""]","[0.9148473739624023, 0.7307451963424683, 0.7224526405334473, 0.42619985342025757, 0.3720616400241852]"
0,centroid,1,296,Ratikon,Ratikon,"[""Ratikon"", ""Ilias"", ""Nivalis"", ""Denom"", ""Velorum""]","[0.9057396650314331, 0.710186779499054, 0.6583105325698853, 0.587871789932251, 0.12491307407617569]"
0,centroid,1,297,Ratikon,Ratikon,"[""Ratikon"", ""Denom"", ""Nivalis"", ""Ilias"", ""Alaris""]","[0.8757836818695068, 0.6055266857147217, 0.5462183952331543, 0.2853839695453644, 0.007718509063124657]"
0,centroid,1,298,Ratikon,Ratikon,"[""Ratikon"", ""Ilias"", ""Denom"", ""Nivalis"", ""Triton""]","[0.8785911798477173, 0.7485721707344055, 0.5417773723602295, 0.5234830379486084, 0.1920982301235199]"
0,centroid,1,299,Ratikon,Ratikon,"[""Ratikon"", ""Ilias"", ""Denom"", ""Nivalis"", ""Velorum""]","[0.8205236196517944, 0.7929160594940186, 0.560431718826294, 0.39996618032455444, 0.3988074064254761]"
0,centroid,1,300,Ratikon,Ratikon,"[""Ratikon"", ""Denom"", ""Nivalis"", ""Ilias"", ""Velorum""]","[0.9241294860839844, 0.8023101091384888, 0.7619801163673401, 0.6009280681610107, 0.18614958226680756]"
0,centroid,1,301,Ratikon,Ratikon,"[""Ratikon"", ""Ilias"", ""Denom"", ""Nivalis"", ""Alaris""]","[0.7952117919921875, 0.6363958120346069, 0.40049776434898376, 0.34709978103637695, 0.13865412771701813]"
0,centroid,1,302,Ratikon,Ratikon,"[""Ratikon"", ""Denom"", ""Ilias"", ""Nivalis"", ""Alaris""]","[0.6956644654273987, 0.43815043568611145, 0.33941686153411865, 0.3094567656517029, 0.29272907972335815]"
0,centroid,1,303,Ratikon,Ratikon,"[""Ratikon"", ""Denom"", ""Nivalis"", ""Ilias"", ""Steel_Wheel""]","[0.9092186689376831, 0.6694054007530212, 0.650153398513794, 0.5435349941253662, 0.11608446389436722]"
0,centroid,1,304,Ratikon,Ratikon,"[""Ratikon"", ""Ilias"", ""Denom"", ""Nivalis"", ""Velorum""]","[0.9188165068626404, 0.7957982420921326, 0.6535855531692505, 0.6188352704048157, 0.34984612464904785]"
0,centroid,1,305,Ratikon,Ratikon,"[""Ratikon"", ""Nivalis"", ""Denom"", ""Ilias"", ""Velorum""]","[0.8535810708999634, 0.7901256084442139, 0.6996649503707886, 0.6383994817733765, 0.31285202503204346]"
0,centroid,1,306,Ratikon,Denom,"[""Denom"", ""Ratikon"", ""Ilias"", ""Velorum"", ""Nivalis""]","[0.7162938117980957, 0.668340802192688, 0.5624568462371826, 0.43088144063949585, 0.31968486309051514]"
0,centroid,1,307,Ratikon,Ratikon,"[""Ratikon"", ""Nivalis"", ""Denom"", ""Ilias"", ""Velorum""]","[0.8929330706596375, 0.7993619441986084, 0.6307796835899353, 0.5115138292312622, 0.27887189388275146]"
0,centroid,1,308,Ratikon,Ratikon,"[""Ratikon"", ""Nivalis"", ""Denom"", ""Ilias"", ""Velorum""]","[0.9342566728591919, 0.7322185635566711, 0.6194477081298828, 0.520484447479248, 0.05757111310958862]"
0,centroid,1,309,Ratikon,Ratikon,"[""Ratikon"", ""Ilias"", ""Nivalis"", ""Denom"", ""Triton""]","[0.906654953956604, 0.7240080833435059, 0.5652822852134705, 0.5484454035758972, 0.14467519521713257]"
0,centroid,1,310,Ratikon,Ratikon,"[""Ratikon"", ""Denom"", ""Nivalis"", ""Ilias"", ""Velorum""]","[0.9192603230476379, 0.7371366620063782, 0.7047854661941528, 0.47928813099861145, 0.11038588732481003]"
0,centroid,1,311,Ratikon,Ratikon,"[""Ratikon"", ""Ilias"", ""Denom"", ""Nivalis"", ""Velorum""]","[0.8840277194976807, 0.7762258052825928, 0.7340933680534363, 0.6898297667503357, 0.28569525480270386]"
0,centroid,1,312,Ratikon,Ratikon,"[""Ratikon"", ""Ilias"", ""Denom"", ""Nivalis"", ""Velorum""]","[0.8958948254585266, 0.832843542098999, 0.7290811538696289, 0.5572981238365173, 0.22800904512405396]"
0,centroid,1,313,Ratikon,Ratikon,"[""Ratikon"", ""Denom"", ""Ilias"", ""Nivalis"", ""Velorum""]","[0.9194375276565552, 0.6883789300918579, 0.6102801561355591, 0.5674880743026733, 0.20795193314552307]"
0,centroid,1,314,Ratikon,Ratikon,"[""Ratikon"", ""Nivalis"", ""Denom"", ""Ilias"", ""Velorum""]","[0.883949875831604, 0.5915290713310242, 0.5372943878173828, 0.5354056358337402, 0.009033159352838993]"
0,centroid,1,315,Ratikon,Ratikon,"[""Ratikon"", ""Ilias"", ""Denom"", ""Nivalis"", ""Velorum""]","[0.8317620158195496, 0.7373524904251099, 0.6530940532684326, 0.49087804555892944, 0.23098231852054596]"
0,centroid,1,316,Ratikon,Ratikon,"[""Ratikon"", ""Nivalis"", ""Denom"", ""Ilias"", ""Vega""]","[0.8697991371154785, 0.5936302542686462, 0.5427868366241455, 0.46910902857780457, 0.1719641387462616]"
0,centroid,1,317,Ratikon,Ratikon,"[""Ratikon"", ""Nivalis"", ""Denom"", ""Ilias"", ""Velorum""]","[0.9129998087882996, 0.6894838809967041, 0.6565088033676147, 0.6423419713973999, 0.16641217470169067]"
0,centroid,1,318,Ratikon,Ratikon,"[""Ratikon"", ""Denom"", ""Nivalis"", ""Ilias"", ""Velorum""]","[0.8906380534172058, 0.7656477689743042, 0.6603487133979797, 0.4983018636703491, 0.14586248993873596]"
0,centroid,1,319,Ratikon,Ratikon,"[""Ratikon"", ""Denom"", ""Nivalis"", ""Ilias"", ""Velorum""]","[0.9667922258377075, 0.7101989388465881, 0.679498553276062, 0.6401760578155518, 0.10267438739538193]"
0,centroid,1,320,Ratikon,Ratikon,"[""Ratikon"", ""Denom"", ""Nivalis"", ""Ilias"", ""Velorum""]","[0.9576694965362549, 0.7308248281478882, 0.7115392088890076, 0.7096202969551086, 0.29243460297584534]"
0,centroid,1,321,Ratikon,Ratikon,"[""Ratikon"", ""Ilias"", ""Denom"", ""Nivalis"", ""Velorum""]","[0.913668155670166, 0.651237964630127, 0.5948097705841064, 0.49957460165023804, 0.04841461405158043]"
0,centroid,1,322,Ratikon,Ratikon,"[""Ratikon"", ""Ilias"", ""Denom"", ""Nivalis"", ""Velorum""]","[0.818619430065155, 0.816157877445221, 0.5935829877853394, 0.48830682039260864, 0.4795464873313904]"
0,centroid,1,323,Ratikon,Ratikon,"[""Ratikon"", ""Denom"", ""Nivalis"", ""Ilias"", ""Velorum""]","[0.8869084119796753, 0.805234432220459, 0.6743470430374146, 0.5094130039215088, 0.10920040309429169]"
0,centroid,1,324,Steel_Wheel,Steel_Wheel,"[""Steel_Wheel"", ""Mytikas"", ""Xtreme"", ""Nivalis"", ""Alcatras""]","[0.9580575227737427, 0.15352332592010498, 0.06312727928161621, 0.05810217559337616, 0.0405120812356472]"
0,centroid,1,325,Steel_Wheel,Steel_Wheel,"[""Steel_Wheel"", ""Mytikas"", ""Trius"", ""Xtreme"", ""Ratikon""]","[0.9351537227630615, 0.1861306130886078, 0.09787163883447647, 0.08714279532432556, 0.049597349017858505]"
0,centroid,1,326,Steel_Wheel,Steel_Wheel,"[""Steel_Wheel"", ""Mytikas"", ""Castor"", ""Alcatras"", ""Xtreme""]","[0.969576895236969, 0.15554887056350708, 0.09334443509578705, 0.07738146185874939, 0.06851016730070114]"
0,centroid,1,327,Steel_Wheel,Steel_Wheel,"[""Steel_Wheel"", ""Castor"", ""Xtreme"", ""Velorum"", ""Alcatras""]","[0.8913078904151917, 0.18757838010787964, 0.1623394787311554, 0.14341361820697784, 0.10520686954259872]"
0,centroid,1,328,Steel_Wheel,Steel_Wheel,"[""Steel_Wheel"", ""Alcatras"", ""Velorum"", ""Mytikas"", ""Ratikon""]","[0.9582523107528687, 0.12585076689720154, 0.06320132315158844, 0.052174195647239685, 0.036739081144332886]"
0,centroid,1,329,Steel_Wheel,Steel_Wheel,"[""Steel_Wheel"", ""Xtreme"", ""Mytikas"", ""Nivalis"", ""Velorum""]","[0.9433104991912842, 0.18875297904014587, 0.14563864469528198, 0.08212106674909592, 0.023228894919157028]"
0,centroid,1,330,Steel_Wheel,Steel_Wheel,"[""Steel_Wheel"", ""Nivalis"", ""Xtreme"", ""Mytikas"", ""Alcatras""]","[0.9256581664085388, 0.19917604327201843, 0.06747187674045563, 0.03394956886768341, 0.004408625885844231]"
0,centroid,1,331,Steel_Wheel,Steel_Wheel,"[""Steel_Wheel"", ""Mytikas"", ""Xtreme"", ""Trius"", ""Gemini""]","[0.9576858282089233, 0.20952990651130676, 0.1618133932352066, 0.1237095519900322, 0.04313337057828903]"
0,centroid,1,332,Steel_Wheel,Steel_Wheel,"[""Steel_Wheel"", ""Mytikas"", ""Ratikon"", ""Xtreme"", ""Trius""]","[0.9597989320755005, 0.04545004665851593, 0.0266711562871933, 0.012026291340589523, 0.008652869611978531]"
0,centroid,1,333,Steel_Wheel,Steel_Wheel,"[""Steel_Wheel"", ""Trius"", ""Mytikas"", ""Xtreme"", ""Ratikon""]","[0.9655948877334595, 0.09318731725215912, 0.07596652954816818, 0.040504008531570435, 0.026828119531273842]"
0,centroid,1,334,Steel_Wheel,Steel_Wheel,"[""Steel_Wheel"", ""Castor"", ""Xtreme"", ""Mytikas"", ""Alcatras""]","[0.9567611813545227, 0.0900755375623703, 0.07894530892372131, 0.05712510645389557, -0.022821132093667984]"
0,centroid,1,335,Steel_Wheel,Steel_Wheel,"[""Steel_Wheel"", ""Mytikas"", ""Trius"", ""Velorum"", ""Alcatras""]","[0.9472253322601318, 0.20837175846099854, 0.15696607530117035, 0.07124944776296616, 0.03698084130883217]"
0,centroid,1,336,Steel_Wheel,Steel_Wheel,"[""Steel_Wheel"", ""Xtreme"", ""Mytikas"", ""Alcatras"", ""Trius""]","[0.9763551950454712, 0.08755849301815033, 0.08350663632154465, 0.019259408116340637, 0.004290007054805756]"
0,centroid,1,337,Steel_Wheel,Steel_Wheel,"[""Steel_Wheel"", ""Xtreme"", ""Mytikas"", ""Nivalis"", ""Gemini""]","[0.9243743419647217, 0.2304495871067047, 0.05750562995672226, 0.019094165414571762, 0.013673806563019753]"
0,centroid,1,338,Steel_Wheel,Steel_Wheel,"[""Steel_Wheel"", ""Nivalis"", ""Mytikas"", ""Xtreme"", ""Velorum""]","[0.9719364643096924, 0.12679463624954224, 0.09128932654857635, 0.07185191661119461, 0.06886610388755798]"
0,centroid,1,339,Steel_Wheel,Steel_Wheel,"[""Steel_Wheel"", ""Xtreme"", ""Mytikas"", ""Nivalis"", ""Trius""]","[0.9663791060447693, 0.19092895090579987, 0.17881354689598083, 0.06006532907485962, 0.046280574053525925]"
0,centroid,1,340,Steel_Wheel,Steel_Wheel,"[""Steel_Wheel"", ""Mytikas"", ""Xtreme"", ""Nivalis"", ""Castor""]","[0.9519301652908325, 0.16596634685993195, 0.14854617416858673, 0.060146912932395935, 0.04426255822181702]"
0,centroid,1,341,Steel_Wheel,Steel_Wheel,"[""Steel_Wheel"", ""Xtreme"", ""Mytikas"", ""Nivalis"", ""Turbine""]","[0.925278902053833, 0.21040306985378265, 0.06510018557310104, 0.03130154684185982, 0.008449533954262733]"
0,centroid,1,342,Steel_Wheel,Steel_Wheel,"[""Steel_Wheel"", ""Xtreme"", ""Mytikas"", ""Nivalis"", ""Gemini""]","[0.9501436352729797, 0.16183660924434662, -0.0006599398329854012, -0.006040778011083603, -0.050201114267110825]"
0,centroid,1,343,Steel_Wheel,Steel_Wheel,"[""Steel_Wheel"", ""Mytikas"", ""Xtreme"", ""Alcatras"", ""Trius""]","[0.9620265960693359, 0.1938627064228058, 0.11837667971849442, 0.08051298558712006, 0.03965150937438011]"
0,centroid,1,344,Steel_Wheel,Steel_Wheel,"[""Steel_Wheel"", ""Velorum"", ""Castor"", ""Alcatras"", ""Xtreme""]","[0.9352267980575562, 0.085533507168293, 0.06003124266862869, 0.04974307119846344, 0.04223746433854103]"
0,centroid,1,345,Steel_Wheel,Steel_Wheel,"[""Steel_Wheel"", ""Xtreme"", ""Mytikas"", ""Trius"", ""Alcatras""]","[0.9554629325866699, 0.21765093505382538, 0.2149273157119751, 0.06310590356588364, 0.047196097671985626]"
0,centroid,1,346,Steel_Wheel,Steel_Wheel,"[""Steel_Wheel"", ""Xtreme"", ""Alcatras"", ""Mytikas"", ""Ratikon""]","[0.9539287090301514, 0.040868088603019714, 0.03254204988479614, -0.0006077121943235397, -0.007847912609577179]"
0,centroid,1,347,Steel_Wheel,Steel_Wheel,"[""Steel_Wheel"", ""Mytikas"", ""Xtreme"", ""Trius"", ""Castor""]","[0.916654109954834, 0.18504929542541504, 0.07271207869052887, 0.03785671293735504, 0.02437553182244301]"
0,centroid,1,348,Steel_Wheel,Steel_Wheel,"[""Steel_Wheel"", ""Mytikas"", ""Castor"", ""Alcatras"", ""Nivalis""]","[0.9470330476760864, 0.24459627270698547, 0.12163436412811279, 0.0835929661989212, 0.04539866000413895]"
0,centroid,1,349,Steel_Wheel,Steel_Wheel,"[""Steel_Wheel"", ""Xtreme"", ""Alcatras"", ""Mytikas"", ""Castor""]","[0.974969744682312, 0.0637604370713234, 0.026492834091186523, 0.019581247121095657, 0.0053873732686042786]"
0,centroid,1,350,Steel_Wheel,Steel_Wheel,"[""Steel_Wheel"", ""Mytikas"", ""Nivalis"", ""Xtreme"", ""Castor""]","[0.9368500709533691, 0.23942831158638, 0.1456575095653534, 0.05223913490772247, 0.01473249401897192]"
0,centroid,1,351,Steel_Wheel,Steel_Wheel,"[""Steel_Wheel"", ""Ratikon"", ""Castor"", ""Mytikas"", ""Hawk""]","[0.9586938619613647, 0.02155999466776848, 0.006304960697889328, -0.008182101882994175, -0.0374193899333477]"
0,centroid,1,352,Steel_Wheel,Steel_Wheel,"[""Steel_Wheel"", ""Mytikas"", ""Nivalis"", ""Xtreme"", ""Ratikon""]","[0.9398136138916016, 0.11715510487556458, 0.07237474620342255, 0.06668737530708313, 0.046624548733234406]"
0,centroid,1,353,Steel_Wheel,Steel_Wheel,"[""Steel_Wheel"", ""Xtreme"", ""Gemini"", ""Velorum"", ""Trius""]","[0.913156270980835, 0.2617989182472229, 0.07009919732809067, -0.007494350895285606, -0.047006793320178986]"
0,centroid,1,354,Steel_Wheel,Steel_Wheel,"[""Steel_Wheel"", ""Xtreme"", ""Mytikas"", ""Gemini"", ""Hawk""]","[0.9553406238555908, 0.16768616437911987, 0.05589477717876434, 0.033721908926963806, 0.009356513619422913]"
0,centroid,1,355,Steel_Wheel,Steel_Wheel,"[""Steel_Wheel"", ""Mytikas"", ""Castor"", ""Ratikon"", ""Alcatras""]","[0.9074897766113281, 0.17742207646369934, 0.0990561693906784, 0.09485777467489243, 0.06676456332206726]"
0,centroid,1,356,Steel_Wheel,Steel_Wheel,"[""Steel_Wheel"", ""Ratikon"", ""Nivalis"", ""Denom"", ""Velorum""]","[0.966381311416626, 0.12270459532737732, 0.11296655237674713, 0.09679338335990906, 0.052049923688173294]"
0,centroid,1,357,Steel_Wheel,Steel_Wheel,"[""Steel_Wheel"", ""Mytikas"", ""Xtreme"", ""Nivalis"", ""Alcatras""]","[0.9633144736289978, 0.1655920445919037, 0.12012109160423279, 0.05670996010303497, 0.003689110279083252]"
0,centroid,1,358,Steel_Wheel,Steel_Wheel,"[""Steel_Wheel"", ""Xtreme"", ""Alcatras"", ""Castor"", ""Mytikas""]","[0.9688096046447754, 0.05355601757764816, 0.021940838545560837, 0.002715233713388443, -0.015100343152880669]"
0,centroid,1,359,Steel_Wheel,Steel_Wheel,"[""Steel_Wheel"", ""Xtreme"", ""Braga"", ""Gemini"", ""Hawk""]","[0.8075377941131592, 0.3508765697479248, 0.08757232874631882, 0.0837806910276413, 0.050236642360687256]"
0,centroid,1,360,Triton,Triton,"[""Triton"", ""Trius"", ""Mytikas"", ""Alcatras"", ""Velorum""]","[0.8916348218917847, 0.5931452512741089, 0.577434778213501, 0.5404775142669678, 0.4729594588279724]"
0,centroid,1,361,Triton,Mytikas,"[""Mytikas"", ""Triton"", ""Alcatras"", ""Castor"", ""Trius""]","[0.8073508143424988, 0.771583080291748, 0.5533931255340576, 0.5211069583892822, 0.5023238658905029]"
0,centroid,1,362,Triton,Triton,"[""Triton"", ""Mytikas"", ""Trius"", ""Velorum"", ""Castor""]","[0.8915605545043945, 0.8447846174240112, 0.6461635828018188, 0.4013815224170685, 0.37193533778190613]"
0,centroid,1,363,Triton,Triton,"[""Triton"", ""Mytikas"", ""Trius"", ""Ilias"", ""Velorum""]","[0.8524091839790344, 0.7347403764724731, 0.5442975759506226, 0.3941238820552826, 0.27509862184524536]"
0,centroid,1,364,Triton,Trius,"[""Trius"", ""Braga"", ""Triton"", ""Mytikas"", ""Gemini""]","[0.6717818379402161, 0.60460364818573, 0.48901668190956116, 0.44806692004203796, 0.3873865008354187]"
0,centroid,1,365,Triton,Triton,"[""Triton"", ""Trius"", ""Castor"", ""Mytikas"", ""Braga""]","[0.8418667316436768, 0.749176561832428, 0.6359200477600098, 0.6165530681610107, 0.5610697865486145]"
0,centroid,1,366,Triton,Triton,"[""Triton"", ""Mytikas"", ""Trius"", ""Ilias"", ""Velorum""]","[0.8687489032745361, 0.5563293695449829, 0.4641166627407074, 0.4303852915763855, 0.41824066638946533]"
0,centroid,1,367,Triton,Triton,"[""Triton"", ""Mytikas"", ""Trius"", ""Alcatras"", ""Castor""]","[0.9257804155349731, 0.7955553531646729, 0.6981329917907715, 0.3921472132205963, 0.371387243270874]"
0,centroid,1,368,Triton,Triton,"[""Triton"", ""Mytikas"", ""Castor"", ""Braga"", ""Trius""]","[0.7066709995269775, 0.5270233154296875, 0.5213454365730286, 0.39039337635040283, 0.3726295232772827]"
0,centroid,1,369,Triton,Triton,"[""Triton"", ""Trius"", ""Mytikas"", ""Castor"", ""Alcatras""]","[0.9452859163284302, 0.6986965537071228, 0.6451725959777832, 0.49661678075790405, 0.4481383264064789]"
0,centroid,1,370,Triton,Triton,"[""Triton"", ""Mytikas"", ""Trius"", ""Castor"", ""Braga""]","[0.8546199202537537, 0.6631447076797485, 0.6622174978256226, 0.5795150995254517, 0.4608317017555237]"
0,centroid,1,371,Triton,Triton,"[""Triton"", ""Trius"", ""Mytikas"", ""Castor"", ""Turbine""]","[0.8250288367271423, 0.5426046848297119, 0.5321406126022339, 0.3490121364593506, 0.3392353653907776]"
0,centroid,1,372,Triton,Triton,"[""Triton"", ""Trius"", ""Mytikas"", ""Velorum"", ""Braga""]","[0.7893909215927124, 0.6774564981460571, 0.6436952352523804, 0.38343530893325806, 0.36418798565864563]"
0,centroid,1,373,Triton,Triton,"[""Triton"", ""Mytikas"", ""Trius"", ""Ilias"", ""Braga""]","[0.8268206119537354, 0.615607500076294, 0.5416781902313232, 0.4429819881916046, 0.30910900235176086]"
0,centroid,1,374,Triton,Alcatras,"[""Alcatras"", ""Castor"", ""Triton"", ""Alaris"", ""Trius""]","[0.6373864412307739, 0.60490882396698, 0.6027196645736694, 0.5055122375488281, 0.5049888491630554]"
0,centroid,1,375,Triton,Triton,"[""Triton"", ""Ilias"", ""Trius"", ""Mytikas"", ""Turbine""]","[0.6274440288543701, 0.5514969825744629, 0.46315038204193115, 0.43609243631362915, 0.2667270302772522]"
0,centroid,1,376,Triton,Triton,"[""Triton"", ""Mytikas"", ""Trius"", ""Braga"", ""Ilias""]","[0.8589935302734375, 0.6406359076499939, 0.5754302740097046, 0.36071252822875977, 0.33847707509994507]"
0,centroid,1,377,Triton,Triton,"[""Triton"", ""Castor"", ""Mytikas"", ""Trius"", ""Braga""]","[0.807395339012146, 0.7025487422943115, 0.6159358620643616, 0.5605103969573975, 0.5246192812919617]"
0,centroid,1,378,Triton,Triton,"[""Triton"", ""Trius"", ""Mytikas"", ""Braga"", ""Castor""]","[0.8335741758346558, 0.5740504264831543, 0.5330209732055664, 0.4825681746006012, 0.37950873374938965]"
0,centroid,1,379,Triton,Triton,"[""Triton"", ""Mytikas"", ""Castor"", ""Trius"", ""Braga""]","[0.8303124904632568, 0.7424701452255249, 0.7416485548019409, 0.6132772564888, 0.5993703007698059]"
0,centroid,1,380,Triton,Triton,"[""Triton"", ""Mytikas"", ""Trius"", ""Alcatras"", ""Braga""]","[0.8967069387435913, 0.8437226414680481, 0.7421027421951294, 0.5269562602043152, 0.4845236539840698]"
0,centroid,1,381,Triton,Triton,"[""Triton"", ""Mytikas"", ""Trius"", ""Castor"", ""Braga""]","[0.8895743489265442, 0.6901315450668335, 0.5509343147277832, 0.5435727834701538, 0.5143895149230957]"
0,centroid,1,382,Triton,Triton,"[""Triton"", ""Ilias"", ""Mytikas"", ""Velorum"", ""Trius""]","[0.7106441259384155, 0.6779043674468994, 0.5229308009147644, 0.49152690172195435, 0.29347339272499084]"
0,centroid,1,383,Triton,Triton,"[""Triton"", ""Mytikas"", ""Trius"", ""Ilias"", ""Alcatras""]","[0.8604001998901367, 0.7671087384223938, 0.5705265998840332, 0.4586482644081116, 0.44803586602211]"
0,centroid,1,384,Triton,Triton,"[""Triton"", ""Ilias"", ""Mytikas"", ""Trius"", ""Castor""]","[0.7108626365661621, 0.47050201892852783, 0.45945870876312256, 0.23501074314117432, 0.13616017997264862]"
0,centroid,1,385,Triton,Ilias,"[""Ilias"", ""Triton"", ""Mytikas"", ""Alaris"", ""Trius""]","[0.6691197156906128, 0.41825008392333984, 0.40322256088256836, 0.3932938575744629, 0.3605225384235382]"
0,centroid,1,386,Triton,Triton,"[""Triton"", ""Mytikas"", ""Trius"", ""Velorum"", ""Alcatras""]","[0.8868378400802612, 0.7652736902236938, 0.5935301184654236, 0.4690980911254883, 0.4085789918899536]"
0,centroid,1,387,Triton,Triton,"[""Triton"", ""Trius"", ""Mytikas"", ""Braga"", ""Ilias""]","[0.7763515710830688, 0.6110290884971619, 0.5142489671707153, 0.36488425731658936, 0.21938461065292358]"
0,centroid,1,388,Triton,Triton,"[""Triton"", ""Mytikas"", ""Castor"", ""Alcatras"", ""Trius""]","[0.8538027405738831, 0.6251145601272583, 0.6200436353683472, 0.5487315654754639, 0.5069581866264343]"
0,centroid,1,389,Triton,Triton,"[""Triton"", ""Mytikas"", ""Trius"", ""Alcatras"", ""Castor""]","[0.9030568599700928, 0.7334574460983276, 0.6335431337356567, 0.4975016713142395, 0.4709574282169342]"
0,centroid,1,390,Triton,Castor,"[""Castor"", ""Triton"", ""Mytikas"", ""Alcatras"", ""Trius""]","[0.7835195064544678, 0.7661368250846863, 0.6869531869888306, 0.5542292594909668, 0.39521947503089905]"
0,centroid,1,391,Triton,Triton,"[""Triton"", ""Trius"", ""Mytikas"", ""Braga"", ""Alcatras""]","[0.9115375876426697, 0.6847612261772156, 0.6722456812858582, 0.4174148738384247, 0.38903987407684326]"
0,centroid,1,392,Triton,Triton,"[""Triton"", ""Castor"", ""Braga"", ""Mytikas"", ""Trius""]","[0.778121829032898, 0.6781182885169983, 0.6680394411087036, 0.6567888855934143, 0.510346531867981]"
0,centroid,1,393,Triton,Triton,"[""Triton"", ""Trius"", ""Mytikas"", ""Velorum"", ""Ilias""]","[0.8099380135536194, 0.6854500770568848, 0.6413472294807434, 0.5029810070991516, 0.5019067525863647]"
0,centroid,1,394,Triton,Triton,"[""Triton"", ""Mytikas"", ""Trius"", ""Velorum"", ""Ilias""]","[0.896527886390686, 0.7422312498092651, 0.6728147268295288, 0.5480534434318542, 0.45009365677833557]"
0,centroid,1,395,Triton,Triton,"[""Triton"", ""Mytikas"", ""Castor"", ""Trius"", ""Braga""]","[0.8441696166992188, 0.7152401804924011, 0.4677562713623047, 0.36114782094955444, 0.2861708700656891]"
0,centroid,1,396,Triton,Triton,"[""Triton"", ""Ilias"", ""Mytikas"", ""Trius"", ""Velorum""]","[0.717341423034668, 0.6192987561225891, 0.5960656404495239, 0.5557223558425903, 0.5303844213485718]"
0,centroid,1,397,Triton,Triton,"[""Triton"", ""Trius"", ""Mytikas"", ""Castor"", ""Alcatras""]","[0.9053205251693726, 0.761094331741333, 0.6379435062408447, 0.480020672082901, 0.4267008900642395]"
0,centroid,1,398,Triton,Triton,"[""Triton"", ""Mytikas"", ""Trius"", ""Alcatras"", ""Velorum""]","[0.8307588696479797, 0.6991163492202759, 0.5579469203948975, 0.5385825037956238, 0.4970710575580597]"
0,centroid,1,399,Triton,Triton,"[""Triton"", ""Mytikas"", ""Castor"", ""Trius"", ""Alcatras""]","[0.8663963079452515, 0.7704117298126221, 0.7592398524284363, 0.6269395351409912, 0.6026272773742676]"
0,centroid,1,400,Triton,Triton,"[""Triton"", ""Castor"", ""Braga"", ""Mytikas"", ""Turbine""]","[0.7084927558898926, 0.6788508296012878, 0.5768551230430603, 0.535854160785675, 0.3277134299278259]"
0,centroid,1,401,Triton,Triton,"[""Triton"", ""Mytikas"", ""Castor"", ""Alcatras"", ""Trius""]","[0.8360422849655151, 0.5761223435401917, 0.5755793452262878, 0.5716283321380615, 0.5550606846809387]"
0,centroid,1,402,Triton,Triton,"[""Triton"", ""Mytikas"", ""Trius"", ""Alcatras"", ""Velorum""]","[0.8289546966552734, 0.6303945779800415, 0.5666944980621338, 0.43072736263275146, 0.3456081748008728]"
0,centroid,1,403,Triton,Triton,"[""Triton"", ""Mytikas"", ""Alcatras"", ""Trius"", ""Alaris""]","[0.6065956950187683, 0.5674554705619812, 0.5461868643760681, 0.5439084768295288, 0.4070313572883606]"
0,centroid,1,404,Triton,Triton,"[""Triton"", ""Trius"", ""Mytikas"", ""Castor"", ""Ilias""]","[0.8676881790161133, 0.6394055485725403, 0.619595468044281, 0.2895634174346924, 0.28760427236557007]"
0,centroid,1,405,Triton,Ilias,"[""Ilias"", ""Triton"", ""Velorum"", ""Ratikon"", ""Denom""]","[0.6918695569038391, 0.612762451171875, 0.5247749090194702, 0.45063066482543945, 0.41752108931541443]"
0,centroid,1,406,Triton,Triton,"[""Triton"", ""Mytikas"", ""Trius"", ""Castor"", ""Alcatras""]","[0.920798659324646, 0.6641799807548523, 0.5797989368438721, 0.4834131598472595, 0.3764726519584656]"
0,centroid,1,407,Triton,Triton,"[""Triton"", ""Trius"", ""Mytikas"", ""Alaris"", ""Braga""]","[0.7222723364830017, 0.6046006679534912, 0.5344957113265991, 0.5306856036186218, 0.48497551679611206]"
0,centroid,1,408,Triton,Triton,"[""Triton"", ""Mytikas"", ""Braga"", ""Trius"", ""Castor""]","[0.8412871360778809, 0.6366419792175293, 0.5847931504249573, 0.5635130405426025, 0.5553255081176758]"
0,centroid,1,409,Triton,Triton,"[""Triton"", ""Mytikas"", ""Trius"", ""Braga"", ""Castor""]","[0.8048057556152344, 0.7039406299591064, 0.5780839920043945, 0.4365735650062561, 0.342110276222229]"
0,centroid,1,410,Triton,Castor,"[""Castor"", ""Mytikas"", ""Triton"", ""Alcatras"", ""Braga""]","[0.6711538434028625, 0.6640097498893738, 0.6054222583770752, 0.49115902185440063, 0.471478134393692]"
0,centroid,1,411,Triton,Triton,"[""Triton"", ""Trius"", ""Mytikas"", ""Velorum"", ""Braga""]","[0.829888105392456, 0.6238287091255188, 0.5674442052841187, 0.48877835273742676, 0.3348465859889984]"
0,centroid,1,412,Triton,Triton,"[""Triton"", ""Trius"", ""Mytikas"", ""Castor"", ""Velorum""]","[0.7664848566055298, 0.6808215379714966, 0.6723588109016418, 0.4303281307220459, 0.4146064817905426]"
0,centroid,1,413,Triton,Triton,"[""Triton"", ""Mytikas"", ""Trius"", ""Ilias"", ""Castor""]","[0.8748233318328857, 0.659957766532898, 0.547370433807373, 0.41340333223342896, 0.3941051661968231]"
0,centroid,1,414,Trius,Alcatras,"[""Alcatras"", ""Alaris"", ""Trius"", ""Triton"", ""Braga""]","[0.6543877124786377, 0.5296677350997925, 0.5060613751411438, 0.3822919726371765, 0.35264429450035095]"
0,centroid,1,415,Trius,Trius,"[""Trius"", ""Triton"", ""Mytikas"", ""Braga"", ""Alcatras""]","[0.9014383554458618, 0.82301265001297, 0.7482633590698242, 0.5448447465896606, 0.4647064208984375]"
0,centroid,1,416,Trius,Trius,"[""Trius"", ""Alaris"", ""Triton"", ""Mytikas"", ""Gemini""]","[0.8401910066604614, 0.5153602957725525, 0.44041839241981506, 0.37599268555641174, 0.34516969323158264]"
0,centroid,1,417,Trius,Trius,"[""Trius"", ""Triton"", ""Mytikas"", ""Castor"", ""Alcatras""]","[0.6857357025146484, 0.6792269349098206, 0.5476923584938049, 0.517452597618103, 0.4877370595932007]"
0,centroid,1,418,Trius,Trius,"[""Trius"", ""Braga"", ""Alcatras"", ""Alaris"", ""Mytikas""]","[0.7680397033691406, 0.7102241516113281, 0.5254687070846558, 0.4422093629837036, 0.41432780027389526]"
0,centroid,1,419,Trius,Trius,"[""Trius"", ""Alaris"", ""Alcatras"", ""Braga"", ""Triton""]","[0.7831118702888489, 0.6827602386474609, 0.5622164011001587, 0.5024728178977966, 0.4210958182811737]"
0,centroid,1,420,Trius,Trius,"[""Trius"", ""Mytikas"", ""Nivalis"", ""Vega"", ""Gemini""]","[0.6254830360412598, 0.4253297448158264, 0.3278879225254059, 0.32154297828674316, 0.29039907455444336]"
0,centroid,1,421,Trius,Alaris,"[""Alaris"", ""Trius"", ""Alcatras"", ""Braga"", ""Triton""]","[0.7353798151016235, 0.7165140509605408, 0.6310845613479614, 0.5850404500961304, 0.4639933705329895]"
0,centroid,1,422,Trius,Braga,"[""Braga"", ""Trius"", ""Mytikas"", ""Triton"", ""Castor""]","[0.7284425497055054, 0.7279225587844849, 0.5671550035476685, 0.5341782569885254, 0.42711272835731506]"
0,centroid,1,423,Trius,Trius,"[""Trius"", ""Mytikas"", ""Triton"", ""Vega"", ""Gemini""]","[0.7248116731643677, 0.6048423051834106, 0.4839600622653961, 0.4784694314002991, 0.37492579221725464]"
0,centroid,1,424,Trius,Trius,"[""Trius"", ""Triton"", ""Mytikas"", ""Braga"", ""Velorum""]","[0.681704580783844, 0.6755545139312744, 0.4927641749382019, 0.38514140248298645, 0.3837239742279053]"
0,centroid,1,425,Trius,Alaris,"[""Alaris"", ""Trius"", ""Alcatras"", ""Braga"", ""Castor""]","[0.7722257375717163, 0.7111303806304932, 0.6418695449829102, 0.5375490188598633, 0.4748064875602722]"
0,centroid,1,426,Trius,Trius,"[""Trius"", ""Mytikas"", ""Triton"", ""Braga"", ""Alcatras""]","[0.8129192590713501, 0.6356181502342224, 0.6173735857009888, 0.4985840320587158, 0.3971652090549469]"
0,centroid,1,427,Trius,Trius,"[""Trius"", ""Mytikas"", ""Triton"", ""Gemini"", ""Velorum""]","[0.795846700668335, 0.6646124124526978, 0.5535601377487183, 0.3716909885406494, 0.3493351340293884]"
0,centroid,1,428,Trius,Trius,"[""Trius"", ""Gemini"", ""Mytikas"", ""Triton"", ""Braga""]","[0.697069525718689, 0.482558935880661, 0.36737060546875, 0.340171217918396, 0.2617996037006378]"
0,centroid,1,429,Trius,Trius,"[""Trius"", ""Triton"", ""Alaris"", ""Mytikas"", ""Ilias""]","[0.804627537727356, 0.6416357159614563, 0.458568811416626, 0.4129173159599304, 0.3910396099090576]"
0,centroid,1,430,Trius,Trius,"[""Trius"", ""Gemini"", ""Velorum"", ""Mytikas"", ""Braga""]","[0.6270447969436646, 0.450269877910614, 0.4281153082847595, 0.4202037453651428, 0.41251930594444275]"
0,centroid,1,431,Trius,Trius,"[""Trius"", ""Mytikas"", ""Triton"", ""Alaris"", ""Gemini""]","[0.8339434862136841, 0.5654081702232361, 0.42087388038635254, 0.41570228338241577, 0.4035756289958954]"
0,centroid,1,432,Trius,Trius,"[""Trius"", ""Gemini"", ""Mytikas"", ""Braga"", ""Denom""]","[0.7022629976272583, 0.4178091883659363, 0.32458972930908203, 0.3070119619369507, 0.27491357922554016]"
0,centroid,1,433,Trius,Trius,"[""Trius"", ""Triton"", ""Mytikas"", ""Velorum"", ""Ilias""]","[0.7144807577133179, 0.6701629161834717, 0.5342379808425903, 0.41631317138671875, 0.33515745401382446]"
0,centroid,1,434,Trius,Ilias,"[""Ilias"", ""Triton"", ""Mytikas"", ""Trius"", ""Ratikon""]","[0.7796542048454285, 0.6140258312225342, 0.5229921340942383, 0.4970458149909973, 0.4057331681251526]"
0,centroid,1,435,Trius,Trius,"[""Trius"", ""Braga"", ""Alcatras"", ""Triton"", ""Alaris""]","[0.8325809836387634, 0.705600917339325, 0.5810708403587341, 0.5761481523513794, 0.5398423671722412]"
0,centroid,1,436,Trius,Trius,"[""Trius"", ""Triton"", ""Mytikas"", ""Alaris"", ""Alcatras""]","[0.7130253911018372, 0.6919484734535217, 0.5471560955047607, 0.5453286170959473, 0.4477498233318329]"
0,centroid,1,437,Trius,Braga,"[""Braga"", ""Alaris"", ""Alcatras"", ""Trius"", ""Castor""]","[0.678143322467804, 0.5870327949523926, 0.48652228713035583, 0.4811876118183136, 0.268967866897583]"
0,centroid,1,438,Trius,Trius,"[""Trius"", ""Braga"", ""Triton"", ""Alcatras"", ""Alaris""]","[0.8224462270736694, 0.564367413520813, 0.5483642816543579, 0.5248257517814636, 0.5107396841049194]"
0,centroid,1,439,Trius,Triton,"[""Triton"", ""Trius"", ""Braga"", ""Castor"", ""Mytikas""]","[0.6636728644371033, 0.6282551288604736, 0.5248415470123291, 0.3933418393135071, 0.3794248700141907]"
0,centroid,1,440,Trius,Trius,"[""Trius"", ""Triton"", ""Gemini"", ""Mytikas"", ""Ilias""]","[0.6777082681655884, 0.5613317489624023, 0.5230385661125183, 0.4227517247200012, 0.2909870147705078]"
0,centroid,1,441,Trius,Trius,"[""Trius"", ""Alaris"", ""Vega"", ""Mytikas"", ""Triton""]","[0.43968135118484497, 0.3587656021118164, 0.3417893946170807, 0.31512168049812317, 0.2981448173522949]"
0,centroid,1,442,Trius,Trius,"[""Trius"", ""Alaris"", ""Braga"", ""Denom"", ""Turbine""]","[0.690062403678894, 0.48086249828338623, 0.3462563157081604, 0.3164920210838318, 0.2890642285346985]"
0,centroid,1,443,Trius,Trius,"[""Trius"", ""Denom"", ""Alaris"", ""Ratikon"", ""Nivalis""]","[0.6940174102783203, 0.4622959494590759, 0.4089620113372803, 0.39312854409217834, 0.2735273838043213]"
0,centroid,1,444,Trius,Trius,"[""Trius"", ""Velorum"", ""Triton"", ""Braga"", ""Ilias""]","[0.6168609857559204, 0.5094426870346069, 0.3848738372325897, 0.3755882978439331, 0.3425014317035675]"
0,centroid,1,445,Trius,Trius,"[""Trius"", ""Mytikas"", ""Triton"", ""Vega"", ""Gemini""]","[0.7054973244667053, 0.6000583171844482, 0.435794860124588, 0.36385706067085266, 0.29149287939071655]"
0,centroid,1,446,Trius,Gemini,"[""Gemini"", ""Trius"", ""Ilias"", ""Ratikon"", ""Alaris""]","[0.4252246618270874, 0.41904813051223755, 0.4034261703491211, 0.400159627199173, 0.33805203437805176]"
0,centroid,1,447,Trius,Trius,"[""Trius"", ""Alaris"", ""Braga"", ""Gemini"", ""Alcatras""]","[0.7250582575798035, 0.6284746527671814, 0.5691453218460083, 0.35225650668144226, 0.3462420701980591]"
0,centroid,1,448,Trius,Trius,"[""Trius"", ""Alcatras"", ""Mytikas"", ""Triton"", ""Braga""]","[0.7037118673324585, 0.6579371094703674, 0.600717306137085, 0.5733625292778015, 0.5650206208229065]"
0,centroid,1,449,Trius,Braga,"[""Braga"", ""Trius"", ""Alcatras"", ""Alaris"", ""Castor""]","[0.7668320536613464, 0.7478755116462708, 0.7221435308456421, 0.6513723134994507, 0.625216543674469]"
0,centroid,1,450,Trius,Trius,"[""Trius"", ""Triton"", ""Mytikas"", ""Alaris"", ""Vega""]","[0.7094940543174744, 0.541945219039917, 0.5171747803688049, 0.43487465381622314, 0.37282997369766235]"
0,centroid,1,451,Trius,Trius,"[""Trius"", ""Triton"", ""Denom"", ""Velorum"", ""Ilias""]","[0.7922101616859436, 0.5008805394172668, 0.4701574146747589, 0.4334493577480316, 0.43087512254714966]"
0,centroid,1,452,Trius,Trius,"[""Trius"", ""Alaris"", ""Triton"", ""Mytikas"", ""Alcatras""]","[0.82071852684021, 0.6367536187171936, 0.6256342530250549, 0.4815904200077057, 0.4788740873336792]"
0,centroid,1,453,Trius,Mytikas,"[""Mytikas"", ""Trius"", ""Triton"", ""Gemini"", ""Vega""]","[0.780423641204834, 0.6510111689567566, 0.5723065733909607, 0.3368229866027832, 0.21226772665977478]"
0,centroid,1,454,Trius,Trius,"[""Trius"", ""Steel_Wheel"", ""Mytikas"", ""Gemini"", ""Triton""]","[0.6670393943786621, 0.4066520631313324, 0.3537166118621826, 0.32678893208503723, 0.26779693365097046]"
0,centroid,1,455,Turbine,Alcatras,"[""Alcatras"", ""Castor"", ""Turbine"", ""Alaris"", ""Braga""]","[0.7828744053840637, 0.7455159425735474, 0.6629579067230225, 0.6195864081382751, 0.5948784351348877]"
0,centroid,1,456,Turbine,Turbine,"[""Turbine"", ""Castor"", ""Braga"", ""Hawk"", ""Mytikas""]","[0.811087965965271, 0.5365047454833984, 0.4975488781929016, 0.375796914100647, 0.32743316888809204]"
0,centroid,1,457,Turbine,Turbine,"[""Turbine"", ""Hawk"", ""Vega"", ""Alaris"", ""Braga""]","[0.8418436050415039, 0.3644374907016754, 0.34804773330688477, 0.26130592823028564, 0.22653286159038544]"
0,centroid,1,458,Turbine,Turbine,"[""Turbine"", ""Braga"", ""Castor"", ""Trius"", ""Alcatras""]","[0.870854914188385, 0.5288825035095215, 0.41518253087997437, 0.3937135636806488, 0.34959670901298523]"
0,centroid,1,459,Turbine,Turbine,"[""Turbine"", ""Vega"", ""Hawk"", ""Gemini"", ""Braga""]","[0.7383813858032227, 0.40234172344207764, 0.36517637968063354, 0.34352919459342957, 0.2602922022342682]"
0,centroid,1,460,Turbine,Turbine,"[""Turbine"", ""Castor"", ""Alcatras"", ""Alaris"", ""Vega""]","[0.8204303979873657, 0.37340420484542847, 0.35409456491470337, 0.30578964948654175, 0.30324816703796387]"
0,centroid,1,461,Turbine,Alaris,"[""Alaris"", ""Turbine"", ""Alcatras"", ""Castor"", ""Trius""]","[0.6709331274032593, 0.6538907289505005, 0.6301813721656799, 0.5902417898178101, 0.5117549896240234]"
0,centroid,1,462,Turbine,Turbine,"[""Turbine"", ""Vega"", ""Braga"", ""Hawk"", ""Castor""]","[0.830233633518219, 0.525726318359375, 0.25025880336761475, 0.2500574588775635, 0.12984758615493774]"
0,centroid,1,463,Turbine,Turbine,"[""Turbine"", ""Hawk"", ""Braga"", ""Vega"", ""Castor""]","[0.8313292264938354, 0.4644860625267029, 0.3701252341270447, 0.3331380784511566, 0.17530032992362976]"
0,centroid,1,464,Turbine,Castor,"[""Castor"", ""Turbine"", ""Mytikas"", ""Triton"", ""Alcatras""]","[0.7747337818145752, 0.6050558090209961, 0.3488064706325531, 0.32063692808151245, 0.27391430735588074]"
0,centroid,1,465,Turbine,Turbine,"[""Turbine"", ""Hawk"", ""Vega"", ""Castor"", ""Braga""]","[0.942924439907074, 0.5219859480857849, 0.36779871582984924, 0.31272396445274353, 0.25774553418159485]"
0,centroid,1,466,Turbine,Turbine,"[""Turbine"", ""Castor"", ""Alcatras"", ""Triton"", ""Braga""]","[0.859268069267273, 0.6052409410476685, 0.39093780517578125, 0.32147520780563354, 0.3152942359447479]"
0,centroid,1,467,Turbine,Turbine,"[""Turbine"", ""Hawk"", ""Vega"", ""Braga"", ""Gemini""]","[0.8254091739654541, 0.4811565577983856, 0.46884486079216003, 0.18906444311141968, 0.13041123747825623]"
0,centroid,1,468,Turbine,Turbine,"[""Turbine"", ""Vega"", ""Hawk"", ""Castor"", ""Braga""]","[0.9039385318756104, 0.4080035090446472, 0.31368204951286316, 0.2290901243686676, 0.2077120840549469]"
0,centroid,1,469,Turbine,Turbine,"[""Turbine"", ""Alcatras"", ""Vega"", ""Hawk"", ""Braga""]","[0.8512758016586304, 0.5639391541481018, 0.5099194645881653, 0.5013258457183838, 0.491545170545578]"
0,centroid,1,470,Turbine,Turbine,"[""Turbine"", ""Hawk"", ""Braga"", ""Vega"", ""Castor""]","[0.8915581703186035, 0.5587129592895508, 0.41873741149902344, 0.417155385017395, 0.31167107820510864]"
0,centroid,1,471,Turbine,Turbine,"[""Turbine"", ""Vega"", ""Gemini"", ""Hawk"", ""Braga""]","[0.5974726676940918, 0.4582645893096924, 0.3245925307273865, 0.27968281507492065, 0.2365858554840088]"
0,centroid,1,472,Turbine,Castor,"[""Castor"", ""Turbine"", ""Alcatras"", ""Mytikas"", ""Triton""]","[0.7771915197372437, 0.6986159086227417, 0.6032140851020813, 0.5347803831100464, 0.5251318216323853]"
0,centroid,1,473,Turbine,Braga,"[""Braga"", ""Turbine"", ""Hawk"", ""Gemini"", ""Vega""]","[0.47302570939064026, 0.472275972366333, 0.44138747453689575, 0.3337648808956146, 0.2607586979866028]"
0,centroid,1,474,Turbine,Turbine,"[""Turbine"", ""Hawk"", ""Vega"", ""Castor"", ""Mytikas""]","[0.8911751508712769, 0.39604437351226807, 0.3243679106235504, 0.27692514657974243, 0.1423378884792328]"
0,centroid,1,475,Turbine,Castor,"[""Castor"", ""Mytikas"", ""Triton"", ""Trius"", ""Alcatras""]","[0.7127484083175659, 0.678084135055542, 0.6423593759536743, 0.5301952362060547, 0.4207879304885864]"
0,centroid,1,476,Turbine,Castor,"[""Castor"", ""Turbine"", ""Alcatras"", ""Trius"", ""Triton""]","[0.7264938950538635, 0.7230536937713623, 0.5435482263565063, 0.5105135440826416, 0.4807027578353882]"
0,centroid,1,477,Turbine,Turbine,"[""Turbine"", ""Hawk"", ""Vega"", ""Braga"", ""Castor""]","[0.8436572551727295, 0.45160627365112305, 0.3277274966239929, 0.21605516970157623, 0.09448729455471039]"
0,centroid,1,478,Turbine,Turbine,"[""Turbine"", ""Castor"", ""Hawk"", ""Braga"", ""Alcatras""]","[0.8447326421737671, 0.5404343008995056, 0.4234694242477417, 0.4200860261917114, 0.15522125363349915]"
0,centroid,1,479,Turbine,Turbine,"[""Turbine"", ""Alaris"", ""Vega"", ""Trius"", ""Alcatras""]","[0.7327772974967957, 0.4300941228866577, 0.4293307065963745, 0.37032127380371094, 0.3481333255767822]"
0,centroid,1,480,Turbine,Turbine,"[""Turbine"", ""Castor"", ""Hawk"", ""Alcatras"", ""Alaris""]","[0.8058086633682251, 0.5916212797164917, 0.5434941649436951, 0.5114908814430237, 0.41465580463409424]"
0,centroid,1,481,Turbine,Turbine,"[""Turbine"", ""Alaris"", ""Castor"", ""Alcatras"", ""Braga""]","[0.7982362508773804, 0.6343858242034912, 0.6014857888221741, 0.5252143144607544, 0.4283592700958252]"
0,centroid,1,482,Turbine,Turbine,"[""Turbine"", ""Alcatras"", ""Castor"", ""Alaris"", ""Mytikas""]","[0.7184332013130188, 0.6174338459968567, 0.528992772102356, 0.4749939739704132, 0.29447853565216064]"
0,centroid,1,483,Vega,Vega,"[""Vega"", ""Turbine"", ""Braga"", ""Hawk"", ""Alaris""]","[0.8754808902740479, 0.5094645619392395, 0.4731528162956238, 0.44012632966041565, 0.3999650478363037]"
0,centroid,1,484,Vega,Vega,"[""Vega"", ""Turbine"", ""Braga"", ""Hawk"", ""Alaris""]","[0.9585903882980347, 0.3521980047225952, 0.2905046343803406, 0.2786785960197449, 0.26167207956314087]"
0,centroid,1,485,Vega,Vega,"[""Vega"", ""Alaris"", ""Braga"", ""Trius"", ""Alcatras""]","[0.8675439953804016, 0.3481467366218567, 0.2698051631450653, 0.23820024728775024, 0.2319752275943756]"
0,centroid,1,486,Vega,Vega,"[""Vega"", ""Braga"", ""Hawk"", ""Gemini"", ""Alcatras""]","[0.8434896469116211, 0.37715429067611694, 0.32820671796798706, 0.27096930146217346, 0.23867729306221008]"
0,centroid,1,487,Vega,Vega,"[""Vega"", ""Turbine"", ""Gemini"", ""Hawk"", ""Alaris""]","[0.9283823370933533, 0.3356420695781708, 0.260349839925766, 0.2575244605541229, 0.17732113599777222]"
0,centroid,1,488,Vega,Vega,"[""Vega"", ""Turbine"", ""Alcatras"", ""Alaris"", ""Mytikas""]","[0.7613049745559692, 0.5825042724609375, 0.330363392829895, 0.2629668116569519, 0.2519497275352478]"
0,centroid,1,489,Vega,Vega,"[""Vega"", ""Alaris"", ""Gemini"", ""Braga"", ""Trius""]","[0.8395614624023438, 0.4574563205242157, 0.42604905366897583, 0.36943912506103516, 0.3652644753456116]"
0,centroid,1,490,Vega,Vega,"[""Vega"", ""Gemini"", ""Hawk"", ""Nivalis"", ""Turbine""]","[0.8269907832145691, 0.27747583389282227, 0.2393869161605835, 0.1711713969707489, 0.12923184037208557]"
0,centroid,1,491,Vega,Vega,"[""Vega"", ""Alaris"", ""Hawk"", ""Turbine"", ""Braga""]","[0.9082639813423157, 0.33608555793762207, 0.26494061946868896, 0.23800373077392578, 0.19799405336380005]"
0,centroid,1,492,Vega,Vega,"[""Vega"", ""Gemini"", ""Turbine"", ""Nivalis"", ""Braga""]","[0.7767524719238281, 0.3560640811920166, 0.26776957511901855, 0.24322977662086487, 0.15972262620925903]"
0,centroid,1,493,Vega,Vega,"[""Vega"", ""Alaris"", ""Alcatras"", ""Turbine"", ""Trius""]","[0.8296120166778564, 0.38092827796936035, 0.2928231954574585, 0.28262192010879517, 0.2508106231689453]"
0,centroid,1,494,Vega,Vega,"[""Vega"", ""Alaris"", ""Gemini"", ""Braga"", ""Turbine""]","[0.8954083919525146, 0.3563844561576843, 0.2779375910758972, 0.21574455499649048, 0.1814696490764618]"
0,centroid,1,495,Vega,Vega,"[""Vega"", ""Gemini"", ""Hawk"", ""Braga"", ""Mytikas""]","[0.8062386512756348, 0.5433863401412964, 0.5040900707244873, 0.36102819442749023, 0.23529332876205444]"
0,centroid,1,496,Vega,Vega,"[""Vega"", ""Turbine"", ""Gemini"", ""Trius"", ""Mytikas""]","[0.7346158623695374, 0.34496915340423584, 0.27558398246765137, 0.19382761418819427, 0.18329566717147827]"
0,centroid,1,497,Vega,Vega,"[""Vega"", ""Gemini"", ""Hawk"", ""Alaris"", ""Braga""]","[0.8604238033294678, 0.4932667016983032, 0.2767440676689148, 0.1288236677646637, 0.05129377916455269]"
0,centroid,1,498,Vega,Vega,"[""Vega"", ""Turbine"", ""Braga"", ""Alaris"", ""Trius""]","[0.8503279089927673, 0.4934893250465393, 0.36053329706192017, 0.3542388379573822, 0.28368842601776123]"
0,centroid,1,499,Vega,Vega,"[""Vega"", ""Gemini"", ""Braga"", ""Turbine"", ""Hawk""]","[0.7903644442558289, 0.5600593090057373, 0.4226568937301636, 0.3237973153591156, 0.3222336769104004]"
0,centroid,1,500,Vega,Vega,"[""Vega"", ""Braga"", ""Gemini"", ""Trius"", ""Alcatras""]","[0.8639190793037415, 0.39165234565734863, 0.36787471175193787, 0.2900938391685486, 0.28611475229263306]"
0,centroid,1,501,Vega,Vega,"[""Vega"", ""Hawk"", ""Gemini"", ""Turbine"", ""Braga""]","[0.7945741415023804, 0.5783883929252625, 0.2883177399635315, 0.18954706192016602, 0.050059884786605835]"
0,centroid,1,502,Vega,Vega,"[""Vega"", ""Braga"", ""Gemini"", ""Turbine"", ""Hawk""]","[0.8757976293563843, 0.31996092200279236, 0.2859886884689331, 0.2657290995121002, 0.22324863076210022]"
0,centroid,1,503,Vega,Vega,"[""Vega"", ""Hawk"", ""Gemini"", ""Braga"", ""Turbine""]","[0.8043638467788696, 0.5918264985084534, 0.5046029090881348, 0.2603577971458435, 0.235719233751297]"
0,centroid,1,504,Vega,Vega,"[""Vega"", ""Gemini"", ""Alaris"", ""Braga"", ""Hawk""]","[0.9073350429534912, 0.333490252494812, 0.28652501106262207, 0.27250614762306213, 0.2549864649772644]"
0,centroid,1,505,Vega,Vega,"[""Vega"", ""Hawk"", ""Gemini"", ""Turbine"", ""Alaris""]","[0.9509680867195129, 0.43358123302459717, 0.31879720091819763, 0.25858941674232483, 0.2571679353713989]"
0,centroid,1,506,Vega,Vega,"[""Vega"", ""Alaris"", ""Alcatras"", ""Braga"", ""Trius""]","[0.786651611328125, 0.5705674886703491, 0.4485775828361511, 0.39625129103660583, 0.3337414860725403]"
0,centroid,1,507,Vega,Vega,"[""Vega"", ""Hawk"", ""Turbine"", ""Gemini"", ""Alaris""]","[0.9056791067123413, 0.37021520733833313, 0.27433839440345764, 0.2685076594352722, 0.22567658126354218]"
0,centroid,1,508,Vega,Vega,"[""Vega"", ""Gemini"", ""Braga"", ""Hawk"", ""Turbine""]","[0.8658838272094727, 0.5085206031799316, 0.349500447511673, 0.34056028723716736, 0.27928540110588074]"
0,centroid,1,509,Vega,Vega,"[""Vega"", ""Gemini"", ""Alaris"", ""Hawk"", ""Braga""]","[0.8957840204238892, 0.48922619223594666, 0.20257456600666046, 0.20064310729503632, 0.16636139154434204]"
0,centroid,1,510,Vega,Vega,"[""Vega"", ""Hawk"", ""Gemini"", ""Alaris"", ""Turbine""]","[0.9229099750518799, 0.319349467754364, 0.31898799538612366, 0.29044097661972046, 0.21997368335723877]"
0,centroid,1,511,Vega,Vega,"[""Vega"", ""Turbine"", ""Braga"", ""Gemini"", ""Alaris""]","[0.9371978640556335, 0.340567946434021, 0.3111051321029663, 0.3093714714050293, 0.25713783502578735]"
0,centroid,1,512,Vega,Vega,"[""Vega"", ""Alaris"", ""Hawk"", ""Turbine"", ""Alcatras""]","[0.9094569683074951, 0.2744399607181549, 0.26799479126930237, 0.2551629841327667, 0.07761605083942413]"
0,centroid,1,513,Vega,Vega,"[""Vega"", ""Alaris"", ""Gemini"", ""Hawk"", ""Braga""]","[0.8722232580184937, 0.3591105341911316, 0.25668200850486755, 0.17873170971870422, 0.13724786043167114]"
0,centroid,1,514,Vega,Vega,"[""Vega"", ""Alaris"", ""Alcatras"", ""Trius"", ""Braga""]","[0.7856138944625854, 0.553688645362854, 0.4206148386001587, 0.40469810366630554, 0.35075944662094116]"
0,centroid,1,515,Vega,Vega,"[""Vega"", ""Alaris"", ""Alcatras"", ""Braga"", ""Trius""]","[0.818078875541687, 0.5656070113182068, 0.5198628306388855, 0.4364287257194519, 0.43128708004951477]"
0,centroid,1,516,Vega,Vega,"[""Vega"", ""Turbine"", ""Alaris"", ""Hawk"", ""Braga""]","[0.8599022626876831, 0.46778273582458496, 0.36441680788993835, 0.22993749380111694, 0.1961073875427246]"
0,centroid,1,517,Vega,Vega,"[""Vega"", ""Turbine"", ""Nivalis"", ""Alaris"", ""Gemini""]","[0.789644181728363, 0.22577697038650513, 0.19587501883506775, 0.1845897138118744, 0.144161194562912]"
0,centroid,1,518,Vega,Vega,"[""Vega"", ""Gemini"", ""Hawk"", ""Braga"", ""Turbine""]","[0.9089838862419128, 0.40919601917266846, 0.3412432074546814, 0.1882409304380417, 0.1402742564678192]"
0,centroid,1,519,Velorum,Velorum,"[""Velorum"", ""Trius"", ""Triton"", ""Denom"", ""Mytikas""]","[0.8487271666526794, 0.452206552028656, 0.38934504985809326, 0.2998030185699463, 0.29017505049705505]"
0,centroid,1,520,Velorum,Velorum,"[""Velorum"", ""Mytikas"", ""Triton"", ""Trius"", ""Ilias""]","[0.7981890439987183, 0.5318981409072876, 0.4168538451194763, 0.4059726595878601, 0.30710816383361816]"
0,centroid,1,521,Velorum,Velorum,"[""Velorum"", ""Ilias"", ""Denom"", ""Triton"", ""Nivalis""]","[0.9077821373939514, 0.6477288007736206, 0.45667222142219543, 0.4266569912433624, 0.36553889513015747]"
0,centroid,1,522,Velorum,Velorum,"[""Velorum"", ""Ilias"", ""Trius"", ""Denom"", ""Triton""]","[0.8987592458724976, 0.40553009510040283, 0.3862907290458679, 0.34688037633895874, 0.3096535801887512]"
0,centroid,1,523,Velorum,Velorum,"[""Velorum"", ""Denom"", ""Triton"", ""Ilias"", ""Trius""]","[0.8398396968841553, 0.572175920009613, 0.42011404037475586, 0.4125477075576782, 0.33073073625564575]"
0,centroid,1,524,Velorum,Velorum,"[""Velorum"", ""Ilias"", ""Denom"", ""Alcatras"", ""Xtreme""]","[0.7766859531402588, 0.27290183305740356, 0.26166465878486633, 0.16096147894859314, 0.15559545159339905]"
0,centroid,1,525,Velorum,Velorum,"[""Velorum"", ""Nivalis"", ""Denom"", ""Ilias"", ""Ratikon""]","[0.9090526700019836, 0.4907270073890686, 0.45705318450927734, 0.38819217681884766, 0.32703930139541626]"
0,centroid,1,526,Velorum,Velorum,"[""Velorum"", ""Ilias"", ""Denom"", ""Triton"", ""Mytikas""]","[0.9532883763313293, 0.4391377568244934, 0.3841572701931, 0.3183993101119995, 0.2866198420524597]"
0,centroid,1,527,Velorum,Velorum,"[""Velorum"", ""Nivalis"", ""Mytikas"", ""Denom"", ""Ilias""]","[0.8519253134727478, 0.41337162256240845, 0.20897912979125977, 0.18764647841453552, 0.17951656877994537]"
0,centroid,1,528,Velorum,Velorum,"[""Velorum"", ""Ilias"", ""Denom"", ""Triton"", ""Nivalis""]","[0.938133716583252, 0.46527668833732605, 0.3707742393016815, 0.3400663137435913, 0.3278687000274658]"
0,centroid,1,529,Velorum,Velorum,"[""Velorum"", ""Nivalis"", ""Ilias"", ""Mytikas"", ""Denom""]","[0.8962497711181641, 0.4080715775489807, 0.3838140070438385, 0.3570822477340698, 0.2972237765789032]"
0,centroid,1,530,Velorum,Velorum,"[""Velorum"", ""Denom"", ""Castor"", ""Ilias"", ""Triton""]","[0.7597337961196899, 0.33706027269363403, 0.3202052414417267, 0.2901141941547394, 0.24348782002925873]"
0,centroid,1,531,Velorum,Velorum,"[""Velorum"", ""Denom"", ""Nivalis"", ""Ilias"", ""Ratikon""]","[0.905129075050354, 0.6481431722640991, 0.45935750007629395, 0.42949777841567993, 0.3395541310310364]"
0,centroid,1,532,Velorum,Velorum,"[""Velorum"", ""Ilias"", ""Nivalis"", ""Denom"", ""Ratikon""]","[0.8405942320823669, 0.678909420967102, 0.5896845459938049, 0.5555122494697571, 0.41399943828582764]"
0,centroid,1,533,Velorum,Velorum,"[""Velorum"", ""Ilias"", ""Denom"", ""Nivalis"", ""Ratikon""]","[0.8952589631080627, 0.6125907897949219, 0.6044975519180298, 0.42841780185699463, 0.34151899814605713]"
0,centroid,1,534,Velorum,Velorum,"[""Velorum"", ""Alcatras"", ""Castor"", ""Triton"", ""Ilias""]","[0.8641538619995117, 0.33579397201538086, 0.30814433097839355, 0.30771133303642273, 0.2117462009191513]"
0,centroid,1,535,Velorum,Velorum,"[""Velorum"", ""Nivalis"", ""Denom"", ""Ratikon"", ""Ilias""]","[0.833186686038971, 0.6437164545059204, 0.6237262487411499, 0.38620540499687195, 0.2962489128112793]"
0,centroid,1,536,Velorum,Velorum,"[""Velorum"", ""Triton"", ""Mytikas"", ""Nivalis"", ""Trius""]","[0.7547794580459595, 0.5723289251327515, 0.45389336347579956, 0.26021936535835266, 0.2579885721206665]"
0,centroid,1,537,Velorum,Velorum,"[""Velorum"", ""Nivalis"", ""Denom"", ""Ilias"", ""Ratikon""]","[0.884493350982666, 0.5615562200546265, 0.41957715153694153, 0.36659377813339233, 0.27702581882476807]"
0,centroid,1,538,Velorum,Velorum,"[""Velorum"", ""Triton"", ""Castor"", ""Trius"", ""Mytikas""]","[0.7914860248565674, 0.504907488822937, 0.43610796332359314, 0.3498610556125641, 0.3144460916519165]"
0,centroid,1,539,Velorum,Velorum,"[""Velorum"", ""Ilias"", ""Denom"", ""Triton"", ""Trius""]","[0.9534704089164734, 0.5958379507064819, 0.46310046315193176, 0.4397520422935486, 0.3622278869152069]"
0,centroid,1,540,Velorum,Velorum,"[""Velorum"", ""Denom"", ""Ilias"", ""Nivalis"", ""Ratikon""]","[0.9488539695739746, 0.4588161110877991, 0.40015727281570435, 0.3522111773490906, 0.17430561780929565]"
0,centroid,1,541,Velorum,Velorum,"[""Velorum"", ""Ilias"", ""Denom"", ""Nivalis"", ""Ratikon""]","[0.8662185072898865, 0.577619194984436, 0.5705695748329163, 0.3739696145057678, 0.34936314821243286]"
0,centroid,1,542,Velorum,Velorum,"[""Velorum"", ""Denom"", ""Nivalis"", ""Trius"", ""Ilias""]","[0.8168164491653442, 0.514927864074707, 0.3460690379142761, 0.2255471795797348, 0.1814686506986618]"
0,centroid,1,543,Velorum,Velorum,"[""Velorum"", ""Triton"", ""Mytikas"", ""Denom"", ""Ilias""]","[0.8150354623794556, 0.49251359701156616, 0.4625556170940399, 0.34218886494636536, 0.3109063506126404]"
0,centroid,1,544,Velorum,Velorum,"[""Velorum"", ""Ilias"", ""Trius"", ""Triton"", ""Mytikas""]","[0.8629460334777832, 0.6121546030044556, 0.4371602535247803, 0.3872780203819275, 0.3604161739349365]"
0,centroid,1,545,Velorum,Velorum,"[""Velorum"", ""Triton"", ""Ilias"", ""Trius"", ""Denom""]","[0.8933820128440857, 0.37819385528564453, 0.34941959381103516, 0.3260515332221985, 0.2923848628997803]"
0,centroid,1,546,Velorum,Velorum,"[""Velorum"", ""Triton"", ""Trius"", ""Alcatras"", ""Ilias""]","[0.9325125813484192, 0.3485764265060425, 0.27839142084121704, 0.23832184076309204, 0.23422971367835999]"
0,centroid,1,547,Velorum,Velorum,"[""Velorum"", ""Nivalis"", ""Ilias"", ""Denom"", ""Alcatras""]","[0.8641674518585205, 0.3664594292640686, 0.3362860679626465, 0.21165227890014648, 0.15615370869636536]"
0,centroid,1,548,Velorum,Velorum,"[""Velorum"", ""Ilias"", ""Denom"", ""Triton"", ""Nivalis""]","[0.9367170333862305, 0.5015524625778198, 0.37822818756103516, 0.36892086267471313, 0.33330726623535156]"
0,centroid,1,549,Velorum,Velorum,"[""Velorum"", ""Denom"", ""Ilias"", ""Trius"", ""Triton""]","[0.9248059391975403, 0.4169999361038208, 0.2791444659233093, 0.22692354023456573, 0.2168862521648407]"
0,centroid,1,550,Velorum,Denom,"[""Denom"", ""Velorum"", ""Nivalis"", ""Ilias"", ""Ratikon""]","[0.6771106719970703, 0.6139174699783325, 0.4935665726661682, 0.4888371229171753, 0.46494758129119873]"
0,centroid,1,551,Velorum,Velorum,"[""Velorum"", ""Nivalis"", ""Triton"", ""Castor"", ""Mytikas""]","[0.8680194616317749, 0.3467492461204529, 0.2953486442565918, 0.2791458070278168, 0.2679539918899536]"
0,centroid,1,552,Velorum,Velorum,"[""Velorum"", ""Ilias"", ""Denom"", ""Nivalis"", ""Mytikas""]","[0.8991431593894958, 0.6292414665222168, 0.5260237455368042, 0.41190654039382935, 0.36945217847824097]"
0,centroid,1,553,Velorum,Velorum,"[""Velorum"", ""Ilias"", ""Triton"", ""Denom"", ""Mytikas""]","[0.8646092414855957, 0.4875713586807251, 0.4616096317768097, 0.38451313972473145, 0.3604449927806854]"
0,centroid,1,554,Velorum,Velorum,"[""Velorum"", ""Denom"", ""Ilias"", ""Triton"", ""Nivalis""]","[0.8609894514083862, 0.48081496357917786, 0.4135572910308838, 0.2990610599517822, 0.2986423373222351]"
0,centroid,1,555,Velorum,Velorum,"[""Velorum"", ""Nivalis"", ""Triton"", ""Mytikas"", ""Ilias""]","[0.8057153224945068, 0.41020825505256653, 0.3426333963871002, 0.2860743999481201, 0.2787837088108063]"
0,centroid,1,556,Velorum,Velorum,"[""Velorum"", ""Ilias"", ""Denom"", ""Nivalis"", ""Triton""]","[0.9551607370376587, 0.541179895401001, 0.44962725043296814, 0.33190542459487915, 0.2740292549133301]"
0,centroid,1,557,Velorum,Velorum,"[""Velorum"", ""Nivalis"", ""Ilias"", ""Triton"", ""Denom""]","[0.7396634221076965, 0.6010866761207581, 0.5146827697753906, 0.3590853810310364, 0.3548389673233032]"
0,centroid,1,558,Velorum,Ilias,"[""Ilias"", ""Velorum"", ""Triton"", ""Ratikon"", ""Denom""]","[0.7232037782669067, 0.7135865688323975, 0.37471574544906616, 0.3672044277191162, 0.3305562138557434]"
0,centroid,1,559,Velorum,Velorum,"[""Velorum"", ""Trius"", ""Alcatras"", ""Triton"", ""Castor""]","[0.8802418112754822, 0.436842143535614, 0.41631925106048584, 0.3314586877822876, 0.31339532136917114]"
0,centroid,1,560,Velorum,Velorum,"[""Velorum"", ""Nivalis"", ""Denom"", ""Ilias"", ""Ratikon""]","[0.7829952836036682, 0.4053896367549896, 0.38397008180618286, 0.3613865375518799, 0.3403163552284241]"
0,centroid,1,561,Velorum,Velorum,"[""Velorum"", ""Ilias"", ""Triton"", ""Mytikas"", ""Trius""]","[0.9525063037872314, 0.45571577548980713, 0.37763768434524536, 0.3439568877220154, 0.3159358501434326]"
0,centroid,1,562,Velorum,Velorum,"[""Velorum"", ""Ilias"", ""Alcatras"", ""Triton"", ""Trius""]","[0.9349144697189331, 0.3965506851673126, 0.340817391872406, 0.3052523732185364, 0.3001054525375366]"
0,centroid,1,563,Velorum,Velorum,"[""Velorum"", ""Triton"", ""Trius"", ""Mytikas"", ""Ilias""]","[0.9130228757858276, 0.4762834906578064, 0.39721935987472534, 0.3738667964935303, 0.3557083010673523]"
0,centroid,1,564,Velorum,Velorum,"[""Velorum"", ""Ilias"", ""Triton"", ""Denom"", ""Trius""]","[0.8911430835723877, 0.5263348817825317, 0.46706506609916687, 0.3179023265838623, 0.3125566244125366]"
0,centroid,1,565,Velorum,Velorum,"[""Velorum"", ""Triton"", ""Ilias"", ""Mytikas"", ""Nivalis""]","[0.8832347393035889, 0.4734977185726166, 0.41169971227645874, 0.41100946068763733, 0.3038547933101654]"
0,centroid,1,566,Velorum,Velorum,"[""Velorum"", ""Ilias"", ""Denom"", ""Triton"", ""Mytikas""]","[0.9282714128494263, 0.6302390098571777, 0.39431947469711304, 0.33326804637908936, 0.29368871450424194]"
0,centroid,1,567,Velorum,Velorum,"[""Velorum"", ""Triton"", ""Ilias"", ""Mytikas"", ""Nivalis""]","[0.907494306564331, 0.5651916265487671, 0.4450041949748993, 0.419075071811676, 0.306363582611084]"
0,centroid,1,568,Velorum,Velorum,"[""Velorum"", ""Ilias"", ""Mytikas"", ""Triton"", ""Nivalis""]","[0.8941229581832886, 0.41019657254219055, 0.4028970003128052, 0.40049415826797485, 0.23539559543132782]"
0,centroid,1,569,Velorum,Velorum,"[""Velorum"", ""Ilias"", ""Denom"", ""Triton"", ""Nivalis""]","[0.9168087244033813, 0.6001142263412476, 0.4387105107307434, 0.38480833172798157, 0.3727324306964874]"
0,centroid,1,570,Velorum,Velorum,"[""Velorum"", ""Triton"", ""Alcatras"", ""Trius"", ""Mytikas""]","[0.6331956386566162, 0.4988766312599182, 0.42652785778045654, 0.3968655467033386, 0.3810688257217407]"
0,centroid,1,571,Velorum,Velorum,"[""Velorum"", ""Triton"", ""Mytikas"", ""Ilias"", ""Xtreme""]","[0.8147780299186707, 0.4631442427635193, 0.4210816025733948, 0.33879855275154114, 0.32621434330940247]"
0,centroid,1,572,Velorum,Velorum,"[""Velorum"", ""Ilias"", ""Mytikas"", ""Nivalis"", ""Denom""]","[0.8963721394538879, 0.3904629349708557, 0.3720172345638275, 0.3650558292865753, 0.36345505714416504]"
0,centroid,1,573,Velorum,Velorum,"[""Velorum"", ""Denom"", ""Nivalis"", ""Ilias"", ""Ratikon""]","[0.9187697768211365, 0.5393364429473877, 0.5102393627166748, 0.4178590178489685, 0.2161005735397339]"
0,centroid,1,574,Velorum,Velorum,"[""Velorum"", ""Ilias"", ""Nivalis"", ""Denom"", ""Mytikas""]","[0.9044522047042847, 0.5760270953178406, 0.36541879177093506, 0.32587578892707825, 0.3057306408882141]"
0,centroid,1,575,Velorum,Velorum,"[""Velorum"", ""Nivalis"", ""Denom"", ""Ilias"", ""Mytikas""]","[0.8947820663452148, 0.3893415033817291, 0.3353823125362396, 0.19386038184165955, 0.17775225639343262]"
0,centroid,1,576,Velorum,Velorum,"[""Velorum"", ""Nivalis"", ""Denom"", ""Ilias"", ""Ratikon""]","[0.9086992144584656, 0.5570554137229919, 0.5537230372428894, 0.5148886442184448, 0.39982151985168457]"
0,centroid,1,577,Velorum,Velorum,"[""Velorum"", ""Denom"", ""Nivalis"", ""Triton"", ""Ilias""]","[0.8933693170547485, 0.4529644250869751, 0.351717084646225, 0.28747427463531494, 0.23683245480060577]"
0,centroid,1,578,Velorum,Velorum,"[""Velorum"", ""Nivalis"", ""Denom"", ""Steel_Wheel"", ""Mytikas""]","[0.8009262084960938, 0.37666404247283936, 0.2957853376865387, 0.2505214512348175, 0.19470050930976868]"
0,centroid,1,579,Xtreme,Xtreme,"[""Xtreme"", ""Gemini"", ""Steel_Wheel"", ""Denom"", ""Velorum""]","[0.9348351955413818, 0.5469701886177063, 0.09534727782011032, 0.06446221470832825, 0.06437034904956818]"
0,centroid,1,580,Xtreme,Xtreme,"[""Xtreme"", ""Gemini"", ""Velorum"", ""Denom"", ""Braga""]","[0.7846727967262268, 0.6105517148971558, 0.16694623231887817, 0.1087600588798523, 0.04385358840227127]"
0,centroid,1,581,Xtreme,Xtreme,"[""Xtreme"", ""Gemini"", ""Hawk"", ""Steel_Wheel"", ""Braga""]","[0.925408124923706, 0.6045251488685608, 0.10181240737438202, 0.07233923673629761, 0.04155803099274635]"
0,centroid,1,582,Xtreme,Xtreme,"[""Xtreme"", ""Gemini"", ""Braga"", ""Trius"", ""Mytikas""]","[0.7586489319801331, 0.6276776790618896, 0.29370006918907166, 0.21431010961532593, 0.20879200100898743]"
0,centroid,1,583,Xtreme,Xtreme,"[""Xtreme"", ""Gemini"", ""Hawk"", ""Braga"", ""Steel_Wheel""]","[0.8457907438278198, 0.3133465051651001, 0.1293584704399109, 0.1257523000240326, 0.0011051520705223083]"
0,centroid,1,584,Xtreme,Xtreme,"[""Xtreme"", ""Gemini"", ""Nivalis"", ""Steel_Wheel"", ""Denom""]","[0.9136300683021545, 0.4200139343738556, 0.04475319758057594, 0.0433514304459095, 0.018983127549290657]"
0,centroid,1,585,Xtreme,Xtreme,"[""Xtreme"", ""Gemini"", ""Steel_Wheel"", ""Denom"", ""Nivalis""]","[0.9243733286857605, 0.4927355945110321, 0.12916678190231323, 0.012326084077358246, -0.03411703556776047]"
0,centroid,1,586,Xtreme,Xtreme,"[""Xtreme"", ""Gemini"", ""Steel_Wheel"", ""Denom"", ""Velorum""]","[0.6999114751815796, 0.4470553398132324, 0.09861674159765244, 0.058481067419052124, 5.891360342502594e-05]"
0,centroid,1,587,Xtreme,Xtreme,"[""Xtreme"", ""Gemini"", ""Steel_Wheel"", ""Nivalis"", ""Denom""]","[0.9394549131393433, 0.5110244154930115, 0.16834650933742523, 0.09890377521514893, 0.07785563170909882]"
0,centroid,1,588,Xtreme,Xtreme,"[""Xtreme"", ""Gemini"", ""Steel_Wheel"", ""Velorum"", ""Denom""]","[0.9165928959846497, 0.42761799693107605, 0.14435821771621704, 0.07053159922361374, 0.0011322461068630219]"
0,centroid,1,589,Xtreme,Xtreme,"[""Xtreme"", ""Gemini"", ""Hawk"", ""Steel_Wheel"", ""Denom""]","[0.8371778726577759, 0.6338992714881897, 0.04278699308633804, 0.025140397250652313, -0.080735944211483]"
0,centroid,1,590,Xtreme,Xtreme,"[""Xtreme"", ""Gemini"", ""Steel_Wheel"", ""Mytikas"", ""Triton""]","[0.9500597715377808, 0.5126375555992126, 0.08236896991729736, 0.053873345255851746, -0.010809404775500298]"
0,centroid,1,591,Xtreme,Xtreme,"[""Xtreme"", ""Gemini"", ""Steel_Wheel"", ""Hawk"", ""Nivalis""]","[0.912482738494873, 0.5729740858078003, 0.0832139402627945, -0.03745824098587036, -0.06939874589443207]"
0,centroid,1,592,Xtreme,Xtreme,"[""Xtreme"", ""Gemini"", ""Trius"", ""Braga"", ""Mytikas""]","[0.7020518183708191, 0.646401047706604, 0.28903377056121826, 0.26009172201156616, 0.25120067596435547]"
0,centroid,1,593,Xtreme,Xtreme,"[""Xtreme"", ""Gemini"", ""Nivalis"", ""Ilias"", ""Denom""]","[0.8832604885101318, 0.389585018157959, 0.27328550815582275, 0.24588164687156677, 0.1548454463481903]"
0,centroid,1,594,Xtreme,Xtreme,"[""Xtreme"", ""Gemini"", ""Denom"", ""Velorum"", ""Nivalis""]","[0.9331295490264893, 0.3345033526420593, 0.11432235687971115, 0.029329337179660797, 0.017989065498113632]"
0,centroid,1,595,Xtreme,Xtreme,"[""Xtreme"", ""Gemini"", ""Steel_Wheel"", ""Velorum"", ""Hawk""]","[0.9414304494857788, 0.28058066964149475, 0.14173154532909393, 0.012354206293821335, -0.03880441188812256]"
0,centroid,1,596,Xtreme,Xtreme,"[""Xtreme"", ""Gemini"", ""Steel_Wheel"", ""Velorum"", ""Mytikas""]","[0.9789906144142151, 0.3675720691680908, 0.13227197527885437, 0.011302053928375244, -0.014230582863092422]"
0,centroid,1,597,Xtreme,Xtreme,"[""Xtreme"", ""Gemini"", ""Braga"", ""Triton"", ""Mytikas""]","[0.882642388343811, 0.5217069387435913, 0.2604653835296631, 0.2215280830860138, 0.18351659178733826]"
0,centroid,1,598,Xtreme,Xtreme,"[""Xtreme"", ""Gemini"", ""Steel_Wheel"", ""Nivalis"", ""Hawk""]","[0.9171111583709717, 0.48512786626815796, 0.19537495076656342, -0.036186568439006805, -0.053249020129442215]"
0,centroid,1,599,Xtreme,Xtreme,"[""Xtreme"", ""Gemini"", ""Steel_Wheel"", ""Velorum"", ""Nivalis""]","[0.9319539070129395, 0.3299656808376312, 0.16108116507530212, 0.10275066643953323, 0.018294882029294968]"
0,centroid,1,600,Xtreme,Xtreme,"[""Xtreme"", ""Gemini"", ""Steel_Wheel"", ""Velorum"", ""Ilias""]","[0.9628880023956299, 0.4390260577201843, 0.10516215860843658, -0.013095259666442871, -0.024053141474723816]"
0,centroid,1,601,Xtreme,Xtreme,"[""Xtreme"", ""Gemini"", ""Braga"", ""Steel_Wheel"", ""Hawk""]","[0.8849221467971802, 0.5390598773956299, 0.1477629393339157, 0.09549359977245331, 0.06124430149793625]"
0,centroid,1,602,Xtreme,Xtreme,"[""Xtreme"", ""Gemini"", ""Velorum"", ""Steel_Wheel"", ""Mytikas""]","[0.9730169773101807, 0.5025666356086731, 0.05061817169189453, 0.03861202299594879, 0.02220047637820244]"
0,centroid,1,603,Xtreme,Xtreme,"[""Xtreme"", ""Gemini"", ""Denom"", ""Steel_Wheel"", ""Hawk""]","[0.8763278722763062, 0.6229924559593201, 0.03154779225587845, 0.022186383605003357, -0.009501034393906593]"
0,centroid,1,604,Xtreme,Xtreme,"[""Xtreme"", ""Gemini"", ""Braga"", ""Trius"", ""Triton""]","[0.8277252912521362, 0.6309681534767151, 0.3434149920940399, 0.2795567810535431, 0.2200252115726471]"
0,centroid,1,605,Xtreme,Xtreme,"[""Xtreme"", ""Gemini"", ""Hawk"", ""Steel_Wheel"", ""Denom""]","[0.8181555271148682, 0.6072998046875, 0.07123620063066483, 0.010346844792366028, -0.00035049766302108765]"
0,centroid,1,606,Xtreme,Xtreme,"[""Xtreme"", ""Ilias"", ""Steel_Wheel"", ""Denom"", ""Mytikas""]","[0.5975404977798462, 0.47920575737953186, 0.33382540941238403, 0.26758697628974915, 0.24811281263828278]"
0,centroid,1,607,Xtreme,Xtreme,"[""Xtreme"", ""Gemini"", ""Hawk"", ""Steel_Wheel"", ""Braga""]","[0.8133735656738281, 0.4100622236728668, 0.24373549222946167, 0.14176373183727264, 0.14035001397132874]"
0,centroid,1,608,Xtreme,Xtreme,"[""Xtreme"", ""Gemini"", ""Steel_Wheel"", ""Nivalis"", ""Braga""]","[0.9523510932922363, 0.3759108781814575, 0.20994913578033447, -0.07778697460889816, -0.08013886213302612]"
0,centroid,1,609,Xtreme,Xtreme,"[""Xtreme"", ""Gemini"", ""Braga"", ""Steel_Wheel"", ""Hawk""]","[0.9474279284477234, 0.4420905113220215, 0.1289568692445755, 0.06431848555803299, 0.062437474727630615]"
0,centroid,1,610,Xtreme,Xtreme,"[""Xtreme"", ""Gemini"", ""Steel_Wheel"", ""Velorum"", ""Triton""]","[0.9548487663269043, 0.5266878604888916, 0.16300351917743683, 0.05314019322395325, 0.03995906561613083]"
0,centroid,1,611,Xtreme,Xtreme,"[""Xtreme"", ""Gemini"", ""Steel_Wheel"", ""Velorum"", ""Denom""]","[0.9571288824081421, 0.3934037685394287, 0.11621738970279694, 0.018793024122714996, -0.012222956866025925]"
0,centroid,1,612,Xtreme,Xtreme,"[""Xtreme"", ""Gemini"", ""Steel_Wheel"", ""Nivalis"", ""Denom""]","[0.9500483274459839, 0.49613964557647705, 0.15396805107593536, 0.06623274087905884, 0.03659146651625633]"
0,centroid,1,613,Xtreme,Xtreme,"[""Xtreme"", ""Gemini"", ""Steel_Wheel"", ""Velorum"", ""Denom""]","[0.9438742399215698, 0.2908092737197876, 0.16392165422439575, 0.10670240223407745, -0.047826386988162994]"
0,centroid,1,614,Xtreme,Xtreme,"[""Xtreme"", ""Gemini"", ""Velorum"", ""Braga"", ""Hawk""]","[0.8950103521347046, 0.4960545301437378, 0.08704061061143875, 0.08082067966461182, 0.0649084746837616]"
0,centroid,1,615,Xtreme,Xtreme,"[""Xtreme"", ""Gemini"", ""Mytikas"", ""Triton"", ""Braga""]","[0.7877907752990723, 0.6446957588195801, 0.2524136006832123, 0.235479936003685, 0.18993628025054932]"
0,centroid,1,616,Xtreme,Xtreme,"[""Xtreme"", ""Gemini"", ""Mytikas"", ""Braga"", ""Nivalis""]","[0.903908371925354, 0.6722699403762817, 0.103497713804245, 0.10189823806285858, 0.0315035805106163]"
1,centroid,1,0,Alaris,Alaris,"[""Alaris"", ""Alcatras"", ""Trius"", ""Braga"", ""Triton""]","[0.8413004875183105, 0.741145133972168, 0.6398472785949707, 0.536047101020813, 0.3857935667037964]"
1,centroid,1,1,Alaris,Turbine,"[""Turbine"", ""Alaris"", ""Alcatras"", ""Triton"", ""Hawk""]","[0.6872601509094238, 0.5631099939346313, 0.5063826441764832, 0.38539624214172363, 0.3612257242202759]"
1,centroid,1,2,Alaris,Alcatras,"[""Alcatras"", ""Alaris"", ""Trius"", ""Braga"", ""Mytikas""]","[0.8720776438713074, 0.8059498071670532, 0.6290417909622192, 0.6036563515663147, 0.5956248044967651]"
1,centroid,1,3,Alaris,Alaris,"[""Alaris"", ""Alcatras"", ""Trius"", ""Braga"", ""Vega""]","[0.8565030097961426, 0.7686365246772766, 0.588881254196167, 0.48998427391052246, 0.3559885621070862]"
1,centroid,1,4,Alaris,Alaris,"[""Alaris"", ""Alcatras"", ""Hawk"", ""Trius"", ""Turbine""]","[0.7873269319534302, 0.6331249475479126, 0.4073963761329651, 0.38660699129104614, 0.36209315061569214]"
1,centroid,1,5,Alaris,Trius,"[""Trius"", ""Alaris"", ""Braga"", ""Alcatras"", ""Triton""]","[0.825766921043396, 0.6510665416717529, 0.5630198121070862, 0.5075581073760986, 0.47705477476119995]"
1,centroid,1,6,Alaris,Alaris,"[""Alaris"", ""Alcatras"", ""Hawk"", ""Trius"", ""Turbine""]","[0.7459582090377808, 0.6789020299911499, 0.45865440368652344, 0.3702777028083801, 0.3061044216156006]"
1,centroid,1,7,Alaris,Alaris,"[""Alaris"", ""Alcatras"", ""Trius"", ""Braga"", ""Triton""]","[0.8683018684387207, 0.7109432220458984, 0.7037559747695923, 0.4747719168663025, 0.42867743968963623]"
1,centroid,1,8,Alaris,Alaris,"[""Alaris"", ""Trius"", ""Alcatras"", ""Braga"", ""Turbine""]","[0.8887374401092529, 0.612346887588501, 0.5863950252532959, 0.4535202980041504, 0.45089903473854065]"
1,centroid,1,9,Alaris,Alaris,"[""Alaris"", ""Turbine"", ""Alcatras"", ""Hawk"", ""Braga""]","[0.7586163282394409, 0.7200988531112671, 0.5809807181358337, 0.5806094408035278, 0.5314086675643921]"
1,centroid,1,10,Alaris,Alaris,"[""Alaris"", ""Trius"", ""Vega"", ""Alcatras"", ""Turbine""]","[0.7953282594680786, 0.6152990460395813, 0.4556470513343811, 0.4187335968017578, 0.22892914712429047]"
1,centroid,1,11,Alaris,Castor,"[""Castor"", ""Alcatras"", ""Braga"", ""Hawk"", ""Turbine""]","[0.682805061340332, 0.6142963171005249, 0.5791254639625549, 0.5255451798439026, 0.4067862331867218]"
1,centroid,1,12,Alaris,Alaris,"[""Alaris"", ""Hawk"", ""Alcatras"", ""Turbine"", ""Vega""]","[0.755126953125, 0.6762455701828003, 0.6456823348999023, 0.35709893703460693, 0.3333669900894165]"
1,centroid,1,13,Alaris,Alaris,"[""Alaris"", ""Alcatras"", ""Braga"", ""Castor"", ""Trius""]","[0.89647376537323, 0.802025318145752, 0.5311992168426514, 0.47010135650634766, 0.457844614982605]"
1,centroid,1,14,Alaris,Alaris,"[""Alaris"", ""Alcatras"", ""Turbine"", ""Trius"", ""Hawk""]","[0.8306751251220703, 0.6301190853118896, 0.5791131854057312, 0.36733490228652954, 0.3578035831451416]"
1,centroid,1,15,Alaris,Alcatras,"[""Alcatras"", ""Alaris"", ""Braga"", ""Turbine"", ""Castor""]","[0.8533765077590942, 0.8490915894508362, 0.649177610874176, 0.5473864078521729, 0.5290886163711548]"
1,centroid,1,16,Alaris,Alcatras,"[""Alcatras"", ""Triton"", ""Turbine"", ""Mytikas"", ""Alaris""]","[0.7336666584014893, 0.7105116248130798, 0.6829546689987183, 0.6287394165992737, 0.6152358055114746]"
1,centroid,1,17,Alaris,Vega,"[""Vega"", ""Alaris"", ""Gemini"", ""Braga"", ""Trius""]","[0.6919337511062622, 0.6642259359359741, 0.5309505462646484, 0.41619399189949036, 0.4084938168525696]"
1,centroid,1,18,Alaris,Alaris,"[""Alaris"", ""Alcatras"", ""Trius"", ""Braga"", ""Castor""]","[0.9089128375053406, 0.7472641468048096, 0.594673752784729, 0.5578135251998901, 0.3670613467693329]"
1,centroid,1,19,Alaris,Alaris,"[""Alaris"", ""Vega"", ""Trius"", ""Alcatras"", ""Braga""]","[0.836014986038208, 0.5953620672225952, 0.4982304573059082, 0.48626965284347534, 0.34596893191337585]"
1,centroid,1,20,Alaris,Alaris,"[""Alaris"", ""Alcatras"", ""Hawk"", ""Trius"", ""Vega""]","[0.7284191846847534, 0.5713441371917725, 0.49146050214767456, 0.4567868709564209, 0.38474294543266296]"
1,centroid,1,21,Alaris,Alaris,"[""Alaris"", ""Alcatras"", ""Trius"", ""Hawk"", ""Braga""]","[0.7916914224624634, 0.6535835266113281, 0.49253541231155396, 0.4651203453540802, 0.45006507635116577]"
1,centroid,1,22,Alaris,Alaris,"[""Alaris"", ""Alcatras"", ""Braga"", ""Hawk"", ""Turbine""]","[0.7995055317878723, 0.7821148037910461, 0.512505054473877, 0.48307061195373535, 0.471125990152359]"
1,centroid,1,23,Alaris,Alaris,"[""Alaris"", ""Braga"", ""Hawk"", ""Alcatras"", ""Vega""]","[0.8110678791999817, 0.6154294013977051, 0.549171507358551, 0.5454828143119812, 0.44933193922042847]"
1,centroid,1,24,Alaris,Alaris,"[""Alaris"", ""Alcatras"", ""Braga"", ""Hawk"", ""Trius""]","[0.895572304725647, 0.6557365655899048, 0.3955453336238861, 0.38280022144317627, 0.38002288341522217]"
1,centroid,1,25,Alaris,Vega,"[""Vega"", ""Alaris"", ""Braga"", ""Trius"", ""Mytikas""]","[0.5500144958496094, 0.4943474531173706, 0.4429348111152649, 0.4389505386352539, 0.41720259189605713]"
1,centroid,1,26,Alaris,Alaris,"[""Alaris"", ""Vega"", ""Trius"", ""Turbine"", ""Alcatras""]","[0.7803623676300049, 0.6367471218109131, 0.5126602053642273, 0.45873793959617615, 0.397574245929718]"
1,centroid,1,27,Alaris,Alaris,"[""Alaris"", ""Vega"", ""Turbine"", ""Alcatras"", ""Hawk""]","[0.6417292356491089, 0.5466382503509521, 0.4905882179737091, 0.38203901052474976, 0.3771228790283203]"
1,centroid,1,28,Alcatras,Alcatras,"[""Alcatras"", ""Alaris"", ""Castor"", ""Braga"", ""Hawk""]","[0.9093507528305054, 0.7498226165771484, 0.5533663034439087, 0.5289588570594788, 0.4169556498527527]"
1,centroid,1,29,Alcatras,Alaris,"[""Alaris"", ""Trius"", ""Alcatras"", ""Braga"", ""Vega""]","[0.8502522706985474, 0.6236997842788696, 0.605523943901062, 0.5892366766929626, 0.4279498755931854]"
1,centroid,1,30,Alcatras,Castor,"[""Castor"", ""Triton"", ""Alcatras"", ""Mytikas"", ""Trius""]","[0.7012163400650024, 0.6463254690170288, 0.5843997001647949, 0.5834228992462158, 0.5140047073364258]"
1,centroid,1,31,Alcatras,Alcatras,"[""Alcatras"", ""Alaris"", ""Castor"", ""Turbine"", ""Braga""]","[0.8155767917633057, 0.6814651489257812, 0.6260579228401184, 0.5360594987869263, 0.48024511337280273]"
1,centroid,1,32,Alcatras,Alcatras,"[""Alcatras"", ""Alaris"", ""Braga"", ""Hawk"", ""Castor""]","[0.8238441944122314, 0.7060364484786987, 0.48516523838043213, 0.39611995220184326, 0.35956093668937683]"
1,centroid,1,33,Alcatras,Velorum,"[""Velorum"", ""Alcatras"", ""Trius"", ""Mytikas"", ""Triton""]","[0.6066927909851074, 0.5592755675315857, 0.4496108889579773, 0.44717350602149963, 0.3821846842765808]"
1,centroid,1,34,Alcatras,Alcatras,"[""Alcatras"", ""Alaris"", ""Castor"", ""Trius"", ""Braga""]","[0.8740127086639404, 0.7386947870254517, 0.7134590744972229, 0.693348228931427, 0.6698853969573975]"
1,centroid,1,35,Alcatras,Alcatras,"[""Alcatras"", ""Alaris"", ""Trius"", ""Braga"", ""Castor""]","[0.843299150466919, 0.7477490901947021, 0.7337957620620728, 0.6842749118804932, 0.581578254699707]"
1,centroid,1,36,Alcatras,Alcatras,"[""Alcatras"", ""Castor"", ""Mytikas"", ""Triton"", ""Braga""]","[0.8854051232337952, 0.6812372207641602, 0.6140470504760742, 0.60174560546875, 0.5873218774795532]"
1,centroid,1,37,Alcatras,Alcatras,"[""Alcatras"", ""Alaris"", ""Braga"", ""Trius"", ""Castor""]","[0.884559690952301, 0.8329393863677979, 0.7457007169723511, 0.5996125936508179, 0.518121600151062]"
1,centroid,1,38,Alcatras,Alcatras,"[""Alcatras"", ""Turbine"", ""Castor"", ""Alaris"", ""Braga""]","[0.7657588720321655, 0.7097105979919434, 0.6286329627037048, 0.5910418033599854, 0.39969077706336975]"
1,centroid,1,39,Alcatras,Alcatras,"[""Alcatras"", ""Triton"", ""Alaris"", ""Trius"", ""Mytikas""]","[0.739030659198761, 0.6520466804504395, 0.6358292102813721, 0.608390212059021, 0.5931142568588257]"
1,centroid,1,40,Alcatras,Braga,"[""Braga"", ""Alaris"", ""Alcatras"", ""Turbine"", ""Castor""]","[0.8006777763366699, 0.7653626799583435, 0.7203197479248047, 0.6802762150764465, 0.647318959236145]"
1,centroid,1,41,Alcatras,Castor,"[""Castor"", ""Alcatras"", ""Triton"", ""Mytikas"", ""Velorum""]","[0.7831783294677734, 0.7530340552330017, 0.6709175109863281, 0.6463589668273926, 0.4375689923763275]"
1,centroid,1,42,Alcatras,Castor,"[""Castor"", ""Triton"", ""Mytikas"", ""Braga"", ""Alcatras""]","[0.7485103607177734, 0.6974341869354248, 0.6730648875236511, 0.5812110900878906, 0.5230011940002441]"
1,centroid,1,43,Alcatras,Alcatras,"[""Alcatras"", ""Alaris"", ""Braga"", ""Castor"", ""Mytikas""]","[0.7947424054145813, 0.5801738500595093, 0.46058189868927, 0.4369644224643707, 0.4003349840641022]"
1,centroid,1,44,Alcatras,Alcatras,"[""Alcatras"", ""Braga"", ""Alaris"", ""Castor"", ""Hawk""]","[0.8824902176856995, 0.693411648273468, 0.6503413915634155, 0.5826777219772339, 0.5494940876960754]"
1,centroid,1,45,Alcatras,Alcatras,"[""Alcatras"", ""Braga"", ""Alaris"", ""Castor"", ""Trius""]","[0.8519613146781921, 0.8254963755607605, 0.7177003622055054, 0.672562837600708, 0.5821574330329895]"
1,centroid,1,46,Alcatras,Alcatras,"[""Alcatras"", ""Castor"", ""Braga"", ""Triton"", ""Mytikas""]","[0.8475704193115234, 0.7859822511672974, 0.6167667508125305, 0.5782085657119751, 0.55608731508255]"
1,centroid,1,47,Alcatras,Turbine,"[""Turbine"", ""Alcatras"", ""Alaris"", ""Triton"", ""Mytikas""]","[0.7179965376853943, 0.6833575963973999, 0.5656806230545044, 0.5242577791213989, 0.44550591707229614]"
1,centroid,1,48,Alcatras,Alcatras,"[""Alcatras"", ""Braga"", ""Alaris"", ""Castor"", ""Mytikas""]","[0.9104480743408203, 0.8034960031509399, 0.7157834768295288, 0.6681272983551025, 0.635953426361084]"
1,centroid,1,49,Alcatras,Alcatras,"[""Alcatras"", ""Alaris"", ""Castor"", ""Braga"", ""Hawk""]","[0.8097916841506958, 0.667123556137085, 0.49044930934906006, 0.4762941896915436, 0.45635947585105896]"
1,centroid,1,50,Alcatras,Alcatras,"[""Alcatras"", ""Alaris"", ""Braga"", ""Castor"", ""Trius""]","[0.8121757507324219, 0.7743366956710815, 0.7282537221908569, 0.6922411322593689, 0.4865301549434662]"
1,centroid,1,51,Alcatras,Alcatras,"[""Alcatras"", ""Alaris"", ""Mytikas"", ""Turbine"", ""Braga""]","[0.8261114358901978, 0.6720225811004639, 0.4727393388748169, 0.455219030380249, 0.45517539978027344]"
1,centroid,1,52,Alcatras,Alcatras,"[""Alcatras"", ""Castor"", ""Braga"", ""Turbine"", ""Alaris""]","[0.8674248456954956, 0.739206075668335, 0.6807313561439514, 0.6525605320930481, 0.634041428565979]"
1,centroid,1,53,Alcatras,Alcatras,"[""Alcatras"", ""Alaris"", ""Braga"", ""Castor"", ""Mytikas""]","[0.8597696423530579, 0.6429226398468018, 0.5260975360870361, 0.4906538426876068, 0.4300621747970581]"
1,centroid,1,54,Braga,Braga,"[""Braga"", ""Turbine"", ""Vega"", ""Castor"", ""Alcatras""]","[0.6757869720458984, 0.5569263696670532, 0.5430858135223389, 0.5354162454605103, 0.5058200359344482]"
1,centroid,1,55,Braga,Braga,"[""Braga"", ""Alaris"", ""Alcatras"", ""Turbine"", ""Castor""]","[0.8370783925056458, 0.6950387954711914, 0.6461371779441833, 0.6431434154510498, 0.6407659649848938]"
1,centroid,1,56,Braga,Braga,"[""Braga"", ""Gemini"", ""Turbine"", ""Alaris"", ""Hawk""]","[0.7997759580612183, 0.5675922632217407, 0.4545792043209076, 0.4029093384742737, 0.3667294383049011]"
1,centroid,1,57,Braga,Braga,"[""Braga"", ""Turbine"", ""Hawk"", ""Vega"", ""Castor""]","[0.6823503971099854, 0.6353626847267151, 0.47780507802963257, 0.38946235179901123, 0.38095715641975403]"
1,centroid,1,58,Braga,Triton,"[""Triton"", ""Mytikas"", ""Braga"", ""Alcatras"", ""Trius""]","[0.7225563526153564, 0.6690883636474609, 0.560991644859314, 0.5285530090332031, 0.5047743320465088]"
1,centroid,1,59,Braga,Braga,"[""Braga"", ""Castor"", ""Alcatras"", ""Turbine"", ""Mytikas""]","[0.8086453080177307, 0.7460139989852905, 0.5591992735862732, 0.4480632543563843, 0.4041431248188019]"
1,centroid,1,60,Braga,Gemini,"[""Gemini"", ""Braga"", ""Hawk"", ""Vega"", ""Turbine""]","[0.7173373699188232, 0.5874601602554321, 0.4376412034034729, 0.38615214824676514, 0.28567826747894287]"
1,centroid,1,61,Braga,Braga,"[""Braga"", ""Alaris"", ""Gemini"", ""Turbine"", ""Alcatras""]","[0.7702546119689941, 0.5990385413169861, 0.47495678067207336, 0.4742223024368286, 0.4162863492965698]"
1,centroid,1,62,Braga,Braga,"[""Braga"", ""Alaris"", ""Alcatras"", ""Castor"", ""Trius""]","[0.8466966152191162, 0.7606654167175293, 0.712418794631958, 0.5552187561988831, 0.4622580409049988]"
1,centroid,1,63,Braga,Braga,"[""Braga"", ""Trius"", ""Alaris"", ""Alcatras"", ""Castor""]","[0.8666635751724243, 0.6818960905075073, 0.6579298973083496, 0.5890487432479858, 0.5212268829345703]"
1,centroid,1,64,Braga,Braga,"[""Braga"", ""Castor"", ""Triton"", ""Alcatras"", ""Turbine""]","[0.8035303354263306, 0.7187049388885498, 0.6463207006454468, 0.609429121017456, 0.5596035718917847]"
1,centroid,1,65,Braga,Triton,"[""Triton"", ""Trius"", ""Braga"", ""Mytikas"", ""Castor""]","[0.7221512198448181, 0.5946774482727051, 0.5874417424201965, 0.5851545333862305, 0.46053704619407654]"
1,centroid,1,66,Braga,Braga,"[""Braga"", ""Turbine"", ""Hawk"", ""Vega"", ""Alaris""]","[0.8158488869667053, 0.62660151720047, 0.619110107421875, 0.44001227617263794, 0.43752729892730713]"
1,centroid,1,67,Braga,Braga,"[""Braga"", ""Hawk"", ""Alcatras"", ""Vega"", ""Turbine""]","[0.7546958923339844, 0.4995160698890686, 0.48860275745391846, 0.4694465398788452, 0.4666842818260193]"
1,centroid,1,68,Braga,Triton,"[""Triton"", ""Braga"", ""Mytikas"", ""Trius"", ""Castor""]","[0.8210814595222473, 0.7318686246871948, 0.7111812233924866, 0.5639015436172485, 0.5416034460067749]"
1,centroid,1,69,Braga,Braga,"[""Braga"", ""Vega"", ""Gemini"", ""Turbine"", ""Hawk""]","[0.6166821718215942, 0.5970705151557922, 0.5680320262908936, 0.5542738437652588, 0.5329749584197998]"
1,centroid,1,70,Braga,Braga,"[""Braga"", ""Turbine"", ""Alaris"", ""Castor"", ""Alcatras""]","[0.8364939093589783, 0.4544246196746826, 0.44385260343551636, 0.44161081314086914, 0.4336288571357727]"
1,centroid,1,71,Braga,Braga,"[""Braga"", ""Castor"", ""Alcatras"", ""Turbine"", ""Triton""]","[0.790860116481781, 0.6580067873001099, 0.5615809559822083, 0.5399379730224609, 0.4903346300125122]"
1,centroid,1,72,Braga,Turbine,"[""Turbine"", ""Braga"", ""Hawk"", ""Vega"", ""Castor""]","[0.7191179990768433, 0.6819843649864197, 0.49267250299453735, 0.47757792472839355, 0.4107973575592041]"
1,centroid,1,73,Braga,Braga,"[""Braga"", ""Castor"", ""Alcatras"", ""Alaris"", ""Trius""]","[0.876761257648468, 0.7201799750328064, 0.5384860634803772, 0.47202014923095703, 0.33468687534332275]"
1,centroid,1,74,Braga,Braga,"[""Braga"", ""Trius"", ""Triton"", ""Alaris"", ""Alcatras""]","[0.8143050074577332, 0.6322934627532959, 0.5859087705612183, 0.5668848752975464, 0.561977207660675]"
1,centroid,1,75,Braga,Braga,"[""Braga"", ""Castor"", ""Turbine"", ""Alcatras"", ""Alaris""]","[0.8371284008026123, 0.7131808996200562, 0.5924621820449829, 0.48999732732772827, 0.4269525110721588]"
1,centroid,1,76,Braga,Braga,"[""Braga"", ""Trius"", ""Triton"", ""Mytikas"", ""Alaris""]","[0.7260538339614868, 0.6534042954444885, 0.6392489671707153, 0.597797691822052, 0.4527319669723511]"
1,centroid,1,77,Braga,Braga,"[""Braga"", ""Castor"", ""Alcatras"", ""Triton"", ""Mytikas""]","[0.864669919013977, 0.7629984617233276, 0.7380132675170898, 0.6260137557983398, 0.5981404185295105]"
1,centroid,1,78,Braga,Braga,"[""Braga"", ""Castor"", ""Triton"", ""Alcatras"", ""Alaris""]","[0.7681199312210083, 0.722084105014801, 0.6354348659515381, 0.6074529886245728, 0.4933808445930481]"
1,centroid,1,79,Braga,Braga,"[""Braga"", ""Triton"", ""Castor"", ""Mytikas"", ""Turbine""]","[0.7288092374801636, 0.6486222743988037, 0.6289469599723816, 0.5960961580276489, 0.5837274193763733]"
1,centroid,1,80,Braga,Braga,"[""Braga"", ""Castor"", ""Alcatras"", ""Alaris"", ""Mytikas""]","[0.8428766131401062, 0.6765427589416504, 0.5961596965789795, 0.4890589118003845, 0.4805648922920227]"
1,centroid,1,81,Braga,Turbine,"[""Turbine"", ""Mytikas"", ""Braga"", ""Alcatras"", ""Hawk""]","[0.5472127199172974, 0.5093522667884827, 0.5040556788444519, 0.42832624912261963, 0.4112148880958557]"
1,centroid,1,82,Braga,Braga,"[""Braga"", ""Gemini"", ""Trius"", ""Mytikas"", ""Turbine""]","[0.6477238535881042, 0.553080677986145, 0.46795031428337097, 0.4104967415332794, 0.40175172686576843]"
1,centroid,1,83,Braga,Braga,"[""Braga"", ""Castor"", ""Alcatras"", ""Triton"", ""Mytikas""]","[0.8649038076400757, 0.8061102032661438, 0.7504949569702148, 0.650691032409668, 0.6121997833251953]"
1,centroid,1,84,Braga,Braga,"[""Braga"", ""Castor"", ""Alcatras"", ""Turbine"", ""Triton""]","[0.8974192142486572, 0.6985660195350647, 0.6414265632629395, 0.566461443901062, 0.5267154574394226]"
1,centroid,1,85,Braga,Braga,"[""Braga"", ""Vega"", ""Gemini"", ""Alaris"", ""Hawk""]","[0.777405858039856, 0.46048080921173096, 0.4205089211463928, 0.36341390013694763, 0.36082372069358826]"
1,centroid,1,86,Braga,Braga,"[""Braga"", ""Turbine"", ""Castor"", ""Alcatras"", ""Alaris""]","[0.832851767539978, 0.8253138065338135, 0.7076012492179871, 0.5899578332901001, 0.5170256495475769]"
1,centroid,1,87,Braga,Vega,"[""Vega"", ""Hawk"", ""Gemini"", ""Braga"", ""Turbine""]","[0.575295090675354, 0.5068124532699585, 0.484354704618454, 0.3984734117984772, 0.2714056372642517]"
1,centroid,1,88,Braga,Turbine,"[""Turbine"", ""Braga"", ""Alaris"", ""Alcatras"", ""Hawk""]","[0.8161495923995972, 0.780347466468811, 0.6354362368583679, 0.5615111589431763, 0.5603134632110596]"
1,centroid,1,89,Braga,Hawk,"[""Hawk"", ""Gemini"", ""Braga"", ""Vega"", ""Alaris""]","[0.5879294276237488, 0.5868222713470459, 0.5048174858093262, 0.422141432762146, 0.3469387888908386]"
1,centroid,1,90,Braga,Braga,"[""Braga"", ""Castor"", ""Triton"", ""Alcatras"", ""Alaris""]","[0.8159154653549194, 0.670568585395813, 0.6354490518569946, 0.5468767881393433, 0.5315048694610596]"
1,centroid,1,91,Braga,Vega,"[""Vega"", ""Alaris"", ""Turbine"", ""Braga"", ""Gemini""]","[0.7916437387466431, 0.570722222328186, 0.528362512588501, 0.44435739517211914, 0.43518146872520447]"
1,centroid,1,92,Castor,Castor,"[""Castor"", ""Alcatras"", ""Triton"", ""Braga"", ""Mytikas""]","[0.9200077056884766, 0.6564154624938965, 0.5724691152572632, 0.5658239126205444, 0.5309809446334839]"
1,centroid,1,93,Castor,Castor,"[""Castor"", ""Alcatras"", ""Braga"", ""Triton"", ""Mytikas""]","[0.8930530548095703, 0.5551497936248779, 0.49526247382164, 0.48524802923202515, 0.44995489716529846]"
1,centroid,1,94,Castor,Castor,"[""Castor"", ""Braga"", ""Triton"", ""Alcatras"", ""Turbine""]","[0.8611321449279785, 0.5700594186782837, 0.5654652714729309, 0.5649295449256897, 0.3803814649581909]"
1,centroid,1,95,Castor,Castor,"[""Castor"", ""Triton"", ""Turbine"", ""Alcatras"", ""Braga""]","[0.8760470747947693, 0.622397780418396, 0.6069066524505615, 0.522711992263794, 0.5127751231193542]"
1,centroid,1,96,Castor,Alcatras,"[""Alcatras"", ""Mytikas"", ""Castor"", ""Trius"", ""Triton""]","[0.593386173248291, 0.5748691558837891, 0.5524141192436218, 0.5351398587226868, 0.44549161195755005]"
1,centroid,1,97,Castor,Castor,"[""Castor"", ""Triton"", ""Mytikas"", ""Alcatras"", ""Braga""]","[0.7657517194747925, 0.7314968705177307, 0.7283684015274048, 0.49914732575416565, 0.38932687044143677]"
1,centroid,1,98,Castor,Castor,"[""Castor"", ""Triton"", ""Turbine"", ""Mytikas"", ""Alcatras""]","[0.8839340209960938, 0.6088830232620239, 0.6031079292297363, 0.550459623336792, 0.5129263401031494]"
1,centroid,1,99,Castor,Braga,"[""Braga"", ""Castor"", ""Alcatras"", ""Mytikas"", ""Triton""]","[0.7115719318389893, 0.7024316191673279, 0.6661500930786133, 0.482258677482605, 0.43746328353881836]"
1,centroid,1,100,Castor,Castor,"[""Castor"", ""Turbine"", ""Alcatras"", ""Braga"", ""Alaris""]","[0.8588677644729614, 0.6697888374328613, 0.541754961013794, 0.5026246905326843, 0.4070454239845276]"
1,centroid,1,101,Castor,Alaris,"[""Alaris"", ""Alcatras"", ""Hawk"", ""Braga"", ""Castor""]","[0.70360267162323, 0.6878290176391602, 0.6354852914810181, 0.6299701929092407, 0.5794242024421692]"
1,centroid,1,102,Castor,Castor,"[""Castor"", ""Alcatras"", ""Turbine"", ""Braga"", ""Alaris""]","[0.914260983467102, 0.6664544939994812, 0.5556241273880005, 0.5276978015899658, 0.47492730617523193]"
1,centroid,1,103,Castor,Castor,"[""Castor"", ""Mytikas"", ""Alcatras"", ""Triton"", ""Braga""]","[0.8844220638275146, 0.6037883758544922, 0.6006025075912476, 0.572384238243103, 0.43102747201919556]"
1,centroid,1,104,Castor,Castor,"[""Castor"", ""Alcatras"", ""Mytikas"", ""Braga"", ""Triton""]","[0.9253185391426086, 0.6825025081634521, 0.644287109375, 0.5842773914337158, 0.5264298915863037]"
1,centroid,1,105,Castor,Castor,"[""Castor"", ""Braga"", ""Triton"", ""Mytikas"", ""Alcatras""]","[0.851209282875061, 0.6554090976715088, 0.5900908708572388, 0.5566810965538025, 0.539954423904419]"
1,centroid,1,106,Castor,Castor,"[""Castor"", ""Alcatras"", ""Turbine"", ""Braga"", ""Mytikas""]","[0.9259024262428284, 0.6018999218940735, 0.5999068021774292, 0.5441073775291443, 0.46834176778793335]"
1,centroid,1,107,Castor,Castor,"[""Castor"", ""Alcatras"", ""Braga"", ""Mytikas"", ""Triton""]","[0.8786388635635376, 0.602935791015625, 0.5658774375915527, 0.47123581171035767, 0.46017637848854065]"
1,centroid,1,108,Castor,Castor,"[""Castor"", ""Triton"", ""Alcatras"", ""Mytikas"", ""Braga""]","[0.8357268571853638, 0.7568086385726929, 0.6602698564529419, 0.6376708745956421, 0.6212442517280579]"
1,centroid,1,109,Castor,Castor,"[""Castor"", ""Triton"", ""Mytikas"", ""Alcatras"", ""Braga""]","[0.8028653860092163, 0.7729439735412598, 0.740503191947937, 0.6389774084091187, 0.49263668060302734]"
1,centroid,1,110,Castor,Castor,"[""Castor"", ""Alcatras"", ""Mytikas"", ""Triton"", ""Trius""]","[0.7606189846992493, 0.7156496644020081, 0.6561838984489441, 0.5520905256271362, 0.5261543989181519]"
1,centroid,1,111,Castor,Castor,"[""Castor"", ""Mytikas"", ""Triton"", ""Alcatras"", ""Braga""]","[0.8645184636116028, 0.6764660477638245, 0.6460492610931396, 0.6327535510063171, 0.46381351351737976]"
1,centroid,1,112,Castor,Castor,"[""Castor"", ""Alcatras"", ""Turbine"", ""Braga"", ""Triton""]","[0.8968257904052734, 0.6566201448440552, 0.5762675404548645, 0.5352833271026611, 0.5098267793655396]"
1,centroid,1,113,Castor,Castor,"[""Castor"", ""Alcatras"", ""Braga"", ""Triton"", ""Turbine""]","[0.9376564025878906, 0.6601665019989014, 0.6404105424880981, 0.4985242486000061, 0.4923384189605713]"
1,centroid,1,114,Castor,Castor,"[""Castor"", ""Turbine"", ""Alcatras"", ""Braga"", ""Triton""]","[0.9385282397270203, 0.5624045133590698, 0.5214377045631409, 0.5139632225036621, 0.4810507893562317]"
1,centroid,1,115,Castor,Castor,"[""Castor"", ""Mytikas"", ""Triton"", ""Alcatras"", ""Braga""]","[0.8025691509246826, 0.6714687943458557, 0.6166765093803406, 0.5247414708137512, 0.4846387505531311]"
1,centroid,1,116,Castor,Castor,"[""Castor"", ""Alcatras"", ""Turbine"", ""Braga"", ""Mytikas""]","[0.9266157150268555, 0.7160334587097168, 0.6710525155067444, 0.6326701045036316, 0.522257924079895]"
1,centroid,1,117,Castor,Castor,"[""Castor"", ""Triton"", ""Mytikas"", ""Alcatras"", ""Braga""]","[0.8357317447662354, 0.7458401918411255, 0.7122194170951843, 0.657611608505249, 0.528876781463623]"
1,centroid,1,118,Castor,Castor,"[""Castor"", ""Braga"", ""Mytikas"", ""Triton"", ""Turbine""]","[0.9355213642120361, 0.6063992381095886, 0.5686267018318176, 0.5680800080299377, 0.5553766489028931]"
1,centroid,1,119,Castor,Alcatras,"[""Alcatras"", ""Alaris"", ""Mytikas"", ""Castor"", ""Triton""]","[0.7930033802986145, 0.5873931646347046, 0.578716516494751, 0.5537246465682983, 0.5406131148338318]"
1,centroid,1,120,Castor,Trius,"[""Trius"", ""Castor"", ""Triton"", ""Alcatras"", ""Mytikas""]","[0.7743300199508667, 0.6321188807487488, 0.574562668800354, 0.552665650844574, 0.529268205165863]"
1,centroid,1,121,Castor,Castor,"[""Castor"", ""Alcatras"", ""Braga"", ""Turbine"", ""Mytikas""]","[0.9326443076133728, 0.5674793720245361, 0.513516366481781, 0.4914705455303192, 0.4072914123535156]"
1,centroid,1,122,Castor,Castor,"[""Castor"", ""Turbine"", ""Alcatras"", ""Braga"", ""Triton""]","[0.738510012626648, 0.7174894213676453, 0.581817090511322, 0.48990175127983093, 0.38102486729621887]"
1,centroid,1,123,Castor,Castor,"[""Castor"", ""Mytikas"", ""Triton"", ""Alcatras"", ""Braga""]","[0.8592138886451721, 0.7126374244689941, 0.6674196124076843, 0.5735758543014526, 0.5012158155441284]"
1,centroid,1,124,Denom,Denom,"[""Denom"", ""Ratikon"", ""Nivalis"", ""Steel_Wheel"", ""Ilias""]","[0.7369660139083862, 0.5478906631469727, 0.4814988374710083, 0.15409858524799347, 0.018895277753472328]"
1,centroid,1,125,Denom,Denom,"[""Denom"", ""Ratikon"", ""Nivalis"", ""Ilias"", ""Velorum""]","[0.8592737913131714, 0.7466206550598145, 0.6095899343490601, 0.3854217231273651, 0.017295612022280693]"
1,centroid,1,126,Denom,Denom,"[""Denom"", ""Ratikon"", ""Nivalis"", ""Ilias"", ""Velorum""]","[0.9729167222976685, 0.7975383996963501, 0.7697576284408569, 0.5255935192108154, 0.3759574890136719]"
1,centroid,1,127,Denom,Denom,"[""Denom"", ""Nivalis"", ""Ratikon"", ""Ilias"", ""Velorum""]","[0.8868374824523926, 0.5888820886611938, 0.583573579788208, 0.3453218340873718, 0.34397250413894653]"
1,centroid,1,128,Denom,Denom,"[""Denom"", ""Ratikon"", ""Nivalis"", ""Ilias"", ""Velorum""]","[0.7241127490997314, 0.44001102447509766, 0.4109717011451721, 0.34302565455436707, 0.29091551899909973]"
1,centroid,1,129,Denom,Denom,"[""Denom"", ""Ratikon"", ""Nivalis"", ""Ilias"", ""Velorum""]","[0.9437307715415955, 0.7048378586769104, 0.6468464732170105, 0.469815194606781, 0.33858007192611694]"
1,centroid,1,130,Denom,Denom,"[""Denom"", ""Ratikon"", ""Nivalis"", ""Ilias"", ""Velorum""]","[0.9364582300186157, 0.8251556754112244, 0.7321973443031311, 0.6257007718086243, 0.23038944602012634]"
1,centroid,1,131,Denom,Denom,"[""Denom"", ""Nivalis"", ""Ratikon"", ""Velorum"", ""Ilias""]","[0.8269832134246826, 0.6334164142608643, 0.6229608058929443, 0.4362383484840393, 0.3064907193183899]"
1,centroid,1,132,Denom,Denom,"[""Denom"", ""Ratikon"", ""Nivalis"", ""Ilias"", ""Velorum""]","[0.8357800245285034, 0.7640699148178101, 0.649359941482544, 0.5378280878067017, 0.5245070457458496]"
1,centroid,1,133,Denom,Denom,"[""Denom"", ""Ratikon"", ""Nivalis"", ""Ilias"", ""Velorum""]","[0.9481796622276306, 0.7992281913757324, 0.7403690814971924, 0.4724259376525879, 0.2979980707168579]"
1,centroid,1,134,Denom,Denom,"[""Denom"", ""Ratikon"", ""Nivalis"", ""Ilias"", ""Velorum""]","[0.8672624826431274, 0.6545847058296204, 0.562029242515564, 0.42359599471092224, 0.4235953688621521]"
1,centroid,1,135,Denom,Ratikon,"[""Ratikon"", ""Denom"", ""Ilias"", ""Velorum"", ""Nivalis""]","[0.7292990684509277, 0.6820199489593506, 0.6593296527862549, 0.4726735055446625, 0.4104718565940857]"
1,centroid,1,136,Denom,Ratikon,"[""Ratikon"", ""Denom"", ""Ilias"", ""Nivalis"", ""Velorum""]","[0.901326060295105, 0.8924427032470703, 0.7064112424850464, 0.6519507169723511, 0.18339906632900238]"
1,centroid,1,137,Denom,Steel_Wheel,"[""Steel_Wheel"", ""Braga"", ""Castor"", ""Xtreme"", ""Alaris""]","[0.48895740509033203, 0.2790963053703308, 0.2465151995420456, 0.09757578372955322, 0.053807035088539124]"
1,centroid,1,138,Denom,Denom,"[""Denom"", ""Nivalis"", ""Ratikon"", ""Ilias"", ""Velorum""]","[0.8765804767608643, 0.7778877019882202, 0.6858755946159363, 0.26099127531051636, 0.23252613842487335]"
1,centroid,1,139,Denom,Denom,"[""Denom"", ""Ratikon"", ""Nivalis"", ""Ilias"", ""Velorum""]","[0.9474351406097412, 0.7693496942520142, 0.7376419305801392, 0.5620377063751221, 0.4849531650543213]"
1,centroid,1,140,Denom,Denom,"[""Denom"", ""Ratikon"", ""Ilias"", ""Nivalis"", ""Velorum""]","[0.9057509899139404, 0.8052322864532471, 0.6189990043640137, 0.5492966175079346, 0.16585126519203186]"
1,centroid,1,141,Denom,Ratikon,"[""Ratikon"", ""Ilias"", ""Denom"", ""Nivalis"", ""Velorum""]","[0.8827807903289795, 0.7942987084388733, 0.7926750183105469, 0.6330094337463379, 0.30234310030937195]"
1,centroid,1,142,Denom,Denom,"[""Denom"", ""Ratikon"", ""Nivalis"", ""Ilias"", ""Velorum""]","[0.9026919603347778, 0.8514091968536377, 0.7011377811431885, 0.6157037019729614, 0.4905710220336914]"
1,centroid,1,143,Denom,Denom,"[""Denom"", ""Nivalis"", ""Ratikon"", ""Ilias"", ""Xtreme""]","[0.927759051322937, 0.6989858746528625, 0.6087081432342529, 0.3124074339866638, 0.17358292639255524]"
1,centroid,1,144,Denom,Denom,"[""Denom"", ""Ratikon"", ""Nivalis"", ""Ilias"", ""Velorum""]","[0.8977031707763672, 0.7432304620742798, 0.6690458655357361, 0.5812294483184814, 0.2891293466091156]"
1,centroid,1,145,Denom,Denom,"[""Denom"", ""Ratikon"", ""Nivalis"", ""Ilias"", ""Xtreme""]","[0.817104697227478, 0.6864991188049316, 0.484529972076416, 0.42119264602661133, 0.10511087626218796]"
1,centroid,1,146,Denom,Denom,"[""Denom"", ""Ratikon"", ""Nivalis"", ""Ilias"", ""Steel_Wheel""]","[0.921064019203186, 0.7544137835502625, 0.7037341594696045, 0.37098151445388794, 0.17910721898078918]"
1,centroid,1,147,Denom,Denom,"[""Denom"", ""Ratikon"", ""Nivalis"", ""Ilias"", ""Velorum""]","[0.8691657781600952, 0.7378088235855103, 0.5053848624229431, 0.42610517144203186, 0.14947324991226196]"
1,centroid,1,148,Denom,Denom,"[""Denom"", ""Ratikon"", ""Ilias"", ""Nivalis"", ""Velorum""]","[0.7795194387435913, 0.6656790971755981, 0.39156657457351685, 0.3532429337501526, 0.17680203914642334]"
1,centroid,1,149,Denom,Denom,"[""Denom"", ""Ratikon"", ""Nivalis"", ""Ilias"", ""Velorum""]","[0.9444530010223389, 0.726961612701416, 0.7039226293563843, 0.5619109272956848, 0.32974517345428467]"
1,centroid,1,150,Denom,Denom,"[""Denom"", ""Nivalis"", ""Ratikon"", ""Ilias"", ""Velorum""]","[0.9425902962684631, 0.7734168767929077, 0.7102528214454651, 0.579413115978241, 0.3200244605541229]"
1,centroid,1,151,Denom,Denom,"[""Denom"", ""Ratikon"", ""Nivalis"", ""Ilias"", ""Velorum""]","[0.9102875590324402, 0.8827416896820068, 0.7289110422134399, 0.6375986337661743, 0.42061781883239746]"
1,centroid,1,152,Denom,Denom,"[""Denom"", ""Ratikon"", ""Nivalis"", ""Ilias"", ""Velorum""]","[0.9268801808357239, 0.8632732033729553, 0.8109824061393738, 0.5603451728820801, 0.2775329351425171]"
1,centroid,1,153,Denom,Denom,"[""Denom"", ""Nivalis"", ""Ratikon"", ""Trius"", ""Gemini""]","[0.626620352268219, 0.4942881464958191, 0.42501041293144226, 0.42350053787231445, 0.18639278411865234]"
1,centroid,1,154,Denom,Denom,"[""Denom"", ""Velorum"", ""Nivalis"", ""Ratikon"", ""Ilias""]","[0.7539780139923096, 0.44737520813941956, 0.4343874454498291, 0.39558762311935425, 0.36362195014953613]"
1,centroid,1,155,Denom,Denom,"[""Denom"", ""Ratikon"", ""Nivalis"", ""Ilias"", ""Xtreme""]","[0.8522248268127441, 0.6372758150100708, 0.5375093221664429, 0.22914984822273254, 0.08613836020231247]"
1,centroid,1,156,Denom,Denom,"[""Denom"", ""Ratikon"", ""Nivalis"", ""Ilias"", ""Velorum""]","[0.9670007824897766, 0.7535022497177124, 0.7328678369522095, 0.4991421401500702, 0.2523882985115051]"
1,centroid,1,157,Denom,Denom,"[""Denom"", ""Ratikon"", ""Nivalis"", ""Ilias"", ""Velorum""]","[0.8491677045822144, 0.7957673072814941, 0.6252135038375854, 0.3949272334575653, 0.08844995498657227]"
1,centroid,1,158,Denom,Denom,"[""Denom"", ""Ratikon"", ""Nivalis"", ""Ilias"", ""Velorum""]","[0.9626418352127075, 0.7968795299530029, 0.7122654318809509, 0.534570574760437, 0.32943201065063477]"
1,centroid,1,159,Denom,Denom,"[""Denom"", ""Nivalis"", ""Ratikon"", ""Ilias"", ""Velorum""]","[0.9490451812744141, 0.7502808570861816, 0.6757642030715942, 0.4015970528125763, 0.24464377760887146]"
1,centroid,1,160,Denom,Denom,"[""Denom"", ""Ratikon"", ""Nivalis"", ""Velorum"", ""Ilias""]","[0.8314037322998047, 0.6525947451591492, 0.613710343837738, 0.5978403091430664, 0.5208571553230286]"
1,centroid,1,161,Denom,Denom,"[""Denom"", ""Nivalis"", ""Ratikon"", ""Ilias"", ""Velorum""]","[0.9221656322479248, 0.8151843547821045, 0.7854678630828857, 0.5923885107040405, 0.4725375175476074]"
1,centroid,1,162,Gemini,Gemini,"[""Gemini"", ""Xtreme"", ""Trius"", ""Vega"", ""Braga""]","[0.92800372838974, 0.5970711708068848, 0.25272729992866516, 0.22284922003746033, 0.10355435311794281]"
1,centroid,1,163,Gemini,Denom,"[""Denom"", ""Ilias"", ""Ratikon"", ""Nivalis"", ""Xtreme""]","[0.6427234411239624, 0.4831905961036682, 0.4725974500179291, 0.4608651399612427, 0.402431845664978]"
1,centroid,1,164,Gemini,Gemini,"[""Gemini"", ""Vega"", ""Alaris"", ""Hawk"", ""Turbine""]","[0.49191588163375854, 0.4524820148944855, 0.4475783705711365, 0.29522836208343506, 0.26804590225219727]"
1,centroid,1,165,Gemini,Gemini,"[""Gemini"", ""Xtreme"", ""Vega"", ""Hawk"", ""Denom""]","[0.8813568353652954, 0.5633463263511658, 0.5125032663345337, 0.012773193418979645, -0.017427965998649597]"
1,centroid,1,166,Gemini,Gemini,"[""Gemini"", ""Xtreme"", ""Trius"", ""Braga"", ""Vega""]","[0.8590004444122314, 0.4541231095790863, 0.3908669352531433, 0.23120002448558807, 0.19850468635559082]"
1,centroid,1,167,Gemini,Gemini,"[""Gemini"", ""Vega"", ""Trius"", ""Braga"", ""Denom""]","[0.6874523162841797, 0.457366943359375, 0.42359980940818787, 0.24049785733222961, 0.21408919990062714]"
1,centroid,1,168,Gemini,Gemini,"[""Gemini"", ""Trius"", ""Xtreme"", ""Vega"", ""Denom""]","[0.8238154053688049, 0.4287090599536896, 0.42363518476486206, 0.21489857137203217, 0.13148880004882812]"
1,centroid,1,169,Gemini,Gemini,"[""Gemini"", ""Vega"", ""Trius"", ""Xtreme"", ""Alaris""]","[0.7350219488143921, 0.5373950004577637, 0.42350929975509644, 0.2753307819366455, 0.2576677203178406]"
1,centroid,1,170,Gemini,Gemini,"[""Gemini"", ""Xtreme"", ""Mytikas"", ""Braga"", ""Trius""]","[0.6225582361221313, 0.5081257820129395, 0.45313704013824463, 0.38172316551208496, 0.37296605110168457]"
1,centroid,1,171,Gemini,Gemini,"[""Gemini"", ""Braga"", ""Trius"", ""Vega"", ""Triton""]","[0.7238008975982666, 0.4326641857624054, 0.4076557755470276, 0.3938307464122772, 0.36725524067878723]"
1,centroid,1,172,Gemini,Gemini,"[""Gemini"", ""Xtreme"", ""Trius"", ""Vega"", ""Braga""]","[0.823980450630188, 0.5510647296905518, 0.44697609543800354, 0.3312608599662781, 0.312928169965744]"
1,centroid,1,173,Gemini,Gemini,"[""Gemini"", ""Triton"", ""Vega"", ""Trius"", ""Mytikas""]","[0.58840012550354, 0.4778210520744324, 0.47630417346954346, 0.4334031939506531, 0.4329721927642822]"
1,centroid,1,174,Gemini,Gemini,"[""Gemini"", ""Xtreme"", ""Vega"", ""Hawk"", ""Trius""]","[0.9170440435409546, 0.48725253343582153, 0.45067739486694336, 0.13163769245147705, 0.1243404671549797]"
1,centroid,1,175,Gemini,Braga,"[""Braga"", ""Mytikas"", ""Trius"", ""Alcatras"", ""Triton""]","[0.6817761659622192, 0.6455291509628296, 0.5463639497756958, 0.49788182973861694, 0.4891389310359955]"
1,centroid,1,176,Gemini,Gemini,"[""Gemini"", ""Vega"", ""Xtreme"", ""Trius"", ""Nivalis""]","[0.8809793591499329, 0.4830939769744873, 0.44636401534080505, 0.1756191998720169, 0.05591459199786186]"
1,centroid,1,177,Gemini,Gemini,"[""Gemini"", ""Xtreme"", ""Vega"", ""Trius"", ""Braga""]","[0.9256916642189026, 0.47939419746398926, 0.39036667346954346, 0.31626033782958984, 0.09997367858886719]"
1,centroid,1,178,Gemini,Gemini,"[""Gemini"", ""Vega"", ""Xtreme"", ""Hawk"", ""Alaris""]","[0.8461041450500488, 0.5175510048866272, 0.35675740242004395, 0.35484778881073, 0.21330468356609344]"
1,centroid,1,179,Gemini,Gemini,"[""Gemini"", ""Xtreme"", ""Vega"", ""Hawk"", ""Turbine""]","[0.8254678249359131, 0.6565768122673035, 0.24001134932041168, 0.20690760016441345, -0.005783658474683762]"
1,centroid,1,180,Gemini,Gemini,"[""Gemini"", ""Xtreme"", ""Vega"", ""Hawk"", ""Trius""]","[0.9258502125740051, 0.427724152803421, 0.3758315145969391, 0.0790545865893364, 0.05714312195777893]"
1,centroid,1,181,Gemini,Gemini,"[""Gemini"", ""Alaris"", ""Trius"", ""Alcatras"", ""Braga""]","[0.5789226293563843, 0.5244635343551636, 0.521859884262085, 0.5028931498527527, 0.4694221317768097]"
1,centroid,1,182,Gemini,Gemini,"[""Gemini"", ""Trius"", ""Vega"", ""Xtreme"", ""Braga""]","[0.915121853351593, 0.371745765209198, 0.36805951595306396, 0.3623703718185425, 0.28116875886917114]"
1,centroid,1,183,Gemini,Gemini,"[""Gemini"", ""Xtreme"", ""Vega"", ""Hawk"", ""Ilias""]","[0.9019919633865356, 0.5844008922576904, 0.3734738230705261, 0.08376464247703552, 0.04262604936957359]"
1,centroid,1,184,Gemini,Gemini,"[""Gemini"", ""Xtreme"", ""Vega"", ""Trius"", ""Denom""]","[0.9023135900497437, 0.5006690621376038, 0.43321067094802856, 0.20502150058746338, 0.027789771556854248]"
1,centroid,1,185,Gemini,Gemini,"[""Gemini"", ""Xtreme"", ""Trius"", ""Vega"", ""Braga""]","[0.917788028717041, 0.5925318002700806, 0.24945810437202454, 0.16738617420196533, 0.0640537291765213]"
1,centroid,1,186,Gemini,Gemini,"[""Gemini"", ""Xtreme"", ""Hawk"", ""Vega"", ""Braga""]","[0.8692231178283691, 0.7188839912414551, 0.105272576212883, 0.1031235009431839, 0.07070380449295044]"
1,centroid,1,187,Gemini,Gemini,"[""Gemini"", ""Xtreme"", ""Vega"", ""Trius"", ""Braga""]","[0.9047332406044006, 0.7285441756248474, 0.288851261138916, 0.05206593871116638, -0.014889439567923546]"
1,centroid,1,188,Gemini,Gemini,"[""Gemini"", ""Vega"", ""Xtreme"", ""Nivalis"", ""Denom""]","[0.6899408102035522, 0.6423553824424744, 0.312801331281662, 0.1931077539920807, 0.1418335735797882]"
1,centroid,1,189,Hawk,Hawk,"[""Hawk"", ""Turbine"", ""Vega"", ""Gemini"", ""Braga""]","[0.7781340479850769, 0.48302000761032104, 0.3547539710998535, 0.2882719039916992, 0.1322152316570282]"
1,centroid,1,190,Hawk,Hawk,"[""Hawk"", ""Gemini"", ""Vega"", ""Braga"", ""Turbine""]","[0.8643937110900879, 0.340928852558136, 0.2768116593360901, 0.27123719453811646, 0.26803719997406006]"
1,centroid,1,191,Hawk,Hawk,"[""Hawk"", ""Alaris"", ""Alcatras"", ""Vega"", ""Turbine""]","[0.8161888718605042, 0.5645116567611694, 0.43753260374069214, 0.4369507431983948, 0.4032357633113861]"
1,centroid,1,192,Hawk,Hawk,"[""Hawk"", ""Vega"", ""Alaris"", ""Alcatras"", ""Braga""]","[0.8274657130241394, 0.39394962787628174, 0.37041425704956055, 0.2836412787437439, 0.197342187166214]"
1,centroid,1,193,Hawk,Hawk,"[""Hawk"", ""Alaris"", ""Turbine"", ""Vega"", ""Alcatras""]","[0.8760015964508057, 0.28475722670555115, 0.2742602229118347, 0.25529229640960693, 0.2506656348705292]"
1,centroid,1,194,Hawk,Hawk,"[""Hawk"", ""Turbine"", ""Vega"", ""Braga"", ""Gemini""]","[0.822960615158081, 0.6176192760467529, 0.35521382093429565, 0.3310076594352722, 0.23109297454357147]"
1,centroid,1,195,Hawk,Hawk,"[""Hawk"", ""Vega"", ""Turbine"", ""Alaris"", ""Braga""]","[0.7251508831977844, 0.6926800012588501, 0.6092172265052795, 0.5198156833648682, 0.4719044268131256]"
1,centroid,1,196,Hawk,Gemini,"[""Gemini"", ""Hawk"", ""Vega"", ""Xtreme"", ""Turbine""]","[0.6540995836257935, 0.6453280448913574, 0.6100441217422485, 0.29824960231781006, 0.24205325543880463]"
1,centroid,1,197,Hawk,Hawk,"[""Hawk"", ""Braga"", ""Gemini"", ""Vega"", ""Turbine""]","[0.6420543193817139, 0.47617876529693604, 0.31991374492645264, 0.31823891401290894, 0.25461888313293457]"
1,centroid,1,198,Hawk,Hawk,"[""Hawk"", ""Turbine"", ""Vega"", ""Alcatras"", ""Alaris""]","[0.8844341039657593, 0.41305816173553467, 0.2988872826099396, 0.19909504055976868, 0.18065385520458221]"
1,centroid,1,199,Hawk,Hawk,"[""Hawk"", ""Turbine"", ""Alaris"", ""Vega"", ""Alcatras""]","[0.9002546072006226, 0.29811301827430725, 0.27080005407333374, 0.26466983556747437, 0.24892309308052063]"
1,centroid,1,200,Hawk,Hawk,"[""Hawk"", ""Vega"", ""Alaris"", ""Turbine"", ""Alcatras""]","[0.7883560061454773, 0.4597570598125458, 0.4545959532260895, 0.31424689292907715, 0.26695793867111206]"
1,centroid,1,201,Hawk,Hawk,"[""Hawk"", ""Alcatras"", ""Alaris"", ""Mytikas"", ""Turbine""]","[0.7843513488769531, 0.39694929122924805, 0.3730396032333374, 0.3425757884979248, 0.28437191247940063]"
1,centroid,1,202,Hawk,Hawk,"[""Hawk"", ""Turbine"", ""Alaris"", ""Alcatras"", ""Braga""]","[0.7513532638549805, 0.49297404289245605, 0.4786391854286194, 0.4512259364128113, 0.16764388978481293]"
1,centroid,1,203,Hawk,Hawk,"[""Hawk"", ""Vega"", ""Turbine"", ""Gemini"", ""Braga""]","[0.870953381061554, 0.3327392041683197, 0.3223556876182556, 0.18853434920310974, 0.06782069802284241]"
1,centroid,1,204,Hawk,Hawk,"[""Hawk"", ""Alaris"", ""Turbine"", ""Braga"", ""Alcatras""]","[0.868862509727478, 0.6226071119308472, 0.4536133408546448, 0.391853928565979, 0.3904852271080017]"
1,centroid,1,205,Hawk,Braga,"[""Braga"", ""Castor"", ""Hawk"", ""Turbine"", ""Alcatras""]","[0.7895021438598633, 0.6292334794998169, 0.5214325189590454, 0.5135285258293152, 0.49996596574783325]"
1,centroid,1,206,Hawk,Hawk,"[""Hawk"", ""Turbine"", ""Vega"", ""Braga"", ""Alaris""]","[0.9070804119110107, 0.385755330324173, 0.3501228392124176, 0.32549598813056946, 0.2174094319343567]"
1,centroid,1,207,Hawk,Hawk,"[""Hawk"", ""Turbine"", ""Gemini"", ""Vega"", ""Xtreme""]","[0.7626119256019592, 0.3421105146408081, 0.17866075038909912, 0.17577999830245972, 0.10735475271940231]"
1,centroid,1,208,Hawk,Hawk,"[""Hawk"", ""Vega"", ""Turbine"", ""Gemini"", ""Braga""]","[0.8810814619064331, 0.542835533618927, 0.5406851768493652, 0.2264091819524765, 0.21277965605258942]"
1,centroid,1,209,Hawk,Hawk,"[""Hawk"", ""Alaris"", ""Turbine"", ""Vega"", ""Alcatras""]","[0.8478378057479858, 0.3951864540576935, 0.3928816020488739, 0.3750358819961548, 0.17374812066555023]"
1,centroid,1,210,Hawk,Hawk,"[""Hawk"", ""Vega"", ""Alaris"", ""Gemini"", ""Braga""]","[0.7350525856018066, 0.5278456211090088, 0.5177866220474243, 0.4970603585243225, 0.4452556371688843]"
1,centroid,1,211,Hawk,Hawk,"[""Hawk"", ""Alcatras"", ""Alaris"", ""Turbine"", ""Braga""]","[0.8426881432533264, 0.38420209288597107, 0.37209564447402954, 0.2672334313392639, 0.20872628688812256]"
1,centroid,1,212,Hawk,Hawk,"[""Hawk"", ""Turbine"", ""Vega"", ""Gemini"", ""Braga""]","[0.8435713052749634, 0.4699620008468628, 0.23300769925117493, 0.11484704911708832, 0.08467337489128113]"
1,centroid,1,213,Hawk,Hawk,"[""Hawk"", ""Turbine"", ""Alaris"", ""Braga"", ""Vega""]","[0.932266354560852, 0.32479873299598694, 0.25944995880126953, 0.2024839222431183, 0.18417146801948547]"
1,centroid,1,214,Hawk,Hawk,"[""Hawk"", ""Vega"", ""Turbine"", ""Gemini"", ""Braga""]","[0.6714900732040405, 0.6222137212753296, 0.516371488571167, 0.4520525634288788, 0.2362525910139084]"
1,centroid,1,215,Ilias,Ilias,"[""Ilias"", ""Ratikon"", ""Denom"", ""Nivalis"", ""Velorum""]","[0.9103885889053345, 0.6231609582901001, 0.36359336972236633, 0.26566803455352783, 0.25657331943511963]"
1,centroid,1,216,Ilias,Ilias,"[""Ilias"", ""Ratikon"", ""Velorum"", ""Denom"", ""Nivalis""]","[0.9145641922950745, 0.6938656568527222, 0.4183673560619354, 0.3997539281845093, 0.3623056709766388]"
1,centroid,1,217,Ilias,Ilias,"[""Ilias"", ""Ratikon"", ""Velorum"", ""Triton"", ""Mytikas""]","[0.8004063963890076, 0.5980671644210815, 0.5094343423843384, 0.48350465297698975, 0.40905946493148804]"
1,centroid,1,218,Ilias,Ilias,"[""Ilias"", ""Ratikon"", ""Nivalis"", ""Velorum"", ""Denom""]","[0.8209550380706787, 0.7282826900482178, 0.6518635749816895, 0.5614864230155945, 0.5009255409240723]"
1,centroid,1,219,Ilias,Ratikon,"[""Ratikon"", ""Denom"", ""Ilias"", ""Nivalis"", ""Velorum""]","[0.8543069362640381, 0.832952618598938, 0.780967116355896, 0.5944048166275024, 0.4415302276611328]"
1,centroid,1,220,Ilias,Velorum,"[""Velorum"", ""Ilias"", ""Triton"", ""Trius"", ""Denom""]","[0.6408185958862305, 0.6150592565536499, 0.5698705315589905, 0.5145504474639893, 0.3639068603515625]"
1,centroid,1,221,Ilias,Ilias,"[""Ilias"", ""Ratikon"", ""Denom"", ""Nivalis"", ""Velorum""]","[0.8305751085281372, 0.75804203748703, 0.757636308670044, 0.506189227104187, 0.30945730209350586]"
1,centroid,1,222,Ilias,Ilias,"[""Ilias"", ""Velorum"", ""Ratikon"", ""Denom"", ""Nivalis""]","[0.8112791180610657, 0.7592768669128418, 0.6726166605949402, 0.6557155847549438, 0.5181732177734375]"
1,centroid,1,223,Ilias,Ilias,"[""Ilias"", ""Ratikon"", ""Denom"", ""Velorum"", ""Nivalis""]","[0.8226972818374634, 0.7787375450134277, 0.5886836051940918, 0.5625428557395935, 0.5485684871673584]"
1,centroid,1,224,Ilias,Denom,"[""Denom"", ""Ratikon"", ""Ilias"", ""Nivalis"", ""Velorum""]","[0.8401844501495361, 0.7496530413627625, 0.7404473423957825, 0.6256539821624756, 0.5429400205612183]"
1,centroid,1,225,Ilias,Ilias,"[""Ilias"", ""Ratikon"", ""Velorum"", ""Denom"", ""Triton""]","[0.9097238183021545, 0.6436392068862915, 0.3967083990573883, 0.36324185132980347, 0.2791852355003357]"
1,centroid,1,226,Ilias,Ilias,"[""Ilias"", ""Denom"", ""Ratikon"", ""Nivalis"", ""Velorum""]","[0.7999159097671509, 0.7874683737754822, 0.7849007248878479, 0.6596043109893799, 0.5935879945755005]"
1,centroid,1,227,Ilias,Ilias,"[""Ilias"", ""Ratikon"", ""Denom"", ""Nivalis"", ""Velorum""]","[0.8265163898468018, 0.7514536380767822, 0.7336858510971069, 0.6545174717903137, 0.6336797475814819]"
1,centroid,1,228,Ilias,Ilias,"[""Ilias"", ""Ratikon"", ""Denom"", ""Nivalis"", ""Triton""]","[0.9170546531677246, 0.6535937786102295, 0.4531705379486084, 0.3482362926006317, 0.28239017724990845]"
1,centroid,1,229,Ilias,Ilias,"[""Ilias"", ""Velorum"", ""Ratikon"", ""Denom"", ""Nivalis""]","[0.8535879254341125, 0.7241636514663696, 0.6369830369949341, 0.5954272747039795, 0.45601531863212585]"
1,centroid,1,230,Ilias,Ratikon,"[""Ratikon"", ""Denom"", ""Ilias"", ""Nivalis"", ""Velorum""]","[0.8532453179359436, 0.8159477114677429, 0.6929623484611511, 0.609581708908081, 0.3834620416164398]"
1,centroid,1,231,Ilias,Ilias,"[""Ilias"", ""Velorum"", ""Ratikon"", ""Triton"", ""Denom""]","[0.8403936624526978, 0.6770904064178467, 0.6215426921844482, 0.4303329885005951, 0.363666296005249]"
1,centroid,1,232,Ilias,Ilias,"[""Ilias"", ""Ratikon"", ""Velorum"", ""Denom"", ""Nivalis""]","[0.9313441514968872, 0.7591410875320435, 0.6082372069358826, 0.5496159791946411, 0.4916273057460785]"
1,centroid,1,233,Ilias,Ilias,"[""Ilias"", ""Ratikon"", ""Velorum"", ""Denom"", ""Trius""]","[0.6397638916969299, 0.5986090898513794, 0.5687838792800903, 0.45889735221862793, 0.4243302345275879]"
1,centroid,1,234,Ilias,Ilias,"[""Ilias"", ""Ratikon"", ""Velorum"", ""Denom"", ""Triton""]","[0.8031659126281738, 0.6480742692947388, 0.6430762410163879, 0.5558143258094788, 0.327914297580719]"
1,centroid,1,235,Ilias,Ilias,"[""Ilias"", ""Ratikon"", ""Velorum"", ""Denom"", ""Triton""]","[0.9138975143432617, 0.5594108700752258, 0.5505314469337463, 0.4868302345275879, 0.37690821290016174]"
1,centroid,1,236,Ilias,Ilias,"[""Ilias"", ""Ratikon"", ""Denom"", ""Nivalis"", ""Velorum""]","[0.8609904050827026, 0.7188043594360352, 0.5921059250831604, 0.5495083332061768, 0.4096437990665436]"
1,centroid,1,237,Ilias,Ilias,"[""Ilias"", ""Ratikon"", ""Velorum"", ""Denom"", ""Nivalis""]","[0.92995685338974, 0.6593638062477112, 0.48259657621383667, 0.4598551094532013, 0.33994242548942566]"
1,centroid,1,238,Ilias,Ilias,"[""Ilias"", ""Velorum"", ""Ratikon"", ""Triton"", ""Denom""]","[0.8493022322654724, 0.7527362704277039, 0.5255395770072937, 0.4250416159629822, 0.38144415616989136]"
1,centroid,1,239,Ilias,Ratikon,"[""Ratikon"", ""Nivalis"", ""Ilias"", ""Denom"", ""Velorum""]","[0.8231323957443237, 0.7484722137451172, 0.7069178819656372, 0.6776425838470459, 0.5771901607513428]"
1,centroid,1,240,Ilias,Ilias,"[""Ilias"", ""Ratikon"", ""Velorum"", ""Denom"", ""Nivalis""]","[0.9057440161705017, 0.6832284927368164, 0.5235780477523804, 0.37369075417518616, 0.32283517718315125]"
1,centroid,1,241,Ilias,Ilias,"[""Ilias"", ""Ratikon"", ""Velorum"", ""Denom"", ""Nivalis""]","[0.7716248035430908, 0.7173891663551331, 0.6386038661003113, 0.626153826713562, 0.40275970101356506]"
1,centroid,1,242,Ilias,Ilias,"[""Ilias"", ""Velorum"", ""Ratikon"", ""Nivalis"", ""Denom""]","[0.8076241612434387, 0.6578783392906189, 0.6008836030960083, 0.4616374969482422, 0.4585423469543457]"
1,centroid,1,243,Ilias,Ilias,"[""Ilias"", ""Velorum"", ""Ratikon"", ""Denom"", ""Nivalis""]","[0.9096564054489136, 0.7201406955718994, 0.5701807737350464, 0.433192640542984, 0.4054018557071686]"
1,centroid,1,244,Mytikas,Mytikas,"[""Mytikas"", ""Triton"", ""Ilias"", ""Trius"", ""Alcatras""]","[0.7947558164596558, 0.7322898507118225, 0.4918278157711029, 0.4265548586845398, 0.3839395046234131]"
1,centroid,1,245,Mytikas,Trius,"[""Trius"", ""Mytikas"", ""Vega"", ""Triton"", ""Gemini""]","[0.6321329474449158, 0.6021273732185364, 0.478047251701355, 0.4332452714443207, 0.4299415051937103]"
1,centroid,1,246,Mytikas,Trius,"[""Trius"", ""Mytikas"", ""Gemini"", ""Braga"", ""Triton""]","[0.5170987844467163, 0.49269306659698486, 0.4595320224761963, 0.30489763617515564, 0.21722987294197083]"
1,centroid,1,247,Mytikas,Mytikas,"[""Mytikas"", ""Gemini"", ""Braga"", ""Trius"", ""Xtreme""]","[0.5579417943954468, 0.32156863808631897, 0.30803102254867554, 0.25102031230926514, 0.2504091262817383]"
1,centroid,1,248,Mytikas,Mytikas,"[""Mytikas"", ""Alcatras"", ""Triton"", ""Braga"", ""Castor""]","[0.814759373664856, 0.779528021812439, 0.745093822479248, 0.7446413040161133, 0.7046109437942505]"
1,centroid,1,249,Mytikas,Mytikas,"[""Mytikas"", ""Triton"", ""Trius"", ""Alcatras"", ""Castor""]","[0.8864075541496277, 0.7234941720962524, 0.4970068037509918, 0.429461270570755, 0.37779513001441956]"
1,centroid,1,250,Mytikas,Mytikas,"[""Mytikas"", ""Triton"", ""Castor"", ""Trius"", ""Velorum""]","[0.6903344392776489, 0.526931881904602, 0.5266172885894775, 0.5167653560638428, 0.37095627188682556]"
1,centroid,1,251,Mytikas,Mytikas,"[""Mytikas"", ""Triton"", ""Ilias"", ""Velorum"", ""Alcatras""]","[0.7763161659240723, 0.6811113953590393, 0.5628653764724731, 0.3649863600730896, 0.30436384677886963]"
1,centroid,1,252,Mytikas,Trius,"[""Trius"", ""Mytikas"", ""Alcatras"", ""Braga"", ""Triton""]","[0.765276312828064, 0.6028621196746826, 0.4744766354560852, 0.4368310868740082, 0.40908318758010864]"
1,centroid,1,253,Mytikas,Triton,"[""Triton"", ""Mytikas"", ""Alcatras"", ""Castor"", ""Velorum""]","[0.7990185022354126, 0.7612399458885193, 0.712856113910675, 0.5279312133789062, 0.5215686559677124]"
1,centroid,1,254,Mytikas,Triton,"[""Triton"", ""Mytikas"", ""Castor"", ""Braga"", ""Alcatras""]","[0.9041539430618286, 0.7671743631362915, 0.6181374788284302, 0.5764225125312805, 0.5746927261352539]"
1,centroid,1,255,Mytikas,Mytikas,"[""Mytikas"", ""Triton"", ""Alcatras"", ""Trius"", ""Velorum""]","[0.9072341322898865, 0.755017101764679, 0.5919219851493835, 0.5550336241722107, 0.3814195394515991]"
1,centroid,1,256,Mytikas,Triton,"[""Triton"", ""Mytikas"", ""Turbine"", ""Ilias"", ""Velorum""]","[0.7360618114471436, 0.5447769165039062, 0.4863244891166687, 0.484020471572876, 0.3897320628166199]"
1,centroid,1,257,Mytikas,Mytikas,"[""Mytikas"", ""Vega"", ""Trius"", ""Hawk"", ""Braga""]","[0.5377146601676941, 0.519434928894043, 0.3824502229690552, 0.28530168533325195, 0.2528463304042816]"
1,centroid,1,258,Mytikas,Mytikas,"[""Mytikas"", ""Alcatras"", ""Triton"", ""Turbine"", ""Castor""]","[0.7621259689331055, 0.6984734535217285, 0.6207766532897949, 0.5161956548690796, 0.5106547474861145]"
1,centroid,1,259,Mytikas,Mytikas,"[""Mytikas"", ""Trius"", ""Triton"", ""Alcatras"", ""Braga""]","[0.8426547050476074, 0.5854601860046387, 0.5728260278701782, 0.351100891828537, 0.3216458559036255]"
1,centroid,1,260,Mytikas,Mytikas,"[""Mytikas"", ""Triton"", ""Velorum"", ""Ilias"", ""Alcatras""]","[0.7431621551513672, 0.6931439638137817, 0.5678155422210693, 0.42498767375946045, 0.40344882011413574]"
1,centroid,1,261,Mytikas,Triton,"[""Triton"", ""Castor"", ""Mytikas"", ""Braga"", ""Alcatras""]","[0.7447719573974609, 0.6895216703414917, 0.6671686172485352, 0.6157018542289734, 0.6093997955322266]"
1,centroid,1,262,Mytikas,Mytikas,"[""Mytikas"", ""Steel_Wheel"", ""Alcatras"", ""Triton"", ""Hawk""]","[0.7217662930488586, 0.3891338109970093, 0.3677784204483032, 0.35234278440475464, 0.2741185426712036]"
1,centroid,1,263,Mytikas,Mytikas,"[""Mytikas"", ""Alcatras"", ""Triton"", ""Castor"", ""Velorum""]","[0.7528098225593567, 0.728887677192688, 0.6701170802116394, 0.6180697679519653, 0.3742535710334778]"
1,centroid,1,264,Mytikas,Mytikas,"[""Mytikas"", ""Triton"", ""Velorum"", ""Alcatras"", ""Castor""]","[0.7280132174491882, 0.5739904642105103, 0.562832236289978, 0.4846312403678894, 0.40150386095046997]"
1,centroid,1,265,Mytikas,Trius,"[""Trius"", ""Mytikas"", ""Triton"", ""Nivalis"", ""Velorum""]","[0.7490519285202026, 0.4723716974258423, 0.34395691752433777, 0.24186304211616516, 0.2365449070930481]"
1,centroid,1,266,Mytikas,Mytikas,"[""Mytikas"", ""Triton"", ""Alcatras"", ""Ilias"", ""Trius""]","[0.8195749521255493, 0.7247410416603088, 0.534590482711792, 0.4599662125110626, 0.38574647903442383]"
1,centroid,1,267,Mytikas,Triton,"[""Triton"", ""Mytikas"", ""Trius"", ""Alcatras"", ""Castor""]","[0.9292544722557068, 0.8405226469039917, 0.4931778311729431, 0.48728007078170776, 0.4094507098197937]"
1,centroid,1,268,Mytikas,Triton,"[""Triton"", ""Mytikas"", ""Alcatras"", ""Velorum"", ""Castor""]","[0.8557315468788147, 0.793624758720398, 0.5122769474983215, 0.49529820680618286, 0.3953157663345337]"
1,centroid,1,269,Mytikas,Triton,"[""Triton"", ""Castor"", ""Alcatras"", ""Mytikas"", ""Braga""]","[0.6648336052894592, 0.6543760299682617, 0.6532100439071655, 0.616597056388855, 0.4452558755874634]"
1,centroid,1,270,Mytikas,Mytikas,"[""Mytikas"", ""Xtreme"", ""Triton"", ""Alcatras"", ""Gemini""]","[0.44860854744911194, 0.40663474798202515, 0.25505906343460083, 0.20809221267700195, 0.17337235808372498]"
1,centroid,1,271,Mytikas,Mytikas,"[""Mytikas"", ""Triton"", ""Alcatras"", ""Trius"", ""Velorum""]","[0.8212992548942566, 0.653158962726593, 0.5078887343406677, 0.4129014313220978, 0.3930979371070862]"
1,centroid,1,272,Nivalis,Nivalis,"[""Nivalis"", ""Ratikon"", ""Denom"", ""Ilias"", ""Velorum""]","[0.9058889150619507, 0.6786192655563354, 0.6018787622451782, 0.43254220485687256, 0.14176172018051147]"
1,centroid,1,273,Nivalis,Denom,"[""Denom"", ""Ratikon"", ""Nivalis"", ""Ilias"", ""Velorum""]","[0.9106087684631348, 0.7942058444023132, 0.7518954873085022, 0.42081624269485474, 0.14383704960346222]"
1,centroid,1,274,Nivalis,Nivalis,"[""Nivalis"", ""Ratikon"", ""Denom"", ""Ilias"", ""Velorum""]","[0.8465492725372314, 0.8152990341186523, 0.7726744413375854, 0.48690885305404663, 0.43889543414115906]"
1,centroid,1,275,Nivalis,Nivalis,"[""Nivalis"", ""Ratikon"", ""Ilias"", ""Denom"", ""Velorum""]","[0.8007268309593201, 0.601610541343689, 0.4531680643558502, 0.4408329129219055, 0.18887180089950562]"
1,centroid,1,276,Nivalis,Nivalis,"[""Nivalis"", ""Denom"", ""Ratikon"", ""Velorum"", ""Ilias""]","[0.8960756659507751, 0.7225315570831299, 0.6687789559364319, 0.47435522079467773, 0.4398641586303711]"
1,centroid,1,277,Nivalis,Nivalis,"[""Nivalis"", ""Denom"", ""Ratikon"", ""Ilias"", ""Velorum""]","[0.7627149224281311, 0.7607956528663635, 0.6603734493255615, 0.5843493342399597, 0.5343575477600098]"
1,centroid,1,278,Nivalis,Nivalis,"[""Nivalis"", ""Denom"", ""Velorum"", ""Ratikon"", ""Turbine""]","[0.7736485004425049, 0.34686222672462463, 0.3446460962295532, 0.338769793510437, 0.11949729174375534]"
1,centroid,1,279,Nivalis,Ratikon,"[""Ratikon"", ""Denom"", ""Nivalis"", ""Ilias"", ""Velorum""]","[0.9328736066818237, 0.8324055671691895, 0.7546141743659973, 0.7330496311187744, 0.4323849081993103]"
1,centroid,1,280,Nivalis,Nivalis,"[""Nivalis"", ""Denom"", ""Velorum"", ""Ratikon"", ""Ilias""]","[0.7797069549560547, 0.5430384278297424, 0.46822819113731384, 0.339514821767807, 0.33735191822052]"
1,centroid,1,281,Nivalis,Nivalis,"[""Nivalis"", ""Denom"", ""Ratikon"", ""Ilias"", ""Velorum""]","[0.904281735420227, 0.5937657952308655, 0.5330246686935425, 0.28482383489608765, 0.12665975093841553]"
1,centroid,1,282,Nivalis,Denom,"[""Denom"", ""Ratikon"", ""Nivalis"", ""Ilias"", ""Velorum""]","[0.927864134311676, 0.8642722368240356, 0.8441435694694519, 0.6275760531425476, 0.2887282371520996]"
1,centroid,1,283,Nivalis,Nivalis,"[""Nivalis"", ""Ratikon"", ""Denom"", ""Ilias"", ""Velorum""]","[0.9083766937255859, 0.7745082378387451, 0.7742791771888733, 0.6929090619087219, 0.41297662258148193]"
1,centroid,1,284,Nivalis,Nivalis,"[""Nivalis"", ""Mytikas"", ""Triton"", ""Velorum"", ""Ratikon""]","[0.6588951349258423, 0.44728392362594604, 0.30360984802246094, 0.26133301854133606, 0.18507754802703857]"
1,centroid,1,285,Nivalis,Nivalis,"[""Nivalis"", ""Ratikon"", ""Denom"", ""Velorum"", ""Ilias""]","[0.7635907530784607, 0.5320090055465698, 0.48875656723976135, 0.4283108711242676, 0.29554957151412964]"
1,centroid,1,286,Nivalis,Velorum,"[""Velorum"", ""Nivalis"", ""Ilias"", ""Denom"", ""Ratikon""]","[0.7578503489494324, 0.7505471706390381, 0.5405784845352173, 0.5326694846153259, 0.43120846152305603]"
1,centroid,1,287,Nivalis,Nivalis,"[""Nivalis"", ""Denom"", ""Ratikon"", ""Velorum"", ""Ilias""]","[0.8269793391227722, 0.5195761919021606, 0.39281126856803894, 0.32518118619918823, 0.20699970424175262]"
1,centroid,1,288,Nivalis,Ratikon,"[""Ratikon"", ""Denom"", ""Nivalis"", ""Ilias"", ""Velorum""]","[0.8631876111030579, 0.8417640924453735, 0.7853776216506958, 0.4990662932395935, 0.12957578897476196]"
1,centroid,1,289,Nivalis,Nivalis,"[""Nivalis"", ""Denom"", ""Ratikon"", ""Velorum"", ""Ilias""]","[0.901109516620636, 0.8081629872322083, 0.7579187154769897, 0.5398913621902466, 0.4774129390716553]"
1,centroid,1,290,Nivalis,Denom,"[""Denom"", ""Nivalis"", ""Ratikon"", ""Ilias"", ""Velorum""]","[0.8474367260932922, 0.8008389472961426, 0.7938323020935059, 0.6350545883178711, 0.48731857538223267]"
1,centroid,1,291,Nivalis,Nivalis,"[""Nivalis"", ""Ratikon"", ""Denom"", ""Ilias"", ""Velorum""]","[0.7893959879875183, 0.745126485824585, 0.7305912375450134, 0.684954047203064, 0.6667795181274414]"
1,centroid,1,292,Nivalis,Ilias,"[""Ilias"", ""Nivalis"", ""Denom"", ""Gemini"", ""Ratikon""]","[0.5706716775894165, 0.4820581078529358, 0.4763471782207489, 0.40951788425445557, 0.3788011372089386]"
1,centroid,1,293,Nivalis,Nivalis,"[""Nivalis"", ""Denom"", ""Ratikon"", ""Ilias"", ""Velorum""]","[0.8462189435958862, 0.5520188808441162, 0.43729591369628906, 0.4157911539077759, 0.34838563203811646]"
1,centroid,1,294,Ratikon,Ratikon,"[""Ratikon"", ""Nivalis"", ""Denom"", ""Ilias"", ""Vega""]","[0.7928882837295532, 0.7718110084533691, 0.7681881785392761, 0.3929467797279358, 0.14076735079288483]"
1,centroid,1,295,Ratikon,Ratikon,"[""Ratikon"", ""Nivalis"", ""Ilias"", ""Denom"", ""Vega""]","[0.896376371383667, 0.646756649017334, 0.6084818840026855, 0.582835853099823, 0.18781347572803497]"
1,centroid,1,296,Ratikon,Ratikon,"[""Ratikon"", ""Ilias"", ""Denom"", ""Nivalis"", ""Velorum""]","[0.9013131260871887, 0.8206895589828491, 0.6319798231124878, 0.4669268727302551, 0.24726061522960663]"
1,centroid,1,297,Ratikon,Ratikon,"[""Ratikon"", ""Ilias"", ""Denom"", ""Nivalis"", ""Velorum""]","[0.9186025857925415, 0.8646892309188843, 0.6772271394729614, 0.6654204726219177, 0.36470359563827515]"
1,centroid,1,298,Ratikon,Ratikon,"[""Ratikon"", ""Denom"", ""Nivalis"", ""Ilias"", ""Velorum""]","[0.911585807800293, 0.6939682960510254, 0.684514045715332, 0.6462563276290894, 0.3343130052089691]"
1,centroid,1,299,Ratikon,Ratikon,"[""Ratikon"", ""Denom"", ""Nivalis"", ""Ilias"", ""Vega""]","[0.9135838747024536, 0.709998369216919, 0.6011418104171753, 0.5578266978263855, 0.05816429853439331]"
1,centroid,1,300,Ratikon,Ratikon,"[""Ratikon"", ""Denom"", ""Ilias"", ""Nivalis"", ""Velorum""]","[0.8621837496757507, 0.7803751230239868, 0.6596260070800781, 0.6432733535766602, 0.22905221581459045]"
1,centroid,1,301,Ratikon,Ratikon,"[""Ratikon"", ""Nivalis"", ""Denom"", ""Ilias"", ""Vega""]","[0.8209648132324219, 0.7190894484519958, 0.642429769039154, 0.47755157947540283, 0.16826871037483215]"
1,centroid,1,302,Ratikon,Ratikon,"[""Ratikon"", ""Nivalis"", ""Ilias"", ""Denom"", ""Velorum""]","[0.8765407800674438, 0.718258798122406, 0.6958383321762085, 0.6407670378684998, 0.3013620674610138]"
1,centroid,1,303,Ratikon,Ratikon,"[""Ratikon"", ""Denom"", ""Nivalis"", ""Ilias"", ""Velorum""]","[0.8500263690948486, 0.6222329139709473, 0.5752083659172058, 0.4896154999732971, 0.03990493342280388]"
1,centroid,1,304,Ratikon,Ratikon,"[""Ratikon"", ""Denom"", ""Ilias"", ""Nivalis"", ""Velorum""]","[0.9288867712020874, 0.8331650495529175, 0.7556555271148682, 0.7201233506202698, 0.2600778341293335]"
1,centroid,1,305,Ratikon,Denom,"[""Denom"", ""Ratikon"", ""Nivalis"", ""Ilias"", ""Velorum""]","[0.7215041518211365, 0.5871150493621826, 0.5850149393081665, 0.5284328460693359, 0.44512659311294556]"
1,centroid,1,306,Ratikon,Ratikon,"[""Ratikon"", ""Ilias"", ""Denom"", ""Nivalis"", ""Vega""]","[0.8777797818183899, 0.6451951265335083, 0.5749835968017578, 0.5689774751663208, 0.17409175634384155]"
1,centroid,1,307,Ratikon,Ratikon,"[""Ratikon"", ""Ilias"", ""Denom"", ""Velorum"", ""Nivalis""]","[0.5886687636375427, 0.5541359186172485, 0.5432027578353882, 0.3945826292037964, 0.36597228050231934]"
1,centroid,1,308,Ratikon,Denom,"[""Denom"", ""Ratikon"", ""Nivalis"", ""Velorum"", ""Ilias""]","[0.773148238658905, 0.7267928123474121, 0.7030720710754395, 0.63127601146698, 0.4842402935028076]"
1,centroid,1,309,Ratikon,Ratikon,"[""Ratikon"", ""Ilias"", ""Denom"", ""Nivalis"", ""Velorum""]","[0.9242385029792786, 0.6488362550735474, 0.6302703619003296, 0.5275678038597107, 0.13819678127765656]"
1,centroid,1,310,Ratikon,Ratikon,"[""Ratikon"", ""Denom"", ""Nivalis"", ""Ilias"", ""Velorum""]","[0.8512934446334839, 0.8111385107040405, 0.716879665851593, 0.441622793674469, 0.11570962518453598]"
1,centroid,1,311,Ratikon,Ratikon,"[""Ratikon"", ""Nivalis"", ""Denom"", ""Ilias"", ""Velorum""]","[0.9152348637580872, 0.70419842004776, 0.7025316953659058, 0.5381340980529785, 0.09885119646787643]"
1,centroid,1,312,Ratikon,Ratikon,"[""Ratikon"", ""Nivalis"", ""Ilias"", ""Denom"", ""Velorum""]","[0.9003829956054688, 0.7897944450378418, 0.6855875253677368, 0.6444658637046814, 0.2447032481431961]"
1,centroid,1,313,Ratikon,Ratikon,"[""Ratikon"", ""Denom"", ""Nivalis"", ""Ilias"", ""Vega""]","[0.8950809836387634, 0.7646569609642029, 0.7622470855712891, 0.45827364921569824, 0.11093948036432266]"
1,centroid,1,314,Ratikon,Ratikon,"[""Ratikon"", ""Denom"", ""Nivalis"", ""Ilias"", ""Vega""]","[0.905624508857727, 0.6767219305038452, 0.6352658271789551, 0.5787769556045532, 0.11220797151327133]"
1,centroid,1,315,Ratikon,Ratikon,"[""Ratikon"", ""Denom"", ""Ilias"", ""Nivalis"", ""Velorum""]","[0.9039819240570068, 0.647823691368103, 0.5982552766799927, 0.5763976573944092, 0.21015992760658264]"
1,centroid,1,316,Ratikon,Ratikon,"[""Ratikon"", ""Denom"", ""Ilias"", ""Nivalis"", ""Velorum""]","[0.8879188895225525, 0.7063717842102051, 0.6703531742095947, 0.5739309787750244, 0.09268899261951447]"
1,centroid,1,317,Ratikon,Ratikon,"[""Ratikon"", ""Ilias"", ""Denom"", ""Nivalis"", ""Velorum""]","[0.8787719011306763, 0.7866299152374268, 0.6894826889038086, 0.4253312349319458, 0.3319665193557739]"
1,centroid,1,318,Ratikon,Ratikon,"[""Ratikon"", ""Ilias"", ""Denom"", ""Nivalis"", ""Velorum""]","[0.924967885017395, 0.8013905882835388, 0.757492184638977, 0.5932489633560181, 0.3004331886768341]"
1,centroid,1,319,Ratikon,Ratikon,"[""Ratikon"", ""Denom"", ""Ilias"", ""Nivalis"", ""Velorum""]","[0.9061424732208252, 0.8031207323074341, 0.746748149394989, 0.6857205629348755, 0.32366710901260376]"
1,centroid,1,320,Ratikon,Ratikon,"[""Ratikon"", ""Nivalis"", ""Denom"", ""Ilias"", ""Vega""]","[0.8604385852813721, 0.7197635173797607, 0.7049240469932556, 0.5752784609794617, 0.17909622192382812]"
1,centroid,1,321,Ratikon,Ratikon,"[""Ratikon"", ""Denom"", ""Nivalis"", ""Ilias"", ""Velorum""]","[0.8819938898086548, 0.740483283996582, 0.6251003742218018, 0.5750612020492554, 0.06003939360380173]"
1,centroid,1,322,Steel_Wheel,Steel_Wheel,"[""Steel_Wheel"", ""Nivalis"", ""Denom"", ""Ratikon"", ""Xtreme""]","[0.9805907011032104, 0.1421659290790558, 0.08369864523410797, 0.06011904776096344, 0.045170240104198456]"
1,centroid,1,323,Steel_Wheel,Steel_Wheel,"[""Steel_Wheel"", ""Denom"", ""Xtreme"", ""Nivalis"", ""Velorum""]","[0.9597617387771606, 0.1178121268749237, 0.11009539663791656, 0.05793515592813492, 0.018576592206954956]"
1,centroid,1,324,Steel_Wheel,Steel_Wheel,"[""Steel_Wheel"", ""Xtreme"", ""Nivalis"", ""Turbine"", ""Mytikas""]","[0.9754393696784973, 0.09584617614746094, 0.007976284250617027, -0.006031934171915054, -0.018875975161790848]"
1,centroid,1,325,Steel_Wheel,Steel_Wheel,"[""Steel_Wheel"", ""Nivalis"", ""Xtreme"", ""Denom"", ""Ratikon""]","[0.9539341926574707, 0.09695547819137573, 0.025101736187934875, -0.017327526584267616, -0.06282006204128265]"
1,centroid,1,326,Steel_Wheel,Steel_Wheel,"[""Steel_Wheel"", ""Ratikon"", ""Denom"", ""Nivalis"", ""Xtreme""]","[0.9543884992599487, 0.08343290537595749, 0.07760310173034668, 0.060334328562021255, 0.017571017146110535]"
1,centroid,1,327,Steel_Wheel,Steel_Wheel,"[""Steel_Wheel"", ""Ratikon"", ""Turbine"", ""Hawk"", ""Xtreme""]","[0.9569109678268433, -0.006803033873438835, -0.02066536247730255, -0.02580616995692253, -0.030468828976154327]"
1,centroid,1,328,Steel_Wheel,Steel_Wheel,"[""Steel_Wheel"", ""Xtreme"", ""Nivalis"", ""Mytikas"", ""Velorum""]","[0.968087375164032, 0.07159166783094406, 0.06909884512424469, 0.056150756776332855, -0.008511237800121307]"
1,centroid,1,329,Steel_Wheel,Steel_Wheel,"[""Steel_Wheel"", ""Denom"", ""Nivalis"", ""Ratikon"", ""Xtreme""]","[0.9796408414840698, 0.04222901165485382, 0.03531423956155777, 0.026930829510092735, 0.002426452934741974]"
1,centroid,1,330,Steel_Wheel,Steel_Wheel,"[""Steel_Wheel"", ""Mytikas"", ""Trius"", ""Xtreme"", ""Velorum""]","[0.9551147222518921, 0.13253019750118256, 0.06176144257187843, 0.03613710403442383, 0.013675687834620476]"
1,centroid,1,331,Steel_Wheel,Steel_Wheel,"[""Steel_Wheel"", ""Xtreme"", ""Mytikas"", ""Velorum"", ""Alcatras""]","[0.609189510345459, 0.3789356052875519, 0.30271708965301514, 0.15110373497009277, 0.09664696455001831]"
1,centroid,1,332,Steel_Wheel,Steel_Wheel,"[""Steel_Wheel"", ""Nivalis"", ""Ratikon"", ""Turbine"", ""Denom""]","[0.9590117931365967, 0.042558152228593826, -0.00515398196876049, -0.031526077538728714, -0.03393746167421341]"
1,centroid,1,333,Steel_Wheel,Steel_Wheel,"[""Steel_Wheel"", ""Xtreme"", ""Velorum"", ""Nivalis"", ""Castor""]","[0.9317300319671631, 0.09346751868724823, 0.02546776831150055, 0.024317733943462372, -0.0014634206891059875]"
1,centroid,1,334,Steel_Wheel,Steel_Wheel,"[""Steel_Wheel"", ""Xtreme"", ""Nivalis"", ""Denom"", ""Mytikas""]","[0.9693969488143921, 0.13458454608917236, 0.07025901973247528, -0.00457959808409214, -0.052829183638095856]"
1,centroid,1,335,Steel_Wheel,Steel_Wheel,"[""Steel_Wheel"", ""Xtreme"", ""Nivalis"", ""Denom"", ""Turbine""]","[0.972271203994751, 0.10175871104001999, -0.0003624428063631058, -0.04485958069562912, -0.05311530455946922]"
1,centroid,1,336,Steel_Wheel,Steel_Wheel,"[""Steel_Wheel"", ""Xtreme"", ""Denom"", ""Castor"", ""Ratikon""]","[0.9450054168701172, 0.08045492321252823, 0.03069295734167099, 0.01226118765771389, -0.04042487591505051]"
1,centroid,1,337,Steel_Wheel,Steel_Wheel,"[""Steel_Wheel"", ""Nivalis"", ""Xtreme"", ""Velorum"", ""Ratikon""]","[0.9535696506500244, 0.10282798111438751, 0.07640303671360016, 0.03720611333847046, -0.019298655912280083]"
1,centroid,1,338,Steel_Wheel,Steel_Wheel,"[""Steel_Wheel"", ""Xtreme"", ""Mytikas"", ""Castor"", ""Ratikon""]","[0.9701486229896545, 0.07609309256076813, 0.06889359652996063, 0.0068161808885633945, -0.012546088546514511]"
1,centroid,1,339,Steel_Wheel,Steel_Wheel,"[""Steel_Wheel"", ""Castor"", ""Xtreme"", ""Nivalis"", ""Ratikon""]","[0.9453631043434143, 0.04218051955103874, -0.0238967128098011, -0.02838142216205597, -0.04871312156319618]"
1,centroid,1,340,Steel_Wheel,Steel_Wheel,"[""Steel_Wheel"", ""Xtreme"", ""Mytikas"", ""Castor"", ""Nivalis""]","[0.9790419340133667, 0.13440944254398346, 0.009646129794418812, -0.03330673277378082, -0.039287202060222626]"
1,centroid,1,341,Steel_Wheel,Steel_Wheel,"[""Steel_Wheel"", ""Nivalis"", ""Xtreme"", ""Denom"", ""Ratikon""]","[0.9730415344238281, 0.013160709291696548, 0.012195296585559845, -0.0005572419613599777, -0.0020839832723140717]"
1,centroid,1,342,Steel_Wheel,Steel_Wheel,"[""Steel_Wheel"", ""Nivalis"", ""Ratikon"", ""Denom"", ""Turbine""]","[0.9785335659980774, 0.024907588958740234, 0.02013658918440342, -0.016869457438588142, -0.031876832246780396]"
1,centroid,1,343,Steel_Wheel,Steel_Wheel,"[""Steel_Wheel"", ""Nivalis"", ""Xtreme"", ""Velorum"", ""Ratikon""]","[0.9472352266311646, 0.054191648960113525, 0.04411393404006958, -0.023330148309469223, -0.02397105097770691]"
1,centroid,1,344,Steel_Wheel,Steel_Wheel,"[""Steel_Wheel"", ""Mytikas"", ""Ratikon"", ""Ilias"", ""Xtreme""]","[0.9530712962150574, 0.09395721554756165, 0.03049556165933609, 0.019775254651904106, 0.013878926634788513]"
1,centroid,1,345,Steel_Wheel,Steel_Wheel,"[""Steel_Wheel"", ""Xtreme"", ""Gemini"", ""Velorum"", ""Trius""]","[0.7939320802688599, 0.3817271292209625, 0.1615332067012787, 0.1307642012834549, 0.09613253176212311]"
1,centroid,1,346,Steel_Wheel,Steel_Wheel,"[""Steel_Wheel"", ""Castor"", ""Xtreme"", ""Mytikas"", ""Turbine""]","[0.9737293124198914, 0.04615691676735878, 0.04285459220409393, -0.01206289418041706, -0.040743373334407806]"
1,centroid,1,347,Steel_Wheel,Steel_Wheel,"[""Steel_Wheel"", ""Velorum"", ""Nivalis"", ""Ratikon"", ""Denom""]","[0.9469383955001831, 0.11621782928705215, 0.04265372455120087, 0.03763385862112045, 0.022423764690756798]"
1,centroid,1,348,Steel_Wheel,Steel_Wheel,"[""Steel_Wheel"", ""Denom"", ""Ratikon"", ""Turbine"", ""Nivalis""]","[0.9303077459335327, 0.04219651222229004, 0.04125425964593887, 0.013367196545004845, -0.029909633100032806]"
1,centroid,1,349,Steel_Wheel,Steel_Wheel,"[""Steel_Wheel"", ""Denom"", ""Ratikon"", ""Nivalis"", ""Xtreme""]","[0.9352292418479919, 0.13404011726379395, 0.10137715935707092, 0.0640907734632492, 0.005129523575305939]"
1,centroid,1,350,Steel_Wheel,Steel_Wheel,"[""Steel_Wheel"", ""Denom"", ""Nivalis"", ""Ratikon"", ""Xtreme""]","[0.9712916016578674, 0.056585319340229034, 0.052161961793899536, 0.05026055872440338, -0.005063295364379883]"
1,centroid,1,351,Steel_Wheel,Steel_Wheel,"[""Steel_Wheel"", ""Nivalis"", ""Denom"", ""Velorum"", ""Ratikon""]","[0.9555104970932007, 0.08029774576425552, 0.04553694278001785, 0.007463429123163223, 0.0005913302302360535]"
1,centroid,1,352,Steel_Wheel,Steel_Wheel,"[""Steel_Wheel"", ""Nivalis"", ""Ratikon"", ""Denom"", ""Alcatras""]","[0.9446240663528442, 0.04439306631684303, 0.004410091787576675, -0.04584655165672302, -0.047414496541023254]"
1,centroid,1,353,Steel_Wheel,Steel_Wheel,"[""Steel_Wheel"", ""Xtreme"", ""Nivalis"", ""Vega"", ""Hawk""]","[0.9631959199905396, 0.1501239538192749, -0.015434959903359413, -0.046098798513412476, -0.056473441421985626]"
1,centroid,1,354,Steel_Wheel,Steel_Wheel,"[""Steel_Wheel"", ""Nivalis"", ""Denom"", ""Ratikon"", ""Xtreme""]","[0.9696144461631775, 0.11385774612426758, 0.0813821479678154, 0.0400569848716259, 0.019862771034240723]"
1,centroid,1,355,Steel_Wheel,Steel_Wheel,"[""Steel_Wheel"", ""Mytikas"", ""Castor"", ""Xtreme"", ""Turbine""]","[0.9738384485244751, 0.04462560638785362, 0.04355316981673241, 0.023687053471803665, 0.008215219713747501]"
1,centroid,1,356,Steel_Wheel,Steel_Wheel,"[""Steel_Wheel"", ""Mytikas"", ""Triton"", ""Castor"", ""Xtreme""]","[0.8728804588317871, 0.296813040971756, 0.15393197536468506, 0.11198940128087997, 0.0733223557472229]"
1,centroid,1,357,Triton,Triton,"[""Triton"", ""Mytikas"", ""Alcatras"", ""Castor"", ""Braga""]","[0.7137980461120605, 0.7040506601333618, 0.7032492160797119, 0.5946972370147705, 0.4570314884185791]"
1,centroid,1,358,Triton,Mytikas,"[""Mytikas"", ""Triton"", ""Castor"", ""Braga"", ""Trius""]","[0.6658555865287781, 0.6618896126747131, 0.5099329352378845, 0.4581601619720459, 0.39995652437210083]"
1,centroid,1,359,Triton,Triton,"[""Triton"", ""Mytikas"", ""Braga"", ""Trius"", ""Gemini""]","[0.6783804893493652, 0.5930899381637573, 0.5384570956230164, 0.47869691252708435, 0.37986138463020325]"
1,centroid,1,360,Triton,Triton,"[""Triton"", ""Velorum"", ""Mytikas"", ""Ilias"", ""Trius""]","[0.6987155079841614, 0.65659099817276, 0.636775553226471, 0.5075563192367554, 0.4453974962234497]"
1,centroid,1,361,Triton,Triton,"[""Triton"", ""Mytikas"", ""Alcatras"", ""Velorum"", ""Castor""]","[0.9002150297164917, 0.8424243927001953, 0.4406275153160095, 0.4285486340522766, 0.4168776273727417]"
1,centroid,1,362,Triton,Triton,"[""Triton"", ""Mytikas"", ""Trius"", ""Velorum"", ""Ilias""]","[0.900705099105835, 0.6824039220809937, 0.5118455290794373, 0.42773866653442383, 0.3914538621902466]"
1,centroid,1,363,Triton,Triton,"[""Triton"", ""Mytikas"", ""Braga"", ""Castor"", ""Velorum""]","[0.9039051532745361, 0.6871857643127441, 0.4756603240966797, 0.4083441495895386, 0.32455217838287354]"
1,centroid,1,364,Triton,Triton,"[""Triton"", ""Mytikas"", ""Trius"", ""Alcatras"", ""Castor""]","[0.7951433658599854, 0.7301039695739746, 0.6018134355545044, 0.5945591926574707, 0.475001722574234]"
1,centroid,1,365,Triton,Triton,"[""Triton"", ""Mytikas"", ""Braga"", ""Trius"", ""Castor""]","[0.8672242164611816, 0.6778396368026733, 0.6419054269790649, 0.5704717636108398, 0.5386641025543213]"
1,centroid,1,366,Triton,Triton,"[""Triton"", ""Mytikas"", ""Trius"", ""Alcatras"", ""Velorum""]","[0.9356997013092041, 0.7409287691116333, 0.4741206169128418, 0.4501449465751648, 0.42977088689804077]"
1,centroid,1,367,Triton,Triton,"[""Triton"", ""Mytikas"", ""Trius"", ""Castor"", ""Braga""]","[0.9116162061691284, 0.838097095489502, 0.511406660079956, 0.5019842386245728, 0.41557711362838745]"
1,centroid,1,368,Triton,Triton,"[""Triton"", ""Mytikas"", ""Braga"", ""Castor"", ""Alcatras""]","[0.8937227725982666, 0.8348208069801331, 0.6029577255249023, 0.5770652890205383, 0.5284495949745178]"
1,centroid,1,369,Triton,Triton,"[""Triton"", ""Mytikas"", ""Ilias"", ""Trius"", ""Velorum""]","[0.8435995578765869, 0.6323139667510986, 0.5609486103057861, 0.42150142788887024, 0.39714497327804565]"
1,centroid,1,370,Triton,Triton,"[""Triton"", ""Mytikas"", ""Castor"", ""Braga"", ""Alcatras""]","[0.9478403329849243, 0.758213996887207, 0.5671280026435852, 0.5078639388084412, 0.5035657286643982]"
1,centroid,1,371,Triton,Triton,"[""Triton"", ""Braga"", ""Mytikas"", ""Castor"", ""Trius""]","[0.7845885157585144, 0.5291288495063782, 0.5224438309669495, 0.42809897661209106, 0.35812175273895264]"
1,centroid,1,372,Triton,Triton,"[""Triton"", ""Mytikas"", ""Castor"", ""Braga"", ""Alcatras""]","[0.7985622882843018, 0.7530126571655273, 0.44167062640190125, 0.3578125834465027, 0.30566179752349854]"
1,centroid,1,373,Triton,Triton,"[""Triton"", ""Mytikas"", ""Trius"", ""Velorum"", ""Ilias""]","[0.865912914276123, 0.6791229248046875, 0.5040552616119385, 0.46369093656539917, 0.32296621799468994]"
1,centroid,1,374,Triton,Triton,"[""Triton"", ""Mytikas"", ""Braga"", ""Alcatras"", ""Trius""]","[0.8705331683158875, 0.6999912261962891, 0.6442630887031555, 0.6021031141281128, 0.5656993389129639]"
1,centroid,1,375,Triton,Alcatras,"[""Alcatras"", ""Alaris"", ""Trius"", ""Braga"", ""Triton""]","[0.7742117643356323, 0.709664523601532, 0.5684474110603333, 0.5316735506057739, 0.4697892665863037]"
1,centroid,1,376,Triton,Triton,"[""Triton"", ""Mytikas"", ""Trius"", ""Braga"", ""Velorum""]","[0.9346938133239746, 0.8131669759750366, 0.43437594175338745, 0.42633768916130066, 0.4051271378993988]"
1,centroid,1,377,Triton,Triton,"[""Triton"", ""Mytikas"", ""Trius"", ""Alcatras"", ""Castor""]","[0.8709983229637146, 0.7631967067718506, 0.576006293296814, 0.5748250484466553, 0.5155235528945923]"
1,centroid,1,378,Triton,Triton,"[""Triton"", ""Mytikas"", ""Trius"", ""Braga"", ""Alcatras""]","[0.8058575391769409, 0.760797381401062, 0.7524949312210083, 0.4665386974811554, 0.4431609511375427]"
1,centroid,1,379,Triton,Triton,"[""Triton"", ""Mytikas"", ""Trius"", ""Alcatras"", ""Braga""]","[0.9265193343162537, 0.769573450088501, 0.5729824304580688, 0.4405306577682495, 0.4390381872653961]"
1,centroid,1,380,Triton,Triton,"[""Triton"", ""Mytikas"", ""Trius"", ""Castor"", ""Turbine""]","[0.8607175350189209, 0.7359168529510498, 0.5589492321014404, 0.5541166067123413, 0.43934398889541626]"
1,centroid,1,381,Triton,Triton,"[""Triton"", ""Mytikas"", ""Alcatras"", ""Castor"", ""Braga""]","[0.870431661605835, 0.7709575891494751, 0.6543753147125244, 0.5163052082061768, 0.42370912432670593]"
1,centroid,1,382,Triton,Triton,"[""Triton"", ""Mytikas"", ""Alcatras"", ""Trius"", ""Castor""]","[0.8288297653198242, 0.763683557510376, 0.6126401424407959, 0.45237475633621216, 0.3669945001602173]"
1,centroid,1,383,Triton,Mytikas,"[""Mytikas"", ""Triton"", ""Velorum"", ""Alcatras"", ""Trius""]","[0.8123774528503418, 0.8070266246795654, 0.6034067869186401, 0.5107686519622803, 0.44529473781585693]"
1,centroid,1,384,Triton,Trius,"[""Trius"", ""Triton"", ""Gemini"", ""Velorum"", ""Mytikas""]","[0.5709865689277649, 0.5148537755012512, 0.491513192653656, 0.47436362504959106, 0.33836013078689575]"
1,centroid,1,385,Triton,Triton,"[""Triton"", ""Mytikas"", ""Braga"", ""Castor"", ""Trius""]","[0.9115518927574158, 0.8916814923286438, 0.6257580518722534, 0.6247494220733643, 0.5942527055740356]"
1,centroid,1,386,Triton,Triton,"[""Triton"", ""Mytikas"", ""Castor"", ""Alcatras"", ""Braga""]","[0.770370364189148, 0.6877789497375488, 0.4390951991081238, 0.43780040740966797, 0.3625166118144989]"
1,centroid,1,387,Triton,Triton,"[""Triton"", ""Mytikas"", ""Trius"", ""Alcatras"", ""Braga""]","[0.8445214033126831, 0.738227367401123, 0.6245959401130676, 0.569992184638977, 0.5626372694969177]"
1,centroid,1,388,Triton,Triton,"[""Triton"", ""Mytikas"", ""Velorum"", ""Trius"", ""Alcatras""]","[0.847754955291748, 0.7613638639450073, 0.6083846092224121, 0.5797016620635986, 0.5101787447929382]"
1,centroid,1,389,Triton,Triton,"[""Triton"", ""Mytikas"", ""Trius"", ""Velorum"", ""Alcatras""]","[0.9391844868659973, 0.805091381072998, 0.5483682155609131, 0.4827423095703125, 0.4442378580570221]"
1,centroid,1,390,Triton,Triton,"[""Triton"", ""Mytikas"", ""Castor"", ""Alcatras"", ""Ilias""]","[0.888931930065155, 0.7872578501701355, 0.36771881580352783, 0.33925944566726685, 0.3348032832145691]"
1,centroid,1,391,Triton,Triton,"[""Triton"", ""Trius"", ""Mytikas"", ""Velorum"", ""Alcatras""]","[0.8433454036712646, 0.6832756400108337, 0.6606884598731995, 0.4832324981689453, 0.3708690106868744]"
1,centroid,1,392,Triton,Triton,"[""Triton"", ""Mytikas"", ""Trius"", ""Alcatras"", ""Braga""]","[0.877128005027771, 0.7018711566925049, 0.6478739380836487, 0.3717920780181885, 0.371387243270874]"
1,centroid,1,393,Triton,Triton,"[""Triton"", ""Castor"", ""Mytikas"", ""Trius"", ""Braga""]","[0.6234935522079468, 0.5449941158294678, 0.4717761278152466, 0.39371734857559204, 0.3548199534416199]"
1,centroid,1,394,Triton,Triton,"[""Triton"", ""Mytikas"", ""Trius"", ""Alcatras"", ""Velorum""]","[0.8229939937591553, 0.7037750482559204, 0.5906533002853394, 0.49648454785346985, 0.4764111638069153]"
1,centroid,1,395,Triton,Castor,"[""Castor"", ""Braga"", ""Triton"", ""Mytikas"", ""Alcatras""]","[0.7382121086120605, 0.7337621450424194, 0.6041057705879211, 0.6034087538719177, 0.5294231176376343]"
1,centroid,1,396,Triton,Triton,"[""Triton"", ""Mytikas"", ""Castor"", ""Alcatras"", ""Velorum""]","[0.8961241245269775, 0.7685195207595825, 0.5031260848045349, 0.4939402937889099, 0.4371151626110077]"
1,centroid,1,397,Triton,Mytikas,"[""Mytikas"", ""Triton"", ""Trius"", ""Ilias"", ""Braga""]","[0.549544095993042, 0.5461362600326538, 0.4861890375614166, 0.34221792221069336, 0.29413938522338867]"
1,centroid,1,398,Triton,Mytikas,"[""Mytikas"", ""Castor"", ""Triton"", ""Alcatras"", ""Trius""]","[0.6819864511489868, 0.6220746636390686, 0.5880577564239502, 0.573512613773346, 0.4888302981853485]"
1,centroid,1,399,Triton,Triton,"[""Triton"", ""Mytikas"", ""Braga"", ""Castor"", ""Alcatras""]","[0.9587518572807312, 0.7956935167312622, 0.503873348236084, 0.4841735363006592, 0.44246506690979004]"
1,centroid,1,400,Triton,Triton,"[""Triton"", ""Mytikas"", ""Alcatras"", ""Castor"", ""Braga""]","[0.7711469531059265, 0.7432851791381836, 0.5914974212646484, 0.5364583134651184, 0.5236524939537048]"
1,centroid,1,401,Triton,Triton,"[""Triton"", ""Mytikas"", ""Castor"", ""Trius"", ""Braga""]","[0.9120399951934814, 0.7634491920471191, 0.47804194688796997, 0.3825732469558716, 0.3363487124443054]"
1,centroid,1,402,Triton,Triton,"[""Triton"", ""Mytikas"", ""Braga"", ""Alcatras"", ""Xtreme""]","[0.717307448387146, 0.5810579061508179, 0.4350147247314453, 0.3774319291114807, 0.3761899471282959]"
1,centroid,1,403,Triton,Mytikas,"[""Mytikas"", ""Trius"", ""Alcatras"", ""Triton"", ""Alaris""]","[0.7560897469520569, 0.74921715259552, 0.7389621138572693, 0.7231009006500244, 0.5696855783462524]"
1,centroid,1,404,Triton,Xtreme,"[""Xtreme"", ""Braga"", ""Gemini"", ""Trius"", ""Mytikas""]","[0.42078477144241333, 0.35724613070487976, 0.3246324360370636, 0.2896108627319336, 0.2761997580528259]"
1,centroid,1,405,Triton,Triton,"[""Triton"", ""Mytikas"", ""Velorum"", ""Ilias"", ""Alcatras""]","[0.8037369251251221, 0.6408634185791016, 0.5716954469680786, 0.48827362060546875, 0.43216991424560547]"
1,centroid,1,406,Triton,Mytikas,"[""Mytikas"", ""Triton"", ""Castor"", ""Braga"", ""Trius""]","[0.6323750019073486, 0.6209430694580078, 0.5113039612770081, 0.46428319811820984, 0.2628081440925598]"
1,centroid,1,407,Triton,Triton,"[""Triton"", ""Mytikas"", ""Velorum"", ""Trius"", ""Castor""]","[0.7311545014381409, 0.5276408195495605, 0.5136440396308899, 0.4177781939506531, 0.344016969203949]"
1,centroid,1,408,Triton,Triton,"[""Triton"", ""Mytikas"", ""Velorum"", ""Trius"", ""Ilias""]","[0.9048750400543213, 0.6783206462860107, 0.5347697734832764, 0.457704097032547, 0.40115079283714294]"
1,centroid,1,409,Triton,Triton,"[""Triton"", ""Mytikas"", ""Trius"", ""Braga"", ""Castor""]","[0.8329787850379944, 0.7230725884437561, 0.4827493131160736, 0.46784764528274536, 0.42541199922561646]"
1,centroid,1,410,Triton,Triton,"[""Triton"", ""Mytikas"", ""Alcatras"", ""Castor"", ""Trius""]","[0.8821314573287964, 0.8279656767845154, 0.4973751902580261, 0.4739759564399719, 0.37460261583328247]"
1,centroid,1,411,Trius,Trius,"[""Trius"", ""Mytikas"", ""Triton"", ""Gemini"", ""Braga""]","[0.7010750770568848, 0.6707733273506165, 0.5396585464477539, 0.3451612889766693, 0.328239381313324]"
1,centroid,1,412,Trius,Alaris,"[""Alaris"", ""Trius"", ""Alcatras"", ""Braga"", ""Hawk""]","[0.7091028690338135, 0.6019483804702759, 0.44155871868133545, 0.41240179538726807, 0.3007510006427765]"
1,centroid,1,413,Trius,Trius,"[""Trius"", ""Denom"", ""Gemini"", ""Ratikon"", ""Triton""]","[0.5322256684303284, 0.48802897334098816, 0.4376497268676758, 0.2758830189704895, 0.23096802830696106]"
1,centroid,1,414,Trius,Trius,"[""Trius"", ""Vega"", ""Mytikas"", ""Triton"", ""Braga""]","[0.7493262887001038, 0.5535593628883362, 0.5482455492019653, 0.48457837104797363, 0.3789535164833069]"
1,centroid,1,415,Trius,Trius,"[""Trius"", ""Gemini"", ""Mytikas"", ""Velorum"", ""Triton""]","[0.6982091665267944, 0.48573538661003113, 0.43501991033554077, 0.38239312171936035, 0.3703210651874542]"
1,centroid,1,416,Trius,Trius,"[""Trius"", ""Mytikas"", ""Denom"", ""Nivalis"", ""Triton""]","[0.5241650342941284, 0.4476620852947235, 0.41399043798446655, 0.355551540851593, 0.3074984550476074]"
1,centroid,1,417,Trius,Alcatras,"[""Alcatras"", ""Braga"", ""Trius"", ""Alaris"", ""Triton""]","[0.7957202196121216, 0.7718744277954102, 0.6914613842964172, 0.6327716112136841, 0.5932626724243164]"
1,centroid,1,418,Trius,Trius,"[""Trius"", ""Triton"", ""Turbine"", ""Braga"", ""Velorum""]","[0.547583818435669, 0.5364013910293579, 0.4386982023715973, 0.4370681643486023, 0.4204421043395996]"
1,centroid,1,419,Trius,Trius,"[""Trius"", ""Alaris"", ""Triton"", ""Braga"", ""Alcatras""]","[0.7573137879371643, 0.675004243850708, 0.41898372769355774, 0.38647741079330444, 0.3502206802368164]"
1,centroid,1,420,Trius,Trius,"[""Trius"", ""Gemini"", ""Denom"", ""Nivalis"", ""Mytikas""]","[0.5177066922187805, 0.40931200981140137, 0.3955121636390686, 0.3473418354988098, 0.1850949227809906]"
1,centroid,1,421,Trius,Vega,"[""Vega"", ""Nivalis"", ""Ratikon"", ""Turbine"", ""Ilias""]","[0.4331490993499756, 0.4171900451183319, 0.34338027238845825, 0.2931554317474365, 0.28862497210502625]"
1,centroid,1,422,Trius,Trius,"[""Trius"", ""Triton"", ""Velorum"", ""Mytikas"", ""Braga""]","[0.7026183009147644, 0.6031556129455566, 0.4943481683731079, 0.4493134617805481, 0.3917596936225891]"
1,centroid,1,423,Trius,Triton,"[""Triton"", ""Braga"", ""Mytikas"", ""Castor"", ""Trius""]","[0.744763970375061, 0.7149233222007751, 0.6678058505058289, 0.6307337880134583, 0.5122623443603516]"
1,centroid,1,424,Trius,Trius,"[""Trius"", ""Alaris"", ""Velorum"", ""Alcatras"", ""Castor""]","[0.6161673665046692, 0.483364462852478, 0.4680211544036865, 0.38987013697624207, 0.1827467978000641]"
1,centroid,1,425,Trius,Trius,"[""Trius"", ""Mytikas"", ""Denom"", ""Velorum"", ""Steel_Wheel""]","[0.589479923248291, 0.4288518726825714, 0.34177616238594055, 0.2823328971862793, 0.27345341444015503]"
1,centroid,1,426,Trius,Trius,"[""Trius"", ""Triton"", ""Alaris"", ""Braga"", ""Alcatras""]","[0.8382095694541931, 0.5988963842391968, 0.5306893587112427, 0.5031583309173584, 0.43429651856422424]"
1,centroid,1,427,Trius,Trius,"[""Trius"", ""Alaris"", ""Braga"", ""Vega"", ""Alcatras""]","[0.7805652022361755, 0.6490915417671204, 0.5049666166305542, 0.4759114384651184, 0.47244712710380554]"
1,centroid,1,428,Trius,Trius,"[""Trius"", ""Vega"", ""Mytikas"", ""Triton"", ""Braga""]","[0.7253769636154175, 0.6066280603408813, 0.47965043783187866, 0.4412485361099243, 0.4367228150367737]"
1,centroid,1,429,Trius,Trius,"[""Trius"", ""Alaris"", ""Vega"", ""Gemini"", ""Mytikas""]","[0.8742561340332031, 0.4717807173728943, 0.30950701236724854, 0.25958919525146484, 0.22565676271915436]"
1,centroid,1,430,Trius,Trius,"[""Trius"", ""Braga"", ""Mytikas"", ""Alaris"", ""Triton""]","[0.8384205102920532, 0.6103148460388184, 0.5731044411659241, 0.5511978268623352, 0.5287009477615356]"
1,centroid,1,431,Trius,Trius,"[""Trius"", ""Mytikas"", ""Triton"", ""Alaris"", ""Turbine""]","[0.6680727005004883, 0.5292221903800964, 0.5100592374801636, 0.4409274160861969, 0.3751710057258606]"
1,centroid,1,432,Trius,Trius,"[""Trius"", ""Triton"", ""Mytikas"", ""Braga"", ""Alcatras""]","[0.8409230709075928, 0.7369424104690552, 0.6939418315887451, 0.6770881414413452, 0.611838161945343]"
1,centroid,1,433,Trius,Trius,"[""Trius"", ""Braga"", ""Alaris"", ""Gemini"", ""Alcatras""]","[0.7257497906684875, 0.5399094820022583, 0.49745017290115356, 0.4648479223251343, 0.4080823063850403]"
1,centroid,1,434,Trius,Vega,"[""Vega"", ""Trius"", ""Gemini"", ""Alaris"", ""Turbine""]","[0.6136876344680786, 0.5958899259567261, 0.5214532017707825, 0.48588043451309204, 0.32235971093177795]"
1,centroid,1,435,Trius,Turbine,"[""Turbine"", ""Triton"", ""Trius"", ""Mytikas"", ""Braga""]","[0.6059994697570801, 0.5732793211936951, 0.5666038990020752, 0.5531795024871826, 0.5317022800445557]"
1,centroid,1,436,Trius,Triton,"[""Triton"", ""Mytikas"", ""Trius"", ""Alcatras"", ""Ilias""]","[0.8504950404167175, 0.7583943009376526, 0.6721329689025879, 0.46722573041915894, 0.4036109745502472]"
1,centroid,1,437,Trius,Alcatras,"[""Alcatras"", ""Alaris"", ""Trius"", ""Mytikas"", ""Braga""]","[0.7931833267211914, 0.672144889831543, 0.6434175968170166, 0.5637021064758301, 0.46281376481056213]"
1,centroid,1,438,Trius,Trius,"[""Trius"", ""Alaris"", ""Vega"", ""Alcatras"", ""Braga""]","[0.8264151215553284, 0.6341015100479126, 0.5939353108406067, 0.5043103098869324, 0.4918065667152405]"
1,centroid,1,439,Trius,Triton,"[""Triton"", ""Trius"", ""Alcatras"", ""Alaris"", ""Mytikas""]","[0.7272615432739258, 0.7204394340515137, 0.5438120365142822, 0.5114976167678833, 0.50363689661026]"
1,centroid,1,440,Trius,Alcatras,"[""Alcatras"", ""Alaris"", ""Mytikas"", ""Trius"", ""Triton""]","[0.654589831829071, 0.594002902507782, 0.5652867555618286, 0.5569843649864197, 0.5405158400535583]"
1,centroid,1,441,Trius,Trius,"[""Trius"", ""Triton"", ""Alaris"", ""Braga"", ""Mytikas""]","[0.8636322021484375, 0.46191516518592834, 0.4194104075431824, 0.37311920523643494, 0.36905908584594727]"
1,centroid,1,442,Trius,Trius,"[""Trius"", ""Braga"", ""Triton"", ""Alcatras"", ""Mytikas""]","[0.8734802007675171, 0.6172269582748413, 0.5909936428070068, 0.5611541271209717, 0.547053337097168]"
1,centroid,1,443,Trius,Mytikas,"[""Mytikas"", ""Vega"", ""Gemini"", ""Braga"", ""Trius""]","[0.5544536709785461, 0.523584246635437, 0.5199854373931885, 0.5054996609687805, 0.4018716514110565]"
1,centroid,1,444,Trius,Trius,"[""Trius"", ""Mytikas"", ""Triton"", ""Alcatras"", ""Braga""]","[0.9221144914627075, 0.6380414962768555, 0.5554925203323364, 0.37801724672317505, 0.35148292779922485]"
1,centroid,1,445,Trius,Trius,"[""Trius"", ""Triton"", ""Castor"", ""Mytikas"", ""Braga""]","[0.6109259128570557, 0.6028788089752197, 0.5186817049980164, 0.49718135595321655, 0.46851617097854614]"
1,centroid,1,446,Trius,Trius,"[""Trius"", ""Alaris"", ""Vega"", ""Alcatras"", ""Braga""]","[0.8368074893951416, 0.6887956261634827, 0.38433176279067993, 0.33675968647003174, 0.32568061351776123]"
1,centroid,1,447,Trius,Trius,"[""Trius"", ""Triton"", ""Ilias"", ""Turbine"", ""Velorum""]","[0.5431115627288818, 0.5354202389717102, 0.44752830266952515, 0.371847540140152, 0.3280109763145447]"
1,centroid,1,448,Trius,Triton,"[""Triton"", ""Trius"", ""Mytikas"", ""Velorum"", ""Braga""]","[0.7726452350616455, 0.7591001987457275, 0.6372528076171875, 0.47897934913635254, 0.43253883719444275]"
1,centroid,1,449,Trius,Trius,"[""Trius"", ""Gemini"", ""Mytikas"", ""Steel_Wheel"", ""Triton""]","[0.6243249177932739, 0.3023455739021301, 0.2898293137550354, 0.22204959392547607, 0.18492668867111206]"
1,centroid,1,450,Trius,Trius,"[""Trius"", ""Alcatras"", ""Alaris"", ""Braga"", ""Triton""]","[0.7877048254013062, 0.6625679731369019, 0.6598132848739624, 0.6217846870422363, 0.5805437564849854]"
1,centroid,1,451,Trius,Alaris,"[""Alaris"", ""Trius"", ""Alcatras"", ""Braga"", ""Mytikas""]","[0.7855234742164612, 0.7296222448348999, 0.6967467069625854, 0.45662757754325867, 0.38629817962646484]"
1,centroid,1,452,Turbine,Castor,"[""Castor"", ""Braga"", ""Turbine"", ""Triton"", ""Mytikas""]","[0.7825099229812622, 0.5534530878067017, 0.5417894721031189, 0.4925183653831482, 0.3902988135814667]"
1,centroid,1,453,Turbine,Turbine,"[""Turbine"", ""Hawk"", ""Alaris"", ""Alcatras"", ""Vega""]","[0.9041428565979004, 0.6355822086334229, 0.3464001417160034, 0.3419809341430664, 0.2815614342689514]"
1,centroid,1,454,Turbine,Turbine,"[""Turbine"", ""Alcatras"", ""Triton"", ""Alaris"", ""Vega""]","[0.704704999923706, 0.5112874507904053, 0.5100996494293213, 0.47189030051231384, 0.43585094809532166]"
1,centroid,1,455,Turbine,Turbine,"[""Turbine"", ""Braga"", ""Gemini"", ""Vega"", ""Triton""]","[0.7420283555984497, 0.4858061671257019, 0.46330052614212036, 0.4202998876571655, 0.3384004235267639]"
1,centroid,1,456,Turbine,Turbine,"[""Turbine"", ""Braga"", ""Hawk"", ""Vega"", ""Alaris""]","[0.9183861613273621, 0.5798966884613037, 0.5106820464134216, 0.4847092628479004, 0.4368392825126648]"
1,centroid,1,457,Turbine,Turbine,"[""Turbine"", ""Braga"", ""Castor"", ""Vega"", ""Hawk""]","[0.9267355799674988, 0.5083316564559937, 0.4789521396160126, 0.4445153474807739, 0.4345005750656128]"
1,centroid,1,458,Turbine,Turbine,"[""Turbine"", ""Braga"", ""Castor"", ""Hawk"", ""Vega""]","[0.8809001445770264, 0.5120787620544434, 0.4312301576137543, 0.4203680753707886, 0.3655627965927124]"
1,centroid,1,459,Turbine,Turbine,"[""Turbine"", ""Braga"", ""Vega"", ""Castor"", ""Triton""]","[0.834654688835144, 0.6158010959625244, 0.4907737970352173, 0.3797155022621155, 0.3764386773109436]"
1,centroid,1,460,Turbine,Triton,"[""Triton"", ""Mytikas"", ""Turbine"", ""Alcatras"", ""Braga""]","[0.7820532917976379, 0.6973772048950195, 0.6335815191268921, 0.5891417264938354, 0.5615488886833191]"
1,centroid,1,461,Turbine,Turbine,"[""Turbine"", ""Braga"", ""Vega"", ""Hawk"", ""Triton""]","[0.8563541769981384, 0.48691487312316895, 0.44497740268707275, 0.4353213310241699, 0.30399566888809204]"
1,centroid,1,462,Turbine,Turbine,"[""Turbine"", ""Castor"", ""Triton"", ""Alcatras"", ""Braga""]","[0.7238240242004395, 0.6915717720985413, 0.6713049411773682, 0.5834872722625732, 0.5683917999267578]"
1,centroid,1,463,Turbine,Turbine,"[""Turbine"", ""Mytikas"", ""Hawk"", ""Gemini"", ""Braga""]","[0.3711200952529907, 0.3423897325992584, 0.2935696840286255, 0.255883127450943, 0.2393271028995514]"
1,centroid,1,464,Turbine,Turbine,"[""Turbine"", ""Braga"", ""Castor"", ""Hawk"", ""Alaris""]","[0.9436649084091187, 0.5414136648178101, 0.5161224603652954, 0.41521933674812317, 0.350887268781662]"
1,centroid,1,465,Turbine,Turbine,"[""Turbine"", ""Hawk"", ""Alaris"", ""Alcatras"", ""Braga""]","[0.8491361141204834, 0.6789134740829468, 0.5169118642807007, 0.48694074153900146, 0.36498644948005676]"
1,centroid,1,466,Turbine,Turbine,"[""Turbine"", ""Vega"", ""Hawk"", ""Alaris"", ""Braga""]","[0.8908324241638184, 0.43566662073135376, 0.423724889755249, 0.3818579614162445, 0.3640744686126709]"
1,centroid,1,467,Turbine,Hawk,"[""Hawk"", ""Turbine"", ""Vega"", ""Alaris"", ""Braga""]","[0.7297804951667786, 0.705464243888855, 0.6926366090774536, 0.5037792921066284, 0.3736703395843506]"
1,centroid,1,468,Turbine,Turbine,"[""Turbine"", ""Braga"", ""Castor"", ""Alcatras"", ""Alaris""]","[0.945418119430542, 0.5096420049667358, 0.507950484752655, 0.4462532699108124, 0.43699759244918823]"
1,centroid,1,469,Turbine,Trius,"[""Trius"", ""Turbine"", ""Castor"", ""Mytikas"", ""Alaris""]","[0.5173311233520508, 0.4870583415031433, 0.42067602276802063, 0.3355967104434967, 0.33268991112709045]"
1,centroid,1,470,Turbine,Turbine,"[""Turbine"", ""Braga"", ""Hawk"", ""Castor"", ""Alaris""]","[0.9555705785751343, 0.5129878520965576, 0.48941534757614136, 0.3771198093891144, 0.37049737572669983]"
1,centroid,1,471,Turbine,Turbine,"[""Turbine"", ""Hawk"", ""Alaris"", ""Braga"", ""Vega""]","[0.8772180676460266, 0.4784846305847168, 0.39652830362319946, 0.3627384305000305, 0.32207775115966797]"
1,centroid,1,472,Turbine,Turbine,"[""Turbine"", ""Vega"", ""Trius"", ""Braga"", ""Alaris""]","[0.7098151445388794, 0.49232637882232666, 0.4849039912223816, 0.4021083414554596, 0.3772178292274475]"
1,centroid,1,473,Turbine,Turbine,"[""Turbine"", ""Triton"", ""Alcatras"", ""Alaris"", ""Vega""]","[0.7063000202178955, 0.5296902060508728, 0.479448527097702, 0.412905752658844, 0.38668757677078247]"
1,centroid,1,474,Turbine,Turbine,"[""Turbine"", ""Braga"", ""Alaris"", ""Castor"", ""Hawk""]","[0.9126743078231812, 0.5888251066207886, 0.571037769317627, 0.5250386595726013, 0.4701312184333801]"
1,centroid,1,475,Turbine,Turbine,"[""Turbine"", ""Hawk"", ""Alcatras"", ""Castor"", ""Mytikas""]","[0.6820212602615356, 0.5994642376899719, 0.4264713525772095, 0.3402876853942871, 0.2995220422744751]"
1,centroid,1,476,Turbine,Turbine,"[""Turbine"", ""Castor"", ""Alaris"", ""Alcatras"", ""Braga""]","[0.8082870244979858, 0.6642566919326782, 0.544183611869812, 0.539932131767273, 0.5090585947036743]"
1,centroid,1,477,Turbine,Turbine,"[""Turbine"", ""Castor"", ""Braga"", ""Alcatras"", ""Triton""]","[0.8498615026473999, 0.696621298789978, 0.5665078163146973, 0.40292882919311523, 0.4007929265499115]"
1,centroid,1,478,Turbine,Turbine,"[""Turbine"", ""Hawk"", ""Vega"", ""Gemini"", ""Braga""]","[0.7341569662094116, 0.6592921018600464, 0.3322700262069702, 0.24875105917453766, 0.24458666145801544]"
1,centroid,1,479,Turbine,Turbine,"[""Turbine"", ""Hawk"", ""Vega"", ""Alaris"", ""Castor""]","[0.8932414054870605, 0.5327416062355042, 0.3817656636238098, 0.3486105501651764, 0.2796657681465149]"
1,centroid,1,480,Vega,Vega,"[""Vega"", ""Gemini"", ""Hawk"", ""Alaris"", ""Turbine""]","[0.9802302718162537, 0.43361079692840576, 0.41786903142929077, 0.4054219722747803, 0.2940969467163086]"
1,centroid,1,481,Vega,Vega,"[""Vega"", ""Turbine"", ""Alaris"", ""Hawk"", ""Braga""]","[0.9247430562973022, 0.38342738151550293, 0.31981804966926575, 0.2907193899154663, 0.22824318706989288]"
1,centroid,1,482,Vega,Vega,"[""Vega"", ""Gemini"", ""Alaris"", ""Trius"", ""Ratikon""]","[0.91094970703125, 0.3698269724845886, 0.2190743386745453, 0.18819639086723328, 0.11117129027843475]"
1,centroid,1,483,Vega,Vega,"[""Vega"", ""Turbine"", ""Hawk"", ""Alaris"", ""Ratikon""]","[0.8238300085067749, 0.36436402797698975, 0.2735101580619812, 0.24249158799648285, 0.2393335998058319]"
1,centroid,1,484,Vega,Vega,"[""Vega"", ""Gemini"", ""Turbine"", ""Hawk"", ""Braga""]","[0.8362436294555664, 0.4851933717727661, 0.2688461244106293, 0.17360487580299377, 0.15787506103515625]"
1,centroid,1,485,Vega,Vega,"[""Vega"", ""Turbine"", ""Alaris"", ""Hawk"", ""Braga""]","[0.8629463315010071, 0.5288312435150146, 0.5109217166900635, 0.43650075793266296, 0.32955285906791687]"
1,centroid,1,486,Vega,Vega,"[""Vega"", ""Alaris"", ""Trius"", ""Hawk"", ""Gemini""]","[0.9008793234825134, 0.32063767313957214, 0.31154918670654297, 0.2900905907154083, 0.27708977460861206]"
1,centroid,1,487,Vega,Vega,"[""Vega"", ""Hawk"", ""Turbine"", ""Alaris"", ""Gemini""]","[0.8230117559432983, 0.5355849266052246, 0.28133735060691833, 0.27891096472740173, 0.21510674059391022]"
1,centroid,1,488,Vega,Vega,"[""Vega"", ""Gemini"", ""Hawk"", ""Turbine"", ""Alaris""]","[0.8579590916633606, 0.5336927175521851, 0.33726537227630615, 0.25382566452026367, 0.19243864715099335]"
1,centroid,1,489,Vega,Vega,"[""Vega"", ""Hawk"", ""Gemini"", ""Turbine"", ""Alaris""]","[0.9232898354530334, 0.44316890835762024, 0.39879468083381653, 0.18340829014778137, 0.16228681802749634]"
1,centroid,1,490,Vega,Vega,"[""Vega"", ""Hawk"", ""Gemini"", ""Turbine"", ""Nivalis""]","[0.8897913694381714, 0.32479408383369446, 0.24134522676467896, 0.14712129533290863, 0.1267206072807312]"
1,centroid,1,491,Vega,Vega,"[""Vega"", ""Hawk"", ""Alaris"", ""Gemini"", ""Turbine""]","[0.9333402514457703, 0.32332733273506165, 0.25590890645980835, 0.2408899962902069, 0.21654006838798523]"
1,centroid,1,492,Vega,Trius,"[""Trius"", ""Mytikas"", ""Triton"", ""Alcatras"", ""Braga""]","[0.5789342522621155, 0.5484648942947388, 0.4110403060913086, 0.4021766185760498, 0.3587781488895416]"
1,centroid,1,493,Vega,Vega,"[""Vega"", ""Hawk"", ""Alaris"", ""Gemini"", ""Turbine""]","[0.8939182162284851, 0.36658018827438354, 0.28888842463493347, 0.26780226826667786, 0.26482874155044556]"
1,centroid,1,494,Vega,Vega,"[""Vega"", ""Turbine"", ""Nivalis"", ""Braga"", ""Hawk""]","[0.6552845239639282, 0.36193346977233887, 0.3048531413078308, 0.2587212920188904, 0.22711730003356934]"
1,centroid,1,495,Vega,Vega,"[""Vega"", ""Gemini"", ""Hawk"", ""Alaris"", ""Turbine""]","[0.8757941126823425, 0.5397964715957642, 0.22320739924907684, 0.22207187116146088, 0.13199040293693542]"
1,centroid,1,496,Vega,Vega,"[""Vega"", ""Turbine"", ""Hawk"", ""Alaris"", ""Braga""]","[0.8214131593704224, 0.6110678911209106, 0.5249569416046143, 0.5028676390647888, 0.39728236198425293]"
1,centroid,1,497,Vega,Gemini,"[""Gemini"", ""Vega"", ""Xtreme"", ""Alaris"", ""Denom""]","[0.5884596109390259, 0.5849831104278564, 0.24132086336612701, 0.22766591608524323, 0.20953094959259033]"
1,centroid,1,498,Vega,Vega,"[""Vega"", ""Gemini"", ""Trius"", ""Braga"", ""Mytikas""]","[0.681319534778595, 0.6712461709976196, 0.4765866696834564, 0.38083866238594055, 0.26170259714126587]"
1,centroid,1,499,Vega,Vega,"[""Vega"", ""Turbine"", ""Alcatras"", ""Castor"", ""Braga""]","[0.6374944448471069, 0.6202974319458008, 0.38380470871925354, 0.34525546431541443, 0.3290371894836426]"
1,centroid,1,500,Vega,Vega,"[""Vega"", ""Gemini"", ""Alaris"", ""Trius"", ""Braga""]","[0.9161746501922607, 0.43662118911743164, 0.39075735211372375, 0.3851878046989441, 0.30805838108062744]"
1,centroid,1,501,Vega,Vega,"[""Vega"", ""Turbine"", ""Hawk"", ""Braga"", ""Alaris""]","[0.6839624643325806, 0.589463472366333, 0.5634269714355469, 0.41598206758499146, 0.4080909192562103]"
1,centroid,1,502,Vega,Vega,"[""Vega"", ""Hawk"", ""Turbine"", ""Nivalis"", ""Braga""]","[0.8755595088005066, 0.33995455503463745, 0.2622735798358917, 0.19656050205230713, 0.17948701977729797]"
1,centroid,1,503,Vega,Vega,"[""Vega"", ""Gemini"", ""Turbine"", ""Braga"", ""Trius""]","[0.8643563985824585, 0.6154006719589233, 0.40408289432525635, 0.26825428009033203, 0.24228663742542267]"
1,centroid,1,504,Vega,Vega,"[""Vega"", ""Hawk"", ""Turbine"", ""Braga"", ""Gemini""]","[0.7990901470184326, 0.5249357223510742, 0.4460361897945404, 0.3444613218307495, 0.19936563074588776]"
1,centroid,1,505,Vega,Vega,"[""Vega"", ""Turbine"", ""Hawk"", ""Braga"", ""Alaris""]","[0.8027808666229248, 0.5948749780654907, 0.5469055771827698, 0.47085097432136536, 0.39306730031967163]"
1,centroid,1,506,Vega,Vega,"[""Vega"", ""Hawk"", ""Gemini"", ""Alaris"", ""Turbine""]","[0.9400852918624878, 0.39166563749313354, 0.3640967309474945, 0.3160642385482788, 0.15935364365577698]"
1,centroid,1,507,Vega,Vega,"[""Vega"", ""Alaris"", ""Hawk"", ""Turbine"", ""Braga""]","[0.8200905323028564, 0.5706346035003662, 0.4896164536476135, 0.4155498147010803, 0.3298189043998718]"
1,centroid,1,508,Vega,Vega,"[""Vega"", ""Turbine"", ""Hawk"", ""Nivalis"", ""Alaris""]","[0.7109250426292419, 0.4408336877822876, 0.3534896969795227, 0.27427244186401367, 0.23946119844913483]"
1,centroid,1,509,Vega,Vega,"[""Vega"", ""Alaris"", ""Trius"", ""Braga"", ""Gemini""]","[0.8938660621643066, 0.36843475699424744, 0.33463746309280396, 0.1876397579908371, 0.1714736670255661]"
1,centroid,1,510,Vega,Vega,"[""Vega"", ""Gemini"", ""Turbine"", ""Trius"", ""Alaris""]","[0.9197145700454712, 0.32823559641838074, 0.30357444286346436, 0.27271193265914917, 0.25253987312316895]"
1,centroid,1,511,Vega,Vega,"[""Vega"", ""Turbine"", ""Alaris"", ""Hawk"", ""Nivalis""]","[0.8619734048843384, 0.32648125290870667, 0.32136744260787964, 0.2260964810848236, 0.19653010368347168]"
1,centroid,1,512,Vega,Vega,"[""Vega"", ""Alaris"", ""Hawk"", ""Trius"", ""Turbine""]","[0.8853439092636108, 0.36112427711486816, 0.2870926260948181, 0.23743215203285217, 0.19460709393024445]"
1,centroid,1,513,Vega,Vega,"[""Vega"", ""Gemini"", ""Hawk"", ""Alaris"", ""Turbine""]","[0.9332998991012573, 0.4704141318798065, 0.30568981170654297, 0.17317630350589752, 0.1412886381149292]"
1,centroid,1,514,Vega,Vega,"[""Vega"", ""Hawk"", ""Gemini"", ""Turbine"", ""Braga""]","[0.8264644145965576, 0.5794508457183838, 0.4418623149394989, 0.24937734007835388, 0.1082439124584198]"
1,centroid,1,515,Velorum,Velorum,"[""Velorum"", ""Denom"", ""Ilias"", ""Ratikon"", ""Triton""]","[0.759423017501831, 0.6071717739105225, 0.5700148344039917, 0.4754053056240082, 0.3855949640274048]"
1,centroid,1,516,Velorum,Velorum,"[""Velorum"", ""Triton"", ""Mytikas"", ""Castor"", ""Ilias""]","[0.8312575817108154, 0.567168116569519, 0.44296473264694214, 0.3375399708747864, 0.28659379482269287]"
1,centroid,1,517,Velorum,Velorum,"[""Velorum"", ""Denom"", ""Ilias"", ""Ratikon"", ""Nivalis""]","[0.8557366132736206, 0.6478727459907532, 0.544047474861145, 0.5437029004096985, 0.5009214878082275]"
1,centroid,1,518,Velorum,Velorum,"[""Velorum"", ""Triton"", ""Mytikas"", ""Alcatras"", ""Trius""]","[0.8739801645278931, 0.5425114035606384, 0.430611252784729, 0.410171240568161, 0.2948068082332611]"
1,centroid,1,519,Velorum,Velorum,"[""Velorum"", ""Nivalis"", ""Denom"", ""Ilias"", ""Ratikon""]","[0.7805732488632202, 0.5722001194953918, 0.5531512498855591, 0.4064359664916992, 0.3113577663898468]"
1,centroid,1,520,Velorum,Velorum,"[""Velorum"", ""Ilias"", ""Triton"", ""Trius"", ""Denom""]","[0.9148427248001099, 0.38052427768707275, 0.3454732596874237, 0.2612228989601135, 0.22911688685417175]"
1,centroid,1,521,Velorum,Velorum,"[""Velorum"", ""Nivalis"", ""Denom"", ""Ilias"", ""Ratikon""]","[0.8893401622772217, 0.4824879765510559, 0.46649396419525146, 0.4180992841720581, 0.3942951261997223]"
1,centroid,1,522,Velorum,Velorum,"[""Velorum"", ""Triton"", ""Mytikas"", ""Ilias"", ""Trius""]","[0.912354052066803, 0.35092777013778687, 0.30603450536727905, 0.2982451915740967, 0.2615484595298767]"
1,centroid,1,523,Velorum,Velorum,"[""Velorum"", ""Triton"", ""Mytikas"", ""Ilias"", ""Trius""]","[0.8259105086326599, 0.6487219929695129, 0.5518366694450378, 0.33576056361198425, 0.23066847026348114]"
1,centroid,1,524,Velorum,Velorum,"[""Velorum"", ""Trius"", ""Nivalis"", ""Triton"", ""Ilias""]","[0.8439096212387085, 0.47221994400024414, 0.2801089882850647, 0.2784067690372467, 0.2624511420726776]"
1,centroid,1,525,Velorum,Velorum,"[""Velorum"", ""Denom"", ""Ilias"", ""Ratikon"", ""Nivalis""]","[0.8729839324951172, 0.5714432001113892, 0.5555546283721924, 0.44574984908103943, 0.4298645257949829]"
1,centroid,1,526,Velorum,Velorum,"[""Velorum"", ""Triton"", ""Trius"", ""Mytikas"", ""Ilias""]","[0.9045572280883789, 0.5761830806732178, 0.417161762714386, 0.4149991571903229, 0.37789034843444824]"
1,centroid,1,527,Velorum,Velorum,"[""Velorum"", ""Ilias"", ""Ratikon"", ""Nivalis"", ""Denom""]","[0.9346028566360474, 0.5981974005699158, 0.4479789733886719, 0.4399193823337555, 0.4354845881462097]"
1,centroid,1,528,Velorum,Velorum,"[""Velorum"", ""Ratikon"", ""Ilias"", ""Denom"", ""Nivalis""]","[0.8689917922019958, 0.5357542634010315, 0.5063815712928772, 0.48415249586105347, 0.4801523685455322]"
1,centroid,1,529,Velorum,Velorum,"[""Velorum"", ""Triton"", ""Mytikas"", ""Ilias"", ""Trius""]","[0.9176808595657349, 0.5774686932563782, 0.4877079725265503, 0.4639332592487335, 0.44399213790893555]"
1,centroid,1,530,Velorum,Velorum,"[""Velorum"", ""Triton"", ""Mytikas"", ""Trius"", ""Ilias""]","[0.7613324522972107, 0.4762710630893707, 0.33730649948120117, 0.31798356771469116, 0.27236679196357727]"
1,centroid,1,531,Velorum,Velorum,"[""Velorum"", ""Triton"", ""Nivalis"", ""Mytikas"", ""Ilias""]","[0.8379526734352112, 0.336531400680542, 0.31172096729278564, 0.2790570855140686, 0.2591990828514099]"
1,centroid,1,532,Velorum,Velorum,"[""Velorum"", ""Nivalis"", ""Triton"", ""Ilias"", ""Mytikas""]","[0.931760847568512, 0.4536668360233307, 0.41184335947036743, 0.41100776195526123, 0.3133295774459839]"
1,centroid,1,533,Velorum,Velorum,"[""Velorum"", ""Nivalis"", ""Ilias"", ""Denom"", ""Ratikon""]","[0.8442373275756836, 0.6191039085388184, 0.6122534275054932, 0.5396645069122314, 0.4808429181575775]"
1,centroid,1,534,Velorum,Velorum,"[""Velorum"", ""Nivalis"", ""Ilias"", ""Denom"", ""Ratikon""]","[0.8843698501586914, 0.456529825925827, 0.39498186111450195, 0.36098265647888184, 0.35159897804260254]"
1,centroid,1,535,Velorum,Velorum,"[""Velorum"", ""Ilias"", ""Triton"", ""Mytikas"", ""Nivalis""]","[0.8145323395729065, 0.6052745580673218, 0.554847240447998, 0.45823532342910767, 0.2395959496498108]"
1,centroid,1,536,Velorum,Velorum,"[""Velorum"", ""Ilias"", ""Triton"", ""Alcatras"", ""Turbine""]","[0.8242692351341248, 0.4869786500930786, 0.41398918628692627, 0.3137633800506592, 0.2870456576347351]"
1,centroid,1,537,Velorum,Velorum,"[""Velorum"", ""Nivalis"", ""Denom"", ""Ilias"", ""Ratikon""]","[0.800024151802063, 0.6199837923049927, 0.5182019472122192, 0.37093085050582886, 0.31306108832359314]"
1,centroid,1,538,Velorum,Velorum,"[""Velorum"", ""Ilias"", ""Nivalis"", ""Denom"", ""Triton""]","[0.935433566570282, 0.5528610944747925, 0.49984797835350037, 0.4551432132720947, 0.365714430809021]"
1,centroid,1,539,Velorum,Velorum,"[""Velorum"", ""Denom"", ""Ilias"", ""Nivalis"", ""Triton""]","[0.9104293584823608, 0.3611640930175781, 0.35103723406791687, 0.3275206983089447, 0.23947814106941223]"
1,centroid,1,540,Velorum,Velorum,"[""Velorum"", ""Ilias"", ""Triton"", ""Denom"", ""Trius""]","[0.9220786094665527, 0.531937301158905, 0.4231534004211426, 0.3466299772262573, 0.30995655059814453]"
1,centroid,1,541,Velorum,Velorum,"[""Velorum"", ""Denom"", ""Triton"", ""Nivalis"", ""Ilias""]","[0.739566445350647, 0.3971554934978485, 0.3528992831707001, 0.3522190749645233, 0.32880133390426636]"
1,centroid,1,542,Velorum,Denom,"[""Denom"", ""Velorum"", ""Ilias"", ""Ratikon"", ""Trius""]","[0.5814356803894043, 0.5060299634933472, 0.40340742468833923, 0.3750484585762024, 0.2973589301109314]"
1,centroid,1,543,Velorum,Velorum,"[""Velorum"", ""Ilias"", ""Nivalis"", ""Denom"", ""Ratikon""]","[0.9492090940475464, 0.5690665245056152, 0.4795525074005127, 0.473724365234375, 0.3752375841140747]"
1,centroid,1,544,Velorum,Velorum,"[""Velorum"", ""Triton"", ""Trius"", ""Mytikas"", ""Ilias""]","[0.8884097933769226, 0.5368298292160034, 0.4528304934501648, 0.40193015336990356, 0.3552466034889221]"
1,centroid,1,545,Velorum,Velorum,"[""Velorum"", ""Nivalis"", ""Ilias"", ""Denom"", ""Ratikon""]","[0.893695056438446, 0.6428111791610718, 0.6250669956207275, 0.5303854942321777, 0.4872257709503174]"
1,centroid,1,546,Velorum,Velorum,"[""Velorum"", ""Nivalis"", ""Ilias"", ""Ratikon"", ""Denom""]","[0.9278267621994019, 0.5550105571746826, 0.4514288306236267, 0.3996818959712982, 0.36398056149482727]"
1,centroid,1,547,Velorum,Velorum,"[""Velorum"", ""Ilias"", ""Ratikon"", ""Nivalis"", ""Denom""]","[0.7687759399414062, 0.7366470098495483, 0.5384049415588379, 0.3981373906135559, 0.38901078701019287]"
1,centroid,1,548,Velorum,Velorum,"[""Velorum"", ""Nivalis"", ""Denom"", ""Ratikon"", ""Ilias""]","[0.8100763559341431, 0.5896799564361572, 0.45165395736694336, 0.29896312952041626, 0.2749929130077362]"
1,centroid,1,549,Velorum,Velorum,"[""Velorum"", ""Triton"", ""Mytikas"", ""Alcatras"", ""Trius""]","[0.9151946306228638, 0.47660109400749207, 0.36097151041030884, 0.29822322726249695, 0.28590139746665955]"
1,centroid,1,550,Velorum,Velorum,"[""Velorum"", ""Nivalis"", ""Ilias"", ""Trius"", ""Ratikon""]","[0.8309028744697571, 0.4156127870082855, 0.33590883016586304, 0.27698808908462524, 0.24269896745681763]"
1,centroid,1,551,Velorum,Velorum,"[""Velorum"", ""Ilias"", ""Denom"", ""Nivalis"", ""Triton""]","[0.9028561115264893, 0.5972541570663452, 0.48572295904159546, 0.44376635551452637, 0.4073065519332886]"
1,centroid,1,552,Velorum,Velorum,"[""Velorum"", ""Ilias"", ""Nivalis"", ""Denom"", ""Ratikon""]","[0.8851170539855957, 0.6303155422210693, 0.5463992953300476, 0.5007495880126953, 0.5002871751785278]"
1,centroid,1,553,Velorum,Velorum,"[""Velorum"", ""Triton"", ""Mytikas"", ""Ilias"", ""Alcatras""]","[0.8236342072486877, 0.6522514820098877, 0.401483416557312, 0.3876730799674988, 0.37812352180480957]"
1,centroid,1,554,Velorum,Velorum,"[""Velorum"", ""Denom"", ""Ilias"", ""Triton"", ""Trius""]","[0.8578671216964722, 0.4222188889980316, 0.4018784165382385, 0.38437700271606445, 0.28719326853752136]"
1,centroid,1,555,Velorum,Velorum,"[""Velorum"", ""Trius"", ""Alcatras"", ""Triton"", ""Mytikas""]","[0.8382342457771301, 0.42179229855537415, 0.4080296754837036, 0.39133530855178833, 0.2907828986644745]"
1,centroid,1,556,Velorum,Velorum,"[""Velorum"", ""Ilias"", ""Ratikon"", ""Nivalis"", ""Denom""]","[0.9276963472366333, 0.6455284357070923, 0.4320388436317444, 0.35729798674583435, 0.3081005811691284]"
1,centroid,1,557,Velorum,Velorum,"[""Velorum"", ""Triton"", ""Nivalis"", ""Ilias"", ""Mytikas""]","[0.9042696356773376, 0.4255814850330353, 0.3905457556247711, 0.36956122517585754, 0.3683747947216034]"
1,centroid,1,558,Velorum,Velorum,"[""Velorum"", ""Denom"", ""Ilias"", ""Nivalis"", ""Ratikon""]","[0.7900442481040955, 0.48949548602104187, 0.44667115807533264, 0.38812172412872314, 0.2968292236328125]"
1,centroid,1,559,Velorum,Velorum,"[""Velorum"", ""Ilias"", ""Nivalis"", ""Triton"", ""Mytikas""]","[0.9318686127662659, 0.4357079267501831, 0.3653375506401062, 0.3490726351737976, 0.2575809955596924]"
1,centroid,1,560,Velorum,Velorum,"[""Velorum"", ""Triton"", ""Trius"", ""Alcatras"", ""Mytikas""]","[0.8319939374923706, 0.5088200569152832, 0.4383206367492676, 0.3934754431247711, 0.38843050599098206]"
1,centroid,1,561,Velorum,Velorum,"[""Velorum"", ""Ilias"", ""Triton"", ""Mytikas"", ""Trius""]","[0.8955790996551514, 0.642376720905304, 0.5057520270347595, 0.3476249575614929, 0.29295188188552856]"
1,centroid,1,562,Velorum,Velorum,"[""Velorum"", ""Ilias"", ""Denom"", ""Nivalis"", ""Ratikon""]","[0.895853579044342, 0.5255051851272583, 0.43965208530426025, 0.42589855194091797, 0.4166961908340454]"
1,centroid,1,563,Velorum,Velorum,"[""Velorum"", ""Nivalis"", ""Denom"", ""Ratikon"", ""Trius""]","[0.7646561861038208, 0.5286994576454163, 0.5193161964416504, 0.5128999948501587, 0.34706082940101624]"
1,centroid,1,564,Velorum,Velorum,"[""Velorum"", ""Ilias"", ""Nivalis"", ""Triton"", ""Denom""]","[0.9434624314308167, 0.4912688434123993, 0.36539381742477417, 0.31909996271133423, 0.24695059657096863]"
1,centroid,1,565,Velorum,Velorum,"[""Velorum"", ""Triton"", ""Trius"", ""Mytikas"", ""Ilias""]","[0.8513890504837036, 0.5430542230606079, 0.4607328772544861, 0.34261995553970337, 0.2944698929786682]"
1,centroid,1,566,Velorum,Velorum,"[""Velorum"", ""Nivalis"", ""Denom"", ""Ratikon"", ""Ilias""]","[0.8352110981941223, 0.5803235769271851, 0.39791619777679443, 0.2469193935394287, 0.23270273208618164]"
1,centroid,1,567,Velorum,Velorum,"[""Velorum"", ""Trius"", ""Nivalis"", ""Triton"", ""Ilias""]","[0.8439096212387085, 0.47221994400024414, 0.2801089882850647, 0.2784067690372467, 0.2624511420726776]"
1,centroid,1,568,Velorum,Velorum,"[""Velorum"", ""Ilias"", ""Triton"", ""Denom"", ""Ratikon""]","[0.9012566804885864, 0.5668144226074219, 0.44679683446884155, 0.3714825212955475, 0.34464603662490845]"
1,centroid,1,569,Velorum,Velorum,"[""Velorum"", ""Trius"", ""Denom"", ""Nivalis"", ""Triton""]","[0.8435858488082886, 0.4238244295120239, 0.39104264974594116, 0.31196901202201843, 0.31064373254776]"
1,centroid,1,570,Velorum,Velorum,"[""Velorum"", ""Ilias"", ""Nivalis"", ""Ratikon"", ""Denom""]","[0.8385536670684814, 0.7133261561393738, 0.6729077696800232, 0.6543396711349487, 0.6207084059715271]"
1,centroid,1,571,Velorum,Velorum,"[""Velorum"", ""Triton"", ""Ilias"", ""Mytikas"", ""Alcatras""]","[0.926163911819458, 0.4494476914405823, 0.3726023733615875, 0.328224778175354, 0.22450950741767883]"
1,centroid,1,572,Velorum,Velorum,"[""Velorum"", ""Triton"", ""Mytikas"", ""Trius"", ""Ilias""]","[0.8136235475540161, 0.6734260320663452, 0.6387218832969666, 0.42886728048324585, 0.3479098677635193]"
1,centroid,1,573,Velorum,Velorum,"[""Velorum"", ""Trius"", ""Mytikas"", ""Triton"", ""Alcatras""]","[0.6083272099494934, 0.5508284568786621, 0.45513519644737244, 0.42370736598968506, 0.3634101152420044]"
1,centroid,1,574,Xtreme,Xtreme,"[""Xtreme"", ""Steel_Wheel"", ""Gemini"", ""Velorum"", ""Mytikas""]","[0.8639745116233826, 0.3378080129623413, 0.20832660794258118, -0.04648511856794357, -0.07615333795547485]"
1,centroid,1,575,Xtreme,Xtreme,"[""Xtreme"", ""Gemini"", ""Ilias"", ""Denom"", ""Steel_Wheel""]","[0.9671416282653809, 0.560593843460083, 0.10390619933605194, 0.05376279726624489, 0.00914076715707779]"
1,centroid,1,576,Xtreme,Xtreme,"[""Xtreme"", ""Gemini"", ""Hawk"", ""Steel_Wheel"", ""Braga""]","[0.8994932174682617, 0.5529517531394958, 0.11274999380111694, 0.07468855381011963, -0.07925009727478027]"
1,centroid,1,577,Xtreme,Xtreme,"[""Xtreme"", ""Gemini"", ""Castor"", ""Braga"", ""Mytikas""]","[0.7398903369903564, 0.279547780752182, 0.27398842573165894, 0.2464754730463028, 0.23805411159992218]"
1,centroid,1,578,Xtreme,Xtreme,"[""Xtreme"", ""Gemini"", ""Denom"", ""Steel_Wheel"", ""Ilias""]","[0.9325156807899475, 0.45546597242355347, 0.14832907915115356, 0.11235596984624863, 0.0783119797706604]"
1,centroid,1,579,Xtreme,Xtreme,"[""Xtreme"", ""Gemini"", ""Steel_Wheel"", ""Mytikas"", ""Ilias""]","[0.9472603797912598, 0.45660191774368286, 0.06813234835863113, -0.04130305349826813, -0.054055988788604736]"
1,centroid,1,580,Xtreme,Xtreme,"[""Xtreme"", ""Gemini"", ""Mytikas"", ""Triton"", ""Braga""]","[0.8887729048728943, 0.581901490688324, 0.16045011579990387, 0.1261514127254486, 0.06603022664785385]"
1,centroid,1,581,Xtreme,Xtreme,"[""Xtreme"", ""Gemini"", ""Denom"", ""Ilias"", ""Steel_Wheel""]","[0.94516521692276, 0.6340031027793884, 0.11253076046705246, 0.07954812049865723, 0.00293770432472229]"
1,centroid,1,582,Xtreme,Xtreme,"[""Xtreme"", ""Gemini"", ""Ilias"", ""Steel_Wheel"", ""Denom""]","[0.9151482582092285, 0.32367050647735596, 0.1253892034292221, 0.09759711474180222, -0.01727082021534443]"
1,centroid,1,583,Xtreme,Xtreme,"[""Xtreme"", ""Gemini"", ""Steel_Wheel"", ""Ilias"", ""Velorum""]","[0.892578125, 0.26647070050239563, 0.08303631097078323, 0.045866459608078, 0.023241303861141205]"
1,centroid,1,584,Xtreme,Xtreme,"[""Xtreme"", ""Gemini"", ""Velorum"", ""Steel_Wheel"", ""Ilias""]","[0.8930491805076599, 0.3470439314842224, 0.10002389550209045, 0.0962870866060257, 0.04239770025014877]"
1,centroid,1,585,Xtreme,Xtreme,"[""Xtreme"", ""Gemini"", ""Denom"", ""Steel_Wheel"", ""Ilias""]","[0.9472764134407043, 0.6010345816612244, 0.055643677711486816, 0.01056022197008133, -0.026951834559440613]"
1,centroid,1,586,Xtreme,Xtreme,"[""Xtreme"", ""Gemini"", ""Trius"", ""Braga"", ""Triton""]","[0.6212213039398193, 0.5533695220947266, 0.4386424422264099, 0.24799412488937378, 0.16219420731067657]"
1,centroid,1,587,Xtreme,Xtreme,"[""Xtreme"", ""Gemini"", ""Braga"", ""Hawk"", ""Castor""]","[0.8783513307571411, 0.39189910888671875, 0.08456144481897354, 0.07623296976089478, 0.010247286409139633]"
1,centroid,1,588,Xtreme,Xtreme,"[""Xtreme"", ""Gemini"", ""Steel_Wheel"", ""Ilias"", ""Velorum""]","[0.8900489211082458, 0.4850669503211975, 0.043619606643915176, 0.011155226267874241, -0.016438079997897148]"
1,centroid,1,589,Xtreme,Xtreme,"[""Xtreme"", ""Gemini"", ""Hawk"", ""Steel_Wheel"", ""Mytikas""]","[0.8826225996017456, 0.41100966930389404, 0.05094876140356064, 0.0314224548637867, -0.03084258921444416]"
1,centroid,1,590,Xtreme,Xtreme,"[""Xtreme"", ""Gemini"", ""Steel_Wheel"", ""Ilias"", ""Hawk""]","[0.9167459011077881, 0.3799464702606201, 0.027246929705142975, -0.016525108367204666, -0.026115065440535545]"
1,centroid,1,591,Xtreme,Xtreme,"[""Xtreme"", ""Gemini"", ""Steel_Wheel"", ""Ilias"", ""Velorum""]","[0.9504780769348145, 0.523687481880188, 0.053130485117435455, 0.02272268384695053, 0.013909338042140007]"
1,centroid,1,592,Xtreme,Xtreme,"[""Xtreme"", ""Gemini"", ""Steel_Wheel"", ""Denom"", ""Ilias""]","[0.9104750752449036, 0.2986522614955902, 0.09329494833946228, -0.02792288362979889, -0.06386727094650269]"
1,centroid,1,593,Xtreme,Xtreme,"[""Xtreme"", ""Gemini"", ""Steel_Wheel"", ""Ilias"", ""Hawk""]","[0.948204517364502, 0.37126970291137695, 0.11036878824234009, -0.034675613045692444, -0.05658676475286484]"
1,centroid,1,594,Xtreme,Xtreme,"[""Xtreme"", ""Gemini"", ""Steel_Wheel"", ""Ilias"", ""Denom""]","[0.9436172246932983, 0.3210153579711914, 0.12202753871679306, 0.012718643993139267, -0.024018723517656326]"
1,centroid,1,595,Xtreme,Xtreme,"[""Xtreme"", ""Gemini"", ""Denom"", ""Steel_Wheel"", ""Nivalis""]","[0.9679498672485352, 0.5084400177001953, 0.16113393008708954, 0.06604272127151489, 0.017011631280183792]"
1,centroid,1,596,Xtreme,Xtreme,"[""Xtreme"", ""Gemini"", ""Steel_Wheel"", ""Mytikas"", ""Ilias""]","[0.962989330291748, 0.4993521571159363, 0.053367000073194504, -0.016430780291557312, -0.04536141827702522]"
1,centroid,1,597,Xtreme,Xtreme,"[""Xtreme"", ""Gemini"", ""Steel_Wheel"", ""Denom"", ""Velorum""]","[0.9256017208099365, 0.39409780502319336, 0.1552228182554245, 0.09231746941804886, 0.0010924432426691055]"
1,centroid,1,598,Xtreme,Xtreme,"[""Xtreme"", ""Gemini"", ""Mytikas"", ""Steel_Wheel"", ""Triton""]","[0.8661912083625793, 0.3763226270675659, 0.1951591968536377, 0.07808772474527359, 0.054803818464279175]"
1,centroid,1,599,Xtreme,Xtreme,"[""Xtreme"", ""Gemini"", ""Steel_Wheel"", ""Denom"", ""Nivalis""]","[0.9178997278213501, 0.43124502897262573, 0.12248591333627701, 0.11768384277820587, 0.058764684945344925]"
1,centroid,1,600,Xtreme,Xtreme,"[""Xtreme"", ""Gemini"", ""Steel_Wheel"", ""Vega"", ""Denom""]","[0.9618286490440369, 0.5953607559204102, 0.04031432420015335, -0.0738854929804802, -0.08549904823303223]"
1,centroid,1,601,Xtreme,Xtreme,"[""Xtreme"", ""Gemini"", ""Trius"", ""Steel_Wheel"", ""Mytikas""]","[0.8912118077278137, 0.607509970664978, 0.08758501708507538, 0.05979572609066963, 0.04098687693476677]"
1,centroid,1,602,Xtreme,Xtreme,"[""Xtreme"", ""Gemini"", ""Steel_Wheel"", ""Ilias"", ""Denom""]","[0.9592018723487854, 0.44926169514656067, 0.05992361158132553, 0.03791838139295578, -0.02272447943687439]"
1,centroid,1,603,Xtreme,Xtreme,"[""Xtreme"", ""Gemini"", ""Steel_Wheel"", ""Denom"", ""Ilias""]","[0.9451872706413269, 0.40039563179016113, 0.1276155412197113, -0.0008899383246898651, -0.03269229084253311]"
1,centroid,1,604,Xtreme,Xtreme,"[""Xtreme"", ""Gemini"", ""Steel_Wheel"", ""Mytikas"", ""Ilias""]","[0.907345175743103, 0.2735447287559509, 0.25368261337280273, -0.008212168700993061, -0.020685886964201927]"
1,centroid,1,605,Xtreme,Xtreme,"[""Xtreme"", ""Gemini"", ""Hawk"", ""Steel_Wheel"", ""Mytikas""]","[0.8767728805541992, 0.38449597358703613, 0.13123102486133575, 0.06578691303730011, -0.10016043484210968]"
1,centroid,1,606,Xtreme,Xtreme,"[""Xtreme"", ""Steel_Wheel"", ""Gemini"", ""Velorum"", ""Denom""]","[0.8163775205612183, 0.21631935238838196, 0.10824455320835114, 0.010904956609010696, -0.02284599468111992]"
1,centroid,1,607,Xtreme,Xtreme,"[""Xtreme"", ""Gemini"", ""Steel_Wheel"", ""Ilias"", ""Denom""]","[0.9604830741882324, 0.38708746433258057, 0.11439736187458038, 0.09561634063720703, 0.0753401517868042]"
1,centroid,1,608,Xtreme,Xtreme,"[""Xtreme"", ""Gemini"", ""Ilias"", ""Mytikas"", ""Steel_Wheel""]","[0.8991838097572327, 0.3093939423561096, 0.15416476130485535, 0.06394250690937042, 0.025734417140483856]"
1,centroid,1,609,Xtreme,Xtreme,"[""Xtreme"", ""Gemini"", ""Ilias"", ""Denom"", ""Nivalis""]","[0.9205053448677063, 0.39876076579093933, 0.2395380288362503, 0.17822924256324768, 0.07812904566526413]"
1,centroid,1,610,Xtreme,Xtreme,"[""Xtreme"", ""Gemini"", ""Mytikas"", ""Steel_Wheel"", ""Triton""]","[0.8329088091850281, 0.22802734375, 0.21129514276981354, 0.13490962982177734, 0.10668117552995682]"
1,centroid,1,611,Xtreme,Xtreme,"[""Xtreme"", ""Gemini"", ""Steel_Wheel"", ""Nivalis"", ""Denom""]","[0.9125405550003052, 0.42308348417282104, 0.08364004641771317, 0.06993846595287323, 0.04168780893087387]"
2,centroid,1,0,Alaris,Alaris,"[""Alaris"", ""Alcatras"", ""Trius"", ""Braga"", ""Hawk""]","[0.9273050427436829, 0.7306903600692749, 0.6165348291397095, 0.6056296229362488, 0.481647789478302]"
2,centroid,1,1,Alaris,Alaris,"[""Alaris"", ""Alcatras"", ""Trius"", ""Braga"", ""Hawk""]","[0.9160023331642151, 0.8447469472885132, 0.6198939681053162, 0.4995967745780945, 0.4127403199672699]"
2,centroid,1,2,Alaris,Alaris,"[""Alaris"", ""Alcatras"", ""Turbine"", ""Hawk"", ""Trius""]","[0.6659613847732544, 0.5330781936645508, 0.5113481283187866, 0.39424389600753784, 0.31005972623825073]"
2,centroid,1,3,Alaris,Alaris,"[""Alaris"", ""Trius"", ""Alcatras"", ""Braga"", ""Hawk""]","[0.8426368236541748, 0.7846559882164001, 0.7637934684753418, 0.482601135969162, 0.46646222472190857]"
2,centroid,1,4,Alaris,Alaris,"[""Alaris"", ""Trius"", ""Braga"", ""Alcatras"", ""Triton""]","[0.8546262383460999, 0.7580369114875793, 0.6292663216590881, 0.581468939781189, 0.4214571714401245]"
2,centroid,1,5,Alaris,Alaris,"[""Alaris"", ""Trius"", ""Vega"", ""Alcatras"", ""Braga""]","[0.8813163042068481, 0.7083930969238281, 0.5891649127006531, 0.5867473483085632, 0.5403455495834351]"
2,centroid,1,6,Alaris,Alaris,"[""Alaris"", ""Braga"", ""Alcatras"", ""Trius"", ""Hawk""]","[0.7812505960464478, 0.6787635087966919, 0.5854821801185608, 0.5350710153579712, 0.5120376944541931]"
2,centroid,1,7,Alaris,Alaris,"[""Alaris"", ""Alcatras"", ""Trius"", ""Vega"", ""Triton""]","[0.8764499425888062, 0.704828679561615, 0.6713006496429443, 0.3793085217475891, 0.3684878647327423]"
2,centroid,1,8,Alaris,Alaris,"[""Alaris"", ""Alcatras"", ""Turbine"", ""Vega"", ""Trius""]","[0.8837056159973145, 0.6385858058929443, 0.5625848174095154, 0.5538544654846191, 0.45027172565460205]"
2,centroid,1,9,Alaris,Alaris,"[""Alaris"", ""Alcatras"", ""Trius"", ""Braga"", ""Turbine""]","[0.9078422784805298, 0.8457984924316406, 0.5833677649497986, 0.564397394657135, 0.465842604637146]"
2,centroid,1,10,Alaris,Trius,"[""Trius"", ""Alaris"", ""Vega"", ""Gemini"", ""Triton""]","[0.6989621520042419, 0.6203018426895142, 0.537035346031189, 0.5204792022705078, 0.47205162048339844]"
2,centroid,1,11,Alaris,Alcatras,"[""Alcatras"", ""Alaris"", ""Trius"", ""Braga"", ""Hawk""]","[0.8834975957870483, 0.7836918234825134, 0.5658584833145142, 0.5068488717079163, 0.4764348268508911]"
2,centroid,1,12,Alaris,Alaris,"[""Alaris"", ""Alcatras"", ""Trius"", ""Castor"", ""Turbine""]","[0.863925576210022, 0.7819247245788574, 0.5383626818656921, 0.5021815299987793, 0.4376722574234009]"
2,centroid,1,13,Alaris,Alaris,"[""Alaris"", ""Alcatras"", ""Trius"", ""Turbine"", ""Hawk""]","[0.9080860018730164, 0.6824154853820801, 0.564666748046875, 0.513572096824646, 0.4599483907222748]"
2,centroid,1,14,Alaris,Alaris,"[""Alaris"", ""Alcatras"", ""Turbine"", ""Trius"", ""Hawk""]","[0.7822949886322021, 0.6833765506744385, 0.5326550006866455, 0.4157777428627014, 0.39339378476142883]"
2,centroid,1,15,Alaris,Alaris,"[""Alaris"", ""Alcatras"", ""Turbine"", ""Hawk"", ""Vega""]","[0.8116623759269714, 0.6755787134170532, 0.5754982233047485, 0.4269900918006897, 0.42174530029296875]"
2,centroid,1,16,Alaris,Alaris,"[""Alaris"", ""Alcatras"", ""Turbine"", ""Hawk"", ""Braga""]","[0.9293936491012573, 0.8152945041656494, 0.5660912990570068, 0.5130486488342285, 0.5027238130569458]"
2,centroid,1,17,Alaris,Alaris,"[""Alaris"", ""Alcatras"", ""Trius"", ""Hawk"", ""Braga""]","[0.8876972794532776, 0.7916522026062012, 0.5211707353591919, 0.48917481303215027, 0.45486629009246826]"
2,centroid,1,18,Alaris,Alaris,"[""Alaris"", ""Alcatras"", ""Trius"", ""Hawk"", ""Mytikas""]","[0.8152114152908325, 0.6073024272918701, 0.5700017213821411, 0.37785279750823975, 0.2652648687362671]"
2,centroid,1,19,Alaris,Alaris,"[""Alaris"", ""Alcatras"", ""Trius"", ""Turbine"", ""Hawk""]","[0.8458614349365234, 0.7096178531646729, 0.6216654181480408, 0.5236769318580627, 0.46096938848495483]"
2,centroid,1,20,Alaris,Alaris,"[""Alaris"", ""Alcatras"", ""Trius"", ""Triton"", ""Mytikas""]","[0.8076021671295166, 0.7976402044296265, 0.7083072662353516, 0.41786932945251465, 0.39092373847961426]"
2,centroid,1,21,Alaris,Trius,"[""Trius"", ""Alaris"", ""Braga"", ""Vega"", ""Alcatras""]","[0.8459476232528687, 0.7688989639282227, 0.6377612352371216, 0.5864139795303345, 0.5334756374359131]"
2,centroid,1,22,Alaris,Alaris,"[""Alaris"", ""Alcatras"", ""Hawk"", ""Turbine"", ""Castor""]","[0.8130423426628113, 0.7162238359451294, 0.5427150726318359, 0.5150481462478638, 0.38282907009124756]"
2,centroid,1,23,Alaris,Alaris,"[""Alaris"", ""Alcatras"", ""Trius"", ""Triton"", ""Braga""]","[0.811564564704895, 0.794481098651886, 0.7894572019577026, 0.6337964534759521, 0.6286464333534241]"
2,centroid,1,24,Alaris,Alaris,"[""Alaris"", ""Trius"", ""Alcatras"", ""Turbine"", ""Braga""]","[0.8913257122039795, 0.7040050029754639, 0.6881133317947388, 0.5807723999023438, 0.5697982311248779]"
2,centroid,1,25,Alaris,Alaris,"[""Alaris"", ""Vega"", ""Alcatras"", ""Trius"", ""Turbine""]","[0.8485588431358337, 0.5796132683753967, 0.5677390098571777, 0.5354046821594238, 0.4109819233417511]"
2,centroid,1,26,Alaris,Alaris,"[""Alaris"", ""Trius"", ""Alcatras"", ""Vega"", ""Hawk""]","[0.9228719472885132, 0.6482505798339844, 0.6036832928657532, 0.4790256917476654, 0.45394453406333923]"
2,centroid,1,27,Alaris,Alaris,"[""Alaris"", ""Alcatras"", ""Trius"", ""Turbine"", ""Hawk""]","[0.8769471645355225, 0.6913726925849915, 0.6643252968788147, 0.6098926067352295, 0.4540341794490814]"
2,centroid,1,28,Alcatras,Alcatras,"[""Alcatras"", ""Alaris"", ""Trius"", ""Castor"", ""Mytikas""]","[0.9054535627365112, 0.7405780553817749, 0.6842586994171143, 0.6678099632263184, 0.6667928099632263]"
2,centroid,1,29,Alcatras,Alcatras,"[""Alcatras"", ""Braga"", ""Turbine"", ""Alaris"", ""Hawk""]","[0.798508882522583, 0.7402210235595703, 0.6612853407859802, 0.6285005211830139, 0.5664258003234863]"
2,centroid,1,30,Alcatras,Alcatras,"[""Alcatras"", ""Mytikas"", ""Triton"", ""Castor"", ""Alaris""]","[0.8522313237190247, 0.5997294187545776, 0.5746796727180481, 0.5706353783607483, 0.5381914377212524]"
2,centroid,1,31,Alcatras,Alcatras,"[""Alcatras"", ""Alaris"", ""Braga"", ""Mytikas"", ""Triton""]","[0.8969177007675171, 0.6972514390945435, 0.6598787307739258, 0.6463851928710938, 0.6122461557388306]"
2,centroid,1,32,Alcatras,Alcatras,"[""Alcatras"", ""Alaris"", ""Braga"", ""Hawk"", ""Trius""]","[0.904873251914978, 0.7473863363265991, 0.6246289014816284, 0.5294930934906006, 0.47393858432769775]"
2,centroid,1,33,Alcatras,Alcatras,"[""Alcatras"", ""Alaris"", ""Castor"", ""Triton"", ""Turbine""]","[0.8923898935317993, 0.6861644983291626, 0.6715977191925049, 0.578295111656189, 0.5769619941711426]"
2,centroid,1,34,Alcatras,Castor,"[""Castor"", ""Mytikas"", ""Triton"", ""Alcatras"", ""Braga""]","[0.7029852271080017, 0.6990489363670349, 0.6767452359199524, 0.6711837649345398, 0.5443152189254761]"
2,centroid,1,35,Alcatras,Alcatras,"[""Alcatras"", ""Braga"", ""Castor"", ""Alaris"", ""Mytikas""]","[0.8752474784851074, 0.7554231882095337, 0.710607647895813, 0.6557679176330566, 0.5641879439353943]"
2,centroid,1,36,Alcatras,Alcatras,"[""Alcatras"", ""Turbine"", ""Alaris"", ""Castor"", ""Hawk""]","[0.7902671694755554, 0.7291984558105469, 0.7097223997116089, 0.6750813126564026, 0.5088840126991272]"
2,centroid,1,37,Alcatras,Alcatras,"[""Alcatras"", ""Alaris"", ""Trius"", ""Braga"", ""Castor""]","[0.8448829650878906, 0.7693797945976257, 0.627623438835144, 0.6201918125152588, 0.5514379739761353]"
2,centroid,1,38,Alcatras,Alaris,"[""Alaris"", ""Alcatras"", ""Hawk"", ""Gemini"", ""Trius""]","[0.6010817289352417, 0.5123324394226074, 0.3763047456741333, 0.3555225431919098, 0.3198397159576416]"
2,centroid,1,39,Alcatras,Mytikas,"[""Mytikas"", ""Castor"", ""Triton"", ""Alcatras"", ""Velorum""]","[0.5970379114151001, 0.5885363221168518, 0.5736498832702637, 0.5157653093338013, 0.4733284115791321]"
2,centroid,1,40,Alcatras,Alcatras,"[""Alcatras"", ""Alaris"", ""Castor"", ""Trius"", ""Turbine""]","[0.849960207939148, 0.7527196407318115, 0.6802263855934143, 0.6308257579803467, 0.6283738613128662]"
2,centroid,1,41,Alcatras,Alcatras,"[""Alcatras"", ""Alaris"", ""Castor"", ""Braga"", ""Mytikas""]","[0.8769612312316895, 0.6109322905540466, 0.5556660890579224, 0.5426328182220459, 0.5337414741516113]"
2,centroid,1,42,Alcatras,Alcatras,"[""Alcatras"", ""Alaris"", ""Braga"", ""Trius"", ""Turbine""]","[0.8103271722793579, 0.7868882417678833, 0.7046960592269897, 0.6220564842224121, 0.5594993233680725]"
2,centroid,1,43,Alcatras,Alcatras,"[""Alcatras"", ""Castor"", ""Turbine"", ""Mytikas"", ""Triton""]","[0.8758763074874878, 0.7321109771728516, 0.6909277439117432, 0.6604719161987305, 0.637126088142395]"
2,centroid,1,44,Alcatras,Alcatras,"[""Alcatras"", ""Alaris"", ""Braga"", ""Castor"", ""Triton""]","[0.8776830434799194, 0.6154492497444153, 0.5555392503738403, 0.5498169660568237, 0.5301210880279541]"
2,centroid,1,45,Alcatras,Alcatras,"[""Alcatras"", ""Castor"", ""Braga"", ""Alaris"", ""Mytikas""]","[0.8814153671264648, 0.7149370908737183, 0.6537493467330933, 0.5903462767601013, 0.5237634778022766]"
2,centroid,1,46,Alcatras,Alcatras,"[""Alcatras"", ""Braga"", ""Alaris"", ""Castor"", ""Mytikas""]","[0.939420223236084, 0.6909909248352051, 0.6841768622398376, 0.6477056741714478, 0.530731201171875]"
2,centroid,1,47,Alcatras,Alcatras,"[""Alcatras"", ""Mytikas"", ""Castor"", ""Triton"", ""Braga""]","[0.8455391526222229, 0.7921552658081055, 0.7513095140457153, 0.6949350833892822, 0.6075258255004883]"
2,centroid,1,48,Alcatras,Alcatras,"[""Alcatras"", ""Triton"", ""Mytikas"", ""Castor"", ""Turbine""]","[0.8852173089981079, 0.7446737885475159, 0.7239428758621216, 0.6747150421142578, 0.6257739067077637]"
2,centroid,1,49,Alcatras,Trius,"[""Trius"", ""Braga"", ""Velorum"", ""Gemini"", ""Triton""]","[0.6439180970191956, 0.5489892363548279, 0.5448637008666992, 0.5295220613479614, 0.505933403968811]"
2,centroid,1,50,Alcatras,Alcatras,"[""Alcatras"", ""Alaris"", ""Braga"", ""Trius"", ""Castor""]","[0.8775030374526978, 0.801316499710083, 0.5286359786987305, 0.5270423889160156, 0.4629945456981659]"
2,centroid,1,51,Alcatras,Alcatras,"[""Alcatras"", ""Alaris"", ""Braga"", ""Trius"", ""Mytikas""]","[0.8382651805877686, 0.7704482078552246, 0.5937864780426025, 0.5432971715927124, 0.5247659087181091]"
2,centroid,1,52,Alcatras,Alcatras,"[""Alcatras"", ""Castor"", ""Alaris"", ""Braga"", ""Trius""]","[0.8671046495437622, 0.7172300815582275, 0.5080842971801758, 0.4975595474243164, 0.49706214666366577]"
2,centroid,1,53,Alcatras,Alcatras,"[""Alcatras"", ""Alaris"", ""Castor"", ""Turbine"", ""Braga""]","[0.8282607793807983, 0.7994757890701294, 0.6925146579742432, 0.6756870746612549, 0.5714976191520691]"
2,centroid,1,54,Braga,Alaris,"[""Alaris"", ""Braga"", ""Hawk"", ""Castor"", ""Alcatras""]","[0.6963844895362854, 0.6744817495346069, 0.5412907600402832, 0.5256608128547668, 0.5127706527709961]"
2,centroid,1,55,Braga,Turbine,"[""Turbine"", ""Braga"", ""Triton"", ""Mytikas"", ""Alcatras""]","[0.7831762433052063, 0.7779094576835632, 0.7071064710617065, 0.6281179189682007, 0.6264537572860718]"
2,centroid,1,56,Braga,Alcatras,"[""Alcatras"", ""Braga"", ""Castor"", ""Alaris"", ""Mytikas""]","[0.7981863617897034, 0.7820151448249817, 0.6427657604217529, 0.6263353228569031, 0.5147980451583862]"
2,centroid,1,57,Braga,Braga,"[""Braga"", ""Vega"", ""Gemini"", ""Turbine"", ""Trius""]","[0.6827477216720581, 0.5549536943435669, 0.44364625215530396, 0.3965187668800354, 0.334105521440506]"
2,centroid,1,58,Braga,Braga,"[""Braga"", ""Castor"", ""Alcatras"", ""Mytikas"", ""Triton""]","[0.8479785323143005, 0.7204750776290894, 0.6904489994049072, 0.6732439994812012, 0.6588838696479797]"
2,centroid,1,59,Braga,Braga,"[""Braga"", ""Triton"", ""Trius"", ""Mytikas"", ""Castor""]","[0.7630593776702881, 0.7491669058799744, 0.6565613746643066, 0.6130689382553101, 0.5682329535484314]"
2,centroid,1,60,Braga,Braga,"[""Braga"", ""Hawk"", ""Turbine"", ""Vega"", ""Alaris""]","[0.7695544958114624, 0.7663013339042664, 0.5952985286712646, 0.48470696806907654, 0.458088219165802]"
2,centroid,1,61,Braga,Braga,"[""Braga"", ""Gemini"", ""Vega"", ""Xtreme"", ""Trius""]","[0.6897010803222656, 0.6627606153488159, 0.4196208119392395, 0.33132532238960266, 0.25004446506500244]"
2,centroid,1,62,Braga,Braga,"[""Braga"", ""Turbine"", ""Gemini"", ""Vega"", ""Hawk""]","[0.7040698528289795, 0.5117132663726807, 0.5091454982757568, 0.41504430770874023, 0.3798379898071289]"
2,centroid,1,63,Braga,Alcatras,"[""Alcatras"", ""Alaris"", ""Braga"", ""Turbine"", ""Trius""]","[0.8803992867469788, 0.852236807346344, 0.7051624655723572, 0.6287083625793457, 0.6248977184295654]"
2,centroid,1,64,Braga,Braga,"[""Braga"", ""Triton"", ""Vega"", ""Trius"", ""Gemini""]","[0.8965259790420532, 0.5831578969955444, 0.5732817053794861, 0.5317988991737366, 0.517819881439209]"
2,centroid,1,65,Braga,Braga,"[""Braga"", ""Alcatras"", ""Castor"", ""Turbine"", ""Alaris""]","[0.8302891850471497, 0.5602825880050659, 0.5246995687484741, 0.49596256017684937, 0.49475985765457153]"
2,centroid,1,66,Braga,Braga,"[""Braga"", ""Triton"", ""Trius"", ""Mytikas"", ""Alcatras""]","[0.816482424736023, 0.7967655062675476, 0.7389756441116333, 0.6870488524436951, 0.49703672528266907]"
2,centroid,1,67,Braga,Braga,"[""Braga"", ""Trius"", ""Alaris"", ""Turbine"", ""Alcatras""]","[0.845565915107727, 0.7639858722686768, 0.7561967372894287, 0.6847498416900635, 0.6729367971420288]"
2,centroid,1,68,Braga,Braga,"[""Braga"", ""Alaris"", ""Turbine"", ""Hawk"", ""Castor""]","[0.8177378177642822, 0.6224876642227173, 0.547698438167572, 0.5137576460838318, 0.5057438611984253]"
2,centroid,1,69,Braga,Braga,"[""Braga"", ""Castor"", ""Triton"", ""Mytikas"", ""Turbine""]","[0.8107302188873291, 0.5869477391242981, 0.4794400930404663, 0.44205838441848755, 0.42933332920074463]"
2,centroid,1,70,Braga,Braga,"[""Braga"", ""Triton"", ""Turbine"", ""Trius"", ""Mytikas""]","[0.9227563142776489, 0.6790202856063843, 0.6528592705726624, 0.6095481514930725, 0.5891467332839966]"
2,centroid,1,71,Braga,Braga,"[""Braga"", ""Turbine"", ""Castor"", ""Alcatras"", ""Triton""]","[0.9357291460037231, 0.6993741989135742, 0.655144453048706, 0.5750673413276672, 0.5477830171585083]"
2,centroid,1,72,Braga,Braga,"[""Braga"", ""Vega"", ""Turbine"", ""Alaris"", ""Gemini""]","[0.8611652255058289, 0.6065775156021118, 0.5283228158950806, 0.48020604252815247, 0.45679399371147156]"
2,centroid,1,73,Braga,Braga,"[""Braga"", ""Hawk"", ""Vega"", ""Turbine"", ""Alaris""]","[0.8352747559547424, 0.6854251027107239, 0.6765334606170654, 0.5918172597885132, 0.5622438788414001]"
2,centroid,1,74,Braga,Braga,"[""Braga"", ""Gemini"", ""Triton"", ""Turbine"", ""Trius""]","[0.8447727560997009, 0.5592904686927795, 0.47881606221199036, 0.47690892219543457, 0.4477100372314453]"
2,centroid,1,75,Braga,Braga,"[""Braga"", ""Alaris"", ""Alcatras"", ""Trius"", ""Triton""]","[0.9065666794776917, 0.6889294981956482, 0.6628285050392151, 0.6626061201095581, 0.5051417350769043]"
2,centroid,1,76,Braga,Braga,"[""Braga"", ""Gemini"", ""Vega"", ""Hawk"", ""Trius""]","[0.8439488410949707, 0.6224200129508972, 0.6030614376068115, 0.5717266798019409, 0.5234602689743042]"
2,centroid,1,77,Braga,Braga,"[""Braga"", ""Alaris"", ""Trius"", ""Alcatras"", ""Triton""]","[0.9158817529678345, 0.6723194122314453, 0.6718421578407288, 0.5740852952003479, 0.553669273853302]"
2,centroid,1,78,Braga,Braga,"[""Braga"", ""Hawk"", ""Gemini"", ""Turbine"", ""Triton""]","[0.7581157088279724, 0.7430452108383179, 0.4401189088821411, 0.43887555599212646, 0.4301629662513733]"
2,centroid,1,79,Braga,Braga,"[""Braga"", ""Triton"", ""Trius"", ""Alcatras"", ""Castor""]","[0.8964220881462097, 0.7387213706970215, 0.6727800965309143, 0.6686062812805176, 0.6532201766967773]"
2,centroid,1,80,Braga,Braga,"[""Braga"", ""Gemini"", ""Triton"", ""Mytikas"", ""Turbine""]","[0.8039061427116394, 0.4715633988380432, 0.4195745587348938, 0.3984103798866272, 0.38672935962677]"
2,centroid,1,81,Braga,Braga,"[""Braga"", ""Hawk"", ""Gemini"", ""Vega"", ""Turbine""]","[0.7657440900802612, 0.6147500276565552, 0.5728380680084229, 0.5330603122711182, 0.51544588804245]"
2,centroid,1,82,Braga,Braga,"[""Braga"", ""Triton"", ""Mytikas"", ""Trius"", ""Castor""]","[0.8781248331069946, 0.6806434392929077, 0.6787015199661255, 0.5312048196792603, 0.5236314535140991]"
2,centroid,1,83,Braga,Braga,"[""Braga"", ""Mytikas"", ""Castor"", ""Triton"", ""Turbine""]","[0.7169486284255981, 0.66988205909729, 0.6245335936546326, 0.6207072138786316, 0.5071043968200684]"
2,centroid,1,84,Braga,Triton,"[""Triton"", ""Mytikas"", ""Braga"", ""Trius"", ""Castor""]","[0.815660834312439, 0.7320901155471802, 0.7101378440856934, 0.5896910429000854, 0.5575828552246094]"
2,centroid,1,85,Braga,Braga,"[""Braga"", ""Alaris"", ""Trius"", ""Turbine"", ""Castor""]","[0.8213793635368347, 0.6106922626495361, 0.6058850884437561, 0.4736288785934448, 0.45698022842407227]"
2,centroid,1,86,Braga,Braga,"[""Braga"", ""Trius"", ""Gemini"", ""Alaris"", ""Triton""]","[0.8371710777282715, 0.6831114292144775, 0.5977575778961182, 0.5082573890686035, 0.49783778190612793]"
2,centroid,1,87,Braga,Braga,"[""Braga"", ""Triton"", ""Castor"", ""Trius"", ""Alcatras""]","[0.8921875953674316, 0.6292213201522827, 0.5551905632019043, 0.5236030220985413, 0.4936612844467163]"
2,centroid,1,88,Braga,Braga,"[""Braga"", ""Hawk"", ""Turbine"", ""Triton"", ""Trius""]","[0.8257436156272888, 0.6440926790237427, 0.5875396728515625, 0.5644981265068054, 0.4842761754989624]"
2,centroid,1,89,Braga,Braga,"[""Braga"", ""Alaris"", ""Gemini"", ""Trius"", ""Turbine""]","[0.833185076713562, 0.5689612030982971, 0.5680845975875854, 0.5536234974861145, 0.44801580905914307]"
2,centroid,1,90,Braga,Braga,"[""Braga"", ""Castor"", ""Turbine"", ""Hawk"", ""Triton""]","[0.8639043569564819, 0.6398906707763672, 0.5504790544509888, 0.42235085368156433, 0.41294431686401367]"
2,centroid,1,91,Castor,Castor,"[""Castor"", ""Triton"", ""Alcatras"", ""Trius"", ""Mytikas""]","[0.8012109994888306, 0.7266921997070312, 0.7141974568367004, 0.6430526971817017, 0.6426405906677246]"
2,centroid,1,92,Castor,Castor,"[""Castor"", ""Alcatras"", ""Turbine"", ""Braga"", ""Triton""]","[0.9608165621757507, 0.6065216064453125, 0.6004961729049683, 0.5438815355300903, 0.4595215320587158]"
2,centroid,1,93,Castor,Castor,"[""Castor"", ""Triton"", ""Mytikas"", ""Turbine"", ""Braga""]","[0.8879310488700867, 0.6779571771621704, 0.6096097230911255, 0.5129207372665405, 0.4968860149383545]"
2,centroid,1,94,Castor,Castor,"[""Castor"", ""Mytikas"", ""Triton"", ""Braga"", ""Alcatras""]","[0.8992660045623779, 0.6043629050254822, 0.6037849187850952, 0.589443027973175, 0.4842260479927063]"
2,centroid,1,95,Castor,Castor,"[""Castor"", ""Turbine"", ""Alcatras"", ""Braga"", ""Mytikas""]","[0.8204929232597351, 0.5424078702926636, 0.4365602731704712, 0.40957099199295044, 0.3693971335887909]"
2,centroid,1,96,Castor,Castor,"[""Castor"", ""Turbine"", ""Alcatras"", ""Braga"", ""Mytikas""]","[0.9227864742279053, 0.6240593194961548, 0.5918833017349243, 0.47913768887519836, 0.34626561403274536]"
2,centroid,1,97,Castor,Velorum,"[""Velorum"", ""Triton"", ""Mytikas"", ""Trius"", ""Alcatras""]","[0.6640162467956543, 0.5872229933738708, 0.540066123008728, 0.4332863986492157, 0.4209991693496704]"
2,centroid,1,98,Castor,Castor,"[""Castor"", ""Alcatras"", ""Turbine"", ""Braga"", ""Mytikas""]","[0.9519246816635132, 0.6397268176078796, 0.6367009878158569, 0.5053054094314575, 0.44827020168304443]"
2,centroid,1,99,Castor,Castor,"[""Castor"", ""Mytikas"", ""Braga"", ""Triton"", ""Turbine""]","[0.7752165794372559, 0.4828259348869324, 0.4663832187652588, 0.38634780049324036, 0.36533260345458984]"
2,centroid,1,100,Castor,Castor,"[""Castor"", ""Alcatras"", ""Turbine"", ""Triton"", ""Mytikas""]","[0.8426073789596558, 0.7282700538635254, 0.5812322497367859, 0.5320035219192505, 0.42144590616226196]"
2,centroid,1,101,Castor,Castor,"[""Castor"", ""Alcatras"", ""Turbine"", ""Braga"", ""Mytikas""]","[0.9350036382675171, 0.668022871017456, 0.5411874055862427, 0.44938915967941284, 0.4337831139564514]"
2,centroid,1,102,Castor,Castor,"[""Castor"", ""Alcatras"", ""Braga"", ""Turbine"", ""Alaris""]","[0.9102003574371338, 0.6793234348297119, 0.5559740662574768, 0.52850741147995, 0.4503698945045471]"
2,centroid,1,103,Castor,Castor,"[""Castor"", ""Alcatras"", ""Braga"", ""Triton"", ""Mytikas""]","[0.729450523853302, 0.7003031969070435, 0.6961989402770996, 0.5955518484115601, 0.5422074794769287]"
2,centroid,1,104,Castor,Castor,"[""Castor"", ""Alcatras"", ""Turbine"", ""Braga"", ""Alaris""]","[0.8667161464691162, 0.7204466462135315, 0.5416678786277771, 0.5355322360992432, 0.44891056418418884]"
2,centroid,1,105,Castor,Castor,"[""Castor"", ""Alcatras"", ""Mytikas"", ""Triton"", ""Turbine""]","[0.7939620614051819, 0.693943977355957, 0.6543816328048706, 0.6376004219055176, 0.5356029868125916]"
2,centroid,1,106,Castor,Castor,"[""Castor"", ""Turbine"", ""Alcatras"", ""Braga"", ""Alaris""]","[0.9233565926551819, 0.7607111930847168, 0.6761965751647949, 0.5420773029327393, 0.42458826303482056]"
2,centroid,1,107,Castor,Castor,"[""Castor"", ""Turbine"", ""Alcatras"", ""Braga"", ""Triton""]","[0.9302777647972107, 0.6400813460350037, 0.4835048317909241, 0.44721972942352295, 0.4423713684082031]"
2,centroid,1,108,Castor,Castor,"[""Castor"", ""Turbine"", ""Alcatras"", ""Braga"", ""Alaris""]","[0.9149562120437622, 0.6322225332260132, 0.5335282683372498, 0.43007755279541016, 0.32964402437210083]"
2,centroid,1,109,Castor,Castor,"[""Castor"", ""Turbine"", ""Braga"", ""Triton"", ""Mytikas""]","[0.8383603692054749, 0.6592130064964294, 0.6576813459396362, 0.629128098487854, 0.5765920877456665]"
2,centroid,1,110,Castor,Castor,"[""Castor"", ""Mytikas"", ""Alcatras"", ""Turbine"", ""Triton""]","[0.8669337034225464, 0.6070088744163513, 0.6034616231918335, 0.6025296449661255, 0.4643709063529968]"
2,centroid,1,111,Castor,Castor,"[""Castor"", ""Alcatras"", ""Turbine"", ""Braga"", ""Triton""]","[0.8847492933273315, 0.7840909957885742, 0.7278351187705994, 0.5713293552398682, 0.5192871689796448]"
2,centroid,1,112,Castor,Alcatras,"[""Alcatras"", ""Castor"", ""Mytikas"", ""Turbine"", ""Alaris""]","[0.8475590944290161, 0.7374932765960693, 0.5355857014656067, 0.5030626654624939, 0.4860903024673462]"
2,centroid,1,113,Castor,Castor,"[""Castor"", ""Turbine"", ""Alcatras"", ""Braga"", ""Triton""]","[0.9448078870773315, 0.5959980487823486, 0.4984874725341797, 0.49173247814178467, 0.4298529326915741]"
2,centroid,1,114,Castor,Castor,"[""Castor"", ""Turbine"", ""Alcatras"", ""Mytikas"", ""Braga""]","[0.9139500856399536, 0.5866360068321228, 0.5815103650093079, 0.4410017132759094, 0.39882946014404297]"
2,centroid,1,115,Castor,Castor,"[""Castor"", ""Mytikas"", ""Triton"", ""Alcatras"", ""Trius""]","[0.8167986869812012, 0.7503726482391357, 0.7374746799468994, 0.5628396272659302, 0.4902050197124481]"
2,centroid,1,116,Castor,Castor,"[""Castor"", ""Turbine"", ""Alcatras"", ""Braga"", ""Triton""]","[0.9494591951370239, 0.6575275659561157, 0.5783172249794006, 0.5755243301391602, 0.44616076350212097]"
2,centroid,1,117,Castor,Alcatras,"[""Alcatras"", ""Castor"", ""Alaris"", ""Braga"", ""Turbine""]","[0.8939640522003174, 0.7297254800796509, 0.5925467014312744, 0.4805516302585602, 0.44962412118911743]"
2,centroid,1,118,Castor,Castor,"[""Castor"", ""Braga"", ""Alcatras"", ""Turbine"", ""Alaris""]","[0.9047313928604126, 0.6466201543807983, 0.6355090141296387, 0.5709567070007324, 0.4703397750854492]"
2,centroid,1,119,Castor,Castor,"[""Castor"", ""Braga"", ""Turbine"", ""Triton"", ""Alcatras""]","[0.9006770849227905, 0.5583723783493042, 0.5519561767578125, 0.4692007899284363, 0.403533011674881]"
2,centroid,1,120,Castor,Castor,"[""Castor"", ""Alcatras"", ""Braga"", ""Turbine"", ""Triton""]","[0.9578836560249329, 0.7100974917411804, 0.6886255741119385, 0.5951572060585022, 0.5380545854568481]"
2,centroid,1,121,Castor,Castor,"[""Castor"", ""Turbine"", ""Braga"", ""Alcatras"", ""Mytikas""]","[0.9004213809967041, 0.6581264734268188, 0.5501023530960083, 0.5333875417709351, 0.4110649824142456]"
2,centroid,1,122,Castor,Castor,"[""Castor"", ""Braga"", ""Alcatras"", ""Mytikas"", ""Triton""]","[0.8872050642967224, 0.6999279260635376, 0.6806631088256836, 0.629824161529541, 0.5620180368423462]"
2,centroid,1,123,Denom,Velorum,"[""Velorum"", ""Nivalis"", ""Ilias"", ""Ratikon"", ""Denom""]","[0.7635542154312134, 0.687980592250824, 0.6105388402938843, 0.5938161015510559, 0.5553764700889587]"
2,centroid,1,124,Denom,Velorum,"[""Velorum"", ""Ilias"", ""Denom"", ""Ratikon"", ""Nivalis""]","[0.7467466592788696, 0.7089303135871887, 0.6560299396514893, 0.5808967351913452, 0.49828487634658813]"
2,centroid,1,125,Denom,Denom,"[""Denom"", ""Nivalis"", ""Ratikon"", ""Ilias"", ""Velorum""]","[0.9196383953094482, 0.6851100921630859, 0.6462021470069885, 0.5780203342437744, 0.4227157235145569]"
2,centroid,1,126,Denom,Denom,"[""Denom"", ""Ratikon"", ""Nivalis"", ""Ilias"", ""Velorum""]","[0.9390578866004944, 0.764886736869812, 0.6665789484977722, 0.5248669385910034, 0.29375478625297546]"
2,centroid,1,127,Denom,Denom,"[""Denom"", ""Ratikon"", ""Nivalis"", ""Ilias"", ""Velorum""]","[0.8608640432357788, 0.5677827000617981, 0.4426264762878418, 0.24326038360595703, 0.06459638476371765]"
2,centroid,1,128,Denom,Denom,"[""Denom"", ""Ratikon"", ""Nivalis"", ""Ilias"", ""Velorum""]","[0.917975902557373, 0.6788586974143982, 0.4374513626098633, 0.40591001510620117, 0.12413156032562256]"
2,centroid,1,129,Denom,Denom,"[""Denom"", ""Nivalis"", ""Ratikon"", ""Ilias"", ""Velorum""]","[0.9093760251998901, 0.7409958243370056, 0.7282578945159912, 0.4972022473812103, 0.3342503309249878]"
2,centroid,1,130,Denom,Denom,"[""Denom"", ""Ratikon"", ""Ilias"", ""Nivalis"", ""Velorum""]","[0.9561967253684998, 0.5798346400260925, 0.48948368430137634, 0.48589611053466797, 0.3389866054058075]"
2,centroid,1,131,Denom,Denom,"[""Denom"", ""Ratikon"", ""Nivalis"", ""Ilias"", ""Velorum""]","[0.9349352717399597, 0.7220075726509094, 0.6101669073104858, 0.5067195892333984, 0.2870318293571472]"
2,centroid,1,132,Denom,Denom,"[""Denom"", ""Ratikon"", ""Nivalis"", ""Ilias"", ""Velorum""]","[0.8909744024276733, 0.7571330666542053, 0.6589818000793457, 0.6379485726356506, 0.43077462911605835]"
2,centroid,1,133,Denom,Denom,"[""Denom"", ""Ratikon"", ""Nivalis"", ""Ilias"", ""Velorum""]","[0.8296616077423096, 0.6416338682174683, 0.5912816524505615, 0.17327746748924255, -0.017336012795567513]"
2,centroid,1,134,Denom,Denom,"[""Denom"", ""Ratikon"", ""Nivalis"", ""Velorum"", ""Ilias""]","[0.7788827419281006, 0.7244564294815063, 0.3784771263599396, 0.3565840423107147, 0.3484073281288147]"
2,centroid,1,135,Denom,Ilias,"[""Ilias"", ""Denom"", ""Velorum"", ""Ratikon"", ""Trius""]","[0.7201597690582275, 0.6245478391647339, 0.622803270816803, 0.5308743715286255, 0.40589332580566406]"
2,centroid,1,136,Denom,Denom,"[""Denom"", ""Nivalis"", ""Ratikon"", ""Ilias"", ""Velorum""]","[0.9388399124145508, 0.6714442372322083, 0.6093229651451111, 0.41495752334594727, 0.4089672863483429]"
2,centroid,1,137,Denom,Velorum,"[""Velorum"", ""Nivalis"", ""Ilias"", ""Ratikon"", ""Denom""]","[0.7458987236022949, 0.7087817788124084, 0.5930531024932861, 0.5858020782470703, 0.49370789527893066]"
2,centroid,1,138,Denom,Ilias,"[""Ilias"", ""Velorum"", ""Denom"", ""Nivalis"", ""Ratikon""]","[0.7366827726364136, 0.6698088049888611, 0.5692156553268433, 0.5414314866065979, 0.49575936794281006]"
2,centroid,1,139,Denom,Denom,"[""Denom"", ""Nivalis"", ""Ratikon"", ""Ilias"", ""Velorum""]","[0.8706604242324829, 0.725714921951294, 0.6758084297180176, 0.42478105425834656, 0.13722558319568634]"
2,centroid,1,140,Denom,Denom,"[""Denom"", ""Nivalis"", ""Ratikon"", ""Velorum"", ""Ilias""]","[0.9202678203582764, 0.6361708641052246, 0.5506503582000732, 0.4928576946258545, 0.45745453238487244]"
2,centroid,1,141,Denom,Denom,"[""Denom"", ""Ilias"", ""Ratikon"", ""Nivalis"", ""Velorum""]","[0.9097152948379517, 0.6875072717666626, 0.6737912893295288, 0.6108584403991699, 0.5713040828704834]"
2,centroid,1,142,Denom,Denom,"[""Denom"", ""Nivalis"", ""Ratikon"", ""Ilias"", ""Velorum""]","[0.8328530192375183, 0.7180787324905396, 0.621321976184845, 0.574377179145813, 0.36897897720336914]"
2,centroid,1,143,Denom,Nivalis,"[""Nivalis"", ""Denom"", ""Ratikon"", ""Ilias"", ""Velorum""]","[0.7328119277954102, 0.696760892868042, 0.5842849612236023, 0.26051604747772217, 0.12453024834394455]"
2,centroid,1,144,Denom,Denom,"[""Denom"", ""Ratikon"", ""Ilias"", ""Nivalis"", ""Velorum""]","[0.8829988241195679, 0.7394286394119263, 0.5922228693962097, 0.5003824830055237, 0.47319290041923523]"
2,centroid,1,145,Denom,Denom,"[""Denom"", ""Ratikon"", ""Nivalis"", ""Ilias"", ""Velorum""]","[0.8817211389541626, 0.6391054391860962, 0.4734746217727661, 0.2971510887145996, 0.03728149086236954]"
2,centroid,1,146,Denom,Nivalis,"[""Nivalis"", ""Denom"", ""Ratikon"", ""Steel_Wheel"", ""Gemini""]","[0.4863586723804474, 0.46976974606513977, 0.26756423711776733, 0.07513280212879181, 0.04972141236066818]"
2,centroid,1,147,Denom,Denom,"[""Denom"", ""Nivalis"", ""Ratikon"", ""Velorum"", ""Ilias""]","[0.8486931920051575, 0.6996601819992065, 0.6409662961959839, 0.6177455186843872, 0.5917333364486694]"
2,centroid,1,148,Denom,Denom,"[""Denom"", ""Nivalis"", ""Ratikon"", ""Velorum"", ""Ilias""]","[0.8758184909820557, 0.642542839050293, 0.47914397716522217, 0.37572765350341797, 0.34188544750213623]"
2,centroid,1,149,Denom,Denom,"[""Denom"", ""Nivalis"", ""Ratikon"", ""Ilias"", ""Velorum""]","[0.9048919677734375, 0.6826296448707581, 0.6798025369644165, 0.3736340403556824, 0.36693495512008667]"
2,centroid,1,150,Denom,Denom,"[""Denom"", ""Ratikon"", ""Ilias"", ""Nivalis"", ""Velorum""]","[0.8717032074928284, 0.6583595275878906, 0.5563737154006958, 0.31768447160720825, 0.27518826723098755]"
2,centroid,1,151,Denom,Denom,"[""Denom"", ""Ratikon"", ""Nivalis"", ""Ilias"", ""Velorum""]","[0.9381411075592041, 0.6658669710159302, 0.613013505935669, 0.5786960124969482, 0.4952370226383209]"
2,centroid,1,152,Denom,Denom,"[""Denom"", ""Ratikon"", ""Nivalis"", ""Ilias"", ""Vega""]","[0.8157531023025513, 0.755111038684845, 0.479335755109787, 0.3422236442565918, 0.023907717317342758]"
2,centroid,1,153,Denom,Denom,"[""Denom"", ""Ratikon"", ""Nivalis"", ""Ilias"", ""Velorum""]","[0.8526294231414795, 0.7087256908416748, 0.6949629783630371, 0.4770369827747345, 0.24224995076656342]"
2,centroid,1,154,Denom,Velorum,"[""Velorum"", ""Ilias"", ""Nivalis"", ""Ratikon"", ""Denom""]","[0.8902257680892944, 0.6655771732330322, 0.5250774621963501, 0.5244138836860657, 0.42995184659957886]"
2,centroid,1,155,Denom,Velorum,"[""Velorum"", ""Nivalis"", ""Denom"", ""Ilias"", ""Ratikon""]","[0.7434645295143127, 0.7082163691520691, 0.690787672996521, 0.6783316135406494, 0.6639587879180908]"
2,centroid,1,156,Denom,Denom,"[""Denom"", ""Ratikon"", ""Ilias"", ""Nivalis"", ""Alaris""]","[0.7758972644805908, 0.7243938446044922, 0.3872522711753845, 0.2084691822528839, 0.08289962261915207]"
2,centroid,1,157,Denom,Denom,"[""Denom"", ""Ratikon"", ""Ilias"", ""Nivalis"", ""Velorum""]","[0.8755769729614258, 0.7931432723999023, 0.48962146043777466, 0.43409544229507446, 0.13722124695777893]"
2,centroid,1,158,Denom,Denom,"[""Denom"", ""Nivalis"", ""Ratikon"", ""Ilias"", ""Velorum""]","[0.9105244874954224, 0.7179650068283081, 0.6103598475456238, 0.48266085982322693, 0.37295210361480713]"
2,centroid,1,159,Denom,Denom,"[""Denom"", ""Nivalis"", ""Ratikon"", ""Velorum"", ""Ilias""]","[0.868665337562561, 0.7042784690856934, 0.5643216371536255, 0.39568114280700684, 0.372758686542511]"
2,centroid,1,160,Denom,Nivalis,"[""Nivalis"", ""Denom"", ""Ratikon"", ""Ilias"", ""Trius""]","[0.7580184936523438, 0.7344635725021362, 0.6599942445755005, 0.49837934970855713, 0.462814062833786]"
2,centroid,1,161,Gemini,Gemini,"[""Gemini"", ""Xtreme"", ""Vega"", ""Mytikas"", ""Trius""]","[0.8244940042495728, 0.5496094226837158, 0.2649881839752197, 0.2572486996650696, 0.2361278533935547]"
2,centroid,1,162,Gemini,Gemini,"[""Gemini"", ""Braga"", ""Vega"", ""Turbine"", ""Triton""]","[0.7410054802894592, 0.6696351766586304, 0.5820755958557129, 0.38558000326156616, 0.3430047631263733]"
2,centroid,1,163,Gemini,Gemini,"[""Gemini"", ""Trius"", ""Braga"", ""Triton"", ""Mytikas""]","[0.9150224924087524, 0.6433062553405762, 0.4800805151462555, 0.355354905128479, 0.2622208893299103]"
2,centroid,1,164,Gemini,Vega,"[""Vega"", ""Gemini"", ""Turbine"", ""Hawk"", ""Braga""]","[0.5258920788764954, 0.5003129243850708, 0.496275395154953, 0.3400211036205292, 0.3180830478668213]"
2,centroid,1,165,Gemini,Gemini,"[""Gemini"", ""Xtreme"", ""Vega"", ""Trius"", ""Braga""]","[0.878211498260498, 0.5498502850532532, 0.23853766918182373, 0.20581990480422974, 0.1909986138343811]"
2,centroid,1,166,Gemini,Xtreme,"[""Xtreme"", ""Gemini"", ""Denom"", ""Ilias"", ""Nivalis""]","[0.6671680212020874, 0.6453568935394287, 0.249368816614151, 0.1633179932832718, 0.149262934923172]"
2,centroid,1,167,Gemini,Gemini,"[""Gemini"", ""Trius"", ""Braga"", ""Ilias"", ""Denom""]","[0.8605106472969055, 0.49718889594078064, 0.33699172735214233, 0.2515828609466553, 0.2270248830318451]"
2,centroid,1,168,Gemini,Gemini,"[""Gemini"", ""Trius"", ""Vega"", ""Alaris"", ""Nivalis""]","[0.7327165603637695, 0.35694634914398193, 0.34283483028411865, 0.2728044092655182, 0.23806554079055786]"
2,centroid,1,169,Gemini,Gemini,"[""Gemini"", ""Xtreme"", ""Hawk"", ""Vega"", ""Braga""]","[0.8558569550514221, 0.41342461109161377, 0.33018940687179565, 0.3250473737716675, 0.14326202869415283]"
2,centroid,1,170,Gemini,Gemini,"[""Gemini"", ""Vega"", ""Xtreme"", ""Hawk"", ""Trius""]","[0.8544447422027588, 0.43504130840301514, 0.2157239019870758, 0.20972567796707153, 0.15269356966018677]"
2,centroid,1,171,Gemini,Gemini,"[""Gemini"", ""Vega"", ""Xtreme"", ""Braga"", ""Trius""]","[0.8875617980957031, 0.5142756700515747, 0.338294118642807, 0.17456114292144775, 0.09796963632106781]"
2,centroid,1,172,Gemini,Gemini,"[""Gemini"", ""Xtreme"", ""Vega"", ""Hawk"", ""Trius""]","[0.8754264116287231, 0.3697454631328583, 0.21640661358833313, 0.15125711262226105, 0.11527698487043381]"
2,centroid,1,173,Gemini,Gemini,"[""Gemini"", ""Trius"", ""Braga"", ""Vega"", ""Hawk""]","[0.8310941457748413, 0.534237802028656, 0.4792554974555969, 0.414384126663208, 0.37069952487945557]"
2,centroid,1,174,Gemini,Gemini,"[""Gemini"", ""Vega"", ""Braga"", ""Hawk"", ""Alaris""]","[0.7960641384124756, 0.5984194278717041, 0.5956817865371704, 0.44126349687576294, 0.40323662757873535]"
2,centroid,1,175,Gemini,Gemini,"[""Gemini"", ""Trius"", ""Braga"", ""Vega"", ""Triton""]","[0.8816332817077637, 0.572227954864502, 0.5449572801589966, 0.35813772678375244, 0.31815844774246216]"
2,centroid,1,176,Gemini,Gemini,"[""Gemini"", ""Alaris"", ""Trius"", ""Hawk"", ""Braga""]","[0.7389944195747375, 0.5536794662475586, 0.48817384243011475, 0.42790520191192627, 0.358717143535614]"
2,centroid,1,177,Gemini,Gemini,"[""Gemini"", ""Vega"", ""Xtreme"", ""Braga"", ""Hawk""]","[0.9338234066963196, 0.35353371500968933, 0.3474304676055908, 0.31801754236221313, 0.29873520135879517]"
2,centroid,1,178,Gemini,Gemini,"[""Gemini"", ""Xtreme"", ""Hawk"", ""Vega"", ""Steel_Wheel""]","[0.7185492515563965, 0.4871324896812439, 0.2620072364807129, 0.1547793298959732, 0.12405775487422943]"
2,centroid,1,179,Gemini,Gemini,"[""Gemini"", ""Trius"", ""Alaris"", ""Vega"", ""Ilias""]","[0.723602294921875, 0.48456281423568726, 0.36514154076576233, 0.22969399392604828, 0.16987791657447815]"
2,centroid,1,180,Gemini,Gemini,"[""Gemini"", ""Xtreme"", ""Vega"", ""Braga"", ""Hawk""]","[0.7966359853744507, 0.693987250328064, 0.09286569803953171, 0.046347856521606445, 0.003319632261991501]"
2,centroid,1,181,Gemini,Gemini,"[""Gemini"", ""Xtreme"", ""Vega"", ""Braga"", ""Hawk""]","[0.8567231893539429, 0.5195170640945435, 0.2901073694229126, 0.23917943239212036, 0.06155585125088692]"
2,centroid,1,182,Gemini,Braga,"[""Braga"", ""Gemini"", ""Alaris"", ""Trius"", ""Vega""]","[0.5744544863700867, 0.5484821200370789, 0.47833701968193054, 0.43994593620300293, 0.34906530380249023]"
2,centroid,1,183,Gemini,Gemini,"[""Gemini"", ""Vega"", ""Trius"", ""Denom"", ""Xtreme""]","[0.7932156920433044, 0.2722380459308624, 0.2430640459060669, 0.22659167647361755, 0.16407933831214905]"
2,centroid,1,184,Gemini,Gemini,"[""Gemini"", ""Xtreme"", ""Vega"", ""Trius"", ""Ilias""]","[0.8847076892852783, 0.5738131403923035, 0.24339908361434937, 0.0978502407670021, 0.08270729333162308]"
2,centroid,1,185,Gemini,Gemini,"[""Gemini"", ""Braga"", ""Vega"", ""Trius"", ""Denom""]","[0.6081458330154419, 0.40075719356536865, 0.3860100507736206, 0.37923741340637207, 0.2917757034301758]"
2,centroid,1,186,Gemini,Gemini,"[""Gemini"", ""Vega"", ""Xtreme"", ""Ilias"", ""Trius""]","[0.8464077115058899, 0.48852676153182983, 0.30578237771987915, 0.14255350828170776, 0.13677698373794556]"
2,centroid,1,187,Gemini,Gemini,"[""Gemini"", ""Trius"", ""Braga"", ""Velorum"", ""Xtreme""]","[0.7727673053741455, 0.38243457674980164, 0.35104936361312866, 0.2814320921897888, 0.2791001796722412]"
2,centroid,1,188,Hawk,Hawk,"[""Hawk"", ""Alaris"", ""Alcatras"", ""Turbine"", ""Braga""]","[0.8729554414749146, 0.7617975473403931, 0.5912877917289734, 0.5492573976516724, 0.49814069271087646]"
2,centroid,1,189,Hawk,Alaris,"[""Alaris"", ""Vega"", ""Braga"", ""Hawk"", ""Alcatras""]","[0.5031166672706604, 0.33307284116744995, 0.3258572220802307, 0.3223554491996765, 0.31028640270233154]"
2,centroid,1,190,Hawk,Hawk,"[""Hawk"", ""Turbine"", ""Vega"", ""Alaris"", ""Velorum""]","[0.8336466550827026, 0.34588292241096497, 0.312353253364563, 0.28125590085983276, 0.23109892010688782]"
2,centroid,1,191,Hawk,Hawk,"[""Hawk"", ""Alcatras"", ""Alaris"", ""Braga"", ""Turbine""]","[0.8798329830169678, 0.29276108741760254, 0.2576294541358948, 0.2530077397823334, 0.2417018860578537]"
2,centroid,1,192,Hawk,Hawk,"[""Hawk"", ""Turbine"", ""Vega"", ""Gemini"", ""Alaris""]","[0.6224555373191833, 0.6035119891166687, 0.511927604675293, 0.36508065462112427, 0.25797998905181885]"
2,centroid,1,193,Hawk,Hawk,"[""Hawk"", ""Vega"", ""Braga"", ""Turbine"", ""Alaris""]","[0.9356445074081421, 0.5433586835861206, 0.4812093675136566, 0.4517483115196228, 0.39346522092819214]"
2,centroid,1,194,Hawk,Hawk,"[""Hawk"", ""Braga"", ""Alaris"", ""Turbine"", ""Vega""]","[0.7922868132591248, 0.5601434707641602, 0.4779299199581146, 0.3303234577178955, 0.307754248380661]"
2,centroid,1,195,Hawk,Hawk,"[""Hawk"", ""Alaris"", ""Alcatras"", ""Turbine"", ""Braga""]","[0.947801947593689, 0.4988729655742645, 0.4550231993198395, 0.44859784841537476, 0.39566248655319214]"
2,centroid,1,196,Hawk,Hawk,"[""Hawk"", ""Alaris"", ""Vega"", ""Alcatras"", ""Braga""]","[0.9248379468917847, 0.5905068516731262, 0.4718742370605469, 0.4616914391517639, 0.3534841537475586]"
2,centroid,1,197,Hawk,Hawk,"[""Hawk"", ""Alaris"", ""Vega"", ""Alcatras"", ""Braga""]","[0.8246504068374634, 0.630041241645813, 0.6197750568389893, 0.5843456983566284, 0.5723571181297302]"
2,centroid,1,198,Hawk,Hawk,"[""Hawk"", ""Turbine"", ""Alaris"", ""Braga"", ""Vega""]","[0.8882852792739868, 0.47652938961982727, 0.34356194734573364, 0.33385562896728516, 0.2805185616016388]"
2,centroid,1,199,Hawk,Turbine,"[""Turbine"", ""Vega"", ""Braga"", ""Hawk"", ""Castor""]","[0.7641893029212952, 0.5413082242012024, 0.49093157052993774, 0.48773354291915894, 0.4261707663536072]"
2,centroid,1,200,Hawk,Hawk,"[""Hawk"", ""Alcatras"", ""Mytikas"", ""Alaris"", ""Velorum""]","[0.7524449825286865, 0.44984644651412964, 0.4091030955314636, 0.3689374029636383, 0.3490186929702759]"
2,centroid,1,201,Hawk,Hawk,"[""Hawk"", ""Turbine"", ""Alaris"", ""Braga"", ""Alcatras""]","[0.9327766299247742, 0.5513664484024048, 0.4972285330295563, 0.45559388399124146, 0.39580675959587097]"
2,centroid,1,202,Hawk,Hawk,"[""Hawk"", ""Turbine"", ""Alaris"", ""Vega"", ""Alcatras""]","[0.9264861345291138, 0.4675934910774231, 0.4391810894012451, 0.33484119176864624, 0.25735533237457275]"
2,centroid,1,203,Hawk,Hawk,"[""Hawk"", ""Alaris"", ""Alcatras"", ""Turbine"", ""Castor""]","[0.7484520673751831, 0.6449295282363892, 0.584307074546814, 0.47628939151763916, 0.28669771552085876]"
2,centroid,1,204,Hawk,Vega,"[""Vega"", ""Hawk"", ""Gemini"", ""Turbine"", ""Trius""]","[0.583193302154541, 0.5496439337730408, 0.4893740713596344, 0.4426385164260864, 0.4424194097518921]"
2,centroid,1,205,Hawk,Hawk,"[""Hawk"", ""Alaris"", ""Vega"", ""Alcatras"", ""Turbine""]","[0.9404226541519165, 0.5755826234817505, 0.41461798548698425, 0.41342252492904663, 0.40519949793815613]"
2,centroid,1,206,Hawk,Hawk,"[""Hawk"", ""Alaris"", ""Turbine"", ""Vega"", ""Braga""]","[0.9603897333145142, 0.4348453879356384, 0.4297436475753784, 0.38267797231674194, 0.3798227906227112]"
2,centroid,1,207,Hawk,Hawk,"[""Hawk"", ""Turbine"", ""Vega"", ""Braga"", ""Alaris""]","[0.887161374092102, 0.4127989411354065, 0.40541863441467285, 0.37131962180137634, 0.33079493045806885]"
2,centroid,1,208,Hawk,Hawk,"[""Hawk"", ""Braga"", ""Alaris"", ""Turbine"", ""Alcatras""]","[0.9264756441116333, 0.48362186551094055, 0.4417845606803894, 0.4041080176830292, 0.3813331723213196]"
2,centroid,1,209,Hawk,Hawk,"[""Hawk"", ""Vega"", ""Alcatras"", ""Alaris"", ""Turbine""]","[0.8870022296905518, 0.4607008695602417, 0.4167301654815674, 0.40819478034973145, 0.4012628197669983]"
2,centroid,1,210,Hawk,Hawk,"[""Hawk"", ""Alaris"", ""Turbine"", ""Braga"", ""Alcatras""]","[0.934453010559082, 0.577756404876709, 0.4806057810783386, 0.4493893086910248, 0.4157150983810425]"
2,centroid,1,211,Hawk,Hawk,"[""Hawk"", ""Braga"", ""Alaris"", ""Alcatras"", ""Gemini""]","[0.8845043182373047, 0.38145071268081665, 0.3532203435897827, 0.30596673488616943, 0.29225343465805054]"
2,centroid,1,212,Hawk,Hawk,"[""Hawk"", ""Vega"", ""Gemini"", ""Turbine"", ""Braga""]","[0.8585376143455505, 0.48607972264289856, 0.3977115750312805, 0.342206746339798, 0.26127222180366516]"
2,centroid,1,213,Hawk,Hawk,"[""Hawk"", ""Braga"", ""Turbine"", ""Alaris"", ""Vega""]","[0.8818968534469604, 0.46552205085754395, 0.43270599842071533, 0.3264986276626587, 0.30984196066856384]"
2,centroid,1,214,Ilias,Ilias,"[""Ilias"", ""Ratikon"", ""Denom"", ""Nivalis"", ""Velorum""]","[0.8383796215057373, 0.7869494557380676, 0.6362630128860474, 0.422821581363678, 0.4049304723739624]"
2,centroid,1,215,Ilias,Ilias,"[""Ilias"", ""Velorum"", ""Ratikon"", ""Denom"", ""Nivalis""]","[0.7278600931167603, 0.6323429942131042, 0.6211552023887634, 0.5605068802833557, 0.3584830164909363]"
2,centroid,1,216,Ilias,Ilias,"[""Ilias"", ""Ratikon"", ""Velorum"", ""Denom"", ""Nivalis""]","[0.9551137089729309, 0.6716800928115845, 0.6028892993927002, 0.5264934301376343, 0.44291552901268005]"
2,centroid,1,217,Ilias,Ilias,"[""Ilias"", ""Velorum"", ""Ratikon"", ""Denom"", ""Triton""]","[0.9163376092910767, 0.564495325088501, 0.4755169153213501, 0.35278451442718506, 0.2854391634464264]"
2,centroid,1,218,Ilias,Ilias,"[""Ilias"", ""Ratikon"", ""Denom"", ""Velorum"", ""Nivalis""]","[0.904011607170105, 0.6694341897964478, 0.47372907400131226, 0.3444116711616516, 0.29072538018226624]"
2,centroid,1,219,Ilias,Ilias,"[""Ilias"", ""Ratikon"", ""Velorum"", ""Triton"", ""Nivalis""]","[0.9334670305252075, 0.5234623551368713, 0.4170335531234741, 0.38541632890701294, 0.35365259647369385]"
2,centroid,1,220,Ilias,Ilias,"[""Ilias"", ""Velorum"", ""Ratikon"", ""Denom"", ""Nivalis""]","[0.9378973841667175, 0.6379920244216919, 0.5047770738601685, 0.4657284617424011, 0.4504656493663788]"
2,centroid,1,221,Ilias,Ilias,"[""Ilias"", ""Denom"", ""Gemini"", ""Nivalis"", ""Ratikon""]","[0.7710433006286621, 0.5387929677963257, 0.525898814201355, 0.4713386297225952, 0.4622238874435425]"
2,centroid,1,222,Ilias,Ilias,"[""Ilias"", ""Velorum"", ""Denom"", ""Ratikon"", ""Trius""]","[0.9183533191680908, 0.6209853887557983, 0.45893624424934387, 0.4569958746433258, 0.39233899116516113]"
2,centroid,1,223,Ilias,Ilias,"[""Ilias"", ""Velorum"", ""Trius"", ""Ratikon"", ""Triton""]","[0.722830057144165, 0.6800392270088196, 0.6084766387939453, 0.5246315598487854, 0.45881354808807373]"
2,centroid,1,224,Ilias,Velorum,"[""Velorum"", ""Ilias"", ""Denom"", ""Ratikon"", ""Nivalis""]","[0.7877086400985718, 0.7529618740081787, 0.6614410877227783, 0.6088689565658569, 0.5273135304450989]"
2,centroid,1,225,Ilias,Ilias,"[""Ilias"", ""Ratikon"", ""Velorum"", ""Denom"", ""Nivalis""]","[0.9218863844871521, 0.6390169858932495, 0.5565884113311768, 0.3253764510154724, 0.32020488381385803]"
2,centroid,1,226,Ilias,Ilias,"[""Ilias"", ""Velorum"", ""Ratikon"", ""Nivalis"", ""Triton""]","[0.7379752397537231, 0.5703509449958801, 0.3235315680503845, 0.19900327920913696, 0.14233970642089844]"
2,centroid,1,227,Ilias,Velorum,"[""Velorum"", ""Ilias"", ""Nivalis"", ""Ratikon"", ""Denom""]","[0.7964990139007568, 0.6609265804290771, 0.4183794856071472, 0.374173641204834, 0.23379100859165192]"
2,centroid,1,228,Ilias,Ilias,"[""Ilias"", ""Ratikon"", ""Denom"", ""Nivalis"", ""Velorum""]","[0.8137089610099792, 0.7749850153923035, 0.4943224787712097, 0.49034637212753296, 0.4320377707481384]"
2,centroid,1,229,Ilias,Ilias,"[""Ilias"", ""Ratikon"", ""Denom"", ""Velorum"", ""Triton""]","[0.8751920461654663, 0.658674955368042, 0.5453840494155884, 0.3622818887233734, 0.3067944347858429]"
2,centroid,1,230,Ilias,Turbine,"[""Turbine"", ""Vega"", ""Alaris"", ""Hawk"", ""Braga""]","[0.7872573137283325, 0.6648587584495544, 0.538034975528717, 0.47171643376350403, 0.40607142448425293]"
2,centroid,1,231,Ilias,Ilias,"[""Ilias"", ""Velorum"", ""Ratikon"", ""Denom"", ""Nivalis""]","[0.941778302192688, 0.5761874914169312, 0.5737521648406982, 0.5080842971801758, 0.44561558961868286]"
2,centroid,1,232,Ilias,Ilias,"[""Ilias"", ""Ratikon"", ""Denom"", ""Nivalis"", ""Velorum""]","[0.7811344861984253, 0.7579813003540039, 0.6498366594314575, 0.36157259345054626, 0.18113842606544495]"
2,centroid,1,233,Ilias,Ilias,"[""Ilias"", ""Denom"", ""Velorum"", ""Ratikon"", ""Trius""]","[0.7486381530761719, 0.7056021690368652, 0.5468959808349609, 0.5196535587310791, 0.3922109007835388]"
2,centroid,1,234,Ilias,Ilias,"[""Ilias"", ""Ratikon"", ""Denom"", ""Nivalis"", ""Velorum""]","[0.831375002861023, 0.6864700317382812, 0.616039514541626, 0.3564191460609436, 0.30901241302490234]"
2,centroid,1,235,Ilias,Velorum,"[""Velorum"", ""Ilias"", ""Trius"", ""Triton"", ""Denom""]","[0.7994046807289124, 0.7708647847175598, 0.45539459586143494, 0.42093801498413086, 0.4204445481300354]"
2,centroid,1,236,Ilias,Ilias,"[""Ilias"", ""Velorum"", ""Ratikon"", ""Triton"", ""Nivalis""]","[0.8317220211029053, 0.6730490922927856, 0.5519458651542664, 0.4969170391559601, 0.47796475887298584]"
2,centroid,1,237,Ilias,Ilias,"[""Ilias"", ""Velorum"", ""Ratikon"", ""Triton"", ""Denom""]","[0.9348845481872559, 0.6045989394187927, 0.5046006441116333, 0.4595101773738861, 0.4035568833351135]"
2,centroid,1,238,Ilias,Ilias,"[""Ilias"", ""Ratikon"", ""Denom"", ""Velorum"", ""Nivalis""]","[0.9470257759094238, 0.7173964381217957, 0.5904194712638855, 0.5526411533355713, 0.4771636128425598]"
2,centroid,1,239,Ilias,Ilias,"[""Ilias"", ""Ratikon"", ""Denom"", ""Nivalis"", ""Velorum""]","[0.8825024366378784, 0.7834824323654175, 0.6625845432281494, 0.5620524883270264, 0.43964797258377075]"
2,centroid,1,240,Ilias,Ilias,"[""Ilias"", ""Ratikon"", ""Velorum"", ""Denom"", ""Nivalis""]","[0.9196628928184509, 0.5922603607177734, 0.5393597483634949, 0.48354125022888184, 0.389980673789978]"
2,centroid,1,241,Ilias,Ilias,"[""Ilias"", ""Ratikon"", ""Triton"", ""Trius"", ""Mytikas""]","[0.8445770740509033, 0.5976738333702087, 0.5474507808685303, 0.4547325372695923, 0.42012256383895874]"
2,centroid,1,242,Ilias,Ilias,"[""Ilias"", ""Ratikon"", ""Denom"", ""Velorum"", ""Nivalis""]","[0.8484498858451843, 0.6540782451629639, 0.5484899282455444, 0.5194358229637146, 0.3441431522369385]"
2,centroid,1,243,Mytikas,Turbine,"[""Turbine"", ""Vega"", ""Mytikas"", ""Trius"", ""Triton""]","[0.6028871536254883, 0.5395023226737976, 0.5338189005851746, 0.4512348771095276, 0.44272667169570923]"
2,centroid,1,244,Mytikas,Mytikas,"[""Mytikas"", ""Triton"", ""Trius"", ""Braga"", ""Gemini""]","[0.7719299793243408, 0.7701500654220581, 0.6911500096321106, 0.6766140460968018, 0.5172849297523499]"
2,centroid,1,245,Mytikas,Triton,"[""Triton"", ""Mytikas"", ""Trius"", ""Ilias"", ""Velorum""]","[0.8314433693885803, 0.8116337060928345, 0.6073769330978394, 0.44864606857299805, 0.3229135572910309]"
2,centroid,1,246,Mytikas,Mytikas,"[""Mytikas"", ""Triton"", ""Trius"", ""Alcatras"", ""Alaris""]","[0.8718936443328857, 0.7278280258178711, 0.5663402080535889, 0.49030524492263794, 0.3927686810493469]"
2,centroid,1,247,Mytikas,Alaris,"[""Alaris"", ""Mytikas"", ""Castor"", ""Alcatras"", ""Triton""]","[0.6946454048156738, 0.6043850183486938, 0.5688756108283997, 0.5604743957519531, 0.5178413391113281]"
2,centroid,1,248,Mytikas,Mytikas,"[""Mytikas"", ""Triton"", ""Trius"", ""Alcatras"", ""Braga""]","[0.9060627222061157, 0.7591724395751953, 0.580957293510437, 0.5780186653137207, 0.5759686231613159]"
2,centroid,1,249,Mytikas,Mytikas,"[""Mytikas"", ""Triton"", ""Braga"", ""Castor"", ""Alcatras""]","[0.8519318103790283, 0.6342658996582031, 0.45438116788864136, 0.4194721281528473, 0.39584413170814514]"
2,centroid,1,250,Mytikas,Mytikas,"[""Mytikas"", ""Triton"", ""Ilias"", ""Alcatras"", ""Trius""]","[0.8435320854187012, 0.6144992113113403, 0.3899603486061096, 0.3814373016357422, 0.36778002977371216]"
2,centroid,1,251,Mytikas,Mytikas,"[""Mytikas"", ""Triton"", ""Castor"", ""Braga"", ""Turbine""]","[0.8372362852096558, 0.7461751699447632, 0.6555218696594238, 0.613559365272522, 0.5823569297790527]"
2,centroid,1,252,Mytikas,Vega,"[""Vega"", ""Mytikas"", ""Nivalis"", ""Turbine"", ""Gemini""]","[0.4687219262123108, 0.4210541844367981, 0.41663891077041626, 0.2963627278804779, 0.29470041394233704]"
2,centroid,1,253,Mytikas,Trius,"[""Trius"", ""Mytikas"", ""Triton"", ""Gemini"", ""Braga""]","[0.7425620555877686, 0.5454587936401367, 0.4793262183666229, 0.4599430561065674, 0.3144185543060303]"
2,centroid,1,254,Mytikas,Mytikas,"[""Mytikas"", ""Hawk"", ""Triton"", ""Turbine"", ""Braga""]","[0.6776201128959656, 0.5428956151008606, 0.4689885973930359, 0.4608026146888733, 0.3956567645072937]"
2,centroid,1,255,Mytikas,Mytikas,"[""Mytikas"", ""Trius"", ""Triton"", ""Braga"", ""Alcatras""]","[0.7735011577606201, 0.6878104209899902, 0.5574277639389038, 0.43913811445236206, 0.39022594690322876]"
2,centroid,1,256,Mytikas,Mytikas,"[""Mytikas"", ""Alcatras"", ""Braga"", ""Triton"", ""Alaris""]","[0.8105376958847046, 0.7159717082977295, 0.6324190497398376, 0.6254400610923767, 0.5669874548912048]"
2,centroid,1,257,Mytikas,Mytikas,"[""Mytikas"", ""Triton"", ""Alcatras"", ""Trius"", ""Castor""]","[0.955653190612793, 0.8320755958557129, 0.6596455574035645, 0.6256330013275146, 0.5135368704795837]"
2,centroid,1,258,Mytikas,Mytikas,"[""Mytikas"", ""Triton"", ""Trius"", ""Alcatras"", ""Velorum""]","[0.9221864342689514, 0.7619529962539673, 0.6561293005943298, 0.6260000467300415, 0.4222818613052368]"
2,centroid,1,259,Mytikas,Mytikas,"[""Mytikas"", ""Alcatras"", ""Triton"", ""Castor"", ""Turbine""]","[0.8284204006195068, 0.7361607551574707, 0.7021756172180176, 0.6855756044387817, 0.4949740767478943]"
2,centroid,1,260,Mytikas,Mytikas,"[""Mytikas"", ""Triton"", ""Alcatras"", ""Trius"", ""Velorum""]","[0.8472204208374023, 0.7540168166160583, 0.6215571165084839, 0.6119867563247681, 0.573028028011322]"
2,centroid,1,261,Mytikas,Mytikas,"[""Mytikas"", ""Gemini"", ""Triton"", ""Trius"", ""Braga""]","[0.5917628407478333, 0.5205925703048706, 0.4975402355194092, 0.39657407999038696, 0.3535158038139343]"
2,centroid,1,262,Mytikas,Triton,"[""Triton"", ""Mytikas"", ""Trius"", ""Turbine"", ""Alaris""]","[0.731844961643219, 0.7292277812957764, 0.6691048741340637, 0.5173362493515015, 0.5016233921051025]"
2,centroid,1,263,Mytikas,Mytikas,"[""Mytikas"", ""Triton"", ""Alcatras"", ""Trius"", ""Castor""]","[0.9369269013404846, 0.7900519371032715, 0.6836117506027222, 0.5553158521652222, 0.4901522696018219]"
2,centroid,1,264,Mytikas,Trius,"[""Trius"", ""Triton"", ""Mytikas"", ""Alcatras"", ""Turbine""]","[0.7823187112808228, 0.774457573890686, 0.7295244932174683, 0.6876403093338013, 0.6483808755874634]"
2,centroid,1,265,Mytikas,Mytikas,"[""Mytikas"", ""Triton"", ""Velorum"", ""Trius"", ""Braga""]","[0.8073350787162781, 0.7545663118362427, 0.5824387073516846, 0.5776848793029785, 0.4781017601490021]"
2,centroid,1,266,Mytikas,Mytikas,"[""Mytikas"", ""Triton"", ""Trius"", ""Velorum"", ""Braga""]","[0.8914809226989746, 0.8756346106529236, 0.6953241229057312, 0.548870325088501, 0.5303685665130615]"
2,centroid,1,267,Mytikas,Trius,"[""Trius"", ""Mytikas"", ""Gemini"", ""Triton"", ""Braga""]","[0.6998134851455688, 0.5512644052505493, 0.4816910922527313, 0.44155988097190857, 0.34399786591529846]"
2,centroid,1,268,Mytikas,Mytikas,"[""Mytikas"", ""Triton"", ""Velorum"", ""Trius"", ""Alcatras""]","[0.8137121200561523, 0.6483845710754395, 0.47836825251579285, 0.45650172233581543, 0.4376717209815979]"
2,centroid,1,269,Mytikas,Triton,"[""Triton"", ""Mytikas"", ""Castor"", ""Alcatras"", ""Trius""]","[0.8440391421318054, 0.8428686857223511, 0.7225901484489441, 0.5819374322891235, 0.5493524074554443]"
2,centroid,1,270,Mytikas,Mytikas,"[""Mytikas"", ""Trius"", ""Triton"", ""Velorum"", ""Braga""]","[0.8071901798248291, 0.6868734359741211, 0.6410620212554932, 0.41366836428642273, 0.3453632891178131]"
2,centroid,1,271,Nivalis,Nivalis,"[""Nivalis"", ""Ratikon"", ""Velorum"", ""Denom"", ""Ilias""]","[0.8181217312812805, 0.5541372895240784, 0.4230656027793884, 0.3874085545539856, 0.19166426360607147]"
2,centroid,1,272,Nivalis,Nivalis,"[""Nivalis"", ""Ratikon"", ""Denom"", ""Ilias"", ""Velorum""]","[0.8795417547225952, 0.7039930820465088, 0.6658124923706055, 0.6593778133392334, 0.6581679582595825]"
2,centroid,1,273,Nivalis,Nivalis,"[""Nivalis"", ""Ratikon"", ""Denom"", ""Ilias"", ""Velorum""]","[0.9199129343032837, 0.7050223350524902, 0.6166657209396362, 0.4768820106983185, 0.3625609874725342]"
2,centroid,1,274,Nivalis,Nivalis,"[""Nivalis"", ""Denom"", ""Ratikon"", ""Ilias"", ""Velorum""]","[0.7504606246948242, 0.7117999196052551, 0.6690794825553894, 0.5728277564048767, 0.44291752576828003]"
2,centroid,1,275,Nivalis,Nivalis,"[""Nivalis"", ""Velorum"", ""Ilias"", ""Triton"", ""Xtreme""]","[0.618921160697937, 0.5106256008148193, 0.34008556604385376, 0.300854355096817, 0.27430370450019836]"
2,centroid,1,276,Nivalis,Nivalis,"[""Nivalis"", ""Ilias"", ""Velorum"", ""Triton"", ""Mytikas""]","[0.7072150707244873, 0.6525509357452393, 0.6362243890762329, 0.5751398205757141, 0.5642020106315613]"
2,centroid,1,277,Nivalis,Nivalis,"[""Nivalis"", ""Ratikon"", ""Denom"", ""Ilias"", ""Vega""]","[0.8669503927230835, 0.5908975601196289, 0.36780065298080444, 0.3421359360218048, 0.26235947012901306]"
2,centroid,1,278,Nivalis,Nivalis,"[""Nivalis"", ""Velorum"", ""Denom"", ""Ratikon"", ""Ilias""]","[0.8083736896514893, 0.5396129488945007, 0.36519092321395874, 0.34945642948150635, 0.2990012764930725]"
2,centroid,1,279,Nivalis,Nivalis,"[""Nivalis"", ""Ratikon"", ""Denom"", ""Gemini"", ""Mytikas""]","[0.7498683929443359, 0.44141286611557007, 0.3050711452960968, 0.2776276171207428, 0.2724664807319641]"
2,centroid,1,280,Nivalis,Nivalis,"[""Nivalis"", ""Ratikon"", ""Denom"", ""Velorum"", ""Ilias""]","[0.811282217502594, 0.5093610286712646, 0.47309210896492004, 0.42550355195999146, 0.31784114241600037]"
2,centroid,1,281,Nivalis,Denom,"[""Denom"", ""Nivalis"", ""Ratikon"", ""Ilias"", ""Velorum""]","[0.8238269090652466, 0.8166401982307434, 0.7928081750869751, 0.475236177444458, 0.29146453738212585]"
2,centroid,1,282,Nivalis,Nivalis,"[""Nivalis"", ""Denom"", ""Ratikon"", ""Ilias"", ""Velorum""]","[0.9312102794647217, 0.6667068004608154, 0.5612086057662964, 0.5229600667953491, 0.4270947575569153]"
2,centroid,1,283,Nivalis,Nivalis,"[""Nivalis"", ""Denom"", ""Ratikon"", ""Ilias"", ""Velorum""]","[0.6911539435386658, 0.5172212719917297, 0.43190711736679077, 0.32980963587760925, 0.3174986243247986]"
2,centroid,1,284,Nivalis,Nivalis,"[""Nivalis"", ""Denom"", ""Velorum"", ""Ilias"", ""Ratikon""]","[0.7464998960494995, 0.6689780950546265, 0.47009292244911194, 0.3945307731628418, 0.3864688277244568]"
2,centroid,1,285,Nivalis,Denom,"[""Denom"", ""Nivalis"", ""Ratikon"", ""Ilias"", ""Velorum""]","[0.8323808908462524, 0.7259453535079956, 0.7146421670913696, 0.2686552405357361, 0.07376889884471893]"
2,centroid,1,286,Nivalis,Nivalis,"[""Nivalis"", ""Velorum"", ""Ratikon"", ""Denom"", ""Ilias""]","[0.8920876979827881, 0.45554542541503906, 0.39228135347366333, 0.3545312285423279, 0.33616024255752563]"
2,centroid,1,287,Nivalis,Nivalis,"[""Nivalis"", ""Denom"", ""Ratikon"", ""Xtreme"", ""Ilias""]","[0.7073758840560913, 0.28600063920021057, 0.26205265522003174, 0.1976444274187088, 0.10630109161138535]"
2,centroid,1,288,Nivalis,Nivalis,"[""Nivalis"", ""Ratikon"", ""Denom"", ""Velorum"", ""Ilias""]","[0.8912848234176636, 0.5733251571655273, 0.4924006462097168, 0.45734450221061707, 0.4038613438606262]"
2,centroid,1,289,Nivalis,Nivalis,"[""Nivalis"", ""Velorum"", ""Denom"", ""Ratikon"", ""Ilias""]","[0.8984283208847046, 0.6601779460906982, 0.43083012104034424, 0.4222088158130646, 0.3215315341949463]"
2,centroid,1,290,Nivalis,Denom,"[""Denom"", ""Ratikon"", ""Nivalis"", ""Ilias"", ""Velorum""]","[0.8483306765556335, 0.8086598515510559, 0.5137370228767395, 0.45442670583724976, 0.04830734431743622]"
2,centroid,1,291,Nivalis,Ratikon,"[""Ratikon"", ""Denom"", ""Ilias"", ""Velorum"", ""Trius""]","[0.555941104888916, 0.5542852878570557, 0.5246727466583252, 0.4313190281391144, 0.4242870509624481]"
2,centroid,1,292,Nivalis,Nivalis,"[""Nivalis"", ""Velorum"", ""Ratikon"", ""Ilias"", ""Denom""]","[0.840668797492981, 0.5067758560180664, 0.4299030601978302, 0.40532827377319336, 0.37359631061553955]"
2,centroid,1,293,Ratikon,Ratikon,"[""Ratikon"", ""Ilias"", ""Nivalis"", ""Denom"", ""Velorum""]","[0.8246344923973083, 0.753096342086792, 0.5540863275527954, 0.5394706726074219, 0.3757926821708679]"
2,centroid,1,294,Ratikon,Ratikon,"[""Ratikon"", ""Denom"", ""Nivalis"", ""Ilias"", ""Velorum""]","[0.8209104537963867, 0.6779142618179321, 0.48843705654144287, 0.43729913234710693, 0.16089415550231934]"
2,centroid,1,295,Ratikon,Ratikon,"[""Ratikon"", ""Denom"", ""Ilias"", ""Nivalis"", ""Velorum""]","[0.8912294507026672, 0.7622138261795044, 0.7188043594360352, 0.48081353306770325, 0.31298142671585083]"
2,centroid,1,296,Ratikon,Ratikon,"[""Ratikon"", ""Denom"", ""Nivalis"", ""Ilias"", ""Velorum""]","[0.7595224380493164, 0.6093167662620544, 0.5474984645843506, 0.5375041365623474, 0.33609724044799805]"
2,centroid,1,297,Ratikon,Ratikon,"[""Ratikon"", ""Denom"", ""Nivalis"", ""Ilias"", ""Velorum""]","[0.9414029717445374, 0.7925887107849121, 0.5735329389572144, 0.5669196844100952, 0.29632383584976196]"
2,centroid,1,298,Ratikon,Ratikon,"[""Ratikon"", ""Denom"", ""Nivalis"", ""Ilias"", ""Velorum""]","[0.8442103862762451, 0.805509090423584, 0.6206178665161133, 0.4906270503997803, 0.30006933212280273]"
2,centroid,1,299,Ratikon,Ratikon,"[""Ratikon"", ""Denom"", ""Ilias"", ""Nivalis"", ""Velorum""]","[0.895293653011322, 0.8690146207809448, 0.7084774374961853, 0.6059577465057373, 0.38446545600891113]"
2,centroid,1,300,Ratikon,Denom,"[""Denom"", ""Ratikon"", ""Ilias"", ""Nivalis"", ""Velorum""]","[0.7835662364959717, 0.6926700472831726, 0.34860897064208984, 0.30733391642570496, 0.04101825878024101]"
2,centroid,1,301,Ratikon,Denom,"[""Denom"", ""Nivalis"", ""Gemini"", ""Trius"", ""Ratikon""]","[0.5178371667861938, 0.3669470548629761, 0.35018816590309143, 0.2965126037597656, 0.19240638613700867]"
2,centroid,1,302,Ratikon,Denom,"[""Denom"", ""Ratikon"", ""Nivalis"", ""Ilias"", ""Velorum""]","[0.8128698468208313, 0.7340534329414368, 0.6743696331977844, 0.5081502795219421, 0.4607927203178406]"
2,centroid,1,303,Ratikon,Ratikon,"[""Ratikon"", ""Denom"", ""Nivalis"", ""Ilias"", ""Velorum""]","[0.8215591907501221, 0.814710259437561, 0.6672952771186829, 0.5132690668106079, 0.2157604694366455]"
2,centroid,1,304,Ratikon,Ratikon,"[""Ratikon"", ""Denom"", ""Ilias"", ""Nivalis"", ""Velorum""]","[0.9159387350082397, 0.7460256218910217, 0.6292060017585754, 0.48306936025619507, 0.2841383218765259]"
2,centroid,1,305,Ratikon,Ratikon,"[""Ratikon"", ""Denom"", ""Ilias"", ""Nivalis"", ""Trius""]","[0.8199125528335571, 0.6880954504013062, 0.5865122675895691, 0.5645147562026978, 0.32786306738853455]"
2,centroid,1,306,Ratikon,Ratikon,"[""Ratikon"", ""Ilias"", ""Nivalis"", ""Denom"", ""Velorum""]","[0.9188380241394043, 0.7257077097892761, 0.7074436545372009, 0.6133021116256714, 0.493379145860672]"
2,centroid,1,307,Ratikon,Ratikon,"[""Ratikon"", ""Denom"", ""Ilias"", ""Nivalis"", ""Velorum""]","[0.9160383343696594, 0.6867861747741699, 0.5942407846450806, 0.39744871854782104, 0.25132715702056885]"
2,centroid,1,308,Ratikon,Denom,"[""Denom"", ""Ratikon"", ""Nivalis"", ""Ilias"", ""Velorum""]","[0.8090004920959473, 0.7755072712898254, 0.5638179183006287, 0.43771037459373474, 0.3919071853160858]"
2,centroid,1,309,Ratikon,Ratikon,"[""Ratikon"", ""Ilias"", ""Velorum"", ""Denom"", ""Nivalis""]","[0.826370358467102, 0.7910953760147095, 0.6596932411193848, 0.5572459697723389, 0.45418819785118103]"
2,centroid,1,310,Ratikon,Ratikon,"[""Ratikon"", ""Denom"", ""Ilias"", ""Nivalis"", ""Velorum""]","[0.8828719854354858, 0.7396883964538574, 0.7272716164588928, 0.6001538038253784, 0.3151986002922058]"
2,centroid,1,311,Ratikon,Ratikon,"[""Ratikon"", ""Nivalis"", ""Denom"", ""Ilias"", ""Velorum""]","[0.9125698804855347, 0.7867852449417114, 0.7194697856903076, 0.6597542762756348, 0.42616426944732666]"
2,centroid,1,312,Ratikon,Ratikon,"[""Ratikon"", ""Denom"", ""Ilias"", ""Nivalis"", ""Velorum""]","[0.9568601846694946, 0.7077538967132568, 0.6213314533233643, 0.49768367409706116, 0.3020719885826111]"
2,centroid,1,313,Ratikon,Ratikon,"[""Ratikon"", ""Denom"", ""Ilias"", ""Nivalis"", ""Velorum""]","[0.9471608400344849, 0.6946245431900024, 0.6818737983703613, 0.4537530243396759, 0.3001794219017029]"
2,centroid,1,314,Ratikon,Ratikon,"[""Ratikon"", ""Ilias"", ""Denom"", ""Velorum"", ""Nivalis""]","[0.842089056968689, 0.7894206047058105, 0.753369927406311, 0.5762712359428406, 0.5473877191543579]"
2,centroid,1,315,Ratikon,Ratikon,"[""Ratikon"", ""Denom"", ""Ilias"", ""Nivalis"", ""Velorum""]","[0.7534801363945007, 0.7170010805130005, 0.6483584046363831, 0.4421517252922058, 0.4174511432647705]"
2,centroid,1,316,Ratikon,Ratikon,"[""Ratikon"", ""Ilias"", ""Denom"", ""Velorum"", ""Nivalis""]","[0.7852999567985535, 0.7782080769538879, 0.6657466292381287, 0.5741697549819946, 0.563880443572998]"
2,centroid,1,317,Ratikon,Denom,"[""Denom"", ""Ratikon"", ""Nivalis"", ""Trius"", ""Ilias""]","[0.8453453779220581, 0.6039338111877441, 0.5798736810684204, 0.3585984706878662, 0.3513603210449219]"
2,centroid,1,318,Ratikon,Ratikon,"[""Ratikon"", ""Ilias"", ""Denom"", ""Nivalis"", ""Alaris""]","[0.8497790098190308, 0.545100748538971, 0.39874276518821716, 0.3641153573989868, 0.23152638971805573]"
2,centroid,1,319,Ratikon,Ratikon,"[""Ratikon"", ""Denom"", ""Nivalis"", ""Ilias"", ""Velorum""]","[0.9335415363311768, 0.7325385212898254, 0.6215878129005432, 0.529987633228302, 0.17840206623077393]"
2,centroid,1,320,Ratikon,Denom,"[""Denom"", ""Ratikon"", ""Nivalis"", ""Ilias"", ""Velorum""]","[0.7711047530174255, 0.7682173252105713, 0.7223798036575317, 0.43137142062187195, 0.2651773691177368]"
2,centroid,1,321,Steel_Wheel,Steel_Wheel,"[""Steel_Wheel"", ""Xtreme"", ""Velorum"", ""Nivalis"", ""Denom""]","[0.9753115773200989, 0.09771257638931274, 0.02566034533083439, 0.019441239535808563, 0.014854921028017998]"
2,centroid,1,322,Steel_Wheel,Steel_Wheel,"[""Steel_Wheel"", ""Xtreme"", ""Nivalis"", ""Hawk"", ""Denom""]","[0.9619067907333374, 0.12101370841264725, 0.003974582999944687, -0.01451178640127182, -0.03147992491722107]"
2,centroid,1,323,Steel_Wheel,Steel_Wheel,"[""Steel_Wheel"", ""Xtreme"", ""Mytikas"", ""Alcatras"", ""Velorum""]","[0.9534555077552795, 0.12982599437236786, 0.04696447029709816, 0.034722816199064255, -0.0352066233754158]"
2,centroid,1,324,Steel_Wheel,Steel_Wheel,"[""Steel_Wheel"", ""Xtreme"", ""Velorum"", ""Denom"", ""Nivalis""]","[0.9542763829231262, 0.23776455223560333, -0.05666755512356758, -0.0617966502904892, -0.06808879226446152]"
2,centroid,1,325,Steel_Wheel,Steel_Wheel,"[""Steel_Wheel"", ""Velorum"", ""Nivalis"", ""Xtreme"", ""Mytikas""]","[0.8860358595848083, 0.2709588408470154, 0.2305905520915985, 0.1775422990322113, 0.16073563694953918]"
2,centroid,1,326,Steel_Wheel,Steel_Wheel,"[""Steel_Wheel"", ""Xtreme"", ""Nivalis"", ""Velorum"", ""Mytikas""]","[0.9399707317352295, 0.19185632467269897, 0.13130997121334076, 0.08191010355949402, 0.015546370297670364]"
2,centroid,1,327,Steel_Wheel,Steel_Wheel,"[""Steel_Wheel"", ""Xtreme"", ""Denom"", ""Nivalis"", ""Hawk""]","[0.8883587121963501, 0.08849122375249863, 0.055547550320625305, 0.004570432007312775, -0.014975395053625107]"
2,centroid,1,328,Steel_Wheel,Steel_Wheel,"[""Steel_Wheel"", ""Velorum"", ""Denom"", ""Ratikon"", ""Xtreme""]","[0.9200295209884644, 0.07148439437150955, 0.06582517921924591, 0.0383104532957077, 0.03371778503060341]"
2,centroid,1,329,Steel_Wheel,Steel_Wheel,"[""Steel_Wheel"", ""Alcatras"", ""Xtreme"", ""Castor"", ""Mytikas""]","[0.935333788394928, 0.09694577753543854, 0.04965534433722496, 0.014984133653342724, 0.011032657697796822]"
2,centroid,1,330,Steel_Wheel,Steel_Wheel,"[""Steel_Wheel"", ""Mytikas"", ""Xtreme"", ""Velorum"", ""Turbine""]","[0.9586634039878845, 0.11980977654457092, 0.10435754060745239, 0.06971902400255203, 0.004715375602245331]"
2,centroid,1,331,Steel_Wheel,Steel_Wheel,"[""Steel_Wheel"", ""Xtreme"", ""Velorum"", ""Denom"", ""Gemini""]","[0.9410642385482788, 0.15573781728744507, 0.016512522473931313, -0.013713224790990353, -0.028211649507284164]"
2,centroid,1,332,Steel_Wheel,Steel_Wheel,"[""Steel_Wheel"", ""Xtreme"", ""Nivalis"", ""Velorum"", ""Castor""]","[0.9290525913238525, 0.12550753355026245, 0.08491761982440948, 0.07271195948123932, -0.014158222824335098]"
2,centroid,1,333,Steel_Wheel,Steel_Wheel,"[""Steel_Wheel"", ""Ratikon"", ""Nivalis"", ""Xtreme"", ""Denom""]","[0.9066527485847473, 0.11684834957122803, 0.09284796565771103, 0.08203603327274323, 0.044496871531009674]"
2,centroid,1,334,Steel_Wheel,Steel_Wheel,"[""Steel_Wheel"", ""Xtreme"", ""Castor"", ""Alcatras"", ""Nivalis""]","[0.9599931240081787, 0.10803177952766418, 0.020311709493398666, 0.018781179562211037, -0.04557754844427109]"
2,centroid,1,335,Steel_Wheel,Steel_Wheel,"[""Steel_Wheel"", ""Alcatras"", ""Velorum"", ""Nivalis"", ""Ratikon""]","[0.9576601982116699, 0.05220838636159897, 0.03986779600381851, 0.038851507008075714, 0.02787080965936184]"
2,centroid,1,336,Steel_Wheel,Steel_Wheel,"[""Steel_Wheel"", ""Nivalis"", ""Velorum"", ""Denom"", ""Hawk""]","[0.955618143081665, 0.06222182512283325, 0.04046572372317314, 0.016954921185970306, 0.007104028016328812]"
2,centroid,1,337,Steel_Wheel,Steel_Wheel,"[""Steel_Wheel"", ""Xtreme"", ""Nivalis"", ""Velorum"", ""Ratikon""]","[0.9587370157241821, 0.1284371316432953, 0.08095011115074158, 0.07783915102481842, -0.027002422139048576]"
2,centroid,1,338,Steel_Wheel,Steel_Wheel,"[""Steel_Wheel"", ""Xtreme"", ""Mytikas"", ""Trius"", ""Alaris""]","[0.9371634721755981, 0.16652685403823853, 0.06843400746583939, 0.04898343235254288, 0.0295817032456398]"
2,centroid,1,339,Steel_Wheel,Steel_Wheel,"[""Steel_Wheel"", ""Xtreme"", ""Mytikas"", ""Alcatras"", ""Velorum""]","[0.9386552572250366, 0.19332073628902435, 0.10889379680156708, 0.09542817622423172, 0.023798387497663498]"
2,centroid,1,340,Steel_Wheel,Steel_Wheel,"[""Steel_Wheel"", ""Xtreme"", ""Velorum"", ""Nivalis"", ""Denom""]","[0.968834638595581, 0.09502146393060684, 0.004194693639874458, -0.011932194232940674, -0.030219312757253647]"
2,centroid,1,341,Steel_Wheel,Steel_Wheel,"[""Steel_Wheel"", ""Xtreme"", ""Velorum"", ""Nivalis"", ""Mytikas""]","[0.9304350018501282, 0.25009527802467346, 0.12764441967010498, 0.06168612092733383, 0.01756131649017334]"
2,centroid,1,342,Steel_Wheel,Steel_Wheel,"[""Steel_Wheel"", ""Xtreme"", ""Nivalis"", ""Gemini"", ""Turbine""]","[0.9334415793418884, 0.3103232979774475, 0.0551113598048687, -0.036462850868701935, -0.0708613395690918]"
2,centroid,1,343,Steel_Wheel,Steel_Wheel,"[""Steel_Wheel"", ""Nivalis"", ""Xtreme"", ""Velorum"", ""Denom""]","[0.9643068313598633, 0.06631365418434143, 0.06432534754276276, 0.009074056521058083, -0.04569241404533386]"
2,centroid,1,344,Steel_Wheel,Steel_Wheel,"[""Steel_Wheel"", ""Mytikas"", ""Trius"", ""Alcatras"", ""Castor""]","[0.8716078996658325, 0.09464438259601593, 0.05947213992476463, 0.05687102675437927, 0.031505659222602844]"
2,centroid,1,345,Steel_Wheel,Steel_Wheel,"[""Steel_Wheel"", ""Xtreme"", ""Velorum"", ""Nivalis"", ""Mytikas""]","[0.9658197164535522, 0.1318807303905487, 0.09657058864831924, 0.09539826214313507, 0.0435018353164196]"
2,centroid,1,346,Steel_Wheel,Steel_Wheel,"[""Steel_Wheel"", ""Nivalis"", ""Mytikas"", ""Velorum"", ""Trius""]","[0.942501425743103, 0.0718284621834755, 0.057650718837976456, 0.05286327749490738, 0.05117862671613693]"
2,centroid,1,347,Steel_Wheel,Steel_Wheel,"[""Steel_Wheel"", ""Turbine"", ""Xtreme"", ""Castor"", ""Mytikas""]","[0.9039590358734131, 0.10954070091247559, 0.09457917511463165, 0.024366609752178192, 0.010823985561728477]"
2,centroid,1,348,Steel_Wheel,Steel_Wheel,"[""Steel_Wheel"", ""Castor"", ""Alcatras"", ""Xtreme"", ""Turbine""]","[0.9570425748825073, 0.08837810903787613, 0.07827837020158768, 0.025381971150636673, 0.0047438666224479675]"
2,centroid,1,349,Steel_Wheel,Steel_Wheel,"[""Steel_Wheel"", ""Xtreme"", ""Gemini"", ""Turbine"", ""Hawk""]","[0.928484320640564, 0.24332423508167267, -0.01715051382780075, -0.05422137677669525, -0.07872474938631058]"
2,centroid,1,350,Steel_Wheel,Steel_Wheel,"[""Steel_Wheel"", ""Denom"", ""Trius"", ""Alaris"", ""Ratikon""]","[0.8688726425170898, 0.13994328677654266, 0.08368775248527527, 0.056879155337810516, 0.04260171204805374]"
2,centroid,1,351,Steel_Wheel,Steel_Wheel,"[""Steel_Wheel"", ""Alcatras"", ""Castor"", ""Velorum"", ""Xtreme""]","[0.960322380065918, 0.08479362726211548, 0.06957933306694031, 0.06720767915248871, 0.05873339623212814]"
2,centroid,1,352,Steel_Wheel,Steel_Wheel,"[""Steel_Wheel"", ""Xtreme"", ""Alcatras"", ""Ratikon"", ""Mytikas""]","[0.9335751533508301, 0.043238185346126556, 0.014793680980801582, -0.022861860692501068, -0.033637091517448425]"
2,centroid,1,353,Steel_Wheel,Steel_Wheel,"[""Steel_Wheel"", ""Xtreme"", ""Velorum"", ""Alcatras"", ""Nivalis""]","[0.9657670259475708, 0.2020355761051178, 0.01492285542190075, 0.005645342171192169, 0.002033088356256485]"
2,centroid,1,354,Steel_Wheel,Steel_Wheel,"[""Steel_Wheel"", ""Alaris"", ""Castor"", ""Velorum"", ""Alcatras""]","[0.7419846057891846, 0.1869809776544571, 0.1769007444381714, 0.16144153475761414, 0.1481654793024063]"
2,centroid,1,355,Steel_Wheel,Steel_Wheel,"[""Steel_Wheel"", ""Xtreme"", ""Mytikas"", ""Castor"", ""Alcatras""]","[0.9417928457260132, 0.24900630116462708, 0.026836764067411423, -0.016778824850916862, -0.02095218002796173]"
2,centroid,1,356,Triton,Triton,"[""Triton"", ""Mytikas"", ""Trius"", ""Alcatras"", ""Velorum""]","[0.9135252237319946, 0.752792477607727, 0.7068971395492554, 0.5145060420036316, 0.48303619027137756]"
2,centroid,1,357,Triton,Triton,"[""Triton"", ""Mytikas"", ""Trius"", ""Braga"", ""Alcatras""]","[0.9009667038917542, 0.8808963894844055, 0.692983865737915, 0.5589463114738464, 0.5209426283836365]"
2,centroid,1,358,Triton,Triton,"[""Triton"", ""Mytikas"", ""Trius"", ""Castor"", ""Turbine""]","[0.8267489075660706, 0.6136924028396606, 0.5971218347549438, 0.5194728374481201, 0.49562716484069824]"
2,centroid,1,359,Triton,Triton,"[""Triton"", ""Mytikas"", ""Alcatras"", ""Trius"", ""Turbine""]","[0.8309977054595947, 0.7711900472640991, 0.6334705352783203, 0.5901836156845093, 0.5600926876068115]"
2,centroid,1,360,Triton,Trius,"[""Trius"", ""Triton"", ""Velorum"", ""Mytikas"", ""Ilias""]","[0.6491568088531494, 0.6439436674118042, 0.6143401861190796, 0.40603217482566833, 0.3280715346336365]"
2,centroid,1,361,Triton,Triton,"[""Triton"", ""Mytikas"", ""Trius"", ""Braga"", ""Castor""]","[0.9202185869216919, 0.7859422564506531, 0.6068854928016663, 0.5846648216247559, 0.5493393540382385]"
2,centroid,1,362,Triton,Triton,"[""Triton"", ""Mytikas"", ""Trius"", ""Ilias"", ""Alcatras""]","[0.6517517566680908, 0.488284707069397, 0.44659262895584106, 0.44305548071861267, 0.3506793975830078]"
2,centroid,1,363,Triton,Mytikas,"[""Mytikas"", ""Triton"", ""Trius"", ""Alcatras"", ""Braga""]","[0.7615207433700562, 0.7203677296638489, 0.6881095170974731, 0.6539612412452698, 0.5723423957824707]"
2,centroid,1,364,Triton,Triton,"[""Triton"", ""Mytikas"", ""Trius"", ""Braga"", ""Castor""]","[0.7622603178024292, 0.6510475277900696, 0.42722347378730774, 0.3547019362449646, 0.29597166180610657]"
2,centroid,1,365,Triton,Triton,"[""Triton"", ""Mytikas"", ""Trius"", ""Velorum"", ""Castor""]","[0.9508631229400635, 0.8492894172668457, 0.664444088935852, 0.537238597869873, 0.5361971855163574]"
2,centroid,1,366,Triton,Triton,"[""Triton"", ""Mytikas"", ""Trius"", ""Castor"", ""Braga""]","[0.7420089244842529, 0.6910957098007202, 0.5552345514297485, 0.5225990414619446, 0.4596448540687561]"
2,centroid,1,367,Triton,Trius,"[""Trius"", ""Triton"", ""Mytikas"", ""Ilias"", ""Velorum""]","[0.6767435073852539, 0.6704128980636597, 0.525138795375824, 0.4844886362552643, 0.3046863079071045]"
2,centroid,1,368,Triton,Triton,"[""Triton"", ""Mytikas"", ""Alcatras"", ""Braga"", ""Castor""]","[0.9042733311653137, 0.8364165425300598, 0.6357294321060181, 0.6189113855361938, 0.610715925693512]"
2,centroid,1,369,Triton,Triton,"[""Triton"", ""Mytikas"", ""Castor"", ""Turbine"", ""Braga""]","[0.8731759786605835, 0.781974196434021, 0.547934889793396, 0.5417381525039673, 0.4736776351928711]"
2,centroid,1,370,Triton,Triton,"[""Triton"", ""Mytikas"", ""Castor"", ""Braga"", ""Alcatras""]","[0.8556768298149109, 0.8250762224197388, 0.6661868095397949, 0.6344652771949768, 0.5876206159591675]"
2,centroid,1,371,Triton,Triton,"[""Triton"", ""Mytikas"", ""Trius"", ""Braga"", ""Alcatras""]","[0.9469531178474426, 0.8228045701980591, 0.6509356498718262, 0.5711150169372559, 0.5282788872718811]"
2,centroid,1,372,Triton,Triton,"[""Triton"", ""Mytikas"", ""Castor"", ""Braga"", ""Alcatras""]","[0.9288864135742188, 0.897689938545227, 0.717334508895874, 0.6350247263908386, 0.6311227083206177]"
2,centroid,1,373,Triton,Triton,"[""Triton"", ""Mytikas"", ""Trius"", ""Castor"", ""Alcatras""]","[0.9116440415382385, 0.7320709824562073, 0.6633431911468506, 0.5671497583389282, 0.5550804734230042]"
2,centroid,1,374,Triton,Trius,"[""Trius"", ""Mytikas"", ""Vega"", ""Gemini"", ""Braga""]","[0.7173243761062622, 0.5299780368804932, 0.519625186920166, 0.5014666318893433, 0.46881622076034546]"
2,centroid,1,375,Triton,Triton,"[""Triton"", ""Trius"", ""Mytikas"", ""Braga"", ""Velorum""]","[0.804872989654541, 0.7902364134788513, 0.6748579144477844, 0.4170290231704712, 0.39892980456352234]"
2,centroid,1,376,Triton,Triton,"[""Triton"", ""Trius"", ""Mytikas"", ""Alcatras"", ""Velorum""]","[0.8783653378486633, 0.7236589789390564, 0.6985595226287842, 0.5475008487701416, 0.5442968606948853]"
2,centroid,1,377,Triton,Triton,"[""Triton"", ""Mytikas"", ""Castor"", ""Trius"", ""Velorum""]","[0.8984251022338867, 0.7475861310958862, 0.5561931133270264, 0.5436722040176392, 0.4394408166408539]"
2,centroid,1,378,Triton,Nivalis,"[""Nivalis"", ""Trius"", ""Gemini"", ""Vega"", ""Ratikon""]","[0.4746500849723816, 0.41862475872039795, 0.3648297190666199, 0.35811108350753784, 0.34731245040893555]"
2,centroid,1,379,Triton,Triton,"[""Triton"", ""Mytikas"", ""Trius"", ""Castor"", ""Braga""]","[0.8185459971427917, 0.7083849310874939, 0.5521290898323059, 0.5327334403991699, 0.4779069423675537]"
2,centroid,1,380,Triton,Triton,"[""Triton"", ""Mytikas"", ""Trius"", ""Castor"", ""Alcatras""]","[0.8799858093261719, 0.733363687992096, 0.6591587662696838, 0.6165904998779297, 0.586621880531311]"
2,centroid,1,381,Triton,Triton,"[""Triton"", ""Mytikas"", ""Velorum"", ""Castor"", ""Trius""]","[0.8936406970024109, 0.7219605445861816, 0.6078769564628601, 0.5987951159477234, 0.5625554323196411]"
2,centroid,1,382,Triton,Triton,"[""Triton"", ""Mytikas"", ""Trius"", ""Ilias"", ""Turbine""]","[0.8260213732719421, 0.7326385974884033, 0.6673653721809387, 0.5638618469238281, 0.5337778925895691]"
2,centroid,1,383,Triton,Trius,"[""Trius"", ""Mytikas"", ""Triton"", ""Alaris"", ""Braga""]","[0.7234328389167786, 0.6764767169952393, 0.6690244674682617, 0.6389385461807251, 0.6254464387893677]"
2,centroid,1,384,Triton,Triton,"[""Triton"", ""Mytikas"", ""Trius"", ""Alcatras"", ""Castor""]","[0.8656618595123291, 0.6724580526351929, 0.5871347188949585, 0.4746299088001251, 0.46415653824806213]"
2,centroid,1,385,Triton,Triton,"[""Triton"", ""Trius"", ""Mytikas"", ""Alcatras"", ""Alaris""]","[0.7575465440750122, 0.6964418888092041, 0.6806936860084534, 0.6193382143974304, 0.5790258646011353]"
2,centroid,1,386,Triton,Triton,"[""Triton"", ""Mytikas"", ""Braga"", ""Castor"", ""Alcatras""]","[0.83887779712677, 0.735223650932312, 0.6335880756378174, 0.5573949813842773, 0.5392042398452759]"
2,centroid,1,387,Triton,Triton,"[""Triton"", ""Mytikas"", ""Trius"", ""Braga"", ""Velorum""]","[0.8585373163223267, 0.6396171450614929, 0.5585293173789978, 0.4183516204357147, 0.3877742886543274]"
2,centroid,1,388,Triton,Trius,"[""Trius"", ""Gemini"", ""Mytikas"", ""Velorum"", ""Triton""]","[0.653650164604187, 0.5365208387374878, 0.4668272137641907, 0.40452903509140015, 0.36457204818725586]"
2,centroid,1,389,Triton,Triton,"[""Triton"", ""Mytikas"", ""Trius"", ""Braga"", ""Velorum""]","[0.9374486804008484, 0.7932243943214417, 0.7732586860656738, 0.5607621669769287, 0.49064433574676514]"
2,centroid,1,390,Triton,Triton,"[""Triton"", ""Mytikas"", ""Trius"", ""Alcatras"", ""Velorum""]","[0.8988356590270996, 0.8318198919296265, 0.7157011032104492, 0.5263874530792236, 0.48267391324043274]"
2,centroid,1,391,Triton,Triton,"[""Triton"", ""Mytikas"", ""Braga"", ""Trius"", ""Castor""]","[0.9302724599838257, 0.7339723110198975, 0.7002465128898621, 0.6487524509429932, 0.5377298593521118]"
2,centroid,1,392,Triton,Triton,"[""Triton"", ""Mytikas"", ""Trius"", ""Braga"", ""Castor""]","[0.926310122013092, 0.7847197651863098, 0.6922320127487183, 0.6189568638801575, 0.45486271381378174]"
2,centroid,1,393,Triton,Triton,"[""Triton"", ""Trius"", ""Mytikas"", ""Ilias"", ""Braga""]","[0.6071656942367554, 0.4200245440006256, 0.3698168992996216, 0.32707926630973816, 0.2335526943206787]"
2,centroid,1,394,Triton,Alcatras,"[""Alcatras"", ""Castor"", ""Braga"", ""Turbine"", ""Triton""]","[0.8327139019966125, 0.8311902284622192, 0.7167150974273682, 0.7028814554214478, 0.6650880575180054]"
2,centroid,1,395,Triton,Triton,"[""Triton"", ""Mytikas"", ""Braga"", ""Castor"", ""Turbine""]","[0.8135850429534912, 0.7281319499015808, 0.5932027101516724, 0.46707695722579956, 0.4220239520072937]"
2,centroid,1,396,Triton,Velorum,"[""Velorum"", ""Triton"", ""Castor"", ""Trius"", ""Mytikas""]","[0.7314954400062561, 0.6620187759399414, 0.5070623159408569, 0.48101577162742615, 0.471910297870636]"
2,centroid,1,397,Triton,Triton,"[""Triton"", ""Trius"", ""Mytikas"", ""Braga"", ""Gemini""]","[0.8121135234832764, 0.7034577131271362, 0.6628814339637756, 0.597521185874939, 0.5185369253158569]"
2,centroid,1,398,Triton,Triton,"[""Triton"", ""Mytikas"", ""Braga"", ""Castor"", ""Trius""]","[0.9025583863258362, 0.8004477620124817, 0.5988260507583618, 0.5442110300064087, 0.5043010711669922]"
2,centroid,1,399,Triton,Triton,"[""Triton"", ""Ilias"", ""Turbine"", ""Velorum"", ""Mytikas""]","[0.6671640872955322, 0.47556668519973755, 0.470040500164032, 0.46901512145996094, 0.40966296195983887]"
2,centroid,1,400,Triton,Triton,"[""Triton"", ""Mytikas"", ""Alcatras"", ""Trius"", ""Castor""]","[0.6981181502342224, 0.6556788682937622, 0.6469324827194214, 0.5920957326889038, 0.49511218070983887]"
2,centroid,1,401,Triton,Triton,"[""Triton"", ""Mytikas"", ""Velorum"", ""Trius"", ""Castor""]","[0.8942816853523254, 0.8524295687675476, 0.6777456402778625, 0.6760255098342896, 0.5283855199813843]"
2,centroid,1,402,Triton,Triton,"[""Triton"", ""Braga"", ""Turbine"", ""Trius"", ""Castor""]","[0.7738075852394104, 0.5981154441833496, 0.5958249568939209, 0.5914560556411743, 0.5627028942108154]"
2,centroid,1,403,Triton,Triton,"[""Triton"", ""Mytikas"", ""Trius"", ""Castor"", ""Braga""]","[0.9625266194343567, 0.8239871263504028, 0.6426013112068176, 0.5663423538208008, 0.5276057720184326]"
2,centroid,1,404,Triton,Triton,"[""Triton"", ""Trius"", ""Mytikas"", ""Alcatras"", ""Braga""]","[0.8393659591674805, 0.6752066612243652, 0.6581189036369324, 0.5378106236457825, 0.5159193277359009]"
2,centroid,1,405,Triton,Triton,"[""Triton"", ""Ilias"", ""Trius"", ""Velorum"", ""Mytikas""]","[0.6586568355560303, 0.45055943727493286, 0.4483743906021118, 0.41648828983306885, 0.4023650288581848]"
2,centroid,1,406,Triton,Triton,"[""Triton"", ""Mytikas"", ""Trius"", ""Velorum"", ""Braga""]","[0.8235690593719482, 0.6288491487503052, 0.6278420686721802, 0.5646965503692627, 0.5230990052223206]"
2,centroid,1,407,Triton,Triton,"[""Triton"", ""Mytikas"", ""Trius"", ""Alcatras"", ""Castor""]","[0.7848184108734131, 0.6316293478012085, 0.5283140540122986, 0.3983410596847534, 0.3965610861778259]"
2,centroid,1,408,Triton,Triton,"[""Triton"", ""Mytikas"", ""Castor"", ""Braga"", ""Trius""]","[0.8865866661071777, 0.7561154365539551, 0.5699064135551453, 0.5210714340209961, 0.4823320508003235]"
2,centroid,1,409,Trius,Trius,"[""Trius"", ""Triton"", ""Mytikas"", ""Velorum"", ""Gemini""]","[0.8420717716217041, 0.6563989520072937, 0.5781246423721313, 0.43438956141471863, 0.4170060157775879]"
2,centroid,1,410,Trius,Triton,"[""Triton"", ""Velorum"", ""Trius"", ""Mytikas"", ""Turbine""]","[0.7198117971420288, 0.6457031965255737, 0.6176586151123047, 0.5466725826263428, 0.46875202655792236]"
2,centroid,1,411,Trius,Trius,"[""Trius"", ""Triton"", ""Braga"", ""Mytikas"", ""Alcatras""]","[0.8035584688186646, 0.6780486702919006, 0.6598624587059021, 0.6191022396087646, 0.5909831523895264]"
2,centroid,1,412,Trius,Vega,"[""Vega"", ""Turbine"", ""Braga"", ""Trius"", ""Gemini""]","[0.6162656545639038, 0.48044484853744507, 0.4216702878475189, 0.3737683892250061, 0.3670695424079895]"
2,centroid,1,413,Trius,Trius,"[""Trius"", ""Gemini"", ""Triton"", ""Alaris"", ""Alcatras""]","[0.8640673160552979, 0.6050017476081848, 0.5767650008201599, 0.5674699544906616, 0.5335198044776917]"
2,centroid,1,414,Trius,Trius,"[""Trius"", ""Triton"", ""Mytikas"", ""Gemini"", ""Braga""]","[0.7854939103126526, 0.4797466993331909, 0.4737394452095032, 0.44763827323913574, 0.40474221110343933]"
2,centroid,1,415,Trius,Trius,"[""Trius"", ""Alaris"", ""Triton"", ""Braga"", ""Alcatras""]","[0.8992713689804077, 0.6246312260627747, 0.548414945602417, 0.5277166366577148, 0.47419464588165283]"
2,centroid,1,416,Trius,Trius,"[""Trius"", ""Braga"", ""Gemini"", ""Mytikas"", ""Triton""]","[0.7220589518547058, 0.6351140737533569, 0.5889012813568115, 0.5610251426696777, 0.46158820390701294]"
2,centroid,1,417,Trius,Trius,"[""Trius"", ""Triton"", ""Mytikas"", ""Alaris"", ""Alcatras""]","[0.8750948905944824, 0.5822286009788513, 0.5693767666816711, 0.4574880003929138, 0.4399845600128174]"
2,centroid,1,418,Trius,Trius,"[""Trius"", ""Triton"", ""Mytikas"", ""Velorum"", ""Alcatras""]","[0.7709944844245911, 0.7311108112335205, 0.6069877743721008, 0.5536196827888489, 0.5349389910697937]"
2,centroid,1,419,Trius,Trius,"[""Trius"", ""Triton"", ""Mytikas"", ""Alcatras"", ""Velorum""]","[0.8208738565444946, 0.7341015934944153, 0.5764555335044861, 0.559645414352417, 0.5564302206039429]"
2,centroid,1,420,Trius,Alaris,"[""Alaris"", ""Braga"", ""Alcatras"", ""Trius"", ""Vega""]","[0.7505556344985962, 0.5938467383384705, 0.5815817713737488, 0.5615744590759277, 0.44649046659469604]"
2,centroid,1,421,Trius,Triton,"[""Triton"", ""Mytikas"", ""Castor"", ""Braga"", ""Trius""]","[0.8265485763549805, 0.7348486185073853, 0.7311976552009583, 0.5144350528717041, 0.5059245228767395]"
2,centroid,1,422,Trius,Trius,"[""Trius"", ""Triton"", ""Gemini"", ""Vega"", ""Braga""]","[0.7351107597351074, 0.5245882868766785, 0.48989588022232056, 0.44541314244270325, 0.44161367416381836]"
2,centroid,1,423,Trius,Gemini,"[""Gemini"", ""Denom"", ""Nivalis"", ""Vega"", ""Ratikon""]","[0.39533743262290955, 0.38042348623275757, 0.32948750257492065, 0.27863770723342896, 0.22178077697753906]"
2,centroid,1,424,Trius,Trius,"[""Trius"", ""Alaris"", ""Triton"", ""Turbine"", ""Gemini""]","[0.8697380423545837, 0.6287877559661865, 0.5537222027778625, 0.4324082136154175, 0.4119265377521515]"
2,centroid,1,425,Trius,Braga,"[""Braga"", ""Mytikas"", ""Triton"", ""Trius"", ""Alaris""]","[0.7411748170852661, 0.6500552892684937, 0.6171592473983765, 0.5953271389007568, 0.46053311228752136]"
2,centroid,1,426,Trius,Trius,"[""Trius"", ""Triton"", ""Mytikas"", ""Alcatras"", ""Alaris""]","[0.9160457849502563, 0.6771039962768555, 0.5366028547286987, 0.5184033513069153, 0.4770849943161011]"
2,centroid,1,427,Trius,Alaris,"[""Alaris"", ""Alcatras"", ""Vega"", ""Trius"", ""Ratikon""]","[0.5711852312088013, 0.5418665409088135, 0.5038039684295654, 0.49405449628829956, 0.41490238904953003]"
2,centroid,1,428,Trius,Trius,"[""Trius"", ""Velorum"", ""Mytikas"", ""Triton"", ""Nivalis""]","[0.6461770534515381, 0.636613130569458, 0.6117056608200073, 0.6022123098373413, 0.576613187789917]"
2,centroid,1,429,Trius,Triton,"[""Triton"", ""Mytikas"", ""Castor"", ""Velorum"", ""Alcatras""]","[0.7502809762954712, 0.6998718976974487, 0.649975597858429, 0.6372240781784058, 0.5518734455108643]"
2,centroid,1,430,Trius,Trius,"[""Trius"", ""Braga"", ""Alaris"", ""Triton"", ""Alcatras""]","[0.7785810232162476, 0.5092488527297974, 0.4941036105155945, 0.4685846269130707, 0.4441562294960022]"
2,centroid,1,431,Trius,Trius,"[""Trius"", ""Triton"", ""Mytikas"", ""Velorum"", ""Alaris""]","[0.8578234910964966, 0.6925923228263855, 0.6576198935508728, 0.499366819858551, 0.46487483382225037]"
2,centroid,1,432,Trius,Trius,"[""Trius"", ""Braga"", ""Alaris"", ""Triton"", ""Mytikas""]","[0.8489949703216553, 0.657281219959259, 0.6484344601631165, 0.5907809138298035, 0.4898219108581543]"
2,centroid,1,433,Trius,Trius,"[""Trius"", ""Alaris"", ""Braga"", ""Triton"", ""Vega""]","[0.7505847215652466, 0.5012121796607971, 0.3567337393760681, 0.3469168245792389, 0.32741013169288635]"
2,centroid,1,434,Trius,Trius,"[""Trius"", ""Gemini"", ""Denom"", ""Nivalis"", ""Ratikon""]","[0.6164151430130005, 0.4105309844017029, 0.40878158807754517, 0.2953945994377136, 0.25780153274536133]"
2,centroid,1,435,Trius,Trius,"[""Trius"", ""Alaris"", ""Alcatras"", ""Braga"", ""Hawk""]","[0.710667610168457, 0.707543134689331, 0.635992169380188, 0.5987190008163452, 0.5430872440338135]"
2,centroid,1,436,Trius,Trius,"[""Trius"", ""Alaris"", ""Braga"", ""Triton"", ""Alcatras""]","[0.8644254207611084, 0.6672801971435547, 0.6374143362045288, 0.5621394515037537, 0.5554103851318359]"
2,centroid,1,437,Trius,Trius,"[""Trius"", ""Alaris"", ""Triton"", ""Braga"", ""Alcatras""]","[0.9144337177276611, 0.6814436912536621, 0.5690377950668335, 0.47830116748809814, 0.44281938672065735]"
2,centroid,1,438,Trius,Trius,"[""Trius"", ""Gemini"", ""Velorum"", ""Steel_Wheel"", ""Mytikas""]","[0.507369875907898, 0.4232946038246155, 0.3850119411945343, 0.3247295022010803, 0.27889418601989746]"
2,centroid,1,439,Trius,Trius,"[""Trius"", ""Alaris"", ""Braga"", ""Triton"", ""Alcatras""]","[0.875341534614563, 0.6247272491455078, 0.5885673761367798, 0.5163549184799194, 0.45929133892059326]"
2,centroid,1,440,Trius,Trius,"[""Trius"", ""Triton"", ""Alcatras"", ""Mytikas"", ""Alaris""]","[0.8322010636329651, 0.8185861110687256, 0.5842231512069702, 0.565951943397522, 0.5602033138275146]"
2,centroid,1,441,Trius,Trius,"[""Trius"", ""Mytikas"", ""Alaris"", ""Gemini"", ""Vega""]","[0.646735429763794, 0.37898531556129456, 0.3287286162376404, 0.30937427282333374, 0.28946536779403687]"
2,centroid,1,442,Trius,Trius,"[""Trius"", ""Alaris"", ""Turbine"", ""Mytikas"", ""Alcatras""]","[0.7012892961502075, 0.6328487992286682, 0.5614564418792725, 0.5479246377944946, 0.5358930826187134]"
2,centroid,1,443,Trius,Trius,"[""Trius"", ""Alaris"", ""Triton"", ""Alcatras"", ""Mytikas""]","[0.8495011925697327, 0.6891781091690063, 0.6408324837684631, 0.5261825323104858, 0.5200989842414856]"
2,centroid,1,444,Trius,Trius,"[""Trius"", ""Alaris"", ""Alcatras"", ""Braga"", ""Triton""]","[0.8840538263320923, 0.7509061098098755, 0.6024373769760132, 0.5993524789810181, 0.47601956129074097]"
2,centroid,1,445,Trius,Trius,"[""Trius"", ""Triton"", ""Mytikas"", ""Alaris"", ""Alcatras""]","[0.8522225618362427, 0.679314374923706, 0.606397271156311, 0.5352883338928223, 0.5204998850822449]"
2,centroid,1,446,Trius,Trius,"[""Trius"", ""Gemini"", ""Braga"", ""Triton"", ""Alaris""]","[0.7524575591087341, 0.61470627784729, 0.5676922798156738, 0.4802040457725525, 0.4134383797645569]"
2,centroid,1,447,Trius,Trius,"[""Trius"", ""Gemini"", ""Triton"", ""Mytikas"", ""Braga""]","[0.7692121267318726, 0.5759797096252441, 0.49557632207870483, 0.4792798161506653, 0.442063570022583]"
2,centroid,1,448,Trius,Triton,"[""Triton"", ""Trius"", ""Mytikas"", ""Braga"", ""Alcatras""]","[0.7742695212364197, 0.711050271987915, 0.7071199417114258, 0.6879863739013672, 0.6102586388587952]"
2,centroid,1,449,Trius,Trius,"[""Trius"", ""Gemini"", ""Braga"", ""Alaris"", ""Triton""]","[0.7584944367408752, 0.5227749347686768, 0.3886217474937439, 0.37622371315956116, 0.3718031644821167]"
2,centroid,1,450,Turbine,Turbine,"[""Turbine"", ""Hawk"", ""Braga"", ""Vega"", ""Castor""]","[0.9306601285934448, 0.436320424079895, 0.42248672246932983, 0.4168145954608917, 0.40649503469467163]"
2,centroid,1,451,Turbine,Alcatras,"[""Alcatras"", ""Castor"", ""Alaris"", ""Turbine"", ""Trius""]","[0.7732270359992981, 0.7033120393753052, 0.6727622747421265, 0.6483712196350098, 0.5974220037460327]"
2,centroid,1,452,Turbine,Turbine,"[""Turbine"", ""Alcatras"", ""Braga"", ""Castor"", ""Alaris""]","[0.8683782815933228, 0.754490077495575, 0.7039608359336853, 0.6975787878036499, 0.6808537244796753]"
2,centroid,1,453,Turbine,Turbine,"[""Turbine"", ""Braga"", ""Castor"", ""Alaris"", ""Alcatras""]","[0.8492382764816284, 0.7770048379898071, 0.6455391049385071, 0.5664107799530029, 0.5388028621673584]"
2,centroid,1,454,Turbine,Turbine,"[""Turbine"", ""Braga"", ""Castor"", ""Vega"", ""Triton""]","[0.7093539834022522, 0.675150454044342, 0.48527368903160095, 0.4640618860721588, 0.4425010085105896]"
2,centroid,1,455,Turbine,Turbine,"[""Turbine"", ""Hawk"", ""Vega"", ""Alaris"", ""Braga""]","[0.8867924213409424, 0.6436277627944946, 0.5813672542572021, 0.5767356157302856, 0.5362261533737183]"
2,centroid,1,456,Turbine,Turbine,"[""Turbine"", ""Braga"", ""Castor"", ""Hawk"", ""Vega""]","[0.88818359375, 0.5422508120536804, 0.5002087354660034, 0.4445725679397583, 0.4105881154537201]"
2,centroid,1,457,Turbine,Turbine,"[""Turbine"", ""Vega"", ""Braga"", ""Hawk"", ""Castor""]","[0.7520909309387207, 0.5669729709625244, 0.46305155754089355, 0.2994381785392761, 0.28578004240989685]"
2,centroid,1,458,Turbine,Turbine,"[""Turbine"", ""Alaris"", ""Hawk"", ""Alcatras"", ""Vega""]","[0.8625990748405457, 0.6696180105209351, 0.48369091749191284, 0.46550190448760986, 0.4500584006309509]"
2,centroid,1,459,Turbine,Turbine,"[""Turbine"", ""Castor"", ""Alcatras"", ""Alaris"", ""Hawk""]","[0.9149017333984375, 0.4984399080276489, 0.47974270582199097, 0.44332998991012573, 0.41784024238586426]"
2,centroid,1,460,Turbine,Turbine,"[""Turbine"", ""Hawk"", ""Braga"", ""Vega"", ""Alaris""]","[0.857903003692627, 0.575030505657196, 0.4768511652946472, 0.43437665700912476, 0.42887961864471436]"
2,centroid,1,461,Turbine,Turbine,"[""Turbine"", ""Vega"", ""Alaris"", ""Hawk"", ""Braga""]","[0.8378294110298157, 0.6185885667800903, 0.5473453402519226, 0.4883410930633545, 0.42685264348983765]"
2,centroid,1,462,Turbine,Turbine,"[""Turbine"", ""Castor"", ""Braga"", ""Triton"", ""Alcatras""]","[0.9069505929946899, 0.7009841203689575, 0.6758739948272705, 0.6106864809989929, 0.551408588886261]"
2,centroid,1,463,Turbine,Turbine,"[""Turbine"", ""Castor"", ""Alcatras"", ""Braga"", ""Alaris""]","[0.8426554799079895, 0.6136865615844727, 0.5954782962799072, 0.588194727897644, 0.5332748889923096]"
2,centroid,1,464,Turbine,Turbine,"[""Turbine"", ""Castor"", ""Braga"", ""Triton"", ""Alaris""]","[0.8486515283584595, 0.6772329211235046, 0.5844960808753967, 0.564099907875061, 0.5537070035934448]"
2,centroid,1,465,Turbine,Turbine,"[""Turbine"", ""Castor"", ""Braga"", ""Alcatras"", ""Alaris""]","[0.8157064914703369, 0.7566369771957397, 0.5924292802810669, 0.5340278148651123, 0.43907392024993896]"
2,centroid,1,466,Turbine,Turbine,"[""Turbine"", ""Braga"", ""Vega"", ""Alaris"", ""Castor""]","[0.7945661544799805, 0.6857052445411682, 0.5906732678413391, 0.5857478380203247, 0.5280861854553223]"
2,centroid,1,467,Turbine,Turbine,"[""Turbine"", ""Hawk"", ""Vega"", ""Gemini"", ""Braga""]","[0.6676139235496521, 0.5988811254501343, 0.5797511339187622, 0.5735395550727844, 0.5086276531219482]"
2,centroid,1,468,Turbine,Turbine,"[""Turbine"", ""Castor"", ""Alcatras"", ""Alaris"", ""Mytikas""]","[0.878588080406189, 0.6415965557098389, 0.4922829270362854, 0.4403114914894104, 0.41923755407333374]"
2,centroid,1,469,Turbine,Braga,"[""Braga"", ""Turbine"", ""Triton"", ""Vega"", ""Castor""]","[0.8662807941436768, 0.7151373624801636, 0.4875229299068451, 0.4815385341644287, 0.47951120138168335]"
2,centroid,1,470,Turbine,Hawk,"[""Hawk"", ""Turbine"", ""Vega"", ""Mytikas"", ""Alcatras""]","[0.699500560760498, 0.5954103469848633, 0.37582939863204956, 0.30051541328430176, 0.20873619616031647]"
2,centroid,1,471,Turbine,Turbine,"[""Turbine"", ""Hawk"", ""Alaris"", ""Vega"", ""Alcatras""]","[0.7701883912086487, 0.7514723539352417, 0.6559688448905945, 0.5970255732536316, 0.5492644309997559]"
2,centroid,1,472,Turbine,Turbine,"[""Turbine"", ""Alcatras"", ""Alaris"", ""Trius"", ""Castor""]","[0.8329771757125854, 0.688613772392273, 0.6612797975540161, 0.6519325971603394, 0.6362926363945007]"
2,centroid,1,473,Turbine,Turbine,"[""Turbine"", ""Castor"", ""Braga"", ""Triton"", ""Mytikas""]","[0.8249577879905701, 0.775931715965271, 0.6640496253967285, 0.6565733551979065, 0.5531624555587769]"
2,centroid,1,474,Turbine,Castor,"[""Castor"", ""Turbine"", ""Braga"", ""Triton"", ""Alcatras""]","[0.8654049038887024, 0.8289355635643005, 0.7027425169944763, 0.5600071549415588, 0.5549372434616089]"
2,centroid,1,475,Turbine,Turbine,"[""Turbine"", ""Vega"", ""Braga"", ""Triton"", ""Hawk""]","[0.8500210046768188, 0.5424413681030273, 0.4835430979728699, 0.4762330651283264, 0.4445008635520935]"
2,centroid,1,476,Turbine,Turbine,"[""Turbine"", ""Alaris"", ""Alcatras"", ""Braga"", ""Castor""]","[0.8156765103340149, 0.7344245314598083, 0.5914032459259033, 0.5787461996078491, 0.5736782550811768]"
2,centroid,1,477,Turbine,Turbine,"[""Turbine"", ""Castor"", ""Triton"", ""Braga"", ""Alcatras""]","[0.8743478655815125, 0.6201692819595337, 0.6175117492675781, 0.5343092679977417, 0.533454418182373]"
2,centroid,1,478,Vega,Vega,"[""Vega"", ""Hawk"", ""Gemini"", ""Turbine"", ""Braga""]","[0.9208226799964905, 0.3178984224796295, 0.3033069372177124, 0.3009724020957947, 0.2566702961921692]"
2,centroid,1,479,Vega,Vega,"[""Vega"", ""Alaris"", ""Trius"", ""Turbine"", ""Alcatras""]","[0.7504202127456665, 0.6224642395973206, 0.6082075834274292, 0.5781693458557129, 0.5399914979934692]"
2,centroid,1,480,Vega,Vega,"[""Vega"", ""Alaris"", ""Braga"", ""Gemini"", ""Hawk""]","[0.9174425005912781, 0.4116080403327942, 0.4084436893463135, 0.3668643832206726, 0.3277963697910309]"
2,centroid,1,481,Vega,Vega,"[""Vega"", ""Braga"", ""Turbine"", ""Alaris"", ""Hawk""]","[0.8982821702957153, 0.4349994659423828, 0.42038220167160034, 0.3576371967792511, 0.26891377568244934]"
2,centroid,1,482,Vega,Vega,"[""Vega"", ""Alaris"", ""Turbine"", ""Braga"", ""Trius""]","[0.8581804037094116, 0.4752172827720642, 0.4685797691345215, 0.3298259675502777, 0.22837626934051514]"
2,centroid,1,483,Vega,Vega,"[""Vega"", ""Alaris"", ""Alcatras"", ""Turbine"", ""Hawk""]","[0.8071833848953247, 0.3739854097366333, 0.24228334426879883, 0.21873924136161804, 0.20494304597377777]"
2,centroid,1,484,Vega,Vega,"[""Vega"", ""Alaris"", ""Braga"", ""Turbine"", ""Alcatras""]","[0.8981475830078125, 0.565000593662262, 0.4231494069099426, 0.38815808296203613, 0.34408843517303467]"
2,centroid,1,485,Vega,Vega,"[""Vega"", ""Gemini"", ""Hawk"", ""Turbine"", ""Alaris""]","[0.901198148727417, 0.5366237163543701, 0.2785898447036743, 0.2488800585269928, 0.24667689204216003]"
2,centroid,1,486,Vega,Vega,"[""Vega"", ""Alaris"", ""Turbine"", ""Braga"", ""Gemini""]","[0.8190964460372925, 0.4285094738006592, 0.3886144757270813, 0.2534250020980835, 0.20691338181495667]"
2,centroid,1,487,Vega,Vega,"[""Vega"", ""Gemini"", ""Alaris"", ""Braga"", ""Hawk""]","[0.8992210626602173, 0.33367738127708435, 0.28162872791290283, 0.2452525794506073, 0.22927328944206238]"
2,centroid,1,488,Vega,Vega,"[""Vega"", ""Turbine"", ""Alaris"", ""Braga"", ""Hawk""]","[0.9665100574493408, 0.4461948275566101, 0.4392341375350952, 0.371869295835495, 0.33895164728164673]"
2,centroid,1,489,Vega,Vega,"[""Vega"", ""Gemini"", ""Hawk"", ""Braga"", ""Turbine""]","[0.8352518677711487, 0.3986215591430664, 0.35589301586151123, 0.1900409311056137, 0.15098652243614197]"
2,centroid,1,490,Vega,Vega,"[""Vega"", ""Gemini"", ""Hawk"", ""Turbine"", ""Alaris""]","[0.8953282833099365, 0.40202170610427856, 0.33099788427352905, 0.20707407593727112, 0.1391180455684662]"
2,centroid,1,491,Vega,Vega,"[""Vega"", ""Trius"", ""Braga"", ""Gemini"", ""Triton""]","[0.5819426774978638, 0.5346961617469788, 0.5118345022201538, 0.5086495876312256, 0.5058295726776123]"
2,centroid,1,492,Vega,Vega,"[""Vega"", ""Gemini"", ""Alaris"", ""Hawk"", ""Turbine""]","[0.8797778487205505, 0.4968748092651367, 0.2845504879951477, 0.26883354783058167, 0.20974698662757874]"
2,centroid,1,493,Vega,Vega,"[""Vega"", ""Turbine"", ""Braga"", ""Alaris"", ""Hawk""]","[0.826824426651001, 0.599174976348877, 0.5485180020332336, 0.4808255434036255, 0.47776129841804504]"
2,centroid,1,494,Vega,Vega,"[""Vega"", ""Turbine"", ""Hawk"", ""Braga"", ""Alaris""]","[0.9110205173492432, 0.37442076206207275, 0.36432117223739624, 0.32904624938964844, 0.30130887031555176]"
2,centroid,1,495,Vega,Vega,"[""Vega"", ""Turbine"", ""Gemini"", ""Alaris"", ""Trius""]","[0.8413146734237671, 0.49306678771972656, 0.46121495962142944, 0.37195277214050293, 0.3062235713005066]"
2,centroid,1,496,Vega,Vega,"[""Vega"", ""Hawk"", ""Gemini"", ""Braga"", ""Alaris""]","[0.9091800451278687, 0.4259273111820221, 0.3469899594783783, 0.23379254341125488, 0.23273737728595734]"
2,centroid,1,497,Vega,Vega,"[""Vega"", ""Hawk"", ""Alaris"", ""Turbine"", ""Braga""]","[0.8981097936630249, 0.4535001814365387, 0.3986995816230774, 0.2643026113510132, 0.22810642421245575]"
2,centroid,1,498,Vega,Vega,"[""Vega"", ""Alaris"", ""Gemini"", ""Trius"", ""Braga""]","[0.8964124321937561, 0.5750941038131714, 0.5085263252258301, 0.5015016198158264, 0.4795697033405304]"
2,centroid,1,499,Vega,Vega,"[""Vega"", ""Turbine"", ""Hawk"", ""Alaris"", ""Alcatras""]","[0.9299605488777161, 0.4086245894432068, 0.39363592863082886, 0.3713970184326172, 0.22123944759368896]"
2,centroid,1,500,Vega,Vega,"[""Vega"", ""Gemini"", ""Braga"", ""Alaris"", ""Hawk""]","[0.9067696332931519, 0.40065693855285645, 0.31540796160697937, 0.27577587962150574, 0.23577770590782166]"
2,centroid,1,501,Vega,Vega,"[""Vega"", ""Hawk"", ""Braga"", ""Gemini"", ""Turbine""]","[0.800722599029541, 0.5389682650566101, 0.4583231210708618, 0.3812214732170105, 0.36877602338790894]"
2,centroid,1,502,Vega,Vega,"[""Vega"", ""Gemini"", ""Turbine"", ""Hawk"", ""Alaris""]","[0.8237636089324951, 0.47919732332229614, 0.43278932571411133, 0.41971200704574585, 0.3797443211078644]"
2,centroid,1,503,Vega,Vega,"[""Vega"", ""Alaris"", ""Hawk"", ""Gemini"", ""Turbine""]","[0.9098240733146667, 0.516657829284668, 0.42041701078414917, 0.3568266034126282, 0.34693074226379395]"
2,centroid,1,504,Vega,Vega,"[""Vega"", ""Gemini"", ""Alaris"", ""Hawk"", ""Turbine""]","[0.8429045677185059, 0.4265211522579193, 0.27420830726623535, 0.14919732511043549, 0.13701863586902618]"
2,centroid,1,505,Vega,Vega,"[""Vega"", ""Gemini"", ""Hawk"", ""Turbine"", ""Ilias""]","[0.8060765266418457, 0.37241578102111816, 0.3617529571056366, 0.3073018491268158, 0.23752114176750183]"
2,centroid,1,506,Vega,Vega,"[""Vega"", ""Hawk"", ""Alaris"", ""Turbine"", ""Braga""]","[0.8430613875389099, 0.6685580015182495, 0.6551296710968018, 0.5579392910003662, 0.5380520820617676]"
2,centroid,1,507,Vega,Vega,"[""Vega"", ""Gemini"", ""Hawk"", ""Braga"", ""Turbine""]","[0.879949152469635, 0.48803088068962097, 0.4372647702693939, 0.4363200068473816, 0.30248144268989563]"
2,centroid,1,508,Vega,Vega,"[""Vega"", ""Alaris"", ""Turbine"", ""Hawk"", ""Braga""]","[0.9346386790275574, 0.5491527318954468, 0.48029887676239014, 0.47435304522514343, 0.4689529538154602]"
2,centroid,1,509,Vega,Vega,"[""Vega"", ""Hawk"", ""Gemini"", ""Turbine"", ""Alaris""]","[0.8535186052322388, 0.46908891201019287, 0.43284115195274353, 0.34429818391799927, 0.3215870261192322]"
2,centroid,1,510,Vega,Vega,"[""Vega"", ""Alcatras"", ""Braga"", ""Turbine"", ""Mytikas""]","[0.6498523950576782, 0.45314377546310425, 0.3466058075428009, 0.3297823667526245, 0.27712398767471313]"
2,centroid,1,511,Vega,Vega,"[""Vega"", ""Alaris"", ""Turbine"", ""Hawk"", ""Braga""]","[0.9249442219734192, 0.5690708160400391, 0.48471009731292725, 0.4165046215057373, 0.3769109845161438]"
2,centroid,1,512,Vega,Vega,"[""Vega"", ""Hawk"", ""Alaris"", ""Gemini"", ""Turbine""]","[0.8275585174560547, 0.47539353370666504, 0.33166205883026123, 0.23188704252243042, 0.2302621454000473]"
2,centroid,1,513,Velorum,Velorum,"[""Velorum"", ""Ilias"", ""Triton"", ""Mytikas"", ""Trius""]","[0.918988049030304, 0.6482389569282532, 0.5917986035346985, 0.449754536151886, 0.4414448142051697]"
2,centroid,1,514,Velorum,Velorum,"[""Velorum"", ""Ilias"", ""Denom"", ""Trius"", ""Nivalis""]","[0.9100894927978516, 0.573051393032074, 0.446349173784256, 0.38214051723480225, 0.335237979888916]"
2,centroid,1,515,Velorum,Velorum,"[""Velorum"", ""Nivalis"", ""Mytikas"", ""Triton"", ""Ilias""]","[0.9013055562973022, 0.4319681227207184, 0.34401315450668335, 0.33750829100608826, 0.32628872990608215]"
2,centroid,1,516,Velorum,Velorum,"[""Velorum"", ""Ilias"", ""Triton"", ""Trius"", ""Nivalis""]","[0.9633625745773315, 0.6041001677513123, 0.44674694538116455, 0.3984353542327881, 0.38830456137657166]"
2,centroid,1,517,Velorum,Velorum,"[""Velorum"", ""Mytikas"", ""Triton"", ""Ilias"", ""Alcatras""]","[0.888672947883606, 0.5440182685852051, 0.5094255208969116, 0.4109482765197754, 0.4005071520805359]"
2,centroid,1,518,Velorum,Velorum,"[""Velorum"", ""Ilias"", ""Turbine"", ""Nivalis"", ""Mytikas""]","[0.7835081815719604, 0.4363255500793457, 0.4302048683166504, 0.35730206966400146, 0.301512211561203]"
2,centroid,1,519,Velorum,Velorum,"[""Velorum"", ""Trius"", ""Ilias"", ""Triton"", ""Mytikas""]","[0.8816204071044922, 0.553380012512207, 0.521697998046875, 0.46256017684936523, 0.4188591539859772]"
2,centroid,1,520,Velorum,Velorum,"[""Velorum"", ""Alcatras"", ""Triton"", ""Trius"", ""Ilias""]","[0.8944685459136963, 0.5104986429214478, 0.48648932576179504, 0.45637595653533936, 0.4474606513977051]"
2,centroid,1,521,Velorum,Velorum,"[""Velorum"", ""Mytikas"", ""Castor"", ""Triton"", ""Turbine""]","[0.7519038319587708, 0.6327904462814331, 0.5665982365608215, 0.5308443307876587, 0.42960619926452637]"
2,centroid,1,522,Velorum,Velorum,"[""Velorum"", ""Ilias"", ""Nivalis"", ""Triton"", ""Mytikas""]","[0.9421337246894836, 0.5057284235954285, 0.36180421710014343, 0.32440677285194397, 0.280119389295578]"
2,centroid,1,523,Velorum,Velorum,"[""Velorum"", ""Ilias"", ""Nivalis"", ""Trius"", ""Triton""]","[0.9297599792480469, 0.5831758975982666, 0.3895402252674103, 0.3763177692890167, 0.3482435941696167]"
2,centroid,1,524,Velorum,Velorum,"[""Velorum"", ""Ilias"", ""Mytikas"", ""Trius"", ""Nivalis""]","[0.8859948515892029, 0.42261579632759094, 0.31226274371147156, 0.3031761646270752, 0.2670796513557434]"
2,centroid,1,525,Velorum,Velorum,"[""Velorum"", ""Mytikas"", ""Triton"", ""Nivalis"", ""Ilias""]","[0.9144142270088196, 0.4995414912700653, 0.43920496106147766, 0.4296124577522278, 0.4252638816833496]"
2,centroid,1,526,Velorum,Velorum,"[""Velorum"", ""Ilias"", ""Nivalis"", ""Ratikon"", ""Trius""]","[0.9418928623199463, 0.5518674850463867, 0.3902871012687683, 0.29469209909439087, 0.2812274694442749]"
2,centroid,1,527,Velorum,Velorum,"[""Velorum"", ""Ilias"", ""Nivalis"", ""Denom"", ""Ratikon""]","[0.9236750602722168, 0.7062021493911743, 0.4497399926185608, 0.36364468932151794, 0.310648649930954]"
2,centroid,1,528,Velorum,Velorum,"[""Velorum"", ""Ilias"", ""Mytikas"", ""Triton"", ""Nivalis""]","[0.8771849870681763, 0.5425401926040649, 0.49348896741867065, 0.4132764935493469, 0.3110765814781189]"
2,centroid,1,529,Velorum,Velorum,"[""Velorum"", ""Ilias"", ""Triton"", ""Mytikas"", ""Nivalis""]","[0.937478244304657, 0.5762877464294434, 0.45081132650375366, 0.43812552094459534, 0.37245041131973267]"
2,centroid,1,530,Velorum,Velorum,"[""Velorum"", ""Ilias"", ""Triton"", ""Trius"", ""Mytikas""]","[0.8846218585968018, 0.511024534702301, 0.4612553119659424, 0.4534870982170105, 0.30102020502090454]"
2,centroid,1,531,Velorum,Velorum,"[""Velorum"", ""Nivalis"", ""Ilias"", ""Denom"", ""Ratikon""]","[0.902951717376709, 0.5749712586402893, 0.44599831104278564, 0.3373177647590637, 0.26999831199645996]"
2,centroid,1,532,Velorum,Velorum,"[""Velorum"", ""Ilias"", ""Trius"", ""Nivalis"", ""Triton""]","[0.9746766090393066, 0.5472493171691895, 0.43054255843162537, 0.4116412103176117, 0.3859008848667145]"
2,centroid,1,533,Velorum,Velorum,"[""Velorum"", ""Ilias"", ""Nivalis"", ""Triton"", ""Mytikas""]","[0.921781063079834, 0.5357575416564941, 0.5083920955657959, 0.3775753378868103, 0.37081339955329895]"
2,centroid,1,534,Velorum,Velorum,"[""Velorum"", ""Ilias"", ""Nivalis"", ""Denom"", ""Triton""]","[0.9344026446342468, 0.470548152923584, 0.4110725522041321, 0.3993303179740906, 0.2375292181968689]"
2,centroid,1,535,Velorum,Velorum,"[""Velorum"", ""Denom"", ""Ilias"", ""Ratikon"", ""Nivalis""]","[0.8168997764587402, 0.6383723616600037, 0.5851240158081055, 0.46305742859840393, 0.45958152413368225]"
2,centroid,1,536,Velorum,Velorum,"[""Velorum"", ""Nivalis"", ""Denom"", ""Ilias"", ""Ratikon""]","[0.9075437784194946, 0.47386011481285095, 0.4372836947441101, 0.42222240567207336, 0.2946509122848511]"
2,centroid,1,537,Velorum,Velorum,"[""Velorum"", ""Ilias"", ""Triton"", ""Denom"", ""Mytikas""]","[0.9226499795913696, 0.5193288326263428, 0.3878907859325409, 0.2881168723106384, 0.2845785915851593]"
2,centroid,1,538,Velorum,Velorum,"[""Velorum"", ""Nivalis"", ""Ilias"", ""Ratikon"", ""Denom""]","[0.8224809765815735, 0.5016282200813293, 0.48920175433158875, 0.4152381420135498, 0.336825966835022]"
2,centroid,1,539,Velorum,Ratikon,"[""Ratikon"", ""Ilias"", ""Denom"", ""Velorum"", ""Nivalis""]","[0.7645061612129211, 0.6957188844680786, 0.538578987121582, 0.5139788389205933, 0.4634077548980713]"
2,centroid,1,540,Velorum,Velorum,"[""Velorum"", ""Ilias"", ""Nivalis"", ""Denom"", ""Triton""]","[0.9026514887809753, 0.607242226600647, 0.4920414090156555, 0.3977384865283966, 0.30090200901031494]"
2,centroid,1,541,Velorum,Velorum,"[""Velorum"", ""Ilias"", ""Trius"", ""Denom"", ""Nivalis""]","[0.8282707929611206, 0.5396177768707275, 0.5018786191940308, 0.40949851274490356, 0.36781367659568787]"
2,centroid,1,542,Velorum,Velorum,"[""Velorum"", ""Ilias"", ""Mytikas"", ""Triton"", ""Nivalis""]","[0.9055300951004028, 0.4799730181694031, 0.413016140460968, 0.4120919108390808, 0.3371405303478241]"
2,centroid,1,543,Velorum,Velorum,"[""Velorum"", ""Ilias"", ""Trius"", ""Triton"", ""Mytikas""]","[0.9358585476875305, 0.5572891235351562, 0.4972069263458252, 0.43181926012039185, 0.42581111192703247]"
2,centroid,1,544,Velorum,Velorum,"[""Velorum"", ""Ilias"", ""Triton"", ""Nivalis"", ""Ratikon""]","[0.8218071460723877, 0.6127794981002808, 0.5149086117744446, 0.4960095286369324, 0.46032196283340454]"
2,centroid,1,545,Velorum,Velorum,"[""Velorum"", ""Ilias"", ""Nivalis"", ""Ratikon"", ""Denom""]","[0.938042163848877, 0.6335302591323853, 0.43063047528266907, 0.4131017029285431, 0.41078224778175354]"
2,centroid,1,546,Velorum,Velorum,"[""Velorum"", ""Ilias"", ""Triton"", ""Trius"", ""Mytikas""]","[0.9296256899833679, 0.6278380751609802, 0.46690914034843445, 0.4639326333999634, 0.349854439496994]"
2,centroid,1,547,Velorum,Velorum,"[""Velorum"", ""Mytikas"", ""Triton"", ""Castor"", ""Alcatras""]","[0.8430245518684387, 0.5263555645942688, 0.4547116160392761, 0.3825623393058777, 0.3748661279678345]"
2,centroid,1,548,Velorum,Velorum,"[""Velorum"", ""Nivalis"", ""Ilias"", ""Trius"", ""Triton""]","[0.922158420085907, 0.5641513466835022, 0.5104976296424866, 0.4228230118751526, 0.4118608832359314]"
2,centroid,1,549,Velorum,Velorum,"[""Velorum"", ""Ilias"", ""Mytikas"", ""Triton"", ""Nivalis""]","[0.9304169416427612, 0.4912659525871277, 0.44437238574028015, 0.4297749996185303, 0.379362553358078]"
2,centroid,1,550,Velorum,Velorum,"[""Velorum"", ""Triton"", ""Ilias"", ""Mytikas"", ""Trius""]","[0.9457426071166992, 0.49999159574508667, 0.49354782700538635, 0.45684897899627686, 0.39243167638778687]"
2,centroid,1,551,Velorum,Velorum,"[""Velorum"", ""Ilias"", ""Nivalis"", ""Triton"", ""Trius""]","[0.8933253288269043, 0.7176621556282043, 0.5371297597885132, 0.4876404404640198, 0.4463263750076294]"
2,centroid,1,552,Velorum,Velorum,"[""Velorum"", ""Ilias"", ""Mytikas"", ""Triton"", ""Trius""]","[0.9191102981567383, 0.4975661635398865, 0.34540241956710815, 0.34227362275123596, 0.2767196297645569]"
2,centroid,1,553,Velorum,Velorum,"[""Velorum"", ""Nivalis"", ""Mytikas"", ""Ilias"", ""Alcatras""]","[0.8681761622428894, 0.4131081700325012, 0.3970891535282135, 0.3918832540512085, 0.29929208755493164]"
2,centroid,1,554,Velorum,Velorum,"[""Velorum"", ""Ilias"", ""Nivalis"", ""Mytikas"", ""Triton""]","[0.914232075214386, 0.6375685930252075, 0.5584426522254944, 0.46493881940841675, 0.41177400946617126]"
2,centroid,1,555,Velorum,Velorum,"[""Velorum"", ""Nivalis"", ""Ilias"", ""Denom"", ""Trius""]","[0.8849714994430542, 0.5097014307975769, 0.4120398461818695, 0.38442564010620117, 0.2490740716457367]"
2,centroid,1,556,Velorum,Velorum,"[""Velorum"", ""Ilias"", ""Triton"", ""Nivalis"", ""Denom""]","[0.8946018218994141, 0.6952655911445618, 0.4268280863761902, 0.4206828773021698, 0.41583552956581116]"
2,centroid,1,557,Velorum,Velorum,"[""Velorum"", ""Ilias"", ""Triton"", ""Mytikas"", ""Trius""]","[0.9165046215057373, 0.566940188407898, 0.350862979888916, 0.3242984712123871, 0.2563234269618988]"
2,centroid,1,558,Velorum,Velorum,"[""Velorum"", ""Ilias"", ""Denom"", ""Ratikon"", ""Trius""]","[0.7966877222061157, 0.5482956767082214, 0.5016016960144043, 0.38601237535476685, 0.3631722927093506]"
2,centroid,1,559,Velorum,Velorum,"[""Velorum"", ""Ilias"", ""Nivalis"", ""Denom"", ""Ratikon""]","[0.9317371249198914, 0.6408413648605347, 0.509443461894989, 0.4201623499393463, 0.3781198263168335]"
2,centroid,1,560,Velorum,Velorum,"[""Velorum"", ""Denom"", ""Ilias"", ""Ratikon"", ""Nivalis""]","[0.7994993925094604, 0.6334733963012695, 0.5919407606124878, 0.5531718730926514, 0.46215343475341797]"
2,centroid,1,561,Velorum,Velorum,"[""Velorum"", ""Ilias"", ""Nivalis"", ""Denom"", ""Triton""]","[0.9026514887809753, 0.607242226600647, 0.4920414090156555, 0.3977384865283966, 0.30090200901031494]"
2,centroid,1,562,Velorum,Velorum,"[""Velorum"", ""Ilias"", ""Triton"", ""Mytikas"", ""Nivalis""]","[0.8516326546669006, 0.6717431545257568, 0.47268176078796387, 0.4008711278438568, 0.35684430599212646]"
2,centroid,1,563,Velorum,Velorum,"[""Velorum"", ""Nivalis"", ""Ilias"", ""Denom"", ""Trius""]","[0.9491180181503296, 0.5645487308502197, 0.5583545565605164, 0.4570491313934326, 0.35993605852127075]"
2,centroid,1,564,Velorum,Velorum,"[""Velorum"", ""Nivalis"", ""Mytikas"", ""Ilias"", ""Triton""]","[0.8401923179626465, 0.6257984638214111, 0.4773983955383301, 0.4562396705150604, 0.4411981403827667]"
2,centroid,1,565,Velorum,Velorum,"[""Velorum"", ""Ilias"", ""Nivalis"", ""Mytikas"", ""Triton""]","[0.9355674982070923, 0.5140033960342407, 0.4906819462776184, 0.45823320746421814, 0.3561208248138428]"
2,centroid,1,566,Velorum,Velorum,"[""Velorum"", ""Denom"", ""Ilias"", ""Nivalis"", ""Ratikon""]","[0.8426176309585571, 0.651828408241272, 0.5718451142311096, 0.5581047534942627, 0.4177400469779968]"
2,centroid,1,567,Velorum,Velorum,"[""Velorum"", ""Ilias"", ""Triton"", ""Mytikas"", ""Trius""]","[0.9210798740386963, 0.5820704698562622, 0.5426227450370789, 0.46965935826301575, 0.3478589653968811]"
2,centroid,1,568,Velorum,Velorum,"[""Velorum"", ""Xtreme"", ""Trius"", ""Gemini"", ""Triton""]","[0.6282568573951721, 0.4315667152404785, 0.30184587836265564, 0.29834675788879395, 0.284961998462677]"
2,centroid,1,569,Velorum,Velorum,"[""Velorum"", ""Triton"", ""Ilias"", ""Trius"", ""Castor""]","[0.936009407043457, 0.45234766602516174, 0.39008331298828125, 0.38729578256607056, 0.3560190796852112]"
2,centroid,1,570,Velorum,Velorum,"[""Velorum"", ""Ilias"", ""Triton"", ""Mytikas"", ""Trius""]","[0.9144147038459778, 0.5185160636901855, 0.4561236500740051, 0.44628971815109253, 0.335104763507843]"
2,centroid,1,571,Velorum,Velorum,"[""Velorum"", ""Ilias"", ""Nivalis"", ""Triton"", ""Mytikas""]","[0.9504589438438416, 0.4759964644908905, 0.3850838541984558, 0.37362155318260193, 0.31935441493988037]"
2,centroid,1,572,Xtreme,Xtreme,"[""Xtreme"", ""Gemini"", ""Nivalis"", ""Steel_Wheel"", ""Denom""]","[0.8506952524185181, 0.5299222469329834, 0.05437038466334343, 0.03396818786859512, 0.033673882484436035]"
2,centroid,1,573,Xtreme,Xtreme,"[""Xtreme"", ""Gemini"", ""Steel_Wheel"", ""Hawk"", ""Mytikas""]","[0.911977231502533, 0.26655101776123047, 0.15551355481147766, 0.0867098793387413, 0.015323158353567123]"
2,centroid,1,574,Xtreme,Xtreme,"[""Xtreme"", ""Gemini"", ""Velorum"", ""Mytikas"", ""Steel_Wheel""]","[0.9076555371284485, 0.33174771070480347, 0.05580540746450424, 0.04011181741952896, 0.038792409002780914]"
2,centroid,1,575,Xtreme,Xtreme,"[""Xtreme"", ""Gemini"", ""Steel_Wheel"", ""Velorum"", ""Mytikas""]","[0.9448192715644836, 0.3083544671535492, 0.04612775519490242, 0.0414561852812767, 0.013892136514186859]"
2,centroid,1,576,Xtreme,Xtreme,"[""Xtreme"", ""Gemini"", ""Steel_Wheel"", ""Ilias"", ""Velorum""]","[0.9079023003578186, 0.5737929344177246, 0.03372500464320183, -0.022921158000826836, -0.04661726951599121]"
2,centroid,1,577,Xtreme,Xtreme,"[""Xtreme"", ""Gemini"", ""Steel_Wheel"", ""Hawk"", ""Ilias""]","[0.904493510723114, 0.4830925762653351, 0.10037944465875626, 0.016581479460000992, -0.10029356181621552]"
2,centroid,1,578,Xtreme,Xtreme,"[""Xtreme"", ""Steel_Wheel"", ""Gemini"", ""Velorum"", ""Hawk""]","[0.8951225876808167, 0.333244264125824, 0.3216380476951599, 0.09436091780662537, 0.007191210985183716]"
2,centroid,1,579,Xtreme,Xtreme,"[""Xtreme"", ""Gemini"", ""Braga"", ""Triton"", ""Trius""]","[0.6714673042297363, 0.5905843377113342, 0.39452558755874634, 0.18124309182167053, 0.15772008895874023]"
2,centroid,1,580,Xtreme,Xtreme,"[""Xtreme"", ""Gemini"", ""Ilias"", ""Velorum"", ""Denom""]","[0.7543562650680542, 0.604625940322876, 0.3690934181213379, 0.30932652950286865, 0.18585027754306793]"
2,centroid,1,581,Xtreme,Xtreme,"[""Xtreme"", ""Steel_Wheel"", ""Gemini"", ""Velorum"", ""Nivalis""]","[0.9260382652282715, 0.1644068956375122, 0.11941675841808319, -0.08684825897216797, -0.16182607412338257]"
2,centroid,1,582,Xtreme,Xtreme,"[""Xtreme"", ""Steel_Wheel"", ""Gemini"", ""Velorum"", ""Denom""]","[0.8982737064361572, 0.2803710401058197, 0.22552263736724854, -0.13864877820014954, -0.1809595376253128]"
2,centroid,1,583,Xtreme,Xtreme,"[""Xtreme"", ""Gemini"", ""Steel_Wheel"", ""Velorum"", ""Hawk""]","[0.9350939989089966, 0.39225059747695923, 0.12346445024013519, 0.05784960091114044, -0.027388859540224075]"
2,centroid,1,584,Xtreme,Xtreme,"[""Xtreme"", ""Gemini"", ""Steel_Wheel"", ""Ilias"", ""Braga""]","[0.9142940044403076, 0.4271236062049866, 0.0966484397649765, -0.02069760113954544, -0.09051348268985748]"
2,centroid,1,585,Xtreme,Gemini,"[""Gemini"", ""Braga"", ""Trius"", ""Xtreme"", ""Triton""]","[0.7404762506484985, 0.4940451979637146, 0.43384820222854614, 0.4094691574573517, 0.29285094141960144]"
2,centroid,1,586,Xtreme,Xtreme,"[""Xtreme"", ""Gemini"", ""Steel_Wheel"", ""Nivalis"", ""Ilias""]","[0.9161401987075806, 0.3185839056968689, 0.1129055917263031, 0.04698742553591728, -0.0574566088616848]"
2,centroid,1,587,Xtreme,Xtreme,"[""Xtreme"", ""Gemini"", ""Steel_Wheel"", ""Ilias"", ""Hawk""]","[0.954876184463501, 0.3508351445198059, 0.1355040967464447, -0.13921533524990082, -0.1396012157201767]"
2,centroid,1,588,Xtreme,Xtreme,"[""Xtreme"", ""Gemini"", ""Steel_Wheel"", ""Velorum"", ""Mytikas""]","[0.9224395155906677, 0.2624962329864502, 0.17592297494411469, 0.08608163893222809, 0.010536421090364456]"
2,centroid,1,589,Xtreme,Xtreme,"[""Xtreme"", ""Gemini"", ""Steel_Wheel"", ""Mytikas"", ""Nivalis""]","[0.9431594610214233, 0.3183921277523041, 0.09353144466876984, -0.012779295444488525, -0.04838317260146141]"
2,centroid,1,590,Xtreme,Xtreme,"[""Xtreme"", ""Gemini"", ""Steel_Wheel"", ""Nivalis"", ""Denom""]","[0.9396623969078064, 0.33844155073165894, 0.044694554060697556, -0.11152007430791855, -0.1299494206905365]"
2,centroid,1,591,Xtreme,Braga,"[""Braga"", ""Triton"", ""Trius"", ""Mytikas"", ""Gemini""]","[0.6864030361175537, 0.6144523024559021, 0.5095346570014954, 0.48503586649894714, 0.4667764902114868]"
2,centroid,1,592,Xtreme,Xtreme,"[""Xtreme"", ""Gemini"", ""Steel_Wheel"", ""Velorum"", ""Mytikas""]","[0.8777588605880737, 0.5173463225364685, 0.14004665613174438, 0.00945357233285904, -0.02301143668591976]"
2,centroid,1,593,Xtreme,Xtreme,"[""Xtreme"", ""Gemini"", ""Steel_Wheel"", ""Braga"", ""Velorum""]","[0.9399334192276001, 0.29363587498664856, 0.1988147795200348, -0.04830309748649597, -0.048760250210762024]"
2,centroid,1,594,Xtreme,Xtreme,"[""Xtreme"", ""Gemini"", ""Steel_Wheel"", ""Nivalis"", ""Denom""]","[0.9438761472702026, 0.3641371726989746, 0.15927602350711823, -0.046656668186187744, -0.06337608397006989]"
2,centroid,1,595,Xtreme,Xtreme,"[""Xtreme"", ""Gemini"", ""Steel_Wheel"", ""Nivalis"", ""Ilias""]","[0.9592838287353516, 0.30761536955833435, 0.08147908002138138, -0.08012575656175613, -0.11823533475399017]"
2,centroid,1,596,Xtreme,Xtreme,"[""Xtreme"", ""Gemini"", ""Ilias"", ""Mytikas"", ""Triton""]","[0.8692205548286438, 0.4721038341522217, 0.061551496386528015, 0.011733019724488258, -0.008922645822167397]"
2,centroid,1,597,Xtreme,Xtreme,"[""Xtreme"", ""Gemini"", ""Mytikas"", ""Velorum"", ""Steel_Wheel""]","[0.870349109172821, 0.3945760428905487, 0.20774789154529572, 0.17930057644844055, 0.15627671778202057]"
2,centroid,1,598,Xtreme,Xtreme,"[""Xtreme"", ""Gemini"", ""Hawk"", ""Steel_Wheel"", ""Velorum""]","[0.8238986730575562, 0.40319743752479553, 0.23381435871124268, 0.07306048274040222, 0.06725150346755981]"
2,centroid,1,599,Xtreme,Xtreme,"[""Xtreme"", ""Gemini"", ""Steel_Wheel"", ""Ilias"", ""Hawk""]","[0.9384783506393433, 0.28623121976852417, 0.11079297959804535, -0.053488753736019135, -0.0749659538269043]"
2,centroid,1,600,Xtreme,Gemini,"[""Gemini"", ""Xtreme"", ""Vega"", ""Trius"", ""Nivalis""]","[0.7118301391601562, 0.5897447466850281, 0.2424931526184082, 0.1570279896259308, 0.0795513466000557]"
2,centroid,1,601,Xtreme,Xtreme,"[""Xtreme"", ""Gemini"", ""Steel_Wheel"", ""Denom"", ""Nivalis""]","[0.9299119114875793, 0.1987455040216446, 0.11848388612270355, 0.018285181373357773, 0.018279556185007095]"
2,centroid,1,602,Xtreme,Xtreme,"[""Xtreme"", ""Gemini"", ""Steel_Wheel"", ""Mytikas"", ""Ilias""]","[0.9327179193496704, 0.31102803349494934, -0.021169018000364304, -0.043913476169109344, -0.057017602026462555]"
2,centroid,1,603,Xtreme,Braga,"[""Braga"", ""Hawk"", ""Gemini"", ""Alcatras"", ""Triton""]","[0.7111794948577881, 0.4212738871574402, 0.41794031858444214, 0.37824156880378723, 0.36078745126724243]"
2,centroid,1,604,Xtreme,Xtreme,"[""Xtreme"", ""Gemini"", ""Hawk"", ""Vega"", ""Steel_Wheel""]","[0.8300192952156067, 0.5053187608718872, 0.12351592630147934, 0.06316586583852768, 0.027346499264240265]"
2,centroid,1,605,Xtreme,Gemini,"[""Gemini"", ""Triton"", ""Trius"", ""Braga"", ""Mytikas""]","[0.6890521049499512, 0.562792181968689, 0.5194059014320374, 0.47824063897132874, 0.4705184996128082]"
2,centroid,1,606,Xtreme,Xtreme,"[""Xtreme"", ""Gemini"", ""Steel_Wheel"", ""Braga"", ""Ilias""]","[0.8790512084960938, 0.4526282250881195, 0.05586392804980278, 0.014877894893288612, -0.06047073006629944]"
2,centroid,1,607,Xtreme,Xtreme,"[""Xtreme"", ""Gemini"", ""Denom"", ""Steel_Wheel"", ""Trius""]","[0.41603606939315796, 0.2932727336883545, 0.2301701307296753, 0.22147324681282043, -0.0014565438032150269]"
2,centroid,1,608,Xtreme,Xtreme,"[""Xtreme"", ""Gemini"", ""Steel_Wheel"", ""Velorum"", ""Mytikas""]","[0.9741413593292236, 0.3065131902694702, 0.08525370061397552, -0.09056533873081207, -0.09248711168766022]"
2,centroid,1,609,Xtreme,Xtreme,"[""Xtreme"", ""Gemini"", ""Velorum"", ""Trius"", ""Hawk""]","[0.5702482461929321, 0.33045250177383423, 0.27390486001968384, 0.13263700902462006, 0.12702491879463196]"
3,centroid,1,0,Alaris,Alaris,"[""Alaris"", ""Alcatras"", ""Trius"", ""Braga"", ""Triton""]","[0.8316793441772461, 0.6960828304290771, 0.6490570306777954, 0.4809858500957489, 0.4519994556903839]"
3,centroid,1,1,Alaris,Alaris,"[""Alaris"", ""Alcatras"", ""Braga"", ""Trius"", ""Turbine""]","[0.9002144932746887, 0.6150020360946655, 0.5149850249290466, 0.4792146384716034, 0.46890947222709656]"
3,centroid,1,2,Alaris,Alaris,"[""Alaris"", ""Hawk"", ""Alcatras"", ""Vega"", ""Trius""]","[0.7634593844413757, 0.6836712956428528, 0.5386548638343811, 0.4160727262496948, 0.30013683438301086]"
3,centroid,1,3,Alaris,Alaris,"[""Alaris"", ""Alcatras"", ""Hawk"", ""Braga"", ""Turbine""]","[0.88215571641922, 0.6910126209259033, 0.5502406358718872, 0.5417564511299133, 0.5054774284362793]"
3,centroid,1,4,Alaris,Alaris,"[""Alaris"", ""Alcatras"", ""Hawk"", ""Vega"", ""Turbine""]","[0.8565104603767395, 0.5687461495399475, 0.5006839632987976, 0.4463324546813965, 0.4193383753299713]"
3,centroid,1,5,Alaris,Alaris,"[""Alaris"", ""Hawk"", ""Alcatras"", ""Turbine"", ""Vega""]","[0.6497064828872681, 0.6358063220977783, 0.5711264610290527, 0.3518398702144623, 0.29160311818122864]"
3,centroid,1,6,Alaris,Alaris,"[""Alaris"", ""Vega"", ""Hawk"", ""Alcatras"", ""Braga""]","[0.7925944328308105, 0.6662760972976685, 0.5906635522842407, 0.5131921768188477, 0.42034855484962463]"
3,centroid,1,7,Alaris,Alaris,"[""Alaris"", ""Alcatras"", ""Trius"", ""Braga"", ""Vega""]","[0.9110805988311768, 0.6771596670150757, 0.5452131032943726, 0.43282759189605713, 0.3603834807872772]"
3,centroid,1,8,Alaris,Alaris,"[""Alaris"", ""Alcatras"", ""Trius"", ""Vega"", ""Turbine""]","[0.9000483155250549, 0.6691239476203918, 0.5118046998977661, 0.400485634803772, 0.3517186641693115]"
3,centroid,1,9,Alaris,Alaris,"[""Alaris"", ""Alcatras"", ""Braga"", ""Vega"", ""Gemini""]","[0.6025267839431763, 0.4152316451072693, 0.34311795234680176, 0.30315113067626953, 0.3029667139053345]"
3,centroid,1,10,Alaris,Alaris,"[""Alaris"", ""Alcatras"", ""Hawk"", ""Vega"", ""Turbine""]","[0.8446953296661377, 0.523215115070343, 0.3081141710281372, 0.2887602150440216, 0.2794218361377716]"
3,centroid,1,11,Alaris,Alaris,"[""Alaris"", ""Alcatras"", ""Trius"", ""Mytikas"", ""Turbine""]","[0.8521893620491028, 0.7705872058868408, 0.46387314796447754, 0.4084858000278473, 0.33783912658691406]"
3,centroid,1,12,Alaris,Braga,"[""Braga"", ""Triton"", ""Castor"", ""Trius"", ""Alcatras""]","[0.707373321056366, 0.6722614169120789, 0.6471583843231201, 0.4432165026664734, 0.4150170087814331]"
3,centroid,1,13,Alaris,Alaris,"[""Alaris"", ""Alcatras"", ""Trius"", ""Vega"", ""Turbine""]","[0.793941855430603, 0.4599972367286682, 0.37630248069763184, 0.2497536689043045, 0.24441765248775482]"
3,centroid,1,14,Alaris,Alaris,"[""Alaris"", ""Alcatras"", ""Braga"", ""Vega"", ""Turbine""]","[0.8205571174621582, 0.665335476398468, 0.6329348087310791, 0.5200941562652588, 0.47029760479927063]"
3,centroid,1,15,Alaris,Alaris,"[""Alaris"", ""Alcatras"", ""Trius"", ""Turbine"", ""Braga""]","[0.9159680604934692, 0.8327212333679199, 0.6025341749191284, 0.5645351409912109, 0.5421757102012634]"
3,centroid,1,16,Alaris,Alaris,"[""Alaris"", ""Alcatras"", ""Trius"", ""Braga"", ""Turbine""]","[0.918651282787323, 0.6964749097824097, 0.5934082269668579, 0.4801435172557831, 0.4396291971206665]"
3,centroid,1,17,Alaris,Alaris,"[""Alaris"", ""Alcatras"", ""Hawk"", ""Braga"", ""Turbine""]","[0.8605809211730957, 0.7294049263000488, 0.6320250630378723, 0.6266007423400879, 0.6132320165634155]"
3,centroid,1,18,Alaris,Alcatras,"[""Alcatras"", ""Alaris"", ""Trius"", ""Braga"", ""Castor""]","[0.8067224621772766, 0.7805482149124146, 0.631097674369812, 0.599217414855957, 0.5639387965202332]"
3,centroid,1,19,Alaris,Alaris,"[""Alaris"", ""Alcatras"", ""Hawk"", ""Braga"", ""Trius""]","[0.9204901456832886, 0.8069641590118408, 0.5126464366912842, 0.4770865738391876, 0.4419391453266144]"
3,centroid,1,20,Alaris,Braga,"[""Braga"", ""Mytikas"", ""Castor"", ""Alcatras"", ""Turbine""]","[0.6800603866577148, 0.6702792644500732, 0.6247528791427612, 0.514707088470459, 0.49144893884658813]"
3,centroid,1,21,Alaris,Alaris,"[""Alaris"", ""Alcatras"", ""Turbine"", ""Braga"", ""Hawk""]","[0.875410795211792, 0.66572105884552, 0.49897176027297974, 0.39413607120513916, 0.3754085898399353]"
3,centroid,1,22,Alaris,Alaris,"[""Alaris"", ""Alcatras"", ""Hawk"", ""Braga"", ""Trius""]","[0.9292608499526978, 0.7946203351020813, 0.5072742700576782, 0.47815269231796265, 0.4391043782234192]"
3,centroid,1,23,Alaris,Alaris,"[""Alaris"", ""Trius"", ""Triton"", ""Alcatras"", ""Turbine""]","[0.6899848580360413, 0.6322770118713379, 0.5141316056251526, 0.4659444987773895, 0.40928077697753906]"
3,centroid,1,24,Alaris,Alaris,"[""Alaris"", ""Alcatras"", ""Turbine"", ""Braga"", ""Trius""]","[0.946586012840271, 0.7738920450210571, 0.531520426273346, 0.518172025680542, 0.5106136202812195]"
3,centroid,1,25,Alaris,Hawk,"[""Hawk"", ""Turbine"", ""Alcatras"", ""Alaris"", ""Mytikas""]","[0.6868761777877808, 0.6211962103843689, 0.5087169408798218, 0.47845983505249023, 0.2707509994506836]"
3,centroid,1,26,Alaris,Triton,"[""Triton"", ""Trius"", ""Braga"", ""Alcatras"", ""Alaris""]","[0.7128244638442993, 0.6497088670730591, 0.5547385811805725, 0.5308080911636353, 0.4878484606742859]"
3,centroid,1,27,Alcatras,Alcatras,"[""Alcatras"", ""Castor"", ""Mytikas"", ""Alaris"", ""Trius""]","[0.8449437618255615, 0.6711099743843079, 0.6333839893341064, 0.6260966658592224, 0.5562726259231567]"
3,centroid,1,28,Alcatras,Castor,"[""Castor"", ""Alcatras"", ""Triton"", ""Mytikas"", ""Braga""]","[0.9116710424423218, 0.7130295634269714, 0.5995361804962158, 0.551638126373291, 0.5101495981216431]"
3,centroid,1,29,Alcatras,Alcatras,"[""Alcatras"", ""Alaris"", ""Castor"", ""Trius"", ""Braga""]","[0.8521783351898193, 0.6863645315170288, 0.6579800248146057, 0.6109575033187866, 0.602739691734314]"
3,centroid,1,30,Alcatras,Alcatras,"[""Alcatras"", ""Mytikas"", ""Alaris"", ""Castor"", ""Trius""]","[0.8682749271392822, 0.6444421410560608, 0.6177114248275757, 0.6073861718177795, 0.5080972909927368]"
3,centroid,1,31,Alcatras,Alcatras,"[""Alcatras"", ""Trius"", ""Alaris"", ""Triton"", ""Velorum""]","[0.6998605728149414, 0.6596071124076843, 0.6413225531578064, 0.6384106874465942, 0.5874552130699158]"
3,centroid,1,32,Alcatras,Alcatras,"[""Alcatras"", ""Alaris"", ""Castor"", ""Mytikas"", ""Trius""]","[0.8504233360290527, 0.6520060300827026, 0.5669965744018555, 0.49052536487579346, 0.3652492165565491]"
3,centroid,1,33,Alcatras,Alcatras,"[""Alcatras"", ""Alaris"", ""Trius"", ""Triton"", ""Castor""]","[0.9048421382904053, 0.7615380883216858, 0.7109250426292419, 0.6823418140411377, 0.6719962358474731]"
3,centroid,1,34,Alcatras,Alcatras,"[""Alcatras"", ""Alaris"", ""Castor"", ""Braga"", ""Hawk""]","[0.8980681896209717, 0.7501642107963562, 0.592831552028656, 0.46616411209106445, 0.40082693099975586]"
3,centroid,1,35,Alcatras,Alcatras,"[""Alcatras"", ""Castor"", ""Alaris"", ""Braga"", ""Trius""]","[0.7398231625556946, 0.6659592986106873, 0.5078705549240112, 0.4663386046886444, 0.4646607041358948]"
3,centroid,1,36,Alcatras,Alcatras,"[""Alcatras"", ""Castor"", ""Alaris"", ""Braga"", ""Mytikas""]","[0.9420222043991089, 0.7116663455963135, 0.7033416032791138, 0.6004946231842041, 0.5699061155319214]"
3,centroid,1,37,Alcatras,Triton,"[""Triton"", ""Trius"", ""Alcatras"", ""Mytikas"", ""Castor""]","[0.7456579208374023, 0.6182793378829956, 0.6004771590232849, 0.597234845161438, 0.5568037629127502]"
3,centroid,1,38,Alcatras,Alcatras,"[""Alcatras"", ""Castor"", ""Alaris"", ""Braga"", ""Triton""]","[0.8870795965194702, 0.6787947416305542, 0.6186262369155884, 0.6153562664985657, 0.3907349407672882]"
3,centroid,1,39,Alcatras,Alcatras,"[""Alcatras"", ""Alaris"", ""Mytikas"", ""Trius"", ""Castor""]","[0.8122915029525757, 0.7342209219932556, 0.5030218362808228, 0.45574861764907837, 0.43878620862960815]"
3,centroid,1,40,Alcatras,Alcatras,"[""Alcatras"", ""Alaris"", ""Castor"", ""Mytikas"", ""Braga""]","[0.8925868272781372, 0.6556131839752197, 0.6274373531341553, 0.454792320728302, 0.402458131313324]"
3,centroid,1,41,Alcatras,Alcatras,"[""Alcatras"", ""Alaris"", ""Braga"", ""Hawk"", ""Castor""]","[0.8528789281845093, 0.6860917806625366, 0.468040406703949, 0.46675533056259155, 0.4535203278064728]"
3,centroid,1,42,Alcatras,Alcatras,"[""Alcatras"", ""Alaris"", ""Trius"", ""Castor"", ""Triton""]","[0.8561598658561707, 0.7281795740127563, 0.5347492694854736, 0.5017404556274414, 0.4985496401786804]"
3,centroid,1,43,Alcatras,Alcatras,"[""Alcatras"", ""Alaris"", ""Castor"", ""Mytikas"", ""Braga""]","[0.8570351600646973, 0.7688082456588745, 0.5444042086601257, 0.4242779612541199, 0.398942768573761]"
3,centroid,1,44,Alcatras,Alcatras,"[""Alcatras"", ""Castor"", ""Alaris"", ""Mytikas"", ""Turbine""]","[0.8296750783920288, 0.8214633464813232, 0.6574237942695618, 0.5815115571022034, 0.5515041351318359]"
3,centroid,1,45,Alcatras,Alcatras,"[""Alcatras"", ""Alaris"", ""Castor"", ""Trius"", ""Triton""]","[0.8541224598884583, 0.7740013599395752, 0.6733703017234802, 0.5825921297073364, 0.5731719732284546]"
3,centroid,1,46,Alcatras,Alcatras,"[""Alcatras"", ""Alaris"", ""Castor"", ""Hawk"", ""Mytikas""]","[0.771772027015686, 0.752469539642334, 0.4010980725288391, 0.31088268756866455, 0.27036574482917786]"
3,centroid,1,47,Alcatras,Alcatras,"[""Alcatras"", ""Alaris"", ""Braga"", ""Castor"", ""Trius""]","[0.8969424962997437, 0.7103455066680908, 0.6947757601737976, 0.6854171752929688, 0.5916554927825928]"
3,centroid,1,48,Alcatras,Alcatras,"[""Alcatras"", ""Alaris"", ""Mytikas"", ""Castor"", ""Trius""]","[0.8424758911132812, 0.7533069849014282, 0.46548527479171753, 0.4405747354030609, 0.3920736610889435]"
3,centroid,1,49,Alcatras,Triton,"[""Triton"", ""Castor"", ""Mytikas"", ""Velorum"", ""Alcatras""]","[0.7543003559112549, 0.6917426586151123, 0.624148964881897, 0.5829333066940308, 0.5547126531600952]"
3,centroid,1,50,Alcatras,Alcatras,"[""Alcatras"", ""Alaris"", ""Castor"", ""Mytikas"", ""Trius""]","[0.8839426040649414, 0.7082042694091797, 0.46768635511398315, 0.3891376554965973, 0.380227267742157]"
3,centroid,1,51,Alcatras,Alcatras,"[""Alcatras"", ""Alaris"", ""Castor"", ""Mytikas"", ""Hawk""]","[0.7267992496490479, 0.6695466041564941, 0.37426504492759705, 0.3087325692176819, 0.23242762684822083]"
3,centroid,1,52,Alcatras,Hawk,"[""Hawk"", ""Vega"", ""Turbine"", ""Alaris"", ""Braga""]","[0.6827895045280457, 0.675195574760437, 0.5464733839035034, 0.49990135431289673, 0.49443668127059937]"
3,centroid,1,53,Braga,Braga,"[""Braga"", ""Castor"", ""Alcatras"", ""Turbine"", ""Alaris""]","[0.7811319231987, 0.7698932886123657, 0.6691246032714844, 0.5122433304786682, 0.49351876974105835]"
3,centroid,1,54,Braga,Braga,"[""Braga"", ""Gemini"", ""Hawk"", ""Alcatras"", ""Vega""]","[0.7954801321029663, 0.5925063490867615, 0.5342841148376465, 0.4859762191772461, 0.4459679424762726]"
3,centroid,1,55,Braga,Braga,"[""Braga"", ""Trius"", ""Triton"", ""Mytikas"", ""Alcatras""]","[0.8177490234375, 0.7808222770690918, 0.6749464273452759, 0.5857671499252319, 0.5820615291595459]"
3,centroid,1,56,Braga,Braga,"[""Braga"", ""Triton"", ""Castor"", ""Trius"", ""Alcatras""]","[0.7825438976287842, 0.6379367113113403, 0.5648965835571289, 0.5584121942520142, 0.5445705652236938]"
3,centroid,1,57,Braga,Vega,"[""Vega"", ""Turbine"", ""Braga"", ""Hawk"", ""Gemini""]","[0.6829530000686646, 0.6344904899597168, 0.5853979587554932, 0.5254003405570984, 0.39653515815734863]"
3,centroid,1,58,Braga,Alcatras,"[""Alcatras"", ""Braga"", ""Castor"", ""Alaris"", ""Turbine""]","[0.8187311887741089, 0.8077448606491089, 0.7061033248901367, 0.6416928768157959, 0.6035459041595459]"
3,centroid,1,59,Braga,Braga,"[""Braga"", ""Castor"", ""Triton"", ""Trius"", ""Alcatras""]","[0.8596610426902771, 0.6776322722434998, 0.5813986659049988, 0.4683387577533722, 0.4653477370738983]"
3,centroid,1,60,Braga,Braga,"[""Braga"", ""Triton"", ""Trius"", ""Turbine"", ""Alcatras""]","[0.8188673257827759, 0.6568087339401245, 0.6135784387588501, 0.5866343975067139, 0.5536098480224609]"
3,centroid,1,61,Braga,Braga,"[""Braga"", ""Gemini"", ""Vega"", ""Trius"", ""Turbine""]","[0.7661170959472656, 0.6148576736450195, 0.5617026090621948, 0.46979662775993347, 0.3417840003967285]"
3,centroid,1,62,Braga,Braga,"[""Braga"", ""Castor"", ""Trius"", ""Turbine"", ""Alaris""]","[0.7853866815567017, 0.6763870716094971, 0.6177476048469543, 0.6148902177810669, 0.5831434726715088]"
3,centroid,1,63,Braga,Braga,"[""Braga"", ""Turbine"", ""Trius"", ""Alaris"", ""Alcatras""]","[0.9321290850639343, 0.5940564870834351, 0.5682939291000366, 0.5423448085784912, 0.529267430305481]"
3,centroid,1,64,Braga,Triton,"[""Triton"", ""Braga"", ""Trius"", ""Alcatras"", ""Castor""]","[0.8012278079986572, 0.7380688190460205, 0.7193160057067871, 0.6606751680374146, 0.6477847099304199]"
3,centroid,1,65,Braga,Braga,"[""Braga"", ""Alcatras"", ""Alaris"", ""Castor"", ""Turbine""]","[0.76511549949646, 0.6124348640441895, 0.578538179397583, 0.549413800239563, 0.5327105522155762]"
3,centroid,1,66,Braga,Braga,"[""Braga"", ""Turbine"", ""Hawk"", ""Gemini"", ""Alcatras""]","[0.8548539876937866, 0.5125271677970886, 0.5061150789260864, 0.48766979575157166, 0.43966031074523926]"
3,centroid,1,67,Braga,Braga,"[""Braga"", ""Alaris"", ""Turbine"", ""Alcatras"", ""Hawk""]","[0.8274071216583252, 0.714358389377594, 0.6885254383087158, 0.6214621067047119, 0.5445347428321838]"
3,centroid,1,68,Braga,Braga,"[""Braga"", ""Turbine"", ""Castor"", ""Alcatras"", ""Alaris""]","[0.8780511617660522, 0.6907041668891907, 0.5833758115768433, 0.47930943965911865, 0.4638550579547882]"
3,centroid,1,69,Braga,Braga,"[""Braga"", ""Turbine"", ""Castor"", ""Alcatras"", ""Triton""]","[0.8303369283676147, 0.6801137924194336, 0.5179200768470764, 0.43551138043403625, 0.3404260277748108]"
3,centroid,1,70,Braga,Braga,"[""Braga"", ""Hawk"", ""Turbine"", ""Vega"", ""Gemini""]","[0.6795619130134583, 0.6170837879180908, 0.45268410444259644, 0.42556798458099365, 0.41834375262260437]"
3,centroid,1,71,Braga,Braga,"[""Braga"", ""Turbine"", ""Castor"", ""Alcatras"", ""Gemini""]","[0.7912052869796753, 0.5529340505599976, 0.4702345132827759, 0.46872156858444214, 0.35583916306495667]"
3,centroid,1,72,Braga,Braga,"[""Braga"", ""Gemini"", ""Vega"", ""Trius"", ""Triton""]","[0.7763015031814575, 0.726996660232544, 0.6613994836807251, 0.5825822353363037, 0.5232228636741638]"
3,centroid,1,73,Braga,Turbine,"[""Turbine"", ""Braga"", ""Hawk"", ""Castor"", ""Vega""]","[0.6299881935119629, 0.5928049683570862, 0.36593109369277954, 0.3617370128631592, 0.2828792929649353]"
3,centroid,1,74,Braga,Castor,"[""Castor"", ""Braga"", ""Triton"", ""Turbine"", ""Alcatras""]","[0.7736990451812744, 0.7505981922149658, 0.552165150642395, 0.5440013408660889, 0.4782244563102722]"
3,centroid,1,75,Braga,Braga,"[""Braga"", ""Gemini"", ""Vega"", ""Hawk"", ""Turbine""]","[0.7773476839065552, 0.6711522340774536, 0.6302142143249512, 0.5341049432754517, 0.4792851209640503]"
3,centroid,1,76,Braga,Braga,"[""Braga"", ""Trius"", ""Triton"", ""Gemini"", ""Castor""]","[0.7871264219284058, 0.7554973363876343, 0.7522196769714355, 0.5059952735900879, 0.49915677309036255]"
3,centroid,1,77,Braga,Castor,"[""Castor"", ""Turbine"", ""Braga"", ""Alcatras"", ""Triton""]","[0.6524490118026733, 0.6443134546279907, 0.5864858031272888, 0.5385462045669556, 0.4702196717262268]"
3,centroid,1,78,Braga,Braga,"[""Braga"", ""Alcatras"", ""Trius"", ""Alaris"", ""Triton""]","[0.8086286783218384, 0.7833617925643921, 0.7707525491714478, 0.6929515600204468, 0.6289307475090027]"
3,centroid,1,79,Braga,Braga,"[""Braga"", ""Castor"", ""Turbine"", ""Alcatras"", ""Alaris""]","[0.838385820388794, 0.5435123443603516, 0.5267822742462158, 0.363553911447525, 0.3156886398792267]"
3,centroid,1,80,Braga,Braga,"[""Braga"", ""Castor"", ""Alcatras"", ""Turbine"", ""Mytikas""]","[0.7472007274627686, 0.7050485014915466, 0.6297047138214111, 0.5869869589805603, 0.48876768350601196]"
3,centroid,1,81,Braga,Vega,"[""Vega"", ""Hawk"", ""Braga"", ""Gemini"", ""Alaris""]","[0.7476393580436707, 0.5929056406021118, 0.5878409147262573, 0.5021915435791016, 0.461305171251297]"
3,centroid,1,82,Braga,Braga,"[""Braga"", ""Alcatras"", ""Trius"", ""Alaris"", ""Mytikas""]","[0.8540314435958862, 0.7541686296463013, 0.6350545883178711, 0.5923669338226318, 0.5858545303344727]"
3,centroid,1,83,Braga,Vega,"[""Vega"", ""Hawk"", ""Braga"", ""Gemini"", ""Turbine""]","[0.7056059241294861, 0.5999857187271118, 0.5358485579490662, 0.5153032541275024, 0.22638477385044098]"
3,centroid,1,84,Braga,Braga,"[""Braga"", ""Alcatras"", ""Triton"", ""Mytikas"", ""Trius""]","[0.8971181511878967, 0.5385093092918396, 0.5374383926391602, 0.5144177675247192, 0.5001821517944336]"
3,centroid,1,85,Braga,Alcatras,"[""Alcatras"", ""Castor"", ""Braga"", ""Mytikas"", ""Alaris""]","[0.7641881108283997, 0.6886175870895386, 0.6652450561523438, 0.62749183177948, 0.4819573760032654]"
3,centroid,1,86,Braga,Braga,"[""Braga"", ""Trius"", ""Alcatras"", ""Alaris"", ""Triton""]","[0.7727336883544922, 0.6695454716682434, 0.6578969359397888, 0.6447335481643677, 0.4842430353164673]"
3,centroid,1,87,Braga,Gemini,"[""Gemini"", ""Vega"", ""Braga"", ""Trius"", ""Hawk""]","[0.7480617761611938, 0.681885838508606, 0.6543886661529541, 0.47541970014572144, 0.32955485582351685]"
3,centroid,1,88,Braga,Braga,"[""Braga"", ""Alcatras"", ""Alaris"", ""Turbine"", ""Castor""]","[0.8346074223518372, 0.7426756620407104, 0.6424093246459961, 0.6085043549537659, 0.5350968241691589]"
3,centroid,1,89,Braga,Braga,"[""Braga"", ""Castor"", ""Triton"", ""Turbine"", ""Mytikas""]","[0.6981581449508667, 0.6593590378761292, 0.5918681621551514, 0.5553690195083618, 0.5481293201446533]"
3,centroid,1,90,Castor,Castor,"[""Castor"", ""Turbine"", ""Alcatras"", ""Alaris"", ""Triton""]","[0.7073427438735962, 0.6946763396263123, 0.6222691535949707, 0.533645749092102, 0.362187922000885]"
3,centroid,1,91,Castor,Castor,"[""Castor"", ""Triton"", ""Alcatras"", ""Mytikas"", ""Braga""]","[0.9052162170410156, 0.6248336434364319, 0.6047343611717224, 0.5963767766952515, 0.5322306752204895]"
3,centroid,1,92,Castor,Castor,"[""Castor"", ""Alcatras"", ""Turbine"", ""Mytikas"", ""Alaris""]","[0.8962557315826416, 0.7503811717033386, 0.5547313690185547, 0.4398813247680664, 0.4179927110671997]"
3,centroid,1,93,Castor,Castor,"[""Castor"", ""Turbine"", ""Alcatras"", ""Braga"", ""Alaris""]","[0.8892914056777954, 0.6369702219963074, 0.5777586698532104, 0.5134264826774597, 0.4142303764820099]"
3,centroid,1,94,Castor,Castor,"[""Castor"", ""Braga"", ""Triton"", ""Trius"", ""Alcatras""]","[0.8111212849617004, 0.6027204990386963, 0.5930337905883789, 0.46241283416748047, 0.42826730012893677]"
3,centroid,1,95,Castor,Castor,"[""Castor"", ""Turbine"", ""Alcatras"", ""Braga"", ""Triton""]","[0.9159101247787476, 0.586268424987793, 0.46447813510894775, 0.42730772495269775, 0.32864588499069214]"
3,centroid,1,96,Castor,Castor,"[""Castor"", ""Turbine"", ""Braga"", ""Alcatras"", ""Triton""]","[0.9354959726333618, 0.6244118809700012, 0.6067902445793152, 0.59456467628479, 0.42086461186408997]"
3,centroid,1,97,Castor,Castor,"[""Castor"", ""Triton"", ""Braga"", ""Alcatras"", ""Trius""]","[0.886897623538971, 0.7459627985954285, 0.5567153692245483, 0.5278286933898926, 0.5252437591552734]"
3,centroid,1,98,Castor,Castor,"[""Castor"", ""Triton"", ""Mytikas"", ""Alcatras"", ""Velorum""]","[0.8062511682510376, 0.5921809077262878, 0.5494670867919922, 0.46356046199798584, 0.4200844466686249]"
3,centroid,1,99,Castor,Castor,"[""Castor"", ""Alcatras"", ""Triton"", ""Alaris"", ""Turbine""]","[0.8351958394050598, 0.6319566965103149, 0.5872267484664917, 0.5515075325965881, 0.5480005741119385]"
3,centroid,1,100,Castor,Castor,"[""Castor"", ""Alcatras"", ""Triton"", ""Mytikas"", ""Alaris""]","[0.8355733156204224, 0.6262741088867188, 0.5485179424285889, 0.47186604142189026, 0.4035674035549164]"
3,centroid,1,101,Castor,Castor,"[""Castor"", ""Turbine"", ""Braga"", ""Alcatras"", ""Alaris""]","[0.8729773759841919, 0.6135998964309692, 0.49164479970932007, 0.4783850312232971, 0.3158458471298218]"
3,centroid,1,102,Castor,Castor,"[""Castor"", ""Alcatras"", ""Turbine"", ""Triton"", ""Braga""]","[0.9277678728103638, 0.6411511301994324, 0.5854735374450684, 0.5537713766098022, 0.5528768301010132]"
3,centroid,1,103,Castor,Castor,"[""Castor"", ""Triton"", ""Braga"", ""Alcatras"", ""Turbine""]","[0.940759539604187, 0.5941722393035889, 0.522400975227356, 0.49688220024108887, 0.48230284452438354]"
3,centroid,1,104,Castor,Castor,"[""Castor"", ""Braga"", ""Triton"", ""Mytikas"", ""Alcatras""]","[0.9387637376785278, 0.6061258316040039, 0.5667389035224915, 0.5623693466186523, 0.5575542449951172]"
3,centroid,1,105,Castor,Castor,"[""Castor"", ""Braga"", ""Triton"", ""Alcatras"", ""Turbine""]","[0.8966890573501587, 0.5498189926147461, 0.44583362340927124, 0.4356129467487335, 0.4062500596046448]"
3,centroid,1,106,Castor,Castor,"[""Castor"", ""Turbine"", ""Alcatras"", ""Triton"", ""Mytikas""]","[0.9050000309944153, 0.592381477355957, 0.53318852186203, 0.5210310220718384, 0.4521772861480713]"
3,centroid,1,107,Castor,Castor,"[""Castor"", ""Turbine"", ""Mytikas"", ""Braga"", ""Triton""]","[0.9252728223800659, 0.5249205231666565, 0.48646944761276245, 0.4782794713973999, 0.4724850356578827]"
3,centroid,1,108,Castor,Castor,"[""Castor"", ""Alcatras"", ""Mytikas"", ""Braga"", ""Turbine""]","[0.9462515115737915, 0.6735423803329468, 0.46571457386016846, 0.46557295322418213, 0.4527565836906433]"
3,centroid,1,109,Castor,Castor,"[""Castor"", ""Braga"", ""Alcatras"", ""Mytikas"", ""Turbine""]","[0.7781354784965515, 0.7099422812461853, 0.5800678730010986, 0.5643853545188904, 0.534164309501648]"
3,centroid,1,110,Castor,Castor,"[""Castor"", ""Triton"", ""Velorum"", ""Trius"", ""Mytikas""]","[0.7586133480072021, 0.5753668546676636, 0.43714281916618347, 0.4101388454437256, 0.36883920431137085]"
3,centroid,1,111,Castor,Castor,"[""Castor"", ""Turbine"", ""Alcatras"", ""Braga"", ""Triton""]","[0.9504534006118774, 0.5972006320953369, 0.5639708042144775, 0.5299417972564697, 0.41307199001312256]"
3,centroid,1,112,Castor,Castor,"[""Castor"", ""Alcatras"", ""Turbine"", ""Mytikas"", ""Alaris""]","[0.8484655022621155, 0.628943920135498, 0.6170264482498169, 0.5287818908691406, 0.3885921835899353]"
3,centroid,1,113,Castor,Castor,"[""Castor"", ""Alcatras"", ""Triton"", ""Braga"", ""Mytikas""]","[0.8937440514564514, 0.6792706251144409, 0.6290583610534668, 0.5948925018310547, 0.5793225169181824]"
3,centroid,1,114,Castor,Castor,"[""Castor"", ""Triton"", ""Alcatras"", ""Mytikas"", ""Braga""]","[0.9063177704811096, 0.6586300730705261, 0.6540204286575317, 0.5380374789237976, 0.4096008539199829]"
3,centroid,1,115,Castor,Castor,"[""Castor"", ""Braga"", ""Alcatras"", ""Mytikas"", ""Triton""]","[0.8817302584648132, 0.5978823900222778, 0.5705927610397339, 0.523959219455719, 0.5191829204559326]"
3,centroid,1,116,Castor,Castor,"[""Castor"", ""Alcatras"", ""Braga"", ""Turbine"", ""Triton""]","[0.9183670878410339, 0.6909658908843994, 0.5810505747795105, 0.5335298776626587, 0.4800729751586914]"
3,centroid,1,117,Castor,Castor,"[""Castor"", ""Alcatras"", ""Triton"", ""Braga"", ""Mytikas""]","[0.9381466507911682, 0.5795265436172485, 0.522430419921875, 0.456447958946228, 0.3781042695045471]"
3,centroid,1,118,Castor,Castor,"[""Castor"", ""Braga"", ""Alcatras"", ""Triton"", ""Mytikas""]","[0.921157956123352, 0.7163047790527344, 0.5985861420631409, 0.5567322969436646, 0.5277235507965088]"
3,centroid,1,119,Castor,Castor,"[""Castor"", ""Braga"", ""Alcatras"", ""Turbine"", ""Triton""]","[0.9202840328216553, 0.5766881704330444, 0.54952472448349, 0.5439598560333252, 0.4450685977935791]"
3,centroid,1,120,Castor,Castor,"[""Castor"", ""Alcatras"", ""Turbine"", ""Braga"", ""Triton""]","[0.8666437864303589, 0.588151752948761, 0.582703709602356, 0.5449754595756531, 0.42667603492736816]"
3,centroid,1,121,Castor,Castor,"[""Castor"", ""Turbine"", ""Alcatras"", ""Triton"", ""Braga""]","[0.9480032920837402, 0.5616708993911743, 0.5159820318222046, 0.4874389171600342, 0.4800070524215698]"
3,centroid,1,122,Denom,Denom,"[""Denom"", ""Nivalis"", ""Ratikon"", ""Ilias"", ""Velorum""]","[0.8622913360595703, 0.7418619394302368, 0.734013557434082, 0.5952215194702148, 0.34164944291114807]"
3,centroid,1,123,Denom,Denom,"[""Denom"", ""Nivalis"", ""Ratikon"", ""Ilias"", ""Velorum""]","[0.866736888885498, 0.8464148640632629, 0.7377322912216187, 0.45040857791900635, 0.3903212547302246]"
3,centroid,1,124,Denom,Denom,"[""Denom"", ""Ratikon"", ""Nivalis"", ""Ilias"", ""Velorum""]","[0.8551199436187744, 0.8101636171340942, 0.7387436628341675, 0.3817070722579956, 0.1933082640171051]"
3,centroid,1,125,Denom,Denom,"[""Denom"", ""Ratikon"", ""Nivalis"", ""Ilias"", ""Velorum""]","[0.9395488500595093, 0.8426291942596436, 0.7740376591682434, 0.62233966588974, 0.42109715938568115]"
3,centroid,1,126,Denom,Denom,"[""Denom"", ""Nivalis"", ""Ratikon"", ""Velorum"", ""Ilias""]","[0.9272307753562927, 0.7012923955917358, 0.6546280980110168, 0.2930527925491333, 0.2625413239002228]"
3,centroid,1,127,Denom,Denom,"[""Denom"", ""Ratikon"", ""Ilias"", ""Nivalis"", ""Velorum""]","[0.8091153502464294, 0.7462742924690247, 0.6387431025505066, 0.577582836151123, 0.15804749727249146]"
3,centroid,1,128,Denom,Ratikon,"[""Ratikon"", ""Denom"", ""Nivalis"", ""Ilias"", ""Velorum""]","[0.8853703737258911, 0.8691731691360474, 0.731472373008728, 0.5324752330780029, 0.1802741289138794]"
3,centroid,1,129,Denom,Denom,"[""Denom"", ""Nivalis"", ""Ratikon"", ""Ilias"", ""Velorum""]","[0.9401324391365051, 0.8078595399856567, 0.739241898059845, 0.4299772381782532, 0.3738512396812439]"
3,centroid,1,130,Denom,Denom,"[""Denom"", ""Ratikon"", ""Ilias"", ""Nivalis"", ""Velorum""]","[0.8249331712722778, 0.7957897186279297, 0.6613427400588989, 0.6222937107086182, 0.46841156482696533]"
3,centroid,1,131,Denom,Denom,"[""Denom"", ""Ratikon"", ""Nivalis"", ""Ilias"", ""Velorum""]","[0.9319367408752441, 0.8275860548019409, 0.6438308954238892, 0.5326006412506104, 0.2031169831752777]"
3,centroid,1,132,Denom,Denom,"[""Denom"", ""Ratikon"", ""Nivalis"", ""Velorum"", ""Ilias""]","[0.8547095656394958, 0.6908227205276489, 0.6668590307235718, 0.5707883238792419, 0.5703163743019104]"
3,centroid,1,133,Denom,Denom,"[""Denom"", ""Ratikon"", ""Ilias"", ""Nivalis"", ""Velorum""]","[0.9080077409744263, 0.7241334915161133, 0.5468857884407043, 0.4947887361049652, 0.27097123861312866]"
3,centroid,1,134,Denom,Denom,"[""Denom"", ""Ratikon"", ""Nivalis"", ""Ilias"", ""Velorum""]","[0.8753877878189087, 0.8395608067512512, 0.732998251914978, 0.5106555223464966, 0.26624706387519836]"
3,centroid,1,135,Denom,Denom,"[""Denom"", ""Ratikon"", ""Nivalis"", ""Ilias"", ""Velorum""]","[0.8543174266815186, 0.7915024757385254, 0.70728999376297, 0.519644021987915, 0.492992103099823]"
3,centroid,1,136,Denom,Denom,"[""Denom"", ""Nivalis"", ""Ratikon"", ""Ilias"", ""Velorum""]","[0.9035396575927734, 0.6984236836433411, 0.6665899753570557, 0.2815987467765808, 0.13568514585494995]"
3,centroid,1,137,Denom,Denom,"[""Denom"", ""Nivalis"", ""Ratikon"", ""Ilias"", ""Velorum""]","[0.8424732685089111, 0.7798454165458679, 0.7693694233894348, 0.3055727481842041, 0.16280615329742432]"
3,centroid,1,138,Denom,Denom,"[""Denom"", ""Ratikon"", ""Nivalis"", ""Ilias"", ""Velorum""]","[0.850672721862793, 0.7720633745193481, 0.7498382329940796, 0.49153202772140503, 0.4033205509185791]"
3,centroid,1,139,Denom,Denom,"[""Denom"", ""Ratikon"", ""Nivalis"", ""Ilias"", ""Xtreme""]","[0.8207522630691528, 0.5313526391983032, 0.4710896909236908, 0.32838937640190125, 0.17108574509620667]"
3,centroid,1,140,Denom,Denom,"[""Denom"", ""Nivalis"", ""Ratikon"", ""Velorum"", ""Ilias""]","[0.9282000064849854, 0.5938400626182556, 0.5654982328414917, 0.4647975564002991, 0.43006160855293274]"
3,centroid,1,141,Denom,Denom,"[""Denom"", ""Ratikon"", ""Nivalis"", ""Velorum"", ""Ilias""]","[0.9126577377319336, 0.7091313004493713, 0.7065043449401855, 0.488179475069046, 0.41098082065582275]"
3,centroid,1,142,Denom,Denom,"[""Denom"", ""Nivalis"", ""Ratikon"", ""Ilias"", ""Gemini""]","[0.7929147481918335, 0.5899072289466858, 0.5697859525680542, 0.5115489959716797, 0.36376118659973145]"
3,centroid,1,143,Denom,Denom,"[""Denom"", ""Ratikon"", ""Nivalis"", ""Ilias"", ""Velorum""]","[0.8676323294639587, 0.7814284563064575, 0.6343340873718262, 0.4086715579032898, 0.10334670543670654]"
3,centroid,1,144,Denom,Denom,"[""Denom"", ""Velorum"", ""Ratikon"", ""Nivalis"", ""Ilias""]","[0.8413459062576294, 0.7001657485961914, 0.6052401065826416, 0.6023218631744385, 0.5367131233215332]"
3,centroid,1,145,Denom,Denom,"[""Denom"", ""Ratikon"", ""Nivalis"", ""Ilias"", ""Gemini""]","[0.8415377140045166, 0.6682494878768921, 0.5416026711463928, 0.501897931098938, 0.21461883187294006]"
3,centroid,1,146,Denom,Velorum,"[""Velorum"", ""Ilias"", ""Nivalis"", ""Triton"", ""Trius""]","[0.8687189817428589, 0.5942901372909546, 0.46412113308906555, 0.39926841855049133, 0.39172762632369995]"
3,centroid,1,147,Denom,Denom,"[""Denom"", ""Ratikon"", ""Nivalis"", ""Ilias"", ""Velorum""]","[0.9387196898460388, 0.7892752289772034, 0.7201948165893555, 0.5245699882507324, 0.27489110827445984]"
3,centroid,1,148,Denom,Denom,"[""Denom"", ""Nivalis"", ""Ratikon"", ""Velorum"", ""Ilias""]","[0.8894650340080261, 0.7568311095237732, 0.726430356502533, 0.7014856338500977, 0.5581310391426086]"
3,centroid,1,149,Denom,Denom,"[""Denom"", ""Ratikon"", ""Nivalis"", ""Ilias"", ""Velorum""]","[0.906857967376709, 0.837239146232605, 0.8224407434463501, 0.5521005392074585, 0.40150386095046997]"
3,centroid,1,150,Denom,Denom,"[""Denom"", ""Nivalis"", ""Ratikon"", ""Ilias"", ""Velorum""]","[0.9519748091697693, 0.7146186828613281, 0.6715508699417114, 0.5651145577430725, 0.4817378520965576]"
3,centroid,1,151,Denom,Denom,"[""Denom"", ""Ratikon"", ""Nivalis"", ""Ilias"", ""Velorum""]","[0.8817518353462219, 0.824728786945343, 0.7883754372596741, 0.4264110326766968, 0.31976914405822754]"
3,centroid,1,152,Denom,Denom,"[""Denom"", ""Nivalis"", ""Ratikon"", ""Ilias"", ""Velorum""]","[0.809720516204834, 0.747615396976471, 0.7220008373260498, 0.20669063925743103, 0.06298688054084778]"
3,centroid,1,153,Denom,Denom,"[""Denom"", ""Nivalis"", ""Ratikon"", ""Ilias"", ""Velorum""]","[0.9013358354568481, 0.8038458228111267, 0.7439402341842651, 0.37944668531417847, 0.36557257175445557]"
3,centroid,1,154,Denom,Denom,"[""Denom"", ""Ratikon"", ""Ilias"", ""Nivalis"", ""Velorum""]","[0.7702160477638245, 0.5727559328079224, 0.5457255840301514, 0.4163663983345032, 0.28634756803512573]"
3,centroid,1,155,Denom,Denom,"[""Denom"", ""Nivalis"", ""Ratikon"", ""Velorum"", ""Ilias""]","[0.8716121912002563, 0.7790262699127197, 0.6532987356185913, 0.5131503343582153, 0.4445769786834717]"
3,centroid,1,156,Denom,Denom,"[""Denom"", ""Nivalis"", ""Ratikon"", ""Ilias"", ""Velorum""]","[0.9400061368942261, 0.7372747659683228, 0.6394516229629517, 0.4132179021835327, 0.25564971566200256]"
3,centroid,1,157,Denom,Denom,"[""Denom"", ""Velorum"", ""Ilias"", ""Ratikon"", ""Nivalis""]","[0.7970011234283447, 0.7153116464614868, 0.6366389393806458, 0.6243054866790771, 0.501358151435852]"
3,centroid,1,158,Denom,Denom,"[""Denom"", ""Velorum"", ""Ilias"", ""Trius"", ""Nivalis""]","[0.7507253885269165, 0.6283942461013794, 0.5294155478477478, 0.5149510502815247, 0.4143778681755066]"
3,centroid,1,159,Gemini,Gemini,"[""Gemini"", ""Braga"", ""Trius"", ""Vega"", ""Xtreme""]","[0.8771880865097046, 0.5285186767578125, 0.4934266209602356, 0.4637894928455353, 0.41993749141693115]"
3,centroid,1,160,Gemini,Gemini,"[""Gemini"", ""Hawk"", ""Vega"", ""Alaris"", ""Braga""]","[0.6506552696228027, 0.4699628949165344, 0.386697918176651, 0.2055482268333435, 0.18336935341358185]"
3,centroid,1,161,Gemini,Gemini,"[""Gemini"", ""Vega"", ""Braga"", ""Xtreme"", ""Trius""]","[0.9248889088630676, 0.5056869983673096, 0.3920453190803528, 0.3781762719154358, 0.33402764797210693]"
3,centroid,1,162,Gemini,Gemini,"[""Gemini"", ""Denom"", ""Xtreme"", ""Trius"", ""Vega""]","[0.8404297232627869, 0.420792818069458, 0.39856427907943726, 0.3891044855117798, 0.3635614216327667]"
3,centroid,1,163,Gemini,Gemini,"[""Gemini"", ""Vega"", ""Hawk"", ""Braga"", ""Trius""]","[0.7208374738693237, 0.7027852535247803, 0.5516608953475952, 0.38547492027282715, 0.35733598470687866]"
3,centroid,1,164,Gemini,Gemini,"[""Gemini"", ""Vega"", ""Trius"", ""Braga"", ""Triton""]","[0.7613219022750854, 0.7541083097457886, 0.5380914211273193, 0.46995124220848083, 0.3386453688144684]"
3,centroid,1,165,Gemini,Gemini,"[""Gemini"", ""Braga"", ""Trius"", ""Vega"", ""Triton""]","[0.8856328129768372, 0.532209038734436, 0.5311815738677979, 0.5009281039237976, 0.46410632133483887]"
3,centroid,1,166,Gemini,Vega,"[""Vega"", ""Gemini"", ""Trius"", ""Braga"", ""Hawk""]","[0.6780475378036499, 0.6707372665405273, 0.4783472716808319, 0.449751079082489, 0.4399709105491638]"
3,centroid,1,167,Gemini,Gemini,"[""Gemini"", ""Xtreme"", ""Vega"", ""Trius"", ""Braga""]","[0.8535572290420532, 0.4477829933166504, 0.4091673493385315, 0.2898072898387909, 0.23427928984165192]"
3,centroid,1,168,Gemini,Braga,"[""Braga"", ""Vega"", ""Gemini"", ""Trius"", ""Triton""]","[0.7063912749290466, 0.6461222767829895, 0.5898078680038452, 0.5276503562927246, 0.47278010845184326]"
3,centroid,1,169,Gemini,Xtreme,"[""Xtreme"", ""Gemini"", ""Braga"", ""Hawk"", ""Alcatras""]","[0.7050079703330994, 0.68546062707901, 0.556293785572052, 0.4691295921802521, 0.26193249225616455]"
3,centroid,1,170,Gemini,Gemini,"[""Gemini"", ""Hawk"", ""Vega"", ""Braga"", ""Alaris""]","[0.7718297839164734, 0.6173105835914612, 0.6106829643249512, 0.5424007177352905, 0.31936782598495483]"
3,centroid,1,171,Gemini,Gemini,"[""Gemini"", ""Braga"", ""Xtreme"", ""Vega"", ""Trius""]","[0.9070285558700562, 0.48984190821647644, 0.48256486654281616, 0.45461735129356384, 0.2732927203178406]"
3,centroid,1,172,Gemini,Gemini,"[""Gemini"", ""Xtreme"", ""Vega"", ""Trius"", ""Hawk""]","[0.8879719972610474, 0.48128190636634827, 0.3690503239631653, 0.2972032427787781, 0.2430395781993866]"
3,centroid,1,173,Gemini,Gemini,"[""Gemini"", ""Vega"", ""Xtreme"", ""Braga"", ""Turbine""]","[0.7693590521812439, 0.5467702150344849, 0.3623422384262085, 0.35980111360549927, 0.17471188306808472]"
3,centroid,1,174,Gemini,Vega,"[""Vega"", ""Gemini"", ""Trius"", ""Alaris"", ""Hawk""]","[0.7073304653167725, 0.6179406046867371, 0.4758860468864441, 0.4219002425670624, 0.3364647328853607]"
3,centroid,1,175,Gemini,Gemini,"[""Gemini"", ""Vega"", ""Trius"", ""Ilias"", ""Hawk""]","[0.742189347743988, 0.5733753442764282, 0.3802432417869568, 0.2916654348373413, 0.21658745408058167]"
3,centroid,1,176,Gemini,Gemini,"[""Gemini"", ""Vega"", ""Xtreme"", ""Denom"", ""Braga""]","[0.5467844605445862, 0.40929436683654785, 0.3036699891090393, 0.2970997393131256, 0.2908097803592682]"
3,centroid,1,177,Gemini,Gemini,"[""Gemini"", ""Vega"", ""Trius"", ""Braga"", ""Ilias""]","[0.8643168210983276, 0.6040589809417725, 0.5151593089103699, 0.36701011657714844, 0.2495734691619873]"
3,centroid,1,178,Gemini,Gemini,"[""Gemini"", ""Trius"", ""Ilias"", ""Vega"", ""Denom""]","[0.811797022819519, 0.5144976377487183, 0.4652929902076721, 0.37081414461135864, 0.32466408610343933]"
3,centroid,1,179,Gemini,Gemini,"[""Gemini"", ""Vega"", ""Trius"", ""Hawk"", ""Ilias""]","[0.8263412714004517, 0.5166357755661011, 0.3783635199069977, 0.30328497290611267, 0.24706770479679108]"
3,centroid,1,180,Gemini,Gemini,"[""Gemini"", ""Braga"", ""Trius"", ""Vega"", ""Hawk""]","[0.8282804489135742, 0.6507939696311951, 0.5477787256240845, 0.5161007642745972, 0.4298791289329529]"
3,centroid,1,181,Gemini,Hawk,"[""Hawk"", ""Mytikas"", ""Gemini"", ""Braga"", ""Turbine""]","[0.5807651281356812, 0.37084078788757324, 0.32386770844459534, 0.2659267783164978, 0.26148685812950134]"
3,centroid,1,182,Gemini,Gemini,"[""Gemini"", ""Braga"", ""Trius"", ""Vega"", ""Hawk""]","[0.836800754070282, 0.7982485294342041, 0.5199195146560669, 0.4953671991825104, 0.4062272012233734]"
3,centroid,1,183,Gemini,Gemini,"[""Gemini"", ""Braga"", ""Vega"", ""Trius"", ""Xtreme""]","[0.8978127241134644, 0.5922677516937256, 0.5133036375045776, 0.49811846017837524, 0.4672597646713257]"
3,centroid,1,184,Gemini,Gemini,"[""Gemini"", ""Xtreme"", ""Vega"", ""Trius"", ""Hawk""]","[0.8737801313400269, 0.4898139238357544, 0.4186980724334717, 0.21252471208572388, 0.16482464969158173]"
3,centroid,1,185,Gemini,Xtreme,"[""Xtreme"", ""Gemini"", ""Braga"", ""Trius"", ""Triton""]","[0.8002028465270996, 0.7965354919433594, 0.44253700971603394, 0.3811548948287964, 0.30472540855407715]"
3,centroid,1,186,Hawk,Hawk,"[""Hawk"", ""Braga"", ""Turbine"", ""Gemini"", ""Alaris""]","[0.827653169631958, 0.4983738660812378, 0.4544393718242645, 0.31626632809638977, 0.3001764416694641]"
3,centroid,1,187,Hawk,Hawk,"[""Hawk"", ""Turbine"", ""Vega"", ""Alaris"", ""Braga""]","[0.8509734869003296, 0.5663584470748901, 0.5023642778396606, 0.45098018646240234, 0.4098370373249054]"
3,centroid,1,188,Hawk,Hawk,"[""Hawk"", ""Vega"", ""Turbine"", ""Braga"", ""Alaris""]","[0.9231933951377869, 0.48095154762268066, 0.30943039059638977, 0.2643371522426605, 0.22162318229675293]"
3,centroid,1,189,Hawk,Hawk,"[""Hawk"", ""Alaris"", ""Turbine"", ""Alcatras"", ""Vega""]","[0.8727763891220093, 0.44872811436653137, 0.4082763195037842, 0.36917585134506226, 0.2558363974094391]"
3,centroid,1,190,Hawk,Hawk,"[""Hawk"", ""Alcatras"", ""Braga"", ""Turbine"", ""Alaris""]","[0.7453843355178833, 0.6789049506187439, 0.6278620958328247, 0.5254133343696594, 0.5069665908813477]"
3,centroid,1,191,Hawk,Hawk,"[""Hawk"", ""Braga"", ""Turbine"", ""Gemini"", ""Vega""]","[0.8989694118499756, 0.42461487650871277, 0.4170970916748047, 0.2998102605342865, 0.23387858271598816]"
3,centroid,1,192,Hawk,Hawk,"[""Hawk"", ""Turbine"", ""Alaris"", ""Alcatras"", ""Braga""]","[0.7915643453598022, 0.5082567930221558, 0.43704351782798767, 0.42734476923942566, 0.3395850956439972]"
3,centroid,1,193,Hawk,Hawk,"[""Hawk"", ""Alaris"", ""Vega"", ""Turbine"", ""Alcatras""]","[0.9004926681518555, 0.5002907514572144, 0.46745651960372925, 0.39398592710494995, 0.28428566455841064]"
3,centroid,1,194,Hawk,Hawk,"[""Hawk"", ""Alaris"", ""Alcatras"", ""Turbine"", ""Vega""]","[0.8510795831680298, 0.48328208923339844, 0.47484031319618225, 0.42405834794044495, 0.3098158836364746]"
3,centroid,1,195,Hawk,Hawk,"[""Hawk"", ""Turbine"", ""Vega"", ""Braga"", ""Alaris""]","[0.9063390493392944, 0.38096868991851807, 0.3360850512981415, 0.20127639174461365, 0.16074872016906738]"
3,centroid,1,196,Hawk,Hawk,"[""Hawk"", ""Vega"", ""Turbine"", ""Alaris"", ""Braga""]","[0.8896790742874146, 0.5668964385986328, 0.5023120045661926, 0.26503270864486694, 0.2644980549812317]"
3,centroid,1,197,Hawk,Hawk,"[""Hawk"", ""Alcatras"", ""Alaris"", ""Braga"", ""Turbine""]","[0.7572842836380005, 0.6985514760017395, 0.5400751233100891, 0.5207146406173706, 0.503093421459198]"
3,centroid,1,198,Hawk,Hawk,"[""Hawk"", ""Turbine"", ""Alcatras"", ""Alaris"", ""Vega""]","[0.8768330812454224, 0.3564693331718445, 0.33971744775772095, 0.2698277235031128, 0.18582426011562347]"
3,centroid,1,199,Hawk,Hawk,"[""Hawk"", ""Xtreme"", ""Gemini"", ""Turbine"", ""Velorum""]","[0.7056800127029419, 0.39877980947494507, 0.20935913920402527, 0.18722572922706604, 0.08260359615087509]"
3,centroid,1,200,Hawk,Hawk,"[""Hawk"", ""Alaris"", ""Turbine"", ""Vega"", ""Alcatras""]","[0.919569194316864, 0.45626792311668396, 0.45506972074508667, 0.4149208664894104, 0.3573261499404907]"
3,centroid,1,201,Hawk,Turbine,"[""Turbine"", ""Hawk"", ""Alaris"", ""Alcatras"", ""Vega""]","[0.7407410144805908, 0.6717228889465332, 0.6181109547615051, 0.5303871035575867, 0.29657435417175293]"
3,centroid,1,202,Hawk,Hawk,"[""Hawk"", ""Turbine"", ""Alaris"", ""Vega"", ""Alcatras""]","[0.8950014710426331, 0.5061428546905518, 0.4862372577190399, 0.4561217427253723, 0.347423255443573]"
3,centroid,1,203,Hawk,Hawk,"[""Hawk"", ""Vega"", ""Turbine"", ""Alaris"", ""Gemini""]","[0.7941778302192688, 0.5338873863220215, 0.3246448040008545, 0.20352719724178314, 0.12439757585525513]"
3,centroid,1,204,Hawk,Hawk,"[""Hawk"", ""Turbine"", ""Braga"", ""Vega"", ""Alcatras""]","[0.9200061559677124, 0.3296717703342438, 0.31266337633132935, 0.26572126150131226, 0.22739312052726746]"
3,centroid,1,205,Hawk,Hawk,"[""Hawk"", ""Alcatras"", ""Turbine"", ""Alaris"", ""Vega""]","[0.716030478477478, 0.4106762111186981, 0.3526316285133362, 0.3492291569709778, 0.304952472448349]"
3,centroid,1,206,Hawk,Hawk,"[""Hawk"", ""Alcatras"", ""Turbine"", ""Alaris"", ""Braga""]","[0.873702883720398, 0.5495831370353699, 0.5289583206176758, 0.4674138128757477, 0.43328526616096497]"
3,centroid,1,207,Hawk,Hawk,"[""Hawk"", ""Braga"", ""Turbine"", ""Vega"", ""Alcatras""]","[0.8180789947509766, 0.5100563764572144, 0.3850284218788147, 0.34808310866355896, 0.3236221671104431]"
3,centroid,1,208,Hawk,Hawk,"[""Hawk"", ""Turbine"", ""Alcatras"", ""Alaris"", ""Braga""]","[0.8254895210266113, 0.39615923166275024, 0.2662583887577057, 0.25190556049346924, 0.14294317364692688]"
3,centroid,1,209,Hawk,Hawk,"[""Hawk"", ""Alcatras"", ""Alaris"", ""Turbine"", ""Braga""]","[0.8116644620895386, 0.4900834262371063, 0.41102755069732666, 0.291902095079422, 0.25914913415908813]"
3,centroid,1,210,Hawk,Hawk,"[""Hawk"", ""Vega"", ""Turbine"", ""Braga"", ""Gemini""]","[0.8318074941635132, 0.6296780109405518, 0.529178261756897, 0.37490183115005493, 0.2515106201171875]"
3,centroid,1,211,Ilias,Ilias,"[""Ilias"", ""Ratikon"", ""Velorum"", ""Nivalis"", ""Denom""]","[0.7147512435913086, 0.6269529461860657, 0.4848829209804535, 0.45833396911621094, 0.20737865567207336]"
3,centroid,1,212,Ilias,Ilias,"[""Ilias"", ""Velorum"", ""Triton"", ""Ratikon"", ""Nivalis""]","[0.787908136844635, 0.6627148389816284, 0.4187919795513153, 0.3425094187259674, 0.31862688064575195]"
3,centroid,1,213,Ilias,Ilias,"[""Ilias"", ""Ratikon"", ""Denom"", ""Nivalis"", ""Triton""]","[0.8444731831550598, 0.671011209487915, 0.5257362127304077, 0.36997362971305847, 0.24634277820587158]"
3,centroid,1,214,Ilias,Velorum,"[""Velorum"", ""Ilias"", ""Denom"", ""Ratikon"", ""Nivalis""]","[0.8738881349563599, 0.7720560431480408, 0.6274176836013794, 0.6002777218818665, 0.5154078006744385]"
3,centroid,1,215,Ilias,Ilias,"[""Ilias"", ""Triton"", ""Ratikon"", ""Gemini"", ""Velorum""]","[0.5833480358123779, 0.42697757482528687, 0.2144480049610138, 0.21292507648468018, 0.14909720420837402]"
3,centroid,1,216,Ilias,Ilias,"[""Ilias"", ""Ratikon"", ""Denom"", ""Velorum"", ""Nivalis""]","[0.7768405079841614, 0.7671945095062256, 0.609513521194458, 0.6072899103164673, 0.5978573560714722]"
3,centroid,1,217,Ilias,Ilias,"[""Ilias"", ""Velorum"", ""Ratikon"", ""Nivalis"", ""Triton""]","[0.8244714140892029, 0.6572439670562744, 0.5580252408981323, 0.39758792519569397, 0.3771980106830597]"
3,centroid,1,218,Ilias,Alcatras,"[""Alcatras"", ""Ilias"", ""Velorum"", ""Triton"", ""Alaris""]","[0.4660431146621704, 0.3884458839893341, 0.3665432929992676, 0.3351649045944214, 0.299167275428772]"
3,centroid,1,219,Ilias,Ilias,"[""Ilias"", ""Ratikon"", ""Denom"", ""Velorum"", ""Nivalis""]","[0.8337849378585815, 0.6806015968322754, 0.47855591773986816, 0.4013960361480713, 0.284158319234848]"
3,centroid,1,220,Ilias,Velorum,"[""Velorum"", ""Denom"", ""Ilias"", ""Ratikon"", ""Nivalis""]","[0.7641246914863586, 0.7519453763961792, 0.7392613291740417, 0.7073699235916138, 0.6306813955307007]"
3,centroid,1,221,Ilias,Ratikon,"[""Ratikon"", ""Denom"", ""Ilias"", ""Nivalis"", ""Velorum""]","[0.7851095795631409, 0.6798508167266846, 0.5064692497253418, 0.4442492425441742, 0.24959781765937805]"
3,centroid,1,222,Ilias,Ilias,"[""Ilias"", ""Ratikon"", ""Velorum"", ""Triton"", ""Denom""]","[0.8496987223625183, 0.5904746055603027, 0.43567603826522827, 0.359111487865448, 0.34362632036209106]"
3,centroid,1,223,Ilias,Ilias,"[""Ilias"", ""Velorum"", ""Denom"", ""Ratikon"", ""Triton""]","[0.9384802579879761, 0.6351114511489868, 0.5745453238487244, 0.5503211617469788, 0.4494832754135132]"
3,centroid,1,224,Ilias,Ilias,"[""Ilias"", ""Ratikon"", ""Denom"", ""Nivalis"", ""Velorum""]","[0.8319412469863892, 0.7159023284912109, 0.6577991247177124, 0.3949257731437683, 0.23274832963943481]"
3,centroid,1,225,Ilias,Ilias,"[""Ilias"", ""Triton"", ""Ratikon"", ""Velorum"", ""Trius""]","[0.8706215620040894, 0.4849398732185364, 0.4674502909183502, 0.36581143736839294, 0.31859591603279114]"
3,centroid,1,226,Ilias,Ilias,"[""Ilias"", ""Ratikon"", ""Nivalis"", ""Velorum"", ""Denom""]","[0.8801020383834839, 0.6765491962432861, 0.5245279669761658, 0.4717012643814087, 0.4068203568458557]"
3,centroid,1,227,Ilias,Ilias,"[""Ilias"", ""Velorum"", ""Triton"", ""Ratikon"", ""Denom""]","[0.7995994091033936, 0.6075601577758789, 0.5687761306762695, 0.4126216769218445, 0.39317524433135986]"
3,centroid,1,228,Ilias,Ilias,"[""Ilias"", ""Ratikon"", ""Nivalis"", ""Denom"", ""Triton""]","[0.7836886644363403, 0.5191989541053772, 0.34005939960479736, 0.20503532886505127, 0.20264694094657898]"
3,centroid,1,229,Ilias,Ilias,"[""Ilias"", ""Velorum"", ""Ratikon"", ""Denom"", ""Nivalis""]","[0.7602970004081726, 0.7241060733795166, 0.7165047526359558, 0.5585792064666748, 0.5046378374099731]"
3,centroid,1,230,Ilias,Ilias,"[""Ilias"", ""Triton"", ""Velorum"", ""Ratikon"", ""Denom""]","[0.8840848207473755, 0.4985266923904419, 0.47591739892959595, 0.4283286929130554, 0.3685486912727356]"
3,centroid,1,231,Ilias,Ilias,"[""Ilias"", ""Ratikon"", ""Denom"", ""Nivalis"", ""Velorum""]","[0.8574455976486206, 0.7349846363067627, 0.511780321598053, 0.48942840099334717, 0.24399971961975098]"
3,centroid,1,232,Ilias,Ratikon,"[""Ratikon"", ""Ilias"", ""Nivalis"", ""Denom"", ""Velorum""]","[0.8209368586540222, 0.7850887179374695, 0.49901169538497925, 0.40700533986091614, 0.22917377948760986]"
3,centroid,1,233,Ilias,Ilias,"[""Ilias"", ""Ratikon"", ""Denom"", ""Triton"", ""Velorum""]","[0.8538212776184082, 0.5230430960655212, 0.34901243448257446, 0.26076486706733704, 0.23092061281204224]"
3,centroid,1,234,Ilias,Ilias,"[""Ilias"", ""Velorum"", ""Ratikon"", ""Denom"", ""Nivalis""]","[0.9243439435958862, 0.5979219675064087, 0.5967456698417664, 0.42131325602531433, 0.3883930444717407]"
3,centroid,1,235,Ilias,Ilias,"[""Ilias"", ""Ratikon"", ""Denom"", ""Nivalis"", ""Velorum""]","[0.8245958089828491, 0.6380394697189331, 0.5212636590003967, 0.42532268166542053, 0.26523154973983765]"
3,centroid,1,236,Ilias,Ilias,"[""Ilias"", ""Ratikon"", ""Nivalis"", ""Denom"", ""Velorum""]","[0.7520655393600464, 0.740018904209137, 0.6497498750686646, 0.42545560002326965, 0.4030219614505768]"
3,centroid,1,237,Ilias,Ilias,"[""Ilias"", ""Ratikon"", ""Denom"", ""Triton"", ""Velorum""]","[0.8806410431861877, 0.5914000272750854, 0.3844088912010193, 0.3520926833152771, 0.33764612674713135]"
3,centroid,1,238,Ilias,Velorum,"[""Velorum"", ""Ilias"", ""Triton"", ""Denom"", ""Trius""]","[0.8206897974014282, 0.6293119192123413, 0.4421047568321228, 0.42008113861083984, 0.38262873888015747]"
3,centroid,1,239,Ilias,Ratikon,"[""Ratikon"", ""Ilias"", ""Denom"", ""Nivalis"", ""Vega""]","[0.7304861545562744, 0.69562828540802, 0.44791436195373535, 0.4254496991634369, 0.07384815812110901]"
3,centroid,1,240,Mytikas,Triton,"[""Triton"", ""Alcatras"", ""Castor"", ""Mytikas"", ""Trius""]","[0.7975064516067505, 0.6554549932479858, 0.6172197461128235, 0.5463749170303345, 0.5265330672264099]"
3,centroid,1,241,Mytikas,Mytikas,"[""Mytikas"", ""Trius"", ""Triton"", ""Velorum"", ""Gemini""]","[0.8152614831924438, 0.5474492311477661, 0.545667290687561, 0.30516517162323, 0.28714433312416077]"
3,centroid,1,242,Mytikas,Mytikas,"[""Mytikas"", ""Triton"", ""Trius"", ""Ilias"", ""Alcatras""]","[0.787804365158081, 0.726661741733551, 0.6653395891189575, 0.4470607042312622, 0.39747869968414307]"
3,centroid,1,243,Mytikas,Mytikas,"[""Mytikas"", ""Trius"", ""Triton"", ""Alcatras"", ""Braga""]","[0.9009196758270264, 0.8135885000228882, 0.7743325233459473, 0.4867878556251526, 0.4427068531513214]"
3,centroid,1,244,Mytikas,Mytikas,"[""Mytikas"", ""Triton"", ""Castor"", ""Trius"", ""Alcatras""]","[0.8666322231292725, 0.7278449535369873, 0.5703396201133728, 0.4593905806541443, 0.4484397768974304]"
3,centroid,1,245,Mytikas,Triton,"[""Triton"", ""Mytikas"", ""Trius"", ""Alcatras"", ""Castor""]","[0.8588610887527466, 0.7903885841369629, 0.6481444835662842, 0.6430705189704895, 0.5481746196746826]"
3,centroid,1,246,Mytikas,Mytikas,"[""Mytikas"", ""Trius"", ""Braga"", ""Triton"", ""Vega""]","[0.7385110855102539, 0.5784744024276733, 0.4871533215045929, 0.4249919652938843, 0.2836124897003174]"
3,centroid,1,247,Mytikas,Mytikas,"[""Mytikas"", ""Triton"", ""Velorum"", ""Trius"", ""Castor""]","[0.8798406720161438, 0.6511605978012085, 0.5022104382514954, 0.4616283178329468, 0.42991024255752563]"
3,centroid,1,248,Mytikas,Mytikas,"[""Mytikas"", ""Trius"", ""Braga"", ""Castor"", ""Triton""]","[0.758002758026123, 0.3703622817993164, 0.3323368430137634, 0.2917000651359558, 0.2800852358341217]"
3,centroid,1,249,Mytikas,Mytikas,"[""Mytikas"", ""Castor"", ""Triton"", ""Braga"", ""Alcatras""]","[0.830991804599762, 0.5363473892211914, 0.5332030057907104, 0.4244445562362671, 0.3781316578388214]"
3,centroid,1,250,Mytikas,Mytikas,"[""Mytikas"", ""Triton"", ""Trius"", ""Alcatras"", ""Braga""]","[0.8227963447570801, 0.8196637630462646, 0.6067704558372498, 0.47600802779197693, 0.4488394558429718]"
3,centroid,1,251,Mytikas,Triton,"[""Triton"", ""Mytikas"", ""Trius"", ""Velorum"", ""Alcatras""]","[0.8098936080932617, 0.7110353708267212, 0.6573981046676636, 0.5957520008087158, 0.5794037580490112]"
3,centroid,1,252,Mytikas,Braga,"[""Braga"", ""Triton"", ""Trius"", ""Castor"", ""Alcatras""]","[0.6574139595031738, 0.6543436050415039, 0.5788632035255432, 0.44275858998298645, 0.41201651096343994]"
3,centroid,1,253,Mytikas,Mytikas,"[""Mytikas"", ""Triton"", ""Alcatras"", ""Castor"", ""Trius""]","[0.7960793972015381, 0.680417537689209, 0.5964418649673462, 0.4774837791919708, 0.454590380191803]"
3,centroid,1,254,Mytikas,Castor,"[""Castor"", ""Triton"", ""Mytikas"", ""Braga"", ""Alcatras""]","[0.7997984886169434, 0.791182279586792, 0.6026483774185181, 0.5788362622261047, 0.5694433450698853]"
3,centroid,1,255,Mytikas,Alcatras,"[""Alcatras"", ""Braga"", ""Mytikas"", ""Castor"", ""Triton""]","[0.6754231452941895, 0.6642873883247375, 0.6600611209869385, 0.6175452470779419, 0.5866881608963013]"
3,centroid,1,256,Mytikas,Mytikas,"[""Mytikas"", ""Alcatras"", ""Trius"", ""Castor"", ""Triton""]","[0.715785562992096, 0.639124870300293, 0.6265190839767456, 0.6135016679763794, 0.5277464389801025]"
3,centroid,1,257,Mytikas,Triton,"[""Triton"", ""Mytikas"", ""Alcatras"", ""Trius"", ""Castor""]","[0.8589146137237549, 0.7611251473426819, 0.6683451533317566, 0.662090539932251, 0.6284879446029663]"
3,centroid,1,258,Mytikas,Triton,"[""Triton"", ""Castor"", ""Mytikas"", ""Alcatras"", ""Braga""]","[0.8005896210670471, 0.7676013112068176, 0.7264708280563354, 0.6020336151123047, 0.579039990901947]"
3,centroid,1,259,Mytikas,Triton,"[""Triton"", ""Mytikas"", ""Trius"", ""Castor"", ""Alcatras""]","[0.8996701836585999, 0.7507268190383911, 0.6284939050674438, 0.44610682129859924, 0.43514469265937805]"
3,centroid,1,260,Mytikas,Triton,"[""Triton"", ""Mytikas"", ""Braga"", ""Castor"", ""Trius""]","[0.8427838683128357, 0.7220214009284973, 0.553026556968689, 0.5221514701843262, 0.505209743976593]"
3,centroid,1,261,Mytikas,Mytikas,"[""Mytikas"", ""Triton"", ""Trius"", ""Braga"", ""Castor""]","[0.8756237030029297, 0.8206296563148499, 0.6382710933685303, 0.5391784906387329, 0.5161250829696655]"
3,centroid,1,262,Mytikas,Triton,"[""Triton"", ""Mytikas"", ""Castor"", ""Trius"", ""Braga""]","[0.819126546382904, 0.808477520942688, 0.5019063949584961, 0.4857609272003174, 0.3624502420425415]"
3,centroid,1,263,Mytikas,Mytikas,"[""Mytikas"", ""Alcatras"", ""Alaris"", ""Trius"", ""Braga""]","[0.7742475867271423, 0.7289412021636963, 0.6417660713195801, 0.6383817195892334, 0.5933616161346436]"
3,centroid,1,264,Mytikas,Mytikas,"[""Mytikas"", ""Triton"", ""Castor"", ""Alcatras"", ""Trius""]","[0.7953387498855591, 0.7602363228797913, 0.6305001974105835, 0.602323055267334, 0.5835804343223572]"
3,centroid,1,265,Mytikas,Mytikas,"[""Mytikas"", ""Triton"", ""Braga"", ""Trius"", ""Castor""]","[0.7217230796813965, 0.5654487013816833, 0.4825989305973053, 0.46619752049446106, 0.4179866313934326]"
3,centroid,1,266,Mytikas,Trius,"[""Trius"", ""Mytikas"", ""Velorum"", ""Triton"", ""Alcatras""]","[0.6629006862640381, 0.5395609140396118, 0.5286646485328674, 0.411354124546051, 0.281602680683136]"
3,centroid,1,267,Nivalis,Nivalis,"[""Nivalis"", ""Denom"", ""Ratikon"", ""Ilias"", ""Velorum""]","[0.8770857453346252, 0.7748129963874817, 0.6766684055328369, 0.36444130539894104, 0.17405977845191956]"
3,centroid,1,268,Nivalis,Nivalis,"[""Nivalis"", ""Denom"", ""Ratikon"", ""Mytikas"", ""Steel_Wheel""]","[0.773349940776825, 0.3140662610530853, 0.2521837055683136, 0.15816104412078857, 0.07145582139492035]"
3,centroid,1,269,Nivalis,Nivalis,"[""Nivalis"", ""Denom"", ""Ratikon"", ""Velorum"", ""Ilias""]","[0.9594295620918274, 0.7711646556854248, 0.6655941009521484, 0.4054909944534302, 0.3769645690917969]"
3,centroid,1,270,Nivalis,Nivalis,"[""Nivalis"", ""Denom"", ""Velorum"", ""Ratikon"", ""Ilias""]","[0.7478448152542114, 0.7239176034927368, 0.6557518839836121, 0.5887976288795471, 0.4156028926372528]"
3,centroid,1,271,Nivalis,Nivalis,"[""Nivalis"", ""Denom"", ""Ratikon"", ""Velorum"", ""Ilias""]","[0.93547123670578, 0.7506122589111328, 0.6257669925689697, 0.43646103143692017, 0.30337798595428467]"
3,centroid,1,272,Nivalis,Nivalis,"[""Nivalis"", ""Denom"", ""Ratikon"", ""Ilias"", ""Velorum""]","[0.870380163192749, 0.7624632716178894, 0.5499365925788879, 0.2992381453514099, 0.13914650678634644]"
3,centroid,1,273,Nivalis,Nivalis,"[""Nivalis"", ""Denom"", ""Ratikon"", ""Ilias"", ""Velorum""]","[0.9090515971183777, 0.7250750064849854, 0.7172092795372009, 0.348236620426178, 0.2527395188808441]"
3,centroid,1,274,Nivalis,Denom,"[""Denom"", ""Nivalis"", ""Ratikon"", ""Velorum"", ""Ilias""]","[0.8654384016990662, 0.8109050989151001, 0.5246584415435791, 0.48994067311286926, 0.3051081597805023]"
3,centroid,1,275,Nivalis,Denom,"[""Denom"", ""Nivalis"", ""Ratikon"", ""Ilias"", ""Vega""]","[0.7233662009239197, 0.6725060939788818, 0.605415403842926, 0.14908528327941895, 0.14297498762607574]"
3,centroid,1,276,Nivalis,Denom,"[""Denom"", ""Nivalis"", ""Ratikon"", ""Velorum"", ""Ilias""]","[0.8232760429382324, 0.7921608686447144, 0.791295051574707, 0.6054270267486572, 0.5004487633705139]"
3,centroid,1,277,Nivalis,Nivalis,"[""Nivalis"", ""Denom"", ""Ratikon"", ""Velorum"", ""Ilias""]","[0.9207361936569214, 0.7322942614555359, 0.608687698841095, 0.5931695699691772, 0.3764578700065613]"
3,centroid,1,278,Nivalis,Nivalis,"[""Nivalis"", ""Denom"", ""Ratikon"", ""Ilias"", ""Vega""]","[0.7456134557723999, 0.5430731773376465, 0.5302221775054932, 0.38870370388031006, 0.3162471354007721]"
3,centroid,1,279,Nivalis,Ratikon,"[""Ratikon"", ""Nivalis"", ""Denom"", ""Ilias"", ""Velorum""]","[0.8741084337234497, 0.7392889857292175, 0.7332466244697571, 0.6414520740509033, 0.5409430861473083]"
3,centroid,1,280,Nivalis,Denom,"[""Denom"", ""Ratikon"", ""Nivalis"", ""Ilias"", ""Velorum""]","[0.8758156299591064, 0.8005245923995972, 0.7522495985031128, 0.4510512948036194, 0.10604212433099747]"
3,centroid,1,281,Nivalis,Denom,"[""Denom"", ""Nivalis"", ""Ratikon"", ""Velorum"", ""Ilias""]","[0.8673205375671387, 0.7865551114082336, 0.616552472114563, 0.5414397120475769, 0.44393491744995117]"
3,centroid,1,282,Nivalis,Nivalis,"[""Nivalis"", ""Denom"", ""Ratikon"", ""Ilias"", ""Velorum""]","[0.8034520149230957, 0.6656237244606018, 0.6629218459129333, 0.6584564447402954, 0.41386330127716064]"
3,centroid,1,283,Nivalis,Nivalis,"[""Nivalis"", ""Denom"", ""Ratikon"", ""Velorum"", ""Ilias""]","[0.8565587401390076, 0.5722848176956177, 0.4278845191001892, 0.4252240061759949, 0.3994094133377075]"
3,centroid,1,284,Nivalis,Nivalis,"[""Nivalis"", ""Ratikon"", ""Denom"", ""Ilias"", ""Vega""]","[0.8029044270515442, 0.4922340512275696, 0.48990920186042786, 0.10312263667583466, -0.022788796573877335]"
3,centroid,1,285,Nivalis,Nivalis,"[""Nivalis"", ""Denom"", ""Ratikon"", ""Ilias"", ""Velorum""]","[0.881110668182373, 0.5378270149230957, 0.4759175777435303, 0.31844958662986755, 0.21778661012649536]"
3,centroid,1,286,Nivalis,Velorum,"[""Velorum"", ""Nivalis"", ""Ilias"", ""Denom"", ""Ratikon""]","[0.7485344409942627, 0.6984315514564514, 0.5912468433380127, 0.5699606537818909, 0.5040075182914734]"
3,centroid,1,287,Nivalis,Nivalis,"[""Nivalis"", ""Denom"", ""Ratikon"", ""Ilias"", ""Velorum""]","[0.9113563299179077, 0.760587215423584, 0.6917921304702759, 0.5358843207359314, 0.4769570827484131]"
3,centroid,1,288,Nivalis,Nivalis,"[""Nivalis"", ""Ratikon"", ""Denom"", ""Ilias"", ""Vega""]","[0.759033203125, 0.4149353802204132, 0.3510129153728485, 0.10293687880039215, 0.06551593542098999]"
3,centroid,1,289,Ratikon,Ratikon,"[""Ratikon"", ""Denom"", ""Ilias"", ""Nivalis"", ""Velorum""]","[0.9283936023712158, 0.8075395226478577, 0.698613703250885, 0.666473388671875, 0.3045857548713684]"
3,centroid,1,290,Ratikon,Ratikon,"[""Ratikon"", ""Denom"", ""Nivalis"", ""Ilias"", ""Vega""]","[0.8936803340911865, 0.639822781085968, 0.49857473373413086, 0.39079296588897705, 0.16995705664157867]"
3,centroid,1,291,Ratikon,Ratikon,"[""Ratikon"", ""Nivalis"", ""Denom"", ""Ilias"", ""Velorum""]","[0.8161944150924683, 0.7011846303939819, 0.6627211570739746, 0.3994194567203522, 0.08385477215051651]"
3,centroid,1,292,Ratikon,Ratikon,"[""Ratikon"", ""Nivalis"", ""Denom"", ""Ilias"", ""Velorum""]","[0.8352159261703491, 0.6659330725669861, 0.6345317363739014, 0.4131787419319153, 0.030689232051372528]"
3,centroid,1,293,Ratikon,Ratikon,"[""Ratikon"", ""Denom"", ""Nivalis"", ""Ilias"", ""Velorum""]","[0.7872275114059448, 0.7626338005065918, 0.6112963557243347, 0.42061933875083923, 0.3612009584903717]"
3,centroid,1,294,Ratikon,Ratikon,"[""Ratikon"", ""Ilias"", ""Nivalis"", ""Denom"", ""Velorum""]","[0.9250703454017639, 0.7633373737335205, 0.7046092748641968, 0.6853675246238708, 0.4683231711387634]"
3,centroid,1,295,Ratikon,Ratikon,"[""Ratikon"", ""Denom"", ""Nivalis"", ""Ilias"", ""Velorum""]","[0.8699057102203369, 0.7392610311508179, 0.6502287983894348, 0.38785117864608765, -0.016841042786836624]"
3,centroid,1,296,Ratikon,Ratikon,"[""Ratikon"", ""Ilias"", ""Denom"", ""Nivalis"", ""Velorum""]","[0.8076590299606323, 0.6300932168960571, 0.6068227887153625, 0.5602020621299744, 0.32101356983184814]"
3,centroid,1,297,Ratikon,Ratikon,"[""Ratikon"", ""Nivalis"", ""Denom"", ""Ilias"", ""Velorum""]","[0.8336144685745239, 0.7652888894081116, 0.7567968368530273, 0.4211735129356384, 0.030782479792833328]"
3,centroid,1,298,Ratikon,Ratikon,"[""Ratikon"", ""Ilias"", ""Denom"", ""Nivalis"", ""Velorum""]","[0.866420567035675, 0.7893138527870178, 0.5305236577987671, 0.44476866722106934, 0.3663225769996643]"
3,centroid,1,299,Ratikon,Ratikon,"[""Ratikon"", ""Denom"", ""Ilias"", ""Nivalis"", ""Velorum""]","[0.9382023215293884, 0.71112459897995, 0.5757238268852234, 0.5598272085189819, 0.09007377922534943]"
3,centroid,1,300,Ratikon,Ratikon,"[""Ratikon"", ""Denom"", ""Nivalis"", ""Ilias"", ""Steel_Wheel""]","[0.6480865478515625, 0.607776939868927, 0.48609891533851624, 0.07161356508731842, 0.05976305529475212]"
3,centroid,1,301,Ratikon,Ratikon,"[""Ratikon"", ""Nivalis"", ""Denom"", ""Ilias"", ""Velorum""]","[0.9235534071922302, 0.667783260345459, 0.6416772603988647, 0.6111336946487427, 0.09031908959150314]"
3,centroid,1,302,Ratikon,Ratikon,"[""Ratikon"", ""Denom"", ""Ilias"", ""Nivalis"", ""Velorum""]","[0.7799916863441467, 0.5793346762657166, 0.5470219850540161, 0.5432813763618469, 0.5105751752853394]"
3,centroid,1,303,Ratikon,Ratikon,"[""Ratikon"", ""Denom"", ""Ilias"", ""Nivalis"", ""Velorum""]","[0.9002817869186401, 0.6187697649002075, 0.589279294013977, 0.5359854698181152, 0.3526732921600342]"
3,centroid,1,304,Ratikon,Ratikon,"[""Ratikon"", ""Nivalis"", ""Denom"", ""Ilias"", ""Velorum""]","[0.915829062461853, 0.6916071176528931, 0.6246160268783569, 0.5911126136779785, 0.15157419443130493]"
3,centroid,1,305,Ratikon,Ratikon,"[""Ratikon"", ""Nivalis"", ""Ilias"", ""Denom"", ""Vega""]","[0.8836986422538757, 0.5857957601547241, 0.5282430052757263, 0.5066408514976501, 0.011803563684225082]"
3,centroid,1,306,Ratikon,Ratikon,"[""Ratikon"", ""Denom"", ""Ilias"", ""Nivalis"", ""Velorum""]","[0.7888529300689697, 0.6534559726715088, 0.545912504196167, 0.3264217674732208, 0.22622938454151154]"
3,centroid,1,307,Ratikon,Ratikon,"[""Ratikon"", ""Nivalis"", ""Denom"", ""Ilias"", ""Alaris""]","[0.7633806467056274, 0.601259171962738, 0.5912861227989197, 0.32340991497039795, 0.004926835186779499]"
3,centroid,1,308,Ratikon,Ratikon,"[""Ratikon"", ""Ilias"", ""Denom"", ""Nivalis"", ""Velorum""]","[0.7592363357543945, 0.5538604259490967, 0.40382954478263855, 0.33805420994758606, 0.2724076211452484]"
3,centroid,1,309,Ratikon,Ratikon,"[""Ratikon"", ""Ilias"", ""Denom"", ""Nivalis"", ""Velorum""]","[0.8107651472091675, 0.7641138434410095, 0.6219138503074646, 0.46260762214660645, 0.30484074354171753]"
3,centroid,1,310,Ratikon,Ratikon,"[""Ratikon"", ""Nivalis"", ""Denom"", ""Ilias"", ""Velorum""]","[0.9176955223083496, 0.771276593208313, 0.7676376700401306, 0.4399852156639099, 0.1715528964996338]"
3,centroid,1,311,Ratikon,Denom,"[""Denom"", ""Ratikon"", ""Ilias"", ""Nivalis"", ""Velorum""]","[0.7783446311950684, 0.7591918706893921, 0.6954455375671387, 0.6827464699745178, 0.38813066482543945]"
3,centroid,1,312,Ratikon,Ratikon,"[""Ratikon"", ""Ilias"", ""Denom"", ""Nivalis"", ""Velorum""]","[0.9563378095626831, 0.6815982460975647, 0.6027061939239502, 0.5748722553253174, 0.15582065284252167]"
3,centroid,1,313,Ratikon,Nivalis,"[""Nivalis"", ""Ratikon"", ""Denom"", ""Velorum"", ""Ilias""]","[0.7551517486572266, 0.7524926662445068, 0.7196177244186401, 0.5153072476387024, 0.36077040433883667]"
3,centroid,1,314,Ratikon,Ilias,"[""Ilias"", ""Ratikon"", ""Denom"", ""Nivalis"", ""Velorum""]","[0.7850806713104248, 0.7514138221740723, 0.7188804149627686, 0.6556516289710999, 0.40452685952186584]"
3,centroid,1,315,Ratikon,Denom,"[""Denom"", ""Ilias"", ""Ratikon"", ""Nivalis"", ""Velorum""]","[0.819893479347229, 0.7131043672561646, 0.6143046617507935, 0.5126672983169556, 0.4097709357738495]"
3,centroid,1,316,Ratikon,Ratikon,"[""Ratikon"", ""Nivalis"", ""Denom"", ""Ilias"", ""Vega""]","[0.892302393913269, 0.6608566045761108, 0.629645586013794, 0.40053990483283997, 0.038454629480838776]"
3,centroid,1,317,Steel_Wheel,Steel_Wheel,"[""Steel_Wheel"", ""Xtreme"", ""Gemini"", ""Hawk"", ""Turbine""]","[0.8795755505561829, 0.1619834452867508, -0.05508081242442131, -0.10638807713985443, -0.10803882032632828]"
3,centroid,1,318,Steel_Wheel,Steel_Wheel,"[""Steel_Wheel"", ""Castor"", ""Hawk"", ""Turbine"", ""Alaris""]","[0.9238998889923096, 0.007354091852903366, 0.002475704997777939, -0.01494482159614563, -0.016859911382198334]"
3,centroid,1,319,Steel_Wheel,Steel_Wheel,"[""Steel_Wheel"", ""Xtreme"", ""Castor"", ""Hawk"", ""Turbine""]","[0.9470117092132568, -0.00542696937918663, -0.06067386269569397, -0.08083558082580566, -0.08753301948308945]"
3,centroid,1,320,Steel_Wheel,Steel_Wheel,"[""Steel_Wheel"", ""Xtreme"", ""Turbine"", ""Castor"", ""Hawk""]","[0.9561116695404053, 0.00906071811914444, -0.046592727303504944, -0.060772623866796494, -0.11942495405673981]"
3,centroid,1,321,Steel_Wheel,Steel_Wheel,"[""Steel_Wheel"", ""Xtreme"", ""Turbine"", ""Castor"", ""Hawk""]","[0.9300049543380737, 0.06771174818277359, 0.04055972769856453, 0.02018141746520996, 0.0168017391115427]"
3,centroid,1,322,Steel_Wheel,Steel_Wheel,"[""Steel_Wheel"", ""Nivalis"", ""Denom"", ""Alaris"", ""Castor""]","[0.9607539176940918, -0.03943628817796707, -0.06015586107969284, -0.060507744550704956, -0.06541561335325241]"
3,centroid,1,323,Steel_Wheel,Steel_Wheel,"[""Steel_Wheel"", ""Mytikas"", ""Nivalis"", ""Velorum"", ""Denom""]","[0.9492374658584595, 0.06155935302376747, 0.025247804820537567, -0.02465527504682541, -0.025803599506616592]"
3,centroid,1,324,Steel_Wheel,Steel_Wheel,"[""Steel_Wheel"", ""Xtreme"", ""Nivalis"", ""Castor"", ""Velorum""]","[0.9539336562156677, 0.015063479542732239, -0.10114459693431854, -0.11107105761766434, -0.12260445952415466]"
3,centroid,1,325,Steel_Wheel,Steel_Wheel,"[""Steel_Wheel"", ""Castor"", ""Velorum"", ""Xtreme"", ""Mytikas""]","[0.9481968283653259, 0.002286979928612709, -0.0013899020850658417, -0.027302958071231842, -0.052307166159152985]"
3,centroid,1,326,Steel_Wheel,Steel_Wheel,"[""Steel_Wheel"", ""Denom"", ""Ratikon"", ""Xtreme"", ""Velorum""]","[0.9400995969772339, 0.034827567636966705, 0.015407368540763855, -0.016788803040981293, -0.042867645621299744]"
3,centroid,1,327,Steel_Wheel,Steel_Wheel,"[""Steel_Wheel"", ""Nivalis"", ""Ratikon"", ""Hawk"", ""Denom""]","[0.9428382515907288, 0.014600513502955437, 0.014202732592821121, 0.014157414436340332, -0.007938999682664871]"
3,centroid,1,328,Steel_Wheel,Steel_Wheel,"[""Steel_Wheel"", ""Xtreme"", ""Turbine"", ""Castor"", ""Mytikas""]","[0.9779013395309448, 0.02086840197443962, -0.03594768047332764, -0.04805494099855423, -0.05270203948020935]"
3,centroid,1,329,Steel_Wheel,Steel_Wheel,"[""Steel_Wheel"", ""Castor"", ""Xtreme"", ""Mytikas"", ""Alcatras""]","[0.9553647041320801, 0.11229382455348969, 0.08074495196342468, 0.01882787048816681, -0.02041679248213768]"
3,centroid,1,330,Steel_Wheel,Steel_Wheel,"[""Steel_Wheel"", ""Nivalis"", ""Xtreme"", ""Denom"", ""Velorum""]","[0.8794339299201965, 0.1461826115846634, 0.05233127623796463, 0.009039999917149544, -0.007259070873260498]"
3,centroid,1,331,Steel_Wheel,Steel_Wheel,"[""Steel_Wheel"", ""Xtreme"", ""Hawk"", ""Turbine"", ""Nivalis""]","[0.9678831100463867, 0.002044200897216797, -0.0330447256565094, -0.05515637248754501, -0.11150262504816055]"
3,centroid,1,332,Steel_Wheel,Steel_Wheel,"[""Steel_Wheel"", ""Xtreme"", ""Ratikon"", ""Velorum"", ""Castor""]","[0.9562218189239502, 0.009882137179374695, -0.04045424237847328, -0.10965129733085632, -0.12201514840126038]"
3,centroid,1,333,Steel_Wheel,Steel_Wheel,"[""Steel_Wheel"", ""Xtreme"", ""Nivalis"", ""Ratikon"", ""Denom""]","[0.9783087968826294, 0.03543078899383545, -0.06871312111616135, -0.08135131001472473, -0.10211718082427979]"
3,centroid,1,334,Steel_Wheel,Steel_Wheel,"[""Steel_Wheel"", ""Xtreme"", ""Nivalis"", ""Ratikon"", ""Denom""]","[0.9448622465133667, 0.03940786421298981, 0.037435583770275116, -0.029237762093544006, -0.029867706820368767]"
3,centroid,1,335,Steel_Wheel,Steel_Wheel,"[""Steel_Wheel"", ""Xtreme"", ""Ratikon"", ""Ilias"", ""Denom""]","[0.8863324522972107, 0.0992535874247551, 0.051087506115436554, -0.01975410059094429, -0.04153427481651306]"
3,centroid,1,336,Steel_Wheel,Steel_Wheel,"[""Steel_Wheel"", ""Nivalis"", ""Denom"", ""Velorum"", ""Ratikon""]","[0.9562215805053711, 0.0810493603348732, -0.018276091665029526, -0.02542007900774479, -0.036590080708265305]"
3,centroid,1,337,Steel_Wheel,Steel_Wheel,"[""Steel_Wheel"", ""Xtreme"", ""Mytikas"", ""Alcatras"", ""Hawk""]","[0.8685014843940735, 0.2513881325721741, 0.06369093060493469, 0.0466681569814682, 0.012466639280319214]"
3,centroid,1,338,Steel_Wheel,Steel_Wheel,"[""Steel_Wheel"", ""Xtreme"", ""Hawk"", ""Nivalis"", ""Turbine""]","[0.96294766664505, -0.007298275828361511, -0.026199892163276672, -0.032336458563804626, -0.037393033504486084]"
3,centroid,1,339,Steel_Wheel,Denom,"[""Denom"", ""Ratikon"", ""Nivalis"", ""Xtreme"", ""Steel_Wheel""]","[0.4588378965854645, 0.2902767062187195, 0.14909963309764862, -0.0031627118587493896, -0.06493725627660751]"
3,centroid,1,340,Steel_Wheel,Steel_Wheel,"[""Steel_Wheel"", ""Mytikas"", ""Velorum"", ""Nivalis"", ""Castor""]","[0.9757354855537415, 0.013558350503444672, -0.009212309494614601, -0.023322757333517075, -0.045681387186050415]"
3,centroid,1,341,Steel_Wheel,Steel_Wheel,"[""Steel_Wheel"", ""Mytikas"", ""Nivalis"", ""Xtreme"", ""Turbine""]","[0.927535891532898, 0.09214581549167633, 0.03632275015115738, -0.025242924690246582, -0.03603806346654892]"
3,centroid,1,342,Steel_Wheel,Steel_Wheel,"[""Steel_Wheel"", ""Velorum"", ""Xtreme"", ""Nivalis"", ""Alcatras""]","[0.9501331448554993, 0.09700857102870941, 0.05676497146487236, -0.011984305456280708, -0.021882086992263794]"
3,centroid,1,343,Steel_Wheel,Steel_Wheel,"[""Steel_Wheel"", ""Velorum"", ""Nivalis"", ""Ratikon"", ""Denom""]","[0.9591000080108643, 0.04173770546913147, 0.018572960048913956, -0.012729352340102196, -0.021511230617761612]"
3,centroid,1,344,Steel_Wheel,Steel_Wheel,"[""Steel_Wheel"", ""Xtreme"", ""Turbine"", ""Mytikas"", ""Hawk""]","[0.9377278685569763, 0.09524928778409958, -0.014527793973684311, -0.023714741691946983, -0.07912136614322662]"
3,centroid,1,345,Steel_Wheel,Steel_Wheel,"[""Steel_Wheel"", ""Xtreme"", ""Turbine"", ""Hawk"", ""Castor""]","[0.9183836579322815, 0.17103172838687897, -0.00894489698112011, -0.07298173010349274, -0.08159534633159637]"
3,centroid,1,346,Steel_Wheel,Steel_Wheel,"[""Steel_Wheel"", ""Nivalis"", ""Velorum"", ""Denom"", ""Mytikas""]","[0.9659997820854187, 0.07421203702688217, 0.06615179032087326, 0.0055090440437197685, -0.0021684616804122925]"
3,centroid,1,347,Steel_Wheel,Steel_Wheel,"[""Steel_Wheel"", ""Ratikon"", ""Nivalis"", ""Velorum"", ""Xtreme""]","[0.9336305856704712, 0.05072738230228424, 0.007714599370956421, 0.002322002314031124, -0.025185085833072662]"
3,centroid,1,348,Steel_Wheel,Steel_Wheel,"[""Steel_Wheel"", ""Castor"", ""Alcatras"", ""Alaris"", ""Mytikas""]","[0.9584305286407471, 0.0327099971473217, 0.025170153006911278, 0.005249977111816406, 0.0016255490481853485]"
3,centroid,1,349,Steel_Wheel,Steel_Wheel,"[""Steel_Wheel"", ""Nivalis"", ""Velorum"", ""Ratikon"", ""Xtreme""]","[0.9738158583641052, 0.011660212650895119, -0.0040761809796094894, -0.02407238446176052, -0.052292387932538986]"
3,centroid,1,350,Steel_Wheel,Steel_Wheel,"[""Steel_Wheel"", ""Mytikas"", ""Hawk"", ""Xtreme"", ""Velorum""]","[0.8950245976448059, 0.15014846622943878, 0.14569371938705444, 0.08027033507823944, 0.048685457557439804]"
3,centroid,1,351,Steel_Wheel,Steel_Wheel,"[""Steel_Wheel"", ""Xtreme"", ""Mytikas"", ""Nivalis"", ""Gemini""]","[0.9270222187042236, 0.09894455969333649, 0.05616607517004013, -0.04748775437474251, -0.10083183646202087]"
3,centroid,1,352,Triton,Triton,"[""Triton"", ""Mytikas"", ""Trius"", ""Castor"", ""Braga""]","[0.8934003710746765, 0.6589479446411133, 0.6446766257286072, 0.5154247283935547, 0.38681256771087646]"
3,centroid,1,353,Triton,Triton,"[""Triton"", ""Trius"", ""Mytikas"", ""Braga"", ""Castor""]","[0.941336989402771, 0.7386459112167358, 0.6337485313415527, 0.49935978651046753, 0.3989757001399994]"
3,centroid,1,354,Triton,Triton,"[""Triton"", ""Castor"", ""Braga"", ""Trius"", ""Mytikas""]","[0.8545944690704346, 0.6540127396583557, 0.6007286310195923, 0.5423897504806519, 0.5417463183403015]"
3,centroid,1,355,Triton,Triton,"[""Triton"", ""Trius"", ""Castor"", ""Braga"", ""Mytikas""]","[0.8389612436294556, 0.5913197994232178, 0.5287666320800781, 0.44975051283836365, 0.3996239900588989]"
3,centroid,1,356,Triton,Velorum,"[""Velorum"", ""Triton"", ""Trius"", ""Castor"", ""Alcatras""]","[0.7978483438491821, 0.6942172646522522, 0.5495555400848389, 0.4918273389339447, 0.4619418978691101]"
3,centroid,1,357,Triton,Triton,"[""Triton"", ""Castor"", ""Braga"", ""Trius"", ""Mytikas""]","[0.7314807176589966, 0.6328309774398804, 0.46668729186058044, 0.4374140501022339, 0.32181546092033386]"
3,centroid,1,358,Triton,Triton,"[""Triton"", ""Trius"", ""Mytikas"", ""Braga"", ""Gemini""]","[0.8929580450057983, 0.7631469964981079, 0.6659716367721558, 0.6526123285293579, 0.5217623114585876]"
3,centroid,1,359,Triton,Triton,"[""Triton"", ""Trius"", ""Mytikas"", ""Braga"", ""Ilias""]","[0.8877886533737183, 0.7356618642807007, 0.6001983880996704, 0.45204034447669983, 0.43424129486083984]"
3,centroid,1,360,Triton,Alcatras,"[""Alcatras"", ""Triton"", ""Trius"", ""Alaris"", ""Mytikas""]","[0.7737943530082703, 0.7698145508766174, 0.6459549069404602, 0.5788519382476807, 0.5571111440658569]"
3,centroid,1,361,Triton,Triton,"[""Triton"", ""Mytikas"", ""Trius"", ""Alcatras"", ""Castor""]","[0.8620753884315491, 0.8239967823028564, 0.7271298170089722, 0.5774836540222168, 0.46278446912765503]"
3,centroid,1,362,Triton,Triton,"[""Triton"", ""Mytikas"", ""Trius"", ""Alcatras"", ""Castor""]","[0.8775348663330078, 0.6656951904296875, 0.6424987316131592, 0.6248307228088379, 0.5111184120178223]"
3,centroid,1,363,Triton,Triton,"[""Triton"", ""Velorum"", ""Castor"", ""Trius"", ""Mytikas""]","[0.7698771357536316, 0.5565220713615417, 0.484402060508728, 0.47341907024383545, 0.4365139603614807]"
3,centroid,1,364,Triton,Triton,"[""Triton"", ""Mytikas"", ""Trius"", ""Castor"", ""Alcatras""]","[0.8867548704147339, 0.7514433860778809, 0.6122406721115112, 0.5940554141998291, 0.513293445110321]"
3,centroid,1,365,Triton,Mytikas,"[""Mytikas"", ""Alcatras"", ""Triton"", ""Trius"", ""Alaris""]","[0.7237419486045837, 0.7126733064651489, 0.6986111402511597, 0.6924452781677246, 0.688610315322876]"
3,centroid,1,366,Triton,Triton,"[""Triton"", ""Mytikas"", ""Castor"", ""Trius"", ""Alcatras""]","[0.8839225769042969, 0.77189040184021, 0.6414045095443726, 0.5944469571113586, 0.5535835027694702]"
3,centroid,1,367,Triton,Triton,"[""Triton"", ""Mytikas"", ""Trius"", ""Alcatras"", ""Braga""]","[0.8853695392608643, 0.7368018627166748, 0.6415243148803711, 0.5175684690475464, 0.5048706531524658]"
3,centroid,1,368,Triton,Triton,"[""Triton"", ""Mytikas"", ""Trius"", ""Braga"", ""Castor""]","[0.9052634239196777, 0.6135411262512207, 0.6038869619369507, 0.543586015701294, 0.542092502117157]"
3,centroid,1,369,Triton,Triton,"[""Triton"", ""Trius"", ""Mytikas"", ""Velorum"", ""Ilias""]","[0.7591910362243652, 0.6420282125473022, 0.6319273710250854, 0.6028379201889038, 0.41566285490989685]"
3,centroid,1,370,Triton,Triton,"[""Triton"", ""Trius"", ""Braga"", ""Mytikas"", ""Castor""]","[0.9574712514877319, 0.7427868843078613, 0.6218528747558594, 0.5870099067687988, 0.550672173500061]"
3,centroid,1,371,Triton,Triton,"[""Triton"", ""Mytikas"", ""Castor"", ""Braga"", ""Trius""]","[0.8479723334312439, 0.6392890810966492, 0.5083532333374023, 0.49346107244491577, 0.48511838912963867]"
3,centroid,1,372,Triton,Triton,"[""Triton"", ""Trius"", ""Mytikas"", ""Velorum"", ""Alcatras""]","[0.825497031211853, 0.7928176522254944, 0.7549681663513184, 0.5272234678268433, 0.5174698233604431]"
3,centroid,1,373,Triton,Triton,"[""Triton"", ""Mytikas"", ""Trius"", ""Ilias"", ""Alcatras""]","[0.9033656120300293, 0.6992335319519043, 0.680332362651825, 0.42183375358581543, 0.4151875972747803]"
3,centroid,1,374,Triton,Triton,"[""Triton"", ""Trius"", ""Mytikas"", ""Braga"", ""Castor""]","[0.9564622640609741, 0.8054176568984985, 0.7281166315078735, 0.6139808893203735, 0.4620070457458496]"
3,centroid,1,375,Triton,Trius,"[""Trius"", ""Braga"", ""Triton"", ""Mytikas"", ""Alcatras""]","[0.894351601600647, 0.7461190223693848, 0.7377781867980957, 0.7148168087005615, 0.623510479927063]"
3,centroid,1,376,Triton,Triton,"[""Triton"", ""Trius"", ""Alcatras"", ""Velorum"", ""Mytikas""]","[0.7122358083724976, 0.5875316858291626, 0.5337172746658325, 0.5094524621963501, 0.4764021635055542]"
3,centroid,1,377,Triton,Triton,"[""Triton"", ""Alcatras"", ""Trius"", ""Mytikas"", ""Castor""]","[0.8240770101547241, 0.7405892610549927, 0.7379825115203857, 0.6891026496887207, 0.5963132381439209]"
3,centroid,1,378,Triton,Triton,"[""Triton"", ""Trius"", ""Mytikas"", ""Braga"", ""Alcatras""]","[0.9640529155731201, 0.8118004202842712, 0.6950480341911316, 0.6674702763557434, 0.5312318205833435]"
3,centroid,1,379,Triton,Triton,"[""Triton"", ""Trius"", ""Braga"", ""Mytikas"", ""Gemini""]","[0.8702987432479858, 0.727025032043457, 0.7023962140083313, 0.5214757323265076, 0.4918868839740753]"
3,centroid,1,380,Triton,Triton,"[""Triton"", ""Trius"", ""Mytikas"", ""Alcatras"", ""Castor""]","[0.8851693868637085, 0.7990202307701111, 0.680644690990448, 0.6353475451469421, 0.5887536406517029]"
3,centroid,1,381,Triton,Triton,"[""Triton"", ""Mytikas"", ""Trius"", ""Braga"", ""Alcatras""]","[0.838725209236145, 0.7853176593780518, 0.7509939074516296, 0.6772780418395996, 0.6268413662910461]"
3,centroid,1,382,Triton,Triton,"[""Triton"", ""Trius"", ""Mytikas"", ""Alcatras"", ""Braga""]","[0.8572371006011963, 0.7113412618637085, 0.680742084980011, 0.611244261264801, 0.49663400650024414]"
3,centroid,1,383,Triton,Mytikas,"[""Mytikas"", ""Triton"", ""Trius"", ""Alcatras"", ""Alaris""]","[0.8072190284729004, 0.7966161370277405, 0.6717033386230469, 0.4044003486633301, 0.3366655707359314]"
3,centroid,1,384,Triton,Triton,"[""Triton"", ""Trius"", ""Mytikas"", ""Velorum"", ""Alcatras""]","[0.8432151079177856, 0.628068208694458, 0.569668173789978, 0.5642799139022827, 0.5484392642974854]"
3,centroid,1,385,Triton,Triton,"[""Triton"", ""Castor"", ""Mytikas"", ""Trius"", ""Braga""]","[0.8766556978225708, 0.7651128768920898, 0.6304874420166016, 0.573908805847168, 0.5582618713378906]"
3,centroid,1,386,Triton,Triton,"[""Triton"", ""Trius"", ""Braga"", ""Mytikas"", ""Gemini""]","[0.8623637557029724, 0.8248506784439087, 0.694598913192749, 0.5423978567123413, 0.47626936435699463]"
3,centroid,1,387,Triton,Triton,"[""Triton"", ""Trius"", ""Ilias"", ""Mytikas"", ""Braga""]","[0.8441500663757324, 0.5798541903495789, 0.5162596702575684, 0.43050679564476013, 0.3431623578071594]"
3,centroid,1,388,Triton,Triton,"[""Triton"", ""Mytikas"", ""Alcatras"", ""Castor"", ""Trius""]","[0.7166197299957275, 0.7162941098213196, 0.6122256517410278, 0.5539482831954956, 0.47351863980293274]"
3,centroid,1,389,Triton,Triton,"[""Triton"", ""Mytikas"", ""Trius"", ""Alcatras"", ""Castor""]","[0.7837539911270142, 0.6985050439834595, 0.6113033890724182, 0.534785807132721, 0.39683035016059875]"
3,centroid,1,390,Triton,Triton,"[""Triton"", ""Trius"", ""Braga"", ""Castor"", ""Alcatras""]","[0.7671168446540833, 0.7266653776168823, 0.6408809423446655, 0.5849273204803467, 0.472633957862854]"
3,centroid,1,391,Triton,Triton,"[""Triton"", ""Mytikas"", ""Trius"", ""Braga"", ""Castor""]","[0.9207377433776855, 0.8178287744522095, 0.7887590527534485, 0.6789013147354126, 0.5569811463356018]"
3,centroid,1,392,Triton,Triton,"[""Triton"", ""Mytikas"", ""Trius"", ""Ilias"", ""Braga""]","[0.8654478788375854, 0.6040113568305969, 0.5837458372116089, 0.49015867710113525, 0.3258589804172516]"
3,centroid,1,393,Triton,Castor,"[""Castor"", ""Alcatras"", ""Triton"", ""Alaris"", ""Braga""]","[0.8024707436561584, 0.756676435470581, 0.6962463855743408, 0.5854930281639099, 0.5563756227493286]"
3,centroid,1,394,Triton,Triton,"[""Triton"", ""Trius"", ""Mytikas"", ""Castor"", ""Braga""]","[0.9511136412620544, 0.7346353530883789, 0.6476760506629944, 0.5281673073768616, 0.5126636028289795]"
3,centroid,1,395,Triton,Triton,"[""Triton"", ""Mytikas"", ""Trius"", ""Braga"", ""Alcatras""]","[0.9250980615615845, 0.7975358366966248, 0.7197600603103638, 0.5512235164642334, 0.5246120691299438]"
3,centroid,1,396,Triton,Triton,"[""Triton"", ""Braga"", ""Mytikas"", ""Trius"", ""Castor""]","[0.845185399055481, 0.7094419002532959, 0.6565895676612854, 0.6424950361251831, 0.6183164715766907]"
3,centroid,1,397,Triton,Triton,"[""Triton"", ""Mytikas"", ""Trius"", ""Alcatras"", ""Velorum""]","[0.9040177464485168, 0.7545530200004578, 0.625197172164917, 0.45655274391174316, 0.44582319259643555]"
3,centroid,1,398,Triton,Triton,"[""Triton"", ""Mytikas"", ""Trius"", ""Alcatras"", ""Velorum""]","[0.7678280472755432, 0.6151099801063538, 0.5276521444320679, 0.4983968734741211, 0.45405113697052]"
3,centroid,1,399,Triton,Triton,"[""Triton"", ""Mytikas"", ""Braga"", ""Trius"", ""Gemini""]","[0.7866441011428833, 0.5255604982376099, 0.5032305717468262, 0.4264783561229706, 0.42192351818084717]"
3,centroid,1,400,Triton,Triton,"[""Triton"", ""Trius"", ""Mytikas"", ""Braga"", ""Ilias""]","[0.8878539204597473, 0.7323210835456848, 0.6355342268943787, 0.5098931193351746, 0.43068864941596985]"
3,centroid,1,401,Triton,Mytikas,"[""Mytikas"", ""Triton"", ""Castor"", ""Trius"", ""Alcatras""]","[0.754941463470459, 0.7411975860595703, 0.44409093260765076, 0.392612099647522, 0.35891807079315186]"
3,centroid,1,402,Triton,Triton,"[""Triton"", ""Braga"", ""Castor"", ""Mytikas"", ""Trius""]","[0.868721067905426, 0.7156388163566589, 0.7048183679580688, 0.6181358098983765, 0.6172765493392944]"
3,centroid,1,403,Triton,Triton,"[""Triton"", ""Trius"", ""Braga"", ""Castor"", ""Alcatras""]","[0.8248893022537231, 0.7424208521842957, 0.7270857095718384, 0.6236908435821533, 0.623464822769165]"
3,centroid,1,404,Triton,Triton,"[""Triton"", ""Mytikas"", ""Trius"", ""Castor"", ""Braga""]","[0.8319007158279419, 0.7294909954071045, 0.5494835376739502, 0.5455378293991089, 0.392683207988739]"
3,centroid,1,405,Trius,Trius,"[""Trius"", ""Alaris"", ""Braga"", ""Alcatras"", ""Triton""]","[0.7623677253723145, 0.6052343845367432, 0.48896297812461853, 0.4666517972946167, 0.4517412781715393]"
3,centroid,1,406,Trius,Triton,"[""Triton"", ""Trius"", ""Velorum"", ""Alcatras"", ""Mytikas""]","[0.7420413494110107, 0.7209843397140503, 0.6825588941574097, 0.5821114778518677, 0.5246903300285339]"
3,centroid,1,407,Trius,Trius,"[""Trius"", ""Braga"", ""Gemini"", ""Mytikas"", ""Triton""]","[0.7489261627197266, 0.6744594573974609, 0.5917620062828064, 0.5261985063552856, 0.4802541434764862]"
3,centroid,1,408,Trius,Trius,"[""Trius"", ""Triton"", ""Braga"", ""Mytikas"", ""Alcatras""]","[0.8428847789764404, 0.7994170188903809, 0.6791303753852844, 0.6696399450302124, 0.621112585067749]"
3,centroid,1,409,Trius,Trius,"[""Trius"", ""Vega"", ""Gemini"", ""Triton"", ""Braga""]","[0.8088149428367615, 0.519425630569458, 0.4921345114707947, 0.4430082440376282, 0.4224013686180115]"
3,centroid,1,410,Trius,Mytikas,"[""Mytikas"", ""Trius"", ""Triton"", ""Gemini"", ""Xtreme""]","[0.639082670211792, 0.6061841249465942, 0.5636926293373108, 0.5176979303359985, 0.4427177608013153]"
3,centroid,1,411,Trius,Trius,"[""Trius"", ""Triton"", ""Braga"", ""Alcatras"", ""Alaris""]","[0.8588079214096069, 0.6859936118125916, 0.6724418997764587, 0.5659693479537964, 0.5291423797607422]"
3,centroid,1,412,Trius,Braga,"[""Braga"", ""Trius"", ""Alaris"", ""Vega"", ""Hawk""]","[0.6953940987586975, 0.6140417456626892, 0.6127010583877563, 0.5205473303794861, 0.47288206219673157]"
3,centroid,1,413,Trius,Trius,"[""Trius"", ""Triton"", ""Braga"", ""Mytikas"", ""Alcatras""]","[0.9028133153915405, 0.8265763521194458, 0.6586562395095825, 0.6141760349273682, 0.5354012250900269]"
3,centroid,1,414,Trius,Alaris,"[""Alaris"", ""Trius"", ""Braga"", ""Vega"", ""Alcatras""]","[0.6647698283195496, 0.6073687076568604, 0.5956083536148071, 0.49651631712913513, 0.49024689197540283]"
3,centroid,1,415,Trius,Trius,"[""Trius"", ""Triton"", ""Ilias"", ""Alaris"", ""Mytikas""]","[0.7208715081214905, 0.620193600654602, 0.52115398645401, 0.43292689323425293, 0.40956538915634155]"
3,centroid,1,416,Trius,Turbine,"[""Turbine"", ""Braga"", ""Vega"", ""Trius"", ""Gemini""]","[0.5217020511627197, 0.4000522494316101, 0.2452695667743683, 0.2294742316007614, 0.2044842541217804]"
3,centroid,1,417,Trius,Alcatras,"[""Alcatras"", ""Alaris"", ""Trius"", ""Braga"", ""Triton""]","[0.8113969564437866, 0.8095067739486694, 0.7722181677818298, 0.6464201807975769, 0.6201351881027222]"
3,centroid,1,418,Trius,Trius,"[""Trius"", ""Triton"", ""Mytikas"", ""Gemini"", ""Braga""]","[0.8783661723136902, 0.5262993574142456, 0.48663079738616943, 0.4731512665748596, 0.46419793367385864]"
3,centroid,1,419,Trius,Trius,"[""Trius"", ""Triton"", ""Mytikas"", ""Velorum"", ""Gemini""]","[0.7910664081573486, 0.7625922560691833, 0.5353201627731323, 0.5262022018432617, 0.5024862885475159]"
3,centroid,1,420,Trius,Trius,"[""Trius"", ""Alaris"", ""Alcatras"", ""Triton"", ""Mytikas""]","[0.878305196762085, 0.6385217905044556, 0.6115475296974182, 0.5955095291137695, 0.5326780080795288]"
3,centroid,1,421,Trius,Trius,"[""Trius"", ""Triton"", ""Mytikas"", ""Braga"", ""Gemini""]","[0.8709882497787476, 0.6303011178970337, 0.505760669708252, 0.4812776744365692, 0.4727412760257721]"
3,centroid,1,422,Trius,Trius,"[""Trius"", ""Triton"", ""Braga"", ""Alaris"", ""Mytikas""]","[0.8531333208084106, 0.5505800247192383, 0.5422827005386353, 0.5377451777458191, 0.49790140986442566]"
3,centroid,1,423,Trius,Mytikas,"[""Mytikas"", ""Trius"", ""Alaris"", ""Braga"", ""Alcatras""]","[0.5657020807266235, 0.5409516096115112, 0.3931118845939636, 0.3456979990005493, 0.2956642210483551]"
3,centroid,1,424,Trius,Triton,"[""Triton"", ""Trius"", ""Castor"", ""Mytikas"", ""Alcatras""]","[0.7891659736633301, 0.6542631983757019, 0.6242491602897644, 0.5939841270446777, 0.5828531980514526]"
3,centroid,1,425,Trius,Trius,"[""Trius"", ""Alaris"", ""Triton"", ""Alcatras"", ""Braga""]","[0.7367697358131409, 0.6689123511314392, 0.6314224004745483, 0.5828229784965515, 0.43552863597869873]"
3,centroid,1,426,Trius,Trius,"[""Trius"", ""Braga"", ""Triton"", ""Alaris"", ""Turbine""]","[0.583777666091919, 0.5277070999145508, 0.4940304756164551, 0.45828989148139954, 0.3898581266403198]"
3,centroid,1,427,Trius,Velorum,"[""Velorum"", ""Triton"", ""Trius"", ""Ilias"", ""Castor""]","[0.6286152601242065, 0.5985618829727173, 0.5703221559524536, 0.4717631936073303, 0.36907291412353516]"
3,centroid,1,428,Trius,Triton,"[""Triton"", ""Trius"", ""Mytikas"", ""Castor"", ""Braga""]","[0.8932950496673584, 0.8029636144638062, 0.6568180322647095, 0.5130853652954102, 0.4611312747001648]"
3,centroid,1,429,Trius,Trius,"[""Trius"", ""Alaris"", ""Triton"", ""Braga"", ""Alcatras""]","[0.8545652627944946, 0.6041358709335327, 0.5609085559844971, 0.549229621887207, 0.5482481718063354]"
3,centroid,1,430,Trius,Triton,"[""Triton"", ""Trius"", ""Ilias"", ""Braga"", ""Gemini""]","[0.6201688051223755, 0.6153910756111145, 0.5843809247016907, 0.5162140130996704, 0.49879682064056396]"
3,centroid,1,431,Trius,Triton,"[""Triton"", ""Trius"", ""Ilias"", ""Alcatras"", ""Velorum""]","[0.8016694188117981, 0.7023636102676392, 0.5717755556106567, 0.5048283934593201, 0.4880909323692322]"
3,centroid,1,432,Trius,Trius,"[""Trius"", ""Ilias"", ""Gemini"", ""Denom"", ""Triton""]","[0.7128453850746155, 0.5771578550338745, 0.575285017490387, 0.568053126335144, 0.46994471549987793]"
3,centroid,1,433,Trius,Trius,"[""Trius"", ""Triton"", ""Alcatras"", ""Mytikas"", ""Castor""]","[0.8304417729377747, 0.7125594615936279, 0.6622179746627808, 0.6573969721794128, 0.6573439836502075]"
3,centroid,1,434,Trius,Trius,"[""Trius"", ""Triton"", ""Alaris"", ""Braga"", ""Gemini""]","[0.8128798007965088, 0.43714088201522827, 0.41471558809280396, 0.4125623106956482, 0.3864366412162781]"
3,centroid,1,435,Trius,Triton,"[""Triton"", ""Castor"", ""Mytikas"", ""Velorum"", ""Alcatras""]","[0.7952133417129517, 0.7403375506401062, 0.6564385890960693, 0.5505881905555725, 0.5436478853225708]"
3,centroid,1,436,Trius,Braga,"[""Braga"", ""Trius"", ""Triton"", ""Turbine"", ""Mytikas""]","[0.663731575012207, 0.5421452522277832, 0.5099836587905884, 0.504402220249176, 0.3511018753051758]"
3,centroid,1,437,Trius,Trius,"[""Trius"", ""Triton"", ""Alaris"", ""Alcatras"", ""Mytikas""]","[0.8328430652618408, 0.6464080214500427, 0.643203616142273, 0.6338356733322144, 0.5531606674194336]"
3,centroid,1,438,Trius,Trius,"[""Trius"", ""Braga"", ""Triton"", ""Gemini"", ""Mytikas""]","[0.8513156175613403, 0.5969617366790771, 0.5569495558738708, 0.5401622653007507, 0.4901619851589203]"
3,centroid,1,439,Trius,Trius,"[""Trius"", ""Triton"", ""Braga"", ""Mytikas"", ""Alaris""]","[0.8767391443252563, 0.6718189120292664, 0.618606686592102, 0.559272050857544, 0.5510961413383484]"
3,centroid,1,440,Trius,Trius,"[""Trius"", ""Alaris"", ""Gemini"", ""Vega"", ""Triton""]","[0.77408367395401, 0.5414221286773682, 0.43695715069770813, 0.4356399178504944, 0.4292028248310089]"
3,centroid,1,441,Trius,Trius,"[""Trius"", ""Braga"", ""Triton"", ""Mytikas"", ""Vega""]","[0.7176302671432495, 0.6735471487045288, 0.6012982726097107, 0.5362632274627686, 0.5067775249481201]"
3,centroid,1,442,Trius,Braga,"[""Braga"", ""Gemini"", ""Trius"", ""Alaris"", ""Triton""]","[0.6730502843856812, 0.6706638932228088, 0.6628695726394653, 0.4770272970199585, 0.4725182056427002]"
3,centroid,1,443,Trius,Alaris,"[""Alaris"", ""Braga"", ""Alcatras"", ""Trius"", ""Mytikas""]","[0.7722110748291016, 0.7463499903678894, 0.7127183079719543, 0.7064340114593506, 0.49081507325172424]"
3,centroid,1,444,Trius,Vega,"[""Vega"", ""Hawk"", ""Trius"", ""Mytikas"", ""Velorum""]","[0.33669549226760864, 0.3311711549758911, 0.28564417362213135, 0.25073695182800293, 0.2172812819480896]"
3,centroid,1,445,Turbine,Turbine,"[""Turbine"", ""Castor"", ""Braga"", ""Alaris"", ""Hawk""]","[0.9388954639434814, 0.44539839029312134, 0.42541494965553284, 0.3319403827190399, 0.30836543440818787]"
3,centroid,1,446,Turbine,Turbine,"[""Turbine"", ""Castor"", ""Mytikas"", ""Triton"", ""Alcatras""]","[0.7530156373977661, 0.48074063658714294, 0.42430657148361206, 0.37646493315696716, 0.36349427700042725]"
3,centroid,1,447,Turbine,Turbine,"[""Turbine"", ""Braga"", ""Castor"", ""Alaris"", ""Hawk""]","[0.9269277453422546, 0.5960663557052612, 0.4553174376487732, 0.34812217950820923, 0.32154810428619385]"
3,centroid,1,448,Turbine,Castor,"[""Castor"", ""Turbine"", ""Braga"", ""Alcatras"", ""Alaris""]","[0.7388395071029663, 0.7374275922775269, 0.5562325716018677, 0.5074903964996338, 0.49146395921707153]"
3,centroid,1,449,Turbine,Turbine,"[""Turbine"", ""Hawk"", ""Vega"", ""Braga"", ""Gemini""]","[0.7674530744552612, 0.47468605637550354, 0.4664139747619629, 0.35782021284103394, 0.19930608570575714]"
3,centroid,1,450,Turbine,Turbine,"[""Turbine"", ""Alaris"", ""Braga"", ""Castor"", ""Trius""]","[0.7332803010940552, 0.5855399966239929, 0.5024450421333313, 0.49910247325897217, 0.49092093110084534]"
3,centroid,1,451,Turbine,Turbine,"[""Turbine"", ""Vega"", ""Braga"", ""Hawk"", ""Alaris""]","[0.8091149926185608, 0.5773448944091797, 0.49553850293159485, 0.41475674510002136, 0.3129534125328064]"
3,centroid,1,452,Turbine,Turbine,"[""Turbine"", ""Alaris"", ""Hawk"", ""Braga"", ""Castor""]","[0.9143864512443542, 0.3691014051437378, 0.3583078980445862, 0.35658302903175354, 0.35235339403152466]"
3,centroid,1,453,Turbine,Turbine,"[""Turbine"", ""Castor"", ""Hawk"", ""Braga"", ""Alcatras""]","[0.8857344388961792, 0.4797089099884033, 0.395658016204834, 0.39199578762054443, 0.2964576184749603]"
3,centroid,1,454,Turbine,Turbine,"[""Turbine"", ""Vega"", ""Braga"", ""Hawk"", ""Alaris""]","[0.8731042146682739, 0.5412843227386475, 0.524520754814148, 0.49764284491539, 0.31584352254867554]"
3,centroid,1,455,Turbine,Turbine,"[""Turbine"", ""Alcatras"", ""Castor"", ""Alaris"", ""Trius""]","[0.7243505120277405, 0.6718913316726685, 0.667620062828064, 0.6021357178688049, 0.5094109773635864]"
3,centroid,1,456,Turbine,Turbine,"[""Turbine"", ""Braga"", ""Castor"", ""Hawk"", ""Alaris""]","[0.8935329914093018, 0.5540286302566528, 0.42891114950180054, 0.24201326072216034, 0.23914092779159546]"
3,centroid,1,457,Turbine,Braga,"[""Braga"", ""Castor"", ""Alcatras"", ""Turbine"", ""Triton""]","[0.7041001915931702, 0.6825134754180908, 0.6373341679573059, 0.6263576745986938, 0.5869314670562744]"
3,centroid,1,458,Turbine,Turbine,"[""Turbine"", ""Hawk"", ""Braga"", ""Vega"", ""Gemini""]","[0.788943886756897, 0.6143481731414795, 0.4523060619831085, 0.4360239803791046, 0.31505292654037476]"
3,centroid,1,459,Turbine,Turbine,"[""Turbine"", ""Hawk"", ""Alcatras"", ""Braga"", ""Alaris""]","[0.7843729853630066, 0.5390719175338745, 0.2986679673194885, 0.2711976170539856, 0.26629048585891724]"
3,centroid,1,460,Turbine,Turbine,"[""Turbine"", ""Vega"", ""Hawk"", ""Alaris"", ""Braga""]","[0.8110108375549316, 0.5694155693054199, 0.5137952566146851, 0.44163835048675537, 0.29465392231941223]"
3,centroid,1,461,Turbine,Turbine,"[""Turbine"", ""Braga"", ""Hawk"", ""Vega"", ""Castor""]","[0.8968562483787537, 0.5711497068405151, 0.34707504510879517, 0.3415379524230957, 0.3289916515350342]"
3,centroid,1,462,Turbine,Turbine,"[""Turbine"", ""Braga"", ""Alaris"", ""Alcatras"", ""Castor""]","[0.927881121635437, 0.4295251965522766, 0.41028016805648804, 0.38510504364967346, 0.3463602364063263]"
3,centroid,1,463,Turbine,Turbine,"[""Turbine"", ""Castor"", ""Alcatras"", ""Triton"", ""Alaris""]","[0.7181382179260254, 0.708185076713562, 0.5082558989524841, 0.4837256968021393, 0.4240298867225647]"
3,centroid,1,464,Turbine,Turbine,"[""Turbine"", ""Castor"", ""Alcatras"", ""Alaris"", ""Braga""]","[0.7465487718582153, 0.6309190988540649, 0.6201604604721069, 0.5928111672401428, 0.26034241914749146]"
3,centroid,1,465,Turbine,Turbine,"[""Turbine"", ""Braga"", ""Alaris"", ""Alcatras"", ""Vega""]","[0.8451988101005554, 0.7096152901649475, 0.5927155017852783, 0.5669112205505371, 0.53523850440979]"
3,centroid,1,466,Turbine,Castor,"[""Castor"", ""Braga"", ""Alcatras"", ""Triton"", ""Turbine""]","[0.8081567287445068, 0.7588779330253601, 0.6720790863037109, 0.6640331745147705, 0.6412203907966614]"
3,centroid,1,467,Turbine,Castor,"[""Castor"", ""Turbine"", ""Alcatras"", ""Alaris"", ""Braga""]","[0.7952563762664795, 0.7455579042434692, 0.7167583703994751, 0.5994495153427124, 0.5855028629302979]"
3,centroid,1,468,Turbine,Castor,"[""Castor"", ""Turbine"", ""Alcatras"", ""Alaris"", ""Triton""]","[0.7577617168426514, 0.7280843257904053, 0.638495922088623, 0.5207715630531311, 0.4723859131336212]"
3,centroid,1,469,Turbine,Turbine,"[""Turbine"", ""Hawk"", ""Braga"", ""Vega"", ""Alaris""]","[0.8977712392807007, 0.5361999869346619, 0.36694708466529846, 0.3104900121688843, 0.19730868935585022]"
3,centroid,1,470,Turbine,Turbine,"[""Turbine"", ""Braga"", ""Castor"", ""Alcatras"", ""Hawk""]","[0.9259547591209412, 0.4511718153953552, 0.4305111765861511, 0.31375136971473694, 0.30120301246643066]"
3,centroid,1,471,Turbine,Turbine,"[""Turbine"", ""Braga"", ""Castor"", ""Hawk"", ""Vega""]","[0.9275203943252563, 0.5494623780250549, 0.3686169981956482, 0.3443394899368286, 0.30721110105514526]"
3,centroid,1,472,Vega,Vega,"[""Vega"", ""Braga"", ""Gemini"", ""Hawk"", ""Trius""]","[0.9264044761657715, 0.488823801279068, 0.4604390561580658, 0.3715098202228546, 0.33429327607154846]"
3,centroid,1,473,Vega,Vega,"[""Vega"", ""Braga"", ""Turbine"", ""Alcatras"", ""Alaris""]","[0.703996479511261, 0.5686327219009399, 0.5584752559661865, 0.5378224849700928, 0.4659898281097412]"
3,centroid,1,474,Vega,Vega,"[""Vega"", ""Hawk"", ""Turbine"", ""Alaris"", ""Braga""]","[0.8365362882614136, 0.48160913586616516, 0.4526078999042511, 0.3475900888442993, 0.146051287651062]"
3,centroid,1,475,Vega,Vega,"[""Vega"", ""Hawk"", ""Gemini"", ""Turbine"", ""Braga""]","[0.8501825332641602, 0.7405248880386353, 0.36047443747520447, 0.2825295925140381, 0.2654251158237457]"
3,centroid,1,476,Vega,Vega,"[""Vega"", ""Hawk"", ""Alaris"", ""Braga"", ""Turbine""]","[0.9242260456085205, 0.5411536693572998, 0.4853243827819824, 0.39029136300086975, 0.352390855550766]"
3,centroid,1,477,Vega,Vega,"[""Vega"", ""Hawk"", ""Gemini"", ""Turbine"", ""Alaris""]","[0.8267455101013184, 0.6381473541259766, 0.3100605309009552, 0.15956498682498932, 0.1426764726638794]"
3,centroid,1,478,Vega,Vega,"[""Vega"", ""Alaris"", ""Braga"", ""Turbine"", ""Gemini""]","[0.9136130213737488, 0.46818220615386963, 0.4312545359134674, 0.3594140410423279, 0.33922314643859863]"
3,centroid,1,479,Vega,Vega,"[""Vega"", ""Gemini"", ""Braga"", ""Hawk"", ""Trius""]","[0.811269223690033, 0.5704293847084045, 0.4952618479728699, 0.4533102512359619, 0.4390226900577545]"
3,centroid,1,480,Vega,Vega,"[""Vega"", ""Gemini"", ""Hawk"", ""Trius"", ""Alaris""]","[0.9177554845809937, 0.4671478867530823, 0.24837669730186462, 0.24679960310459137, 0.24675202369689941]"
3,centroid,1,481,Vega,Hawk,"[""Hawk"", ""Vega"", ""Turbine"", ""Alaris"", ""Braga""]","[0.8060463666915894, 0.7385857105255127, 0.4464767277240753, 0.3816450834274292, 0.2619047164916992]"
3,centroid,1,482,Vega,Vega,"[""Vega"", ""Hawk"", ""Gemini"", ""Braga"", ""Alaris""]","[0.9542713165283203, 0.45057743787765503, 0.3775092363357544, 0.29341942071914673, 0.2771270275115967]"
3,centroid,1,483,Vega,Vega,"[""Vega"", ""Alaris"", ""Hawk"", ""Trius"", ""Turbine""]","[0.811784029006958, 0.6235476732254028, 0.4604162573814392, 0.4545370936393738, 0.4287460148334503]"
3,centroid,1,484,Vega,Vega,"[""Vega"", ""Alaris"", ""Braga"", ""Turbine"", ""Trius""]","[0.7689518332481384, 0.4568842351436615, 0.42647063732147217, 0.40806567668914795, 0.3139614462852478]"
3,centroid,1,485,Vega,Vega,"[""Vega"", ""Gemini"", ""Braga"", ""Hawk"", ""Turbine""]","[0.8567845821380615, 0.4662986993789673, 0.33150434494018555, 0.20236319303512573, 0.13399285078048706]"
3,centroid,1,486,Vega,Vega,"[""Vega"", ""Hawk"", ""Alaris"", ""Turbine"", ""Braga""]","[0.8676118850708008, 0.392596960067749, 0.2813222110271454, 0.27766895294189453, 0.15483026206493378]"
3,centroid,1,487,Vega,Vega,"[""Vega"", ""Hawk"", ""Gemini"", ""Turbine"", ""Braga""]","[0.8716714382171631, 0.5148605704307556, 0.4776572287082672, 0.24295420944690704, 0.23275911808013916]"
3,centroid,1,488,Vega,Vega,"[""Vega"", ""Hawk"", ""Alaris"", ""Turbine"", ""Braga""]","[0.8574808835983276, 0.5702109336853027, 0.4841154217720032, 0.3675762414932251, 0.279797226190567]"
3,centroid,1,489,Vega,Vega,"[""Vega"", ""Hawk"", ""Alaris"", ""Gemini"", ""Turbine""]","[0.8144268989562988, 0.5536821484565735, 0.2092074602842331, 0.20359602570533752, 0.16277430951595306]"
3,centroid,1,490,Vega,Vega,"[""Vega"", ""Hawk"", ""Alaris"", ""Alcatras"", ""Braga""]","[0.8610427379608154, 0.4148046672344208, 0.39602798223495483, 0.3916190266609192, 0.37809669971466064]"
3,centroid,1,491,Vega,Vega,"[""Vega"", ""Alaris"", ""Trius"", ""Gemini"", ""Braga""]","[0.8471300601959229, 0.5023545026779175, 0.39832231402397156, 0.35866278409957886, 0.35160842537879944]"
3,centroid,1,492,Vega,Vega,"[""Vega"", ""Hawk"", ""Gemini"", ""Alaris"", ""Turbine""]","[0.8789106011390686, 0.44489747285842896, 0.3236190378665924, 0.23321031033992767, 0.10805235803127289]"
3,centroid,1,493,Vega,Vega,"[""Vega"", ""Hawk"", ""Alaris"", ""Alcatras"", ""Turbine""]","[0.8427668809890747, 0.5696896910667419, 0.5295177698135376, 0.3730888366699219, 0.3260629177093506]"
3,centroid,1,494,Vega,Vega,"[""Vega"", ""Turbine"", ""Alaris"", ""Hawk"", ""Braga""]","[0.8218938112258911, 0.43661800026893616, 0.35880258679389954, 0.3536275029182434, 0.2972087264060974]"
3,centroid,1,495,Vega,Vega,"[""Vega"", ""Alaris"", ""Braga"", ""Hawk"", ""Turbine""]","[0.9100316762924194, 0.5261459350585938, 0.46017488837242126, 0.44467872381210327, 0.40798473358154297]"
3,centroid,1,496,Vega,Vega,"[""Vega"", ""Alaris"", ""Turbine"", ""Hawk"", ""Braga""]","[0.8188909888267517, 0.4359588027000427, 0.38095220923423767, 0.33937931060791016, 0.18796618282794952]"
3,centroid,1,497,Vega,Vega,"[""Vega"", ""Hawk"", ""Turbine"", ""Braga"", ""Alaris""]","[0.7181578874588013, 0.6511212587356567, 0.4631637632846832, 0.3642919957637787, 0.3601968288421631]"
3,centroid,1,498,Vega,Alcatras,"[""Alcatras"", ""Xtreme"", ""Triton"", ""Mytikas"", ""Gemini""]","[0.43100568652153015, 0.33662691712379456, 0.3363582193851471, 0.3264490067958832, 0.25662606954574585]"
3,centroid,1,499,Vega,Vega,"[""Vega"", ""Alaris"", ""Turbine"", ""Braga"", ""Alcatras""]","[0.7325865626335144, 0.48981335759162903, 0.4695463478565216, 0.42946910858154297, 0.32669806480407715]"
3,centroid,1,500,Vega,Turbine,"[""Turbine"", ""Vega"", ""Alcatras"", ""Hawk"", ""Alaris""]","[0.5171639323234558, 0.5102578401565552, 0.4608957767486572, 0.451701283454895, 0.42763999104499817]"
3,centroid,1,501,Vega,Vega,"[""Vega"", ""Gemini"", ""Braga"", ""Triton"", ""Trius""]","[0.6380285024642944, 0.613296389579773, 0.48866912722587585, 0.4351978302001953, 0.3811396360397339]"
3,centroid,1,502,Vega,Vega,"[""Vega"", ""Alaris"", ""Braga"", ""Trius"", ""Alcatras""]","[0.8160057067871094, 0.5101238489151001, 0.5097066164016724, 0.5053730607032776, 0.36379945278167725]"
3,centroid,1,503,Vega,Vega,"[""Vega"", ""Hawk"", ""Gemini"", ""Braga"", ""Alaris""]","[0.9097287654876709, 0.5248485803604126, 0.47041088342666626, 0.431867390871048, 0.3657945990562439]"
3,centroid,1,504,Vega,Vega,"[""Vega"", ""Hawk"", ""Braga"", ""Alaris"", ""Alcatras""]","[0.8831712007522583, 0.5261037349700928, 0.49103277921676636, 0.4132387042045593, 0.3203938603401184]"
3,centroid,1,505,Vega,Vega,"[""Vega"", ""Hawk"", ""Gemini"", ""Braga"", ""Alaris""]","[0.9546774625778198, 0.443029522895813, 0.3702874779701233, 0.2668624520301819, 0.2046932578086853]"
3,centroid,1,506,Vega,Vega,"[""Vega"", ""Hawk"", ""Gemini"", ""Alaris"", ""Braga""]","[0.9154027700424194, 0.5980707406997681, 0.3040896952152252, 0.2778501808643341, 0.26873844861984253]"
3,centroid,1,507,Velorum,Velorum,"[""Velorum"", ""Ilias"", ""Nivalis"", ""Denom"", ""Ratikon""]","[0.9452437162399292, 0.5988996624946594, 0.47623518109321594, 0.4494839012622833, 0.35326558351516724]"
3,centroid,1,508,Velorum,Velorum,"[""Velorum"", ""Nivalis"", ""Ilias"", ""Mytikas"", ""Denom""]","[0.9111747145652771, 0.45910197496414185, 0.3740435838699341, 0.3630049228668213, 0.2963724732398987]"
3,centroid,1,509,Velorum,Velorum,"[""Velorum"", ""Nivalis"", ""Ilias"", ""Mytikas"", ""Denom""]","[0.8958644866943359, 0.45111605525016785, 0.4201046824455261, 0.33208227157592773, 0.261178195476532]"
3,centroid,1,510,Velorum,Velorum,"[""Velorum"", ""Nivalis"", ""Ilias"", ""Mytikas"", ""Denom""]","[0.8701250553131104, 0.4937126040458679, 0.32936030626296997, 0.249978706240654, 0.24658498167991638]"
3,centroid,1,511,Velorum,Velorum,"[""Velorum"", ""Denom"", ""Ilias"", ""Ratikon"", ""Nivalis""]","[0.930605411529541, 0.5364938378334045, 0.5341683626174927, 0.352458655834198, 0.3319399356842041]"
3,centroid,1,512,Velorum,Velorum,"[""Velorum"", ""Ilias"", ""Triton"", ""Mytikas"", ""Nivalis""]","[0.942602276802063, 0.5210330486297607, 0.4880412518978119, 0.3806014060974121, 0.3708566427230835]"
3,centroid,1,513,Velorum,Velorum,"[""Velorum"", ""Triton"", ""Ilias"", ""Trius"", ""Alcatras""]","[0.8195763826370239, 0.5402334928512573, 0.5191552639007568, 0.4709116816520691, 0.4137599468231201]"
3,centroid,1,514,Velorum,Velorum,"[""Velorum"", ""Denom"", ""Ilias"", ""Ratikon"", ""Nivalis""]","[0.8682581186294556, 0.6109429597854614, 0.43147382140159607, 0.41107451915740967, 0.4024142622947693]"
3,centroid,1,515,Velorum,Velorum,"[""Velorum"", ""Nivalis"", ""Denom"", ""Ilias"", ""Trius""]","[0.8938949108123779, 0.464743971824646, 0.4591465890407562, 0.4347689151763916, 0.2526751756668091]"
3,centroid,1,516,Velorum,Velorum,"[""Velorum"", ""Ilias"", ""Triton"", ""Alcatras"", ""Mytikas""]","[0.8867101073265076, 0.524409294128418, 0.4272586703300476, 0.2672378420829773, 0.23439234495162964]"
3,centroid,1,517,Velorum,Denom,"[""Denom"", ""Ilias"", ""Velorum"", ""Ratikon"", ""Nivalis""]","[0.6627737283706665, 0.653651773929596, 0.6239145994186401, 0.5748859643936157, 0.2990284562110901]"
3,centroid,1,518,Velorum,Velorum,"[""Velorum"", ""Ilias"", ""Denom"", ""Ratikon"", ""Nivalis""]","[0.9355170130729675, 0.6597944498062134, 0.5087169408798218, 0.5052733421325684, 0.43030625581741333]"
3,centroid,1,519,Velorum,Velorum,"[""Velorum"", ""Ilias"", ""Triton"", ""Trius"", ""Denom""]","[0.8874399662017822, 0.6010111570358276, 0.42697709798812866, 0.38440537452697754, 0.3583199977874756]"
3,centroid,1,520,Velorum,Velorum,"[""Velorum"", ""Nivalis"", ""Denom"", ""Ilias"", ""Ratikon""]","[0.8652573823928833, 0.6354241967201233, 0.5229126214981079, 0.39352554082870483, 0.3582322299480438]"
3,centroid,1,521,Velorum,Velorum,"[""Velorum"", ""Ilias"", ""Nivalis"", ""Triton"", ""Mytikas""]","[0.9246145486831665, 0.522067129611969, 0.4275943636894226, 0.3916889429092407, 0.2875438332557678]"
3,centroid,1,522,Velorum,Velorum,"[""Velorum"", ""Triton"", ""Ilias"", ""Trius"", ""Mytikas""]","[0.8986926078796387, 0.6077084541320801, 0.5984616279602051, 0.567246675491333, 0.4102697968482971]"
3,centroid,1,523,Velorum,Velorum,"[""Velorum"", ""Ilias"", ""Triton"", ""Denom"", ""Trius""]","[0.9190182685852051, 0.4835818111896515, 0.43030375242233276, 0.3595905900001526, 0.3455849289894104]"
3,centroid,1,524,Velorum,Velorum,"[""Velorum"", ""Mytikas"", ""Nivalis"", ""Ilias"", ""Triton""]","[0.7678108811378479, 0.5384349822998047, 0.4438972473144531, 0.2852405309677124, 0.2631652057170868]"
3,centroid,1,525,Velorum,Velorum,"[""Velorum"", ""Ilias"", ""Denom"", ""Nivalis"", ""Ratikon""]","[0.8607243299484253, 0.5987784266471863, 0.4239259958267212, 0.38953259587287903, 0.3577093482017517]"
3,centroid,1,526,Velorum,Velorum,"[""Velorum"", ""Ratikon"", ""Ilias"", ""Denom"", ""Nivalis""]","[0.7808876037597656, 0.6421958208084106, 0.6214485764503479, 0.5262752175331116, 0.5238164663314819]"
3,centroid,1,527,Velorum,Velorum,"[""Velorum"", ""Trius"", ""Ilias"", ""Triton"", ""Mytikas""]","[0.9230712056159973, 0.5076330304145813, 0.5065790414810181, 0.46277397871017456, 0.39472532272338867]"
3,centroid,1,528,Velorum,Velorum,"[""Velorum"", ""Ilias"", ""Ratikon"", ""Denom"", ""Nivalis""]","[0.8954278826713562, 0.758124053478241, 0.5252581834793091, 0.5003425478935242, 0.4912864565849304]"
3,centroid,1,529,Velorum,Velorum,"[""Velorum"", ""Trius"", ""Denom"", ""Ilias"", ""Triton""]","[0.707146167755127, 0.5932437777519226, 0.5222569108009338, 0.5204458236694336, 0.4700722098350525]"
3,centroid,1,530,Velorum,Velorum,"[""Velorum"", ""Ilias"", ""Ratikon"", ""Nivalis"", ""Denom""]","[0.9139432311058044, 0.6391055583953857, 0.43891096115112305, 0.42119526863098145, 0.39422607421875]"
3,centroid,1,531,Velorum,Velorum,"[""Velorum"", ""Denom"", ""Nivalis"", ""Ratikon"", ""Ilias""]","[0.8072661757469177, 0.6675255298614502, 0.6641586422920227, 0.4952351450920105, 0.42784345149993896]"
3,centroid,1,532,Velorum,Velorum,"[""Velorum"", ""Nivalis"", ""Ilias"", ""Ratikon"", ""Denom""]","[0.8925729990005493, 0.5283582210540771, 0.5037661790847778, 0.40802985429763794, 0.36308830976486206]"
3,centroid,1,533,Velorum,Velorum,"[""Velorum"", ""Nivalis"", ""Ilias"", ""Ratikon"", ""Denom""]","[0.9020036458969116, 0.6052349805831909, 0.4678562581539154, 0.38002294301986694, 0.3796080946922302]"
3,centroid,1,534,Velorum,Velorum,"[""Velorum"", ""Ilias"", ""Triton"", ""Trius"", ""Mytikas""]","[0.9199861288070679, 0.48714786767959595, 0.4802127182483673, 0.4088340997695923, 0.38334575295448303]"
3,centroid,1,535,Velorum,Velorum,"[""Velorum"", ""Nivalis"", ""Ilias"", ""Denom"", ""Triton""]","[0.8800519704818726, 0.5655060410499573, 0.449356347322464, 0.43810078501701355, 0.39917856454849243]"
3,centroid,1,536,Velorum,Velorum,"[""Velorum"", ""Ilias"", ""Triton"", ""Nivalis"", ""Trius""]","[0.8596806526184082, 0.5874881744384766, 0.5153538584709167, 0.41137081384658813, 0.35329940915107727]"
3,centroid,1,537,Velorum,Velorum,"[""Velorum"", ""Denom"", ""Ilias"", ""Nivalis"", ""Ratikon""]","[0.854353129863739, 0.5503275394439697, 0.49771732091903687, 0.3685656189918518, 0.3508440852165222]"
3,centroid,1,538,Velorum,Velorum,"[""Velorum"", ""Ilias"", ""Ratikon"", ""Denom"", ""Nivalis""]","[0.8529544472694397, 0.7687051296234131, 0.571082353591919, 0.5324101448059082, 0.40424779057502747]"
3,centroid,1,539,Velorum,Velorum,"[""Velorum"", ""Ilias"", ""Alcatras"", ""Ratikon"", ""Nivalis""]","[0.7865006923675537, 0.4696428179740906, 0.32631126046180725, 0.2067919671535492, 0.19947732985019684]"
3,centroid,1,540,Velorum,Velorum,"[""Velorum"", ""Triton"", ""Mytikas"", ""Ilias"", ""Castor""]","[0.855008602142334, 0.5403870344161987, 0.39512142539024353, 0.35122379660606384, 0.33119940757751465]"
3,centroid,1,541,Velorum,Velorum,"[""Velorum"", ""Triton"", ""Ilias"", ""Trius"", ""Mytikas""]","[0.929468035697937, 0.48710501194000244, 0.3995392918586731, 0.39273571968078613, 0.38455644249916077]"
3,centroid,1,542,Velorum,Velorum,"[""Velorum"", ""Ilias"", ""Trius"", ""Triton"", ""Denom""]","[0.8898378610610962, 0.5408215522766113, 0.5285900235176086, 0.4784020185470581, 0.43029671907424927]"
3,centroid,1,543,Velorum,Velorum,"[""Velorum"", ""Ilias"", ""Triton"", ""Mytikas"", ""Nivalis""]","[0.96210777759552, 0.5584192872047424, 0.4342668652534485, 0.35360777378082275, 0.34313416481018066]"
3,centroid,1,544,Velorum,Velorum,"[""Velorum"", ""Ilias"", ""Denom"", ""Nivalis"", ""Triton""]","[0.9270853996276855, 0.6476431488990784, 0.577132523059845, 0.49058693647384644, 0.4332226514816284]"
3,centroid,1,545,Velorum,Velorum,"[""Velorum"", ""Ilias"", ""Triton"", ""Trius"", ""Alcatras""]","[0.9416614174842834, 0.5500525236129761, 0.4841659367084503, 0.36764824390411377, 0.3180522620677948]"
3,centroid,1,546,Velorum,Velorum,"[""Velorum"", ""Nivalis"", ""Ilias"", ""Denom"", ""Ratikon""]","[0.8968815207481384, 0.4822807013988495, 0.4286997318267822, 0.3461110293865204, 0.28377091884613037]"
3,centroid,1,547,Velorum,Velorum,"[""Velorum"", ""Nivalis"", ""Ilias"", ""Denom"", ""Triton""]","[0.9374125599861145, 0.5368508100509644, 0.47391849756240845, 0.4147968888282776, 0.37627074122428894]"
3,centroid,1,548,Velorum,Velorum,"[""Velorum"", ""Ilias"", ""Triton"", ""Ratikon"", ""Nivalis""]","[0.8973469734191895, 0.7202620506286621, 0.4562351107597351, 0.39236772060394287, 0.39053285121917725]"
3,centroid,1,549,Velorum,Velorum,"[""Velorum"", ""Nivalis"", ""Ilias"", ""Mytikas"", ""Ratikon""]","[0.8767021894454956, 0.3968348801136017, 0.39603346586227417, 0.30838945508003235, 0.19944226741790771]"
3,centroid,1,550,Velorum,Velorum,"[""Velorum"", ""Ilias"", ""Triton"", ""Denom"", ""Trius""]","[0.9480801820755005, 0.5885568857192993, 0.4514492452144623, 0.3474993407726288, 0.31828373670578003]"
3,centroid,1,551,Velorum,Velorum,"[""Velorum"", ""Ilias"", ""Denom"", ""Ratikon"", ""Nivalis""]","[0.8898622989654541, 0.5689734220504761, 0.482060968875885, 0.42304980754852295, 0.3805340528488159]"
3,centroid,1,552,Velorum,Velorum,"[""Velorum"", ""Nivalis"", ""Denom"", ""Mytikas"", ""Ilias""]","[0.8681261539459229, 0.4725939929485321, 0.3996727764606476, 0.3538174629211426, 0.34840744733810425]"
3,centroid,1,553,Velorum,Velorum,"[""Velorum"", ""Denom"", ""Trius"", ""Triton"", ""Alcatras""]","[0.8481748700141907, 0.3919045925140381, 0.38530731201171875, 0.37536686658859253, 0.3605676293373108]"
3,centroid,1,554,Velorum,Velorum,"[""Velorum"", ""Ilias"", ""Nivalis"", ""Triton"", ""Denom""]","[0.9022925496101379, 0.511245608329773, 0.4778527617454529, 0.47037145495414734, 0.33653974533081055]"
3,centroid,1,555,Velorum,Velorum,"[""Velorum"", ""Nivalis"", ""Ilias"", ""Denom"", ""Ratikon""]","[0.8922855257987976, 0.6536756753921509, 0.5175038576126099, 0.4757390320301056, 0.3771529197692871]"
3,centroid,1,556,Velorum,Velorum,"[""Velorum"", ""Ilias"", ""Denom"", ""Triton"", ""Nivalis""]","[0.8971625566482544, 0.7218064665794373, 0.5298107266426086, 0.4989791512489319, 0.4407580494880676]"
3,centroid,1,557,Velorum,Velorum,"[""Velorum"", ""Ilias"", ""Triton"", ""Mytikas"", ""Trius""]","[0.8885253071784973, 0.5324277877807617, 0.48964443802833557, 0.4301498234272003, 0.31333640217781067]"
3,centroid,1,558,Velorum,Ratikon,"[""Ratikon"", ""Ilias"", ""Nivalis"", ""Denom"", ""Velorum""]","[0.597349226474762, 0.5609559416770935, 0.39207208156585693, 0.37071219086647034, 0.3674600124359131]"
3,centroid,1,559,Velorum,Velorum,"[""Velorum"", ""Ilias"", ""Denom"", ""Triton"", ""Trius""]","[0.9273179769515991, 0.5906683802604675, 0.4307430386543274, 0.39686456322669983, 0.3292669355869293]"
3,centroid,1,560,Velorum,Velorum,"[""Velorum"", ""Ilias"", ""Triton"", ""Trius"", ""Denom""]","[0.788169264793396, 0.6982230544090271, 0.6205079555511475, 0.5929664373397827, 0.557720959186554]"
3,centroid,1,561,Velorum,Velorum,"[""Velorum"", ""Nivalis"", ""Denom"", ""Ilias"", ""Ratikon""]","[0.8789188861846924, 0.5621366500854492, 0.49168774485588074, 0.26355743408203125, 0.2250010371208191]"
3,centroid,1,562,Velorum,Velorum,"[""Velorum"", ""Ilias"", ""Triton"", ""Trius"", ""Alcatras""]","[0.8904247879981995, 0.5261018872261047, 0.5092886686325073, 0.40995466709136963, 0.3562176823616028]"
3,centroid,1,563,Velorum,Velorum,"[""Velorum"", ""Ilias"", ""Denom"", ""Trius"", ""Nivalis""]","[0.889957845211029, 0.5185728669166565, 0.3620894253253937, 0.3335005044937134, 0.31289586424827576]"
3,centroid,1,564,Velorum,Velorum,"[""Velorum"", ""Ilias"", ""Denom"", ""Nivalis"", ""Triton""]","[0.9194474220275879, 0.5213179588317871, 0.44444364309310913, 0.44258713722229004, 0.33595019578933716]"
3,centroid,1,565,Velorum,Velorum,"[""Velorum"", ""Triton"", ""Denom"", ""Trius"", ""Ilias""]","[0.8671659231185913, 0.3707796335220337, 0.3598038852214813, 0.342376708984375, 0.3027772903442383]"
3,centroid,1,566,Xtreme,Xtreme,"[""Xtreme"", ""Gemini"", ""Steel_Wheel"", ""Hawk"", ""Denom""]","[0.9311171174049377, 0.3904711604118347, 0.058872073888778687, -0.037915781140327454, -0.06502776592969894]"
3,centroid,1,567,Xtreme,Xtreme,"[""Xtreme"", ""Gemini"", ""Nivalis"", ""Denom"", ""Mytikas""]","[0.7539592981338501, 0.5143557786941528, 0.29237550497055054, 0.18565630912780762, 0.13883215188980103]"
3,centroid,1,568,Xtreme,Xtreme,"[""Xtreme"", ""Gemini"", ""Triton"", ""Nivalis"", ""Mytikas""]","[0.7537744045257568, 0.5379023551940918, 0.26807981729507446, 0.20866987109184265, 0.17472639679908752]"
3,centroid,1,569,Xtreme,Xtreme,"[""Xtreme"", ""Gemini"", ""Ilias"", ""Triton"", ""Denom""]","[0.751897931098938, 0.6044923067092896, 0.3797450661659241, 0.27287566661834717, 0.21418792009353638]"
3,centroid,1,570,Xtreme,Xtreme,"[""Xtreme"", ""Gemini"", ""Steel_Wheel"", ""Denom"", ""Nivalis""]","[0.9717458486557007, 0.47485679388046265, 0.034887708723545074, -0.022641055285930634, -0.05347452312707901]"
3,centroid,1,571,Xtreme,Xtreme,"[""Xtreme"", ""Gemini"", ""Velorum"", ""Steel_Wheel"", ""Triton""]","[0.9631209373474121, 0.3597069978713989, 0.0686061829328537, 0.04571397975087166, 0.022844599559903145]"
3,centroid,1,572,Xtreme,Xtreme,"[""Xtreme"", ""Gemini"", ""Velorum"", ""Denom"", ""Ilias""]","[0.9220585823059082, 0.5349965691566467, 0.24867203831672668, 0.16036781668663025, 0.1571531891822815]"
3,centroid,1,573,Xtreme,Xtreme,"[""Xtreme"", ""Gemini"", ""Ilias"", ""Hawk"", ""Velorum""]","[0.9716759920120239, 0.5337028503417969, 0.04159701615571976, 0.023860467597842216, 0.012740783393383026]"
3,centroid,1,574,Xtreme,Xtreme,"[""Xtreme"", ""Steel_Wheel"", ""Gemini"", ""Velorum"", ""Denom""]","[0.921975314617157, 0.173438161611557, 0.17194898426532745, -0.0011608507484197617, -0.05106286332011223]"
3,centroid,1,575,Xtreme,Xtreme,"[""Xtreme"", ""Gemini"", ""Steel_Wheel"", ""Velorum"", ""Mytikas""]","[0.9550973176956177, 0.36692750453948975, 0.0876474604010582, 0.04997875913977623, -0.02105622924864292]"
3,centroid,1,576,Xtreme,Xtreme,"[""Xtreme"", ""Gemini"", ""Hawk"", ""Steel_Wheel"", ""Braga""]","[0.8948801755905151, 0.3892304301261902, 0.19746874272823334, 0.11372675001621246, -0.04456126317381859]"
3,centroid,1,577,Xtreme,Xtreme,"[""Xtreme"", ""Gemini"", ""Braga"", ""Triton"", ""Trius""]","[0.8646811246871948, 0.6259216070175171, 0.34598520398139954, 0.32085850834846497, 0.20062784850597382]"
3,centroid,1,578,Xtreme,Xtreme,"[""Xtreme"", ""Gemini"", ""Steel_Wheel"", ""Velorum"", ""Hawk""]","[0.9156243205070496, 0.2413761466741562, 0.1849292516708374, 0.088862344622612, 0.011873990297317505]"
3,centroid,1,579,Xtreme,Xtreme,"[""Xtreme"", ""Gemini"", ""Triton"", ""Mytikas"", ""Velorum""]","[0.897173285484314, 0.45397430658340454, 0.18690863251686096, 0.1822645366191864, 0.12395618855953217]"
3,centroid,1,580,Xtreme,Xtreme,"[""Xtreme"", ""Gemini"", ""Hawk"", ""Steel_Wheel"", ""Velorum""]","[0.9181880950927734, 0.4323359429836273, 0.18234962224960327, 0.07301051169633865, 0.06854002922773361]"
3,centroid,1,581,Xtreme,Xtreme,"[""Xtreme"", ""Gemini"", ""Ilias"", ""Nivalis"", ""Denom""]","[0.8954161405563354, 0.5283129215240479, 0.08333044499158859, 0.077234648168087, 0.028625648468732834]"
3,centroid,1,582,Xtreme,Xtreme,"[""Xtreme"", ""Gemini"", ""Steel_Wheel"", ""Velorum"", ""Denom""]","[0.9500961899757385, 0.2716961205005646, 0.16210997104644775, -0.028924597427248955, -0.0500900000333786]"
3,centroid,1,583,Xtreme,Xtreme,"[""Xtreme"", ""Gemini"", ""Steel_Wheel"", ""Denom"", ""Nivalis""]","[0.9489327669143677, 0.4011274576187134, 0.12663887441158295, 0.03371438384056091, 0.017022758722305298]"
3,centroid,1,584,Xtreme,Xtreme,"[""Xtreme"", ""Gemini"", ""Steel_Wheel"", ""Braga"", ""Denom""]","[0.969460129737854, 0.39609193801879883, 0.09744737297296524, -0.02243547886610031, -0.04982764646410942]"
3,centroid,1,585,Xtreme,Xtreme,"[""Xtreme"", ""Gemini"", ""Braga"", ""Castor"", ""Triton""]","[0.8580306172370911, 0.3307415843009949, 0.15411803126335144, 0.06744137406349182, 0.06565852463245392]"
3,centroid,1,586,Xtreme,Xtreme,"[""Xtreme"", ""Gemini"", ""Velorum"", ""Denom"", ""Nivalis""]","[0.9259562492370605, 0.630759596824646, 0.06589596718549728, 0.05169720947742462, 0.011170485988259315]"
3,centroid,1,587,Xtreme,Xtreme,"[""Xtreme"", ""Gemini"", ""Triton"", ""Braga"", ""Mytikas""]","[0.93243408203125, 0.5745689868927002, 0.16942980885505676, 0.1303098201751709, 0.08894402533769608]"
3,centroid,1,588,Xtreme,Xtreme,"[""Xtreme"", ""Gemini"", ""Hawk"", ""Mytikas"", ""Castor""]","[0.8624339699745178, 0.22120988368988037, 0.16711938381195068, 0.10872302949428558, 0.09542066603899002]"
3,centroid,1,589,Xtreme,Xtreme,"[""Xtreme"", ""Gemini"", ""Ilias"", ""Nivalis"", ""Denom""]","[0.8163447380065918, 0.6139732003211975, 0.3303372859954834, 0.1470455527305603, 0.13779564201831818]"
3,centroid,1,590,Xtreme,Xtreme,"[""Xtreme"", ""Steel_Wheel"", ""Gemini"", ""Velorum"", ""Hawk""]","[0.8585469722747803, 0.2623373866081238, 0.16173698008060455, 0.13200008869171143, 0.059746384620666504]"
3,centroid,1,591,Xtreme,Xtreme,"[""Xtreme"", ""Gemini"", ""Steel_Wheel"", ""Denom"", ""Velorum""]","[0.939281702041626, 0.4906480610370636, 0.05470126122236252, -0.004239622503519058, -0.011639796197414398]"
3,centroid,1,592,Xtreme,Xtreme,"[""Xtreme"", ""Gemini"", ""Hawk"", ""Vega"", ""Braga""]","[0.8728917241096497, 0.6057931184768677, 0.2661271393299103, 0.1615283042192459, 0.08432106673717499]"
3,centroid,1,593,Xtreme,Xtreme,"[""Xtreme"", ""Gemini"", ""Steel_Wheel"", ""Hawk"", ""Velorum""]","[0.9274576306343079, 0.26780304312705994, 0.16849285364151, 0.0472160205245018, -0.018685292452573776]"
3,centroid,1,594,Xtreme,Xtreme,"[""Xtreme"", ""Gemini"", ""Braga"", ""Hawk"", ""Vega""]","[0.754685640335083, 0.5575395822525024, 0.3598085641860962, 0.29118630290031433, 0.22383743524551392]"
3,centroid,1,595,Xtreme,Xtreme,"[""Xtreme"", ""Gemini"", ""Hawk"", ""Braga"", ""Vega""]","[0.8659841418266296, 0.6211782097816467, 0.3270685374736786, 0.1472596824169159, 0.05899171158671379]"
3,centroid,1,596,Xtreme,Xtreme,"[""Xtreme"", ""Gemini"", ""Steel_Wheel"", ""Hawk"", ""Castor""]","[0.8830710649490356, 0.245293527841568, 0.16322113573551178, 0.13166233897209167, 0.029314663261175156]"
3,centroid,1,597,Xtreme,Xtreme,"[""Xtreme"", ""Gemini"", ""Triton"", ""Braga"", ""Mytikas""]","[0.9511824250221252, 0.5364932417869568, 0.06962451338768005, 0.015265997499227524, 0.0025751497596502304]"
3,centroid,1,598,Xtreme,Xtreme,"[""Xtreme"", ""Gemini"", ""Steel_Wheel"", ""Nivalis"", ""Velorum""]","[0.891374945640564, 0.18085667490959167, 0.1323906034231186, 0.05595657229423523, 0.03475947678089142]"
3,centroid,1,599,Xtreme,Xtreme,"[""Xtreme"", ""Gemini"", ""Castor"", ""Braga"", ""Hawk""]","[0.812575101852417, 0.36186835169792175, 0.2728760838508606, 0.2616170048713684, 0.24202464520931244]"
3,centroid,1,600,Xtreme,Xtreme,"[""Xtreme"", ""Gemini"", ""Braga"", ""Hawk"", ""Castor""]","[0.8760257959365845, 0.45059889554977417, 0.3133273422718048, 0.2092318832874298, 0.1072828620672226]"
3,centroid,1,601,Xtreme,Xtreme,"[""Xtreme"", ""Gemini"", ""Braga"", ""Triton"", ""Hawk""]","[0.9781092405319214, 0.5340557098388672, 0.0914977416396141, 0.0842261090874672, 0.03925813362002373]"
3,centroid,1,602,Xtreme,Xtreme,"[""Xtreme"", ""Gemini"", ""Castor"", ""Steel_Wheel"", ""Velorum""]","[0.9276095628738403, 0.40793049335479736, 0.10567795485258102, 0.06945860385894775, 0.06463084369897842]"
3,centroid,1,603,Xtreme,Xtreme,"[""Xtreme"", ""Gemini"", ""Triton"", ""Ilias"", ""Trius""]","[0.7771025896072388, 0.6419280767440796, 0.3891035318374634, 0.3222127854824066, 0.3157167136669159]"
4,centroid,1,0,Alaris,Alcatras,"[""Alcatras"", ""Alaris"", ""Trius"", ""Triton"", ""Mytikas""]","[0.6552250385284424, 0.6079039573669434, 0.590247631072998, 0.5682303309440613, 0.5165045261383057]"
4,centroid,1,1,Alaris,Alaris,"[""Alaris"", ""Alcatras"", ""Trius"", ""Braga"", ""Mytikas""]","[0.8845601081848145, 0.7072176933288574, 0.6974648237228394, 0.4985395669937134, 0.357404500246048]"
4,centroid,1,2,Alaris,Alaris,"[""Alaris"", ""Alcatras"", ""Turbine"", ""Castor"", ""Mytikas""]","[0.6396805047988892, 0.4468870759010315, 0.4156830906867981, 0.31268537044525146, 0.26055508852005005]"
4,centroid,1,3,Alaris,Alaris,"[""Alaris"", ""Trius"", ""Alcatras"", ""Braga"", ""Vega""]","[0.8810558319091797, 0.6050207614898682, 0.46391966938972473, 0.3392776846885681, 0.29740235209465027]"
4,centroid,1,4,Alaris,Alaris,"[""Alaris"", ""Alcatras"", ""Trius"", ""Mytikas"", ""Triton""]","[0.9057486057281494, 0.7558666467666626, 0.620898425579071, 0.4054257273674011, 0.32204750180244446]"
4,centroid,1,5,Alaris,Alaris,"[""Alaris"", ""Turbine"", ""Trius"", ""Vega"", ""Triton""]","[0.6388932466506958, 0.5424196720123291, 0.5068362951278687, 0.38552653789520264, 0.35924071073532104]"
4,centroid,1,6,Alaris,Alaris,"[""Alaris"", ""Alcatras"", ""Trius"", ""Braga"", ""Vega""]","[0.8337197303771973, 0.8155462145805359, 0.6103252172470093, 0.5656916499137878, 0.32933327555656433]"
4,centroid,1,7,Alaris,Trius,"[""Trius"", ""Triton"", ""Alcatras"", ""Braga"", ""Alaris""]","[0.7721230387687683, 0.6902298927307129, 0.6586060523986816, 0.6498879194259644, 0.6206741333007812]"
4,centroid,1,8,Alaris,Alaris,"[""Alaris"", ""Alcatras"", ""Trius"", ""Braga"", ""Vega""]","[0.844928503036499, 0.7175419330596924, 0.6851248741149902, 0.5410073399543762, 0.38112765550613403]"
4,centroid,1,9,Alaris,Alcatras,"[""Alcatras"", ""Triton"", ""Castor"", ""Alaris"", ""Trius""]","[0.7835679650306702, 0.7137761116027832, 0.6802542805671692, 0.651149570941925, 0.6437687873840332]"
4,centroid,1,10,Alaris,Alaris,"[""Alaris"", ""Vega"", ""Alcatras"", ""Trius"", ""Hawk""]","[0.868883490562439, 0.45945361256599426, 0.455811083316803, 0.3783177137374878, 0.2843691408634186]"
4,centroid,1,11,Alaris,Alaris,"[""Alaris"", ""Alcatras"", ""Trius"", ""Turbine"", ""Castor""]","[0.8706228137016296, 0.6470379829406738, 0.5470033884048462, 0.4817112684249878, 0.3982160687446594]"
4,centroid,1,12,Alaris,Alaris,"[""Alaris"", ""Alcatras"", ""Trius"", ""Mytikas"", ""Vega""]","[0.899421215057373, 0.6784934997558594, 0.5628721714019775, 0.35609573125839233, 0.3369763493537903]"
4,centroid,1,13,Alaris,Alaris,"[""Alaris"", ""Alcatras"", ""Hawk"", ""Castor"", ""Turbine""]","[0.7621586322784424, 0.6345776915550232, 0.3672131299972534, 0.28165826201438904, 0.2478482872247696]"
4,centroid,1,14,Alaris,Alaris,"[""Alaris"", ""Alcatras"", ""Braga"", ""Trius"", ""Triton""]","[0.7990824580192566, 0.7502321004867554, 0.6941947937011719, 0.653508722782135, 0.4044422507286072]"
4,centroid,1,15,Alaris,Alaris,"[""Alaris"", ""Trius"", ""Turbine"", ""Vega"", ""Braga""]","[0.7471873164176941, 0.5357772707939148, 0.4012373387813568, 0.3185291886329651, 0.3073928952217102]"
4,centroid,1,16,Alaris,Alaris,"[""Alaris"", ""Hawk"", ""Alcatras"", ""Mytikas"", ""Trius""]","[0.6851692199707031, 0.6418148279190063, 0.5459665060043335, 0.33257079124450684, 0.2288963496685028]"
4,centroid,1,17,Alaris,Alaris,"[""Alaris"", ""Alcatras"", ""Trius"", ""Mytikas"", ""Braga""]","[0.9228993654251099, 0.6584610939025879, 0.43232160806655884, 0.3657228946685791, 0.2695041298866272]"
4,centroid,1,18,Alaris,Alaris,"[""Alaris"", ""Alcatras"", ""Trius"", ""Braga"", ""Hawk""]","[0.7928115725517273, 0.5497549176216125, 0.5164105296134949, 0.3987079858779907, 0.3678036332130432]"
4,centroid,1,19,Alaris,Alaris,"[""Alaris"", ""Alcatras"", ""Castor"", ""Braga"", ""Trius""]","[0.8421136140823364, 0.830431342124939, 0.5239200592041016, 0.45654579997062683, 0.41234976053237915]"
4,centroid,1,20,Alaris,Alcatras,"[""Alcatras"", ""Alaris"", ""Mytikas"", ""Trius"", ""Triton""]","[0.7710456848144531, 0.6992449164390564, 0.6420623660087585, 0.6212447881698608, 0.5853381752967834]"
4,centroid,1,21,Alaris,Alaris,"[""Alaris"", ""Alcatras"", ""Trius"", ""Vega"", ""Mytikas""]","[0.9229185581207275, 0.7578076720237732, 0.39590615034103394, 0.37061870098114014, 0.3508759140968323]"
4,centroid,1,22,Alaris,Alaris,"[""Alaris"", ""Trius"", ""Alcatras"", ""Braga"", ""Triton""]","[0.7925442457199097, 0.734054446220398, 0.7201259136199951, 0.4606058597564697, 0.3801022469997406]"
4,centroid,1,23,Alaris,Trius,"[""Trius"", ""Alaris"", ""Alcatras"", ""Turbine"", ""Triton""]","[0.7154698967933655, 0.7018002271652222, 0.5518831014633179, 0.5208205580711365, 0.38723087310791016]"
4,centroid,1,24,Alaris,Alaris,"[""Alaris"", ""Alcatras"", ""Trius"", ""Braga"", ""Turbine""]","[0.8664183616638184, 0.6903129816055298, 0.6042897701263428, 0.5854067802429199, 0.5289326906204224]"
4,centroid,1,25,Alaris,Alaris,"[""Alaris"", ""Alcatras"", ""Trius"", ""Braga"", ""Hawk""]","[0.9417959451675415, 0.7746325135231018, 0.5192592740058899, 0.42944374680519104, 0.385786771774292]"
4,centroid,1,26,Alaris,Alaris,"[""Alaris"", ""Vega"", ""Turbine"", ""Hawk"", ""Braga""]","[0.7121506333351135, 0.692772626876831, 0.38957300782203674, 0.370710551738739, 0.3312991261482239]"
4,centroid,1,27,Alcatras,Triton,"[""Triton"", ""Mytikas"", ""Castor"", ""Turbine"", ""Alcatras""]","[0.6661862134933472, 0.6461469531059265, 0.48918837308883667, 0.4728505611419678, 0.4362141191959381]"
4,centroid,1,28,Alcatras,Alcatras,"[""Alcatras"", ""Castor"", ""Alaris"", ""Triton"", ""Trius""]","[0.8852993249893188, 0.5806218981742859, 0.5715821981430054, 0.5506913661956787, 0.5136674642562866]"
4,centroid,1,29,Alcatras,Alcatras,"[""Alcatras"", ""Castor"", ""Mytikas"", ""Alaris"", ""Triton""]","[0.8287156820297241, 0.5541218519210815, 0.5080243349075317, 0.5014823079109192, 0.30328434705734253]"
4,centroid,1,30,Alcatras,Alcatras,"[""Alcatras"", ""Castor"", ""Turbine"", ""Triton"", ""Mytikas""]","[0.7770217657089233, 0.6929416656494141, 0.5318233370780945, 0.5216742157936096, 0.5215284824371338]"
4,centroid,1,31,Alcatras,Alcatras,"[""Alcatras"", ""Alaris"", ""Castor"", ""Mytikas"", ""Triton""]","[0.8960565328598022, 0.7348656058311462, 0.5823423862457275, 0.5692119598388672, 0.5066073536872864]"
4,centroid,1,32,Alcatras,Alcatras,"[""Alcatras"", ""Alaris"", ""Castor"", ""Braga"", ""Trius""]","[0.8455891013145447, 0.6613967418670654, 0.5161164999008179, 0.5002245903015137, 0.43554818630218506]"
4,centroid,1,33,Alcatras,Alcatras,"[""Alcatras"", ""Castor"", ""Mytikas"", ""Triton"", ""Turbine""]","[0.8152012825012207, 0.7341511249542236, 0.6027184724807739, 0.5169992446899414, 0.42930272221565247]"
4,centroid,1,34,Alcatras,Alcatras,"[""Alcatras"", ""Alaris"", ""Triton"", ""Trius"", ""Mytikas""]","[0.8484160900115967, 0.6728196740150452, 0.6352294683456421, 0.6146589517593384, 0.6088437438011169]"
4,centroid,1,35,Alcatras,Alcatras,"[""Alcatras"", ""Alaris"", ""Castor"", ""Mytikas"", ""Triton""]","[0.8359196186065674, 0.5841752886772156, 0.5294098258018494, 0.4075799584388733, 0.24440424144268036]"
4,centroid,1,36,Alcatras,Alaris,"[""Alaris"", ""Alcatras"", ""Braga"", ""Turbine"", ""Castor""]","[0.6469249129295349, 0.62825608253479, 0.4867361783981323, 0.474147766828537, 0.3800186216831207]"
4,centroid,1,37,Alcatras,Alcatras,"[""Alcatras"", ""Alaris"", ""Mytikas"", ""Trius"", ""Castor""]","[0.8550414443016052, 0.7526156902313232, 0.5347504615783691, 0.4832700788974762, 0.33811041712760925]"
4,centroid,1,38,Alcatras,Alcatras,"[""Alcatras"", ""Mytikas"", ""Castor"", ""Alaris"", ""Triton""]","[0.6698129177093506, 0.5380072593688965, 0.5081532001495361, 0.5021155476570129, 0.3734149932861328]"
4,centroid,1,39,Alcatras,Alcatras,"[""Alcatras"", ""Castor"", ""Braga"", ""Trius"", ""Alaris""]","[0.8289563655853271, 0.6954634785652161, 0.6838396787643433, 0.5869830846786499, 0.5535889267921448]"
4,centroid,1,40,Alcatras,Alcatras,"[""Alcatras"", ""Alaris"", ""Braga"", ""Trius"", ""Castor""]","[0.8286126852035522, 0.7507860660552979, 0.6439768671989441, 0.6300550699234009, 0.6248660683631897]"
4,centroid,1,41,Alcatras,Alcatras,"[""Alcatras"", ""Alaris"", ""Castor"", ""Braga"", ""Triton""]","[0.7957906723022461, 0.6537876725196838, 0.5833918452262878, 0.56793212890625, 0.394345760345459]"
4,centroid,1,42,Alcatras,Alcatras,"[""Alcatras"", ""Mytikas"", ""Alaris"", ""Castor"", ""Triton""]","[0.8681188821792603, 0.6449728012084961, 0.543470561504364, 0.5428847074508667, 0.4523642659187317]"
4,centroid,1,43,Alcatras,Alcatras,"[""Alcatras"", ""Braga"", ""Trius"", ""Castor"", ""Alaris""]","[0.7386597394943237, 0.6533531546592712, 0.5829833745956421, 0.5581845045089722, 0.5413601398468018]"
4,centroid,1,44,Alcatras,Alcatras,"[""Alcatras"", ""Castor"", ""Alaris"", ""Mytikas"", ""Triton""]","[0.8944112658500671, 0.6928517818450928, 0.6235333681106567, 0.5331884026527405, 0.37716591358184814]"
4,centroid,1,45,Alcatras,Alaris,"[""Alaris"", ""Alcatras"", ""Braga"", ""Castor"", ""Hawk""]","[0.7271174788475037, 0.6783056855201721, 0.5030990242958069, 0.4905545115470886, 0.3808131217956543]"
4,centroid,1,46,Alcatras,Alcatras,"[""Alcatras"", ""Alaris"", ""Castor"", ""Mytikas"", ""Triton""]","[0.9151984453201294, 0.6824785470962524, 0.6175917387008667, 0.5693171620368958, 0.37314197421073914]"
4,centroid,1,47,Alcatras,Alcatras,"[""Alcatras"", ""Alaris"", ""Castor"", ""Triton"", ""Braga""]","[0.9385827779769897, 0.6594691276550293, 0.5663876533508301, 0.3925001323223114, 0.392192006111145]"
4,centroid,1,48,Alcatras,Alcatras,"[""Alcatras"", ""Alaris"", ""Mytikas"", ""Castor"", ""Trius""]","[0.8131056427955627, 0.7226743698120117, 0.435585081577301, 0.42100441455841064, 0.38002097606658936]"
4,centroid,1,49,Alcatras,Castor,"[""Castor"", ""Alcatras"", ""Triton"", ""Turbine"", ""Braga""]","[0.7894265651702881, 0.7048479318618774, 0.6485931873321533, 0.5429344177246094, 0.4476161599159241]"
4,centroid,1,50,Alcatras,Alcatras,"[""Alcatras"", ""Castor"", ""Alaris"", ""Turbine"", ""Mytikas""]","[0.8123924732208252, 0.6915980577468872, 0.6356865167617798, 0.6064872741699219, 0.544955849647522]"
4,centroid,1,51,Alcatras,Alcatras,"[""Alcatras"", ""Alaris"", ""Trius"", ""Braga"", ""Triton""]","[0.7878630757331848, 0.6480265259742737, 0.5904876589775085, 0.556571364402771, 0.4562440514564514]"
4,centroid,1,52,Alcatras,Alcatras,"[""Alcatras"", ""Castor"", ""Alaris"", ""Mytikas"", ""Triton""]","[0.9291596412658691, 0.666205644607544, 0.6443332433700562, 0.6273170709609985, 0.6229015588760376]"
4,centroid,1,53,Braga,Braga,"[""Braga"", ""Alcatras"", ""Gemini"", ""Trius"", ""Turbine""]","[0.7491673231124878, 0.42592987418174744, 0.42264997959136963, 0.41805028915405273, 0.4104269742965698]"
4,centroid,1,54,Braga,Triton,"[""Triton"", ""Braga"", ""Trius"", ""Mytikas"", ""Castor""]","[0.7856192588806152, 0.7026825547218323, 0.658564567565918, 0.5224855542182922, 0.4293372333049774]"
4,centroid,1,55,Braga,Braga,"[""Braga"", ""Turbine"", ""Trius"", ""Triton"", ""Castor""]","[0.9241849184036255, 0.5080191493034363, 0.5033912658691406, 0.44044211506843567, 0.43823713064193726]"
4,centroid,1,56,Braga,Braga,"[""Braga"", ""Alcatras"", ""Trius"", ""Alaris"", ""Mytikas""]","[0.7525771260261536, 0.6002494096755981, 0.5515495538711548, 0.5284978151321411, 0.482669860124588]"
4,centroid,1,57,Braga,Braga,"[""Braga"", ""Vega"", ""Turbine"", ""Gemini"", ""Trius""]","[0.831512451171875, 0.5512433052062988, 0.5295568704605103, 0.48581457138061523, 0.35303908586502075]"
4,centroid,1,58,Braga,Braga,"[""Braga"", ""Trius"", ""Triton"", ""Alcatras"", ""Castor""]","[0.8019399046897888, 0.6968420743942261, 0.6273617744445801, 0.6143660545349121, 0.5194262862205505]"
4,centroid,1,59,Braga,Braga,"[""Braga"", ""Alcatras"", ""Alaris"", ""Trius"", ""Castor""]","[0.8212412595748901, 0.8077044486999512, 0.7025531530380249, 0.6537628173828125, 0.5911897420883179]"
4,centroid,1,60,Braga,Braga,"[""Braga"", ""Turbine"", ""Triton"", ""Castor"", ""Mytikas""]","[0.7441415786743164, 0.49537211656570435, 0.44398200511932373, 0.4411914348602295, 0.3036099672317505]"
4,centroid,1,61,Braga,Braga,"[""Braga"", ""Triton"", ""Castor"", ""Alcatras"", ""Trius""]","[0.835574746131897, 0.6775628328323364, 0.6414202451705933, 0.6257855892181396, 0.5944335460662842]"
4,centroid,1,62,Braga,Braga,"[""Braga"", ""Triton"", ""Castor"", ""Trius"", ""Alcatras""]","[0.8617687225341797, 0.6741667985916138, 0.6179418563842773, 0.5417956709861755, 0.5188857913017273]"
4,centroid,1,63,Braga,Braga,"[""Braga"", ""Gemini"", ""Vega"", ""Turbine"", ""Xtreme""]","[0.7835493683815002, 0.5357818603515625, 0.3051687180995941, 0.28533172607421875, 0.2833448648452759]"
4,centroid,1,64,Braga,Braga,"[""Braga"", ""Gemini"", ""Vega"", ""Trius"", ""Triton""]","[0.7440197467803955, 0.6354944109916687, 0.501754879951477, 0.5014550685882568, 0.3936406373977661]"
4,centroid,1,65,Braga,Braga,"[""Braga"", ""Turbine"", ""Triton"", ""Trius"", ""Castor""]","[0.8934799432754517, 0.635451078414917, 0.6217247247695923, 0.567717432975769, 0.5002938508987427]"
4,centroid,1,66,Braga,Braga,"[""Braga"", ""Trius"", ""Triton"", ""Castor"", ""Mytikas""]","[0.7537896633148193, 0.7267289161682129, 0.67889803647995, 0.5982412099838257, 0.5605413913726807]"
4,centroid,1,67,Braga,Braga,"[""Braga"", ""Mytikas"", ""Gemini"", ""Trius"", ""Triton""]","[0.6366662979125977, 0.5141624808311462, 0.4835568964481354, 0.45773574709892273, 0.4370262920856476]"
4,centroid,1,68,Braga,Braga,"[""Braga"", ""Castor"", ""Alcatras"", ""Triton"", ""Trius""]","[0.8680011034011841, 0.6140033006668091, 0.5741409659385681, 0.5528775453567505, 0.5406752824783325]"
4,centroid,1,69,Braga,Braga,"[""Braga"", ""Castor"", ""Triton"", ""Turbine"", ""Alcatras""]","[0.8430477976799011, 0.5128449201583862, 0.49540218710899353, 0.48740676045417786, 0.43574732542037964]"
4,centroid,1,70,Braga,Castor,"[""Castor"", ""Alcatras"", ""Braga"", ""Triton"", ""Alaris""]","[0.7973002195358276, 0.7706685662269592, 0.7345129251480103, 0.6055647134780884, 0.5790844559669495]"
4,centroid,1,71,Braga,Trius,"[""Trius"", ""Alcatras"", ""Braga"", ""Triton"", ""Alaris""]","[0.7711752653121948, 0.7480363845825195, 0.7339929342269897, 0.6539797782897949, 0.6233929395675659]"
4,centroid,1,72,Braga,Braga,"[""Braga"", ""Gemini"", ""Hawk"", ""Turbine"", ""Vega""]","[0.8248496055603027, 0.5442847013473511, 0.4799134433269501, 0.3799359202384949, 0.30782774090766907]"
4,centroid,1,73,Braga,Braga,"[""Braga"", ""Triton"", ""Trius"", ""Castor"", ""Alcatras""]","[0.8843594193458557, 0.6754934787750244, 0.5976860523223877, 0.4846716523170471, 0.46071940660476685]"
4,centroid,1,74,Braga,Braga,"[""Braga"", ""Hawk"", ""Gemini"", ""Turbine"", ""Vega""]","[0.7528752088546753, 0.41263121366500854, 0.3735571503639221, 0.365562379360199, 0.33904969692230225]"
4,centroid,1,75,Braga,Braga,"[""Braga"", ""Gemini"", ""Vega"", ""Hawk"", ""Alaris""]","[0.8685095310211182, 0.5556753873825073, 0.5051485300064087, 0.48747116327285767, 0.3385584354400635]"
4,centroid,1,76,Braga,Gemini,"[""Gemini"", ""Braga"", ""Vega"", ""Trius"", ""Alaris""]","[0.7276250123977661, 0.7116996049880981, 0.7115988731384277, 0.4661581516265869, 0.4463276267051697]"
4,centroid,1,77,Braga,Triton,"[""Triton"", ""Castor"", ""Braga"", ""Mytikas"", ""Trius""]","[0.7740188837051392, 0.7436042428016663, 0.5861138105392456, 0.4951152205467224, 0.44384685158729553]"
4,centroid,1,78,Braga,Braga,"[""Braga"", ""Triton"", ""Trius"", ""Castor"", ""Alcatras""]","[0.8735948801040649, 0.5223774909973145, 0.516883909702301, 0.4317488372325897, 0.4120655655860901]"
4,centroid,1,79,Braga,Braga,"[""Braga"", ""Alcatras"", ""Castor"", ""Triton"", ""Alaris""]","[0.8506269454956055, 0.7088523507118225, 0.6637412905693054, 0.5681060552597046, 0.5609464645385742]"
4,centroid,1,80,Braga,Hawk,"[""Hawk"", ""Braga"", ""Gemini"", ""Vega"", ""Xtreme""]","[0.690398097038269, 0.6661248207092285, 0.5152837634086609, 0.37543803453445435, 0.19886718690395355]"
4,centroid,1,81,Braga,Triton,"[""Triton"", ""Braga"", ""Trius"", ""Mytikas"", ""Alcatras""]","[0.765529453754425, 0.7643252611160278, 0.6891024112701416, 0.665642499923706, 0.5362222790718079]"
4,centroid,1,82,Braga,Braga,"[""Braga"", ""Triton"", ""Trius"", ""Mytikas"", ""Castor""]","[0.7268273830413818, 0.7119952440261841, 0.6735720038414001, 0.6727253198623657, 0.4775506854057312]"
4,centroid,1,83,Braga,Braga,"[""Braga"", ""Vega"", ""Gemini"", ""Trius"", ""Turbine""]","[0.8075962662696838, 0.6561614274978638, 0.6328558921813965, 0.4204276204109192, 0.3872450292110443]"
4,centroid,1,84,Braga,Braga,"[""Braga"", ""Vega"", ""Gemini"", ""Trius"", ""Alaris""]","[0.7493279576301575, 0.6538982391357422, 0.6265039443969727, 0.6229339838027954, 0.4411187767982483]"
4,centroid,1,85,Braga,Braga,"[""Braga"", ""Alcatras"", ""Alaris"", ""Castor"", ""Trius""]","[0.7285411357879639, 0.6686557531356812, 0.6154701709747314, 0.5586303472518921, 0.5277924537658691]"
4,centroid,1,86,Braga,Braga,"[""Braga"", ""Triton"", ""Alcatras"", ""Mytikas"", ""Trius""]","[0.7894865274429321, 0.6599797010421753, 0.651908278465271, 0.5874007940292358, 0.5546784400939941]"
4,centroid,1,87,Braga,Braga,"[""Braga"", ""Alcatras"", ""Castor"", ""Triton"", ""Trius""]","[0.8610808849334717, 0.7541527152061462, 0.6494949460029602, 0.6492593884468079, 0.5613992214202881]"
4,centroid,1,88,Braga,Triton,"[""Triton"", ""Castor"", ""Mytikas"", ""Alcatras"", ""Braga""]","[0.833280086517334, 0.7739344835281372, 0.7122541069984436, 0.7012511491775513, 0.639336347579956]"
4,centroid,1,89,Braga,Braga,"[""Braga"", ""Alcatras"", ""Gemini"", ""Trius"", ""Alaris""]","[0.7899603843688965, 0.5551767945289612, 0.44355010986328125, 0.4216585159301758, 0.41046908497810364]"
4,centroid,1,90,Castor,Castor,"[""Castor"", ""Triton"", ""Alcatras"", ""Mytikas"", ""Braga""]","[0.9319567680358887, 0.5401824712753296, 0.5107030272483826, 0.38163232803344727, 0.35518714785575867]"
4,centroid,1,91,Castor,Castor,"[""Castor"", ""Alcatras"", ""Mytikas"", ""Triton"", ""Braga""]","[0.9454542398452759, 0.6228699088096619, 0.5369458198547363, 0.5354006290435791, 0.3183322250843048]"
4,centroid,1,92,Castor,Castor,"[""Castor"", ""Alcatras"", ""Braga"", ""Triton"", ""Turbine""]","[0.8805695176124573, 0.6148751974105835, 0.49055200815200806, 0.4186550974845886, 0.37661707401275635]"
4,centroid,1,93,Castor,Castor,"[""Castor"", ""Triton"", ""Mytikas"", ""Braga"", ""Turbine""]","[0.8600841164588928, 0.5554971694946289, 0.49079757928848267, 0.46889394521713257, 0.4600612223148346]"
4,centroid,1,94,Castor,Castor,"[""Castor"", ""Triton"", ""Mytikas"", ""Braga"", ""Alcatras""]","[0.8194032907485962, 0.5706608295440674, 0.4347430169582367, 0.43029314279556274, 0.29808518290519714]"
4,centroid,1,95,Castor,Castor,"[""Castor"", ""Alcatras"", ""Mytikas"", ""Triton"", ""Velorum""]","[0.8051283359527588, 0.5978183150291443, 0.5525622367858887, 0.46633630990982056, 0.2808389663696289]"
4,centroid,1,96,Castor,Castor,"[""Castor"", ""Alcatras"", ""Braga"", ""Triton"", ""Turbine""]","[0.847989559173584, 0.49199721217155457, 0.39669013023376465, 0.38323551416397095, 0.2853620946407318]"
4,centroid,1,97,Castor,Castor,"[""Castor"", ""Alcatras"", ""Turbine"", ""Braga"", ""Triton""]","[0.8161492347717285, 0.5142793655395508, 0.464166522026062, 0.36795705556869507, 0.28232499957084656]"
4,centroid,1,98,Castor,Castor,"[""Castor"", ""Triton"", ""Alcatras"", ""Turbine"", ""Mytikas""]","[0.839341938495636, 0.6036539077758789, 0.5105605125427246, 0.3745816946029663, 0.369145005941391]"
4,centroid,1,99,Castor,Castor,"[""Castor"", ""Triton"", ""Alcatras"", ""Trius"", ""Mytikas""]","[0.8798975348472595, 0.7058813571929932, 0.5871670246124268, 0.49237507581710815, 0.4664720892906189]"
4,centroid,1,100,Castor,Castor,"[""Castor"", ""Turbine"", ""Triton"", ""Braga"", ""Mytikas""]","[0.8293589949607849, 0.5273882150650024, 0.5212489366531372, 0.5055705308914185, 0.4599545896053314]"
4,centroid,1,101,Castor,Triton,"[""Triton"", ""Castor"", ""Braga"", ""Mytikas"", ""Trius""]","[0.65857994556427, 0.5925267934799194, 0.456156849861145, 0.3370598256587982, 0.2964198887348175]"
4,centroid,1,102,Castor,Castor,"[""Castor"", ""Alcatras"", ""Triton"", ""Mytikas"", ""Braga""]","[0.9056086540222168, 0.5830733776092529, 0.49833017587661743, 0.32857459783554077, 0.2329561859369278]"
4,centroid,1,103,Castor,Castor,"[""Castor"", ""Turbine"", ""Alcatras"", ""Braga"", ""Triton""]","[0.8074589967727661, 0.38170868158340454, 0.3698883652687073, 0.32156097888946533, 0.30496856570243835]"
4,centroid,1,104,Castor,Castor,"[""Castor"", ""Triton"", ""Turbine"", ""Braga"", ""Alcatras""]","[0.8824270367622375, 0.5773669481277466, 0.5130063891410828, 0.49097245931625366, 0.3924129605293274]"
4,centroid,1,105,Castor,Castor,"[""Castor"", ""Alcatras"", ""Turbine"", ""Braga"", ""Triton""]","[0.906590461730957, 0.7063301801681519, 0.41822266578674316, 0.4148872494697571, 0.4139469861984253]"
4,centroid,1,106,Castor,Castor,"[""Castor"", ""Triton"", ""Braga"", ""Mytikas"", ""Alcatras""]","[0.9218316078186035, 0.7405088543891907, 0.5477924346923828, 0.5462391376495361, 0.5180109143257141]"
4,centroid,1,107,Castor,Castor,"[""Castor"", ""Triton"", ""Mytikas"", ""Alcatras"", ""Trius""]","[0.7999327182769775, 0.7030435800552368, 0.61598801612854, 0.5256770849227905, 0.515733003616333]"
4,centroid,1,108,Castor,Steel_Wheel,"[""Steel_Wheel"", ""Hawk"", ""Alcatras"", ""Castor"", ""Velorum""]","[0.7835409641265869, 0.1535406857728958, 0.055211953818798065, 0.027003921568393707, 0.01367570087313652]"
4,centroid,1,109,Castor,Castor,"[""Castor"", ""Alcatras"", ""Turbine"", ""Braga"", ""Triton""]","[0.8548445701599121, 0.4552878141403198, 0.44669270515441895, 0.35740071535110474, 0.3032548427581787]"
4,centroid,1,110,Castor,Castor,"[""Castor"", ""Triton"", ""Alcatras"", ""Mytikas"", ""Trius""]","[0.8656052350997925, 0.7041598558425903, 0.5663567185401917, 0.4950919449329376, 0.43941760063171387]"
4,centroid,1,111,Castor,Castor,"[""Castor"", ""Alcatras"", ""Alaris"", ""Turbine"", ""Mytikas""]","[0.758902370929718, 0.6110124588012695, 0.3813709318637848, 0.3645806908607483, 0.2810038924217224]"
4,centroid,1,112,Castor,Castor,"[""Castor"", ""Alcatras"", ""Braga"", ""Triton"", ""Mytikas""]","[0.8350329399108887, 0.5207935571670532, 0.515276312828064, 0.4605748951435089, 0.39410197734832764]"
4,centroid,1,113,Castor,Castor,"[""Castor"", ""Alcatras"", ""Triton"", ""Turbine"", ""Mytikas""]","[0.8671885132789612, 0.6080522537231445, 0.4469432532787323, 0.4280925989151001, 0.3939723074436188]"
4,centroid,1,114,Castor,Castor,"[""Castor"", ""Triton"", ""Mytikas"", ""Alcatras"", ""Trius""]","[0.8317775130271912, 0.7393611669540405, 0.7285149693489075, 0.71444171667099, 0.5226303339004517]"
4,centroid,1,115,Castor,Castor,"[""Castor"", ""Triton"", ""Turbine"", ""Mytikas"", ""Alcatras""]","[0.9152650833129883, 0.5269200801849365, 0.4940807521343231, 0.41280990839004517, 0.3791641592979431]"
4,centroid,1,116,Castor,Castor,"[""Castor"", ""Alcatras"", ""Mytikas"", ""Triton"", ""Turbine""]","[0.9054757356643677, 0.7106432318687439, 0.4416356086730957, 0.4278331398963928, 0.3783695101737976]"
4,centroid,1,117,Castor,Castor,"[""Castor"", ""Alcatras"", ""Braga"", ""Turbine"", ""Triton""]","[0.8797776699066162, 0.5700510740280151, 0.547538161277771, 0.45929163694381714, 0.43663927912712097]"
4,centroid,1,118,Castor,Castor,"[""Castor"", ""Triton"", ""Mytikas"", ""Alcatras"", ""Trius""]","[0.8443100452423096, 0.7442299723625183, 0.6126152276992798, 0.5432232618331909, 0.4862102270126343]"
4,centroid,1,119,Castor,Castor,"[""Castor"", ""Alcatras"", ""Triton"", ""Turbine"", ""Mytikas""]","[0.9085473418235779, 0.6326329708099365, 0.5587687492370605, 0.4713996648788452, 0.44685035943984985]"
4,centroid,1,120,Castor,Castor,"[""Castor"", ""Triton"", ""Alcatras"", ""Braga"", ""Mytikas""]","[0.9285448789596558, 0.5982364416122437, 0.5589097738265991, 0.45526623725891113, 0.3806646764278412]"
4,centroid,1,121,Denom,Denom,"[""Denom"", ""Nivalis"", ""Ratikon"", ""Ilias"", ""Velorum""]","[0.8442537784576416, 0.7154120206832886, 0.5859551429748535, 0.401975154876709, 0.3274608254432678]"
4,centroid,1,122,Denom,Denom,"[""Denom"", ""Nivalis"", ""Ratikon"", ""Ilias"", ""Velorum""]","[0.9389563798904419, 0.8370748162269592, 0.8186657428741455, 0.6106148958206177, 0.3303143084049225]"
4,centroid,1,123,Denom,Denom,"[""Denom"", ""Ratikon"", ""Nivalis"", ""Ilias"", ""Gemini""]","[0.8880295753479004, 0.8196497559547424, 0.7660809755325317, 0.41708314418792725, 0.16382960975170135]"
4,centroid,1,124,Denom,Denom,"[""Denom"", ""Nivalis"", ""Ratikon"", ""Velorum"", ""Ilias""]","[0.8972655534744263, 0.7649575471878052, 0.6307129263877869, 0.3866199254989624, 0.2451026737689972]"
4,centroid,1,125,Denom,Denom,"[""Denom"", ""Nivalis"", ""Ratikon"", ""Ilias"", ""Velorum""]","[0.879352331161499, 0.846714437007904, 0.7356252670288086, 0.5788016319274902, 0.4471467137336731]"
4,centroid,1,126,Denom,Velorum,"[""Velorum"", ""Denom"", ""Nivalis"", ""Ilias"", ""Ratikon""]","[0.7669894695281982, 0.722434401512146, 0.5430441498756409, 0.5296095013618469, 0.5028786659240723]"
4,centroid,1,127,Denom,Denom,"[""Denom"", ""Ratikon"", ""Nivalis"", ""Ilias"", ""Vega""]","[0.8490595817565918, 0.8113416433334351, 0.7362062931060791, 0.479796826839447, 0.21859750151634216]"
4,centroid,1,128,Denom,Denom,"[""Denom"", ""Ratikon"", ""Nivalis"", ""Ilias"", ""Velorum""]","[0.8957448601722717, 0.8397223353385925, 0.7964831590652466, 0.6797743439674377, 0.42545878887176514]"
4,centroid,1,129,Denom,Denom,"[""Denom"", ""Nivalis"", ""Ratikon"", ""Ilias"", ""Velorum""]","[0.9199531078338623, 0.8052695989608765, 0.7293040752410889, 0.706217348575592, 0.6126377582550049]"
4,centroid,1,130,Denom,Denom,"[""Denom"", ""Nivalis"", ""Ratikon"", ""Ilias"", ""Velorum""]","[0.9693168997764587, 0.766739010810852, 0.7579153180122375, 0.5469087958335876, 0.5162895917892456]"
4,centroid,1,131,Denom,Denom,"[""Denom"", ""Nivalis"", ""Ratikon"", ""Velorum"", ""Ilias""]","[0.9507343769073486, 0.8131697773933411, 0.7654560804367065, 0.5491957068443298, 0.5189300775527954]"
4,centroid,1,132,Denom,Denom,"[""Denom"", ""Nivalis"", ""Ratikon"", ""Ilias"", ""Velorum""]","[0.9559958577156067, 0.7747931480407715, 0.7534736394882202, 0.5724060535430908, 0.37152326107025146]"
4,centroid,1,133,Denom,Denom,"[""Denom"", ""Ratikon"", ""Nivalis"", ""Ilias"", ""Velorum""]","[0.8569177985191345, 0.8156105279922485, 0.7798192501068115, 0.3887726068496704, 0.15529099106788635]"
4,centroid,1,134,Denom,Denom,"[""Denom"", ""Nivalis"", ""Ratikon"", ""Velorum"", ""Ilias""]","[0.8625198602676392, 0.775238037109375, 0.7114853858947754, 0.6639087796211243, 0.5214457511901855]"
4,centroid,1,135,Denom,Denom,"[""Denom"", ""Ratikon"", ""Nivalis"", ""Ilias"", ""Velorum""]","[0.8972874879837036, 0.7623581290245056, 0.642859160900116, 0.5136203169822693, 0.3189581632614136]"
4,centroid,1,136,Denom,Denom,"[""Denom"", ""Nivalis"", ""Ratikon"", ""Ilias"", ""Trius""]","[0.8274375200271606, 0.7497917413711548, 0.7374914288520813, 0.4579308032989502, 0.20191973447799683]"
4,centroid,1,137,Denom,Denom,"[""Denom"", ""Nivalis"", ""Ratikon"", ""Ilias"", ""Velorum""]","[0.8908617496490479, 0.6435344219207764, 0.5481735467910767, 0.5045523643493652, 0.4410969614982605]"
4,centroid,1,138,Denom,Denom,"[""Denom"", ""Nivalis"", ""Velorum"", ""Ilias"", ""Ratikon""]","[0.8114548921585083, 0.6595529913902283, 0.6395931243896484, 0.634893536567688, 0.5589700937271118]"
4,centroid,1,139,Denom,Denom,"[""Denom"", ""Nivalis"", ""Ratikon"", ""Ilias"", ""Trius""]","[0.9131640791893005, 0.7740625143051147, 0.7078577280044556, 0.5480933785438538, 0.3180415630340576]"
4,centroid,1,140,Denom,Denom,"[""Denom"", ""Ratikon"", ""Nivalis"", ""Ilias"", ""Gemini""]","[0.8222450613975525, 0.7813924551010132, 0.7379114031791687, 0.4567851424217224, 0.17160633206367493]"
4,centroid,1,141,Denom,Denom,"[""Denom"", ""Nivalis"", ""Ratikon"", ""Ilias"", ""Velorum""]","[0.8972182273864746, 0.7622958421707153, 0.70293790102005, 0.5954232811927795, 0.5038889050483704]"
4,centroid,1,142,Denom,Denom,"[""Denom"", ""Velorum"", ""Nivalis"", ""Ilias"", ""Ratikon""]","[0.852603554725647, 0.7429959177970886, 0.712424099445343, 0.6600676774978638, 0.6120116710662842]"
4,centroid,1,143,Denom,Denom,"[""Denom"", ""Nivalis"", ""Ratikon"", ""Ilias"", ""Velorum""]","[0.9305630326271057, 0.7566583156585693, 0.6691001653671265, 0.6333956122398376, 0.47346529364585876]"
4,centroid,1,144,Denom,Denom,"[""Denom"", ""Ratikon"", ""Nivalis"", ""Ilias"", ""Velorum""]","[0.9192884564399719, 0.771384596824646, 0.6990792751312256, 0.6059086918830872, 0.3286512494087219]"
4,centroid,1,145,Denom,Denom,"[""Denom"", ""Nivalis"", ""Ratikon"", ""Velorum"", ""Ilias""]","[0.8713544607162476, 0.7100247144699097, 0.6912542581558228, 0.5777849555015564, 0.5307735204696655]"
4,centroid,1,146,Denom,Denom,"[""Denom"", ""Nivalis"", ""Ratikon"", ""Gemini"", ""Vega""]","[0.76807701587677, 0.7484186887741089, 0.6127127408981323, 0.3749445676803589, 0.182019904255867]"
4,centroid,1,147,Denom,Denom,"[""Denom"", ""Nivalis"", ""Ratikon"", ""Ilias"", ""Velorum""]","[0.8893454074859619, 0.8015503883361816, 0.7304102182388306, 0.7100032567977905, 0.5486422777175903]"
4,centroid,1,148,Denom,Denom,"[""Denom"", ""Nivalis"", ""Ratikon"", ""Ilias"", ""Velorum""]","[0.8549182415008545, 0.7737739086151123, 0.7432496547698975, 0.6758350133895874, 0.512215793132782]"
4,centroid,1,149,Denom,Denom,"[""Denom"", ""Ratikon"", ""Nivalis"", ""Ilias"", ""Velorum""]","[0.9498616456985474, 0.872968316078186, 0.855642557144165, 0.5254621505737305, 0.3204517364501953]"
4,centroid,1,150,Denom,Denom,"[""Denom"", ""Nivalis"", ""Ratikon"", ""Ilias"", ""Gemini""]","[0.8779978156089783, 0.8157187104225159, 0.8049691319465637, 0.4336426556110382, 0.15397438406944275]"
4,centroid,1,151,Denom,Denom,"[""Denom"", ""Nivalis"", ""Ratikon"", ""Ilias"", ""Velorum""]","[0.946343183517456, 0.7915212512016296, 0.778980016708374, 0.6222963929176331, 0.3560637831687927]"
4,centroid,1,152,Denom,Denom,"[""Denom"", ""Nivalis"", ""Velorum"", ""Ratikon"", ""Ilias""]","[0.8455160856246948, 0.7602071762084961, 0.6765120625495911, 0.5368601679801941, 0.36980772018432617]"
4,centroid,1,153,Denom,Denom,"[""Denom"", ""Nivalis"", ""Ratikon"", ""Ilias"", ""Velorum""]","[0.7962043881416321, 0.7054115533828735, 0.6157546639442444, 0.5298423767089844, 0.48070403933525085]"
4,centroid,1,154,Denom,Denom,"[""Denom"", ""Ratikon"", ""Nivalis"", ""Ilias"", ""Velorum""]","[0.8908854722976685, 0.8849753737449646, 0.8110551834106445, 0.7673423886299133, 0.37351080775260925]"
4,centroid,1,155,Denom,Denom,"[""Denom"", ""Ratikon"", ""Nivalis"", ""Ilias"", ""Velorum""]","[0.9293019771575928, 0.8874789476394653, 0.7366828322410583, 0.6341698169708252, 0.2626236081123352]"
4,centroid,1,156,Denom,Denom,"[""Denom"", ""Ratikon"", ""Nivalis"", ""Ilias"", ""Velorum""]","[0.9304000735282898, 0.8147029280662537, 0.7915523052215576, 0.6938480734825134, 0.35792726278305054]"
4,centroid,1,157,Denom,Denom,"[""Denom"", ""Nivalis"", ""Ratikon"", ""Ilias"", ""Velorum""]","[0.9503781199455261, 0.8060476183891296, 0.74514240026474, 0.5100193619728088, 0.47020214796066284]"
4,centroid,1,158,Gemini,Mytikas,"[""Mytikas"", ""Triton"", ""Trius"", ""Gemini"", ""Xtreme""]","[0.6758477687835693, 0.6426393985748291, 0.639165997505188, 0.5073075294494629, 0.41210222244262695]"
4,centroid,1,159,Gemini,Gemini,"[""Gemini"", ""Xtreme"", ""Trius"", ""Braga"", ""Ilias""]","[0.8293460607528687, 0.4907655715942383, 0.21867787837982178, 0.20915371179580688, 0.048486124724149704]"
4,centroid,1,160,Gemini,Gemini,"[""Gemini"", ""Vega"", ""Xtreme"", ""Braga"", ""Denom""]","[0.8906285762786865, 0.5338451862335205, 0.3589490056037903, 0.24136283993721008, 0.1992243379354477]"
4,centroid,1,161,Gemini,Gemini,"[""Gemini"", ""Braga"", ""Xtreme"", ""Vega"", ""Trius""]","[0.9027035236358643, 0.5003034472465515, 0.464077353477478, 0.44664424657821655, 0.4086679220199585]"
4,centroid,1,162,Gemini,Gemini,"[""Gemini"", ""Braga"", ""Trius"", ""Xtreme"", ""Vega""]","[0.8860572576522827, 0.4660686254501343, 0.45519959926605225, 0.3682984709739685, 0.27585741877555847]"
4,centroid,1,163,Gemini,Gemini,"[""Gemini"", ""Braga"", ""Triton"", ""Mytikas"", ""Trius""]","[0.5314833521842957, 0.5217896699905396, 0.4315895438194275, 0.40821975469589233, 0.37540164589881897]"
4,centroid,1,164,Gemini,Gemini,"[""Gemini"", ""Xtreme"", ""Trius"", ""Braga"", ""Denom""]","[0.8183580636978149, 0.4844985902309418, 0.40106597542762756, 0.35334086418151855, 0.23070324957370758]"
4,centroid,1,165,Gemini,Gemini,"[""Gemini"", ""Trius"", ""Mytikas"", ""Xtreme"", ""Vega""]","[0.7891522645950317, 0.5216100215911865, 0.4342724084854126, 0.34197402000427246, 0.32135751843452454]"
4,centroid,1,166,Gemini,Gemini,"[""Gemini"", ""Xtreme"", ""Hawk"", ""Braga"", ""Vega""]","[0.8186824321746826, 0.7266089916229248, 0.17287090420722961, 0.10476139187812805, 0.0594533309340477]"
4,centroid,1,167,Gemini,Gemini,"[""Gemini"", ""Xtreme"", ""Trius"", ""Braga"", ""Vega""]","[0.9276649951934814, 0.5632269382476807, 0.3263417184352875, 0.25674307346343994, 0.2270965278148651]"
4,centroid,1,168,Gemini,Gemini,"[""Gemini"", ""Xtreme"", ""Vega"", ""Hawk"", ""Braga""]","[0.8948535919189453, 0.5903183817863464, 0.22465384006500244, 0.22014120221138, 0.15268361568450928]"
4,centroid,1,169,Gemini,Trius,"[""Trius"", ""Triton"", ""Mytikas"", ""Gemini"", ""Denom""]","[0.6771125793457031, 0.5459614396095276, 0.5111522674560547, 0.5004068613052368, 0.3789619207382202]"
4,centroid,1,170,Gemini,Gemini,"[""Gemini"", ""Xtreme"", ""Vega"", ""Trius"", ""Braga""]","[0.934244692325592, 0.4520224630832672, 0.3007740080356598, 0.22838114202022552, 0.14527708292007446]"
4,centroid,1,171,Gemini,Mytikas,"[""Mytikas"", ""Trius"", ""Gemini"", ""Xtreme"", ""Triton""]","[0.6222532987594604, 0.46959567070007324, 0.3702942132949829, 0.35382890701293945, 0.34561261534690857]"
4,centroid,1,172,Gemini,Gemini,"[""Gemini"", ""Braga"", ""Xtreme"", ""Trius"", ""Triton""]","[0.764691174030304, 0.5047594308853149, 0.4845881164073944, 0.4302253723144531, 0.35444003343582153]"
4,centroid,1,173,Gemini,Braga,"[""Braga"", ""Gemini"", ""Trius"", ""Vega"", ""Turbine""]","[0.6679288744926453, 0.6309082508087158, 0.6272116303443909, 0.4627658724784851, 0.41823989152908325]"
4,centroid,1,174,Gemini,Trius,"[""Trius"", ""Gemini"", ""Braga"", ""Vega"", ""Mytikas""]","[0.7088654041290283, 0.6930593252182007, 0.5162395238876343, 0.507320761680603, 0.4675007164478302]"
4,centroid,1,175,Gemini,Gemini,"[""Gemini"", ""Xtreme"", ""Braga"", ""Triton"", ""Mytikas""]","[0.7743832468986511, 0.5668220520019531, 0.4911115765571594, 0.35061824321746826, 0.292577862739563]"
4,centroid,1,176,Gemini,Gemini,"[""Gemini"", ""Xtreme"", ""Braga"", ""Triton"", ""Trius""]","[0.8180267810821533, 0.6120990514755249, 0.363375186920166, 0.31172579526901245, 0.2821463346481323]"
4,centroid,1,177,Gemini,Gemini,"[""Gemini"", ""Trius"", ""Braga"", ""Vega"", ""Triton""]","[0.785781979560852, 0.6366733312606812, 0.6250762939453125, 0.6177316904067993, 0.30256325006484985]"
4,centroid,1,178,Gemini,Gemini,"[""Gemini"", ""Braga"", ""Xtreme"", ""Vega"", ""Trius""]","[0.8786170482635498, 0.5027692317962646, 0.48388129472732544, 0.43068283796310425, 0.42735618352890015]"
4,centroid,1,179,Gemini,Gemini,"[""Gemini"", ""Xtreme"", ""Vega"", ""Hawk"", ""Ilias""]","[0.8331455588340759, 0.5843289494514465, 0.21582937240600586, 0.09929731488227844, 0.09195751696825027]"
4,centroid,1,180,Gemini,Gemini,"[""Gemini"", ""Braga"", ""Vega"", ""Xtreme"", ""Trius""]","[0.8191472291946411, 0.5351492166519165, 0.357577919960022, 0.3258788585662842, 0.31232890486717224]"
4,centroid,1,181,Gemini,Gemini,"[""Gemini"", ""Xtreme"", ""Braga"", ""Hawk"", ""Vega""]","[0.8644170761108398, 0.5694926381111145, 0.19292885065078735, 0.17589615285396576, 0.13172385096549988]"
4,centroid,1,182,Gemini,Gemini,"[""Gemini"", ""Xtreme"", ""Mytikas"", ""Steel_Wheel"", ""Trius""]","[0.5896304845809937, 0.4275263249874115, 0.38916799426078796, 0.25822603702545166, 0.15273001790046692]"
4,centroid,1,183,Gemini,Gemini,"[""Gemini"", ""Vega"", ""Braga"", ""Trius"", ""Alaris""]","[0.7592795491218567, 0.6569076180458069, 0.5665048360824585, 0.5531430840492249, 0.2980388402938843]"
4,centroid,1,184,Gemini,Xtreme,"[""Xtreme"", ""Gemini"", ""Braga"", ""Hawk"", ""Triton""]","[0.7157647609710693, 0.5947483777999878, 0.3846341073513031, 0.14777861535549164, 0.08018508553504944]"
4,centroid,1,185,Hawk,Hawk,"[""Hawk"", ""Alaris"", ""Vega"", ""Alcatras"", ""Braga""]","[0.8865779638290405, 0.45536595582962036, 0.29042384028434753, 0.24712446331977844, 0.1199052482843399]"
4,centroid,1,186,Hawk,Hawk,"[""Hawk"", ""Braga"", ""Vega"", ""Turbine"", ""Gemini""]","[0.9041702747344971, 0.3336358070373535, 0.2794268727302551, 0.2507937252521515, 0.21267960965633392]"
4,centroid,1,187,Hawk,Hawk,"[""Hawk"", ""Vega"", ""Alaris"", ""Turbine"", ""Alcatras""]","[0.8459510207176208, 0.500633955001831, 0.3212807774543762, 0.31125423312187195, 0.23167496919631958]"
4,centroid,1,188,Hawk,Hawk,"[""Hawk"", ""Braga"", ""Gemini"", ""Alaris"", ""Vega""]","[0.855731725692749, 0.40058982372283936, 0.3205084502696991, 0.32035937905311584, 0.3129507601261139]"
4,centroid,1,189,Hawk,Hawk,"[""Hawk"", ""Vega"", ""Alaris"", ""Braga"", ""Alcatras""]","[0.9314377307891846, 0.3543791174888611, 0.24426482617855072, 0.21901020407676697, 0.2070208489894867]"
4,centroid,1,190,Hawk,Hawk,"[""Hawk"", ""Alaris"", ""Vega"", ""Braga"", ""Alcatras""]","[0.9425299167633057, 0.41202443838119507, 0.3551032543182373, 0.3078324794769287, 0.29282963275909424]"
4,centroid,1,191,Hawk,Hawk,"[""Hawk"", ""Vega"", ""Alaris"", ""Turbine"", ""Mytikas""]","[0.7432491779327393, 0.37219199538230896, 0.16281428933143616, 0.15351632237434387, 0.11411745846271515]"
4,centroid,1,192,Hawk,Hawk,"[""Hawk"", ""Alcatras"", ""Alaris"", ""Braga"", ""Mytikas""]","[0.7636038661003113, 0.6244587898254395, 0.5768887400627136, 0.3764074444770813, 0.2782592177391052]"
4,centroid,1,193,Hawk,Hawk,"[""Hawk"", ""Alaris"", ""Braga"", ""Vega"", ""Alcatras""]","[0.940265417098999, 0.3615937829017639, 0.3119567036628723, 0.29369139671325684, 0.1872084140777588]"
4,centroid,1,194,Hawk,Hawk,"[""Hawk"", ""Alaris"", ""Alcatras"", ""Steel_Wheel"", ""Turbine""]","[0.7804383039474487, 0.3294278681278229, 0.24924451112747192, 0.07196132838726044, 0.0676620751619339]"
4,centroid,1,195,Hawk,Hawk,"[""Hawk"", ""Vega"", ""Alaris"", ""Turbine"", ""Braga""]","[0.8871610760688782, 0.4718281030654907, 0.25755590200424194, 0.18898868560791016, 0.13934966921806335]"
4,centroid,1,196,Hawk,Hawk,"[""Hawk"", ""Braga"", ""Alaris"", ""Vega"", ""Alcatras""]","[0.8447255492210388, 0.4455757439136505, 0.3810909390449524, 0.3290625810623169, 0.32159724831581116]"
4,centroid,1,197,Hawk,Hawk,"[""Hawk"", ""Braga"", ""Vega"", ""Turbine"", ""Gemini""]","[0.8388073444366455, 0.5766206979751587, 0.5412781238555908, 0.4415264129638672, 0.31012094020843506]"
4,centroid,1,198,Hawk,Hawk,"[""Hawk"", ""Braga"", ""Vega"", ""Alaris"", ""Gemini""]","[0.9263758659362793, 0.4036661684513092, 0.33345848321914673, 0.21455316245555878, 0.20438209176063538]"
4,centroid,1,199,Hawk,Braga,"[""Braga"", ""Hawk"", ""Vega"", ""Alaris"", ""Gemini""]","[0.7258782982826233, 0.6090446710586548, 0.5186638236045837, 0.4628358483314514, 0.4168897569179535]"
4,centroid,1,200,Hawk,Hawk,"[""Hawk"", ""Vega"", ""Gemini"", ""Braga"", ""Alaris""]","[0.9152557849884033, 0.43866145610809326, 0.2532969117164612, 0.22385814785957336, 0.1671082079410553]"
4,centroid,1,201,Hawk,Hawk,"[""Hawk"", ""Braga"", ""Vega"", ""Alaris"", ""Alcatras""]","[0.944094181060791, 0.3892556428909302, 0.3224495053291321, 0.29757899045944214, 0.29254400730133057]"
4,centroid,1,202,Hawk,Hawk,"[""Hawk"", ""Vega"", ""Alaris"", ""Alcatras"", ""Braga""]","[0.8754391074180603, 0.4518953561782837, 0.43679189682006836, 0.41796329617500305, 0.3706839084625244]"
4,centroid,1,203,Hawk,Hawk,"[""Hawk"", ""Braga"", ""Turbine"", ""Alaris"", ""Vega""]","[0.9050064086914062, 0.4901406764984131, 0.2767426371574402, 0.20429645478725433, 0.1929124891757965]"
4,centroid,1,204,Hawk,Hawk,"[""Hawk"", ""Alaris"", ""Vega"", ""Alcatras"", ""Turbine""]","[0.874514102935791, 0.420579195022583, 0.2938021123409271, 0.21440404653549194, 0.1722552627325058]"
4,centroid,1,205,Hawk,Hawk,"[""Hawk"", ""Braga"", ""Vega"", ""Alaris"", ""Alcatras""]","[0.9318528175354004, 0.2777838408946991, 0.2490886002779007, 0.24890588223934174, 0.16849151253700256]"
4,centroid,1,206,Hawk,Hawk,"[""Hawk"", ""Alcatras"", ""Alaris"", ""Braga"", ""Vega""]","[0.8178961277008057, 0.5064443349838257, 0.4447932541370392, 0.22964626550674438, 0.1838272213935852]"
4,centroid,1,207,Hawk,Hawk,"[""Hawk"", ""Vega"", ""Braga"", ""Gemini"", ""Alaris""]","[0.9666833281517029, 0.3233988285064697, 0.30053383111953735, 0.224755197763443, 0.220206618309021]"
4,centroid,1,208,Hawk,Hawk,"[""Hawk"", ""Braga"", ""Alcatras"", ""Turbine"", ""Vega""]","[0.8614933490753174, 0.3872634768486023, 0.3174085319042206, 0.31350621581077576, 0.2970963418483734]"
4,centroid,1,209,Hawk,Hawk,"[""Hawk"", ""Alcatras"", ""Alaris"", ""Vega"", ""Braga""]","[0.8591623306274414, 0.4391043186187744, 0.43377816677093506, 0.3842484652996063, 0.3109804689884186]"
4,centroid,1,210,Ilias,Ilias,"[""Ilias"", ""Ratikon"", ""Denom"", ""Nivalis"", ""Gemini""]","[0.8668918609619141, 0.7523251175880432, 0.6319923400878906, 0.5322186946868896, 0.2588295042514801]"
4,centroid,1,211,Ilias,Ilias,"[""Ilias"", ""Ratikon"", ""Denom"", ""Nivalis"", ""Velorum""]","[0.7684490084648132, 0.7669669985771179, 0.6189881563186646, 0.5770080089569092, 0.43774744868278503]"
4,centroid,1,212,Ilias,Ratikon,"[""Ratikon"", ""Ilias"", ""Denom"", ""Nivalis"", ""Velorum""]","[0.8703272938728333, 0.782749354839325, 0.7360347509384155, 0.7127920985221863, 0.290408730506897]"
4,centroid,1,213,Ilias,Ratikon,"[""Ratikon"", ""Ilias"", ""Vega"", ""Nivalis"", ""Denom""]","[0.6619774103164673, 0.609788179397583, 0.5174175500869751, 0.3905225992202759, 0.3764357566833496]"
4,centroid,1,214,Ilias,Ilias,"[""Ilias"", ""Ratikon"", ""Nivalis"", ""Denom"", ""Velorum""]","[0.936428427696228, 0.6364015340805054, 0.4941287338733673, 0.48253878951072693, 0.32687973976135254]"
4,centroid,1,215,Ilias,Ilias,"[""Ilias"", ""Ratikon"", ""Denom"", ""Velorum"", ""Nivalis""]","[0.8480912446975708, 0.7154304385185242, 0.6131901144981384, 0.6028944253921509, 0.5854435563087463]"
4,centroid,1,216,Ilias,Ilias,"[""Ilias"", ""Ratikon"", ""Denom"", ""Nivalis"", ""Triton""]","[0.9257081151008606, 0.6524661779403687, 0.5099080801010132, 0.4698936939239502, 0.3675549626350403]"
4,centroid,1,217,Ilias,Ilias,"[""Ilias"", ""Ratikon"", ""Denom"", ""Nivalis"", ""Trius""]","[0.8595707416534424, 0.7569522261619568, 0.6860529184341431, 0.6105358600616455, 0.27673622965812683]"
4,centroid,1,218,Ilias,Ilias,"[""Ilias"", ""Ratikon"", ""Denom"", ""Nivalis"", ""Velorum""]","[0.8318973779678345, 0.7990376353263855, 0.6781207919120789, 0.630750298500061, 0.5653175115585327]"
4,centroid,1,219,Ilias,Ilias,"[""Ilias"", ""Denom"", ""Ratikon"", ""Nivalis"", ""Velorum""]","[0.9125548601150513, 0.6852872967720032, 0.6686356067657471, 0.6139656901359558, 0.527367889881134]"
4,centroid,1,220,Ilias,Ilias,"[""Ilias"", ""Ratikon"", ""Nivalis"", ""Denom"", ""Velorum""]","[0.7947962880134583, 0.7688721418380737, 0.579973042011261, 0.4912077784538269, 0.30830907821655273]"
4,centroid,1,221,Ilias,Ilias,"[""Ilias"", ""Ratikon"", ""Denom"", ""Nivalis"", ""Velorum""]","[0.9561165571212769, 0.7310734987258911, 0.5926964282989502, 0.5323222279548645, 0.3971755802631378]"
4,centroid,1,222,Ilias,Ratikon,"[""Ratikon"", ""Ilias"", ""Denom"", ""Nivalis"", ""Velorum""]","[0.8458139300346375, 0.8246675729751587, 0.7829034328460693, 0.6447610855102539, 0.43707776069641113]"
4,centroid,1,223,Ilias,Ilias,"[""Ilias"", ""Ratikon"", ""Denom"", ""Nivalis"", ""Velorum""]","[0.8958010077476501, 0.6576085686683655, 0.6404944658279419, 0.5933020114898682, 0.48149406909942627]"
4,centroid,1,224,Ilias,Ilias,"[""Ilias"", ""Ratikon"", ""Denom"", ""Nivalis"", ""Triton""]","[0.936789333820343, 0.6889879703521729, 0.5295093059539795, 0.4364966154098511, 0.4254607856273651]"
4,centroid,1,225,Ilias,Ilias,"[""Ilias"", ""Ratikon"", ""Denom"", ""Nivalis"", ""Velorum""]","[0.9093837141990662, 0.8695260286331177, 0.6988396644592285, 0.6457858681678772, 0.278357595205307]"
4,centroid,1,226,Ilias,Ilias,"[""Ilias"", ""Denom"", ""Velorum"", ""Ratikon"", ""Nivalis""]","[0.9088699817657471, 0.732200026512146, 0.6807731986045837, 0.6754471063613892, 0.6392709016799927]"
4,centroid,1,227,Ilias,Ilias,"[""Ilias"", ""Denom"", ""Ratikon"", ""Nivalis"", ""Velorum""]","[0.8568721413612366, 0.7618627548217773, 0.7570254802703857, 0.6324657797813416, 0.2893960773944855]"
4,centroid,1,228,Ilias,Ilias,"[""Ilias"", ""Ratikon"", ""Denom"", ""Triton"", ""Velorum""]","[0.9225126504898071, 0.6628584861755371, 0.5917695760726929, 0.5499529242515564, 0.536578893661499]"
4,centroid,1,229,Ilias,Ilias,"[""Ilias"", ""Denom"", ""Ratikon"", ""Nivalis"", ""Velorum""]","[0.9001942276954651, 0.7285854816436768, 0.6570596694946289, 0.6203634738922119, 0.6200478076934814]"
4,centroid,1,230,Ilias,Ilias,"[""Ilias"", ""Denom"", ""Ratikon"", ""Nivalis"", ""Trius""]","[0.8368753790855408, 0.6389399766921997, 0.6117838621139526, 0.5397757291793823, 0.40685978531837463]"
4,centroid,1,231,Ilias,Ilias,"[""Ilias"", ""Ratikon"", ""Denom"", ""Nivalis"", ""Trius""]","[0.7951342463493347, 0.7259130477905273, 0.721274197101593, 0.5757953524589539, 0.40754610300064087]"
4,centroid,1,232,Ilias,Ratikon,"[""Ratikon"", ""Denom"", ""Nivalis"", ""Ilias"", ""Velorum""]","[0.9070960879325867, 0.7194023132324219, 0.6764456629753113, 0.5575591921806335, 0.12284677475690842]"
4,centroid,1,233,Ilias,Ilias,"[""Ilias"", ""Triton"", ""Nivalis"", ""Mytikas"", ""Velorum""]","[0.8034504055976868, 0.607097864151001, 0.47524380683898926, 0.4649079442024231, 0.449087530374527]"
4,centroid,1,234,Ilias,Ilias,"[""Ilias"", ""Velorum"", ""Ratikon"", ""Denom"", ""Nivalis""]","[0.937100350856781, 0.5751961469650269, 0.4834855794906616, 0.4189763367176056, 0.3834947943687439]"
4,centroid,1,235,Ilias,Ilias,"[""Ilias"", ""Ratikon"", ""Nivalis"", ""Denom"", ""Velorum""]","[0.7489444017410278, 0.7085897922515869, 0.6680120229721069, 0.6419521570205688, 0.3516277074813843]"
4,centroid,1,236,Ilias,Ilias,"[""Ilias"", ""Ratikon"", ""Denom"", ""Nivalis"", ""Velorum""]","[0.8526275157928467, 0.7935729026794434, 0.6200864911079407, 0.5945077538490295, 0.22934213280677795]"
4,centroid,1,237,Ilias,Denom,"[""Denom"", ""Nivalis"", ""Ratikon"", ""Ilias"", ""Velorum""]","[0.8645584583282471, 0.8334551453590393, 0.8246848583221436, 0.7458579540252686, 0.5764845609664917]"
4,centroid,1,238,Mytikas,Mytikas,"[""Mytikas"", ""Triton"", ""Trius"", ""Ilias"", ""Castor""]","[0.8388012647628784, 0.8284510374069214, 0.5769875049591064, 0.4557936489582062, 0.3816452920436859]"
4,centroid,1,239,Mytikas,Mytikas,"[""Mytikas"", ""Triton"", ""Castor"", ""Xtreme"", ""Trius""]","[0.7150943279266357, 0.4194110929965973, 0.35791945457458496, 0.24410730600357056, 0.1965203434228897]"
4,centroid,1,240,Mytikas,Mytikas,"[""Mytikas"", ""Trius"", ""Triton"", ""Castor"", ""Braga""]","[0.5907154679298401, 0.46343493461608887, 0.45027729868888855, 0.39572447538375854, 0.17163561284542084]"
4,centroid,1,241,Mytikas,Mytikas,"[""Mytikas"", ""Castor"", ""Triton"", ""Alcatras"", ""Turbine""]","[0.7595310807228088, 0.5873075723648071, 0.5526718497276306, 0.4889684319496155, 0.2141105681657791]"
4,centroid,1,242,Mytikas,Mytikas,"[""Mytikas"", ""Triton"", ""Trius"", ""Castor"", ""Gemini""]","[0.893657386302948, 0.672572910785675, 0.621058464050293, 0.41331934928894043, 0.25619345903396606]"
4,centroid,1,243,Mytikas,Mytikas,"[""Mytikas"", ""Triton"", ""Castor"", ""Alcatras"", ""Trius""]","[0.9010506272315979, 0.7667605876922607, 0.6894614100456238, 0.6522536277770996, 0.5316992998123169]"
4,centroid,1,244,Mytikas,Triton,"[""Triton"", ""Mytikas"", ""Castor"", ""Trius"", ""Alcatras""]","[0.8402384519577026, 0.6633604764938354, 0.6292046308517456, 0.5028553605079651, 0.45943230390548706]"
4,centroid,1,245,Mytikas,Mytikas,"[""Mytikas"", ""Castor"", ""Triton"", ""Alcatras"", ""Turbine""]","[0.7090750932693481, 0.6498076915740967, 0.6070393323898315, 0.5427011847496033, 0.4941510260105133]"
4,centroid,1,246,Mytikas,Mytikas,"[""Mytikas"", ""Trius"", ""Triton"", ""Castor"", ""Nivalis""]","[0.5670512914657593, 0.42286449670791626, 0.37584158778190613, 0.2959531545639038, 0.2885805368423462]"
4,centroid,1,247,Mytikas,Mytikas,"[""Mytikas"", ""Triton"", ""Castor"", ""Alcatras"", ""Trius""]","[0.8767749667167664, 0.6519545316696167, 0.6262502670288086, 0.583017110824585, 0.3018881380558014]"
4,centroid,1,248,Mytikas,Triton,"[""Triton"", ""Castor"", ""Mytikas"", ""Trius"", ""Alcatras""]","[0.8886476755142212, 0.7068297863006592, 0.6872239112854004, 0.659003496170044, 0.42544230818748474]"
4,centroid,1,249,Mytikas,Triton,"[""Triton"", ""Mytikas"", ""Castor"", ""Trius"", ""Alcatras""]","[0.8862122893333435, 0.8321986794471741, 0.6659079194068909, 0.6233700513839722, 0.5863052010536194]"
4,centroid,1,250,Mytikas,Mytikas,"[""Mytikas"", ""Alcatras"", ""Alaris"", ""Hawk"", ""Castor""]","[0.6314270496368408, 0.5341882109642029, 0.4697202444076538, 0.39590007066726685, 0.3211916387081146]"
4,centroid,1,251,Mytikas,Mytikas,"[""Mytikas"", ""Triton"", ""Trius"", ""Ilias"", ""Castor""]","[0.8810153007507324, 0.8350462317466736, 0.579337477684021, 0.47070732712745667, 0.4412930905818939]"
4,centroid,1,252,Mytikas,Mytikas,"[""Mytikas"", ""Trius"", ""Triton"", ""Vega"", ""Alcatras""]","[0.6497619152069092, 0.5706554651260376, 0.47430625557899475, 0.45817360281944275, 0.4196573495864868]"
4,centroid,1,253,Mytikas,Castor,"[""Castor"", ""Triton"", ""Mytikas"", ""Trius"", ""Alcatras""]","[0.8308695554733276, 0.8261085152626038, 0.7728744745254517, 0.4786838889122009, 0.4563843011856079]"
4,centroid,1,254,Mytikas,Castor,"[""Castor"", ""Triton"", ""Mytikas"", ""Trius"", ""Alcatras""]","[0.8306012153625488, 0.8276056051254272, 0.7587729096412659, 0.530604362487793, 0.5266198515892029]"
4,centroid,1,255,Mytikas,Mytikas,"[""Mytikas"", ""Alcatras"", ""Triton"", ""Castor"", ""Trius""]","[0.8630550503730774, 0.7427579164505005, 0.6487069725990295, 0.6105616092681885, 0.4200041890144348]"
4,centroid,1,256,Mytikas,Mytikas,"[""Mytikas"", ""Triton"", ""Castor"", ""Alcatras"", ""Velorum""]","[0.8885269165039062, 0.7088075876235962, 0.7015997171401978, 0.5503035187721252, 0.3512887954711914]"
4,centroid,1,257,Mytikas,Mytikas,"[""Mytikas"", ""Trius"", ""Steel_Wheel"", ""Gemini"", ""Triton""]","[0.6358791589736938, 0.3741762042045593, 0.3322637677192688, 0.3212656080722809, 0.3140130639076233]"
4,centroid,1,258,Mytikas,Mytikas,"[""Mytikas"", ""Triton"", ""Trius"", ""Alcatras"", ""Ilias""]","[0.883868932723999, 0.6511839032173157, 0.5393782258033752, 0.47162333130836487, 0.41251710057258606]"
4,centroid,1,259,Mytikas,Mytikas,"[""Mytikas"", ""Castor"", ""Triton"", ""Alcatras"", ""Trius""]","[0.8377736806869507, 0.8264599442481995, 0.8084932565689087, 0.7543281316757202, 0.5456953048706055]"
4,centroid,1,260,Mytikas,Mytikas,"[""Mytikas"", ""Triton"", ""Ilias"", ""Castor"", ""Trius""]","[0.800256609916687, 0.6803041100502014, 0.4821515381336212, 0.42305660247802734, 0.3477180004119873]"
4,centroid,1,261,Mytikas,Triton,"[""Triton"", ""Mytikas"", ""Castor"", ""Alcatras"", ""Trius""]","[0.8485499024391174, 0.8335739970207214, 0.6376734375953674, 0.5164111852645874, 0.4650242328643799]"
4,centroid,1,262,Mytikas,Triton,"[""Triton"", ""Mytikas"", ""Castor"", ""Alcatras"", ""Braga""]","[0.7320945262908936, 0.7317901849746704, 0.6228640079498291, 0.3858010470867157, 0.2812405824661255]"
4,centroid,1,263,Mytikas,Triton,"[""Triton"", ""Mytikas"", ""Castor"", ""Trius"", ""Ilias""]","[0.8828855752944946, 0.8678425550460815, 0.5658215880393982, 0.5190315246582031, 0.47455665469169617]"
4,centroid,1,264,Mytikas,Mytikas,"[""Mytikas"", ""Triton"", ""Castor"", ""Alcatras"", ""Trius""]","[0.9055924415588379, 0.7860457897186279, 0.699508011341095, 0.4585539996623993, 0.35785505175590515]"
4,centroid,1,265,Nivalis,Nivalis,"[""Nivalis"", ""Denom"", ""Ratikon"", ""Ilias"", ""Velorum""]","[0.9347400069236755, 0.8780386447906494, 0.8673823475837708, 0.6015772819519043, 0.42720603942871094]"
4,centroid,1,266,Nivalis,Nivalis,"[""Nivalis"", ""Velorum"", ""Ilias"", ""Denom"", ""Ratikon""]","[0.694711446762085, 0.669486403465271, 0.5705559253692627, 0.5245201587677002, 0.524174690246582]"
4,centroid,1,267,Nivalis,Nivalis,"[""Nivalis"", ""Ratikon"", ""Denom"", ""Vega"", ""Ilias""]","[0.7195477485656738, 0.5170938968658447, 0.45671984553337097, 0.42765653133392334, 0.3040085434913635]"
4,centroid,1,268,Nivalis,Nivalis,"[""Nivalis"", ""Denom"", ""Ratikon"", ""Velorum"", ""Ilias""]","[0.8342925310134888, 0.508650541305542, 0.4349449574947357, 0.3497759699821472, 0.25379884243011475]"
4,centroid,1,269,Nivalis,Nivalis,"[""Nivalis"", ""Denom"", ""Ratikon"", ""Ilias"", ""Vega""]","[0.8404502272605896, 0.611362099647522, 0.5810746550559998, 0.24981217086315155, 0.1886131912469864]"
4,centroid,1,270,Nivalis,Nivalis,"[""Nivalis"", ""Denom"", ""Ratikon"", ""Velorum"", ""Ilias""]","[0.792879045009613, 0.5992552042007446, 0.44915318489074707, 0.38638514280319214, 0.12659698724746704]"
4,centroid,1,271,Nivalis,Nivalis,"[""Nivalis"", ""Ratikon"", ""Denom"", ""Gemini"", ""Vega""]","[0.6423152089118958, 0.44163307547569275, 0.3403470516204834, 0.2460166960954666, 0.22735527157783508]"
4,centroid,1,272,Nivalis,Nivalis,"[""Nivalis"", ""Denom"", ""Velorum"", ""Ratikon"", ""Ilias""]","[0.7852656841278076, 0.5642892718315125, 0.4233209788799286, 0.3657836318016052, 0.247555673122406]"
4,centroid,1,273,Nivalis,Nivalis,"[""Nivalis"", ""Denom"", ""Ratikon"", ""Velorum"", ""Ilias""]","[0.9146893620491028, 0.6981256008148193, 0.6140061616897583, 0.45748549699783325, 0.34834450483322144]"
4,centroid,1,274,Nivalis,Nivalis,"[""Nivalis"", ""Denom"", ""Velorum"", ""Ratikon"", ""Ilias""]","[0.8352621793746948, 0.6567652225494385, 0.6098339557647705, 0.4931252598762512, 0.40360820293426514]"
4,centroid,1,275,Nivalis,Nivalis,"[""Nivalis"", ""Denom"", ""Ratikon"", ""Velorum"", ""Ilias""]","[0.8942135572433472, 0.770071268081665, 0.68658447265625, 0.5731682777404785, 0.5445445775985718]"
4,centroid,1,276,Nivalis,Nivalis,"[""Nivalis"", ""Ratikon"", ""Denom"", ""Ilias"", ""Velorum""]","[0.8105016350746155, 0.7086905241012573, 0.6945188045501709, 0.1737661212682724, 0.08899590373039246]"
4,centroid,1,277,Nivalis,Nivalis,"[""Nivalis"", ""Denom"", ""Velorum"", ""Ratikon"", ""Ilias""]","[0.8063679337501526, 0.7880759239196777, 0.7382371425628662, 0.6038301587104797, 0.47978919744491577]"
4,centroid,1,278,Nivalis,Denom,"[""Denom"", ""Ratikon"", ""Nivalis"", ""Ilias"", ""Velorum""]","[0.8562290072441101, 0.8485438823699951, 0.837156355381012, 0.7867461442947388, 0.48894965648651123]"
4,centroid,1,279,Nivalis,Nivalis,"[""Nivalis"", ""Denom"", ""Velorum"", ""Ratikon"", ""Ilias""]","[0.8870330452919006, 0.7026561498641968, 0.5538222193717957, 0.49670493602752686, 0.3955424726009369]"
4,centroid,1,280,Nivalis,Nivalis,"[""Nivalis"", ""Ratikon"", ""Denom"", ""Ilias"", ""Velorum""]","[0.5709619522094727, 0.5434370636940002, 0.31421133875846863, 0.23837466537952423, 0.171950101852417]"
4,centroid,1,281,Nivalis,Nivalis,"[""Nivalis"", ""Denom"", ""Ratikon"", ""Ilias"", ""Gemini""]","[0.8250659108161926, 0.5573052167892456, 0.5198224782943726, 0.35099345445632935, 0.2985413074493408]"
4,centroid,1,282,Nivalis,Nivalis,"[""Nivalis"", ""Ratikon"", ""Denom"", ""Ilias"", ""Velorum""]","[0.9081855416297913, 0.65257728099823, 0.6333084106445312, 0.3315262198448181, 0.21382099390029907]"
4,centroid,1,283,Nivalis,Nivalis,"[""Nivalis"", ""Ratikon"", ""Denom"", ""Ilias"", ""Velorum""]","[0.9497338533401489, 0.7917879223823547, 0.7703965902328491, 0.5184358358383179, 0.2897985577583313]"
4,centroid,1,284,Nivalis,Nivalis,"[""Nivalis"", ""Velorum"", ""Denom"", ""Ratikon"", ""Xtreme""]","[0.7111117839813232, 0.502091646194458, 0.4219990670681, 0.2801606059074402, 0.24019494652748108]"
4,centroid,1,285,Nivalis,Nivalis,"[""Nivalis"", ""Denom"", ""Ratikon"", ""Velorum"", ""Ilias""]","[0.8085322976112366, 0.6118704080581665, 0.528534471988678, 0.24523109197616577, 0.23882851004600525]"
4,centroid,1,286,Nivalis,Nivalis,"[""Nivalis"", ""Ratikon"", ""Vega"", ""Denom"", ""Gemini""]","[0.6082073450088501, 0.5606640577316284, 0.509347677230835, 0.42064806818962097, 0.384203165769577]"
4,centroid,1,287,Ratikon,Ratikon,"[""Ratikon"", ""Nivalis"", ""Denom"", ""Ilias"", ""Velorum""]","[0.9091218709945679, 0.7989400625228882, 0.7164389491081238, 0.5833989381790161, 0.29020482301712036]"
4,centroid,1,288,Ratikon,Denom,"[""Denom"", ""Ratikon"", ""Nivalis"", ""Ilias"", ""Velorum""]","[0.8823655843734741, 0.7861640453338623, 0.7404645085334778, 0.6063714027404785, 0.5632666349411011]"
4,centroid,1,289,Ratikon,Ratikon,"[""Ratikon"", ""Ilias"", ""Denom"", ""Nivalis"", ""Velorum""]","[0.8770694136619568, 0.749541163444519, 0.6853592395782471, 0.5199617147445679, 0.17583319544792175]"
4,centroid,1,290,Ratikon,Ratikon,"[""Ratikon"", ""Nivalis"", ""Denom"", ""Ilias"", ""Velorum""]","[0.9233692288398743, 0.7346466183662415, 0.6553704738616943, 0.5804967284202576, 0.193490669131279]"
4,centroid,1,291,Ratikon,Ratikon,"[""Ratikon"", ""Ilias"", ""Denom"", ""Nivalis"", ""Velorum""]","[0.911989152431488, 0.7702894806861877, 0.7013000249862671, 0.6552504301071167, 0.2393568754196167]"
4,centroid,1,292,Ratikon,Ratikon,"[""Ratikon"", ""Denom"", ""Nivalis"", ""Ilias"", ""Velorum""]","[0.9148275852203369, 0.7075653672218323, 0.7021054029464722, 0.5390966534614563, 0.16115733981132507]"
4,centroid,1,293,Ratikon,Ratikon,"[""Ratikon"", ""Nivalis"", ""Denom"", ""Ilias"", ""Vega""]","[0.8607584238052368, 0.6181577444076538, 0.593324601650238, 0.4707227349281311, 0.32960450649261475]"
4,centroid,1,294,Ratikon,Ratikon,"[""Ratikon"", ""Denom"", ""Nivalis"", ""Ilias"", ""Vega""]","[0.9041682481765747, 0.6750684976577759, 0.628196120262146, 0.47904306650161743, 0.18701240420341492]"
4,centroid,1,295,Ratikon,Ratikon,"[""Ratikon"", ""Ilias"", ""Denom"", ""Nivalis"", ""Velorum""]","[0.9061710834503174, 0.7696752548217773, 0.6787725687026978, 0.6311416625976562, 0.2375451624393463]"
4,centroid,1,296,Ratikon,Ratikon,"[""Ratikon"", ""Denom"", ""Nivalis"", ""Ilias"", ""Alaris""]","[0.8787568807601929, 0.6796889901161194, 0.5521077513694763, 0.476071298122406, 0.14682509005069733]"
4,centroid,1,297,Ratikon,Ratikon,"[""Ratikon"", ""Ilias"", ""Nivalis"", ""Denom"", ""Velorum""]","[0.8819005489349365, 0.6876667141914368, 0.606417179107666, 0.5703154802322388, 0.1628502756357193]"
4,centroid,1,298,Ratikon,Ratikon,"[""Ratikon"", ""Ilias"", ""Denom"", ""Nivalis"", ""Trius""]","[0.8804357051849365, 0.736616849899292, 0.717325747013092, 0.7022666931152344, 0.20377731323242188]"
4,centroid,1,299,Ratikon,Ratikon,"[""Ratikon"", ""Ilias"", ""Denom"", ""Nivalis"", ""Velorum""]","[0.8887664079666138, 0.8230063915252686, 0.6835926175117493, 0.6407350301742554, 0.41852402687072754]"
4,centroid,1,300,Ratikon,Ratikon,"[""Ratikon"", ""Denom"", ""Nivalis"", ""Ilias"", ""Velorum""]","[0.9311151504516602, 0.8794124126434326, 0.8596282601356506, 0.5742056369781494, 0.35076576471328735]"
4,centroid,1,301,Ratikon,Ratikon,"[""Ratikon"", ""Denom"", ""Ilias"", ""Nivalis"", ""Gemini""]","[0.9153252840042114, 0.7523729801177979, 0.6196197271347046, 0.6113649606704712, 0.12126389890909195]"
4,centroid,1,302,Ratikon,Ratikon,"[""Ratikon"", ""Ilias"", ""Denom"", ""Nivalis"", ""Trius""]","[0.9077296257019043, 0.7410769462585449, 0.6670482754707336, 0.6664466857910156, 0.14897237718105316]"
4,centroid,1,303,Ratikon,Ratikon,"[""Ratikon"", ""Denom"", ""Ilias"", ""Nivalis"", ""Velorum""]","[0.7452946901321411, 0.6708056926727295, 0.6067641973495483, 0.49312710762023926, 0.3132764399051666]"
4,centroid,1,304,Ratikon,Ratikon,"[""Ratikon"", ""Nivalis"", ""Denom"", ""Ilias"", ""Velorum""]","[0.9321708679199219, 0.7571570873260498, 0.7451242208480835, 0.613264799118042, 0.31904321908950806]"
4,centroid,1,305,Ratikon,Ratikon,"[""Ratikon"", ""Denom"", ""Ilias"", ""Nivalis"", ""Velorum""]","[0.8611414432525635, 0.8205346465110779, 0.7812492847442627, 0.6890212297439575, 0.3763580322265625]"
4,centroid,1,306,Ratikon,Ratikon,"[""Ratikon"", ""Denom"", ""Nivalis"", ""Ilias"", ""Vega""]","[0.8855648040771484, 0.7744103670120239, 0.6764532327651978, 0.4443093538284302, 0.025477224960923195]"
4,centroid,1,307,Ratikon,Ratikon,"[""Ratikon"", ""Nivalis"", ""Denom"", ""Ilias"", ""Velorum""]","[0.9154584407806396, 0.7672089338302612, 0.6749222874641418, 0.4562174081802368, 0.09221534430980682]"
4,centroid,1,308,Ratikon,Ratikon,"[""Ratikon"", ""Denom"", ""Ilias"", ""Nivalis"", ""Velorum""]","[0.7909493446350098, 0.7135227918624878, 0.5446574091911316, 0.5428458452224731, 0.16911888122558594]"
4,centroid,1,309,Ratikon,Ratikon,"[""Ratikon"", ""Nivalis"", ""Denom"", ""Ilias"", ""Velorum""]","[0.8835477828979492, 0.8401532173156738, 0.7935971021652222, 0.38179218769073486, 0.21240034699440002]"
4,centroid,1,310,Ratikon,Ratikon,"[""Ratikon"", ""Nivalis"", ""Denom"", ""Ilias"", ""Vega""]","[0.9340346455574036, 0.775420606136322, 0.7094444036483765, 0.5789844989776611, 0.10610687732696533]"
4,centroid,1,311,Ratikon,Ratikon,"[""Ratikon"", ""Denom"", ""Nivalis"", ""Ilias"", ""Velorum""]","[0.8772990703582764, 0.8484304547309875, 0.7009108066558838, 0.41668015718460083, 0.13418641686439514]"
4,centroid,1,312,Ratikon,Ratikon,"[""Ratikon"", ""Denom"", ""Nivalis"", ""Ilias"", ""Velorum""]","[0.9334485530853271, 0.715665876865387, 0.7042375206947327, 0.6029711961746216, 0.1698523908853531]"
4,centroid,1,313,Ratikon,Ratikon,"[""Ratikon"", ""Denom"", ""Nivalis"", ""Ilias"", ""Trius""]","[0.8231649398803711, 0.5447790622711182, 0.5297175049781799, 0.5001870393753052, 0.32084453105926514]"
4,centroid,1,314,Steel_Wheel,Steel_Wheel,"[""Steel_Wheel"", ""Velorum"", ""Nivalis"", ""Ratikon"", ""Denom""]","[0.9557416439056396, 0.039942268282175064, 0.03494545817375183, 0.006983906030654907, -0.008463360369205475]"
4,centroid,1,315,Steel_Wheel,Steel_Wheel,"[""Steel_Wheel"", ""Nivalis"", ""Mytikas"", ""Velorum"", ""Denom""]","[0.9782739877700806, 0.10623101890087128, 0.10617569833993912, 0.08936196565628052, 0.036523234099149704]"
4,centroid,1,316,Steel_Wheel,Steel_Wheel,"[""Steel_Wheel"", ""Velorum"", ""Nivalis"", ""Xtreme"", ""Denom""]","[0.96722412109375, 0.0674654021859169, 0.053968168795108795, 0.015301171690225601, -0.010846536606550217]"
4,centroid,1,317,Steel_Wheel,Steel_Wheel,"[""Steel_Wheel"", ""Velorum"", ""Nivalis"", ""Denom"", ""Ratikon""]","[0.9360209703445435, 0.1552775502204895, 0.1360204666852951, 0.12334460020065308, 0.061715684831142426]"
4,centroid,1,318,Steel_Wheel,Steel_Wheel,"[""Steel_Wheel"", ""Velorum"", ""Nivalis"", ""Xtreme"", ""Mytikas""]","[0.9697233438491821, 0.09415651112794876, 0.09192170202732086, 0.08711648732423782, 0.07449575513601303]"
4,centroid,1,319,Steel_Wheel,Steel_Wheel,"[""Steel_Wheel"", ""Xtreme"", ""Mytikas"", ""Castor"", ""Nivalis""]","[0.9638617038726807, 0.05231921002268791, -0.008603045716881752, -0.056435927748680115, -0.057812295854091644]"
4,centroid,1,320,Steel_Wheel,Steel_Wheel,"[""Steel_Wheel"", ""Xtreme"", ""Gemini"", ""Nivalis"", ""Mytikas""]","[0.9318794012069702, 0.23073379695415497, 0.10921016335487366, 0.08718015253543854, 0.02737751230597496]"
4,centroid,1,321,Steel_Wheel,Steel_Wheel,"[""Steel_Wheel"", ""Xtreme"", ""Mytikas"", ""Castor"", ""Nivalis""]","[0.9747704267501831, 0.11261837184429169, -0.03815600648522377, -0.04390249401330948, -0.06126685440540314]"
4,centroid,1,322,Steel_Wheel,Steel_Wheel,"[""Steel_Wheel"", ""Mytikas"", ""Castor"", ""Trius"", ""Xtreme""]","[0.9344000816345215, 0.20302540063858032, 0.07682546973228455, 0.06519769132137299, 0.03189471364021301]"
4,centroid,1,323,Steel_Wheel,Steel_Wheel,"[""Steel_Wheel"", ""Xtreme"", ""Gemini"", ""Ratikon"", ""Nivalis""]","[0.904323935508728, 0.1381000429391861, 0.12384577840566635, 0.01636015623807907, 0.014988848939538002]"
4,centroid,1,324,Steel_Wheel,Steel_Wheel,"[""Steel_Wheel"", ""Mytikas"", ""Nivalis"", ""Xtreme"", ""Denom""]","[0.9840726256370544, 0.08050422370433807, 0.06078905984759331, 0.0028316546231508255, 0.00026284344494342804]"
4,centroid,1,325,Steel_Wheel,Steel_Wheel,"[""Steel_Wheel"", ""Denom"", ""Mytikas"", ""Xtreme"", ""Nivalis""]","[0.9366804361343384, 0.08453430235385895, 0.07792656868696213, 0.05992741510272026, 0.037697918713092804]"
4,centroid,1,326,Steel_Wheel,Steel_Wheel,"[""Steel_Wheel"", ""Mytikas"", ""Velorum"", ""Nivalis"", ""Denom""]","[0.9427412748336792, 0.2552967071533203, 0.12434280663728714, 0.11662322282791138, 0.08298863470554352]"
4,centroid,1,327,Steel_Wheel,Steel_Wheel,"[""Steel_Wheel"", ""Nivalis"", ""Mytikas"", ""Ratikon"", ""Denom""]","[0.9022936820983887, 0.17906032502651215, 0.17767098546028137, 0.16937938332557678, 0.1690995693206787]"
4,centroid,1,328,Steel_Wheel,Steel_Wheel,"[""Steel_Wheel"", ""Xtreme"", ""Gemini"", ""Mytikas"", ""Velorum""]","[0.929214358329773, 0.20011281967163086, 0.06455550342798233, 0.04373369365930557, -0.0054118819534778595]"
4,centroid,1,329,Steel_Wheel,Steel_Wheel,"[""Steel_Wheel"", ""Mytikas"", ""Nivalis"", ""Velorum"", ""Denom""]","[0.9789365530014038, 0.09601202607154846, 0.021502675488591194, 0.018352583050727844, 0.001743171364068985]"
4,centroid,1,330,Steel_Wheel,Steel_Wheel,"[""Steel_Wheel"", ""Velorum"", ""Mytikas"", ""Denom"", ""Nivalis""]","[0.9714873433113098, 0.14417818188667297, 0.067495197057724, 0.06210534647107124, 0.06129884347319603]"
4,centroid,1,331,Steel_Wheel,Steel_Wheel,"[""Steel_Wheel"", ""Mytikas"", ""Velorum"", ""Castor"", ""Xtreme""]","[0.961241602897644, 0.07360945641994476, 0.050749704241752625, 0.0276409313082695, -0.006399835459887981]"
4,centroid,1,332,Steel_Wheel,Steel_Wheel,"[""Steel_Wheel"", ""Mytikas"", ""Nivalis"", ""Xtreme"", ""Trius""]","[0.9555795192718506, 0.12439198791980743, 0.06605495512485504, 0.06298092007637024, 0.055636174976825714]"
4,centroid,1,333,Steel_Wheel,Steel_Wheel,"[""Steel_Wheel"", ""Xtreme"", ""Mytikas"", ""Gemini"", ""Nivalis""]","[0.901394248008728, 0.14990055561065674, 0.11641383916139603, 0.06712646037340164, 0.06440865993499756]"
4,centroid,1,334,Steel_Wheel,Steel_Wheel,"[""Steel_Wheel"", ""Mytikas"", ""Nivalis"", ""Velorum"", ""Denom""]","[0.9209011197090149, 0.21452420949935913, 0.1526101976633072, 0.10698631405830383, 0.0846375972032547]"
4,centroid,1,335,Steel_Wheel,Steel_Wheel,"[""Steel_Wheel"", ""Mytikas"", ""Xtreme"", ""Nivalis"", ""Turbine""]","[0.9273442029953003, 0.10244430601596832, 0.06288915872573853, 0.04791010916233063, -0.0025614257901906967]"
4,centroid,1,336,Steel_Wheel,Steel_Wheel,"[""Steel_Wheel"", ""Velorum"", ""Mytikas"", ""Ratikon"", ""Denom""]","[0.9670298099517822, 0.11903873085975647, 0.11571409553289413, 0.07914469391107559, 0.054275915026664734]"
4,centroid,1,337,Steel_Wheel,Steel_Wheel,"[""Steel_Wheel"", ""Nivalis"", ""Denom"", ""Ratikon"", ""Xtreme""]","[0.9634943604469299, 0.1721348911523819, 0.10795175284147263, 0.08351705968379974, 0.06931601464748383]"
4,centroid,1,338,Steel_Wheel,Steel_Wheel,"[""Steel_Wheel"", ""Mytikas"", ""Velorum"", ""Xtreme"", ""Castor""]","[0.977535605430603, 0.061523012816905975, 0.03743819147348404, 0.020998883992433548, 0.017384860664606094]"
4,centroid,1,339,Steel_Wheel,Steel_Wheel,"[""Steel_Wheel"", ""Nivalis"", ""Xtreme"", ""Mytikas"", ""Denom""]","[0.9343814253807068, 0.11250517517328262, 0.06075848266482353, 0.033373136073350906, 0.033254608511924744]"
4,centroid,1,340,Steel_Wheel,Steel_Wheel,"[""Steel_Wheel"", ""Xtreme"", ""Nivalis"", ""Denom"", ""Ratikon""]","[0.919819712638855, 0.10969776660203934, 0.09462964534759521, 0.04781202971935272, 0.04014572128653526]"
4,centroid,1,341,Steel_Wheel,Steel_Wheel,"[""Steel_Wheel"", ""Velorum"", ""Xtreme"", ""Nivalis"", ""Mytikas""]","[0.949425220489502, 0.22360295057296753, 0.06937366724014282, 0.034998469054698944, 0.0230532418936491]"
4,centroid,1,342,Steel_Wheel,Steel_Wheel,"[""Steel_Wheel"", ""Mytikas"", ""Nivalis"", ""Denom"", ""Velorum""]","[0.9175715446472168, 0.21898043155670166, 0.16886377334594727, 0.09602412581443787, 0.07934987545013428]"
4,centroid,1,343,Steel_Wheel,Steel_Wheel,"[""Steel_Wheel"", ""Velorum"", ""Alcatras"", ""Xtreme"", ""Nivalis""]","[0.948933482170105, 0.11666901409626007, -0.0043800706043839455, -0.009959102608263493, -0.025212116539478302]"
4,centroid,1,344,Steel_Wheel,Steel_Wheel,"[""Steel_Wheel"", ""Mytikas"", ""Trius"", ""Nivalis"", ""Denom""]","[0.9412742257118225, 0.14197835326194763, 0.1019154042005539, 0.08497382700443268, 0.08474893122911453]"
4,centroid,1,345,Steel_Wheel,Steel_Wheel,"[""Steel_Wheel"", ""Mytikas"", ""Xtreme"", ""Alcatras"", ""Nivalis""]","[0.904741644859314, 0.20678836107254028, 0.11767731606960297, 0.024196961894631386, 0.011130335740745068]"
4,centroid,1,346,Steel_Wheel,Steel_Wheel,"[""Steel_Wheel"", ""Xtreme"", ""Ratikon"", ""Nivalis"", ""Mytikas""]","[0.93858402967453, 0.07980762422084808, -0.0005059298127889633, -0.018749311566352844, -0.01960071176290512]"
4,centroid,1,347,Steel_Wheel,Steel_Wheel,"[""Steel_Wheel"", ""Mytikas"", ""Castor"", ""Alcatras"", ""Velorum""]","[0.9708018898963928, 0.08186067640781403, 0.03968941047787666, 0.039330895990133286, 0.017291147261857986]"
4,centroid,1,348,Steel_Wheel,Steel_Wheel,"[""Steel_Wheel"", ""Xtreme"", ""Mytikas"", ""Nivalis"", ""Gemini""]","[0.9690513610839844, 0.039561785757541656, 0.010065624490380287, -0.02224983647465706, -0.05555158108472824]"
4,centroid,1,349,Triton,Triton,"[""Triton"", ""Trius"", ""Mytikas"", ""Ilias"", ""Alcatras""]","[0.8169256448745728, 0.7990567684173584, 0.6549964547157288, 0.583986222743988, 0.35273510217666626]"
4,centroid,1,350,Triton,Triton,"[""Triton"", ""Mytikas"", ""Castor"", ""Trius"", ""Braga""]","[0.8900364637374878, 0.5671029686927795, 0.5091685056686401, 0.4678342342376709, 0.346347451210022]"
4,centroid,1,351,Triton,Triton,"[""Triton"", ""Mytikas"", ""Trius"", ""Velorum"", ""Ilias""]","[0.8279011249542236, 0.6470119953155518, 0.5761807560920715, 0.5760182738304138, 0.46207329630851746]"
4,centroid,1,352,Triton,Triton,"[""Triton"", ""Trius"", ""Mytikas"", ""Braga"", ""Castor""]","[0.8506171107292175, 0.7205747365951538, 0.6813735365867615, 0.63538658618927, 0.5598912835121155]"
4,centroid,1,353,Triton,Triton,"[""Triton"", ""Mytikas"", ""Castor"", ""Trius"", ""Alcatras""]","[0.870456337928772, 0.6174002289772034, 0.5610707998275757, 0.5525462627410889, 0.5129054188728333]"
4,centroid,1,354,Triton,Castor,"[""Castor"", ""Mytikas"", ""Triton"", ""Alcatras"", ""Braga""]","[0.7871723175048828, 0.7585163116455078, 0.6968796253204346, 0.5917627811431885, 0.38934651017189026]"
4,centroid,1,355,Triton,Triton,"[""Triton"", ""Mytikas"", ""Castor"", ""Trius"", ""Alcatras""]","[0.9014914035797119, 0.767888069152832, 0.6421774625778198, 0.5474306344985962, 0.36952438950538635]"
4,centroid,1,356,Triton,Triton,"[""Triton"", ""Mytikas"", ""Castor"", ""Velorum"", ""Trius""]","[0.8700683116912842, 0.6472464799880981, 0.6054948568344116, 0.5935938954353333, 0.5556343793869019]"
4,centroid,1,357,Triton,Triton,"[""Triton"", ""Castor"", ""Mytikas"", ""Alcatras"", ""Trius""]","[0.921008288860321, 0.7041172385215759, 0.692924976348877, 0.6158119440078735, 0.5970336198806763]"
4,centroid,1,358,Triton,Triton,"[""Triton"", ""Alcatras"", ""Trius"", ""Mytikas"", ""Castor""]","[0.7727715969085693, 0.741428017616272, 0.6841371059417725, 0.599364161491394, 0.5477067828178406]"
4,centroid,1,359,Triton,Triton,"[""Triton"", ""Mytikas"", ""Castor"", ""Trius"", ""Alcatras""]","[0.9171833395957947, 0.7373535633087158, 0.5953444838523865, 0.5884803533554077, 0.46457576751708984]"
4,centroid,1,360,Triton,Triton,"[""Triton"", ""Mytikas"", ""Trius"", ""Castor"", ""Ilias""]","[0.9203463792800903, 0.815082311630249, 0.6326024532318115, 0.49249550700187683, 0.4769670069217682]"
4,centroid,1,361,Triton,Triton,"[""Triton"", ""Ilias"", ""Mytikas"", ""Braga"", ""Castor""]","[0.5668545961380005, 0.37305140495300293, 0.313172310590744, 0.2101198434829712, 0.19311100244522095]"
4,centroid,1,362,Triton,Triton,"[""Triton"", ""Mytikas"", ""Trius"", ""Ilias"", ""Castor""]","[0.7925294637680054, 0.7259687185287476, 0.6361923813819885, 0.541553258895874, 0.32146769762039185]"
4,centroid,1,363,Triton,Triton,"[""Triton"", ""Mytikas"", ""Castor"", ""Trius"", ""Braga""]","[0.9418838024139404, 0.7652813196182251, 0.7251671552658081, 0.6605800986289978, 0.4124959111213684]"
4,centroid,1,364,Triton,Triton,"[""Triton"", ""Castor"", ""Trius"", ""Mytikas"", ""Alcatras""]","[0.8180992603302002, 0.6884139776229858, 0.6339963674545288, 0.5446696281433105, 0.4869486689567566]"
4,centroid,1,365,Triton,Alaris,"[""Alaris"", ""Alcatras"", ""Trius"", ""Triton"", ""Mytikas""]","[0.7040581703186035, 0.6843054294586182, 0.606821596622467, 0.5078604221343994, 0.4875023365020752]"
4,centroid,1,366,Triton,Triton,"[""Triton"", ""Mytikas"", ""Trius"", ""Castor"", ""Alcatras""]","[0.9458969831466675, 0.6932437419891357, 0.6426476240158081, 0.5866541862487793, 0.435028076171875]"
4,centroid,1,367,Triton,Triton,"[""Triton"", ""Mytikas"", ""Alcatras"", ""Alaris"", ""Ilias""]","[0.6375643014907837, 0.62166428565979, 0.6116838455200195, 0.532548725605011, 0.48601704835891724]"
4,centroid,1,368,Triton,Triton,"[""Triton"", ""Mytikas"", ""Trius"", ""Ilias"", ""Castor""]","[0.7286171913146973, 0.6346823573112488, 0.6231375932693481, 0.5053740739822388, 0.30146342515945435]"
4,centroid,1,369,Triton,Triton,"[""Triton"", ""Mytikas"", ""Castor"", ""Trius"", ""Alcatras""]","[0.8700850605964661, 0.8396779298782349, 0.6064239740371704, 0.4432157576084137, 0.35861557722091675]"
4,centroid,1,370,Triton,Trius,"[""Trius"", ""Braga"", ""Alaris"", ""Triton"", ""Mytikas""]","[0.8146863579750061, 0.5194025039672852, 0.49635785818099976, 0.48428773880004883, 0.4673898220062256]"
4,centroid,1,371,Triton,Castor,"[""Castor"", ""Triton"", ""Mytikas"", ""Alcatras"", ""Turbine""]","[0.8323221206665039, 0.7835628986358643, 0.7011798620223999, 0.4821264147758484, 0.3224910497665405]"
4,centroid,1,372,Triton,Triton,"[""Triton"", ""Mytikas"", ""Trius"", ""Alcatras"", ""Castor""]","[0.8140973448753357, 0.7471832633018494, 0.6108757257461548, 0.5777177214622498, 0.5321415066719055]"
4,centroid,1,373,Triton,Triton,"[""Triton"", ""Trius"", ""Castor"", ""Mytikas"", ""Alcatras""]","[0.9278929233551025, 0.7027830481529236, 0.6755121946334839, 0.6262034177780151, 0.4843669533729553]"
4,centroid,1,374,Triton,Triton,"[""Triton"", ""Mytikas"", ""Trius"", ""Velorum"", ""Castor""]","[0.8201251029968262, 0.6922791600227356, 0.6400808691978455, 0.580355703830719, 0.5501406192779541]"
4,centroid,1,375,Triton,Triton,"[""Triton"", ""Mytikas"", ""Ilias"", ""Trius"", ""Castor""]","[0.8619239330291748, 0.6736730337142944, 0.5506563186645508, 0.49406638741493225, 0.43599528074264526]"
4,centroid,1,376,Triton,Triton,"[""Triton"", ""Trius"", ""Castor"", ""Mytikas"", ""Alcatras""]","[0.7686009407043457, 0.6698397994041443, 0.47525298595428467, 0.4489716589450836, 0.4214686453342438]"
4,centroid,1,377,Triton,Mytikas,"[""Mytikas"", ""Triton"", ""Trius"", ""Alcatras"", ""Ilias""]","[0.8418201208114624, 0.8217869400978088, 0.6740789413452148, 0.43424826860427856, 0.42487019300460815]"
4,centroid,1,378,Triton,Triton,"[""Triton"", ""Trius"", ""Mytikas"", ""Castor"", ""Ilias""]","[0.9295601844787598, 0.6185594797134399, 0.5962557792663574, 0.5700370669364929, 0.42770901322364807]"
4,centroid,1,379,Triton,Trius,"[""Trius"", ""Mytikas"", ""Triton"", ""Castor"", ""Alcatras""]","[0.6905205845832825, 0.6772063970565796, 0.6572017073631287, 0.5471833944320679, 0.45931392908096313]"
4,centroid,1,380,Triton,Triton,"[""Triton"", ""Mytikas"", ""Trius"", ""Castor"", ""Ilias""]","[0.8564224243164062, 0.6366247534751892, 0.5076457858085632, 0.47260457277297974, 0.4539797008037567]"
4,centroid,1,381,Triton,Castor,"[""Castor"", ""Triton"", ""Alcatras"", ""Mytikas"", ""Velorum""]","[0.7623277902603149, 0.6203226447105408, 0.5878039598464966, 0.5521507263183594, 0.46808749437332153]"
4,centroid,1,382,Triton,Triton,"[""Triton"", ""Trius"", ""Mytikas"", ""Castor"", ""Alcatras""]","[0.8615239262580872, 0.6019489169120789, 0.5992172956466675, 0.5764306783676147, 0.5428611040115356]"
4,centroid,1,383,Triton,Triton,"[""Triton"", ""Alcatras"", ""Mytikas"", ""Trius"", ""Velorum""]","[0.7249923944473267, 0.615384578704834, 0.5835258960723877, 0.4659969210624695, 0.4630240797996521]"
4,centroid,1,384,Triton,Triton,"[""Triton"", ""Trius"", ""Mytikas"", ""Alcatras"", ""Castor""]","[0.842676043510437, 0.7692532539367676, 0.707758367061615, 0.645037055015564, 0.6046063899993896]"
4,centroid,1,385,Triton,Triton,"[""Triton"", ""Mytikas"", ""Trius"", ""Castor"", ""Alcatras""]","[0.6922243237495422, 0.6192678809165955, 0.521496057510376, 0.48693278431892395, 0.4639621376991272]"
4,centroid,1,386,Triton,Triton,"[""Triton"", ""Mytikas"", ""Trius"", ""Castor"", ""Ilias""]","[0.8279167413711548, 0.7368674278259277, 0.5670410990715027, 0.5172058939933777, 0.4293774366378784]"
4,centroid,1,387,Triton,Triton,"[""Triton"", ""Mytikas"", ""Trius"", ""Castor"", ""Alcatras""]","[0.868475079536438, 0.6954831480979919, 0.6728891134262085, 0.624092698097229, 0.5235609412193298]"
4,centroid,1,388,Triton,Trius,"[""Trius"", ""Gemini"", ""Mytikas"", ""Vega"", ""Triton""]","[0.6374586224555969, 0.47723937034606934, 0.4243062138557434, 0.42361611127853394, 0.4173630475997925]"
4,centroid,1,389,Triton,Triton,"[""Triton"", ""Mytikas"", ""Castor"", ""Alcatras"", ""Trius""]","[0.8938109874725342, 0.7485161423683167, 0.6849778890609741, 0.6423739790916443, 0.5969727039337158]"
4,centroid,1,390,Triton,Triton,"[""Triton"", ""Trius"", ""Castor"", ""Mytikas"", ""Braga""]","[0.9269005060195923, 0.6636367440223694, 0.6535919308662415, 0.6500065326690674, 0.4504086971282959]"
4,centroid,1,391,Triton,Triton,"[""Triton"", ""Mytikas"", ""Castor"", ""Trius"", ""Velorum""]","[0.9255095720291138, 0.7707267999649048, 0.6445757150650024, 0.5405917763710022, 0.45238813757896423]"
4,centroid,1,392,Triton,Triton,"[""Triton"", ""Castor"", ""Mytikas"", ""Alcatras"", ""Trius""]","[0.87297523021698, 0.7048701047897339, 0.6903414726257324, 0.6590734720230103, 0.5302087664604187]"
4,centroid,1,393,Triton,Mytikas,"[""Mytikas"", ""Triton"", ""Trius"", ""Ilias"", ""Castor""]","[0.8348904252052307, 0.8313570022583008, 0.5517958402633667, 0.5000461339950562, 0.4307520389556885]"
4,centroid,1,394,Triton,Triton,"[""Triton"", ""Mytikas"", ""Castor"", ""Velorum"", ""Ilias""]","[0.7589617967605591, 0.5455341339111328, 0.5383346080780029, 0.5345768928527832, 0.5074468851089478]"
4,centroid,1,395,Triton,Triton,"[""Triton"", ""Mytikas"", ""Trius"", ""Ilias"", ""Braga""]","[0.8005316853523254, 0.5784040689468384, 0.5588101744651794, 0.4284694790840149, 0.3502647876739502]"
4,centroid,1,396,Triton,Triton,"[""Triton"", ""Mytikas"", ""Castor"", ""Trius"", ""Velorum""]","[0.8868259787559509, 0.7581913471221924, 0.6285108327865601, 0.5533354878425598, 0.5174888968467712]"
4,centroid,1,397,Triton,Triton,"[""Triton"", ""Mytikas"", ""Trius"", ""Castor"", ""Ilias""]","[0.8618085384368896, 0.7324901819229126, 0.5795109272003174, 0.40937569737434387, 0.3353973627090454]"
4,centroid,1,398,Triton,Triton,"[""Triton"", ""Trius"", ""Mytikas"", ""Alcatras"", ""Castor""]","[0.6785643100738525, 0.5931255221366882, 0.5900756120681763, 0.5670818090438843, 0.5571616888046265]"
4,centroid,1,399,Triton,Triton,"[""Triton"", ""Mytikas"", ""Castor"", ""Ilias"", ""Trius""]","[0.8700791597366333, 0.6817989349365234, 0.5787057280540466, 0.3810882270336151, 0.34934017062187195]"
4,centroid,1,400,Triton,Triton,"[""Triton"", ""Mytikas"", ""Trius"", ""Castor"", ""Alcatras""]","[0.820004403591156, 0.6469822525978088, 0.5596946477890015, 0.5278849601745605, 0.4301580786705017]"
4,centroid,1,401,Triton,Triton,"[""Triton"", ""Mytikas"", ""Castor"", ""Ilias"", ""Alcatras""]","[0.7433062791824341, 0.6320062875747681, 0.5888742208480835, 0.3455201983451843, 0.3435389995574951]"
4,centroid,1,402,Trius,Triton,"[""Triton"", ""Mytikas"", ""Trius"", ""Ilias"", ""Castor""]","[0.8301341533660889, 0.7539326548576355, 0.745745062828064, 0.49835404753685, 0.48784106969833374]"
4,centroid,1,403,Trius,Trius,"[""Trius"", ""Mytikas"", ""Gemini"", ""Triton"", ""Braga""]","[0.7095751166343689, 0.5873068571090698, 0.5153219103813171, 0.4942823648452759, 0.3872348666191101]"
4,centroid,1,404,Trius,Triton,"[""Triton"", ""Trius"", ""Mytikas"", ""Braga"", ""Ilias""]","[0.7995783090591431, 0.7782968282699585, 0.5877823829650879, 0.5018249750137329, 0.44206172227859497]"
4,centroid,1,405,Trius,Trius,"[""Trius"", ""Mytikas"", ""Alcatras"", ""Triton"", ""Alaris""]","[0.7654032707214355, 0.6642245650291443, 0.6318942904472351, 0.6170483827590942, 0.5058947801589966]"
4,centroid,1,406,Trius,Triton,"[""Triton"", ""Trius"", ""Mytikas"", ""Alcatras"", ""Castor""]","[0.7031699419021606, 0.6779247522354126, 0.6573673486709595, 0.5801917910575867, 0.4450218081474304]"
4,centroid,1,407,Trius,Trius,"[""Trius"", ""Gemini"", ""Nivalis"", ""Denom"", ""Mytikas""]","[0.5927543640136719, 0.5250704288482666, 0.4175950288772583, 0.41370490193367004, 0.3880248963832855]"
4,centroid,1,408,Trius,Trius,"[""Trius"", ""Mytikas"", ""Triton"", ""Gemini"", ""Velorum""]","[0.7502387166023254, 0.5476949214935303, 0.42860233783721924, 0.3454456627368927, 0.29552069306373596]"
4,centroid,1,409,Trius,Trius,"[""Trius"", ""Alaris"", ""Alcatras"", ""Mytikas"", ""Triton""]","[0.7801685929298401, 0.6137911677360535, 0.5172064304351807, 0.47241878509521484, 0.3530883491039276]"
4,centroid,1,410,Trius,Trius,"[""Trius"", ""Triton"", ""Mytikas"", ""Ilias"", ""Velorum""]","[0.8301842212677002, 0.8080446124076843, 0.6852514743804932, 0.45344895124435425, 0.40244781970977783]"
4,centroid,1,411,Trius,Trius,"[""Trius"", ""Braga"", ""Alcatras"", ""Alaris"", ""Triton""]","[0.7932573556900024, 0.702864408493042, 0.5909335613250732, 0.5761860609054565, 0.5625618696212769]"
4,centroid,1,412,Trius,Trius,"[""Trius"", ""Triton"", ""Mytikas"", ""Gemini"", ""Braga""]","[0.6114407777786255, 0.5579239130020142, 0.5004932880401611, 0.45446422696113586, 0.3649681508541107]"
4,centroid,1,413,Trius,Trius,"[""Trius"", ""Mytikas"", ""Triton"", ""Vega"", ""Turbine""]","[0.7404944896697998, 0.6554734706878662, 0.5152148008346558, 0.3916524052619934, 0.33832985162734985]"
4,centroid,1,414,Trius,Triton,"[""Triton"", ""Trius"", ""Mytikas"", ""Castor"", ""Braga""]","[0.659287691116333, 0.6506723165512085, 0.6014279723167419, 0.4213944673538208, 0.1942749172449112]"
4,centroid,1,415,Trius,Trius,"[""Trius"", ""Alaris"", ""Triton"", ""Braga"", ""Alcatras""]","[0.9266229867935181, 0.5680274367332458, 0.512545108795166, 0.4340739846229553, 0.4200497269630432]"
4,centroid,1,416,Trius,Trius,"[""Trius"", ""Alaris"", ""Mytikas"", ""Braga"", ""Triton""]","[0.8719322085380554, 0.6434255838394165, 0.576808512210846, 0.5256797075271606, 0.5234870910644531]"
4,centroid,1,417,Trius,Trius,"[""Trius"", ""Mytikas"", ""Alaris"", ""Castor"", ""Triton""]","[0.732560396194458, 0.4639667868614197, 0.43244490027427673, 0.41393953561782837, 0.404685378074646]"
4,centroid,1,418,Trius,Trius,"[""Trius"", ""Triton"", ""Alaris"", ""Braga"", ""Alcatras""]","[0.8894143104553223, 0.5919370651245117, 0.5337648391723633, 0.5291675329208374, 0.46584540605545044]"
4,centroid,1,419,Trius,Trius,"[""Trius"", ""Vega"", ""Mytikas"", ""Triton"", ""Gemini""]","[0.7119936347007751, 0.47309449315071106, 0.4672659933567047, 0.43615996837615967, 0.28852391242980957]"
4,centroid,1,420,Trius,Trius,"[""Trius"", ""Mytikas"", ""Triton"", ""Alaris"", ""Velorum""]","[0.8916486501693726, 0.5224501490592957, 0.5006614923477173, 0.421847403049469, 0.3809525966644287]"
4,centroid,1,421,Trius,Trius,"[""Trius"", ""Triton"", ""Mytikas"", ""Alcatras"", ""Braga""]","[0.9206334948539734, 0.7113801836967468, 0.5015251040458679, 0.46852898597717285, 0.4558316469192505]"
4,centroid,1,422,Trius,Trius,"[""Trius"", ""Triton"", ""Mytikas"", ""Ilias"", ""Alaris""]","[0.8565273284912109, 0.721706211566925, 0.5276418924331665, 0.5215429663658142, 0.4884932041168213]"
4,centroid,1,423,Trius,Triton,"[""Triton"", ""Trius"", ""Mytikas"", ""Ilias"", ""Ratikon""]","[0.805166482925415, 0.7995644807815552, 0.6391518115997314, 0.5611133575439453, 0.3517662584781647]"
4,centroid,1,424,Trius,Mytikas,"[""Mytikas"", ""Trius"", ""Triton"", ""Castor"", ""Alcatras""]","[0.8384577631950378, 0.7321910858154297, 0.7301211953163147, 0.5596630573272705, 0.5535492300987244]"
4,centroid,1,425,Trius,Trius,"[""Trius"", ""Mytikas"", ""Triton"", ""Braga"", ""Alcatras""]","[0.7415153384208679, 0.49832433462142944, 0.42937347292900085, 0.38419109582901, 0.3488421142101288]"
4,centroid,1,426,Trius,Mytikas,"[""Mytikas"", ""Triton"", ""Trius"", ""Castor"", ""Turbine""]","[0.7728467583656311, 0.6677128076553345, 0.5748049020767212, 0.3783479928970337, 0.2522171139717102]"
4,centroid,1,427,Trius,Triton,"[""Triton"", ""Castor"", ""Mytikas"", ""Alcatras"", ""Velorum""]","[0.7550414204597473, 0.536656379699707, 0.5040930509567261, 0.5003542304039001, 0.43077126145362854]"
4,centroid,1,428,Trius,Trius,"[""Trius"", ""Triton"", ""Alcatras"", ""Mytikas"", ""Alaris""]","[0.9027518033981323, 0.6821808815002441, 0.5582015514373779, 0.537995457649231, 0.46927016973495483]"
4,centroid,1,429,Trius,Trius,"[""Trius"", ""Vega"", ""Gemini"", ""Mytikas"", ""Alaris""]","[0.6956825852394104, 0.5425574779510498, 0.4825059473514557, 0.4014277160167694, 0.35036295652389526]"
4,centroid,1,430,Trius,Trius,"[""Trius"", ""Gemini"", ""Vega"", ""Nivalis"", ""Denom""]","[0.5585752725601196, 0.5426130294799805, 0.38882091641426086, 0.3880866765975952, 0.37921208143234253]"
4,centroid,1,431,Trius,Trius,"[""Trius"", ""Triton"", ""Mytikas"", ""Velorum"", ""Braga""]","[0.8737325668334961, 0.6164901256561279, 0.5050374269485474, 0.4413476884365082, 0.371864378452301]"
4,centroid,1,432,Trius,Trius,"[""Trius"", ""Triton"", ""Mytikas"", ""Alcatras"", ""Alaris""]","[0.9235553741455078, 0.7417564392089844, 0.6274549961090088, 0.5897790193557739, 0.5310969948768616]"
4,centroid,1,433,Trius,Braga,"[""Braga"", ""Trius"", ""Alaris"", ""Gemini"", ""Alcatras""]","[0.73927903175354, 0.6682042479515076, 0.5135048627853394, 0.4589041769504547, 0.4348796308040619]"
4,centroid,1,434,Trius,Trius,"[""Trius"", ""Mytikas"", ""Triton"", ""Gemini"", ""Braga""]","[0.6559823155403137, 0.5822983384132385, 0.5745894908905029, 0.569267988204956, 0.41516074538230896]"
4,centroid,1,435,Trius,Trius,"[""Trius"", ""Triton"", ""Mytikas"", ""Alaris"", ""Alcatras""]","[0.8784914016723633, 0.7044782638549805, 0.5555002689361572, 0.45517757534980774, 0.395912230014801]"
4,centroid,1,436,Trius,Triton,"[""Triton"", ""Trius"", ""Velorum"", ""Mytikas"", ""Castor""]","[0.6994327902793884, 0.6972280740737915, 0.6463623046875, 0.5773783326148987, 0.4178192615509033]"
4,centroid,1,437,Trius,Trius,"[""Trius"", ""Alaris"", ""Braga"", ""Gemini"", ""Triton""]","[0.7802104949951172, 0.5494857430458069, 0.45423924922943115, 0.3849862217903137, 0.3432992398738861]"
4,centroid,1,438,Trius,Trius,"[""Trius"", ""Triton"", ""Mytikas"", ""Braga"", ""Alcatras""]","[0.8569128513336182, 0.7262747883796692, 0.6164959073066711, 0.5260652303695679, 0.4592432379722595]"
4,centroid,1,439,Trius,Triton,"[""Triton"", ""Trius"", ""Castor"", ""Alcatras"", ""Velorum""]","[0.792852520942688, 0.7004166841506958, 0.6291595697402954, 0.6165456771850586, 0.5154745578765869]"
4,centroid,1,440,Trius,Alcatras,"[""Alcatras"", ""Alaris"", ""Trius"", ""Mytikas"", ""Triton""]","[0.7725173830986023, 0.6793204545974731, 0.6441953182220459, 0.5299286246299744, 0.43656474351882935]"
4,centroid,1,441,Trius,Trius,"[""Trius"", ""Triton"", ""Mytikas"", ""Ilias"", ""Alaris""]","[0.8003032803535461, 0.7074391841888428, 0.6393049955368042, 0.41997677087783813, 0.3137822151184082]"
4,centroid,1,442,Turbine,Turbine,"[""Turbine"", ""Braga"", ""Vega"", ""Hawk"", ""Castor""]","[0.9209194183349609, 0.4741407632827759, 0.36590710282325745, 0.3210280239582062, 0.21046537160873413]"
4,centroid,1,443,Turbine,Turbine,"[""Turbine"", ""Mytikas"", ""Vega"", ""Braga"", ""Castor""]","[0.7403428554534912, 0.3880772590637207, 0.2754848897457123, 0.25009191036224365, 0.24265584349632263]"
4,centroid,1,444,Turbine,Turbine,"[""Turbine"", ""Alaris"", ""Vega"", ""Braga"", ""Alcatras""]","[0.812436044216156, 0.5189403295516968, 0.5097354650497437, 0.4722646474838257, 0.4293036460876465]"
4,centroid,1,445,Turbine,Turbine,"[""Turbine"", ""Hawk"", ""Vega"", ""Castor"", ""Braga""]","[0.7243425846099854, 0.4542488753795624, 0.2520163655281067, 0.23936083912849426, 0.23027515411376953]"
4,centroid,1,446,Turbine,Alcatras,"[""Alcatras"", ""Alaris"", ""Castor"", ""Turbine"", ""Braga""]","[0.7191312909126282, 0.644046425819397, 0.6279456615447998, 0.5706122517585754, 0.4036974012851715]"
4,centroid,1,447,Turbine,Turbine,"[""Turbine"", ""Braga"", ""Hawk"", ""Alaris"", ""Castor""]","[0.833868145942688, 0.40328699350357056, 0.34216058254241943, 0.2728689908981323, 0.2379799485206604]"
4,centroid,1,448,Turbine,Turbine,"[""Turbine"", ""Braga"", ""Castor"", ""Vega"", ""Hawk""]","[0.8723722100257874, 0.5476516485214233, 0.3898763060569763, 0.18717283010482788, 0.13173113763332367]"
4,centroid,1,449,Turbine,Vega,"[""Vega"", ""Turbine"", ""Hawk"", ""Braga"", ""Alaris""]","[0.6997239589691162, 0.667962908744812, 0.5890218615531921, 0.54464191198349, 0.4563794732093811]"
4,centroid,1,450,Turbine,Turbine,"[""Turbine"", ""Castor"", ""Alcatras"", ""Braga"", ""Alaris""]","[0.7116762399673462, 0.6767715215682983, 0.5361813902854919, 0.5028998255729675, 0.3943708539009094]"
4,centroid,1,451,Turbine,Castor,"[""Castor"", ""Triton"", ""Turbine"", ""Trius"", ""Alcatras""]","[0.7688263654708862, 0.5212042927742004, 0.513739824295044, 0.38276368379592896, 0.34753909707069397]"
4,centroid,1,452,Turbine,Turbine,"[""Turbine"", ""Braga"", ""Hawk"", ""Alaris"", ""Alcatras""]","[0.7343010306358337, 0.42409461736679077, 0.38758906722068787, 0.3855441212654114, 0.3687003254890442]"
4,centroid,1,453,Turbine,Turbine,"[""Turbine"", ""Hawk"", ""Mytikas"", ""Vega"", ""Braga""]","[0.560981273651123, 0.4222826361656189, 0.39307665824890137, 0.2799438536167145, 0.22701305150985718]"
4,centroid,1,454,Turbine,Castor,"[""Castor"", ""Alcatras"", ""Triton"", ""Trius"", ""Turbine""]","[0.7806782722473145, 0.6507859230041504, 0.6246851682662964, 0.5883467197418213, 0.4347696304321289]"
4,centroid,1,455,Turbine,Castor,"[""Castor"", ""Turbine"", ""Braga"", ""Alcatras"", ""Triton""]","[0.7248650789260864, 0.5674494504928589, 0.37705570459365845, 0.3308255672454834, 0.3278917074203491]"
4,centroid,1,456,Turbine,Turbine,"[""Turbine"", ""Alcatras"", ""Alaris"", ""Castor"", ""Braga""]","[0.7207893133163452, 0.6599371433258057, 0.6524872183799744, 0.4677867293357849, 0.4416328966617584]"
4,centroid,1,457,Turbine,Turbine,"[""Turbine"", ""Braga"", ""Vega"", ""Alaris"", ""Alcatras""]","[0.8794788718223572, 0.3428548574447632, 0.33852219581604004, 0.33755600452423096, 0.3144940733909607]"
4,centroid,1,458,Turbine,Turbine,"[""Turbine"", ""Braga"", ""Castor"", ""Triton"", ""Hawk""]","[0.8019012212753296, 0.4717459976673126, 0.38690489530563354, 0.2894240617752075, 0.24766308069229126]"
4,centroid,1,459,Turbine,Turbine,"[""Turbine"", ""Castor"", ""Alcatras"", ""Alaris"", ""Braga""]","[0.6906051635742188, 0.6090018153190613, 0.6039336323738098, 0.5593881607055664, 0.34022682905197144]"
4,centroid,1,460,Turbine,Turbine,"[""Turbine"", ""Hawk"", ""Braga"", ""Alaris"", ""Vega""]","[0.730433464050293, 0.3993876576423645, 0.3346026837825775, 0.2922641634941101, 0.27189570665359497]"
4,centroid,1,461,Turbine,Turbine,"[""Turbine"", ""Castor"", ""Alcatras"", ""Triton"", ""Mytikas""]","[0.7245199680328369, 0.6168853044509888, 0.33317410945892334, 0.2704407572746277, 0.26512467861175537]"
4,centroid,1,462,Turbine,Turbine,"[""Turbine"", ""Braga"", ""Hawk"", ""Vega"", ""Gemini""]","[0.7942843437194824, 0.4619482159614563, 0.3551880121231079, 0.32333850860595703, 0.1684357225894928]"
4,centroid,1,463,Turbine,Braga,"[""Braga"", ""Turbine"", ""Vega"", ""Hawk"", ""Castor""]","[0.7565858364105225, 0.7234974503517151, 0.42939290404319763, 0.38269078731536865, 0.2723120450973511]"
4,centroid,1,464,Turbine,Turbine,"[""Turbine"", ""Braga"", ""Castor"", ""Alcatras"", ""Trius""]","[0.7718697786331177, 0.48930513858795166, 0.36631840467453003, 0.3076278567314148, 0.29664015769958496]"
4,centroid,1,465,Turbine,Castor,"[""Castor"", ""Braga"", ""Turbine"", ""Alcatras"", ""Alaris""]","[0.7689713835716248, 0.7064733505249023, 0.7029744386672974, 0.6167196035385132, 0.5077571868896484]"
4,centroid,1,466,Turbine,Vega,"[""Vega"", ""Gemini"", ""Braga"", ""Turbine"", ""Trius""]","[0.6948804259300232, 0.5466499328613281, 0.48331767320632935, 0.43224185705184937, 0.367825448513031]"
4,centroid,1,467,Turbine,Turbine,"[""Turbine"", ""Braga"", ""Castor"", ""Hawk"", ""Alcatras""]","[0.8134005069732666, 0.5133009552955627, 0.3798459768295288, 0.30167028307914734, 0.12209462374448776]"
4,centroid,1,468,Turbine,Turbine,"[""Turbine"", ""Castor"", ""Vega"", ""Braga"", ""Triton""]","[0.8640557527542114, 0.3370990455150604, 0.31407076120376587, 0.2964726984500885, 0.20230332016944885]"
4,centroid,1,469,Vega,Vega,"[""Vega"", ""Turbine"", ""Hawk"", ""Braga"", ""Alcatras""]","[0.6542810201644897, 0.614006757736206, 0.48810064792633057, 0.478081613779068, 0.3628994822502136]"
4,centroid,1,470,Vega,Vega,"[""Vega"", ""Trius"", ""Braga"", ""Gemini"", ""Alaris""]","[0.7190912961959839, 0.5287830233573914, 0.47319430112838745, 0.4583844542503357, 0.43489471077919006]"
4,centroid,1,471,Vega,Vega,"[""Vega"", ""Braga"", ""Alaris"", ""Turbine"", ""Gemini""]","[0.941727876663208, 0.39318954944610596, 0.37086060643196106, 0.34492507576942444, 0.3375243842601776]"
4,centroid,1,472,Vega,Vega,"[""Vega"", ""Gemini"", ""Braga"", ""Alaris"", ""Hawk""]","[0.8578968048095703, 0.4542195796966553, 0.36654025316238403, 0.28937384486198425, 0.22416946291923523]"
4,centroid,1,473,Vega,Vega,"[""Vega"", ""Alaris"", ""Turbine"", ""Braga"", ""Hawk""]","[0.8854641914367676, 0.4223752021789551, 0.41198182106018066, 0.3475847542285919, 0.28129690885543823]"
4,centroid,1,474,Vega,Vega,"[""Vega"", ""Alaris"", ""Braga"", ""Turbine"", ""Hawk""]","[0.9547423720359802, 0.47167354822158813, 0.4112558960914612, 0.39089497923851013, 0.3690233826637268]"
4,centroid,1,475,Vega,Vega,"[""Vega"", ""Turbine"", ""Alaris"", ""Ratikon"", ""Gemini""]","[0.792762041091919, 0.45434167981147766, 0.24260196089744568, 0.214097261428833, 0.19120395183563232]"
4,centroid,1,476,Vega,Vega,"[""Vega"", ""Gemini"", ""Braga"", ""Trius"", ""Hawk""]","[0.7772858142852783, 0.6491516828536987, 0.6230267882347107, 0.3212120532989502, 0.30028969049453735]"
4,centroid,1,477,Vega,Vega,"[""Vega"", ""Braga"", ""Alcatras"", ""Gemini"", ""Alaris""]","[0.8774908781051636, 0.310417115688324, 0.3089418411254883, 0.30701225996017456, 0.303825318813324]"
4,centroid,1,478,Vega,Vega,"[""Vega"", ""Turbine"", ""Hawk"", ""Gemini"", ""Braga""]","[0.8126934766769409, 0.39671221375465393, 0.35766327381134033, 0.24985143542289734, 0.22822418808937073]"
4,centroid,1,479,Vega,Vega,"[""Vega"", ""Hawk"", ""Braga"", ""Alaris"", ""Turbine""]","[0.868751585483551, 0.5303537249565125, 0.47858715057373047, 0.47763362526893616, 0.36376434564590454]"
4,centroid,1,480,Vega,Vega,"[""Vega"", ""Hawk"", ""Turbine"", ""Alaris"", ""Gemini""]","[0.9170602560043335, 0.42110511660575867, 0.39161211252212524, 0.3202695846557617, 0.29394620656967163]"
4,centroid,1,481,Vega,Gemini,"[""Gemini"", ""Vega"", ""Hawk"", ""Xtreme"", ""Braga""]","[0.6881380081176758, 0.6548720002174377, 0.4123111367225647, 0.2988123297691345, 0.2881133556365967]"
4,centroid,1,482,Vega,Vega,"[""Vega"", ""Gemini"", ""Hawk"", ""Braga"", ""Alaris""]","[0.8847968578338623, 0.5962468981742859, 0.4275079369544983, 0.4058803915977478, 0.2896599769592285]"
4,centroid,1,483,Vega,Vega,"[""Vega"", ""Gemini"", ""Braga"", ""Turbine"", ""Alaris""]","[0.9406290054321289, 0.472004234790802, 0.3418213129043579, 0.2843095362186432, 0.28123241662979126]"
4,centroid,1,484,Vega,Vega,"[""Vega"", ""Gemini"", ""Braga"", ""Hawk"", ""Turbine""]","[0.8668032288551331, 0.5390003323554993, 0.46677345037460327, 0.33453235030174255, 0.20552198588848114]"
4,centroid,1,485,Vega,Vega,"[""Vega"", ""Gemini"", ""Hawk"", ""Braga"", ""Turbine""]","[0.9234501123428345, 0.4632837772369385, 0.33265960216522217, 0.2700015902519226, 0.23465493321418762]"
4,centroid,1,486,Vega,Vega,"[""Vega"", ""Gemini"", ""Alaris"", ""Hawk"", ""Braga""]","[0.9595452547073364, 0.43512916564941406, 0.39712509512901306, 0.3895811438560486, 0.3551979064941406]"
4,centroid,1,487,Vega,Vega,"[""Vega"", ""Braga"", ""Gemini"", ""Turbine"", ""Hawk""]","[0.900041401386261, 0.5373985767364502, 0.4973244071006775, 0.476185142993927, 0.3566300868988037]"
4,centroid,1,488,Vega,Vega,"[""Vega"", ""Gemini"", ""Alaris"", ""Hawk"", ""Braga""]","[0.9504494667053223, 0.42449527978897095, 0.2513431906700134, 0.23826995491981506, 0.19903767108917236]"
4,centroid,1,489,Vega,Vega,"[""Vega"", ""Turbine"", ""Braga"", ""Hawk"", ""Alaris""]","[0.795203447341919, 0.5096815824508667, 0.3459160029888153, 0.2840893268585205, 0.2518889307975769]"
4,centroid,1,490,Vega,Vega,"[""Vega"", ""Braga"", ""Alaris"", ""Gemini"", ""Trius""]","[0.8694038391113281, 0.5026856064796448, 0.4350455403327942, 0.4296128451824188, 0.28902584314346313]"
4,centroid,1,491,Vega,Vega,"[""Vega"", ""Gemini"", ""Hawk"", ""Braga"", ""Alaris""]","[0.8934850096702576, 0.43404048681259155, 0.34617742896080017, 0.34377068281173706, 0.2381649911403656]"
4,centroid,1,492,Vega,Vega,"[""Vega"", ""Gemini"", ""Braga"", ""Hawk"", ""Alaris""]","[0.8871307373046875, 0.5234370231628418, 0.49671679735183716, 0.4349316358566284, 0.28914952278137207]"
4,centroid,1,493,Vega,Vega,"[""Vega"", ""Braga"", ""Gemini"", ""Turbine"", ""Hawk""]","[0.8311178684234619, 0.4740433394908905, 0.4034191370010376, 0.387312650680542, 0.23637913167476654]"
4,centroid,1,494,Vega,Vega,"[""Vega"", ""Hawk"", ""Alaris"", ""Braga"", ""Gemini""]","[0.8929818868637085, 0.4901282787322998, 0.36987775564193726, 0.36797040700912476, 0.3641810417175293]"
4,centroid,1,495,Vega,Vega,"[""Vega"", ""Gemini"", ""Braga"", ""Alaris"", ""Turbine""]","[0.7311987280845642, 0.5492532253265381, 0.5112968683242798, 0.4587901830673218, 0.40801095962524414]"
4,centroid,1,496,Vega,Vega,"[""Vega"", ""Gemini"", ""Hawk"", ""Turbine"", ""Braga""]","[0.7707352638244629, 0.5831139087677002, 0.4041406512260437, 0.2351600080728531, 0.1519576907157898]"
4,centroid,1,497,Vega,Vega,"[""Vega"", ""Alaris"", ""Gemini"", ""Turbine"", ""Braga""]","[0.8835493326187134, 0.39424923062324524, 0.2651473879814148, 0.18694421648979187, 0.1739555299282074]"
4,centroid,1,498,Vega,Vega,"[""Vega"", ""Braga"", ""Gemini"", ""Hawk"", ""Turbine""]","[0.826662003993988, 0.621753454208374, 0.5513278245925903, 0.37459200620651245, 0.26836660504341125]"
4,centroid,1,499,Vega,Vega,"[""Vega"", ""Gemini"", ""Braga"", ""Turbine"", ""Trius""]","[0.8997591733932495, 0.4810402989387512, 0.3270419239997864, 0.23858322203159332, 0.16799777746200562]"
4,centroid,1,500,Vega,Vega,"[""Vega"", ""Hawk"", ""Gemini"", ""Alaris"", ""Braga""]","[0.9253789782524109, 0.39801859855651855, 0.3703016936779022, 0.32031673192977905, 0.25123918056488037]"
4,centroid,1,501,Vega,Vega,"[""Vega"", ""Gemini"", ""Braga"", ""Turbine"", ""Hawk""]","[0.8987346887588501, 0.42356470227241516, 0.22407166659832, 0.2232535034418106, 0.18303997814655304]"
4,centroid,1,502,Vega,Vega,"[""Vega"", ""Alaris"", ""Turbine"", ""Hawk"", ""Braga""]","[0.8525530695915222, 0.3771674633026123, 0.339816153049469, 0.3237951397895813, 0.2667345404624939]"
4,centroid,1,503,Vega,Vega,"[""Vega"", ""Alaris"", ""Gemini"", ""Hawk"", ""Braga""]","[0.897514820098877, 0.47746434807777405, 0.4467478394508362, 0.42151397466659546, 0.3317570090293884]"
4,centroid,1,504,Velorum,Velorum,"[""Velorum"", ""Nivalis"", ""Ilias"", ""Denom"", ""Ratikon""]","[0.8829312324523926, 0.6395827531814575, 0.634566605091095, 0.6005172729492188, 0.48196423053741455]"
4,centroid,1,505,Velorum,Velorum,"[""Velorum"", ""Ilias"", ""Triton"", ""Trius"", ""Mytikas""]","[0.9332493543624878, 0.5055504441261292, 0.4723014831542969, 0.3235843777656555, 0.31432005763053894]"
4,centroid,1,506,Velorum,Velorum,"[""Velorum"", ""Triton"", ""Mytikas"", ""Ilias"", ""Castor""]","[0.7804650068283081, 0.5641909837722778, 0.563781201839447, 0.42513078451156616, 0.36885714530944824]"
4,centroid,1,507,Velorum,Velorum,"[""Velorum"", ""Ilias"", ""Denom"", ""Nivalis"", ""Ratikon""]","[0.8041512966156006, 0.6259605288505554, 0.37626951932907104, 0.33372998237609863, 0.2835301160812378]"
4,centroid,1,508,Velorum,Velorum,"[""Velorum"", ""Nivalis"", ""Denom"", ""Ilias"", ""Triton""]","[0.9408431053161621, 0.4934638738632202, 0.49142205715179443, 0.48030826449394226, 0.36557501554489136]"
4,centroid,1,509,Velorum,Velorum,"[""Velorum"", ""Ilias"", ""Denom"", ""Nivalis"", ""Trius""]","[0.9450604915618896, 0.5153363943099976, 0.4961548149585724, 0.3708527088165283, 0.2607918977737427]"
4,centroid,1,510,Velorum,Velorum,"[""Velorum"", ""Denom"", ""Ilias"", ""Nivalis"", ""Trius""]","[0.9140123128890991, 0.4976775050163269, 0.47476404905319214, 0.4317084848880768, 0.3703193664550781]"
4,centroid,1,511,Velorum,Velorum,"[""Velorum"", ""Ilias"", ""Denom"", ""Triton"", ""Nivalis""]","[0.938421368598938, 0.5228650569915771, 0.4525253474712372, 0.43966835737228394, 0.37332409620285034]"
4,centroid,1,512,Velorum,Velorum,"[""Velorum"", ""Ilias"", ""Nivalis"", ""Triton"", ""Mytikas""]","[0.8849881887435913, 0.4293408989906311, 0.3052448034286499, 0.25794416666030884, 0.24460376799106598]"
4,centroid,1,513,Velorum,Velorum,"[""Velorum"", ""Ilias"", ""Triton"", ""Nivalis"", ""Mytikas""]","[0.8000496625900269, 0.4976710081100464, 0.4777597188949585, 0.4201451539993286, 0.3408582806587219]"
4,centroid,1,514,Velorum,Velorum,"[""Velorum"", ""Ilias"", ""Nivalis"", ""Triton"", ""Mytikas""]","[0.9360415935516357, 0.46567782759666443, 0.35950320959091187, 0.35069650411605835, 0.30413246154785156]"
4,centroid,1,515,Velorum,Velorum,"[""Velorum"", ""Ilias"", ""Triton"", ""Denom"", ""Castor""]","[0.808261513710022, 0.5772219896316528, 0.5336077213287354, 0.4267350435256958, 0.32874271273612976]"
4,centroid,1,516,Velorum,Velorum,"[""Velorum"", ""Ilias"", ""Triton"", ""Nivalis"", ""Mytikas""]","[0.8939844965934753, 0.6473384499549866, 0.48732611536979675, 0.40119123458862305, 0.38449034094810486]"
4,centroid,1,517,Velorum,Velorum,"[""Velorum"", ""Ilias"", ""Denom"", ""Ratikon"", ""Trius""]","[0.8980685472488403, 0.6724828481674194, 0.4715130031108856, 0.37458640336990356, 0.3444516658782959]"
4,centroid,1,518,Velorum,Trius,"[""Trius"", ""Triton"", ""Mytikas"", ""Alaris"", ""Velorum""]","[0.7032861709594727, 0.4400065541267395, 0.4224478602409363, 0.41032034158706665, 0.40211382508277893]"
4,centroid,1,519,Velorum,Velorum,"[""Velorum"", ""Ilias"", ""Denom"", ""Nivalis"", ""Triton""]","[0.9594143629074097, 0.4986044466495514, 0.4423133134841919, 0.35388001799583435, 0.22490400075912476]"
4,centroid,1,520,Velorum,Velorum,"[""Velorum"", ""Ilias"", ""Denom"", ""Trius"", ""Triton""]","[0.8926581740379333, 0.5794471502304077, 0.39723122119903564, 0.38453176617622375, 0.37256866693496704]"
4,centroid,1,521,Velorum,Velorum,"[""Velorum"", ""Ilias"", ""Triton"", ""Mytikas"", ""Alcatras""]","[0.8871359825134277, 0.6237722039222717, 0.5173670053482056, 0.4434238076210022, 0.3603206276893616]"
4,centroid,1,522,Velorum,Velorum,"[""Velorum"", ""Nivalis"", ""Ilias"", ""Mytikas"", ""Triton""]","[0.7509212493896484, 0.5294125080108643, 0.4855300188064575, 0.3856777846813202, 0.37834709882736206]"
4,centroid,1,523,Velorum,Velorum,"[""Velorum"", ""Trius"", ""Triton"", ""Mytikas"", ""Castor""]","[0.800560712814331, 0.583975076675415, 0.5498343706130981, 0.45866477489471436, 0.35236090421676636]"
4,centroid,1,524,Velorum,Velorum,"[""Velorum"", ""Ilias"", ""Triton"", ""Mytikas"", ""Nivalis""]","[0.7585384249687195, 0.6032981872558594, 0.5179325938224792, 0.4527990520000458, 0.4341237545013428]"
4,centroid,1,525,Velorum,Denom,"[""Denom"", ""Velorum"", ""Ilias"", ""Ratikon"", ""Nivalis""]","[0.7836645245552063, 0.7833480834960938, 0.6459659337997437, 0.6010723114013672, 0.588925838470459]"
4,centroid,1,526,Velorum,Velorum,"[""Velorum"", ""Ilias"", ""Denom"", ""Nivalis"", ""Ratikon""]","[0.8925034999847412, 0.5629676580429077, 0.5229923725128174, 0.3902486562728882, 0.373094379901886]"
4,centroid,1,527,Velorum,Velorum,"[""Velorum"", ""Denom"", ""Nivalis"", ""Ilias"", ""Ratikon""]","[0.9465131759643555, 0.5866619348526001, 0.5407015085220337, 0.49990010261535645, 0.3627912402153015]"
4,centroid,1,528,Velorum,Velorum,"[""Velorum"", ""Denom"", ""Ilias"", ""Nivalis"", ""Trius""]","[0.8965401649475098, 0.6544208526611328, 0.5846024751663208, 0.4770973026752472, 0.3985216021537781]"
4,centroid,1,529,Velorum,Velorum,"[""Velorum"", ""Ilias"", ""Denom"", ""Ratikon"", ""Nivalis""]","[0.8542102575302124, 0.7585763335227966, 0.5362191200256348, 0.4425802230834961, 0.4404507279396057]"
4,centroid,1,530,Velorum,Velorum,"[""Velorum"", ""Ilias"", ""Denom"", ""Nivalis"", ""Ratikon""]","[0.9528932571411133, 0.5597648024559021, 0.42753809690475464, 0.4100527763366699, 0.30461132526397705]"
4,centroid,1,531,Velorum,Velorum,"[""Velorum"", ""Ilias"", ""Triton"", ""Mytikas"", ""Trius""]","[0.8821731209754944, 0.6287102699279785, 0.39452919363975525, 0.34359103441238403, 0.34091636538505554]"
4,centroid,1,532,Velorum,Velorum,"[""Velorum"", ""Ilias"", ""Denom"", ""Nivalis"", ""Triton""]","[0.9100556373596191, 0.5776900053024292, 0.47535622119903564, 0.4194750487804413, 0.32370424270629883]"
4,centroid,1,533,Velorum,Velorum,"[""Velorum"", ""Triton"", ""Castor"", ""Ilias"", ""Mytikas""]","[0.8460369110107422, 0.5202110409736633, 0.32599446177482605, 0.3255997896194458, 0.32473641633987427]"
4,centroid,1,534,Velorum,Velorum,"[""Velorum"", ""Ilias"", ""Denom"", ""Nivalis"", ""Ratikon""]","[0.8159241080284119, 0.598190426826477, 0.548097550868988, 0.4300004839897156, 0.3917531967163086]"
4,centroid,1,535,Velorum,Alcatras,"[""Alcatras"", ""Velorum"", ""Castor"", ""Triton"", ""Mytikas""]","[0.6129931807518005, 0.4473050534725189, 0.4134852886199951, 0.40919244289398193, 0.3321530222892761]"
4,centroid,1,536,Velorum,Velorum,"[""Velorum"", ""Ilias"", ""Denom"", ""Triton"", ""Alcatras""]","[0.8982662558555603, 0.521487295627594, 0.33117908239364624, 0.29412734508514404, 0.27751827239990234]"
4,centroid,1,537,Velorum,Velorum,"[""Velorum"", ""Denom"", ""Ilias"", ""Ratikon"", ""Nivalis""]","[0.7779425382614136, 0.596454918384552, 0.5691616535186768, 0.4950103759765625, 0.4750204086303711]"
4,centroid,1,538,Velorum,Velorum,"[""Velorum"", ""Denom"", ""Ilias"", ""Ratikon"", ""Nivalis""]","[0.8084661364555359, 0.6213211417198181, 0.6148854494094849, 0.5446627736091614, 0.5319246053695679]"
4,centroid,1,539,Velorum,Velorum,"[""Velorum"", ""Nivalis"", ""Ilias"", ""Triton"", ""Mytikas""]","[0.7923619747161865, 0.4917410612106323, 0.43951818346977234, 0.42108583450317383, 0.40327635407447815]"
4,centroid,1,540,Velorum,Velorum,"[""Velorum"", ""Ilias"", ""Triton"", ""Nivalis"", ""Denom""]","[0.9303039312362671, 0.5000792741775513, 0.3517092764377594, 0.3177003264427185, 0.28677013516426086]"
4,centroid,1,541,Velorum,Velorum,"[""Velorum"", ""Ilias"", ""Nivalis"", ""Triton"", ""Denom""]","[0.92963707447052, 0.6153789758682251, 0.43744567036628723, 0.3882828950881958, 0.37355712056159973]"
4,centroid,1,542,Velorum,Velorum,"[""Velorum"", ""Ilias"", ""Denom"", ""Nivalis"", ""Ratikon""]","[0.9219740629196167, 0.4753621518611908, 0.44607841968536377, 0.35560178756713867, 0.29700496792793274]"
4,centroid,1,543,Velorum,Velorum,"[""Velorum"", ""Nivalis"", ""Denom"", ""Ilias"", ""Ratikon""]","[0.8708215951919556, 0.6090392470359802, 0.48822230100631714, 0.42981863021850586, 0.35916846990585327]"
4,centroid,1,544,Velorum,Velorum,"[""Velorum"", ""Ilias"", ""Triton"", ""Castor"", ""Denom""]","[0.9475643038749695, 0.3877009451389313, 0.3278658986091614, 0.3090607523918152, 0.30186179280281067]"
4,centroid,1,545,Velorum,Velorum,"[""Velorum"", ""Ilias"", ""Triton"", ""Trius"", ""Mytikas""]","[0.8700587749481201, 0.4630948603153229, 0.4151628315448761, 0.2825731039047241, 0.2521231770515442]"
4,centroid,1,546,Velorum,Velorum,"[""Velorum"", ""Denom"", ""Ilias"", ""Nivalis"", ""Triton""]","[0.9691832065582275, 0.48684847354888916, 0.4684349298477173, 0.4206593632698059, 0.23181894421577454]"
4,centroid,1,547,Velorum,Velorum,"[""Velorum"", ""Ilias"", ""Denom"", ""Triton"", ""Nivalis""]","[0.9120127558708191, 0.5257320404052734, 0.517608642578125, 0.41855084896087646, 0.39163893461227417]"
4,centroid,1,548,Velorum,Velorum,"[""Velorum"", ""Nivalis"", ""Denom"", ""Ilias"", ""Ratikon""]","[0.9208170175552368, 0.5144601464271545, 0.5054347515106201, 0.3057621717453003, 0.21027684211730957]"
4,centroid,1,549,Velorum,Velorum,"[""Velorum"", ""Trius"", ""Ilias"", ""Triton"", ""Mytikas""]","[0.7881103754043579, 0.5169323682785034, 0.51442551612854, 0.49782514572143555, 0.3092205822467804]"
4,centroid,1,550,Velorum,Velorum,"[""Velorum"", ""Denom"", ""Ilias"", ""Nivalis"", ""Ratikon""]","[0.9047689437866211, 0.5274695158004761, 0.5114282369613647, 0.49588900804519653, 0.2614937424659729]"
4,centroid,1,551,Velorum,Velorum,"[""Velorum"", ""Ilias"", ""Triton"", ""Trius"", ""Denom""]","[0.92557692527771, 0.4712978005409241, 0.40133148431777954, 0.38170522451400757, 0.38016313314437866]"
4,centroid,1,552,Velorum,Velorum,"[""Velorum"", ""Ilias"", ""Triton"", ""Mytikas"", ""Alcatras""]","[0.8399823904037476, 0.5342423319816589, 0.4143878221511841, 0.38987958431243896, 0.3241657614707947]"
4,centroid,1,553,Velorum,Velorum,"[""Velorum"", ""Ilias"", ""Denom"", ""Ratikon"", ""Nivalis""]","[0.7984565496444702, 0.580303430557251, 0.47330692410469055, 0.3909089267253876, 0.3726504445075989]"
4,centroid,1,554,Velorum,Velorum,"[""Velorum"", ""Ilias"", ""Triton"", ""Mytikas"", ""Denom""]","[0.8806540966033936, 0.6289446949958801, 0.42323410511016846, 0.3156301975250244, 0.272693932056427]"
4,centroid,1,555,Velorum,Velorum,"[""Velorum"", ""Triton"", ""Ilias"", ""Alcatras"", ""Castor""]","[0.798164427280426, 0.5593022704124451, 0.5097500085830688, 0.4219149351119995, 0.39177221059799194]"
4,centroid,1,556,Velorum,Velorum,"[""Velorum"", ""Ilias"", ""Triton"", ""Nivalis"", ""Mytikas""]","[0.8808358907699585, 0.5384466648101807, 0.4739987850189209, 0.3098863363265991, 0.2853160500526428]"
4,centroid,1,557,Velorum,Velorum,"[""Velorum"", ""Ilias"", ""Nivalis"", ""Denom"", ""Triton""]","[0.9248217344284058, 0.5128401517868042, 0.37054216861724854, 0.34235280752182007, 0.26281073689460754]"
4,centroid,1,558,Velorum,Velorum,"[""Velorum"", ""Ilias"", ""Triton"", ""Trius"", ""Denom""]","[0.9183427095413208, 0.49599987268447876, 0.36805468797683716, 0.3431646227836609, 0.33915966749191284]"
4,centroid,1,559,Velorum,Velorum,"[""Velorum"", ""Ilias"", ""Denom"", ""Nivalis"", ""Triton""]","[0.9247040152549744, 0.6014240980148315, 0.5191094875335693, 0.4857361316680908, 0.39335575699806213]"
4,centroid,1,560,Velorum,Velorum,"[""Velorum"", ""Ilias"", ""Nivalis"", ""Denom"", ""Triton""]","[0.9692484736442566, 0.5376324653625488, 0.4126806855201721, 0.40842145681381226, 0.3380196690559387]"
4,centroid,1,561,Velorum,Velorum,"[""Velorum"", ""Ilias"", ""Nivalis"", ""Denom"", ""Ratikon""]","[0.7821029424667358, 0.6554176807403564, 0.5822975635528564, 0.4939536452293396, 0.48230046033859253]"
4,centroid,1,562,Velorum,Velorum,"[""Velorum"", ""Denom"", ""Ilias"", ""Trius"", ""Ratikon""]","[0.8169897198677063, 0.6532512307167053, 0.6450724601745605, 0.5072361826896667, 0.5048319697380066]"
4,centroid,1,563,Xtreme,Xtreme,"[""Xtreme"", ""Gemini"", ""Steel_Wheel"", ""Triton"", ""Braga""]","[0.8954046964645386, 0.3711853623390198, 0.17274020612239838, 0.07296556979417801, 0.04367663711309433]"
4,centroid,1,564,Xtreme,Xtreme,"[""Xtreme"", ""Velorum"", ""Triton"", ""Gemini"", ""Braga""]","[0.7863733172416687, 0.20126554369926453, 0.16828840970993042, 0.11030441522598267, 0.1009790226817131]"
4,centroid,1,565,Xtreme,Xtreme,"[""Xtreme"", ""Gemini"", ""Nivalis"", ""Ilias"", ""Steel_Wheel""]","[0.9678215980529785, 0.37635108828544617, 0.06783588975667953, 0.0661662295460701, 0.05684750899672508]"
4,centroid,1,566,Xtreme,Xtreme,"[""Xtreme"", ""Gemini"", ""Ilias"", ""Steel_Wheel"", ""Velorum""]","[0.929334282875061, 0.3430721163749695, 0.14715315401554108, 0.10874402523040771, 0.10832419991493225]"
4,centroid,1,567,Xtreme,Xtreme,"[""Xtreme"", ""Gemini"", ""Denom"", ""Nivalis"", ""Trius""]","[0.7515965700149536, 0.35700103640556335, 0.27046167850494385, 0.18534623086452484, 0.07934265583753586]"
4,centroid,1,568,Xtreme,Xtreme,"[""Xtreme"", ""Gemini"", ""Ilias"", ""Nivalis"", ""Triton""]","[0.9166658520698547, 0.4476601481437683, 0.24899771809577942, 0.20463290810585022, 0.19127818942070007]"
4,centroid,1,569,Xtreme,Xtreme,"[""Xtreme"", ""Gemini"", ""Steel_Wheel"", ""Nivalis"", ""Ilias""]","[0.9202302694320679, 0.5511311292648315, 0.21721579134464264, -0.002528959885239601, -0.0166314784437418]"
4,centroid,1,570,Xtreme,Xtreme,"[""Xtreme"", ""Gemini"", ""Nivalis"", ""Steel_Wheel"", ""Denom""]","[0.9507609009742737, 0.40922820568084717, 0.10847184807062149, 0.0353877991437912, 0.028120767325162888]"
4,centroid,1,571,Xtreme,Xtreme,"[""Xtreme"", ""Gemini"", ""Steel_Wheel"", ""Nivalis"", ""Ilias""]","[0.7952179312705994, 0.5411477088928223, 0.25004687905311584, 0.08531324565410614, 0.03454937785863876]"
4,centroid,1,572,Xtreme,Xtreme,"[""Xtreme"", ""Gemini"", ""Ilias"", ""Nivalis"", ""Denom""]","[0.9647256135940552, 0.29155275225639343, 0.11312121152877808, 0.09320047497749329, 0.05909305438399315]"
4,centroid,1,573,Xtreme,Xtreme,"[""Xtreme"", ""Mytikas"", ""Gemini"", ""Triton"", ""Trius""]","[0.5985544919967651, 0.4613112807273865, 0.44219970703125, 0.34321361780166626, 0.29198798537254333]"
4,centroid,1,574,Xtreme,Xtreme,"[""Xtreme"", ""Gemini"", ""Steel_Wheel"", ""Ilias"", ""Denom""]","[0.9221961498260498, 0.29713189601898193, 0.1272241175174713, 0.11050901561975479, 0.10697193443775177]"
4,centroid,1,575,Xtreme,Xtreme,"[""Xtreme"", ""Gemini"", ""Ilias"", ""Steel_Wheel"", ""Nivalis""]","[0.9369033575057983, 0.37512409687042236, 0.20214152336120605, 0.1272769719362259, 0.0956704393029213]"
4,centroid,1,576,Xtreme,Xtreme,"[""Xtreme"", ""Gemini"", ""Hawk"", ""Steel_Wheel"", ""Braga""]","[0.8838871121406555, 0.3120969831943512, 0.18941108882427216, 0.09818461537361145, -0.0013115070760250092]"
4,centroid,1,577,Xtreme,Xtreme,"[""Xtreme"", ""Gemini"", ""Braga"", ""Triton"", ""Ilias""]","[0.8919486999511719, 0.5508522391319275, 0.17929448187351227, 0.1382814347743988, 0.09894600510597229]"
4,centroid,1,578,Xtreme,Xtreme,"[""Xtreme"", ""Braga"", ""Castor"", ""Triton"", ""Mytikas""]","[0.5540168285369873, 0.4559251070022583, 0.38506263494491577, 0.35866108536720276, 0.28817522525787354]"
4,centroid,1,579,Xtreme,Xtreme,"[""Xtreme"", ""Mytikas"", ""Gemini"", ""Triton"", ""Castor""]","[0.7151354551315308, 0.3698124885559082, 0.3434922695159912, 0.2311774492263794, 0.12484723329544067]"
4,centroid,1,580,Xtreme,Xtreme,"[""Xtreme"", ""Gemini"", ""Hawk"", ""Mytikas"", ""Braga""]","[0.7351963520050049, 0.27545106410980225, 0.25455936789512634, 0.1439189612865448, 0.1296410858631134]"
4,centroid,1,581,Xtreme,Xtreme,"[""Xtreme"", ""Gemini"", ""Mytikas"", ""Braga"", ""Ilias""]","[0.8978867530822754, 0.5387272238731384, 0.14366012811660767, 0.1387670785188675, 0.12013788521289825]"
4,centroid,1,582,Xtreme,Xtreme,"[""Xtreme"", ""Gemini"", ""Velorum"", ""Ilias"", ""Steel_Wheel""]","[0.9445935487747192, 0.21435928344726562, 0.11968259513378143, 0.11088089644908905, 0.08715188503265381]"
4,centroid,1,583,Xtreme,Xtreme,"[""Xtreme"", ""Gemini"", ""Nivalis"", ""Ilias"", ""Denom""]","[0.9778853058815002, 0.4784119725227356, 0.08518440276384354, 0.07524384558200836, 0.055158041417598724]"
4,centroid,1,584,Xtreme,Xtreme,"[""Xtreme"", ""Gemini"", ""Nivalis"", ""Ilias"", ""Denom""]","[0.9558520317077637, 0.3335084319114685, 0.14703094959259033, 0.122177354991436, 0.08111841231584549]"
4,centroid,1,585,Xtreme,Xtreme,"[""Xtreme"", ""Gemini"", ""Ilias"", ""Braga"", ""Triton""]","[0.9424237012863159, 0.32706499099731445, 0.04472353681921959, 0.034921858459711075, -0.0026860274374485016]"
4,centroid,1,586,Xtreme,Xtreme,"[""Xtreme"", ""Gemini"", ""Steel_Wheel"", ""Braga"", ""Denom""]","[0.8994604349136353, 0.41528600454330444, 0.07428636401891708, 0.02773933857679367, 0.004635046236217022]"
4,centroid,1,587,Xtreme,Xtreme,"[""Xtreme"", ""Gemini"", ""Nivalis"", ""Triton"", ""Ilias""]","[0.8231278657913208, 0.5309431552886963, 0.33575984835624695, 0.23005923628807068, 0.18073682487010956]"
4,centroid,1,588,Xtreme,Xtreme,"[""Xtreme"", ""Gemini"", ""Steel_Wheel"", ""Mytikas"", ""Velorum""]","[0.9466781616210938, 0.3407198190689087, 0.1305389404296875, -0.04705516993999481, -0.04945170506834984]"
4,centroid,1,589,Xtreme,Xtreme,"[""Xtreme"", ""Gemini"", ""Steel_Wheel"", ""Nivalis"", ""Ilias""]","[0.9671149849891663, 0.4391084313392639, 0.0778086856007576, 0.05905397981405258, 0.018430162221193314]"
4,centroid,1,590,Xtreme,Xtreme,"[""Xtreme"", ""Gemini"", ""Steel_Wheel"", ""Velorum"", ""Ilias""]","[0.9274868965148926, 0.2075953334569931, 0.10727976262569427, 0.10403300821781158, 0.09154437482357025]"
4,centroid,1,591,Xtreme,Xtreme,"[""Xtreme"", ""Gemini"", ""Nivalis"", ""Denom"", ""Ilias""]","[0.9403391480445862, 0.33994147181510925, 0.21686074137687683, 0.14560741186141968, 0.13178956508636475]"
4,centroid,1,592,Xtreme,Xtreme,"[""Xtreme"", ""Gemini"", ""Ilias"", ""Steel_Wheel"", ""Nivalis""]","[0.9504091739654541, 0.3760605752468109, 0.033776670694351196, 0.032081589102745056, -0.008905477821826935]"
4,centroid,1,593,Xtreme,Xtreme,"[""Xtreme"", ""Gemini"", ""Triton"", ""Braga"", ""Mytikas""]","[0.8573733568191528, 0.38967233896255493, 0.16882368922233582, 0.13216371834278107, 0.06434279680252075]"
4,centroid,1,594,Xtreme,Xtreme,"[""Xtreme"", ""Gemini"", ""Nivalis"", ""Steel_Wheel"", ""Ilias""]","[0.9684506058692932, 0.31669023633003235, 0.10664732754230499, 0.0773555189371109, 0.04739677906036377]"
4,centroid,1,595,Xtreme,Xtreme,"[""Xtreme"", ""Gemini"", ""Hawk"", ""Braga"", ""Vega""]","[0.8602750301361084, 0.5512959957122803, 0.24347521364688873, 0.19767393171787262, 0.03262591361999512]"
4,centroid,1,596,Xtreme,Xtreme,"[""Xtreme"", ""Gemini"", ""Hawk"", ""Steel_Wheel"", ""Ilias""]","[0.9086028933525085, 0.5229283571243286, 0.09138026088476181, -0.0005895392969250679, -0.04842006415128708]"
4,centroid,1,597,Xtreme,Xtreme,"[""Xtreme"", ""Ilias"", ""Gemini"", ""Nivalis"", ""Velorum""]","[0.8709681034088135, 0.21146264672279358, 0.20686906576156616, 0.14807893335819244, 0.09360740333795547]"
4,centroid,1,598,Xtreme,Xtreme,"[""Xtreme"", ""Gemini"", ""Nivalis"", ""Steel_Wheel"", ""Ilias""]","[0.9116854667663574, 0.5296236276626587, 0.09385526925325394, 0.0800633504986763, 0.07665812224149704]"
4,centroid,1,599,Xtreme,Xtreme,"[""Xtreme"", ""Gemini"", ""Denom"", ""Nivalis"", ""Steel_Wheel""]","[0.7981650829315186, 0.4033666253089905, 0.21026316285133362, 0.1566917449235916, 0.03028322197496891]"
4,centroid,1,600,Xtreme,Xtreme,"[""Xtreme"", ""Gemini"", ""Ilias"", ""Velorum"", ""Triton""]","[0.8921526074409485, 0.2357477843761444, 0.22605803608894348, 0.1862151324748993, 0.17358028888702393]"
