fold,retrieval_mode,topn,query_index,true_label,top1_predicted_label,top_k_labels,top_k_scores
0,centroid,1,0,Alaris,Alaris,"[""Alaris"", ""Alcatras"", ""Braga"", ""Hawk"", ""Trius""]","[0.7785394191741943, 0.7282630205154419, 0.6707502603530884, 0.5638526678085327, 0.5343175530433655]"
0,centroid,1,1,Alaris,Alaris,"[""Alaris"", ""Alcatras"", ""Trius"", ""Triton"", ""Turbine""]","[0.8878101706504822, 0.7010905742645264, 0.6997842788696289, 0.5475758910179138, 0.5407608151435852]"
0,centroid,1,2,Alaris,Alcatras,"[""Alcatras"", ""Castor"", ""Alaris"", ""Braga"", ""Trius""]","[0.8701396584510803, 0.7527281045913696, 0.710212767124176, 0.6113683581352234, 0.6014249324798584]"
0,centroid,1,3,Alaris,Alaris,"[""Alaris"", ""Hawk"", ""Alcatras"", ""Turbine"", ""Braga""]","[0.6076475381851196, 0.4077622890472412, 0.399951308965683, 0.3075312077999115, 0.27146005630493164]"
0,centroid,1,4,Alaris,Alaris,"[""Alaris"", ""Alcatras"", ""Vega"", ""Trius"", ""Hawk""]","[0.9109994173049927, 0.6178150177001953, 0.42056578397750854, 0.39176174998283386, 0.36283713579177856]"
0,centroid,1,5,Alaris,Alaris,"[""Alaris"", ""Alcatras"", ""Braga"", ""Trius"", ""Turbine""]","[0.909186840057373, 0.8156110048294067, 0.6092581748962402, 0.5960646867752075, 0.5646117329597473]"
0,centroid,1,6,Alaris,Alaris,"[""Alaris"", ""Trius"", ""Alcatras"", ""Vega"", ""Turbine""]","[0.8734459280967712, 0.5757567882537842, 0.5729065537452698, 0.5370267629623413, 0.513285756111145]"
0,centroid,1,7,Alaris,Alaris,"[""Alaris"", ""Alcatras"", ""Vega"", ""Trius"", ""Hawk""]","[0.9040334224700928, 0.562218427658081, 0.4520327150821686, 0.41966938972473145, 0.35902130603790283]"
0,centroid,1,8,Alaris,Braga,"[""Braga"", ""Alcatras"", ""Alaris"", ""Trius"", ""Turbine""]","[0.8113601207733154, 0.7839940786361694, 0.7835432291030884, 0.6165326833724976, 0.43273377418518066]"
0,centroid,1,9,Alaris,Alaris,"[""Alaris"", ""Alcatras"", ""Trius"", ""Braga"", ""Castor""]","[0.9087282419204712, 0.8234306573867798, 0.5637753009796143, 0.4572148621082306, 0.4440889358520508]"
0,centroid,1,10,Alaris,Alaris,"[""Alaris"", ""Alcatras"", ""Trius"", ""Braga"", ""Turbine""]","[0.8712843656539917, 0.7896201014518738, 0.6766505241394043, 0.6642046570777893, 0.600957989692688]"
0,centroid,1,11,Alaris,Alcatras,"[""Alcatras"", ""Alaris"", ""Braga"", ""Castor"", ""Trius""]","[0.8950352668762207, 0.6690022945404053, 0.6038014888763428, 0.5463944673538208, 0.44413596391677856]"
0,centroid,1,12,Alaris,Alcatras,"[""Alcatras"", ""Trius"", ""Mytikas"", ""Castor"", ""Triton""]","[0.6838058829307556, 0.6177219152450562, 0.6125688552856445, 0.6078075766563416, 0.594096302986145]"
0,centroid,1,13,Alaris,Braga,"[""Braga"", ""Hawk"", ""Alcatras"", ""Castor"", ""Alaris""]","[0.6734305620193481, 0.5895048975944519, 0.57224440574646, 0.5516399145126343, 0.4767168462276459]"
0,centroid,1,14,Alaris,Triton,"[""Triton"", ""Alcatras"", ""Mytikas"", ""Braga"", ""Trius""]","[0.7243624925613403, 0.720329999923706, 0.7097786664962769, 0.7066446542739868, 0.6668369174003601]"
0,centroid,1,15,Alaris,Alaris,"[""Alaris"", ""Alcatras"", ""Braga"", ""Trius"", ""Hawk""]","[0.8593058586120605, 0.8310624361038208, 0.469000905752182, 0.44313710927963257, 0.4379657208919525]"
0,centroid,1,16,Alaris,Alaris,"[""Alaris"", ""Alcatras"", ""Trius"", ""Turbine"", ""Triton""]","[0.9163647890090942, 0.7188470363616943, 0.5914645195007324, 0.5390480756759644, 0.49339497089385986]"
0,centroid,1,17,Alaris,Alaris,"[""Alaris"", ""Trius"", ""Braga"", ""Triton"", ""Turbine""]","[0.774404764175415, 0.6906322240829468, 0.6212788820266724, 0.5984321236610413, 0.5672880411148071]"
0,centroid,1,18,Alaris,Alaris,"[""Alaris"", ""Alcatras"", ""Turbine"", ""Trius"", ""Braga""]","[0.9081050753593445, 0.6970409154891968, 0.45523902773857117, 0.4333746135234833, 0.3480120897293091]"
0,centroid,1,19,Alaris,Alaris,"[""Alaris"", ""Alcatras"", ""Braga"", ""Trius"", ""Hawk""]","[0.7691538333892822, 0.7289421558380127, 0.642235279083252, 0.6091564893722534, 0.473818838596344]"
0,centroid,1,20,Alaris,Braga,"[""Braga"", ""Alcatras"", ""Trius"", ""Alaris"", ""Triton""]","[0.7125163078308105, 0.7072098255157471, 0.6914674043655396, 0.6702784299850464, 0.36639413237571716]"
0,centroid,1,21,Alaris,Alaris,"[""Alaris"", ""Vega"", ""Trius"", ""Alcatras"", ""Turbine""]","[0.7644973397254944, 0.5867912173271179, 0.5090473294258118, 0.44548389315605164, 0.32416993379592896]"
0,centroid,1,22,Alaris,Alaris,"[""Alaris"", ""Trius"", ""Alcatras"", ""Braga"", ""Triton""]","[0.7804638743400574, 0.7579485177993774, 0.6196181178092957, 0.5757246613502502, 0.5522364377975464]"
0,centroid,1,23,Alaris,Trius,"[""Trius"", ""Mytikas"", ""Alaris"", ""Turbine"", ""Vega""]","[0.6274665594100952, 0.6119515895843506, 0.5986588597297668, 0.5908538103103638, 0.5647972822189331]"
0,centroid,1,24,Alaris,Alaris,"[""Alaris"", ""Alcatras"", ""Trius"", ""Vega"", ""Triton""]","[0.8248738646507263, 0.5788596272468567, 0.44540441036224365, 0.19712363183498383, 0.17840319871902466]"
0,centroid,1,25,Alaris,Alaris,"[""Alaris"", ""Alcatras"", ""Turbine"", ""Trius"", ""Vega""]","[0.8867911100387573, 0.6500980854034424, 0.5291501879692078, 0.4895525276660919, 0.4178045392036438]"
0,centroid,1,26,Alaris,Alaris,"[""Alaris"", ""Trius"", ""Turbine"", ""Alcatras"", ""Vega""]","[0.8799653053283691, 0.6189413666725159, 0.5404574871063232, 0.5296378135681152, 0.46626415848731995]"
0,centroid,1,27,Alaris,Alaris,"[""Alaris"", ""Vega"", ""Alcatras"", ""Turbine"", ""Hawk""]","[0.7818058729171753, 0.570980429649353, 0.567224383354187, 0.38602563738822937, 0.3045520484447479]"
0,centroid,1,28,Alcatras,Alcatras,"[""Alcatras"", ""Braga"", ""Alaris"", ""Castor"", ""Trius""]","[0.8770893216133118, 0.6175564527511597, 0.5936618447303772, 0.5597220659255981, 0.4054093360900879]"
0,centroid,1,29,Alcatras,Alcatras,"[""Alcatras"", ""Trius"", ""Alaris"", ""Castor"", ""Braga""]","[0.7872418761253357, 0.7596193552017212, 0.6034281253814697, 0.5328508615493774, 0.5223169326782227]"
0,centroid,1,30,Alcatras,Alcatras,"[""Alcatras"", ""Alaris"", ""Castor"", ""Trius"", ""Hawk""]","[0.8451154232025146, 0.7166306376457214, 0.42090094089508057, 0.3318050801753998, 0.32958370447158813]"
0,centroid,1,31,Alcatras,Alcatras,"[""Alcatras"", ""Alaris"", ""Turbine"", ""Castor"", ""Trius""]","[0.7454404830932617, 0.7086622714996338, 0.6483190059661865, 0.6239506006240845, 0.4122301936149597]"
0,centroid,1,32,Alcatras,Alcatras,"[""Alcatras"", ""Alaris"", ""Castor"", ""Braga"", ""Hawk""]","[0.8854995965957642, 0.7270839214324951, 0.48915746808052063, 0.47873204946517944, 0.42952948808670044]"
0,centroid,1,33,Alcatras,Castor,"[""Castor"", ""Alcatras"", ""Turbine"", ""Trius"", ""Alaris""]","[0.8229447603225708, 0.7642764449119568, 0.6132357120513916, 0.6096307039260864, 0.5546190738677979]"
0,centroid,1,34,Alcatras,Alcatras,"[""Alcatras"", ""Alaris"", ""Castor"", ""Braga"", ""Trius""]","[0.941143274307251, 0.7751340866088867, 0.6690407991409302, 0.5795717239379883, 0.5644707679748535]"
0,centroid,1,35,Alcatras,Alcatras,"[""Alcatras"", ""Alaris"", ""Braga"", ""Hawk"", ""Trius""]","[0.7517215013504028, 0.5447372198104858, 0.4728020131587982, 0.4510475993156433, 0.3754417300224304]"
0,centroid,1,36,Alcatras,Alaris,"[""Alaris"", ""Turbine"", ""Alcatras"", ""Vega"", ""Hawk""]","[0.7615193724632263, 0.6763380169868469, 0.6658527851104736, 0.5419620275497437, 0.4388662576675415]"
0,centroid,1,37,Alcatras,Alcatras,"[""Alcatras"", ""Castor"", ""Braga"", ""Alaris"", ""Trius""]","[0.8605683445930481, 0.7234336137771606, 0.6912558078765869, 0.5926660299301147, 0.5778290033340454]"
0,centroid,1,38,Alcatras,Alcatras,"[""Alcatras"", ""Alaris"", ""Castor"", ""Hawk"", ""Braga""]","[0.8284382224082947, 0.6183624267578125, 0.47446316480636597, 0.4229942560195923, 0.3338000178337097]"
0,centroid,1,39,Alcatras,Alcatras,"[""Alcatras"", ""Alaris"", ""Turbine"", ""Castor"", ""Braga""]","[0.8364130258560181, 0.7953726649284363, 0.6028323173522949, 0.552680253982544, 0.5470569133758545]"
0,centroid,1,40,Alcatras,Alcatras,"[""Alcatras"", ""Castor"", ""Mytikas"", ""Braga"", ""Triton""]","[0.7806415557861328, 0.5946309566497803, 0.4994856119155884, 0.4764900505542755, 0.4663700461387634]"
0,centroid,1,41,Alcatras,Alcatras,"[""Alcatras"", ""Braga"", ""Alaris"", ""Trius"", ""Castor""]","[0.9258501529693604, 0.7050973773002625, 0.6923717260360718, 0.634631872177124, 0.6305414438247681]"
0,centroid,1,42,Alcatras,Castor,"[""Castor"", ""Alcatras"", ""Mytikas"", ""Turbine"", ""Triton""]","[0.7917700409889221, 0.7027262449264526, 0.5912687182426453, 0.5805493593215942, 0.5401297807693481]"
0,centroid,1,43,Alcatras,Triton,"[""Triton"", ""Castor"", ""Trius"", ""Turbine"", ""Mytikas""]","[0.7142272591590881, 0.7103744745254517, 0.6829261779785156, 0.6818772554397583, 0.6197549700737]"
0,centroid,1,44,Alcatras,Castor,"[""Castor"", ""Alcatras"", ""Alaris"", ""Trius"", ""Turbine""]","[0.7426338791847229, 0.7330056428909302, 0.6836696863174438, 0.6673276424407959, 0.5641932487487793]"
0,centroid,1,45,Alcatras,Braga,"[""Braga"", ""Castor"", ""Triton"", ""Alcatras"", ""Trius""]","[0.7744028568267822, 0.7197349667549133, 0.7107677459716797, 0.6932783126831055, 0.6868883967399597]"
0,centroid,1,46,Alcatras,Alcatras,"[""Alcatras"", ""Alaris"", ""Castor"", ""Mytikas"", ""Turbine""]","[0.6803725957870483, 0.6324700117111206, 0.5919221639633179, 0.5513107776641846, 0.5298922061920166]"
0,centroid,1,47,Alcatras,Alcatras,"[""Alcatras"", ""Alaris"", ""Braga"", ""Castor"", ""Mytikas""]","[0.9001132249832153, 0.7099006175994873, 0.6917163133621216, 0.5748494863510132, 0.5077171325683594]"
0,centroid,1,48,Alcatras,Alcatras,"[""Alcatras"", ""Alaris"", ""Braga"", ""Castor"", ""Trius""]","[0.9300854802131653, 0.6717672944068909, 0.615889310836792, 0.6098705530166626, 0.582061231136322]"
0,centroid,1,49,Alcatras,Alcatras,"[""Alcatras"", ""Alaris"", ""Castor"", ""Hawk"", ""Braga""]","[0.8675922751426697, 0.6631193161010742, 0.4730510115623474, 0.39673617482185364, 0.37837594747543335]"
0,centroid,1,50,Alcatras,Alcatras,"[""Alcatras"", ""Braga"", ""Castor"", ""Mytikas"", ""Trius""]","[0.8474750518798828, 0.7655787467956543, 0.7322391867637634, 0.7306786179542542, 0.7165602445602417]"
0,centroid,1,51,Alcatras,Alaris,"[""Alaris"", ""Alcatras"", ""Hawk"", ""Turbine"", ""Mytikas""]","[0.6117197275161743, 0.4977303147315979, 0.48712682723999023, 0.17011892795562744, 0.16075459122657776]"
0,centroid,1,52,Alcatras,Alcatras,"[""Alcatras"", ""Braga"", ""Castor"", ""Mytikas"", ""Trius""]","[0.7381117939949036, 0.6368157267570496, 0.5732758045196533, 0.5544343590736389, 0.5320770740509033]"
0,centroid,1,53,Alcatras,Alcatras,"[""Alcatras"", ""Alaris"", ""Braga"", ""Hawk"", ""Mytikas""]","[0.7719710469245911, 0.5694130659103394, 0.5432473421096802, 0.531771183013916, 0.44183534383773804]"
0,centroid,1,54,Braga,Braga,"[""Braga"", ""Turbine"", ""Alcatras"", ""Hawk"", ""Trius""]","[0.9303914308547974, 0.5992803573608398, 0.5163943767547607, 0.4880445599555969, 0.4711284041404724]"
0,centroid,1,55,Braga,Braga,"[""Braga"", ""Mytikas"", ""Hawk"", ""Castor"", ""Triton""]","[0.7361634969711304, 0.6509323120117188, 0.5243273973464966, 0.5217199325561523, 0.46340861916542053]"
0,centroid,1,56,Braga,Braga,"[""Braga"", ""Hawk"", ""Alcatras"", ""Turbine"", ""Alaris""]","[0.8735131621360779, 0.7066317796707153, 0.6547172665596008, 0.5858262181282043, 0.5544024705886841]"
0,centroid,1,57,Braga,Braga,"[""Braga"", ""Trius"", ""Triton"", ""Alcatras"", ""Turbine""]","[0.936657190322876, 0.6064023971557617, 0.5491585731506348, 0.5254589319229126, 0.4968586564064026]"
0,centroid,1,58,Braga,Braga,"[""Braga"", ""Hawk"", ""Vega"", ""Turbine"", ""Gemini""]","[0.7949712872505188, 0.7052054405212402, 0.6694881916046143, 0.6301785111427307, 0.5494053363800049]"
0,centroid,1,59,Braga,Braga,"[""Braga"", ""Vega"", ""Trius"", ""Triton"", ""Alcatras""]","[0.8188843131065369, 0.703546404838562, 0.6612449884414673, 0.6322863698005676, 0.6080807447433472]"
0,centroid,1,60,Braga,Braga,"[""Braga"", ""Turbine"", ""Gemini"", ""Vega"", ""Xtreme""]","[0.8037050366401672, 0.4675758481025696, 0.462754487991333, 0.41458001732826233, 0.4050299823284149]"
0,centroid,1,61,Braga,Triton,"[""Triton"", ""Mytikas"", ""Turbine"", ""Castor"", ""Braga""]","[0.7956944108009338, 0.7512480020523071, 0.733218789100647, 0.7136124968528748, 0.7132377028465271]"
0,centroid,1,62,Braga,Braga,"[""Braga"", ""Alcatras"", ""Castor"", ""Turbine"", ""Trius""]","[0.820196807384491, 0.6800644397735596, 0.605182409286499, 0.5952244997024536, 0.5033164620399475]"
0,centroid,1,63,Braga,Braga,"[""Braga"", ""Turbine"", ""Triton"", ""Trius"", ""Alcatras""]","[0.9127117395401001, 0.6339727640151978, 0.5375925302505493, 0.5337927937507629, 0.4896080195903778]"
0,centroid,1,64,Braga,Braga,"[""Braga"", ""Triton"", ""Alcatras"", ""Trius"", ""Mytikas""]","[0.9328722357749939, 0.6757540106773376, 0.6388862133026123, 0.6318007707595825, 0.6096346378326416]"
0,centroid,1,65,Braga,Braga,"[""Braga"", ""Trius"", ""Triton"", ""Mytikas"", ""Alcatras""]","[0.9421477317810059, 0.679071307182312, 0.6699694395065308, 0.623031497001648, 0.5773983001708984]"
0,centroid,1,66,Braga,Braga,"[""Braga"", ""Trius"", ""Triton"", ""Alcatras"", ""Mytikas""]","[0.8851187229156494, 0.710739016532898, 0.6730380058288574, 0.5582588315010071, 0.5037848949432373]"
0,centroid,1,67,Braga,Braga,"[""Braga"", ""Alcatras"", ""Alaris"", ""Trius"", ""Castor""]","[0.7836809158325195, 0.7111905813217163, 0.5525045990943909, 0.5080766677856445, 0.48508816957473755]"
0,centroid,1,68,Braga,Braga,"[""Braga"", ""Triton"", ""Trius"", ""Mytikas"", ""Alcatras""]","[0.8892984986305237, 0.7481289505958557, 0.7367584705352783, 0.5494579076766968, 0.5219733119010925]"
0,centroid,1,69,Braga,Braga,"[""Braga"", ""Triton"", ""Castor"", ""Turbine"", ""Trius""]","[0.8061128854751587, 0.6797963380813599, 0.6399780511856079, 0.5533128976821899, 0.5227739810943604]"
0,centroid,1,70,Braga,Braga,"[""Braga"", ""Trius"", ""Triton"", ""Alcatras"", ""Mytikas""]","[0.8852939009666443, 0.742185652256012, 0.6071763038635254, 0.542927086353302, 0.5413023233413696]"
0,centroid,1,71,Braga,Braga,"[""Braga"", ""Turbine"", ""Castor"", ""Alcatras"", ""Mytikas""]","[0.8409316539764404, 0.6256799697875977, 0.6246534585952759, 0.5838978290557861, 0.5659523606300354]"
0,centroid,1,72,Braga,Braga,"[""Braga"", ""Turbine"", ""Gemini"", ""Trius"", ""Triton""]","[0.7482132911682129, 0.6849793791770935, 0.48481518030166626, 0.47827351093292236, 0.45651060342788696]"
0,centroid,1,73,Braga,Castor,"[""Castor"", ""Braga"", ""Turbine"", ""Alcatras"", ""Hawk""]","[0.7539999485015869, 0.7396871447563171, 0.6290595531463623, 0.5942429304122925, 0.4973999857902527]"
0,centroid,1,74,Braga,Braga,"[""Braga"", ""Vega"", ""Turbine"", ""Trius"", ""Hawk""]","[0.8855068683624268, 0.5902141332626343, 0.5832980871200562, 0.5636515617370605, 0.5151269435882568]"
0,centroid,1,75,Braga,Trius,"[""Trius"", ""Braga"", ""Triton"", ""Mytikas"", ""Alcatras""]","[0.7526489496231079, 0.7307509183883667, 0.7150365114212036, 0.6200343370437622, 0.5525630712509155]"
0,centroid,1,76,Braga,Triton,"[""Triton"", ""Trius"", ""Mytikas"", ""Castor"", ""Alcatras""]","[0.8676820397377014, 0.7634409666061401, 0.7222535610198975, 0.6341835260391235, 0.5907911062240601]"
0,centroid,1,77,Braga,Triton,"[""Triton"", ""Mytikas"", ""Trius"", ""Ilias"", ""Castor""]","[0.830274224281311, 0.729406476020813, 0.6325443983078003, 0.48254549503326416, 0.4656708240509033]"
0,centroid,1,78,Braga,Braga,"[""Braga"", ""Triton"", ""Trius"", ""Alcatras"", ""Castor""]","[0.9412912130355835, 0.6670353412628174, 0.6536115407943726, 0.5907108187675476, 0.5444815754890442]"
0,centroid,1,79,Braga,Hawk,"[""Hawk"", ""Braga"", ""Turbine"", ""Alcatras"", ""Vega""]","[0.807027280330658, 0.7968729138374329, 0.6146407127380371, 0.5029283761978149, 0.4997501075267792]"
0,centroid,1,80,Braga,Braga,"[""Braga"", ""Triton"", ""Trius"", ""Mytikas"", ""Castor""]","[0.8838561773300171, 0.7703046202659607, 0.7165014743804932, 0.6932611465454102, 0.6453450322151184]"
0,centroid,1,81,Braga,Braga,"[""Braga"", ""Triton"", ""Mytikas"", ""Trius"", ""Alcatras""]","[0.809381365776062, 0.6965998411178589, 0.61747145652771, 0.6061204671859741, 0.47652924060821533]"
0,centroid,1,82,Braga,Braga,"[""Braga"", ""Alcatras"", ""Castor"", ""Turbine"", ""Hawk""]","[0.943833589553833, 0.6847838759422302, 0.5137474536895752, 0.48140865564346313, 0.4678230881690979]"
0,centroid,1,83,Braga,Vega,"[""Vega"", ""Braga"", ""Trius"", ""Gemini"", ""Triton""]","[0.5886681079864502, 0.4164493680000305, 0.41102689504623413, 0.37888696789741516, 0.37126290798187256]"
0,centroid,1,84,Braga,Braga,"[""Braga"", ""Turbine"", ""Alaris"", ""Alcatras"", ""Trius""]","[0.827879011631012, 0.7926316261291504, 0.6734867095947266, 0.6614762544631958, 0.650783121585846]"
0,centroid,1,85,Braga,Braga,"[""Braga"", ""Hawk"", ""Trius"", ""Triton"", ""Turbine""]","[0.8687893152236938, 0.6194911003112793, 0.5432716608047485, 0.5303786993026733, 0.4656200110912323]"
0,centroid,1,86,Braga,Braga,"[""Braga"", ""Turbine"", ""Alcatras"", ""Trius"", ""Castor""]","[0.9164261817932129, 0.6582794189453125, 0.6195222735404968, 0.5704904794692993, 0.558875560760498]"
0,centroid,1,87,Braga,Braga,"[""Braga"", ""Hawk"", ""Turbine"", ""Vega"", ""Mytikas""]","[0.8089754581451416, 0.6585533618927002, 0.6494271755218506, 0.5588157176971436, 0.4290528893470764]"
0,centroid,1,88,Braga,Braga,"[""Braga"", ""Turbine"", ""Triton"", ""Trius"", ""Castor""]","[0.8710780143737793, 0.7105188369750977, 0.6844706535339355, 0.6341639757156372, 0.5965195894241333]"
0,centroid,1,89,Braga,Braga,"[""Braga"", ""Trius"", ""Turbine"", ""Triton"", ""Alcatras""]","[0.9448543190956116, 0.6483873724937439, 0.6210042834281921, 0.6038632392883301, 0.5624653697013855]"
0,centroid,1,90,Braga,Braga,"[""Braga"", ""Trius"", ""Triton"", ""Turbine"", ""Gemini""]","[0.9014753103256226, 0.6656490564346313, 0.5578274130821228, 0.5157648324966431, 0.4412820339202881]"
0,centroid,1,91,Braga,Braga,"[""Braga"", ""Turbine"", ""Hawk"", ""Triton"", ""Trius""]","[0.8741552233695984, 0.6801499724388123, 0.640897810459137, 0.5794459581375122, 0.5246326327323914]"
0,centroid,1,92,Castor,Castor,"[""Castor"", ""Mytikas"", ""Triton"", ""Trius"", ""Braga""]","[0.868261456489563, 0.7056257128715515, 0.644756555557251, 0.4273054301738739, 0.42437851428985596]"
0,centroid,1,93,Castor,Castor,"[""Castor"", ""Triton"", ""Alcatras"", ""Braga"", ""Mytikas""]","[0.8847929239273071, 0.7227262854576111, 0.5444164872169495, 0.5438617467880249, 0.4983859062194824]"
0,centroid,1,94,Castor,Castor,"[""Castor"", ""Alcatras"", ""Triton"", ""Mytikas"", ""Braga""]","[0.9123830795288086, 0.6770754456520081, 0.6770074963569641, 0.6602455973625183, 0.6283922791481018]"
0,centroid,1,95,Castor,Castor,"[""Castor"", ""Turbine"", ""Triton"", ""Mytikas"", ""Alcatras""]","[0.9047778248786926, 0.5611017942428589, 0.39469897747039795, 0.3294798731803894, 0.30748218297958374]"
0,centroid,1,96,Castor,Castor,"[""Castor"", ""Alcatras"", ""Turbine"", ""Alaris"", ""Mytikas""]","[0.8304275274276733, 0.7142319083213806, 0.6462712287902832, 0.4951537549495697, 0.4013207256793976]"
0,centroid,1,97,Castor,Castor,"[""Castor"", ""Triton"", ""Turbine"", ""Alcatras"", ""Mytikas""]","[0.9230045080184937, 0.5566981434822083, 0.5399027466773987, 0.49539902806282043, 0.4837673306465149]"
0,centroid,1,98,Castor,Castor,"[""Castor"", ""Triton"", ""Trius"", ""Alcatras"", ""Turbine""]","[0.8746531009674072, 0.567754864692688, 0.42406660318374634, 0.4140934348106384, 0.395962655544281]"
0,centroid,1,99,Castor,Castor,"[""Castor"", ""Braga"", ""Alcatras"", ""Triton"", ""Mytikas""]","[0.9262354373931885, 0.6576049327850342, 0.6247695684432983, 0.6152936220169067, 0.5926246643066406]"
0,centroid,1,100,Castor,Castor,"[""Castor"", ""Alcatras"", ""Braga"", ""Turbine"", ""Alaris""]","[0.7088852524757385, 0.6660910844802856, 0.6651411652565002, 0.5857183337211609, 0.5343855619430542]"
0,centroid,1,101,Castor,Alcatras,"[""Alcatras"", ""Castor"", ""Braga"", ""Alaris"", ""Mytikas""]","[0.884568452835083, 0.7149683833122253, 0.5991599559783936, 0.49714910984039307, 0.4925607144832611]"
0,centroid,1,102,Castor,Castor,"[""Castor"", ""Triton"", ""Mytikas"", ""Trius"", ""Turbine""]","[0.8414646983146667, 0.5783163905143738, 0.543552041053772, 0.3836483955383301, 0.3092597723007202]"
0,centroid,1,103,Castor,Castor,"[""Castor"", ""Triton"", ""Turbine"", ""Trius"", ""Mytikas""]","[0.8591576218605042, 0.5002248287200928, 0.4741719961166382, 0.3851579427719116, 0.38372647762298584]"
0,centroid,1,104,Castor,Castor,"[""Castor"", ""Alcatras"", ""Braga"", ""Trius"", ""Triton""]","[0.840042769908905, 0.7591577768325806, 0.6889677047729492, 0.6135686635971069, 0.5344774723052979]"
0,centroid,1,105,Castor,Castor,"[""Castor"", ""Alcatras"", ""Braga"", ""Triton"", ""Turbine""]","[0.8065619468688965, 0.6001204252243042, 0.48682573437690735, 0.4748539924621582, 0.43477314710617065]"
0,centroid,1,106,Castor,Alcatras,"[""Alcatras"", ""Castor"", ""Braga"", ""Alaris"", ""Turbine""]","[0.8952091932296753, 0.8258118033409119, 0.6661696434020996, 0.6005015969276428, 0.5289934873580933]"
0,centroid,1,107,Castor,Castor,"[""Castor"", ""Braga"", ""Triton"", ""Alcatras"", ""Mytikas""]","[0.851680338382721, 0.6492561101913452, 0.6304402351379395, 0.628865122795105, 0.6282657384872437]"
0,centroid,1,108,Castor,Castor,"[""Castor"", ""Triton"", ""Braga"", ""Trius"", ""Mytikas""]","[0.8117010593414307, 0.6999773979187012, 0.59688401222229, 0.48157310485839844, 0.47914960980415344]"
0,centroid,1,109,Castor,Castor,"[""Castor"", ""Turbine"", ""Alcatras"", ""Mytikas"", ""Braga""]","[0.862634539604187, 0.4347216486930847, 0.4230515658855438, 0.3291342258453369, 0.3280925452709198]"
0,centroid,1,110,Castor,Castor,"[""Castor"", ""Alcatras"", ""Triton"", ""Mytikas"", ""Velorum""]","[0.8809231519699097, 0.5864484310150146, 0.5425778031349182, 0.4951460361480713, 0.48381760716438293]"
0,centroid,1,111,Castor,Castor,"[""Castor"", ""Alcatras"", ""Triton"", ""Mytikas"", ""Turbine""]","[0.8147234916687012, 0.6239949464797974, 0.5865988731384277, 0.5308725833892822, 0.47960153222084045]"
0,centroid,1,112,Castor,Castor,"[""Castor"", ""Alcatras"", ""Triton"", ""Trius"", ""Mytikas""]","[0.911362886428833, 0.5787228941917419, 0.5670348405838013, 0.5352237820625305, 0.5303583145141602]"
0,centroid,1,113,Castor,Castor,"[""Castor"", ""Mytikas"", ""Alcatras"", ""Triton"", ""Trius""]","[0.8853185176849365, 0.6072956323623657, 0.5404446125030518, 0.5281256437301636, 0.43897706270217896]"
0,centroid,1,114,Castor,Castor,"[""Castor"", ""Alcatras"", ""Braga"", ""Turbine"", ""Triton""]","[0.9124819040298462, 0.5389183759689331, 0.524454653263092, 0.47090399265289307, 0.3944495916366577]"
0,centroid,1,115,Castor,Castor,"[""Castor"", ""Alcatras"", ""Braga"", ""Alaris"", ""Turbine""]","[0.863193690776825, 0.6488926410675049, 0.48439884185791016, 0.4504486918449402, 0.40793412923812866]"
0,centroid,1,116,Castor,Castor,"[""Castor"", ""Triton"", ""Mytikas"", ""Trius"", ""Alcatras""]","[0.8039932250976562, 0.53379887342453, 0.5052807331085205, 0.370008260011673, 0.3347984552383423]"
0,centroid,1,117,Castor,Castor,"[""Castor"", ""Turbine"", ""Alcatras"", ""Braga"", ""Triton""]","[0.9192177653312683, 0.7479088306427002, 0.6068164110183716, 0.5822899341583252, 0.4465584456920624]"
0,centroid,1,118,Castor,Castor,"[""Castor"", ""Triton"", ""Mytikas"", ""Alcatras"", ""Turbine""]","[0.8760250210762024, 0.6410578489303589, 0.5256270170211792, 0.47175633907318115, 0.41917455196380615]"
0,centroid,1,119,Castor,Castor,"[""Castor"", ""Alcatras"", ""Triton"", ""Turbine"", ""Mytikas""]","[0.9400559663772583, 0.5716941356658936, 0.5283561944961548, 0.44858986139297485, 0.41113990545272827]"
0,centroid,1,120,Castor,Castor,"[""Castor"", ""Alcatras"", ""Turbine"", ""Braga"", ""Triton""]","[0.8559122085571289, 0.667845606803894, 0.641934335231781, 0.4801882207393646, 0.47851404547691345]"
0,centroid,1,121,Castor,Castor,"[""Castor"", ""Triton"", ""Mytikas"", ""Alcatras"", ""Turbine""]","[0.9770697355270386, 0.6280242800712585, 0.5709216594696045, 0.5661410689353943, 0.5062520503997803]"
0,centroid,1,122,Castor,Castor,"[""Castor"", ""Turbine"", ""Alcatras"", ""Braga"", ""Triton""]","[0.9209437370300293, 0.6657953262329102, 0.6200761795043945, 0.5010495781898499, 0.40780559182167053]"
0,centroid,1,123,Castor,Castor,"[""Castor"", ""Alcatras"", ""Turbine"", ""Triton"", ""Mytikas""]","[0.9216911196708679, 0.660287618637085, 0.5833163857460022, 0.5339387059211731, 0.48642629384994507]"
0,centroid,1,124,Denom,Denom,"[""Denom"", ""Ilias"", ""Velorum"", ""Nivalis"", ""Ratikon""]","[0.784709095954895, 0.772956132888794, 0.6698590517044067, 0.6596726179122925, 0.5996930003166199]"
0,centroid,1,125,Denom,Denom,"[""Denom"", ""Ilias"", ""Ratikon"", ""Nivalis"", ""Velorum""]","[0.966981053352356, 0.7679860591888428, 0.7667465209960938, 0.7172999382019043, 0.4357815980911255]"
0,centroid,1,126,Denom,Denom,"[""Denom"", ""Ratikon"", ""Nivalis"", ""Ilias"", ""Velorum""]","[0.9680153131484985, 0.7572211027145386, 0.7387962937355042, 0.7071011066436768, 0.5121871829032898]"
0,centroid,1,127,Denom,Denom,"[""Denom"", ""Nivalis"", ""Ilias"", ""Ratikon"", ""Velorum""]","[0.862477719783783, 0.84261554479599, 0.7145301103591919, 0.7118813991546631, 0.46389928460121155]"
0,centroid,1,128,Denom,Denom,"[""Denom"", ""Ilias"", ""Ratikon"", ""Nivalis"", ""Velorum""]","[0.9445550441741943, 0.8159798979759216, 0.809420108795166, 0.7382428646087646, 0.37643560767173767]"
0,centroid,1,129,Denom,Denom,"[""Denom"", ""Nivalis"", ""Ratikon"", ""Ilias"", ""Velorum""]","[0.9323214888572693, 0.5903789401054382, 0.587255597114563, 0.5303596258163452, 0.4026765823364258]"
0,centroid,1,130,Denom,Ratikon,"[""Ratikon"", ""Denom"", ""Steel_Wheel"", ""Nivalis"", ""Ilias""]","[0.5337036848068237, 0.46671026945114136, 0.3899461030960083, 0.354205846786499, 0.31806257367134094]"
0,centroid,1,131,Denom,Denom,"[""Denom"", ""Nivalis"", ""Ratikon"", ""Ilias"", ""Velorum""]","[0.8860465288162231, 0.7878361940383911, 0.7444939613342285, 0.6394415497779846, 0.4510057270526886]"
0,centroid,1,132,Denom,Denom,"[""Denom"", ""Ratikon"", ""Nivalis"", ""Ilias"", ""Velorum""]","[0.8743060827255249, 0.7464491128921509, 0.5344858169555664, 0.4989834427833557, 0.16050659120082855]"
0,centroid,1,133,Denom,Denom,"[""Denom"", ""Ilias"", ""Ratikon"", ""Nivalis"", ""Velorum""]","[0.9114087224006653, 0.7393255829811096, 0.7105894684791565, 0.6461206674575806, 0.4519423842430115]"
0,centroid,1,134,Denom,Denom,"[""Denom"", ""Velorum"", ""Ilias"", ""Nivalis"", ""Ratikon""]","[0.7966910004615784, 0.6358827948570251, 0.6134546995162964, 0.4460628628730774, 0.4343862533569336]"
0,centroid,1,135,Denom,Denom,"[""Denom"", ""Ratikon"", ""Ilias"", ""Nivalis"", ""Velorum""]","[0.8916279077529907, 0.6797345876693726, 0.5768155455589294, 0.5690273642539978, 0.2115524709224701]"
0,centroid,1,136,Denom,Ratikon,"[""Ratikon"", ""Denom"", ""Nivalis"", ""Ilias"", ""Vega""]","[0.7912826538085938, 0.7402310967445374, 0.6534685492515564, 0.5518376231193542, 0.18344449996948242]"
0,centroid,1,137,Denom,Denom,"[""Denom"", ""Ratikon"", ""Ilias"", ""Nivalis"", ""Velorum""]","[0.8641452789306641, 0.78249591588974, 0.7684364318847656, 0.618128776550293, 0.5633731484413147]"
0,centroid,1,138,Denom,Denom,"[""Denom"", ""Ratikon"", ""Nivalis"", ""Ilias"", ""Velorum""]","[0.916537880897522, 0.760382890701294, 0.7222618460655212, 0.7122339606285095, 0.5378110408782959]"
0,centroid,1,139,Denom,Denom,"[""Denom"", ""Ratikon"", ""Ilias"", ""Nivalis"", ""Velorum""]","[0.8700608611106873, 0.6910436749458313, 0.6368237733840942, 0.6205865144729614, 0.45122796297073364]"
0,centroid,1,140,Denom,Denom,"[""Denom"", ""Ratikon"", ""Nivalis"", ""Ilias"", ""Velorum""]","[0.9427810907363892, 0.8416858911514282, 0.7944574356079102, 0.7526890635490417, 0.31787368655204773]"
0,centroid,1,141,Denom,Denom,"[""Denom"", ""Ilias"", ""Ratikon"", ""Nivalis"", ""Velorum""]","[0.953218936920166, 0.7555328607559204, 0.6698678731918335, 0.5847553610801697, 0.4997161626815796]"
0,centroid,1,142,Denom,Denom,"[""Denom"", ""Ratikon"", ""Nivalis"", ""Ilias"", ""Velorum""]","[0.9633454084396362, 0.7157313823699951, 0.7043409943580627, 0.5957643985748291, 0.34028807282447815]"
0,centroid,1,143,Denom,Denom,"[""Denom"", ""Ratikon"", ""Nivalis"", ""Ilias"", ""Velorum""]","[0.885551929473877, 0.6658598184585571, 0.6148092746734619, 0.5204269886016846, 0.3186100721359253]"
0,centroid,1,144,Denom,Denom,"[""Denom"", ""Ratikon"", ""Ilias"", ""Nivalis"", ""Velorum""]","[0.9504826068878174, 0.7411544919013977, 0.6669032573699951, 0.5713449716567993, 0.25678014755249023]"
0,centroid,1,145,Denom,Denom,"[""Denom"", ""Ratikon"", ""Ilias"", ""Nivalis"", ""Velorum""]","[0.880418062210083, 0.7431617379188538, 0.6162118911743164, 0.5789419412612915, 0.16489341855049133]"
0,centroid,1,146,Denom,Denom,"[""Denom"", ""Ilias"", ""Nivalis"", ""Ratikon"", ""Velorum""]","[0.9366982579231262, 0.7121017575263977, 0.6686563491821289, 0.6459140777587891, 0.552603006362915]"
0,centroid,1,147,Denom,Ilias,"[""Ilias"", ""Denom"", ""Ratikon"", ""Nivalis"", ""Velorum""]","[0.7504501342773438, 0.7309133410453796, 0.7288330793380737, 0.7266203165054321, 0.7037533521652222]"
0,centroid,1,148,Denom,Ratikon,"[""Ratikon"", ""Denom"", ""Nivalis"", ""Ilias"", ""Vega""]","[0.8204963207244873, 0.8057765960693359, 0.618830680847168, 0.5196535587310791, 0.058944981545209885]"
0,centroid,1,149,Denom,Denom,"[""Denom"", ""Nivalis"", ""Ratikon"", ""Ilias"", ""Velorum""]","[0.8894394636154175, 0.8163963556289673, 0.6833699345588684, 0.5825687050819397, 0.42709964513778687]"
0,centroid,1,150,Denom,Denom,"[""Denom"", ""Ratikon"", ""Ilias"", ""Nivalis"", ""Velorum""]","[0.942654013633728, 0.7487905025482178, 0.7449761033058167, 0.7033712863922119, 0.3864549398422241]"
0,centroid,1,151,Denom,Denom,"[""Denom"", ""Ratikon"", ""Ilias"", ""Nivalis"", ""Velorum""]","[0.8665990829467773, 0.5946070551872253, 0.5864201784133911, 0.5795661211013794, 0.46003207564353943]"
0,centroid,1,152,Denom,Denom,"[""Denom"", ""Ilias"", ""Ratikon"", ""Nivalis"", ""Velorum""]","[0.8640357851982117, 0.8208558559417725, 0.7846078276634216, 0.7593543529510498, 0.6284294724464417]"
0,centroid,1,153,Denom,Denom,"[""Denom"", ""Ilias"", ""Nivalis"", ""Ratikon"", ""Velorum""]","[0.8421079516410828, 0.6939077377319336, 0.6592053174972534, 0.5710709095001221, 0.48194217681884766]"
0,centroid,1,154,Denom,Denom,"[""Denom"", ""Ilias"", ""Nivalis"", ""Ratikon"", ""Velorum""]","[0.9501150846481323, 0.7596662640571594, 0.7151534557342529, 0.6980094313621521, 0.5595557689666748]"
0,centroid,1,155,Denom,Denom,"[""Denom"", ""Ratikon"", ""Ilias"", ""Nivalis"", ""Gemini""]","[0.8571386337280273, 0.7451143264770508, 0.6233580708503723, 0.5052950978279114, 0.20180144906044006]"
0,centroid,1,156,Denom,Denom,"[""Denom"", ""Ratikon"", ""Nivalis"", ""Ilias"", ""Velorum""]","[0.931594967842102, 0.7096649408340454, 0.6284795999526978, 0.5880603790283203, 0.42239832878112793]"
0,centroid,1,157,Denom,Denom,"[""Denom"", ""Nivalis"", ""Ratikon"", ""Ilias"", ""Velorum""]","[0.8740325570106506, 0.6978064179420471, 0.6576683521270752, 0.5936992168426514, 0.4782293736934662]"
0,centroid,1,158,Denom,Denom,"[""Denom"", ""Nivalis"", ""Velorum"", ""Ratikon"", ""Ilias""]","[0.8798644542694092, 0.7381067872047424, 0.6218703389167786, 0.5508142709732056, 0.5445055961608887]"
0,centroid,1,159,Denom,Denom,"[""Denom"", ""Ratikon"", ""Ilias"", ""Nivalis"", ""Velorum""]","[0.8698855638504028, 0.7455917596817017, 0.7293497920036316, 0.6734731197357178, 0.6660180687904358]"
0,centroid,1,160,Denom,Denom,"[""Denom"", ""Ratikon"", ""Ilias"", ""Nivalis"", ""Velorum""]","[0.9674053192138672, 0.7626724243164062, 0.7066875696182251, 0.6941953301429749, 0.35031962394714355]"
0,centroid,1,161,Denom,Denom,"[""Denom"", ""Ratikon"", ""Nivalis"", ""Ilias"", ""Velorum""]","[0.936525285243988, 0.7729918360710144, 0.6842764019966125, 0.5408296585083008, 0.27088695764541626]"
0,centroid,1,162,Gemini,Gemini,"[""Gemini"", ""Xtreme"", ""Trius"", ""Vega"", ""Velorum""]","[0.8044332265853882, 0.5269908905029297, 0.485196053981781, 0.4237598180770874, 0.3692523241043091]"
0,centroid,1,163,Gemini,Gemini,"[""Gemini"", ""Xtreme"", ""Vega"", ""Hawk"", ""Braga""]","[0.8214130401611328, 0.5685006380081177, 0.2600351870059967, 0.2599204182624817, 0.1062324121594429]"
0,centroid,1,164,Gemini,Hawk,"[""Hawk"", ""Gemini"", ""Alaris"", ""Alcatras"", ""Mytikas""]","[0.5602141618728638, 0.5537158250808716, 0.5202462673187256, 0.4811795949935913, 0.462411105632782]"
0,centroid,1,165,Gemini,Gemini,"[""Gemini"", ""Xtreme"", ""Braga"", ""Trius"", ""Hawk""]","[0.8843905329704285, 0.7059950232505798, 0.2733444571495056, 0.13732704520225525, 0.07051640748977661]"
0,centroid,1,166,Gemini,Gemini,"[""Gemini"", ""Vega"", ""Xtreme"", ""Braga"", ""Hawk""]","[0.8504810333251953, 0.5680220723152161, 0.4446343183517456, 0.27435362339019775, 0.2566223442554474]"
0,centroid,1,167,Gemini,Alaris,"[""Alaris"", ""Gemini"", ""Braga"", ""Alcatras"", ""Hawk""]","[0.5939608216285706, 0.5676833987236023, 0.5585627555847168, 0.4836731255054474, 0.4472379684448242]"
0,centroid,1,168,Gemini,Gemini,"[""Gemini"", ""Xtreme"", ""Vega"", ""Hawk"", ""Braga""]","[0.9117669463157654, 0.48279881477355957, 0.33122801780700684, 0.2146265208721161, 0.1878405511379242]"
0,centroid,1,169,Gemini,Gemini,"[""Gemini"", ""Vega"", ""Trius"", ""Braga"", ""Mytikas""]","[0.7537208199501038, 0.6252217888832092, 0.4860396385192871, 0.3981357514858246, 0.3060733675956726]"
0,centroid,1,170,Gemini,Gemini,"[""Gemini"", ""Vega"", ""Hawk"", ""Alaris"", ""Xtreme""]","[0.7272216081619263, 0.4645826816558838, 0.36653250455856323, 0.31142646074295044, 0.28746700286865234]"
0,centroid,1,171,Gemini,Gemini,"[""Gemini"", ""Xtreme"", ""Vega"", ""Trius"", ""Braga""]","[0.7545043230056763, 0.6255172491073608, 0.47749683260917664, 0.2522878050804138, 0.23982933163642883]"
0,centroid,1,172,Gemini,Gemini,"[""Gemini"", ""Xtreme"", ""Vega"", ""Hawk"", ""Braga""]","[0.908867597579956, 0.4309038519859314, 0.32798731327056885, 0.2637137770652771, 0.23901979625225067]"
0,centroid,1,173,Gemini,Gemini,"[""Gemini"", ""Vega"", ""Trius"", ""Braga"", ""Alaris""]","[0.7909768223762512, 0.6827287673950195, 0.42356953024864197, 0.40896332263946533, 0.3809904158115387]"
0,centroid,1,174,Gemini,Gemini,"[""Gemini"", ""Trius"", ""Braga"", ""Vega"", ""Xtreme""]","[0.8733574151992798, 0.5686528086662292, 0.561892032623291, 0.5183459520339966, 0.3919866979122162]"
0,centroid,1,175,Gemini,Gemini,"[""Gemini"", ""Xtreme"", ""Vega"", ""Hawk"", ""Braga""]","[0.901767909526825, 0.5418421030044556, 0.351417601108551, 0.3370565176010132, 0.29953789710998535]"
0,centroid,1,176,Gemini,Gemini,"[""Gemini"", ""Xtreme"", ""Mytikas"", ""Trius"", ""Hawk""]","[0.6705242395401001, 0.6132937669754028, 0.4039475619792938, 0.34016719460487366, 0.24632315337657928]"
0,centroid,1,177,Gemini,Gemini,"[""Gemini"", ""Xtreme"", ""Hawk"", ""Braga"", ""Denom""]","[0.800521969795227, 0.511874794960022, 0.31986820697784424, 0.29968586564064026, 0.25901710987091064]"
0,centroid,1,178,Gemini,Gemini,"[""Gemini"", ""Trius"", ""Xtreme"", ""Triton"", ""Braga""]","[0.7382717132568359, 0.6185771226882935, 0.498034805059433, 0.43346238136291504, 0.41835707426071167]"
0,centroid,1,179,Gemini,Gemini,"[""Gemini"", ""Xtreme"", ""Ilias"", ""Denom"", ""Trius""]","[0.751970648765564, 0.657325029373169, 0.5127813816070557, 0.3568533658981323, 0.3335857689380646]"
0,centroid,1,180,Gemini,Gemini,"[""Gemini"", ""Xtreme"", ""Trius"", ""Triton"", ""Braga""]","[0.7486027479171753, 0.6203836798667908, 0.4746115803718567, 0.37755975127220154, 0.34828490018844604]"
0,centroid,1,181,Gemini,Gemini,"[""Gemini"", ""Xtreme"", ""Braga"", ""Trius"", ""Vega""]","[0.8911986351013184, 0.5405253171920776, 0.5137207508087158, 0.4575462341308594, 0.4524513781070709]"
0,centroid,1,182,Gemini,Gemini,"[""Gemini"", ""Xtreme"", ""Braga"", ""Trius"", ""Triton""]","[0.8738771677017212, 0.6204811334609985, 0.527410626411438, 0.4459201991558075, 0.3849794864654541]"
0,centroid,1,183,Gemini,Gemini,"[""Gemini"", ""Xtreme"", ""Vega"", ""Braga"", ""Trius""]","[0.9034962058067322, 0.631859302520752, 0.18575510382652283, 0.10898443311452866, 0.09800824522972107]"
0,centroid,1,184,Gemini,Gemini,"[""Gemini"", ""Xtreme"", ""Trius"", ""Braga"", ""Vega""]","[0.9196585416793823, 0.45258060097694397, 0.40057432651519775, 0.2892628014087677, 0.2566205561161041]"
0,centroid,1,185,Gemini,Gemini,"[""Gemini"", ""Xtreme"", ""Vega"", ""Hawk"", ""Braga""]","[0.9193909168243408, 0.6098095178604126, 0.2704184651374817, 0.2658381164073944, 0.18799065053462982]"
0,centroid,1,186,Gemini,Gemini,"[""Gemini"", ""Xtreme"", ""Braga"", ""Vega"", ""Trius""]","[0.8227894306182861, 0.5266021490097046, 0.46531856060028076, 0.4207149147987366, 0.356145441532135]"
0,centroid,1,187,Gemini,Gemini,"[""Gemini"", ""Vega"", ""Braga"", ""Trius"", ""Xtreme""]","[0.8261348605155945, 0.5658761262893677, 0.5574502944946289, 0.45767834782600403, 0.3951726257801056]"
0,centroid,1,188,Gemini,Gemini,"[""Gemini"", ""Xtreme"", ""Hawk"", ""Trius"", ""Vega""]","[0.8836535215377808, 0.5695837736129761, 0.2540011405944824, 0.1541363149881363, 0.149081289768219]"
0,centroid,1,189,Gemini,Gemini,"[""Gemini"", ""Xtreme"", ""Braga"", ""Mytikas"", ""Trius""]","[0.8181147575378418, 0.5743568539619446, 0.4183143675327301, 0.4106491208076477, 0.4070444703102112]"
0,centroid,1,190,Hawk,Hawk,"[""Hawk"", ""Alcatras"", ""Alaris"", ""Turbine"", ""Velorum""]","[0.8001437187194824, 0.4660143256187439, 0.46105408668518066, 0.4559780955314636, 0.4369058609008789]"
0,centroid,1,191,Hawk,Hawk,"[""Hawk"", ""Turbine"", ""Alaris"", ""Braga"", ""Vega""]","[0.9601141214370728, 0.6172171831130981, 0.5099804997444153, 0.4743611216545105, 0.4521105885505676]"
0,centroid,1,192,Hawk,Hawk,"[""Hawk"", ""Alcatras"", ""Alaris"", ""Braga"", ""Vega""]","[0.9143227338790894, 0.6162238121032715, 0.5231304168701172, 0.4651704430580139, 0.43763265013694763]"
0,centroid,1,193,Hawk,Hawk,"[""Hawk"", ""Mytikas"", ""Turbine"", ""Triton"", ""Alaris""]","[0.7588304877281189, 0.5618692636489868, 0.5166264772415161, 0.2816448211669922, 0.24776840209960938]"
0,centroid,1,194,Hawk,Hawk,"[""Hawk"", ""Alaris"", ""Alcatras"", ""Turbine"", ""Castor""]","[0.8225752115249634, 0.6322211623191833, 0.6275290250778198, 0.6084644198417664, 0.4002072215080261]"
0,centroid,1,195,Hawk,Hawk,"[""Hawk"", ""Vega"", ""Turbine"", ""Alaris"", ""Mytikas""]","[0.7799561023712158, 0.6347663402557373, 0.448667049407959, 0.36211222410202026, 0.2308640480041504]"
0,centroid,1,196,Hawk,Hawk,"[""Hawk"", ""Turbine"", ""Vega"", ""Alaris"", ""Braga""]","[0.8399702310562134, 0.412672758102417, 0.32390502095222473, 0.26815611124038696, 0.26662611961364746]"
0,centroid,1,197,Hawk,Hawk,"[""Hawk"", ""Alcatras"", ""Alaris"", ""Turbine"", ""Vega""]","[0.871909499168396, 0.6571945548057556, 0.5586872100830078, 0.4199710488319397, 0.39568591117858887]"
0,centroid,1,198,Hawk,Hawk,"[""Hawk"", ""Alcatras"", ""Turbine"", ""Alaris"", ""Braga""]","[0.9171355962753296, 0.44272658228874207, 0.424296498298645, 0.37845319509506226, 0.32776880264282227]"
0,centroid,1,199,Hawk,Hawk,"[""Hawk"", ""Alcatras"", ""Braga"", ""Turbine"", ""Alaris""]","[0.9325350522994995, 0.4697081446647644, 0.4315113425254822, 0.3819471299648285, 0.3510873317718506]"
0,centroid,1,200,Hawk,Alcatras,"[""Alcatras"", ""Hawk"", ""Alaris"", ""Trius"", ""Braga""]","[0.7970147132873535, 0.6915899515151978, 0.6242491602897644, 0.5428341627120972, 0.5155084133148193]"
0,centroid,1,201,Hawk,Hawk,"[""Hawk"", ""Vega"", ""Alaris"", ""Turbine"", ""Alcatras""]","[0.8319720029830933, 0.6745966672897339, 0.5553505420684814, 0.4563453793525696, 0.31415465474128723]"
0,centroid,1,202,Hawk,Hawk,"[""Hawk"", ""Vega"", ""Alaris"", ""Turbine"", ""Braga""]","[0.9463174343109131, 0.47954824566841125, 0.4230038821697235, 0.39320486783981323, 0.31977999210357666]"
0,centroid,1,203,Hawk,Hawk,"[""Hawk"", ""Alaris"", ""Alcatras"", ""Turbine"", ""Braga""]","[0.9333526492118835, 0.48279643058776855, 0.4507993757724762, 0.42495065927505493, 0.38014930486679077]"
0,centroid,1,204,Hawk,Hawk,"[""Hawk"", ""Alaris"", ""Turbine"", ""Alcatras"", ""Vega""]","[0.9153668880462646, 0.6354507207870483, 0.49530112743377686, 0.4847568869590759, 0.4592503011226654]"
0,centroid,1,205,Hawk,Hawk,"[""Hawk"", ""Turbine"", ""Vega"", ""Alaris"", ""Mytikas""]","[0.9115413427352905, 0.42255932092666626, 0.35075104236602783, 0.3170991539955139, 0.25210145115852356]"
0,centroid,1,206,Hawk,Hawk,"[""Hawk"", ""Turbine"", ""Braga"", ""Vega"", ""Mytikas""]","[0.9110891819000244, 0.504770040512085, 0.4261898100376129, 0.25652867555618286, 0.24906732141971588]"
0,centroid,1,207,Hawk,Hawk,"[""Hawk"", ""Turbine"", ""Alcatras"", ""Vega"", ""Alaris""]","[0.9580194354057312, 0.4458959102630615, 0.3646271228790283, 0.36062392592430115, 0.3472462594509125]"
0,centroid,1,208,Hawk,Hawk,"[""Hawk"", ""Braga"", ""Turbine"", ""Gemini"", ""Vega""]","[0.9451930522918701, 0.454461932182312, 0.3699226379394531, 0.32351744174957275, 0.3094807267189026]"
0,centroid,1,209,Hawk,Hawk,"[""Hawk"", ""Alaris"", ""Vega"", ""Turbine"", ""Alcatras""]","[0.8951728343963623, 0.4641783535480499, 0.45463627576828003, 0.3319578170776367, 0.32777416706085205]"
0,centroid,1,210,Hawk,Hawk,"[""Hawk"", ""Alaris"", ""Alcatras"", ""Braga"", ""Mytikas""]","[0.5948412418365479, 0.4541153907775879, 0.3699105381965637, 0.3563683032989502, 0.3129720389842987]"
0,centroid,1,211,Hawk,Hawk,"[""Hawk"", ""Vega"", ""Turbine"", ""Braga"", ""Gemini""]","[0.9020113348960876, 0.43575519323349, 0.37292712926864624, 0.3561689853668213, 0.355057030916214]"
0,centroid,1,212,Hawk,Hawk,"[""Hawk"", ""Turbine"", ""Braga"", ""Vega"", ""Alcatras""]","[0.9230814576148987, 0.5246531367301941, 0.4295991063117981, 0.4021320939064026, 0.33831530809402466]"
0,centroid,1,213,Hawk,Hawk,"[""Hawk"", ""Turbine"", ""Braga"", ""Xtreme"", ""Vega""]","[0.8688514828681946, 0.5351916551589966, 0.4217875301837921, 0.3285146653652191, 0.3000180721282959]"
0,centroid,1,214,Hawk,Hawk,"[""Hawk"", ""Vega"", ""Turbine"", ""Alaris"", ""Braga""]","[0.7863756418228149, 0.6788032054901123, 0.5106036067008972, 0.46942734718322754, 0.24645861983299255]"
0,centroid,1,215,Hawk,Hawk,"[""Hawk"", ""Turbine"", ""Braga"", ""Vega"", ""Mytikas""]","[0.9103782773017883, 0.5049079656600952, 0.45239248871803284, 0.4263562560081482, 0.39341306686401367]"
0,centroid,1,216,Ilias,Ilias,"[""Ilias"", ""Velorum"", ""Denom"", ""Nivalis"", ""Ratikon""]","[0.8604143857955933, 0.6634413003921509, 0.5882182121276855, 0.5800337791442871, 0.46325039863586426]"
0,centroid,1,217,Ilias,Ilias,"[""Ilias"", ""Ratikon"", ""Denom"", ""Nivalis"", ""Velorum""]","[0.910221517086029, 0.695661187171936, 0.5644794702529907, 0.445975124835968, 0.418629914522171]"
0,centroid,1,218,Ilias,Ilias,"[""Ilias"", ""Ratikon"", ""Nivalis"", ""Denom"", ""Vega""]","[0.8363739252090454, 0.6930220723152161, 0.5476322174072266, 0.5449653267860413, 0.31183862686157227]"
0,centroid,1,219,Ilias,Ilias,"[""Ilias"", ""Ratikon"", ""Denom"", ""Nivalis"", ""Velorum""]","[0.8981260657310486, 0.6962156295776367, 0.6423102617263794, 0.5701441764831543, 0.383271723985672]"
0,centroid,1,220,Ilias,Ilias,"[""Ilias"", ""Ratikon"", ""Denom"", ""Nivalis"", ""Velorum""]","[0.9137598872184753, 0.7531511783599854, 0.66231369972229, 0.597354531288147, 0.33306577801704407]"
0,centroid,1,221,Ilias,Ilias,"[""Ilias"", ""Velorum"", ""Nivalis"", ""Ratikon"", ""Denom""]","[0.8281294703483582, 0.7838646769523621, 0.6307201385498047, 0.5480793118476868, 0.5443023443222046]"
0,centroid,1,222,Ilias,Ilias,"[""Ilias"", ""Velorum"", ""Ratikon"", ""Nivalis"", ""Denom""]","[0.883628249168396, 0.5919718146324158, 0.5666462182998657, 0.5003871917724609, 0.4682314991950989]"
0,centroid,1,223,Ilias,Ilias,"[""Ilias"", ""Ratikon"", ""Denom"", ""Nivalis"", ""Velorum""]","[0.8831959962844849, 0.5591174364089966, 0.48293137550354004, 0.43998977541923523, 0.39488765597343445]"
0,centroid,1,224,Ilias,Ilias,"[""Ilias"", ""Denom"", ""Velorum"", ""Ratikon"", ""Nivalis""]","[0.8595595359802246, 0.6788109540939331, 0.6729685664176941, 0.5139521956443787, 0.4740007519721985]"
0,centroid,1,225,Ilias,Ilias,"[""Ilias"", ""Ratikon"", ""Denom"", ""Nivalis"", ""Velorum""]","[0.8108484745025635, 0.7165157198905945, 0.6359150409698486, 0.5743038654327393, 0.5276824831962585]"
0,centroid,1,226,Ilias,Ilias,"[""Ilias"", ""Velorum"", ""Denom"", ""Nivalis"", ""Ratikon""]","[0.8654895424842834, 0.7301923632621765, 0.6493569612503052, 0.6231797933578491, 0.4989762604236603]"
0,centroid,1,227,Ilias,Velorum,"[""Velorum"", ""Ilias"", ""Mytikas"", ""Hawk"", ""Triton""]","[0.5722906589508057, 0.5199604630470276, 0.40859583020210266, 0.37925830483436584, 0.3726958632469177]"
0,centroid,1,228,Ilias,Ilias,"[""Ilias"", ""Velorum"", ""Triton"", ""Ratikon"", ""Nivalis""]","[0.9009393453598022, 0.7108764052391052, 0.5340399146080017, 0.5177997350692749, 0.514895498752594]"
0,centroid,1,229,Ilias,Ilias,"[""Ilias"", ""Ratikon"", ""Denom"", ""Nivalis"", ""Velorum""]","[0.8874977827072144, 0.7885695695877075, 0.7790254354476929, 0.6253457069396973, 0.31735122203826904]"
0,centroid,1,230,Ilias,Ilias,"[""Ilias"", ""Ratikon"", ""Denom"", ""Nivalis"", ""Velorum""]","[0.901263952255249, 0.6062566041946411, 0.5009356737136841, 0.49717727303504944, 0.439505934715271]"
0,centroid,1,231,Ilias,Ilias,"[""Ilias"", ""Ratikon"", ""Velorum"", ""Denom"", ""Nivalis""]","[0.6510653495788574, 0.6332607269287109, 0.5821261405944824, 0.5506826043128967, 0.4933633506298065]"
0,centroid,1,232,Ilias,Ilias,"[""Ilias"", ""Ratikon"", ""Denom"", ""Nivalis"", ""Velorum""]","[0.8833168745040894, 0.8500422239303589, 0.8450502753257751, 0.6499772071838379, 0.3547414541244507]"
0,centroid,1,233,Ilias,Ilias,"[""Ilias"", ""Denom"", ""Velorum"", ""Nivalis"", ""Ratikon""]","[0.9480983018875122, 0.7060620784759521, 0.6938095688819885, 0.6031129360198975, 0.5862765908241272]"
0,centroid,1,234,Ilias,Denom,"[""Denom"", ""Ilias"", ""Ratikon"", ""Nivalis"", ""Velorum""]","[0.8886300325393677, 0.7999711036682129, 0.7727371454238892, 0.633019208908081, 0.4779593348503113]"
0,centroid,1,235,Ilias,Ilias,"[""Ilias"", ""Ratikon"", ""Denom"", ""Nivalis"", ""Velorum""]","[0.904360294342041, 0.6803633570671082, 0.5570482015609741, 0.5441775918006897, 0.5237466096878052]"
0,centroid,1,236,Ilias,Ilias,"[""Ilias"", ""Velorum"", ""Nivalis"", ""Denom"", ""Ratikon""]","[0.7906429767608643, 0.7763094902038574, 0.5199745893478394, 0.4427478015422821, 0.43781572580337524]"
0,centroid,1,237,Ilias,Ilias,"[""Ilias"", ""Ratikon"", ""Velorum"", ""Nivalis"", ""Denom""]","[0.8098858594894409, 0.6925135850906372, 0.6768572926521301, 0.6565389633178711, 0.5211977362632751]"
0,centroid,1,238,Ilias,Ilias,"[""Ilias"", ""Ratikon"", ""Denom"", ""Nivalis"", ""Velorum""]","[0.9447876214981079, 0.7767840623855591, 0.7324029207229614, 0.5362876653671265, 0.5163218379020691]"
0,centroid,1,239,Ilias,Ilias,"[""Ilias"", ""Velorum"", ""Ratikon"", ""Triton"", ""Denom""]","[0.7615361213684082, 0.6334166526794434, 0.6117133498191833, 0.6005492210388184, 0.56119304895401]"
0,centroid,1,240,Ilias,Ilias,"[""Ilias"", ""Ratikon"", ""Denom"", ""Nivalis"", ""Triton""]","[0.7965792417526245, 0.7107473015785217, 0.6934131383895874, 0.5330597758293152, 0.48820221424102783]"
0,centroid,1,241,Ilias,Ilias,"[""Ilias"", ""Ratikon"", ""Denom"", ""Nivalis"", ""Gemini""]","[0.8417561054229736, 0.623397946357727, 0.5916642546653748, 0.4701005816459656, 0.3315490484237671]"
0,centroid,1,242,Ilias,Ilias,"[""Ilias"", ""Nivalis"", ""Ratikon"", ""Denom"", ""Velorum""]","[0.9028255939483643, 0.7366008758544922, 0.7249516248703003, 0.7069650888442993, 0.6122298240661621]"
0,centroid,1,243,Ilias,Ilias,"[""Ilias"", ""Velorum"", ""Denom"", ""Nivalis"", ""Ratikon""]","[0.8896398544311523, 0.6846155524253845, 0.6411914825439453, 0.6364848613739014, 0.5719240307807922]"
0,centroid,1,244,Ilias,Ilias,"[""Ilias"", ""Ratikon"", ""Denom"", ""Nivalis"", ""Velorum""]","[0.9063342809677124, 0.6321043968200684, 0.5745409727096558, 0.496635377407074, 0.41354960203170776]"
0,centroid,1,245,Mytikas,Mytikas,"[""Mytikas"", ""Vega"", ""Triton"", ""Hawk"", ""Trius""]","[0.7033716440200806, 0.2846984267234802, 0.2838427424430847, 0.23895049095153809, 0.22638221085071564]"
0,centroid,1,246,Mytikas,Mytikas,"[""Mytikas"", ""Alcatras"", ""Braga"", ""Triton"", ""Alaris""]","[0.7560777068138123, 0.6774501800537109, 0.6080093383789062, 0.5953977108001709, 0.5924297571182251]"
0,centroid,1,247,Mytikas,Mytikas,"[""Mytikas"", ""Turbine"", ""Triton"", ""Gemini"", ""Trius""]","[0.6436255574226379, 0.45880645513534546, 0.4402560293674469, 0.3761184811592102, 0.3229360282421112]"
0,centroid,1,248,Mytikas,Triton,"[""Triton"", ""Mytikas"", ""Castor"", ""Trius"", ""Velorum""]","[0.8315856456756592, 0.6754541993141174, 0.5948798656463623, 0.5692373514175415, 0.4795108735561371]"
0,centroid,1,249,Mytikas,Castor,"[""Castor"", ""Mytikas"", ""Alcatras"", ""Triton"", ""Turbine""]","[0.7745438814163208, 0.7662313580513, 0.6964205503463745, 0.6713435053825378, 0.6006852984428406]"
0,centroid,1,250,Mytikas,Triton,"[""Triton"", ""Mytikas"", ""Trius"", ""Castor"", ""Alcatras""]","[0.8796751499176025, 0.8465633988380432, 0.7348489165306091, 0.5260440707206726, 0.516090452671051]"
0,centroid,1,251,Mytikas,Triton,"[""Triton"", ""Mytikas"", ""Castor"", ""Trius"", ""Braga""]","[0.9031801819801331, 0.8414256572723389, 0.6544591784477234, 0.6189935207366943, 0.46035653352737427]"
0,centroid,1,252,Mytikas,Mytikas,"[""Mytikas"", ""Triton"", ""Castor"", ""Alcatras"", ""Turbine""]","[0.7015639543533325, 0.5548944473266602, 0.42558836936950684, 0.3664079010486603, 0.2693351209163666]"
0,centroid,1,253,Mytikas,Mytikas,"[""Mytikas"", ""Triton"", ""Trius"", ""Castor"", ""Nivalis""]","[0.7698507905006409, 0.4185052812099457, 0.343251496553421, 0.3101080656051636, 0.1737339347600937]"
0,centroid,1,254,Mytikas,Mytikas,"[""Mytikas"", ""Trius"", ""Triton"", ""Castor"", ""Alcatras""]","[0.8381031155586243, 0.627187192440033, 0.5325076580047607, 0.46088773012161255, 0.35457879304885864]"
0,centroid,1,255,Mytikas,Mytikas,"[""Mytikas"", ""Triton"", ""Castor"", ""Alcatras"", ""Trius""]","[0.7962393760681152, 0.630581259727478, 0.5476776957511902, 0.4122820198535919, 0.29668331146240234]"
0,centroid,1,256,Mytikas,Mytikas,"[""Mytikas"", ""Alcatras"", ""Triton"", ""Trius"", ""Braga""]","[0.8865629434585571, 0.6830403208732605, 0.6716867685317993, 0.6312493085861206, 0.562574028968811]"
0,centroid,1,257,Mytikas,Mytikas,"[""Mytikas"", ""Trius"", ""Triton"", ""Nivalis"", ""Vega""]","[0.7263815402984619, 0.4237094819545746, 0.3129664957523346, 0.29347747564315796, 0.2001495659351349]"
0,centroid,1,258,Mytikas,Mytikas,"[""Mytikas"", ""Trius"", ""Triton"", ""Braga"", ""Vega""]","[0.7555482387542725, 0.5343692898750305, 0.46150875091552734, 0.41051822900772095, 0.36170434951782227]"
0,centroid,1,259,Mytikas,Mytikas,"[""Mytikas"", ""Castor"", ""Triton"", ""Alcatras"", ""Trius""]","[0.804128885269165, 0.7291489839553833, 0.6561164855957031, 0.41948962211608887, 0.3553122282028198]"
0,centroid,1,260,Mytikas,Mytikas,"[""Mytikas"", ""Alcatras"", ""Triton"", ""Castor"", ""Trius""]","[0.8215829133987427, 0.7996820211410522, 0.5979528427124023, 0.573813796043396, 0.5672143697738647]"
0,centroid,1,261,Mytikas,Mytikas,"[""Mytikas"", ""Triton"", ""Turbine"", ""Trius"", ""Alcatras""]","[0.8270151019096375, 0.5306175947189331, 0.5006049275398254, 0.48756352066993713, 0.3474317193031311]"
0,centroid,1,262,Mytikas,Mytikas,"[""Mytikas"", ""Castor"", ""Xtreme"", ""Trius"", ""Triton""]","[0.6819351315498352, 0.42163604497909546, 0.3960205018520355, 0.37384524941444397, 0.36023128032684326]"
0,centroid,1,263,Mytikas,Mytikas,"[""Mytikas"", ""Triton"", ""Braga"", ""Castor"", ""Trius""]","[0.8233754634857178, 0.7002114057540894, 0.6496420502662659, 0.5709053874015808, 0.5619716644287109]"
0,centroid,1,264,Mytikas,Mytikas,"[""Mytikas"", ""Triton"", ""Turbine"", ""Braga"", ""Castor""]","[0.7802790403366089, 0.6334196925163269, 0.4168856143951416, 0.3753800094127655, 0.37133562564849854]"
0,centroid,1,265,Mytikas,Mytikas,"[""Mytikas"", ""Triton"", ""Trius"", ""Castor"", ""Alcatras""]","[0.7696599364280701, 0.751198947429657, 0.6869460344314575, 0.38254183530807495, 0.2945987582206726]"
0,centroid,1,266,Mytikas,Mytikas,"[""Mytikas"", ""Castor"", ""Triton"", ""Alcatras"", ""Trius""]","[0.9059040546417236, 0.6982656717300415, 0.6916184425354004, 0.5985832810401917, 0.5109366178512573]"
0,centroid,1,267,Mytikas,Mytikas,"[""Mytikas"", ""Triton"", ""Trius"", ""Castor"", ""Alcatras""]","[0.8683412075042725, 0.7772002816200256, 0.6560784578323364, 0.634545624256134, 0.6032360792160034]"
0,centroid,1,268,Mytikas,Mytikas,"[""Mytikas"", ""Triton"", ""Trius"", ""Castor"", ""Turbine""]","[0.7921889424324036, 0.5475958585739136, 0.3831356167793274, 0.3664010763168335, 0.3519684672355652]"
0,centroid,1,269,Mytikas,Mytikas,"[""Mytikas"", ""Triton"", ""Trius"", ""Gemini"", ""Ilias""]","[0.846269428730011, 0.6092889904975891, 0.5951038599014282, 0.3380833864212036, 0.3249956965446472]"
0,centroid,1,270,Mytikas,Triton,"[""Triton"", ""Trius"", ""Mytikas"", ""Castor"", ""Alaris""]","[0.7811200022697449, 0.7029863595962524, 0.6919633746147156, 0.6048592329025269, 0.5861203670501709]"
0,centroid,1,271,Mytikas,Mytikas,"[""Mytikas"", ""Castor"", ""Alcatras"", ""Triton"", ""Trius""]","[0.840409517288208, 0.6975671648979187, 0.6814050674438477, 0.597500205039978, 0.5137343406677246]"
0,centroid,1,272,Mytikas,Triton,"[""Triton"", ""Mytikas"", ""Trius"", ""Braga"", ""Castor""]","[0.8062053322792053, 0.7710005640983582, 0.728949785232544, 0.4861280918121338, 0.4061443507671356]"
0,centroid,1,273,Nivalis,Nivalis,"[""Nivalis"", ""Ilias"", ""Denom"", ""Ratikon"", ""Velorum""]","[0.8083978295326233, 0.6319329142570496, 0.5679265260696411, 0.5233694314956665, 0.39882874488830566]"
0,centroid,1,274,Nivalis,Nivalis,"[""Nivalis"", ""Ratikon"", ""Denom"", ""Ilias"", ""Velorum""]","[0.8945517539978027, 0.4509548544883728, 0.44452428817749023, 0.4319855570793152, 0.387601375579834]"
0,centroid,1,275,Nivalis,Nivalis,"[""Nivalis"", ""Ratikon"", ""Denom"", ""Ilias"", ""Velorum""]","[0.7689683437347412, 0.7635024785995483, 0.7451972365379333, 0.38497409224510193, 0.14700233936309814]"
0,centroid,1,276,Nivalis,Nivalis,"[""Nivalis"", ""Denom"", ""Ratikon"", ""Ilias"", ""Velorum""]","[0.9169710278511047, 0.7418470978736877, 0.6632296442985535, 0.6408184766769409, 0.35358965396881104]"
0,centroid,1,277,Nivalis,Nivalis,"[""Nivalis"", ""Ratikon"", ""Denom"", ""Ilias"", ""Vega""]","[0.8191399574279785, 0.5816062688827515, 0.5010387301445007, 0.46856552362442017, 0.2383798360824585]"
0,centroid,1,278,Nivalis,Nivalis,"[""Nivalis"", ""Ratikon"", ""Ilias"", ""Denom"", ""Velorum""]","[0.8278809785842896, 0.5607035756111145, 0.5286439657211304, 0.38738495111465454, 0.3230200707912445]"
0,centroid,1,279,Nivalis,Nivalis,"[""Nivalis"", ""Denom"", ""Ratikon"", ""Steel_Wheel"", ""Ilias""]","[0.6461054086685181, 0.5695558190345764, 0.43368539214134216, 0.14517998695373535, 0.07291556149721146]"
0,centroid,1,280,Nivalis,Velorum,"[""Velorum"", ""Ilias"", ""Mytikas"", ""Nivalis"", ""Denom""]","[0.5639514923095703, 0.5387165546417236, 0.48623549938201904, 0.47000497579574585, 0.4226421117782593]"
0,centroid,1,281,Nivalis,Denom,"[""Denom"", ""Ratikon"", ""Nivalis"", ""Ilias"", ""Velorum""]","[0.8932289481163025, 0.7436789870262146, 0.7183806300163269, 0.6346393823623657, 0.4246746003627777]"
0,centroid,1,282,Nivalis,Nivalis,"[""Nivalis"", ""Ratikon"", ""Ilias"", ""Vega"", ""Denom""]","[0.6745843887329102, 0.6212717890739441, 0.44588345289230347, 0.41331708431243896, 0.3574506938457489]"
0,centroid,1,283,Nivalis,Nivalis,"[""Nivalis"", ""Ilias"", ""Ratikon"", ""Denom"", ""Gemini""]","[0.8200657963752747, 0.679590106010437, 0.6646226644515991, 0.6586798429489136, 0.292015016078949]"
0,centroid,1,284,Nivalis,Nivalis,"[""Nivalis"", ""Velorum"", ""Denom"", ""Ilias"", ""Ratikon""]","[0.8752336502075195, 0.6605865955352783, 0.6595832705497742, 0.6181489825248718, 0.5503211617469788]"
0,centroid,1,285,Nivalis,Ilias,"[""Ilias"", ""Nivalis"", ""Velorum"", ""Denom"", ""Ratikon""]","[0.6357437968254089, 0.5848860740661621, 0.327525794506073, 0.28503918647766113, 0.2846062183380127]"
0,centroid,1,286,Nivalis,Nivalis,"[""Nivalis"", ""Velorum"", ""Denom"", ""Ilias"", ""Ratikon""]","[0.7924031019210815, 0.7006427645683289, 0.6561892032623291, 0.5494115352630615, 0.4826940596103668]"
0,centroid,1,287,Nivalis,Nivalis,"[""Nivalis"", ""Ilias"", ""Ratikon"", ""Denom"", ""Vega""]","[0.7431577444076538, 0.5876971483230591, 0.5388379693031311, 0.5339487791061401, 0.3924061059951782]"
0,centroid,1,288,Nivalis,Nivalis,"[""Nivalis"", ""Denom"", ""Ratikon"", ""Ilias"", ""Gemini""]","[0.6420367956161499, 0.48716917634010315, 0.4531218707561493, 0.4306948184967041, 0.4245518445968628]"
0,centroid,1,289,Nivalis,Nivalis,"[""Nivalis"", ""Ratikon"", ""Denom"", ""Ilias"", ""Velorum""]","[0.8779364824295044, 0.5004779696464539, 0.42006027698516846, 0.29639384150505066, 0.1649295538663864]"
0,centroid,1,290,Nivalis,Nivalis,"[""Nivalis"", ""Denom"", ""Ilias"", ""Velorum"", ""Ratikon""]","[0.8241820335388184, 0.8022429943084717, 0.6328301429748535, 0.5875816941261292, 0.571252167224884]"
0,centroid,1,291,Nivalis,Nivalis,"[""Nivalis"", ""Velorum"", ""Denom"", ""Ratikon"", ""Ilias""]","[0.7260223627090454, 0.5630566477775574, 0.5055718421936035, 0.4862421154975891, 0.3312857151031494]"
0,centroid,1,292,Nivalis,Nivalis,"[""Nivalis"", ""Ilias"", ""Ratikon"", ""Denom"", ""Velorum""]","[0.9369621276855469, 0.5881945490837097, 0.5843406915664673, 0.555186927318573, 0.431819885969162]"
0,centroid,1,293,Nivalis,Denom,"[""Denom"", ""Ilias"", ""Nivalis"", ""Ratikon"", ""Velorum""]","[0.7684704065322876, 0.6596192121505737, 0.5979490280151367, 0.5948578119277954, 0.42880213260650635]"
0,centroid,1,294,Nivalis,Nivalis,"[""Nivalis"", ""Denom"", ""Ratikon"", ""Ilias"", ""Velorum""]","[0.8380601406097412, 0.5943861603736877, 0.5690230131149292, 0.4181828498840332, 0.3556782305240631]"
0,centroid,1,295,Nivalis,Nivalis,"[""Nivalis"", ""Denom"", ""Ratikon"", ""Ilias"", ""Velorum""]","[0.8984448313713074, 0.7501406669616699, 0.6585698127746582, 0.5032644271850586, 0.42241203784942627]"
0,centroid,1,296,Ratikon,Ratikon,"[""Ratikon"", ""Ilias"", ""Nivalis"", ""Denom"", ""Vega""]","[0.9323683977127075, 0.735595703125, 0.7081432938575745, 0.6768370270729065, 0.16200323402881622]"
0,centroid,1,297,Ratikon,Ratikon,"[""Ratikon"", ""Ilias"", ""Denom"", ""Nivalis"", ""Velorum""]","[0.9009725451469421, 0.5580054521560669, 0.5409265756607056, 0.5281097292900085, 0.2204817533493042]"
0,centroid,1,298,Ratikon,Ilias,"[""Ilias"", ""Ratikon"", ""Denom"", ""Nivalis"", ""Velorum""]","[0.8851354122161865, 0.8365236520767212, 0.7707453966140747, 0.7434870600700378, 0.4526660740375519]"
0,centroid,1,299,Ratikon,Ratikon,"[""Ratikon"", ""Ilias"", ""Denom"", ""Nivalis"", ""Velorum""]","[0.8872842788696289, 0.8643953204154968, 0.6925561428070068, 0.6447845697402954, 0.5287004113197327]"
0,centroid,1,300,Ratikon,Ratikon,"[""Ratikon"", ""Denom"", ""Ilias"", ""Nivalis"", ""Velorum""]","[0.9305108785629272, 0.8403026461601257, 0.7416455745697021, 0.6917276382446289, 0.2143174111843109]"
0,centroid,1,301,Ratikon,Ratikon,"[""Ratikon"", ""Ilias"", ""Denom"", ""Nivalis"", ""Triton""]","[0.8707056641578674, 0.7038370370864868, 0.5834229588508606, 0.4407113492488861, 0.23218601942062378]"
0,centroid,1,302,Ratikon,Ratikon,"[""Ratikon"", ""Denom"", ""Nivalis"", ""Ilias"", ""Steel_Wheel""]","[0.7830436825752258, 0.5648202300071716, 0.49255746603012085, 0.46723973751068115, 0.2661982476711273]"
0,centroid,1,303,Ratikon,Ratikon,"[""Ratikon"", ""Denom"", ""Nivalis"", ""Ilias"", ""Velorum""]","[0.93532395362854, 0.7470593452453613, 0.6835264563560486, 0.617465078830719, 0.12066198885440826]"
0,centroid,1,304,Ratikon,Ratikon,"[""Ratikon"", ""Ilias"", ""Denom"", ""Nivalis"", ""Velorum""]","[0.9035268425941467, 0.8357465863227844, 0.7998448610305786, 0.6719244718551636, 0.5601581931114197]"
0,centroid,1,305,Ratikon,Ratikon,"[""Ratikon"", ""Ilias"", ""Nivalis"", ""Denom"", ""Velorum""]","[0.8771641254425049, 0.679309606552124, 0.6178603172302246, 0.6074727177619934, 0.2015061378479004]"
0,centroid,1,306,Ratikon,Ratikon,"[""Ratikon"", ""Denom"", ""Ilias"", ""Nivalis"", ""Triton""]","[0.8334899544715881, 0.6552271246910095, 0.6148805618286133, 0.5089076161384583, 0.2927549183368683]"
0,centroid,1,307,Ratikon,Nivalis,"[""Nivalis"", ""Ratikon"", ""Denom"", ""Ilias"", ""Velorum""]","[0.8495118021965027, 0.8449954986572266, 0.7554885745048523, 0.6176580786705017, 0.5218558311462402]"
0,centroid,1,308,Ratikon,Nivalis,"[""Nivalis"", ""Ratikon"", ""Denom"", ""Ilias"", ""Velorum""]","[0.843036949634552, 0.8304110765457153, 0.6565290093421936, 0.5814967751502991, 0.4496864676475525]"
0,centroid,1,309,Ratikon,Ratikon,"[""Ratikon"", ""Ilias"", ""Denom"", ""Nivalis"", ""Triton""]","[0.9262535572052002, 0.7879986763000488, 0.6580910086631775, 0.6075783967971802, 0.22246217727661133]"
0,centroid,1,310,Ratikon,Ratikon,"[""Ratikon"", ""Denom"", ""Nivalis"", ""Ilias"", ""Velorum""]","[0.9452216625213623, 0.7451680302619934, 0.6722378730773926, 0.5867586135864258, 0.09322483837604523]"
0,centroid,1,311,Ratikon,Ilias,"[""Ilias"", ""Ratikon"", ""Nivalis"", ""Denom"", ""Velorum""]","[0.8741153478622437, 0.8428990840911865, 0.7457442283630371, 0.7073718309402466, 0.5597249269485474]"
0,centroid,1,312,Ratikon,Ratikon,"[""Ratikon"", ""Denom"", ""Ilias"", ""Nivalis"", ""Velorum""]","[0.8947998881340027, 0.8364847898483276, 0.8285229802131653, 0.6566484570503235, 0.2784212529659271]"
0,centroid,1,313,Ratikon,Ratikon,"[""Ratikon"", ""Ilias"", ""Nivalis"", ""Denom"", ""Velorum""]","[0.8147304058074951, 0.7694913744926453, 0.6010099649429321, 0.5978070497512817, 0.5537885427474976]"
0,centroid,1,314,Ratikon,Ratikon,"[""Ratikon"", ""Ilias"", ""Nivalis"", ""Denom"", ""Velorum""]","[0.8415433168411255, 0.7069340348243713, 0.601259171962738, 0.5925158262252808, 0.18442150950431824]"
0,centroid,1,315,Ratikon,Ratikon,"[""Ratikon"", ""Ilias"", ""Denom"", ""Nivalis"", ""Velorum""]","[0.7923599481582642, 0.7066781520843506, 0.6461871862411499, 0.5054527521133423, 0.15749605000019073]"
0,centroid,1,316,Ratikon,Ratikon,"[""Ratikon"", ""Ilias"", ""Denom"", ""Nivalis"", ""Vega""]","[0.9013862609863281, 0.6295504570007324, 0.5761517286300659, 0.5688930749893188, 0.3106446862220764]"
0,centroid,1,317,Ratikon,Ratikon,"[""Ratikon"", ""Ilias"", ""Nivalis"", ""Denom"", ""Velorum""]","[0.9342604279518127, 0.8397732377052307, 0.734050989151001, 0.727598249912262, 0.3044952154159546]"
0,centroid,1,318,Ratikon,Ratikon,"[""Ratikon"", ""Denom"", ""Ilias"", ""Nivalis"", ""Velorum""]","[0.900606632232666, 0.7869834303855896, 0.7057607173919678, 0.6201102137565613, 0.1740507334470749]"
0,centroid,1,319,Ratikon,Ratikon,"[""Ratikon"", ""Denom"", ""Nivalis"", ""Ilias"", ""Velorum""]","[0.9121243953704834, 0.8925653100013733, 0.8071280717849731, 0.7829327583312988, 0.40786826610565186]"
0,centroid,1,320,Ratikon,Ratikon,"[""Ratikon"", ""Denom"", ""Ilias"", ""Nivalis"", ""Velorum""]","[0.9229845404624939, 0.8591752052307129, 0.8359777331352234, 0.6791425943374634, 0.38159632682800293]"
0,centroid,1,321,Ratikon,Ratikon,"[""Ratikon"", ""Ilias"", ""Denom"", ""Nivalis"", ""Vega""]","[0.9101678133010864, 0.6961573362350464, 0.6742799878120422, 0.6543915271759033, 0.20978008210659027]"
0,centroid,1,322,Ratikon,Ratikon,"[""Ratikon"", ""Denom"", ""Ilias"", ""Nivalis"", ""Velorum""]","[0.8692523241043091, 0.8239260911941528, 0.7551971077919006, 0.6897008419036865, 0.6121453046798706]"
0,centroid,1,323,Ratikon,Ratikon,"[""Ratikon"", ""Denom"", ""Ilias"", ""Nivalis"", ""Alaris""]","[0.853789746761322, 0.7545185685157776, 0.5571842789649963, 0.49841949343681335, 0.00817372277379036]"
0,centroid,1,324,Steel_Wheel,Steel_Wheel,"[""Steel_Wheel"", ""Xtreme"", ""Nivalis"", ""Mytikas"", ""Gemini""]","[0.9313452243804932, -0.04326902702450752, -0.07240305840969086, -0.11374054104089737, -0.12169665098190308]"
0,centroid,1,325,Steel_Wheel,Steel_Wheel,"[""Steel_Wheel"", ""Xtreme"", ""Gemini"", ""Mytikas"", ""Alcatras""]","[0.9637323617935181, 0.0838676244020462, -0.047320447862148285, -0.09535837173461914, -0.11599861085414886]"
0,centroid,1,326,Steel_Wheel,Steel_Wheel,"[""Steel_Wheel"", ""Mytikas"", ""Xtreme"", ""Castor"", ""Alcatras""]","[0.9459465742111206, -0.010125497356057167, -0.06071001663804054, -0.09032050520181656, -0.10212584584951401]"
0,centroid,1,327,Steel_Wheel,Steel_Wheel,"[""Steel_Wheel"", ""Xtreme"", ""Nivalis"", ""Velorum"", ""Denom""]","[0.8317126035690308, 0.05254700779914856, -0.013098437339067459, -0.014175906777381897, -0.07791094481945038]"
0,centroid,1,328,Steel_Wheel,Steel_Wheel,"[""Steel_Wheel"", ""Velorum"", ""Denom"", ""Nivalis"", ""Ilias""]","[0.9507150053977966, 0.030158353969454765, -0.011623075231909752, -0.029470015317201614, -0.041429553180933]"
0,centroid,1,329,Steel_Wheel,Steel_Wheel,"[""Steel_Wheel"", ""Xtreme"", ""Gemini"", ""Denom"", ""Nivalis""]","[0.928557276725769, 0.06387254595756531, 0.021186187863349915, -0.10424180328845978, -0.1063004732131958]"
0,centroid,1,330,Steel_Wheel,Steel_Wheel,"[""Steel_Wheel"", ""Nivalis"", ""Xtreme"", ""Denom"", ""Gemini""]","[0.9156835079193115, 0.07832078635692596, -0.005968276411294937, -0.027702465653419495, -0.11768317222595215]"
0,centroid,1,331,Steel_Wheel,Steel_Wheel,"[""Steel_Wheel"", ""Xtreme"", ""Gemini"", ""Denom"", ""Mytikas""]","[0.971903920173645, 0.049805961549282074, -0.026543492451310158, -0.13105714321136475, -0.13986609876155853]"
0,centroid,1,332,Steel_Wheel,Steel_Wheel,"[""Steel_Wheel"", ""Mytikas"", ""Xtreme"", ""Gemini"", ""Alaris""]","[0.9444530010223389, -0.0465579628944397, -0.060269881039857864, -0.06419196724891663, -0.12080593407154083]"
0,centroid,1,333,Steel_Wheel,Steel_Wheel,"[""Steel_Wheel"", ""Xtreme"", ""Gemini"", ""Velorum"", ""Alcatras""]","[0.9583159685134888, 0.03370377793908119, -0.0337601900100708, -0.09705749154090881, -0.10130047053098679]"
0,centroid,1,334,Steel_Wheel,Steel_Wheel,"[""Steel_Wheel"", ""Xtreme"", ""Castor"", ""Mytikas"", ""Alcatras""]","[0.9529505372047424, -0.05552200973033905, -0.06204675883054733, -0.10440686345100403, -0.15866604447364807]"
0,centroid,1,335,Steel_Wheel,Steel_Wheel,"[""Steel_Wheel"", ""Xtreme"", ""Mytikas"", ""Velorum"", ""Nivalis""]","[0.9541440010070801, 0.04501282423734665, 0.025480147451162338, -0.02089989371597767, -0.0675271674990654]"
0,centroid,1,336,Steel_Wheel,Steel_Wheel,"[""Steel_Wheel"", ""Xtreme"", ""Gemini"", ""Nivalis"", ""Velorum""]","[0.9655923843383789, 0.06324634701013565, -0.035324133932590485, -0.06310698390007019, -0.09407325834035873]"
0,centroid,1,337,Steel_Wheel,Steel_Wheel,"[""Steel_Wheel"", ""Turbine"", ""Nivalis"", ""Xtreme"", ""Mytikas""]","[0.872127115726471, -0.053388651460409164, -0.06467083841562271, -0.06849021464586258, -0.10931739956140518]"
0,centroid,1,338,Steel_Wheel,Steel_Wheel,"[""Steel_Wheel"", ""Nivalis"", ""Xtreme"", ""Denom"", ""Velorum""]","[0.9712231755256653, 0.059130001813173294, 0.03146251663565636, -0.019990039989352226, -0.05094520002603531]"
0,centroid,1,339,Steel_Wheel,Steel_Wheel,"[""Steel_Wheel"", ""Xtreme"", ""Mytikas"", ""Nivalis"", ""Velorum""]","[0.965078592300415, 0.06462735682725906, -0.054569993168115616, -0.0963101014494896, -0.15079054236412048]"
0,centroid,1,340,Steel_Wheel,Steel_Wheel,"[""Steel_Wheel"", ""Xtreme"", ""Denom"", ""Nivalis"", ""Ratikon""]","[0.9649473428726196, 0.01557333767414093, -0.027040448039770126, -0.05216684564948082, -0.08962377160787582]"
0,centroid,1,341,Steel_Wheel,Steel_Wheel,"[""Steel_Wheel"", ""Xtreme"", ""Nivalis"", ""Turbine"", ""Mytikas""]","[0.8964681029319763, 0.05847755819559097, -0.03027590736746788, -0.10000203549861908, -0.11704057455062866]"
0,centroid,1,342,Steel_Wheel,Steel_Wheel,"[""Steel_Wheel"", ""Xtreme"", ""Nivalis"", ""Turbine"", ""Gemini""]","[0.9027808904647827, -0.03589322417974472, -0.0634283795952797, -0.07190246880054474, -0.10761668533086777]"
0,centroid,1,343,Steel_Wheel,Steel_Wheel,"[""Steel_Wheel"", ""Xtreme"", ""Mytikas"", ""Hawk"", ""Alcatras""]","[0.9395437240600586, 0.01082831621170044, -0.011525377631187439, -0.10470657050609589, -0.13658903539180756]"
0,centroid,1,344,Steel_Wheel,Steel_Wheel,"[""Steel_Wheel"", ""Velorum"", ""Xtreme"", ""Alcatras"", ""Ilias""]","[0.9382427930831909, -0.0007974114269018173, -0.023358523845672607, -0.06262463331222534, -0.08220403641462326]"
0,centroid,1,345,Steel_Wheel,Steel_Wheel,"[""Steel_Wheel"", ""Xtreme"", ""Castor"", ""Mytikas"", ""Hawk""]","[0.9384121894836426, -0.03475651144981384, -0.0507989376783371, -0.05517430603504181, -0.09222164005041122]"
0,centroid,1,346,Steel_Wheel,Steel_Wheel,"[""Steel_Wheel"", ""Xtreme"", ""Velorum"", ""Ilias"", ""Ratikon""]","[0.944130539894104, 0.033670373260974884, -0.019042905420064926, -0.025590065866708755, -0.07043249160051346]"
0,centroid,1,347,Steel_Wheel,Steel_Wheel,"[""Steel_Wheel"", ""Xtreme"", ""Mytikas"", ""Nivalis"", ""Gemini""]","[0.9306960105895996, -0.009321648627519608, -0.11025048047304153, -0.13657063245773315, -0.1710551381111145]"
0,centroid,1,348,Steel_Wheel,Steel_Wheel,"[""Steel_Wheel"", ""Mytikas"", ""Denom"", ""Nivalis"", ""Xtreme""]","[0.9456256628036499, -0.04502783715724945, -0.06762034446001053, -0.08235548436641693, -0.10146846622228622]"
0,centroid,1,349,Steel_Wheel,Steel_Wheel,"[""Steel_Wheel"", ""Xtreme"", ""Castor"", ""Turbine"", ""Mytikas""]","[0.9231411218643188, 0.019362695515155792, 0.009678649716079235, -0.07979869842529297, -0.10433128476142883]"
0,centroid,1,350,Steel_Wheel,Steel_Wheel,"[""Steel_Wheel"", ""Nivalis"", ""Mytikas"", ""Denom"", ""Xtreme""]","[0.9271376729011536, -0.0007782010361552238, -0.001134190708398819, -0.0662749856710434, -0.10226473212242126]"
0,centroid,1,351,Steel_Wheel,Steel_Wheel,"[""Steel_Wheel"", ""Ratikon"", ""Ilias"", ""Denom"", ""Nivalis""]","[0.9416192770004272, 0.08836008608341217, 0.0206109881401062, 0.017998283728957176, -0.024100087583065033]"
0,centroid,1,352,Steel_Wheel,Steel_Wheel,"[""Steel_Wheel"", ""Xtreme"", ""Velorum"", ""Ilias"", ""Denom""]","[0.9630970358848572, -0.006058987230062485, -0.035857975482940674, -0.05755853280425072, -0.06749626994132996]"
0,centroid,1,353,Steel_Wheel,Steel_Wheel,"[""Steel_Wheel"", ""Gemini"", ""Xtreme"", ""Ilias"", ""Denom""]","[0.8820794820785522, 0.21275633573532104, 0.17625299096107483, 0.003022750373929739, -0.019984789192676544]"
0,centroid,1,354,Steel_Wheel,Steel_Wheel,"[""Steel_Wheel"", ""Xtreme"", ""Gemini"", ""Mytikas"", ""Nivalis""]","[0.9459047317504883, 0.0403180830180645, -0.0005974732339382172, -0.0068186018615961075, -0.12872767448425293]"
0,centroid,1,355,Steel_Wheel,Steel_Wheel,"[""Steel_Wheel"", ""Ratikon"", ""Denom"", ""Nivalis"", ""Ilias""]","[0.8747012615203857, 0.226085364818573, 0.2041649967432022, 0.14336496591567993, 0.08574540913105011]"
0,centroid,1,356,Steel_Wheel,Steel_Wheel,"[""Steel_Wheel"", ""Denom"", ""Nivalis"", ""Ratikon"", ""Velorum""]","[0.9672589302062988, 0.010288750752806664, -0.04994036257266998, -0.07173623144626617, -0.08537135273218155]"
0,centroid,1,357,Steel_Wheel,Steel_Wheel,"[""Steel_Wheel"", ""Xtreme"", ""Nivalis"", ""Denom"", ""Mytikas""]","[0.9464921951293945, -0.042647361755371094, -0.04700201749801636, -0.08718016743659973, -0.08861751109361649]"
0,centroid,1,358,Steel_Wheel,Steel_Wheel,"[""Steel_Wheel"", ""Denom"", ""Ratikon"", ""Nivalis"", ""Xtreme""]","[0.9776203632354736, 0.005189981311559677, -0.0016909968107938766, -0.04441303014755249, -0.08761109411716461]"
0,centroid,1,359,Steel_Wheel,Steel_Wheel,"[""Steel_Wheel"", ""Xtreme"", ""Gemini"", ""Braga"", ""Denom""]","[0.8618166446685791, 0.19330880045890808, 0.023575063794851303, -0.0696832686662674, -0.11609621345996857]"
0,centroid,1,360,Triton,Triton,"[""Triton"", ""Trius"", ""Braga"", ""Mytikas"", ""Alcatras""]","[0.8543989658355713, 0.7008434534072876, 0.5967165231704712, 0.48095953464508057, 0.4378059208393097]"
0,centroid,1,361,Triton,Mytikas,"[""Mytikas"", ""Triton"", ""Trius"", ""Alcatras"", ""Castor""]","[0.8430190682411194, 0.8378899097442627, 0.6652218103408813, 0.6453684568405151, 0.6366550922393799]"
0,centroid,1,362,Triton,Triton,"[""Triton"", ""Mytikas"", ""Trius"", ""Braga"", ""Castor""]","[0.913262128829956, 0.8002134561538696, 0.6171600818634033, 0.5072746276855469, 0.4307488203048706]"
0,centroid,1,363,Triton,Triton,"[""Triton"", ""Trius"", ""Mytikas"", ""Castor"", ""Braga""]","[0.8249305486679077, 0.6115691661834717, 0.606677770614624, 0.41322091221809387, 0.37204816937446594]"
0,centroid,1,364,Triton,Braga,"[""Braga"", ""Trius"", ""Triton"", ""Mytikas"", ""Turbine""]","[0.7610132098197937, 0.7167361974716187, 0.6502070426940918, 0.6492481231689453, 0.503033459186554]"
0,centroid,1,365,Triton,Triton,"[""Triton"", ""Trius"", ""Castor"", ""Mytikas"", ""Braga""]","[0.7727271318435669, 0.7688356637954712, 0.7271896600723267, 0.6252610683441162, 0.6246025562286377]"
0,centroid,1,366,Triton,Triton,"[""Triton"", ""Trius"", ""Mytikas"", ""Braga"", ""Castor""]","[0.9511746168136597, 0.7193920612335205, 0.6870416402816772, 0.557820200920105, 0.4304339289665222]"
0,centroid,1,367,Triton,Triton,"[""Triton"", ""Trius"", ""Mytikas"", ""Braga"", ""Castor""]","[0.9514879584312439, 0.7354539632797241, 0.6404833197593689, 0.600963830947876, 0.5088910460472107]"
0,centroid,1,368,Triton,Triton,"[""Triton"", ""Mytikas"", ""Braga"", ""Trius"", ""Castor""]","[0.7427406907081604, 0.6189373135566711, 0.6041635274887085, 0.562419593334198, 0.4656231999397278]"
0,centroid,1,369,Triton,Triton,"[""Triton"", ""Trius"", ""Mytikas"", ""Braga"", ""Alcatras""]","[0.909635066986084, 0.8754061460494995, 0.6895889043807983, 0.6571189165115356, 0.5119215846061707]"
0,centroid,1,370,Triton,Triton,"[""Triton"", ""Trius"", ""Mytikas"", ""Castor"", ""Braga""]","[0.9166042804718018, 0.7556923031806946, 0.6082792282104492, 0.5748875141143799, 0.5562899708747864]"
0,centroid,1,371,Triton,Triton,"[""Triton"", ""Trius"", ""Mytikas"", ""Braga"", ""Turbine""]","[0.8849015831947327, 0.7191424369812012, 0.5853099822998047, 0.5398386716842651, 0.4083111584186554]"
0,centroid,1,372,Triton,Triton,"[""Triton"", ""Trius"", ""Mytikas"", ""Braga"", ""Gemini""]","[0.7532114386558533, 0.7405104637145996, 0.5486270785331726, 0.5384225845336914, 0.38676464557647705]"
0,centroid,1,373,Triton,Triton,"[""Triton"", ""Trius"", ""Mytikas"", ""Braga"", ""Alcatras""]","[0.9145584106445312, 0.6558444499969482, 0.6412699222564697, 0.5062903761863708, 0.4109572172164917]"
0,centroid,1,374,Triton,Triton,"[""Triton"", ""Trius"", ""Mytikas"", ""Alcatras"", ""Alaris""]","[0.7948275804519653, 0.7889893651008606, 0.6721954345703125, 0.5407788753509521, 0.5402603149414062]"
0,centroid,1,375,Triton,Triton,"[""Triton"", ""Mytikas"", ""Trius"", ""Ilias"", ""Alcatras""]","[0.8508008122444153, 0.6411417126655579, 0.6401516795158386, 0.4832581579685211, 0.4026176631450653]"
0,centroid,1,376,Triton,Triton,"[""Triton"", ""Mytikas"", ""Trius"", ""Ilias"", ""Braga""]","[0.8831644058227539, 0.5977486968040466, 0.5764232873916626, 0.44875651597976685, 0.44700562953948975]"
0,centroid,1,377,Triton,Triton,"[""Triton"", ""Trius"", ""Mytikas"", ""Castor"", ""Alcatras""]","[0.8140045404434204, 0.7296730279922485, 0.6813986301422119, 0.6792892217636108, 0.5883281230926514]"
0,centroid,1,378,Triton,Triton,"[""Triton"", ""Trius"", ""Mytikas"", ""Braga"", ""Castor""]","[0.8960103988647461, 0.7111209034919739, 0.5253939032554626, 0.4649907946586609, 0.4270232319831848]"
0,centroid,1,379,Triton,Triton,"[""Triton"", ""Mytikas"", ""Trius"", ""Braga"", ""Castor""]","[0.935018002986908, 0.7778277397155762, 0.7369215488433838, 0.6906431913375854, 0.5426245927810669]"
0,centroid,1,380,Triton,Triton,"[""Triton"", ""Trius"", ""Mytikas"", ""Braga"", ""Gemini""]","[0.8800674676895142, 0.8193677663803101, 0.6305853128433228, 0.6128798127174377, 0.42350614070892334]"
0,centroid,1,381,Triton,Triton,"[""Triton"", ""Mytikas"", ""Braga"", ""Trius"", ""Castor""]","[0.9017084836959839, 0.6784064769744873, 0.6439551115036011, 0.6057586669921875, 0.588628888130188]"
0,centroid,1,382,Triton,Triton,"[""Triton"", ""Ilias"", ""Velorum"", ""Trius"", ""Mytikas""]","[0.7864386439323425, 0.6347517967224121, 0.6098471283912659, 0.5414319038391113, 0.5198362469673157]"
0,centroid,1,383,Triton,Triton,"[""Triton"", ""Mytikas"", ""Trius"", ""Braga"", ""Alcatras""]","[0.9021341800689697, 0.7639818787574768, 0.7375891208648682, 0.558786153793335, 0.5027461647987366]"
0,centroid,1,384,Triton,Triton,"[""Triton"", ""Mytikas"", ""Ilias"", ""Trius"", ""Braga""]","[0.7588381767272949, 0.5055947303771973, 0.40816107392311096, 0.36232173442840576, 0.2699260413646698]"
0,centroid,1,385,Triton,Ilias,"[""Ilias"", ""Alaris"", ""Velorum"", ""Ratikon"", ""Trius""]","[0.6646941900253296, 0.5297949314117432, 0.45733946561813354, 0.43574219942092896, 0.3851877450942993]"
0,centroid,1,386,Triton,Triton,"[""Triton"", ""Trius"", ""Mytikas"", ""Braga"", ""Velorum""]","[0.8812976479530334, 0.6693310737609863, 0.6671671867370605, 0.5609509944915771, 0.5267071723937988]"
0,centroid,1,387,Triton,Triton,"[""Triton"", ""Trius"", ""Mytikas"", ""Ilias"", ""Braga""]","[0.8820158243179321, 0.7213683128356934, 0.5345064401626587, 0.42915666103363037, 0.42445260286331177]"
0,centroid,1,388,Triton,Triton,"[""Triton"", ""Trius"", ""Castor"", ""Mytikas"", ""Alcatras""]","[0.8727498054504395, 0.7166380286216736, 0.5908152461051941, 0.5549018383026123, 0.41411688923835754]"
0,centroid,1,389,Triton,Triton,"[""Triton"", ""Trius"", ""Mytikas"", ""Castor"", ""Braga""]","[0.9210160970687866, 0.7517380118370056, 0.7250246405601501, 0.619850754737854, 0.5248522162437439]"
0,centroid,1,390,Triton,Triton,"[""Triton"", ""Mytikas"", ""Castor"", ""Trius"", ""Braga""]","[0.9211726188659668, 0.781043291091919, 0.6595127582550049, 0.6371127367019653, 0.6370474696159363]"
0,centroid,1,391,Triton,Triton,"[""Triton"", ""Trius"", ""Mytikas"", ""Ilias"", ""Alcatras""]","[0.9108516573905945, 0.7248070240020752, 0.6352638006210327, 0.5131060481071472, 0.46163007616996765]"
0,centroid,1,392,Triton,Triton,"[""Triton"", ""Mytikas"", ""Trius"", ""Castor"", ""Braga""]","[0.9049193263053894, 0.7674944996833801, 0.6908981800079346, 0.6052350997924805, 0.5365204811096191]"
0,centroid,1,393,Triton,Triton,"[""Triton"", ""Trius"", ""Mytikas"", ""Ilias"", ""Velorum""]","[0.8550015091896057, 0.7522380948066711, 0.6295664310455322, 0.5951160788536072, 0.5670536756515503]"
0,centroid,1,394,Triton,Triton,"[""Triton"", ""Mytikas"", ""Trius"", ""Castor"", ""Braga""]","[0.9256899356842041, 0.7254354953765869, 0.6710668802261353, 0.5660297870635986, 0.4712708592414856]"
0,centroid,1,395,Triton,Triton,"[""Triton"", ""Mytikas"", ""Trius"", ""Braga"", ""Castor""]","[0.8419667482376099, 0.5876023769378662, 0.5091853737831116, 0.46232306957244873, 0.4235115051269531]"
0,centroid,1,396,Triton,Triton,"[""Triton"", ""Trius"", ""Mytikas"", ""Velorum"", ""Ilias""]","[0.8024665117263794, 0.7392088174819946, 0.6429375410079956, 0.6252388954162598, 0.5249804258346558]"
0,centroid,1,397,Triton,Triton,"[""Triton"", ""Trius"", ""Mytikas"", ""Castor"", ""Ilias""]","[0.8953229784965515, 0.721892237663269, 0.66858971118927, 0.4570138156414032, 0.40489500761032104]"
0,centroid,1,398,Triton,Triton,"[""Triton"", ""Mytikas"", ""Trius"", ""Alcatras"", ""Ilias""]","[0.8196815252304077, 0.6637595891952515, 0.6255390644073486, 0.49340057373046875, 0.46483778953552246]"
0,centroid,1,399,Triton,Triton,"[""Triton"", ""Castor"", ""Braga"", ""Mytikas"", ""Trius""]","[0.8851197957992554, 0.7395658493041992, 0.7247363924980164, 0.6952461004257202, 0.684066891670227]"
0,centroid,1,400,Triton,Triton,"[""Triton"", ""Braga"", ""Mytikas"", ""Trius"", ""Castor""]","[0.8631139993667603, 0.7382405996322632, 0.7236380577087402, 0.6669925451278687, 0.545383095741272]"
0,centroid,1,401,Triton,Triton,"[""Triton"", ""Trius"", ""Mytikas"", ""Castor"", ""Braga""]","[0.9292759895324707, 0.6984626054763794, 0.6555537581443787, 0.6448259353637695, 0.5878081917762756]"
0,centroid,1,402,Triton,Triton,"[""Triton"", ""Trius"", ""Mytikas"", ""Ilias"", ""Alaris""]","[0.8786693811416626, 0.6455627679824829, 0.5723474025726318, 0.44306680560112, 0.38455718755722046]"
0,centroid,1,403,Triton,Triton,"[""Triton"", ""Trius"", ""Vega"", ""Alaris"", ""Ilias""]","[0.663658618927002, 0.6322214603424072, 0.5125892758369446, 0.5065358877182007, 0.49597615003585815]"
0,centroid,1,404,Triton,Triton,"[""Triton"", ""Trius"", ""Mytikas"", ""Ilias"", ""Ratikon""]","[0.8236594200134277, 0.6597884893417358, 0.4632754921913147, 0.44153445959091187, 0.3847130537033081]"
0,centroid,1,405,Triton,Triton,"[""Triton"", ""Trius"", ""Ilias"", ""Ratikon"", ""Denom""]","[0.7294455170631409, 0.6084805727005005, 0.589978814125061, 0.5106302499771118, 0.5015439987182617]"
0,centroid,1,406,Triton,Triton,"[""Triton"", ""Trius"", ""Mytikas"", ""Castor"", ""Velorum""]","[0.9371358156204224, 0.692962110042572, 0.6582161784172058, 0.5429865121841431, 0.41615569591522217]"
0,centroid,1,407,Triton,Triton,"[""Triton"", ""Mytikas"", ""Trius"", ""Braga"", ""Alcatras""]","[0.8920102119445801, 0.7239305973052979, 0.7212883234024048, 0.639467716217041, 0.46405914425849915]"
0,centroid,1,408,Triton,Triton,"[""Triton"", ""Braga"", ""Mytikas"", ""Trius"", ""Castor""]","[0.8482908010482788, 0.7074259519577026, 0.675393283367157, 0.6741796731948853, 0.6522279977798462]"
0,centroid,1,409,Triton,Triton,"[""Triton"", ""Trius"", ""Mytikas"", ""Braga"", ""Castor""]","[0.8497046828269958, 0.6306476593017578, 0.5993301272392273, 0.5828481316566467, 0.30556830763816833]"
0,centroid,1,410,Triton,Triton,"[""Triton"", ""Mytikas"", ""Castor"", ""Braga"", ""Trius""]","[0.8295696973800659, 0.7892971038818359, 0.5653043985366821, 0.5609036087989807, 0.5095749497413635]"
0,centroid,1,411,Triton,Triton,"[""Triton"", ""Trius"", ""Mytikas"", ""Braga"", ""Ilias""]","[0.8955882787704468, 0.7692814469337463, 0.5205031633377075, 0.44321849942207336, 0.4215831458568573]"
0,centroid,1,412,Triton,Triton,"[""Triton"", ""Mytikas"", ""Trius"", ""Braga"", ""Velorum""]","[0.75982266664505, 0.7414846420288086, 0.6945114731788635, 0.5086711645126343, 0.46425050497055054]"
0,centroid,1,413,Triton,Triton,"[""Triton"", ""Mytikas"", ""Trius"", ""Castor"", ""Braga""]","[0.9130069017410278, 0.6319613456726074, 0.6132522821426392, 0.5421061515808105, 0.4173555076122284]"
0,centroid,1,414,Trius,Alcatras,"[""Alcatras"", ""Alaris"", ""Trius"", ""Triton"", ""Braga""]","[0.6828073859214783, 0.6482810378074646, 0.5410295724868774, 0.37886855006217957, 0.3747141659259796]"
0,centroid,1,415,Trius,Trius,"[""Trius"", ""Triton"", ""Braga"", ""Mytikas"", ""Castor""]","[0.9213968515396118, 0.7840130925178528, 0.7008678913116455, 0.6212918758392334, 0.5103133320808411]"
0,centroid,1,416,Trius,Trius,"[""Trius"", ""Alaris"", ""Vega"", ""Triton"", ""Alcatras""]","[0.8438351154327393, 0.6707172989845276, 0.5453982353210449, 0.48870012164115906, 0.4474097192287445]"
0,centroid,1,417,Trius,Trius,"[""Trius"", ""Alaris"", ""Castor"", ""Triton"", ""Turbine""]","[0.6131405234336853, 0.5407036542892456, 0.5388325452804565, 0.52414870262146, 0.48305022716522217]"
0,centroid,1,418,Trius,Braga,"[""Braga"", ""Trius"", ""Triton"", ""Alcatras"", ""Mytikas""]","[0.8771109580993652, 0.8183644413948059, 0.5979325175285339, 0.5694335103034973, 0.53260338306427]"
0,centroid,1,419,Trius,Trius,"[""Trius"", ""Alaris"", ""Alcatras"", ""Braga"", ""Triton""]","[0.8357812166213989, 0.7695074081420898, 0.6137974262237549, 0.5526319742202759, 0.5252912640571594]"
0,centroid,1,420,Trius,Trius,"[""Trius"", ""Mytikas"", ""Vega"", ""Gemini"", ""Braga""]","[0.5946980118751526, 0.41403353214263916, 0.31702420115470886, 0.2621760070323944, 0.2049328088760376]"
0,centroid,1,421,Trius,Trius,"[""Trius"", ""Triton"", ""Mytikas"", ""Braga"", ""Alcatras""]","[0.9026594161987305, 0.7962069511413574, 0.6347270011901855, 0.6008502840995789, 0.5687853097915649]"
0,centroid,1,422,Trius,Braga,"[""Braga"", ""Trius"", ""Alcatras"", ""Mytikas"", ""Turbine""]","[0.8413525223731995, 0.788810670375824, 0.58182692527771, 0.5687584280967712, 0.5579770803451538]"
0,centroid,1,423,Trius,Trius,"[""Trius"", ""Vega"", ""Mytikas"", ""Alaris"", ""Triton""]","[0.6926313042640686, 0.5767713785171509, 0.5098667144775391, 0.4451438784599304, 0.3872312903404236]"
0,centroid,1,424,Trius,Trius,"[""Trius"", ""Triton"", ""Braga"", ""Alcatras"", ""Castor""]","[0.7603907585144043, 0.5635048747062683, 0.4239664077758789, 0.3773689568042755, 0.370503306388855]"
0,centroid,1,425,Trius,Trius,"[""Trius"", ""Triton"", ""Braga"", ""Castor"", ""Mytikas""]","[0.8746784329414368, 0.7536194920539856, 0.6068317890167236, 0.5986054539680481, 0.5812135934829712]"
0,centroid,1,426,Trius,Trius,"[""Trius"", ""Mytikas"", ""Braga"", ""Triton"", ""Gemini""]","[0.7926360368728638, 0.6301921606063843, 0.6075928211212158, 0.5338341593742371, 0.5141294002532959]"
0,centroid,1,427,Trius,Trius,"[""Trius"", ""Mytikas"", ""Triton"", ""Vega"", ""Braga""]","[0.823343813419342, 0.707018256187439, 0.5990941524505615, 0.4759816527366638, 0.47157353162765503]"
0,centroid,1,428,Trius,Trius,"[""Trius"", ""Mytikas"", ""Triton"", ""Gemini"", ""Braga""]","[0.7341170310974121, 0.5137881636619568, 0.4854694604873657, 0.4720008969306946, 0.4200980067253113]"
0,centroid,1,429,Trius,Trius,"[""Trius"", ""Triton"", ""Ilias"", ""Alaris"", ""Mytikas""]","[0.8012404441833496, 0.5736541748046875, 0.5382024049758911, 0.4671444296836853, 0.439455509185791]"
0,centroid,1,430,Trius,Trius,"[""Trius"", ""Gemini"", ""Velorum"", ""Braga"", ""Mytikas""]","[0.6467181444168091, 0.483969122171402, 0.4412730932235718, 0.44037407636642456, 0.41017675399780273]"
0,centroid,1,431,Trius,Trius,"[""Trius"", ""Braga"", ""Mytikas"", ""Triton"", ""Alcatras""]","[0.8668971061706543, 0.747994065284729, 0.6740549206733704, 0.6581304669380188, 0.5343479514122009]"
0,centroid,1,432,Trius,Trius,"[""Trius"", ""Gemini"", ""Mytikas"", ""Denom"", ""Triton""]","[0.7243223786354065, 0.39714595675468445, 0.3666459619998932, 0.3204464912414551, 0.30044057965278625]"
0,centroid,1,433,Trius,Trius,"[""Trius"", ""Triton"", ""Mytikas"", ""Braga"", ""Turbine""]","[0.8840208053588867, 0.7375788688659668, 0.6285667419433594, 0.5365124344825745, 0.4757680892944336]"
0,centroid,1,434,Trius,Ilias,"[""Ilias"", ""Triton"", ""Ratikon"", ""Trius"", ""Mytikas""]","[0.6953363418579102, 0.6276010870933533, 0.5639519691467285, 0.5275156497955322, 0.49007493257522583]"
0,centroid,1,435,Trius,Trius,"[""Trius"", ""Braga"", ""Triton"", ""Mytikas"", ""Alcatras""]","[0.8702810406684875, 0.694921612739563, 0.65997314453125, 0.6351532936096191, 0.6236578226089478]"
0,centroid,1,436,Trius,Trius,"[""Trius"", ""Triton"", ""Alaris"", ""Ilias"", ""Vega""]","[0.7489449977874756, 0.6033475995063782, 0.5191394090652466, 0.5167046785354614, 0.4939320683479309]"
0,centroid,1,437,Trius,Trius,"[""Trius"", ""Braga"", ""Triton"", ""Alcatras"", ""Mytikas""]","[0.8238534927368164, 0.7802616357803345, 0.7068800926208496, 0.5511253476142883, 0.5256164073944092]"
0,centroid,1,438,Trius,Trius,"[""Trius"", ""Braga"", ""Triton"", ""Alcatras"", ""Mytikas""]","[0.8297204971313477, 0.7777259349822998, 0.7059015035629272, 0.6118444800376892, 0.5372272729873657]"
0,centroid,1,439,Trius,Trius,"[""Trius"", ""Triton"", ""Braga"", ""Alcatras"", ""Mytikas""]","[0.8225926160812378, 0.7161037921905518, 0.6679718494415283, 0.569084644317627, 0.4990384578704834]"
0,centroid,1,440,Trius,Trius,"[""Trius"", ""Triton"", ""Gemini"", ""Mytikas"", ""Braga""]","[0.8287277221679688, 0.6317740678787231, 0.5607706308364868, 0.4166032373905182, 0.38828805088996887]"
0,centroid,1,441,Trius,Trius,"[""Trius"", ""Vega"", ""Alaris"", ""Gemini"", ""Triton""]","[0.5886231064796448, 0.515078604221344, 0.41670241951942444, 0.36919862031936646, 0.30342572927474976]"
0,centroid,1,442,Trius,Trius,"[""Trius"", ""Velorum"", ""Gemini"", ""Alcatras"", ""Braga""]","[0.6494779586791992, 0.4194117784500122, 0.3750287592411041, 0.3709057867527008, 0.3559504747390747]"
0,centroid,1,443,Trius,Trius,"[""Trius"", ""Velorum"", ""Alaris"", ""Alcatras"", ""Denom""]","[0.5608960390090942, 0.4006475508213043, 0.3457759916782379, 0.28892022371292114, 0.26047810912132263]"
0,centroid,1,444,Trius,Trius,"[""Trius"", ""Alaris"", ""Alcatras"", ""Triton"", ""Velorum""]","[0.7742263078689575, 0.6481271982192993, 0.6204503774642944, 0.5180254578590393, 0.502768874168396]"
0,centroid,1,445,Trius,Trius,"[""Trius"", ""Mytikas"", ""Gemini"", ""Triton"", ""Vega""]","[0.6547331809997559, 0.5632926225662231, 0.4250124394893646, 0.3933217525482178, 0.3789270520210266]"
0,centroid,1,446,Trius,Gemini,"[""Gemini"", ""Trius"", ""Turbine"", ""Vega"", ""Hawk""]","[0.6167407035827637, 0.5712276101112366, 0.4708179533481598, 0.4253586530685425, 0.3806735575199127]"
0,centroid,1,447,Trius,Trius,"[""Trius"", ""Alaris"", ""Braga"", ""Gemini"", ""Alcatras""]","[0.7578524351119995, 0.6601364612579346, 0.6306548118591309, 0.5782361030578613, 0.5341905951499939]"
0,centroid,1,448,Trius,Trius,"[""Trius"", ""Braga"", ""Mytikas"", ""Triton"", ""Alcatras""]","[0.765876054763794, 0.6838804483413696, 0.5979205965995789, 0.5941879153251648, 0.5400457382202148]"
0,centroid,1,449,Trius,Braga,"[""Braga"", ""Trius"", ""Mytikas"", ""Alaris"", ""Alcatras""]","[0.7690798044204712, 0.7545444965362549, 0.5902309417724609, 0.5640827417373657, 0.5515214800834656]"
0,centroid,1,450,Trius,Trius,"[""Trius"", ""Mytikas"", ""Triton"", ""Alaris"", ""Vega""]","[0.8346008062362671, 0.5836312770843506, 0.5724149942398071, 0.5276240110397339, 0.4725722670555115]"
0,centroid,1,451,Trius,Trius,"[""Trius"", ""Triton"", ""Braga"", ""Gemini"", ""Mytikas""]","[0.8572283983230591, 0.6319313049316406, 0.5954092741012573, 0.5362755656242371, 0.4381544291973114]"
0,centroid,1,452,Trius,Trius,"[""Trius"", ""Triton"", ""Alaris"", ""Mytikas"", ""Braga""]","[0.855581521987915, 0.6778421998023987, 0.5535610318183899, 0.4949776232242584, 0.4720745086669922]"
0,centroid,1,453,Trius,Trius,"[""Trius"", ""Gemini"", ""Mytikas"", ""Triton"", ""Vega""]","[0.5380991101264954, 0.4323643743991852, 0.4321468770503998, 0.42876148223876953, 0.3745061159133911]"
0,centroid,1,454,Trius,Trius,"[""Trius"", ""Alaris"", ""Steel_Wheel"", ""Denom"", ""Ratikon""]","[0.4554086923599243, 0.23210491240024567, 0.2287900298833847, 0.2111773043870926, 0.17577442526817322]"
0,centroid,1,455,Turbine,Braga,"[""Braga"", ""Alcatras"", ""Castor"", ""Trius"", ""Turbine""]","[0.7242871522903442, 0.7120829820632935, 0.6583133935928345, 0.6042759418487549, 0.5567086338996887]"
0,centroid,1,456,Turbine,Turbine,"[""Turbine"", ""Castor"", ""Mytikas"", ""Braga"", ""Hawk""]","[0.8780786395072937, 0.6303977966308594, 0.5425028800964355, 0.5031073093414307, 0.49641114473342896]"
0,centroid,1,457,Turbine,Turbine,"[""Turbine"", ""Vega"", ""Alaris"", ""Hawk"", ""Trius""]","[0.8752942085266113, 0.5496302843093872, 0.49944114685058594, 0.4751320481300354, 0.3573378920555115]"
0,centroid,1,458,Turbine,Turbine,"[""Turbine"", ""Castor"", ""Trius"", ""Alaris"", ""Alcatras""]","[0.9099912643432617, 0.56010901927948, 0.5500312447547913, 0.5435761213302612, 0.543553352355957]"
0,centroid,1,459,Turbine,Turbine,"[""Turbine"", ""Hawk"", ""Braga"", ""Vega"", ""Gemini""]","[0.764330267906189, 0.5013464689254761, 0.4090907871723175, 0.3616354763507843, 0.30310961604118347]"
0,centroid,1,460,Turbine,Turbine,"[""Turbine"", ""Castor"", ""Alaris"", ""Alcatras"", ""Triton""]","[0.8451700210571289, 0.5057690143585205, 0.4460417628288269, 0.43619880080223083, 0.40006813406944275]"
0,centroid,1,461,Turbine,Turbine,"[""Turbine"", ""Castor"", ""Alcatras"", ""Mytikas"", ""Alaris""]","[0.8326002359390259, 0.8288164138793945, 0.6233404278755188, 0.5283704996109009, 0.5059846639633179]"
0,centroid,1,462,Turbine,Turbine,"[""Turbine"", ""Vega"", ""Hawk"", ""Braga"", ""Triton""]","[0.862040638923645, 0.5143415927886963, 0.4714130163192749, 0.3902324438095093, 0.373950719833374]"
0,centroid,1,463,Turbine,Turbine,"[""Turbine"", ""Braga"", ""Hawk"", ""Vega"", ""Alaris""]","[0.8672382831573486, 0.6011108160018921, 0.5915595293045044, 0.44337552785873413, 0.3705335557460785]"
0,centroid,1,464,Turbine,Castor,"[""Castor"", ""Turbine"", ""Mytikas"", ""Triton"", ""Alcatras""]","[0.8167950510978699, 0.7179597616195679, 0.5740725994110107, 0.5357570648193359, 0.37185898423194885]"
0,centroid,1,465,Turbine,Turbine,"[""Turbine"", ""Castor"", ""Hawk"", ""Braga"", ""Mytikas""]","[0.9389213919639587, 0.5320648550987244, 0.5164250731468201, 0.42326730489730835, 0.4177691638469696]"
0,centroid,1,466,Turbine,Turbine,"[""Turbine"", ""Castor"", ""Triton"", ""Braga"", ""Alcatras""]","[0.8485633134841919, 0.6116088032722473, 0.5004497170448303, 0.49593794345855713, 0.4334046244621277]"
0,centroid,1,467,Turbine,Turbine,"[""Turbine"", ""Hawk"", ""Vega"", ""Braga"", ""Alaris""]","[0.8633551597595215, 0.5996972322463989, 0.5477073192596436, 0.40602004528045654, 0.2930673062801361]"
0,centroid,1,468,Turbine,Turbine,"[""Turbine"", ""Hawk"", ""Vega"", ""Alaris"", ""Mytikas""]","[0.881209135055542, 0.5000301003456116, 0.46131837368011475, 0.42558014392852783, 0.3684627413749695]"
0,centroid,1,469,Turbine,Turbine,"[""Turbine"", ""Hawk"", ""Braga"", ""Alcatras"", ""Vega""]","[0.8780479431152344, 0.6709146499633789, 0.6017919778823853, 0.5761234164237976, 0.5580782890319824]"
0,centroid,1,470,Turbine,Turbine,"[""Turbine"", ""Hawk"", ""Braga"", ""Vega"", ""Castor""]","[0.9376305341720581, 0.5470066070556641, 0.49468231201171875, 0.4933902621269226, 0.48763203620910645]"
0,centroid,1,471,Turbine,Turbine,"[""Turbine"", ""Vega"", ""Braga"", ""Hawk"", ""Gemini""]","[0.6839475631713867, 0.5601987838745117, 0.4668017625808716, 0.4541301131248474, 0.29572048783302307]"
0,centroid,1,472,Turbine,Turbine,"[""Turbine"", ""Castor"", ""Alcatras"", ""Trius"", ""Mytikas""]","[0.7717779874801636, 0.7560877799987793, 0.6292657852172852, 0.5774052143096924, 0.5564532279968262]"
0,centroid,1,473,Turbine,Turbine,"[""Turbine"", ""Braga"", ""Hawk"", ""Triton"", ""Vega""]","[0.7403366565704346, 0.5909409523010254, 0.5649492740631104, 0.5301715731620789, 0.4804767370223999]"
0,centroid,1,474,Turbine,Turbine,"[""Turbine"", ""Hawk"", ""Vega"", ""Mytikas"", ""Alaris""]","[0.896761953830719, 0.566642701625824, 0.5210928916931152, 0.2883385419845581, 0.2853696346282959]"
0,centroid,1,475,Turbine,Mytikas,"[""Mytikas"", ""Castor"", ""Turbine"", ""Triton"", ""Alcatras""]","[0.7915298938751221, 0.6419227123260498, 0.5582495927810669, 0.5044912099838257, 0.4130178689956665]"
0,centroid,1,476,Turbine,Turbine,"[""Turbine"", ""Castor"", ""Triton"", ""Mytikas"", ""Alcatras""]","[0.7532954216003418, 0.7478731870651245, 0.6344020366668701, 0.6147492527961731, 0.5657837986946106]"
0,centroid,1,477,Turbine,Turbine,"[""Turbine"", ""Hawk"", ""Vega"", ""Braga"", ""Castor""]","[0.9188270568847656, 0.46567729115486145, 0.418283075094223, 0.3627404272556305, 0.31998211145401]"
0,centroid,1,478,Turbine,Turbine,"[""Turbine"", ""Braga"", ""Hawk"", ""Castor"", ""Alcatras""]","[0.9169895648956299, 0.5408913493156433, 0.536862850189209, 0.5155656337738037, 0.3095296025276184]"
0,centroid,1,479,Turbine,Turbine,"[""Turbine"", ""Braga"", ""Vega"", ""Trius"", ""Castor""]","[0.879826545715332, 0.5883908271789551, 0.5538306832313538, 0.5075725317001343, 0.5027328133583069]"
0,centroid,1,480,Turbine,Turbine,"[""Turbine"", ""Hawk"", ""Castor"", ""Alcatras"", ""Alaris""]","[0.8051079511642456, 0.6322844624519348, 0.6198204755783081, 0.6151552796363831, 0.5593148469924927]"
0,centroid,1,481,Turbine,Turbine,"[""Turbine"", ""Alcatras"", ""Alaris"", ""Castor"", ""Braga""]","[0.8813403844833374, 0.5574944615364075, 0.5513359308242798, 0.5409461259841919, 0.47278162837028503]"
0,centroid,1,482,Turbine,Turbine,"[""Turbine"", ""Castor"", ""Alcatras"", ""Alaris"", ""Mytikas""]","[0.7595279216766357, 0.5642021894454956, 0.5188367366790771, 0.45289742946624756, 0.44017505645751953]"
0,centroid,1,483,Vega,Vega,"[""Vega"", ""Alaris"", ""Turbine"", ""Braga"", ""Hawk""]","[0.9158416986465454, 0.6391084790229797, 0.5422346591949463, 0.4431411027908325, 0.43430107831954956]"
0,centroid,1,484,Vega,Vega,"[""Vega"", ""Turbine"", ""Hawk"", ""Alaris"", ""Braga""]","[0.8870245218276978, 0.37632137537002563, 0.32905590534210205, 0.27402591705322266, 0.2651714086532593]"
0,centroid,1,485,Vega,Vega,"[""Vega"", ""Turbine"", ""Alaris"", ""Braga"", ""Hawk""]","[0.895922064781189, 0.48065465688705444, 0.37122464179992676, 0.31205302476882935, 0.3025587797164917]"
0,centroid,1,486,Vega,Vega,"[""Vega"", ""Braga"", ""Hawk"", ""Turbine"", ""Alaris""]","[0.8726808428764343, 0.5894618034362793, 0.5303195714950562, 0.4480525851249695, 0.3820626735687256]"
0,centroid,1,487,Vega,Vega,"[""Vega"", ""Hawk"", ""Gemini"", ""Alaris"", ""Turbine""]","[0.8936094045639038, 0.33927375078201294, 0.2988012135028839, 0.29588767886161804, 0.2868661880493164]"
0,centroid,1,488,Vega,Vega,"[""Vega"", ""Turbine"", ""Braga"", ""Trius"", ""Alaris""]","[0.8458092212677002, 0.6600454449653625, 0.517227828502655, 0.41255858540534973, 0.3665356934070587]"
0,centroid,1,489,Vega,Vega,"[""Vega"", ""Alaris"", ""Turbine"", ""Trius"", ""Hawk""]","[0.9326878786087036, 0.5485137701034546, 0.5379505753517151, 0.4010336399078369, 0.34477147459983826]"
0,centroid,1,490,Vega,Vega,"[""Vega"", ""Gemini"", ""Hawk"", ""Turbine"", ""Alaris""]","[0.8988749384880066, 0.378196120262146, 0.27466315031051636, 0.27237468957901, 0.2549475133419037]"
0,centroid,1,491,Vega,Vega,"[""Vega"", ""Turbine"", ""Hawk"", ""Alaris"", ""Braga""]","[0.9287748336791992, 0.4935394525527954, 0.4025689959526062, 0.3934946060180664, 0.35764166712760925]"
0,centroid,1,492,Vega,Vega,"[""Vega"", ""Nivalis"", ""Turbine"", ""Gemini"", ""Braga""]","[0.7341198921203613, 0.24337875843048096, 0.18808457255363464, 0.1633635312318802, 0.12811407446861267]"
0,centroid,1,493,Vega,Vega,"[""Vega"", ""Alaris"", ""Turbine"", ""Braga"", ""Trius""]","[0.9383121728897095, 0.5177929997444153, 0.4546850621700287, 0.3883971571922302, 0.3778698444366455]"
0,centroid,1,494,Vega,Vega,"[""Vega"", ""Alaris"", ""Turbine"", ""Braga"", ""Hawk""]","[0.8795449733734131, 0.5083053708076477, 0.31258782744407654, 0.30947136878967285, 0.25031933188438416]"
0,centroid,1,495,Vega,Vega,"[""Vega"", ""Hawk"", ""Gemini"", ""Braga"", ""Mytikas""]","[0.7996143102645874, 0.5950907468795776, 0.5560822486877441, 0.42319899797439575, 0.3754381239414215]"
0,centroid,1,496,Vega,Vega,"[""Vega"", ""Gemini"", ""Triton"", ""Trius"", ""Braga""]","[0.7382009625434875, 0.3715706169605255, 0.29247674345970154, 0.2705681324005127, 0.26556894183158875]"
0,centroid,1,497,Vega,Vega,"[""Vega"", ""Gemini"", ""Hawk"", ""Alaris"", ""Braga""]","[0.8733362555503845, 0.5278656482696533, 0.5117533802986145, 0.344404935836792, 0.19014178216457367]"
0,centroid,1,498,Vega,Vega,"[""Vega"", ""Turbine"", ""Hawk"", ""Alaris"", ""Braga""]","[0.8851487040519714, 0.4690443277359009, 0.38746505975723267, 0.3863726556301117, 0.30720847845077515]"
0,centroid,1,499,Vega,Vega,"[""Vega"", ""Hawk"", ""Gemini"", ""Turbine"", ""Alaris""]","[0.8684273958206177, 0.48779571056365967, 0.4766453504562378, 0.44683146476745605, 0.43144112825393677]"
0,centroid,1,500,Vega,Vega,"[""Vega"", ""Alcatras"", ""Alaris"", ""Braga"", ""Hawk""]","[0.8739778399467468, 0.5923943519592285, 0.5501950979232788, 0.5315729975700378, 0.5164711475372314]"
0,centroid,1,501,Vega,Vega,"[""Vega"", ""Hawk"", ""Gemini"", ""Turbine"", ""Alaris""]","[0.8212604522705078, 0.6879618167877197, 0.3134026527404785, 0.29740381240844727, 0.24950289726257324]"
0,centroid,1,502,Vega,Vega,"[""Vega"", ""Hawk"", ""Turbine"", ""Gemini"", ""Alaris""]","[0.9034019708633423, 0.29765868186950684, 0.28444260358810425, 0.2643021047115326, 0.2462700754404068]"
0,centroid,1,503,Vega,Vega,"[""Vega"", ""Hawk"", ""Gemini"", ""Turbine"", ""Braga""]","[0.7633897066116333, 0.6776644587516785, 0.422410786151886, 0.3731371760368347, 0.3140731453895569]"
0,centroid,1,504,Vega,Vega,"[""Vega"", ""Turbine"", ""Hawk"", ""Alaris"", ""Braga""]","[0.9559493660926819, 0.4752691090106964, 0.4326134920120239, 0.39574772119522095, 0.3936062753200531]"
0,centroid,1,505,Vega,Vega,"[""Vega"", ""Hawk"", ""Alaris"", ""Gemini"", ""Turbine""]","[0.9390075206756592, 0.37022632360458374, 0.3654302954673767, 0.3443528413772583, 0.3018485903739929]"
0,centroid,1,506,Vega,Vega,"[""Vega"", ""Alaris"", ""Braga"", ""Alcatras"", ""Trius""]","[0.8339312076568604, 0.7237091064453125, 0.577253520488739, 0.5326639413833618, 0.5002028942108154]"
0,centroid,1,507,Vega,Vega,"[""Vega"", ""Hawk"", ""Gemini"", ""Braga"", ""Turbine""]","[0.9121102094650269, 0.38588112592697144, 0.3821517527103424, 0.35453999042510986, 0.322782039642334]"
0,centroid,1,508,Vega,Vega,"[""Vega"", ""Hawk"", ""Braga"", ""Turbine"", ""Gemini""]","[0.8177353143692017, 0.5020326375961304, 0.38498571515083313, 0.35627561807632446, 0.3046930432319641]"
0,centroid,1,509,Vega,Vega,"[""Vega"", ""Alaris"", ""Turbine"", ""Gemini"", ""Hawk""]","[0.8920854330062866, 0.431531697511673, 0.4226352274417877, 0.361869752407074, 0.32377946376800537]"
0,centroid,1,510,Vega,Vega,"[""Vega"", ""Alaris"", ""Turbine"", ""Hawk"", ""Gemini""]","[0.9129058122634888, 0.45133382081985474, 0.3655235171318054, 0.31789979338645935, 0.26237189769744873]"
0,centroid,1,511,Vega,Vega,"[""Vega"", ""Turbine"", ""Braga"", ""Hawk"", ""Gemini""]","[0.8759092092514038, 0.3667740821838379, 0.3478539288043976, 0.32928818464279175, 0.3282563388347626]"
0,centroid,1,512,Vega,Vega,"[""Vega"", ""Hawk"", ""Turbine"", ""Alaris"", ""Gemini""]","[0.9059436321258545, 0.3392060101032257, 0.3289176821708679, 0.3029668927192688, 0.24598188698291779]"
0,centroid,1,513,Vega,Vega,"[""Vega"", ""Alaris"", ""Hawk"", ""Turbine"", ""Braga""]","[0.915349006652832, 0.6065364480018616, 0.4491557478904724, 0.34308576583862305, 0.307056725025177]"
0,centroid,1,514,Vega,Vega,"[""Vega"", ""Alaris"", ""Trius"", ""Braga"", ""Alcatras""]","[0.7974774837493896, 0.7284373044967651, 0.5962283611297607, 0.5115139484405518, 0.4942489266395569]"
0,centroid,1,515,Vega,Vega,"[""Vega"", ""Alaris"", ""Trius"", ""Turbine"", ""Alcatras""]","[0.8874534368515015, 0.6205395460128784, 0.5142777562141418, 0.5134599208831787, 0.4265446066856384]"
0,centroid,1,516,Vega,Vega,"[""Vega"", ""Alaris"", ""Turbine"", ""Hawk"", ""Braga""]","[0.8920897841453552, 0.43680208921432495, 0.4124930799007416, 0.30921632051467896, 0.25530099868774414]"
0,centroid,1,517,Vega,Vega,"[""Vega"", ""Nivalis"", ""Gemini"", ""Hawk"", ""Ratikon""]","[0.7749199271202087, 0.24743080139160156, 0.1383156180381775, 0.1324244737625122, 0.05650360882282257]"
0,centroid,1,518,Vega,Vega,"[""Vega"", ""Gemini"", ""Hawk"", ""Braga"", ""Turbine""]","[0.8554559350013733, 0.5554852485656738, 0.5335860848426819, 0.3938746452331543, 0.2697978615760803]"
0,centroid,1,519,Velorum,Velorum,"[""Velorum"", ""Denom"", ""Ilias"", ""Nivalis"", ""Triton""]","[0.9251842498779297, 0.3849509656429291, 0.3630673885345459, 0.3434344232082367, 0.25168055295944214]"
0,centroid,1,520,Velorum,Velorum,"[""Velorum"", ""Trius"", ""Mytikas"", ""Triton"", ""Castor""]","[0.7878192067146301, 0.44030123949050903, 0.4003545939922333, 0.35230252146720886, 0.3423663377761841]"
0,centroid,1,521,Velorum,Velorum,"[""Velorum"", ""Ilias"", ""Triton"", ""Denom"", ""Nivalis""]","[0.9488802552223206, 0.591431736946106, 0.420195072889328, 0.3963330090045929, 0.3840630054473877]"
0,centroid,1,522,Velorum,Velorum,"[""Velorum"", ""Denom"", ""Ilias"", ""Nivalis"", ""Trius""]","[0.9178968667984009, 0.5452839136123657, 0.5236724615097046, 0.4672890901565552, 0.4296630322933197]"
0,centroid,1,523,Velorum,Velorum,"[""Velorum"", ""Denom"", ""Ilias"", ""Triton"", ""Ratikon""]","[0.7577213644981384, 0.5380479693412781, 0.3927472233772278, 0.36589908599853516, 0.35097455978393555]"
0,centroid,1,524,Velorum,Velorum,"[""Velorum"", ""Ilias"", ""Denom"", ""Nivalis"", ""Alcatras""]","[0.833052396774292, 0.4441909193992615, 0.39048251509666443, 0.274910032749176, 0.2009992003440857]"
0,centroid,1,525,Velorum,Velorum,"[""Velorum"", ""Nivalis"", ""Ilias"", ""Denom"", ""Castor""]","[0.9179410338401794, 0.42400500178337097, 0.32407668232917786, 0.3026527166366577, 0.2288626730442047]"
0,centroid,1,526,Velorum,Velorum,"[""Velorum"", ""Ilias"", ""Nivalis"", ""Denom"", ""Xtreme""]","[0.9143573045730591, 0.48343372344970703, 0.3552814722061157, 0.3550560176372528, 0.3094419240951538]"
0,centroid,1,527,Velorum,Velorum,"[""Velorum"", ""Nivalis"", ""Ilias"", ""Denom"", ""Ratikon""]","[0.8441586494445801, 0.5915700197219849, 0.3816545009613037, 0.31643906235694885, 0.23055973649024963]"
0,centroid,1,528,Velorum,Velorum,"[""Velorum"", ""Ilias"", ""Nivalis"", ""Denom"", ""Triton""]","[0.9465475082397461, 0.6246362924575806, 0.5142847895622253, 0.4419634938240051, 0.2965376079082489]"
0,centroid,1,529,Velorum,Velorum,"[""Velorum"", ""Nivalis"", ""Ilias"", ""Triton"", ""Mytikas""]","[0.8136168718338013, 0.5265241861343384, 0.4840123951435089, 0.3336593806743622, 0.31661638617515564]"
0,centroid,1,530,Velorum,Velorum,"[""Velorum"", ""Ilias"", ""Denom"", ""Castor"", ""Nivalis""]","[0.8380251526832581, 0.3894912302494049, 0.3247178792953491, 0.3018229305744171, 0.27766793966293335]"
0,centroid,1,531,Velorum,Velorum,"[""Velorum"", ""Denom"", ""Ilias"", ""Nivalis"", ""Trius""]","[0.9135833382606506, 0.5800074338912964, 0.5154044032096863, 0.4683876037597656, 0.3082238733768463]"
0,centroid,1,532,Velorum,Velorum,"[""Velorum"", ""Ilias"", ""Nivalis"", ""Denom"", ""Ratikon""]","[0.9210422039031982, 0.5693085193634033, 0.5668089985847473, 0.3821452260017395, 0.27449679374694824]"
0,centroid,1,533,Velorum,Velorum,"[""Velorum"", ""Ilias"", ""Denom"", ""Nivalis"", ""Ratikon""]","[0.9051249027252197, 0.7477440237998962, 0.704805850982666, 0.6178240180015564, 0.5225192904472351]"
0,centroid,1,534,Velorum,Velorum,"[""Velorum"", ""Castor"", ""Alcatras"", ""Denom"", ""Trius""]","[0.8349020481109619, 0.385731965303421, 0.3299866020679474, 0.3236759901046753, 0.31532061100006104]"
0,centroid,1,535,Velorum,Velorum,"[""Velorum"", ""Denom"", ""Nivalis"", ""Ilias"", ""Ratikon""]","[0.9034750461578369, 0.6207468509674072, 0.6205430030822754, 0.5189265012741089, 0.4323798418045044]"
0,centroid,1,536,Velorum,Velorum,"[""Velorum"", ""Triton"", ""Mytikas"", ""Ilias"", ""Castor""]","[0.8009911775588989, 0.5357138514518738, 0.41885727643966675, 0.3657538592815399, 0.33719179034233093]"
0,centroid,1,537,Velorum,Velorum,"[""Velorum"", ""Nivalis"", ""Ilias"", ""Denom"", ""Ratikon""]","[0.8851172924041748, 0.6637445688247681, 0.5942336320877075, 0.4681677520275116, 0.3578663468360901]"
0,centroid,1,538,Velorum,Velorum,"[""Velorum"", ""Denom"", ""Triton"", ""Ilias"", ""Trius""]","[0.8237514495849609, 0.3964118957519531, 0.38102561235427856, 0.3446212708950043, 0.33607423305511475]"
0,centroid,1,539,Velorum,Velorum,"[""Velorum"", ""Ilias"", ""Denom"", ""Nivalis"", ""Triton""]","[0.9430734515190125, 0.42310193181037903, 0.3459085524082184, 0.3458355665206909, 0.3260597288608551]"
0,centroid,1,540,Velorum,Velorum,"[""Velorum"", ""Nivalis"", ""Ilias"", ""Denom"", ""Ratikon""]","[0.9257480502128601, 0.6901302933692932, 0.6867023706436157, 0.6583540439605713, 0.5212112665176392]"
0,centroid,1,541,Velorum,Velorum,"[""Velorum"", ""Ilias"", ""Denom"", ""Nivalis"", ""Ratikon""]","[0.919236421585083, 0.5952310562133789, 0.5480319261550903, 0.3936861753463745, 0.3511900305747986]"
0,centroid,1,542,Velorum,Velorum,"[""Velorum"", ""Denom"", ""Nivalis"", ""Ilias"", ""Trius""]","[0.8550831079483032, 0.5103046298027039, 0.4124305844306946, 0.3142225444316864, 0.24231268465518951]"
0,centroid,1,543,Velorum,Velorum,"[""Velorum"", ""Ilias"", ""Denom"", ""Nivalis"", ""Triton""]","[0.9193718433380127, 0.39075082540512085, 0.3453075885772705, 0.34195616841316223, 0.28282710909843445]"
0,centroid,1,544,Velorum,Velorum,"[""Velorum"", ""Ilias"", ""Trius"", ""Denom"", ""Triton""]","[0.7600643634796143, 0.6834864616394043, 0.5427440404891968, 0.48580795526504517, 0.46682387590408325]"
0,centroid,1,545,Velorum,Velorum,"[""Velorum"", ""Ilias"", ""Triton"", ""Trius"", ""Denom""]","[0.8889709115028381, 0.4975524842739105, 0.4555624723434448, 0.3772454261779785, 0.3366701602935791]"
0,centroid,1,546,Velorum,Velorum,"[""Velorum"", ""Ilias"", ""Nivalis"", ""Triton"", ""Denom""]","[0.9791709184646606, 0.5620211362838745, 0.39831778407096863, 0.37652310729026794, 0.349225789308548]"
0,centroid,1,547,Velorum,Velorum,"[""Velorum"", ""Ilias"", ""Nivalis"", ""Alcatras"", ""Triton""]","[0.8649523258209229, 0.5829616785049438, 0.4305427670478821, 0.31455695629119873, 0.31311288475990295]"
0,centroid,1,548,Velorum,Velorum,"[""Velorum"", ""Ilias"", ""Denom"", ""Nivalis"", ""Ratikon""]","[0.917327880859375, 0.7327176928520203, 0.5691802501678467, 0.5501792430877686, 0.37830275297164917]"
0,centroid,1,549,Velorum,Velorum,"[""Velorum"", ""Denom"", ""Ilias"", ""Nivalis"", ""Ratikon""]","[0.8575556874275208, 0.652669370174408, 0.5257368087768555, 0.43976396322250366, 0.4381040334701538]"
0,centroid,1,550,Velorum,Velorum,"[""Velorum"", ""Ilias"", ""Denom"", ""Nivalis"", ""Ratikon""]","[0.6703974008560181, 0.5792754888534546, 0.5566751956939697, 0.40217122435569763, 0.39918753504753113]"
0,centroid,1,551,Velorum,Velorum,"[""Velorum"", ""Nivalis"", ""Ilias"", ""Castor"", ""Triton""]","[0.8599886894226074, 0.48052978515625, 0.3579903542995453, 0.2776939868927002, 0.2720804810523987]"
0,centroid,1,552,Velorum,Velorum,"[""Velorum"", ""Ilias"", ""Denom"", ""Nivalis"", ""Triton""]","[0.8178484439849854, 0.6952714920043945, 0.550902783870697, 0.43886688351631165, 0.43755683302879333]"
0,centroid,1,553,Velorum,Velorum,"[""Velorum"", ""Ilias"", ""Denom"", ""Triton"", ""Trius""]","[0.8692349195480347, 0.5811529159545898, 0.5037218928337097, 0.4316723048686981, 0.387076735496521]"
0,centroid,1,554,Velorum,Velorum,"[""Velorum"", ""Ilias"", ""Denom"", ""Nivalis"", ""Triton""]","[0.9084621071815491, 0.6067164540290833, 0.52581787109375, 0.45704057812690735, 0.4148208796977997]"
0,centroid,1,555,Velorum,Velorum,"[""Velorum"", ""Nivalis"", ""Ilias"", ""Ratikon"", ""Denom""]","[0.7650368809700012, 0.5605625510215759, 0.39684638381004333, 0.274124413728714, 0.21714338660240173]"
0,centroid,1,556,Velorum,Velorum,"[""Velorum"", ""Denom"", ""Ilias"", ""Nivalis"", ""Ratikon""]","[0.8202763795852661, 0.6205762028694153, 0.576596736907959, 0.4875016212463379, 0.4199523627758026]"
0,centroid,1,557,Velorum,Velorum,"[""Velorum"", ""Ilias"", ""Nivalis"", ""Denom"", ""Ratikon""]","[0.7975989580154419, 0.6772973537445068, 0.6271949410438538, 0.44245511293411255, 0.3782479166984558]"
0,centroid,1,558,Velorum,Velorum,"[""Velorum"", ""Ilias"", ""Triton"", ""Trius"", ""Alcatras""]","[0.872230052947998, 0.6582975387573242, 0.5011306405067444, 0.49456989765167236, 0.405849814414978]"
0,centroid,1,559,Velorum,Velorum,"[""Velorum"", ""Ilias"", ""Alcatras"", ""Nivalis"", ""Triton""]","[0.9165586829185486, 0.42221927642822266, 0.323671817779541, 0.24994495511054993, 0.24937093257904053]"
0,centroid,1,560,Velorum,Velorum,"[""Velorum"", ""Ilias"", ""Denom"", ""Trius"", ""Nivalis""]","[0.912968099117279, 0.6249414682388306, 0.5638660192489624, 0.4736796021461487, 0.42277681827545166]"
0,centroid,1,561,Velorum,Velorum,"[""Velorum"", ""Ilias"", ""Nivalis"", ""Denom"", ""Triton""]","[0.9468544721603394, 0.4912145435810089, 0.3745764493942261, 0.29613640904426575, 0.2942192852497101]"
0,centroid,1,562,Velorum,Velorum,"[""Velorum"", ""Ilias"", ""Triton"", ""Alcatras"", ""Trius""]","[0.8870548009872437, 0.5242085456848145, 0.4551641643047333, 0.4493958353996277, 0.4317830801010132]"
0,centroid,1,563,Velorum,Velorum,"[""Velorum"", ""Ilias"", ""Trius"", ""Mytikas"", ""Triton""]","[0.917327880859375, 0.32520896196365356, 0.32299429178237915, 0.3167892098426819, 0.30271854996681213]"
0,centroid,1,564,Velorum,Velorum,"[""Velorum"", ""Ilias"", ""Triton"", ""Xtreme"", ""Denom""]","[0.9206770658493042, 0.525428056716919, 0.3490002751350403, 0.3021261692047119, 0.2720552980899811]"
0,centroid,1,565,Velorum,Velorum,"[""Velorum"", ""Nivalis"", ""Ilias"", ""Triton"", ""Mytikas""]","[0.8841175436973572, 0.4473019242286682, 0.4374343156814575, 0.29801931977272034, 0.2534289062023163]"
0,centroid,1,566,Velorum,Velorum,"[""Velorum"", ""Ilias"", ""Denom"", ""Nivalis"", ""Ratikon""]","[0.9288685321807861, 0.7280598878860474, 0.5700506567955017, 0.5139791965484619, 0.43925487995147705]"
0,centroid,1,567,Velorum,Velorum,"[""Velorum"", ""Ilias"", ""Triton"", ""Trius"", ""Mytikas""]","[0.9258798360824585, 0.4670643210411072, 0.4150282144546509, 0.40626317262649536, 0.33660611510276794]"
0,centroid,1,568,Velorum,Velorum,"[""Velorum"", ""Ilias"", ""Nivalis"", ""Triton"", ""Denom""]","[0.9326289892196655, 0.49183088541030884, 0.4605831503868103, 0.31996357440948486, 0.3186423182487488]"
0,centroid,1,569,Velorum,Velorum,"[""Velorum"", ""Ilias"", ""Denom"", ""Nivalis"", ""Triton""]","[0.9508833885192871, 0.6640762090682983, 0.5100970268249512, 0.493486225605011, 0.41347333788871765]"
0,centroid,1,570,Velorum,Velorum,"[""Velorum"", ""Triton"", ""Ilias"", ""Trius"", ""Alcatras""]","[0.7015892863273621, 0.5398779511451721, 0.536431610584259, 0.530268669128418, 0.4398544430732727]"
0,centroid,1,571,Velorum,Velorum,"[""Velorum"", ""Xtreme"", ""Triton"", ""Mytikas"", ""Ilias""]","[0.8016390204429626, 0.4267618656158447, 0.41242098808288574, 0.3517286479473114, 0.32563409209251404]"
0,centroid,1,572,Velorum,Velorum,"[""Velorum"", ""Ilias"", ""Nivalis"", ""Denom"", ""Triton""]","[0.873032808303833, 0.6255496144294739, 0.5730428695678711, 0.48160281777381897, 0.3880797028541565]"
0,centroid,1,573,Velorum,Velorum,"[""Velorum"", ""Nivalis"", ""Ilias"", ""Denom"", ""Ratikon""]","[0.8886001110076904, 0.6998414993286133, 0.63639235496521, 0.6357035636901855, 0.46444544196128845]"
0,centroid,1,574,Velorum,Velorum,"[""Velorum"", ""Ilias"", ""Nivalis"", ""Ratikon"", ""Denom""]","[0.8524950742721558, 0.5748197436332703, 0.4988847076892853, 0.4380386471748352, 0.34494316577911377]"
0,centroid,1,575,Velorum,Velorum,"[""Velorum"", ""Nivalis"", ""Denom"", ""Ilias"", ""Triton""]","[0.9161863923072815, 0.4426578879356384, 0.36292606592178345, 0.34682604670524597, 0.1622340977191925]"
0,centroid,1,576,Velorum,Velorum,"[""Velorum"", ""Ilias"", ""Nivalis"", ""Denom"", ""Ratikon""]","[0.9630951285362244, 0.5984598994255066, 0.5041565895080566, 0.4922705888748169, 0.3525201082229614]"
0,centroid,1,577,Velorum,Velorum,"[""Velorum"", ""Denom"", ""Nivalis"", ""Ilias"", ""Ratikon""]","[0.846172571182251, 0.5181373357772827, 0.43190163373947144, 0.37914395332336426, 0.24462880194187164]"
0,centroid,1,578,Velorum,Velorum,"[""Velorum"", ""Nivalis"", ""Denom"", ""Ilias"", ""Mytikas""]","[0.8288831114768982, 0.5334230065345764, 0.3449857234954834, 0.2809252142906189, 0.2233201563358307]"
0,centroid,1,579,Xtreme,Xtreme,"[""Xtreme"", ""Gemini"", ""Hawk"", ""Braga"", ""Ilias""]","[0.924755334854126, 0.634967565536499, 0.10040214657783508, 0.08477562665939331, 0.040787309408187866]"
0,centroid,1,580,Xtreme,Xtreme,"[""Xtreme"", ""Gemini"", ""Braga"", ""Triton"", ""Trius""]","[0.8393761515617371, 0.5971895456314087, 0.3363843560218811, 0.20775707066059113, 0.16821537911891937]"
0,centroid,1,581,Xtreme,Xtreme,"[""Xtreme"", ""Gemini"", ""Braga"", ""Hawk"", ""Trius""]","[0.9143918752670288, 0.6758018732070923, 0.2679576575756073, 0.23691841959953308, 0.0894773006439209]"
0,centroid,1,582,Xtreme,Xtreme,"[""Xtreme"", ""Gemini"", ""Braga"", ""Trius"", ""Triton""]","[0.801220178604126, 0.6320528984069824, 0.41469502449035645, 0.36314940452575684, 0.31749603152275085]"
0,centroid,1,583,Xtreme,Xtreme,"[""Xtreme"", ""Gemini"", ""Braga"", ""Hawk"", ""Mytikas""]","[0.8599621653556824, 0.44786909222602844, 0.28707587718963623, 0.1906541883945465, 0.18516124784946442]"
0,centroid,1,584,Xtreme,Xtreme,"[""Xtreme"", ""Gemini"", ""Denom"", ""Nivalis"", ""Ilias""]","[0.9344761967658997, 0.46169209480285645, 0.08513720333576202, 0.06390802562236786, 0.04728124290704727]"
0,centroid,1,585,Xtreme,Xtreme,"[""Xtreme"", ""Gemini"", ""Ilias"", ""Braga"", ""Denom""]","[0.958194375038147, 0.6448909044265747, 0.1189856231212616, 0.10611766576766968, 0.019736655056476593]"
0,centroid,1,586,Xtreme,Xtreme,"[""Xtreme"", ""Gemini"", ""Denom"", ""Velorum"", ""Ilias""]","[0.8378132581710815, 0.5990827083587646, 0.0592179112136364, 0.05832679569721222, 0.022894911468029022]"
0,centroid,1,587,Xtreme,Xtreme,"[""Xtreme"", ""Gemini"", ""Ilias"", ""Nivalis"", ""Steel_Wheel""]","[0.9444613456726074, 0.4289730191230774, 0.08275969326496124, 0.07630644738674164, 0.05707746744155884]"
0,centroid,1,588,Xtreme,Xtreme,"[""Xtreme"", ""Gemini"", ""Denom"", ""Ilias"", ""Steel_Wheel""]","[0.9053215980529785, 0.5840920209884644, 0.037696175277233124, 0.03000941127538681, 0.023007001727819443]"
0,centroid,1,589,Xtreme,Xtreme,"[""Xtreme"", ""Gemini"", ""Hawk"", ""Braga"", ""Ilias""]","[0.8956906199455261, 0.6476545333862305, 0.14214949309825897, 0.05652482807636261, 0.04968146234750748]"
0,centroid,1,590,Xtreme,Xtreme,"[""Xtreme"", ""Gemini"", ""Braga"", ""Mytikas"", ""Hawk""]","[0.9646146297454834, 0.5237324237823486, 0.18220531940460205, 0.07844903320074081, 0.06278671324253082]"
0,centroid,1,591,Xtreme,Xtreme,"[""Xtreme"", ""Gemini"", ""Hawk"", ""Braga"", ""Steel_Wheel""]","[0.9368711113929749, 0.5070448517799377, 0.11286963522434235, 0.038107797503471375, -0.04961013421416283]"
0,centroid,1,592,Xtreme,Xtreme,"[""Xtreme"", ""Gemini"", ""Braga"", ""Triton"", ""Trius""]","[0.8991193771362305, 0.6176673173904419, 0.35942843556404114, 0.25408005714416504, 0.22545960545539856]"
0,centroid,1,593,Xtreme,Xtreme,"[""Xtreme"", ""Gemini"", ""Ilias"", ""Velorum"", ""Nivalis""]","[0.8696296215057373, 0.3493715226650238, 0.30226507782936096, 0.268379271030426, 0.22940106689929962]"
0,centroid,1,594,Xtreme,Xtreme,"[""Xtreme"", ""Gemini"", ""Velorum"", ""Denom"", ""Braga""]","[0.915136456489563, 0.3235032558441162, 0.13729862868785858, 0.10198812186717987, 0.06429896503686905]"
0,centroid,1,595,Xtreme,Xtreme,"[""Xtreme"", ""Gemini"", ""Hawk"", ""Steel_Wheel"", ""Velorum""]","[0.9273762702941895, 0.3676304221153259, 0.12133755534887314, 0.05323174595832825, 0.04314659535884857]"
0,centroid,1,596,Xtreme,Xtreme,"[""Xtreme"", ""Gemini"", ""Ilias"", ""Velorum"", ""Hawk""]","[0.9685282111167908, 0.5159120559692383, 0.1408262997865677, 0.130888894200325, 0.12013417482376099]"
0,centroid,1,597,Xtreme,Xtreme,"[""Xtreme"", ""Gemini"", ""Braga"", ""Triton"", ""Mytikas""]","[0.8599411249160767, 0.5283977389335632, 0.4155298173427582, 0.28539547324180603, 0.2785866856575012]"
0,centroid,1,598,Xtreme,Xtreme,"[""Xtreme"", ""Gemini"", ""Hawk"", ""Braga"", ""Steel_Wheel""]","[0.8893136382102966, 0.562066912651062, 0.1677917242050171, 0.042622160166502, 0.012828245759010315]"
0,centroid,1,599,Xtreme,Xtreme,"[""Xtreme"", ""Gemini"", ""Velorum"", ""Hawk"", ""Ilias""]","[0.9175236225128174, 0.3735154867172241, 0.17213298380374908, 0.10707446932792664, 0.04600915312767029]"
0,centroid,1,600,Xtreme,Xtreme,"[""Xtreme"", ""Gemini"", ""Braga"", ""Steel_Wheel"", ""Hawk""]","[0.9516973495483398, 0.4476994276046753, 0.04260501638054848, 0.026300735771656036, 0.00761789083480835]"
0,centroid,1,601,Xtreme,Xtreme,"[""Xtreme"", ""Gemini"", ""Hawk"", ""Braga"", ""Ilias""]","[0.8581995964050293, 0.3128249943256378, 0.24348485469818115, 0.09540990740060806, -0.011896796524524689]"
0,centroid,1,602,Xtreme,Xtreme,"[""Xtreme"", ""Gemini"", ""Braga"", ""Triton"", ""Velorum""]","[0.9615229964256287, 0.5009944438934326, 0.20496098697185516, 0.07531017065048218, 0.05439271405339241]"
0,centroid,1,603,Xtreme,Xtreme,"[""Xtreme"", ""Gemini"", ""Braga"", ""Hawk"", ""Velorum""]","[0.9536458253860474, 0.5739637613296509, 0.19369611144065857, 0.11718609184026718, -0.011108770966529846]"
0,centroid,1,604,Xtreme,Xtreme,"[""Xtreme"", ""Gemini"", ""Braga"", ""Triton"", ""Trius""]","[0.8577268123626709, 0.5777297019958496, 0.5024243593215942, 0.28324562311172485, 0.2801855802536011]"
0,centroid,1,605,Xtreme,Xtreme,"[""Xtreme"", ""Gemini"", ""Denom"", ""Ilias"", ""Hawk""]","[0.8971925973892212, 0.6045172214508057, 0.08723956346511841, 0.08103708922863007, 0.013741783797740936]"
0,centroid,1,606,Xtreme,Xtreme,"[""Xtreme"", ""Ilias"", ""Gemini"", ""Triton"", ""Denom""]","[0.757892370223999, 0.46636641025543213, 0.4217134118080139, 0.373607873916626, 0.25860536098480225]"
0,centroid,1,607,Xtreme,Xtreme,"[""Xtreme"", ""Gemini"", ""Hawk"", ""Braga"", ""Mytikas""]","[0.8730868101119995, 0.46297115087509155, 0.31378358602523804, 0.2035396695137024, 0.060426753014326096]"
0,centroid,1,608,Xtreme,Xtreme,"[""Xtreme"", ""Gemini"", ""Braga"", ""Steel_Wheel"", ""Denom""]","[0.9352329969406128, 0.5057464838027954, 0.15091845393180847, 0.06971150636672974, 0.049325037747621536]"
0,centroid,1,609,Xtreme,Xtreme,"[""Xtreme"", ""Gemini"", ""Braga"", ""Hawk"", ""Velorum""]","[0.9408133625984192, 0.5083717107772827, 0.2545008957386017, 0.23791146278381348, 0.14037968218326569]"
0,centroid,1,610,Xtreme,Xtreme,"[""Xtreme"", ""Gemini"", ""Ilias"", ""Braga"", ""Trius""]","[0.9198404550552368, 0.7094323635101318, 0.1790122538805008, 0.1529936045408249, 0.14818081259727478]"
0,centroid,1,611,Xtreme,Xtreme,"[""Xtreme"", ""Gemini"", ""Steel_Wheel"", ""Velorum"", ""Ilias""]","[0.9402661323547363, 0.39690160751342773, 0.12584714591503143, 0.07630792260169983, -0.004512317478656769]"
0,centroid,1,612,Xtreme,Xtreme,"[""Xtreme"", ""Gemini"", ""Ilias"", ""Denom"", ""Steel_Wheel""]","[0.9503932595252991, 0.5446966290473938, 0.08743586391210556, 0.04337859898805618, 0.022531718015670776]"
0,centroid,1,613,Xtreme,Xtreme,"[""Xtreme"", ""Gemini"", ""Braga"", ""Hawk"", ""Velorum""]","[0.9444360733032227, 0.3576897978782654, 0.08128539472818375, 0.06356734037399292, 0.035359568893909454]"
0,centroid,1,614,Xtreme,Xtreme,"[""Xtreme"", ""Gemini"", ""Velorum"", ""Braga"", ""Ilias""]","[0.9635438919067383, 0.501693606376648, 0.2027314156293869, 0.18522457778453827, 0.14012698829174042]"
0,centroid,1,615,Xtreme,Xtreme,"[""Xtreme"", ""Gemini"", ""Braga"", ""Ilias"", ""Denom""]","[0.9035768508911133, 0.5499278903007507, 0.17751668393611908, 0.16692520678043365, 0.13096970319747925]"
0,centroid,1,616,Xtreme,Xtreme,"[""Xtreme"", ""Gemini"", ""Braga"", ""Triton"", ""Mytikas""]","[0.9103353023529053, 0.643100917339325, 0.34262728691101074, 0.20286473631858826, 0.124420166015625]"
1,centroid,1,0,Alaris,Alaris,"[""Alaris"", ""Alcatras"", ""Braga"", ""Trius"", ""Hawk""]","[0.8945201635360718, 0.6956964135169983, 0.5046777725219727, 0.461908221244812, 0.4601694941520691]"
1,centroid,1,1,Alaris,Alaris,"[""Alaris"", ""Alcatras"", ""Turbine"", ""Vega"", ""Mytikas""]","[0.6623167991638184, 0.642722487449646, 0.5078161954879761, 0.38652366399765015, 0.3821150064468384]"
1,centroid,1,2,Alaris,Alcatras,"[""Alcatras"", ""Alaris"", ""Braga"", ""Trius"", ""Mytikas""]","[0.8350275158882141, 0.8280949592590332, 0.644594669342041, 0.5503015518188477, 0.4945594072341919]"
1,centroid,1,3,Alaris,Alaris,"[""Alaris"", ""Alcatras"", ""Braga"", ""Hawk"", ""Mytikas""]","[0.871767520904541, 0.8344305157661438, 0.5674183368682861, 0.48651519417762756, 0.47220444679260254]"
1,centroid,1,4,Alaris,Alaris,"[""Alaris"", ""Alcatras"", ""Hawk"", ""Trius"", ""Turbine""]","[0.8342692255973816, 0.6110692620277405, 0.4223179221153259, 0.38507306575775146, 0.31419098377227783]"
1,centroid,1,5,Alaris,Alaris,"[""Alaris"", ""Alcatras"", ""Braga"", ""Castor"", ""Trius""]","[0.6719111800193787, 0.6047952771186829, 0.5823935866355896, 0.5751727819442749, 0.5647436380386353]"
1,centroid,1,6,Alaris,Alaris,"[""Alaris"", ""Alcatras"", ""Hawk"", ""Vega"", ""Braga""]","[0.780401349067688, 0.7102888226509094, 0.523167610168457, 0.36427292227745056, 0.3023693859577179]"
1,centroid,1,7,Alaris,Alaris,"[""Alaris"", ""Trius"", ""Alcatras"", ""Triton"", ""Mytikas""]","[0.8392072319984436, 0.6970406174659729, 0.6620734930038452, 0.6127853393554688, 0.4167249798774719]"
1,centroid,1,8,Alaris,Alaris,"[""Alaris"", ""Alcatras"", ""Vega"", ""Hawk"", ""Trius""]","[0.8379843235015869, 0.5025119781494141, 0.5003452301025391, 0.41509366035461426, 0.411898672580719]"
1,centroid,1,9,Alaris,Alaris,"[""Alaris"", ""Alcatras"", ""Trius"", ""Turbine"", ""Hawk""]","[0.9208694696426392, 0.6892204284667969, 0.5651074647903442, 0.5041586756706238, 0.49683642387390137]"
1,centroid,1,10,Alaris,Alaris,"[""Alaris"", ""Trius"", ""Alcatras"", ""Hawk"", ""Vega""]","[0.7874158620834351, 0.5852332711219788, 0.3930749297142029, 0.3192732036113739, 0.2769663333892822]"
1,centroid,1,11,Alaris,Alcatras,"[""Alcatras"", ""Castor"", ""Alaris"", ""Mytikas"", ""Braga""]","[0.7713029384613037, 0.757889449596405, 0.660193920135498, 0.6401078701019287, 0.5992676019668579]"
1,centroid,1,12,Alaris,Alaris,"[""Alaris"", ""Alcatras"", ""Hawk"", ""Trius"", ""Braga""]","[0.8817042112350464, 0.6523318290710449, 0.48347407579421997, 0.40471386909484863, 0.3379972577095032]"
1,centroid,1,13,Alaris,Alaris,"[""Alaris"", ""Alcatras"", ""Hawk"", ""Braga"", ""Trius""]","[0.8942848443984985, 0.689149022102356, 0.6096426844596863, 0.4473825693130493, 0.3684374690055847]"
1,centroid,1,14,Alaris,Alaris,"[""Alaris"", ""Alcatras"", ""Hawk"", ""Turbine"", ""Trius""]","[0.9030253291130066, 0.6972837448120117, 0.46059784293174744, 0.4499204456806183, 0.4343005418777466]"
1,centroid,1,15,Alaris,Alaris,"[""Alaris"", ""Alcatras"", ""Braga"", ""Turbine"", ""Trius""]","[0.9217116832733154, 0.8161964416503906, 0.5377892255783081, 0.5125713348388672, 0.5122009515762329]"
1,centroid,1,16,Alaris,Triton,"[""Triton"", ""Mytikas"", ""Alcatras"", ""Braga"", ""Castor""]","[0.7648035883903503, 0.7305032014846802, 0.6306700706481934, 0.536227822303772, 0.5339735746383667]"
1,centroid,1,17,Alaris,Gemini,"[""Gemini"", ""Braga"", ""Trius"", ""Alaris"", ""Vega""]","[0.8174896240234375, 0.5741134881973267, 0.5011249780654907, 0.42531341314315796, 0.38233262300491333]"
1,centroid,1,18,Alaris,Alaris,"[""Alaris"", ""Alcatras"", ""Trius"", ""Braga"", ""Triton""]","[0.9463115334510803, 0.7091159820556641, 0.5946040153503418, 0.46942490339279175, 0.29694902896881104]"
1,centroid,1,19,Alaris,Alaris,"[""Alaris"", ""Alcatras"", ""Hawk"", ""Trius"", ""Vega""]","[0.9095014333724976, 0.5918065905570984, 0.4687713384628296, 0.4539451599121094, 0.43378669023513794]"
1,centroid,1,20,Alaris,Alaris,"[""Alaris"", ""Alcatras"", ""Hawk"", ""Trius"", ""Vega""]","[0.767143726348877, 0.5758216977119446, 0.4323931932449341, 0.38303178548812866, 0.258176326751709]"
1,centroid,1,21,Alaris,Alaris,"[""Alaris"", ""Alcatras"", ""Hawk"", ""Trius"", ""Braga""]","[0.8099218606948853, 0.6654411554336548, 0.47660499811172485, 0.3836304545402527, 0.3634491562843323]"
1,centroid,1,22,Alaris,Alcatras,"[""Alcatras"", ""Alaris"", ""Hawk"", ""Castor"", ""Braga""]","[0.8186052441596985, 0.8076753616333008, 0.45013806223869324, 0.44512462615966797, 0.4371684789657593]"
1,centroid,1,23,Alaris,Alaris,"[""Alaris"", ""Braga"", ""Alcatras"", ""Hawk"", ""Trius""]","[0.8943958282470703, 0.6533851623535156, 0.6336382031440735, 0.5396777391433716, 0.5113335251808167]"
1,centroid,1,24,Alaris,Alaris,"[""Alaris"", ""Alcatras"", ""Hawk"", ""Trius"", ""Turbine""]","[0.810523271560669, 0.641925573348999, 0.3171185255050659, 0.2940654158592224, 0.2789064645767212]"
1,centroid,1,25,Alaris,Hawk,"[""Hawk"", ""Alaris"", ""Trius"", ""Vega"", ""Braga""]","[0.6344501376152039, 0.633577287197113, 0.5544280409812927, 0.5479579567909241, 0.5446993708610535]"
1,centroid,1,26,Alaris,Alaris,"[""Alaris"", ""Alcatras"", ""Turbine"", ""Vega"", ""Hawk""]","[0.7958312630653381, 0.6362682580947876, 0.4988117218017578, 0.41522276401519775, 0.41217511892318726]"
1,centroid,1,27,Alaris,Alaris,"[""Alaris"", ""Alcatras"", ""Vega"", ""Trius"", ""Hawk""]","[0.8818113803863525, 0.620011568069458, 0.43946385383605957, 0.4084233045578003, 0.40256887674331665]"
1,centroid,1,28,Alcatras,Alcatras,"[""Alcatras"", ""Alaris"", ""Castor"", ""Braga"", ""Mytikas""]","[0.9586306214332581, 0.7095826864242554, 0.6151151061058044, 0.4833757281303406, 0.4620572030544281]"
1,centroid,1,29,Alcatras,Alaris,"[""Alaris"", ""Alcatras"", ""Braga"", ""Trius"", ""Turbine""]","[0.7715052366256714, 0.5420021414756775, 0.46352434158325195, 0.37675878405570984, 0.3526369333267212]"
1,centroid,1,30,Alcatras,Alcatras,"[""Alcatras"", ""Castor"", ""Alaris"", ""Trius"", ""Mytikas""]","[0.7796127796173096, 0.7683508396148682, 0.5856121182441711, 0.49898576736450195, 0.4940347671508789]"
1,centroid,1,31,Alcatras,Alaris,"[""Alaris"", ""Alcatras"", ""Trius"", ""Triton"", ""Mytikas""]","[0.7705587148666382, 0.7308425903320312, 0.6091412305831909, 0.5064094662666321, 0.41577571630477905]"
1,centroid,1,32,Alcatras,Alcatras,"[""Alcatras"", ""Alaris"", ""Braga"", ""Mytikas"", ""Castor""]","[0.8209757208824158, 0.654419481754303, 0.4485628604888916, 0.42854347825050354, 0.3853059709072113]"
1,centroid,1,33,Alcatras,Alcatras,"[""Alcatras"", ""Velorum"", ""Alaris"", ""Nivalis"", ""Trius""]","[0.5586788058280945, 0.5347530841827393, 0.41356173157691956, 0.34786397218704224, 0.2682938873767853]"
1,centroid,1,34,Alcatras,Alcatras,"[""Alcatras"", ""Alaris"", ""Castor"", ""Trius"", ""Braga""]","[0.9177430868148804, 0.8137542605400085, 0.6068280339241028, 0.571367621421814, 0.5487663745880127]"
1,centroid,1,35,Alcatras,Alcatras,"[""Alcatras"", ""Braga"", ""Alaris"", ""Castor"", ""Trius""]","[0.8225510120391846, 0.7485188245773315, 0.7406426072120667, 0.6255661845207214, 0.555687665939331]"
1,centroid,1,36,Alcatras,Alcatras,"[""Alcatras"", ""Triton"", ""Mytikas"", ""Braga"", ""Alaris""]","[0.8062386512756348, 0.6582790017127991, 0.6534856557846069, 0.6260024309158325, 0.5689566135406494]"
1,centroid,1,37,Alcatras,Alcatras,"[""Alcatras"", ""Alaris"", ""Braga"", ""Hawk"", ""Castor""]","[0.834116518497467, 0.755388617515564, 0.6183358430862427, 0.5240175724029541, 0.44291508197784424]"
1,centroid,1,38,Alcatras,Alcatras,"[""Alcatras"", ""Turbine"", ""Alaris"", ""Castor"", ""Hawk""]","[0.8376601934432983, 0.6147724390029907, 0.611725926399231, 0.5187824964523315, 0.38674721121788025]"
1,centroid,1,39,Alcatras,Alcatras,"[""Alcatras"", ""Turbine"", ""Triton"", ""Alaris"", ""Mytikas""]","[0.6307081580162048, 0.5814342498779297, 0.557654857635498, 0.5343575477600098, 0.4901031255722046]"
1,centroid,1,40,Alcatras,Alcatras,"[""Alcatras"", ""Braga"", ""Alaris"", ""Hawk"", ""Castor""]","[0.7693517208099365, 0.7642965912818909, 0.7274153232574463, 0.6414198279380798, 0.6303290128707886]"
1,centroid,1,41,Alcatras,Alcatras,"[""Alcatras"", ""Castor"", ""Mytikas"", ""Alaris"", ""Triton""]","[0.8753271698951721, 0.8513498306274414, 0.6251025199890137, 0.5605979561805725, 0.5603208541870117]"
1,centroid,1,42,Alcatras,Castor,"[""Castor"", ""Alcatras"", ""Mytikas"", ""Braga"", ""Triton""]","[0.7534112930297852, 0.7028816342353821, 0.7015048265457153, 0.6484220623970032, 0.6082723140716553]"
1,centroid,1,43,Alcatras,Alcatras,"[""Alcatras"", ""Alaris"", ""Braga"", ""Mytikas"", ""Castor""]","[0.7834213972091675, 0.707338809967041, 0.4992222189903259, 0.46249085664749146, 0.45656657218933105]"
1,centroid,1,44,Alcatras,Alcatras,"[""Alcatras"", ""Braga"", ""Alaris"", ""Mytikas"", ""Castor""]","[0.873943567276001, 0.7557085156440735, 0.6604720950126648, 0.600609540939331, 0.5642401576042175]"
1,centroid,1,45,Alcatras,Alcatras,"[""Alcatras"", ""Braga"", ""Trius"", ""Alaris"", ""Mytikas""]","[0.709071159362793, 0.6708130836486816, 0.6269627213478088, 0.5999219417572021, 0.5194730758666992]"
1,centroid,1,46,Alcatras,Alcatras,"[""Alcatras"", ""Castor"", ""Mytikas"", ""Braga"", ""Alaris""]","[0.8947852253913879, 0.716934084892273, 0.65987229347229, 0.6225280165672302, 0.5658049583435059]"
1,centroid,1,47,Alcatras,Alcatras,"[""Alcatras"", ""Turbine"", ""Triton"", ""Alaris"", ""Braga""]","[0.7650870084762573, 0.6635453701019287, 0.6574057340621948, 0.6440062522888184, 0.636192798614502]"
1,centroid,1,48,Alcatras,Alcatras,"[""Alcatras"", ""Braga"", ""Alaris"", ""Castor"", ""Mytikas""]","[0.8757158517837524, 0.6969250440597534, 0.6657525300979614, 0.6531401872634888, 0.5682047009468079]"
1,centroid,1,49,Alcatras,Alcatras,"[""Alcatras"", ""Alaris"", ""Castor"", ""Mytikas"", ""Hawk""]","[0.8932310938835144, 0.7058305740356445, 0.5962041616439819, 0.45809054374694824, 0.44578856229782104]"
1,centroid,1,50,Alcatras,Alcatras,"[""Alcatras"", ""Alaris"", ""Braga"", ""Castor"", ""Mytikas""]","[0.8628432154655457, 0.7650649547576904, 0.6822929382324219, 0.6380122900009155, 0.572333574295044]"
1,centroid,1,51,Alcatras,Alcatras,"[""Alcatras"", ""Mytikas"", ""Alaris"", ""Triton"", ""Braga""]","[0.8824101090431213, 0.6508913040161133, 0.631577730178833, 0.6171545386314392, 0.6048082113265991]"
1,centroid,1,52,Alcatras,Alcatras,"[""Alcatras"", ""Alaris"", ""Braga"", ""Mytikas"", ""Castor""]","[0.8975075483322144, 0.7845091223716736, 0.6371696591377258, 0.561968207359314, 0.5279034376144409]"
1,centroid,1,53,Alcatras,Alcatras,"[""Alcatras"", ""Alaris"", ""Braga"", ""Castor"", ""Mytikas""]","[0.8645873069763184, 0.6096851825714111, 0.542606770992279, 0.5352332592010498, 0.5311334133148193]"
1,centroid,1,54,Braga,Braga,"[""Braga"", ""Vega"", ""Triton"", ""Mytikas"", ""Hawk""]","[0.735316276550293, 0.6077102422714233, 0.48531126976013184, 0.475919246673584, 0.4135103225708008]"
1,centroid,1,55,Braga,Braga,"[""Braga"", ""Alaris"", ""Castor"", ""Triton"", ""Alcatras""]","[0.9554437398910522, 0.6299576759338379, 0.6262823939323425, 0.6249523162841797, 0.6100192070007324]"
1,centroid,1,56,Braga,Braga,"[""Braga"", ""Gemini"", ""Triton"", ""Alaris"", ""Alcatras""]","[0.9001508951187134, 0.5478453636169434, 0.5050697922706604, 0.4917711913585663, 0.4178107976913452]"
1,centroid,1,57,Braga,Braga,"[""Braga"", ""Castor"", ""Hawk"", ""Turbine"", ""Mytikas""]","[0.8414168357849121, 0.5400037169456482, 0.5209243297576904, 0.4785573184490204, 0.4755474925041199]"
1,centroid,1,58,Braga,Braga,"[""Braga"", ""Triton"", ""Mytikas"", ""Alcatras"", ""Vega""]","[0.8082802295684814, 0.7026797533035278, 0.5924150943756104, 0.4784848392009735, 0.4098636507987976]"
1,centroid,1,59,Braga,Castor,"[""Castor"", ""Braga"", ""Alcatras"", ""Mytikas"", ""Turbine""]","[0.8204909563064575, 0.8066476583480835, 0.6584569215774536, 0.5784047245979309, 0.5536144971847534]"
1,centroid,1,60,Braga,Braga,"[""Braga"", ""Gemini"", ""Hawk"", ""Xtreme"", ""Turbine""]","[0.7155052423477173, 0.6195899248123169, 0.4858017861843109, 0.3182043433189392, 0.2990073263645172]"
1,centroid,1,61,Braga,Braga,"[""Braga"", ""Alaris"", ""Alcatras"", ""Hawk"", ""Vega""]","[0.789665699005127, 0.7079741954803467, 0.6868160963058472, 0.5565431118011475, 0.43665823340415955]"
1,centroid,1,62,Braga,Braga,"[""Braga"", ""Alcatras"", ""Alaris"", ""Castor"", ""Triton""]","[0.9123612642288208, 0.6607502698898315, 0.5654431581497192, 0.5616468191146851, 0.5504210591316223]"
1,centroid,1,63,Braga,Braga,"[""Braga"", ""Alcatras"", ""Alaris"", ""Castor"", ""Mytikas""]","[0.8865761756896973, 0.5907759666442871, 0.5735181570053101, 0.5046340227127075, 0.47737765312194824]"
1,centroid,1,64,Braga,Braga,"[""Braga"", ""Castor"", ""Triton"", ""Alcatras"", ""Mytikas""]","[0.9030285477638245, 0.748875617980957, 0.7200437188148499, 0.6662577390670776, 0.6349889039993286]"
1,centroid,1,65,Braga,Braga,"[""Braga"", ""Triton"", ""Trius"", ""Castor"", ""Mytikas""]","[0.8057985901832581, 0.7367048859596252, 0.6383235454559326, 0.5760098099708557, 0.5490913391113281]"
1,centroid,1,66,Braga,Braga,"[""Braga"", ""Hawk"", ""Turbine"", ""Alaris"", ""Alcatras""]","[0.8499799966812134, 0.7696437239646912, 0.624846339225769, 0.5882249474525452, 0.5711575746536255]"
1,centroid,1,67,Braga,Braga,"[""Braga"", ""Mytikas"", ""Triton"", ""Vega"", ""Hawk""]","[0.8009355664253235, 0.5558247566223145, 0.5446341037750244, 0.40749257802963257, 0.36063265800476074]"
1,centroid,1,68,Braga,Triton,"[""Triton"", ""Braga"", ""Mytikas"", ""Castor"", ""Alcatras""]","[0.8349668979644775, 0.7957243323326111, 0.7185215950012207, 0.6051400899887085, 0.49986645579338074]"
1,centroid,1,69,Braga,Braga,"[""Braga"", ""Vega"", ""Hawk"", ""Alaris"", ""Turbine""]","[0.7222590446472168, 0.6268253326416016, 0.5599102973937988, 0.5420824289321899, 0.5011628866195679]"
1,centroid,1,70,Braga,Braga,"[""Braga"", ""Alaris"", ""Alcatras"", ""Trius"", ""Mytikas""]","[0.8246132135391235, 0.5538723468780518, 0.4599303901195526, 0.42743033170700073, 0.4044845402240753]"
1,centroid,1,71,Braga,Braga,"[""Braga"", ""Alcatras"", ""Castor"", ""Triton"", ""Turbine""]","[0.8757749795913696, 0.5728815197944641, 0.5700099468231201, 0.560828447341919, 0.5269633531570435]"
1,centroid,1,72,Braga,Braga,"[""Braga"", ""Hawk"", ""Vega"", ""Turbine"", ""Alaris""]","[0.7739992141723633, 0.6597554683685303, 0.622244656085968, 0.4406575858592987, 0.39750009775161743]"
1,centroid,1,73,Braga,Braga,"[""Braga"", ""Castor"", ""Triton"", ""Trius"", ""Alaris""]","[0.8848477602005005, 0.6355446577072144, 0.5970408916473389, 0.5062730312347412, 0.4691423177719116]"
1,centroid,1,74,Braga,Braga,"[""Braga"", ""Triton"", ""Trius"", ""Mytikas"", ""Alaris""]","[0.8669371604919434, 0.6918783187866211, 0.6212493777275085, 0.5633493065834045, 0.5590204000473022]"
1,centroid,1,75,Braga,Braga,"[""Braga"", ""Alcatras"", ""Alaris"", ""Castor"", ""Triton""]","[0.9209723472595215, 0.6575295925140381, 0.6528846025466919, 0.576421320438385, 0.5761027932167053]"
1,centroid,1,76,Braga,Braga,"[""Braga"", ""Mytikas"", ""Triton"", ""Trius"", ""Alaris""]","[0.8535704612731934, 0.6185557842254639, 0.6029527187347412, 0.5474121570587158, 0.5300112962722778]"
1,centroid,1,77,Braga,Braga,"[""Braga"", ""Alcatras"", ""Mytikas"", ""Triton"", ""Castor""]","[0.748592734336853, 0.6516553163528442, 0.6164675354957581, 0.5923231840133667, 0.5907465219497681]"
1,centroid,1,78,Braga,Braga,"[""Braga"", ""Triton"", ""Alaris"", ""Castor"", ""Alcatras""]","[0.7850812077522278, 0.6713353991508484, 0.6107909083366394, 0.5722047090530396, 0.5441815853118896]"
1,centroid,1,79,Braga,Braga,"[""Braga"", ""Triton"", ""Mytikas"", ""Castor"", ""Trius""]","[0.8498678803443909, 0.7593868374824524, 0.7201666831970215, 0.5400856733322144, 0.508500337600708]"
1,centroid,1,80,Braga,Braga,"[""Braga"", ""Mytikas"", ""Triton"", ""Trius"", ""Castor""]","[0.7455083131790161, 0.6796534061431885, 0.6187129616737366, 0.5779767036437988, 0.5457451939582825]"
1,centroid,1,81,Braga,Turbine,"[""Turbine"", ""Alcatras"", ""Mytikas"", ""Castor"", ""Hawk""]","[0.6870570182800293, 0.5899953842163086, 0.5459492206573486, 0.5228385925292969, 0.4172220826148987]"
1,centroid,1,82,Braga,Braga,"[""Braga"", ""Hawk"", ""Vega"", ""Turbine"", ""Gemini""]","[0.6635610461235046, 0.6206302642822266, 0.44438374042510986, 0.36671558022499084, 0.3541395664215088]"
1,centroid,1,83,Braga,Braga,"[""Braga"", ""Castor"", ""Alcatras"", ""Triton"", ""Alaris""]","[0.8243857622146606, 0.7370486259460449, 0.6736605763435364, 0.6730897426605225, 0.6512373685836792]"
1,centroid,1,84,Braga,Braga,"[""Braga"", ""Triton"", ""Turbine"", ""Mytikas"", ""Alaris""]","[0.9012918472290039, 0.613640546798706, 0.553117036819458, 0.5102436542510986, 0.5062660574913025]"
1,centroid,1,85,Braga,Braga,"[""Braga"", ""Vega"", ""Hawk"", ""Alaris"", ""Gemini""]","[0.8549680709838867, 0.4962530732154846, 0.4780381917953491, 0.38929086923599243, 0.3728717267513275]"
1,centroid,1,86,Braga,Braga,"[""Braga"", ""Triton"", ""Trius"", ""Turbine"", ""Mytikas""]","[0.8682004809379578, 0.6108507513999939, 0.533317506313324, 0.5275249481201172, 0.5055512189865112]"
1,centroid,1,87,Braga,Braga,"[""Braga"", ""Hawk"", ""Turbine"", ""Vega"", ""Gemini""]","[0.6915268301963806, 0.6784889101982117, 0.5987985134124756, 0.5402897596359253, 0.4695453643798828]"
1,centroid,1,88,Braga,Braga,"[""Braga"", ""Hawk"", ""Turbine"", ""Alcatras"", ""Castor""]","[0.8499900102615356, 0.6897454261779785, 0.5100778937339783, 0.4732833802700043, 0.46165210008621216]"
1,centroid,1,89,Braga,Braga,"[""Braga"", ""Hawk"", ""Gemini"", ""Alaris"", ""Vega""]","[0.6782931089401245, 0.6277469992637634, 0.5236142873764038, 0.3883703947067261, 0.3481473922729492]"
1,centroid,1,90,Braga,Braga,"[""Braga"", ""Trius"", ""Alaris"", ""Triton"", ""Mytikas""]","[0.8992100954055786, 0.6881240010261536, 0.6634643077850342, 0.6606394052505493, 0.5691626667976379]"
1,centroid,1,91,Braga,Vega,"[""Vega"", ""Braga"", ""Gemini"", ""Alaris"", ""Trius""]","[0.6708924770355225, 0.5570979118347168, 0.5192936658859253, 0.504485011100769, 0.48702090978622437]"
1,centroid,1,92,Castor,Castor,"[""Castor"", ""Alcatras"", ""Triton"", ""Turbine"", ""Braga""]","[0.9239866137504578, 0.5766140222549438, 0.5453717708587646, 0.5353870391845703, 0.5240119695663452]"
1,centroid,1,93,Castor,Castor,"[""Castor"", ""Mytikas"", ""Triton"", ""Alcatras"", ""Turbine""]","[0.8918753862380981, 0.5615031123161316, 0.5561250448226929, 0.46250468492507935, 0.39325934648513794]"
1,centroid,1,94,Castor,Castor,"[""Castor"", ""Triton"", ""Alcatras"", ""Braga"", ""Turbine""]","[0.8819240927696228, 0.5892078280448914, 0.5712792873382568, 0.4910583794116974, 0.4833986163139343]"
1,centroid,1,95,Castor,Castor,"[""Castor"", ""Turbine"", ""Alcatras"", ""Triton"", ""Mytikas""]","[0.8613351583480835, 0.71087247133255, 0.5982995629310608, 0.5405480861663818, 0.4922936260700226]"
1,centroid,1,96,Castor,Castor,"[""Castor"", ""Mytikas"", ""Alcatras"", ""Triton"", ""Braga""]","[0.7825672030448914, 0.7483655214309692, 0.7143940329551697, 0.5757261514663696, 0.5121167898178101]"
1,centroid,1,97,Castor,Castor,"[""Castor"", ""Mytikas"", ""Triton"", ""Alcatras"", ""Turbine""]","[0.857965886592865, 0.7998793125152588, 0.6657638549804688, 0.6441842317581177, 0.4964492619037628]"
1,centroid,1,98,Castor,Castor,"[""Castor"", ""Turbine"", ""Alcatras"", ""Mytikas"", ""Triton""]","[0.9111571311950684, 0.6908323764801025, 0.6093507409095764, 0.4839119017124176, 0.4218290448188782]"
1,centroid,1,99,Castor,Castor,"[""Castor"", ""Alcatras"", ""Braga"", ""Mytikas"", ""Triton""]","[0.8927037715911865, 0.7581562399864197, 0.582991361618042, 0.5402378439903259, 0.5019874572753906]"
1,centroid,1,100,Castor,Castor,"[""Castor"", ""Turbine"", ""Alcatras"", ""Mytikas"", ""Braga""]","[0.901781439781189, 0.7273795008659363, 0.5825463533401489, 0.5086482763290405, 0.4769986867904663]"
1,centroid,1,101,Castor,Alcatras,"[""Alcatras"", ""Alaris"", ""Hawk"", ""Braga"", ""Castor""]","[0.7370237112045288, 0.7353993058204651, 0.6747300624847412, 0.652580738067627, 0.49541130661964417]"
1,centroid,1,102,Castor,Castor,"[""Castor"", ""Alcatras"", ""Turbine"", ""Mytikas"", ""Braga""]","[0.9109506011009216, 0.6723809838294983, 0.6470725536346436, 0.5556600093841553, 0.43282365798950195]"
1,centroid,1,103,Castor,Castor,"[""Castor"", ""Alcatras"", ""Mytikas"", ""Triton"", ""Turbine""]","[0.9101448059082031, 0.6251977682113647, 0.6243091821670532, 0.5169745087623596, 0.5115242004394531]"
1,centroid,1,104,Castor,Castor,"[""Castor"", ""Alcatras"", ""Mytikas"", ""Braga"", ""Triton""]","[0.9130549430847168, 0.7555454969406128, 0.7057634592056274, 0.5660721063613892, 0.521129310131073]"
1,centroid,1,105,Castor,Castor,"[""Castor"", ""Mytikas"", ""Braga"", ""Alcatras"", ""Triton""]","[0.854285478591919, 0.715344250202179, 0.6702138185501099, 0.666873037815094, 0.6597012877464294]"
1,centroid,1,106,Castor,Castor,"[""Castor"", ""Mytikas"", ""Alcatras"", ""Turbine"", ""Braga""]","[0.9271776080131531, 0.6210376024246216, 0.599412739276886, 0.5934591889381409, 0.5472683310508728]"
1,centroid,1,107,Castor,Castor,"[""Castor"", ""Alcatras"", ""Mytikas"", ""Braga"", ""Triton""]","[0.9490534663200378, 0.628074049949646, 0.6242698431015015, 0.6215601563453674, 0.5160711407661438]"
1,centroid,1,108,Castor,Castor,"[""Castor"", ""Mytikas"", ""Triton"", ""Alcatras"", ""Braga""]","[0.8928846716880798, 0.6938538551330566, 0.6504476070404053, 0.6504364013671875, 0.4961349368095398]"
1,centroid,1,109,Castor,Triton,"[""Triton"", ""Castor"", ""Mytikas"", ""Alcatras"", ""Braga""]","[0.7939661741256714, 0.7830287218093872, 0.7336405515670776, 0.6357281804084778, 0.5909833908081055]"
1,centroid,1,110,Castor,Castor,"[""Castor"", ""Mytikas"", ""Alcatras"", ""Triton"", ""Braga""]","[0.8515625, 0.7958769798278809, 0.6353259086608887, 0.5621625185012817, 0.4718291163444519]"
1,centroid,1,111,Castor,Castor,"[""Castor"", ""Mytikas"", ""Triton"", ""Braga"", ""Alcatras""]","[0.8645241856575012, 0.6695191860198975, 0.6422869563102722, 0.5481603145599365, 0.5330084562301636]"
1,centroid,1,112,Castor,Castor,"[""Castor"", ""Alcatras"", ""Turbine"", ""Braga"", ""Mytikas""]","[0.9223427176475525, 0.677635908126831, 0.6734568476676941, 0.6709071397781372, 0.5563446283340454]"
1,centroid,1,113,Castor,Castor,"[""Castor"", ""Alcatras"", ""Mytikas"", ""Triton"", ""Braga""]","[0.883780837059021, 0.7906903624534607, 0.6751623749732971, 0.5971672534942627, 0.5644611120223999]"
1,centroid,1,114,Castor,Castor,"[""Castor"", ""Mytikas"", ""Triton"", ""Alcatras"", ""Turbine""]","[0.909747838973999, 0.6394243240356445, 0.5929323434829712, 0.525598406791687, 0.49364882707595825]"
1,centroid,1,115,Castor,Castor,"[""Castor"", ""Mytikas"", ""Alcatras"", ""Braga"", ""Triton""]","[0.9253849387168884, 0.6067728996276855, 0.6011378765106201, 0.49775445461273193, 0.4529725909233093]"
1,centroid,1,116,Castor,Castor,"[""Castor"", ""Alcatras"", ""Braga"", ""Mytikas"", ""Turbine""]","[0.9201278686523438, 0.7242519855499268, 0.7145293951034546, 0.5980960130691528, 0.5452090501785278]"
1,centroid,1,117,Castor,Castor,"[""Castor"", ""Mytikas"", ""Alcatras"", ""Triton"", ""Braga""]","[0.9191648364067078, 0.7406977415084839, 0.7070470452308655, 0.6658128499984741, 0.5656399726867676]"
1,centroid,1,118,Castor,Castor,"[""Castor"", ""Alcatras"", ""Mytikas"", ""Turbine"", ""Triton""]","[0.9426652193069458, 0.5986055135726929, 0.590004563331604, 0.5791466236114502, 0.5524117946624756]"
1,centroid,1,119,Castor,Alcatras,"[""Alcatras"", ""Alaris"", ""Mytikas"", ""Castor"", ""Turbine""]","[0.8696543574333191, 0.758063018321991, 0.6457337141036987, 0.5064010620117188, 0.5017142295837402]"
1,centroid,1,120,Castor,Castor,"[""Castor"", ""Mytikas"", ""Triton"", ""Trius"", ""Alcatras""]","[0.7963992357254028, 0.6562002301216125, 0.6221849918365479, 0.6118614077568054, 0.5831608772277832]"
1,centroid,1,121,Castor,Castor,"[""Castor"", ""Alcatras"", ""Mytikas"", ""Turbine"", ""Braga""]","[0.9499679207801819, 0.6296404004096985, 0.5911102294921875, 0.4778387248516083, 0.4626420736312866]"
1,centroid,1,122,Castor,Castor,"[""Castor"", ""Alcatras"", ""Turbine"", ""Triton"", ""Braga""]","[0.8482872247695923, 0.7052327394485474, 0.6842349767684937, 0.5864418745040894, 0.49327003955841064]"
1,centroid,1,123,Castor,Castor,"[""Castor"", ""Mytikas"", ""Triton"", ""Alcatras"", ""Turbine""]","[0.9171156883239746, 0.7156506180763245, 0.6203400492668152, 0.5915662050247192, 0.4697912037372589]"
1,centroid,1,124,Denom,Denom,"[""Denom"", ""Ratikon"", ""Nivalis"", ""Ilias"", ""Steel_Wheel""]","[0.7308667898178101, 0.5159953236579895, 0.4536423683166504, 0.19486753642559052, 0.04704447090625763]"
1,centroid,1,125,Denom,Denom,"[""Denom"", ""Ratikon"", ""Nivalis"", ""Ilias"", ""Velorum""]","[0.8909950256347656, 0.759113609790802, 0.7583248615264893, 0.6639070510864258, 0.6414719223976135]"
1,centroid,1,126,Denom,Denom,"[""Denom"", ""Ratikon"", ""Nivalis"", ""Ilias"", ""Velorum""]","[0.937461256980896, 0.822787880897522, 0.8058363199234009, 0.6720158457756042, 0.569270133972168]"
1,centroid,1,127,Denom,Denom,"[""Denom"", ""Ratikon"", ""Nivalis"", ""Ilias"", ""Velorum""]","[0.9345918893814087, 0.6939045190811157, 0.661504864692688, 0.5362949371337891, 0.38013172149658203]"
1,centroid,1,128,Denom,Denom,"[""Denom"", ""Ratikon"", ""Nivalis"", ""Ilias"", ""Velorum""]","[0.8337680101394653, 0.5320219397544861, 0.48556578159332275, 0.46909087896347046, 0.31448447704315186]"
1,centroid,1,129,Denom,Denom,"[""Denom"", ""Ratikon"", ""Nivalis"", ""Ilias"", ""Velorum""]","[0.968903660774231, 0.7748385071754456, 0.6426372528076172, 0.6113470792770386, 0.24665969610214233]"
1,centroid,1,130,Denom,Denom,"[""Denom"", ""Ratikon"", ""Ilias"", ""Nivalis"", ""Velorum""]","[0.927801251411438, 0.8543069362640381, 0.703337550163269, 0.6921656131744385, 0.20742331445217133]"
1,centroid,1,131,Denom,Denom,"[""Denom"", ""Ratikon"", ""Nivalis"", ""Ilias"", ""Velorum""]","[0.855966329574585, 0.6835993528366089, 0.6238337755203247, 0.44919344782829285, 0.402218222618103]"
1,centroid,1,132,Denom,Denom,"[""Denom"", ""Ratikon"", ""Nivalis"", ""Ilias"", ""Velorum""]","[0.9145036935806274, 0.8941090106964111, 0.7362076044082642, 0.7158035635948181, 0.45080330967903137]"
1,centroid,1,133,Denom,Denom,"[""Denom"", ""Nivalis"", ""Ratikon"", ""Ilias"", ""Velorum""]","[0.9579770565032959, 0.8226096630096436, 0.7915513515472412, 0.5950239300727844, 0.4204738736152649]"
1,centroid,1,134,Denom,Denom,"[""Denom"", ""Velorum"", ""Nivalis"", ""Ilias"", ""Trius""]","[0.6899207234382629, 0.5533697605133057, 0.4794194996356964, 0.3851740062236786, 0.36488136649131775]"
1,centroid,1,135,Denom,Denom,"[""Denom"", ""Ratikon"", ""Ilias"", ""Nivalis"", ""Velorum""]","[0.8322112560272217, 0.8062281608581543, 0.7411540746688843, 0.6297178268432617, 0.5259103178977966]"
1,centroid,1,136,Denom,Denom,"[""Denom"", ""Ratikon"", ""Nivalis"", ""Ilias"", ""Velorum""]","[0.9025189876556396, 0.8986522555351257, 0.7704905271530151, 0.7401361465454102, 0.306646466255188]"
1,centroid,1,137,Denom,Castor,"[""Castor"", ""Steel_Wheel"", ""Braga"", ""Turbine"", ""Hawk""]","[0.3521420955657959, 0.3515029549598694, 0.3255844712257385, 0.2555685043334961, 0.1495676040649414]"
1,centroid,1,138,Denom,Denom,"[""Denom"", ""Nivalis"", ""Ratikon"", ""Ilias"", ""Velorum""]","[0.8756816983222961, 0.765221893787384, 0.7376174926757812, 0.40611982345581055, 0.2849052846431732]"
1,centroid,1,139,Denom,Denom,"[""Denom"", ""Ratikon"", ""Nivalis"", ""Ilias"", ""Velorum""]","[0.9559866786003113, 0.8316986560821533, 0.6730723977088928, 0.661636233329773, 0.43396836519241333]"
1,centroid,1,140,Denom,Denom,"[""Denom"", ""Ratikon"", ""Ilias"", ""Nivalis"", ""Velorum""]","[0.9253278970718384, 0.7355813980102539, 0.6969858407974243, 0.5803377032279968, 0.3159082233905792]"
1,centroid,1,141,Denom,Ratikon,"[""Ratikon"", ""Denom"", ""Ilias"", ""Nivalis"", ""Velorum""]","[0.9109489321708679, 0.8181794881820679, 0.801792562007904, 0.6563861966133118, 0.24817143380641937]"
1,centroid,1,142,Denom,Ratikon,"[""Ratikon"", ""Ilias"", ""Denom"", ""Nivalis"", ""Velorum""]","[0.9125077724456787, 0.8353089094161987, 0.7953410148620605, 0.6567851901054382, 0.5873608589172363]"
1,centroid,1,143,Denom,Denom,"[""Denom"", ""Nivalis"", ""Ratikon"", ""Ilias"", ""Velorum""]","[0.9573205709457397, 0.7502213716506958, 0.7051770091056824, 0.5013962984085083, 0.2653115689754486]"
1,centroid,1,144,Denom,Denom,"[""Denom"", ""Ratikon"", ""Nivalis"", ""Ilias"", ""Velorum""]","[0.9382123351097107, 0.7586706876754761, 0.7441433668136597, 0.6942708492279053, 0.38113176822662354]"
1,centroid,1,145,Denom,Denom,"[""Denom"", ""Ratikon"", ""Nivalis"", ""Ilias"", ""Xtreme""]","[0.7651537656784058, 0.5291274189949036, 0.4226321876049042, 0.40060606598854065, 0.1670343428850174]"
1,centroid,1,146,Denom,Denom,"[""Denom"", ""Ratikon"", ""Nivalis"", ""Ilias"", ""Velorum""]","[0.9070132970809937, 0.7487231492996216, 0.6974809169769287, 0.47762906551361084, 0.2949640154838562]"
1,centroid,1,147,Denom,Denom,"[""Denom"", ""Ratikon"", ""Ilias"", ""Nivalis"", ""Velorum""]","[0.9381590485572815, 0.7450809478759766, 0.6054576635360718, 0.5299584865570068, 0.2180994153022766]"
1,centroid,1,148,Denom,Denom,"[""Denom"", ""Ratikon"", ""Ilias"", ""Nivalis"", ""Velorum""]","[0.6487894058227539, 0.621041476726532, 0.46219706535339355, 0.27133792638778687, 0.17869915068149567]"
1,centroid,1,149,Denom,Denom,"[""Denom"", ""Ratikon"", ""Nivalis"", ""Ilias"", ""Velorum""]","[0.9609655737876892, 0.752271831035614, 0.735605001449585, 0.6966238021850586, 0.5325724482536316]"
1,centroid,1,150,Denom,Denom,"[""Denom"", ""Ratikon"", ""Nivalis"", ""Ilias"", ""Velorum""]","[0.9408260583877563, 0.7644425630569458, 0.7478837966918945, 0.6931949853897095, 0.44136863946914673]"
1,centroid,1,151,Denom,Ratikon,"[""Ratikon"", ""Denom"", ""Ilias"", ""Nivalis"", ""Velorum""]","[0.8738889694213867, 0.8396544456481934, 0.7846827507019043, 0.5737734436988831, 0.37015825510025024]"
1,centroid,1,152,Denom,Denom,"[""Denom"", ""Ratikon"", ""Nivalis"", ""Ilias"", ""Velorum""]","[0.93204665184021, 0.8808096647262573, 0.8077089786529541, 0.6455940008163452, 0.3844759464263916]"
1,centroid,1,153,Denom,Trius,"[""Trius"", ""Denom"", ""Steel_Wheel"", ""Gemini"", ""Nivalis""]","[0.5427346229553223, 0.517562985420227, 0.29802536964416504, 0.26202359795570374, 0.2567063868045807]"
1,centroid,1,154,Denom,Denom,"[""Denom"", ""Nivalis"", ""Ilias"", ""Velorum"", ""Ratikon""]","[0.7454833984375, 0.5147652626037598, 0.4837755560874939, 0.4632227122783661, 0.4019755721092224]"
1,centroid,1,155,Denom,Denom,"[""Denom"", ""Ratikon"", ""Nivalis"", ""Ilias"", ""Xtreme""]","[0.8503481149673462, 0.5972098708152771, 0.5585564970970154, 0.35238057374954224, 0.11693956702947617]"
1,centroid,1,156,Denom,Denom,"[""Denom"", ""Nivalis"", ""Ratikon"", ""Ilias"", ""Velorum""]","[0.9695755839347839, 0.8378679156303406, 0.8214409351348877, 0.6526790857315063, 0.4955105185508728]"
1,centroid,1,157,Denom,Denom,"[""Denom"", ""Ratikon"", ""Nivalis"", ""Ilias"", ""Velorum""]","[0.8563965559005737, 0.8376213312149048, 0.6576893329620361, 0.5437244772911072, 0.28787410259246826]"
1,centroid,1,158,Denom,Denom,"[""Denom"", ""Ratikon"", ""Nivalis"", ""Ilias"", ""Velorum""]","[0.9278808832168579, 0.8393073081970215, 0.7076550722122192, 0.6173053979873657, 0.30116328597068787]"
1,centroid,1,159,Denom,Denom,"[""Denom"", ""Nivalis"", ""Ratikon"", ""Ilias"", ""Velorum""]","[0.9495410919189453, 0.7832242250442505, 0.7162535190582275, 0.5220658779144287, 0.4475213885307312]"
1,centroid,1,160,Denom,Denom,"[""Denom"", ""Ilias"", ""Ratikon"", ""Velorum"", ""Nivalis""]","[0.7059212923049927, 0.5973563194274902, 0.5782942771911621, 0.4630733132362366, 0.44357210397720337]"
1,centroid,1,161,Denom,Denom,"[""Denom"", ""Ratikon"", ""Nivalis"", ""Ilias"", ""Velorum""]","[0.9077027440071106, 0.7362689971923828, 0.7344943284988403, 0.5672276020050049, 0.28500306606292725]"
1,centroid,1,162,Gemini,Gemini,"[""Gemini"", ""Xtreme"", ""Trius"", ""Braga"", ""Vega""]","[0.9431232810020447, 0.7171629071235657, 0.2059721052646637, 0.13458336889743805, 0.11283133924007416]"
1,centroid,1,163,Gemini,Denom,"[""Denom"", ""Ilias"", ""Nivalis"", ""Xtreme"", ""Velorum""]","[0.53659987449646, 0.4518973231315613, 0.40948405861854553, 0.3687823414802551, 0.3133661150932312]"
1,centroid,1,164,Gemini,Gemini,"[""Gemini"", ""Alaris"", ""Vega"", ""Trius"", ""Ilias""]","[0.4567902684211731, 0.41466236114501953, 0.3318232595920563, 0.2899879217147827, 0.14755785465240479]"
1,centroid,1,165,Gemini,Gemini,"[""Gemini"", ""Xtreme"", ""Vega"", ""Hawk"", ""Braga""]","[0.8522026538848877, 0.535902202129364, 0.38813573122024536, 0.07105222344398499, -0.02266082540154457]"
1,centroid,1,166,Gemini,Gemini,"[""Gemini"", ""Xtreme"", ""Triton"", ""Trius"", ""Mytikas""]","[0.7628093957901001, 0.5627207159996033, 0.47341054677963257, 0.42841148376464844, 0.3434861898422241]"
1,centroid,1,167,Gemini,Gemini,"[""Gemini"", ""Trius"", ""Braga"", ""Triton"", ""Xtreme""]","[0.581067681312561, 0.5056765675544739, 0.38264867663383484, 0.3192044496536255, 0.2629777789115906]"
1,centroid,1,168,Gemini,Gemini,"[""Gemini"", ""Trius"", ""Xtreme"", ""Vega"", ""Denom""]","[0.725710391998291, 0.395548939704895, 0.26484426856040955, 0.20782630145549774, 0.16936075687408447]"
1,centroid,1,169,Gemini,Gemini,"[""Gemini"", ""Xtreme"", ""Trius"", ""Braga"", ""Vega""]","[0.8550801277160645, 0.57433021068573, 0.46283191442489624, 0.41451698541641235, 0.37497907876968384]"
1,centroid,1,170,Gemini,Gemini,"[""Gemini"", ""Braga"", ""Trius"", ""Xtreme"", ""Vega""]","[0.759721040725708, 0.5369000434875488, 0.5113791823387146, 0.496969997882843, 0.40478527545928955]"
1,centroid,1,171,Gemini,Gemini,"[""Gemini"", ""Triton"", ""Braga"", ""Xtreme"", ""Mytikas""]","[0.7096587419509888, 0.5649544596672058, 0.5244801044464111, 0.5203254818916321, 0.4861675798892975]"
1,centroid,1,172,Gemini,Gemini,"[""Gemini"", ""Xtreme"", ""Trius"", ""Braga"", ""Triton""]","[0.943205714225769, 0.6191520690917969, 0.4182422459125519, 0.3611661195755005, 0.2552416920661926]"
1,centroid,1,173,Gemini,Gemini,"[""Gemini"", ""Trius"", ""Vega"", ""Braga"", ""Alaris""]","[0.6780716180801392, 0.5846002697944641, 0.509912371635437, 0.5008776187896729, 0.46218377351760864]"
1,centroid,1,174,Gemini,Gemini,"[""Gemini"", ""Xtreme"", ""Vega"", ""Hawk"", ""Trius""]","[0.8753580451011658, 0.4669301509857178, 0.3354465961456299, 0.17109593749046326, 0.11814459413290024]"
1,centroid,1,175,Gemini,Trius,"[""Trius"", ""Gemini"", ""Mytikas"", ""Alaris"", ""Braga""]","[0.6942233443260193, 0.5846058130264282, 0.5187018513679504, 0.46661171317100525, 0.4577057361602783]"
1,centroid,1,176,Gemini,Gemini,"[""Gemini"", ""Vega"", ""Xtreme"", ""Braga"", ""Trius""]","[0.8168035745620728, 0.4359787702560425, 0.39644622802734375, 0.11252028495073318, 0.05392196774482727]"
1,centroid,1,177,Gemini,Gemini,"[""Gemini"", ""Xtreme"", ""Vega"", ""Trius"", ""Hawk""]","[0.7607277631759644, 0.34162840247154236, 0.317899227142334, 0.2940475344657898, 0.26541417837142944]"
1,centroid,1,178,Gemini,Gemini,"[""Gemini"", ""Xtreme"", ""Vega"", ""Hawk"", ""Alaris""]","[0.7983583807945251, 0.4531143307685852, 0.31309497356414795, 0.26996004581451416, 0.207615926861763]"
1,centroid,1,179,Gemini,Gemini,"[""Gemini"", ""Xtreme"", ""Vega"", ""Hawk"", ""Braga""]","[0.8432505130767822, 0.5787127614021301, 0.2549639344215393, 0.024927716702222824, -0.015847191214561462]"
1,centroid,1,180,Gemini,Gemini,"[""Gemini"", ""Xtreme"", ""Vega"", ""Trius"", ""Hawk""]","[0.9042626619338989, 0.39769405126571655, 0.3953433036804199, 0.1828751564025879, 0.16893421113491058]"
1,centroid,1,181,Gemini,Gemini,"[""Gemini"", ""Trius"", ""Braga"", ""Alaris"", ""Xtreme""]","[0.7173075675964355, 0.5602737665176392, 0.5221520066261292, 0.49846529960632324, 0.48564228415489197]"
1,centroid,1,182,Gemini,Gemini,"[""Gemini"", ""Xtreme"", ""Trius"", ""Braga"", ""Triton""]","[0.8934698700904846, 0.6722120046615601, 0.398078054189682, 0.30030640959739685, 0.17241409420967102]"
1,centroid,1,183,Gemini,Gemini,"[""Gemini"", ""Xtreme"", ""Vega"", ""Braga"", ""Hawk""]","[0.9034797549247742, 0.6062619686126709, 0.23628205060958862, 0.10084384679794312, 0.09214793890714645]"
1,centroid,1,184,Gemini,Gemini,"[""Gemini"", ""Xtreme"", ""Vega"", ""Trius"", ""Alaris""]","[0.898219108581543, 0.40776488184928894, 0.3440612852573395, 0.18165746331214905, 0.04206129536032677]"
1,centroid,1,185,Gemini,Gemini,"[""Gemini"", ""Xtreme"", ""Vega"", ""Braga"", ""Trius""]","[0.9210211634635925, 0.49176764488220215, 0.2722328305244446, 0.2019604742527008, 0.1950308382511139]"
1,centroid,1,186,Gemini,Gemini,"[""Gemini"", ""Xtreme"", ""Hawk"", ""Braga"", ""Vega""]","[0.8120498657226562, 0.7393226027488708, 0.18357348442077637, 0.17471474409103394, 0.043264005333185196]"
1,centroid,1,187,Gemini,Gemini,"[""Gemini"", ""Xtreme"", ""Vega"", ""Braga"", ""Trius""]","[0.9150460958480835, 0.717637836933136, 0.17910854518413544, 0.10555591434240341, 0.0916084498167038]"
1,centroid,1,188,Gemini,Gemini,"[""Gemini"", ""Vega"", ""Xtreme"", ""Braga"", ""Hawk""]","[0.7686057090759277, 0.48390841484069824, 0.4398331046104431, 0.21720652282238007, 0.2135692983865738]"
1,centroid,1,189,Hawk,Hawk,"[""Hawk"", ""Turbine"", ""Vega"", ""Braga"", ""Alaris""]","[0.9072706699371338, 0.5279268026351929, 0.5031861066818237, 0.47745901346206665, 0.35387635231018066]"
1,centroid,1,190,Hawk,Hawk,"[""Hawk"", ""Braga"", ""Vega"", ""Alcatras"", ""Turbine""]","[0.9162837862968445, 0.42460086941719055, 0.3688633143901825, 0.3175307810306549, 0.29931724071502686]"
1,centroid,1,191,Hawk,Hawk,"[""Hawk"", ""Alaris"", ""Alcatras"", ""Braga"", ""Vega""]","[0.8401716947555542, 0.5167123079299927, 0.4633524417877197, 0.43669721484184265, 0.3608018755912781]"
1,centroid,1,192,Hawk,Hawk,"[""Hawk"", ""Alaris"", ""Alcatras"", ""Braga"", ""Vega""]","[0.8625750541687012, 0.3555586636066437, 0.34009838104248047, 0.32486289739608765, 0.310874342918396]"
1,centroid,1,193,Hawk,Hawk,"[""Hawk"", ""Vega"", ""Braga"", ""Turbine"", ""Alaris""]","[0.9219844341278076, 0.45562469959259033, 0.26118311285972595, 0.24285957217216492, 0.21563972532749176]"
1,centroid,1,194,Hawk,Hawk,"[""Hawk"", ""Turbine"", ""Braga"", ""Vega"", ""Castor""]","[0.851914644241333, 0.6125962734222412, 0.42589420080184937, 0.3781846761703491, 0.1515190601348877]"
1,centroid,1,195,Hawk,Hawk,"[""Hawk"", ""Turbine"", ""Vega"", ""Braga"", ""Alaris""]","[0.7545245289802551, 0.7387936115264893, 0.5986000299453735, 0.5146024823188782, 0.44652682542800903]"
1,centroid,1,196,Hawk,Gemini,"[""Gemini"", ""Hawk"", ""Vega"", ""Braga"", ""Xtreme""]","[0.60969477891922, 0.6013553142547607, 0.484144926071167, 0.4104151129722595, 0.36993837356567383]"
1,centroid,1,197,Hawk,Hawk,"[""Hawk"", ""Braga"", ""Vega"", ""Alaris"", ""Mytikas""]","[0.7710808515548706, 0.6390402317047119, 0.4537464678287506, 0.29401278495788574, 0.2876768708229065]"
1,centroid,1,198,Hawk,Hawk,"[""Hawk"", ""Vega"", ""Turbine"", ""Alaris"", ""Alcatras""]","[0.8753889799118042, 0.6122115254402161, 0.4832581877708435, 0.28842493891716003, 0.18989986181259155]"
1,centroid,1,199,Hawk,Hawk,"[""Hawk"", ""Braga"", ""Turbine"", ""Alcatras"", ""Vega""]","[0.8845762014389038, 0.33934709429740906, 0.3014618754386902, 0.290313184261322, 0.24780268967151642]"
1,centroid,1,200,Hawk,Hawk,"[""Hawk"", ""Alaris"", ""Vega"", ""Turbine"", ""Braga""]","[0.9107383489608765, 0.4626079201698303, 0.4422411024570465, 0.3463304042816162, 0.32838723063468933]"
1,centroid,1,201,Hawk,Hawk,"[""Hawk"", ""Velorum"", ""Ilias"", ""Ratikon"", ""Nivalis""]","[0.5358039140701294, 0.5015116930007935, 0.3964320719242096, 0.29349374771118164, 0.2527332305908203]"
1,centroid,1,202,Hawk,Hawk,"[""Hawk"", ""Turbine"", ""Alaris"", ""Vega"", ""Alcatras""]","[0.914687991142273, 0.5278180241584778, 0.4842955470085144, 0.4318094253540039, 0.3710508942604065]"
1,centroid,1,203,Hawk,Hawk,"[""Hawk"", ""Braga"", ""Turbine"", ""Alaris"", ""Vega""]","[0.9456079602241516, 0.4377530813217163, 0.39824819564819336, 0.379771888256073, 0.33035776019096375]"
1,centroid,1,204,Hawk,Hawk,"[""Hawk"", ""Alaris"", ""Alcatras"", ""Braga"", ""Turbine""]","[0.8271908164024353, 0.6484806537628174, 0.4814453721046448, 0.4154049754142761, 0.3881957530975342]"
1,centroid,1,205,Hawk,Braga,"[""Braga"", ""Hawk"", ""Castor"", ""Turbine"", ""Mytikas""]","[0.7846527099609375, 0.6639673709869385, 0.6098257303237915, 0.6012042760848999, 0.582478404045105]"
1,centroid,1,206,Hawk,Hawk,"[""Hawk"", ""Braga"", ""Turbine"", ""Vega"", ""Mytikas""]","[0.8509804010391235, 0.563068687915802, 0.351121723651886, 0.3133271336555481, 0.26005008816719055]"
1,centroid,1,207,Hawk,Hawk,"[""Hawk"", ""Turbine"", ""Braga"", ""Vega"", ""Gemini""]","[0.7807514667510986, 0.5352223515510559, 0.47410476207733154, 0.3466806411743164, 0.2120719701051712]"
1,centroid,1,208,Hawk,Hawk,"[""Hawk"", ""Vega"", ""Turbine"", ""Braga"", ""Alaris""]","[0.9414033889770508, 0.504881739616394, 0.44035816192626953, 0.3377562463283539, 0.3339370787143707]"
1,centroid,1,209,Hawk,Hawk,"[""Hawk"", ""Alaris"", ""Vega"", ""Turbine"", ""Braga""]","[0.8934173583984375, 0.42805615067481995, 0.37494736909866333, 0.32770252227783203, 0.23949025571346283]"
1,centroid,1,210,Hawk,Hawk,"[""Hawk"", ""Alaris"", ""Braga"", ""Alcatras"", ""Trius""]","[0.7426677346229553, 0.6203740239143372, 0.502496063709259, 0.4918862283229828, 0.43678396940231323]"
1,centroid,1,211,Hawk,Hawk,"[""Hawk"", ""Braga"", ""Alcatras"", ""Alaris"", ""Vega""]","[0.8390839099884033, 0.4542412757873535, 0.44216758012771606, 0.38934123516082764, 0.2649230659008026]"
1,centroid,1,212,Hawk,Hawk,"[""Hawk"", ""Vega"", ""Turbine"", ""Alaris"", ""Braga""]","[0.9267940521240234, 0.5227152109146118, 0.5182950496673584, 0.3813472390174866, 0.3098827004432678]"
1,centroid,1,213,Hawk,Hawk,"[""Hawk"", ""Alaris"", ""Turbine"", ""Alcatras"", ""Braga""]","[0.9394671320915222, 0.4972485601902008, 0.46442854404449463, 0.46287858486175537, 0.358053982257843]"
1,centroid,1,214,Hawk,Hawk,"[""Hawk"", ""Turbine"", ""Braga"", ""Vega"", ""Alaris""]","[0.8116843104362488, 0.5435043573379517, 0.48463842272758484, 0.46682894229888916, 0.33248019218444824]"
1,centroid,1,215,Ilias,Ilias,"[""Ilias"", ""Ratikon"", ""Denom"", ""Nivalis"", ""Gemini""]","[0.8358761072158813, 0.6726672649383545, 0.500735342502594, 0.36627328395843506, 0.19735166430473328]"
1,centroid,1,216,Ilias,Ilias,"[""Ilias"", ""Ratikon"", ""Denom"", ""Velorum"", ""Nivalis""]","[0.9228349924087524, 0.7254841327667236, 0.5366169214248657, 0.5063520669937134, 0.4218762516975403]"
1,centroid,1,217,Ilias,Ilias,"[""Ilias"", ""Ratikon"", ""Velorum"", ""Nivalis"", ""Denom""]","[0.9384435415267944, 0.7865421772003174, 0.6286005973815918, 0.5874755382537842, 0.5674116611480713]"
1,centroid,1,218,Ilias,Ilias,"[""Ilias"", ""Ratikon"", ""Velorum"", ""Nivalis"", ""Triton""]","[0.8111664056777954, 0.5747913122177124, 0.5746674537658691, 0.5320404767990112, 0.49582988023757935]"
1,centroid,1,219,Ilias,Ilias,"[""Ilias"", ""Denom"", ""Ratikon"", ""Velorum"", ""Nivalis""]","[0.8012752532958984, 0.7531424760818481, 0.7434209585189819, 0.6986951231956482, 0.578364908695221]"
1,centroid,1,220,Ilias,Ilias,"[""Ilias"", ""Velorum"", ""Denom"", ""Ratikon"", ""Triton""]","[0.7811083793640137, 0.6565031409263611, 0.5716979503631592, 0.5713188648223877, 0.5035400986671448]"
1,centroid,1,221,Ilias,Ilias,"[""Ilias"", ""Denom"", ""Ratikon"", ""Nivalis"", ""Velorum""]","[0.9219275712966919, 0.7423838376998901, 0.7333325743675232, 0.6339421272277832, 0.5486308336257935]"
1,centroid,1,222,Ilias,Ilias,"[""Ilias"", ""Ratikon"", ""Denom"", ""Velorum"", ""Nivalis""]","[0.7988783717155457, 0.7443230152130127, 0.6892818212509155, 0.6642972826957703, 0.5421319007873535]"
1,centroid,1,223,Ilias,Ilias,"[""Ilias"", ""Ratikon"", ""Nivalis"", ""Denom"", ""Velorum""]","[0.8261316418647766, 0.6714571714401245, 0.537391722202301, 0.49785295128822327, 0.4919849932193756]"
1,centroid,1,224,Ilias,Ilias,"[""Ilias"", ""Denom"", ""Ratikon"", ""Nivalis"", ""Velorum""]","[0.86363685131073, 0.8437783718109131, 0.8311474919319153, 0.7077482342720032, 0.6314078569412231]"
1,centroid,1,225,Ilias,Ilias,"[""Ilias"", ""Ratikon"", ""Denom"", ""Velorum"", ""Nivalis""]","[0.9565116167068481, 0.7049864530563354, 0.5876235365867615, 0.5036773085594177, 0.462469220161438]"
1,centroid,1,226,Ilias,Nivalis,"[""Nivalis"", ""Ratikon"", ""Denom"", ""Ilias"", ""Velorum""]","[0.8519774079322815, 0.8331219553947449, 0.7838645577430725, 0.7805212736129761, 0.5917887687683105]"
1,centroid,1,227,Ilias,Ilias,"[""Ilias"", ""Denom"", ""Ratikon"", ""Velorum"", ""Nivalis""]","[0.8906888961791992, 0.7674551010131836, 0.7514039278030396, 0.6746529340744019, 0.6468022465705872]"
1,centroid,1,228,Ilias,Ilias,"[""Ilias"", ""Ratikon"", ""Denom"", ""Nivalis"", ""Velorum""]","[0.8507204055786133, 0.738872766494751, 0.7184727191925049, 0.6787242889404297, 0.2667791247367859]"
1,centroid,1,229,Ilias,Ilias,"[""Ilias"", ""Denom"", ""Ratikon"", ""Velorum"", ""Nivalis""]","[0.866633415222168, 0.7679466009140015, 0.7397211790084839, 0.7338882684707642, 0.6524757146835327]"
1,centroid,1,230,Ilias,Denom,"[""Denom"", ""Ratikon"", ""Ilias"", ""Nivalis"", ""Velorum""]","[0.8309974670410156, 0.8184922933578491, 0.8079942464828491, 0.6652369499206543, 0.34868407249450684]"
1,centroid,1,231,Ilias,Ilias,"[""Ilias"", ""Ratikon"", ""Velorum"", ""Triton"", ""Denom""]","[0.8295627236366272, 0.636414110660553, 0.6323051452636719, 0.49950748682022095, 0.49302247166633606]"
1,centroid,1,232,Ilias,Ilias,"[""Ilias"", ""Ratikon"", ""Denom"", ""Velorum"", ""Nivalis""]","[0.9389082193374634, 0.7744055986404419, 0.67024827003479, 0.6541186571121216, 0.6412340998649597]"
1,centroid,1,233,Ilias,Ilias,"[""Ilias"", ""Trius"", ""Denom"", ""Velorum"", ""Ratikon""]","[0.6346356868743896, 0.6297041177749634, 0.5594876408576965, 0.555071234703064, 0.45992475748062134]"
1,centroid,1,234,Ilias,Ilias,"[""Ilias"", ""Velorum"", ""Ratikon"", ""Denom"", ""Nivalis""]","[0.8247359991073608, 0.7532426118850708, 0.707531213760376, 0.5971502065658569, 0.4923315644264221]"
1,centroid,1,235,Ilias,Ilias,"[""Ilias"", ""Ratikon"", ""Denom"", ""Velorum"", ""Nivalis""]","[0.9271746873855591, 0.6443197727203369, 0.6369113922119141, 0.6116649508476257, 0.4969879984855652]"
1,centroid,1,236,Ilias,Ilias,"[""Ilias"", ""Ratikon"", ""Denom"", ""Nivalis"", ""Velorum""]","[0.8887249231338501, 0.749386727809906, 0.6604692935943604, 0.5746141672134399, 0.36569467186927795]"
1,centroid,1,237,Ilias,Ilias,"[""Ilias"", ""Ratikon"", ""Denom"", ""Velorum"", ""Nivalis""]","[0.9508930444717407, 0.7524247169494629, 0.7070400714874268, 0.6519471406936646, 0.5611711740493774]"
1,centroid,1,238,Ilias,Ilias,"[""Ilias"", ""Velorum"", ""Ratikon"", ""Denom"", ""Nivalis""]","[0.9313392639160156, 0.7167828679084778, 0.7030161619186401, 0.5845573544502258, 0.4687923192977905]"
1,centroid,1,239,Ilias,Ratikon,"[""Ratikon"", ""Ilias"", ""Velorum"", ""Nivalis"", ""Denom""]","[0.7849429845809937, 0.783461332321167, 0.7297315001487732, 0.6921389102935791, 0.6863903999328613]"
1,centroid,1,240,Ilias,Ilias,"[""Ilias"", ""Ratikon"", ""Velorum"", ""Denom"", ""Nivalis""]","[0.910948634147644, 0.7588326930999756, 0.653835117816925, 0.5791324973106384, 0.574720561504364]"
1,centroid,1,241,Ilias,Ilias,"[""Ilias"", ""Ratikon"", ""Denom"", ""Triton"", ""Velorum""]","[0.6804019212722778, 0.6298283934593201, 0.5876305103302002, 0.5632253885269165, 0.5063732862472534]"
1,centroid,1,242,Ilias,Ilias,"[""Ilias"", ""Ratikon"", ""Velorum"", ""Denom"", ""Nivalis""]","[0.9050983190536499, 0.6781367063522339, 0.6424609422683716, 0.5659441947937012, 0.5383433699607849]"
1,centroid,1,243,Ilias,Ilias,"[""Ilias"", ""Ratikon"", ""Velorum"", ""Denom"", ""Nivalis""]","[0.9018148183822632, 0.7402346134185791, 0.6744982600212097, 0.5682451725006104, 0.5206892490386963]"
1,centroid,1,244,Mytikas,Mytikas,"[""Mytikas"", ""Triton"", ""Trius"", ""Velorum"", ""Braga""]","[0.7822849154472351, 0.7682235240936279, 0.47469809651374817, 0.45830273628234863, 0.3977980613708496]"
1,centroid,1,245,Mytikas,Mytikas,"[""Mytikas"", ""Triton"", ""Trius"", ""Braga"", ""Gemini""]","[0.7198439240455627, 0.6568518280982971, 0.6538198590278625, 0.518384575843811, 0.31113311648368835]"
1,centroid,1,246,Mytikas,Mytikas,"[""Mytikas"", ""Trius"", ""Braga"", ""Gemini"", ""Vega""]","[0.6491953134536743, 0.46417099237442017, 0.4612286388874054, 0.3942981958389282, 0.2908664345741272]"
1,centroid,1,247,Mytikas,Mytikas,"[""Mytikas"", ""Gemini"", ""Trius"", ""Braga"", ""Vega""]","[0.6008614301681519, 0.46434491872787476, 0.41314876079559326, 0.40178003907203674, 0.3671640157699585]"
1,centroid,1,248,Mytikas,Mytikas,"[""Mytikas"", ""Triton"", ""Braga"", ""Castor"", ""Alcatras""]","[0.8358872532844543, 0.7482341527938843, 0.7372299432754517, 0.7169700264930725, 0.6926456689834595]"
1,centroid,1,249,Mytikas,Mytikas,"[""Mytikas"", ""Triton"", ""Braga"", ""Castor"", ""Trius""]","[0.9254103302955627, 0.6670961380004883, 0.5103926658630371, 0.4593281149864197, 0.413840115070343]"
1,centroid,1,250,Mytikas,Mytikas,"[""Mytikas"", ""Castor"", ""Velorum"", ""Triton"", ""Steel_Wheel""]","[0.6818382740020752, 0.6238097548484802, 0.37765374779701233, 0.36530163884162903, 0.32429611682891846]"
1,centroid,1,251,Mytikas,Mytikas,"[""Mytikas"", ""Triton"", ""Ilias"", ""Castor"", ""Ratikon""]","[0.8430603742599487, 0.66974937915802, 0.3857753276824951, 0.34364521503448486, 0.3162655830383301]"
1,centroid,1,252,Mytikas,Trius,"[""Trius"", ""Mytikas"", ""Alcatras"", ""Braga"", ""Alaris""]","[0.6921075582504272, 0.5986171960830688, 0.5071612596511841, 0.4780086874961853, 0.4695829451084137]"
1,centroid,1,253,Mytikas,Mytikas,"[""Mytikas"", ""Triton"", ""Alcatras"", ""Trius"", ""Castor""]","[0.8637737035751343, 0.8207309246063232, 0.7292308807373047, 0.6053301692008972, 0.5829876065254211]"
1,centroid,1,254,Mytikas,Triton,"[""Triton"", ""Mytikas"", ""Alcatras"", ""Castor"", ""Braga""]","[0.8875120878219604, 0.7361292243003845, 0.6949270963668823, 0.6945978403091431, 0.5919893980026245]"
1,centroid,1,255,Mytikas,Mytikas,"[""Mytikas"", ""Triton"", ""Alcatras"", ""Braga"", ""Castor""]","[0.9201514720916748, 0.6593219041824341, 0.6535465717315674, 0.5727040767669678, 0.5628069639205933]"
1,centroid,1,256,Mytikas,Triton,"[""Triton"", ""Mytikas"", ""Turbine"", ""Braga"", ""Trius""]","[0.7296336889266968, 0.6015313863754272, 0.5763386487960815, 0.5351225137710571, 0.49042969942092896]"
1,centroid,1,257,Mytikas,Mytikas,"[""Mytikas"", ""Triton"", ""Braga"", ""Vega"", ""Trius""]","[0.6798110604286194, 0.47619107365608215, 0.4667831361293793, 0.40371620655059814, 0.34104740619659424]"
1,centroid,1,258,Mytikas,Mytikas,"[""Mytikas"", ""Alcatras"", ""Triton"", ""Braga"", ""Turbine""]","[0.8164721727371216, 0.7002009153366089, 0.6270129084587097, 0.6257244348526001, 0.5154934525489807]"
1,centroid,1,259,Mytikas,Mytikas,"[""Mytikas"", ""Triton"", ""Alcatras"", ""Trius"", ""Hawk""]","[0.8492141366004944, 0.5900532007217407, 0.47594261169433594, 0.4362989664077759, 0.37902969121932983]"
1,centroid,1,260,Mytikas,Mytikas,"[""Mytikas"", ""Triton"", ""Alcatras"", ""Trius"", ""Velorum""]","[0.7833651304244995, 0.4769788682460785, 0.3441801071166992, 0.3362564444541931, 0.3203643560409546]"
1,centroid,1,261,Mytikas,Triton,"[""Triton"", ""Mytikas"", ""Castor"", ""Braga"", ""Alcatras""]","[0.7013730406761169, 0.6945895552635193, 0.6207624673843384, 0.5622075200080872, 0.5386064648628235]"
1,centroid,1,262,Mytikas,Mytikas,"[""Mytikas"", ""Trius"", ""Triton"", ""Braga"", ""Alcatras""]","[0.8123835325241089, 0.4322834610939026, 0.4308561086654663, 0.4302710294723511, 0.2956725060939789]"
1,centroid,1,263,Mytikas,Mytikas,"[""Mytikas"", ""Castor"", ""Alcatras"", ""Triton"", ""Braga""]","[0.8952822685241699, 0.7180547714233398, 0.6846901774406433, 0.6502974033355713, 0.45637768507003784]"
1,centroid,1,264,Mytikas,Mytikas,"[""Mytikas"", ""Alcatras"", ""Castor"", ""Triton"", ""Braga""]","[0.8512880802154541, 0.6406190395355225, 0.5655142664909363, 0.5503485202789307, 0.43559885025024414]"
1,centroid,1,265,Mytikas,Trius,"[""Trius"", ""Triton"", ""Mytikas"", ""Castor"", ""Braga""]","[0.7491424083709717, 0.7122950553894043, 0.6943258047103882, 0.4008350372314453, 0.3965306282043457]"
1,centroid,1,266,Mytikas,Mytikas,"[""Mytikas"", ""Triton"", ""Alcatras"", ""Castor"", ""Velorum""]","[0.8870553970336914, 0.6431124210357666, 0.49372756481170654, 0.471408486366272, 0.36825624108314514]"
1,centroid,1,267,Mytikas,Triton,"[""Triton"", ""Mytikas"", ""Trius"", ""Braga"", ""Alcatras""]","[0.8803390264511108, 0.8599674105644226, 0.5667209625244141, 0.5205850005149841, 0.468725323677063]"
1,centroid,1,268,Mytikas,Mytikas,"[""Mytikas"", ""Triton"", ""Alcatras"", ""Braga"", ""Castor""]","[0.8521475791931152, 0.7088949680328369, 0.5965017080307007, 0.5069754719734192, 0.45924872159957886]"
1,centroid,1,269,Mytikas,Mytikas,"[""Mytikas"", ""Triton"", ""Castor"", ""Alcatras"", ""Braga""]","[0.715743899345398, 0.6031146049499512, 0.5906457901000977, 0.5282666683197021, 0.46627044677734375]"
1,centroid,1,270,Mytikas,Mytikas,"[""Mytikas"", ""Triton"", ""Braga"", ""Xtreme"", ""Alcatras""]","[0.7663794755935669, 0.496197909116745, 0.4801120162010193, 0.4573867917060852, 0.37925219535827637]"
1,centroid,1,271,Mytikas,Mytikas,"[""Mytikas"", ""Triton"", ""Alcatras"", ""Braga"", ""Castor""]","[0.8598151803016663, 0.6923438310623169, 0.6152777671813965, 0.5275317430496216, 0.503200888633728]"
1,centroid,1,272,Nivalis,Nivalis,"[""Nivalis"", ""Ratikon"", ""Denom"", ""Ilias"", ""Velorum""]","[0.9092487096786499, 0.5967240333557129, 0.5142038464546204, 0.46395671367645264, 0.3106529116630554]"
1,centroid,1,273,Nivalis,Denom,"[""Denom"", ""Nivalis"", ""Ratikon"", ""Ilias"", ""Velorum""]","[0.8676174879074097, 0.7702678442001343, 0.6933894157409668, 0.49048322439193726, 0.30482587218284607]"
1,centroid,1,274,Nivalis,Denom,"[""Denom"", ""Ratikon"", ""Nivalis"", ""Ilias"", ""Velorum""]","[0.7943159341812134, 0.7906382083892822, 0.7774717211723328, 0.606021523475647, 0.5859792232513428]"
1,centroid,1,275,Nivalis,Nivalis,"[""Nivalis"", ""Ratikon"", ""Denom"", ""Ilias"", ""Velorum""]","[0.9259804487228394, 0.6225690841674805, 0.6114205121994019, 0.4984498620033264, 0.43165165185928345]"
1,centroid,1,276,Nivalis,Nivalis,"[""Nivalis"", ""Denom"", ""Ratikon"", ""Velorum"", ""Ilias""]","[0.9345664978027344, 0.7838807106018066, 0.7050895690917969, 0.6020740270614624, 0.591810941696167]"
1,centroid,1,277,Nivalis,Nivalis,"[""Nivalis"", ""Ratikon"", ""Denom"", ""Ilias"", ""Velorum""]","[0.8248403072357178, 0.8189265131950378, 0.8126803636550903, 0.6823818683624268, 0.4576050043106079]"
1,centroid,1,278,Nivalis,Nivalis,"[""Nivalis"", ""Velorum"", ""Denom"", ""Ratikon"", ""Steel_Wheel""]","[0.7517359256744385, 0.44082576036453247, 0.3817453980445862, 0.24038921296596527, 0.09689459949731827]"
1,centroid,1,279,Nivalis,Denom,"[""Denom"", ""Ratikon"", ""Nivalis"", ""Ilias"", ""Velorum""]","[0.8807829022407532, 0.8510277271270752, 0.8300686478614807, 0.6736057996749878, 0.5299772024154663]"
1,centroid,1,280,Nivalis,Nivalis,"[""Nivalis"", ""Velorum"", ""Denom"", ""Ratikon"", ""Ilias""]","[0.8602533936500549, 0.6270281076431274, 0.6101882457733154, 0.5343410968780518, 0.40330106019973755]"
1,centroid,1,281,Nivalis,Nivalis,"[""Nivalis"", ""Denom"", ""Ratikon"", ""Ilias"", ""Velorum""]","[0.9260109663009644, 0.5917524099349976, 0.5844974517822266, 0.48554176092147827, 0.288276731967926]"
1,centroid,1,282,Nivalis,Ratikon,"[""Ratikon"", ""Denom"", ""Nivalis"", ""Ilias"", ""Velorum""]","[0.9133450984954834, 0.8408719301223755, 0.7879179120063782, 0.6910150647163391, 0.40022313594818115]"
1,centroid,1,283,Nivalis,Nivalis,"[""Nivalis"", ""Denom"", ""Ilias"", ""Ratikon"", ""Velorum""]","[0.8889404535293579, 0.7548259496688843, 0.7050315141677856, 0.6965974569320679, 0.5751308798789978]"
1,centroid,1,284,Nivalis,Nivalis,"[""Nivalis"", ""Denom"", ""Ratikon"", ""Ilias"", ""Velorum""]","[0.8522593975067139, 0.4872395098209381, 0.4469428062438965, 0.41434019804000854, 0.3169364333152771]"
1,centroid,1,285,Nivalis,Nivalis,"[""Nivalis"", ""Velorum"", ""Denom"", ""Ratikon"", ""Ilias""]","[0.6551272869110107, 0.32262903451919556, 0.2906148433685303, 0.2511913776397705, 0.20192894339561462]"
1,centroid,1,286,Nivalis,Nivalis,"[""Nivalis"", ""Velorum"", ""Denom"", ""Ilias"", ""Ratikon""]","[0.7617465257644653, 0.7224677801132202, 0.5992162227630615, 0.5651997327804565, 0.4690358340740204]"
1,centroid,1,287,Nivalis,Nivalis,"[""Nivalis"", ""Denom"", ""Ilias"", ""Velorum"", ""Ratikon""]","[0.7933107614517212, 0.4839162528514862, 0.3959871530532837, 0.3816869854927063, 0.3731486201286316]"
1,centroid,1,288,Nivalis,Ratikon,"[""Ratikon"", ""Denom"", ""Nivalis"", ""Ilias"", ""Velorum""]","[0.880833625793457, 0.8333008289337158, 0.8177345395088196, 0.6445733308792114, 0.3055145740509033]"
1,centroid,1,289,Nivalis,Nivalis,"[""Nivalis"", ""Denom"", ""Ratikon"", ""Ilias"", ""Velorum""]","[0.9004638195037842, 0.8371692299842834, 0.7475754022598267, 0.5166269540786743, 0.48176711797714233]"
1,centroid,1,290,Nivalis,Denom,"[""Denom"", ""Nivalis"", ""Ratikon"", ""Ilias"", ""Velorum""]","[0.8366813063621521, 0.8268416523933411, 0.7732330560684204, 0.7193426489830017, 0.6570130586624146]"
1,centroid,1,291,Nivalis,Nivalis,"[""Nivalis"", ""Denom"", ""Ratikon"", ""Ilias"", ""Velorum""]","[0.8362385034561157, 0.815521240234375, 0.7879505157470703, 0.7399663329124451, 0.6732885837554932]"
1,centroid,1,292,Nivalis,Nivalis,"[""Nivalis"", ""Ilias"", ""Denom"", ""Ratikon"", ""Gemini""]","[0.7108631730079651, 0.527594268321991, 0.47380098700523376, 0.4424743056297302, 0.23472100496292114]"
1,centroid,1,293,Nivalis,Nivalis,"[""Nivalis"", ""Denom"", ""Ratikon"", ""Velorum"", ""Ilias""]","[0.8407463431358337, 0.46646445989608765, 0.3860916495323181, 0.3776649832725525, 0.33393436670303345]"
1,centroid,1,294,Ratikon,Denom,"[""Denom"", ""Ratikon"", ""Nivalis"", ""Ilias"", ""Velorum""]","[0.8026453852653503, 0.7915627360343933, 0.77821946144104, 0.5820918083190918, 0.12989795207977295]"
1,centroid,1,295,Ratikon,Ratikon,"[""Ratikon"", ""Ilias"", ""Denom"", ""Nivalis"", ""Vega""]","[0.8493654131889343, 0.6289554834365845, 0.6270521879196167, 0.5524133443832397, 0.15282410383224487]"
1,centroid,1,296,Ratikon,Ratikon,"[""Ratikon"", ""Ilias"", ""Denom"", ""Nivalis"", ""Velorum""]","[0.9113913774490356, 0.8252663612365723, 0.6662427186965942, 0.4647376537322998, 0.39895135164260864]"
1,centroid,1,297,Ratikon,Ratikon,"[""Ratikon"", ""Ilias"", ""Denom"", ""Nivalis"", ""Velorum""]","[0.9503836631774902, 0.8734757304191589, 0.7623465061187744, 0.621261477470398, 0.4574453830718994]"
1,centroid,1,298,Ratikon,Ratikon,"[""Ratikon"", ""Ilias"", ""Nivalis"", ""Denom"", ""Velorum""]","[0.8412890434265137, 0.5791522860527039, 0.5719159841537476, 0.5265732407569885, 0.23538222908973694]"
1,centroid,1,299,Ratikon,Ratikon,"[""Ratikon"", ""Denom"", ""Ilias"", ""Nivalis"", ""Velorum""]","[0.9002714157104492, 0.603692352771759, 0.5926066637039185, 0.52088463306427, 0.19116103649139404]"
1,centroid,1,300,Ratikon,Ratikon,"[""Ratikon"", ""Denom"", ""Ilias"", ""Nivalis"", ""Velorum""]","[0.8563427329063416, 0.8546214699745178, 0.8185925483703613, 0.6417502164840698, 0.3277830481529236]"
1,centroid,1,301,Ratikon,Ratikon,"[""Ratikon"", ""Denom"", ""Nivalis"", ""Ilias"", ""Velorum""]","[0.8647015690803528, 0.7631118893623352, 0.6827189922332764, 0.5734430551528931, 0.046380266547203064]"
1,centroid,1,302,Ratikon,Ratikon,"[""Ratikon"", ""Nivalis"", ""Ilias"", ""Denom"", ""Velorum""]","[0.9279587864875793, 0.8172160387039185, 0.7971677184104919, 0.7871918678283691, 0.6145695447921753]"
1,centroid,1,303,Ratikon,Ratikon,"[""Ratikon"", ""Denom"", ""Ilias"", ""Nivalis"", ""Velorum""]","[0.9085208177566528, 0.8154202699661255, 0.6470593214035034, 0.6118265390396118, 0.3742862343788147]"
1,centroid,1,304,Ratikon,Ratikon,"[""Ratikon"", ""Denom"", ""Nivalis"", ""Ilias"", ""Velorum""]","[0.9489074945449829, 0.842318058013916, 0.7355848550796509, 0.7042827606201172, 0.3002461791038513]"
1,centroid,1,305,Ratikon,Ratikon,"[""Ratikon"", ""Denom"", ""Ilias"", ""Velorum"", ""Nivalis""]","[0.6280819177627563, 0.6100484132766724, 0.5834938287734985, 0.5608954429626465, 0.3414941132068634]"
1,centroid,1,306,Ratikon,Ratikon,"[""Ratikon"", ""Ilias"", ""Denom"", ""Nivalis"", ""Velorum""]","[0.9137932658195496, 0.7949284315109253, 0.7767637372016907, 0.610511302947998, 0.23024585843086243]"
1,centroid,1,307,Ratikon,Ratikon,"[""Ratikon"", ""Ilias"", ""Denom"", ""Nivalis"", ""Velorum""]","[0.8776088356971741, 0.6485532522201538, 0.631524920463562, 0.5642361640930176, 0.4024491310119629]"
1,centroid,1,308,Ratikon,Denom,"[""Denom"", ""Ratikon"", ""Nivalis"", ""Ilias"", ""Velorum""]","[0.846773087978363, 0.8350178003311157, 0.6917513608932495, 0.5848053097724915, 0.4331454932689667]"
1,centroid,1,309,Ratikon,Ratikon,"[""Ratikon"", ""Ilias"", ""Nivalis"", ""Denom"", ""Velorum""]","[0.9467499852180481, 0.8269845247268677, 0.6874609589576721, 0.6778781414031982, 0.47592607140541077]"
1,centroid,1,310,Ratikon,Ratikon,"[""Ratikon"", ""Denom"", ""Ilias"", ""Nivalis"", ""Velorum""]","[0.8759766221046448, 0.7604161500930786, 0.7051033973693848, 0.6640498638153076, 0.1958971619606018]"
1,centroid,1,311,Ratikon,Ratikon,"[""Ratikon"", ""Denom"", ""Ilias"", ""Nivalis"", ""Velorum""]","[0.9626020789146423, 0.7885862588882446, 0.7228020429611206, 0.7045103907585144, 0.29893121123313904]"
1,centroid,1,312,Ratikon,Ratikon,"[""Ratikon"", ""Nivalis"", ""Denom"", ""Ilias"", ""Velorum""]","[0.9086313247680664, 0.7682886719703674, 0.7169687747955322, 0.6610472202301025, 0.34841907024383545]"
1,centroid,1,313,Ratikon,Denom,"[""Denom"", ""Nivalis"", ""Ratikon"", ""Ilias"", ""Velorum""]","[0.8626599311828613, 0.834518551826477, 0.8096449375152588, 0.63544100522995, 0.43724921345710754]"
1,centroid,1,314,Ratikon,Ratikon,"[""Ratikon"", ""Denom"", ""Ilias"", ""Nivalis"", ""Velorum""]","[0.8840705752372742, 0.7654463052749634, 0.6385592222213745, 0.5748351216316223, 0.042508840560913086]"
1,centroid,1,315,Ratikon,Ratikon,"[""Ratikon"", ""Denom"", ""Ilias"", ""Nivalis"", ""Trius""]","[0.8293428421020508, 0.709631085395813, 0.5387904644012451, 0.4969503581523895, 0.2251725196838379]"
1,centroid,1,316,Ratikon,Ratikon,"[""Ratikon"", ""Denom"", ""Ilias"", ""Nivalis"", ""Velorum""]","[0.8491944074630737, 0.7211421728134155, 0.7142223119735718, 0.7106959223747253, 0.430411696434021]"
1,centroid,1,317,Ratikon,Ratikon,"[""Ratikon"", ""Denom"", ""Ilias"", ""Nivalis"", ""Velorum""]","[0.917770504951477, 0.8807356953620911, 0.8470240235328674, 0.6476967930793762, 0.4620184004306793]"
1,centroid,1,318,Ratikon,Ratikon,"[""Ratikon"", ""Denom"", ""Ilias"", ""Nivalis"", ""Velorum""]","[0.9192009568214417, 0.831596851348877, 0.8102132678031921, 0.6070031523704529, 0.432402104139328]"
1,centroid,1,319,Ratikon,Ratikon,"[""Ratikon"", ""Denom"", ""Nivalis"", ""Ilias"", ""Vega""]","[0.7919408082962036, 0.6680294275283813, 0.6146239042282104, 0.4506561756134033, 0.23933453857898712]"
1,centroid,1,320,Ratikon,Nivalis,"[""Nivalis"", ""Ratikon"", ""Denom"", ""Ilias"", ""Velorum""]","[0.820327639579773, 0.8066283464431763, 0.8031655550003052, 0.6283133625984192, 0.2568097710609436]"
1,centroid,1,321,Ratikon,Ratikon,"[""Ratikon"", ""Denom"", ""Ilias"", ""Nivalis"", ""Velorum""]","[0.8596725463867188, 0.7095649838447571, 0.6585171222686768, 0.5787208080291748, 0.12397535145282745]"
1,centroid,1,322,Steel_Wheel,Steel_Wheel,"[""Steel_Wheel"", ""Xtreme"", ""Nivalis"", ""Mytikas"", ""Denom""]","[0.9883238077163696, 0.15194222331047058, 0.07625515013933182, 0.03708454966545105, 0.02738262712955475]"
1,centroid,1,323,Steel_Wheel,Steel_Wheel,"[""Steel_Wheel"", ""Xtreme"", ""Denom"", ""Nivalis"", ""Velorum""]","[0.9566777944564819, 0.18457165360450745, 0.17067627608776093, 0.11114427447319031, 0.052186332643032074]"
1,centroid,1,324,Steel_Wheel,Steel_Wheel,"[""Steel_Wheel"", ""Mytikas"", ""Xtreme"", ""Nivalis"", ""Castor""]","[0.9589722156524658, 0.09958226978778839, 0.09668491780757904, 0.01881987415254116, -0.011201206594705582]"
1,centroid,1,325,Steel_Wheel,Steel_Wheel,"[""Steel_Wheel"", ""Xtreme"", ""Nivalis"", ""Vega"", ""Mytikas""]","[0.9384399652481079, 0.08060191571712494, 0.022629227489233017, -0.07690609991550446, -0.09213972091674805]"
1,centroid,1,326,Steel_Wheel,Steel_Wheel,"[""Steel_Wheel"", ""Denom"", ""Nivalis"", ""Ratikon"", ""Xtreme""]","[0.9472651481628418, 0.10938520729541779, 0.0993613749742508, 0.05929984152317047, 0.026428423821926117]"
1,centroid,1,327,Steel_Wheel,Steel_Wheel,"[""Steel_Wheel"", ""Xtreme"", ""Nivalis"", ""Ratikon"", ""Denom""]","[0.9552066326141357, 0.07886721193790436, 0.023159712553024292, -0.06112150475382805, -0.0814768373966217]"
1,centroid,1,328,Steel_Wheel,Steel_Wheel,"[""Steel_Wheel"", ""Nivalis"", ""Xtreme"", ""Velorum"", ""Denom""]","[0.9788817167282104, 0.13678711652755737, 0.09937916696071625, 0.05911786109209061, 0.0481056310236454]"
1,centroid,1,329,Steel_Wheel,Steel_Wheel,"[""Steel_Wheel"", ""Denom"", ""Ratikon"", ""Nivalis"", ""Ilias""]","[0.9500464200973511, 0.06948136538267136, 0.06806501746177673, 0.02282520942389965, 0.004354527220129967]"
1,centroid,1,330,Steel_Wheel,Steel_Wheel,"[""Steel_Wheel"", ""Mytikas"", ""Velorum"", ""Xtreme"", ""Nivalis""]","[0.9596131443977356, 0.16824352741241455, 0.0978345200419426, 0.06613701581954956, 0.06143362820148468]"
1,centroid,1,331,Steel_Wheel,Steel_Wheel,"[""Steel_Wheel"", ""Xtreme"", ""Velorum"", ""Mytikas"", ""Trius""]","[0.6147961616516113, 0.48595964908599854, 0.42221033573150635, 0.2904761731624603, 0.1967613846063614]"
1,centroid,1,332,Steel_Wheel,Steel_Wheel,"[""Steel_Wheel"", ""Nivalis"", ""Ratikon"", ""Xtreme"", ""Denom""]","[0.960302472114563, 0.09542800486087799, -0.006071355193853378, -0.014479972422122955, -0.01818942464888096]"
1,centroid,1,333,Steel_Wheel,Steel_Wheel,"[""Steel_Wheel"", ""Xtreme"", ""Velorum"", ""Nivalis"", ""Mytikas""]","[0.94831383228302, 0.21584104001522064, 0.1496729552745819, 0.12491891533136368, 0.028972066938877106]"
1,centroid,1,334,Steel_Wheel,Steel_Wheel,"[""Steel_Wheel"", ""Xtreme"", ""Nivalis"", ""Mytikas"", ""Velorum""]","[0.9572936296463013, 0.1376943290233612, 0.07977605611085892, 0.0492384247481823, -0.04507153481245041]"
1,centroid,1,335,Steel_Wheel,Steel_Wheel,"[""Steel_Wheel"", ""Xtreme"", ""Mytikas"", ""Castor"", ""Nivalis""]","[0.9213037490844727, 0.059974826872348785, 0.025436319410800934, 0.010478053241968155, -0.008956300094723701]"
1,centroid,1,336,Steel_Wheel,Steel_Wheel,"[""Steel_Wheel"", ""Denom"", ""Xtreme"", ""Ratikon"", ""Ilias""]","[0.9209803342819214, 0.14155611395835876, 0.09336397796869278, 0.0879300981760025, 0.0645025372505188]"
1,centroid,1,337,Steel_Wheel,Steel_Wheel,"[""Steel_Wheel"", ""Nivalis"", ""Velorum"", ""Xtreme"", ""Ilias""]","[0.9630827307701111, 0.155863955616951, 0.14952567219734192, 0.09514643996953964, 0.012550600804388523]"
1,centroid,1,338,Steel_Wheel,Steel_Wheel,"[""Steel_Wheel"", ""Xtreme"", ""Mytikas"", ""Nivalis"", ""Denom""]","[0.965907096862793, 0.1315026879310608, 0.11198948323726654, -0.006284693256020546, -0.0334760881960392]"
1,centroid,1,339,Steel_Wheel,Steel_Wheel,"[""Steel_Wheel"", ""Nivalis"", ""Velorum"", ""Ratikon"", ""Ilias""]","[0.9289869070053101, 0.1402093768119812, 0.1279928982257843, 0.10023558139801025, 0.06827493757009506]"
1,centroid,1,340,Steel_Wheel,Steel_Wheel,"[""Steel_Wheel"", ""Xtreme"", ""Nivalis"", ""Mytikas"", ""Denom""]","[0.9713096618652344, 0.1859876960515976, 0.03477683290839195, 0.029349975287914276, -0.040136486291885376]"
1,centroid,1,341,Steel_Wheel,Steel_Wheel,"[""Steel_Wheel"", ""Xtreme"", ""Nivalis"", ""Velorum"", ""Denom""]","[0.9807077646255493, 0.12808960676193237, 0.09104219824075699, 0.05345107242465019, 0.003601266071200371]"
1,centroid,1,342,Steel_Wheel,Steel_Wheel,"[""Steel_Wheel"", ""Nivalis"", ""Denom"", ""Velorum"", ""Ratikon""]","[0.9737578630447388, 0.10555391013622284, 0.04917526990175247, 0.043152108788490295, 0.02417406626045704]"
1,centroid,1,343,Steel_Wheel,Steel_Wheel,"[""Steel_Wheel"", ""Nivalis"", ""Velorum"", ""Xtreme"", ""Denom""]","[0.952907919883728, 0.14340674877166748, 0.11212094128131866, 0.037588149309158325, -0.005071287974715233]"
1,centroid,1,344,Steel_Wheel,Steel_Wheel,"[""Steel_Wheel"", ""Mytikas"", ""Xtreme"", ""Ratikon"", ""Ilias""]","[0.9303394556045532, 0.1264384388923645, 0.11427812278270721, 0.04693446680903435, 0.045572467148303986]"
1,centroid,1,345,Steel_Wheel,Steel_Wheel,"[""Steel_Wheel"", ""Xtreme"", ""Gemini"", ""Trius"", ""Denom""]","[0.8379950523376465, 0.43605726957321167, 0.19854168593883514, 0.14498113095760345, 0.13065963983535767]"
1,centroid,1,346,Steel_Wheel,Steel_Wheel,"[""Steel_Wheel"", ""Xtreme"", ""Mytikas"", ""Castor"", ""Trius""]","[0.9184179306030273, 0.1465221494436264, 0.10506927967071533, 0.09442970901727676, -0.08698780089616776]"
1,centroid,1,347,Steel_Wheel,Steel_Wheel,"[""Steel_Wheel"", ""Velorum"", ""Nivalis"", ""Mytikas"", ""Ilias""]","[0.9207391738891602, 0.18313419818878174, 0.05866468697786331, 0.041492946445941925, 0.03568694368004799]"
1,centroid,1,348,Steel_Wheel,Steel_Wheel,"[""Steel_Wheel"", ""Denom"", ""Ratikon"", ""Nivalis"", ""Velorum""]","[0.8988971710205078, 0.09716284275054932, 0.09456825256347656, 0.06270714849233627, 0.01629406027495861]"
1,centroid,1,349,Steel_Wheel,Steel_Wheel,"[""Steel_Wheel"", ""Denom"", ""Ratikon"", ""Nivalis"", ""Mytikas""]","[0.8960028290748596, 0.14205312728881836, 0.08431154489517212, 0.06434318423271179, 0.06271534413099289]"
1,centroid,1,350,Steel_Wheel,Steel_Wheel,"[""Steel_Wheel"", ""Denom"", ""Nivalis"", ""Xtreme"", ""Ratikon""]","[0.9651645421981812, 0.15491168200969696, 0.1408674120903015, 0.08227774500846863, 0.05179648473858833]"
1,centroid,1,351,Steel_Wheel,Steel_Wheel,"[""Steel_Wheel"", ""Velorum"", ""Nivalis"", ""Denom"", ""Ratikon""]","[0.9352540373802185, 0.059013646095991135, 0.028174735605716705, 0.017249878495931625, 0.0015710555016994476]"
1,centroid,1,352,Steel_Wheel,Steel_Wheel,"[""Steel_Wheel"", ""Nivalis"", ""Velorum"", ""Denom"", ""Ratikon""]","[0.9548556804656982, 0.09667900204658508, 0.043736159801483154, 0.027703678235411644, 0.017347775399684906]"
1,centroid,1,353,Steel_Wheel,Steel_Wheel,"[""Steel_Wheel"", ""Xtreme"", ""Nivalis"", ""Mytikas"", ""Hawk""]","[0.9570907950401306, 0.21937178075313568, 0.0005265157669782639, -0.09165121614933014, -0.09178310632705688]"
1,centroid,1,354,Steel_Wheel,Steel_Wheel,"[""Steel_Wheel"", ""Nivalis"", ""Xtreme"", ""Mytikas"", ""Denom""]","[0.9732381105422974, 0.15260538458824158, 0.1041252389550209, 0.08557090163230896, 0.0817585438489914]"
1,centroid,1,355,Steel_Wheel,Steel_Wheel,"[""Steel_Wheel"", ""Xtreme"", ""Mytikas"", ""Nivalis"", ""Castor""]","[0.9822355508804321, 0.10485247522592545, 0.00957376230508089, -0.02185664512217045, -0.052143216133117676]"
1,centroid,1,356,Steel_Wheel,Steel_Wheel,"[""Steel_Wheel"", ""Mytikas"", ""Triton"", ""Xtreme"", ""Castor""]","[0.8703463077545166, 0.2776370048522949, 0.1016283929347992, 0.07672178745269775, 0.06210038810968399]"
1,centroid,1,357,Triton,Triton,"[""Triton"", ""Mytikas"", ""Braga"", ""Castor"", ""Alcatras""]","[0.880038857460022, 0.7100030183792114, 0.5163290500640869, 0.5040340423583984, 0.49062538146972656]"
1,centroid,1,358,Triton,Triton,"[""Triton"", ""Mytikas"", ""Castor"", ""Trius"", ""Braga""]","[0.829849123954773, 0.7025171518325806, 0.5878855586051941, 0.5297545194625854, 0.5165084600448608]"
1,centroid,1,359,Triton,Triton,"[""Triton"", ""Mytikas"", ""Braga"", ""Trius"", ""Castor""]","[0.8310052752494812, 0.641160249710083, 0.6142153739929199, 0.5118899345397949, 0.3303801715373993]"
1,centroid,1,360,Triton,Triton,"[""Triton"", ""Mytikas"", ""Velorum"", ""Trius"", ""Ilias""]","[0.6827466487884521, 0.6395873427391052, 0.5650039911270142, 0.3968665301799774, 0.3857462406158447]"
1,centroid,1,361,Triton,Triton,"[""Triton"", ""Mytikas"", ""Trius"", ""Castor"", ""Braga""]","[0.9284811615943909, 0.7742412090301514, 0.49718090891838074, 0.44173306226730347, 0.42476290464401245]"
1,centroid,1,362,Triton,Triton,"[""Triton"", ""Mytikas"", ""Braga"", ""Castor"", ""Trius""]","[0.8925281167030334, 0.6178781986236572, 0.5229905247688293, 0.4882323443889618, 0.4824717044830322]"
1,centroid,1,363,Triton,Triton,"[""Triton"", ""Braga"", ""Mytikas"", ""Trius"", ""Castor""]","[0.9148546457290649, 0.6658145189285278, 0.5851055383682251, 0.4880731403827667, 0.4128243327140808]"
1,centroid,1,364,Triton,Triton,"[""Triton"", ""Mytikas"", ""Trius"", ""Castor"", ""Braga""]","[0.8544784784317017, 0.6451561450958252, 0.6221562623977661, 0.5694806575775146, 0.5101578235626221]"
1,centroid,1,365,Triton,Triton,"[""Triton"", ""Mytikas"", ""Braga"", ""Trius"", ""Castor""]","[0.8681255578994751, 0.7149550318717957, 0.5681781768798828, 0.5149701237678528, 0.39854151010513306]"
1,centroid,1,366,Triton,Triton,"[""Triton"", ""Mytikas"", ""Braga"", ""Castor"", ""Velorum""]","[0.8808997869491577, 0.6298700571060181, 0.5379188656806946, 0.5204299688339233, 0.4769074022769928]"
1,centroid,1,367,Triton,Triton,"[""Triton"", ""Mytikas"", ""Castor"", ""Trius"", ""Braga""]","[0.9259943962097168, 0.7821921706199646, 0.5843439698219299, 0.5704885125160217, 0.552504301071167]"
1,centroid,1,368,Triton,Triton,"[""Triton"", ""Mytikas"", ""Braga"", ""Castor"", ""Alcatras""]","[0.9009720087051392, 0.7010940909385681, 0.6689877510070801, 0.6053555607795715, 0.4870569705963135]"
1,centroid,1,369,Triton,Triton,"[""Triton"", ""Ilias"", ""Mytikas"", ""Trius"", ""Velorum""]","[0.8586787581443787, 0.615861713886261, 0.5705286860466003, 0.5603734850883484, 0.4631514549255371]"
1,centroid,1,370,Triton,Triton,"[""Triton"", ""Mytikas"", ""Braga"", ""Castor"", ""Alcatras""]","[0.9124338030815125, 0.725090503692627, 0.6812641024589539, 0.593498170375824, 0.43824005126953125]"
1,centroid,1,371,Triton,Triton,"[""Triton"", ""Mytikas"", ""Braga"", ""Castor"", ""Trius""]","[0.8503111004829407, 0.6186338663101196, 0.5887108445167542, 0.44144386053085327, 0.40145212411880493]"
1,centroid,1,372,Triton,Triton,"[""Triton"", ""Mytikas"", ""Braga"", ""Trius"", ""Castor""]","[0.8379517793655396, 0.7060535550117493, 0.5287378430366516, 0.4138016700744629, 0.405953049659729]"
1,centroid,1,373,Triton,Triton,"[""Triton"", ""Mytikas"", ""Castor"", ""Braga"", ""Velorum""]","[0.820712149143219, 0.6222372055053711, 0.5597164034843445, 0.5434504747390747, 0.4758712351322174]"
1,centroid,1,374,Triton,Triton,"[""Triton"", ""Braga"", ""Mytikas"", ""Trius"", ""Castor""]","[0.8609931468963623, 0.6703236103057861, 0.5079489946365356, 0.5037407875061035, 0.3902120590209961]"
1,centroid,1,375,Triton,Alaris,"[""Alaris"", ""Alcatras"", ""Trius"", ""Triton"", ""Mytikas""]","[0.7794778347015381, 0.7560551166534424, 0.702544093132019, 0.6441441774368286, 0.49389195442199707]"
1,centroid,1,376,Triton,Triton,"[""Triton"", ""Mytikas"", ""Trius"", ""Braga"", ""Alcatras""]","[0.896530032157898, 0.6581950783729553, 0.6472461223602295, 0.6427679657936096, 0.44235455989837646]"
1,centroid,1,377,Triton,Triton,"[""Triton"", ""Mytikas"", ""Trius"", ""Braga"", ""Alcatras""]","[0.7969571948051453, 0.6259512901306152, 0.5794821977615356, 0.513858437538147, 0.3948862552642822]"
1,centroid,1,378,Triton,Triton,"[""Triton"", ""Trius"", ""Braga"", ""Mytikas"", ""Alaris""]","[0.8769540786743164, 0.6470003128051758, 0.6060850024223328, 0.5932710766792297, 0.39848440885543823]"
1,centroid,1,379,Triton,Triton,"[""Triton"", ""Mytikas"", ""Braga"", ""Trius"", ""Alcatras""]","[0.9114871621131897, 0.6684775352478027, 0.614020824432373, 0.6060081720352173, 0.47208595275878906]"
1,centroid,1,380,Triton,Triton,"[""Triton"", ""Mytikas"", ""Trius"", ""Castor"", ""Braga""]","[0.8506525158882141, 0.6639821529388428, 0.5056634545326233, 0.48225677013397217, 0.44727709889411926]"
1,centroid,1,381,Triton,Triton,"[""Triton"", ""Mytikas"", ""Braga"", ""Alcatras"", ""Trius""]","[0.874622106552124, 0.6607158780097961, 0.6033619046211243, 0.5448920726776123, 0.4885660707950592]"
1,centroid,1,382,Triton,Triton,"[""Triton"", ""Mytikas"", ""Braga"", ""Alcatras"", ""Castor""]","[0.873111367225647, 0.7600386142730713, 0.555007815361023, 0.5278026461601257, 0.4867795407772064]"
1,centroid,1,383,Triton,Triton,"[""Triton"", ""Mytikas"", ""Alcatras"", ""Castor"", ""Velorum""]","[0.7393548488616943, 0.6318572759628296, 0.5497045516967773, 0.485789954662323, 0.461133748292923]"
1,centroid,1,384,Triton,Triton,"[""Triton"", ""Trius"", ""Gemini"", ""Braga"", ""Ilias""]","[0.7355269193649292, 0.5816483497619629, 0.42938482761383057, 0.4214121401309967, 0.38963282108306885]"
1,centroid,1,385,Triton,Triton,"[""Triton"", ""Mytikas"", ""Braga"", ""Trius"", ""Velorum""]","[0.855650007724762, 0.7625501155853271, 0.6453191041946411, 0.5118821263313293, 0.4787049889564514]"
1,centroid,1,386,Triton,Triton,"[""Triton"", ""Mytikas"", ""Braga"", ""Alcatras"", ""Castor""]","[0.7998678684234619, 0.7389626502990723, 0.6458418965339661, 0.5710782408714294, 0.5626700520515442]"
1,centroid,1,387,Triton,Triton,"[""Triton"", ""Braga"", ""Trius"", ""Mytikas"", ""Alcatras""]","[0.8286752700805664, 0.661113977432251, 0.6516674757003784, 0.6465212106704712, 0.4681251049041748]"
1,centroid,1,388,Triton,Triton,"[""Triton"", ""Trius"", ""Braga"", ""Mytikas"", ""Velorum""]","[0.8786560297012329, 0.6521806120872498, 0.632124662399292, 0.6037606000900269, 0.49704039096832275]"
1,centroid,1,389,Triton,Triton,"[""Triton"", ""Mytikas"", ""Trius"", ""Braga"", ""Velorum""]","[0.9553958177566528, 0.6729816794395447, 0.6364830732345581, 0.5307367444038391, 0.4514654278755188]"
1,centroid,1,390,Triton,Triton,"[""Triton"", ""Mytikas"", ""Braga"", ""Trius"", ""Castor""]","[0.8952176570892334, 0.6796454191207886, 0.503257155418396, 0.4929791986942291, 0.30604255199432373]"
1,centroid,1,391,Triton,Triton,"[""Triton"", ""Trius"", ""Velorum"", ""Mytikas"", ""Braga""]","[0.8360838890075684, 0.7096449136734009, 0.5689036846160889, 0.5475702285766602, 0.4100724458694458]"
1,centroid,1,392,Triton,Triton,"[""Triton"", ""Trius"", ""Mytikas"", ""Braga"", ""Alaris""]","[0.8493742942810059, 0.7223312854766846, 0.5404868125915527, 0.4908572733402252, 0.47255802154541016]"
1,centroid,1,393,Triton,Triton,"[""Triton"", ""Mytikas"", ""Velorum"", ""Castor"", ""Trius""]","[0.6347707509994507, 0.5426613092422485, 0.44400912523269653, 0.44282886385917664, 0.365169882774353]"
1,centroid,1,394,Triton,Triton,"[""Triton"", ""Mytikas"", ""Trius"", ""Braga"", ""Alcatras""]","[0.9086030125617981, 0.6177833080291748, 0.5687222480773926, 0.5045830011367798, 0.3918053209781647]"
1,centroid,1,395,Triton,Braga,"[""Braga"", ""Mytikas"", ""Triton"", ""Castor"", ""Alcatras""]","[0.8330332040786743, 0.7526274919509888, 0.7406136989593506, 0.7229422330856323, 0.6879631280899048]"
1,centroid,1,396,Triton,Triton,"[""Triton"", ""Mytikas"", ""Castor"", ""Alcatras"", ""Velorum""]","[0.8914151787757874, 0.6709334254264832, 0.5736199021339417, 0.55301833152771, 0.43758267164230347]"
1,centroid,1,397,Triton,Mytikas,"[""Mytikas"", ""Triton"", ""Braga"", ""Trius"", ""Xtreme""]","[0.7259787917137146, 0.6225030422210693, 0.5505457520484924, 0.541657030582428, 0.4856327176094055]"
1,centroid,1,398,Triton,Mytikas,"[""Mytikas"", ""Alcatras"", ""Triton"", ""Castor"", ""Trius""]","[0.7278512716293335, 0.5598705410957336, 0.5226499438285828, 0.4866741895675659, 0.44766145944595337]"
1,centroid,1,399,Triton,Triton,"[""Triton"", ""Trius"", ""Mytikas"", ""Braga"", ""Velorum""]","[0.9042295217514038, 0.6625560522079468, 0.5986801385879517, 0.5324910283088684, 0.4150494337081909]"
1,centroid,1,400,Triton,Triton,"[""Triton"", ""Braga"", ""Mytikas"", ""Trius"", ""Velorum""]","[0.899588942527771, 0.6922359466552734, 0.6798707246780396, 0.6444849967956543, 0.4468851685523987]"
1,centroid,1,401,Triton,Triton,"[""Triton"", ""Mytikas"", ""Trius"", ""Braga"", ""Castor""]","[0.9031968116760254, 0.6693350076675415, 0.512362003326416, 0.4974325895309448, 0.43689101934432983]"
1,centroid,1,402,Triton,Triton,"[""Triton"", ""Mytikas"", ""Braga"", ""Trius"", ""Alcatras""]","[0.8485596776008606, 0.7375894784927368, 0.6231838464736938, 0.5160650014877319, 0.451945424079895]"
1,centroid,1,403,Triton,Triton,"[""Triton"", ""Mytikas"", ""Trius"", ""Braga"", ""Alaris""]","[0.8366716504096985, 0.7070177793502808, 0.6984032392501831, 0.6777403354644775, 0.4164324402809143]"
1,centroid,1,404,Triton,Braga,"[""Braga"", ""Mytikas"", ""Trius"", ""Triton"", ""Velorum""]","[0.5267550349235535, 0.4780830144882202, 0.471152126789093, 0.46831509470939636, 0.46176138520240784]"
1,centroid,1,405,Triton,Triton,"[""Triton"", ""Trius"", ""Ilias"", ""Mytikas"", ""Velorum""]","[0.8589891195297241, 0.5886254906654358, 0.574860692024231, 0.562649130821228, 0.5454336404800415]"
1,centroid,1,406,Triton,Mytikas,"[""Mytikas"", ""Triton"", ""Castor"", ""Braga"", ""Trius""]","[0.7844047546386719, 0.6767295002937317, 0.6104658842086792, 0.5221673846244812, 0.36444705724716187]"
1,centroid,1,407,Triton,Triton,"[""Triton"", ""Trius"", ""Mytikas"", ""Velorum"", ""Braga""]","[0.7450858354568481, 0.6382787227630615, 0.5357288122177124, 0.4355410635471344, 0.4038589298725128]"
1,centroid,1,408,Triton,Triton,"[""Triton"", ""Trius"", ""Mytikas"", ""Ilias"", ""Velorum""]","[0.8382689952850342, 0.5775907039642334, 0.5551929473876953, 0.4725550413131714, 0.343893826007843]"
1,centroid,1,409,Triton,Triton,"[""Triton"", ""Mytikas"", ""Trius"", ""Braga"", ""Castor""]","[0.8855773210525513, 0.7396150231361389, 0.5871028304100037, 0.527450680732727, 0.4475623369216919]"
1,centroid,1,410,Triton,Triton,"[""Triton"", ""Mytikas"", ""Alcatras"", ""Castor"", ""Braga""]","[0.8350785970687866, 0.7137395143508911, 0.6456383466720581, 0.5904752016067505, 0.5196601748466492]"
1,centroid,1,411,Trius,Mytikas,"[""Mytikas"", ""Trius"", ""Triton"", ""Velorum"", ""Castor""]","[0.7131896615028381, 0.5989149808883667, 0.4882488250732422, 0.45995545387268066, 0.3368309736251831]"
1,centroid,1,412,Trius,Alaris,"[""Alaris"", ""Trius"", ""Braga"", ""Alcatras"", ""Castor""]","[0.7320107817649841, 0.6835047602653503, 0.5848389863967896, 0.53939288854599, 0.3768581748008728]"
1,centroid,1,413,Trius,Trius,"[""Trius"", ""Gemini"", ""Triton"", ""Denom"", ""Mytikas""]","[0.758046567440033, 0.4309064745903015, 0.4003458023071289, 0.28056806325912476, 0.26932233572006226]"
1,centroid,1,414,Trius,Trius,"[""Trius"", ""Vega"", ""Alaris"", ""Mytikas"", ""Triton""]","[0.6535418629646301, 0.5166159272193909, 0.379928320646286, 0.3559781312942505, 0.32211047410964966]"
1,centroid,1,415,Trius,Trius,"[""Trius"", ""Gemini"", ""Triton"", ""Denom"", ""Ilias""]","[0.7710685729980469, 0.3603760600090027, 0.346939355134964, 0.34242016077041626, 0.30500397086143494]"
1,centroid,1,416,Trius,Denom,"[""Denom"", ""Nivalis"", ""Ratikon"", ""Trius"", ""Mytikas""]","[0.5351248979568481, 0.46802017092704773, 0.4339431822299957, 0.36215949058532715, 0.2533719539642334]"
1,centroid,1,417,Trius,Braga,"[""Braga"", ""Mytikas"", ""Triton"", ""Trius"", ""Alcatras""]","[0.7953997254371643, 0.7736722826957703, 0.7713677287101746, 0.640082597732544, 0.6307041049003601]"
1,centroid,1,418,Trius,Trius,"[""Trius"", ""Triton"", ""Braga"", ""Alaris"", ""Mytikas""]","[0.7827602624893188, 0.7778284549713135, 0.6335780024528503, 0.5353564620018005, 0.5083824396133423]"
1,centroid,1,419,Trius,Trius,"[""Trius"", ""Alaris"", ""Braga"", ""Triton"", ""Mytikas""]","[0.8067252039909363, 0.7205212116241455, 0.6010478138923645, 0.5253524780273438, 0.5132960081100464]"
1,centroid,1,420,Trius,Trius,"[""Trius"", ""Denom"", ""Gemini"", ""Nivalis"", ""Velorum""]","[0.5881016254425049, 0.45429426431655884, 0.3593733608722687, 0.23821888864040375, 0.18508058786392212]"
1,centroid,1,421,Trius,Vega,"[""Vega"", ""Mytikas"", ""Ratikon"", ""Nivalis"", ""Ilias""]","[0.4898446202278137, 0.41042405366897583, 0.38266587257385254, 0.381813108921051, 0.31710511445999146]"
1,centroid,1,422,Trius,Triton,"[""Triton"", ""Trius"", ""Mytikas"", ""Castor"", ""Braga""]","[0.75926673412323, 0.7023948431015015, 0.5857173204421997, 0.5853244662284851, 0.5766066312789917]"
1,centroid,1,423,Trius,Triton,"[""Triton"", ""Braga"", ""Trius"", ""Mytikas"", ""Castor""]","[0.8591256737709045, 0.7640900611877441, 0.6939839124679565, 0.6775450706481934, 0.5703911781311035]"
1,centroid,1,424,Trius,Trius,"[""Trius"", ""Velorum"", ""Ilias"", ""Alaris"", ""Triton""]","[0.6367287635803223, 0.44260120391845703, 0.3720299005508423, 0.3002075254917145, 0.2173580676317215]"
1,centroid,1,425,Trius,Denom,"[""Denom"", ""Trius"", ""Nivalis"", ""Ratikon"", ""Ilias""]","[0.5531260967254639, 0.5180693864822388, 0.31484925746917725, 0.31268590688705444, 0.31177544593811035]"
1,centroid,1,426,Trius,Trius,"[""Trius"", ""Alaris"", ""Triton"", ""Braga"", ""Alcatras""]","[0.8684999942779541, 0.657874345779419, 0.6167885065078735, 0.5952054262161255, 0.4624636173248291]"
1,centroid,1,427,Trius,Trius,"[""Trius"", ""Alaris"", ""Braga"", ""Mytikas"", ""Triton""]","[0.8937134742736816, 0.7024645805358887, 0.5442095994949341, 0.4750608205795288, 0.4530203342437744]"
1,centroid,1,428,Trius,Trius,"[""Trius"", ""Triton"", ""Mytikas"", ""Gemini"", ""Braga""]","[0.7739140391349792, 0.5864689350128174, 0.5330929160118103, 0.5146601796150208, 0.4949905276298523]"
1,centroid,1,429,Trius,Trius,"[""Trius"", ""Gemini"", ""Alaris"", ""Denom"", ""Triton""]","[0.8208385705947876, 0.31717339158058167, 0.3149867653846741, 0.26982933282852173, 0.18753507733345032]"
1,centroid,1,430,Trius,Trius,"[""Trius"", ""Alaris"", ""Braga"", ""Triton"", ""Alcatras""]","[0.8163869976997375, 0.7091000080108643, 0.6294615268707275, 0.6162829995155334, 0.47106462717056274]"
1,centroid,1,431,Trius,Trius,"[""Trius"", ""Triton"", ""Vega"", ""Mytikas"", ""Braga""]","[0.6449204683303833, 0.5527209639549255, 0.5069422721862793, 0.49401217699050903, 0.3783631920814514]"
1,centroid,1,432,Trius,Trius,"[""Trius"", ""Triton"", ""Mytikas"", ""Braga"", ""Alcatras""]","[0.8418023586273193, 0.8078706860542297, 0.7073282599449158, 0.5737622976303101, 0.45209047198295593]"
1,centroid,1,433,Trius,Trius,"[""Trius"", ""Alaris"", ""Triton"", ""Braga"", ""Gemini""]","[0.8424389362335205, 0.5242482423782349, 0.46671801805496216, 0.414455771446228, 0.3987041115760803]"
1,centroid,1,434,Trius,Trius,"[""Trius"", ""Alaris"", ""Gemini"", ""Triton"", ""Braga""]","[0.6524596214294434, 0.48185646533966064, 0.3535153865814209, 0.33891522884368896, 0.22856022417545319]"
1,centroid,1,435,Trius,Trius,"[""Trius"", ""Braga"", ""Triton"", ""Gemini"", ""Mytikas""]","[0.7868926525115967, 0.7262231111526489, 0.5356568694114685, 0.5163817405700684, 0.4881281554698944]"
1,centroid,1,436,Trius,Trius,"[""Trius"", ""Triton"", ""Mytikas"", ""Alaris"", ""Alcatras""]","[0.8647370338439941, 0.7261742949485779, 0.568139910697937, 0.5208485126495361, 0.470051646232605]"
1,centroid,1,437,Trius,Trius,"[""Trius"", ""Alaris"", ""Braga"", ""Triton"", ""Alcatras""]","[0.844272255897522, 0.7960787415504456, 0.6221176385879517, 0.6217448711395264, 0.5913359522819519]"
1,centroid,1,438,Trius,Trius,"[""Trius"", ""Alaris"", ""Triton"", ""Alcatras"", ""Mytikas""]","[0.8307627439498901, 0.7181580066680908, 0.6956493258476257, 0.6199973225593567, 0.606967568397522]"
1,centroid,1,439,Trius,Trius,"[""Trius"", ""Triton"", ""Alaris"", ""Braga"", ""Alcatras""]","[0.8619850873947144, 0.717073380947113, 0.5973132252693176, 0.49387305974960327, 0.4413425326347351]"
1,centroid,1,440,Trius,Alaris,"[""Alaris"", ""Trius"", ""Alcatras"", ""Braga"", ""Triton""]","[0.8477804660797119, 0.6714853048324585, 0.6537740230560303, 0.6366426944732666, 0.545624852180481]"
1,centroid,1,441,Trius,Trius,"[""Trius"", ""Alaris"", ""Triton"", ""Braga"", ""Mytikas""]","[0.8707468509674072, 0.5733858346939087, 0.5685091614723206, 0.4146246910095215, 0.35057884454727173]"
1,centroid,1,442,Trius,Trius,"[""Trius"", ""Alcatras"", ""Alaris"", ""Triton"", ""Braga""]","[0.7640860080718994, 0.6665375232696533, 0.6131035089492798, 0.5957435965538025, 0.5875093936920166]"
1,centroid,1,443,Trius,Mytikas,"[""Mytikas"", ""Gemini"", ""Braga"", ""Triton"", ""Trius""]","[0.6479937434196472, 0.5743652582168579, 0.4976857006549835, 0.48486262559890747, 0.45027774572372437]"
1,centroid,1,444,Trius,Trius,"[""Trius"", ""Mytikas"", ""Triton"", ""Braga"", ""Alcatras""]","[0.8527787327766418, 0.7357844114303589, 0.6001344919204712, 0.4641360938549042, 0.4515427052974701]"
1,centroid,1,445,Trius,Triton,"[""Triton"", ""Mytikas"", ""Trius"", ""Castor"", ""Alcatras""]","[0.672261118888855, 0.6211060285568237, 0.5789928436279297, 0.5729504823684692, 0.5212265849113464]"
1,centroid,1,446,Trius,Trius,"[""Trius"", ""Alaris"", ""Gemini"", ""Triton"", ""Alcatras""]","[0.8113336563110352, 0.6899427175521851, 0.28862133622169495, 0.27357253432273865, 0.2579951286315918]"
1,centroid,1,447,Trius,Trius,"[""Trius"", ""Alaris"", ""Triton"", ""Ilias"", ""Alcatras""]","[0.7445756196975708, 0.5667619109153748, 0.4657124876976013, 0.3427128195762634, 0.3045079708099365]"
1,centroid,1,448,Trius,Trius,"[""Trius"", ""Triton"", ""Mytikas"", ""Velorum"", ""Braga""]","[0.8741270303726196, 0.72646164894104, 0.6038017272949219, 0.5250828862190247, 0.5082122087478638]"
1,centroid,1,449,Trius,Mytikas,"[""Mytikas"", ""Trius"", ""Braga"", ""Triton"", ""Gemini""]","[0.6218934059143066, 0.6073446869850159, 0.49661001563072205, 0.4874650537967682, 0.35195392370224]"
1,centroid,1,450,Trius,Triton,"[""Triton"", ""Braga"", ""Trius"", ""Mytikas"", ""Alaris""]","[0.8486976623535156, 0.7344443798065186, 0.7070010900497437, 0.6642181873321533, 0.5933433771133423]"
1,centroid,1,451,Trius,Trius,"[""Trius"", ""Mytikas"", ""Triton"", ""Castor"", ""Alaris""]","[0.740378737449646, 0.6612313985824585, 0.6610618829727173, 0.6262933611869812, 0.622489333152771]"
1,centroid,1,452,Turbine,Castor,"[""Castor"", ""Turbine"", ""Braga"", ""Mytikas"", ""Triton""]","[0.8698723912239075, 0.6412524580955505, 0.49665743112564087, 0.4939829111099243, 0.4589553475379944]"
1,centroid,1,453,Turbine,Turbine,"[""Turbine"", ""Hawk"", ""Castor"", ""Alcatras"", ""Braga""]","[0.904644787311554, 0.748932421207428, 0.4344652593135834, 0.3484008312225342, 0.334214985370636]"
1,centroid,1,454,Turbine,Turbine,"[""Turbine"", ""Alcatras"", ""Alaris"", ""Castor"", ""Triton""]","[0.819737434387207, 0.4821433126926422, 0.4527650475502014, 0.4473349452018738, 0.4250534772872925]"
1,centroid,1,455,Turbine,Turbine,"[""Turbine"", ""Hawk"", ""Braga"", ""Vega"", ""Gemini""]","[0.7970476150512695, 0.4914819300174713, 0.4581158757209778, 0.4406433701515198, 0.3179158866405487]"
1,centroid,1,456,Turbine,Turbine,"[""Turbine"", ""Hawk"", ""Vega"", ""Braga"", ""Alaris""]","[0.8263741731643677, 0.5913171768188477, 0.5264892578125, 0.37586820125579834, 0.30032646656036377]"
1,centroid,1,457,Turbine,Turbine,"[""Turbine"", ""Hawk"", ""Castor"", ""Alcatras"", ""Vega""]","[0.9150389432907104, 0.6125019788742065, 0.47511154413223267, 0.4631071090698242, 0.4095942974090576]"
1,centroid,1,458,Turbine,Turbine,"[""Turbine"", ""Hawk"", ""Castor"", ""Braga"", ""Vega""]","[0.9150431752204895, 0.6207257509231567, 0.4452669322490692, 0.3819398880004883, 0.37392768263816833]"
1,centroid,1,459,Turbine,Turbine,"[""Turbine"", ""Braga"", ""Vega"", ""Hawk"", ""Mytikas""]","[0.7746318578720093, 0.6000145673751831, 0.5897645950317383, 0.5849133729934692, 0.4068491458892822]"
1,centroid,1,460,Turbine,Turbine,"[""Turbine"", ""Alcatras"", ""Castor"", ""Triton"", ""Alaris""]","[0.7986006140708923, 0.5907164216041565, 0.5239471197128296, 0.48398834466934204, 0.482704758644104]"
1,centroid,1,461,Turbine,Turbine,"[""Turbine"", ""Hawk"", ""Braga"", ""Vega"", ""Alaris""]","[0.8584102392196655, 0.7043749690055847, 0.5435307621955872, 0.5307518839836121, 0.45141810178756714]"
1,centroid,1,462,Turbine,Turbine,"[""Turbine"", ""Castor"", ""Triton"", ""Alcatras"", ""Braga""]","[0.7466623783111572, 0.6777456402778625, 0.6665480136871338, 0.6313501596450806, 0.5667628049850464]"
1,centroid,1,463,Turbine,Hawk,"[""Hawk"", ""Turbine"", ""Mytikas"", ""Braga"", ""Triton""]","[0.6036989092826843, 0.5909867882728577, 0.49304717779159546, 0.4129179120063782, 0.3070511221885681]"
1,centroid,1,464,Turbine,Turbine,"[""Turbine"", ""Castor"", ""Braga"", ""Hawk"", ""Alcatras""]","[0.8866598010063171, 0.5705975294113159, 0.5088695287704468, 0.4429013729095459, 0.30809998512268066]"
1,centroid,1,465,Turbine,Turbine,"[""Turbine"", ""Hawk"", ""Alcatras"", ""Castor"", ""Alaris""]","[0.8969281911849976, 0.6671332716941833, 0.5063917636871338, 0.49898284673690796, 0.42028701305389404]"
1,centroid,1,466,Turbine,Turbine,"[""Turbine"", ""Hawk"", ""Vega"", ""Castor"", ""Braga""]","[0.9138477444648743, 0.45146769285202026, 0.39453113079071045, 0.38888221979141235, 0.2786007523536682]"
1,centroid,1,467,Turbine,Turbine,"[""Turbine"", ""Hawk"", ""Vega"", ""Braga"", ""Alaris""]","[0.7552295923233032, 0.736255943775177, 0.5845675468444824, 0.3697252869606018, 0.33960774540901184]"
1,centroid,1,468,Turbine,Turbine,"[""Turbine"", ""Castor"", ""Hawk"", ""Alcatras"", ""Braga""]","[0.8865931630134583, 0.5934958457946777, 0.5146968364715576, 0.5137680768966675, 0.46408596634864807]"
1,centroid,1,469,Turbine,Turbine,"[""Turbine"", ""Castor"", ""Trius"", ""Braga"", ""Mytikas""]","[0.5914949178695679, 0.4918344020843506, 0.47359582781791687, 0.44996678829193115, 0.4254593253135681]"
1,centroid,1,470,Turbine,Turbine,"[""Turbine"", ""Hawk"", ""Castor"", ""Alaris"", ""Alcatras""]","[0.9670737385749817, 0.48820292949676514, 0.43888166546821594, 0.39698052406311035, 0.36748331785202026]"
1,centroid,1,471,Turbine,Turbine,"[""Turbine"", ""Castor"", ""Hawk"", ""Triton"", ""Braga""]","[0.8589087724685669, 0.4314969480037689, 0.3965984880924225, 0.3786054253578186, 0.3640778660774231]"
1,centroid,1,472,Turbine,Turbine,"[""Turbine"", ""Castor"", ""Hawk"", ""Braga"", ""Alcatras""]","[0.8312604427337646, 0.5184025764465332, 0.4991230368614197, 0.4535473883152008, 0.43858012557029724]"
1,centroid,1,473,Turbine,Turbine,"[""Turbine"", ""Alcatras"", ""Alaris"", ""Vega"", ""Triton""]","[0.7728804349899292, 0.499124139547348, 0.4734881818294525, 0.4309062063694, 0.422495037317276]"
1,centroid,1,474,Turbine,Turbine,"[""Turbine"", ""Castor"", ""Braga"", ""Hawk"", ""Triton""]","[0.8748139142990112, 0.5693550109863281, 0.535199761390686, 0.4729893207550049, 0.3903913199901581]"
1,centroid,1,475,Turbine,Turbine,"[""Turbine"", ""Hawk"", ""Castor"", ""Alcatras"", ""Mytikas""]","[0.8086649775505066, 0.6620922684669495, 0.5842459201812744, 0.5586797595024109, 0.45685943961143494]"
1,centroid,1,476,Turbine,Turbine,"[""Turbine"", ""Castor"", ""Alcatras"", ""Braga"", ""Alaris""]","[0.864622950553894, 0.6195565462112427, 0.505741536617279, 0.4746556878089905, 0.40867602825164795]"
1,centroid,1,477,Turbine,Turbine,"[""Turbine"", ""Castor"", ""Alcatras"", ""Alaris"", ""Braga""]","[0.9229446649551392, 0.6265541911125183, 0.5085036158561707, 0.40522873401641846, 0.3916188180446625]"
1,centroid,1,478,Turbine,Turbine,"[""Turbine"", ""Hawk"", ""Vega"", ""Alcatras"", ""Alaris""]","[0.7346333265304565, 0.6010910868644714, 0.41768473386764526, 0.4174952805042267, 0.4058907628059387]"
1,centroid,1,479,Turbine,Turbine,"[""Turbine"", ""Hawk"", ""Vega"", ""Alcatras"", ""Alaris""]","[0.8368409872055054, 0.6090911626815796, 0.5105180144309998, 0.40274858474731445, 0.39260628819465637]"
1,centroid,1,480,Vega,Vega,"[""Vega"", ""Hawk"", ""Alaris"", ""Turbine"", ""Braga""]","[0.9089508652687073, 0.553176760673523, 0.4994218349456787, 0.3367670178413391, 0.27076447010040283]"
1,centroid,1,481,Vega,Vega,"[""Vega"", ""Turbine"", ""Hawk"", ""Braga"", ""Alaris""]","[0.8963863849639893, 0.25013434886932373, 0.24346299469470978, 0.14577427506446838, 0.08805641531944275]"
1,centroid,1,482,Vega,Vega,"[""Vega"", ""Gemini"", ""Hawk"", ""Turbine"", ""Alaris""]","[0.8927837610244751, 0.31930941343307495, 0.16063207387924194, 0.029574060812592506, 0.0060652997344732285]"
1,centroid,1,483,Vega,Vega,"[""Vega"", ""Alaris"", ""Turbine"", ""Alcatras"", ""Hawk""]","[0.7216531038284302, 0.3890717625617981, 0.3048553466796875, 0.25590407848358154, 0.23176684975624084]"
1,centroid,1,484,Vega,Vega,"[""Vega"", ""Turbine"", ""Gemini"", ""Hawk"", ""Alaris""]","[0.6991702318191528, 0.24678650498390198, 0.17631316184997559, 0.08979125320911407, 0.04730868339538574]"
1,centroid,1,485,Vega,Vega,"[""Vega"", ""Alaris"", ""Hawk"", ""Turbine"", ""Alcatras""]","[0.8528470993041992, 0.4535709619522095, 0.44957399368286133, 0.39834457635879517, 0.3698301911354065]"
1,centroid,1,486,Vega,Vega,"[""Vega"", ""Trius"", ""Gemini"", ""Triton"", ""Alaris""]","[0.8509488701820374, 0.28029516339302063, 0.26959627866744995, 0.24892663955688477, 0.2375442087650299]"
1,centroid,1,487,Vega,Vega,"[""Vega"", ""Hawk"", ""Gemini"", ""Braga"", ""Turbine""]","[0.8538948893547058, 0.5147400498390198, 0.3062542676925659, 0.16556234657764435, 0.1638370156288147]"
1,centroid,1,488,Vega,Vega,"[""Vega"", ""Gemini"", ""Hawk"", ""Turbine"", ""Alaris""]","[0.7972735166549683, 0.46086642146110535, 0.27508705854415894, 0.16888028383255005, 0.12461350858211517]"
1,centroid,1,489,Vega,Vega,"[""Vega"", ""Gemini"", ""Hawk"", ""Trius"", ""Alaris""]","[0.8807872533798218, 0.5039214491844177, 0.3482804298400879, 0.26614025235176086, 0.21486681699752808]"
1,centroid,1,490,Vega,Vega,"[""Vega"", ""Hawk"", ""Gemini"", ""Turbine"", ""Braga""]","[0.8945860266685486, 0.35369110107421875, 0.32166004180908203, 0.1539403647184372, 0.15152674913406372]"
1,centroid,1,491,Vega,Vega,"[""Vega"", ""Hawk"", ""Gemini"", ""Braga"", ""Alaris""]","[0.9349406957626343, 0.36466360092163086, 0.19292563199996948, 0.14787325263023376, 0.13716821372509003]"
1,centroid,1,492,Vega,Mytikas,"[""Mytikas"", ""Trius"", ""Triton"", ""Alcatras"", ""Castor""]","[0.7833842039108276, 0.6908159852027893, 0.6001078486442566, 0.5460375547409058, 0.5206081867218018]"
1,centroid,1,493,Vega,Vega,"[""Vega"", ""Hawk"", ""Alaris"", ""Turbine"", ""Braga""]","[0.9292799234390259, 0.42733460664749146, 0.218722403049469, 0.2172742486000061, 0.18392187356948853]"
1,centroid,1,494,Vega,Vega,"[""Vega"", ""Turbine"", ""Hawk"", ""Alcatras"", ""Alaris""]","[0.6946595907211304, 0.4300851821899414, 0.3239275813102722, 0.20808270573616028, 0.10146042704582214]"
1,centroid,1,495,Vega,Vega,"[""Vega"", ""Gemini"", ""Hawk"", ""Alaris"", ""Braga""]","[0.877051591873169, 0.44607454538345337, 0.29450005292892456, 0.14094173908233643, 0.09256646782159805]"
1,centroid,1,496,Vega,Vega,"[""Vega"", ""Turbine"", ""Hawk"", ""Alaris"", ""Alcatras""]","[0.717605710029602, 0.6491469144821167, 0.5846726298332214, 0.49090442061424255, 0.434020459651947]"
1,centroid,1,497,Vega,Vega,"[""Vega"", ""Gemini"", ""Xtreme"", ""Nivalis"", ""Denom""]","[0.5446874499320984, 0.48974037170410156, 0.27337098121643066, 0.16540281474590302, 0.15748509764671326]"
1,centroid,1,498,Vega,Vega,"[""Vega"", ""Gemini"", ""Braga"", ""Turbine"", ""Hawk""]","[0.7702063322067261, 0.48705577850341797, 0.44135919213294983, 0.3666674792766571, 0.3071192800998688]"
1,centroid,1,499,Vega,Vega,"[""Vega"", ""Turbine"", ""Triton"", ""Hawk"", ""Mytikas""]","[0.6480005383491516, 0.5842933058738708, 0.3641315698623657, 0.34745585918426514, 0.3469698429107666]"
1,centroid,1,500,Vega,Vega,"[""Vega"", ""Gemini"", ""Braga"", ""Hawk"", ""Alaris""]","[0.9006994962692261, 0.4932165741920471, 0.4104064106941223, 0.3590925931930542, 0.3116949200630188]"
1,centroid,1,501,Vega,Vega,"[""Vega"", ""Hawk"", ""Turbine"", ""Braga"", ""Alaris""]","[0.7298988103866577, 0.5323303937911987, 0.5166236162185669, 0.43240341544151306, 0.38192346692085266]"
1,centroid,1,502,Vega,Vega,"[""Vega"", ""Hawk"", ""Gemini"", ""Braga"", ""Nivalis""]","[0.8924267888069153, 0.3740089535713196, 0.24902436137199402, 0.0958525761961937, 0.08025813102722168]"
1,centroid,1,503,Vega,Vega,"[""Vega"", ""Gemini"", ""Hawk"", ""Turbine"", ""Braga""]","[0.7811774015426636, 0.6581598520278931, 0.3950631320476532, 0.16620022058486938, 0.14168387651443481]"
1,centroid,1,504,Vega,Vega,"[""Vega"", ""Hawk"", ""Gemini"", ""Braga"", ""Turbine""]","[0.8391695022583008, 0.4034249484539032, 0.21459925174713135, 0.16761094331741333, 0.08945634961128235]"
1,centroid,1,505,Vega,Vega,"[""Vega"", ""Turbine"", ""Alaris"", ""Hawk"", ""Braga""]","[0.8464816808700562, 0.5145485997200012, 0.5009483695030212, 0.4974777400493622, 0.3908349275588989]"
1,centroid,1,506,Vega,Vega,"[""Vega"", ""Gemini"", ""Hawk"", ""Braga"", ""Alaris""]","[0.8827452063560486, 0.4914880394935608, 0.2598492205142975, 0.1627175509929657, 0.1530696153640747]"
1,centroid,1,507,Vega,Vega,"[""Vega"", ""Hawk"", ""Alaris"", ""Turbine"", ""Braga""]","[0.8872406482696533, 0.4713001549243927, 0.34361737966537476, 0.2466878890991211, 0.18333011865615845]"
1,centroid,1,508,Vega,Vega,"[""Vega"", ""Turbine"", ""Alaris"", ""Hawk"", ""Ilias""]","[0.6216703653335571, 0.358920693397522, 0.33991771936416626, 0.2719919681549072, 0.20759057998657227]"
1,centroid,1,509,Vega,Vega,"[""Vega"", ""Alaris"", ""Hawk"", ""Trius"", ""Turbine""]","[0.8351884484291077, 0.3571895360946655, 0.2569538354873657, 0.21528847515583038, 0.19479167461395264]"
1,centroid,1,510,Vega,Vega,"[""Vega"", ""Gemini"", ""Trius"", ""Ilias"", ""Hawk""]","[0.7772935032844543, 0.38316017389297485, 0.33769771456718445, 0.219913512468338, 0.16894467175006866]"
1,centroid,1,511,Vega,Vega,"[""Vega"", ""Turbine"", ""Alaris"", ""Hawk"", ""Alcatras""]","[0.8120114803314209, 0.36871835589408875, 0.3219815194606781, 0.26534292101860046, 0.1108468696475029]"
1,centroid,1,512,Vega,Vega,"[""Vega"", ""Hawk"", ""Alaris"", ""Turbine"", ""Braga""]","[0.9302332401275635, 0.45792561769485474, 0.36661070585250854, 0.26399245858192444, 0.2600289285182953]"
1,centroid,1,513,Vega,Vega,"[""Vega"", ""Gemini"", ""Hawk"", ""Alaris"", ""Trius""]","[0.9362936615943909, 0.4043477475643158, 0.29671865701675415, 0.28048190474510193, 0.20056241750717163]"
1,centroid,1,514,Vega,Vega,"[""Vega"", ""Hawk"", ""Gemini"", ""Braga"", ""Turbine""]","[0.8242815732955933, 0.6630605459213257, 0.4055403172969818, 0.23365455865859985, 0.17325033247470856]"
1,centroid,1,515,Velorum,Velorum,"[""Velorum"", ""Ilias"", ""Ratikon"", ""Denom"", ""Triton""]","[0.8767461776733398, 0.7165058851242065, 0.5165446996688843, 0.454411119222641, 0.4260513186454773]"
1,centroid,1,516,Velorum,Velorum,"[""Velorum"", ""Ilias"", ""Triton"", ""Nivalis"", ""Mytikas""]","[0.9195435047149658, 0.4543538987636566, 0.44609522819519043, 0.4024595022201538, 0.3635561168193817]"
1,centroid,1,517,Velorum,Velorum,"[""Velorum"", ""Denom"", ""Ratikon"", ""Ilias"", ""Nivalis""]","[0.882461428642273, 0.7221604585647583, 0.6835532188415527, 0.6620528101921082, 0.6340559720993042]"
1,centroid,1,518,Velorum,Velorum,"[""Velorum"", ""Alcatras"", ""Mytikas"", ""Triton"", ""Ilias""]","[0.8860392570495605, 0.43033161759376526, 0.41703665256500244, 0.4143485724925995, 0.4006859064102173]"
1,centroid,1,519,Velorum,Velorum,"[""Velorum"", ""Nivalis"", ""Ilias"", ""Denom"", ""Ratikon""]","[0.860892653465271, 0.5734681487083435, 0.5189113616943359, 0.49719858169555664, 0.34128469228744507]"
1,centroid,1,520,Velorum,Velorum,"[""Velorum"", ""Ilias"", ""Nivalis"", ""Triton"", ""Mytikas""]","[0.9169212579727173, 0.3233029246330261, 0.30154943466186523, 0.2916339635848999, 0.2892192006111145]"
1,centroid,1,521,Velorum,Velorum,"[""Velorum"", ""Ilias"", ""Nivalis"", ""Denom"", ""Ratikon""]","[0.8602141737937927, 0.6064644455909729, 0.5915993452072144, 0.5860751271247864, 0.5824098587036133]"
1,centroid,1,522,Velorum,Velorum,"[""Velorum"", ""Ilias"", ""Trius"", ""Triton"", ""Nivalis""]","[0.9258490204811096, 0.40506330132484436, 0.36630868911743164, 0.301535964012146, 0.2988697290420532]"
1,centroid,1,523,Velorum,Velorum,"[""Velorum"", ""Ilias"", ""Triton"", ""Nivalis"", ""Mytikas""]","[0.9311103820800781, 0.4937502145767212, 0.4682023823261261, 0.4435213804244995, 0.3640393912792206]"
1,centroid,1,524,Velorum,Velorum,"[""Velorum"", ""Trius"", ""Ilias"", ""Alaris"", ""Alcatras""]","[0.8476231098175049, 0.4590037763118744, 0.3725113272666931, 0.3548961877822876, 0.34859901666641235]"
1,centroid,1,525,Velorum,Velorum,"[""Velorum"", ""Denom"", ""Nivalis"", ""Ilias"", ""Ratikon""]","[0.8951785564422607, 0.5568702220916748, 0.5330075025558472, 0.524117112159729, 0.40997228026390076]"
1,centroid,1,526,Velorum,Velorum,"[""Velorum"", ""Castor"", ""Triton"", ""Trius"", ""Nivalis""]","[0.8612171411514282, 0.3725500702857971, 0.3598482608795166, 0.33968544006347656, 0.3292804956436157]"
1,centroid,1,527,Velorum,Velorum,"[""Velorum"", ""Ilias"", ""Nivalis"", ""Ratikon"", ""Denom""]","[0.9351044297218323, 0.6121233105659485, 0.5533376336097717, 0.49809348583221436, 0.4488089978694916]"
1,centroid,1,528,Velorum,Velorum,"[""Velorum"", ""Ilias"", ""Ratikon"", ""Nivalis"", ""Denom""]","[0.9240310192108154, 0.5960639119148254, 0.4829433560371399, 0.4408864974975586, 0.4068799614906311]"
1,centroid,1,529,Velorum,Velorum,"[""Velorum"", ""Ilias"", ""Trius"", ""Nivalis"", ""Denom""]","[0.9443776607513428, 0.5073368549346924, 0.44703924655914307, 0.41654446721076965, 0.3598096966743469]"
1,centroid,1,530,Velorum,Velorum,"[""Velorum"", ""Mytikas"", ""Trius"", ""Triton"", ""Ilias""]","[0.899964451789856, 0.4102070927619934, 0.4010394811630249, 0.38792717456817627, 0.3248084783554077]"
1,centroid,1,531,Velorum,Velorum,"[""Velorum"", ""Nivalis"", ""Ilias"", ""Alcatras"", ""Mytikas""]","[0.8641330003738403, 0.46754342317581177, 0.2964457869529724, 0.24684011936187744, 0.2407713383436203]"
1,centroid,1,532,Velorum,Velorum,"[""Velorum"", ""Nivalis"", ""Ilias"", ""Denom"", ""Ratikon""]","[0.9287623167037964, 0.5666857361793518, 0.44371336698532104, 0.40424489974975586, 0.32187172770500183]"
1,centroid,1,533,Velorum,Velorum,"[""Velorum"", ""Ilias"", ""Nivalis"", ""Ratikon"", ""Denom""]","[0.9305176734924316, 0.6758594512939453, 0.668328046798706, 0.575258731842041, 0.5222083330154419]"
1,centroid,1,534,Velorum,Velorum,"[""Velorum"", ""Nivalis"", ""Ilias"", ""Ratikon"", ""Denom""]","[0.8971643447875977, 0.5717133283615112, 0.4810550808906555, 0.4040129780769348, 0.37009164690971375]"
1,centroid,1,535,Velorum,Velorum,"[""Velorum"", ""Ilias"", ""Triton"", ""Mytikas"", ""Trius""]","[0.8319742679595947, 0.6233161091804504, 0.5944702625274658, 0.569328784942627, 0.40799084305763245]"
1,centroid,1,536,Velorum,Velorum,"[""Velorum"", ""Ilias"", ""Turbine"", ""Alcatras"", ""Alaris""]","[0.8120078444480896, 0.3458247780799866, 0.33985599875450134, 0.32281720638275146, 0.248968243598938]"
1,centroid,1,537,Velorum,Velorum,"[""Velorum"", ""Nivalis"", ""Denom"", ""Ilias"", ""Ratikon""]","[0.8510867357254028, 0.6567206382751465, 0.563860297203064, 0.5265234112739563, 0.4608103036880493]"
1,centroid,1,538,Velorum,Velorum,"[""Velorum"", ""Ilias"", ""Nivalis"", ""Denom"", ""Ratikon""]","[0.9574066400527954, 0.6003291010856628, 0.5694195032119751, 0.4728454351425171, 0.4296293258666992]"
1,centroid,1,539,Velorum,Velorum,"[""Velorum"", ""Nivalis"", ""Ilias"", ""Denom"", ""Ratikon""]","[0.9262429475784302, 0.44370800256729126, 0.44155919551849365, 0.4327499270439148, 0.32193267345428467]"
1,centroid,1,540,Velorum,Velorum,"[""Velorum"", ""Ilias"", ""Nivalis"", ""Triton"", ""Denom""]","[0.9432704448699951, 0.6016204357147217, 0.41696977615356445, 0.392040878534317, 0.37314534187316895]"
1,centroid,1,541,Velorum,Velorum,"[""Velorum"", ""Ilias"", ""Triton"", ""Trius"", ""Ratikon""]","[0.8297424912452698, 0.4881647527217865, 0.4585965573787689, 0.40123680233955383, 0.39305803179740906]"
1,centroid,1,542,Velorum,Velorum,"[""Velorum"", ""Denom"", ""Ilias"", ""Ratikon"", ""Nivalis""]","[0.6868703365325928, 0.5411243438720703, 0.5088385343551636, 0.453316867351532, 0.2503116726875305]"
1,centroid,1,543,Velorum,Velorum,"[""Velorum"", ""Nivalis"", ""Denom"", ""Ilias"", ""Ratikon""]","[0.9035220146179199, 0.7062588334083557, 0.62800532579422, 0.566918134689331, 0.5505000352859497]"
1,centroid,1,544,Velorum,Velorum,"[""Velorum"", ""Trius"", ""Ilias"", ""Triton"", ""Nivalis""]","[0.9416469931602478, 0.44142791628837585, 0.39936232566833496, 0.3763861060142517, 0.356507271528244]"
1,centroid,1,545,Velorum,Velorum,"[""Velorum"", ""Nivalis"", ""Ilias"", ""Denom"", ""Ratikon""]","[0.9248771071434021, 0.6536549925804138, 0.606578528881073, 0.5398222804069519, 0.4967590570449829]"
1,centroid,1,546,Velorum,Velorum,"[""Velorum"", ""Nivalis"", ""Ilias"", ""Denom"", ""Ratikon""]","[0.924655556678772, 0.6749364137649536, 0.5032681226730347, 0.4685491919517517, 0.46734482049942017]"
1,centroid,1,547,Velorum,Velorum,"[""Velorum"", ""Ilias"", ""Denom"", ""Ratikon"", ""Nivalis""]","[0.8610671758651733, 0.7923152446746826, 0.6954116225242615, 0.6750785708427429, 0.6341639161109924]"
1,centroid,1,548,Velorum,Velorum,"[""Velorum"", ""Nivalis"", ""Denom"", ""Ilias"", ""Ratikon""]","[0.8487811088562012, 0.6908468008041382, 0.5452194213867188, 0.5025367736816406, 0.4000597596168518]"
1,centroid,1,549,Velorum,Velorum,"[""Velorum"", ""Ilias"", ""Nivalis"", ""Alcatras"", ""Ratikon""]","[0.9460175037384033, 0.4099162817001343, 0.3830430209636688, 0.3152320384979248, 0.28877806663513184]"
1,centroid,1,550,Velorum,Velorum,"[""Velorum"", ""Alcatras"", ""Nivalis"", ""Ilias"", ""Trius""]","[0.8874186873435974, 0.33227109909057617, 0.30873024463653564, 0.26826012134552, 0.25884515047073364]"
1,centroid,1,551,Velorum,Velorum,"[""Velorum"", ""Ilias"", ""Nivalis"", ""Ratikon"", ""Denom""]","[0.9500274658203125, 0.5049384832382202, 0.4514930248260498, 0.3364182114601135, 0.28137749433517456]"
1,centroid,1,552,Velorum,Velorum,"[""Velorum"", ""Nivalis"", ""Ilias"", ""Denom"", ""Ratikon""]","[0.937751293182373, 0.616994321346283, 0.5834519863128662, 0.5008323192596436, 0.4459659457206726]"
1,centroid,1,553,Velorum,Velorum,"[""Velorum"", ""Triton"", ""Alcatras"", ""Castor"", ""Mytikas""]","[0.8531054258346558, 0.557709813117981, 0.4649558663368225, 0.41937434673309326, 0.35527899861335754]"
1,centroid,1,554,Velorum,Velorum,"[""Velorum"", ""Triton"", ""Ilias"", ""Denom"", ""Trius""]","[0.8403302431106567, 0.4510284960269928, 0.4492868483066559, 0.4288235008716583, 0.37344568967819214]"
1,centroid,1,555,Velorum,Velorum,"[""Velorum"", ""Alcatras"", ""Trius"", ""Alaris"", ""Castor""]","[0.8123670816421509, 0.5019503235816956, 0.4457363486289978, 0.4017075300216675, 0.3552256226539612]"
1,centroid,1,556,Velorum,Velorum,"[""Velorum"", ""Ilias"", ""Ratikon"", ""Nivalis"", ""Denom""]","[0.9269679188728333, 0.5205014944076538, 0.44355785846710205, 0.41449540853500366, 0.320261687040329]"
1,centroid,1,557,Velorum,Velorum,"[""Velorum"", ""Nivalis"", ""Mytikas"", ""Triton"", ""Castor""]","[0.8691220283508301, 0.41698044538497925, 0.3668813407421112, 0.364261269569397, 0.33289772272109985]"
1,centroid,1,558,Velorum,Velorum,"[""Velorum"", ""Ilias"", ""Denom"", ""Nivalis"", ""Ratikon""]","[0.8638477921485901, 0.5833226442337036, 0.5393538475036621, 0.5012509822845459, 0.4696294963359833]"
1,centroid,1,559,Velorum,Velorum,"[""Velorum"", ""Ilias"", ""Nivalis"", ""Denom"", ""Ratikon""]","[0.9497600793838501, 0.49457108974456787, 0.4741918742656708, 0.29839837551116943, 0.2866322994232178]"
1,centroid,1,560,Velorum,Velorum,"[""Velorum"", ""Trius"", ""Triton"", ""Alcatras"", ""Mytikas""]","[0.8481827974319458, 0.5324406623840332, 0.4761195182800293, 0.43225258588790894, 0.41853344440460205]"
1,centroid,1,561,Velorum,Velorum,"[""Velorum"", ""Ilias"", ""Triton"", ""Trius"", ""Mytikas""]","[0.8948565721511841, 0.5446298718452454, 0.40136802196502686, 0.38244593143463135, 0.35418957471847534]"
1,centroid,1,562,Velorum,Velorum,"[""Velorum"", ""Ilias"", ""Denom"", ""Nivalis"", ""Ratikon""]","[0.9101648330688477, 0.5452603101730347, 0.5273635387420654, 0.46342384815216064, 0.45831623673439026]"
1,centroid,1,563,Velorum,Velorum,"[""Velorum"", ""Triton"", ""Trius"", ""Ratikon"", ""Ilias""]","[0.8852895498275757, 0.4225841164588928, 0.4058888852596283, 0.4018547236919403, 0.3977351188659668]"
1,centroid,1,564,Velorum,Velorum,"[""Velorum"", ""Nivalis"", ""Ilias"", ""Denom"", ""Ratikon""]","[0.9251084327697754, 0.5478518009185791, 0.5179761648178101, 0.4195992052555084, 0.34376242756843567]"
1,centroid,1,565,Velorum,Velorum,"[""Velorum"", ""Triton"", ""Trius"", ""Ilias"", ""Mytikas""]","[0.902674674987793, 0.505240261554718, 0.50313401222229, 0.4069003462791443, 0.3530152440071106]"
1,centroid,1,566,Velorum,Velorum,"[""Velorum"", ""Nivalis"", ""Denom"", ""Ilias"", ""Ratikon""]","[0.8780708312988281, 0.5888828039169312, 0.3974929749965668, 0.3408986032009125, 0.30902010202407837]"
1,centroid,1,567,Velorum,Velorum,"[""Velorum"", ""Trius"", ""Ilias"", ""Alaris"", ""Alcatras""]","[0.8476231098175049, 0.4590037763118744, 0.3725113272666931, 0.3548961877822876, 0.34859901666641235]"
1,centroid,1,568,Velorum,Velorum,"[""Velorum"", ""Ilias"", ""Nivalis"", ""Ratikon"", ""Denom""]","[0.9552932977676392, 0.41783177852630615, 0.38473063707351685, 0.342007040977478, 0.3331748843193054]"
1,centroid,1,569,Velorum,Velorum,"[""Velorum"", ""Ilias"", ""Denom"", ""Nivalis"", ""Trius""]","[0.8743655681610107, 0.36878299713134766, 0.3547411262989044, 0.34755855798721313, 0.3003655672073364]"
1,centroid,1,570,Velorum,Velorum,"[""Velorum"", ""Ilias"", ""Ratikon"", ""Nivalis"", ""Denom""]","[0.8650738000869751, 0.8190513253211975, 0.7671414017677307, 0.7648144960403442, 0.7186909914016724]"
1,centroid,1,571,Velorum,Velorum,"[""Velorum"", ""Nivalis"", ""Ilias"", ""Alcatras"", ""Castor""]","[0.9160858392715454, 0.37359192967414856, 0.3288991451263428, 0.22199569642543793, 0.22101157903671265]"
1,centroid,1,572,Velorum,Velorum,"[""Velorum"", ""Nivalis"", ""Ilias"", ""Triton"", ""Mytikas""]","[0.9139077663421631, 0.5370527505874634, 0.5085368752479553, 0.49009454250335693, 0.4196186661720276]"
1,centroid,1,573,Velorum,Castor,"[""Castor"", ""Velorum"", ""Alcatras"", ""Mytikas"", ""Triton""]","[0.7123614549636841, 0.5879268050193787, 0.5742772817611694, 0.5056276917457581, 0.4044516682624817]"
1,centroid,1,574,Xtreme,Xtreme,"[""Xtreme"", ""Gemini"", ""Steel_Wheel"", ""Mytikas"", ""Braga""]","[0.9453580975532532, 0.4648621082305908, 0.31087085604667664, 0.13542123138904572, 0.06394051015377045]"
1,centroid,1,575,Xtreme,Xtreme,"[""Xtreme"", ""Gemini"", ""Mytikas"", ""Ilias"", ""Braga""]","[0.9588718414306641, 0.6574615240097046, 0.1655881404876709, 0.15426525473594666, 0.12019571661949158]"
1,centroid,1,576,Xtreme,Xtreme,"[""Xtreme"", ""Gemini"", ""Hawk"", ""Braga"", ""Steel_Wheel""]","[0.8385097980499268, 0.5754278898239136, 0.26647862792015076, 0.18507207930088043, 0.11061213910579681]"
1,centroid,1,577,Xtreme,Xtreme,"[""Xtreme"", ""Braga"", ""Mytikas"", ""Castor"", ""Gemini""]","[0.7328397035598755, 0.5086644887924194, 0.42175912857055664, 0.3944404125213623, 0.3820315897464752]"
1,centroid,1,578,Xtreme,Xtreme,"[""Xtreme"", ""Gemini"", ""Steel_Wheel"", ""Ilias"", ""Denom""]","[0.9368941783905029, 0.5049178600311279, 0.21485421061515808, 0.18341374397277832, 0.1742141842842102]"
1,centroid,1,579,Xtreme,Xtreme,"[""Xtreme"", ""Gemini"", ""Steel_Wheel"", ""Braga"", ""Mytikas""]","[0.9393327236175537, 0.5322614908218384, 0.11039100587368011, 0.1065286323428154, 0.08088915050029755]"
1,centroid,1,580,Xtreme,Xtreme,"[""Xtreme"", ""Gemini"", ""Mytikas"", ""Triton"", ""Braga""]","[0.8941458463668823, 0.5829433798789978, 0.3281782865524292, 0.29364708065986633, 0.24376335740089417]"
1,centroid,1,581,Xtreme,Xtreme,"[""Xtreme"", ""Gemini"", ""Ilias"", ""Mytikas"", ""Steel_Wheel""]","[0.9261220693588257, 0.68999183177948, 0.15695834159851074, 0.08084619045257568, 0.07368031144142151]"
1,centroid,1,582,Xtreme,Xtreme,"[""Xtreme"", ""Gemini"", ""Ilias"", ""Mytikas"", ""Steel_Wheel""]","[0.8466669917106628, 0.4864799380302429, 0.3023392856121063, 0.1480603665113449, 0.1281370371580124]"
1,centroid,1,583,Xtreme,Xtreme,"[""Xtreme"", ""Gemini"", ""Mytikas"", ""Steel_Wheel"", ""Velorum""]","[0.9027416706085205, 0.41368433833122253, 0.1780925989151001, 0.1562679409980774, 0.1356787085533142]"
1,centroid,1,584,Xtreme,Xtreme,"[""Xtreme"", ""Gemini"", ""Mytikas"", ""Braga"", ""Trius""]","[0.9193347692489624, 0.5797505378723145, 0.19200751185417175, 0.1547076404094696, 0.1527833342552185]"
1,centroid,1,585,Xtreme,Xtreme,"[""Xtreme"", ""Gemini"", ""Steel_Wheel"", ""Braga"", ""Hawk""]","[0.9400196075439453, 0.6622252464294434, 0.09326193481683731, 0.04818195849657059, -0.020461898297071457]"
1,centroid,1,586,Xtreme,Xtreme,"[""Xtreme"", ""Gemini"", ""Trius"", ""Velorum"", ""Braga""]","[0.6928149461746216, 0.534156084060669, 0.4418399930000305, 0.2689054012298584, 0.23758836090564728]"
1,centroid,1,587,Xtreme,Xtreme,"[""Xtreme"", ""Mytikas"", ""Gemini"", ""Braga"", ""Triton""]","[0.8700153231620789, 0.38084083795547485, 0.36723792552948, 0.20755670964717865, 0.15000389516353607]"
1,centroid,1,588,Xtreme,Xtreme,"[""Xtreme"", ""Gemini"", ""Steel_Wheel"", ""Hawk"", ""Mytikas""]","[0.9133308529853821, 0.542647123336792, 0.1339249610900879, 0.13084864616394043, 0.0867709368467331]"
1,centroid,1,589,Xtreme,Xtreme,"[""Xtreme"", ""Gemini"", ""Mytikas"", ""Braga"", ""Steel_Wheel""]","[0.9236546754837036, 0.4493361711502075, 0.22908303141593933, 0.17514193058013916, 0.17504146695137024]"
1,centroid,1,590,Xtreme,Xtreme,"[""Xtreme"", ""Gemini"", ""Braga"", ""Mytikas"", ""Steel_Wheel""]","[0.9420592188835144, 0.5660442113876343, 0.13145163655281067, 0.07980873435735703, 0.07523627579212189]"
1,centroid,1,591,Xtreme,Xtreme,"[""Xtreme"", ""Gemini"", ""Steel_Wheel"", ""Velorum"", ""Nivalis""]","[0.9303944110870361, 0.4737425446510315, 0.24320174753665924, 0.17114022374153137, 0.09529512375593185]"
1,centroid,1,592,Xtreme,Xtreme,"[""Xtreme"", ""Gemini"", ""Mytikas"", ""Braga"", ""Steel_Wheel""]","[0.938532829284668, 0.43409794569015503, 0.1897166669368744, 0.16999229788780212, 0.14770647883415222]"
1,centroid,1,593,Xtreme,Xtreme,"[""Xtreme"", ""Gemini"", ""Steel_Wheel"", ""Braga"", ""Ilias""]","[0.9614130854606628, 0.574804425239563, 0.09355202317237854, 0.04103540629148483, 0.029061496257781982]"
1,centroid,1,594,Xtreme,Xtreme,"[""Xtreme"", ""Gemini"", ""Steel_Wheel"", ""Mytikas"", ""Ilias""]","[0.9580925703048706, 0.4878620207309723, 0.21084977686405182, 0.09747140109539032, 0.08697737753391266]"
1,centroid,1,595,Xtreme,Xtreme,"[""Xtreme"", ""Gemini"", ""Steel_Wheel"", ""Denom"", ""Ilias""]","[0.9429139494895935, 0.6285048723220825, 0.1500369906425476, 0.1166950911283493, 0.0378396101295948]"
1,centroid,1,596,Xtreme,Xtreme,"[""Xtreme"", ""Gemini"", ""Mytikas"", ""Braga"", ""Steel_Wheel""]","[0.9621490836143494, 0.6434434652328491, 0.17891258001327515, 0.1496090292930603, 0.09673399478197098]"
1,centroid,1,597,Xtreme,Xtreme,"[""Xtreme"", ""Gemini"", ""Steel_Wheel"", ""Denom"", ""Ilias""]","[0.9598701596260071, 0.5735539197921753, 0.19616830348968506, 0.019115976989269257, 0.011793302372097969]"
1,centroid,1,598,Xtreme,Xtreme,"[""Xtreme"", ""Gemini"", ""Velorum"", ""Mytikas"", ""Braga""]","[0.8220832347869873, 0.4491334557533264, 0.2928999662399292, 0.14224717020988464, 0.11840452253818512]"
1,centroid,1,599,Xtreme,Xtreme,"[""Xtreme"", ""Gemini"", ""Steel_Wheel"", ""Nivalis"", ""Denom""]","[0.9218763113021851, 0.46207496523857117, 0.2896585166454315, 0.06601662933826447, 0.059579137712717056]"
1,centroid,1,600,Xtreme,Xtreme,"[""Xtreme"", ""Gemini"", ""Steel_Wheel"", ""Mytikas"", ""Braga""]","[0.9560264348983765, 0.644374668598175, 0.15329623222351074, 0.08878268301486969, 0.030761634930968285]"
1,centroid,1,601,Xtreme,Xtreme,"[""Xtreme"", ""Gemini"", ""Mytikas"", ""Steel_Wheel"", ""Trius""]","[0.9016311168670654, 0.6097293496131897, 0.25816044211387634, 0.1700894832611084, 0.1605735719203949]"
1,centroid,1,602,Xtreme,Xtreme,"[""Xtreme"", ""Gemini"", ""Ilias"", ""Steel_Wheel"", ""Velorum""]","[0.9412967562675476, 0.5081275701522827, 0.13445761799812317, 0.12401054799556732, 0.10655076801776886]"
1,centroid,1,603,Xtreme,Xtreme,"[""Xtreme"", ""Gemini"", ""Steel_Wheel"", ""Velorum"", ""Denom""]","[0.9532315731048584, 0.477043092250824, 0.18153943121433258, 0.03867075592279434, 0.013942979276180267]"
1,centroid,1,604,Xtreme,Xtreme,"[""Xtreme"", ""Gemini"", ""Steel_Wheel"", ""Mytikas"", ""Velorum""]","[0.9251831769943237, 0.4214029908180237, 0.32582515478134155, 0.16620281338691711, 0.1194697842001915]"
1,centroid,1,605,Xtreme,Xtreme,"[""Xtreme"", ""Gemini"", ""Braga"", ""Hawk"", ""Mytikas""]","[0.9139915704727173, 0.4737621545791626, 0.2508963942527771, 0.1665145456790924, 0.11817599833011627]"
1,centroid,1,606,Xtreme,Xtreme,"[""Xtreme"", ""Gemini"", ""Steel_Wheel"", ""Velorum"", ""Ilias""]","[0.8215964436531067, 0.3068976104259491, 0.2356347143650055, 0.08196312189102173, -0.01265455037355423]"
1,centroid,1,607,Xtreme,Xtreme,"[""Xtreme"", ""Gemini"", ""Steel_Wheel"", ""Ilias"", ""Denom""]","[0.9681975245475769, 0.60297691822052, 0.17260059714317322, 0.08153797686100006, -0.0009339824318885803]"
1,centroid,1,608,Xtreme,Xtreme,"[""Xtreme"", ""Gemini"", ""Ilias"", ""Mytikas"", ""Triton""]","[0.8823854327201843, 0.4770473837852478, 0.29619109630584717, 0.24242454767227173, 0.17055965960025787]"
1,centroid,1,609,Xtreme,Xtreme,"[""Xtreme"", ""Gemini"", ""Ilias"", ""Steel_Wheel"", ""Mytikas""]","[0.8853564858436584, 0.3516257405281067, 0.2275230586528778, 0.14082542061805725, 0.12622594833374023]"
1,centroid,1,610,Xtreme,Xtreme,"[""Xtreme"", ""Gemini"", ""Mytikas"", ""Steel_Wheel"", ""Triton""]","[0.9188275933265686, 0.43403539061546326, 0.3499082326889038, 0.17803093791007996, 0.16870136559009552]"
1,centroid,1,611,Xtreme,Xtreme,"[""Xtreme"", ""Gemini"", ""Nivalis"", ""Steel_Wheel"", ""Velorum""]","[0.8572933673858643, 0.5276451110839844, 0.15294304490089417, 0.15126720070838928, 0.04082339629530907]"
2,centroid,1,0,Alaris,Alaris,"[""Alaris"", ""Alcatras"", ""Hawk"", ""Trius"", ""Vega""]","[0.884287416934967, 0.661450982093811, 0.5110387802124023, 0.44794735312461853, 0.3527006506919861]"
2,centroid,1,1,Alaris,Alaris,"[""Alaris"", ""Alcatras"", ""Trius"", ""Turbine"", ""Hawk""]","[0.9447129964828491, 0.8110485076904297, 0.4794650375843048, 0.3293303847312927, 0.3029859662055969]"
2,centroid,1,2,Alaris,Alaris,"[""Alaris"", ""Alcatras"", ""Turbine"", ""Hawk"", ""Vega""]","[0.7203236818313599, 0.5153707265853882, 0.40661799907684326, 0.38143205642700195, 0.2275497317314148]"
2,centroid,1,3,Alaris,Alaris,"[""Alaris"", ""Alcatras"", ""Trius"", ""Hawk"", ""Braga""]","[0.8950655460357666, 0.774877667427063, 0.6108359098434448, 0.4640333652496338, 0.43553879857063293]"
2,centroid,1,4,Alaris,Alaris,"[""Alaris"", ""Alcatras"", ""Vega"", ""Trius"", ""Turbine""]","[0.8418927788734436, 0.5844919681549072, 0.5457077026367188, 0.4790045917034149, 0.3957952857017517]"
2,centroid,1,5,Alaris,Alaris,"[""Alaris"", ""Trius"", ""Alcatras"", ""Vega"", ""Braga""]","[0.8673883676528931, 0.6308283805847168, 0.6214258074760437, 0.5778661966323853, 0.45897746086120605]"
2,centroid,1,6,Alaris,Alaris,"[""Alaris"", ""Vega"", ""Trius"", ""Braga"", ""Hawk""]","[0.7203813791275024, 0.5452857613563538, 0.49617424607276917, 0.4893479347229004, 0.4765223264694214]"
2,centroid,1,7,Alaris,Alaris,"[""Alaris"", ""Trius"", ""Alcatras"", ""Braga"", ""Triton""]","[0.8271679282188416, 0.7357034087181091, 0.652101993560791, 0.48913997411727905, 0.4191550612449646]"
2,centroid,1,8,Alaris,Alaris,"[""Alaris"", ""Alcatras"", ""Vega"", ""Trius"", ""Braga""]","[0.9042478799819946, 0.6260071992874146, 0.441784143447876, 0.36244601011276245, 0.343519389629364]"
2,centroid,1,9,Alaris,Alaris,"[""Alaris"", ""Alcatras"", ""Turbine"", ""Braga"", ""Hawk""]","[0.8981755971908569, 0.7548118829727173, 0.4530700445175171, 0.3625633716583252, 0.33977699279785156]"
2,centroid,1,10,Alaris,Alaris,"[""Alaris"", ""Vega"", ""Turbine"", ""Trius"", ""Alcatras""]","[0.6246223449707031, 0.45121246576309204, 0.43258166313171387, 0.3934842348098755, 0.39332759380340576]"
2,centroid,1,11,Alaris,Alaris,"[""Alaris"", ""Alcatras"", ""Hawk"", ""Trius"", ""Braga""]","[0.8820613622665405, 0.7804161310195923, 0.45161300897598267, 0.4466232657432556, 0.3419307470321655]"
2,centroid,1,12,Alaris,Alaris,"[""Alaris"", ""Alcatras"", ""Trius"", ""Castor"", ""Braga""]","[0.9092536568641663, 0.7966090440750122, 0.4111406207084656, 0.33406907320022583, 0.3186359405517578]"
2,centroid,1,13,Alaris,Alaris,"[""Alaris"", ""Alcatras"", ""Trius"", ""Vega"", ""Hawk""]","[0.9144377708435059, 0.7022649049758911, 0.38470694422721863, 0.3306925296783447, 0.31881028413772583]"
2,centroid,1,14,Alaris,Alaris,"[""Alaris"", ""Alcatras"", ""Turbine"", ""Vega"", ""Hawk""]","[0.7269786596298218, 0.6445924639701843, 0.47273027896881104, 0.3805946707725525, 0.2791573703289032]"
2,centroid,1,15,Alaris,Alaris,"[""Alaris"", ""Alcatras"", ""Turbine"", ""Vega"", ""Trius""]","[0.8244025707244873, 0.6845247745513916, 0.44386374950408936, 0.32252079248428345, 0.2529192268848419]"
2,centroid,1,16,Alaris,Alaris,"[""Alaris"", ""Alcatras"", ""Vega"", ""Trius"", ""Turbine""]","[0.9219685792922974, 0.7401833534240723, 0.46327632665634155, 0.42204350233078003, 0.3974825441837311]"
2,centroid,1,17,Alaris,Alaris,"[""Alaris"", ""Alcatras"", ""Braga"", ""Hawk"", ""Turbine""]","[0.8930711150169373, 0.7936550378799438, 0.3914269506931305, 0.3893721103668213, 0.3627881109714508]"
2,centroid,1,18,Alaris,Alaris,"[""Alaris"", ""Alcatras"", ""Vega"", ""Trius"", ""Hawk""]","[0.8369426727294922, 0.6311912536621094, 0.4506857097148895, 0.4407373368740082, 0.3590538501739502]"
2,centroid,1,19,Alaris,Alaris,"[""Alaris"", ""Alcatras"", ""Turbine"", ""Hawk"", ""Trius""]","[0.8756491541862488, 0.7061670422554016, 0.48163625597953796, 0.39584416151046753, 0.3406541347503662]"
2,centroid,1,20,Alaris,Alcatras,"[""Alcatras"", ""Alaris"", ""Castor"", ""Trius"", ""Mytikas""]","[0.9054384231567383, 0.813207745552063, 0.6856206655502319, 0.6646610498428345, 0.5865350961685181]"
2,centroid,1,21,Alaris,Alaris,"[""Alaris"", ""Alcatras"", ""Braga"", ""Trius"", ""Castor""]","[0.9002944827079773, 0.8962191343307495, 0.5592565536499023, 0.5025783181190491, 0.4805176258087158]"
2,centroid,1,22,Alaris,Alaris,"[""Alaris"", ""Alcatras"", ""Hawk"", ""Turbine"", ""Vega""]","[0.8107911944389343, 0.6156948804855347, 0.5597342848777771, 0.5105084776878357, 0.35049960017204285]"
2,centroid,1,23,Alaris,Alcatras,"[""Alcatras"", ""Alaris"", ""Trius"", ""Mytikas"", ""Triton""]","[0.8686299324035645, 0.7974153757095337, 0.6689319610595703, 0.5493530035018921, 0.48958098888397217]"
2,centroid,1,24,Alaris,Alaris,"[""Alaris"", ""Alcatras"", ""Trius"", ""Turbine"", ""Castor""]","[0.8300637006759644, 0.6526437997817993, 0.4911611080169678, 0.4238499701023102, 0.30161866545677185]"
2,centroid,1,25,Alaris,Alaris,"[""Alaris"", ""Vega"", ""Turbine"", ""Alcatras"", ""Trius""]","[0.7518504858016968, 0.5689729452133179, 0.5355413556098938, 0.44369620084762573, 0.3894062638282776]"
2,centroid,1,26,Alaris,Alaris,"[""Alaris"", ""Alcatras"", ""Vega"", ""Hawk"", ""Trius""]","[0.9174748063087463, 0.6449422836303711, 0.46705883741378784, 0.44045454263687134, 0.43665358424186707]"
2,centroid,1,27,Alaris,Alaris,"[""Alaris"", ""Alcatras"", ""Trius"", ""Turbine"", ""Triton""]","[0.8098571300506592, 0.7135285139083862, 0.6410367488861084, 0.5388063192367554, 0.45601505041122437]"
2,centroid,1,28,Alcatras,Alcatras,"[""Alcatras"", ""Alaris"", ""Castor"", ""Trius"", ""Mytikas""]","[0.8411146998405457, 0.782569944858551, 0.6182389259338379, 0.5114352107048035, 0.4960792064666748]"
2,centroid,1,29,Alcatras,Alcatras,"[""Alcatras"", ""Braga"", ""Alaris"", ""Trius"", ""Mytikas""]","[0.8176993131637573, 0.6430346965789795, 0.6270104646682739, 0.5688741207122803, 0.5073063373565674]"
2,centroid,1,30,Alcatras,Alcatras,"[""Alcatras"", ""Castor"", ""Alaris"", ""Mytikas"", ""Velorum""]","[0.8355834484100342, 0.6250593662261963, 0.5606963634490967, 0.47277042269706726, 0.398059606552124]"
2,centroid,1,31,Alcatras,Alcatras,"[""Alcatras"", ""Alaris"", ""Braga"", ""Castor"", ""Trius""]","[0.8688544034957886, 0.6044617295265198, 0.5678888559341431, 0.5426539778709412, 0.4693720042705536]"
2,centroid,1,32,Alcatras,Alcatras,"[""Alcatras"", ""Alaris"", ""Braga"", ""Castor"", ""Hawk""]","[0.8422927856445312, 0.682257890701294, 0.5161412954330444, 0.5015149116516113, 0.49002355337142944]"
2,centroid,1,33,Alcatras,Castor,"[""Castor"", ""Alcatras"", ""Turbine"", ""Mytikas"", ""Braga""]","[0.8301762342453003, 0.7332009077072144, 0.6376104354858398, 0.625602662563324, 0.6045656204223633]"
2,centroid,1,34,Alcatras,Alcatras,"[""Alcatras"", ""Castor"", ""Mytikas"", ""Triton"", ""Trius""]","[0.7749950289726257, 0.7464733123779297, 0.7380644679069519, 0.6180723905563354, 0.5487592220306396]"
2,centroid,1,35,Alcatras,Alcatras,"[""Alcatras"", ""Alaris"", ""Braga"", ""Castor"", ""Hawk""]","[0.8099514842033386, 0.7013224363327026, 0.527203381061554, 0.5230402946472168, 0.43977710604667664]"
2,centroid,1,36,Alcatras,Alcatras,"[""Alcatras"", ""Castor"", ""Alaris"", ""Turbine"", ""Mytikas""]","[0.8223526477813721, 0.7364764213562012, 0.7208136320114136, 0.7126457691192627, 0.61887526512146]"
2,centroid,1,37,Alcatras,Alcatras,"[""Alcatras"", ""Alaris"", ""Trius"", ""Braga"", ""Castor""]","[0.8495191335678101, 0.8044100999832153, 0.6341941356658936, 0.6181541681289673, 0.5099461674690247]"
2,centroid,1,38,Alcatras,Hawk,"[""Hawk"", ""Alaris"", ""Gemini"", ""Alcatras"", ""Steel_Wheel""]","[0.3746963441371918, 0.36447376012802124, 0.3363259434700012, 0.23305459320545197, 0.17359259724617004]"
2,centroid,1,39,Alcatras,Castor,"[""Castor"", ""Mytikas"", ""Alcatras"", ""Triton"", ""Turbine""]","[0.8189142942428589, 0.6232555508613586, 0.5387621521949768, 0.5215628147125244, 0.37838122248649597]"
2,centroid,1,40,Alcatras,Alcatras,"[""Alcatras"", ""Alaris"", ""Castor"", ""Trius"", ""Mytikas""]","[0.9096319675445557, 0.66107177734375, 0.6336783170700073, 0.5401526689529419, 0.4413036108016968]"
2,centroid,1,41,Alcatras,Alcatras,"[""Alcatras"", ""Alaris"", ""Castor"", ""Braga"", ""Mytikas""]","[0.8587199449539185, 0.6562917232513428, 0.5192394852638245, 0.4769033193588257, 0.46855342388153076]"
2,centroid,1,42,Alcatras,Alcatras,"[""Alcatras"", ""Alaris"", ""Turbine"", ""Braga"", ""Trius""]","[0.7468279600143433, 0.7128441333770752, 0.48010724782943726, 0.3757442831993103, 0.3522176742553711]"
2,centroid,1,43,Alcatras,Castor,"[""Castor"", ""Alcatras"", ""Turbine"", ""Mytikas"", ""Triton""]","[0.7318282127380371, 0.6983577609062195, 0.6875917315483093, 0.6357074975967407, 0.6224382519721985]"
2,centroid,1,44,Alcatras,Alcatras,"[""Alcatras"", ""Castor"", ""Alaris"", ""Turbine"", ""Mytikas""]","[0.8476847410202026, 0.6650334000587463, 0.6642765402793884, 0.6332384347915649, 0.6030210256576538]"
2,centroid,1,45,Alcatras,Alcatras,"[""Alcatras"", ""Mytikas"", ""Alaris"", ""Braga"", ""Castor""]","[0.8321871757507324, 0.6456825733184814, 0.6330186724662781, 0.6148529648780823, 0.606976330280304]"
2,centroid,1,46,Alcatras,Alcatras,"[""Alcatras"", ""Alaris"", ""Braga"", ""Castor"", ""Trius""]","[0.852749228477478, 0.652607798576355, 0.6483038067817688, 0.6001242995262146, 0.5143110752105713]"
2,centroid,1,47,Alcatras,Castor,"[""Castor"", ""Mytikas"", ""Alcatras"", ""Braga"", ""Triton""]","[0.8259174823760986, 0.7441510558128357, 0.7346646189689636, 0.7235029935836792, 0.6661593317985535]"
2,centroid,1,48,Alcatras,Alcatras,"[""Alcatras"", ""Alaris"", ""Castor"", ""Braga"", ""Mytikas""]","[0.9297306537628174, 0.7276269197463989, 0.6524406671524048, 0.563870906829834, 0.5590094327926636]"
2,centroid,1,49,Alcatras,Alcatras,"[""Alcatras"", ""Alaris"", ""Velorum"", ""Vega"", ""Trius""]","[0.5669898986816406, 0.4209367632865906, 0.35971659421920776, 0.3220565915107727, 0.29033687710762024]"
2,centroid,1,50,Alcatras,Alaris,"[""Alaris"", ""Alcatras"", ""Hawk"", ""Braga"", ""Vega""]","[0.7940292358398438, 0.7888911962509155, 0.4520953297615051, 0.4322229027748108, 0.34517067670822144]"
2,centroid,1,51,Alcatras,Alcatras,"[""Alcatras"", ""Alaris"", ""Castor"", ""Braga"", ""Mytikas""]","[0.8764024376869202, 0.7103897333145142, 0.5198066830635071, 0.3621067702770233, 0.3132268786430359]"
2,centroid,1,52,Alcatras,Alcatras,"[""Alcatras"", ""Alaris"", ""Castor"", ""Trius"", ""Mytikas""]","[0.868273138999939, 0.648874819278717, 0.5863772630691528, 0.5484734773635864, 0.49480804800987244]"
2,centroid,1,53,Alcatras,Alcatras,"[""Alcatras"", ""Alaris"", ""Castor"", ""Turbine"", ""Braga""]","[0.8541147708892822, 0.831635594367981, 0.5030906200408936, 0.4546181857585907, 0.3487338721752167]"
2,centroid,1,54,Braga,Alaris,"[""Alaris"", ""Braga"", ""Alcatras"", ""Hawk"", ""Castor""]","[0.7023621797561646, 0.665465235710144, 0.5714585781097412, 0.5488080978393555, 0.4670655131340027]"
2,centroid,1,55,Braga,Braga,"[""Braga"", ""Triton"", ""Mytikas"", ""Turbine"", ""Castor""]","[0.8138530850410461, 0.6728814840316772, 0.6289634108543396, 0.5513825416564941, 0.44523173570632935]"
2,centroid,1,56,Braga,Alcatras,"[""Alcatras"", ""Alaris"", ""Braga"", ""Castor"", ""Trius""]","[0.8878035545349121, 0.7288423776626587, 0.6573187112808228, 0.655245304107666, 0.6083115339279175]"
2,centroid,1,57,Braga,Braga,"[""Braga"", ""Vega"", ""Turbine"", ""Trius"", ""Triton""]","[0.7189814448356628, 0.4963298738002777, 0.4489733874797821, 0.4254798889160156, 0.4153923988342285]"
2,centroid,1,58,Braga,Braga,"[""Braga"", ""Castor"", ""Trius"", ""Triton"", ""Alcatras""]","[0.8062867522239685, 0.6846543550491333, 0.6687064170837402, 0.6443474888801575, 0.6315158605575562]"
2,centroid,1,59,Braga,Braga,"[""Braga"", ""Castor"", ""Triton"", ""Trius"", ""Alcatras""]","[0.9016831517219543, 0.7520695924758911, 0.6839947700500488, 0.6573810577392578, 0.6513534784317017]"
2,centroid,1,60,Braga,Braga,"[""Braga"", ""Turbine"", ""Hawk"", ""Vega"", ""Gemini""]","[0.7850927114486694, 0.622280478477478, 0.5693700313568115, 0.47405385971069336, 0.44441330432891846]"
2,centroid,1,61,Braga,Gemini,"[""Gemini"", ""Xtreme"", ""Braga"", ""Hawk"", ""Vega""]","[0.6453317403793335, 0.6099410653114319, 0.5049257278442383, 0.35144349932670593, 0.2851855754852295]"
2,centroid,1,62,Braga,Turbine,"[""Turbine"", ""Hawk"", ""Braga"", ""Mytikas"", ""Castor""]","[0.5637257099151611, 0.417471319437027, 0.35213980078697205, 0.33996763825416565, 0.33489733934402466]"
2,centroid,1,63,Braga,Braga,"[""Braga"", ""Alcatras"", ""Alaris"", ""Castor"", ""Turbine""]","[0.7633906602859497, 0.7027225494384766, 0.6877986192703247, 0.675438404083252, 0.6680549383163452]"
2,centroid,1,64,Braga,Braga,"[""Braga"", ""Trius"", ""Vega"", ""Gemini"", ""Alaris""]","[0.8773159980773926, 0.6359602212905884, 0.566030740737915, 0.5610814094543457, 0.5051426887512207]"
2,centroid,1,65,Braga,Alcatras,"[""Alcatras"", ""Alaris"", ""Turbine"", ""Hawk"", ""Braga""]","[0.569516658782959, 0.5179760456085205, 0.47304898500442505, 0.44484835863113403, 0.43371111154556274]"
2,centroid,1,66,Braga,Braga,"[""Braga"", ""Triton"", ""Trius"", ""Mytikas"", ""Alcatras""]","[0.855652928352356, 0.816020131111145, 0.8025885820388794, 0.6645478010177612, 0.5501277446746826]"
2,centroid,1,67,Braga,Braga,"[""Braga"", ""Triton"", ""Trius"", ""Castor"", ""Turbine""]","[0.8433171510696411, 0.7523103952407837, 0.6782960891723633, 0.6133301258087158, 0.5995247960090637]"
2,centroid,1,68,Braga,Braga,"[""Braga"", ""Castor"", ""Hawk"", ""Turbine"", ""Alaris""]","[0.8455972671508789, 0.4561472535133362, 0.3999112546443939, 0.3675987124443054, 0.36313483119010925]"
2,centroid,1,69,Braga,Braga,"[""Braga"", ""Triton"", ""Trius"", ""Mytikas"", ""Castor""]","[0.8471444845199585, 0.7881044149398804, 0.7316865921020508, 0.7113130688667297, 0.6664830446243286]"
2,centroid,1,70,Braga,Braga,"[""Braga"", ""Triton"", ""Trius"", ""Mytikas"", ""Castor""]","[0.9043340086936951, 0.7416954040527344, 0.6823340058326721, 0.6104480028152466, 0.470508873462677]"
2,centroid,1,71,Braga,Braga,"[""Braga"", ""Trius"", ""Triton"", ""Turbine"", ""Alaris""]","[0.8635009527206421, 0.6326395273208618, 0.529177188873291, 0.5193046927452087, 0.4792393445968628]"
2,centroid,1,72,Braga,Braga,"[""Braga"", ""Triton"", ""Mytikas"", ""Vega"", ""Castor""]","[0.7485354542732239, 0.668293833732605, 0.5538396835327148, 0.48008641600608826, 0.46965959668159485]"
2,centroid,1,73,Braga,Braga,"[""Braga"", ""Hawk"", ""Vega"", ""Gemini"", ""Turbine""]","[0.6646217107772827, 0.6639621257781982, 0.5945450067520142, 0.5232523083686829, 0.36573517322540283]"
2,centroid,1,74,Braga,Braga,"[""Braga"", ""Gemini"", ""Turbine"", ""Hawk"", ""Alcatras""]","[0.7225072383880615, 0.3667834997177124, 0.3613385856151581, 0.35723742842674255, 0.2952428460121155]"
2,centroid,1,75,Braga,Braga,"[""Braga"", ""Alcatras"", ""Alaris"", ""Castor"", ""Trius""]","[0.7452707886695862, 0.5795060992240906, 0.5064775943756104, 0.4574331045150757, 0.31591397523880005]"
2,centroid,1,76,Braga,Braga,"[""Braga"", ""Trius"", ""Alaris"", ""Vega"", ""Hawk""]","[0.7781747579574585, 0.6044052839279175, 0.5898112654685974, 0.5870342254638672, 0.5364119410514832]"
2,centroid,1,77,Braga,Braga,"[""Braga"", ""Alaris"", ""Alcatras"", ""Trius"", ""Castor""]","[0.8387424945831299, 0.5615620613098145, 0.5010617971420288, 0.47400474548339844, 0.3243987262248993]"
2,centroid,1,78,Braga,Braga,"[""Braga"", ""Triton"", ""Hawk"", ""Trius"", ""Mytikas""]","[0.8446691632270813, 0.5575494766235352, 0.5369724035263062, 0.5362484455108643, 0.5093693137168884]"
2,centroid,1,79,Braga,Triton,"[""Triton"", ""Trius"", ""Braga"", ""Mytikas"", ""Alcatras""]","[0.860774040222168, 0.8538999557495117, 0.7828490734100342, 0.6182799339294434, 0.5532479882240295]"
2,centroid,1,80,Braga,Braga,"[""Braga"", ""Gemini"", ""Triton"", ""Vega"", ""Mytikas""]","[0.7688102722167969, 0.5667800903320312, 0.5043042302131653, 0.45731812715530396, 0.3861196041107178]"
2,centroid,1,81,Braga,Braga,"[""Braga"", ""Hawk"", ""Vega"", ""Gemini"", ""Turbine""]","[0.6330924034118652, 0.5904808044433594, 0.5842602252960205, 0.43622922897338867, 0.38577666878700256]"
2,centroid,1,82,Braga,Braga,"[""Braga"", ""Trius"", ""Triton"", ""Castor"", ""Alcatras""]","[0.9355965852737427, 0.6132072806358337, 0.588607668876648, 0.5285279750823975, 0.5207467079162598]"
2,centroid,1,83,Braga,Braga,"[""Braga"", ""Castor"", ""Triton"", ""Mytikas"", ""Trius""]","[0.8198093175888062, 0.7835893630981445, 0.6894254088401794, 0.6858676671981812, 0.6365621089935303]"
2,centroid,1,84,Braga,Castor,"[""Castor"", ""Alcatras"", ""Alaris"", ""Braga"", ""Turbine""]","[0.780932605266571, 0.7670652270317078, 0.6341735124588013, 0.5951628684997559, 0.5944036245346069]"
2,centroid,1,85,Braga,Braga,"[""Braga"", ""Trius"", ""Triton"", ""Castor"", ""Alaris""]","[0.8243314027786255, 0.7547799348831177, 0.641345202922821, 0.4668305516242981, 0.4236975312232971]"
2,centroid,1,86,Braga,Braga,"[""Braga"", ""Trius"", ""Gemini"", ""Triton"", ""Alcatras""]","[0.8761473894119263, 0.5150302052497864, 0.47899359464645386, 0.44835585355758667, 0.28356146812438965]"
2,centroid,1,87,Braga,Braga,"[""Braga"", ""Triton"", ""Castor"", ""Trius"", ""Mytikas""]","[0.8949918746948242, 0.7678720951080322, 0.6599122285842896, 0.646450400352478, 0.6130021214485168]"
2,centroid,1,88,Braga,Braga,"[""Braga"", ""Turbine"", ""Hawk"", ""Vega"", ""Gemini""]","[0.7039308547973633, 0.621770977973938, 0.6031166911125183, 0.5596717596054077, 0.4578816890716553]"
2,centroid,1,89,Braga,Braga,"[""Braga"", ""Triton"", ""Trius"", ""Gemini"", ""Hawk""]","[0.7604737877845764, 0.4222383499145508, 0.42100146412849426, 0.4164283275604248, 0.390044629573822]"
2,centroid,1,90,Braga,Braga,"[""Braga"", ""Castor"", ""Turbine"", ""Triton"", ""Hawk""]","[0.8489686250686646, 0.535676121711731, 0.44228029251098633, 0.4163355231285095, 0.38341209292411804]"
2,centroid,1,91,Castor,Castor,"[""Castor"", ""Alcatras"", ""Turbine"", ""Triton"", ""Mytikas""]","[0.8864134550094604, 0.6881746053695679, 0.6590244770050049, 0.6138348579406738, 0.6124804615974426]"
2,centroid,1,92,Castor,Castor,"[""Castor"", ""Alcatras"", ""Braga"", ""Triton"", ""Turbine""]","[0.9549839496612549, 0.5564010143280029, 0.5095211863517761, 0.47035712003707886, 0.4563577175140381]"
2,centroid,1,93,Castor,Castor,"[""Castor"", ""Triton"", ""Mytikas"", ""Trius"", ""Turbine""]","[0.8939012885093689, 0.7047538161277771, 0.6860052347183228, 0.5328240394592285, 0.5232755541801453]"
2,centroid,1,94,Castor,Castor,"[""Castor"", ""Braga"", ""Alcatras"", ""Mytikas"", ""Triton""]","[0.8409982919692993, 0.7197638750076294, 0.632836103439331, 0.6231394410133362, 0.6076463460922241]"
2,centroid,1,95,Castor,Castor,"[""Castor"", ""Turbine"", ""Mytikas"", ""Alcatras"", ""Triton""]","[0.8166786432266235, 0.6058484315872192, 0.554610013961792, 0.5087989568710327, 0.4664730727672577]"
2,centroid,1,96,Castor,Castor,"[""Castor"", ""Turbine"", ""Alcatras"", ""Braga"", ""Mytikas""]","[0.931769073009491, 0.6322890520095825, 0.5950969457626343, 0.5091529488563538, 0.429297536611557]"
2,centroid,1,97,Castor,Castor,"[""Castor"", ""Triton"", ""Mytikas"", ""Velorum"", ""Trius""]","[0.7134192585945129, 0.6356427669525146, 0.5674968361854553, 0.5186067819595337, 0.4155784845352173]"
2,centroid,1,98,Castor,Castor,"[""Castor"", ""Turbine"", ""Alcatras"", ""Mytikas"", ""Braga""]","[0.9356319904327393, 0.5951663255691528, 0.5348557233810425, 0.4704032242298126, 0.4441104233264923]"
2,centroid,1,99,Castor,Castor,"[""Castor"", ""Mytikas"", ""Braga"", ""Triton"", ""Turbine""]","[0.8862874507904053, 0.611211895942688, 0.5137456059455872, 0.5125789642333984, 0.422152042388916]"
2,centroid,1,100,Castor,Castor,"[""Castor"", ""Alcatras"", ""Mytikas"", ""Turbine"", ""Triton""]","[0.9341449737548828, 0.6979058980941772, 0.548696756362915, 0.5242881178855896, 0.5168195962905884]"
2,centroid,1,101,Castor,Castor,"[""Castor"", ""Alcatras"", ""Turbine"", ""Mytikas"", ""Braga""]","[0.9576449990272522, 0.58391273021698, 0.5654444098472595, 0.48400285840034485, 0.4369771480560303]"
2,centroid,1,102,Castor,Castor,"[""Castor"", ""Alcatras"", ""Turbine"", ""Braga"", ""Alaris""]","[0.8873735666275024, 0.6403778791427612, 0.47431451082229614, 0.4552247226238251, 0.40526992082595825]"
2,centroid,1,103,Castor,Castor,"[""Castor"", ""Braga"", ""Triton"", ""Mytikas"", ""Turbine""]","[0.7840226888656616, 0.5951985120773315, 0.5922591686248779, 0.54175865650177, 0.5307070016860962]"
2,centroid,1,104,Castor,Castor,"[""Castor"", ""Alcatras"", ""Turbine"", ""Braga"", ""Mytikas""]","[0.8040837645530701, 0.5309888124465942, 0.4096301794052124, 0.4017658829689026, 0.39739343523979187]"
2,centroid,1,105,Castor,Castor,"[""Castor"", ""Mytikas"", ""Alcatras"", ""Triton"", ""Turbine""]","[0.9287447333335876, 0.6604341864585876, 0.632442057132721, 0.6263856887817383, 0.5955960750579834]"
2,centroid,1,106,Castor,Castor,"[""Castor"", ""Alcatras"", ""Mytikas"", ""Triton"", ""Turbine""]","[0.9435583353042603, 0.6922815442085266, 0.5909394025802612, 0.5345748662948608, 0.5276939868927002]"
2,centroid,1,107,Castor,Castor,"[""Castor"", ""Triton"", ""Alcatras"", ""Mytikas"", ""Trius""]","[0.8751564621925354, 0.5363192558288574, 0.48768049478530884, 0.4489993453025818, 0.4351796507835388]"
2,centroid,1,108,Castor,Castor,"[""Castor"", ""Turbine"", ""Alcatras"", ""Braga"", ""Mytikas""]","[0.9311782121658325, 0.6227928400039673, 0.6007137298583984, 0.41794613003730774, 0.4173242449760437]"
2,centroid,1,109,Castor,Castor,"[""Castor"", ""Mytikas"", ""Braga"", ""Triton"", ""Turbine""]","[0.9083269834518433, 0.6561000347137451, 0.65074622631073, 0.6419269442558289, 0.6182100772857666]"
2,centroid,1,110,Castor,Castor,"[""Castor"", ""Turbine"", ""Mytikas"", ""Alcatras"", ""Triton""]","[0.8507070541381836, 0.5864601135253906, 0.5813601016998291, 0.531320333480835, 0.36974456906318665]"
2,centroid,1,111,Castor,Castor,"[""Castor"", ""Turbine"", ""Alcatras"", ""Braga"", ""Mytikas""]","[0.9211995601654053, 0.7258406281471252, 0.6596120595932007, 0.575721263885498, 0.5485000610351562]"
2,centroid,1,112,Castor,Castor,"[""Castor"", ""Alcatras"", ""Mytikas"", ""Turbine"", ""Braga""]","[0.7965124845504761, 0.7213035225868225, 0.45461663603782654, 0.4505878984928131, 0.3688390254974365]"
2,centroid,1,113,Castor,Castor,"[""Castor"", ""Mytikas"", ""Alcatras"", ""Triton"", ""Braga""]","[0.9366931915283203, 0.5869917869567871, 0.5780189633369446, 0.5701795816421509, 0.5517349243164062]"
2,centroid,1,114,Castor,Castor,"[""Castor"", ""Mytikas"", ""Alcatras"", ""Triton"", ""Braga""]","[0.9197326898574829, 0.6568832993507385, 0.5736393332481384, 0.5430371761322021, 0.43742138147354126]"
2,centroid,1,115,Castor,Castor,"[""Castor"", ""Mytikas"", ""Triton"", ""Alcatras"", ""Braga""]","[0.9523030519485474, 0.7120466232299805, 0.6790856122970581, 0.592484712600708, 0.583909809589386]"
2,centroid,1,116,Castor,Castor,"[""Castor"", ""Braga"", ""Alcatras"", ""Triton"", ""Mytikas""]","[0.9042516946792603, 0.5552462935447693, 0.530424952507019, 0.45081791281700134, 0.4386597275733948]"
2,centroid,1,117,Castor,Castor,"[""Castor"", ""Alcatras"", ""Braga"", ""Mytikas"", ""Turbine""]","[0.8781890869140625, 0.7072155475616455, 0.4312719404697418, 0.39847540855407715, 0.3916783928871155]"
2,centroid,1,118,Castor,Castor,"[""Castor"", ""Alcatras"", ""Mytikas"", ""Braga"", ""Turbine""]","[0.8956060409545898, 0.6655862331390381, 0.5518568754196167, 0.5458946824073792, 0.5206971168518066]"
2,centroid,1,119,Castor,Castor,"[""Castor"", ""Triton"", ""Alcatras"", ""Turbine"", ""Mytikas""]","[0.9258770942687988, 0.5549578666687012, 0.5156222581863403, 0.4987815320491791, 0.49079954624176025]"
2,centroid,1,120,Castor,Castor,"[""Castor"", ""Alcatras"", ""Braga"", ""Triton"", ""Mytikas""]","[0.910744309425354, 0.6572573184967041, 0.5721557140350342, 0.5544384121894836, 0.5397652387619019]"
2,centroid,1,121,Castor,Castor,"[""Castor"", ""Triton"", ""Braga"", ""Mytikas"", ""Turbine""]","[0.9345557689666748, 0.6481029987335205, 0.639829695224762, 0.6257383823394775, 0.5868537425994873]"
2,centroid,1,122,Castor,Castor,"[""Castor"", ""Alcatras"", ""Braga"", ""Mytikas"", ""Alaris""]","[0.8067047595977783, 0.7456583976745605, 0.6012147665023804, 0.5344364643096924, 0.3817460536956787]"
2,centroid,1,123,Denom,Velorum,"[""Velorum"", ""Ilias"", ""Denom"", ""Nivalis"", ""Ratikon""]","[0.8630298972129822, 0.7004660367965698, 0.6131030321121216, 0.5544962882995605, 0.48082804679870605]"
2,centroid,1,124,Denom,Ilias,"[""Ilias"", ""Velorum"", ""Denom"", ""Ratikon"", ""Nivalis""]","[0.7848144769668579, 0.7114199995994568, 0.7050708532333374, 0.6451752781867981, 0.5144470930099487]"
2,centroid,1,125,Denom,Denom,"[""Denom"", ""Ratikon"", ""Nivalis"", ""Ilias"", ""Velorum""]","[0.9500442743301392, 0.7812194228172302, 0.7465597987174988, 0.7184610962867737, 0.4712802469730377]"
2,centroid,1,126,Denom,Denom,"[""Denom"", ""Ratikon"", ""Nivalis"", ""Ilias"", ""Velorum""]","[0.9708384871482849, 0.8714759349822998, 0.8124293088912964, 0.6920580267906189, 0.39554867148399353]"
2,centroid,1,127,Denom,Denom,"[""Denom"", ""Nivalis"", ""Ratikon"", ""Xtreme"", ""Ilias""]","[0.7716472148895264, 0.6068173050880432, 0.49294954538345337, 0.3495514988899231, 0.3238344192504883]"
2,centroid,1,128,Denom,Denom,"[""Denom"", ""Ratikon"", ""Ilias"", ""Nivalis"", ""Velorum""]","[0.9140105247497559, 0.8195391893386841, 0.6641069650650024, 0.5523040294647217, 0.1768755316734314]"
2,centroid,1,129,Denom,Denom,"[""Denom"", ""Ratikon"", ""Nivalis"", ""Ilias"", ""Velorum""]","[0.9617652893066406, 0.8064260482788086, 0.7825663685798645, 0.5952901840209961, 0.33927714824676514]"
2,centroid,1,130,Denom,Denom,"[""Denom"", ""Nivalis"", ""Ratikon"", ""Ilias"", ""Velorum""]","[0.946229100227356, 0.7258820533752441, 0.6901943683624268, 0.6419238448143005, 0.4888526499271393]"
2,centroid,1,131,Denom,Denom,"[""Denom"", ""Ratikon"", ""Nivalis"", ""Ilias"", ""Velorum""]","[0.9675767421722412, 0.8591737151145935, 0.8443472385406494, 0.6768854856491089, 0.3974531292915344]"
2,centroid,1,132,Denom,Denom,"[""Denom"", ""Ratikon"", ""Nivalis"", ""Ilias"", ""Velorum""]","[0.9307407140731812, 0.8274339437484741, 0.7095845937728882, 0.6269006729125977, 0.2941623628139496]"
2,centroid,1,133,Denom,Denom,"[""Denom"", ""Ratikon"", ""Nivalis"", ""Ilias"", ""Velorum""]","[0.8663485050201416, 0.7875396013259888, 0.7118995189666748, 0.4393414556980133, 0.007620919495820999]"
2,centroid,1,134,Denom,Denom,"[""Denom"", ""Ratikon"", ""Nivalis"", ""Ilias"", ""Velorum""]","[0.8378859162330627, 0.7588804364204407, 0.6031701564788818, 0.37506306171417236, 0.15662412345409393]"
2,centroid,1,135,Denom,Ilias,"[""Ilias"", ""Denom"", ""Velorum"", ""Ratikon"", ""Nivalis""]","[0.7424987554550171, 0.6673738956451416, 0.5911239981651306, 0.49257826805114746, 0.40102362632751465]"
2,centroid,1,136,Denom,Denom,"[""Denom"", ""Nivalis"", ""Ratikon"", ""Ilias"", ""Velorum""]","[0.9647130370140076, 0.8054904341697693, 0.7764571309089661, 0.7237892150878906, 0.5160989165306091]"
2,centroid,1,137,Denom,Ilias,"[""Ilias"", ""Nivalis"", ""Ratikon"", ""Denom"", ""Velorum""]","[0.5893394351005554, 0.5552911758422852, 0.5455213785171509, 0.535481333732605, 0.5268521308898926]"
2,centroid,1,138,Denom,Ilias,"[""Ilias"", ""Denom"", ""Velorum"", ""Ratikon"", ""Nivalis""]","[0.8048780560493469, 0.7523919343948364, 0.6712009906768799, 0.6581181883811951, 0.5742244720458984]"
2,centroid,1,139,Denom,Denom,"[""Denom"", ""Ratikon"", ""Nivalis"", ""Ilias"", ""Velorum""]","[0.9267398715019226, 0.8041058778762817, 0.7555079460144043, 0.5825486779212952, 0.18518638610839844]"
2,centroid,1,140,Denom,Denom,"[""Denom"", ""Nivalis"", ""Ratikon"", ""Ilias"", ""Velorum""]","[0.9487496018409729, 0.8092042207717896, 0.7757298350334167, 0.6561524868011475, 0.5162040591239929]"
2,centroid,1,141,Denom,Denom,"[""Denom"", ""Ilias"", ""Nivalis"", ""Ratikon"", ""Velorum""]","[0.9280937910079956, 0.740660548210144, 0.7092037796974182, 0.7035543918609619, 0.6188117265701294]"
2,centroid,1,142,Denom,Denom,"[""Denom"", ""Nivalis"", ""Ratikon"", ""Ilias"", ""Velorum""]","[0.8787131309509277, 0.8139762878417969, 0.7712043523788452, 0.6603398323059082, 0.334011971950531]"
2,centroid,1,143,Denom,Nivalis,"[""Nivalis"", ""Denom"", ""Ratikon"", ""Ilias"", ""Velorum""]","[0.8351980447769165, 0.7632383108139038, 0.627787709236145, 0.4711264371871948, 0.2695276439189911]"
2,centroid,1,144,Denom,Denom,"[""Denom"", ""Ratikon"", ""Nivalis"", ""Ilias"", ""Velorum""]","[0.8828939199447632, 0.8511769771575928, 0.7464520931243896, 0.6481832265853882, 0.34486138820648193]"
2,centroid,1,145,Denom,Denom,"[""Denom"", ""Ratikon"", ""Nivalis"", ""Ilias"", ""Velorum""]","[0.8972315192222595, 0.6512578725814819, 0.6031314730644226, 0.36917591094970703, 0.18615654110908508]"
2,centroid,1,146,Denom,Nivalis,"[""Nivalis"", ""Denom"", ""Ratikon"", ""Ilias"", ""Xtreme""]","[0.7224510908126831, 0.6396671533584595, 0.5944474339485168, 0.36774149537086487, 0.103604756295681]"
2,centroid,1,147,Denom,Denom,"[""Denom"", ""Ratikon"", ""Nivalis"", ""Ilias"", ""Velorum""]","[0.9205577373504639, 0.8727725744247437, 0.8052396774291992, 0.7757562398910522, 0.45304080843925476]"
2,centroid,1,148,Denom,Denom,"[""Denom"", ""Ratikon"", ""Nivalis"", ""Ilias"", ""Velorum""]","[0.9239248037338257, 0.6638094782829285, 0.661521315574646, 0.5961512327194214, 0.46232080459594727]"
2,centroid,1,149,Denom,Denom,"[""Denom"", ""Ratikon"", ""Nivalis"", ""Ilias"", ""Velorum""]","[0.9406092762947083, 0.8337448835372925, 0.7478033304214478, 0.590211033821106, 0.26273977756500244]"
2,centroid,1,150,Denom,Denom,"[""Denom"", ""Ratikon"", ""Nivalis"", ""Ilias"", ""Velorum""]","[0.8969883918762207, 0.8367458581924438, 0.6305524706840515, 0.5491914749145508, 0.16906146705150604]"
2,centroid,1,151,Denom,Denom,"[""Denom"", ""Nivalis"", ""Ratikon"", ""Ilias"", ""Velorum""]","[0.9270489811897278, 0.7270539402961731, 0.6917064189910889, 0.6743496656417847, 0.5588290691375732]"
2,centroid,1,152,Denom,Ratikon,"[""Ratikon"", ""Denom"", ""Nivalis"", ""Ilias"", ""Steel_Wheel""]","[0.7875609397888184, 0.7871145009994507, 0.6012328863143921, 0.5357622504234314, 0.14278554916381836]"
2,centroid,1,153,Denom,Denom,"[""Denom"", ""Ratikon"", ""Nivalis"", ""Ilias"", ""Trius""]","[0.7303804159164429, 0.6865742206573486, 0.6304385662078857, 0.577513575553894, 0.24846145510673523]"
2,centroid,1,154,Denom,Velorum,"[""Velorum"", ""Ilias"", ""Ratikon"", ""Denom"", ""Nivalis""]","[0.8125858306884766, 0.7449973821640015, 0.6288782358169556, 0.5750434398651123, 0.5263339281082153]"
2,centroid,1,155,Denom,Denom,"[""Denom"", ""Ratikon"", ""Nivalis"", ""Ilias"", ""Velorum""]","[0.8543751239776611, 0.7942389249801636, 0.760120153427124, 0.7527792453765869, 0.6987686157226562]"
2,centroid,1,156,Denom,Denom,"[""Denom"", ""Ratikon"", ""Ilias"", ""Nivalis"", ""Trius""]","[0.7988697290420532, 0.7186921834945679, 0.4770951271057129, 0.35836872458457947, -0.0021325480192899704]"
2,centroid,1,157,Denom,Denom,"[""Denom"", ""Ratikon"", ""Nivalis"", ""Ilias"", ""Velorum""]","[0.9350303411483765, 0.8447355031967163, 0.720786452293396, 0.5979971885681152, 0.2691032588481903]"
2,centroid,1,158,Denom,Denom,"[""Denom"", ""Ratikon"", ""Nivalis"", ""Ilias"", ""Velorum""]","[0.9697666764259338, 0.7835074663162231, 0.7650701403617859, 0.603308379650116, 0.328416645526886]"
2,centroid,1,159,Denom,Denom,"[""Denom"", ""Nivalis"", ""Ratikon"", ""Ilias"", ""Velorum""]","[0.9545639753341675, 0.7536101937294006, 0.7504614591598511, 0.653921365737915, 0.49345874786376953]"
2,centroid,1,160,Denom,Denom,"[""Denom"", ""Ratikon"", ""Nivalis"", ""Trius"", ""Ilias""]","[0.6388024687767029, 0.5924842953681946, 0.5221061706542969, 0.48531103134155273, 0.35958755016326904]"
2,centroid,1,161,Gemini,Gemini,"[""Gemini"", ""Xtreme"", ""Vega"", ""Braga"", ""Trius""]","[0.8972408771514893, 0.6036926507949829, 0.361305296421051, 0.2670551836490631, 0.16045449674129486]"
2,centroid,1,162,Gemini,Gemini,"[""Gemini"", ""Braga"", ""Xtreme"", ""Trius"", ""Vega""]","[0.8634582757949829, 0.500728189945221, 0.46498623490333557, 0.45458102226257324, 0.4334683418273926]"
2,centroid,1,163,Gemini,Gemini,"[""Gemini"", ""Trius"", ""Braga"", ""Xtreme"", ""Vega""]","[0.9350277185440063, 0.5107994079589844, 0.4126054048538208, 0.4065655469894409, 0.3086123466491699]"
2,centroid,1,164,Gemini,Vega,"[""Vega"", ""Gemini"", ""Turbine"", ""Hawk"", ""Braga""]","[0.5778334140777588, 0.5241845846176147, 0.3536376655101776, 0.34978187084198, 0.18004658818244934]"
2,centroid,1,165,Gemini,Gemini,"[""Gemini"", ""Xtreme"", ""Vega"", ""Ilias"", ""Trius""]","[0.8947902917861938, 0.694076657295227, 0.3542771637439728, 0.18009236454963684, 0.16850608587265015]"
2,centroid,1,166,Gemini,Xtreme,"[""Xtreme"", ""Gemini"", ""Ilias"", ""Nivalis"", ""Denom""]","[0.7577308416366577, 0.6917448043823242, 0.35981160402297974, 0.29102015495300293, 0.2771339416503906]"
2,centroid,1,167,Gemini,Gemini,"[""Gemini"", ""Trius"", ""Vega"", ""Xtreme"", ""Ilias""]","[0.8791190385818481, 0.45408669114112854, 0.3778958022594452, 0.30367332696914673, 0.27567335963249207]"
2,centroid,1,168,Gemini,Gemini,"[""Gemini"", ""Vega"", ""Trius"", ""Xtreme"", ""Alaris""]","[0.7159954309463501, 0.34488445520401, 0.2469378113746643, 0.2169359028339386, 0.16743983328342438]"
2,centroid,1,169,Gemini,Gemini,"[""Gemini"", ""Hawk"", ""Vega"", ""Xtreme"", ""Alaris""]","[0.6429779529571533, 0.36695218086242676, 0.33691734075546265, 0.25652015209198, 0.151266410946846]"
2,centroid,1,170,Gemini,Gemini,"[""Gemini"", ""Xtreme"", ""Vega"", ""Trius"", ""Braga""]","[0.8917237520217896, 0.3399289548397064, 0.2764538824558258, 0.25322413444519043, 0.102760449051857]"
2,centroid,1,171,Gemini,Gemini,"[""Gemini"", ""Xtreme"", ""Vega"", ""Braga"", ""Hawk""]","[0.8832995891571045, 0.5832805633544922, 0.3829807639122009, 0.14648807048797607, 0.061506256461143494]"
2,centroid,1,172,Gemini,Gemini,"[""Gemini"", ""Xtreme"", ""Vega"", ""Ilias"", ""Hawk""]","[0.8883424997329712, 0.5386346578598022, 0.2735864520072937, 0.11142377555370331, 0.09168428182601929]"
2,centroid,1,173,Gemini,Gemini,"[""Gemini"", ""Vega"", ""Trius"", ""Hawk"", ""Braga""]","[0.7258463501930237, 0.5045723915100098, 0.48820769786834717, 0.4546302556991577, 0.4470979571342468]"
2,centroid,1,174,Gemini,Gemini,"[""Gemini"", ""Vega"", ""Braga"", ""Trius"", ""Hawk""]","[0.8617305755615234, 0.6234983205795288, 0.5463516712188721, 0.4244254231452942, 0.34039306640625]"
2,centroid,1,175,Gemini,Gemini,"[""Gemini"", ""Trius"", ""Vega"", ""Xtreme"", ""Braga""]","[0.8963475227355957, 0.4528014361858368, 0.42522764205932617, 0.37748855352401733, 0.33128130435943604]"
2,centroid,1,176,Gemini,Gemini,"[""Gemini"", ""Xtreme"", ""Hawk"", ""Braga"", ""Vega""]","[0.7016557455062866, 0.5036607384681702, 0.28641507029533386, 0.138679638504982, 0.10992157459259033]"
2,centroid,1,177,Gemini,Gemini,"[""Gemini"", ""Xtreme"", ""Vega"", ""Braga"", ""Trius""]","[0.8998736143112183, 0.49961793422698975, 0.19903774559497833, 0.17751267552375793, 0.17735645174980164]"
2,centroid,1,178,Gemini,Gemini,"[""Gemini"", ""Xtreme"", ""Hawk"", ""Vega"", ""Steel_Wheel""]","[0.6739128232002258, 0.5492783784866333, 0.09373252093791962, 0.09020771086215973, 0.07211931049823761]"
2,centroid,1,179,Gemini,Gemini,"[""Gemini"", ""Trius"", ""Xtreme"", ""Triton"", ""Vega""]","[0.7720474004745483, 0.49470245838165283, 0.22578862309455872, 0.19964054226875305, 0.15330739319324493]"
2,centroid,1,180,Gemini,Gemini,"[""Gemini"", ""Xtreme"", ""Vega"", ""Ilias"", ""Trius""]","[0.8081893920898438, 0.6259509921073914, 0.17177438735961914, 0.08777979016304016, -0.03336422145366669]"
2,centroid,1,181,Gemini,Gemini,"[""Gemini"", ""Xtreme"", ""Braga"", ""Trius"", ""Vega""]","[0.8755178451538086, 0.595584511756897, 0.21651455760002136, 0.20180654525756836, 0.1459721326828003]"
2,centroid,1,182,Gemini,Gemini,"[""Gemini"", ""Xtreme"", ""Vega"", ""Braga"", ""Hawk""]","[0.592354416847229, 0.38900065422058105, 0.34793904423713684, 0.2825142741203308, 0.2497405707836151]"
2,centroid,1,183,Gemini,Gemini,"[""Gemini"", ""Xtreme"", ""Vega"", ""Denom"", ""Trius""]","[0.789894700050354, 0.30113816261291504, 0.23589885234832764, 0.16783136129379272, 0.15611532330513]"
2,centroid,1,184,Gemini,Gemini,"[""Gemini"", ""Xtreme"", ""Vega"", ""Trius"", ""Ilias""]","[0.9169608354568481, 0.6806538105010986, 0.3256193995475769, 0.18857640027999878, 0.13058294355869293]"
2,centroid,1,185,Gemini,Gemini,"[""Gemini"", ""Trius"", ""Braga"", ""Vega"", ""Triton""]","[0.7074186205863953, 0.47990959882736206, 0.4361923635005951, 0.26987752318382263, 0.2697638273239136]"
2,centroid,1,186,Gemini,Gemini,"[""Gemini"", ""Xtreme"", ""Vega"", ""Trius"", ""Braga""]","[0.8607583045959473, 0.4878295660018921, 0.3258558213710785, 0.07002092152833939, 0.06198073923587799]"
2,centroid,1,187,Gemini,Gemini,"[""Gemini"", ""Vega"", ""Xtreme"", ""Hawk"", ""Ilias""]","[0.8130003213882446, 0.4287364184856415, 0.2529205083847046, 0.22903385758399963, 0.22472161054611206]"
2,centroid,1,188,Hawk,Hawk,"[""Hawk"", ""Alaris"", ""Vega"", ""Turbine"", ""Braga""]","[0.9106563329696655, 0.5047297477722168, 0.4256161153316498, 0.4046333134174347, 0.32996878027915955]"
2,centroid,1,189,Hawk,Turbine,"[""Turbine"", ""Mytikas"", ""Vega"", ""Braga"", ""Hawk""]","[0.32157933712005615, 0.31013223528862, 0.27578648924827576, 0.27171000838279724, 0.2705080509185791]"
2,centroid,1,190,Hawk,Hawk,"[""Hawk"", ""Vega"", ""Turbine"", ""Alaris"", ""Alcatras""]","[0.930797278881073, 0.47313135862350464, 0.3057638108730316, 0.3017643690109253, 0.1296813189983368]"
2,centroid,1,191,Hawk,Hawk,"[""Hawk"", ""Alaris"", ""Turbine"", ""Vega"", ""Alcatras""]","[0.8919163346290588, 0.2334018498659134, 0.21101848781108856, 0.195917546749115, 0.18884596228599548]"
2,centroid,1,192,Hawk,Hawk,"[""Hawk"", ""Turbine"", ""Vega"", ""Gemini"", ""Braga""]","[0.577466607093811, 0.5095618963241577, 0.3457341194152832, 0.3120141923427582, 0.12424597144126892]"
2,centroid,1,193,Hawk,Hawk,"[""Hawk"", ""Vega"", ""Turbine"", ""Gemini"", ""Braga""]","[0.9388301372528076, 0.5098399519920349, 0.35351330041885376, 0.2880229949951172, 0.2724655568599701]"
2,centroid,1,194,Hawk,Hawk,"[""Hawk"", ""Braga"", ""Alaris"", ""Vega"", ""Turbine""]","[0.8383347392082214, 0.5736120939254761, 0.4309764802455902, 0.41477635502815247, 0.36108332872390747]"
2,centroid,1,195,Hawk,Hawk,"[""Hawk"", ""Turbine"", ""Vega"", ""Alaris"", ""Alcatras""]","[0.9565580487251282, 0.427248477935791, 0.3641274571418762, 0.3621470332145691, 0.33642446994781494]"
2,centroid,1,196,Hawk,Hawk,"[""Hawk"", ""Alaris"", ""Alcatras"", ""Vega"", ""Turbine""]","[0.9197990298271179, 0.5326930284500122, 0.4572163224220276, 0.42685437202453613, 0.34193849563598633]"
2,centroid,1,197,Hawk,Hawk,"[""Hawk"", ""Vega"", ""Alaris"", ""Turbine"", ""Alcatras""]","[0.9373037815093994, 0.5853015184402466, 0.5019528269767761, 0.4242135286331177, 0.39681828022003174]"
2,centroid,1,198,Hawk,Hawk,"[""Hawk"", ""Turbine"", ""Vega"", ""Braga"", ""Alaris""]","[0.8555698394775391, 0.5154470801353455, 0.4177015423774719, 0.21085664629936218, 0.13761773705482483]"
2,centroid,1,199,Hawk,Turbine,"[""Turbine"", ""Hawk"", ""Braga"", ""Vega"", ""Mytikas""]","[0.7776822447776794, 0.64031982421875, 0.5534631609916687, 0.4909604489803314, 0.4794379770755768]"
2,centroid,1,200,Hawk,Hawk,"[""Hawk"", ""Alaris"", ""Alcatras"", ""Turbine"", ""Vega""]","[0.7949530482292175, 0.38585364818573, 0.32774585485458374, 0.274921715259552, 0.20886456966400146]"
2,centroid,1,201,Hawk,Hawk,"[""Hawk"", ""Turbine"", ""Alaris"", ""Vega"", ""Alcatras""]","[0.9195254445075989, 0.4565931558609009, 0.38758647441864014, 0.38205936551094055, 0.36151638627052307]"
2,centroid,1,202,Hawk,Hawk,"[""Hawk"", ""Vega"", ""Turbine"", ""Alaris"", ""Alcatras""]","[0.9430463314056396, 0.5178890824317932, 0.4259302020072937, 0.3395538330078125, 0.11794797331094742]"
2,centroid,1,203,Hawk,Hawk,"[""Hawk"", ""Alaris"", ""Alcatras"", ""Turbine"", ""Vega""]","[0.787937343120575, 0.6880276203155518, 0.596544623374939, 0.4097650349140167, 0.2886459231376648]"
2,centroid,1,204,Hawk,Hawk,"[""Hawk"", ""Vega"", ""Gemini"", ""Turbine"", ""Alaris""]","[0.7356277704238892, 0.6452832818031311, 0.3744674623012543, 0.34258776903152466, 0.15715838968753815]"
2,centroid,1,205,Hawk,Hawk,"[""Hawk"", ""Vega"", ""Turbine"", ""Alaris"", ""Braga""]","[0.964556097984314, 0.4703231155872345, 0.3842780590057373, 0.3355030417442322, 0.2424420416355133]"
2,centroid,1,206,Hawk,Hawk,"[""Hawk"", ""Turbine"", ""Vega"", ""Alaris"", ""Braga""]","[0.9626893997192383, 0.37377965450286865, 0.310819536447525, 0.2429732084274292, 0.17357034981250763]"
2,centroid,1,207,Hawk,Hawk,"[""Hawk"", ""Vega"", ""Turbine"", ""Gemini"", ""Alaris""]","[0.8624081611633301, 0.3987518548965454, 0.32733234763145447, 0.2266998142004013, 0.1869785487651825]"
2,centroid,1,208,Hawk,Hawk,"[""Hawk"", ""Turbine"", ""Braga"", ""Alcatras"", ""Xtreme""]","[0.9023324251174927, 0.2819613814353943, 0.2562996745109558, 0.22261062264442444, 0.20648476481437683]"
2,centroid,1,209,Hawk,Hawk,"[""Hawk"", ""Alaris"", ""Vega"", ""Alcatras"", ""Turbine""]","[0.9053314924240112, 0.5309250354766846, 0.4623730182647705, 0.44037026166915894, 0.407744824886322]"
2,centroid,1,210,Hawk,Hawk,"[""Hawk"", ""Turbine"", ""Alaris"", ""Vega"", ""Alcatras""]","[0.943936288356781, 0.46190792322158813, 0.3822924494743347, 0.3757714033126831, 0.2716517448425293]"
2,centroid,1,211,Hawk,Hawk,"[""Hawk"", ""Xtreme"", ""Turbine"", ""Gemini"", ""Vega""]","[0.8741263151168823, 0.2467704713344574, 0.2367415577173233, 0.17319044470787048, 0.15607254207134247]"
2,centroid,1,212,Hawk,Hawk,"[""Hawk"", ""Vega"", ""Turbine"", ""Gemini"", ""Xtreme""]","[0.8763907551765442, 0.400454580783844, 0.2957650125026703, 0.1893509030342102, 0.14704103767871857]"
2,centroid,1,213,Hawk,Hawk,"[""Hawk"", ""Turbine"", ""Vega"", ""Braga"", ""Alaris""]","[0.8822503685951233, 0.5460116863250732, 0.4358915686607361, 0.3768673241138458, 0.27442556619644165]"
2,centroid,1,214,Ilias,Ilias,"[""Ilias"", ""Ratikon"", ""Denom"", ""Nivalis"", ""Velorum""]","[0.8546855449676514, 0.8191633224487305, 0.7852799892425537, 0.5480000972747803, 0.3651207685470581]"
2,centroid,1,215,Ilias,Ilias,"[""Ilias"", ""Ratikon"", ""Denom"", ""Nivalis"", ""Velorum""]","[0.8960785865783691, 0.8010631203651428, 0.7153564691543579, 0.5664973855018616, 0.39263930916786194]"
2,centroid,1,216,Ilias,Ilias,"[""Ilias"", ""Ratikon"", ""Denom"", ""Velorum"", ""Nivalis""]","[0.9578481316566467, 0.7215430736541748, 0.6062629222869873, 0.557088315486908, 0.5362078547477722]"
2,centroid,1,217,Ilias,Ilias,"[""Ilias"", ""Ratikon"", ""Velorum"", ""Denom"", ""Nivalis""]","[0.937317967414856, 0.6641035079956055, 0.5715606212615967, 0.5097357630729675, 0.41153085231781006]"
2,centroid,1,218,Ilias,Ilias,"[""Ilias"", ""Ratikon"", ""Velorum"", ""Denom"", ""Nivalis""]","[0.9347206950187683, 0.6269313097000122, 0.5166789293289185, 0.5131469964981079, 0.4542244076728821]"
2,centroid,1,219,Ilias,Ilias,"[""Ilias"", ""Ratikon"", ""Denom"", ""Nivalis"", ""Velorum""]","[0.9555981159210205, 0.6792969703674316, 0.5965723395347595, 0.5721527934074402, 0.4905255436897278]"
2,centroid,1,220,Ilias,Ilias,"[""Ilias"", ""Velorum"", ""Denom"", ""Ratikon"", ""Nivalis""]","[0.8527194261550903, 0.6961397528648376, 0.6122579574584961, 0.5205478668212891, 0.47252774238586426]"
2,centroid,1,221,Ilias,Ilias,"[""Ilias"", ""Denom"", ""Ratikon"", ""Nivalis"", ""Velorum""]","[0.8440818786621094, 0.644939124584198, 0.5893349051475525, 0.4782172739505768, 0.4135401248931885]"
2,centroid,1,222,Ilias,Ilias,"[""Ilias"", ""Ratikon"", ""Denom"", ""Velorum"", ""Nivalis""]","[0.9579883813858032, 0.7529898881912231, 0.6588286757469177, 0.6333106756210327, 0.5881166458129883]"
2,centroid,1,223,Ilias,Ilias,"[""Ilias"", ""Ratikon"", ""Trius"", ""Denom"", ""Triton""]","[0.7619577050209045, 0.6218373775482178, 0.5166305303573608, 0.4260028004646301, 0.4256851077079773]"
2,centroid,1,224,Ilias,Denom,"[""Denom"", ""Ilias"", ""Velorum"", ""Ratikon"", ""Nivalis""]","[0.7642214298248291, 0.7615161538124084, 0.7295725345611572, 0.7049842476844788, 0.6407752633094788]"
2,centroid,1,225,Ilias,Ilias,"[""Ilias"", ""Ratikon"", ""Denom"", ""Nivalis"", ""Velorum""]","[0.9482669830322266, 0.7745844125747681, 0.6669676303863525, 0.646776020526886, 0.5593968033790588]"
2,centroid,1,226,Ilias,Ilias,"[""Ilias"", ""Ratikon"", ""Denom"", ""Velorum"", ""Nivalis""]","[0.7901656627655029, 0.6589372754096985, 0.573803186416626, 0.5558933019638062, 0.5176354646682739]"
2,centroid,1,227,Ilias,Ilias,"[""Ilias"", ""Velorum"", ""Nivalis"", ""Ratikon"", ""Denom""]","[0.7673469185829163, 0.7272089719772339, 0.43636783957481384, 0.422311395406723, 0.35811948776245117]"
2,centroid,1,228,Ilias,Ilias,"[""Ilias"", ""Ratikon"", ""Denom"", ""Nivalis"", ""Velorum""]","[0.9365103244781494, 0.7772167921066284, 0.6584887504577637, 0.6306465864181519, 0.5921993255615234]"
2,centroid,1,229,Ilias,Ilias,"[""Ilias"", ""Denom"", ""Ratikon"", ""Velorum"", ""Nivalis""]","[0.8715842962265015, 0.7501478791236877, 0.6850244998931885, 0.5053361654281616, 0.4951125681400299]"
2,centroid,1,230,Ilias,Turbine,"[""Turbine"", ""Vega"", ""Alaris"", ""Hawk"", ""Alcatras""]","[0.808799684047699, 0.6067596673965454, 0.5603435039520264, 0.5203399658203125, 0.39228278398513794]"
2,centroid,1,231,Ilias,Ilias,"[""Ilias"", ""Ratikon"", ""Denom"", ""Nivalis"", ""Velorum""]","[0.9356557726860046, 0.6690545678138733, 0.6427001357078552, 0.5280015468597412, 0.4965563714504242]"
2,centroid,1,232,Ilias,Ilias,"[""Ilias"", ""Ratikon"", ""Denom"", ""Nivalis"", ""Velorum""]","[0.9286817908287048, 0.8793666958808899, 0.8130105137825012, 0.6490448117256165, 0.3521718978881836]"
2,centroid,1,233,Ilias,Ilias,"[""Ilias"", ""Denom"", ""Ratikon"", ""Velorum"", ""Nivalis""]","[0.8544445633888245, 0.6713743209838867, 0.6511208415031433, 0.5701097249984741, 0.4921835958957672]"
2,centroid,1,234,Ilias,Denom,"[""Denom"", ""Ilias"", ""Ratikon"", ""Nivalis"", ""Velorum""]","[0.7899978160858154, 0.7793970108032227, 0.7512408494949341, 0.5355701446533203, 0.1902320832014084]"
2,centroid,1,235,Ilias,Velorum,"[""Velorum"", ""Ilias"", ""Denom"", ""Ratikon"", ""Nivalis""]","[0.7462401390075684, 0.7136675119400024, 0.5742907524108887, 0.5183963179588318, 0.5045404434204102]"
2,centroid,1,236,Ilias,Nivalis,"[""Nivalis"", ""Ratikon"", ""Ilias"", ""Denom"", ""Velorum""]","[0.7454801797866821, 0.7300981283187866, 0.7022527456283569, 0.5992634296417236, 0.4817693829536438]"
2,centroid,1,237,Ilias,Ilias,"[""Ilias"", ""Ratikon"", ""Nivalis"", ""Denom"", ""Velorum""]","[0.9208945631980896, 0.6206330060958862, 0.6021571159362793, 0.5670806765556335, 0.5553261041641235]"
2,centroid,1,238,Ilias,Ilias,"[""Ilias"", ""Ratikon"", ""Denom"", ""Velorum"", ""Nivalis""]","[0.9733291864395142, 0.7800987958908081, 0.6997990608215332, 0.6647101044654846, 0.6011470556259155]"
2,centroid,1,239,Ilias,Ratikon,"[""Ratikon"", ""Denom"", ""Ilias"", ""Nivalis"", ""Velorum""]","[0.8601373434066772, 0.8284660577774048, 0.7998164296150208, 0.6171990633010864, 0.31163543462753296]"
2,centroid,1,240,Ilias,Ilias,"[""Ilias"", ""Ratikon"", ""Denom"", ""Velorum"", ""Nivalis""]","[0.943249523639679, 0.7331442832946777, 0.697594404220581, 0.6308173537254333, 0.6295733451843262]"
2,centroid,1,241,Ilias,Ilias,"[""Ilias"", ""Ratikon"", ""Denom"", ""Triton"", ""Nivalis""]","[0.8936344981193542, 0.6840627789497375, 0.5559284687042236, 0.47205230593681335, 0.4708597660064697]"
2,centroid,1,242,Ilias,Ilias,"[""Ilias"", ""Denom"", ""Ratikon"", ""Velorum"", ""Nivalis""]","[0.916449785232544, 0.6710901856422424, 0.6573221683502197, 0.5052328109741211, 0.4652969241142273]"
2,centroid,1,243,Mytikas,Mytikas,"[""Mytikas"", ""Turbine"", ""Braga"", ""Triton"", ""Vega""]","[0.7220078110694885, 0.6088911294937134, 0.5576696395874023, 0.5393282175064087, 0.4790163040161133]"
2,centroid,1,244,Mytikas,Triton,"[""Triton"", ""Mytikas"", ""Trius"", ""Braga"", ""Gemini""]","[0.7368276119232178, 0.6958626508712769, 0.6572257280349731, 0.5969066023826599, 0.5305094718933105]"
2,centroid,1,245,Mytikas,Triton,"[""Triton"", ""Mytikas"", ""Trius"", ""Ilias"", ""Castor""]","[0.8692980408668518, 0.7520023584365845, 0.6148253679275513, 0.417062371969223, 0.3757536709308624]"
2,centroid,1,246,Mytikas,Mytikas,"[""Mytikas"", ""Triton"", ""Alcatras"", ""Castor"", ""Trius""]","[0.8605771064758301, 0.5534744262695312, 0.37162891030311584, 0.37088972330093384, 0.34022676944732666]"
2,centroid,1,247,Mytikas,Castor,"[""Castor"", ""Mytikas"", ""Alcatras"", ""Triton"", ""Alaris""]","[0.704078197479248, 0.6772233247756958, 0.5477089881896973, 0.5458211898803711, 0.48467665910720825]"
2,centroid,1,248,Mytikas,Mytikas,"[""Mytikas"", ""Triton"", ""Castor"", ""Alcatras"", ""Trius""]","[0.9210331439971924, 0.6547690629959106, 0.628620982170105, 0.6181186437606812, 0.5319375395774841]"
2,centroid,1,249,Mytikas,Mytikas,"[""Mytikas"", ""Triton"", ""Castor"", ""Alcatras"", ""Braga""]","[0.8089305758476257, 0.5737205147743225, 0.41253769397735596, 0.24076612293720245, 0.23114013671875]"
2,centroid,1,250,Mytikas,Mytikas,"[""Mytikas"", ""Alcatras"", ""Alaris"", ""Triton"", ""Turbine""]","[0.7171142101287842, 0.5591791272163391, 0.4090017080307007, 0.38775792717933655, 0.36092376708984375]"
2,centroid,1,251,Mytikas,Mytikas,"[""Mytikas"", ""Triton"", ""Castor"", ""Braga"", ""Trius""]","[0.8655075430870056, 0.7894147634506226, 0.6858893632888794, 0.6079357862472534, 0.5507755279541016]"
2,centroid,1,252,Mytikas,Vega,"[""Vega"", ""Nivalis"", ""Mytikas"", ""Gemini"", ""Ratikon""]","[0.4582333564758301, 0.4259079694747925, 0.38289111852645874, 0.26905232667922974, 0.20018884539604187]"
2,centroid,1,253,Mytikas,Trius,"[""Trius"", ""Mytikas"", ""Triton"", ""Braga"", ""Gemini""]","[0.6533166170120239, 0.4686943292617798, 0.41134265065193176, 0.3756510615348816, 0.34220457077026367]"
2,centroid,1,254,Mytikas,Mytikas,"[""Mytikas"", ""Hawk"", ""Vega"", ""Braga"", ""Turbine""]","[0.6140742301940918, 0.5815675854682922, 0.4903342127799988, 0.42291808128356934, 0.4102853238582611]"
2,centroid,1,255,Mytikas,Mytikas,"[""Mytikas"", ""Trius"", ""Triton"", ""Braga"", ""Castor""]","[0.7485765218734741, 0.6035536527633667, 0.4934847950935364, 0.48914748430252075, 0.4011327624320984]"
2,centroid,1,256,Mytikas,Mytikas,"[""Mytikas"", ""Alcatras"", ""Triton"", ""Braga"", ""Trius""]","[0.8495582342147827, 0.6655688285827637, 0.6158772110939026, 0.5547677874565125, 0.5149730443954468]"
2,centroid,1,257,Mytikas,Mytikas,"[""Mytikas"", ""Triton"", ""Castor"", ""Trius"", ""Alcatras""]","[0.8927009105682373, 0.8908085823059082, 0.6920436024665833, 0.5851094722747803, 0.5055299401283264]"
2,centroid,1,258,Mytikas,Mytikas,"[""Mytikas"", ""Triton"", ""Trius"", ""Alcatras"", ""Turbine""]","[0.9033616781234741, 0.7061361074447632, 0.5771398544311523, 0.5111953020095825, 0.510863184928894]"
2,centroid,1,259,Mytikas,Mytikas,"[""Mytikas"", ""Triton"", ""Castor"", ""Alcatras"", ""Braga""]","[0.8250628709793091, 0.729071855545044, 0.6759817004203796, 0.6563193202018738, 0.48115670680999756]"
2,centroid,1,260,Mytikas,Alaris,"[""Alaris"", ""Alcatras"", ""Mytikas"", ""Trius"", ""Triton""]","[0.7659540772438049, 0.7620519399642944, 0.6603547930717468, 0.5811564922332764, 0.49686694145202637]"
2,centroid,1,261,Mytikas,Trius,"[""Trius"", ""Triton"", ""Mytikas"", ""Gemini"", ""Vega""]","[0.7042374014854431, 0.5200652480125427, 0.5154234170913696, 0.49999943375587463, 0.473982572555542]"
2,centroid,1,262,Mytikas,Turbine,"[""Turbine"", ""Mytikas"", ""Triton"", ""Trius"", ""Vega""]","[0.6584992408752441, 0.647074818611145, 0.6184971332550049, 0.5686938166618347, 0.519260048866272]"
2,centroid,1,263,Mytikas,Mytikas,"[""Mytikas"", ""Triton"", ""Trius"", ""Alcatras"", ""Castor""]","[0.9052480459213257, 0.7996683120727539, 0.5478451251983643, 0.5018945932388306, 0.4799639582633972]"
2,centroid,1,264,Mytikas,Mytikas,"[""Mytikas"", ""Trius"", ""Alcatras"", ""Triton"", ""Castor""]","[0.7768585681915283, 0.743619441986084, 0.6693762540817261, 0.6681419014930725, 0.6643489599227905]"
2,centroid,1,265,Mytikas,Triton,"[""Triton"", ""Mytikas"", ""Braga"", ""Trius"", ""Castor""]","[0.671829879283905, 0.6533154845237732, 0.6469228267669678, 0.5974992513656616, 0.5148653984069824]"
2,centroid,1,266,Mytikas,Triton,"[""Triton"", ""Mytikas"", ""Trius"", ""Castor"", ""Braga""]","[0.8692290782928467, 0.8498588800430298, 0.6123365759849548, 0.4771641194820404, 0.4562665820121765]"
2,centroid,1,267,Mytikas,Turbine,"[""Turbine"", ""Trius"", ""Vega"", ""Mytikas"", ""Gemini""]","[0.4610205888748169, 0.4447917342185974, 0.43912455439567566, 0.405233234167099, 0.3078197240829468]"
2,centroid,1,268,Mytikas,Mytikas,"[""Mytikas"", ""Triton"", ""Braga"", ""Trius"", ""Castor""]","[0.8336069583892822, 0.6607662439346313, 0.4359953999519348, 0.4264429807662964, 0.42315882444381714]"
2,centroid,1,269,Mytikas,Castor,"[""Castor"", ""Mytikas"", ""Braga"", ""Alcatras"", ""Triton""]","[0.8447965383529663, 0.7608497738838196, 0.7415586709976196, 0.6784467697143555, 0.6742141246795654]"
2,centroid,1,270,Mytikas,Mytikas,"[""Mytikas"", ""Trius"", ""Triton"", ""Castor"", ""Braga""]","[0.8124034404754639, 0.5578362345695496, 0.5086398124694824, 0.3388574719429016, 0.3075098693370819]"
2,centroid,1,271,Nivalis,Nivalis,"[""Nivalis"", ""Ratikon"", ""Ilias"", ""Denom"", ""Vega""]","[0.7404540777206421, 0.665906548500061, 0.5351057052612305, 0.44381967186927795, 0.3162425458431244]"
2,centroid,1,272,Nivalis,Ratikon,"[""Ratikon"", ""Denom"", ""Nivalis"", ""Ilias"", ""Velorum""]","[0.8585339188575745, 0.8500657677650452, 0.8237277865409851, 0.7264996767044067, 0.5478185415267944]"
2,centroid,1,273,Nivalis,Nivalis,"[""Nivalis"", ""Denom"", ""Ratikon"", ""Ilias"", ""Velorum""]","[0.9105032682418823, 0.773812472820282, 0.7482327222824097, 0.6956609487533569, 0.5582985877990723]"
2,centroid,1,274,Nivalis,Nivalis,"[""Nivalis"", ""Denom"", ""Ratikon"", ""Ilias"", ""Velorum""]","[0.773456871509552, 0.7581417560577393, 0.6779968738555908, 0.5533164143562317, 0.5168521404266357]"
2,centroid,1,275,Nivalis,Nivalis,"[""Nivalis"", ""Velorum"", ""Ilias"", ""Denom"", ""Xtreme""]","[0.6161954998970032, 0.5016168355941772, 0.485383540391922, 0.4026121199131012, 0.38494688272476196]"
2,centroid,1,276,Nivalis,Velorum,"[""Velorum"", ""Nivalis"", ""Ilias"", ""Ratikon"", ""Denom""]","[0.7287638783454895, 0.7027590870857239, 0.6617201566696167, 0.5286955833435059, 0.38743412494659424]"
2,centroid,1,277,Nivalis,Nivalis,"[""Nivalis"", ""Ilias"", ""Ratikon"", ""Denom"", ""Velorum""]","[0.8798270225524902, 0.6679412126541138, 0.661436140537262, 0.5279520750045776, 0.5177713632583618]"
2,centroid,1,278,Nivalis,Nivalis,"[""Nivalis"", ""Velorum"", ""Denom"", ""Ilias"", ""Ratikon""]","[0.8105142712593079, 0.645362377166748, 0.5998600125312805, 0.47869613766670227, 0.4465399980545044]"
2,centroid,1,279,Nivalis,Nivalis,"[""Nivalis"", ""Ratikon"", ""Denom"", ""Ilias"", ""Vega""]","[0.7503046989440918, 0.5596579909324646, 0.4074140787124634, 0.31685692071914673, 0.31597596406936646]"
2,centroid,1,280,Nivalis,Nivalis,"[""Nivalis"", ""Ratikon"", ""Denom"", ""Ilias"", ""Velorum""]","[0.8889907598495483, 0.738358736038208, 0.6593004465103149, 0.5824052691459656, 0.370775043964386]"
2,centroid,1,281,Nivalis,Ratikon,"[""Ratikon"", ""Denom"", ""Ilias"", ""Nivalis"", ""Velorum""]","[0.9000462293624878, 0.8921566009521484, 0.8645386695861816, 0.8255119323730469, 0.5343530178070068]"
2,centroid,1,282,Nivalis,Nivalis,"[""Nivalis"", ""Denom"", ""Ilias"", ""Ratikon"", ""Velorum""]","[0.859783411026001, 0.6947129964828491, 0.5330191850662231, 0.510098934173584, 0.47210246324539185]"
2,centroid,1,283,Nivalis,Nivalis,"[""Nivalis"", ""Ilias"", ""Denom"", ""Ratikon"", ""Velorum""]","[0.8233559131622314, 0.6615126132965088, 0.656423807144165, 0.6444304585456848, 0.5130656957626343]"
2,centroid,1,284,Nivalis,Nivalis,"[""Nivalis"", ""Denom"", ""Velorum"", ""Ilias"", ""Ratikon""]","[0.7587050199508667, 0.6835505962371826, 0.6814310550689697, 0.5301992893218994, 0.4049853980541229]"
2,centroid,1,285,Nivalis,Denom,"[""Denom"", ""Ratikon"", ""Nivalis"", ""Ilias"", ""Velorum""]","[0.9358081817626953, 0.8470362424850464, 0.8451159000396729, 0.6962459087371826, 0.3433700203895569]"
2,centroid,1,286,Nivalis,Nivalis,"[""Nivalis"", ""Ratikon"", ""Denom"", ""Ilias"", ""Velorum""]","[0.9035552740097046, 0.6421681642532349, 0.615280032157898, 0.5570954084396362, 0.3808424174785614]"
2,centroid,1,287,Nivalis,Nivalis,"[""Nivalis"", ""Ratikon"", ""Denom"", ""Ilias"", ""Vega""]","[0.7578983902931213, 0.4886510670185089, 0.4565816819667816, 0.26230567693710327, 0.21116463840007782]"
2,centroid,1,288,Nivalis,Nivalis,"[""Nivalis"", ""Denom"", ""Ratikon"", ""Ilias"", ""Velorum""]","[0.8997074365615845, 0.6862748861312866, 0.6420760750770569, 0.47919875383377075, 0.46265774965286255]"
2,centroid,1,289,Nivalis,Nivalis,"[""Nivalis"", ""Velorum"", ""Ilias"", ""Denom"", ""Ratikon""]","[0.7778640985488892, 0.5923030972480774, 0.5437865257263184, 0.38453149795532227, 0.384013295173645]"
2,centroid,1,290,Nivalis,Ratikon,"[""Ratikon"", ""Denom"", ""Ilias"", ""Nivalis"", ""Velorum""]","[0.8968019485473633, 0.8905082941055298, 0.7526050806045532, 0.7440354824066162, 0.34050214290618896]"
2,centroid,1,291,Nivalis,Ratikon,"[""Ratikon"", ""Denom"", ""Ilias"", ""Velorum"", ""Nivalis""]","[0.7134087085723877, 0.6668813228607178, 0.6177009344100952, 0.5739108324050903, 0.5562654137611389]"
2,centroid,1,292,Nivalis,Nivalis,"[""Nivalis"", ""Velorum"", ""Denom"", ""Ilias"", ""Ratikon""]","[0.7783154249191284, 0.7019652128219604, 0.4322963356971741, 0.4315679669380188, 0.3277631402015686]"
2,centroid,1,293,Ratikon,Ratikon,"[""Ratikon"", ""Ilias"", ""Denom"", ""Nivalis"", ""Velorum""]","[0.9218496084213257, 0.7778251767158508, 0.6724393367767334, 0.6481065154075623, 0.3775841295719147]"
2,centroid,1,294,Ratikon,Ratikon,"[""Ratikon"", ""Denom"", ""Nivalis"", ""Ilias"", ""Velorum""]","[0.9039918184280396, 0.8081588745117188, 0.738326907157898, 0.6445647478103638, 0.2655397057533264]"
2,centroid,1,295,Ratikon,Ratikon,"[""Ratikon"", ""Denom"", ""Ilias"", ""Nivalis"", ""Velorum""]","[0.9327566027641296, 0.8396956324577332, 0.7813857793807983, 0.720989465713501, 0.22820982336997986]"
2,centroid,1,296,Ratikon,Ratikon,"[""Ratikon"", ""Denom"", ""Nivalis"", ""Ilias"", ""Vega""]","[0.7493999004364014, 0.6930716633796692, 0.6696603298187256, 0.5995446443557739, 0.32202500104904175]"
2,centroid,1,297,Ratikon,Ratikon,"[""Ratikon"", ""Denom"", ""Ilias"", ""Nivalis"", ""Velorum""]","[0.9433184266090393, 0.8018311262130737, 0.7275609970092773, 0.6476297378540039, 0.3316478729248047]"
2,centroid,1,298,Ratikon,Ratikon,"[""Ratikon"", ""Denom"", ""Nivalis"", ""Ilias"", ""Velorum""]","[0.8746144771575928, 0.8530076146125793, 0.7886396646499634, 0.6449189782142639, 0.25333866477012634]"
2,centroid,1,299,Ratikon,Ratikon,"[""Ratikon"", ""Denom"", ""Nivalis"", ""Ilias"", ""Velorum""]","[0.9546958208084106, 0.8065705299377441, 0.71317458152771, 0.7106470465660095, 0.32423681020736694]"
2,centroid,1,300,Ratikon,Ratikon,"[""Ratikon"", ""Denom"", ""Nivalis"", ""Ilias"", ""Velorum""]","[0.8543777465820312, 0.8509088754653931, 0.7463746070861816, 0.6762270927429199, 0.4551484286785126]"
2,centroid,1,301,Ratikon,Nivalis,"[""Nivalis"", ""Gemini"", ""Denom"", ""Trius"", ""Velorum""]","[0.4149205982685089, 0.4096464514732361, 0.3872942328453064, 0.28968876600265503, 0.2826319932937622]"
2,centroid,1,302,Ratikon,Denom,"[""Denom"", ""Ratikon"", ""Nivalis"", ""Ilias"", ""Velorum""]","[0.8719769716262817, 0.7675696611404419, 0.6903675198554993, 0.6543413400650024, 0.42414769530296326]"
2,centroid,1,303,Ratikon,Ratikon,"[""Ratikon"", ""Ilias"", ""Denom"", ""Nivalis"", ""Velorum""]","[0.8581172227859497, 0.8229992389678955, 0.8071604371070862, 0.7407580018043518, 0.3080189526081085]"
2,centroid,1,304,Ratikon,Ratikon,"[""Ratikon"", ""Nivalis"", ""Denom"", ""Ilias"", ""Velorum""]","[0.9224826097488403, 0.7734485864639282, 0.7576272487640381, 0.6864970922470093, 0.4223313331604004]"
2,centroid,1,305,Ratikon,Ratikon,"[""Ratikon"", ""Denom"", ""Nivalis"", ""Ilias"", ""Trius""]","[0.8725383281707764, 0.7272182703018188, 0.6763123869895935, 0.6504355669021606, 0.19497650861740112]"
2,centroid,1,306,Ratikon,Ratikon,"[""Ratikon"", ""Ilias"", ""Denom"", ""Nivalis"", ""Velorum""]","[0.9042094349861145, 0.8392730951309204, 0.7753380537033081, 0.7438212633132935, 0.6055060625076294]"
2,centroid,1,307,Ratikon,Ratikon,"[""Ratikon"", ""Ilias"", ""Denom"", ""Nivalis"", ""Velorum""]","[0.9148175716400146, 0.7426788806915283, 0.7182538509368896, 0.5989807844161987, 0.323655903339386]"
2,centroid,1,308,Ratikon,Ratikon,"[""Ratikon"", ""Denom"", ""Nivalis"", ""Ilias"", ""Velorum""]","[0.8969838619232178, 0.8723721504211426, 0.716576099395752, 0.577103853225708, 0.1739886999130249]"
2,centroid,1,309,Ratikon,Ratikon,"[""Ratikon"", ""Ilias"", ""Velorum"", ""Denom"", ""Nivalis""]","[0.8313266038894653, 0.7956140637397766, 0.681578516960144, 0.6727190017700195, 0.6627122163772583]"
2,centroid,1,310,Ratikon,Ratikon,"[""Ratikon"", ""Denom"", ""Ilias"", ""Nivalis"", ""Velorum""]","[0.9502809047698975, 0.8372377753257751, 0.7938004732131958, 0.7689751386642456, 0.3304575979709625]"
2,centroid,1,311,Ratikon,Ratikon,"[""Ratikon"", ""Denom"", ""Nivalis"", ""Ilias"", ""Velorum""]","[0.9366146922111511, 0.8443644046783447, 0.7740435600280762, 0.6772485375404358, 0.27049559354782104]"
2,centroid,1,312,Ratikon,Ratikon,"[""Ratikon"", ""Denom"", ""Ilias"", ""Nivalis"", ""Velorum""]","[0.9786220788955688, 0.7678836584091187, 0.7192779779434204, 0.6855823993682861, 0.2658374607563019]"
2,centroid,1,313,Ratikon,Ratikon,"[""Ratikon"", ""Ilias"", ""Denom"", ""Nivalis"", ""Velorum""]","[0.8966497182846069, 0.8122603893280029, 0.6539033651351929, 0.5532547235488892, 0.4285315275192261]"
2,centroid,1,314,Ratikon,Ratikon,"[""Ratikon"", ""Ilias"", ""Nivalis"", ""Denom"", ""Velorum""]","[0.88858562707901, 0.7784858345985413, 0.7207468152046204, 0.6929402351379395, 0.2728254199028015]"
2,centroid,1,315,Ratikon,Ratikon,"[""Ratikon"", ""Denom"", ""Ilias"", ""Nivalis"", ""Velorum""]","[0.7951666116714478, 0.7505520582199097, 0.66826331615448, 0.5580295920372009, 0.35354912281036377]"
2,centroid,1,316,Ratikon,Ilias,"[""Ilias"", ""Ratikon"", ""Denom"", ""Nivalis"", ""Velorum""]","[0.8483068943023682, 0.7840834856033325, 0.7538028955459595, 0.6046229600906372, 0.558009922504425]"
2,centroid,1,317,Ratikon,Denom,"[""Denom"", ""Ratikon"", ""Nivalis"", ""Ilias"", ""Velorum""]","[0.8952721953392029, 0.7773247957229614, 0.6808089017868042, 0.5505167841911316, 0.4221080243587494]"
2,centroid,1,318,Ratikon,Ratikon,"[""Ratikon"", ""Ilias"", ""Nivalis"", ""Denom"", ""Alaris""]","[0.8803026080131531, 0.6537443399429321, 0.5482210516929626, 0.5134474039077759, 0.1587095558643341]"
2,centroid,1,319,Ratikon,Ratikon,"[""Ratikon"", ""Nivalis"", ""Denom"", ""Ilias"", ""Velorum""]","[0.8784012794494629, 0.8600846529006958, 0.7620291709899902, 0.627266526222229, 0.35021868348121643]"
2,centroid,1,320,Ratikon,Ratikon,"[""Ratikon"", ""Nivalis"", ""Denom"", ""Ilias"", ""Velorum""]","[0.9357810020446777, 0.8741575479507446, 0.8581284284591675, 0.7122020721435547, 0.3628668785095215]"
2,centroid,1,321,Steel_Wheel,Steel_Wheel,"[""Steel_Wheel"", ""Denom"", ""Xtreme"", ""Nivalis"", ""Velorum""]","[0.9717838764190674, 0.025489619001746178, 0.018024686723947525, -0.00033777952194213867, -0.025270316749811172]"
2,centroid,1,322,Steel_Wheel,Steel_Wheel,"[""Steel_Wheel"", ""Hawk"", ""Xtreme"", ""Nivalis"", ""Alcatras""]","[0.9626088738441467, -0.005516648292541504, -0.03024342656135559, -0.04602685198187828, -0.06611113250255585]"
2,centroid,1,323,Steel_Wheel,Steel_Wheel,"[""Steel_Wheel"", ""Alcatras"", ""Xtreme"", ""Castor"", ""Alaris""]","[0.9554089903831482, 0.028663139790296555, -0.019985884428024292, -0.036372214555740356, -0.04104660823941231]"
2,centroid,1,324,Steel_Wheel,Steel_Wheel,"[""Steel_Wheel"", ""Xtreme"", ""Velorum"", ""Nivalis"", ""Castor""]","[0.9656078815460205, 0.05464598536491394, -0.03773718327283859, -0.05332128331065178, -0.05589611828327179]"
2,centroid,1,325,Steel_Wheel,Steel_Wheel,"[""Steel_Wheel"", ""Velorum"", ""Denom"", ""Nivalis"", ""Xtreme""]","[0.8474948406219482, 0.22577103972434998, 0.1276058852672577, 0.1121816635131836, 0.06352364271879196]"
2,centroid,1,326,Steel_Wheel,Steel_Wheel,"[""Steel_Wheel"", ""Nivalis"", ""Velorum"", ""Xtreme"", ""Turbine""]","[0.94609534740448, 0.07766758650541306, -0.006596274673938751, -0.02093205228447914, -0.053044430911540985]"
2,centroid,1,327,Steel_Wheel,Steel_Wheel,"[""Steel_Wheel"", ""Denom"", ""Xtreme"", ""Nivalis"", ""Hawk""]","[0.9086869955062866, 0.04873201996088028, 0.02012675255537033, 0.0186287984251976, -0.05520617589354515]"
2,centroid,1,328,Steel_Wheel,Steel_Wheel,"[""Steel_Wheel"", ""Denom"", ""Velorum"", ""Nivalis"", ""Xtreme""]","[0.9449453353881836, 0.10523900389671326, 0.10202136635780334, 0.06415699422359467, 0.034003470093011856]"
2,centroid,1,329,Steel_Wheel,Steel_Wheel,"[""Steel_Wheel"", ""Xtreme"", ""Alcatras"", ""Castor"", ""Nivalis""]","[0.9526148438453674, -0.004632145166397095, -0.0340823158621788, -0.04994766786694527, -0.06835693120956421]"
2,centroid,1,330,Steel_Wheel,Steel_Wheel,"[""Steel_Wheel"", ""Nivalis"", ""Velorum"", ""Denom"", ""Mytikas""]","[0.9639366865158081, 0.020882684737443924, -0.010416680946946144, -0.016454748809337616, -0.028889786452054977]"
2,centroid,1,331,Steel_Wheel,Steel_Wheel,"[""Steel_Wheel"", ""Xtreme"", ""Denom"", ""Nivalis"", ""Velorum""]","[0.921502947807312, 0.14028751850128174, 0.10830448567867279, 0.02370794489979744, 0.009807765483856201]"
2,centroid,1,332,Steel_Wheel,Steel_Wheel,"[""Steel_Wheel"", ""Nivalis"", ""Xtreme"", ""Velorum"", ""Denom""]","[0.9608386754989624, 0.0508304126560688, 0.0335211418569088, -0.011473150923848152, -0.04782996326684952]"
2,centroid,1,333,Steel_Wheel,Steel_Wheel,"[""Steel_Wheel"", ""Nivalis"", ""Denom"", ""Ratikon"", ""Xtreme""]","[0.9191534519195557, 0.17944903671741486, 0.06513046473264694, 0.040016233921051025, -0.04166392982006073]"
2,centroid,1,334,Steel_Wheel,Steel_Wheel,"[""Steel_Wheel"", ""Xtreme"", ""Nivalis"", ""Castor"", ""Velorum""]","[0.9745832085609436, 0.07747045159339905, -0.0397367924451828, -0.05086880922317505, -0.09032173454761505]"
2,centroid,1,335,Steel_Wheel,Steel_Wheel,"[""Steel_Wheel"", ""Nivalis"", ""Velorum"", ""Denom"", ""Xtreme""]","[0.97581946849823, 0.012427359819412231, -0.03199872002005577, -0.0513518787920475, -0.051737695932388306]"
2,centroid,1,336,Steel_Wheel,Steel_Wheel,"[""Steel_Wheel"", ""Nivalis"", ""Denom"", ""Xtreme"", ""Velorum""]","[0.9763949513435364, 0.024844147264957428, 0.0222737155854702, 0.0033147521317005157, -0.023652831092476845]"
2,centroid,1,337,Steel_Wheel,Steel_Wheel,"[""Steel_Wheel"", ""Nivalis"", ""Denom"", ""Velorum"", ""Ratikon""]","[0.9593578577041626, 0.11581644415855408, 0.06189441308379173, 0.03770522028207779, 0.01560390368103981]"
2,centroid,1,338,Steel_Wheel,Steel_Wheel,"[""Steel_Wheel"", ""Mytikas"", ""Castor"", ""Alcatras"", ""Xtreme""]","[0.9155118465423584, 0.13237342238426208, 0.1048649251461029, 0.062016673386096954, 0.041382018476724625]"
2,centroid,1,339,Steel_Wheel,Steel_Wheel,"[""Steel_Wheel"", ""Xtreme"", ""Alcatras"", ""Mytikas"", ""Castor""]","[0.9611845016479492, 0.022916719317436218, -0.002248145639896393, -0.008318163454532623, -0.02323472872376442]"
2,centroid,1,340,Steel_Wheel,Steel_Wheel,"[""Steel_Wheel"", ""Denom"", ""Velorum"", ""Nivalis"", ""Xtreme""]","[0.9699066281318665, 0.0809074193239212, 0.052602000534534454, 0.048738885670900345, 0.04521273076534271]"
2,centroid,1,341,Steel_Wheel,Steel_Wheel,"[""Steel_Wheel"", ""Xtreme"", ""Velorum"", ""Nivalis"", ""Denom""]","[0.9539366960525513, 0.10118060559034348, 0.0847046822309494, 0.06755463033914566, -0.021178334951400757]"
2,centroid,1,342,Steel_Wheel,Steel_Wheel,"[""Steel_Wheel"", ""Xtreme"", ""Nivalis"", ""Hawk"", ""Denom""]","[0.9422647953033447, 0.14794309437274933, 0.048659056425094604, -0.07265389710664749, -0.08858175575733185]"
2,centroid,1,343,Steel_Wheel,Steel_Wheel,"[""Steel_Wheel"", ""Nivalis"", ""Velorum"", ""Xtreme"", ""Denom""]","[0.9532592296600342, 0.09903233498334885, 0.03376219421625137, -0.0015968531370162964, -0.008275868371129036]"
2,centroid,1,344,Steel_Wheel,Steel_Wheel,"[""Steel_Wheel"", ""Castor"", ""Alcatras"", ""Alaris"", ""Hawk""]","[0.913544774055481, 0.039037883281707764, 0.019555440172553062, 0.013442903757095337, 0.0031499601900577545]"
2,centroid,1,345,Steel_Wheel,Steel_Wheel,"[""Steel_Wheel"", ""Xtreme"", ""Velorum"", ""Nivalis"", ""Denom""]","[0.9843465685844421, 0.023414216935634613, 0.018552906811237335, 0.015486272051930428, -0.06288756430149078]"
2,centroid,1,346,Steel_Wheel,Steel_Wheel,"[""Steel_Wheel"", ""Hawk"", ""Nivalis"", ""Velorum"", ""Denom""]","[0.9472445249557495, 0.010120358318090439, 0.0009558945894241333, -0.008178254589438438, -0.02283240482211113]"
2,centroid,1,347,Steel_Wheel,Steel_Wheel,"[""Steel_Wheel"", ""Nivalis"", ""Xtreme"", ""Turbine"", ""Castor""]","[0.9288977384567261, -0.004612550139427185, -0.018778860569000244, -0.029800113290548325, -0.08579722046852112]"
2,centroid,1,348,Steel_Wheel,Steel_Wheel,"[""Steel_Wheel"", ""Xtreme"", ""Castor"", ""Alcatras"", ""Mytikas""]","[0.9642361402511597, -0.018547967076301575, -0.0210148636251688, -0.0667983740568161, -0.09298723191022873]"
2,centroid,1,349,Steel_Wheel,Steel_Wheel,"[""Steel_Wheel"", ""Nivalis"", ""Xtreme"", ""Turbine"", ""Ratikon""]","[0.9425759315490723, 0.010993175208568573, -0.012108927592635155, -0.05905742943286896, -0.0722687616944313]"
2,centroid,1,350,Steel_Wheel,Steel_Wheel,"[""Steel_Wheel"", ""Denom"", ""Alaris"", ""Nivalis"", ""Ratikon""]","[0.9160541296005249, 0.08859636634588242, -0.03283058479428291, -0.051334794610738754, -0.07653327286243439]"
2,centroid,1,351,Steel_Wheel,Steel_Wheel,"[""Steel_Wheel"", ""Velorum"", ""Nivalis"", ""Denom"", ""Xtreme""]","[0.9672827124595642, 0.019280819222331047, -0.008459383621811867, -0.04060970991849899, -0.043439026921987534]"
2,centroid,1,352,Steel_Wheel,Steel_Wheel,"[""Steel_Wheel"", ""Ratikon"", ""Denom"", ""Nivalis"", ""Alaris""]","[0.9150409698486328, 0.05802065134048462, 0.03872840851545334, -0.0042616575956344604, -0.03471776843070984]"
2,centroid,1,353,Steel_Wheel,Steel_Wheel,"[""Steel_Wheel"", ""Xtreme"", ""Nivalis"", ""Denom"", ""Velorum""]","[0.9584621787071228, 0.11536305397748947, 0.02904624119400978, 0.0040763746947050095, -0.015266291797161102]"
2,centroid,1,354,Steel_Wheel,Steel_Wheel,"[""Steel_Wheel"", ""Velorum"", ""Denom"", ""Ratikon"", ""Ilias""]","[0.8169535994529724, 0.14314088225364685, 0.14199766516685486, -0.03865673393011093, -0.05930829048156738]"
2,centroid,1,355,Steel_Wheel,Steel_Wheel,"[""Steel_Wheel"", ""Xtreme"", ""Castor"", ""Hawk"", ""Mytikas""]","[0.9405045509338379, 0.17280259728431702, -0.0656203031539917, -0.08176707476377487, -0.0944165587425232]"
2,centroid,1,356,Triton,Triton,"[""Triton"", ""Trius"", ""Braga"", ""Mytikas"", ""Castor""]","[0.9110510349273682, 0.8121935725212097, 0.699975311756134, 0.6614677309989929, 0.4007452726364136]"
2,centroid,1,357,Triton,Triton,"[""Triton"", ""Trius"", ""Mytikas"", ""Braga"", ""Alcatras""]","[0.9118359088897705, 0.7453250885009766, 0.7409186959266663, 0.5929210782051086, 0.4513428211212158]"
2,centroid,1,358,Triton,Triton,"[""Triton"", ""Trius"", ""Mytikas"", ""Velorum"", ""Castor""]","[0.8532708287239075, 0.671221911907196, 0.6654981374740601, 0.44193437695503235, 0.423827588558197]"
2,centroid,1,359,Triton,Triton,"[""Triton"", ""Mytikas"", ""Castor"", ""Trius"", ""Turbine""]","[0.750652551651001, 0.6864060759544373, 0.6767659187316895, 0.504197359085083, 0.49172157049179077]"
2,centroid,1,360,Triton,Trius,"[""Trius"", ""Triton"", ""Braga"", ""Mytikas"", ""Velorum""]","[0.7612189650535583, 0.7209672927856445, 0.41277971863746643, 0.37448686361312866, 0.3443281650543213]"
2,centroid,1,361,Triton,Triton,"[""Triton"", ""Mytikas"", ""Castor"", ""Trius"", ""Braga""]","[0.8847135305404663, 0.7037496566772461, 0.6680669784545898, 0.6390860080718994, 0.5960590839385986]"
2,centroid,1,362,Triton,Triton,"[""Triton"", ""Mytikas"", ""Trius"", ""Braga"", ""Castor""]","[0.7004633545875549, 0.6669403314590454, 0.6456189155578613, 0.4758882224559784, 0.4756597876548767]"
2,centroid,1,363,Triton,Trius,"[""Trius"", ""Alcatras"", ""Triton"", ""Mytikas"", ""Alaris""]","[0.700789213180542, 0.6477813124656677, 0.6468356847763062, 0.6102785468101501, 0.5748314261436462]"
2,centroid,1,364,Triton,Triton,"[""Triton"", ""Trius"", ""Mytikas"", ""Braga"", ""Castor""]","[0.9168353080749512, 0.730351448059082, 0.6982187032699585, 0.5900999307632446, 0.5509141683578491]"
2,centroid,1,365,Triton,Triton,"[""Triton"", ""Mytikas"", ""Trius"", ""Braga"", ""Castor""]","[0.9484912157058716, 0.8497257828712463, 0.7263897061347961, 0.5739328861236572, 0.5046124458312988]"
2,centroid,1,366,Triton,Triton,"[""Triton"", ""Trius"", ""Mytikas"", ""Braga"", ""Castor""]","[0.8894988298416138, 0.7821924686431885, 0.6961742639541626, 0.681369423866272, 0.57492995262146]"
2,centroid,1,367,Triton,Trius,"[""Trius"", ""Triton"", ""Mytikas"", ""Braga"", ""Castor""]","[0.8704749941825867, 0.8425781726837158, 0.6551002264022827, 0.5332303047180176, 0.5250517129898071]"
2,centroid,1,368,Triton,Mytikas,"[""Mytikas"", ""Alcatras"", ""Braga"", ""Triton"", ""Trius""]","[0.7716765403747559, 0.7312169075012207, 0.7245903611183167, 0.7202004790306091, 0.6394273042678833]"
2,centroid,1,369,Triton,Triton,"[""Triton"", ""Mytikas"", ""Castor"", ""Braga"", ""Turbine""]","[0.8239720463752747, 0.7766205072402954, 0.6330797076225281, 0.6205381155014038, 0.5324370861053467]"
2,centroid,1,370,Triton,Triton,"[""Triton"", ""Mytikas"", ""Castor"", ""Trius"", ""Braga""]","[0.8283833861351013, 0.7320989370346069, 0.7009814977645874, 0.63878333568573, 0.5803927183151245]"
2,centroid,1,371,Triton,Triton,"[""Triton"", ""Mytikas"", ""Trius"", ""Castor"", ""Braga""]","[0.8789396286010742, 0.6696610450744629, 0.5871568918228149, 0.40681588649749756, 0.38462620973587036]"
2,centroid,1,372,Triton,Triton,"[""Triton"", ""Mytikas"", ""Castor"", ""Braga"", ""Trius""]","[0.8975273966789246, 0.8372750282287598, 0.7660659551620483, 0.731421947479248, 0.7058663368225098]"
2,centroid,1,373,Triton,Triton,"[""Triton"", ""Trius"", ""Mytikas"", ""Braga"", ""Castor""]","[0.8587934970855713, 0.6795371770858765, 0.5859988927841187, 0.549445390701294, 0.4775749742984772]"
2,centroid,1,374,Triton,Trius,"[""Trius"", ""Gemini"", ""Vega"", ""Alaris"", ""Braga""]","[0.7062903642654419, 0.6299632787704468, 0.5846596956253052, 0.43713071942329407, 0.43373531103134155]"
2,centroid,1,375,Triton,Triton,"[""Triton"", ""Trius"", ""Mytikas"", ""Braga"", ""Castor""]","[0.8854182362556458, 0.8751907348632812, 0.6715013384819031, 0.6018839478492737, 0.5070344805717468]"
2,centroid,1,376,Triton,Triton,"[""Triton"", ""Mytikas"", ""Trius"", ""Braga"", ""Castor""]","[0.8567733764648438, 0.7779858708381653, 0.6694881319999695, 0.5000839829444885, 0.49334293603897095]"
2,centroid,1,377,Triton,Triton,"[""Triton"", ""Trius"", ""Mytikas"", ""Braga"", ""Castor""]","[0.912179172039032, 0.7372277975082397, 0.6540416479110718, 0.5705132484436035, 0.530256986618042]"
2,centroid,1,378,Triton,Mytikas,"[""Mytikas"", ""Trius"", ""Velorum"", ""Nivalis"", ""Gemini""]","[0.39274269342422485, 0.36999234557151794, 0.3607761263847351, 0.35545647144317627, 0.3039422333240509]"
2,centroid,1,379,Triton,Triton,"[""Triton"", ""Mytikas"", ""Trius"", ""Braga"", ""Castor""]","[0.8884661197662354, 0.6645431518554688, 0.6283776760101318, 0.5017644166946411, 0.4417426288127899]"
2,centroid,1,380,Triton,Triton,"[""Triton"", ""Mytikas"", ""Castor"", ""Trius"", ""Braga""]","[0.9185096025466919, 0.7667130827903748, 0.7289575338363647, 0.6644703149795532, 0.5354335308074951]"
2,centroid,1,381,Triton,Triton,"[""Triton"", ""Mytikas"", ""Trius"", ""Castor"", ""Braga""]","[0.881790041923523, 0.7476979494094849, 0.6668480634689331, 0.6438711881637573, 0.5233916640281677]"
2,centroid,1,382,Triton,Triton,"[""Triton"", ""Mytikas"", ""Trius"", ""Castor"", ""Braga""]","[0.8942154049873352, 0.7582155466079712, 0.7122287750244141, 0.46774905920028687, 0.45589274168014526]"
2,centroid,1,383,Triton,Triton,"[""Triton"", ""Trius"", ""Mytikas"", ""Braga"", ""Alcatras""]","[0.7697978615760803, 0.7250778675079346, 0.5636308193206787, 0.5582458972930908, 0.4908331632614136]"
2,centroid,1,384,Triton,Triton,"[""Triton"", ""Trius"", ""Mytikas"", ""Braga"", ""Castor""]","[0.9270810484886169, 0.7806580066680908, 0.6464227437973022, 0.5004835724830627, 0.4896552860736847]"
2,centroid,1,385,Triton,Triton,"[""Triton"", ""Trius"", ""Mytikas"", ""Ilias"", ""Ratikon""]","[0.8022276759147644, 0.6996656060218811, 0.6189553737640381, 0.45557141304016113, 0.31920337677001953]"
2,centroid,1,386,Triton,Triton,"[""Triton"", ""Mytikas"", ""Braga"", ""Trius"", ""Castor""]","[0.896898627281189, 0.7098512649536133, 0.583582878112793, 0.5556204319000244, 0.5209616422653198]"
2,centroid,1,387,Triton,Triton,"[""Triton"", ""Trius"", ""Mytikas"", ""Braga"", ""Castor""]","[0.9117764234542847, 0.7566391229629517, 0.7080072164535522, 0.5644023418426514, 0.33749333024024963]"
2,centroid,1,388,Triton,Trius,"[""Trius"", ""Mytikas"", ""Triton"", ""Gemini"", ""Steel_Wheel""]","[0.5123900175094604, 0.5074025392532349, 0.3098936378955841, 0.3061864674091339, 0.2546691298484802]"
2,centroid,1,389,Triton,Triton,"[""Triton"", ""Trius"", ""Mytikas"", ""Braga"", ""Castor""]","[0.9258890748023987, 0.8122476935386658, 0.7598478198051453, 0.7150395512580872, 0.5480077266693115]"
2,centroid,1,390,Triton,Triton,"[""Triton"", ""Trius"", ""Mytikas"", ""Braga"", ""Ilias""]","[0.9115872383117676, 0.7241424322128296, 0.6496922969818115, 0.4384573698043823, 0.41616910696029663]"
2,centroid,1,391,Triton,Triton,"[""Triton"", ""Braga"", ""Mytikas"", ""Trius"", ""Castor""]","[0.9136373400688171, 0.7378156185150146, 0.655800461769104, 0.6261715888977051, 0.5649805068969727]"
2,centroid,1,392,Triton,Triton,"[""Triton"", ""Trius"", ""Braga"", ""Mytikas"", ""Castor""]","[0.8314164280891418, 0.7997868061065674, 0.6592848896980286, 0.5483891367912292, 0.5355255603790283]"
2,centroid,1,393,Triton,Triton,"[""Triton"", ""Mytikas"", ""Trius"", ""Castor"", ""Ilias""]","[0.8609859943389893, 0.609058678150177, 0.5034048557281494, 0.440413236618042, 0.42243316769599915]"
2,centroid,1,394,Triton,Castor,"[""Castor"", ""Braga"", ""Mytikas"", ""Triton"", ""Alcatras""]","[0.7728435397148132, 0.7018020153045654, 0.6331465244293213, 0.5824265480041504, 0.534665048122406]"
2,centroid,1,395,Triton,Triton,"[""Triton"", ""Mytikas"", ""Braga"", ""Trius"", ""Gemini""]","[0.7855244874954224, 0.6490102410316467, 0.5759881734848022, 0.5579335689544678, 0.44203683733940125]"
2,centroid,1,396,Triton,Triton,"[""Triton"", ""Castor"", ""Trius"", ""Mytikas"", ""Braga""]","[0.8342641592025757, 0.7224858403205872, 0.6369906663894653, 0.6216795444488525, 0.457945317029953]"
2,centroid,1,397,Triton,Triton,"[""Triton"", ""Trius"", ""Mytikas"", ""Braga"", ""Gemini""]","[0.8261217474937439, 0.7671573162078857, 0.5848735570907593, 0.5701234340667725, 0.45612967014312744]"
2,centroid,1,398,Triton,Triton,"[""Triton"", ""Mytikas"", ""Trius"", ""Braga"", ""Castor""]","[0.9431253671646118, 0.7287007570266724, 0.6688218116760254, 0.6092962622642517, 0.522823691368103]"
2,centroid,1,399,Triton,Triton,"[""Triton"", ""Mytikas"", ""Castor"", ""Trius"", ""Braga""]","[0.8252954483032227, 0.6320546865463257, 0.5838376879692078, 0.5207265615463257, 0.5059096217155457]"
2,centroid,1,400,Triton,Mytikas,"[""Mytikas"", ""Triton"", ""Castor"", ""Alcatras"", ""Braga""]","[0.7053303718566895, 0.6710664629936218, 0.6700217723846436, 0.6694930791854858, 0.5442237854003906]"
2,centroid,1,401,Triton,Triton,"[""Triton"", ""Mytikas"", ""Trius"", ""Castor"", ""Braga""]","[0.8299165964126587, 0.7536993026733398, 0.7082685828208923, 0.5496697425842285, 0.5089418888092041]"
2,centroid,1,402,Triton,Triton,"[""Triton"", ""Castor"", ""Trius"", ""Mytikas"", ""Braga""]","[0.7414941787719727, 0.6578829884529114, 0.6466301083564758, 0.5983906984329224, 0.5554012656211853]"
2,centroid,1,403,Triton,Triton,"[""Triton"", ""Trius"", ""Mytikas"", ""Braga"", ""Castor""]","[0.9553191065788269, 0.7406174540519714, 0.7337629795074463, 0.5758063793182373, 0.5170274972915649]"
2,centroid,1,404,Triton,Triton,"[""Triton"", ""Trius"", ""Braga"", ""Mytikas"", ""Castor""]","[0.9060165286064148, 0.7162520885467529, 0.6363520622253418, 0.6288641691207886, 0.4846253991127014]"
2,centroid,1,405,Triton,Triton,"[""Triton"", ""Castor"", ""Mytikas"", ""Trius"", ""Braga""]","[0.7791006565093994, 0.627204179763794, 0.6068540215492249, 0.5631669163703918, 0.4403069019317627]"
2,centroid,1,406,Triton,Triton,"[""Triton"", ""Mytikas"", ""Trius"", ""Castor"", ""Braga""]","[0.8021805286407471, 0.6334484815597534, 0.6323018074035645, 0.4084168076515198, 0.38291501998901367]"
2,centroid,1,407,Triton,Triton,"[""Triton"", ""Castor"", ""Mytikas"", ""Trius"", ""Alcatras""]","[0.8357208967208862, 0.7345752120018005, 0.7012414932250977, 0.6624552607536316, 0.5075668096542358]"
2,centroid,1,408,Triton,Triton,"[""Triton"", ""Mytikas"", ""Trius"", ""Braga"", ""Castor""]","[0.9394376873970032, 0.7606210708618164, 0.6745404601097107, 0.5702394843101501, 0.5051419734954834]"
2,centroid,1,409,Trius,Trius,"[""Trius"", ""Triton"", ""Mytikas"", ""Braga"", ""Alcatras""]","[0.8799581527709961, 0.7238568067550659, 0.6065686941146851, 0.5264691114425659, 0.4445795714855194]"
2,centroid,1,410,Trius,Triton,"[""Triton"", ""Trius"", ""Braga"", ""Castor"", ""Mytikas""]","[0.6424758434295654, 0.6057177782058716, 0.5737301111221313, 0.4844229519367218, 0.4324069321155548]"
2,centroid,1,411,Trius,Trius,"[""Trius"", ""Triton"", ""Mytikas"", ""Alcatras"", ""Braga""]","[0.8298370838165283, 0.7639726400375366, 0.7094793319702148, 0.6900126934051514, 0.6617992520332336]"
2,centroid,1,412,Trius,Braga,"[""Braga"", ""Turbine"", ""Trius"", ""Mytikas"", ""Alcatras""]","[0.5939508080482483, 0.5799342393875122, 0.5683252811431885, 0.5547405481338501, 0.514248788356781]"
2,centroid,1,413,Trius,Trius,"[""Trius"", ""Alcatras"", ""Triton"", ""Alaris"", ""Gemini""]","[0.7262440919876099, 0.5870347023010254, 0.48305946588516235, 0.462411105632782, 0.4449102282524109]"
2,centroid,1,414,Trius,Trius,"[""Trius"", ""Mytikas"", ""Velorum"", ""Gemini"", ""Triton""]","[0.6046682596206665, 0.4852498769760132, 0.4155752658843994, 0.3868509531021118, 0.33466774225234985]"
2,centroid,1,415,Trius,Trius,"[""Trius"", ""Triton"", ""Gemini"", ""Braga"", ""Alaris""]","[0.8394933342933655, 0.6650773286819458, 0.45908865332603455, 0.44854098558425903, 0.35718834400177]"
2,centroid,1,416,Trius,Braga,"[""Braga"", ""Trius"", ""Mytikas"", ""Gemini"", ""Triton""]","[0.7572621703147888, 0.6357607841491699, 0.5746883749961853, 0.5432531833648682, 0.4857388734817505]"
2,centroid,1,417,Trius,Trius,"[""Trius"", ""Braga"", ""Triton"", ""Alcatras"", ""Mytikas""]","[0.8071810007095337, 0.6002379655838013, 0.5590410232543945, 0.5156161189079285, 0.506354033946991]"
2,centroid,1,418,Trius,Trius,"[""Trius"", ""Triton"", ""Castor"", ""Mytikas"", ""Braga""]","[0.7452614307403564, 0.5853985548019409, 0.5276622176170349, 0.47618579864501953, 0.4161532521247864]"
2,centroid,1,419,Trius,Trius,"[""Trius"", ""Braga"", ""Alaris"", ""Triton"", ""Alcatras""]","[0.8562792539596558, 0.6721374988555908, 0.5484727025032043, 0.537148118019104, 0.39592111110687256]"
2,centroid,1,420,Trius,Alaris,"[""Alaris"", ""Braga"", ""Hawk"", ""Trius"", ""Alcatras""]","[0.5931922197341919, 0.5630906224250793, 0.4930238127708435, 0.4563523828983307, 0.3691951036453247]"
2,centroid,1,421,Trius,Trius,"[""Trius"", ""Castor"", ""Triton"", ""Mytikas"", ""Alcatras""]","[0.7348334789276123, 0.7323563098907471, 0.6489891409873962, 0.6034603118896484, 0.5624541640281677]"
2,centroid,1,422,Trius,Trius,"[""Trius"", ""Triton"", ""Mytikas"", ""Braga"", ""Vega""]","[0.6565952301025391, 0.48073652386665344, 0.27303558588027954, 0.26568710803985596, 0.25517499446868896]"
2,centroid,1,423,Trius,Nivalis,"[""Nivalis"", ""Denom"", ""Gemini"", ""Xtreme"", ""Vega""]","[0.36815959215164185, 0.3649801015853882, 0.30748409032821655, 0.30677518248558044, 0.22054606676101685]"
2,centroid,1,424,Trius,Trius,"[""Trius"", ""Gemini"", ""Triton"", ""Braga"", ""Alaris""]","[0.792497456073761, 0.5627856254577637, 0.550617516040802, 0.4564700126647949, 0.4420679211616516]"
2,centroid,1,425,Trius,Braga,"[""Braga"", ""Triton"", ""Mytikas"", ""Trius"", ""Castor""]","[0.7112711668014526, 0.7077159881591797, 0.7038637399673462, 0.675217866897583, 0.47427940368652344]"
2,centroid,1,426,Trius,Trius,"[""Trius"", ""Triton"", ""Alaris"", ""Braga"", ""Alcatras""]","[0.9168030619621277, 0.6415140628814697, 0.5747523903846741, 0.54388028383255, 0.5109384059906006]"
2,centroid,1,427,Trius,Alaris,"[""Alaris"", ""Alcatras"", ""Trius"", ""Vega"", ""Braga""]","[0.6751722097396851, 0.626676082611084, 0.5896360874176025, 0.5296905636787415, 0.48735329508781433]"
2,centroid,1,428,Trius,Nivalis,"[""Nivalis"", ""Denom"", ""Ratikon"", ""Ilias"", ""Velorum""]","[0.6883313655853271, 0.47100675106048584, 0.46359172463417053, 0.42840278148651123, 0.3410879373550415]"
2,centroid,1,429,Trius,Triton,"[""Triton"", ""Castor"", ""Trius"", ""Mytikas"", ""Braga""]","[0.7891983985900879, 0.7472847104072571, 0.6867970824241638, 0.6645241975784302, 0.6096032857894897]"
2,centroid,1,430,Trius,Trius,"[""Trius"", ""Braga"", ""Castor"", ""Alcatras"", ""Alaris""]","[0.5516510605812073, 0.3713715076446533, 0.3227374255657196, 0.28758659958839417, 0.2671887278556824]"
2,centroid,1,431,Trius,Trius,"[""Trius"", ""Triton"", ""Mytikas"", ""Alcatras"", ""Alaris""]","[0.8101615309715271, 0.7196390628814697, 0.6965482831001282, 0.5543256402015686, 0.48321372270584106]"
2,centroid,1,432,Trius,Trius,"[""Trius"", ""Alaris"", ""Braga"", ""Triton"", ""Alcatras""]","[0.8413227796554565, 0.6528424620628357, 0.6061307191848755, 0.5994960069656372, 0.5783829689025879]"
2,centroid,1,433,Trius,Trius,"[""Trius"", ""Vega"", ""Mytikas"", ""Alaris"", ""Braga""]","[0.6668931245803833, 0.42713311314582825, 0.37776464223861694, 0.3422629237174988, 0.330231636762619]"
2,centroid,1,434,Trius,Trius,"[""Trius"", ""Gemini"", ""Mytikas"", ""Nivalis"", ""Denom""]","[0.6048052310943604, 0.37943288683891296, 0.31453263759613037, 0.28843316435813904, 0.2812868654727936]"
2,centroid,1,435,Trius,Trius,"[""Trius"", ""Alaris"", ""Alcatras"", ""Braga"", ""Triton""]","[0.7376216650009155, 0.7004592418670654, 0.6438719034194946, 0.6284922361373901, 0.48907315731048584]"
2,centroid,1,436,Trius,Trius,"[""Trius"", ""Triton"", ""Braga"", ""Mytikas"", ""Alaris""]","[0.9299851059913635, 0.7239154577255249, 0.574505627155304, 0.5049799680709839, 0.44296014308929443]"
2,centroid,1,437,Trius,Trius,"[""Trius"", ""Alaris"", ""Braga"", ""Alcatras"", ""Vega""]","[0.7443822622299194, 0.611383855342865, 0.45715659856796265, 0.42497068643569946, 0.37091001868247986]"
2,centroid,1,438,Trius,Trius,"[""Trius"", ""Velorum"", ""Steel_Wheel"", ""Mytikas"", ""Gemini""]","[0.470524400472641, 0.38799870014190674, 0.3112604320049286, 0.25083890557289124, 0.23526114225387573]"
2,centroid,1,439,Trius,Trius,"[""Trius"", ""Braga"", ""Triton"", ""Alaris"", ""Alcatras""]","[0.8418444395065308, 0.5785365104675293, 0.512402355670929, 0.5099779963493347, 0.4703671336174011]"
2,centroid,1,440,Trius,Trius,"[""Trius"", ""Alcatras"", ""Alaris"", ""Triton"", ""Braga""]","[0.7853385210037231, 0.7278587818145752, 0.6953380703926086, 0.5772879123687744, 0.500385046005249]"
2,centroid,1,441,Trius,Trius,"[""Trius"", ""Vega"", ""Mytikas"", ""Gemini"", ""Braga""]","[0.5833430290222168, 0.4941171705722809, 0.331443727016449, 0.305406391620636, 0.27892446517944336]"
2,centroid,1,442,Trius,Trius,"[""Trius"", ""Mytikas"", ""Alaris"", ""Alcatras"", ""Turbine""]","[0.6459925174713135, 0.5437159538269043, 0.5026333332061768, 0.454559326171875, 0.33763229846954346]"
2,centroid,1,443,Trius,Trius,"[""Trius"", ""Triton"", ""Ilias"", ""Vega"", ""Gemini""]","[0.7719173431396484, 0.5443405508995056, 0.48157843947410583, 0.45750075578689575, 0.427856981754303]"
2,centroid,1,444,Trius,Trius,"[""Trius"", ""Alaris"", ""Alcatras"", ""Braga"", ""Triton""]","[0.8414223194122314, 0.6517387628555298, 0.4943206310272217, 0.405806303024292, 0.39186322689056396]"
2,centroid,1,445,Trius,Trius,"[""Trius"", ""Triton"", ""Mytikas"", ""Braga"", ""Ilias""]","[0.839794397354126, 0.8199567794799805, 0.6320693492889404, 0.43703097105026245, 0.3614368736743927]"
2,centroid,1,446,Trius,Trius,"[""Trius"", ""Triton"", ""Velorum"", ""Alcatras"", ""Alaris""]","[0.7595690488815308, 0.4761486351490021, 0.4291686415672302, 0.3851202428340912, 0.33564797043800354]"
2,centroid,1,447,Trius,Trius,"[""Trius"", ""Braga"", ""Gemini"", ""Mytikas"", ""Vega""]","[0.7145092487335205, 0.44957298040390015, 0.44353777170181274, 0.4269537627696991, 0.3819293975830078]"
2,centroid,1,448,Trius,Trius,"[""Trius"", ""Braga"", ""Triton"", ""Alcatras"", ""Gemini""]","[0.7624471187591553, 0.7174516916275024, 0.5257987976074219, 0.5019477605819702, 0.47742995619773865]"
2,centroid,1,449,Trius,Trius,"[""Trius"", ""Gemini"", ""Braga"", ""Vega"", ""Triton""]","[0.7001606225967407, 0.42969030141830444, 0.3234829902648926, 0.23019245266914368, 0.21714872121810913]"
2,centroid,1,450,Turbine,Turbine,"[""Turbine"", ""Vega"", ""Hawk"", ""Castor"", ""Mytikas""]","[0.9314682483673096, 0.45387187600135803, 0.4223887324333191, 0.3537362515926361, 0.33376675844192505]"
2,centroid,1,451,Turbine,Alcatras,"[""Alcatras"", ""Mytikas"", ""Alaris"", ""Castor"", ""Turbine""]","[0.8147324323654175, 0.6829420328140259, 0.645552396774292, 0.6417651176452637, 0.5524959564208984]"
2,centroid,1,452,Turbine,Castor,"[""Castor"", ""Turbine"", ""Alcatras"", ""Braga"", ""Triton""]","[0.7837507724761963, 0.7560263872146606, 0.634740948677063, 0.5634534955024719, 0.5313736200332642]"
2,centroid,1,453,Turbine,Turbine,"[""Turbine"", ""Castor"", ""Braga"", ""Alcatras"", ""Hawk""]","[0.85310959815979, 0.5972646474838257, 0.5394089221954346, 0.4962061047554016, 0.4793435335159302]"
2,centroid,1,454,Turbine,Turbine,"[""Turbine"", ""Braga"", ""Castor"", ""Mytikas"", ""Hawk""]","[0.8458369374275208, 0.6237981915473938, 0.5450504422187805, 0.5252323150634766, 0.49767088890075684]"
2,centroid,1,455,Turbine,Turbine,"[""Turbine"", ""Hawk"", ""Vega"", ""Alaris"", ""Braga""]","[0.9194804430007935, 0.6002455353736877, 0.5208780765533447, 0.4623569846153259, 0.3691544532775879]"
2,centroid,1,456,Turbine,Turbine,"[""Turbine"", ""Vega"", ""Hawk"", ""Castor"", ""Braga""]","[0.8624035716056824, 0.43756601214408875, 0.3822028934955597, 0.35120970010757446, 0.2980702817440033]"
2,centroid,1,457,Turbine,Turbine,"[""Turbine"", ""Vega"", ""Braga"", ""Hawk"", ""Alaris""]","[0.7953828573226929, 0.5960329174995422, 0.5155674815177917, 0.43043237924575806, 0.28981900215148926]"
2,centroid,1,458,Turbine,Turbine,"[""Turbine"", ""Alaris"", ""Castor"", ""Alcatras"", ""Hawk""]","[0.9196137189865112, 0.5930633544921875, 0.5214344263076782, 0.517966628074646, 0.48639756441116333]"
2,centroid,1,459,Turbine,Turbine,"[""Turbine"", ""Hawk"", ""Vega"", ""Castor"", ""Alaris""]","[0.9213125705718994, 0.5433027148246765, 0.4754917025566101, 0.35533401370048523, 0.31745123863220215]"
2,centroid,1,460,Turbine,Turbine,"[""Turbine"", ""Vega"", ""Hawk"", ""Braga"", ""Alaris""]","[0.8576804399490356, 0.45902323722839355, 0.456622838973999, 0.33407482504844666, 0.3156363070011139]"
2,centroid,1,461,Turbine,Turbine,"[""Turbine"", ""Vega"", ""Hawk"", ""Castor"", ""Braga""]","[0.8907697200775146, 0.4397594630718231, 0.3490588366985321, 0.3464232087135315, 0.3267977833747864]"
2,centroid,1,462,Turbine,Turbine,"[""Turbine"", ""Castor"", ""Alcatras"", ""Braga"", ""Triton""]","[0.7896384000778198, 0.74100661277771, 0.46048271656036377, 0.44803839921951294, 0.4262370467185974]"
2,centroid,1,463,Turbine,Turbine,"[""Turbine"", ""Alcatras"", ""Braga"", ""Castor"", ""Alaris""]","[0.7717260718345642, 0.5852004885673523, 0.5450631380081177, 0.5150255560874939, 0.48634111881256104]"
2,centroid,1,464,Turbine,Turbine,"[""Turbine"", ""Castor"", ""Alcatras"", ""Alaris"", ""Braga""]","[0.7965689897537231, 0.6950262784957886, 0.5879755020141602, 0.46135085821151733, 0.440016508102417]"
2,centroid,1,465,Turbine,Turbine,"[""Turbine"", ""Castor"", ""Alcatras"", ""Alaris"", ""Braga""]","[0.8154358863830566, 0.7514386177062988, 0.5783654451370239, 0.5053763389587402, 0.41329407691955566]"
2,centroid,1,466,Turbine,Turbine,"[""Turbine"", ""Vega"", ""Alcatras"", ""Alaris"", ""Mytikas""]","[0.7784028053283691, 0.6010034680366516, 0.5931544899940491, 0.565993070602417, 0.5548933744430542]"
2,centroid,1,467,Turbine,Turbine,"[""Turbine"", ""Hawk"", ""Vega"", ""Gemini"", ""Braga""]","[0.7521176338195801, 0.6930931806564331, 0.5312947034835815, 0.3297146260738373, 0.3186577260494232]"
2,centroid,1,468,Turbine,Turbine,"[""Turbine"", ""Mytikas"", ""Castor"", ""Alcatras"", ""Alaris""]","[0.7873147130012512, 0.4482072591781616, 0.4470512568950653, 0.34234845638275146, 0.2763095498085022]"
2,centroid,1,469,Turbine,Braga,"[""Braga"", ""Turbine"", ""Castor"", ""Alcatras"", ""Alaris""]","[0.7734196782112122, 0.6627165079116821, 0.5288313627243042, 0.48394814133644104, 0.4487226605415344]"
2,centroid,1,470,Turbine,Hawk,"[""Hawk"", ""Turbine"", ""Vega"", ""Mytikas"", ""Alaris""]","[0.8242138624191284, 0.7105402946472168, 0.40333425998687744, 0.28569161891937256, 0.27362489700317383]"
2,centroid,1,471,Turbine,Turbine,"[""Turbine"", ""Hawk"", ""Vega"", ""Mytikas"", ""Alcatras""]","[0.7984480857849121, 0.7372109889984131, 0.48631662130355835, 0.4136490225791931, 0.391002357006073]"
2,centroid,1,472,Turbine,Turbine,"[""Turbine"", ""Castor"", ""Alcatras"", ""Mytikas"", ""Trius""]","[0.7753633260726929, 0.6990663409233093, 0.601477324962616, 0.5765557289123535, 0.4983046054840088]"
2,centroid,1,473,Turbine,Castor,"[""Castor"", ""Turbine"", ""Mytikas"", ""Triton"", ""Braga""]","[0.8542351722717285, 0.8092803955078125, 0.6623218059539795, 0.5489245653152466, 0.5213013887405396]"
2,centroid,1,474,Turbine,Castor,"[""Castor"", ""Turbine"", ""Triton"", ""Mytikas"", ""Braga""]","[0.8598488569259644, 0.7022294998168945, 0.6793884038925171, 0.6792729496955872, 0.6560907363891602]"
2,centroid,1,475,Turbine,Turbine,"[""Turbine"", ""Vega"", ""Hawk"", ""Braga"", ""Mytikas""]","[0.851263165473938, 0.6093993186950684, 0.47746771574020386, 0.3314381241798401, 0.30161911249160767]"
2,centroid,1,476,Turbine,Turbine,"[""Turbine"", ""Alaris"", ""Alcatras"", ""Castor"", ""Braga""]","[0.7910597324371338, 0.6079460382461548, 0.575918436050415, 0.5311989188194275, 0.42784976959228516]"
2,centroid,1,477,Turbine,Turbine,"[""Turbine"", ""Castor"", ""Triton"", ""Mytikas"", ""Alcatras""]","[0.8511428833007812, 0.7802504301071167, 0.43104737997055054, 0.40743574500083923, 0.4019196629524231]"
2,centroid,1,478,Vega,Vega,"[""Vega"", ""Gemini"", ""Hawk"", ""Turbine"", ""Braga""]","[0.9152328968048096, 0.46423423290252686, 0.3739437460899353, 0.1895410716533661, 0.16106243431568146]"
2,centroid,1,479,Vega,Vega,"[""Vega"", ""Alaris"", ""Turbine"", ""Trius"", ""Alcatras""]","[0.7707429528236389, 0.5645679235458374, 0.5613741278648376, 0.5359413027763367, 0.4663831293582916]"
2,centroid,1,480,Vega,Vega,"[""Vega"", ""Alaris"", ""Hawk"", ""Turbine"", ""Braga""]","[0.8934272527694702, 0.4359827935695648, 0.39945995807647705, 0.2771793007850647, 0.26151570677757263]"
2,centroid,1,481,Vega,Vega,"[""Vega"", ""Turbine"", ""Hawk"", ""Alaris"", ""Braga""]","[0.889065146446228, 0.5297046303749084, 0.4189833402633667, 0.40953850746154785, 0.35461586713790894]"
2,centroid,1,482,Vega,Vega,"[""Vega"", ""Turbine"", ""Alaris"", ""Hawk"", ""Gemini""]","[0.9369468688964844, 0.44835400581359863, 0.37155666947364807, 0.33929458260536194, 0.29876938462257385]"
2,centroid,1,483,Vega,Vega,"[""Vega"", ""Alaris"", ""Trius"", ""Alcatras"", ""Braga""]","[0.7514775991439819, 0.5295317769050598, 0.25965791940689087, 0.2568649351596832, 0.24188393354415894]"
2,centroid,1,484,Vega,Vega,"[""Vega"", ""Alaris"", ""Turbine"", ""Hawk"", ""Alcatras""]","[0.8609922528266907, 0.4210859537124634, 0.395062655210495, 0.29120656847953796, 0.2068740427494049]"
2,centroid,1,485,Vega,Vega,"[""Vega"", ""Gemini"", ""Hawk"", ""Alaris"", ""Turbine""]","[0.8354088664054871, 0.4700774550437927, 0.1950024962425232, 0.11310594528913498, 0.11192475259304047]"
2,centroid,1,486,Vega,Vega,"[""Vega"", ""Gemini"", ""Alaris"", ""Braga"", ""Trius""]","[0.8767460584640503, 0.4578084945678711, 0.31994134187698364, 0.2852097749710083, 0.2580534815788269]"
2,centroid,1,487,Vega,Vega,"[""Vega"", ""Hawk"", ""Gemini"", ""Turbine"", ""Alaris""]","[0.9102684259414673, 0.37883320450782776, 0.31854405999183655, 0.23130443692207336, 0.22026120126247406]"
2,centroid,1,488,Vega,Vega,"[""Vega"", ""Alaris"", ""Turbine"", ""Gemini"", ""Hawk""]","[0.923637866973877, 0.4486027956008911, 0.3822857737541199, 0.3812682330608368, 0.32254552841186523]"
2,centroid,1,489,Vega,Vega,"[""Vega"", ""Hawk"", ""Gemini"", ""Turbine"", ""Alaris""]","[0.8745256662368774, 0.5120303630828857, 0.40952780842781067, 0.25010520219802856, 0.1510412096977234]"
2,centroid,1,490,Vega,Vega,"[""Vega"", ""Gemini"", ""Hawk"", ""Alaris"", ""Braga""]","[0.8682591915130615, 0.6068849563598633, 0.4125760495662689, 0.22100767493247986, 0.1741371899843216]"
2,centroid,1,491,Vega,Vega,"[""Vega"", ""Braga"", ""Gemini"", ""Trius"", ""Hawk""]","[0.7101802825927734, 0.6662775278091431, 0.5502939224243164, 0.5365834832191467, 0.5212191343307495]"
2,centroid,1,492,Vega,Vega,"[""Vega"", ""Gemini"", ""Hawk"", ""Turbine"", ""Alaris""]","[0.9022226929664612, 0.5472211837768555, 0.2873733937740326, 0.1659349501132965, 0.14483053982257843]"
2,centroid,1,493,Vega,Vega,"[""Vega"", ""Alaris"", ""Hawk"", ""Turbine"", ""Braga""]","[0.8984299302101135, 0.5847251415252686, 0.4635692834854126, 0.45796912908554077, 0.3835093677043915]"
2,centroid,1,494,Vega,Vega,"[""Vega"", ""Turbine"", ""Hawk"", ""Braga"", ""Gemini""]","[0.8687149286270142, 0.39182236790657043, 0.3867361545562744, 0.26973915100097656, 0.24354033172130585]"
2,centroid,1,495,Vega,Vega,"[""Vega"", ""Turbine"", ""Gemini"", ""Alaris"", ""Hawk""]","[0.8684628009796143, 0.4318127930164337, 0.3243321478366852, 0.2256292700767517, 0.1580161601305008]"
2,centroid,1,496,Vega,Vega,"[""Vega"", ""Hawk"", ""Gemini"", ""Turbine"", ""Braga""]","[0.8449270725250244, 0.576201319694519, 0.32804661989212036, 0.2615134119987488, 0.2088818997144699]"
2,centroid,1,497,Vega,Vega,"[""Vega"", ""Hawk"", ""Alaris"", ""Gemini"", ""Turbine""]","[0.9416369199752808, 0.5279819965362549, 0.4157438576221466, 0.3750329911708832, 0.3446715474128723]"
2,centroid,1,498,Vega,Vega,"[""Vega"", ""Turbine"", ""Hawk"", ""Alaris"", ""Gemini""]","[0.9383285045623779, 0.5087922811508179, 0.5075265169143677, 0.46110421419143677, 0.4485268294811249]"
2,centroid,1,499,Vega,Vega,"[""Vega"", ""Hawk"", ""Turbine"", ""Gemini"", ""Alaris""]","[0.9333206415176392, 0.39038828015327454, 0.34013402462005615, 0.28983548283576965, 0.2309654951095581]"
2,centroid,1,500,Vega,Vega,"[""Vega"", ""Gemini"", ""Hawk"", ""Braga"", ""Alaris""]","[0.9461581110954285, 0.5442246198654175, 0.4230409562587738, 0.2982967495918274, 0.24448883533477783]"
2,centroid,1,501,Vega,Vega,"[""Vega"", ""Gemini"", ""Hawk"", ""Braga"", ""Turbine""]","[0.8064954280853271, 0.6135674715042114, 0.604404091835022, 0.5042722225189209, 0.32194510102272034]"
2,centroid,1,502,Vega,Vega,"[""Vega"", ""Gemini"", ""Hawk"", ""Turbine"", ""Alaris""]","[0.9242424964904785, 0.5482920408248901, 0.41805246472358704, 0.31111055612564087, 0.2913038432598114]"
2,centroid,1,503,Vega,Vega,"[""Vega"", ""Alaris"", ""Hawk"", ""Turbine"", ""Gemini""]","[0.9265803694725037, 0.5096541047096252, 0.4146553874015808, 0.36421215534210205, 0.35451632738113403]"
2,centroid,1,504,Vega,Vega,"[""Vega"", ""Gemini"", ""Hawk"", ""Turbine"", ""Alaris""]","[0.8930742740631104, 0.5492754578590393, 0.35310137271881104, 0.15005773305892944, 0.1415702998638153]"
2,centroid,1,505,Vega,Vega,"[""Vega"", ""Hawk"", ""Gemini"", ""Nivalis"", ""Turbine""]","[0.8374975919723511, 0.38441795110702515, 0.28662678599357605, 0.27421867847442627, 0.2588125765323639]"
2,centroid,1,506,Vega,Vega,"[""Vega"", ""Alaris"", ""Hawk"", ""Turbine"", ""Braga""]","[0.8224490880966187, 0.6291835904121399, 0.6015941500663757, 0.5552115440368652, 0.418683260679245]"
2,centroid,1,507,Vega,Vega,"[""Vega"", ""Hawk"", ""Braga"", ""Alaris"", ""Gemini""]","[0.9069687724113464, 0.6379808187484741, 0.4293551445007324, 0.40935999155044556, 0.4086754620075226]"
2,centroid,1,508,Vega,Vega,"[""Vega"", ""Hawk"", ""Alaris"", ""Turbine"", ""Alcatras""]","[0.9188829660415649, 0.5549131035804749, 0.5310034155845642, 0.5171107053756714, 0.3326323926448822]"
2,centroid,1,509,Vega,Vega,"[""Vega"", ""Hawk"", ""Gemini"", ""Turbine"", ""Alaris""]","[0.8728503584861755, 0.5661529302597046, 0.4381542205810547, 0.2772524356842041, 0.18418803811073303]"
2,centroid,1,510,Vega,Vega,"[""Vega"", ""Alcatras"", ""Alaris"", ""Hawk"", ""Turbine""]","[0.467035710811615, 0.4030889868736267, 0.2927078604698181, 0.1714375913143158, 0.10085153579711914]"
2,centroid,1,511,Vega,Vega,"[""Vega"", ""Gemini"", ""Braga"", ""Alaris"", ""Trius""]","[0.9102138876914978, 0.5144502520561218, 0.38412556052207947, 0.37940168380737305, 0.332286536693573]"
2,centroid,1,512,Vega,Vega,"[""Vega"", ""Gemini"", ""Hawk"", ""Alaris"", ""Trius""]","[0.8517574667930603, 0.6455607414245605, 0.5262223482131958, 0.32110458612442017, 0.23568926751613617]"
2,centroid,1,513,Velorum,Velorum,"[""Velorum"", ""Ilias"", ""Nivalis"", ""Denom"", ""Triton""]","[0.9492676258087158, 0.6253092288970947, 0.37423956394195557, 0.3353528380393982, 0.3183968663215637]"
2,centroid,1,514,Velorum,Velorum,"[""Velorum"", ""Ilias"", ""Denom"", ""Ratikon"", ""Trius""]","[0.8832179307937622, 0.6082935333251953, 0.43759721517562866, 0.3663255274295807, 0.3330853581428528]"
2,centroid,1,515,Velorum,Velorum,"[""Velorum"", ""Nivalis"", ""Ilias"", ""Denom"", ""Ratikon""]","[0.9151102304458618, 0.42643868923187256, 0.39889827370643616, 0.38925817608833313, 0.23317472636699677]"
2,centroid,1,516,Velorum,Velorum,"[""Velorum"", ""Ilias"", ""Nivalis"", ""Denom"", ""Triton""]","[0.9280049800872803, 0.6170088052749634, 0.32266712188720703, 0.2894873023033142, 0.25436556339263916]"
2,centroid,1,517,Velorum,Velorum,"[""Velorum"", ""Ilias"", ""Nivalis"", ""Mytikas"", ""Denom""]","[0.9255279302597046, 0.4900255501270294, 0.45290836691856384, 0.2663806974887848, 0.24648767709732056]"
2,centroid,1,518,Velorum,Velorum,"[""Velorum"", ""Nivalis"", ""Ilias"", ""Denom"", ""Ratikon""]","[0.8677769899368286, 0.4353334307670593, 0.3822250962257385, 0.28590327501296997, 0.16947530210018158]"
2,centroid,1,519,Velorum,Velorum,"[""Velorum"", ""Ilias"", ""Nivalis"", ""Denom"", ""Ratikon""]","[0.88075852394104, 0.5849512815475464, 0.5173418521881104, 0.445499986410141, 0.31105101108551025]"
2,centroid,1,520,Velorum,Velorum,"[""Velorum"", ""Castor"", ""Nivalis"", ""Mytikas"", ""Alcatras""]","[0.8586400151252747, 0.28382235765457153, 0.2622995376586914, 0.2530049979686737, 0.2421722710132599]"
2,centroid,1,521,Velorum,Velorum,"[""Velorum"", ""Mytikas"", ""Nivalis"", ""Castor"", ""Triton""]","[0.7521619200706482, 0.45924681425094604, 0.4119698405265808, 0.3768347203731537, 0.2977854609489441]"
2,centroid,1,522,Velorum,Velorum,"[""Velorum"", ""Ilias"", ""Nivalis"", ""Denom"", ""Ratikon""]","[0.9446256160736084, 0.5998769998550415, 0.48011526465415955, 0.46004292368888855, 0.2720821499824524]"
2,centroid,1,523,Velorum,Velorum,"[""Velorum"", ""Ilias"", ""Denom"", ""Nivalis"", ""Ratikon""]","[0.955008864402771, 0.5968551635742188, 0.3666592240333557, 0.3657623529434204, 0.25746357440948486]"
2,centroid,1,524,Velorum,Velorum,"[""Velorum"", ""Ilias"", ""Denom"", ""Nivalis"", ""Xtreme""]","[0.8691281080245972, 0.34884756803512573, 0.225932776927948, 0.20821978151798248, 0.16888567805290222]"
2,centroid,1,525,Velorum,Velorum,"[""Velorum"", ""Nivalis"", ""Ilias"", ""Denom"", ""Ratikon""]","[0.8834353685379028, 0.4763093590736389, 0.3299882411956787, 0.2656018137931824, 0.21352437138557434]"
2,centroid,1,526,Velorum,Velorum,"[""Velorum"", ""Ilias"", ""Nivalis"", ""Denom"", ""Ratikon""]","[0.9017614126205444, 0.6548324823379517, 0.5694507956504822, 0.5627734065055847, 0.44924700260162354]"
2,centroid,1,527,Velorum,Velorum,"[""Velorum"", ""Ilias"", ""Nivalis"", ""Denom"", ""Ratikon""]","[0.9343576431274414, 0.7239102721214294, 0.47343605756759644, 0.4708288908004761, 0.4551534950733185]"
2,centroid,1,528,Velorum,Velorum,"[""Velorum"", ""Ilias"", ""Mytikas"", ""Nivalis"", ""Xtreme""]","[0.8731500506401062, 0.5053198337554932, 0.3375924527645111, 0.3210182189941406, 0.2740045487880707]"
2,centroid,1,529,Velorum,Velorum,"[""Velorum"", ""Ilias"", ""Nivalis"", ""Triton"", ""Mytikas""]","[0.925398051738739, 0.4489184617996216, 0.32752251625061035, 0.3212578296661377, 0.30947980284690857]"
2,centroid,1,530,Velorum,Velorum,"[""Velorum"", ""Ilias"", ""Triton"", ""Nivalis"", ""Mytikas""]","[0.936579167842865, 0.49714624881744385, 0.3279764652252197, 0.3020837903022766, 0.2685174345970154]"
2,centroid,1,531,Velorum,Velorum,"[""Velorum"", ""Ilias"", ""Nivalis"", ""Denom"", ""Ratikon""]","[0.9379701614379883, 0.5310125350952148, 0.46385717391967773, 0.3902711272239685, 0.3008667826652527]"
2,centroid,1,532,Velorum,Velorum,"[""Velorum"", ""Ilias"", ""Nivalis"", ""Denom"", ""Ratikon""]","[0.9482969641685486, 0.5407465100288391, 0.45632612705230713, 0.39825600385665894, 0.28864264488220215]"
2,centroid,1,533,Velorum,Velorum,"[""Velorum"", ""Ilias"", ""Nivalis"", ""Denom"", ""Ratikon""]","[0.9195626974105835, 0.6372811794281006, 0.5473260283470154, 0.4376847445964813, 0.42888498306274414]"
2,centroid,1,534,Velorum,Velorum,"[""Velorum"", ""Ilias"", ""Nivalis"", ""Denom"", ""Ratikon""]","[0.9646252393722534, 0.5259013175964355, 0.3868829309940338, 0.36050280928611755, 0.24196231365203857]"
2,centroid,1,535,Velorum,Velorum,"[""Velorum"", ""Ilias"", ""Denom"", ""Trius"", ""Ratikon""]","[0.7687233686447144, 0.46244221925735474, 0.44700121879577637, 0.2604653239250183, 0.23754899203777313]"
2,centroid,1,536,Velorum,Velorum,"[""Velorum"", ""Nivalis"", ""Denom"", ""Ilias"", ""Ratikon""]","[0.8775190711021423, 0.5715848803520203, 0.5505009293556213, 0.4394710958003998, 0.38891854882240295]"
2,centroid,1,537,Velorum,Velorum,"[""Velorum"", ""Castor"", ""Ilias"", ""Triton"", ""Mytikas""]","[0.9041057825088501, 0.34580665826797485, 0.33289915323257446, 0.2811223268508911, 0.2411080300807953]"
2,centroid,1,538,Velorum,Velorum,"[""Velorum"", ""Ilias"", ""Nivalis"", ""Denom"", ""Ratikon""]","[0.8004800081253052, 0.48944291472435, 0.3545362651348114, 0.26555299758911133, 0.25954341888427734]"
2,centroid,1,539,Velorum,Ilias,"[""Ilias"", ""Ratikon"", ""Denom"", ""Nivalis"", ""Velorum""]","[0.7579770684242249, 0.748703122138977, 0.6785649061203003, 0.6555564999580383, 0.6058186888694763]"
2,centroid,1,540,Velorum,Velorum,"[""Velorum"", ""Ilias"", ""Nivalis"", ""Denom"", ""Ratikon""]","[0.924933671951294, 0.5755550861358643, 0.5455806255340576, 0.4951556324958801, 0.32350361347198486]"
2,centroid,1,541,Velorum,Velorum,"[""Velorum"", ""Ilias"", ""Denom"", ""Trius"", ""Ratikon""]","[0.7822670936584473, 0.6140037775039673, 0.4731213450431824, 0.39754772186279297, 0.36558303236961365]"
2,centroid,1,542,Velorum,Velorum,"[""Velorum"", ""Ilias"", ""Nivalis"", ""Mytikas"", ""Ratikon""]","[0.8962531685829163, 0.5726022720336914, 0.408865362405777, 0.31343141198158264, 0.2664465606212616]"
2,centroid,1,543,Velorum,Velorum,"[""Velorum"", ""Ilias"", ""Denom"", ""Nivalis"", ""Ratikon""]","[0.9535248279571533, 0.6591934561729431, 0.44104689359664917, 0.3890417814254761, 0.3230671286582947]"
2,centroid,1,544,Velorum,Velorum,"[""Velorum"", ""Ilias"", ""Nivalis"", ""Ratikon"", ""Denom""]","[0.8607274293899536, 0.6568911075592041, 0.5628848075866699, 0.5042629241943359, 0.40725982189178467]"
2,centroid,1,545,Velorum,Velorum,"[""Velorum"", ""Ilias"", ""Denom"", ""Nivalis"", ""Ratikon""]","[0.9086719751358032, 0.59456866979599, 0.4495614171028137, 0.35841548442840576, 0.35295581817626953]"
2,centroid,1,546,Velorum,Velorum,"[""Velorum"", ""Ilias"", ""Nivalis"", ""Denom"", ""Triton""]","[0.9497194290161133, 0.48299989104270935, 0.28835543990135193, 0.2550506889820099, 0.23527656495571136]"
2,centroid,1,547,Velorum,Velorum,"[""Velorum"", ""Mytikas"", ""Nivalis"", ""Castor"", ""Triton""]","[0.7017900347709656, 0.4295627772808075, 0.3928840160369873, 0.3786352276802063, 0.24340218305587769]"
2,centroid,1,548,Velorum,Velorum,"[""Velorum"", ""Ilias"", ""Nivalis"", ""Denom"", ""Triton""]","[0.9396251440048218, 0.46166184544563293, 0.3994860053062439, 0.31420183181762695, 0.2810232639312744]"
2,centroid,1,549,Velorum,Velorum,"[""Velorum"", ""Ilias"", ""Mytikas"", ""Nivalis"", ""Triton""]","[0.8133395314216614, 0.4345892071723938, 0.3329859972000122, 0.25754716992378235, 0.2272307574748993]"
2,centroid,1,550,Velorum,Velorum,"[""Velorum"", ""Ilias"", ""Nivalis"", ""Denom"", ""Mytikas""]","[0.9663667678833008, 0.49894434213638306, 0.36198267340660095, 0.2493269145488739, 0.23969171941280365]"
2,centroid,1,551,Velorum,Velorum,"[""Velorum"", ""Ilias"", ""Nivalis"", ""Trius"", ""Ratikon""]","[0.8185038566589355, 0.5568141937255859, 0.3985900282859802, 0.3944527506828308, 0.39125338196754456]"
2,centroid,1,552,Velorum,Velorum,"[""Velorum"", ""Ilias"", ""Nivalis"", ""Denom"", ""Ratikon""]","[0.9336847066879272, 0.5805532932281494, 0.4722851514816284, 0.37768763303756714, 0.23603904247283936]"
2,centroid,1,553,Velorum,Velorum,"[""Velorum"", ""Nivalis"", ""Ilias"", ""Denom"", ""Ratikon""]","[0.8613434433937073, 0.4714701473712921, 0.3843700587749481, 0.24421142041683197, 0.2366747409105301]"
2,centroid,1,554,Velorum,Velorum,"[""Velorum"", ""Ilias"", ""Nivalis"", ""Denom"", ""Ratikon""]","[0.9345614910125732, 0.679223895072937, 0.5127727389335632, 0.45640647411346436, 0.40063709020614624]"
2,centroid,1,555,Velorum,Velorum,"[""Velorum"", ""Denom"", ""Nivalis"", ""Ilias"", ""Castor""]","[0.7462860941886902, 0.37343326210975647, 0.23733481764793396, 0.20578894019126892, 0.10695389658212662]"
2,centroid,1,556,Velorum,Velorum,"[""Velorum"", ""Ilias"", ""Denom"", ""Nivalis"", ""Ratikon""]","[0.8866060972213745, 0.558931827545166, 0.5484554767608643, 0.4713458716869354, 0.4111858606338501]"
2,centroid,1,557,Velorum,Velorum,"[""Velorum"", ""Ilias"", ""Denom"", ""Nivalis"", ""Mytikas""]","[0.907383918762207, 0.5679395198822021, 0.2971872091293335, 0.28061944246292114, 0.2751682996749878]"
2,centroid,1,558,Velorum,Velorum,"[""Velorum"", ""Ilias"", ""Denom"", ""Trius"", ""Nivalis""]","[0.9227594137191772, 0.44729048013687134, 0.3587118089199066, 0.210201695561409, 0.20433993637561798]"
2,centroid,1,559,Velorum,Velorum,"[""Velorum"", ""Nivalis"", ""Ilias"", ""Denom"", ""Ratikon""]","[0.8323806524276733, 0.6884228587150574, 0.6808080673217773, 0.6188398599624634, 0.5611095428466797]"
2,centroid,1,560,Velorum,Velorum,"[""Velorum"", ""Ilias"", ""Denom"", ""Ratikon"", ""Trius""]","[0.7672793865203857, 0.6154360771179199, 0.49126359820365906, 0.4204392433166504, 0.316806435585022]"
2,centroid,1,561,Velorum,Velorum,"[""Velorum"", ""Ilias"", ""Nivalis"", ""Denom"", ""Ratikon""]","[0.924933671951294, 0.5755550861358643, 0.5455806255340576, 0.4951556324958801, 0.32350361347198486]"
2,centroid,1,562,Velorum,Velorum,"[""Velorum"", ""Ilias"", ""Nivalis"", ""Denom"", ""Ratikon""]","[0.8880354166030884, 0.580436110496521, 0.5408006310462952, 0.4866769313812256, 0.3781355321407318]"
2,centroid,1,563,Velorum,Velorum,"[""Velorum"", ""Ilias"", ""Denom"", ""Nivalis"", ""Ratikon""]","[0.9317349195480347, 0.5858458280563354, 0.5473357439041138, 0.47863972187042236, 0.33865946531295776]"
2,centroid,1,564,Velorum,Velorum,"[""Velorum"", ""Nivalis"", ""Denom"", ""Ilias"", ""Ratikon""]","[0.7611314654350281, 0.7390416860580444, 0.49673277139663696, 0.4761493504047394, 0.4691002666950226]"
2,centroid,1,565,Velorum,Velorum,"[""Velorum"", ""Nivalis"", ""Ilias"", ""Mytikas"", ""Triton""]","[0.8973523378372192, 0.42243295907974243, 0.4132274389266968, 0.3961063027381897, 0.2943865954875946]"
2,centroid,1,566,Velorum,Velorum,"[""Velorum"", ""Denom"", ""Ilias"", ""Nivalis"", ""Ratikon""]","[0.7871140837669373, 0.7536431550979614, 0.5971344709396362, 0.5199384689331055, 0.5140776634216309]"
2,centroid,1,567,Velorum,Velorum,"[""Velorum"", ""Ilias"", ""Nivalis"", ""Ratikon"", ""Denom""]","[0.9059442281723022, 0.5212069749832153, 0.3787815570831299, 0.2565407156944275, 0.24279756844043732]"
2,centroid,1,568,Velorum,Velorum,"[""Velorum"", ""Denom"", ""Ilias"", ""Xtreme"", ""Trius""]","[0.5769020318984985, 0.31334519386291504, 0.3069320023059845, 0.2263341248035431, 0.1868327558040619]"
2,centroid,1,569,Velorum,Velorum,"[""Velorum"", ""Ilias"", ""Nivalis"", ""Xtreme"", ""Denom""]","[0.8906844258308411, 0.4025346338748932, 0.3003160059452057, 0.26535773277282715, 0.24302449822425842]"
2,centroid,1,570,Velorum,Velorum,"[""Velorum"", ""Ilias"", ""Nivalis"", ""Denom"", ""Mytikas""]","[0.9149454236030579, 0.3322139084339142, 0.28509408235549927, 0.19381865859031677, 0.15629251301288605]"
2,centroid,1,571,Velorum,Velorum,"[""Velorum"", ""Ilias"", ""Nivalis"", ""Denom"", ""Ratikon""]","[0.9610919952392578, 0.5086137056350708, 0.41534143686294556, 0.3691243529319763, 0.23165473341941833]"
2,centroid,1,572,Xtreme,Xtreme,"[""Xtreme"", ""Gemini"", ""Steel_Wheel"", ""Hawk"", ""Nivalis""]","[0.9119483232498169, 0.4740155339241028, 0.0708126574754715, 0.015589180402457714, 0.01101192831993103]"
2,centroid,1,573,Xtreme,Xtreme,"[""Xtreme"", ""Gemini"", ""Hawk"", ""Mytikas"", ""Ilias""]","[0.9376399517059326, 0.44780051708221436, 0.13090482354164124, 0.11832156777381897, 0.11070722341537476]"
2,centroid,1,574,Xtreme,Xtreme,"[""Xtreme"", ""Gemini"", ""Ilias"", ""Hawk"", ""Triton""]","[0.9683487415313721, 0.4073539972305298, 0.03242049366235733, 0.0065348781645298, -0.006990725174546242]"
2,centroid,1,575,Xtreme,Xtreme,"[""Xtreme"", ""Gemini"", ""Velorum"", ""Ilias"", ""Hawk""]","[0.952592670917511, 0.33576855063438416, 0.13537779450416565, 0.0644637942314148, 0.042397063225507736]"
2,centroid,1,576,Xtreme,Xtreme,"[""Xtreme"", ""Gemini"", ""Steel_Wheel"", ""Hawk"", ""Ilias""]","[0.9112499952316284, 0.6116885542869568, -0.004094026982784271, -0.010913101956248283, -0.02447586879134178]"
2,centroid,1,577,Xtreme,Xtreme,"[""Xtreme"", ""Gemini"", ""Ilias"", ""Steel_Wheel"", ""Denom""]","[0.9419795274734497, 0.5422096252441406, 0.030771784484386444, 0.009515561163425446, -0.06317172199487686]"
2,centroid,1,578,Xtreme,Xtreme,"[""Xtreme"", ""Gemini"", ""Steel_Wheel"", ""Ilias"", ""Velorum""]","[0.9677814841270447, 0.4669174551963806, 0.09445055574178696, 0.06916148960590363, 0.04065841808915138]"
2,centroid,1,579,Xtreme,Xtreme,"[""Xtreme"", ""Gemini"", ""Braga"", ""Triton"", ""Trius""]","[0.7981071472167969, 0.5630292892456055, 0.3625231087207794, 0.28878921270370483, 0.25763681530952454]"
2,centroid,1,580,Xtreme,Xtreme,"[""Xtreme"", ""Gemini"", ""Ilias"", ""Denom"", ""Trius""]","[0.7730748057365417, 0.5897066593170166, 0.5041167140007019, 0.29284152388572693, 0.2058788239955902]"
2,centroid,1,581,Xtreme,Xtreme,"[""Xtreme"", ""Gemini"", ""Steel_Wheel"", ""Velorum"", ""Ilias""]","[0.9242120385169983, 0.2931935489177704, 0.17252570390701294, 0.009212188422679901, -0.06526962667703629]"
2,centroid,1,582,Xtreme,Xtreme,"[""Xtreme"", ""Gemini"", ""Steel_Wheel"", ""Hawk"", ""Velorum""]","[0.9298923015594482, 0.37323153018951416, 0.12876299023628235, 0.0971335768699646, -0.009763084352016449]"
2,centroid,1,583,Xtreme,Xtreme,"[""Xtreme"", ""Gemini"", ""Hawk"", ""Velorum"", ""Ilias""]","[0.9102905988693237, 0.443787544965744, 0.1881701648235321, 0.1469694972038269, 0.06373734772205353]"
2,centroid,1,584,Xtreme,Xtreme,"[""Xtreme"", ""Gemini"", ""Ilias"", ""Velorum"", ""Hawk""]","[0.9310791492462158, 0.5153582096099854, 0.22052720189094543, 0.07867191731929779, 0.06987380981445312]"
2,centroid,1,585,Xtreme,Gemini,"[""Gemini"", ""Xtreme"", ""Braga"", ""Mytikas"", ""Trius""]","[0.7975828051567078, 0.5407903790473938, 0.4274342358112335, 0.4185750484466553, 0.4031504988670349]"
2,centroid,1,586,Xtreme,Xtreme,"[""Xtreme"", ""Gemini"", ""Ilias"", ""Steel_Wheel"", ""Nivalis""]","[0.9626860618591309, 0.49764859676361084, 0.11759411543607712, 0.031563401222229004, 0.015154966153204441]"
2,centroid,1,587,Xtreme,Xtreme,"[""Xtreme"", ""Gemini"", ""Ilias"", ""Triton"", ""Steel_Wheel""]","[0.9549685716629028, 0.5257646441459656, 0.007829906418919563, -0.018015652894973755, -0.02551327273249626]"
2,centroid,1,588,Xtreme,Xtreme,"[""Xtreme"", ""Gemini"", ""Velorum"", ""Mytikas"", ""Steel_Wheel""]","[0.9557297229766846, 0.36827701330184937, 0.1477339267730713, 0.04264681786298752, 0.038682516664266586]"
2,centroid,1,589,Xtreme,Xtreme,"[""Xtreme"", ""Gemini"", ""Triton"", ""Mytikas"", ""Ilias""]","[0.9169775247573853, 0.41204166412353516, 0.20485948026180267, 0.16407731175422668, 0.08763362467288971]"
2,centroid,1,590,Xtreme,Xtreme,"[""Xtreme"", ""Gemini"", ""Nivalis"", ""Steel_Wheel"", ""Ilias""]","[0.9305426478385925, 0.42717844247817993, 0.06637566536664963, 0.04884827509522438, 0.03612644225358963]"
2,centroid,1,591,Xtreme,Xtreme,"[""Xtreme"", ""Triton"", ""Gemini"", ""Braga"", ""Mytikas""]","[0.6975158452987671, 0.4504657983779907, 0.36270761489868164, 0.3499431312084198, 0.34107065200805664]"
2,centroid,1,592,Xtreme,Xtreme,"[""Xtreme"", ""Gemini"", ""Steel_Wheel"", ""Trius"", ""Braga""]","[0.8487491607666016, 0.6957702040672302, 0.04351562634110451, 0.038275573402643204, 0.0009720046073198318]"
2,centroid,1,593,Xtreme,Xtreme,"[""Xtreme"", ""Gemini"", ""Steel_Wheel"", ""Hawk"", ""Ilias""]","[0.961823046207428, 0.33230069279670715, 0.061606429517269135, 0.014420627616345882, -0.05981465056538582]"
2,centroid,1,594,Xtreme,Xtreme,"[""Xtreme"", ""Gemini"", ""Steel_Wheel"", ""Hawk"", ""Denom""]","[0.9409167766571045, 0.46106818318367004, 0.07550022006034851, 0.03482970967888832, -0.012165527790784836]"
2,centroid,1,595,Xtreme,Xtreme,"[""Xtreme"", ""Gemini"", ""Steel_Wheel"", ""Ilias"", ""Denom""]","[0.9685525894165039, 0.4087055027484894, 0.06453041732311249, -0.016316905617713928, -0.06417091935873032]"
2,centroid,1,596,Xtreme,Xtreme,"[""Xtreme"", ""Gemini"", ""Ilias"", ""Triton"", ""Mytikas""]","[0.8983557224273682, 0.4272158741950989, 0.21106484532356262, 0.1804298758506775, 0.1442498117685318]"
2,centroid,1,597,Xtreme,Xtreme,"[""Xtreme"", ""Gemini"", ""Ilias"", ""Velorum"", ""Triton""]","[0.9482767581939697, 0.5054812431335449, 0.16709616780281067, 0.0953662320971489, 0.09059146046638489]"
2,centroid,1,598,Xtreme,Xtreme,"[""Xtreme"", ""Gemini"", ""Hawk"", ""Vega"", ""Braga""]","[0.8470029830932617, 0.516821026802063, 0.3929118514060974, 0.04723185673356056, 0.03937707096338272]"
2,centroid,1,599,Xtreme,Xtreme,"[""Xtreme"", ""Gemini"", ""Ilias"", ""Denom"", ""Steel_Wheel""]","[0.9500267505645752, 0.3685709238052368, 0.08021219074726105, 0.05123760178685188, 0.03211725130677223]"
2,centroid,1,600,Xtreme,Gemini,"[""Gemini"", ""Xtreme"", ""Trius"", ""Nivalis"", ""Vega""]","[0.7328921556472778, 0.7299742102622986, 0.16274982690811157, 0.09808474779129028, 0.07054838538169861]"
2,centroid,1,601,Xtreme,Xtreme,"[""Xtreme"", ""Gemini"", ""Ilias"", ""Denom"", ""Nivalis""]","[0.9354562163352966, 0.4947010278701782, 0.1732642650604248, 0.15845361351966858, 0.05765118822455406]"
2,centroid,1,602,Xtreme,Xtreme,"[""Xtreme"", ""Gemini"", ""Hawk"", ""Mytikas"", ""Velorum""]","[0.9160862565040588, 0.3384036421775818, 0.08002273738384247, 0.051325082778930664, 0.04452765733003616]"
2,centroid,1,603,Xtreme,Braga,"[""Braga"", ""Triton"", ""Xtreme"", ""Gemini"", ""Trius""]","[0.6889955997467041, 0.5768415927886963, 0.5437617301940918, 0.4818035960197449, 0.48115503787994385]"
2,centroid,1,604,Xtreme,Xtreme,"[""Xtreme"", ""Gemini"", ""Hawk"", ""Braga"", ""Vega""]","[0.8390867114067078, 0.44479647278785706, 0.29775765538215637, 0.03250787779688835, -0.02597811073064804]"
2,centroid,1,605,Xtreme,Triton,"[""Triton"", ""Gemini"", ""Trius"", ""Mytikas"", ""Braga""]","[0.5858398079872131, 0.5582084655761719, 0.4716304540634155, 0.44258421659469604, 0.44062796235084534]"
2,centroid,1,606,Xtreme,Xtreme,"[""Xtreme"", ""Gemini"", ""Triton"", ""Ilias"", ""Braga""]","[0.9035393595695496, 0.5641735196113586, 0.12013482302427292, 0.10659092664718628, 0.07087039202451706]"
2,centroid,1,607,Xtreme,Gemini,"[""Gemini"", ""Xtreme"", ""Denom"", ""Trius"", ""Steel_Wheel""]","[0.5116220116615295, 0.4661869704723358, 0.23849675059318542, 0.184486985206604, 0.09269970655441284]"
2,centroid,1,608,Xtreme,Xtreme,"[""Xtreme"", ""Gemini"", ""Steel_Wheel"", ""Hawk"", ""Velorum""]","[0.9803515076637268, 0.4602620601654053, 0.03771304339170456, 0.019139979034662247, -0.044191353023052216]"
2,centroid,1,609,Xtreme,Xtreme,"[""Xtreme"", ""Gemini"", ""Velorum"", ""Ilias"", ""Trius""]","[0.6263680458068848, 0.45471811294555664, 0.4497707784175873, 0.24802084267139435, 0.0885760560631752]"
3,centroid,1,0,Alaris,Alaris,"[""Alaris"", ""Alcatras"", ""Trius"", ""Braga"", ""Vega""]","[0.840437650680542, 0.746609628200531, 0.6286028027534485, 0.5807783007621765, 0.4774169325828552]"
3,centroid,1,1,Alaris,Alaris,"[""Alaris"", ""Alcatras"", ""Turbine"", ""Trius"", ""Hawk""]","[0.958798885345459, 0.7440913915634155, 0.4849013090133667, 0.4445916414260864, 0.38251978158950806]"
3,centroid,1,2,Alaris,Alaris,"[""Alaris"", ""Alcatras"", ""Hawk"", ""Vega"", ""Trius""]","[0.8239606618881226, 0.7233982682228088, 0.5947265625, 0.41652047634124756, 0.3209226727485657]"
3,centroid,1,3,Alaris,Alaris,"[""Alaris"", ""Alcatras"", ""Trius"", ""Braga"", ""Hawk""]","[0.9448179006576538, 0.7628979682922363, 0.5599552392959595, 0.5168574452400208, 0.48116567730903625]"
3,centroid,1,4,Alaris,Alaris,"[""Alaris"", ""Alcatras"", ""Hawk"", ""Turbine"", ""Braga""]","[0.9173119068145752, 0.7582149505615234, 0.4824177920818329, 0.4075232148170471, 0.35684800148010254]"
3,centroid,1,5,Alaris,Alaris,"[""Alaris"", ""Hawk"", ""Alcatras"", ""Trius"", ""Vega""]","[0.769302487373352, 0.7368718385696411, 0.6801397800445557, 0.4366540014743805, 0.42525961995124817]"
3,centroid,1,6,Alaris,Alaris,"[""Alaris"", ""Hawk"", ""Vega"", ""Alcatras"", ""Turbine""]","[0.8381562232971191, 0.6589918732643127, 0.655782163143158, 0.6112631559371948, 0.5244061946868896]"
3,centroid,1,7,Alaris,Alaris,"[""Alaris"", ""Alcatras"", ""Trius"", ""Vega"", ""Turbine""]","[0.8573029637336731, 0.6102845668792725, 0.5471051335334778, 0.42893853783607483, 0.2659720182418823]"
3,centroid,1,8,Alaris,Alaris,"[""Alaris"", ""Alcatras"", ""Trius"", ""Triton"", ""Vega""]","[0.8356665968894958, 0.6996097564697266, 0.5924117565155029, 0.40344083309173584, 0.39228782057762146]"
3,centroid,1,9,Alaris,Braga,"[""Braga"", ""Gemini"", ""Alcatras"", ""Trius"", ""Xtreme""]","[0.4938388764858246, 0.45642921328544617, 0.41854506731033325, 0.3374640941619873, 0.3267051577568054]"
3,centroid,1,10,Alaris,Alaris,"[""Alaris"", ""Alcatras"", ""Braga"", ""Hawk"", ""Trius""]","[0.8383089303970337, 0.6202926635742188, 0.5788517594337463, 0.4981306195259094, 0.49323898553848267]"
3,centroid,1,11,Alaris,Alaris,"[""Alaris"", ""Alcatras"", ""Trius"", ""Mytikas"", ""Triton""]","[0.8259230852127075, 0.7872980833053589, 0.5821159482002258, 0.5800526142120361, 0.3890734612941742]"
3,centroid,1,12,Alaris,Triton,"[""Triton"", ""Castor"", ""Braga"", ""Mytikas"", ""Trius""]","[0.7800309658050537, 0.6760711073875427, 0.5340894460678101, 0.5181723237037659, 0.46184635162353516]"
3,centroid,1,13,Alaris,Alaris,"[""Alaris"", ""Trius"", ""Alcatras"", ""Vega"", ""Gemini""]","[0.7990462779998779, 0.5443817377090454, 0.5250808000564575, 0.4396061897277832, 0.40239304304122925]"
3,centroid,1,14,Alaris,Alaris,"[""Alaris"", ""Alcatras"", ""Vega"", ""Braga"", ""Trius""]","[0.8306310176849365, 0.618322491645813, 0.47711119055747986, 0.4601548910140991, 0.3863629698753357]"
3,centroid,1,15,Alaris,Alaris,"[""Alaris"", ""Alcatras"", ""Braga"", ""Trius"", ""Turbine""]","[0.9082693457603455, 0.8274285197257996, 0.5687097311019897, 0.5444667339324951, 0.5222381353378296]"
3,centroid,1,16,Alaris,Alaris,"[""Alaris"", ""Alcatras"", ""Trius"", ""Vega"", ""Turbine""]","[0.9490941762924194, 0.680898904800415, 0.47484177350997925, 0.4468546509742737, 0.427484393119812]"
3,centroid,1,17,Alaris,Alaris,"[""Alaris"", ""Alcatras"", ""Hawk"", ""Braga"", ""Turbine""]","[0.8778249025344849, 0.7357901930809021, 0.5904147028923035, 0.5858159065246582, 0.5384019017219543]"
3,centroid,1,18,Alaris,Alaris,"[""Alaris"", ""Alcatras"", ""Braga"", ""Turbine"", ""Vega""]","[0.8227805495262146, 0.6697605848312378, 0.5546650886535645, 0.5514012575149536, 0.46806180477142334]"
3,centroid,1,19,Alaris,Alaris,"[""Alaris"", ""Hawk"", ""Alcatras"", ""Trius"", ""Vega""]","[0.7924882173538208, 0.6747057437896729, 0.6484710574150085, 0.40363967418670654, 0.4007216691970825]"
3,centroid,1,20,Alaris,Mytikas,"[""Mytikas"", ""Braga"", ""Trius"", ""Castor"", ""Turbine""]","[0.7327263355255127, 0.7058547735214233, 0.5876837968826294, 0.5225017070770264, 0.46516433358192444]"
3,centroid,1,21,Alaris,Alaris,"[""Alaris"", ""Alcatras"", ""Turbine"", ""Hawk"", ""Vega""]","[0.7863281965255737, 0.526625394821167, 0.41270822286605835, 0.2705879211425781, 0.20615477859973907]"
3,centroid,1,22,Alaris,Alaris,"[""Alaris"", ""Hawk"", ""Alcatras"", ""Vega"", ""Trius""]","[0.799973726272583, 0.6856871247291565, 0.6647657155990601, 0.40265220403671265, 0.37023693323135376]"
3,centroid,1,23,Alaris,Trius,"[""Trius"", ""Alaris"", ""Triton"", ""Alcatras"", ""Braga""]","[0.7073787450790405, 0.705980122089386, 0.647376298904419, 0.5866237878799438, 0.3609510064125061]"
3,centroid,1,24,Alaris,Alaris,"[""Alaris"", ""Alcatras"", ""Trius"", ""Braga"", ""Turbine""]","[0.9390518665313721, 0.7705106735229492, 0.6181460618972778, 0.5767138004302979, 0.5185592770576477]"
3,centroid,1,25,Alaris,Alcatras,"[""Alcatras"", ""Hawk"", ""Alaris"", ""Turbine"", ""Mytikas""]","[0.6695134043693542, 0.569425106048584, 0.5573300123214722, 0.5276909470558167, 0.3541851043701172]"
3,centroid,1,26,Alaris,Trius,"[""Trius"", ""Alcatras"", ""Triton"", ""Braga"", ""Alaris""]","[0.5740059614181519, 0.5632102489471436, 0.5569315552711487, 0.5356513261795044, 0.5150003433227539]"
3,centroid,1,27,Alcatras,Alcatras,"[""Alcatras"", ""Castor"", ""Trius"", ""Braga"", ""Alaris""]","[0.7843374609947205, 0.6808120012283325, 0.5713979005813599, 0.5695319175720215, 0.5401490330696106]"
3,centroid,1,28,Alcatras,Castor,"[""Castor"", ""Braga"", ""Mytikas"", ""Alcatras"", ""Triton""]","[0.8531229496002197, 0.6042116284370422, 0.5664917230606079, 0.5480254888534546, 0.5384252071380615]"
3,centroid,1,29,Alcatras,Alcatras,"[""Alcatras"", ""Alaris"", ""Trius"", ""Castor"", ""Braga""]","[0.8327534198760986, 0.7003265619277954, 0.5846661329269409, 0.5507858991622925, 0.5213245153427124]"
3,centroid,1,30,Alcatras,Alcatras,"[""Alcatras"", ""Alaris"", ""Castor"", ""Braga"", ""Mytikas""]","[0.8719320893287659, 0.7070950269699097, 0.53175950050354, 0.45424848794937134, 0.40849319100379944]"
3,centroid,1,31,Alcatras,Trius,"[""Trius"", ""Alcatras"", ""Alaris"", ""Triton"", ""Mytikas""]","[0.7488008737564087, 0.7324742674827576, 0.7280861139297485, 0.608568549156189, 0.5083262920379639]"
3,centroid,1,32,Alcatras,Alcatras,"[""Alcatras"", ""Alaris"", ""Castor"", ""Braga"", ""Mytikas""]","[0.8420500755310059, 0.593487024307251, 0.5828714370727539, 0.37425267696380615, 0.34717491269111633]"
3,centroid,1,33,Alcatras,Alcatras,"[""Alcatras"", ""Castor"", ""Braga"", ""Triton"", ""Trius""]","[0.8692026138305664, 0.7209762334823608, 0.623964786529541, 0.6230707168579102, 0.5871313810348511]"
3,centroid,1,34,Alcatras,Alcatras,"[""Alcatras"", ""Alaris"", ""Hawk"", ""Castor"", ""Braga""]","[0.8853475451469421, 0.7402539849281311, 0.483245313167572, 0.47810614109039307, 0.4541360139846802]"
3,centroid,1,35,Alcatras,Alcatras,"[""Alcatras"", ""Alaris"", ""Braga"", ""Castor"", ""Trius""]","[0.8471818566322327, 0.6352037787437439, 0.5492545962333679, 0.5456579327583313, 0.4231983423233032]"
3,centroid,1,36,Alcatras,Alcatras,"[""Alcatras"", ""Alaris"", ""Braga"", ""Castor"", ""Mytikas""]","[0.8732951879501343, 0.6526697874069214, 0.5963923931121826, 0.5396866202354431, 0.5269402265548706]"
3,centroid,1,37,Alcatras,Triton,"[""Triton"", ""Mytikas"", ""Trius"", ""Castor"", ""Alcatras""]","[0.7859482765197754, 0.7301304340362549, 0.7210021615028381, 0.6759730577468872, 0.673697292804718]"
3,centroid,1,38,Alcatras,Alcatras,"[""Alcatras"", ""Alaris"", ""Braga"", ""Hawk"", ""Castor""]","[0.8748799562454224, 0.6805217266082764, 0.6142503023147583, 0.5521966814994812, 0.515499472618103]"
3,centroid,1,39,Alcatras,Alcatras,"[""Alcatras"", ""Alaris"", ""Castor"", ""Hawk"", ""Trius""]","[0.8203647136688232, 0.7052944898605347, 0.4000816345214844, 0.35815751552581787, 0.32320916652679443]"
3,centroid,1,40,Alcatras,Alcatras,"[""Alcatras"", ""Alaris"", ""Castor"", ""Braga"", ""Mytikas""]","[0.9141815900802612, 0.7621240615844727, 0.5085136890411377, 0.42386218905448914, 0.37355464696884155]"
3,centroid,1,41,Alcatras,Alcatras,"[""Alcatras"", ""Braga"", ""Alaris"", ""Trius"", ""Castor""]","[0.8245506286621094, 0.7226715683937073, 0.58707195520401, 0.5016697645187378, 0.4993961751461029]"
3,centroid,1,42,Alcatras,Alcatras,"[""Alcatras"", ""Alaris"", ""Trius"", ""Triton"", ""Velorum""]","[0.8415341377258301, 0.6487367749214172, 0.5775483250617981, 0.5034977793693542, 0.40447676181793213]"
3,centroid,1,43,Alcatras,Alaris,"[""Alaris"", ""Alcatras"", ""Trius"", ""Castor"", ""Braga""]","[0.8652529716491699, 0.8499976992607117, 0.4713066816329956, 0.4540517330169678, 0.44162964820861816]"
3,centroid,1,44,Alcatras,Castor,"[""Castor"", ""Alcatras"", ""Mytikas"", ""Braga"", ""Triton""]","[0.8425649404525757, 0.7917460799217224, 0.6390154361724854, 0.5711403489112854, 0.5409451127052307]"
3,centroid,1,45,Alcatras,Alcatras,"[""Alcatras"", ""Castor"", ""Alaris"", ""Braga"", ""Mytikas""]","[0.8809146285057068, 0.7224365472793579, 0.6841800808906555, 0.46877357363700867, 0.43702444434165955]"
3,centroid,1,46,Alcatras,Alcatras,"[""Alcatras"", ""Alaris"", ""Castor"", ""Hawk"", ""Turbine""]","[0.8038313388824463, 0.7485301494598389, 0.43883025646209717, 0.3891048729419708, 0.3344368636608124]"
3,centroid,1,47,Alcatras,Alcatras,"[""Alcatras"", ""Braga"", ""Trius"", ""Triton"", ""Alaris""]","[0.799883246421814, 0.7032625675201416, 0.6991224884986877, 0.5653164386749268, 0.5614886283874512]"
3,centroid,1,48,Alcatras,Alcatras,"[""Alcatras"", ""Alaris"", ""Castor"", ""Hawk"", ""Turbine""]","[0.8108295202255249, 0.7833831906318665, 0.37064436078071594, 0.3690502941608429, 0.32534918189048767]"
3,centroid,1,49,Alcatras,Castor,"[""Castor"", ""Mytikas"", ""Triton"", ""Alcatras"", ""Trius""]","[0.7671255469322205, 0.6921700835227966, 0.6845334768295288, 0.6632453203201294, 0.5406585335731506]"
3,centroid,1,50,Alcatras,Alcatras,"[""Alcatras"", ""Alaris"", ""Hawk"", ""Trius"", ""Braga""]","[0.8538928031921387, 0.7726318836212158, 0.4499206244945526, 0.4064922332763672, 0.3937409222126007]"
3,centroid,1,51,Alcatras,Alcatras,"[""Alcatras"", ""Alaris"", ""Castor"", ""Mytikas"", ""Hawk""]","[0.754148006439209, 0.6302461624145508, 0.40879830718040466, 0.3098108768463135, 0.29133838415145874]"
3,centroid,1,52,Alcatras,Turbine,"[""Turbine"", ""Vega"", ""Alaris"", ""Hawk"", ""Alcatras""]","[0.7425439357757568, 0.6212453246116638, 0.5920292139053345, 0.46900948882102966, 0.40548503398895264]"
3,centroid,1,53,Braga,Castor,"[""Castor"", ""Braga"", ""Alcatras"", ""Trius"", ""Triton""]","[0.8036502599716187, 0.7918014526367188, 0.6616464257240295, 0.5148730278015137, 0.5016143321990967]"
3,centroid,1,54,Braga,Braga,"[""Braga"", ""Gemini"", ""Hawk"", ""Vega"", ""Xtreme""]","[0.8092097043991089, 0.6471379399299622, 0.5879727602005005, 0.5548564791679382, 0.41719311475753784]"
3,centroid,1,55,Braga,Braga,"[""Braga"", ""Hawk"", ""Alcatras"", ""Turbine"", ""Mytikas""]","[0.740264892578125, 0.7208776473999023, 0.585603654384613, 0.5125641822814941, 0.46845388412475586]"
3,centroid,1,56,Braga,Braga,"[""Braga"", ""Alcatras"", ""Castor"", ""Triton"", ""Trius""]","[0.8581184148788452, 0.6513090133666992, 0.5804452896118164, 0.56158447265625, 0.527301013469696]"
3,centroid,1,57,Braga,Vega,"[""Vega"", ""Turbine"", ""Hawk"", ""Braga"", ""Alaris""]","[0.7884756922721863, 0.7551895380020142, 0.6234323382377625, 0.4974742829799652, 0.4130132496356964]"
3,centroid,1,58,Braga,Braga,"[""Braga"", ""Alcatras"", ""Castor"", ""Triton"", ""Turbine""]","[0.8501977324485779, 0.7063515186309814, 0.6617686152458191, 0.6037207245826721, 0.5713133215904236]"
3,centroid,1,59,Braga,Braga,"[""Braga"", ""Castor"", ""Triton"", ""Trius"", ""Alcatras""]","[0.8733854293823242, 0.6482917666435242, 0.6168419122695923, 0.519371509552002, 0.4390014111995697]"
3,centroid,1,60,Braga,Braga,"[""Braga"", ""Alcatras"", ""Alaris"", ""Triton"", ""Trius""]","[0.8647028803825378, 0.7321348786354065, 0.6664196252822876, 0.6505619287490845, 0.6423912048339844]"
3,centroid,1,61,Braga,Braga,"[""Braga"", ""Gemini"", ""Vega"", ""Trius"", ""Triton""]","[0.8021292686462402, 0.5867911577224731, 0.5022883415222168, 0.4993186593055725, 0.3771663010120392]"
3,centroid,1,62,Braga,Alaris,"[""Alaris"", ""Turbine"", ""Alcatras"", ""Castor"", ""Braga""]","[0.7613376379013062, 0.6486064195632935, 0.6308746933937073, 0.5625601410865784, 0.4734530448913574]"
3,centroid,1,63,Braga,Braga,"[""Braga"", ""Hawk"", ""Alaris"", ""Turbine"", ""Alcatras""]","[0.8778887987136841, 0.6372132301330566, 0.613097071647644, 0.5857342481613159, 0.5791381001472473]"
3,centroid,1,64,Braga,Braga,"[""Braga"", ""Triton"", ""Alcatras"", ""Trius"", ""Castor""]","[0.7776268720626831, 0.713409960269928, 0.6925323009490967, 0.6905627250671387, 0.6792522668838501]"
3,centroid,1,65,Braga,Braga,"[""Braga"", ""Triton"", ""Trius"", ""Mytikas"", ""Gemini""]","[0.8831703662872314, 0.6446516513824463, 0.5579337477684021, 0.5354166030883789, 0.48938244581222534]"
3,centroid,1,66,Braga,Braga,"[""Braga"", ""Gemini"", ""Hawk"", ""Triton"", ""Trius""]","[0.8733186721801758, 0.5713765621185303, 0.5484228730201721, 0.44781801104545593, 0.431769996881485]"
3,centroid,1,67,Braga,Braga,"[""Braga"", ""Alaris"", ""Trius"", ""Hawk"", ""Turbine""]","[0.8519326448440552, 0.670052170753479, 0.6137346029281616, 0.6106396913528442, 0.6100771427154541]"
3,centroid,1,68,Braga,Braga,"[""Braga"", ""Turbine"", ""Castor"", ""Hawk"", ""Alcatras""]","[0.8093814253807068, 0.6711069345474243, 0.6564987897872925, 0.4332042634487152, 0.42106860876083374]"
3,centroid,1,69,Braga,Braga,"[""Braga"", ""Turbine"", ""Trius"", ""Triton"", ""Alaris""]","[0.7434437274932861, 0.6158185601234436, 0.48651501536369324, 0.45246151089668274, 0.45155492424964905]"
3,centroid,1,70,Braga,Braga,"[""Braga"", ""Vega"", ""Hawk"", ""Gemini"", ""Turbine""]","[0.7805812954902649, 0.6868336200714111, 0.6218430399894714, 0.5075215101242065, 0.4995390474796295]"
3,centroid,1,71,Braga,Braga,"[""Braga"", ""Turbine"", ""Alcatras"", ""Hawk"", ""Vega""]","[0.8219534158706665, 0.5624101161956787, 0.50174880027771, 0.45239701867103577, 0.44907084107398987]"
3,centroid,1,72,Braga,Braga,"[""Braga"", ""Gemini"", ""Vega"", ""Trius"", ""Alaris""]","[0.778947114944458, 0.7578305006027222, 0.7560042142868042, 0.7154431343078613, 0.4977095425128937]"
3,centroid,1,73,Braga,Turbine,"[""Turbine"", ""Braga"", ""Xtreme"", ""Castor"", ""Hawk""]","[0.5727859735488892, 0.5344880819320679, 0.3635355532169342, 0.3484111428260803, 0.30451494455337524]"
3,centroid,1,74,Braga,Braga,"[""Braga"", ""Castor"", ""Triton"", ""Alcatras"", ""Trius""]","[0.8481686115264893, 0.7085072994232178, 0.6107062101364136, 0.4980301558971405, 0.4688361883163452]"
3,centroid,1,75,Braga,Vega,"[""Vega"", ""Gemini"", ""Braga"", ""Trius"", ""Hawk""]","[0.770719051361084, 0.7141998410224915, 0.6635783910751343, 0.5956082344055176, 0.52464359998703]"
3,centroid,1,76,Braga,Braga,"[""Braga"", ""Triton"", ""Castor"", ""Trius"", ""Gemini""]","[0.7724632620811462, 0.650759756565094, 0.6039848923683167, 0.5599645972251892, 0.5235648155212402]"
3,centroid,1,77,Braga,Braga,"[""Braga"", ""Alcatras"", ""Castor"", ""Triton"", ""Mytikas""]","[0.8548954725265503, 0.6898831129074097, 0.6709861159324646, 0.6368900537490845, 0.5924214124679565]"
3,centroid,1,78,Braga,Braga,"[""Braga"", ""Alcatras"", ""Trius"", ""Triton"", ""Alaris""]","[0.859708309173584, 0.7014286518096924, 0.6457483768463135, 0.5997243523597717, 0.5591052174568176]"
3,centroid,1,79,Braga,Braga,"[""Braga"", ""Castor"", ""Turbine"", ""Alcatras"", ""Hawk""]","[0.8320837020874023, 0.6432552337646484, 0.5374912619590759, 0.33792078495025635, 0.32919830083847046]"
3,centroid,1,80,Braga,Braga,"[""Braga"", ""Alcatras"", ""Castor"", ""Alaris"", ""Hawk""]","[0.8393744826316833, 0.7245861887931824, 0.6052813529968262, 0.513221800327301, 0.4983144998550415]"
3,centroid,1,81,Braga,Vega,"[""Vega"", ""Braga"", ""Gemini"", ""Hawk"", ""Trius""]","[0.7063450813293457, 0.6511478424072266, 0.5644673109054565, 0.5088305473327637, 0.4025399088859558]"
3,centroid,1,82,Braga,Braga,"[""Braga"", ""Alcatras"", ""Alaris"", ""Turbine"", ""Castor""]","[0.8563079833984375, 0.7341654300689697, 0.6872411966323853, 0.521228015422821, 0.4872928857803345]"
3,centroid,1,83,Braga,Vega,"[""Vega"", ""Braga"", ""Hawk"", ""Gemini"", ""Turbine""]","[0.7233794927597046, 0.6790170073509216, 0.6738314628601074, 0.5713971853256226, 0.48651111125946045]"
3,centroid,1,84,Braga,Braga,"[""Braga"", ""Alcatras"", ""Turbine"", ""Alaris"", ""Mytikas""]","[0.7707604169845581, 0.6823848485946655, 0.6001233458518982, 0.5426197052001953, 0.512871503829956]"
3,centroid,1,85,Braga,Alcatras,"[""Alcatras"", ""Mytikas"", ""Castor"", ""Alaris"", ""Braga""]","[0.7206407189369202, 0.6972667574882507, 0.6256911754608154, 0.6164180636405945, 0.6020461320877075]"
3,centroid,1,86,Braga,Braga,"[""Braga"", ""Alcatras"", ""Alaris"", ""Trius"", ""Gemini""]","[0.8053001761436462, 0.6348351240158081, 0.5523942708969116, 0.5104988813400269, 0.405464768409729]"
3,centroid,1,87,Braga,Vega,"[""Vega"", ""Gemini"", ""Trius"", ""Braga"", ""Triton""]","[0.765690267086029, 0.6710527539253235, 0.535387396812439, 0.48165419697761536, 0.35939401388168335]"
3,centroid,1,88,Braga,Braga,"[""Braga"", ""Vega"", ""Alaris"", ""Turbine"", ""Alcatras""]","[0.6817632913589478, 0.6640663743019104, 0.6559712886810303, 0.5585993528366089, 0.530276894569397]"
3,centroid,1,89,Braga,Triton,"[""Triton"", ""Mytikas"", ""Braga"", ""Castor"", ""Trius""]","[0.8157232999801636, 0.6671594381332397, 0.6520548462867737, 0.6285205483436584, 0.5314554572105408]"
3,centroid,1,90,Castor,Alcatras,"[""Alcatras"", ""Castor"", ""Turbine"", ""Alaris"", ""Braga""]","[0.7795233130455017, 0.7474750876426697, 0.6471079587936401, 0.6372638940811157, 0.4883723258972168]"
3,centroid,1,91,Castor,Castor,"[""Castor"", ""Braga"", ""Triton"", ""Mytikas"", ""Alcatras""]","[0.9414181709289551, 0.6098743677139282, 0.5485759973526001, 0.5401316285133362, 0.5311387777328491]"
3,centroid,1,92,Castor,Castor,"[""Castor"", ""Alcatras"", ""Turbine"", ""Mytikas"", ""Braga""]","[0.9023582935333252, 0.6686135530471802, 0.5041948556900024, 0.4323045611381531, 0.415131151676178]"
3,centroid,1,93,Castor,Castor,"[""Castor"", ""Turbine"", ""Alcatras"", ""Braga"", ""Mytikas""]","[0.901854395866394, 0.6310418248176575, 0.47552114725112915, 0.4741271138191223, 0.40113985538482666]"
3,centroid,1,94,Castor,Castor,"[""Castor"", ""Braga"", ""Triton"", ""Alcatras"", ""Trius""]","[0.8520370125770569, 0.5908457040786743, 0.5128054618835449, 0.47842103242874146, 0.4081800580024719]"
3,centroid,1,95,Castor,Castor,"[""Castor"", ""Turbine"", ""Braga"", ""Alcatras"", ""Triton""]","[0.9223012328147888, 0.4405405819416046, 0.41712701320648193, 0.35554438829421997, 0.33922332525253296]"
3,centroid,1,96,Castor,Castor,"[""Castor"", ""Braga"", ""Alcatras"", ""Turbine"", ""Triton""]","[0.9416919946670532, 0.516026496887207, 0.5074331760406494, 0.4557483196258545, 0.4378170669078827]"
3,centroid,1,97,Castor,Castor,"[""Castor"", ""Triton"", ""Mytikas"", ""Alcatras"", ""Braga""]","[0.8991051316261292, 0.6131309270858765, 0.6061632037162781, 0.4925159811973572, 0.43930184841156006]"
3,centroid,1,98,Castor,Castor,"[""Castor"", ""Triton"", ""Mytikas"", ""Velorum"", ""Alcatras""]","[0.6337865591049194, 0.5761284232139587, 0.5287281274795532, 0.44937583804130554, 0.4227064847946167]"
3,centroid,1,99,Castor,Castor,"[""Castor"", ""Triton"", ""Turbine"", ""Alcatras"", ""Mytikas""]","[0.6748026609420776, 0.4488770365715027, 0.3601391315460205, 0.2921674847602844, 0.25948306918144226]"
3,centroid,1,100,Castor,Castor,"[""Castor"", ""Alcatras"", ""Mytikas"", ""Triton"", ""Braga""]","[0.8872360587120056, 0.5810562372207642, 0.5310865640640259, 0.5100484490394592, 0.4485219419002533]"
3,centroid,1,101,Castor,Castor,"[""Castor"", ""Turbine"", ""Braga"", ""Alcatras"", ""Triton""]","[0.9189709424972534, 0.475843608379364, 0.43373334407806396, 0.3613421320915222, 0.31950199604034424]"
3,centroid,1,102,Castor,Castor,"[""Castor"", ""Alcatras"", ""Turbine"", ""Braga"", ""Mytikas""]","[0.8871902823448181, 0.6714233756065369, 0.5628383755683899, 0.5513092875480652, 0.4839227497577667]"
3,centroid,1,103,Castor,Castor,"[""Castor"", ""Mytikas"", ""Triton"", ""Turbine"", ""Alcatras""]","[0.9339668154716492, 0.5401167869567871, 0.5197142958641052, 0.468080997467041, 0.4395519196987152]"
3,centroid,1,104,Castor,Castor,"[""Castor"", ""Braga"", ""Triton"", ""Mytikas"", ""Alcatras""]","[0.8898957371711731, 0.5737708806991577, 0.5660339593887329, 0.5334811210632324, 0.39433348178863525]"
3,centroid,1,105,Castor,Castor,"[""Castor"", ""Mytikas"", ""Braga"", ""Triton"", ""Turbine""]","[0.936294436454773, 0.3912575840950012, 0.39125338196754456, 0.3737737536430359, 0.37216436862945557]"
3,centroid,1,106,Castor,Castor,"[""Castor"", ""Turbine"", ""Mytikas"", ""Alcatras"", ""Triton""]","[0.9184694290161133, 0.516310453414917, 0.40913426876068115, 0.40423399209976196, 0.40078702569007874]"
3,centroid,1,107,Castor,Castor,"[""Castor"", ""Mytikas"", ""Turbine"", ""Triton"", ""Braga""]","[0.8756428956985474, 0.4842078983783722, 0.43250733613967896, 0.38805145025253296, 0.38552138209342957]"
3,centroid,1,108,Castor,Castor,"[""Castor"", ""Alcatras"", ""Turbine"", ""Braga"", ""Mytikas""]","[0.9436745643615723, 0.5301671028137207, 0.48854589462280273, 0.4652199149131775, 0.3921353816986084]"
3,centroid,1,109,Castor,Castor,"[""Castor"", ""Mytikas"", ""Alcatras"", ""Turbine"", ""Triton""]","[0.8445491790771484, 0.6046426296234131, 0.4915354251861572, 0.4695058763027191, 0.4335342049598694]"
3,centroid,1,110,Castor,Triton,"[""Triton"", ""Castor"", ""Mytikas"", ""Braga"", ""Trius""]","[0.7075287103652954, 0.7057996988296509, 0.46990475058555603, 0.4544491767883301, 0.4232237637042999]"
3,centroid,1,111,Castor,Castor,"[""Castor"", ""Turbine"", ""Alcatras"", ""Braga"", ""Mytikas""]","[0.9570653438568115, 0.5531156063079834, 0.5356873869895935, 0.4808168411254883, 0.43572998046875]"
3,centroid,1,112,Castor,Castor,"[""Castor"", ""Turbine"", ""Alcatras"", ""Mytikas"", ""Alaris""]","[0.8598132133483887, 0.5972608327865601, 0.5781206488609314, 0.49531012773513794, 0.3932734429836273]"
3,centroid,1,113,Castor,Castor,"[""Castor"", ""Triton"", ""Mytikas"", ""Braga"", ""Alcatras""]","[0.9303469061851501, 0.5866787433624268, 0.5832510590553284, 0.5545880198478699, 0.505242109298706]"
3,centroid,1,114,Castor,Castor,"[""Castor"", ""Mytikas"", ""Alcatras"", ""Triton"", ""Turbine""]","[0.8861679434776306, 0.5212225317955017, 0.5150378346443176, 0.47124582529067993, 0.4235142171382904]"
3,centroid,1,115,Castor,Castor,"[""Castor"", ""Mytikas"", ""Alcatras"", ""Triton"", ""Trius""]","[0.8989754319190979, 0.5737106800079346, 0.5673079490661621, 0.4367283582687378, 0.43300628662109375]"
3,centroid,1,116,Castor,Castor,"[""Castor"", ""Alcatras"", ""Turbine"", ""Braga"", ""Mytikas""]","[0.8871698975563049, 0.6245439052581787, 0.5573025941848755, 0.49661684036254883, 0.4034901261329651]"
3,centroid,1,117,Castor,Castor,"[""Castor"", ""Triton"", ""Braga"", ""Mytikas"", ""Alcatras""]","[0.9204088449478149, 0.4556400775909424, 0.43409407138824463, 0.39984583854675293, 0.3469311594963074]"
3,centroid,1,118,Castor,Castor,"[""Castor"", ""Braga"", ""Triton"", ""Mytikas"", ""Alcatras""]","[0.8873589038848877, 0.7296349406242371, 0.6148021221160889, 0.5424683094024658, 0.5325106382369995]"
3,centroid,1,119,Castor,Castor,"[""Castor"", ""Braga"", ""Alcatras"", ""Triton"", ""Turbine""]","[0.7832499742507935, 0.6056150197982788, 0.5426162481307983, 0.4875336289405823, 0.47513437271118164]"
3,centroid,1,120,Castor,Castor,"[""Castor"", ""Braga"", ""Turbine"", ""Alcatras"", ""Mytikas""]","[0.8427702188491821, 0.6541535258293152, 0.5593442916870117, 0.5429677367210388, 0.47677746415138245]"
3,centroid,1,121,Castor,Castor,"[""Castor"", ""Turbine"", ""Mytikas"", ""Alcatras"", ""Braga""]","[0.9531217217445374, 0.4958045780658722, 0.48515966534614563, 0.43316414952278137, 0.4295356571674347]"
3,centroid,1,122,Denom,Ratikon,"[""Ratikon"", ""Denom"", ""Nivalis"", ""Ilias"", ""Velorum""]","[0.8819329142570496, 0.877962589263916, 0.810634970664978, 0.6407562494277954, 0.4636422395706177]"
3,centroid,1,123,Denom,Denom,"[""Denom"", ""Nivalis"", ""Ratikon"", ""Ilias"", ""Velorum""]","[0.9319785833358765, 0.9030288457870483, 0.8292080163955688, 0.7421243786811829, 0.5629907846450806]"
3,centroid,1,124,Denom,Ratikon,"[""Ratikon"", ""Denom"", ""Nivalis"", ""Ilias"", ""Velorum""]","[0.9193296432495117, 0.9033701419830322, 0.8269405364990234, 0.6547709703445435, 0.33295029401779175]"
3,centroid,1,125,Denom,Denom,"[""Denom"", ""Ratikon"", ""Nivalis"", ""Ilias"", ""Velorum""]","[0.9437867999076843, 0.8500725030899048, 0.8070420026779175, 0.6735236644744873, 0.4192683696746826]"
3,centroid,1,126,Denom,Denom,"[""Denom"", ""Ratikon"", ""Nivalis"", ""Ilias"", ""Velorum""]","[0.9213640093803406, 0.7860323190689087, 0.7468037009239197, 0.4589342474937439, 0.2752422094345093]"
3,centroid,1,127,Denom,Ilias,"[""Ilias"", ""Denom"", ""Ratikon"", ""Nivalis"", ""Velorum""]","[0.8277267813682556, 0.785212516784668, 0.7606267929077148, 0.7086433172225952, 0.36381906270980835]"
3,centroid,1,128,Denom,Ratikon,"[""Ratikon"", ""Denom"", ""Nivalis"", ""Ilias"", ""Velorum""]","[0.8852666020393372, 0.8530995845794678, 0.7651128768920898, 0.6117339134216309, 0.15421397984027863]"
3,centroid,1,129,Denom,Denom,"[""Denom"", ""Nivalis"", ""Ratikon"", ""Ilias"", ""Velorum""]","[0.9652106761932373, 0.8698602914810181, 0.8639935255050659, 0.6621774435043335, 0.4096575081348419]"
3,centroid,1,130,Denom,Denom,"[""Denom"", ""Ratikon"", ""Nivalis"", ""Ilias"", ""Velorum""]","[0.9081532955169678, 0.8923898935317993, 0.8185243606567383, 0.786048412322998, 0.5596791505813599]"
3,centroid,1,131,Denom,Denom,"[""Denom"", ""Ratikon"", ""Nivalis"", ""Ilias"", ""Velorum""]","[0.9704992771148682, 0.8498106002807617, 0.796472430229187, 0.6219520568847656, 0.35839033126831055]"
3,centroid,1,132,Denom,Denom,"[""Denom"", ""Ratikon"", ""Nivalis"", ""Ilias"", ""Velorum""]","[0.9438093304634094, 0.8438735008239746, 0.8140792846679688, 0.6097248792648315, 0.48504358530044556]"
3,centroid,1,133,Denom,Denom,"[""Denom"", ""Ratikon"", ""Ilias"", ""Nivalis"", ""Velorum""]","[0.9136055111885071, 0.8137513399124146, 0.734782338142395, 0.7108654975891113, 0.3559527099132538]"
3,centroid,1,134,Denom,Ratikon,"[""Ratikon"", ""Denom"", ""Nivalis"", ""Ilias"", ""Velorum""]","[0.9051662683486938, 0.8719699382781982, 0.7903406620025635, 0.7304069399833679, 0.28800323605537415]"
3,centroid,1,135,Denom,Denom,"[""Denom"", ""Ratikon"", ""Nivalis"", ""Ilias"", ""Velorum""]","[0.918211042881012, 0.8101862668991089, 0.8008630275726318, 0.7289133071899414, 0.6788983345031738]"
3,centroid,1,136,Denom,Denom,"[""Denom"", ""Nivalis"", ""Ratikon"", ""Ilias"", ""Velorum""]","[0.9392658472061157, 0.7508888244628906, 0.7441532611846924, 0.581274688243866, 0.43104466795921326]"
3,centroid,1,137,Denom,Denom,"[""Denom"", ""Nivalis"", ""Ratikon"", ""Ilias"", ""Velorum""]","[0.926835834980011, 0.8894532322883606, 0.8406368494033813, 0.5776986479759216, 0.4047017991542816]"
3,centroid,1,138,Denom,Denom,"[""Denom"", ""Ratikon"", ""Nivalis"", ""Ilias"", ""Velorum""]","[0.868793249130249, 0.8255002498626709, 0.7942017912864685, 0.698924720287323, 0.4933048486709595]"
3,centroid,1,139,Denom,Denom,"[""Denom"", ""Ratikon"", ""Nivalis"", ""Ilias"", ""Xtreme""]","[0.8562315702438354, 0.5956300497055054, 0.5707172155380249, 0.5108623504638672, 0.23435787856578827]"
3,centroid,1,140,Denom,Denom,"[""Denom"", ""Nivalis"", ""Ratikon"", ""Ilias"", ""Velorum""]","[0.8804558515548706, 0.6041176319122314, 0.5314422249794006, 0.4839977025985718, 0.47479382157325745]"
3,centroid,1,141,Denom,Denom,"[""Denom"", ""Ratikon"", ""Nivalis"", ""Ilias"", ""Velorum""]","[0.92008376121521, 0.7893528938293457, 0.664455771446228, 0.5182576179504395, 0.31939932703971863]"
3,centroid,1,142,Denom,Denom,"[""Denom"", ""Nivalis"", ""Ratikon"", ""Ilias"", ""Gemini""]","[0.7744450569152832, 0.6980501413345337, 0.650750994682312, 0.591799795627594, 0.38473132252693176]"
3,centroid,1,143,Denom,Denom,"[""Denom"", ""Ratikon"", ""Nivalis"", ""Ilias"", ""Velorum""]","[0.8709081411361694, 0.8667049407958984, 0.6972488164901733, 0.6671411991119385, 0.2266361564397812]"
3,centroid,1,144,Denom,Denom,"[""Denom"", ""Ratikon"", ""Ilias"", ""Nivalis"", ""Velorum""]","[0.9179373979568481, 0.814838707447052, 0.7225914597511292, 0.6989759802818298, 0.4800766706466675]"
3,centroid,1,145,Denom,Denom,"[""Denom"", ""Ratikon"", ""Nivalis"", ""Ilias"", ""Velorum""]","[0.9225975871086121, 0.7702088356018066, 0.7635402679443359, 0.6990472078323364, 0.34983205795288086]"
3,centroid,1,146,Denom,Denom,"[""Denom"", ""Velorum"", ""Ratikon"", ""Ilias"", ""Nivalis""]","[0.8152103424072266, 0.7213190793991089, 0.6298768520355225, 0.6155310869216919, 0.5973334908485413]"
3,centroid,1,147,Denom,Denom,"[""Denom"", ""Ratikon"", ""Nivalis"", ""Ilias"", ""Velorum""]","[0.935332179069519, 0.8208139538764954, 0.8044203519821167, 0.7408342361450195, 0.4179382622241974]"
3,centroid,1,148,Denom,Denom,"[""Denom"", ""Ratikon"", ""Nivalis"", ""Ilias"", ""Velorum""]","[0.9458987712860107, 0.8099579811096191, 0.7610015273094177, 0.7416815757751465, 0.5111686587333679]"
3,centroid,1,149,Denom,Denom,"[""Denom"", ""Ratikon"", ""Nivalis"", ""Ilias"", ""Velorum""]","[0.9169201850891113, 0.9017664194107056, 0.8766207695007324, 0.7381963133811951, 0.42625391483306885]"
3,centroid,1,150,Denom,Denom,"[""Denom"", ""Nivalis"", ""Ratikon"", ""Ilias"", ""Velorum""]","[0.9115929007530212, 0.8158962726593018, 0.7422541975975037, 0.6820783615112305, 0.6210600137710571]"
3,centroid,1,151,Denom,Denom,"[""Denom"", ""Ratikon"", ""Nivalis"", ""Ilias"", ""Velorum""]","[0.9309872388839722, 0.9099587798118591, 0.8985707759857178, 0.6677520275115967, 0.4651319086551666]"
3,centroid,1,152,Denom,Denom,"[""Denom"", ""Ratikon"", ""Nivalis"", ""Ilias"", ""Velorum""]","[0.8078595399856567, 0.7570061683654785, 0.6324813961982727, 0.3738384246826172, -0.007149169221520424]"
3,centroid,1,153,Denom,Denom,"[""Denom"", ""Nivalis"", ""Ratikon"", ""Ilias"", ""Velorum""]","[0.9270763993263245, 0.8656120896339417, 0.8076664805412292, 0.6050947904586792, 0.4784732460975647]"
3,centroid,1,154,Denom,Denom,"[""Denom"", ""Ratikon"", ""Trius"", ""Nivalis"", ""Ilias""]","[0.7507075071334839, 0.5412383079528809, 0.514961302280426, 0.5128819942474365, 0.48977020382881165]"
3,centroid,1,155,Denom,Denom,"[""Denom"", ""Nivalis"", ""Ratikon"", ""Velorum"", ""Ilias""]","[0.8674383759498596, 0.8268792629241943, 0.7284343838691711, 0.5420751571655273, 0.5327911972999573]"
3,centroid,1,156,Denom,Denom,"[""Denom"", ""Nivalis"", ""Ratikon"", ""Ilias"", ""Velorum""]","[0.9229739904403687, 0.7267426252365112, 0.657328724861145, 0.6457154750823975, 0.29578647017478943]"
3,centroid,1,157,Denom,Denom,"[""Denom"", ""Ilias"", ""Nivalis"", ""Ratikon"", ""Velorum""]","[0.8780351877212524, 0.7445196509361267, 0.6903899908065796, 0.6776676177978516, 0.5684009790420532]"
3,centroid,1,158,Denom,Denom,"[""Denom"", ""Velorum"", ""Ilias"", ""Nivalis"", ""Ratikon""]","[0.7747930884361267, 0.5866854190826416, 0.5597432851791382, 0.5006197690963745, 0.49954259395599365]"
3,centroid,1,159,Gemini,Gemini,"[""Gemini"", ""Xtreme"", ""Braga"", ""Vega"", ""Trius""]","[0.8332815170288086, 0.608482837677002, 0.5773841738700867, 0.44386720657348633, 0.3794107437133789]"
3,centroid,1,160,Gemini,Gemini,"[""Gemini"", ""Hawk"", ""Xtreme"", ""Vega"", ""Nivalis""]","[0.6307530403137207, 0.4707803726196289, 0.46393021941185, 0.26717713475227356, 0.1561649888753891]"
3,centroid,1,161,Gemini,Gemini,"[""Gemini"", ""Xtreme"", ""Trius"", ""Vega"", ""Braga""]","[0.9576205015182495, 0.5971439480781555, 0.4356571435928345, 0.42090538144111633, 0.39642202854156494]"
3,centroid,1,162,Gemini,Gemini,"[""Gemini"", ""Trius"", ""Xtreme"", ""Vega"", ""Braga""]","[0.9158333539962769, 0.5396867990493774, 0.5077469348907471, 0.4769367575645447, 0.4082835614681244]"
3,centroid,1,163,Gemini,Gemini,"[""Gemini"", ""Vega"", ""Trius"", ""Alaris"", ""Hawk""]","[0.764490008354187, 0.6349496841430664, 0.5725867748260498, 0.3990160822868347, 0.3946860730648041]"
3,centroid,1,164,Gemini,Gemini,"[""Gemini"", ""Trius"", ""Xtreme"", ""Braga"", ""Triton""]","[0.9575361609458923, 0.6458224058151245, 0.5864355564117432, 0.565298318862915, 0.5042180418968201]"
3,centroid,1,165,Gemini,Gemini,"[""Gemini"", ""Xtreme"", ""Vega"", ""Trius"", ""Triton""]","[0.8904614448547363, 0.5380786657333374, 0.5204994678497314, 0.5186944603919983, 0.453566312789917]"
3,centroid,1,166,Gemini,Gemini,"[""Gemini"", ""Vega"", ""Trius"", ""Braga"", ""Hawk""]","[0.7462414503097534, 0.6637686491012573, 0.5311253070831299, 0.5028925538063049, 0.42735737562179565]"
3,centroid,1,167,Gemini,Gemini,"[""Gemini"", ""Trius"", ""Xtreme"", ""Vega"", ""Triton""]","[0.8905130624771118, 0.4671183228492737, 0.4579009413719177, 0.44343021512031555, 0.4070654511451721]"
3,centroid,1,168,Gemini,Vega,"[""Vega"", ""Alcatras"", ""Braga"", ""Gemini"", ""Trius""]","[0.6401442289352417, 0.6181145310401917, 0.6147196292877197, 0.6063497066497803, 0.5603344440460205]"
3,centroid,1,169,Gemini,Gemini,"[""Gemini"", ""Xtreme"", ""Braga"", ""Trius"", ""Vega""]","[0.9283032417297363, 0.6819177865982056, 0.6385657787322998, 0.5381842255592346, 0.4294775128364563]"
3,centroid,1,170,Gemini,Gemini,"[""Gemini"", ""Xtreme"", ""Hawk"", ""Braga"", ""Vega""]","[0.8515487909317017, 0.5576286911964417, 0.5498644113540649, 0.5303524136543274, 0.4884677529335022]"
3,centroid,1,171,Gemini,Gemini,"[""Gemini"", ""Xtreme"", ""Braga"", ""Trius"", ""Vega""]","[0.8894036412239075, 0.6033229827880859, 0.5416954159736633, 0.4418354034423828, 0.4262072443962097]"
3,centroid,1,172,Gemini,Gemini,"[""Gemini"", ""Xtreme"", ""Trius"", ""Vega"", ""Hawk""]","[0.9071714282035828, 0.7047223448753357, 0.36416903138160706, 0.3583389222621918, 0.29126375913619995]"
3,centroid,1,173,Gemini,Gemini,"[""Gemini"", ""Xtreme"", ""Braga"", ""Vega"", ""Triton""]","[0.8670395612716675, 0.5958151817321777, 0.3992959260940552, 0.3860887885093689, 0.36110299825668335]"
3,centroid,1,174,Gemini,Gemini,"[""Gemini"", ""Trius"", ""Vega"", ""Braga"", ""Alaris""]","[0.7608385682106018, 0.7034180164337158, 0.629278838634491, 0.44096657633781433, 0.42129337787628174]"
3,centroid,1,175,Gemini,Gemini,"[""Gemini"", ""Vega"", ""Nivalis"", ""Xtreme"", ""Ilias""]","[0.6881524324417114, 0.5058124661445618, 0.5030108690261841, 0.3894819915294647, 0.3825422525405884]"
3,centroid,1,176,Gemini,Vega,"[""Vega"", ""Gemini"", ""Xtreme"", ""Hawk"", ""Braga""]","[0.6811357736587524, 0.6187138557434082, 0.4443979859352112, 0.39438509941101074, 0.36848968267440796]"
3,centroid,1,177,Gemini,Gemini,"[""Gemini"", ""Trius"", ""Vega"", ""Braga"", ""Triton""]","[0.8384424448013306, 0.6424717903137207, 0.5976093411445618, 0.3203260898590088, 0.3055605888366699]"
3,centroid,1,178,Gemini,Gemini,"[""Gemini"", ""Trius"", ""Triton"", ""Alcatras"", ""Alaris""]","[0.7930037975311279, 0.6492395401000977, 0.4835797846317291, 0.4787621796131134, 0.43096208572387695]"
3,centroid,1,179,Gemini,Gemini,"[""Gemini"", ""Vega"", ""Trius"", ""Braga"", ""Triton""]","[0.923481822013855, 0.6043003797531128, 0.5763047337532043, 0.4365582764148712, 0.42287033796310425]"
3,centroid,1,180,Gemini,Gemini,"[""Gemini"", ""Vega"", ""Trius"", ""Braga"", ""Hawk""]","[0.8001199960708618, 0.6570435166358948, 0.629390299320221, 0.6222161054611206, 0.39971524477005005]"
3,centroid,1,181,Gemini,Hawk,"[""Hawk"", ""Vega"", ""Gemini"", ""Xtreme"", ""Mytikas""]","[0.5949617624282837, 0.5729483366012573, 0.5088291168212891, 0.3666720390319824, 0.32713717222213745]"
3,centroid,1,182,Gemini,Gemini,"[""Gemini"", ""Braga"", ""Hawk"", ""Xtreme"", ""Alcatras""]","[0.7812100052833557, 0.6133078932762146, 0.6037389039993286, 0.5993362665176392, 0.5064932107925415]"
3,centroid,1,183,Gemini,Gemini,"[""Gemini"", ""Xtreme"", ""Braga"", ""Vega"", ""Trius""]","[0.9175479412078857, 0.7014515995979309, 0.5565014481544495, 0.5049045085906982, 0.4580700397491455]"
3,centroid,1,184,Gemini,Gemini,"[""Gemini"", ""Vega"", ""Xtreme"", ""Trius"", ""Hawk""]","[0.8963848352432251, 0.5294936895370483, 0.5066081881523132, 0.3655320405960083, 0.2662033438682556]"
3,centroid,1,185,Gemini,Gemini,"[""Gemini"", ""Xtreme"", ""Braga"", ""Trius"", ""Triton""]","[0.8795385360717773, 0.787134051322937, 0.5073211193084717, 0.38497352600097656, 0.38101089000701904]"
3,centroid,1,186,Hawk,Hawk,"[""Hawk"", ""Braga"", ""Turbine"", ""Gemini"", ""Vega""]","[0.8740001916885376, 0.5323519706726074, 0.4683707356452942, 0.3553760349750519, 0.3035103976726532]"
3,centroid,1,187,Hawk,Hawk,"[""Hawk"", ""Braga"", ""Alaris"", ""Turbine"", ""Vega""]","[0.8303555250167847, 0.5770670771598816, 0.5734816193580627, 0.563157320022583, 0.5522606372833252]"
3,centroid,1,188,Hawk,Hawk,"[""Hawk"", ""Turbine"", ""Vega"", ""Alaris"", ""Alcatras""]","[0.9101961255073547, 0.4795231819152832, 0.4104693531990051, 0.35261788964271545, 0.24564345180988312]"
3,centroid,1,189,Hawk,Hawk,"[""Hawk"", ""Alaris"", ""Turbine"", ""Alcatras"", ""Vega""]","[0.9005827903747559, 0.37624675035476685, 0.34404194355010986, 0.3367313742637634, 0.22006812691688538]"
3,centroid,1,190,Hawk,Hawk,"[""Hawk"", ""Alcatras"", ""Alaris"", ""Braga"", ""Turbine""]","[0.8115566968917847, 0.6731002926826477, 0.512511134147644, 0.49130961298942566, 0.4348411560058594]"
3,centroid,1,191,Hawk,Hawk,"[""Hawk"", ""Turbine"", ""Braga"", ""Xtreme"", ""Gemini""]","[0.8943188190460205, 0.3995606303215027, 0.3692072033882141, 0.3511583209037781, 0.26496952772140503]"
3,centroid,1,192,Hawk,Hawk,"[""Hawk"", ""Turbine"", ""Alaris"", ""Alcatras"", ""Castor""]","[0.7947560548782349, 0.6575865149497986, 0.5352698564529419, 0.48227551579475403, 0.3852241039276123]"
3,centroid,1,193,Hawk,Hawk,"[""Hawk"", ""Alaris"", ""Vega"", ""Braga"", ""Alcatras""]","[0.9330471158027649, 0.5617352724075317, 0.5341384410858154, 0.43902307748794556, 0.409656822681427]"
3,centroid,1,194,Hawk,Hawk,"[""Hawk"", ""Turbine"", ""Alaris"", ""Alcatras"", ""Vega""]","[0.8743217587471008, 0.43547722697257996, 0.43239739537239075, 0.42888593673706055, 0.2856663167476654]"
3,centroid,1,195,Hawk,Hawk,"[""Hawk"", ""Turbine"", ""Vega"", ""Braga"", ""Alaris""]","[0.9215880632400513, 0.5234018564224243, 0.418964147567749, 0.31454887986183167, 0.2982839345932007]"
3,centroid,1,196,Hawk,Hawk,"[""Hawk"", ""Vega"", ""Turbine"", ""Gemini"", ""Alaris""]","[0.8483632802963257, 0.7236778736114502, 0.4821748435497284, 0.31990861892700195, 0.2909339964389801]"
3,centroid,1,197,Hawk,Hawk,"[""Hawk"", ""Turbine"", ""Alaris"", ""Alcatras"", ""Braga""]","[0.8800570964813232, 0.5922715663909912, 0.5198123455047607, 0.50279301404953, 0.43911129236221313]"
3,centroid,1,198,Hawk,Hawk,"[""Hawk"", ""Alcatras"", ""Turbine"", ""Alaris"", ""Vega""]","[0.9176324605941772, 0.3350523114204407, 0.3275682032108307, 0.28955742716789246, 0.2516803443431854]"
3,centroid,1,199,Hawk,Hawk,"[""Hawk"", ""Turbine"", ""Xtreme"", ""Gemini"", ""Vega""]","[0.8368850946426392, 0.3932802379131317, 0.30650150775909424, 0.1893974095582962, 0.18774916231632233]"
3,centroid,1,200,Hawk,Hawk,"[""Hawk"", ""Alaris"", ""Vega"", ""Turbine"", ""Alcatras""]","[0.9320570826530457, 0.42234230041503906, 0.4209584593772888, 0.41412270069122314, 0.3041421175003052]"
3,centroid,1,201,Hawk,Hawk,"[""Hawk"", ""Turbine"", ""Alaris"", ""Alcatras"", ""Vega""]","[0.6852473020553589, 0.6820143461227417, 0.6174545288085938, 0.47775331139564514, 0.4152213931083679]"
3,centroid,1,202,Hawk,Hawk,"[""Hawk"", ""Turbine"", ""Vega"", ""Alaris"", ""Braga""]","[0.9260151982307434, 0.5034351348876953, 0.4914289116859436, 0.4316762089729309, 0.3320075273513794]"
3,centroid,1,203,Hawk,Hawk,"[""Hawk"", ""Vega"", ""Turbine"", ""Braga"", ""Gemini""]","[0.9100452661514282, 0.5014427304267883, 0.4725888967514038, 0.2915304899215698, 0.29045626521110535]"
3,centroid,1,204,Hawk,Hawk,"[""Hawk"", ""Vega"", ""Alaris"", ""Turbine"", ""Alcatras""]","[0.9327773451805115, 0.45299169421195984, 0.4010114073753357, 0.36500149965286255, 0.34824812412261963]"
3,centroid,1,205,Hawk,Hawk,"[""Hawk"", ""Braga"", ""Alcatras"", ""Turbine"", ""Vega""]","[0.8162987232208252, 0.5416311621665955, 0.5184304118156433, 0.5153958797454834, 0.4577411413192749]"
3,centroid,1,206,Hawk,Hawk,"[""Hawk"", ""Turbine"", ""Braga"", ""Alcatras"", ""Alaris""]","[0.8774520754814148, 0.6060687899589539, 0.544948935508728, 0.46501436829566956, 0.4437786936759949]"
3,centroid,1,207,Hawk,Hawk,"[""Hawk"", ""Braga"", ""Turbine"", ""Vega"", ""Xtreme""]","[0.7757813930511475, 0.5339973568916321, 0.42671120166778564, 0.3416665494441986, 0.32367581129074097]"
3,centroid,1,208,Hawk,Hawk,"[""Hawk"", ""Turbine"", ""Alcatras"", ""Alaris"", ""Vega""]","[0.888126790523529, 0.4344886541366577, 0.2763170599937439, 0.24882623553276062, 0.2013806402683258]"
3,centroid,1,209,Hawk,Hawk,"[""Hawk"", ""Alcatras"", ""Alaris"", ""Vega"", ""Braga""]","[0.9276638031005859, 0.48274657130241394, 0.4645150601863861, 0.453344464302063, 0.3897448778152466]"
3,centroid,1,210,Hawk,Hawk,"[""Hawk"", ""Vega"", ""Turbine"", ""Braga"", ""Alaris""]","[0.8277081251144409, 0.6986204981803894, 0.6082620024681091, 0.42396408319473267, 0.30471864342689514]"
3,centroid,1,211,Ilias,Ratikon,"[""Ratikon"", ""Nivalis"", ""Ilias"", ""Velorum"", ""Denom""]","[0.7488987445831299, 0.6664896011352539, 0.6209452152252197, 0.4192402958869934, 0.39808666706085205]"
3,centroid,1,212,Ilias,Ilias,"[""Ilias"", ""Nivalis"", ""Denom"", ""Ratikon"", ""Velorum""]","[0.8984935283660889, 0.7025089859962463, 0.6742486953735352, 0.6676180362701416, 0.5655648708343506]"
3,centroid,1,213,Ilias,Ilias,"[""Ilias"", ""Ratikon"", ""Denom"", ""Nivalis"", ""Velorum""]","[0.90501868724823, 0.7795705795288086, 0.6850167512893677, 0.5970221161842346, 0.3469274044036865]"
3,centroid,1,214,Ilias,Ilias,"[""Ilias"", ""Velorum"", ""Denom"", ""Ratikon"", ""Nivalis""]","[0.8386677503585815, 0.8290982842445374, 0.7732839584350586, 0.7574673891067505, 0.7273242473602295]"
3,centroid,1,215,Ilias,Ilias,"[""Ilias"", ""Triton"", ""Ratikon"", ""Gemini"", ""Velorum""]","[0.6166789531707764, 0.3970943093299866, 0.3433196544647217, 0.2877309322357178, 0.2761049270629883]"
3,centroid,1,216,Ilias,Ilias,"[""Ilias"", ""Ratikon"", ""Nivalis"", ""Denom"", ""Velorum""]","[0.8597898483276367, 0.7428798675537109, 0.6638891100883484, 0.6579210162162781, 0.6125708818435669]"
3,centroid,1,217,Ilias,Ilias,"[""Ilias"", ""Ratikon"", ""Nivalis"", ""Velorum"", ""Denom""]","[0.9104161262512207, 0.7328174114227295, 0.6443730592727661, 0.6341022253036499, 0.607826828956604]"
3,centroid,1,218,Ilias,Ilias,"[""Ilias"", ""Triton"", ""Velorum"", ""Ratikon"", ""Trius""]","[0.6443315148353577, 0.635688304901123, 0.5310355424880981, 0.449162095785141, 0.39142605662345886]"
3,centroid,1,219,Ilias,Ilias,"[""Ilias"", ""Ratikon"", ""Nivalis"", ""Denom"", ""Velorum""]","[0.9337204098701477, 0.7431622743606567, 0.6721535325050354, 0.6616024971008301, 0.5018563270568848]"
3,centroid,1,220,Ilias,Ilias,"[""Ilias"", ""Ratikon"", ""Velorum"", ""Denom"", ""Nivalis""]","[0.8279200792312622, 0.7846808433532715, 0.7392871379852295, 0.735902726650238, 0.7209081649780273]"
3,centroid,1,221,Ilias,Ratikon,"[""Ratikon"", ""Denom"", ""Nivalis"", ""Ilias"", ""Velorum""]","[0.8532713651657104, 0.7721855640411377, 0.6625432372093201, 0.5770850777626038, 0.25032317638397217]"
3,centroid,1,222,Ilias,Ilias,"[""Ilias"", ""Ratikon"", ""Nivalis"", ""Denom"", ""Velorum""]","[0.9102635383605957, 0.7057571411132812, 0.6501110792160034, 0.6089098453521729, 0.5068637728691101]"
3,centroid,1,223,Ilias,Ilias,"[""Ilias"", ""Ratikon"", ""Denom"", ""Velorum"", ""Nivalis""]","[0.9407219886779785, 0.6842607259750366, 0.6836836338043213, 0.6607174873352051, 0.6490731239318848]"
3,centroid,1,224,Ilias,Ilias,"[""Ilias"", ""Denom"", ""Ratikon"", ""Nivalis"", ""Gemini""]","[0.8626452684402466, 0.7795518040657043, 0.7548848986625671, 0.5854817628860474, 0.30166494846343994]"
3,centroid,1,225,Ilias,Ilias,"[""Ilias"", ""Ratikon"", ""Nivalis"", ""Denom"", ""Triton""]","[0.8769947290420532, 0.7199621796607971, 0.548111081123352, 0.5293847918510437, 0.44106459617614746]"
3,centroid,1,226,Ilias,Ilias,"[""Ilias"", ""Ratikon"", ""Nivalis"", ""Denom"", ""Velorum""]","[0.9671486020088196, 0.8190827369689941, 0.7501899600028992, 0.7109732627868652, 0.5616136789321899]"
3,centroid,1,227,Ilias,Ilias,"[""Ilias"", ""Ratikon"", ""Velorum"", ""Nivalis"", ""Denom""]","[0.8461066484451294, 0.6783581972122192, 0.672099769115448, 0.6454484462738037, 0.5769951343536377]"
3,centroid,1,228,Ilias,Ilias,"[""Ilias"", ""Ratikon"", ""Nivalis"", ""Denom"", ""Triton""]","[0.7911972999572754, 0.7331422567367554, 0.5615429282188416, 0.5367690324783325, 0.18915808200836182]"
3,centroid,1,229,Ilias,Ilias,"[""Ilias"", ""Velorum"", ""Ratikon"", ""Denom"", ""Nivalis""]","[0.8535674810409546, 0.7926647663116455, 0.7330526113510132, 0.7053161859512329, 0.6683282256126404]"
3,centroid,1,230,Ilias,Ilias,"[""Ilias"", ""Ratikon"", ""Denom"", ""Nivalis"", ""Triton""]","[0.9240435361862183, 0.6109192371368408, 0.526144802570343, 0.514957070350647, 0.48590242862701416]"
3,centroid,1,231,Ilias,Ilias,"[""Ilias"", ""Ratikon"", ""Denom"", ""Nivalis"", ""Velorum""]","[0.8947820663452148, 0.8772107362747192, 0.82994544506073, 0.7936896085739136, 0.4377361834049225]"
3,centroid,1,232,Ilias,Ilias,"[""Ilias"", ""Ratikon"", ""Nivalis"", ""Denom"", ""Velorum""]","[0.8891841173171997, 0.8615620732307434, 0.7147305011749268, 0.6455327868461609, 0.4411933422088623]"
3,centroid,1,233,Ilias,Ilias,"[""Ilias"", ""Ratikon"", ""Denom"", ""Nivalis"", ""Triton""]","[0.8681193590164185, 0.6209827661514282, 0.5234952569007874, 0.517513632774353, 0.32888972759246826]"
3,centroid,1,234,Ilias,Ilias,"[""Ilias"", ""Nivalis"", ""Ratikon"", ""Denom"", ""Velorum""]","[0.8891516327857971, 0.7460639476776123, 0.7073080539703369, 0.6877501010894775, 0.6657613515853882]"
3,centroid,1,235,Ilias,Ilias,"[""Ilias"", ""Ratikon"", ""Nivalis"", ""Denom"", ""Velorum""]","[0.9110206365585327, 0.6687071323394775, 0.6399680376052856, 0.6176358461380005, 0.394816517829895]"
3,centroid,1,236,Ilias,Nivalis,"[""Nivalis"", ""Ilias"", ""Ratikon"", ""Denom"", ""Velorum""]","[0.7879642248153687, 0.7848755717277527, 0.7844261527061462, 0.5658748149871826, 0.5036981701850891]"
3,centroid,1,237,Ilias,Ilias,"[""Ilias"", ""Velorum"", ""Nivalis"", ""Denom"", ""Ratikon""]","[0.8980890512466431, 0.6521192789077759, 0.6495277285575867, 0.6286250352859497, 0.6248884201049805]"
3,centroid,1,238,Ilias,Velorum,"[""Velorum"", ""Ilias"", ""Denom"", ""Triton"", ""Trius""]","[0.7953066229820251, 0.6868733167648315, 0.5324891805648804, 0.5091415643692017, 0.42383521795272827]"
3,centroid,1,239,Ilias,Ilias,"[""Ilias"", ""Ratikon"", ""Nivalis"", ""Denom"", ""Velorum""]","[0.8593276739120483, 0.7776780128479004, 0.6601802110671997, 0.6289356350898743, 0.3146187365055084]"
3,centroid,1,240,Mytikas,Triton,"[""Triton"", ""Braga"", ""Castor"", ""Alcatras"", ""Mytikas""]","[0.7633287906646729, 0.6574551463127136, 0.6299945116043091, 0.5678560733795166, 0.5373433232307434]"
3,centroid,1,241,Mytikas,Mytikas,"[""Mytikas"", ""Triton"", ""Trius"", ""Gemini"", ""Braga""]","[0.8769923448562622, 0.5449251532554626, 0.538469672203064, 0.3481704592704773, 0.2838042080402374]"
3,centroid,1,242,Mytikas,Mytikas,"[""Mytikas"", ""Alcatras"", ""Triton"", ""Velorum"", ""Trius""]","[0.779504120349884, 0.6912456154823303, 0.5230703949928284, 0.46542036533355713, 0.4615432620048523]"
3,centroid,1,243,Mytikas,Mytikas,"[""Mytikas"", ""Triton"", ""Trius"", ""Gemini"", ""Braga""]","[0.8235018849372864, 0.7671779990196228, 0.6813768148422241, 0.4083021879196167, 0.3754405379295349]"
3,centroid,1,244,Mytikas,Mytikas,"[""Mytikas"", ""Triton"", ""Castor"", ""Alcatras"", ""Trius""]","[0.8410025238990784, 0.673021137714386, 0.5830305218696594, 0.5388709902763367, 0.4985920786857605]"
3,centroid,1,245,Mytikas,Triton,"[""Triton"", ""Mytikas"", ""Trius"", ""Alcatras"", ""Braga""]","[0.9022900462150574, 0.7457283735275269, 0.6704367399215698, 0.6033005714416504, 0.561515212059021]"
3,centroid,1,246,Mytikas,Mytikas,"[""Mytikas"", ""Trius"", ""Triton"", ""Braga"", ""Vega""]","[0.8345112204551697, 0.44364112615585327, 0.40477678179740906, 0.3790684938430786, 0.33406656980514526]"
3,centroid,1,247,Mytikas,Mytikas,"[""Mytikas"", ""Triton"", ""Trius"", ""Alcatras"", ""Castor""]","[0.9164084196090698, 0.7100055813789368, 0.5735468864440918, 0.4861443042755127, 0.3753048777580261]"
3,centroid,1,248,Mytikas,Mytikas,"[""Mytikas"", ""Trius"", ""Castor"", ""Alcatras"", ""Triton""]","[0.7778299450874329, 0.3585740923881531, 0.3371599316596985, 0.31606370210647583, 0.30456990003585815]"
3,centroid,1,249,Mytikas,Mytikas,"[""Mytikas"", ""Triton"", ""Braga"", ""Turbine"", ""Castor""]","[0.8358145356178284, 0.4375172257423401, 0.4117014408111572, 0.3813108205795288, 0.37035301327705383]"
3,centroid,1,250,Mytikas,Mytikas,"[""Mytikas"", ""Triton"", ""Alcatras"", ""Trius"", ""Braga""]","[0.8081530332565308, 0.7874367237091064, 0.6223158240318298, 0.5747506618499756, 0.5227797031402588]"
3,centroid,1,251,Mytikas,Triton,"[""Triton"", ""Mytikas"", ""Trius"", ""Braga"", ""Alcatras""]","[0.8559542894363403, 0.7608020901679993, 0.5685781240463257, 0.5658864974975586, 0.4827476143836975]"
3,centroid,1,252,Mytikas,Triton,"[""Triton"", ""Braga"", ""Trius"", ""Castor"", ""Mytikas""]","[0.675480842590332, 0.6098771095275879, 0.5807096362113953, 0.3840045928955078, 0.34721049666404724]"
3,centroid,1,253,Mytikas,Mytikas,"[""Mytikas"", ""Triton"", ""Alcatras"", ""Castor"", ""Braga""]","[0.8583909869194031, 0.687167763710022, 0.6709212064743042, 0.5406852960586548, 0.5232194662094116]"
3,centroid,1,254,Mytikas,Castor,"[""Castor"", ""Triton"", ""Braga"", ""Mytikas"", ""Alcatras""]","[0.8140612840652466, 0.7817206978797913, 0.6194952726364136, 0.5997192859649658, 0.4755910038948059]"
3,centroid,1,255,Mytikas,Mytikas,"[""Mytikas"", ""Castor"", ""Alcatras"", ""Turbine"", ""Braga""]","[0.7413771748542786, 0.6665647625923157, 0.5999111533164978, 0.5975579023361206, 0.5549522638320923]"
3,centroid,1,256,Mytikas,Mytikas,"[""Mytikas"", ""Trius"", ""Vega"", ""Alcatras"", ""Alaris""]","[0.6526564359664917, 0.5920515060424805, 0.5378179550170898, 0.5028102397918701, 0.459246426820755]"
3,centroid,1,257,Mytikas,Triton,"[""Triton"", ""Mytikas"", ""Castor"", ""Braga"", ""Trius""]","[0.8799924254417419, 0.7589130401611328, 0.7086611986160278, 0.6906228065490723, 0.6706036329269409]"
3,centroid,1,258,Mytikas,Triton,"[""Triton"", ""Mytikas"", ""Castor"", ""Braga"", ""Trius""]","[0.766599178314209, 0.7222509384155273, 0.6662247180938721, 0.4455620050430298, 0.3956967294216156]"
3,centroid,1,259,Mytikas,Triton,"[""Triton"", ""Mytikas"", ""Castor"", ""Trius"", ""Braga""]","[0.8721325397491455, 0.8057801127433777, 0.5677441358566284, 0.5419312715530396, 0.41820666193962097]"
3,centroid,1,260,Mytikas,Mytikas,"[""Mytikas"", ""Triton"", ""Braga"", ""Alcatras"", ""Castor""]","[0.7837026119232178, 0.7399019002914429, 0.6282963752746582, 0.5025826692581177, 0.4497923254966736]"
3,centroid,1,261,Mytikas,Mytikas,"[""Mytikas"", ""Triton"", ""Trius"", ""Castor"", ""Braga""]","[0.8510345816612244, 0.8108921051025391, 0.5870036482810974, 0.5863112211227417, 0.5427691340446472]"
3,centroid,1,262,Mytikas,Triton,"[""Triton"", ""Mytikas"", ""Braga"", ""Castor"", ""Trius""]","[0.7694913744926453, 0.7117083072662354, 0.4768606126308441, 0.4536535143852234, 0.3367956280708313]"
3,centroid,1,263,Mytikas,Mytikas,"[""Mytikas"", ""Alcatras"", ""Braga"", ""Castor"", ""Turbine""]","[0.8327715396881104, 0.6921436786651611, 0.522492527961731, 0.5077661871910095, 0.4973111152648926]"
3,centroid,1,264,Mytikas,Mytikas,"[""Mytikas"", ""Triton"", ""Braga"", ""Castor"", ""Alcatras""]","[0.8053207397460938, 0.7268751859664917, 0.6950018405914307, 0.6031482219696045, 0.5796410441398621]"
3,centroid,1,265,Mytikas,Mytikas,"[""Mytikas"", ""Triton"", ""Vega"", ""Trius"", ""Gemini""]","[0.7135568261146545, 0.4321996569633484, 0.40553808212280273, 0.3869045376777649, 0.3182767629623413]"
3,centroid,1,266,Mytikas,Trius,"[""Trius"", ""Mytikas"", ""Triton"", ""Alcatras"", ""Castor""]","[0.6792874336242676, 0.5588266849517822, 0.4680083096027374, 0.2800268530845642, 0.27398931980133057]"
3,centroid,1,267,Nivalis,Nivalis,"[""Nivalis"", ""Denom"", ""Ratikon"", ""Ilias"", ""Velorum""]","[0.8983849883079529, 0.7195910215377808, 0.6564658880233765, 0.5429394245147705, 0.35065218806266785]"
3,centroid,1,268,Nivalis,Nivalis,"[""Nivalis"", ""Ratikon"", ""Denom"", ""Ilias"", ""Velorum""]","[0.8043949007987976, 0.5409622192382812, 0.48950499296188354, 0.22510696947574615, 0.1885368824005127]"
3,centroid,1,269,Nivalis,Nivalis,"[""Nivalis"", ""Denom"", ""Ratikon"", ""Velorum"", ""Ilias""]","[0.8879679441452026, 0.6799615621566772, 0.6401402950286865, 0.5673093795776367, 0.44235602021217346]"
3,centroid,1,270,Nivalis,Nivalis,"[""Nivalis"", ""Ratikon"", ""Denom"", ""Ilias"", ""Velorum""]","[0.9029272794723511, 0.8426521420478821, 0.8068366050720215, 0.7473995685577393, 0.6286824345588684]"
3,centroid,1,271,Nivalis,Nivalis,"[""Nivalis"", ""Denom"", ""Ratikon"", ""Velorum"", ""Ilias""]","[0.8983189463615417, 0.7037060260772705, 0.6497567296028137, 0.5034717917442322, 0.4094446301460266]"
3,centroid,1,272,Nivalis,Nivalis,"[""Nivalis"", ""Denom"", ""Ratikon"", ""Ilias"", ""Velorum""]","[0.8941939473152161, 0.7596319913864136, 0.7190113067626953, 0.5716021656990051, 0.2285887897014618]"
3,centroid,1,273,Nivalis,Nivalis,"[""Nivalis"", ""Ratikon"", ""Denom"", ""Ilias"", ""Velorum""]","[0.8730816841125488, 0.7195549011230469, 0.7171177864074707, 0.4621875286102295, 0.3500761389732361]"
3,centroid,1,274,Nivalis,Denom,"[""Denom"", ""Nivalis"", ""Velorum"", ""Ratikon"", ""Ilias""]","[0.8032035827636719, 0.8015456795692444, 0.6756479144096375, 0.5450619459152222, 0.4982389509677887]"
3,centroid,1,275,Nivalis,Nivalis,"[""Nivalis"", ""Ratikon"", ""Denom"", ""Ilias"", ""Velorum""]","[0.828176736831665, 0.6238770484924316, 0.6187143325805664, 0.3403317332267761, 0.30321401357650757]"
3,centroid,1,276,Nivalis,Denom,"[""Denom"", ""Nivalis"", ""Velorum"", ""Ilias"", ""Ratikon""]","[0.7703570127487183, 0.7549325227737427, 0.748806357383728, 0.7388471961021423, 0.7346481084823608]"
3,centroid,1,277,Nivalis,Nivalis,"[""Nivalis"", ""Denom"", ""Ratikon"", ""Ilias"", ""Velorum""]","[0.9472006559371948, 0.8013437986373901, 0.7574470043182373, 0.6723871231079102, 0.5727965831756592]"
3,centroid,1,278,Nivalis,Nivalis,"[""Nivalis"", ""Denom"", ""Ratikon"", ""Ilias"", ""Vega""]","[0.8420892953872681, 0.6320819854736328, 0.5997664332389832, 0.5115008354187012, 0.36756908893585205]"
3,centroid,1,279,Nivalis,Ratikon,"[""Ratikon"", ""Nivalis"", ""Denom"", ""Ilias"", ""Velorum""]","[0.9157536029815674, 0.8456655740737915, 0.8325918912887573, 0.7438312768936157, 0.5483138561248779]"
3,centroid,1,280,Nivalis,Denom,"[""Denom"", ""Nivalis"", ""Ratikon"", ""Ilias"", ""Velorum""]","[0.9456490874290466, 0.8748987913131714, 0.812824547290802, 0.6179159879684448, 0.37262314558029175]"
3,centroid,1,281,Nivalis,Denom,"[""Denom"", ""Ratikon"", ""Nivalis"", ""Ilias"", ""Velorum""]","[0.8924762010574341, 0.8882094621658325, 0.8685115575790405, 0.6314233541488647, 0.335183709859848]"
3,centroid,1,282,Nivalis,Nivalis,"[""Nivalis"", ""Ratikon"", ""Denom"", ""Ilias"", ""Velorum""]","[0.8898196220397949, 0.7602592706680298, 0.6816906929016113, 0.6472979784011841, 0.5015368461608887]"
3,centroid,1,283,Nivalis,Nivalis,"[""Nivalis"", ""Ratikon"", ""Denom"", ""Ilias"", ""Velorum""]","[0.9236798286437988, 0.7314853668212891, 0.6362577080726624, 0.6031320691108704, 0.4246588945388794]"
3,centroid,1,284,Nivalis,Nivalis,"[""Nivalis"", ""Ratikon"", ""Denom"", ""Ilias"", ""Vega""]","[0.790643572807312, 0.5586106777191162, 0.5062450170516968, 0.34546995162963867, 0.1482946127653122]"
3,centroid,1,285,Nivalis,Nivalis,"[""Nivalis"", ""Denom"", ""Ratikon"", ""Ilias"", ""Velorum""]","[0.9042117595672607, 0.7032297253608704, 0.6788721680641174, 0.5443260669708252, 0.38667747378349304]"
3,centroid,1,286,Nivalis,Nivalis,"[""Nivalis"", ""Denom"", ""Velorum"", ""Ilias"", ""Ratikon""]","[0.8626928329467773, 0.759619951248169, 0.6747845411300659, 0.6685146689414978, 0.6405229568481445]"
3,centroid,1,287,Nivalis,Nivalis,"[""Nivalis"", ""Ratikon"", ""Denom"", ""Ilias"", ""Velorum""]","[0.9196940660476685, 0.8008973598480225, 0.7604305148124695, 0.656386137008667, 0.5647242069244385]"
3,centroid,1,288,Nivalis,Nivalis,"[""Nivalis"", ""Ratikon"", ""Denom"", ""Ilias"", ""Vega""]","[0.7639667987823486, 0.5151389837265015, 0.448271244764328, 0.36885765194892883, 0.29116004705429077]"
3,centroid,1,289,Ratikon,Ratikon,"[""Ratikon"", ""Denom"", ""Nivalis"", ""Ilias"", ""Velorum""]","[0.9328438639640808, 0.7618273496627808, 0.714155912399292, 0.623220682144165, 0.39149582386016846]"
3,centroid,1,290,Ratikon,Ratikon,"[""Ratikon"", ""Denom"", ""Nivalis"", ""Ilias"", ""Velorum""]","[0.9190980195999146, 0.7478170394897461, 0.6210848093032837, 0.5722942352294922, 0.1590098738670349]"
3,centroid,1,291,Ratikon,Ratikon,"[""Ratikon"", ""Nivalis"", ""Denom"", ""Ilias"", ""Velorum""]","[0.861513078212738, 0.8029751181602478, 0.7309001088142395, 0.6393784284591675, 0.2763206958770752]"
3,centroid,1,292,Ratikon,Nivalis,"[""Nivalis"", ""Ratikon"", ""Denom"", ""Ilias"", ""Velorum""]","[0.8443921804428101, 0.7907537817955017, 0.6066062450408936, 0.5572169423103333, 0.3808590769767761]"
3,centroid,1,293,Ratikon,Ratikon,"[""Ratikon"", ""Denom"", ""Nivalis"", ""Ilias"", ""Velorum""]","[0.8552563786506653, 0.7897998690605164, 0.7274214029312134, 0.6469755172729492, 0.4686746597290039]"
3,centroid,1,294,Ratikon,Ilias,"[""Ilias"", ""Ratikon"", ""Velorum"", ""Nivalis"", ""Denom""]","[0.8115577697753906, 0.7814053893089294, 0.7460888624191284, 0.689792275428772, 0.581013560295105]"
3,centroid,1,295,Ratikon,Ratikon,"[""Ratikon"", ""Denom"", ""Nivalis"", ""Ilias"", ""Velorum""]","[0.9420689940452576, 0.828116774559021, 0.7345304489135742, 0.6733678579330444, 0.1667616069316864]"
3,centroid,1,296,Ratikon,Ratikon,"[""Ratikon"", ""Ilias"", ""Denom"", ""Nivalis"", ""Triton""]","[0.8192686438560486, 0.700658917427063, 0.6202365159988403, 0.6180435419082642, 0.22742323577404022]"
3,centroid,1,297,Ratikon,Ratikon,"[""Ratikon"", ""Nivalis"", ""Denom"", ""Ilias"", ""Velorum""]","[0.9062083959579468, 0.780038595199585, 0.7084676027297974, 0.5706188678741455, 0.20035427808761597]"
3,centroid,1,298,Ratikon,Ratikon,"[""Ratikon"", ""Ilias"", ""Denom"", ""Nivalis"", ""Velorum""]","[0.8848837614059448, 0.8592675924301147, 0.7046222686767578, 0.6647463440895081, 0.5803817510604858]"
3,centroid,1,299,Ratikon,Ratikon,"[""Ratikon"", ""Denom"", ""Ilias"", ""Nivalis"", ""Velorum""]","[0.9579744338989258, 0.7655054330825806, 0.7383750677108765, 0.696449875831604, 0.2559352517127991]"
3,centroid,1,300,Ratikon,Ratikon,"[""Ratikon"", ""Nivalis"", ""Denom"", ""Ilias"", ""Steel_Wheel""]","[0.6248397827148438, 0.5018755197525024, 0.49269914627075195, 0.17715701460838318, 0.07863350212574005]"
3,centroid,1,301,Ratikon,Ratikon,"[""Ratikon"", ""Denom"", ""Nivalis"", ""Ilias"", ""Velorum""]","[0.9011234045028687, 0.7288916110992432, 0.6923562288284302, 0.6518848538398743, 0.10914851725101471]"
3,centroid,1,302,Ratikon,Ilias,"[""Ilias"", ""Ratikon"", ""Denom"", ""Nivalis"", ""Velorum""]","[0.8065463304519653, 0.7971184849739075, 0.7148435115814209, 0.6005321145057678, 0.5898876190185547]"
3,centroid,1,303,Ratikon,Ratikon,"[""Ratikon"", ""Denom"", ""Nivalis"", ""Ilias"", ""Velorum""]","[0.8923773765563965, 0.7760586142539978, 0.6620766520500183, 0.6596977114677429, 0.2897959351539612]"
3,centroid,1,304,Ratikon,Ratikon,"[""Ratikon"", ""Nivalis"", ""Ilias"", ""Denom"", ""Velorum""]","[0.9259762167930603, 0.6611489057540894, 0.6466150283813477, 0.6279735565185547, 0.3303714096546173]"
3,centroid,1,305,Ratikon,Ratikon,"[""Ratikon"", ""Nivalis"", ""Ilias"", ""Denom"", ""Velorum""]","[0.9021828770637512, 0.7033145427703857, 0.6967160701751709, 0.5871208906173706, 0.23494961857795715]"
3,centroid,1,306,Ratikon,Ratikon,"[""Ratikon"", ""Denom"", ""Ilias"", ""Nivalis"", ""Alaris""]","[0.7775530219078064, 0.6827930212020874, 0.5799943208694458, 0.4809061884880066, 0.22519424557685852]"
3,centroid,1,307,Ratikon,Ratikon,"[""Ratikon"", ""Denom"", ""Ilias"", ""Nivalis"", ""Velorum""]","[0.844780683517456, 0.6393350958824158, 0.6028147339820862, 0.5861936211585999, 0.1857871413230896]"
3,centroid,1,308,Ratikon,Ratikon,"[""Ratikon"", ""Ilias"", ""Nivalis"", ""Denom"", ""Velorum""]","[0.8277103304862976, 0.7868455648422241, 0.5564607977867126, 0.5405040979385376, 0.2982787787914276]"
3,centroid,1,309,Ratikon,Ilias,"[""Ilias"", ""Ratikon"", ""Denom"", ""Nivalis"", ""Velorum""]","[0.873602032661438, 0.8195486068725586, 0.6814659833908081, 0.6293826103210449, 0.3996157646179199]"
3,centroid,1,310,Ratikon,Ratikon,"[""Ratikon"", ""Nivalis"", ""Denom"", ""Ilias"", ""Velorum""]","[0.8939149379730225, 0.7602207660675049, 0.7061871886253357, 0.4695300757884979, 0.2156546711921692]"
3,centroid,1,311,Ratikon,Ratikon,"[""Ratikon"", ""Denom"", ""Ilias"", ""Nivalis"", ""Velorum""]","[0.7798382043838501, 0.7646895051002502, 0.7595880627632141, 0.7040358781814575, 0.47662949562072754]"
3,centroid,1,312,Ratikon,Ratikon,"[""Ratikon"", ""Denom"", ""Ilias"", ""Nivalis"", ""Velorum""]","[0.9367291927337646, 0.8355544209480286, 0.8347216844558716, 0.7349271178245544, 0.27873510122299194]"
3,centroid,1,313,Ratikon,Ratikon,"[""Ratikon"", ""Nivalis"", ""Denom"", ""Ilias"", ""Velorum""]","[0.8886010050773621, 0.7763335704803467, 0.646710991859436, 0.626416027545929, 0.33286046981811523]"
3,centroid,1,314,Ratikon,Ilias,"[""Ilias"", ""Nivalis"", ""Ratikon"", ""Denom"", ""Velorum""]","[0.8393807411193848, 0.7832424640655518, 0.7629318237304688, 0.7204352617263794, 0.4313126504421234]"
3,centroid,1,315,Ratikon,Ilias,"[""Ilias"", ""Ratikon"", ""Denom"", ""Nivalis"", ""Triton""]","[0.831089973449707, 0.713546097278595, 0.6556738615036011, 0.6172239780426025, 0.38576453924179077]"
3,centroid,1,316,Ratikon,Ratikon,"[""Ratikon"", ""Nivalis"", ""Denom"", ""Ilias"", ""Velorum""]","[0.9069176912307739, 0.7612502574920654, 0.6566857099533081, 0.5473582744598389, 0.3231643736362457]"
3,centroid,1,317,Steel_Wheel,Steel_Wheel,"[""Steel_Wheel"", ""Xtreme"", ""Gemini"", ""Vega"", ""Hawk""]","[0.8867090940475464, 0.10752671211957932, 0.04744622856378555, -0.06333045661449432, -0.07378026098012924]"
3,centroid,1,318,Steel_Wheel,Steel_Wheel,"[""Steel_Wheel"", ""Denom"", ""Xtreme"", ""Hawk"", ""Velorum""]","[0.9474384188652039, 0.00964123010635376, -0.025759145617485046, -0.03354499489068985, -0.059461310505867004]"
3,centroid,1,319,Steel_Wheel,Steel_Wheel,"[""Steel_Wheel"", ""Castor"", ""Xtreme"", ""Mytikas"", ""Nivalis""]","[0.9388284683227539, -0.008053623139858246, -0.06857781112194061, -0.08173084259033203, -0.09180793166160583]"
3,centroid,1,320,Steel_Wheel,Steel_Wheel,"[""Steel_Wheel"", ""Xtreme"", ""Castor"", ""Mytikas"", ""Gemini""]","[0.9381492733955383, -0.026027482002973557, -0.03743862360715866, -0.0925309956073761, -0.11759253591299057]"
3,centroid,1,321,Steel_Wheel,Steel_Wheel,"[""Steel_Wheel"", ""Xtreme"", ""Hawk"", ""Turbine"", ""Gemini""]","[0.9306933283805847, 0.13229511678218842, 0.03450680151581764, -0.015756754204630852, -0.017722472548484802]"
3,centroid,1,322,Steel_Wheel,Steel_Wheel,"[""Steel_Wheel"", ""Xtreme"", ""Velorum"", ""Denom"", ""Nivalis""]","[0.9723294973373413, -0.03163125365972519, -0.034055061638355255, -0.03752000257372856, -0.05592377856373787]"
3,centroid,1,323,Steel_Wheel,Steel_Wheel,"[""Steel_Wheel"", ""Mytikas"", ""Trius"", ""Nivalis"", ""Denom""]","[0.9580856561660767, 0.11299334466457367, 0.03635586053133011, -0.022247720509767532, -0.025858411565423012]"
3,centroid,1,324,Steel_Wheel,Steel_Wheel,"[""Steel_Wheel"", ""Xtreme"", ""Mytikas"", ""Nivalis"", ""Gemini""]","[0.9537531137466431, 0.06406670808792114, -0.018923765048384666, -0.04508960247039795, -0.049565114080905914]"
3,centroid,1,325,Steel_Wheel,Steel_Wheel,"[""Steel_Wheel"", ""Velorum"", ""Castor"", ""Xtreme"", ""Nivalis""]","[0.946508526802063, 0.036386888474226, -0.026944302022457123, -0.032767150551080704, -0.03699652850627899]"
3,centroid,1,326,Steel_Wheel,Steel_Wheel,"[""Steel_Wheel"", ""Denom"", ""Xtreme"", ""Nivalis"", ""Velorum""]","[0.9602560997009277, 0.08619041740894318, 0.03754676505923271, 0.02387150377035141, -0.007914774119853973]"
3,centroid,1,327,Steel_Wheel,Steel_Wheel,"[""Steel_Wheel"", ""Nivalis"", ""Denom"", ""Hawk"", ""Velorum""]","[0.9436172246932983, 0.07695862650871277, 0.07329148054122925, 0.049834344536066055, 0.048973266035318375]"
3,centroid,1,328,Steel_Wheel,Steel_Wheel,"[""Steel_Wheel"", ""Xtreme"", ""Gemini"", ""Denom"", ""Nivalis""]","[0.9866508841514587, 0.06217148154973984, -0.0017071366310119629, -0.012423714622855186, -0.0190289169549942]"
3,centroid,1,329,Steel_Wheel,Steel_Wheel,"[""Steel_Wheel"", ""Xtreme"", ""Castor"", ""Mytikas"", ""Hawk""]","[0.9517612457275391, 0.10076238214969635, 0.03794359415769577, 0.014009468257427216, -0.0733419805765152]"
3,centroid,1,330,Steel_Wheel,Steel_Wheel,"[""Steel_Wheel"", ""Hawk"", ""Nivalis"", ""Xtreme"", ""Denom""]","[0.9229618310928345, 0.09590381383895874, 0.09538476914167404, 0.06867289543151855, 0.04467617720365524]"
3,centroid,1,331,Steel_Wheel,Steel_Wheel,"[""Steel_Wheel"", ""Xtreme"", ""Mytikas"", ""Gemini"", ""Velorum""]","[0.9734795689582825, 0.06155851483345032, -0.000593237578868866, -0.02137628197669983, -0.05274352431297302]"
3,centroid,1,332,Steel_Wheel,Steel_Wheel,"[""Steel_Wheel"", ""Xtreme"", ""Denom"", ""Nivalis"", ""Velorum""]","[0.9568684697151184, 0.07871357351541519, 0.048508115112781525, 0.040221329778432846, 0.03388671204447746]"
3,centroid,1,333,Steel_Wheel,Steel_Wheel,"[""Steel_Wheel"", ""Xtreme"", ""Velorum"", ""Nivalis"", ""Denom""]","[0.9853673577308655, 0.06439393013715744, -0.027699191123247147, -0.032776445150375366, -0.06037696450948715]"
3,centroid,1,334,Steel_Wheel,Steel_Wheel,"[""Steel_Wheel"", ""Nivalis"", ""Xtreme"", ""Denom"", ""Gemini""]","[0.9630523920059204, 0.08672968298196793, 0.07034889608621597, 0.06784623861312866, 0.004073195159435272]"
3,centroid,1,335,Steel_Wheel,Steel_Wheel,"[""Steel_Wheel"", ""Nivalis"", ""Denom"", ""Xtreme"", ""Ratikon""]","[0.8864231705665588, 0.15007779002189636, 0.1316988468170166, 0.11097480356693268, 0.07580342888832092]"
3,centroid,1,336,Steel_Wheel,Steel_Wheel,"[""Steel_Wheel"", ""Nivalis"", ""Hawk"", ""Denom"", ""Turbine""]","[0.9523003101348877, 0.018703117966651917, 0.01573849841952324, -0.003829820081591606, -0.05615583062171936]"
3,centroid,1,337,Steel_Wheel,Steel_Wheel,"[""Steel_Wheel"", ""Xtreme"", ""Gemini"", ""Mytikas"", ""Hawk""]","[0.8707099556922913, 0.3109380900859833, 0.1927415132522583, 0.09151759743690491, 0.04325072467327118]"
3,centroid,1,338,Steel_Wheel,Steel_Wheel,"[""Steel_Wheel"", ""Nivalis"", ""Denom"", ""Velorum"", ""Ratikon""]","[0.9523048996925354, 0.10554347932338715, 0.07711657881736755, 0.06549900025129318, 0.004826817661523819]"
3,centroid,1,339,Steel_Wheel,Denom,"[""Denom"", ""Ratikon"", ""Nivalis"", ""Steel_Wheel"", ""Ilias""]","[0.4750271439552307, 0.25660645961761475, 0.20931217074394226, -0.0009498866274952888, -0.022589821368455887]"
3,centroid,1,340,Steel_Wheel,Steel_Wheel,"[""Steel_Wheel"", ""Denom"", ""Xtreme"", ""Nivalis"", ""Hawk""]","[0.9836540818214417, 0.02503286488354206, 0.016920655965805054, 0.012053785845637321, -0.04719502478837967]"
3,centroid,1,341,Steel_Wheel,Steel_Wheel,"[""Steel_Wheel"", ""Mytikas"", ""Xtreme"", ""Hawk"", ""Gemini""]","[0.9319649338722229, 0.149129256606102, 0.035619549453258514, 0.022789519280195236, -0.023895680904388428]"
3,centroid,1,342,Steel_Wheel,Steel_Wheel,"[""Steel_Wheel"", ""Velorum"", ""Xtreme"", ""Nivalis"", ""Denom""]","[0.9515421986579895, 0.15720169246196747, 0.12835055589675903, 0.11738327890634537, 0.07621491700410843]"
3,centroid,1,343,Steel_Wheel,Steel_Wheel,"[""Steel_Wheel"", ""Nivalis"", ""Denom"", ""Velorum"", ""Xtreme""]","[0.9578888416290283, 0.06659165769815445, 0.049320876598358154, 0.04804391413927078, 0.04106047749519348]"
3,centroid,1,344,Steel_Wheel,Steel_Wheel,"[""Steel_Wheel"", ""Mytikas"", ""Xtreme"", ""Turbine"", ""Castor""]","[0.9127417802810669, 0.06025930866599083, 0.056663982570171356, -0.009679976850748062, -0.05998909845948219]"
3,centroid,1,345,Steel_Wheel,Steel_Wheel,"[""Steel_Wheel"", ""Xtreme"", ""Mytikas"", ""Turbine"", ""Hawk""]","[0.8919699192047119, 0.10002075880765915, -0.07644708454608917, -0.07670582085847855, -0.07778534293174744]"
3,centroid,1,346,Steel_Wheel,Steel_Wheel,"[""Steel_Wheel"", ""Nivalis"", ""Velorum"", ""Denom"", ""Xtreme""]","[0.9747381210327148, 0.08391526341438293, 0.07724300026893616, 0.06889502704143524, 0.017136625945568085]"
3,centroid,1,347,Steel_Wheel,Steel_Wheel,"[""Steel_Wheel"", ""Nivalis"", ""Velorum"", ""Denom"", ""Ratikon""]","[0.9294790029525757, 0.18145829439163208, 0.14017203450202942, 0.10534271597862244, 0.08440914005041122]"
3,centroid,1,348,Steel_Wheel,Steel_Wheel,"[""Steel_Wheel"", ""Mytikas"", ""Xtreme"", ""Alaris"", ""Trius""]","[0.9515944719314575, -0.007414495572447777, -0.016750246286392212, -0.03015347383916378, -0.03463137894868851]"
3,centroid,1,349,Steel_Wheel,Steel_Wheel,"[""Steel_Wheel"", ""Nivalis"", ""Velorum"", ""Xtreme"", ""Denom""]","[0.9762165546417236, 0.07698556035757065, 0.052489202469587326, 0.0264316163957119, -0.011622121557593346]"
3,centroid,1,350,Steel_Wheel,Steel_Wheel,"[""Steel_Wheel"", ""Hawk"", ""Xtreme"", ""Mytikas"", ""Velorum""]","[0.9366204142570496, 0.13699355721473694, 0.08997386693954468, 0.05784323066473007, -0.01736215502023697]"
3,centroid,1,351,Steel_Wheel,Steel_Wheel,"[""Steel_Wheel"", ""Xtreme"", ""Mytikas"", ""Gemini"", ""Nivalis""]","[0.9554588198661804, 0.12115748971700668, 0.06476563215255737, 0.036495141685009, -0.01541019044816494]"
3,centroid,1,352,Triton,Triton,"[""Triton"", ""Mytikas"", ""Trius"", ""Castor"", ""Ilias""]","[0.92507404088974, 0.5651131272315979, 0.5588113069534302, 0.408202201128006, 0.3792666494846344]"
3,centroid,1,353,Triton,Triton,"[""Triton"", ""Trius"", ""Braga"", ""Gemini"", ""Mytikas""]","[0.8974218964576721, 0.6549279689788818, 0.6238274574279785, 0.44710904359817505, 0.4379314184188843]"
3,centroid,1,354,Triton,Triton,"[""Triton"", ""Braga"", ""Trius"", ""Mytikas"", ""Castor""]","[0.9220376014709473, 0.7086164951324463, 0.6611059904098511, 0.6140456199645996, 0.5948356986045837]"
3,centroid,1,355,Triton,Triton,"[""Triton"", ""Castor"", ""Trius"", ""Braga"", ""Mytikas""]","[0.7990145087242126, 0.5354204177856445, 0.4726925492286682, 0.42994627356529236, 0.35989290475845337]"
3,centroid,1,356,Triton,Triton,"[""Triton"", ""Castor"", ""Trius"", ""Braga"", ""Mytikas""]","[0.8232158422470093, 0.6161187887191772, 0.6147230267524719, 0.5565023422241211, 0.4770328998565674]"
3,centroid,1,357,Triton,Triton,"[""Triton"", ""Castor"", ""Braga"", ""Trius"", ""Mytikas""]","[0.7837784290313721, 0.6579806804656982, 0.5889726281166077, 0.49790480732917786, 0.430838942527771]"
3,centroid,1,358,Triton,Triton,"[""Triton"", ""Braga"", ""Trius"", ""Gemini"", ""Mytikas""]","[0.8549294471740723, 0.7665844559669495, 0.7145023345947266, 0.5869030952453613, 0.5064771175384521]"
3,centroid,1,359,Triton,Triton,"[""Triton"", ""Trius"", ""Mytikas"", ""Braga"", ""Castor""]","[0.917727530002594, 0.6637944579124451, 0.5224834084510803, 0.5040069818496704, 0.3737824559211731]"
3,centroid,1,360,Triton,Triton,"[""Triton"", ""Trius"", ""Braga"", ""Alcatras"", ""Gemini""]","[0.885697603225708, 0.6380343437194824, 0.6373132467269897, 0.5218901634216309, 0.4789620637893677]"
3,centroid,1,361,Triton,Triton,"[""Triton"", ""Trius"", ""Mytikas"", ""Braga"", ""Alcatras""]","[0.8781052827835083, 0.7808545827865601, 0.7368592023849487, 0.63133704662323, 0.6200743913650513]"
3,centroid,1,362,Triton,Triton,"[""Triton"", ""Trius"", ""Mytikas"", ""Braga"", ""Alcatras""]","[0.8921157121658325, 0.5836613774299622, 0.5824263095855713, 0.5151418447494507, 0.4930603802204132]"
3,centroid,1,363,Triton,Triton,"[""Triton"", ""Castor"", ""Trius"", ""Braga"", ""Mytikas""]","[0.806565523147583, 0.5215053558349609, 0.48460865020751953, 0.43749600648880005, 0.3425061106681824]"
3,centroid,1,364,Triton,Triton,"[""Triton"", ""Trius"", ""Braga"", ""Mytikas"", ""Alcatras""]","[0.9380218386650085, 0.7079840898513794, 0.622056782245636, 0.5631417036056519, 0.482740581035614]"
3,centroid,1,365,Triton,Alcatras,"[""Alcatras"", ""Alaris"", ""Mytikas"", ""Trius"", ""Triton""]","[0.751145601272583, 0.6744750738143921, 0.6535364985466003, 0.6509537100791931, 0.6305081844329834]"
3,centroid,1,366,Triton,Triton,"[""Triton"", ""Mytikas"", ""Castor"", ""Velorum"", ""Braga""]","[0.8384790420532227, 0.6434832811355591, 0.48327022790908813, 0.45678430795669556, 0.4443916082382202]"
3,centroid,1,367,Triton,Triton,"[""Triton"", ""Braga"", ""Mytikas"", ""Trius"", ""Castor""]","[0.9197803735733032, 0.6873185634613037, 0.653936505317688, 0.6368907690048218, 0.47430866956710815]"
3,centroid,1,368,Triton,Triton,"[""Triton"", ""Trius"", ""Braga"", ""Castor"", ""Mytikas""]","[0.8893991708755493, 0.5800753831863403, 0.5496534109115601, 0.5485900044441223, 0.47547805309295654]"
3,centroid,1,369,Triton,Triton,"[""Triton"", ""Mytikas"", ""Trius"", ""Alcatras"", ""Braga""]","[0.7250611782073975, 0.6845567226409912, 0.6192026138305664, 0.5799243450164795, 0.4586072564125061]"
3,centroid,1,370,Triton,Triton,"[""Triton"", ""Trius"", ""Braga"", ""Mytikas"", ""Castor""]","[0.9471403360366821, 0.7244372963905334, 0.6389238834381104, 0.6037384867668152, 0.5225039124488831]"
3,centroid,1,371,Triton,Triton,"[""Triton"", ""Braga"", ""Trius"", ""Mytikas"", ""Gemini""]","[0.8706949353218079, 0.7535701990127563, 0.5792108774185181, 0.5574007630348206, 0.4725591838359833]"
3,centroid,1,372,Triton,Triton,"[""Triton"", ""Trius"", ""Braga"", ""Mytikas"", ""Alcatras""]","[0.9168230891227722, 0.7649827003479004, 0.7252635955810547, 0.6254153251647949, 0.4997873306274414]"
3,centroid,1,373,Triton,Triton,"[""Triton"", ""Trius"", ""Braga"", ""Mytikas"", ""Alcatras""]","[0.8446374535560608, 0.527862012386322, 0.5029531121253967, 0.46322473883628845, 0.42746639251708984]"
3,centroid,1,374,Triton,Triton,"[""Triton"", ""Trius"", ""Braga"", ""Mytikas"", ""Alcatras""]","[0.9456725716590881, 0.7322904467582703, 0.6132525205612183, 0.5361272096633911, 0.4391305446624756]"
3,centroid,1,375,Triton,Braga,"[""Braga"", ""Alcatras"", ""Trius"", ""Mytikas"", ""Triton""]","[0.7542421817779541, 0.7524363994598389, 0.7293068170547485, 0.7038159370422363, 0.691459596157074]"
3,centroid,1,376,Triton,Triton,"[""Triton"", ""Trius"", ""Ilias"", ""Alcatras"", ""Castor""]","[0.7190234661102295, 0.4918711185455322, 0.38031482696533203, 0.36856505274772644, 0.361564576625824]"
3,centroid,1,377,Triton,Triton,"[""Triton"", ""Braga"", ""Trius"", ""Alcatras"", ""Mytikas""]","[0.8674625158309937, 0.7492290139198303, 0.7302605509757996, 0.6386358737945557, 0.5853332281112671]"
3,centroid,1,378,Triton,Triton,"[""Triton"", ""Braga"", ""Trius"", ""Mytikas"", ""Alcatras""]","[0.9114829301834106, 0.7471787929534912, 0.7064048647880554, 0.6175593137741089, 0.5412648916244507]"
3,centroid,1,379,Triton,Triton,"[""Triton"", ""Braga"", ""Trius"", ""Gemini"", ""Castor""]","[0.821704626083374, 0.5966543555259705, 0.5827199220657349, 0.4984532296657562, 0.38769352436065674]"
3,centroid,1,380,Triton,Triton,"[""Triton"", ""Trius"", ""Alcatras"", ""Mytikas"", ""Castor""]","[0.8567935228347778, 0.7034871578216553, 0.6988781690597534, 0.6643476486206055, 0.6342267990112305]"
3,centroid,1,381,Triton,Triton,"[""Triton"", ""Trius"", ""Braga"", ""Alcatras"", ""Mytikas""]","[0.8966379165649414, 0.7571091055870056, 0.639763593673706, 0.6088837385177612, 0.5950609445571899]"
3,centroid,1,382,Triton,Triton,"[""Triton"", ""Mytikas"", ""Trius"", ""Braga"", ""Alcatras""]","[0.9568990468978882, 0.6890560388565063, 0.66367506980896, 0.5269865989685059, 0.521870493888855]"
3,centroid,1,383,Triton,Triton,"[""Triton"", ""Mytikas"", ""Trius"", ""Braga"", ""Alcatras""]","[0.9239121675491333, 0.7339600324630737, 0.7034026384353638, 0.6301323175430298, 0.5769568681716919]"
3,centroid,1,384,Triton,Triton,"[""Triton"", ""Trius"", ""Gemini"", ""Braga"", ""Mytikas""]","[0.8650263547897339, 0.5976263284683228, 0.5494017601013184, 0.5404052734375, 0.4772067666053772]"
3,centroid,1,385,Triton,Triton,"[""Triton"", ""Castor"", ""Mytikas"", ""Braga"", ""Trius""]","[0.8201031684875488, 0.7408348321914673, 0.5837339162826538, 0.4477846920490265, 0.40936481952667236]"
3,centroid,1,386,Triton,Triton,"[""Triton"", ""Braga"", ""Trius"", ""Alcatras"", ""Gemini""]","[0.762079119682312, 0.7564965486526489, 0.7438486814498901, 0.5300725698471069, 0.4842990040779114]"
3,centroid,1,387,Triton,Triton,"[""Triton"", ""Trius"", ""Braga"", ""Ilias"", ""Gemini""]","[0.8817848563194275, 0.6627860069274902, 0.48118528723716736, 0.40057384967803955, 0.4003651738166809]"
3,centroid,1,388,Triton,Alcatras,"[""Alcatras"", ""Castor"", ""Triton"", ""Braga"", ""Alaris""]","[0.7127983570098877, 0.6037572622299194, 0.5934881567955017, 0.545908510684967, 0.4592999219894409]"
3,centroid,1,389,Triton,Triton,"[""Triton"", ""Mytikas"", ""Trius"", ""Braga"", ""Alcatras""]","[0.8826931715011597, 0.801891565322876, 0.6644190549850464, 0.5415565967559814, 0.4937445819377899]"
3,centroid,1,390,Triton,Triton,"[""Triton"", ""Trius"", ""Castor"", ""Braga"", ""Mytikas""]","[0.6621116995811462, 0.5480530261993408, 0.46909308433532715, 0.42261847853660583, 0.3494870364665985]"
3,centroid,1,391,Triton,Triton,"[""Triton"", ""Mytikas"", ""Trius"", ""Braga"", ""Castor""]","[0.9195317029953003, 0.7198188304901123, 0.6783698201179504, 0.5908024907112122, 0.5569111108779907]"
3,centroid,1,392,Triton,Triton,"[""Triton"", ""Trius"", ""Mytikas"", ""Braga"", ""Gemini""]","[0.9379057884216309, 0.6750602722167969, 0.5566403865814209, 0.5105208158493042, 0.48010292649269104]"
3,centroid,1,393,Triton,Castor,"[""Castor"", ""Triton"", ""Mytikas"", ""Alcatras"", ""Braga""]","[0.6508277058601379, 0.6105540990829468, 0.586422324180603, 0.5706779956817627, 0.4265119731426239]"
3,centroid,1,394,Triton,Triton,"[""Triton"", ""Mytikas"", ""Trius"", ""Castor"", ""Braga""]","[0.9239553213119507, 0.5902470350265503, 0.588687002658844, 0.5558359622955322, 0.5301487445831299]"
3,centroid,1,395,Triton,Triton,"[""Triton"", ""Mytikas"", ""Trius"", ""Alcatras"", ""Braga""]","[0.8599789142608643, 0.6895527839660645, 0.6367549896240234, 0.6176908016204834, 0.5329971313476562]"
3,centroid,1,396,Triton,Triton,"[""Triton"", ""Braga"", ""Mytikas"", ""Trius"", ""Castor""]","[0.857551634311676, 0.6683897972106934, 0.6519321203231812, 0.587848424911499, 0.5756173729896545]"
3,centroid,1,397,Triton,Triton,"[""Triton"", ""Mytikas"", ""Braga"", ""Alcatras"", ""Trius""]","[0.8207715749740601, 0.6410515904426575, 0.5595477819442749, 0.5250258445739746, 0.4636538028717041]"
3,centroid,1,398,Triton,Triton,"[""Triton"", ""Braga"", ""Trius"", ""Gemini"", ""Mytikas""]","[0.8260199427604675, 0.6206803917884827, 0.5717017650604248, 0.5365813970565796, 0.49128013849258423]"
3,centroid,1,399,Triton,Triton,"[""Triton"", ""Braga"", ""Mytikas"", ""Trius"", ""Gemini""]","[0.8167937994003296, 0.5872412323951721, 0.5459495782852173, 0.45353132486343384, 0.4483785331249237]"
3,centroid,1,400,Triton,Triton,"[""Triton"", ""Trius"", ""Mytikas"", ""Braga"", ""Alcatras""]","[0.9070724844932556, 0.6483484506607056, 0.5292935967445374, 0.5290907621383667, 0.480511873960495]"
3,centroid,1,401,Triton,Mytikas,"[""Mytikas"", ""Triton"", ""Trius"", ""Alcatras"", ""Castor""]","[0.8093353509902954, 0.8073596954345703, 0.5185068845748901, 0.504908561706543, 0.41519227623939514]"
3,centroid,1,402,Triton,Triton,"[""Triton"", ""Castor"", ""Braga"", ""Mytikas"", ""Trius""]","[0.8159886002540588, 0.714802086353302, 0.6452902555465698, 0.5769786834716797, 0.4189678430557251]"
3,centroid,1,403,Triton,Triton,"[""Triton"", ""Braga"", ""Trius"", ""Castor"", ""Velorum""]","[0.7397189140319824, 0.6899147033691406, 0.5893162488937378, 0.4579177498817444, 0.43624404072761536]"
3,centroid,1,404,Triton,Triton,"[""Triton"", ""Mytikas"", ""Trius"", ""Braga"", ""Castor""]","[0.9203146696090698, 0.6781311631202698, 0.5857025980949402, 0.5529811382293701, 0.47389742732048035]"
3,centroid,1,405,Trius,Trius,"[""Trius"", ""Alaris"", ""Braga"", ""Alcatras"", ""Mytikas""]","[0.7905250191688538, 0.5491870641708374, 0.4934779703617096, 0.49053680896759033, 0.38063621520996094]"
3,centroid,1,406,Trius,Triton,"[""Triton"", ""Trius"", ""Velorum"", ""Alcatras"", ""Braga""]","[0.7450516819953918, 0.6797443628311157, 0.5905512571334839, 0.5435298681259155, 0.4254877269268036]"
3,centroid,1,407,Trius,Trius,"[""Trius"", ""Gemini"", ""Vega"", ""Braga"", ""Alaris""]","[0.768989622592926, 0.5619358420372009, 0.5198197364807129, 0.5072823762893677, 0.4383760690689087]"
3,centroid,1,408,Trius,Triton,"[""Triton"", ""Castor"", ""Trius"", ""Braga"", ""Alcatras""]","[0.7526140213012695, 0.7014768123626709, 0.6832454204559326, 0.6635584831237793, 0.6260871887207031]"
3,centroid,1,409,Trius,Trius,"[""Trius"", ""Gemini"", ""Vega"", ""Triton"", ""Denom""]","[0.7683621644973755, 0.6027349233627319, 0.46138954162597656, 0.3863373398780823, 0.3377857804298401]"
3,centroid,1,410,Trius,Trius,"[""Trius"", ""Gemini"", ""Triton"", ""Mytikas"", ""Braga""]","[0.6545922756195068, 0.5939634442329407, 0.571290135383606, 0.5350126028060913, 0.3331485688686371]"
3,centroid,1,411,Trius,Trius,"[""Trius"", ""Triton"", ""Alcatras"", ""Alaris"", ""Braga""]","[0.9073303937911987, 0.7111786007881165, 0.5762298107147217, 0.5702036619186401, 0.5517529845237732]"
3,centroid,1,412,Trius,Trius,"[""Trius"", ""Braga"", ""Triton"", ""Gemini"", ""Alaris""]","[0.7805648446083069, 0.5970128774642944, 0.5232542753219604, 0.5176645517349243, 0.49755460023880005]"
3,centroid,1,413,Trius,Trius,"[""Trius"", ""Triton"", ""Braga"", ""Mytikas"", ""Gemini""]","[0.8796087503433228, 0.7800245881080627, 0.707645058631897, 0.5893644094467163, 0.5085740089416504]"
3,centroid,1,414,Trius,Trius,"[""Trius"", ""Alaris"", ""Braga"", ""Alcatras"", ""Gemini""]","[0.7833274602890015, 0.6160573959350586, 0.5515427589416504, 0.5151222348213196, 0.4599617123603821]"
3,centroid,1,415,Trius,Trius,"[""Trius"", ""Alaris"", ""Triton"", ""Alcatras"", ""Braga""]","[0.6608161926269531, 0.6154406070709229, 0.5040284395217896, 0.5000892281532288, 0.4069356620311737]"
3,centroid,1,416,Trius,Vega,"[""Vega"", ""Gemini"", ""Triton"", ""Trius"", ""Xtreme""]","[0.42601802945137024, 0.3450092673301697, 0.3018961548805237, 0.2968614101409912, 0.2609464228153229]"
3,centroid,1,417,Trius,Trius,"[""Trius"", ""Braga"", ""Triton"", ""Alcatras"", ""Alaris""]","[0.8117832541465759, 0.7282112836837769, 0.7184423804283142, 0.7084113359451294, 0.5599850416183472]"
3,centroid,1,418,Trius,Trius,"[""Trius"", ""Gemini"", ""Triton"", ""Denom"", ""Mytikas""]","[0.7969032526016235, 0.4712839126586914, 0.38190585374832153, 0.3097482919692993, 0.3058435618877411]"
3,centroid,1,419,Trius,Trius,"[""Trius"", ""Triton"", ""Ilias"", ""Gemini"", ""Velorum""]","[0.7335367798805237, 0.7238606214523315, 0.5659432411193848, 0.5619730353355408, 0.5306062698364258]"
3,centroid,1,420,Trius,Trius,"[""Trius"", ""Triton"", ""Alcatras"", ""Mytikas"", ""Alaris""]","[0.9336181879043579, 0.5956893563270569, 0.5174737572669983, 0.5172525644302368, 0.5103060603141785]"
3,centroid,1,421,Trius,Trius,"[""Trius"", ""Triton"", ""Mytikas"", ""Gemini"", ""Vega""]","[0.8565460443496704, 0.6718651056289673, 0.5229341983795166, 0.4754078686237335, 0.44190093874931335]"
3,centroid,1,422,Trius,Trius,"[""Trius"", ""Alaris"", ""Alcatras"", ""Braga"", ""Triton""]","[0.8469618558883667, 0.7075304985046387, 0.6253823041915894, 0.5791951417922974, 0.5430777072906494]"
3,centroid,1,423,Trius,Mytikas,"[""Mytikas"", ""Vega"", ""Trius"", ""Alaris"", ""Gemini""]","[0.47284233570098877, 0.46019095182418823, 0.43050169944763184, 0.3647569715976715, 0.2896254062652588]"
3,centroid,1,424,Trius,Trius,"[""Trius"", ""Triton"", ""Alcatras"", ""Braga"", ""Velorum""]","[0.6747646331787109, 0.673049807548523, 0.639430820941925, 0.5904628038406372, 0.5140533447265625]"
3,centroid,1,425,Trius,Trius,"[""Trius"", ""Triton"", ""Alaris"", ""Braga"", ""Alcatras""]","[0.8705384731292725, 0.7152885794639587, 0.6431769132614136, 0.6174169778823853, 0.609764814376831]"
3,centroid,1,426,Trius,Trius,"[""Trius"", ""Vega"", ""Ilias"", ""Alaris"", ""Triton""]","[0.6069371700286865, 0.4660375714302063, 0.43079686164855957, 0.42731013894081116, 0.42221879959106445]"
3,centroid,1,427,Trius,Trius,"[""Trius"", ""Triton"", ""Velorum"", ""Castor"", ""Braga""]","[0.7503421306610107, 0.6958279609680176, 0.5328604578971863, 0.4077036380767822, 0.4056404232978821]"
3,centroid,1,428,Trius,Triton,"[""Triton"", ""Trius"", ""Mytikas"", ""Braga"", ""Gemini""]","[0.8887898325920105, 0.8017820715904236, 0.5432308912277222, 0.47826239466667175, 0.461570143699646]"
3,centroid,1,429,Trius,Trius,"[""Trius"", ""Braga"", ""Alaris"", ""Triton"", ""Alcatras""]","[0.9088197350502014, 0.6704428195953369, 0.6534789800643921, 0.5976223945617676, 0.5695071816444397]"
3,centroid,1,430,Trius,Trius,"[""Trius"", ""Ilias"", ""Gemini"", ""Triton"", ""Alcatras""]","[0.5534806251525879, 0.5377554893493652, 0.5289300680160522, 0.49085572361946106, 0.48734885454177856]"
3,centroid,1,431,Trius,Trius,"[""Trius"", ""Triton"", ""Ilias"", ""Gemini"", ""Braga""]","[0.7683502435684204, 0.7023383975028992, 0.5639634728431702, 0.4960048794746399, 0.45684438943862915]"
3,centroid,1,432,Trius,Trius,"[""Trius"", ""Ilias"", ""Gemini"", ""Denom"", ""Triton""]","[0.6695414781570435, 0.6182795763015747, 0.5832305550575256, 0.5319668054580688, 0.526746928691864]"
3,centroid,1,433,Trius,Trius,"[""Trius"", ""Triton"", ""Alaris"", ""Alcatras"", ""Mytikas""]","[0.7025918364524841, 0.6828728318214417, 0.6384755373001099, 0.5896577835083008, 0.5456609725952148]"
3,centroid,1,434,Trius,Trius,"[""Trius"", ""Gemini"", ""Triton"", ""Alaris"", ""Braga""]","[0.819520890712738, 0.45331019163131714, 0.3849443197250366, 0.3461947441101074, 0.3460735082626343]"
3,centroid,1,435,Trius,Castor,"[""Castor"", ""Velorum"", ""Triton"", ""Mytikas"", ""Alcatras""]","[0.6495075225830078, 0.6031345129013062, 0.5969942808151245, 0.466778963804245, 0.4268966615200043]"
3,centroid,1,436,Trius,Triton,"[""Triton"", ""Trius"", ""Braga"", ""Gemini"", ""Mytikas""]","[0.8063092231750488, 0.7630944848060608, 0.5696206092834473, 0.5041992664337158, 0.5022393465042114]"
3,centroid,1,437,Trius,Trius,"[""Trius"", ""Triton"", ""Alcatras"", ""Braga"", ""Castor""]","[0.8385845422744751, 0.661351203918457, 0.6285796165466309, 0.6193917989730835, 0.5509012937545776]"
3,centroid,1,438,Trius,Trius,"[""Trius"", ""Braga"", ""Triton"", ""Mytikas"", ""Gemini""]","[0.896766185760498, 0.6979362964630127, 0.6411093473434448, 0.6127928495407104, 0.5756007432937622]"
3,centroid,1,439,Trius,Trius,"[""Trius"", ""Braga"", ""Triton"", ""Alaris"", ""Gemini""]","[0.8498445749282837, 0.6965035796165466, 0.5759456157684326, 0.5457198023796082, 0.5402238368988037]"
3,centroid,1,440,Trius,Trius,"[""Trius"", ""Gemini"", ""Mytikas"", ""Vega"", ""Triton""]","[0.8314716815948486, 0.5665490627288818, 0.5521581768989563, 0.504767894744873, 0.4806451201438904]"
3,centroid,1,441,Trius,Triton,"[""Triton"", ""Trius"", ""Braga"", ""Gemini"", ""Mytikas""]","[0.7933170795440674, 0.7921671867370605, 0.6982722878456116, 0.6281439065933228, 0.6271666288375854]"
3,centroid,1,442,Trius,Braga,"[""Braga"", ""Gemini"", ""Trius"", ""Triton"", ""Alcatras""]","[0.7781932353973389, 0.7363065481185913, 0.6390617489814758, 0.5314832925796509, 0.4280689060688019]"
3,centroid,1,443,Trius,Braga,"[""Braga"", ""Trius"", ""Mytikas"", ""Triton"", ""Alcatras""]","[0.8321832418441772, 0.7356072664260864, 0.7320168018341064, 0.7059892416000366, 0.609414279460907]"
3,centroid,1,444,Trius,Vega,"[""Vega"", ""Trius"", ""Gemini"", ""Denom"", ""Nivalis""]","[0.517955482006073, 0.3792732357978821, 0.3463020324707031, 0.2804989814758301, 0.23494823276996613]"
3,centroid,1,445,Turbine,Turbine,"[""Turbine"", ""Castor"", ""Hawk"", ""Braga"", ""Alaris""]","[0.9154537916183472, 0.4376780390739441, 0.42952561378479004, 0.38551563024520874, 0.2177230417728424]"
3,centroid,1,446,Turbine,Turbine,"[""Turbine"", ""Castor"", ""Alcatras"", ""Alaris"", ""Hawk""]","[0.7251939177513123, 0.5020115375518799, 0.46717405319213867, 0.3461437225341797, 0.33481037616729736]"
3,centroid,1,447,Turbine,Turbine,"[""Turbine"", ""Braga"", ""Vega"", ""Hawk"", ""Trius""]","[0.8377819657325745, 0.610418438911438, 0.48993849754333496, 0.47742128372192383, 0.4105123281478882]"
3,centroid,1,448,Turbine,Turbine,"[""Turbine"", ""Castor"", ""Braga"", ""Alaris"", ""Alcatras""]","[0.7091735601425171, 0.6963552236557007, 0.5485914945602417, 0.47496679425239563, 0.431728720664978]"
3,centroid,1,449,Turbine,Turbine,"[""Turbine"", ""Vega"", ""Hawk"", ""Braga"", ""Gemini""]","[0.785820484161377, 0.6282038688659668, 0.5383442640304565, 0.4359276592731476, 0.29647770524024963]"
3,centroid,1,450,Turbine,Turbine,"[""Turbine"", ""Castor"", ""Braga"", ""Mytikas"", ""Trius""]","[0.7394423484802246, 0.6311897039413452, 0.5119259357452393, 0.43332499265670776, 0.3751230835914612]"
3,centroid,1,451,Turbine,Turbine,"[""Turbine"", ""Vega"", ""Braga"", ""Hawk"", ""Alaris""]","[0.8637741804122925, 0.515067458152771, 0.47339966893196106, 0.4569988250732422, 0.2658640146255493]"
3,centroid,1,452,Turbine,Turbine,"[""Turbine"", ""Hawk"", ""Castor"", ""Alcatras"", ""Vega""]","[0.8680468797683716, 0.519964337348938, 0.2992587089538574, 0.24322187900543213, 0.23822474479675293]"
3,centroid,1,453,Turbine,Turbine,"[""Turbine"", ""Hawk"", ""Castor"", ""Braga"", ""Mytikas""]","[0.8849402666091919, 0.5015996098518372, 0.39653950929641724, 0.30716243386268616, 0.2993190288543701]"
3,centroid,1,454,Turbine,Turbine,"[""Turbine"", ""Hawk"", ""Braga"", ""Castor"", ""Vega""]","[0.9171098470687866, 0.5408624410629272, 0.5117374658584595, 0.4304260015487671, 0.39277273416519165]"
3,centroid,1,455,Turbine,Turbine,"[""Turbine"", ""Alcatras"", ""Alaris"", ""Castor"", ""Hawk""]","[0.7682428359985352, 0.7181787490844727, 0.6693225502967834, 0.4830840826034546, 0.39556819200515747]"
3,centroid,1,456,Turbine,Turbine,"[""Turbine"", ""Braga"", ""Castor"", ""Hawk"", ""Alcatras""]","[0.940706729888916, 0.4944765567779541, 0.48312509059906006, 0.40787652134895325, 0.34645479917526245]"
3,centroid,1,457,Turbine,Alcatras,"[""Alcatras"", ""Castor"", ""Turbine"", ""Braga"", ""Alaris""]","[0.7630041837692261, 0.7035560011863708, 0.6954901218414307, 0.640674352645874, 0.5671293139457703]"
3,centroid,1,458,Turbine,Turbine,"[""Turbine"", ""Vega"", ""Braga"", ""Hawk"", ""Gemini""]","[0.7019895315170288, 0.5494382977485657, 0.4863114655017853, 0.4781787097454071, 0.4239306151866913]"
3,centroid,1,459,Turbine,Turbine,"[""Turbine"", ""Hawk"", ""Braga"", ""Mytikas"", ""Velorum""]","[0.7747611999511719, 0.5394287705421448, 0.3710322976112366, 0.24873791635036469, 0.24046248197555542]"
3,centroid,1,460,Turbine,Turbine,"[""Turbine"", ""Vega"", ""Hawk"", ""Braga"", ""Alaris""]","[0.8816477656364441, 0.5595651865005493, 0.48528093099594116, 0.44862085580825806, 0.34314948320388794]"
3,centroid,1,461,Turbine,Turbine,"[""Turbine"", ""Hawk"", ""Braga"", ""Vega"", ""Castor""]","[0.9294984340667725, 0.5443239808082581, 0.498230516910553, 0.36448994278907776, 0.27956467866897583]"
3,centroid,1,462,Turbine,Turbine,"[""Turbine"", ""Alaris"", ""Hawk"", ""Vega"", ""Braga""]","[0.9481055736541748, 0.4574001133441925, 0.44810283184051514, 0.37696152925491333, 0.36793166399002075]"
3,centroid,1,463,Turbine,Turbine,"[""Turbine"", ""Castor"", ""Alaris"", ""Alcatras"", ""Triton""]","[0.7259926795959473, 0.617906928062439, 0.5178022980690002, 0.43927425146102905, 0.32538431882858276]"
3,centroid,1,464,Turbine,Turbine,"[""Turbine"", ""Castor"", ""Alcatras"", ""Braga"", ""Alaris""]","[0.725161075592041, 0.6498560905456543, 0.6127121448516846, 0.48438408970832825, 0.4843813478946686]"
3,centroid,1,465,Turbine,Turbine,"[""Turbine"", ""Braga"", ""Vega"", ""Alaris"", ""Hawk""]","[0.8260987401008606, 0.734886646270752, 0.5662834644317627, 0.4649343490600586, 0.4264790415763855]"
3,centroid,1,466,Turbine,Castor,"[""Castor"", ""Braga"", ""Turbine"", ""Triton"", ""Alcatras""]","[0.7832701206207275, 0.7655532360076904, 0.6199827790260315, 0.6004833579063416, 0.5894616842269897]"
3,centroid,1,467,Turbine,Castor,"[""Castor"", ""Turbine"", ""Braga"", ""Alcatras"", ""Triton""]","[0.7978492975234985, 0.709083080291748, 0.7056382894515991, 0.6370761394500732, 0.5228716135025024]"
3,centroid,1,468,Turbine,Turbine,"[""Turbine"", ""Castor"", ""Alcatras"", ""Alaris"", ""Braga""]","[0.8004282116889954, 0.7968270778656006, 0.5572013854980469, 0.45230451226234436, 0.4333464205265045]"
3,centroid,1,469,Turbine,Turbine,"[""Turbine"", ""Hawk"", ""Braga"", ""Vega"", ""Alaris""]","[0.8797760009765625, 0.6503375768661499, 0.4285193085670471, 0.4203304052352905, 0.3827415704727173]"
3,centroid,1,470,Turbine,Turbine,"[""Turbine"", ""Braga"", ""Hawk"", ""Castor"", ""Triton""]","[0.8446991443634033, 0.532812237739563, 0.40807828307151794, 0.40319588780403137, 0.2915779650211334]"
3,centroid,1,471,Turbine,Turbine,"[""Turbine"", ""Vega"", ""Braga"", ""Hawk"", ""Alaris""]","[0.88265460729599, 0.4906620681285858, 0.47278380393981934, 0.46748122572898865, 0.3156542181968689]"
3,centroid,1,472,Vega,Vega,"[""Vega"", ""Braga"", ""Gemini"", ""Trius"", ""Hawk""]","[0.8852740526199341, 0.6541054248809814, 0.6488838195800781, 0.580614447593689, 0.46321600675582886]"
3,centroid,1,473,Vega,Vega,"[""Vega"", ""Turbine"", ""Braga"", ""Alaris"", ""Hawk""]","[0.7955617904663086, 0.5933202505111694, 0.5273864269256592, 0.45384907722473145, 0.45279133319854736]"
3,centroid,1,474,Vega,Vega,"[""Vega"", ""Alaris"", ""Hawk"", ""Turbine"", ""Trius""]","[0.8884661197662354, 0.47059839963912964, 0.463157594203949, 0.4596981704235077, 0.20330902934074402]"
3,centroid,1,475,Vega,Vega,"[""Vega"", ""Hawk"", ""Gemini"", ""Alaris"", ""Braga""]","[0.9116546511650085, 0.6244924068450928, 0.5268979668617249, 0.34088969230651855, 0.3251364827156067]"
3,centroid,1,476,Vega,Vega,"[""Vega"", ""Hawk"", ""Turbine"", ""Alaris"", ""Gemini""]","[0.9447760581970215, 0.5156077146530151, 0.4295538067817688, 0.4151623249053955, 0.30943945050239563]"
3,centroid,1,477,Vega,Vega,"[""Vega"", ""Hawk"", ""Turbine"", ""Gemini"", ""Braga""]","[0.8235086798667908, 0.5401411652565002, 0.4065895676612854, 0.38021790981292725, 0.2580379247665405]"
3,centroid,1,478,Vega,Vega,"[""Vega"", ""Alaris"", ""Gemini"", ""Turbine"", ""Hawk""]","[0.9293920993804932, 0.5117334127426147, 0.37148550152778625, 0.33984681963920593, 0.3257955312728882]"
3,centroid,1,479,Vega,Vega,"[""Vega"", ""Braga"", ""Gemini"", ""Hawk"", ""Trius""]","[0.8519803285598755, 0.61421799659729, 0.6060894727706909, 0.4764840602874756, 0.44458967447280884]"
3,centroid,1,480,Vega,Vega,"[""Vega"", ""Alaris"", ""Gemini"", ""Hawk"", ""Turbine""]","[0.9057009816169739, 0.40465259552001953, 0.367120623588562, 0.3087503910064697, 0.227217435836792]"
3,centroid,1,481,Vega,Vega,"[""Vega"", ""Hawk"", ""Turbine"", ""Alaris"", ""Alcatras""]","[0.7709816098213196, 0.695022702217102, 0.4883144497871399, 0.3825743794441223, 0.2569763660430908]"
3,centroid,1,482,Vega,Vega,"[""Vega"", ""Gemini"", ""Trius"", ""Alaris"", ""Hawk""]","[0.9299225211143494, 0.4977647066116333, 0.42545121908187866, 0.3803873062133789, 0.3743685483932495]"
3,centroid,1,483,Vega,Vega,"[""Vega"", ""Alaris"", ""Hawk"", ""Turbine"", ""Alcatras""]","[0.8024194240570068, 0.6808863878250122, 0.6419416069984436, 0.5013529658317566, 0.4935665726661682]"
3,centroid,1,484,Vega,Vega,"[""Vega"", ""Alaris"", ""Turbine"", ""Braga"", ""Trius""]","[0.8504233956336975, 0.4672834277153015, 0.38053956627845764, 0.3128994107246399, 0.26690673828125]"
3,centroid,1,485,Vega,Vega,"[""Vega"", ""Gemini"", ""Alaris"", ""Trius"", ""Braga""]","[0.7647193670272827, 0.4800410270690918, 0.2643657922744751, 0.24037282168865204, 0.15551859140396118]"
3,centroid,1,486,Vega,Vega,"[""Vega"", ""Hawk"", ""Alaris"", ""Turbine"", ""Gemini""]","[0.9142224788665771, 0.3387806713581085, 0.32146137952804565, 0.30558067560195923, 0.2664175033569336]"
3,centroid,1,487,Vega,Vega,"[""Vega"", ""Gemini"", ""Hawk"", ""Braga"", ""Turbine""]","[0.8939661383628845, 0.5509251356124878, 0.5481269955635071, 0.3337913751602173, 0.32251039147377014]"
3,centroid,1,488,Vega,Vega,"[""Vega"", ""Hawk"", ""Alaris"", ""Turbine"", ""Alcatras""]","[0.8854513168334961, 0.5569248199462891, 0.44416213035583496, 0.40289443731307983, 0.26212647557258606]"
3,centroid,1,489,Vega,Vega,"[""Vega"", ""Gemini"", ""Hawk"", ""Trius"", ""Alaris""]","[0.9386921525001526, 0.5088245868682861, 0.5025767087936401, 0.3918153643608093, 0.32636958360671997]"
3,centroid,1,490,Vega,Vega,"[""Vega"", ""Alaris"", ""Hawk"", ""Alcatras"", ""Gemini""]","[0.8846383690834045, 0.4352802038192749, 0.40357446670532227, 0.3910449743270874, 0.3836120367050171]"
3,centroid,1,491,Vega,Vega,"[""Vega"", ""Gemini"", ""Alaris"", ""Trius"", ""Braga""]","[0.913149356842041, 0.5188201069831848, 0.4934588670730591, 0.4597584307193756, 0.3577353358268738]"
3,centroid,1,492,Vega,Vega,"[""Vega"", ""Gemini"", ""Trius"", ""Hawk"", ""Alaris""]","[0.8658279776573181, 0.5838253498077393, 0.33822959661483765, 0.323318213224411, 0.2974763810634613]"
3,centroid,1,493,Vega,Vega,"[""Vega"", ""Alaris"", ""Hawk"", ""Alcatras"", ""Turbine""]","[0.8987047672271729, 0.5278809070587158, 0.48387545347213745, 0.36776798963546753, 0.32010743021965027]"
3,centroid,1,494,Vega,Vega,"[""Vega"", ""Turbine"", ""Hawk"", ""Alaris"", ""Braga""]","[0.8085691928863525, 0.5823683738708496, 0.4678244888782501, 0.4168998599052429, 0.3745101988315582]"
3,centroid,1,495,Vega,Vega,"[""Vega"", ""Alaris"", ""Gemini"", ""Trius"", ""Braga""]","[0.9154258966445923, 0.5263841152191162, 0.5098749399185181, 0.47322291135787964, 0.46740370988845825]"
3,centroid,1,496,Vega,Vega,"[""Vega"", ""Alaris"", ""Turbine"", ""Hawk"", ""Alcatras""]","[0.8218602538108826, 0.41830965876579285, 0.3706497550010681, 0.3307360112667084, 0.17244026064872742]"
3,centroid,1,497,Vega,Braga,"[""Braga"", ""Vega"", ""Alcatras"", ""Hawk"", ""Turbine""]","[0.7336434721946716, 0.6048001050949097, 0.6001220941543579, 0.5944280624389648, 0.5474002361297607]"
3,centroid,1,498,Vega,Xtreme,"[""Xtreme"", ""Mytikas"", ""Velorum"", ""Gemini"", ""Triton""]","[0.499112993478775, 0.46921306848526, 0.42787662148475647, 0.4262489974498749, 0.41812241077423096]"
3,centroid,1,499,Vega,Vega,"[""Vega"", ""Turbine"", ""Alaris"", ""Braga"", ""Hawk""]","[0.818567156791687, 0.487761527299881, 0.43708962202072144, 0.3955596685409546, 0.27080827951431274]"
3,centroid,1,500,Vega,Turbine,"[""Turbine"", ""Braga"", ""Vega"", ""Alcatras"", ""Castor""]","[0.5805169343948364, 0.5477473139762878, 0.47355249524116516, 0.40516340732574463, 0.38117021322250366]"
3,centroid,1,501,Vega,Vega,"[""Vega"", ""Gemini"", ""Trius"", ""Triton"", ""Braga""]","[0.7091304063796997, 0.6945688724517822, 0.559238612651825, 0.5285810828208923, 0.4607574939727783]"
3,centroid,1,502,Vega,Vega,"[""Vega"", ""Alaris"", ""Trius"", ""Gemini"", ""Braga""]","[0.9274863004684448, 0.4134172797203064, 0.34908729791641235, 0.3337487578392029, 0.31021249294281006]"
3,centroid,1,503,Vega,Vega,"[""Vega"", ""Gemini"", ""Hawk"", ""Trius"", ""Alaris""]","[0.9524260759353638, 0.4897366762161255, 0.42163610458374023, 0.40002554655075073, 0.38864389061927795]"
3,centroid,1,504,Vega,Vega,"[""Vega"", ""Hawk"", ""Turbine"", ""Alaris"", ""Braga""]","[0.8920652270317078, 0.5487514734268188, 0.38396966457366943, 0.3716880679130554, 0.28111404180526733]"
3,centroid,1,505,Vega,Vega,"[""Vega"", ""Hawk"", ""Gemini"", ""Braga"", ""Xtreme""]","[0.8615624308586121, 0.5705944895744324, 0.5211232900619507, 0.23535127937793732, 0.22795632481575012]"
3,centroid,1,506,Vega,Vega,"[""Vega"", ""Hawk"", ""Gemini"", ""Alaris"", ""Turbine""]","[0.8947536945343018, 0.6200955510139465, 0.41363438963890076, 0.26401782035827637, 0.2556311786174774]"
3,centroid,1,507,Velorum,Velorum,"[""Velorum"", ""Ilias"", ""Nivalis"", ""Denom"", ""Ratikon""]","[0.9465070962905884, 0.7060372233390808, 0.5792210698127747, 0.5303234457969666, 0.4681359827518463]"
3,centroid,1,508,Velorum,Velorum,"[""Velorum"", ""Nivalis"", ""Ilias"", ""Denom"", ""Triton""]","[0.9063076972961426, 0.545585036277771, 0.4794105291366577, 0.3848697245121002, 0.26543089747428894]"
3,centroid,1,509,Velorum,Velorum,"[""Velorum"", ""Ilias"", ""Nivalis"", ""Denom"", ""Ratikon""]","[0.8919649720191956, 0.7152794003486633, 0.6235073208808899, 0.5144985914230347, 0.46027079224586487]"
3,centroid,1,510,Velorum,Velorum,"[""Velorum"", ""Nivalis"", ""Ilias"", ""Ratikon"", ""Denom""]","[0.8908019065856934, 0.594292163848877, 0.5072797536849976, 0.39861369132995605, 0.37448108196258545]"
3,centroid,1,511,Velorum,Velorum,"[""Velorum"", ""Ilias"", ""Denom"", ""Nivalis"", ""Ratikon""]","[0.9125672578811646, 0.4672527015209198, 0.4338993430137634, 0.3190704882144928, 0.2788355350494385]"
3,centroid,1,512,Velorum,Velorum,"[""Velorum"", ""Ilias"", ""Nivalis"", ""Denom"", ""Ratikon""]","[0.9562305212020874, 0.5939321517944336, 0.45978283882141113, 0.34461116790771484, 0.3160228729248047]"
3,centroid,1,513,Velorum,Velorum,"[""Velorum"", ""Ilias"", ""Trius"", ""Triton"", ""Nivalis""]","[0.8354548811912537, 0.5519107580184937, 0.47059157490730286, 0.4443332850933075, 0.38167643547058105]"
3,centroid,1,514,Velorum,Velorum,"[""Velorum"", ""Denom"", ""Nivalis"", ""Ratikon"", ""Ilias""]","[0.8975173234939575, 0.6322594285011292, 0.5342267155647278, 0.5020480155944824, 0.49993014335632324]"
3,centroid,1,515,Velorum,Velorum,"[""Velorum"", ""Denom"", ""Nivalis"", ""Ilias"", ""Ratikon""]","[0.8847993612289429, 0.6235283017158508, 0.6002794504165649, 0.5330215692520142, 0.40710514783859253]"
3,centroid,1,516,Velorum,Velorum,"[""Velorum"", ""Ilias"", ""Triton"", ""Nivalis"", ""Alcatras""]","[0.8907150626182556, 0.4617152214050293, 0.3526419401168823, 0.32367974519729614, 0.302964448928833]"
3,centroid,1,517,Velorum,Velorum,"[""Velorum"", ""Ilias"", ""Denom"", ""Ratikon"", ""Nivalis""]","[0.8583248257637024, 0.6454042196273804, 0.5555036067962646, 0.4518616199493408, 0.40864962339401245]"
3,centroid,1,518,Velorum,Velorum,"[""Velorum"", ""Ilias"", ""Denom"", ""Nivalis"", ""Ratikon""]","[0.9558294415473938, 0.6237820386886597, 0.5016330480575562, 0.4862298369407654, 0.4781743586063385]"
3,centroid,1,519,Velorum,Velorum,"[""Velorum"", ""Ilias"", ""Denom"", ""Nivalis"", ""Ratikon""]","[0.8662558794021606, 0.7340246438980103, 0.5550860166549683, 0.5251587629318237, 0.43685150146484375]"
3,centroid,1,520,Velorum,Velorum,"[""Velorum"", ""Nivalis"", ""Denom"", ""Ilias"", ""Ratikon""]","[0.7938437461853027, 0.5931805968284607, 0.47830790281295776, 0.3996119201183319, 0.3602250814437866]"
3,centroid,1,521,Velorum,Velorum,"[""Velorum"", ""Ilias"", ""Nivalis"", ""Denom"", ""Triton""]","[0.9583132863044739, 0.5756906270980835, 0.5191274881362915, 0.38606831431388855, 0.29445356130599976]"
3,centroid,1,522,Velorum,Velorum,"[""Velorum"", ""Ilias"", ""Denom"", ""Nivalis"", ""Ratikon""]","[0.8353357315063477, 0.7821240425109863, 0.5664381980895996, 0.5562472343444824, 0.49717381596565247]"
3,centroid,1,523,Velorum,Velorum,"[""Velorum"", ""Ilias"", ""Denom"", ""Nivalis"", ""Xtreme""]","[0.88134765625, 0.5812378525733948, 0.4961360692977905, 0.4141065776348114, 0.36238086223602295]"
3,centroid,1,524,Velorum,Velorum,"[""Velorum"", ""Nivalis"", ""Ratikon"", ""Ilias"", ""Denom""]","[0.8190155029296875, 0.5456960797309875, 0.34748363494873047, 0.34470707178115845, 0.26457110047340393]"
3,centroid,1,525,Velorum,Velorum,"[""Velorum"", ""Ilias"", ""Denom"", ""Nivalis"", ""Ratikon""]","[0.9141688346862793, 0.5810985565185547, 0.4540127217769623, 0.4399365782737732, 0.2836058735847473]"
3,centroid,1,526,Velorum,Velorum,"[""Velorum"", ""Ilias"", ""Ratikon"", ""Nivalis"", ""Denom""]","[0.7808361053466797, 0.7337298393249512, 0.6881805062294006, 0.6533035635948181, 0.6193026304244995]"
3,centroid,1,527,Velorum,Velorum,"[""Velorum"", ""Alcatras"", ""Trius"", ""Ilias"", ""Triton""]","[0.9020165205001831, 0.36095958948135376, 0.35026341676712036, 0.3442544639110565, 0.28935858607292175]"
3,centroid,1,528,Velorum,Velorum,"[""Velorum"", ""Ilias"", ""Nivalis"", ""Denom"", ""Ratikon""]","[0.9408837556838989, 0.6126575469970703, 0.579852819442749, 0.4889295697212219, 0.467079222202301]"
3,centroid,1,529,Velorum,Velorum,"[""Velorum"", ""Ilias"", ""Denom"", ""Nivalis"", ""Ratikon""]","[0.8400357961654663, 0.6122929453849792, 0.5933611392974854, 0.45302432775497437, 0.4388945698738098]"
3,centroid,1,530,Velorum,Velorum,"[""Velorum"", ""Ilias"", ""Denom"", ""Nivalis"", ""Ratikon""]","[0.9592294692993164, 0.636522650718689, 0.5407307147979736, 0.530271053314209, 0.47386640310287476]"
3,centroid,1,531,Velorum,Velorum,"[""Velorum"", ""Nivalis"", ""Denom"", ""Ratikon"", ""Ilias""]","[0.8486919403076172, 0.7501946687698364, 0.6747868657112122, 0.6218786239624023, 0.5864422917366028]"
3,centroid,1,532,Velorum,Velorum,"[""Velorum"", ""Nivalis"", ""Ilias"", ""Denom"", ""Ratikon""]","[0.9037030935287476, 0.7155327200889587, 0.6051034927368164, 0.5992308855056763, 0.5486976504325867]"
3,centroid,1,533,Velorum,Velorum,"[""Velorum"", ""Nivalis"", ""Denom"", ""Ratikon"", ""Ilias""]","[0.8909159898757935, 0.6672344207763672, 0.49731260538101196, 0.4820619523525238, 0.4743703603744507]"
3,centroid,1,534,Velorum,Velorum,"[""Velorum"", ""Ilias"", ""Nivalis"", ""Denom"", ""Xtreme""]","[0.9476860761642456, 0.6007586717605591, 0.4717714488506317, 0.4060814678668976, 0.30337420105934143]"
3,centroid,1,535,Velorum,Velorum,"[""Velorum"", ""Nivalis"", ""Ilias"", ""Denom"", ""Ratikon""]","[0.8966447710990906, 0.6477228999137878, 0.6026197671890259, 0.5436919927597046, 0.45678192377090454]"
3,centroid,1,536,Velorum,Velorum,"[""Velorum"", ""Ilias"", ""Nivalis"", ""Triton"", ""Ratikon""]","[0.8828597068786621, 0.7212158441543579, 0.49651455879211426, 0.4595833718776703, 0.4036028981208801]"
3,centroid,1,537,Velorum,Velorum,"[""Velorum"", ""Ilias"", ""Denom"", ""Nivalis"", ""Ratikon""]","[0.9444000720977783, 0.5445624589920044, 0.5188580751419067, 0.46058034896850586, 0.42938199639320374]"
3,centroid,1,538,Velorum,Velorum,"[""Velorum"", ""Ilias"", ""Denom"", ""Nivalis"", ""Ratikon""]","[0.8910118341445923, 0.7471981048583984, 0.6514779925346375, 0.5540575385093689, 0.5182445049285889]"
3,centroid,1,539,Velorum,Velorum,"[""Velorum"", ""Ilias"", ""Nivalis"", ""Ratikon"", ""Denom""]","[0.8676767349243164, 0.6927111148834229, 0.41994938254356384, 0.3770654797554016, 0.3278248906135559]"
3,centroid,1,540,Velorum,Velorum,"[""Velorum"", ""Ilias"", ""Nivalis"", ""Triton"", ""Denom""]","[0.8157845139503479, 0.6237968802452087, 0.5670490860939026, 0.5314438343048096, 0.4961976110935211]"
3,centroid,1,541,Velorum,Velorum,"[""Velorum"", ""Ilias"", ""Nivalis"", ""Denom"", ""Xtreme""]","[0.9123985767364502, 0.5799019932746887, 0.5712839365005493, 0.47361084818840027, 0.2966490685939789]"
3,centroid,1,542,Velorum,Velorum,"[""Velorum"", ""Ilias"", ""Trius"", ""Denom"", ""Nivalis""]","[0.8315401077270508, 0.483795166015625, 0.4697399437427521, 0.46772485971450806, 0.32468804717063904]"
3,centroid,1,543,Velorum,Velorum,"[""Velorum"", ""Ilias"", ""Nivalis"", ""Denom"", ""Ratikon""]","[0.9731740355491638, 0.6397227048873901, 0.5169549584388733, 0.4304587244987488, 0.37698662281036377]"
3,centroid,1,544,Velorum,Velorum,"[""Velorum"", ""Ilias"", ""Denom"", ""Nivalis"", ""Ratikon""]","[0.8182108402252197, 0.7268201112747192, 0.6660274267196655, 0.6106218099594116, 0.5619024038314819]"
3,centroid,1,545,Velorum,Velorum,"[""Velorum"", ""Ilias"", ""Denom"", ""Nivalis"", ""Ratikon""]","[0.9445362687110901, 0.5718228816986084, 0.44190531969070435, 0.4336559772491455, 0.3846457600593567]"
3,centroid,1,546,Velorum,Velorum,"[""Velorum"", ""Ilias"", ""Nivalis"", ""Ratikon"", ""Denom""]","[0.8958354592323303, 0.6012263298034668, 0.5797555446624756, 0.449581503868103, 0.4478897750377655]"
3,centroid,1,547,Velorum,Velorum,"[""Velorum"", ""Nivalis"", ""Ilias"", ""Denom"", ""Ratikon""]","[0.947432279586792, 0.5429708361625671, 0.5180329084396362, 0.41510009765625, 0.28714895248413086]"
3,centroid,1,548,Velorum,Velorum,"[""Velorum"", ""Ilias"", ""Denom"", ""Nivalis"", ""Ratikon""]","[0.9193615913391113, 0.7457422018051147, 0.5846572518348694, 0.580409049987793, 0.5737629532814026]"
3,centroid,1,549,Velorum,Velorum,"[""Velorum"", ""Nivalis"", ""Ilias"", ""Ratikon"", ""Denom""]","[0.8975866436958313, 0.5909503698348999, 0.5476593971252441, 0.4096202254295349, 0.3740265667438507]"
3,centroid,1,550,Velorum,Velorum,"[""Velorum"", ""Ilias"", ""Nivalis"", ""Denom"", ""Ratikon""]","[0.9404963254928589, 0.622847855091095, 0.4839808940887451, 0.45969101786613464, 0.2953079640865326]"
3,centroid,1,551,Velorum,Velorum,"[""Velorum"", ""Denom"", ""Ilias"", ""Nivalis"", ""Ratikon""]","[0.8299849033355713, 0.699032187461853, 0.6817622780799866, 0.5909632444381714, 0.5700243711471558]"
3,centroid,1,552,Velorum,Velorum,"[""Velorum"", ""Nivalis"", ""Denom"", ""Ilias"", ""Ratikon""]","[0.8548405170440674, 0.5218765735626221, 0.42711934447288513, 0.32540541887283325, 0.22913438081741333]"
3,centroid,1,553,Velorum,Velorum,"[""Velorum"", ""Trius"", ""Denom"", ""Steel_Wheel"", ""Alcatras""]","[0.7554572820663452, 0.4165070354938507, 0.36598721146583557, 0.2920701801776886, 0.28702569007873535]"
3,centroid,1,554,Velorum,Velorum,"[""Velorum"", ""Nivalis"", ""Ilias"", ""Denom"", ""Ratikon""]","[0.9333266615867615, 0.6220390200614929, 0.5736666321754456, 0.4515432119369507, 0.3498956561088562]"
3,centroid,1,555,Velorum,Velorum,"[""Velorum"", ""Nivalis"", ""Ilias"", ""Denom"", ""Ratikon""]","[0.8964964151382446, 0.6982741355895996, 0.5405681133270264, 0.49669015407562256, 0.4930241107940674]"
3,centroid,1,556,Velorum,Velorum,"[""Velorum"", ""Ilias"", ""Triton"", ""Trius"", ""Denom""]","[0.8107078075408936, 0.6540422439575195, 0.5080645680427551, 0.4579702913761139, 0.4329454302787781]"
3,centroid,1,557,Velorum,Velorum,"[""Velorum"", ""Ilias"", ""Nivalis"", ""Triton"", ""Ratikon""]","[0.8880484104156494, 0.7235376834869385, 0.4606176018714905, 0.4491468369960785, 0.38134294748306274]"
3,centroid,1,558,Velorum,Ilias,"[""Ilias"", ""Ratikon"", ""Nivalis"", ""Denom"", ""Velorum""]","[0.7828160524368286, 0.6696367859840393, 0.6694186329841614, 0.6042194962501526, 0.5368016362190247]"
3,centroid,1,559,Velorum,Velorum,"[""Velorum"", ""Ilias"", ""Denom"", ""Nivalis"", ""Ratikon""]","[0.8760082125663757, 0.6939796805381775, 0.5225240588188171, 0.4548008441925049, 0.4162634611129761]"
3,centroid,1,560,Velorum,Velorum,"[""Velorum"", ""Ilias"", ""Denom"", ""Triton"", ""Nivalis""]","[0.8477815389633179, 0.7205265164375305, 0.5622522234916687, 0.554749608039856, 0.5102019906044006]"
3,centroid,1,561,Velorum,Velorum,"[""Velorum"", ""Nivalis"", ""Denom"", ""Ilias"", ""Ratikon""]","[0.9074434638023376, 0.6184839010238647, 0.5220983624458313, 0.4164562225341797, 0.394477903842926]"
3,centroid,1,562,Velorum,Velorum,"[""Velorum"", ""Ilias"", ""Nivalis"", ""Triton"", ""Ratikon""]","[0.9085990786552429, 0.6843073964118958, 0.4663695693016052, 0.4517594575881958, 0.35624587535858154]"
3,centroid,1,563,Velorum,Velorum,"[""Velorum"", ""Alcatras"", ""Trius"", ""Alaris"", ""Ilias""]","[0.8059353232383728, 0.4974784255027771, 0.480357825756073, 0.3639020621776581, 0.3157244324684143]"
3,centroid,1,564,Velorum,Velorum,"[""Velorum"", ""Nivalis"", ""Ilias"", ""Denom"", ""Ratikon""]","[0.9346112012863159, 0.500726580619812, 0.4573039412498474, 0.37844499945640564, 0.32045862078666687]"
3,centroid,1,565,Velorum,Velorum,"[""Velorum"", ""Denom"", ""Nivalis"", ""Ilias"", ""Xtreme""]","[0.8745927810668945, 0.5203195810317993, 0.5069304704666138, 0.49918559193611145, 0.2705443203449249]"
3,centroid,1,566,Xtreme,Xtreme,"[""Xtreme"", ""Gemini"", ""Ilias"", ""Vega"", ""Hawk""]","[0.888319730758667, 0.444358766078949, 0.09268563240766525, 0.07866062223911285, 0.03332539275288582]"
3,centroid,1,567,Xtreme,Gemini,"[""Gemini"", ""Xtreme"", ""Vega"", ""Trius"", ""Nivalis""]","[0.6997568607330322, 0.6181833744049072, 0.3942275047302246, 0.29364097118377686, 0.23296895623207092]"
3,centroid,1,568,Xtreme,Xtreme,"[""Xtreme"", ""Gemini"", ""Ilias"", ""Nivalis"", ""Triton""]","[0.7699110507965088, 0.5029662847518921, 0.44852346181869507, 0.37723469734191895, 0.2881125211715698]"
3,centroid,1,569,Xtreme,Xtreme,"[""Xtreme"", ""Gemini"", ""Ilias"", ""Triton"", ""Nivalis""]","[0.7953610420227051, 0.6241423487663269, 0.4818767309188843, 0.36625438928604126, 0.28940349817276]"
3,centroid,1,570,Xtreme,Xtreme,"[""Xtreme"", ""Gemini"", ""Ilias"", ""Steel_Wheel"", ""Nivalis""]","[0.9683577418327332, 0.5441782474517822, 0.09062760323286057, 0.07739001512527466, 0.07059848308563232]"
3,centroid,1,571,Xtreme,Xtreme,"[""Xtreme"", ""Gemini"", ""Ilias"", ""Triton"", ""Velorum""]","[0.9714503884315491, 0.544439971446991, 0.25386303663253784, 0.13852378726005554, 0.12731721997261047]"
3,centroid,1,572,Xtreme,Xtreme,"[""Xtreme"", ""Gemini"", ""Ilias"", ""Velorum"", ""Triton""]","[0.9558517336845398, 0.609786868095398, 0.2576555013656616, 0.1604437232017517, 0.1364157348871231]"
3,centroid,1,573,Xtreme,Xtreme,"[""Xtreme"", ""Gemini"", ""Ilias"", ""Hawk"", ""Braga""]","[0.9634737968444824, 0.6629518270492554, 0.22048960626125336, 0.12789449095726013, 0.11150562763214111]"
3,centroid,1,574,Xtreme,Xtreme,"[""Xtreme"", ""Gemini"", ""Steel_Wheel"", ""Ilias"", ""Denom""]","[0.923914909362793, 0.3280886709690094, 0.15019100904464722, 0.08416704833507538, 0.07109038531780243]"
3,centroid,1,575,Xtreme,Xtreme,"[""Xtreme"", ""Gemini"", ""Braga"", ""Triton"", ""Ilias""]","[0.9604068994522095, 0.48995447158813477, 0.13650333881378174, 0.1051141619682312, 0.04664528742432594]"
3,centroid,1,576,Xtreme,Xtreme,"[""Xtreme"", ""Gemini"", ""Hawk"", ""Ilias"", ""Braga""]","[0.902030348777771, 0.4845963716506958, 0.28945279121398926, 0.15878698229789734, 0.06853258609771729]"
3,centroid,1,577,Xtreme,Xtreme,"[""Xtreme"", ""Gemini"", ""Triton"", ""Braga"", ""Trius""]","[0.8496948480606079, 0.5997036695480347, 0.39870601892471313, 0.32546180486679077, 0.22529393434524536]"
3,centroid,1,578,Xtreme,Xtreme,"[""Xtreme"", ""Gemini"", ""Hawk"", ""Velorum"", ""Steel_Wheel""]","[0.955634355545044, 0.4235992729663849, 0.1628444790840149, 0.15582045912742615, 0.11985720694065094]"
3,centroid,1,579,Xtreme,Xtreme,"[""Xtreme"", ""Gemini"", ""Braga"", ""Triton"", ""Ilias""]","[0.9478240013122559, 0.6231679916381836, 0.2309650480747223, 0.2176072597503662, 0.20171195268630981]"
3,centroid,1,580,Xtreme,Xtreme,"[""Xtreme"", ""Gemini"", ""Hawk"", ""Velorum"", ""Ilias""]","[0.9182941913604736, 0.4640003740787506, 0.2822921872138977, 0.17463967204093933, 0.15863704681396484]"
3,centroid,1,581,Xtreme,Xtreme,"[""Xtreme"", ""Gemini"", ""Ilias"", ""Triton"", ""Nivalis""]","[0.898959219455719, 0.6137512922286987, 0.260444700717926, 0.1833248734474182, 0.178735613822937]"
3,centroid,1,582,Xtreme,Xtreme,"[""Xtreme"", ""Gemini"", ""Steel_Wheel"", ""Velorum"", ""Ilias""]","[0.9482268691062927, 0.37406617403030396, 0.148159921169281, 0.1334267556667328, 0.1228557825088501]"
3,centroid,1,583,Xtreme,Xtreme,"[""Xtreme"", ""Gemini"", ""Ilias"", ""Nivalis"", ""Steel_Wheel""]","[0.9042112827301025, 0.510157585144043, 0.09878703206777573, 0.08830659091472626, 0.0764647126197815]"
3,centroid,1,584,Xtreme,Xtreme,"[""Xtreme"", ""Gemini"", ""Hawk"", ""Braga"", ""Steel_Wheel""]","[0.9509913921356201, 0.48584499955177307, 0.1757194697856903, 0.15044674277305603, 0.08137571066617966]"
3,centroid,1,585,Xtreme,Xtreme,"[""Xtreme"", ""Gemini"", ""Braga"", ""Ilias"", ""Triton""]","[0.9032662510871887, 0.4442305564880371, 0.2054983377456665, 0.14464238286018372, 0.11751851439476013]"
3,centroid,1,586,Xtreme,Xtreme,"[""Xtreme"", ""Gemini"", ""Ilias"", ""Braga"", ""Denom""]","[0.9628729820251465, 0.7011562585830688, 0.19763994216918945, 0.09918327629566193, 0.09078759700059891]"
3,centroid,1,587,Xtreme,Xtreme,"[""Xtreme"", ""Gemini"", ""Braga"", ""Steel_Wheel"", ""Hawk""]","[0.9488711953163147, 0.5634841918945312, 0.1838369071483612, 0.14368721842765808, 0.11327648162841797]"
3,centroid,1,588,Xtreme,Xtreme,"[""Xtreme"", ""Gemini"", ""Hawk"", ""Mytikas"", ""Braga""]","[0.9042626023292542, 0.3179604411125183, 0.1832180619239807, 0.09061019867658615, 0.06443658471107483]"
3,centroid,1,589,Xtreme,Xtreme,"[""Xtreme"", ""Gemini"", ""Ilias"", ""Triton"", ""Nivalis""]","[0.9204832315444946, 0.5965659022331238, 0.32239630818367004, 0.20384588837623596, 0.1810748279094696]"
3,centroid,1,590,Xtreme,Xtreme,"[""Xtreme"", ""Gemini"", ""Hawk"", ""Steel_Wheel"", ""Velorum""]","[0.9055666923522949, 0.3661828637123108, 0.23871099948883057, 0.20679175853729248, 0.20043015480041504]"
3,centroid,1,591,Xtreme,Xtreme,"[""Xtreme"", ""Gemini"", ""Velorum"", ""Steel_Wheel"", ""Ilias""]","[0.9612153768539429, 0.5213445425033569, 0.15651890635490417, 0.1360883116722107, 0.12371470034122467]"
3,centroid,1,592,Xtreme,Xtreme,"[""Xtreme"", ""Gemini"", ""Hawk"", ""Braga"", ""Velorum""]","[0.9417149424552917, 0.5773375034332275, 0.32474419474601746, 0.28003576397895813, 0.10435433685779572]"
3,centroid,1,593,Xtreme,Xtreme,"[""Xtreme"", ""Gemini"", ""Hawk"", ""Steel_Wheel"", ""Velorum""]","[0.9419711828231812, 0.4137651026248932, 0.23310813307762146, 0.14616848528385162, 0.06758922338485718]"
3,centroid,1,594,Xtreme,Xtreme,"[""Xtreme"", ""Gemini"", ""Braga"", ""Triton"", ""Hawk""]","[0.8673779964447021, 0.6097962856292725, 0.4192773699760437, 0.2511671185493469, 0.18482904136180878]"
3,centroid,1,595,Xtreme,Xtreme,"[""Xtreme"", ""Gemini"", ""Hawk"", ""Braga"", ""Ilias""]","[0.933703601360321, 0.6020593643188477, 0.3261905312538147, 0.2251666635274887, 0.08004963397979736]"
3,centroid,1,596,Xtreme,Xtreme,"[""Xtreme"", ""Gemini"", ""Steel_Wheel"", ""Hawk"", ""Braga""]","[0.9208462238311768, 0.43240731954574585, 0.1957821398973465, 0.16145062446594238, 0.12901213765144348]"
3,centroid,1,597,Xtreme,Xtreme,"[""Xtreme"", ""Gemini"", ""Braga"", ""Triton"", ""Ilias""]","[0.9555913805961609, 0.5843790173530579, 0.16499589383602142, 0.1596297025680542, 0.06254083663225174]"
3,centroid,1,598,Xtreme,Xtreme,"[""Xtreme"", ""Gemini"", ""Ilias"", ""Velorum"", ""Nivalis""]","[0.9220021963119507, 0.3666979670524597, 0.21119175851345062, 0.1852230280637741, 0.16916802525520325]"
3,centroid,1,599,Xtreme,Xtreme,"[""Xtreme"", ""Hawk"", ""Gemini"", ""Braga"", ""Castor""]","[0.8220872282981873, 0.25148090720176697, 0.24740082025527954, 0.21010710299015045, 0.1774429827928543]"
3,centroid,1,600,Xtreme,Xtreme,"[""Xtreme"", ""Gemini"", ""Braga"", ""Hawk"", ""Mytikas""]","[0.8670284748077393, 0.44324272871017456, 0.34951093792915344, 0.3140925467014313, 0.12230238318443298]"
3,centroid,1,601,Xtreme,Xtreme,"[""Xtreme"", ""Gemini"", ""Ilias"", ""Hawk"", ""Braga""]","[0.9782489538192749, 0.5418356657028198, 0.1410101056098938, 0.09209589660167694, 0.08824579417705536]"
3,centroid,1,602,Xtreme,Xtreme,"[""Xtreme"", ""Gemini"", ""Braga"", ""Hawk"", ""Triton""]","[0.931862473487854, 0.6012461185455322, 0.26451241970062256, 0.16173838078975677, 0.029347848147153854]"
3,centroid,1,603,Xtreme,Xtreme,"[""Xtreme"", ""Gemini"", ""Ilias"", ""Triton"", ""Velorum""]","[0.8640341758728027, 0.627310037612915, 0.41715872287750244, 0.24465937912464142, 0.2170931100845337]"
4,centroid,1,0,Alaris,Alaris,"[""Alaris"", ""Alcatras"", ""Trius"", ""Mytikas"", ""Triton""]","[0.7214020490646362, 0.6596477031707764, 0.5829724669456482, 0.4047199487686157, 0.3873286843299866]"
4,centroid,1,1,Alaris,Alaris,"[""Alaris"", ""Alcatras"", ""Turbine"", ""Trius"", ""Braga""]","[0.896634042263031, 0.650230348110199, 0.5515256524085999, 0.544420599937439, 0.5039278268814087]"
4,centroid,1,2,Alaris,Alaris,"[""Alaris"", ""Alcatras"", ""Turbine"", ""Castor"", ""Mytikas""]","[0.6856619119644165, 0.5417752861976624, 0.5216789841651917, 0.34584248065948486, 0.3291732668876648]"
4,centroid,1,3,Alaris,Alaris,"[""Alaris"", ""Trius"", ""Alcatras"", ""Vega"", ""Ratikon""]","[0.834546685218811, 0.5456644296646118, 0.49560290575027466, 0.30434751510620117, 0.2582947015762329]"
4,centroid,1,4,Alaris,Alaris,"[""Alaris"", ""Alcatras"", ""Trius"", ""Braga"", ""Vega""]","[0.9400272369384766, 0.8286887407302856, 0.6264930367469788, 0.44021075963974, 0.38142749667167664]"
4,centroid,1,5,Alaris,Alaris,"[""Alaris"", ""Vega"", ""Turbine"", ""Alcatras"", ""Trius""]","[0.7356539368629456, 0.6643378138542175, 0.49718335270881653, 0.4416782855987549, 0.4214332103729248]"
4,centroid,1,6,Alaris,Alcatras,"[""Alcatras"", ""Alaris"", ""Braga"", ""Trius"", ""Hawk""]","[0.8991454839706421, 0.8846676349639893, 0.6277939081192017, 0.520604133605957, 0.5019799470901489]"
4,centroid,1,7,Alaris,Trius,"[""Trius"", ""Triton"", ""Alcatras"", ""Alaris"", ""Braga""]","[0.8047873377799988, 0.6445553302764893, 0.6212975978851318, 0.6051394939422607, 0.514878511428833]"
4,centroid,1,8,Alaris,Alaris,"[""Alaris"", ""Alcatras"", ""Hawk"", ""Trius"", ""Braga""]","[0.8548070788383484, 0.8151326775550842, 0.4651627540588379, 0.4322960376739502, 0.4214746654033661]"
4,centroid,1,9,Alaris,Alcatras,"[""Alcatras"", ""Trius"", ""Alaris"", ""Triton"", ""Castor""]","[0.8636029362678528, 0.7499184012413025, 0.7297818660736084, 0.7259434461593628, 0.6985136866569519]"
4,centroid,1,10,Alaris,Alaris,"[""Alaris"", ""Alcatras"", ""Trius"", ""Vega"", ""Braga""]","[0.9099656939506531, 0.619101345539093, 0.6129432320594788, 0.417851984500885, 0.371590256690979]"
4,centroid,1,11,Alaris,Alaris,"[""Alaris"", ""Trius"", ""Alcatras"", ""Braga"", ""Triton""]","[0.8609951138496399, 0.7551953792572021, 0.7137991786003113, 0.4518420100212097, 0.4450152516365051]"
4,centroid,1,12,Alaris,Alaris,"[""Alaris"", ""Alcatras"", ""Hawk"", ""Vega"", ""Mytikas""]","[0.7874840497970581, 0.6194191575050354, 0.4726641774177551, 0.46799641847610474, 0.2948457598686218]"
4,centroid,1,13,Alaris,Alaris,"[""Alaris"", ""Alcatras"", ""Hawk"", ""Vega"", ""Turbine""]","[0.8741535544395447, 0.7071774005889893, 0.597691535949707, 0.33205175399780273, 0.3180053234100342]"
4,centroid,1,14,Alaris,Alcatras,"[""Alcatras"", ""Alaris"", ""Braga"", ""Castor"", ""Trius""]","[0.9088472127914429, 0.8582265377044678, 0.601764976978302, 0.5345476865768433, 0.5233482122421265]"
4,centroid,1,15,Alaris,Alaris,"[""Alaris"", ""Trius"", ""Braga"", ""Alcatras"", ""Vega""]","[0.8291260600090027, 0.619597315788269, 0.5247635841369629, 0.4657925069332123, 0.4540651738643646]"
4,centroid,1,16,Alaris,Alaris,"[""Alaris"", ""Hawk"", ""Alcatras"", ""Mytikas"", ""Turbine""]","[0.6349310874938965, 0.5897883176803589, 0.5889480710029602, 0.5316553115844727, 0.2939082086086273]"
4,centroid,1,17,Alaris,Alaris,"[""Alaris"", ""Alcatras"", ""Trius"", ""Turbine"", ""Hawk""]","[0.937020480632782, 0.7343308925628662, 0.4147226810455322, 0.40190958976745605, 0.3770080506801605]"
4,centroid,1,18,Alaris,Alaris,"[""Alaris"", ""Alcatras"", ""Trius"", ""Hawk"", ""Braga""]","[0.8766709566116333, 0.7226389050483704, 0.5591990947723389, 0.5251809358596802, 0.5166704058647156]"
4,centroid,1,19,Alaris,Alcatras,"[""Alcatras"", ""Alaris"", ""Braga"", ""Castor"", ""Hawk""]","[0.8969483375549316, 0.8172462582588196, 0.5617020726203918, 0.5458066463470459, 0.5431009531021118]"
4,centroid,1,20,Alaris,Alaris,"[""Alaris"", ""Alcatras"", ""Trius"", ""Triton"", ""Mytikas""]","[0.7887347936630249, 0.7450062036514282, 0.7363821268081665, 0.5758130550384521, 0.5498528480529785]"
4,centroid,1,21,Alaris,Alaris,"[""Alaris"", ""Alcatras"", ""Hawk"", ""Trius"", ""Mytikas""]","[0.9293774366378784, 0.804802417755127, 0.4846981465816498, 0.4638545513153076, 0.40586185455322266]"
4,centroid,1,22,Alaris,Alcatras,"[""Alcatras"", ""Alaris"", ""Trius"", ""Castor"", ""Triton""]","[0.7922570109367371, 0.7562450170516968, 0.6476694941520691, 0.5797145962715149, 0.5019268989562988]"
4,centroid,1,23,Alaris,Trius,"[""Trius"", ""Alaris"", ""Alcatras"", ""Braga"", ""Turbine""]","[0.7741435170173645, 0.7265617847442627, 0.6363797187805176, 0.5650069117546082, 0.5603899955749512]"
4,centroid,1,24,Alaris,Alaris,"[""Alaris"", ""Alcatras"", ""Turbine"", ""Hawk"", ""Braga""]","[0.9001947641372681, 0.8017699122428894, 0.6335269212722778, 0.5154380202293396, 0.5149196982383728]"
4,centroid,1,25,Alaris,Alaris,"[""Alaris"", ""Alcatras"", ""Hawk"", ""Mytikas"", ""Braga""]","[0.8539551496505737, 0.6895191669464111, 0.6889951229095459, 0.4691925048828125, 0.39373689889907837]"
4,centroid,1,26,Alaris,Alaris,"[""Alaris"", ""Trius"", ""Alcatras"", ""Vega"", ""Braga""]","[0.846367597579956, 0.5548493266105652, 0.521541953086853, 0.5122058391571045, 0.4242962896823883]"
4,centroid,1,27,Alcatras,Mytikas,"[""Mytikas"", ""Triton"", ""Trius"", ""Castor"", ""Alcatras""]","[0.7703680992126465, 0.7043024897575378, 0.5871484279632568, 0.5092471837997437, 0.49515068531036377]"
4,centroid,1,28,Alcatras,Alcatras,"[""Alcatras"", ""Alaris"", ""Castor"", ""Trius"", ""Triton""]","[0.9095443487167358, 0.7048162221908569, 0.5416849255561829, 0.5341817140579224, 0.46519309282302856]"
4,centroid,1,29,Alcatras,Alcatras,"[""Alcatras"", ""Alaris"", ""Castor"", ""Mytikas"", ""Hawk""]","[0.8056783676147461, 0.6454370617866516, 0.48660653829574585, 0.3862617015838623, 0.341790109872818]"
4,centroid,1,30,Alcatras,Alcatras,"[""Alcatras"", ""Castor"", ""Mytikas"", ""Triton"", ""Trius""]","[0.7540032863616943, 0.7130559682846069, 0.7046305537223816, 0.5889841318130493, 0.5489861369132996]"
4,centroid,1,31,Alcatras,Alcatras,"[""Alcatras"", ""Alaris"", ""Braga"", ""Trius"", ""Mytikas""]","[0.8741054534912109, 0.8453710079193115, 0.6259331107139587, 0.5500582456588745, 0.5391305685043335]"
4,centroid,1,32,Alcatras,Alcatras,"[""Alcatras"", ""Alaris"", ""Castor"", ""Braga"", ""Mytikas""]","[0.9068565368652344, 0.7247165441513062, 0.5638166069984436, 0.5109802484512329, 0.47039246559143066]"
4,centroid,1,33,Alcatras,Alcatras,"[""Alcatras"", ""Mytikas"", ""Castor"", ""Braga"", ""Triton""]","[0.7847528457641602, 0.7537380456924438, 0.731872022151947, 0.6845275163650513, 0.5502437949180603]"
4,centroid,1,34,Alcatras,Alcatras,"[""Alcatras"", ""Alaris"", ""Castor"", ""Mytikas"", ""Trius""]","[0.903387188911438, 0.7526465058326721, 0.4892008304595947, 0.40599513053894043, 0.3614436388015747]"
4,centroid,1,35,Alcatras,Alcatras,"[""Alcatras"", ""Castor"", ""Alaris"", ""Mytikas"", ""Velorum""]","[0.8305922746658325, 0.5907047390937805, 0.5696024894714355, 0.5235533118247986, 0.3457174301147461]"
4,centroid,1,36,Alcatras,Alcatras,"[""Alcatras"", ""Alaris"", ""Braga"", ""Turbine"", ""Castor""]","[0.7865616083145142, 0.7143429517745972, 0.5438546538352966, 0.5171499848365784, 0.4832723140716553]"
4,centroid,1,37,Alcatras,Alcatras,"[""Alcatras"", ""Alaris"", ""Mytikas"", ""Hawk"", ""Braga""]","[0.8044143915176392, 0.681149423122406, 0.4926724433898926, 0.3534083962440491, 0.3166554868221283]"
4,centroid,1,38,Alcatras,Triton,"[""Triton"", ""Mytikas"", ""Alcatras"", ""Trius"", ""Castor""]","[0.6318283081054688, 0.6207563877105713, 0.5343281030654907, 0.5253623127937317, 0.42623645067214966]"
4,centroid,1,39,Alcatras,Alcatras,"[""Alcatras"", ""Castor"", ""Braga"", ""Triton"", ""Trius""]","[0.8823916912078857, 0.6597527265548706, 0.6112229824066162, 0.5989370346069336, 0.5795671939849854]"
4,centroid,1,40,Alcatras,Alcatras,"[""Alcatras"", ""Alaris"", ""Castor"", ""Mytikas"", ""Trius""]","[0.9060164093971252, 0.6984699964523315, 0.6617303490638733, 0.5877672433853149, 0.575890302658081]"
4,centroid,1,41,Alcatras,Alcatras,"[""Alcatras"", ""Alaris"", ""Castor"", ""Braga"", ""Hawk""]","[0.8676356673240662, 0.7481099367141724, 0.5811135172843933, 0.548678457736969, 0.5049101710319519]"
4,centroid,1,42,Alcatras,Alcatras,"[""Alcatras"", ""Alaris"", ""Mytikas"", ""Castor"", ""Trius""]","[0.863979697227478, 0.6435436010360718, 0.5089482665061951, 0.4774269163608551, 0.28306448459625244]"
4,centroid,1,43,Alcatras,Alcatras,"[""Alcatras"", ""Castor"", ""Alaris"", ""Triton"", ""Braga""]","[0.8679385781288147, 0.6913434267044067, 0.5892742276191711, 0.5438361763954163, 0.5079358220100403]"
4,centroid,1,44,Alcatras,Alcatras,"[""Alcatras"", ""Alaris"", ""Castor"", ""Mytikas"", ""Braga""]","[0.91639244556427, 0.74314945936203, 0.6053113341331482, 0.5703572630882263, 0.3793761730194092]"
4,centroid,1,45,Alcatras,Alaris,"[""Alaris"", ""Alcatras"", ""Braga"", ""Hawk"", ""Castor""]","[0.7445428371429443, 0.7159856557846069, 0.578867495059967, 0.5630688667297363, 0.5452430248260498]"
4,centroid,1,46,Alcatras,Alcatras,"[""Alcatras"", ""Mytikas"", ""Castor"", ""Alaris"", ""Turbine""]","[0.815593957901001, 0.6391202807426453, 0.5764505863189697, 0.5586155652999878, 0.3817676305770874]"
4,centroid,1,47,Alcatras,Alcatras,"[""Alcatras"", ""Alaris"", ""Mytikas"", ""Castor"", ""Turbine""]","[0.9238666296005249, 0.7230849266052246, 0.6199716329574585, 0.5846209526062012, 0.4735143184661865]"
4,centroid,1,48,Alcatras,Alcatras,"[""Alcatras"", ""Alaris"", ""Castor"", ""Hawk"", ""Turbine""]","[0.842215359210968, 0.7955113053321838, 0.46502944827079773, 0.44078657031059265, 0.37212878465652466]"
4,centroid,1,49,Alcatras,Castor,"[""Castor"", ""Alcatras"", ""Turbine"", ""Alaris"", ""Triton""]","[0.7151238918304443, 0.7027277946472168, 0.6066843271255493, 0.5252751111984253, 0.46020692586898804]"
4,centroid,1,50,Alcatras,Castor,"[""Castor"", ""Alcatras"", ""Turbine"", ""Triton"", ""Mytikas""]","[0.832843542098999, 0.7545444965362549, 0.6901164054870605, 0.5960164070129395, 0.5658260583877563]"
4,centroid,1,51,Alcatras,Alcatras,"[""Alcatras"", ""Alaris"", ""Braga"", ""Castor"", ""Trius""]","[0.9263636469841003, 0.7613842487335205, 0.5865981578826904, 0.5851415991783142, 0.48163214325904846]"
4,centroid,1,52,Alcatras,Alcatras,"[""Alcatras"", ""Alaris"", ""Castor"", ""Mytikas"", ""Braga""]","[0.9308268427848816, 0.7065045237541199, 0.5135058164596558, 0.4713818430900574, 0.4044702649116516]"
4,centroid,1,53,Braga,Braga,"[""Braga"", ""Turbine"", ""Hawk"", ""Gemini"", ""Triton""]","[0.8281049728393555, 0.49819424748420715, 0.484017014503479, 0.4556701183319092, 0.3597710132598877]"
4,centroid,1,54,Braga,Triton,"[""Triton"", ""Braga"", ""Trius"", ""Mytikas"", ""Castor""]","[0.8134331107139587, 0.7360491156578064, 0.6986968517303467, 0.49716582894325256, 0.4754566550254822]"
4,centroid,1,55,Braga,Braga,"[""Braga"", ""Alcatras"", ""Trius"", ""Castor"", ""Triton""]","[0.9165358543395996, 0.5912837982177734, 0.5855103731155396, 0.5602651834487915, 0.553433895111084]"
4,centroid,1,56,Braga,Braga,"[""Braga"", ""Alcatras"", ""Alaris"", ""Hawk"", ""Mytikas""]","[0.8072680234909058, 0.6842044591903687, 0.6095472574234009, 0.4771203398704529, 0.47105872631073]"
4,centroid,1,57,Braga,Braga,"[""Braga"", ""Gemini"", ""Trius"", ""Vega"", ""Triton""]","[0.8268829584121704, 0.6222419738769531, 0.45394790172576904, 0.40074992179870605, 0.36656421422958374]"
4,centroid,1,58,Braga,Braga,"[""Braga"", ""Trius"", ""Triton"", ""Mytikas"", ""Alcatras""]","[0.8060222268104553, 0.7219827175140381, 0.6840962767601013, 0.642959475517273, 0.5884161591529846]"
4,centroid,1,59,Braga,Alaris,"[""Alaris"", ""Braga"", ""Alcatras"", ""Trius"", ""Mytikas""]","[0.8456923961639404, 0.7698314189910889, 0.7546383142471313, 0.6818118095397949, 0.5184361934661865]"
4,centroid,1,60,Braga,Braga,"[""Braga"", ""Triton"", ""Mytikas"", ""Turbine"", ""Gemini""]","[0.7126825451850891, 0.4964900314807892, 0.4468802809715271, 0.4458716809749603, 0.4388720393180847]"
4,centroid,1,61,Braga,Braga,"[""Braga"", ""Turbine"", ""Triton"", ""Alcatras"", ""Mytikas""]","[0.7903780937194824, 0.6619840860366821, 0.5286949276924133, 0.5168759226799011, 0.4865686893463135]"
4,centroid,1,62,Braga,Braga,"[""Braga"", ""Alcatras"", ""Triton"", ""Castor"", ""Mytikas""]","[0.8126879334449768, 0.718267560005188, 0.5522066354751587, 0.5395984649658203, 0.5180892944335938]"
4,centroid,1,63,Braga,Braga,"[""Braga"", ""Gemini"", ""Hawk"", ""Alaris"", ""Alcatras""]","[0.7531628012657166, 0.4810136556625366, 0.4351780414581299, 0.4021480083465576, 0.40194591879844666]"
4,centroid,1,64,Braga,Braga,"[""Braga"", ""Gemini"", ""Vega"", ""Triton"", ""Xtreme""]","[0.7006375789642334, 0.6482409238815308, 0.46681123971939087, 0.3822059631347656, 0.3655184507369995]"
4,centroid,1,65,Braga,Braga,"[""Braga"", ""Alcatras"", ""Alaris"", ""Trius"", ""Hawk""]","[0.8916921615600586, 0.7881870269775391, 0.6690435409545898, 0.5564021468162537, 0.5083284378051758]"
4,centroid,1,66,Braga,Braga,"[""Braga"", ""Trius"", ""Alaris"", ""Alcatras"", ""Mytikas""]","[0.7357056736946106, 0.7022203207015991, 0.6655142307281494, 0.6261894702911377, 0.585375189781189]"
4,centroid,1,67,Braga,Braga,"[""Braga"", ""Gemini"", ""Vega"", ""Mytikas"", ""Trius""]","[0.7724029421806335, 0.5218435525894165, 0.4834253191947937, 0.4671449661254883, 0.43526947498321533]"
4,centroid,1,68,Braga,Braga,"[""Braga"", ""Alcatras"", ""Mytikas"", ""Triton"", ""Castor""]","[0.7778953313827515, 0.675889253616333, 0.5974749326705933, 0.5928682088851929, 0.572747528553009]"
4,centroid,1,69,Braga,Braga,"[""Braga"", ""Castor"", ""Alcatras"", ""Turbine"", ""Triton""]","[0.7655448317527771, 0.7084317803382874, 0.6658942699432373, 0.5876749753952026, 0.5451369285583496]"
4,centroid,1,70,Braga,Alcatras,"[""Alcatras"", ""Braga"", ""Castor"", ""Triton"", ""Mytikas""]","[0.8019288778305054, 0.7388883829116821, 0.7279071807861328, 0.6741254329681396, 0.6238618493080139]"
4,centroid,1,71,Braga,Alcatras,"[""Alcatras"", ""Braga"", ""Alaris"", ""Trius"", ""Castor""]","[0.776668131351471, 0.7660928964614868, 0.6497053503990173, 0.5545642375946045, 0.4631063640117645]"
4,centroid,1,72,Braga,Braga,"[""Braga"", ""Gemini"", ""Turbine"", ""Vega"", ""Trius""]","[0.805539608001709, 0.5913977026939392, 0.5310986638069153, 0.4533613622188568, 0.4184892177581787]"
4,centroid,1,73,Braga,Braga,"[""Braga"", ""Triton"", ""Alcatras"", ""Trius"", ""Castor""]","[0.863042950630188, 0.6282620429992676, 0.5751428008079529, 0.5505644083023071, 0.48900747299194336]"
4,centroid,1,74,Braga,Braga,"[""Braga"", ""Gemini"", ""Turbine"", ""Hawk"", ""Vega""]","[0.8551414608955383, 0.4775836169719696, 0.40392374992370605, 0.39354968070983887, 0.34977492690086365]"
4,centroid,1,75,Braga,Braga,"[""Braga"", ""Gemini"", ""Trius"", ""Alcatras"", ""Triton""]","[0.8482730388641357, 0.6621695756912231, 0.48909422755241394, 0.42542141675949097, 0.4215574264526367]"
4,centroid,1,76,Braga,Vega,"[""Vega"", ""Braga"", ""Gemini"", ""Hawk"", ""Alaris""]","[0.719656229019165, 0.6771559119224548, 0.6099417209625244, 0.5618791580200195, 0.5048989057540894]"
4,centroid,1,77,Braga,Triton,"[""Triton"", ""Castor"", ""Braga"", ""Trius"", ""Alcatras""]","[0.7245689630508423, 0.7012084722518921, 0.6921995282173157, 0.5977644324302673, 0.509931206703186]"
4,centroid,1,78,Braga,Braga,"[""Braga"", ""Triton"", ""Castor"", ""Mytikas"", ""Alcatras""]","[0.8810489177703857, 0.7100837826728821, 0.6265966296195984, 0.6213429570198059, 0.6059223413467407]"
4,centroid,1,79,Braga,Braga,"[""Braga"", ""Alcatras"", ""Castor"", ""Trius"", ""Alaris""]","[0.813264012336731, 0.7116302251815796, 0.6737207770347595, 0.6460689306259155, 0.6036603450775146]"
4,centroid,1,80,Braga,Braga,"[""Braga"", ""Hawk"", ""Gemini"", ""Turbine"", ""Vega""]","[0.7947119474411011, 0.7118419408798218, 0.5029308199882507, 0.3543277978897095, 0.35409820079803467]"
4,centroid,1,81,Braga,Braga,"[""Braga"", ""Triton"", ""Trius"", ""Alcatras"", ""Alaris""]","[0.8090827465057373, 0.7266740798950195, 0.6782578825950623, 0.6120688319206238, 0.5539231896400452]"
4,centroid,1,82,Braga,Braga,"[""Braga"", ""Triton"", ""Trius"", ""Mytikas"", ""Alaris""]","[0.7354128956794739, 0.7063449621200562, 0.6761480569839478, 0.5315380692481995, 0.4173634648323059]"
4,centroid,1,83,Braga,Braga,"[""Braga"", ""Vega"", ""Alaris"", ""Hawk"", ""Alcatras""]","[0.8469398021697998, 0.6341555118560791, 0.6280105113983154, 0.5527439713478088, 0.5405603647232056]"
4,centroid,1,84,Braga,Braga,"[""Braga"", ""Vega"", ""Trius"", ""Gemini"", ""Turbine""]","[0.8190896511077881, 0.6513549089431763, 0.5183727145195007, 0.5059342384338379, 0.44294315576553345]"
4,centroid,1,85,Braga,Braga,"[""Braga"", ""Alcatras"", ""Alaris"", ""Trius"", ""Castor""]","[0.8125518560409546, 0.7456609010696411, 0.6795024871826172, 0.5347490906715393, 0.5231891870498657]"
4,centroid,1,86,Braga,Braga,"[""Braga"", ""Mytikas"", ""Alcatras"", ""Triton"", ""Castor""]","[0.7609753012657166, 0.6948897838592529, 0.646807849407196, 0.6297415494918823, 0.5143644213676453]"
4,centroid,1,87,Braga,Braga,"[""Braga"", ""Castor"", ""Alcatras"", ""Turbine"", ""Triton""]","[0.8490397930145264, 0.7483633756637573, 0.7346358299255371, 0.6542285680770874, 0.6130369901657104]"
4,centroid,1,88,Braga,Triton,"[""Triton"", ""Braga"", ""Castor"", ""Trius"", ""Mytikas""]","[0.8470847010612488, 0.7072544097900391, 0.6931949853897095, 0.648082435131073, 0.6072842478752136]"
4,centroid,1,89,Braga,Braga,"[""Braga"", ""Alcatras"", ""Alaris"", ""Trius"", ""Gemini""]","[0.8154299259185791, 0.6351560950279236, 0.5224124193191528, 0.42253875732421875, 0.4107101559638977]"
4,centroid,1,90,Castor,Castor,"[""Castor"", ""Alcatras"", ""Triton"", ""Mytikas"", ""Turbine""]","[0.9262373447418213, 0.6546610593795776, 0.508914053440094, 0.5047438144683838, 0.46103519201278687]"
4,centroid,1,91,Castor,Castor,"[""Castor"", ""Alcatras"", ""Mytikas"", ""Triton"", ""Alaris""]","[0.8727191686630249, 0.7552682161331177, 0.6158010363578796, 0.4588441252708435, 0.4510016441345215]"
4,centroid,1,92,Castor,Castor,"[""Castor"", ""Alcatras"", ""Braga"", ""Turbine"", ""Triton""]","[0.8988596200942993, 0.5553396940231323, 0.5312566757202148, 0.49607372283935547, 0.49234500527381897]"
4,centroid,1,93,Castor,Castor,"[""Castor"", ""Triton"", ""Mytikas"", ""Turbine"", ""Braga""]","[0.8468994498252869, 0.7309417724609375, 0.6377601623535156, 0.40140390396118164, 0.36541587114334106]"
4,centroid,1,94,Castor,Castor,"[""Castor"", ""Triton"", ""Mytikas"", ""Alcatras"", ""Turbine""]","[0.8930756449699402, 0.7241774201393127, 0.6425707340240479, 0.40192779898643494, 0.3038700222969055]"
4,centroid,1,95,Castor,Castor,"[""Castor"", ""Alcatras"", ""Mytikas"", ""Alaris"", ""Triton""]","[0.7900722622871399, 0.6445313692092896, 0.6323319673538208, 0.45134252309799194, 0.4451768696308136]"
4,centroid,1,96,Castor,Castor,"[""Castor"", ""Triton"", ""Alcatras"", ""Braga"", ""Mytikas""]","[0.8902068138122559, 0.5881046652793884, 0.5663889050483704, 0.419356107711792, 0.41578954458236694]"
4,centroid,1,97,Castor,Castor,"[""Castor"", ""Turbine"", ""Alcatras"", ""Braga"", ""Mytikas""]","[0.8428293466567993, 0.7768975496292114, 0.5132262706756592, 0.4496174454689026, 0.3709278702735901]"
4,centroid,1,98,Castor,Castor,"[""Castor"", ""Triton"", ""Alcatras"", ""Mytikas"", ""Turbine""]","[0.8578805923461914, 0.6443494558334351, 0.5225425958633423, 0.48949986696243286, 0.4581884741783142]"
4,centroid,1,99,Castor,Castor,"[""Castor"", ""Triton"", ""Alcatras"", ""Mytikas"", ""Turbine""]","[0.926866888999939, 0.6712720990180969, 0.5905203819274902, 0.5631217956542969, 0.461433082818985]"
4,centroid,1,100,Castor,Castor,"[""Castor"", ""Triton"", ""Turbine"", ""Mytikas"", ""Braga""]","[0.8544978499412537, 0.5738402009010315, 0.5201444625854492, 0.500569760799408, 0.4858449101448059]"
4,centroid,1,101,Castor,Castor,"[""Castor"", ""Triton"", ""Braga"", ""Alcatras"", ""Turbine""]","[0.74787837266922, 0.5757702589035034, 0.5300835371017456, 0.4781973958015442, 0.4763641357421875]"
4,centroid,1,102,Castor,Castor,"[""Castor"", ""Triton"", ""Alcatras"", ""Turbine"", ""Mytikas""]","[0.9021015167236328, 0.5498750805854797, 0.4912511706352234, 0.3708120584487915, 0.31881725788116455]"
4,centroid,1,103,Castor,Castor,"[""Castor"", ""Turbine"", ""Alcatras"", ""Braga"", ""Mytikas""]","[0.8922122120857239, 0.5933459997177124, 0.5415784120559692, 0.3188122808933258, 0.31537991762161255]"
4,centroid,1,104,Castor,Castor,"[""Castor"", ""Triton"", ""Alcatras"", ""Mytikas"", ""Turbine""]","[0.9307126998901367, 0.6389261484146118, 0.6190528869628906, 0.6014358997344971, 0.521523118019104]"
4,centroid,1,105,Castor,Castor,"[""Castor"", ""Turbine"", ""Alcatras"", ""Mytikas"", ""Braga""]","[0.8945454955101013, 0.596343994140625, 0.5838243365287781, 0.3919234871864319, 0.36561208963394165]"
4,centroid,1,106,Castor,Castor,"[""Castor"", ""Alcatras"", ""Triton"", ""Mytikas"", ""Braga""]","[0.9142094254493713, 0.7058247327804565, 0.6777995824813843, 0.6350325345993042, 0.5934320688247681]"
4,centroid,1,107,Castor,Castor,"[""Castor"", ""Triton"", ""Alcatras"", ""Mytikas"", ""Trius""]","[0.850671648979187, 0.4744202196598053, 0.44376635551452637, 0.4036201238632202, 0.1648644059896469]"
4,centroid,1,108,Castor,Steel_Wheel,"[""Steel_Wheel"", ""Alaris"", ""Hawk"", ""Alcatras"", ""Braga""]","[0.6874310374259949, 0.20182909071445465, 0.18545372784137726, 0.11827826499938965, 0.1032373458147049]"
4,centroid,1,109,Castor,Castor,"[""Castor"", ""Turbine"", ""Alcatras"", ""Braga"", ""Mytikas""]","[0.8729270696640015, 0.551927924156189, 0.49852269887924194, 0.4294375777244568, 0.37775999307632446]"
4,centroid,1,110,Castor,Castor,"[""Castor"", ""Triton"", ""Alcatras"", ""Mytikas"", ""Trius""]","[0.8311116695404053, 0.5525608062744141, 0.36319202184677124, 0.3018077611923218, 0.28315994143486023]"
4,centroid,1,111,Castor,Castor,"[""Castor"", ""Alcatras"", ""Turbine"", ""Alaris"", ""Mytikas""]","[0.7590722441673279, 0.5982749462127686, 0.567505955696106, 0.4847773313522339, 0.3108257055282593]"
4,centroid,1,112,Castor,Castor,"[""Castor"", ""Alcatras"", ""Mytikas"", ""Braga"", ""Turbine""]","[0.857887864112854, 0.717228889465332, 0.6261390447616577, 0.534043550491333, 0.5180522799491882]"
4,centroid,1,113,Castor,Castor,"[""Castor"", ""Alcatras"", ""Triton"", ""Mytikas"", ""Turbine""]","[0.9229025840759277, 0.613001823425293, 0.6053228378295898, 0.5836012959480286, 0.5594643950462341]"
4,centroid,1,114,Castor,Castor,"[""Castor"", ""Triton"", ""Mytikas"", ""Trius"", ""Alcatras""]","[0.792795717716217, 0.7836528420448303, 0.7195138335227966, 0.6675357818603516, 0.6296488642692566]"
4,centroid,1,115,Castor,Castor,"[""Castor"", ""Turbine"", ""Triton"", ""Mytikas"", ""Alcatras""]","[0.9421464800834656, 0.6121433973312378, 0.5477951765060425, 0.5173773765563965, 0.5025482177734375]"
4,centroid,1,116,Castor,Castor,"[""Castor"", ""Alcatras"", ""Turbine"", ""Mytikas"", ""Triton""]","[0.9222599267959595, 0.6871493458747864, 0.49166929721832275, 0.45662176609039307, 0.43090593814849854]"
4,centroid,1,117,Castor,Castor,"[""Castor"", ""Alcatras"", ""Braga"", ""Turbine"", ""Alaris""]","[0.8407125473022461, 0.6575761437416077, 0.6558459997177124, 0.568591833114624, 0.45314621925354004]"
4,centroid,1,118,Castor,Castor,"[""Castor"", ""Triton"", ""Mytikas"", ""Alcatras"", ""Trius""]","[0.7612864971160889, 0.679293155670166, 0.5846160650253296, 0.5065685510635376, 0.4800901710987091]"
4,centroid,1,119,Castor,Castor,"[""Castor"", ""Alcatras"", ""Triton"", ""Turbine"", ""Mytikas""]","[0.8451633453369141, 0.6453089118003845, 0.4666690528392792, 0.45830291509628296, 0.3964279294013977]"
4,centroid,1,120,Castor,Castor,"[""Castor"", ""Triton"", ""Mytikas"", ""Alcatras"", ""Trius""]","[0.8608234524726868, 0.7829674482345581, 0.6043259501457214, 0.491113543510437, 0.394237756729126]"
4,centroid,1,121,Denom,Denom,"[""Denom"", ""Nivalis"", ""Ratikon"", ""Ilias"", ""Velorum""]","[0.8332555294036865, 0.8030076026916504, 0.6723295450210571, 0.5360487699508667, 0.503279447555542]"
4,centroid,1,122,Denom,Denom,"[""Denom"", ""Ilias"", ""Nivalis"", ""Ratikon"", ""Velorum""]","[0.8772270679473877, 0.8011149764060974, 0.7285534143447876, 0.7227720022201538, 0.4143367409706116]"
4,centroid,1,123,Denom,Denom,"[""Denom"", ""Ratikon"", ""Nivalis"", ""Ilias"", ""Velorum""]","[0.9383230805397034, 0.8247964978218079, 0.7709530591964722, 0.6243306994438171, 0.20612983405590057]"
4,centroid,1,124,Denom,Denom,"[""Denom"", ""Nivalis"", ""Ratikon"", ""Velorum"", ""Ilias""]","[0.8861814141273499, 0.8403754830360413, 0.763534426689148, 0.6008667945861816, 0.5442690849304199]"
4,centroid,1,125,Denom,Nivalis,"[""Nivalis"", ""Denom"", ""Ilias"", ""Ratikon"", ""Velorum""]","[0.8475720286369324, 0.8314832448959351, 0.7831289768218994, 0.7241867780685425, 0.6473475694656372]"
4,centroid,1,126,Denom,Velorum,"[""Velorum"", ""Denom"", ""Ilias"", ""Nivalis"", ""Ratikon""]","[0.7233736515045166, 0.7222856879234314, 0.6482458710670471, 0.6191077828407288, 0.5621311664581299]"
4,centroid,1,127,Denom,Denom,"[""Denom"", ""Ratikon"", ""Nivalis"", ""Ilias"", ""Velorum""]","[0.9172799587249756, 0.7881319522857666, 0.7250813245773315, 0.661529541015625, 0.20270580053329468]"
4,centroid,1,128,Denom,Denom,"[""Denom"", ""Nivalis"", ""Ratikon"", ""Ilias"", ""Velorum""]","[0.9128478765487671, 0.8605759143829346, 0.8603368997573853, 0.7435144186019897, 0.5601251125335693]"
4,centroid,1,129,Denom,Denom,"[""Denom"", ""Nivalis"", ""Ilias"", ""Velorum"", ""Ratikon""]","[0.9002196788787842, 0.8384675979614258, 0.7827408313751221, 0.7431848645210266, 0.7250989675521851]"
4,centroid,1,130,Denom,Denom,"[""Denom"", ""Ratikon"", ""Nivalis"", ""Ilias"", ""Velorum""]","[0.9445235729217529, 0.7999767065048218, 0.7836984992027283, 0.7290986180305481, 0.5742365121841431]"
4,centroid,1,131,Denom,Denom,"[""Denom"", ""Nivalis"", ""Ratikon"", ""Ilias"", ""Velorum""]","[0.9285305738449097, 0.7814173698425293, 0.7573273181915283, 0.6718693971633911, 0.4867292046546936]"
4,centroid,1,132,Denom,Denom,"[""Denom"", ""Ratikon"", ""Nivalis"", ""Ilias"", ""Velorum""]","[0.9539360404014587, 0.7998050451278687, 0.7771525979042053, 0.7595593929290771, 0.3932974934577942]"
4,centroid,1,133,Denom,Denom,"[""Denom"", ""Nivalis"", ""Ratikon"", ""Ilias"", ""Velorum""]","[0.8987181186676025, 0.8254101276397705, 0.8103572130203247, 0.7328486442565918, 0.5231976509094238]"
4,centroid,1,134,Denom,Denom,"[""Denom"", ""Nivalis"", ""Ratikon"", ""Ilias"", ""Velorum""]","[0.8840938806533813, 0.8728997707366943, 0.8275353908538818, 0.8202764987945557, 0.7286559343338013]"
4,centroid,1,135,Denom,Denom,"[""Denom"", ""Ratikon"", ""Nivalis"", ""Ilias"", ""Velorum""]","[0.8410230875015259, 0.654731273651123, 0.5705356001853943, 0.4783661961555481, 0.22047840058803558]"
4,centroid,1,136,Denom,Denom,"[""Denom"", ""Nivalis"", ""Ratikon"", ""Ilias"", ""Velorum""]","[0.8410831093788147, 0.6696787476539612, 0.6609293818473816, 0.4763050377368927, 0.1616581231355667]"
4,centroid,1,137,Denom,Denom,"[""Denom"", ""Ratikon"", ""Nivalis"", ""Ilias"", ""Velorum""]","[0.8956446051597595, 0.6655187010765076, 0.6608983874320984, 0.6351480484008789, 0.4307311177253723]"
4,centroid,1,138,Denom,Denom,"[""Denom"", ""Nivalis"", ""Ilias"", ""Ratikon"", ""Velorum""]","[0.87063068151474, 0.8100321292877197, 0.7847433090209961, 0.758757472038269, 0.6493151187896729]"
4,centroid,1,139,Denom,Denom,"[""Denom"", ""Ratikon"", ""Nivalis"", ""Ilias"", ""Velorum""]","[0.9331555962562561, 0.7055846452713013, 0.6906977891921997, 0.6186811327934265, 0.30937063694000244]"
4,centroid,1,140,Denom,Denom,"[""Denom"", ""Ratikon"", ""Nivalis"", ""Ilias"", ""Velorum""]","[0.8500574827194214, 0.7460339069366455, 0.6531355381011963, 0.511287271976471, 0.1282360553741455]"
4,centroid,1,141,Denom,Denom,"[""Denom"", ""Nivalis"", ""Ratikon"", ""Ilias"", ""Velorum""]","[0.9005998969078064, 0.8030032515525818, 0.7226005792617798, 0.7061069011688232, 0.5816223621368408]"
4,centroid,1,142,Denom,Denom,"[""Denom"", ""Velorum"", ""Nivalis"", ""Ilias"", ""Ratikon""]","[0.8186200857162476, 0.8070085048675537, 0.7841237783432007, 0.7622316479682922, 0.6782498359680176]"
4,centroid,1,143,Denom,Denom,"[""Denom"", ""Nivalis"", ""Ilias"", ""Ratikon"", ""Velorum""]","[0.9460898637771606, 0.8458794355392456, 0.7909245491027832, 0.7761005163192749, 0.5509625673294067]"
4,centroid,1,144,Denom,Denom,"[""Denom"", ""Ratikon"", ""Nivalis"", ""Ilias"", ""Velorum""]","[0.9127727746963501, 0.7433846592903137, 0.7234688997268677, 0.6814039349555969, 0.3814502954483032]"
4,centroid,1,145,Denom,Denom,"[""Denom"", ""Ratikon"", ""Nivalis"", ""Ilias"", ""Velorum""]","[0.9040148258209229, 0.8423589468002319, 0.7778609991073608, 0.7431142926216125, 0.3945824205875397]"
4,centroid,1,146,Denom,Nivalis,"[""Nivalis"", ""Denom"", ""Ratikon"", ""Vega"", ""Ilias""]","[0.6825897097587585, 0.6794595718383789, 0.6111755967140198, 0.4077376127243042, 0.31572645902633667]"
4,centroid,1,147,Denom,Denom,"[""Denom"", ""Ratikon"", ""Nivalis"", ""Ilias"", ""Velorum""]","[0.925682544708252, 0.8213591575622559, 0.7926103472709656, 0.7299497127532959, 0.5173336267471313]"
4,centroid,1,148,Denom,Denom,"[""Denom"", ""Nivalis"", ""Ratikon"", ""Ilias"", ""Velorum""]","[0.9145424365997314, 0.8484942317008972, 0.7973772287368774, 0.7969592809677124, 0.5591620802879333]"
4,centroid,1,149,Denom,Denom,"[""Denom"", ""Ratikon"", ""Nivalis"", ""Ilias"", ""Velorum""]","[0.9533863663673401, 0.8509282469749451, 0.8497364521026611, 0.609514057636261, 0.3927723169326782]"
4,centroid,1,150,Denom,Denom,"[""Denom"", ""Ratikon"", ""Nivalis"", ""Ilias"", ""Velorum""]","[0.9463685154914856, 0.8010131120681763, 0.7764540910720825, 0.656317949295044, 0.24009734392166138]"
4,centroid,1,151,Denom,Denom,"[""Denom"", ""Nivalis"", ""Ratikon"", ""Ilias"", ""Velorum""]","[0.940474808216095, 0.8521824479103088, 0.7898858189582825, 0.7828855514526367, 0.518280029296875]"
4,centroid,1,152,Denom,Denom,"[""Denom"", ""Nivalis"", ""Ratikon"", ""Ilias"", ""Velorum""]","[0.9152657985687256, 0.8276952505111694, 0.770075798034668, 0.5952387452125549, 0.546578049659729]"
4,centroid,1,153,Denom,Denom,"[""Denom"", ""Ilias"", ""Nivalis"", ""Ratikon"", ""Velorum""]","[0.7322894334793091, 0.6321008205413818, 0.6171561479568481, 0.6018407940864563, 0.5745670795440674]"
4,centroid,1,154,Denom,Denom,"[""Denom"", ""Ratikon"", ""Nivalis"", ""Ilias"", ""Velorum""]","[0.9061669111251831, 0.7880573272705078, 0.7337360382080078, 0.721257746219635, 0.29882147908210754]"
4,centroid,1,155,Denom,Denom,"[""Denom"", ""Ratikon"", ""Ilias"", ""Nivalis"", ""Velorum""]","[0.9089794754981995, 0.8428550958633423, 0.8156341314315796, 0.8048401474952698, 0.5089088082313538]"
4,centroid,1,156,Denom,Denom,"[""Denom"", ""Ratikon"", ""Nivalis"", ""Ilias"", ""Velorum""]","[0.950058102607727, 0.8259109258651733, 0.7761325240135193, 0.6990712881088257, 0.4249124526977539]"
4,centroid,1,157,Denom,Denom,"[""Denom"", ""Ratikon"", ""Nivalis"", ""Ilias"", ""Velorum""]","[0.9665819406509399, 0.8689993023872375, 0.841047465801239, 0.6242823600769043, 0.368310809135437]"
4,centroid,1,158,Gemini,Trius,"[""Trius"", ""Gemini"", ""Triton"", ""Braga"", ""Mytikas""]","[0.6828296184539795, 0.6577351689338684, 0.5623680949211121, 0.46766796708106995, 0.456370085477829]"
4,centroid,1,159,Gemini,Gemini,"[""Gemini"", ""Vega"", ""Trius"", ""Xtreme"", ""Braga""]","[0.8686392307281494, 0.48771217465400696, 0.29439854621887207, 0.24794045090675354, 0.2290571928024292]"
4,centroid,1,160,Gemini,Gemini,"[""Gemini"", ""Vega"", ""Xtreme"", ""Braga"", ""Hawk""]","[0.8728793859481812, 0.4733912944793701, 0.44553273916244507, 0.2985697388648987, 0.22355858981609344]"
4,centroid,1,161,Gemini,Gemini,"[""Gemini"", ""Xtreme"", ""Braga"", ""Trius"", ""Vega""]","[0.9406921863555908, 0.6195802688598633, 0.4345111846923828, 0.359061062335968, 0.2900773286819458]"
4,centroid,1,162,Gemini,Gemini,"[""Gemini"", ""Xtreme"", ""Braga"", ""Trius"", ""Triton""]","[0.8559122085571289, 0.6153855323791504, 0.3900492787361145, 0.3654627203941345, 0.2496500015258789]"
4,centroid,1,163,Gemini,Gemini,"[""Gemini"", ""Braga"", ""Triton"", ""Xtreme"", ""Trius""]","[0.5882176756858826, 0.5316430330276489, 0.5167152881622314, 0.4727002680301666, 0.4117067754268646]"
4,centroid,1,164,Gemini,Gemini,"[""Gemini"", ""Xtreme"", ""Braga"", ""Trius"", ""Triton""]","[0.8967556953430176, 0.6567668914794922, 0.4629235565662384, 0.26988184452056885, 0.16810756921768188]"
4,centroid,1,165,Gemini,Gemini,"[""Gemini"", ""Trius"", ""Vega"", ""Braga"", ""Xtreme""]","[0.7757769823074341, 0.5647232532501221, 0.4753962457180023, 0.41634541749954224, 0.33964332938194275]"
4,centroid,1,166,Gemini,Gemini,"[""Gemini"", ""Xtreme"", ""Vega"", ""Braga"", ""Hawk""]","[0.8977837562561035, 0.6383686065673828, 0.20216071605682373, 0.17394229769706726, 0.08076608180999756]"
4,centroid,1,167,Gemini,Gemini,"[""Gemini"", ""Xtreme"", ""Braga"", ""Vega"", ""Hawk""]","[0.9289319515228271, 0.6997089982032776, 0.25630491971969604, 0.1728891134262085, 0.1532236486673355]"
4,centroid,1,168,Gemini,Gemini,"[""Gemini"", ""Xtreme"", ""Vega"", ""Braga"", ""Hawk""]","[0.9174836277961731, 0.6628391742706299, 0.24737177789211273, 0.24086739122867584, 0.22645677626132965]"
4,centroid,1,169,Gemini,Trius,"[""Trius"", ""Triton"", ""Mytikas"", ""Gemini"", ""Xtreme""]","[0.6637858152389526, 0.5992839336395264, 0.5610744953155518, 0.5150288343429565, 0.39075398445129395]"
4,centroid,1,170,Gemini,Gemini,"[""Gemini"", ""Xtreme"", ""Vega"", ""Trius"", ""Braga""]","[0.9160047173500061, 0.43612927198410034, 0.3812400698661804, 0.2350131869316101, 0.19036178290843964]"
4,centroid,1,171,Gemini,Mytikas,"[""Mytikas"", ""Trius"", ""Gemini"", ""Velorum"", ""Xtreme""]","[0.6085622906684875, 0.5200815200805664, 0.4057745635509491, 0.40349969267845154, 0.4012817144393921]"
4,centroid,1,172,Gemini,Gemini,"[""Gemini"", ""Trius"", ""Braga"", ""Xtreme"", ""Triton""]","[0.8110895156860352, 0.551598310470581, 0.4889630675315857, 0.46565133333206177, 0.3960789740085602]"
4,centroid,1,173,Gemini,Gemini,"[""Gemini"", ""Braga"", ""Trius"", ""Vega"", ""Triton""]","[0.6948760747909546, 0.6206847429275513, 0.5315052270889282, 0.5205639600753784, 0.29385679960250854]"
4,centroid,1,174,Gemini,Trius,"[""Trius"", ""Gemini"", ""Triton"", ""Mytikas"", ""Braga""]","[0.7213684320449829, 0.5758876204490662, 0.5379605293273926, 0.5002880692481995, 0.4895945191383362]"
4,centroid,1,175,Gemini,Gemini,"[""Gemini"", ""Xtreme"", ""Braga"", ""Triton"", ""Trius""]","[0.8254531621932983, 0.5794262290000916, 0.49903005361557007, 0.4269030690193176, 0.3627604842185974]"
4,centroid,1,176,Gemini,Gemini,"[""Gemini"", ""Xtreme"", ""Braga"", ""Trius"", ""Triton""]","[0.8997683525085449, 0.6709305644035339, 0.40168166160583496, 0.25447559356689453, 0.2324848175048828]"
4,centroid,1,177,Gemini,Gemini,"[""Gemini"", ""Braga"", ""Trius"", ""Vega"", ""Triton""]","[0.7948776483535767, 0.5753220319747925, 0.5628913640975952, 0.5149521231651306, 0.36495256423950195]"
4,centroid,1,178,Gemini,Gemini,"[""Gemini"", ""Xtreme"", ""Braga"", ""Vega"", ""Trius""]","[0.9411728382110596, 0.5451475977897644, 0.43579453229904175, 0.4332759976387024, 0.3234544098377228]"
4,centroid,1,179,Gemini,Gemini,"[""Gemini"", ""Xtreme"", ""Vega"", ""Braga"", ""Hawk""]","[0.928364634513855, 0.6658086776733398, 0.23712784051895142, 0.11544272303581238, 0.08529633283615112]"
4,centroid,1,180,Gemini,Gemini,"[""Gemini"", ""Braga"", ""Xtreme"", ""Trius"", ""Vega""]","[0.758152186870575, 0.5929104089736938, 0.3988325595855713, 0.2745780646800995, 0.19045865535736084]"
4,centroid,1,181,Gemini,Gemini,"[""Gemini"", ""Xtreme"", ""Vega"", ""Braga"", ""Hawk""]","[0.904388427734375, 0.5750854015350342, 0.24706828594207764, 0.18124055862426758, 0.09741532802581787]"
4,centroid,1,182,Gemini,Gemini,"[""Gemini"", ""Hawk"", ""Vega"", ""Alaris"", ""Mytikas""]","[0.6518170833587646, 0.3785436749458313, 0.32395869493484497, 0.2704932689666748, 0.26402950286865234]"
4,centroid,1,183,Gemini,Gemini,"[""Gemini"", ""Braga"", ""Vega"", ""Trius"", ""Xtreme""]","[0.835078775882721, 0.5834681987762451, 0.5509368181228638, 0.3880611062049866, 0.334932416677475]"
4,centroid,1,184,Gemini,Xtreme,"[""Xtreme"", ""Gemini"", ""Braga"", ""Hawk"", ""Triton""]","[0.8291864991188049, 0.6702785491943359, 0.277931272983551, 0.11344166100025177, 0.06517711281776428]"
4,centroid,1,185,Hawk,Hawk,"[""Hawk"", ""Alaris"", ""Vega"", ""Alcatras"", ""Velorum""]","[0.8920139074325562, 0.43740755319595337, 0.32508713006973267, 0.3190229535102844, 0.2772921621799469]"
4,centroid,1,186,Hawk,Hawk,"[""Hawk"", ""Braga"", ""Alaris"", ""Turbine"", ""Vega""]","[0.9404508471488953, 0.5708764791488647, 0.42875078320503235, 0.40069302916526794, 0.3829919695854187]"
4,centroid,1,187,Hawk,Hawk,"[""Hawk"", ""Vega"", ""Alaris"", ""Turbine"", ""Alcatras""]","[0.8202289342880249, 0.5898469686508179, 0.5323048233985901, 0.48451101779937744, 0.3467748463153839]"
4,centroid,1,188,Hawk,Hawk,"[""Hawk"", ""Braga"", ""Gemini"", ""Xtreme"", ""Vega""]","[0.828262448310852, 0.44821974635124207, 0.32828447222709656, 0.27479395270347595, 0.2525547742843628]"
4,centroid,1,189,Hawk,Hawk,"[""Hawk"", ""Alaris"", ""Alcatras"", ""Vega"", ""Braga""]","[0.9323737621307373, 0.4970267117023468, 0.426956444978714, 0.4236646294593811, 0.3514246344566345]"
4,centroid,1,190,Hawk,Hawk,"[""Hawk"", ""Alaris"", ""Vega"", ""Alcatras"", ""Braga""]","[0.9041417241096497, 0.5186001062393188, 0.5125220417976379, 0.4640231132507324, 0.3783833086490631]"
4,centroid,1,191,Hawk,Hawk,"[""Hawk"", ""Vega"", ""Turbine"", ""Mytikas"", ""Alaris""]","[0.7853468656539917, 0.5036016702651978, 0.42525410652160645, 0.2194758504629135, 0.18935132026672363]"
4,centroid,1,192,Hawk,Hawk,"[""Hawk"", ""Alcatras"", ""Alaris"", ""Braga"", ""Turbine""]","[0.7766411304473877, 0.736818253993988, 0.6811719536781311, 0.548797070980072, 0.49367764592170715]"
4,centroid,1,193,Hawk,Hawk,"[""Hawk"", ""Braga"", ""Alaris"", ""Turbine"", ""Alcatras""]","[0.9006609916687012, 0.6232916116714478, 0.5721981525421143, 0.4609992504119873, 0.440578818321228]"
4,centroid,1,194,Hawk,Hawk,"[""Hawk"", ""Alaris"", ""Alcatras"", ""Vega"", ""Turbine""]","[0.8908921480178833, 0.5294822454452515, 0.3979802131652832, 0.38036444783210754, 0.32670652866363525]"
4,centroid,1,195,Hawk,Hawk,"[""Hawk"", ""Vega"", ""Turbine"", ""Alaris"", ""Braga""]","[0.9376465678215027, 0.5086567997932434, 0.335208535194397, 0.33365604281425476, 0.3125684857368469]"
4,centroid,1,196,Hawk,Hawk,"[""Hawk"", ""Braga"", ""Alaris"", ""Mytikas"", ""Alcatras""]","[0.8322591781616211, 0.5870348215103149, 0.42733433842658997, 0.4179093837738037, 0.40188461542129517]"
4,centroid,1,197,Hawk,Hawk,"[""Hawk"", ""Turbine"", ""Braga"", ""Vega"", ""Alaris""]","[0.8638762831687927, 0.606505274772644, 0.5989407300949097, 0.4505269527435303, 0.3981340825557709]"
4,centroid,1,198,Hawk,Hawk,"[""Hawk"", ""Braga"", ""Vega"", ""Alaris"", ""Turbine""]","[0.9340466260910034, 0.5194247364997864, 0.37600016593933105, 0.3696328401565552, 0.34408998489379883]"
4,centroid,1,199,Hawk,Hawk,"[""Hawk"", ""Braga"", ""Turbine"", ""Alaris"", ""Alcatras""]","[0.7568514347076416, 0.7299681901931763, 0.49316251277923584, 0.49025052785873413, 0.48994624614715576]"
4,centroid,1,200,Hawk,Hawk,"[""Hawk"", ""Braga"", ""Vega"", ""Alaris"", ""Gemini""]","[0.934709370136261, 0.5492504835128784, 0.4940502643585205, 0.4467732906341553, 0.31631553173065186]"
4,centroid,1,201,Hawk,Hawk,"[""Hawk"", ""Vega"", ""Braga"", ""Alaris"", ""Turbine""]","[0.9700053930282593, 0.4610498547554016, 0.45748794078826904, 0.4533075988292694, 0.35740840435028076]"
4,centroid,1,202,Hawk,Hawk,"[""Hawk"", ""Alcatras"", ""Alaris"", ""Turbine"", ""Vega""]","[0.8925803899765015, 0.407834529876709, 0.4032902121543884, 0.373996376991272, 0.33433282375335693]"
4,centroid,1,203,Hawk,Hawk,"[""Hawk"", ""Braga"", ""Turbine"", ""Vega"", ""Alaris""]","[0.9567047953605652, 0.527569055557251, 0.46384912729263306, 0.42509177327156067, 0.4243355393409729]"
4,centroid,1,204,Hawk,Hawk,"[""Hawk"", ""Alaris"", ""Vega"", ""Braga"", ""Alcatras""]","[0.9433114528656006, 0.4354417622089386, 0.4270936846733093, 0.3395411968231201, 0.28688371181488037]"
4,centroid,1,205,Hawk,Hawk,"[""Hawk"", ""Braga"", ""Vega"", ""Alaris"", ""Alcatras""]","[0.9305149912834167, 0.4431896209716797, 0.44224536418914795, 0.4192708134651184, 0.3195897042751312]"
4,centroid,1,206,Hawk,Hawk,"[""Hawk"", ""Alcatras"", ""Alaris"", ""Braga"", ""Mytikas""]","[0.8450320959091187, 0.5644984245300293, 0.4527774155139923, 0.4020494520664215, 0.26159951090812683]"
4,centroid,1,207,Hawk,Hawk,"[""Hawk"", ""Turbine"", ""Braga"", ""Vega"", ""Alaris""]","[0.9308497309684753, 0.5329918265342712, 0.5295044183731079, 0.4042646288871765, 0.34392422437667847]"
4,centroid,1,208,Hawk,Hawk,"[""Hawk"", ""Turbine"", ""Alaris"", ""Alcatras"", ""Braga""]","[0.8753212690353394, 0.5714473724365234, 0.5300530195236206, 0.5248703956604004, 0.49444180727005005]"
4,centroid,1,209,Hawk,Hawk,"[""Hawk"", ""Alaris"", ""Alcatras"", ""Braga"", ""Vega""]","[0.9287492036819458, 0.4202027916908264, 0.40194714069366455, 0.3722708225250244, 0.35927194356918335]"
4,centroid,1,210,Ilias,Ilias,"[""Ilias"", ""Ratikon"", ""Denom"", ""Nivalis"", ""Velorum""]","[0.8580271601676941, 0.8148290514945984, 0.7884750962257385, 0.6959941387176514, 0.38089218735694885]"
4,centroid,1,211,Ilias,Ilias,"[""Ilias"", ""Ratikon"", ""Nivalis"", ""Denom"", ""Velorum""]","[0.8403418064117432, 0.8076691031455994, 0.6935551762580872, 0.6794499158859253, 0.5775325298309326]"
4,centroid,1,212,Ilias,Ilias,"[""Ilias"", ""Ratikon"", ""Denom"", ""Nivalis"", ""Velorum""]","[0.8998738527297974, 0.80887770652771, 0.8078716993331909, 0.7698951959609985, 0.5911471247673035]"
4,centroid,1,213,Ilias,Ilias,"[""Ilias"", ""Ratikon"", ""Denom"", ""Nivalis"", ""Gemini""]","[0.7598844766616821, 0.6374865174293518, 0.593807578086853, 0.4621952772140503, 0.3107996881008148]"
4,centroid,1,214,Ilias,Ilias,"[""Ilias"", ""Ratikon"", ""Nivalis"", ""Velorum"", ""Denom""]","[0.9580479860305786, 0.6880412101745605, 0.6805385947227478, 0.6595631241798401, 0.6387384533882141]"
4,centroid,1,215,Ilias,Velorum,"[""Velorum"", ""Ilias"", ""Ratikon"", ""Nivalis"", ""Denom""]","[0.8202783465385437, 0.7374652028083801, 0.66978919506073, 0.6685230731964111, 0.6216968297958374]"
4,centroid,1,216,Ilias,Ilias,"[""Ilias"", ""Velorum"", ""Ratikon"", ""Nivalis"", ""Denom""]","[0.9299874901771545, 0.5789296627044678, 0.5781047940254211, 0.5512657165527344, 0.523973822593689]"
4,centroid,1,217,Ilias,Ilias,"[""Ilias"", ""Ratikon"", ""Denom"", ""Nivalis"", ""Velorum""]","[0.9032763242721558, 0.7871981859207153, 0.786615788936615, 0.6822221279144287, 0.39457064867019653]"
4,centroid,1,218,Ilias,Ratikon,"[""Ratikon"", ""Ilias"", ""Nivalis"", ""Denom"", ""Velorum""]","[0.8299295902252197, 0.7755134105682373, 0.6202796101570129, 0.6104555130004883, 0.4413720965385437]"
4,centroid,1,219,Ilias,Ilias,"[""Ilias"", ""Ratikon"", ""Denom"", ""Velorum"", ""Nivalis""]","[0.9232676029205322, 0.7340640425682068, 0.6984657049179077, 0.6921463012695312, 0.6896864175796509]"
4,centroid,1,220,Ilias,Ilias,"[""Ilias"", ""Ratikon"", ""Nivalis"", ""Denom"", ""Velorum""]","[0.9280216693878174, 0.7827147841453552, 0.6809108257293701, 0.6758030652999878, 0.4462938904762268]"
4,centroid,1,221,Ilias,Ilias,"[""Ilias"", ""Ratikon"", ""Denom"", ""Nivalis"", ""Velorum""]","[0.9388505220413208, 0.7376116514205933, 0.6974017024040222, 0.6557621955871582, 0.4323351979255676]"
4,centroid,1,222,Ilias,Ilias,"[""Ilias"", ""Nivalis"", ""Denom"", ""Ratikon"", ""Velorum""]","[0.8577809929847717, 0.7817907929420471, 0.7809605598449707, 0.742721676826477, 0.7293281555175781]"
4,centroid,1,223,Ilias,Ilias,"[""Ilias"", ""Nivalis"", ""Ratikon"", ""Denom"", ""Velorum""]","[0.9269472360610962, 0.734085202217102, 0.7261970043182373, 0.7004092931747437, 0.6344122290611267]"
4,centroid,1,224,Ilias,Ilias,"[""Ilias"", ""Ratikon"", ""Denom"", ""Nivalis"", ""Velorum""]","[0.9383501410484314, 0.6982571482658386, 0.6593395471572876, 0.5834866762161255, 0.46653568744659424]"
4,centroid,1,225,Ilias,Ilias,"[""Ilias"", ""Ratikon"", ""Denom"", ""Nivalis"", ""Velorum""]","[0.9222269654273987, 0.8315884470939636, 0.7423865795135498, 0.6545664072036743, 0.3312394618988037]"
4,centroid,1,226,Ilias,Ilias,"[""Ilias"", ""Denom"", ""Ratikon"", ""Nivalis"", ""Velorum""]","[0.9277945756912231, 0.7406324744224548, 0.6768372058868408, 0.6512979865074158, 0.6252732276916504]"
4,centroid,1,227,Ilias,Ilias,"[""Ilias"", ""Denom"", ""Ratikon"", ""Nivalis"", ""Velorum""]","[0.8363935947418213, 0.821293830871582, 0.7430442571640015, 0.6282328367233276, 0.28333669900894165]"
4,centroid,1,228,Ilias,Ilias,"[""Ilias"", ""Velorum"", ""Nivalis"", ""Ratikon"", ""Denom""]","[0.9101929664611816, 0.6712962985038757, 0.660164475440979, 0.6484376192092896, 0.6377134323120117]"
4,centroid,1,229,Ilias,Ilias,"[""Ilias"", ""Denom"", ""Nivalis"", ""Velorum"", ""Ratikon""]","[0.8867814540863037, 0.7568065524101257, 0.745842695236206, 0.6833451390266418, 0.6619436144828796]"
4,centroid,1,230,Ilias,Ilias,"[""Ilias"", ""Denom"", ""Ratikon"", ""Nivalis"", ""Velorum""]","[0.7641358375549316, 0.5627269148826599, 0.473297655582428, 0.46224671602249146, 0.414313942193985]"
4,centroid,1,231,Ilias,Ilias,"[""Ilias"", ""Denom"", ""Ratikon"", ""Nivalis"", ""Trius""]","[0.7603520154953003, 0.7237489223480225, 0.7214792370796204, 0.5369797348976135, 0.3757185935974121]"
4,centroid,1,232,Ilias,Ratikon,"[""Ratikon"", ""Nivalis"", ""Ilias"", ""Denom"", ""Velorum""]","[0.8451920747756958, 0.7968835830688477, 0.7597436308860779, 0.7503052353858948, 0.4971151351928711]"
4,centroid,1,233,Ilias,Ilias,"[""Ilias"", ""Ratikon"", ""Nivalis"", ""Velorum"", ""Denom""]","[0.9329725503921509, 0.6654669046401978, 0.6510245203971863, 0.5923953652381897, 0.585186243057251]"
4,centroid,1,234,Ilias,Ilias,"[""Ilias"", ""Velorum"", ""Ratikon"", ""Nivalis"", ""Denom""]","[0.8552426099777222, 0.6807417273521423, 0.6198089122772217, 0.6120731830596924, 0.5073575377464294]"
4,centroid,1,235,Ilias,Ilias,"[""Ilias"", ""Ratikon"", ""Nivalis"", ""Denom"", ""Velorum""]","[0.7937480211257935, 0.7582481503486633, 0.720456600189209, 0.7117875218391418, 0.4550548195838928]"
4,centroid,1,236,Ilias,Ilias,"[""Ilias"", ""Ratikon"", ""Denom"", ""Nivalis"", ""Velorum""]","[0.9299005270004272, 0.7668933868408203, 0.7011556625366211, 0.6618965268135071, 0.4825688600540161]"
4,centroid,1,237,Ilias,Ilias,"[""Ilias"", ""Nivalis"", ""Velorum"", ""Ratikon"", ""Denom""]","[0.8743921518325806, 0.7628527879714966, 0.7624561786651611, 0.7070512771606445, 0.6633028984069824]"
4,centroid,1,238,Mytikas,Mytikas,"[""Mytikas"", ""Triton"", ""Trius"", ""Alcatras"", ""Castor""]","[0.8442150950431824, 0.7853227853775024, 0.543530285358429, 0.4542262554168701, 0.4088039994239807]"
4,centroid,1,239,Mytikas,Mytikas,"[""Mytikas"", ""Castor"", ""Triton"", ""Alcatras"", ""Hawk""]","[0.817740261554718, 0.39127206802368164, 0.36814790964126587, 0.330985426902771, 0.3004421591758728]"
4,centroid,1,240,Mytikas,Trius,"[""Trius"", ""Gemini"", ""Mytikas"", ""Triton"", ""Braga""]","[0.5990369319915771, 0.4448714554309845, 0.43272221088409424, 0.38460421562194824, 0.3468100130558014]"
4,centroid,1,241,Mytikas,Mytikas,"[""Mytikas"", ""Triton"", ""Castor"", ""Alcatras"", ""Turbine""]","[0.8533627390861511, 0.6714909076690674, 0.6508642435073853, 0.4890366494655609, 0.2924024760723114]"
4,centroid,1,242,Mytikas,Mytikas,"[""Mytikas"", ""Triton"", ""Trius"", ""Castor"", ""Alcatras""]","[0.8838461637496948, 0.6569812297821045, 0.6093576550483704, 0.5333801507949829, 0.4273959994316101]"
4,centroid,1,243,Mytikas,Mytikas,"[""Mytikas"", ""Alcatras"", ""Alaris"", ""Castor"", ""Triton""]","[0.8102186918258667, 0.8059707283973694, 0.6557804346084595, 0.6411246061325073, 0.6343778371810913]"
4,centroid,1,244,Mytikas,Triton,"[""Triton"", ""Mytikas"", ""Castor"", ""Alcatras"", ""Braga""]","[0.7660234570503235, 0.6843407154083252, 0.6342364549636841, 0.5385755300521851, 0.49214887619018555]"
4,centroid,1,245,Mytikas,Mytikas,"[""Mytikas"", ""Turbine"", ""Castor"", ""Triton"", ""Alcatras""]","[0.8130653500556946, 0.6490445137023926, 0.6427490711212158, 0.5372316837310791, 0.5093405246734619]"
4,centroid,1,246,Mytikas,Mytikas,"[""Mytikas"", ""Triton"", ""Trius"", ""Braga"", ""Castor""]","[0.7828214168548584, 0.6614340543746948, 0.6182445883750916, 0.5850765109062195, 0.4205667972564697]"
4,centroid,1,247,Mytikas,Mytikas,"[""Mytikas"", ""Castor"", ""Triton"", ""Alcatras"", ""Braga""]","[0.8845186829566956, 0.706823468208313, 0.6857261657714844, 0.6559436321258545, 0.4066237807273865]"
4,centroid,1,248,Mytikas,Triton,"[""Triton"", ""Mytikas"", ""Castor"", ""Trius"", ""Turbine""]","[0.7949448823928833, 0.6270148158073425, 0.6098648309707642, 0.4005514979362488, 0.37093159556388855]"
4,centroid,1,249,Mytikas,Triton,"[""Triton"", ""Mytikas"", ""Alcatras"", ""Castor"", ""Trius""]","[0.8775468468666077, 0.8766061663627625, 0.6895045042037964, 0.6886531114578247, 0.6409218907356262]"
4,centroid,1,250,Mytikas,Mytikas,"[""Mytikas"", ""Alcatras"", ""Castor"", ""Alaris"", ""Triton""]","[0.6049750447273254, 0.5893545150756836, 0.5567637085914612, 0.4732484519481659, 0.38541823625564575]"
4,centroid,1,251,Mytikas,Triton,"[""Triton"", ""Mytikas"", ""Trius"", ""Castor"", ""Braga""]","[0.8648302555084229, 0.7518954277038574, 0.6193598508834839, 0.493322491645813, 0.23755857348442078]"
4,centroid,1,252,Mytikas,Mytikas,"[""Mytikas"", ""Triton"", ""Trius"", ""Ilias"", ""Braga""]","[0.7117194533348083, 0.6948693990707397, 0.687006950378418, 0.3276222050189972, 0.29348206520080566]"
4,centroid,1,253,Mytikas,Castor,"[""Castor"", ""Triton"", ""Mytikas"", ""Alcatras"", ""Trius""]","[0.8616480231285095, 0.7111485004425049, 0.6724048852920532, 0.5192590951919556, 0.39289718866348267]"
4,centroid,1,254,Mytikas,Triton,"[""Triton"", ""Castor"", ""Mytikas"", ""Trius"", ""Alcatras""]","[0.8234777450561523, 0.7566717863082886, 0.7011345028877258, 0.4228769540786743, 0.40328019857406616]"
4,centroid,1,255,Mytikas,Castor,"[""Castor"", ""Mytikas"", ""Alcatras"", ""Triton"", ""Turbine""]","[0.8221975564956665, 0.8192548751831055, 0.8163009285926819, 0.626093864440918, 0.603522777557373]"
4,centroid,1,256,Mytikas,Mytikas,"[""Mytikas"", ""Castor"", ""Alcatras"", ""Triton"", ""Alaris""]","[0.8901034593582153, 0.6977411508560181, 0.6917052268981934, 0.6373708248138428, 0.3692857027053833]"
4,centroid,1,257,Mytikas,Mytikas,"[""Mytikas"", ""Trius"", ""Triton"", ""Gemini"", ""Braga""]","[0.6832549571990967, 0.5548070669174194, 0.4546312689781189, 0.42186617851257324, 0.34854739904403687]"
4,centroid,1,258,Mytikas,Mytikas,"[""Mytikas"", ""Triton"", ""Alcatras"", ""Castor"", ""Trius""]","[0.8520362377166748, 0.5790218710899353, 0.5045539140701294, 0.45526009798049927, 0.33291351795196533]"
4,centroid,1,259,Mytikas,Mytikas,"[""Mytikas"", ""Triton"", ""Castor"", ""Alcatras"", ""Turbine""]","[0.8989880084991455, 0.7901064157485962, 0.7771282196044922, 0.5673937797546387, 0.43667709827423096]"
4,centroid,1,260,Mytikas,Mytikas,"[""Mytikas"", ""Triton"", ""Castor"", ""Alcatras"", ""Turbine""]","[0.8317986130714417, 0.6929901838302612, 0.5302002429962158, 0.39059165120124817, 0.30562788248062134]"
4,centroid,1,261,Mytikas,Mytikas,"[""Mytikas"", ""Triton"", ""Castor"", ""Alcatras"", ""Trius""]","[0.852814257144928, 0.8323270678520203, 0.6532653570175171, 0.591019868850708, 0.5049980282783508]"
4,centroid,1,262,Mytikas,Mytikas,"[""Mytikas"", ""Castor"", ""Triton"", ""Turbine"", ""Alcatras""]","[0.8290145397186279, 0.7647722959518433, 0.7002277374267578, 0.5127140879631042, 0.5025985836982727]"
4,centroid,1,263,Mytikas,Mytikas,"[""Mytikas"", ""Triton"", ""Castor"", ""Trius"", ""Alcatras""]","[0.9188272953033447, 0.8880857229232788, 0.6256182193756104, 0.6094979047775269, 0.5053060054779053]"
4,centroid,1,264,Mytikas,Mytikas,"[""Mytikas"", ""Castor"", ""Triton"", ""Alcatras"", ""Alaris""]","[0.8503867387771606, 0.6425405740737915, 0.6143214106559753, 0.6080822944641113, 0.4059474468231201]"
4,centroid,1,265,Nivalis,Nivalis,"[""Nivalis"", ""Ratikon"", ""Denom"", ""Ilias"", ""Velorum""]","[0.9494432210922241, 0.8848482966423035, 0.8782310485839844, 0.7742820382118225, 0.6114124059677124]"
4,centroid,1,266,Nivalis,Velorum,"[""Velorum"", ""Ilias"", ""Nivalis"", ""Ratikon"", ""Denom""]","[0.7558807134628296, 0.7172780632972717, 0.7044116258621216, 0.5808210372924805, 0.526095449924469]"
4,centroid,1,267,Nivalis,Nivalis,"[""Nivalis"", ""Ratikon"", ""Denom"", ""Ilias"", ""Velorum""]","[0.8429539203643799, 0.6792542934417725, 0.6429363489151001, 0.4472113847732544, 0.34990060329437256]"
4,centroid,1,268,Nivalis,Nivalis,"[""Nivalis"", ""Denom"", ""Ratikon"", ""Ilias"", ""Velorum""]","[0.8801215291023254, 0.6979608535766602, 0.6779545545578003, 0.45002681016921997, 0.35681089758872986]"
4,centroid,1,269,Nivalis,Nivalis,"[""Nivalis"", ""Ratikon"", ""Denom"", ""Ilias"", ""Velorum""]","[0.8404033184051514, 0.6744732856750488, 0.6635289788246155, 0.5387314558029175, 0.4091809391975403]"
4,centroid,1,270,Nivalis,Nivalis,"[""Nivalis"", ""Ratikon"", ""Denom"", ""Velorum"", ""Ilias""]","[0.7405301928520203, 0.6049507856369019, 0.5820093154907227, 0.3352046012878418, 0.2979355454444885]"
4,centroid,1,271,Nivalis,Nivalis,"[""Nivalis"", ""Denom"", ""Ratikon"", ""Velorum"", ""Gemini""]","[0.7070646286010742, 0.4409770965576172, 0.43183672428131104, 0.4205198884010315, 0.31730300188064575]"
4,centroid,1,272,Nivalis,Nivalis,"[""Nivalis"", ""Denom"", ""Ratikon"", ""Ilias"", ""Velorum""]","[0.8110865354537964, 0.5929266214370728, 0.5545848608016968, 0.4980548024177551, 0.4955940544605255]"
4,centroid,1,273,Nivalis,Nivalis,"[""Nivalis"", ""Denom"", ""Ratikon"", ""Ilias"", ""Velorum""]","[0.9311786890029907, 0.79892897605896, 0.7827438116073608, 0.545209527015686, 0.44123756885528564]"
4,centroid,1,274,Nivalis,Nivalis,"[""Nivalis"", ""Denom"", ""Ratikon"", ""Velorum"", ""Ilias""]","[0.8914422988891602, 0.7046653628349304, 0.6830708980560303, 0.5307902097702026, 0.5039276480674744]"
4,centroid,1,275,Nivalis,Nivalis,"[""Nivalis"", ""Ratikon"", ""Denom"", ""Ilias"", ""Velorum""]","[0.9574705362319946, 0.8536159992218018, 0.8493003249168396, 0.7229063510894775, 0.5992190837860107]"
4,centroid,1,276,Nivalis,Nivalis,"[""Nivalis"", ""Denom"", ""Ratikon"", ""Ilias"", ""Velorum""]","[0.7843248248100281, 0.7737399339675903, 0.7547218799591064, 0.48285818099975586, 0.28157109022140503]"
4,centroid,1,277,Nivalis,Denom,"[""Denom"", ""Nivalis"", ""Ratikon"", ""Ilias"", ""Velorum""]","[0.8226652145385742, 0.7795432806015015, 0.7717252969741821, 0.7536448240280151, 0.6408131122589111]"
4,centroid,1,278,Nivalis,Ratikon,"[""Ratikon"", ""Nivalis"", ""Denom"", ""Ilias"", ""Velorum""]","[0.8912551403045654, 0.8835071921348572, 0.8623628616333008, 0.8216069340705872, 0.5807247161865234]"
4,centroid,1,279,Nivalis,Nivalis,"[""Nivalis"", ""Denom"", ""Ratikon"", ""Velorum"", ""Ilias""]","[0.9101223349571228, 0.7527310252189636, 0.6508128643035889, 0.6041415929794312, 0.5685833692550659]"
4,centroid,1,280,Nivalis,Nivalis,"[""Nivalis"", ""Ratikon"", ""Velorum"", ""Ilias"", ""Denom""]","[0.6279599666595459, 0.5238050222396851, 0.49222075939178467, 0.4290807247161865, 0.3422861099243164]"
4,centroid,1,281,Nivalis,Nivalis,"[""Nivalis"", ""Denom"", ""Ratikon"", ""Ilias"", ""Velorum""]","[0.8143700361251831, 0.6609064340591431, 0.5981361865997314, 0.47079652547836304, 0.31531262397766113]"
4,centroid,1,282,Nivalis,Nivalis,"[""Nivalis"", ""Denom"", ""Ratikon"", ""Ilias"", ""Velorum""]","[0.9056311845779419, 0.7154362201690674, 0.7148268222808838, 0.5701034069061279, 0.41963839530944824]"
4,centroid,1,283,Nivalis,Nivalis,"[""Nivalis"", ""Ratikon"", ""Denom"", ""Ilias"", ""Velorum""]","[0.842008113861084, 0.6750738620758057, 0.6721051335334778, 0.5254801511764526, 0.5003795623779297]"
4,centroid,1,284,Nivalis,Nivalis,"[""Nivalis"", ""Velorum"", ""Denom"", ""Ratikon"", ""Ilias""]","[0.7670339345932007, 0.6495106220245361, 0.49108225107192993, 0.38043034076690674, 0.33515465259552]"
4,centroid,1,285,Nivalis,Nivalis,"[""Nivalis"", ""Denom"", ""Ratikon"", ""Velorum"", ""Ilias""]","[0.788608193397522, 0.6223484873771667, 0.5441785454750061, 0.37283915281295776, 0.3548053205013275]"
4,centroid,1,286,Nivalis,Nivalis,"[""Nivalis"", ""Vega"", ""Ratikon"", ""Denom"", ""Ilias""]","[0.5671442747116089, 0.492149293422699, 0.4887481927871704, 0.44334834814071655, 0.31679248809814453]"
4,centroid,1,287,Ratikon,Ratikon,"[""Ratikon"", ""Denom"", ""Nivalis"", ""Ilias"", ""Velorum""]","[0.9323216676712036, 0.8171618580818176, 0.7542371153831482, 0.6121858358383179, 0.18426376581192017]"
4,centroid,1,288,Ratikon,Denom,"[""Denom"", ""Ratikon"", ""Nivalis"", ""Ilias"", ""Velorum""]","[0.8895407915115356, 0.8266536593437195, 0.7647453546524048, 0.6297115087509155, 0.5445850491523743]"
4,centroid,1,289,Ratikon,Ratikon,"[""Ratikon"", ""Denom"", ""Nivalis"", ""Ilias"", ""Velorum""]","[0.9351699352264404, 0.8530378341674805, 0.729186475276947, 0.7172272801399231, 0.3562392294406891]"
4,centroid,1,290,Ratikon,Ratikon,"[""Ratikon"", ""Denom"", ""Nivalis"", ""Ilias"", ""Velorum""]","[0.9621354341506958, 0.8138654232025146, 0.7799989581108093, 0.6343263387680054, 0.3073705732822418]"
4,centroid,1,291,Ratikon,Ratikon,"[""Ratikon"", ""Denom"", ""Ilias"", ""Nivalis"", ""Velorum""]","[0.9143159985542297, 0.7966975569725037, 0.7836548686027527, 0.681244432926178, 0.2938134968280792]"
4,centroid,1,292,Ratikon,Ratikon,"[""Ratikon"", ""Denom"", ""Nivalis"", ""Ilias"", ""Velorum""]","[0.8540250062942505, 0.753074049949646, 0.7222341299057007, 0.6176807880401611, 0.36123472452163696]"
4,centroid,1,293,Ratikon,Ratikon,"[""Ratikon"", ""Denom"", ""Nivalis"", ""Ilias"", ""Vega""]","[0.847476065158844, 0.6816897392272949, 0.6027153134346008, 0.5086328983306885, 0.3137401342391968]"
4,centroid,1,294,Ratikon,Ratikon,"[""Ratikon"", ""Denom"", ""Nivalis"", ""Ilias"", ""Velorum""]","[0.9330912828445435, 0.7793892025947571, 0.7491310834884644, 0.5979095101356506, 0.20661994814872742]"
4,centroid,1,295,Ratikon,Ratikon,"[""Ratikon"", ""Denom"", ""Ilias"", ""Nivalis"", ""Velorum""]","[0.9162091016769409, 0.8042050004005432, 0.8002762198448181, 0.6939018368721008, 0.32701680064201355]"
4,centroid,1,296,Ratikon,Ratikon,"[""Ratikon"", ""Denom"", ""Nivalis"", ""Ilias"", ""Velorum""]","[0.9437403678894043, 0.8165183067321777, 0.7484126091003418, 0.6548931002616882, 0.2765859365463257]"
4,centroid,1,297,Ratikon,Ratikon,"[""Ratikon"", ""Ilias"", ""Nivalis"", ""Denom"", ""Velorum""]","[0.9141150712966919, 0.74944007396698, 0.7200436592102051, 0.6919307708740234, 0.3270076513290405]"
4,centroid,1,298,Ratikon,Ratikon,"[""Ratikon"", ""Denom"", ""Nivalis"", ""Ilias"", ""Steel_Wheel""]","[0.8729625344276428, 0.7676424980163574, 0.6886405944824219, 0.6817505955696106, 0.2359289824962616]"
4,centroid,1,299,Ratikon,Ratikon,"[""Ratikon"", ""Ilias"", ""Nivalis"", ""Denom"", ""Velorum""]","[0.8775167465209961, 0.8304339647293091, 0.7684751749038696, 0.7116900682449341, 0.6873630285263062]"
4,centroid,1,300,Ratikon,Ratikon,"[""Ratikon"", ""Denom"", ""Nivalis"", ""Ilias"", ""Velorum""]","[0.9660041332244873, 0.873784065246582, 0.8493143320083618, 0.7041889429092407, 0.496648907661438]"
4,centroid,1,301,Ratikon,Ratikon,"[""Ratikon"", ""Denom"", ""Nivalis"", ""Ilias"", ""Velorum""]","[0.9197040796279907, 0.8067364692687988, 0.6607878804206848, 0.64447021484375, 0.1469031125307083]"
4,centroid,1,302,Ratikon,Ratikon,"[""Ratikon"", ""Ilias"", ""Denom"", ""Nivalis"", ""Velorum""]","[0.8921212553977966, 0.7911818623542786, 0.7546561360359192, 0.6448405385017395, 0.20318233966827393]"
4,centroid,1,303,Ratikon,Ratikon,"[""Ratikon"", ""Denom"", ""Ilias"", ""Nivalis"", ""Velorum""]","[0.7232872843742371, 0.6540250182151794, 0.623769998550415, 0.5829675197601318, 0.43804800510406494]"
4,centroid,1,304,Ratikon,Ratikon,"[""Ratikon"", ""Denom"", ""Nivalis"", ""Ilias"", ""Velorum""]","[0.9171309471130371, 0.7207195162773132, 0.6293211579322815, 0.5544112920761108, 0.11283057183027267]"
4,centroid,1,305,Ratikon,Ilias,"[""Ilias"", ""Ratikon"", ""Denom"", ""Nivalis"", ""Velorum""]","[0.8578174114227295, 0.8273289203643799, 0.7398451566696167, 0.661736011505127, 0.45515555143356323]"
4,centroid,1,306,Ratikon,Ratikon,"[""Ratikon"", ""Denom"", ""Nivalis"", ""Ilias"", ""Velorum""]","[0.8783568143844604, 0.8297772407531738, 0.6417707204818726, 0.6209424734115601, 0.10951562970876694]"
4,centroid,1,307,Ratikon,Ratikon,"[""Ratikon"", ""Denom"", ""Nivalis"", ""Ilias"", ""Velorum""]","[0.9475041627883911, 0.7750928401947021, 0.7543604969978333, 0.621856689453125, 0.32981550693511963]"
4,centroid,1,308,Ratikon,Ratikon,"[""Ratikon"", ""Denom"", ""Ilias"", ""Nivalis"", ""Velorum""]","[0.8369088172912598, 0.7654578685760498, 0.6358274817466736, 0.6180136203765869, 0.18919914960861206]"
4,centroid,1,309,Ratikon,Nivalis,"[""Nivalis"", ""Denom"", ""Ratikon"", ""Velorum"", ""Ilias""]","[0.92888343334198, 0.8401632308959961, 0.8354769945144653, 0.668306291103363, 0.6534433364868164]"
4,centroid,1,310,Ratikon,Ratikon,"[""Ratikon"", ""Denom"", ""Nivalis"", ""Ilias"", ""Velorum""]","[0.881140410900116, 0.7138068675994873, 0.6764969229698181, 0.5867043733596802, 0.12248853594064713]"
4,centroid,1,311,Ratikon,Denom,"[""Denom"", ""Ratikon"", ""Nivalis"", ""Ilias"", ""Velorum""]","[0.8661901950836182, 0.8631350994110107, 0.6826796531677246, 0.5518761873245239, 0.1323806345462799]"
4,centroid,1,312,Ratikon,Ratikon,"[""Ratikon"", ""Nivalis"", ""Denom"", ""Ilias"", ""Velorum""]","[0.931172251701355, 0.7679404020309448, 0.7533779740333557, 0.6283576488494873, 0.32347404956817627]"
4,centroid,1,313,Ratikon,Ratikon,"[""Ratikon"", ""Denom"", ""Ilias"", ""Nivalis"", ""Vega""]","[0.8881772756576538, 0.7275716662406921, 0.6141176223754883, 0.6107657551765442, 0.251545786857605]"
4,centroid,1,314,Steel_Wheel,Steel_Wheel,"[""Steel_Wheel"", ""Nivalis"", ""Xtreme"", ""Velorum"", ""Denom""]","[0.9835803508758545, 0.09003140032291412, 0.06298670172691345, 0.015508033335208893, 0.0018954575061798096]"
4,centroid,1,315,Steel_Wheel,Steel_Wheel,"[""Steel_Wheel"", ""Nivalis"", ""Velorum"", ""Xtreme"", ""Denom""]","[0.9606052041053772, 0.2287914752960205, 0.22602345049381256, 0.10396843403577805, 0.06038928031921387]"
4,centroid,1,316,Steel_Wheel,Steel_Wheel,"[""Steel_Wheel"", ""Nivalis"", ""Velorum"", ""Xtreme"", ""Mytikas""]","[0.9343286752700806, 0.20394040644168854, 0.18966588377952576, 0.08711983263492584, 0.06126226484775543]"
4,centroid,1,317,Steel_Wheel,Steel_Wheel,"[""Steel_Wheel"", ""Nivalis"", ""Denom"", ""Ratikon"", ""Velorum""]","[0.948085606098175, 0.20459866523742676, 0.17718534171581268, 0.0951182022690773, 0.03918631374835968]"
4,centroid,1,318,Steel_Wheel,Steel_Wheel,"[""Steel_Wheel"", ""Nivalis"", ""Velorum"", ""Xtreme"", ""Denom""]","[0.9668705463409424, 0.23915426433086395, 0.18013083934783936, 0.1655386984348297, 0.10087904334068298]"
4,centroid,1,319,Steel_Wheel,Steel_Wheel,"[""Steel_Wheel"", ""Xtreme"", ""Nivalis"", ""Velorum"", ""Castor""]","[0.9652502536773682, 0.17871998250484467, 0.07113289088010788, 0.021668966859579086, 0.01128915511071682]"
4,centroid,1,320,Steel_Wheel,Steel_Wheel,"[""Steel_Wheel"", ""Xtreme"", ""Gemini"", ""Nivalis"", ""Denom""]","[0.9199992418289185, 0.25771135091781616, 0.19111120700836182, 0.10251876711845398, 0.008191507309675217]"
4,centroid,1,321,Steel_Wheel,Steel_Wheel,"[""Steel_Wheel"", ""Xtreme"", ""Nivalis"", ""Gemini"", ""Castor""]","[0.9623106718063354, 0.18550151586532593, 0.009859301149845123, -0.02505667880177498, -0.05981406569480896]"
4,centroid,1,322,Steel_Wheel,Steel_Wheel,"[""Steel_Wheel"", ""Trius"", ""Mytikas"", ""Alaris"", ""Alcatras""]","[0.8985531330108643, 0.16537106037139893, 0.15629446506500244, 0.12923556566238403, 0.11771117150783539]"
4,centroid,1,323,Steel_Wheel,Steel_Wheel,"[""Steel_Wheel"", ""Gemini"", ""Xtreme"", ""Nivalis"", ""Mytikas""]","[0.9101953506469727, 0.1310146152973175, 0.10977590084075928, -0.013332389295101166, -0.020310182124376297]"
4,centroid,1,324,Steel_Wheel,Steel_Wheel,"[""Steel_Wheel"", ""Nivalis"", ""Denom"", ""Xtreme"", ""Ratikon""]","[0.9791358709335327, 0.15659184753894806, 0.07960863411426544, 0.04828988015651703, 0.01617163047194481]"
4,centroid,1,325,Steel_Wheel,Steel_Wheel,"[""Steel_Wheel"", ""Xtreme"", ""Nivalis"", ""Denom"", ""Ilias""]","[0.955759584903717, 0.15661956369876862, 0.1350415199995041, 0.09835290908813477, 0.04955049604177475]"
4,centroid,1,326,Steel_Wheel,Steel_Wheel,"[""Steel_Wheel"", ""Velorum"", ""Nivalis"", ""Ilias"", ""Denom""]","[0.9483078718185425, 0.2637329399585724, 0.22358614206314087, 0.14947253465652466, 0.12799423933029175]"
4,centroid,1,327,Steel_Wheel,Steel_Wheel,"[""Steel_Wheel"", ""Nivalis"", ""Denom"", ""Ratikon"", ""Mytikas""]","[0.9094457626342773, 0.22719115018844604, 0.16948126256465912, 0.1506466567516327, 0.13459253311157227]"
4,centroid,1,328,Steel_Wheel,Steel_Wheel,"[""Steel_Wheel"", ""Xtreme"", ""Gemini"", ""Castor"", ""Mytikas""]","[0.9166855216026306, 0.20367637276649475, 0.07668235898017883, 0.04497445374727249, 0.03463444486260414]"
4,centroid,1,329,Steel_Wheel,Steel_Wheel,"[""Steel_Wheel"", ""Nivalis"", ""Xtreme"", ""Velorum"", ""Denom""]","[0.9816527962684631, 0.15539024770259857, 0.10701633244752884, 0.08862181752920151, 0.08538948744535446]"
4,centroid,1,330,Steel_Wheel,Steel_Wheel,"[""Steel_Wheel"", ""Nivalis"", ""Velorum"", ""Xtreme"", ""Denom""]","[0.9780076742172241, 0.15328796207904816, 0.15185639262199402, 0.0929669663310051, 0.06439770013093948]"
4,centroid,1,331,Steel_Wheel,Steel_Wheel,"[""Steel_Wheel"", ""Velorum"", ""Castor"", ""Xtreme"", ""Mytikas""]","[0.9600183963775635, 0.031879305839538574, 0.013352923095226288, 0.0096255112439394, 0.002992633730173111]"
4,centroid,1,332,Steel_Wheel,Steel_Wheel,"[""Steel_Wheel"", ""Nivalis"", ""Xtreme"", ""Velorum"", ""Mytikas""]","[0.963555097579956, 0.1338597983121872, 0.11985041946172714, 0.06710527837276459, 0.031147275120019913]"
4,centroid,1,333,Steel_Wheel,Steel_Wheel,"[""Steel_Wheel"", ""Xtreme"", ""Gemini"", ""Nivalis"", ""Hawk""]","[0.9085137844085693, 0.20923787355422974, 0.10630287230014801, 0.08372688293457031, 0.028552774339914322]"
4,centroid,1,334,Steel_Wheel,Steel_Wheel,"[""Steel_Wheel"", ""Nivalis"", ""Mytikas"", ""Velorum"", ""Xtreme""]","[0.9293050169944763, 0.1791115701198578, 0.14791616797447205, 0.11503367871046066, 0.10188757628202438]"
4,centroid,1,335,Steel_Wheel,Steel_Wheel,"[""Steel_Wheel"", ""Nivalis"", ""Xtreme"", ""Velorum"", ""Mytikas""]","[0.9556301832199097, 0.15940046310424805, 0.14700038731098175, 0.1361556351184845, 0.07607559114694595]"
4,centroid,1,336,Steel_Wheel,Steel_Wheel,"[""Steel_Wheel"", ""Velorum"", ""Nivalis"", ""Ilias"", ""Denom""]","[0.9763765335083008, 0.18902671337127686, 0.1765681505203247, 0.11904439330101013, 0.11490332335233688]"
4,centroid,1,337,Steel_Wheel,Steel_Wheel,"[""Steel_Wheel"", ""Nivalis"", ""Xtreme"", ""Denom"", ""Ratikon""]","[0.9693135023117065, 0.1890399307012558, 0.13412216305732727, 0.10074660927057266, 0.05156576633453369]"
4,centroid,1,338,Steel_Wheel,Steel_Wheel,"[""Steel_Wheel"", ""Nivalis"", ""Xtreme"", ""Denom"", ""Velorum""]","[0.9740060567855835, 0.16016104817390442, 0.10005876421928406, 0.0833749771118164, 0.07883035391569138]"
4,centroid,1,339,Steel_Wheel,Steel_Wheel,"[""Steel_Wheel"", ""Nivalis"", ""Xtreme"", ""Velorum"", ""Denom""]","[0.9477159380912781, 0.22870682179927826, 0.14662359654903412, 0.12241458147764206, 0.08828788250684738]"
4,centroid,1,340,Steel_Wheel,Steel_Wheel,"[""Steel_Wheel"", ""Xtreme"", ""Nivalis"", ""Gemini"", ""Denom""]","[0.9272567629814148, 0.167395681142807, 0.11109849810600281, 0.05067647248506546, 0.028303680941462517]"
4,centroid,1,341,Steel_Wheel,Steel_Wheel,"[""Steel_Wheel"", ""Nivalis"", ""Velorum"", ""Xtreme"", ""Denom""]","[0.9548612236976624, 0.2593346834182739, 0.21028725802898407, 0.1789868026971817, 0.16095422208309174]"
4,centroid,1,342,Steel_Wheel,Steel_Wheel,"[""Steel_Wheel"", ""Mytikas"", ""Nivalis"", ""Xtreme"", ""Velorum""]","[0.9200769662857056, 0.17415699362754822, 0.16555288434028625, 0.09395164251327515, 0.09064791351556778]"
4,centroid,1,343,Steel_Wheel,Steel_Wheel,"[""Steel_Wheel"", ""Velorum"", ""Nivalis"", ""Xtreme"", ""Denom""]","[0.967552661895752, 0.16794797778129578, 0.12568415701389313, 0.11341992020606995, 0.015469789505004883]"
4,centroid,1,344,Steel_Wheel,Steel_Wheel,"[""Steel_Wheel"", ""Nivalis"", ""Denom"", ""Velorum"", ""Xtreme""]","[0.94822758436203, 0.1539512574672699, 0.12271688878536224, 0.09719471633434296, 0.09491486847400665]"
4,centroid,1,345,Steel_Wheel,Steel_Wheel,"[""Steel_Wheel"", ""Nivalis"", ""Xtreme"", ""Denom"", ""Gemini""]","[0.9066582918167114, 0.2149747908115387, 0.17954520881175995, 0.10918505489826202, 0.061276327818632126]"
4,centroid,1,346,Steel_Wheel,Steel_Wheel,"[""Steel_Wheel"", ""Xtreme"", ""Nivalis"", ""Gemini"", ""Hawk""]","[0.9442421793937683, 0.19411183893680573, 0.006253132596611977, -0.0002643931657075882, -0.04433472454547882]"
4,centroid,1,347,Steel_Wheel,Steel_Wheel,"[""Steel_Wheel"", ""Nivalis"", ""Xtreme"", ""Velorum"", ""Alcatras""]","[0.9788954854011536, 0.09790565073490143, 0.09233871102333069, 0.027068478986620903, 0.00017721205949783325]"
4,centroid,1,348,Steel_Wheel,Steel_Wheel,"[""Steel_Wheel"", ""Xtreme"", ""Nivalis"", ""Gemini"", ""Velorum""]","[0.9710409641265869, 0.09027902781963348, 0.029013171792030334, 0.017121240496635437, -0.045618727803230286]"
4,centroid,1,349,Triton,Triton,"[""Triton"", ""Trius"", ""Mytikas"", ""Ilias"", ""Braga""]","[0.8276312947273254, 0.7745850086212158, 0.6130249500274658, 0.3778471350669861, 0.29119637608528137]"
4,centroid,1,350,Triton,Triton,"[""Triton"", ""Mytikas"", ""Trius"", ""Castor"", ""Braga""]","[0.7873854637145996, 0.48292315006256104, 0.36286115646362305, 0.33817264437675476, 0.25995564460754395]"
4,centroid,1,351,Triton,Triton,"[""Triton"", ""Trius"", ""Mytikas"", ""Velorum"", ""Ilias""]","[0.7701237201690674, 0.6375865936279297, 0.45683741569519043, 0.4295215904712677, 0.41813838481903076]"
4,centroid,1,352,Triton,Triton,"[""Triton"", ""Trius"", ""Mytikas"", ""Braga"", ""Castor""]","[0.831142246723175, 0.7744655609130859, 0.5459822416305542, 0.5424433350563049, 0.5152875185012817]"
4,centroid,1,353,Triton,Triton,"[""Triton"", ""Trius"", ""Alcatras"", ""Mytikas"", ""Castor""]","[0.7997193932533264, 0.6418739557266235, 0.5268749594688416, 0.47885674238204956, 0.4584404528141022]"
4,centroid,1,354,Triton,Mytikas,"[""Mytikas"", ""Triton"", ""Castor"", ""Alcatras"", ""Braga""]","[0.82745361328125, 0.811566948890686, 0.7677929401397705, 0.6242491006851196, 0.5770197510719299]"
4,centroid,1,355,Triton,Triton,"[""Triton"", ""Mytikas"", ""Trius"", ""Castor"", ""Ilias""]","[0.8362486958503723, 0.6802145838737488, 0.5198855400085449, 0.4186795949935913, 0.2204509675502777]"
4,centroid,1,356,Triton,Triton,"[""Triton"", ""Trius"", ""Mytikas"", ""Castor"", ""Velorum""]","[0.8575515747070312, 0.6513656377792358, 0.5632729530334473, 0.4967108368873596, 0.36419984698295593]"
4,centroid,1,357,Triton,Triton,"[""Triton"", ""Trius"", ""Castor"", ""Alcatras"", ""Mytikas""]","[0.8880302906036377, 0.7870310544967651, 0.6696056127548218, 0.6280039548873901, 0.6055591106414795]"
4,centroid,1,358,Triton,Triton,"[""Triton"", ""Castor"", ""Alcatras"", ""Trius"", ""Mytikas""]","[0.8134310245513916, 0.6776529550552368, 0.6012877225875854, 0.5941616296768188, 0.5886072516441345]"
4,centroid,1,359,Triton,Triton,"[""Triton"", ""Mytikas"", ""Castor"", ""Trius"", ""Turbine""]","[0.8674136400222778, 0.630242109298706, 0.5618733763694763, 0.5344895720481873, 0.3388252258300781]"
4,centroid,1,360,Triton,Triton,"[""Triton"", ""Mytikas"", ""Trius"", ""Castor"", ""Alcatras""]","[0.9408652782440186, 0.7526208162307739, 0.6464142799377441, 0.5244547128677368, 0.3552834987640381]"
4,centroid,1,361,Triton,Triton,"[""Triton"", ""Mytikas"", ""Castor"", ""Turbine"", ""Braga""]","[0.6368619203567505, 0.3816675841808319, 0.28545713424682617, 0.23909448087215424, 0.20679599046707153]"
4,centroid,1,362,Triton,Triton,"[""Triton"", ""Trius"", ""Mytikas"", ""Ilias"", ""Braga""]","[0.8466022610664368, 0.770500659942627, 0.7074459791183472, 0.3480576276779175, 0.3383787274360657]"
4,centroid,1,363,Triton,Triton,"[""Triton"", ""Mytikas"", ""Trius"", ""Castor"", ""Alcatras""]","[0.8940062522888184, 0.7879278659820557, 0.7765815258026123, 0.638025164604187, 0.49607518315315247]"
4,centroid,1,364,Triton,Triton,"[""Triton"", ""Castor"", ""Trius"", ""Mytikas"", ""Alcatras""]","[0.7948987483978271, 0.765947163105011, 0.5835686922073364, 0.5111293196678162, 0.4032071530818939]"
4,centroid,1,365,Triton,Alaris,"[""Alaris"", ""Braga"", ""Alcatras"", ""Trius"", ""Gemini""]","[0.64006507396698, 0.5794689655303955, 0.5494685173034668, 0.5026506781578064, 0.4730481803417206]"
4,centroid,1,366,Triton,Triton,"[""Triton"", ""Mytikas"", ""Castor"", ""Trius"", ""Alcatras""]","[0.9132018089294434, 0.6869587302207947, 0.6781688928604126, 0.5415475368499756, 0.42159050703048706]"
4,centroid,1,367,Triton,Alaris,"[""Alaris"", ""Alcatras"", ""Mytikas"", ""Trius"", ""Triton""]","[0.5970022678375244, 0.5181832313537598, 0.515796422958374, 0.45132872462272644, 0.4075522720813751]"
4,centroid,1,368,Triton,Triton,"[""Triton"", ""Ilias"", ""Mytikas"", ""Trius"", ""Castor""]","[0.710811197757721, 0.479594886302948, 0.47238436341285706, 0.40274834632873535, 0.30613505840301514]"
4,centroid,1,369,Triton,Triton,"[""Triton"", ""Mytikas"", ""Castor"", ""Trius"", ""Braga""]","[0.7845052480697632, 0.6539710760116577, 0.4522618055343628, 0.39972633123397827, 0.3358030319213867]"
4,centroid,1,370,Triton,Ratikon,"[""Ratikon"", ""Ilias"", ""Trius"", ""Denom"", ""Mytikas""]","[0.538581907749176, 0.5112723708152771, 0.5055147409439087, 0.45193344354629517, 0.3254687488079071]"
4,centroid,1,371,Triton,Castor,"[""Castor"", ""Triton"", ""Mytikas"", ""Turbine"", ""Braga""]","[0.8119344115257263, 0.7653268575668335, 0.6800707578659058, 0.49900752305984497, 0.4256596863269806]"
4,centroid,1,372,Triton,Triton,"[""Triton"", ""Mytikas"", ""Castor"", ""Alcatras"", ""Trius""]","[0.7747856378555298, 0.6822127103805542, 0.649203896522522, 0.5990437269210815, 0.5296363830566406]"
4,centroid,1,373,Triton,Triton,"[""Triton"", ""Trius"", ""Castor"", ""Mytikas"", ""Alcatras""]","[0.8721998929977417, 0.7135578393936157, 0.6388334035873413, 0.5124878883361816, 0.5104948282241821]"
4,centroid,1,374,Triton,Triton,"[""Triton"", ""Trius"", ""Mytikas"", ""Castor"", ""Alcatras""]","[0.8735615015029907, 0.7614532709121704, 0.7396854758262634, 0.6935839653015137, 0.6121994256973267]"
4,centroid,1,375,Triton,Triton,"[""Triton"", ""Mytikas"", ""Castor"", ""Trius"", ""Ilias""]","[0.8468917608261108, 0.5475093722343445, 0.4905843138694763, 0.48168209195137024, 0.25536447763442993]"
4,centroid,1,376,Triton,Triton,"[""Triton"", ""Trius"", ""Castor"", ""Braga"", ""Mytikas""]","[0.7514545321464539, 0.6420419812202454, 0.44238656759262085, 0.4404224753379822, 0.3373115062713623]"
4,centroid,1,377,Triton,Triton,"[""Triton"", ""Mytikas"", ""Trius"", ""Braga"", ""Castor""]","[0.8203770518302917, 0.688591718673706, 0.570236325263977, 0.39189863204956055, 0.369506299495697]"
4,centroid,1,378,Triton,Triton,"[""Triton"", ""Trius"", ""Castor"", ""Mytikas"", ""Braga""]","[0.8622347116470337, 0.7191877961158752, 0.47871559858322144, 0.46506157517433167, 0.3775692582130432]"
4,centroid,1,379,Triton,Trius,"[""Trius"", ""Alaris"", ""Mytikas"", ""Alcatras"", ""Triton""]","[0.6707273721694946, 0.6453676223754883, 0.5514373779296875, 0.5101330876350403, 0.4216325283050537]"
4,centroid,1,380,Triton,Triton,"[""Triton"", ""Mytikas"", ""Castor"", ""Trius"", ""Braga""]","[0.8820098638534546, 0.631029486656189, 0.5961818099021912, 0.5514312386512756, 0.4204803705215454]"
4,centroid,1,381,Triton,Castor,"[""Castor"", ""Mytikas"", ""Triton"", ""Alcatras"", ""Turbine""]","[0.7837249040603638, 0.7568573951721191, 0.6734483242034912, 0.6213886141777039, 0.46014589071273804]"
4,centroid,1,382,Triton,Triton,"[""Triton"", ""Castor"", ""Trius"", ""Alcatras"", ""Mytikas""]","[0.8734445571899414, 0.7805335521697998, 0.6352128982543945, 0.6016674041748047, 0.5958670377731323]"
4,centroid,1,383,Triton,Alcatras,"[""Alcatras"", ""Triton"", ""Alaris"", ""Trius"", ""Velorum""]","[0.7115435600280762, 0.5843647718429565, 0.5621208548545837, 0.4962162375450134, 0.47110164165496826]"
4,centroid,1,384,Triton,Triton,"[""Triton"", ""Trius"", ""Mytikas"", ""Castor"", ""Alcatras""]","[0.8668549656867981, 0.7287535667419434, 0.6533671617507935, 0.4949689209461212, 0.48989278078079224]"
4,centroid,1,385,Triton,Triton,"[""Triton"", ""Mytikas"", ""Trius"", ""Castor"", ""Turbine""]","[0.8188878297805786, 0.723675549030304, 0.6092954874038696, 0.5957669019699097, 0.4947669506072998]"
4,centroid,1,386,Triton,Triton,"[""Triton"", ""Mytikas"", ""Trius"", ""Braga"", ""Castor""]","[0.6971874833106995, 0.5398259162902832, 0.4623275399208069, 0.40987464785575867, 0.24691861867904663]"
4,centroid,1,387,Triton,Triton,"[""Triton"", ""Trius"", ""Mytikas"", ""Castor"", ""Braga""]","[0.9086658358573914, 0.6520209312438965, 0.5897139310836792, 0.5035423040390015, 0.40829625725746155]"
4,centroid,1,388,Triton,Trius,"[""Trius"", ""Vega"", ""Gemini"", ""Mytikas"", ""Triton""]","[0.6312265396118164, 0.42419591546058655, 0.39748695492744446, 0.37734198570251465, 0.3434292674064636]"
4,centroid,1,389,Triton,Triton,"[""Triton"", ""Alcatras"", ""Trius"", ""Castor"", ""Mytikas""]","[0.8522686958312988, 0.7315948605537415, 0.6969525814056396, 0.6281837224960327, 0.6220225095748901]"
4,centroid,1,390,Triton,Triton,"[""Triton"", ""Trius"", ""Mytikas"", ""Castor"", ""Braga""]","[0.8944158554077148, 0.6741740703582764, 0.5488753318786621, 0.4594019055366516, 0.30664288997650146]"
4,centroid,1,391,Triton,Triton,"[""Triton"", ""Mytikas"", ""Trius"", ""Castor"", ""Alcatras""]","[0.848448634147644, 0.7885739207267761, 0.667754054069519, 0.6376099586486816, 0.5576562881469727]"
4,centroid,1,392,Triton,Triton,"[""Triton"", ""Mytikas"", ""Trius"", ""Castor"", ""Alcatras""]","[0.8532971143722534, 0.7310410141944885, 0.6147053837776184, 0.597761869430542, 0.530143141746521]"
4,centroid,1,393,Triton,Triton,"[""Triton"", ""Mytikas"", ""Trius"", ""Alcatras"", ""Castor""]","[0.8299171924591064, 0.7396581172943115, 0.6569749116897583, 0.4849085211753845, 0.4015999436378479]"
4,centroid,1,394,Triton,Triton,"[""Triton"", ""Castor"", ""Mytikas"", ""Trius"", ""Velorum""]","[0.8312793374061584, 0.570159912109375, 0.5280951261520386, 0.4250599145889282, 0.26374587416648865]"
4,centroid,1,395,Triton,Triton,"[""Triton"", ""Trius"", ""Mytikas"", ""Castor"", ""Braga""]","[0.7791109681129456, 0.5297210216522217, 0.5089491009712219, 0.2936179041862488, 0.24590520560741425]"
4,centroid,1,396,Triton,Triton,"[""Triton"", ""Mytikas"", ""Castor"", ""Trius"", ""Velorum""]","[0.9008415341377258, 0.700639545917511, 0.588665783405304, 0.5856510400772095, 0.42754659056663513]"
4,centroid,1,397,Triton,Mytikas,"[""Mytikas"", ""Triton"", ""Trius"", ""Castor"", ""Alcatras""]","[0.7235225439071655, 0.7121928930282593, 0.46972429752349854, 0.2831401228904724, 0.22642755508422852]"
4,centroid,1,398,Triton,Mytikas,"[""Mytikas"", ""Alcatras"", ""Triton"", ""Alaris"", ""Trius""]","[0.6356228590011597, 0.6203561425209045, 0.5609773397445679, 0.5551145076751709, 0.5382548570632935]"
4,centroid,1,399,Triton,Triton,"[""Triton"", ""Mytikas"", ""Castor"", ""Trius"", ""Braga""]","[0.9245524406433105, 0.7696282267570496, 0.5947837233543396, 0.5012181997299194, 0.37593746185302734]"
4,centroid,1,400,Triton,Triton,"[""Triton"", ""Mytikas"", ""Trius"", ""Turbine"", ""Castor""]","[0.7906686067581177, 0.5980242490768433, 0.5857212543487549, 0.5058361291885376, 0.49172526597976685]"
4,centroid,1,401,Triton,Triton,"[""Triton"", ""Mytikas"", ""Castor"", ""Trius"", ""Turbine""]","[0.6973464488983154, 0.43567872047424316, 0.41038158535957336, 0.35450389981269836, 0.3145606517791748]"
4,centroid,1,402,Trius,Triton,"[""Triton"", ""Trius"", ""Mytikas"", ""Velorum"", ""Ilias""]","[0.7468050122261047, 0.6143919825553894, 0.5685402750968933, 0.4444745182991028, 0.39169245958328247]"
4,centroid,1,403,Trius,Gemini,"[""Gemini"", ""Trius"", ""Braga"", ""Mytikas"", ""Triton""]","[0.7083595991134644, 0.6599748134613037, 0.5181562900543213, 0.4840453863143921, 0.4225791096687317]"
4,centroid,1,404,Trius,Trius,"[""Trius"", ""Triton"", ""Mytikas"", ""Braga"", ""Alcatras""]","[0.7763780951499939, 0.7495828866958618, 0.6840701103210449, 0.6684161424636841, 0.6594542264938354]"
4,centroid,1,405,Trius,Triton,"[""Triton"", ""Trius"", ""Mytikas"", ""Alcatras"", ""Castor""]","[0.8906711339950562, 0.7754578590393066, 0.7637611627578735, 0.6420111656188965, 0.6136461496353149]"
4,centroid,1,406,Trius,Trius,"[""Trius"", ""Alcatras"", ""Triton"", ""Alaris"", ""Braga""]","[0.6817267537117004, 0.6226488947868347, 0.5457125902175903, 0.5193932056427002, 0.4642338752746582]"
4,centroid,1,407,Trius,Trius,"[""Trius"", ""Gemini"", ""Mytikas"", ""Triton"", ""Nivalis""]","[0.6189271211624146, 0.5287227034568787, 0.47063371539115906, 0.3817615509033203, 0.2915782928466797]"
4,centroid,1,408,Trius,Trius,"[""Trius"", ""Mytikas"", ""Triton"", ""Braga"", ""Alaris""]","[0.8087958097457886, 0.5793343782424927, 0.4947658181190491, 0.4012027680873871, 0.38248884677886963]"
4,centroid,1,409,Trius,Trius,"[""Trius"", ""Alaris"", ""Alcatras"", ""Mytikas"", ""Velorum""]","[0.8128707408905029, 0.6798544526100159, 0.5818564295768738, 0.38343894481658936, 0.38210949301719666]"
4,centroid,1,410,Trius,Trius,"[""Trius"", ""Triton"", ""Ilias"", ""Mytikas"", ""Velorum""]","[0.7855969667434692, 0.6285700798034668, 0.5805816054344177, 0.4461253881454468, 0.43319615721702576]"
4,centroid,1,411,Trius,Trius,"[""Trius"", ""Braga"", ""Alcatras"", ""Alaris"", ""Triton""]","[0.733202338218689, 0.7088133692741394, 0.622576117515564, 0.5875049829483032, 0.5465511679649353]"
4,centroid,1,412,Trius,Trius,"[""Trius"", ""Triton"", ""Mytikas"", ""Gemini"", ""Braga""]","[0.7032226920127869, 0.6585052013397217, 0.5947447419166565, 0.44732630252838135, 0.443680077791214]"
4,centroid,1,413,Trius,Mytikas,"[""Mytikas"", ""Trius"", ""Vega"", ""Triton"", ""Turbine""]","[0.720806360244751, 0.6737444996833801, 0.5258338451385498, 0.4875600337982178, 0.3808039426803589]"
4,centroid,1,414,Trius,Trius,"[""Trius"", ""Triton"", ""Mytikas"", ""Castor"", ""Braga""]","[0.6915347576141357, 0.49804413318634033, 0.4370168447494507, 0.36465850472450256, 0.3157249391078949]"
4,centroid,1,415,Trius,Trius,"[""Trius"", ""Triton"", ""Braga"", ""Alaris"", ""Alcatras""]","[0.8783040642738342, 0.6297421455383301, 0.6178734302520752, 0.5723949074745178, 0.5621849298477173]"
4,centroid,1,416,Trius,Braga,"[""Braga"", ""Trius"", ""Alcatras"", ""Triton"", ""Alaris""]","[0.7773786783218384, 0.7708439826965332, 0.6935065984725952, 0.6735187768936157, 0.6734551191329956]"
4,centroid,1,417,Trius,Trius,"[""Trius"", ""Mytikas"", ""Triton"", ""Castor"", ""Alaris""]","[0.8009955883026123, 0.6328763961791992, 0.5788923501968384, 0.46409404277801514, 0.4590366780757904]"
4,centroid,1,418,Trius,Trius,"[""Trius"", ""Alaris"", ""Triton"", ""Braga"", ""Alcatras""]","[0.828381359577179, 0.53544020652771, 0.5281276702880859, 0.4828531742095947, 0.4645191431045532]"
4,centroid,1,419,Trius,Trius,"[""Trius"", ""Triton"", ""Mytikas"", ""Vega"", ""Gemini""]","[0.8026843070983887, 0.5443717241287231, 0.48389726877212524, 0.4404746890068054, 0.32250505685806274]"
4,centroid,1,420,Trius,Trius,"[""Trius"", ""Triton"", ""Velorum"", ""Mytikas"", ""Alaris""]","[0.8374735116958618, 0.4451223611831665, 0.43800199031829834, 0.3880058825016022, 0.3630368113517761]"
4,centroid,1,421,Trius,Trius,"[""Trius"", ""Alaris"", ""Triton"", ""Braga"", ""Alcatras""]","[0.905315637588501, 0.631683349609375, 0.6204491853713989, 0.5455008745193481, 0.5275121927261353]"
4,centroid,1,422,Trius,Trius,"[""Trius"", ""Triton"", ""Alcatras"", ""Alaris"", ""Braga""]","[0.8285504579544067, 0.6879047155380249, 0.5926893949508667, 0.5872740149497986, 0.5343222618103027]"
4,centroid,1,423,Trius,Trius,"[""Trius"", ""Triton"", ""Mytikas"", ""Ilias"", ""Velorum""]","[0.7969480156898499, 0.727760374546051, 0.49732834100723267, 0.427102267742157, 0.3921063244342804]"
4,centroid,1,424,Trius,Trius,"[""Trius"", ""Mytikas"", ""Alaris"", ""Triton"", ""Alcatras""]","[0.8346166610717773, 0.6689488887786865, 0.6489490270614624, 0.644567608833313, 0.5724436044692993]"
4,centroid,1,425,Trius,Trius,"[""Trius"", ""Braga"", ""Alaris"", ""Alcatras"", ""Triton""]","[0.8555926084518433, 0.6211610436439514, 0.5768312811851501, 0.5220482349395752, 0.48541903495788574]"
4,centroid,1,426,Trius,Mytikas,"[""Mytikas"", ""Triton"", ""Trius"", ""Castor"", ""Gemini""]","[0.7722960114479065, 0.6433913707733154, 0.551531970500946, 0.32693877816200256, 0.224459707736969]"
4,centroid,1,427,Trius,Triton,"[""Triton"", ""Trius"", ""Mytikas"", ""Castor"", ""Alcatras""]","[0.7915691137313843, 0.6279371976852417, 0.5593876242637634, 0.4300304055213928, 0.37407147884368896]"
4,centroid,1,428,Trius,Trius,"[""Trius"", ""Triton"", ""Braga"", ""Alcatras"", ""Alaris""]","[0.9510655403137207, 0.743873119354248, 0.5209980010986328, 0.5159132480621338, 0.490497350692749]"
4,centroid,1,429,Trius,Trius,"[""Trius"", ""Gemini"", ""Vega"", ""Mytikas"", ""Triton""]","[0.6827336549758911, 0.4914979338645935, 0.43699735403060913, 0.4344053864479065, 0.3697814345359802]"
4,centroid,1,430,Trius,Gemini,"[""Gemini"", ""Vega"", ""Braga"", ""Trius"", ""Hawk""]","[0.48411035537719727, 0.4776870608329773, 0.4302757978439331, 0.40190696716308594, 0.23691090941429138]"
4,centroid,1,431,Trius,Trius,"[""Trius"", ""Triton"", ""Braga"", ""Mytikas"", ""Velorum""]","[0.8736436367034912, 0.7124688029289246, 0.5229613780975342, 0.47399187088012695, 0.33357882499694824]"
4,centroid,1,432,Trius,Trius,"[""Trius"", ""Triton"", ""Alcatras"", ""Alaris"", ""Mytikas""]","[0.853762686252594, 0.6794881224632263, 0.5212726593017578, 0.4999847710132599, 0.4711831510066986]"
4,centroid,1,433,Trius,Braga,"[""Braga"", ""Mytikas"", ""Trius"", ""Alcatras"", ""Alaris""]","[0.8064080476760864, 0.6021862030029297, 0.5919488072395325, 0.5910100936889648, 0.5362011194229126]"
4,centroid,1,434,Trius,Gemini,"[""Gemini"", ""Braga"", ""Trius"", ""Vega"", ""Mytikas""]","[0.7037855386734009, 0.5505800843238831, 0.5433140993118286, 0.4913761019706726, 0.40229707956314087]"
4,centroid,1,435,Trius,Trius,"[""Trius"", ""Alaris"", ""Triton"", ""Braga"", ""Alcatras""]","[0.895714282989502, 0.6460347175598145, 0.582969069480896, 0.565747857093811, 0.55518639087677]"
4,centroid,1,436,Trius,Triton,"[""Triton"", ""Trius"", ""Mytikas"", ""Velorum"", ""Castor""]","[0.7628605365753174, 0.7599523067474365, 0.5181106328964233, 0.5007994174957275, 0.38829052448272705]"
4,centroid,1,437,Trius,Trius,"[""Trius"", ""Braga"", ""Triton"", ""Gemini"", ""Alaris""]","[0.7184512615203857, 0.5852223038673401, 0.5214440226554871, 0.38540488481521606, 0.3502160906791687]"
4,centroid,1,438,Trius,Trius,"[""Trius"", ""Triton"", ""Alcatras"", ""Alaris"", ""Braga""]","[0.8739678859710693, 0.7291148900985718, 0.6604635715484619, 0.6252784729003906, 0.6015554666519165]"
4,centroid,1,439,Trius,Triton,"[""Triton"", ""Trius"", ""Castor"", ""Alcatras"", ""Velorum""]","[0.714086651802063, 0.7008682489395142, 0.4562374949455261, 0.38699349761009216, 0.29299718141555786]"
4,centroid,1,440,Trius,Trius,"[""Trius"", ""Alaris"", ""Alcatras"", ""Triton"", ""Mytikas""]","[0.80519038438797, 0.746814489364624, 0.7080192565917969, 0.5694854855537415, 0.5170221924781799]"
4,centroid,1,441,Trius,Trius,"[""Trius"", ""Triton"", ""Mytikas"", ""Braga"", ""Castor""]","[0.8265708684921265, 0.809066891670227, 0.7061521410942078, 0.40474557876586914, 0.36501607298851013]"
4,centroid,1,442,Turbine,Turbine,"[""Turbine"", ""Hawk"", ""Braga"", ""Vega"", ""Castor""]","[0.8730458617210388, 0.5369450449943542, 0.5298199653625488, 0.3784639239311218, 0.2834378182888031]"
4,centroid,1,443,Turbine,Turbine,"[""Turbine"", ""Alaris"", ""Hawk"", ""Alcatras"", ""Mytikas""]","[0.806556224822998, 0.5382677912712097, 0.5330504179000854, 0.4962403178215027, 0.49341917037963867]"
4,centroid,1,444,Turbine,Turbine,"[""Turbine"", ""Braga"", ""Alaris"", ""Hawk"", ""Vega""]","[0.8958967924118042, 0.5081237554550171, 0.5048551559448242, 0.48504316806793213, 0.4602205157279968]"
4,centroid,1,445,Turbine,Turbine,"[""Turbine"", ""Hawk"", ""Braga"", ""Castor"", ""Alaris""]","[0.8757780194282532, 0.608404278755188, 0.5488315224647522, 0.48176175355911255, 0.4310908615589142]"
4,centroid,1,446,Turbine,Alcatras,"[""Alcatras"", ""Alaris"", ""Turbine"", ""Castor"", ""Hawk""]","[0.7121017575263977, 0.6798550486564636, 0.6713269948959351, 0.5605265498161316, 0.46528106927871704]"
4,centroid,1,447,Turbine,Turbine,"[""Turbine"", ""Alaris"", ""Castor"", ""Alcatras"", ""Hawk""]","[0.8804618120193481, 0.5050531625747681, 0.4763055145740509, 0.4447168707847595, 0.39939093589782715]"
4,centroid,1,448,Turbine,Turbine,"[""Turbine"", ""Braga"", ""Castor"", ""Hawk"", ""Mytikas""]","[0.945293664932251, 0.5608345866203308, 0.5061222314834595, 0.4887774884700775, 0.3861563205718994]"
4,centroid,1,449,Turbine,Turbine,"[""Turbine"", ""Hawk"", ""Braga"", ""Vega"", ""Alaris""]","[0.7655484080314636, 0.7098689675331116, 0.6594470739364624, 0.6214199662208557, 0.4374653398990631]"
4,centroid,1,450,Turbine,Turbine,"[""Turbine"", ""Castor"", ""Braga"", ""Alcatras"", ""Mytikas""]","[0.8469911217689514, 0.7524571418762207, 0.57086580991745, 0.4954420328140259, 0.39977896213531494]"
4,centroid,1,451,Turbine,Castor,"[""Castor"", ""Turbine"", ""Triton"", ""Mytikas"", ""Trius""]","[0.8579953908920288, 0.5618481636047363, 0.5546402335166931, 0.4292756915092468, 0.3652186393737793]"
4,centroid,1,452,Turbine,Turbine,"[""Turbine"", ""Hawk"", ""Alaris"", ""Braga"", ""Vega""]","[0.750895619392395, 0.5921711921691895, 0.5915288329124451, 0.5465688705444336, 0.5464321970939636]"
4,centroid,1,453,Turbine,Turbine,"[""Turbine"", ""Hawk"", ""Mytikas"", ""Vega"", ""Alaris""]","[0.627130925655365, 0.5467166900634766, 0.45869898796081543, 0.4338492453098297, 0.37789013981819153]"
4,centroid,1,454,Turbine,Castor,"[""Castor"", ""Turbine"", ""Alcatras"", ""Triton"", ""Trius""]","[0.8478376269340515, 0.6065845489501953, 0.5564727783203125, 0.5373457670211792, 0.4773416817188263]"
4,centroid,1,455,Turbine,Turbine,"[""Turbine"", ""Castor"", ""Braga"", ""Alcatras"", ""Alaris""]","[0.7127129435539246, 0.6638016700744629, 0.557354748249054, 0.3901177644729614, 0.3430827856063843]"
4,centroid,1,456,Turbine,Turbine,"[""Turbine"", ""Alaris"", ""Castor"", ""Alcatras"", ""Vega""]","[0.8963313698768616, 0.5496770143508911, 0.543369472026825, 0.5157991647720337, 0.47094786167144775]"
4,centroid,1,457,Turbine,Turbine,"[""Turbine"", ""Hawk"", ""Braga"", ""Mytikas"", ""Vega""]","[0.8876115083694458, 0.5186562538146973, 0.4129328727722168, 0.41251054406166077, 0.3955000936985016]"
4,centroid,1,458,Turbine,Turbine,"[""Turbine"", ""Braga"", ""Castor"", ""Mytikas"", ""Hawk""]","[0.9389503002166748, 0.6046494245529175, 0.5410842895507812, 0.39036500453948975, 0.38733071088790894]"
4,centroid,1,459,Turbine,Turbine,"[""Turbine"", ""Alcatras"", ""Alaris"", ""Castor"", ""Hawk""]","[0.7857984900474548, 0.6301265358924866, 0.6202335357666016, 0.5804437398910522, 0.4380938410758972]"
4,centroid,1,460,Turbine,Turbine,"[""Turbine"", ""Hawk"", ""Braga"", ""Alaris"", ""Vega""]","[0.9091529250144958, 0.5476373434066772, 0.5395732522010803, 0.4462192952632904, 0.4292164444923401]"
4,centroid,1,461,Turbine,Turbine,"[""Turbine"", ""Castor"", ""Mytikas"", ""Alcatras"", ""Triton""]","[0.8488289713859558, 0.6450106501579285, 0.4096048176288605, 0.40361058712005615, 0.28372204303741455]"
4,centroid,1,462,Turbine,Turbine,"[""Turbine"", ""Braga"", ""Hawk"", ""Vega"", ""Castor""]","[0.8873660564422607, 0.5535703301429749, 0.4293619692325592, 0.3863791525363922, 0.28595539927482605]"
4,centroid,1,463,Turbine,Turbine,"[""Turbine"", ""Braga"", ""Castor"", ""Hawk"", ""Vega""]","[0.8326423168182373, 0.7022864818572998, 0.5190083980560303, 0.3705441355705261, 0.31635582447052]"
4,centroid,1,464,Turbine,Turbine,"[""Turbine"", ""Alaris"", ""Hawk"", ""Alcatras"", ""Braga""]","[0.7849812507629395, 0.5687404274940491, 0.5354993343353271, 0.48996207118034363, 0.47293540835380554]"
4,centroid,1,465,Turbine,Castor,"[""Castor"", ""Turbine"", ""Alcatras"", ""Alaris"", ""Triton""]","[0.8337634801864624, 0.7416345477104187, 0.6272510290145874, 0.5110472440719604, 0.48779261112213135]"
4,centroid,1,466,Turbine,Alaris,"[""Alaris"", ""Turbine"", ""Alcatras"", ""Vega"", ""Trius""]","[0.6710622310638428, 0.579035758972168, 0.5777312517166138, 0.5516748428344727, 0.5240725874900818]"
4,centroid,1,467,Turbine,Turbine,"[""Turbine"", ""Braga"", ""Castor"", ""Hawk"", ""Vega""]","[0.9143645167350769, 0.5752700567245483, 0.455291211605072, 0.4184059202671051, 0.22355693578720093]"
4,centroid,1,468,Turbine,Turbine,"[""Turbine"", ""Castor"", ""Alaris"", ""Mytikas"", ""Alcatras""]","[0.8816055059432983, 0.5002448558807373, 0.4926435053348541, 0.452787309885025, 0.4426911473274231]"
4,centroid,1,469,Vega,Vega,"[""Vega"", ""Hawk"", ""Turbine"", ""Mytikas"", ""Braga""]","[0.7231197953224182, 0.6332636475563049, 0.560833215713501, 0.49795717000961304, 0.473657488822937]"
4,centroid,1,470,Vega,Vega,"[""Vega"", ""Alaris"", ""Trius"", ""Braga"", ""Gemini""]","[0.7825475335121155, 0.5520055294036865, 0.5350327491760254, 0.4430288076400757, 0.37700819969177246]"
4,centroid,1,471,Vega,Vega,"[""Vega"", ""Hawk"", ""Alaris"", ""Braga"", ""Turbine""]","[0.9091778993606567, 0.545549750328064, 0.5282803773880005, 0.503943145275116, 0.4921456575393677]"
4,centroid,1,472,Vega,Vega,"[""Vega"", ""Gemini"", ""Braga"", ""Alaris"", ""Hawk""]","[0.8831498622894287, 0.4492846429347992, 0.3201972246170044, 0.3098304867744446, 0.28087174892425537]"
4,centroid,1,473,Vega,Vega,"[""Vega"", ""Braga"", ""Turbine"", ""Hawk"", ""Alaris""]","[0.9121934771537781, 0.4949986934661865, 0.4391004741191864, 0.4289719760417938, 0.4144655764102936]"
4,centroid,1,474,Vega,Vega,"[""Vega"", ""Alaris"", ""Hawk"", ""Turbine"", ""Braga""]","[0.9087899327278137, 0.4918671250343323, 0.47587233781814575, 0.4616647958755493, 0.3953705430030823]"
4,centroid,1,475,Vega,Vega,"[""Vega"", ""Turbine"", ""Alaris"", ""Hawk"", ""Braga""]","[0.8811317086219788, 0.5333415865898132, 0.376118928194046, 0.37007465958595276, 0.2440795600414276]"
4,centroid,1,476,Vega,Vega,"[""Vega"", ""Gemini"", ""Braga"", ""Hawk"", ""Alaris""]","[0.7480729818344116, 0.6849048733711243, 0.6192137002944946, 0.4180193543434143, 0.2503957152366638]"
4,centroid,1,477,Vega,Vega,"[""Vega"", ""Hawk"", ""Alaris"", ""Braga"", ""Turbine""]","[0.90399569272995, 0.44077473878860474, 0.40453773736953735, 0.39175885915756226, 0.33869481086730957]"
4,centroid,1,478,Vega,Vega,"[""Vega"", ""Turbine"", ""Hawk"", ""Gemini"", ""Braga""]","[0.8006052374839783, 0.4058171510696411, 0.38006672263145447, 0.29083889722824097, 0.21321171522140503]"
4,centroid,1,479,Vega,Vega,"[""Vega"", ""Hawk"", ""Braga"", ""Alaris"", ""Turbine""]","[0.9019464254379272, 0.6410548686981201, 0.6039943695068359, 0.5674186944961548, 0.4483829140663147]"
4,centroid,1,480,Vega,Vega,"[""Vega"", ""Hawk"", ""Gemini"", ""Turbine"", ""Braga""]","[0.9519402980804443, 0.4665108919143677, 0.42339324951171875, 0.2940816879272461, 0.267137348651886]"
4,centroid,1,481,Vega,Gemini,"[""Gemini"", ""Vega"", ""Hawk"", ""Xtreme"", ""Braga""]","[0.7176662683486938, 0.6382702589035034, 0.3982222080230713, 0.3872714042663574, 0.30711954832077026]"
4,centroid,1,482,Vega,Vega,"[""Vega"", ""Hawk"", ""Braga"", ""Alaris"", ""Gemini""]","[0.9557781219482422, 0.5321782827377319, 0.44342535734176636, 0.430066853761673, 0.4090157747268677]"
4,centroid,1,483,Vega,Vega,"[""Vega"", ""Gemini"", ""Braga"", ""Turbine"", ""Alaris""]","[0.9344921708106995, 0.4496316611766815, 0.3926273286342621, 0.33336490392684937, 0.28066208958625793]"
4,centroid,1,484,Vega,Vega,"[""Vega"", ""Braga"", ""Turbine"", ""Gemini"", ""Hawk""]","[0.7913462519645691, 0.5574067831039429, 0.5084756016731262, 0.40437552332878113, 0.2540874481201172]"
4,centroid,1,485,Vega,Vega,"[""Vega"", ""Gemini"", ""Hawk"", ""Braga"", ""Trius""]","[0.8996355533599854, 0.5781350135803223, 0.3187965154647827, 0.27519187331199646, 0.14518903195858002]"
4,centroid,1,486,Vega,Vega,"[""Vega"", ""Gemini"", ""Hawk"", ""Alaris"", ""Braga""]","[0.9199985265731812, 0.5057361721992493, 0.39697667956352234, 0.3637945353984833, 0.36344021558761597]"
4,centroid,1,487,Vega,Vega,"[""Vega"", ""Braga"", ""Hawk"", ""Turbine"", ""Alaris""]","[0.8241978883743286, 0.612786054611206, 0.5531847476959229, 0.5507875680923462, 0.39832741022109985]"
4,centroid,1,488,Vega,Vega,"[""Vega"", ""Hawk"", ""Gemini"", ""Braga"", ""Alaris""]","[0.9265004396438599, 0.45060276985168457, 0.4400116205215454, 0.2615267336368561, 0.24588419497013092]"
4,centroid,1,489,Vega,Vega,"[""Vega"", ""Turbine"", ""Hawk"", ""Alaris"", ""Trius""]","[0.7504974007606506, 0.4674002528190613, 0.397543728351593, 0.3449963927268982, 0.23398491740226746]"
4,centroid,1,490,Vega,Vega,"[""Vega"", ""Alaris"", ""Braga"", ""Gemini"", ""Turbine""]","[0.8702768683433533, 0.4784817099571228, 0.45299848914146423, 0.33105963468551636, 0.31971022486686707]"
4,centroid,1,491,Vega,Vega,"[""Vega"", ""Hawk"", ""Gemini"", ""Braga"", ""Turbine""]","[0.9424543380737305, 0.49889642000198364, 0.4976356625556946, 0.4108070731163025, 0.3151782751083374]"
4,centroid,1,492,Vega,Vega,"[""Vega"", ""Hawk"", ""Braga"", ""Alaris"", ""Turbine""]","[0.9077847003936768, 0.5886482000350952, 0.5453630685806274, 0.48510825634002686, 0.4339939057826996]"
4,centroid,1,493,Vega,Vega,"[""Vega"", ""Turbine"", ""Gemini"", ""Hawk"", ""Braga""]","[0.7814945578575134, 0.2768458127975464, 0.2647235095500946, 0.24737252295017242, 0.1770397275686264]"
4,centroid,1,494,Vega,Vega,"[""Vega"", ""Hawk"", ""Turbine"", ""Gemini"", ""Braga""]","[0.9130825996398926, 0.5564407110214233, 0.47240447998046875, 0.418276846408844, 0.4163377285003662]"
4,centroid,1,495,Vega,Vega,"[""Vega"", ""Alaris"", ""Turbine"", ""Hawk"", ""Braga""]","[0.7608650326728821, 0.5847804546356201, 0.47094953060150146, 0.4463918209075928, 0.31715404987335205]"
4,centroid,1,496,Vega,Vega,"[""Vega"", ""Gemini"", ""Braga"", ""Turbine"", ""Hawk""]","[0.7971016764640808, 0.6561524271965027, 0.3610571026802063, 0.3571503758430481, 0.35687729716300964]"
4,centroid,1,497,Vega,Vega,"[""Vega"", ""Alaris"", ""Gemini"", ""Ratikon"", ""Turbine""]","[0.8737033009529114, 0.23780220746994019, 0.2373037189245224, 0.12524011731147766, 0.10423161834478378]"
4,centroid,1,498,Vega,Vega,"[""Vega"", ""Hawk"", ""Braga"", ""Gemini"", ""Turbine""]","[0.8190249800682068, 0.5573436617851257, 0.5133628249168396, 0.5075996518135071, 0.30703040957450867]"
4,centroid,1,499,Vega,Vega,"[""Vega"", ""Gemini"", ""Trius"", ""Alaris"", ""Turbine""]","[0.8457192778587341, 0.3453170657157898, 0.28690284490585327, 0.2671227753162384, 0.23887288570404053]"
4,centroid,1,500,Vega,Vega,"[""Vega"", ""Hawk"", ""Gemini"", ""Alaris"", ""Braga""]","[0.9483718872070312, 0.4406690001487732, 0.36392441391944885, 0.29870668053627014, 0.28321754932403564]"
4,centroid,1,501,Vega,Vega,"[""Vega"", ""Gemini"", ""Hawk"", ""Turbine"", ""Braga""]","[0.8839247226715088, 0.4162300229072571, 0.23775550723075867, 0.18038025498390198, 0.1462239772081375]"
4,centroid,1,502,Vega,Vega,"[""Vega"", ""Hawk"", ""Turbine"", ""Braga"", ""Gemini""]","[0.9098001718521118, 0.6502165794372559, 0.39851534366607666, 0.3687044382095337, 0.33411359786987305]"
4,centroid,1,503,Vega,Vega,"[""Vega"", ""Hawk"", ""Gemini"", ""Alaris"", ""Braga""]","[0.9603013396263123, 0.44272810220718384, 0.4080922603607178, 0.3978521227836609, 0.34460318088531494]"
4,centroid,1,504,Velorum,Velorum,"[""Velorum"", ""Ilias"", ""Nivalis"", ""Denom"", ""Ratikon""]","[0.9434458017349243, 0.6369504928588867, 0.6359798908233643, 0.47452932596206665, 0.40314632654190063]"
4,centroid,1,505,Velorum,Velorum,"[""Velorum"", ""Ilias"", ""Triton"", ""Nivalis"", ""Trius""]","[0.9273281693458557, 0.49221280217170715, 0.4014204442501068, 0.36783868074417114, 0.25926104187965393]"
4,centroid,1,506,Velorum,Velorum,"[""Velorum"", ""Ilias"", ""Nivalis"", ""Ratikon"", ""Denom""]","[0.8673685789108276, 0.6337378621101379, 0.6236414313316345, 0.4639391601085663, 0.39602115750312805]"
4,centroid,1,507,Velorum,Velorum,"[""Velorum"", ""Ilias"", ""Nivalis"", ""Denom"", ""Ratikon""]","[0.8822289705276489, 0.6524933576583862, 0.5979845523834229, 0.47384873032569885, 0.44044971466064453]"
4,centroid,1,508,Velorum,Velorum,"[""Velorum"", ""Nivalis"", ""Ilias"", ""Denom"", ""Ratikon""]","[0.9512948393821716, 0.6751314401626587, 0.5617711544036865, 0.489213764667511, 0.4307904541492462]"
4,centroid,1,509,Velorum,Velorum,"[""Velorum"", ""Nivalis"", ""Ilias"", ""Denom"", ""Ratikon""]","[0.9398874044418335, 0.5563322305679321, 0.5538829565048218, 0.4651680588722229, 0.33041369915008545]"
4,centroid,1,510,Velorum,Velorum,"[""Velorum"", ""Nivalis"", ""Ilias"", ""Denom"", ""Ratikon""]","[0.9638934135437012, 0.651237964630127, 0.5940358638763428, 0.49479252099990845, 0.36660221219062805]"
4,centroid,1,511,Velorum,Velorum,"[""Velorum"", ""Ilias"", ""Nivalis"", ""Denom"", ""Triton""]","[0.8386881351470947, 0.7334336042404175, 0.5540823936462402, 0.4835173487663269, 0.4573821723461151]"
4,centroid,1,512,Velorum,Velorum,"[""Velorum"", ""Nivalis"", ""Ilias"", ""Ratikon"", ""Denom""]","[0.9061136245727539, 0.5494115352630615, 0.5001163482666016, 0.31341552734375, 0.2800872027873993]"
4,centroid,1,513,Velorum,Velorum,"[""Velorum"", ""Nivalis"", ""Ilias"", ""Denom"", ""Ratikon""]","[0.7757871747016907, 0.6289221048355103, 0.49365299940109253, 0.3620433807373047, 0.281846284866333]"
4,centroid,1,514,Velorum,Velorum,"[""Velorum"", ""Ilias"", ""Nivalis"", ""Denom"", ""Ratikon""]","[0.9567486047744751, 0.5762799382209778, 0.5546001195907593, 0.3707118630409241, 0.3270377814769745]"
4,centroid,1,515,Velorum,Velorum,"[""Velorum"", ""Ilias"", ""Denom"", ""Nivalis"", ""Ratikon""]","[0.8124786019325256, 0.7183937430381775, 0.5806512832641602, 0.5601283311843872, 0.46386390924453735]"
4,centroid,1,516,Velorum,Velorum,"[""Velorum"", ""Ilias"", ""Nivalis"", ""Triton"", ""Trius""]","[0.9234520792961121, 0.5359516143798828, 0.46551525592803955, 0.41577228903770447, 0.32399165630340576]"
4,centroid,1,517,Velorum,Velorum,"[""Velorum"", ""Ilias"", ""Nivalis"", ""Denom"", ""Ratikon""]","[0.9412681460380554, 0.6490269303321838, 0.5001864433288574, 0.3941608667373657, 0.37554118037223816]"
4,centroid,1,518,Velorum,Denom,"[""Denom"", ""Trius"", ""Ratikon"", ""Velorum"", ""Nivalis""]","[0.5317527055740356, 0.4040137529373169, 0.37270212173461914, 0.3124261796474457, 0.3022804260253906]"
4,centroid,1,519,Velorum,Velorum,"[""Velorum"", ""Ilias"", ""Nivalis"", ""Denom"", ""Trius""]","[0.9350835084915161, 0.5064490437507629, 0.4395869970321655, 0.382856547832489, 0.2942087650299072]"
4,centroid,1,520,Velorum,Velorum,"[""Velorum"", ""Ilias"", ""Nivalis"", ""Triton"", ""Trius""]","[0.8931882977485657, 0.6574273109436035, 0.47339367866516113, 0.3934857249259949, 0.3913671374320984]"
4,centroid,1,521,Velorum,Velorum,"[""Velorum"", ""Ilias"", ""Triton"", ""Mytikas"", ""Nivalis""]","[0.8720616102218628, 0.6155281066894531, 0.5044710636138916, 0.3834686577320099, 0.37194207310676575]"
4,centroid,1,522,Velorum,Velorum,"[""Velorum"", ""Nivalis"", ""Ilias"", ""Ratikon"", ""Denom""]","[0.782197892665863, 0.6427085995674133, 0.47672802209854126, 0.44567927718162537, 0.32288095355033875]"
4,centroid,1,523,Velorum,Velorum,"[""Velorum"", ""Ilias"", ""Trius"", ""Triton"", ""Nivalis""]","[0.8361878395080566, 0.4978924095630646, 0.46259674429893494, 0.40138348937034607, 0.3042699098587036]"
4,centroid,1,524,Velorum,Velorum,"[""Velorum"", ""Nivalis"", ""Ilias"", ""Triton"", ""Ratikon""]","[0.8962274789810181, 0.5741432905197144, 0.5506473183631897, 0.34818872809410095, 0.31854158639907837]"
4,centroid,1,525,Velorum,Velorum,"[""Velorum"", ""Denom"", ""Nivalis"", ""Ilias"", ""Ratikon""]","[0.8523963689804077, 0.7014847993850708, 0.6811578869819641, 0.6613436937332153, 0.5855068564414978]"
4,centroid,1,526,Velorum,Velorum,"[""Velorum"", ""Ilias"", ""Nivalis"", ""Denom"", ""Ratikon""]","[0.9302226901054382, 0.7016463279724121, 0.5666555166244507, 0.4510312080383301, 0.44056302309036255]"
4,centroid,1,527,Velorum,Velorum,"[""Velorum"", ""Nivalis"", ""Ilias"", ""Denom"", ""Ratikon""]","[0.9335663318634033, 0.7136735916137695, 0.6850364804267883, 0.617992639541626, 0.5885697603225708]"
4,centroid,1,528,Velorum,Velorum,"[""Velorum"", ""Ilias"", ""Denom"", ""Nivalis"", ""Ratikon""]","[0.8785393834114075, 0.7437454462051392, 0.724444568157196, 0.6718741655349731, 0.5971981287002563]"
4,centroid,1,529,Velorum,Velorum,"[""Velorum"", ""Ilias"", ""Nivalis"", ""Denom"", ""Triton""]","[0.8548924326896667, 0.74481201171875, 0.4774235188961029, 0.3822227120399475, 0.3666360676288605]"
4,centroid,1,530,Velorum,Velorum,"[""Velorum"", ""Ilias"", ""Nivalis"", ""Ratikon"", ""Denom""]","[0.9437909126281738, 0.6323368549346924, 0.5584176182746887, 0.43654513359069824, 0.3951953649520874]"
4,centroid,1,531,Velorum,Velorum,"[""Velorum"", ""Ilias"", ""Nivalis"", ""Denom"", ""Ratikon""]","[0.8912494778633118, 0.6941629648208618, 0.6176495552062988, 0.512328028678894, 0.5044664144515991]"
4,centroid,1,532,Velorum,Velorum,"[""Velorum"", ""Ilias"", ""Nivalis"", ""Ratikon"", ""Denom""]","[0.8853073120117188, 0.7775871753692627, 0.6244732737541199, 0.573632001876831, 0.5617181062698364]"
4,centroid,1,533,Velorum,Velorum,"[""Velorum"", ""Nivalis"", ""Ilias"", ""Mytikas"", ""Alcatras""]","[0.8476306200027466, 0.4498220980167389, 0.33165162801742554, 0.22658495604991913, 0.22066311538219452]"
4,centroid,1,534,Velorum,Velorum,"[""Velorum"", ""Ilias"", ""Nivalis"", ""Triton"", ""Mytikas""]","[0.7591131925582886, 0.479134202003479, 0.43863674998283386, 0.43169641494750977, 0.37574875354766846]"
4,centroid,1,535,Velorum,Velorum,"[""Velorum"", ""Alcatras"", ""Ilias"", ""Castor"", ""Ratikon""]","[0.5626845359802246, 0.41180419921875, 0.3768656253814697, 0.3606400489807129, 0.3268071711063385]"
4,centroid,1,536,Velorum,Velorum,"[""Velorum"", ""Ilias"", ""Nivalis"", ""Denom"", ""Ratikon""]","[0.9206423759460449, 0.5764226317405701, 0.424796998500824, 0.3181496262550354, 0.2959470748901367]"
4,centroid,1,537,Velorum,Velorum,"[""Velorum"", ""Nivalis"", ""Ilias"", ""Denom"", ""Ratikon""]","[0.924531877040863, 0.5235779285430908, 0.5022270679473877, 0.44244444370269775, 0.37169402837753296]"
4,centroid,1,538,Velorum,Velorum,"[""Velorum"", ""Ilias"", ""Nivalis"", ""Denom"", ""Ratikon""]","[0.8711903095245361, 0.7198916673660278, 0.6470597386360168, 0.5984278321266174, 0.5892776250839233]"
4,centroid,1,539,Velorum,Velorum,"[""Velorum"", ""Nivalis"", ""Ilias"", ""Ratikon"", ""Mytikas""]","[0.8143700361251831, 0.5889730453491211, 0.4135856032371521, 0.3375760614871979, 0.30705058574676514]"
4,centroid,1,540,Velorum,Velorum,"[""Velorum"", ""Ilias"", ""Nivalis"", ""Denom"", ""Ratikon""]","[0.9367083311080933, 0.5669459104537964, 0.5082143545150757, 0.3198317289352417, 0.3083481788635254]"
4,centroid,1,541,Velorum,Velorum,"[""Velorum"", ""Ilias"", ""Nivalis"", ""Denom"", ""Ratikon""]","[0.9295417666435242, 0.7083859443664551, 0.7024974226951599, 0.5035099983215332, 0.49913889169692993]"
4,centroid,1,542,Velorum,Velorum,"[""Velorum"", ""Nivalis"", ""Ilias"", ""Ratikon"", ""Denom""]","[0.9150538444519043, 0.6182620525360107, 0.596817135810852, 0.5413856506347656, 0.5309742093086243]"
4,centroid,1,543,Velorum,Velorum,"[""Velorum"", ""Nivalis"", ""Ilias"", ""Ratikon"", ""Denom""]","[0.8916236162185669, 0.6251311898231506, 0.5087606310844421, 0.40915945172309875, 0.3618886470794678]"
4,centroid,1,544,Velorum,Velorum,"[""Velorum"", ""Ilias"", ""Nivalis"", ""Triton"", ""Denom""]","[0.9470713138580322, 0.500787615776062, 0.4407998025417328, 0.3532891869544983, 0.3169936537742615]"
4,centroid,1,545,Velorum,Velorum,"[""Velorum"", ""Ilias"", ""Nivalis"", ""Triton"", ""Castor""]","[0.8856502771377563, 0.5041647553443909, 0.3555007874965668, 0.34714698791503906, 0.2760435938835144]"
4,centroid,1,546,Velorum,Velorum,"[""Velorum"", ""Nivalis"", ""Ilias"", ""Denom"", ""Ratikon""]","[0.9489787817001343, 0.7089529037475586, 0.665203332901001, 0.5964593887329102, 0.5357140302658081]"
4,centroid,1,547,Velorum,Velorum,"[""Velorum"", ""Ilias"", ""Nivalis"", ""Denom"", ""Triton""]","[0.9151524901390076, 0.5932372212409973, 0.411692351102829, 0.314588725566864, 0.30550503730773926]"
4,centroid,1,548,Velorum,Velorum,"[""Velorum"", ""Nivalis"", ""Ilias"", ""Denom"", ""Ratikon""]","[0.9460425972938538, 0.6881682872772217, 0.5650337934494019, 0.5592608451843262, 0.4470878839492798]"
4,centroid,1,549,Velorum,Velorum,"[""Velorum"", ""Ilias"", ""Triton"", ""Trius"", ""Nivalis""]","[0.8027511835098267, 0.539759635925293, 0.4861111342906952, 0.4751219153404236, 0.32618147134780884]"
4,centroid,1,550,Velorum,Velorum,"[""Velorum"", ""Ilias"", ""Nivalis"", ""Denom"", ""Ratikon""]","[0.9552921056747437, 0.6048848628997803, 0.5794711112976074, 0.39384782314300537, 0.37788695096969604]"
4,centroid,1,551,Velorum,Velorum,"[""Velorum"", ""Ilias"", ""Nivalis"", ""Triton"", ""Trius""]","[0.9095611572265625, 0.4882383942604065, 0.37662220001220703, 0.36196213960647583, 0.3381427824497223]"
4,centroid,1,552,Velorum,Velorum,"[""Velorum"", ""Ilias"", ""Nivalis"", ""Denom"", ""Xtreme""]","[0.8573242425918579, 0.48982149362564087, 0.3999338150024414, 0.27904921770095825, 0.2755376994609833]"
4,centroid,1,553,Velorum,Velorum,"[""Velorum"", ""Ilias"", ""Nivalis"", ""Denom"", ""Ratikon""]","[0.8897140026092529, 0.6685307025909424, 0.5390875339508057, 0.4845771789550781, 0.44517216086387634]"
4,centroid,1,554,Velorum,Velorum,"[""Velorum"", ""Ilias"", ""Nivalis"", ""Triton"", ""Denom""]","[0.929753303527832, 0.5405512452125549, 0.48113298416137695, 0.3542582094669342, 0.3057323098182678]"
4,centroid,1,555,Velorum,Velorum,"[""Velorum"", ""Triton"", ""Ilias"", ""Castor"", ""Alcatras""]","[0.8235269784927368, 0.46680063009262085, 0.42176127433776855, 0.3993963301181793, 0.3237343430519104]"
4,centroid,1,556,Velorum,Velorum,"[""Velorum"", ""Ilias"", ""Nivalis"", ""Triton"", ""Denom""]","[0.9240474700927734, 0.5178806781768799, 0.5129041075706482, 0.3380807042121887, 0.2795225977897644]"
4,centroid,1,557,Velorum,Velorum,"[""Velorum"", ""Ilias"", ""Nivalis"", ""Denom"", ""Ratikon""]","[0.9441445469856262, 0.6463148593902588, 0.5762106776237488, 0.40032660961151123, 0.3976985812187195]"
4,centroid,1,558,Velorum,Velorum,"[""Velorum"", ""Ilias"", ""Nivalis"", ""Triton"", ""Denom""]","[0.9244557619094849, 0.5606404542922974, 0.4290054440498352, 0.37670302391052246, 0.32007378339767456]"
4,centroid,1,559,Velorum,Velorum,"[""Velorum"", ""Nivalis"", ""Ilias"", ""Denom"", ""Ratikon""]","[0.9571694135665894, 0.6507534980773926, 0.6248329877853394, 0.5002074241638184, 0.4009062647819519]"
4,centroid,1,560,Velorum,Velorum,"[""Velorum"", ""Nivalis"", ""Ilias"", ""Denom"", ""Ratikon""]","[0.9626691341400146, 0.709509015083313, 0.6774713397026062, 0.5699513554573059, 0.49433058500289917]"
4,centroid,1,561,Velorum,Velorum,"[""Velorum"", ""Ilias"", ""Nivalis"", ""Ratikon"", ""Denom""]","[0.8742144703865051, 0.6716858148574829, 0.655332088470459, 0.5384951829910278, 0.469856858253479]"
4,centroid,1,562,Velorum,Velorum,"[""Velorum"", ""Ilias"", ""Nivalis"", ""Denom"", ""Ratikon""]","[0.8694261908531189, 0.8089035749435425, 0.6699169874191284, 0.6251153945922852, 0.6149970293045044]"
4,centroid,1,563,Xtreme,Xtreme,"[""Xtreme"", ""Gemini"", ""Steel_Wheel"", ""Braga"", ""Triton""]","[0.8745120763778687, 0.5641875267028809, 0.1985141932964325, 0.134638249874115, 0.1263113021850586]"
4,centroid,1,564,Xtreme,Xtreme,"[""Xtreme"", ""Velorum"", ""Triton"", ""Nivalis"", ""Ilias""]","[0.6955305337905884, 0.4156387746334076, 0.28190967440605164, 0.22985976934432983, 0.18151047825813293]"
4,centroid,1,565,Xtreme,Xtreme,"[""Xtreme"", ""Gemini"", ""Steel_Wheel"", ""Ilias"", ""Nivalis""]","[0.9661127924919128, 0.5091264843940735, 0.14255675673484802, 0.06646421551704407, 0.05023845285177231]"
4,centroid,1,566,Xtreme,Xtreme,"[""Xtreme"", ""Gemini"", ""Ilias"", ""Steel_Wheel"", ""Velorum""]","[0.9640404582023621, 0.48272573947906494, 0.1129160225391388, 0.10693813860416412, 0.07621586322784424]"
4,centroid,1,567,Xtreme,Xtreme,"[""Xtreme"", ""Gemini"", ""Denom"", ""Nivalis"", ""Trius""]","[0.7539663314819336, 0.5583997964859009, 0.255398154258728, 0.23396527767181396, 0.21168187260627747]"
4,centroid,1,568,Xtreme,Xtreme,"[""Xtreme"", ""Gemini"", ""Ilias"", ""Nivalis"", ""Steel_Wheel""]","[0.9151982665061951, 0.531113862991333, 0.12901435792446136, 0.11814355850219727, 0.03399907052516937]"
4,centroid,1,569,Xtreme,Xtreme,"[""Xtreme"", ""Gemini"", ""Steel_Wheel"", ""Nivalis"", ""Ilias""]","[0.948878824710846, 0.6433320641517639, 0.17430461943149567, 0.051457833498716354, 0.048225630074739456]"
4,centroid,1,570,Xtreme,Xtreme,"[""Xtreme"", ""Gemini"", ""Nivalis"", ""Steel_Wheel"", ""Ilias""]","[0.9618263244628906, 0.5267227292060852, 0.14440041780471802, 0.11093858629465103, 0.07623326778411865]"
4,centroid,1,571,Xtreme,Xtreme,"[""Xtreme"", ""Gemini"", ""Steel_Wheel"", ""Nivalis"", ""Mytikas""]","[0.7159746289253235, 0.5897958278656006, 0.2873780131340027, 0.1864396631717682, 0.15550324320793152]"
4,centroid,1,572,Xtreme,Xtreme,"[""Xtreme"", ""Gemini"", ""Steel_Wheel"", ""Ilias"", ""Nivalis""]","[0.9724985361099243, 0.5174252986907959, 0.10838548094034195, 0.09663315117359161, 0.060451045632362366]"
4,centroid,1,573,Xtreme,Xtreme,"[""Xtreme"", ""Gemini"", ""Mytikas"", ""Triton"", ""Hawk""]","[0.8035293221473694, 0.5846228003501892, 0.3193581998348236, 0.23950062692165375, 0.21691493690013885]"
4,centroid,1,574,Xtreme,Xtreme,"[""Xtreme"", ""Gemini"", ""Ilias"", ""Steel_Wheel"", ""Nivalis""]","[0.9413859844207764, 0.5393099784851074, 0.15778447687625885, 0.12852244079113007, 0.11170807480812073]"
4,centroid,1,575,Xtreme,Xtreme,"[""Xtreme"", ""Gemini"", ""Ilias"", ""Steel_Wheel"", ""Nivalis""]","[0.8927769660949707, 0.5164304971694946, 0.24714671075344086, 0.1892489194869995, 0.08874568343162537]"
4,centroid,1,576,Xtreme,Xtreme,"[""Xtreme"", ""Gemini"", ""Steel_Wheel"", ""Hawk"", ""Braga""]","[0.9278360605239868, 0.4427141547203064, 0.20968939363956451, 0.07322807610034943, 0.06971269845962524]"
4,centroid,1,577,Xtreme,Xtreme,"[""Xtreme"", ""Gemini"", ""Braga"", ""Triton"", ""Ilias""]","[0.9280762672424316, 0.6230040788650513, 0.22619415819644928, 0.14920003712177277, 0.03694886714220047]"
4,centroid,1,578,Xtreme,Xtreme,"[""Xtreme"", ""Gemini"", ""Braga"", ""Castor"", ""Mytikas""]","[0.7792720794677734, 0.31637513637542725, 0.2388823926448822, 0.19160501658916473, 0.14787887036800385]"
4,centroid,1,579,Xtreme,Xtreme,"[""Xtreme"", ""Gemini"", ""Mytikas"", ""Braga"", ""Triton""]","[0.7660009860992432, 0.6104509234428406, 0.4023248553276062, 0.33936208486557007, 0.3075084090232849]"
4,centroid,1,580,Xtreme,Xtreme,"[""Xtreme"", ""Hawk"", ""Braga"", ""Gemini"", ""Mytikas""]","[0.6638544797897339, 0.5163129568099976, 0.49329620599746704, 0.4867814779281616, 0.309414267539978]"
4,centroid,1,581,Xtreme,Xtreme,"[""Xtreme"", ""Gemini"", ""Braga"", ""Hawk"", ""Mytikas""]","[0.9210234880447388, 0.5626418590545654, 0.1941540688276291, 0.18656322360038757, 0.07191699743270874]"
4,centroid,1,582,Xtreme,Xtreme,"[""Xtreme"", ""Gemini"", ""Steel_Wheel"", ""Nivalis"", ""Ilias""]","[0.947843074798584, 0.4328113794326782, 0.15792237222194672, 0.15313036739826202, 0.1500871479511261]"
4,centroid,1,583,Xtreme,Xtreme,"[""Xtreme"", ""Gemini"", ""Steel_Wheel"", ""Nivalis"", ""Braga""]","[0.9630193710327148, 0.5985060334205627, 0.05877000838518143, 0.027379140257835388, 0.013176096603274345]"
4,centroid,1,584,Xtreme,Xtreme,"[""Xtreme"", ""Gemini"", ""Steel_Wheel"", ""Braga"", ""Ilias""]","[0.9692546725273132, 0.5782420039176941, 0.09541554749011993, 0.056884653866291046, 0.05002297833561897]"
4,centroid,1,585,Xtreme,Xtreme,"[""Xtreme"", ""Gemini"", ""Velorum"", ""Ilias"", ""Steel_Wheel""]","[0.9429031610488892, 0.4508429765701294, 0.15007981657981873, 0.137161523103714, 0.10479497909545898]"
4,centroid,1,586,Xtreme,Xtreme,"[""Xtreme"", ""Gemini"", ""Steel_Wheel"", ""Ilias"", ""Nivalis""]","[0.9022319316864014, 0.4736669063568115, 0.1709820032119751, 0.11696409434080124, 0.08085367828607559]"
4,centroid,1,587,Xtreme,Xtreme,"[""Xtreme"", ""Gemini"", ""Ilias"", ""Nivalis"", ""Triton""]","[0.8800702691078186, 0.5597314238548279, 0.23595988750457764, 0.2000441551208496, 0.14496606588363647]"
4,centroid,1,588,Xtreme,Xtreme,"[""Xtreme"", ""Gemini"", ""Steel_Wheel"", ""Braga"", ""Nivalis""]","[0.9690613746643066, 0.5170824527740479, 0.15817894041538239, 0.025171248242259026, 0.00020028650760650635]"
4,centroid,1,589,Xtreme,Xtreme,"[""Xtreme"", ""Gemini"", ""Steel_Wheel"", ""Hawk"", ""Ilias""]","[0.9576250314712524, 0.5921576619148254, 0.11673977226018906, 0.005578119307756424, -0.020260963588953018]"
4,centroid,1,590,Xtreme,Xtreme,"[""Xtreme"", ""Gemini"", ""Ilias"", ""Steel_Wheel"", ""Velorum""]","[0.9354896545410156, 0.42530351877212524, 0.13987663388252258, 0.12840095162391663, 0.12196137011051178]"
4,centroid,1,591,Xtreme,Xtreme,"[""Xtreme"", ""Gemini"", ""Ilias"", ""Nivalis"", ""Denom""]","[0.9136753082275391, 0.4755852520465851, 0.20170706510543823, 0.18342940509319305, 0.13775330781936646]"
4,centroid,1,592,Xtreme,Xtreme,"[""Xtreme"", ""Gemini"", ""Steel_Wheel"", ""Hawk"", ""Braga""]","[0.9521812200546265, 0.52867591381073, 0.10118027776479721, 0.04592341184616089, 0.04555681720376015]"
4,centroid,1,593,Xtreme,Xtreme,"[""Xtreme"", ""Gemini"", ""Ilias"", ""Denom"", ""Nivalis""]","[0.8950973749160767, 0.49720513820648193, 0.15998201072216034, 0.09984871745109558, 0.09363621473312378]"
4,centroid,1,594,Xtreme,Xtreme,"[""Xtreme"", ""Gemini"", ""Steel_Wheel"", ""Ilias"", ""Nivalis""]","[0.9686476588249207, 0.5475795269012451, 0.1103045642375946, 0.02304033376276493, 0.01886632665991783]"
4,centroid,1,595,Xtreme,Xtreme,"[""Xtreme"", ""Gemini"", ""Braga"", ""Hawk"", ""Vega""]","[0.932432234287262, 0.7101346850395203, 0.2553335726261139, 0.1594935655593872, -0.03593495488166809]"
4,centroid,1,596,Xtreme,Xtreme,"[""Xtreme"", ""Gemini"", ""Hawk"", ""Steel_Wheel"", ""Braga""]","[0.9376057386398315, 0.610336422920227, 0.17251715064048767, 0.12372152507305145, -0.021955255419015884]"
4,centroid,1,597,Xtreme,Xtreme,"[""Xtreme"", ""Gemini"", ""Ilias"", ""Velorum"", ""Nivalis""]","[0.9453808069229126, 0.46743863821029663, 0.16137215495109558, 0.1423223912715912, 0.11153616011142731]"
4,centroid,1,598,Xtreme,Xtreme,"[""Xtreme"", ""Gemini"", ""Nivalis"", ""Steel_Wheel"", ""Hawk""]","[0.9546070694923401, 0.6452414393424988, 0.10800717771053314, 0.0883573517203331, 0.06027523800730705]"
4,centroid,1,599,Xtreme,Xtreme,"[""Xtreme"", ""Gemini"", ""Denom"", ""Nivalis"", ""Steel_Wheel""]","[0.8035232424736023, 0.5184299945831299, 0.27930939197540283, 0.25910520553588867, 0.13254530727863312]"
4,centroid,1,600,Xtreme,Xtreme,"[""Xtreme"", ""Gemini"", ""Ilias"", ""Steel_Wheel"", ""Velorum""]","[0.9338364601135254, 0.4456072449684143, 0.1768328696489334, 0.12841714918613434, 0.11364927887916565]"
