fold,retrieval_mode,topn,query_index,true_label,top1_predicted_label,top_k_labels,top_k_scores
0,centroid,1,0,Alaris,Alaris,"[""Alaris"", ""Alcatras"", ""Braga"", ""Hawk"", ""Trius""]","[0.7355968952178955, 0.6094295382499695, 0.5325076580047607, 0.47799015045166016, 0.45901060104370117]"
0,centroid,1,1,Alaris,Alaris,"[""Alaris"", ""Alcatras"", ""Trius"", ""Vega"", ""Triton""]","[0.9124149084091187, 0.6625899076461792, 0.6227560043334961, 0.4395621418952942, 0.4259834289550781]"
0,centroid,1,2,Alaris,Alcatras,"[""Alcatras"", ""Alaris"", ""Castor"", ""Trius"", ""Mytikas""]","[0.8385108113288879, 0.7170126438140869, 0.678681492805481, 0.509818434715271, 0.5069961547851562]"
0,centroid,1,3,Alaris,Alaris,"[""Alaris"", ""Alcatras"", ""Hawk"", ""Turbine"", ""Braga""]","[0.6241661310195923, 0.47580528259277344, 0.37881630659103394, 0.2752990424633026, 0.2729572653770447]"
0,centroid,1,4,Alaris,Alaris,"[""Alaris"", ""Alcatras"", ""Vega"", ""Hawk"", ""Trius""]","[0.9234763383865356, 0.6342201828956604, 0.40212076902389526, 0.3924536406993866, 0.3640098571777344]"
0,centroid,1,5,Alaris,Alaris,"[""Alaris"", ""Alcatras"", ""Trius"", ""Braga"", ""Hawk""]","[0.9122722148895264, 0.7715909481048584, 0.5232424139976501, 0.513988733291626, 0.45436298847198486]"
0,centroid,1,6,Alaris,Alaris,"[""Alaris"", ""Alcatras"", ""Trius"", ""Vega"", ""Turbine""]","[0.8702703714370728, 0.5172213315963745, 0.5040381550788879, 0.41774439811706543, 0.4143988788127899]"
0,centroid,1,7,Alaris,Alaris,"[""Alaris"", ""Alcatras"", ""Trius"", ""Vega"", ""Hawk""]","[0.9053068161010742, 0.5662258863449097, 0.42131274938583374, 0.41272419691085815, 0.2970108687877655]"
0,centroid,1,8,Alaris,Alaris,"[""Alaris"", ""Braga"", ""Alcatras"", ""Trius"", ""Mytikas""]","[0.7564401626586914, 0.7295258045196533, 0.7147624492645264, 0.5254388451576233, 0.34090089797973633]"
0,centroid,1,9,Alaris,Alaris,"[""Alaris"", ""Alcatras"", ""Trius"", ""Braga"", ""Hawk""]","[0.92291259765625, 0.8156114816665649, 0.5266942977905273, 0.3557840585708618, 0.35488224029541016]"
0,centroid,1,10,Alaris,Alaris,"[""Alaris"", ""Alcatras"", ""Trius"", ""Braga"", ""Vega""]","[0.8802167177200317, 0.7227498292922974, 0.6114680767059326, 0.5417190194129944, 0.4569399356842041]"
0,centroid,1,11,Alaris,Alcatras,"[""Alcatras"", ""Alaris"", ""Braga"", ""Castor"", ""Trius""]","[0.8976463675498962, 0.6537109017372131, 0.5669577121734619, 0.5233578681945801, 0.4157905578613281]"
0,centroid,1,12,Alaris,Alcatras,"[""Alcatras"", ""Mytikas"", ""Trius"", ""Castor"", ""Triton""]","[0.6353265643119812, 0.5768445730209351, 0.5165911912918091, 0.49615103006362915, 0.49592456221580505]"
0,centroid,1,13,Alaris,Braga,"[""Braga"", ""Hawk"", ""Alcatras"", ""Castor"", ""Alaris""]","[0.5429842472076416, 0.524346113204956, 0.4906734824180603, 0.4459242820739746, 0.43517595529556274]"
0,centroid,1,14,Alaris,Triton,"[""Triton"", ""Mytikas"", ""Trius"", ""Alcatras"", ""Braga""]","[0.7159660458564758, 0.659624457359314, 0.6519296169281006, 0.6307773590087891, 0.5819084644317627]"
0,centroid,1,15,Alaris,Alcatras,"[""Alcatras"", ""Alaris"", ""Trius"", ""Braga"", ""Hawk""]","[0.8522100448608398, 0.8377482891082764, 0.42590975761413574, 0.3949703872203827, 0.35821855068206787]"
0,centroid,1,16,Alaris,Alaris,"[""Alaris"", ""Alcatras"", ""Trius"", ""Vega"", ""Hawk""]","[0.9288846254348755, 0.6873111128807068, 0.4969578981399536, 0.4256417155265808, 0.40978896617889404]"
0,centroid,1,17,Alaris,Alaris,"[""Alaris"", ""Trius"", ""Triton"", ""Braga"", ""Alcatras""]","[0.7985560894012451, 0.648910641670227, 0.49918192625045776, 0.4959150552749634, 0.4554883539676666]"
0,centroid,1,18,Alaris,Alaris,"[""Alaris"", ""Alcatras"", ""Turbine"", ""Trius"", ""Vega""]","[0.9156234264373779, 0.6764277219772339, 0.3806930482387543, 0.3755000829696655, 0.3356249928474426]"
0,centroid,1,19,Alaris,Alaris,"[""Alaris"", ""Alcatras"", ""Braga"", ""Trius"", ""Castor""]","[0.7594906091690063, 0.7107584476470947, 0.5932760238647461, 0.5649176836013794, 0.41820377111434937]"
0,centroid,1,20,Alaris,Trius,"[""Trius"", ""Alcatras"", ""Braga"", ""Alaris"", ""Triton""]","[0.6907384395599365, 0.6871846914291382, 0.6751192808151245, 0.6580815315246582, 0.3244149684906006]"
0,centroid,1,21,Alaris,Alaris,"[""Alaris"", ""Vega"", ""Alcatras"", ""Trius"", ""Triton""]","[0.7717157602310181, 0.5758410692214966, 0.4736860990524292, 0.43452703952789307, 0.21502713859081268]"
0,centroid,1,22,Alaris,Alaris,"[""Alaris"", ""Trius"", ""Alcatras"", ""Braga"", ""Triton""]","[0.7595771551132202, 0.710810661315918, 0.5549545288085938, 0.49854913353919983, 0.45994579792022705]"
0,centroid,1,23,Alaris,Mytikas,"[""Mytikas"", ""Trius"", ""Alaris"", ""Turbine"", ""Vega""]","[0.575368344783783, 0.5712292790412903, 0.5700491666793823, 0.5065892934799194, 0.4619480073451996]"
0,centroid,1,24,Alaris,Alaris,"[""Alaris"", ""Alcatras"", ""Trius"", ""Gemini"", ""Vega""]","[0.83035808801651, 0.6132965087890625, 0.4217553734779358, 0.19555780291557312, 0.18822993338108063]"
0,centroid,1,25,Alaris,Alaris,"[""Alaris"", ""Alcatras"", ""Trius"", ""Turbine"", ""Vega""]","[0.9078798294067383, 0.6601300835609436, 0.42806264758110046, 0.4277472496032715, 0.40726715326309204]"
0,centroid,1,26,Alaris,Alaris,"[""Alaris"", ""Trius"", ""Alcatras"", ""Turbine"", ""Vega""]","[0.9023542404174805, 0.5345767140388489, 0.487735390663147, 0.3969109058380127, 0.3642576038837433]"
0,centroid,1,27,Alaris,Alaris,"[""Alaris"", ""Alcatras"", ""Vega"", ""Turbine"", ""Hawk""]","[0.7504509687423706, 0.5680943727493286, 0.5308834314346313, 0.28958573937416077, 0.2800578474998474]"
0,centroid,1,28,Alcatras,Alcatras,"[""Alcatras"", ""Alaris"", ""Braga"", ""Castor"", ""Trius""]","[0.8589044213294983, 0.5807528495788574, 0.5305432677268982, 0.4898252487182617, 0.34569674730300903]"
0,centroid,1,29,Alcatras,Alcatras,"[""Alcatras"", ""Trius"", ""Alaris"", ""Castor"", ""Triton""]","[0.7956622838973999, 0.7423229217529297, 0.5690375566482544, 0.49253296852111816, 0.4861795902252197]"
0,centroid,1,30,Alcatras,Alcatras,"[""Alcatras"", ""Alaris"", ""Castor"", ""Trius"", ""Vega""]","[0.8776612877845764, 0.7277429103851318, 0.40145283937454224, 0.34034714102745056, 0.30188891291618347]"
0,centroid,1,31,Alcatras,Alcatras,"[""Alcatras"", ""Alaris"", ""Turbine"", ""Castor"", ""Vega""]","[0.714666485786438, 0.6711071133613586, 0.5579502582550049, 0.48345813155174255, 0.3329710364341736]"
0,centroid,1,32,Alcatras,Alcatras,"[""Alcatras"", ""Alaris"", ""Castor"", ""Braga"", ""Hawk""]","[0.8830534219741821, 0.7318323850631714, 0.4176751971244812, 0.3745492100715637, 0.349648654460907]"
0,centroid,1,33,Alcatras,Castor,"[""Castor"", ""Alcatras"", ""Trius"", ""Alaris"", ""Turbine""]","[0.7735722064971924, 0.736122727394104, 0.520470142364502, 0.5109356641769409, 0.5065852403640747]"
0,centroid,1,34,Alcatras,Alcatras,"[""Alcatras"", ""Alaris"", ""Castor"", ""Trius"", ""Braga""]","[0.9313147068023682, 0.7633967399597168, 0.5523729920387268, 0.5030514001846313, 0.4114704132080078]"
0,centroid,1,35,Alcatras,Alcatras,"[""Alcatras"", ""Alaris"", ""Braga"", ""Hawk"", ""Trius""]","[0.7817825078964233, 0.5481365919113159, 0.46707314252853394, 0.3705989718437195, 0.36456847190856934]"
0,centroid,1,36,Alcatras,Alaris,"[""Alaris"", ""Alcatras"", ""Turbine"", ""Vega"", ""Hawk""]","[0.7337580919265747, 0.6664237976074219, 0.6021161079406738, 0.5026953220367432, 0.4150717258453369]"
0,centroid,1,37,Alcatras,Alcatras,"[""Alcatras"", ""Castor"", ""Braga"", ""Alaris"", ""Trius""]","[0.7998040914535522, 0.6655488014221191, 0.6208124160766602, 0.5214502811431885, 0.5129952430725098]"
0,centroid,1,38,Alcatras,Alcatras,"[""Alcatras"", ""Alaris"", ""Castor"", ""Hawk"", ""Vega""]","[0.8466918468475342, 0.6227926015853882, 0.4358677864074707, 0.3715961277484894, 0.26771923899650574]"
0,centroid,1,39,Alcatras,Alcatras,"[""Alcatras"", ""Alaris"", ""Turbine"", ""Castor"", ""Braga""]","[0.8231517672538757, 0.7866366505622864, 0.4596242308616638, 0.44974279403686523, 0.4055047035217285]"
0,centroid,1,40,Alcatras,Alcatras,"[""Alcatras"", ""Castor"", ""Mytikas"", ""Triton"", ""Alaris""]","[0.7626570463180542, 0.6068446636199951, 0.5453981161117554, 0.48548364639282227, 0.4639836251735687]"
0,centroid,1,41,Alcatras,Alcatras,"[""Alcatras"", ""Alaris"", ""Braga"", ""Trius"", ""Triton""]","[0.8963947296142578, 0.6488752365112305, 0.5978283882141113, 0.5728576183319092, 0.5578476190567017]"
0,centroid,1,42,Alcatras,Castor,"[""Castor"", ""Alcatras"", ""Mytikas"", ""Triton"", ""Turbine""]","[0.73850417137146, 0.6292109489440918, 0.5953578352928162, 0.4685906171798706, 0.45537787675857544]"
0,centroid,1,43,Alcatras,Castor,"[""Castor"", ""Triton"", ""Trius"", ""Turbine"", ""Mytikas""]","[0.6272737979888916, 0.5873886942863464, 0.568668007850647, 0.5336558818817139, 0.512436032295227]"
0,centroid,1,44,Alcatras,Alcatras,"[""Alcatras"", ""Alaris"", ""Castor"", ""Trius"", ""Mytikas""]","[0.736709713935852, 0.6869373917579651, 0.6867395639419556, 0.587945818901062, 0.5170823931694031]"
0,centroid,1,45,Alcatras,Braga,"[""Braga"", ""Castor"", ""Alcatras"", ""Mytikas"", ""Triton""]","[0.7260963916778564, 0.6950224041938782, 0.6672366857528687, 0.6189039945602417, 0.6144492626190186]"
0,centroid,1,46,Alcatras,Alcatras,"[""Alcatras"", ""Alaris"", ""Castor"", ""Mytikas"", ""Turbine""]","[0.6558797955513, 0.6032016277313232, 0.46561458706855774, 0.4349066913127899, 0.3943136930465698]"
0,centroid,1,47,Alcatras,Alcatras,"[""Alcatras"", ""Alaris"", ""Braga"", ""Castor"", ""Hawk""]","[0.8764103651046753, 0.7039767503738403, 0.5914214253425598, 0.46671062707901, 0.4058406949043274]"
0,centroid,1,48,Alcatras,Alcatras,"[""Alcatras"", ""Alaris"", ""Trius"", ""Braga"", ""Castor""]","[0.9195916652679443, 0.6618555188179016, 0.5858677625656128, 0.566657543182373, 0.5578244924545288]"
0,centroid,1,49,Alcatras,Alcatras,"[""Alcatras"", ""Alaris"", ""Castor"", ""Hawk"", ""Braga""]","[0.8919731378555298, 0.6589967012405396, 0.4516698718070984, 0.33343788981437683, 0.29445165395736694]"
0,centroid,1,50,Alcatras,Alcatras,"[""Alcatras"", ""Braga"", ""Mytikas"", ""Castor"", ""Trius""]","[0.8098100423812866, 0.7019572257995605, 0.6682635545730591, 0.6615467071533203, 0.6614176630973816]"
0,centroid,1,51,Alcatras,Alaris,"[""Alaris"", ""Alcatras"", ""Hawk"", ""Mytikas"", ""Turbine""]","[0.6293895840644836, 0.5591775178909302, 0.4740411639213562, 0.265648752450943, 0.18920119106769562]"
0,centroid,1,52,Alcatras,Alcatras,"[""Alcatras"", ""Braga"", ""Castor"", ""Mytikas"", ""Alaris""]","[0.7102069854736328, 0.5597073435783386, 0.5407918095588684, 0.5186948776245117, 0.498709499835968]"
0,centroid,1,53,Alcatras,Alcatras,"[""Alcatras"", ""Alaris"", ""Braga"", ""Hawk"", ""Mytikas""]","[0.7696845531463623, 0.5957114100456238, 0.4880678653717041, 0.44557568430900574, 0.43517398834228516]"
0,centroid,1,54,Braga,Braga,"[""Braga"", ""Turbine"", ""Alcatras"", ""Trius"", ""Hawk""]","[0.9058029651641846, 0.40319013595581055, 0.3748113512992859, 0.30650579929351807, 0.28059208393096924]"
0,centroid,1,55,Braga,Braga,"[""Braga"", ""Mytikas"", ""Castor"", ""Hawk"", ""Triton""]","[0.5873298645019531, 0.5372195243835449, 0.4329819083213806, 0.3181076645851135, 0.27741214632987976]"
0,centroid,1,56,Braga,Braga,"[""Braga"", ""Hawk"", ""Alcatras"", ""Alaris"", ""Turbine""]","[0.8576862812042236, 0.5791912078857422, 0.5014059543609619, 0.4568018317222595, 0.41424161195755005]"
0,centroid,1,57,Braga,Braga,"[""Braga"", ""Trius"", ""Triton"", ""Alaris"", ""Alcatras""]","[0.9171196222305298, 0.4808337986469269, 0.41898876428604126, 0.38326752185821533, 0.3806876540184021]"
0,centroid,1,58,Braga,Braga,"[""Braga"", ""Vega"", ""Hawk"", ""Turbine"", ""Gemini""]","[0.7754148244857788, 0.5680481195449829, 0.5372387766838074, 0.4826151728630066, 0.44216156005859375]"
0,centroid,1,59,Braga,Braga,"[""Braga"", ""Vega"", ""Trius"", ""Triton"", ""Alcatras""]","[0.7768808603286743, 0.6023042798042297, 0.5608518123626709, 0.5556944608688354, 0.5227799415588379]"
0,centroid,1,60,Braga,Braga,"[""Braga"", ""Gemini"", ""Xtreme"", ""Vega"", ""Turbine""]","[0.7419193387031555, 0.3914662003517151, 0.37446296215057373, 0.229097381234169, 0.20330369472503662]"
0,centroid,1,61,Braga,Mytikas,"[""Mytikas"", ""Triton"", ""Turbine"", ""Braga"", ""Castor""]","[0.7146966457366943, 0.7098796367645264, 0.6151736378669739, 0.5719040036201477, 0.5701097249984741]"
0,centroid,1,62,Braga,Braga,"[""Braga"", ""Alcatras"", ""Castor"", ""Turbine"", ""Trius""]","[0.7251062393188477, 0.598749041557312, 0.5247354507446289, 0.4320124387741089, 0.3180273175239563]"
0,centroid,1,63,Braga,Braga,"[""Braga"", ""Turbine"", ""Triton"", ""Trius"", ""Castor""]","[0.8813538551330566, 0.45835745334625244, 0.4201548099517822, 0.35987985134124756, 0.3358760476112366]"
0,centroid,1,64,Braga,Braga,"[""Braga"", ""Triton"", ""Alcatras"", ""Trius"", ""Mytikas""]","[0.9282301664352417, 0.5465570092201233, 0.5217356085777283, 0.5102143883705139, 0.483683705329895]"
0,centroid,1,65,Braga,Braga,"[""Braga"", ""Trius"", ""Triton"", ""Mytikas"", ""Alcatras""]","[0.9232444763183594, 0.5701302886009216, 0.5582661032676697, 0.4992428719997406, 0.4364577829837799]"
0,centroid,1,66,Braga,Braga,"[""Braga"", ""Trius"", ""Triton"", ""Alcatras"", ""Mytikas""]","[0.8611653447151184, 0.6382883787155151, 0.6215914487838745, 0.40878140926361084, 0.38499611616134644]"
0,centroid,1,67,Braga,Braga,"[""Braga"", ""Alcatras"", ""Alaris"", ""Trius"", ""Castor""]","[0.7558886408805847, 0.6931127905845642, 0.5402563810348511, 0.49283626675605774, 0.4408441185951233]"
0,centroid,1,68,Braga,Braga,"[""Braga"", ""Triton"", ""Trius"", ""Mytikas"", ""Alcatras""]","[0.86451256275177, 0.6715211272239685, 0.6573474407196045, 0.44439932703971863, 0.3838195204734802]"
0,centroid,1,69,Braga,Braga,"[""Braga"", ""Triton"", ""Castor"", ""Mytikas"", ""Trius""]","[0.7648477554321289, 0.578406810760498, 0.5673750638961792, 0.4018568694591522, 0.3806077241897583]"
0,centroid,1,70,Braga,Braga,"[""Braga"", ""Trius"", ""Triton"", ""Mytikas"", ""Alcatras""]","[0.8659474849700928, 0.6909947395324707, 0.5099413394927979, 0.435014009475708, 0.40335574746131897]"
0,centroid,1,71,Braga,Braga,"[""Braga"", ""Castor"", ""Alcatras"", ""Turbine"", ""Mytikas""]","[0.8066349625587463, 0.5310578346252441, 0.4840134382247925, 0.4796912372112274, 0.46614620089530945]"
0,centroid,1,72,Braga,Braga,"[""Braga"", ""Turbine"", ""Gemini"", ""Triton"", ""Trius""]","[0.6446467638015747, 0.5372059345245361, 0.3844528794288635, 0.36404407024383545, 0.3538445830345154]"
0,centroid,1,73,Braga,Braga,"[""Braga"", ""Castor"", ""Turbine"", ""Alcatras"", ""Hawk""]","[0.6880345940589905, 0.6672019958496094, 0.5075535178184509, 0.41390329599380493, 0.3873450756072998]"
0,centroid,1,74,Braga,Braga,"[""Braga"", ""Trius"", ""Triton"", ""Vega"", ""Gemini""]","[0.8497337698936462, 0.42300301790237427, 0.4097275733947754, 0.4061551094055176, 0.36644792556762695]"
0,centroid,1,75,Braga,Trius,"[""Trius"", ""Braga"", ""Triton"", ""Mytikas"", ""Gemini""]","[0.7536993026733398, 0.6926087141036987, 0.6851457357406616, 0.5739859938621521, 0.524253249168396]"
0,centroid,1,76,Braga,Triton,"[""Triton"", ""Mytikas"", ""Trius"", ""Castor"", ""Alcatras""]","[0.8448712825775146, 0.7478852272033691, 0.7187017798423767, 0.5829418897628784, 0.5311994552612305]"
0,centroid,1,77,Braga,Triton,"[""Triton"", ""Mytikas"", ""Ilias"", ""Trius"", ""Velorum""]","[0.7467190027236938, 0.6760784387588501, 0.4497622847557068, 0.44791361689567566, 0.3735661506652832]"
0,centroid,1,78,Braga,Braga,"[""Braga"", ""Triton"", ""Trius"", ""Alcatras"", ""Castor""]","[0.925951361656189, 0.5072526335716248, 0.4864042103290558, 0.402898907661438, 0.3876110911369324]"
0,centroid,1,79,Braga,Braga,"[""Braga"", ""Hawk"", ""Turbine"", ""Alcatras"", ""Gemini""]","[0.7655231952667236, 0.6875016093254089, 0.4464910626411438, 0.35287246108055115, 0.3408930003643036]"
0,centroid,1,80,Braga,Braga,"[""Braga"", ""Triton"", ""Trius"", ""Mytikas"", ""Castor""]","[0.8605846166610718, 0.6430796384811401, 0.5834842324256897, 0.5345866680145264, 0.5077341198921204]"
0,centroid,1,81,Braga,Braga,"[""Braga"", ""Triton"", ""Trius"", ""Mytikas"", ""Alcatras""]","[0.811617374420166, 0.6524749398231506, 0.5664459466934204, 0.5564270615577698, 0.40752220153808594]"
0,centroid,1,82,Braga,Braga,"[""Braga"", ""Alcatras"", ""Castor"", ""Hawk"", ""Trius""]","[0.9207116365432739, 0.5871164798736572, 0.4132903218269348, 0.2948508560657501, 0.2919355034828186]"
0,centroid,1,83,Braga,Vega,"[""Vega"", ""Triton"", ""Trius"", ""Braga"", ""Gemini""]","[0.5177921652793884, 0.36535823345184326, 0.33228033781051636, 0.3282472491264343, 0.3012080192565918]"
0,centroid,1,84,Braga,Braga,"[""Braga"", ""Turbine"", ""Alaris"", ""Vega"", ""Alcatras""]","[0.7478194236755371, 0.661065936088562, 0.6089329719543457, 0.5411789417266846, 0.5389807820320129]"
0,centroid,1,85,Braga,Braga,"[""Braga"", ""Hawk"", ""Triton"", ""Trius"", ""Gemini""]","[0.8322484493255615, 0.4667980670928955, 0.4142572581768036, 0.40887337923049927, 0.26544469594955444]"
0,centroid,1,86,Braga,Braga,"[""Braga"", ""Turbine"", ""Alcatras"", ""Alaris"", ""Castor""]","[0.8820348978042603, 0.46605297923088074, 0.4618169665336609, 0.43816831707954407, 0.4183877110481262]"
0,centroid,1,87,Braga,Braga,"[""Braga"", ""Hawk"", ""Turbine"", ""Vega"", ""Gemini""]","[0.7348875403404236, 0.5602037906646729, 0.4904969334602356, 0.4702185094356537, 0.3087078928947449]"
0,centroid,1,88,Braga,Braga,"[""Braga"", ""Triton"", ""Turbine"", ""Trius"", ""Castor""]","[0.8210157752037048, 0.5900549292564392, 0.5726892352104187, 0.526578426361084, 0.46718963980674744]"
0,centroid,1,89,Braga,Braga,"[""Braga"", ""Trius"", ""Triton"", ""Turbine"", ""Alcatras""]","[0.9445831775665283, 0.5369539260864258, 0.47753939032554626, 0.44191282987594604, 0.43742603063583374]"
0,centroid,1,90,Braga,Braga,"[""Braga"", ""Trius"", ""Triton"", ""Gemini"", ""Alaris""]","[0.8736860752105713, 0.5411872267723083, 0.4365869164466858, 0.37463030219078064, 0.3431578278541565]"
0,centroid,1,91,Braga,Braga,"[""Braga"", ""Turbine"", ""Hawk"", ""Triton"", ""Mytikas""]","[0.8153629302978516, 0.5257176160812378, 0.5139575600624084, 0.4738442599773407, 0.3742639422416687]"
0,centroid,1,92,Castor,Castor,"[""Castor"", ""Mytikas"", ""Triton"", ""Trius"", ""Alcatras""]","[0.8627381920814514, 0.699472188949585, 0.5910053849220276, 0.3564360737800598, 0.3467656373977661]"
0,centroid,1,93,Castor,Castor,"[""Castor"", ""Triton"", ""Alcatras"", ""Braga"", ""Mytikas""]","[0.8754185438156128, 0.6543103456497192, 0.46281108260154724, 0.4474170506000519, 0.4089609384536743]"
0,centroid,1,94,Castor,Castor,"[""Castor"", ""Alcatras"", ""Mytikas"", ""Braga"", ""Triton""]","[0.8916366100311279, 0.6119163036346436, 0.5742236375808716, 0.5567963719367981, 0.5539500117301941]"
0,centroid,1,95,Castor,Castor,"[""Castor"", ""Turbine"", ""Triton"", ""Mytikas"", ""Alcatras""]","[0.8709366321563721, 0.45203134417533875, 0.2299928367137909, 0.16279619932174683, 0.15324151515960693]"
0,centroid,1,96,Castor,Castor,"[""Castor"", ""Alcatras"", ""Turbine"", ""Alaris"", ""Mytikas""]","[0.8005216717720032, 0.639296293258667, 0.5716660022735596, 0.4275895357131958, 0.25917619466781616]"
0,centroid,1,97,Castor,Castor,"[""Castor"", ""Turbine"", ""Alcatras"", ""Triton"", ""Mytikas""]","[0.9095786809921265, 0.4367922842502594, 0.43221545219421387, 0.41705989837646484, 0.3641923666000366]"
0,centroid,1,98,Castor,Castor,"[""Castor"", ""Triton"", ""Alcatras"", ""Turbine"", ""Trius""]","[0.8769073486328125, 0.4780272841453552, 0.3815757632255554, 0.32999876141548157, 0.31315159797668457]"
0,centroid,1,99,Castor,Castor,"[""Castor"", ""Braga"", ""Alcatras"", ""Triton"", ""Mytikas""]","[0.9057319760322571, 0.5906572341918945, 0.5521790981292725, 0.48229432106018066, 0.4646926820278168]"
0,centroid,1,100,Castor,Castor,"[""Castor"", ""Alcatras"", ""Braga"", ""Alaris"", ""Turbine""]","[0.6717573404312134, 0.6020355820655823, 0.5378069281578064, 0.4971097409725189, 0.477368026971817]"
0,centroid,1,101,Castor,Alcatras,"[""Alcatras"", ""Castor"", ""Braga"", ""Alaris"", ""Mytikas""]","[0.8678194284439087, 0.6594598293304443, 0.4849887490272522, 0.4489526152610779, 0.40532124042510986]"
0,centroid,1,102,Castor,Castor,"[""Castor"", ""Triton"", ""Mytikas"", ""Trius"", ""Turbine""]","[0.8457236289978027, 0.564551830291748, 0.546405553817749, 0.3236231803894043, 0.1863657534122467]"
0,centroid,1,103,Castor,Castor,"[""Castor"", ""Triton"", ""Turbine"", ""Trius"", ""Mytikas""]","[0.8362991213798523, 0.3773344159126282, 0.3707217276096344, 0.2667950391769409, 0.2517785429954529]"
0,centroid,1,104,Castor,Castor,"[""Castor"", ""Alcatras"", ""Braga"", ""Trius"", ""Alaris""]","[0.803362250328064, 0.7384672164916992, 0.5736759901046753, 0.48389559984207153, 0.4014040529727936]"
0,centroid,1,105,Castor,Castor,"[""Castor"", ""Alcatras"", ""Triton"", ""Braga"", ""Mytikas""]","[0.8119996786117554, 0.5651782155036926, 0.36161157488822937, 0.3441634476184845, 0.3309754431247711]"
0,centroid,1,106,Castor,Alcatras,"[""Alcatras"", ""Castor"", ""Braga"", ""Alaris"", ""Trius""]","[0.8797848224639893, 0.7910606861114502, 0.5525878071784973, 0.5420405864715576, 0.40678277611732483]"
0,centroid,1,107,Castor,Castor,"[""Castor"", ""Mytikas"", ""Alcatras"", ""Triton"", ""Braga""]","[0.8691449165344238, 0.5805450677871704, 0.5709406137466431, 0.537634015083313, 0.5232661962509155]"
0,centroid,1,108,Castor,Castor,"[""Castor"", ""Triton"", ""Braga"", ""Trius"", ""Mytikas""]","[0.8132320642471313, 0.6613247394561768, 0.5490201711654663, 0.40591537952423096, 0.39622408151626587]"
0,centroid,1,109,Castor,Castor,"[""Castor"", ""Turbine"", ""Alcatras"", ""Mytikas"", ""Braga""]","[0.8511592149734497, 0.3534609377384186, 0.3425200581550598, 0.2277783900499344, 0.21748363971710205]"
0,centroid,1,110,Castor,Castor,"[""Castor"", ""Alcatras"", ""Velorum"", ""Triton"", ""Mytikas""]","[0.85779869556427, 0.5326830148696899, 0.4654821753501892, 0.4024858772754669, 0.3981706500053406]"
0,centroid,1,111,Castor,Castor,"[""Castor"", ""Alcatras"", ""Triton"", ""Mytikas"", ""Turbine""]","[0.8348360061645508, 0.5953480005264282, 0.5378931164741516, 0.46424272656440735, 0.365257203578949]"
0,centroid,1,112,Castor,Castor,"[""Castor"", ""Alcatras"", ""Mytikas"", ""Trius"", ""Triton""]","[0.8835510611534119, 0.5539374947547913, 0.4665391147136688, 0.46563535928726196, 0.4469403028488159]"
0,centroid,1,113,Castor,Castor,"[""Castor"", ""Mytikas"", ""Alcatras"", ""Triton"", ""Braga""]","[0.8647652268409729, 0.5866590738296509, 0.5239614248275757, 0.40288639068603516, 0.33945679664611816]"
0,centroid,1,114,Castor,Castor,"[""Castor"", ""Alcatras"", ""Braga"", ""Turbine"", ""Triton""]","[0.9007425308227539, 0.43983060121536255, 0.3644496202468872, 0.2830580174922943, 0.25664156675338745]"
0,centroid,1,115,Castor,Castor,"[""Castor"", ""Alcatras"", ""Alaris"", ""Braga"", ""Triton""]","[0.8492891192436218, 0.5776094198226929, 0.38604944944381714, 0.37728357315063477, 0.24637719988822937]"
0,centroid,1,116,Castor,Castor,"[""Castor"", ""Mytikas"", ""Triton"", ""Alcatras"", ""Trius""]","[0.8408737778663635, 0.5244325995445251, 0.5172616243362427, 0.3302391469478607, 0.3165309429168701]"
0,centroid,1,117,Castor,Castor,"[""Castor"", ""Turbine"", ""Alcatras"", ""Braga"", ""Triton""]","[0.8902577757835388, 0.6669370532035828, 0.4502025544643402, 0.43302515149116516, 0.27532708644866943]"
0,centroid,1,118,Castor,Castor,"[""Castor"", ""Triton"", ""Mytikas"", ""Alcatras"", ""Velorum""]","[0.8675033450126648, 0.5534437894821167, 0.4319615364074707, 0.365458220243454, 0.30645105242729187]"
0,centroid,1,119,Castor,Castor,"[""Castor"", ""Alcatras"", ""Triton"", ""Turbine"", ""Mytikas""]","[0.9303733110427856, 0.5037184357643127, 0.41666147112846375, 0.33354663848876953, 0.2980162501335144]"
0,centroid,1,120,Castor,Castor,"[""Castor"", ""Alcatras"", ""Turbine"", ""Mytikas"", ""Triton""]","[0.8492558002471924, 0.5897026062011719, 0.5138431787490845, 0.3399520516395569, 0.33628779649734497]"
0,centroid,1,121,Castor,Castor,"[""Castor"", ""Triton"", ""Mytikas"", ""Alcatras"", ""Turbine""]","[0.9779055118560791, 0.510535717010498, 0.4714115858078003, 0.4639073610305786, 0.3926546573638916]"
0,centroid,1,122,Castor,Castor,"[""Castor"", ""Turbine"", ""Alcatras"", ""Braga"", ""Triton""]","[0.914223313331604, 0.5721979141235352, 0.5119232535362244, 0.3381768763065338, 0.2415856122970581]"
0,centroid,1,123,Castor,Castor,"[""Castor"", ""Alcatras"", ""Turbine"", ""Triton"", ""Mytikas""]","[0.8968464136123657, 0.6345942616462708, 0.4883737564086914, 0.3754541873931885, 0.35567864775657654]"
0,centroid,1,124,Denom,Denom,"[""Denom"", ""Ilias"", ""Velorum"", ""Nivalis"", ""Ratikon""]","[0.7418099641799927, 0.6900038123130798, 0.5844112634658813, 0.5447548627853394, 0.49015548825263977]"
0,centroid,1,125,Denom,Denom,"[""Denom"", ""Ratikon"", ""Ilias"", ""Nivalis"", ""Velorum""]","[0.954789936542511, 0.7048773765563965, 0.6786524057388306, 0.6203575730323792, 0.3090630769729614]"
0,centroid,1,126,Denom,Denom,"[""Denom"", ""Ratikon"", ""Nivalis"", ""Ilias"", ""Velorum""]","[0.9647650122642517, 0.675492525100708, 0.6319007873535156, 0.6099298000335693, 0.41168487071990967]"
0,centroid,1,127,Denom,Denom,"[""Denom"", ""Nivalis"", ""Ratikon"", ""Ilias"", ""Velorum""]","[0.8511497378349304, 0.8031152486801147, 0.6543642282485962, 0.645796537399292, 0.4251830577850342]"
0,centroid,1,128,Denom,Denom,"[""Denom"", ""Ilias"", ""Ratikon"", ""Nivalis"", ""Velorum""]","[0.925493061542511, 0.7394036054611206, 0.7218949794769287, 0.6241843104362488, 0.25389814376831055]"
0,centroid,1,129,Denom,Denom,"[""Denom"", ""Ratikon"", ""Nivalis"", ""Ilias"", ""Velorum""]","[0.9101940989494324, 0.4740886986255646, 0.45738449692726135, 0.3794833719730377, 0.2648925483226776]"
0,centroid,1,130,Denom,Ratikon,"[""Ratikon"", ""Denom"", ""Steel_Wheel"", ""Nivalis"", ""Ilias""]","[0.5562248229980469, 0.4600149393081665, 0.4316577613353729, 0.3258262872695923, 0.30579233169555664]"
0,centroid,1,131,Denom,Denom,"[""Denom"", ""Nivalis"", ""Ratikon"", ""Ilias"", ""Velorum""]","[0.8817355036735535, 0.7449946403503418, 0.7136008739471436, 0.5496389865875244, 0.3914995789527893]"
0,centroid,1,132,Denom,Denom,"[""Denom"", ""Ratikon"", ""Nivalis"", ""Ilias"", ""Velorum""]","[0.8750033974647522, 0.6763705015182495, 0.4234744608402252, 0.42185553908348083, 0.1332974135875702]"
0,centroid,1,133,Denom,Denom,"[""Denom"", ""Ilias"", ""Ratikon"", ""Nivalis"", ""Velorum""]","[0.8967423439025879, 0.6871908903121948, 0.6807395219802856, 0.6119198799133301, 0.37358877062797546]"
0,centroid,1,134,Denom,Denom,"[""Denom"", ""Velorum"", ""Ilias"", ""Nivalis"", ""Ratikon""]","[0.7477449178695679, 0.5488717555999756, 0.5062651634216309, 0.2982112765312195, 0.29224807024002075]"
0,centroid,1,135,Denom,Denom,"[""Denom"", ""Ratikon"", ""Nivalis"", ""Ilias"", ""Velorum""]","[0.8896440267562866, 0.6456159353256226, 0.5263766050338745, 0.4869668185710907, 0.13159964978694916]"
0,centroid,1,136,Denom,Ratikon,"[""Ratikon"", ""Denom"", ""Nivalis"", ""Ilias"", ""Gemini""]","[0.7349767684936523, 0.7304364442825317, 0.5572806596755981, 0.458935409784317, 0.1285409778356552]"
0,centroid,1,137,Denom,Denom,"[""Denom"", ""Ratikon"", ""Ilias"", ""Velorum"", ""Nivalis""]","[0.8380076885223389, 0.7349448204040527, 0.6951121091842651, 0.5377222299575806, 0.5080545544624329]"
0,centroid,1,138,Denom,Denom,"[""Denom"", ""Ratikon"", ""Ilias"", ""Nivalis"", ""Velorum""]","[0.9006096124649048, 0.7220781445503235, 0.6525204181671143, 0.6392427086830139, 0.47192704677581787]"
0,centroid,1,139,Denom,Denom,"[""Denom"", ""Ratikon"", ""Ilias"", ""Nivalis"", ""Velorum""]","[0.8473030924797058, 0.5903750658035278, 0.531792402267456, 0.4729909300804138, 0.3426972031593323]"
0,centroid,1,140,Denom,Denom,"[""Denom"", ""Ratikon"", ""Nivalis"", ""Ilias"", ""Velorum""]","[0.9252427220344543, 0.766217052936554, 0.6815263628959656, 0.6479674577713013, 0.1597307026386261]"
0,centroid,1,141,Denom,Denom,"[""Denom"", ""Ilias"", ""Ratikon"", ""Nivalis"", ""Velorum""]","[0.9414569735527039, 0.6336342096328735, 0.5502752065658569, 0.43142634630203247, 0.36647284030914307]"
0,centroid,1,142,Denom,Denom,"[""Denom"", ""Ratikon"", ""Nivalis"", ""Ilias"", ""Velorum""]","[0.9516552686691284, 0.6319363713264465, 0.581195056438446, 0.4649193584918976, 0.20037953555583954]"
0,centroid,1,143,Denom,Denom,"[""Denom"", ""Ratikon"", ""Nivalis"", ""Ilias"", ""Velorum""]","[0.8809249401092529, 0.5725923776626587, 0.5049050450325012, 0.409084677696228, 0.1930980682373047]"
0,centroid,1,144,Denom,Denom,"[""Denom"", ""Ratikon"", ""Ilias"", ""Nivalis"", ""Gemini""]","[0.9410147666931152, 0.655245840549469, 0.5530529022216797, 0.4368879199028015, 0.14180850982666016]"
0,centroid,1,145,Denom,Denom,"[""Denom"", ""Ratikon"", ""Ilias"", ""Nivalis"", ""Velorum""]","[0.8706893920898438, 0.660705029964447, 0.5471117496490479, 0.4837801456451416, 0.12452273070812225]"
0,centroid,1,146,Denom,Denom,"[""Denom"", ""Ilias"", ""Nivalis"", ""Ratikon"", ""Velorum""]","[0.9394633173942566, 0.5987842082977295, 0.5603816509246826, 0.5560380816459656, 0.4619581401348114]"
0,centroid,1,147,Denom,Ratikon,"[""Ratikon"", ""Ilias"", ""Nivalis"", ""Denom"", ""Velorum""]","[0.7005875110626221, 0.7000585794448853, 0.6873497366905212, 0.6678394079208374, 0.6515942215919495]"
0,centroid,1,148,Denom,Denom,"[""Denom"", ""Ratikon"", ""Nivalis"", ""Ilias"", ""Vega""]","[0.7944948673248291, 0.7576524019241333, 0.5202374458312988, 0.4090289771556854, 0.008080828934907913]"
0,centroid,1,149,Denom,Denom,"[""Denom"", ""Nivalis"", ""Ratikon"", ""Ilias"", ""Velorum""]","[0.8594498038291931, 0.7712656259536743, 0.6002105474472046, 0.46969956159591675, 0.3237927258014679]"
0,centroid,1,150,Denom,Denom,"[""Denom"", ""Ilias"", ""Ratikon"", ""Nivalis"", ""Velorum""]","[0.9209696650505066, 0.6587675213813782, 0.6565708518028259, 0.6010467410087585, 0.25937309861183167]"
0,centroid,1,151,Denom,Denom,"[""Denom"", ""Nivalis"", ""Ilias"", ""Ratikon"", ""Velorum""]","[0.7978527545928955, 0.4445245563983917, 0.4285202920436859, 0.4250030219554901, 0.35450026392936707]"
0,centroid,1,152,Denom,Denom,"[""Denom"", ""Ilias"", ""Ratikon"", ""Nivalis"", ""Velorum""]","[0.8425803184509277, 0.7873951196670532, 0.7364827394485474, 0.7057830691337585, 0.6087675094604492]"
0,centroid,1,153,Denom,Denom,"[""Denom"", ""Ilias"", ""Nivalis"", ""Ratikon"", ""Velorum""]","[0.8354319334030151, 0.6323891878128052, 0.5919904112815857, 0.4934501647949219, 0.40137726068496704]"
0,centroid,1,154,Denom,Denom,"[""Denom"", ""Ilias"", ""Ratikon"", ""Nivalis"", ""Velorum""]","[0.9427764415740967, 0.6769706606864929, 0.6138392686843872, 0.6116048097610474, 0.4561724364757538]"
0,centroid,1,155,Denom,Denom,"[""Denom"", ""Ratikon"", ""Ilias"", ""Nivalis"", ""Gemini""]","[0.8406327962875366, 0.6660045981407166, 0.5234687924385071, 0.36323776841163635, 0.16142015159130096]"
0,centroid,1,156,Denom,Denom,"[""Denom"", ""Ratikon"", ""Nivalis"", ""Ilias"", ""Velorum""]","[0.9177823066711426, 0.6585362553596497, 0.5315787196159363, 0.47684186697006226, 0.31560635566711426]"
0,centroid,1,157,Denom,Denom,"[""Denom"", ""Nivalis"", ""Ratikon"", ""Ilias"", ""Velorum""]","[0.8593396544456482, 0.6220329999923706, 0.5805436372756958, 0.5079159736633301, 0.4160045385360718]"
0,centroid,1,158,Denom,Denom,"[""Denom"", ""Nivalis"", ""Velorum"", ""Ratikon"", ""Ilias""]","[0.8651367425918579, 0.6545127630233765, 0.5409961938858032, 0.45829397439956665, 0.42331284284591675]"
0,centroid,1,159,Denom,Denom,"[""Denom"", ""Ratikon"", ""Ilias"", ""Velorum"", ""Nivalis""]","[0.8504040241241455, 0.7149178981781006, 0.6687218546867371, 0.5908288359642029, 0.5886940956115723]"
0,centroid,1,160,Denom,Denom,"[""Denom"", ""Ratikon"", ""Nivalis"", ""Ilias"", ""Velorum""]","[0.963486909866333, 0.6627125144004822, 0.6008877158164978, 0.5948460102081299, 0.2609372138977051]"
0,centroid,1,161,Denom,Denom,"[""Denom"", ""Ratikon"", ""Nivalis"", ""Ilias"", ""Velorum""]","[0.9211968183517456, 0.695847749710083, 0.5841304063796997, 0.40983402729034424, 0.16682395339012146]"
0,centroid,1,162,Gemini,Gemini,"[""Gemini"", ""Xtreme"", ""Trius"", ""Vega"", ""Ilias""]","[0.8061679601669312, 0.4965131878852844, 0.4341726303100586, 0.3671424388885498, 0.3124814033508301]"
0,centroid,1,163,Gemini,Gemini,"[""Gemini"", ""Xtreme"", ""Vega"", ""Hawk"", ""Ilias""]","[0.8265471458435059, 0.5304756760597229, 0.2350698709487915, 0.189167782664299, 0.05508340895175934]"
0,centroid,1,164,Gemini,Mytikas,"[""Mytikas"", ""Gemini"", ""Alaris"", ""Alcatras"", ""Hawk""]","[0.5855912566184998, 0.48947298526763916, 0.48212313652038574, 0.473082572221756, 0.4686416983604431]"
0,centroid,1,165,Gemini,Gemini,"[""Gemini"", ""Xtreme"", ""Braga"", ""Trius"", ""Ilias""]","[0.8872086405754089, 0.6786572933197021, 0.21811646223068237, 0.13640402257442474, 0.09573836624622345]"
0,centroid,1,166,Gemini,Gemini,"[""Gemini"", ""Vega"", ""Xtreme"", ""Braga"", ""Hawk""]","[0.8333492875099182, 0.5248018503189087, 0.39856821298599243, 0.2003389298915863, 0.17884191870689392]"
0,centroid,1,167,Gemini,Alaris,"[""Alaris"", ""Gemini"", ""Alcatras"", ""Braga"", ""Hawk""]","[0.6133582592010498, 0.5267268419265747, 0.49936628341674805, 0.48889702558517456, 0.4239461421966553]"
0,centroid,1,168,Gemini,Gemini,"[""Gemini"", ""Xtreme"", ""Vega"", ""Ilias"", ""Hawk""]","[0.9097844362258911, 0.4266124367713928, 0.3020775020122528, 0.1990860104560852, 0.17491517961025238]"
0,centroid,1,169,Gemini,Gemini,"[""Gemini"", ""Vega"", ""Trius"", ""Braga"", ""Mytikas""]","[0.7251068353652954, 0.5012694597244263, 0.4308016896247864, 0.320311576128006, 0.21002037823200226]"
0,centroid,1,170,Gemini,Gemini,"[""Gemini"", ""Vega"", ""Hawk"", ""Alaris"", ""Xtreme""]","[0.698238730430603, 0.42264431715011597, 0.34530800580978394, 0.27952349185943604, 0.266015887260437]"
0,centroid,1,171,Gemini,Gemini,"[""Gemini"", ""Xtreme"", ""Vega"", ""Trius"", ""Braga""]","[0.748849630355835, 0.5813947319984436, 0.45721063017845154, 0.2635490298271179, 0.22343072295188904]"
0,centroid,1,172,Gemini,Gemini,"[""Gemini"", ""Xtreme"", ""Vega"", ""Trius"", ""Hawk""]","[0.8933670520782471, 0.3871477246284485, 0.2582855820655823, 0.19607815146446228, 0.1915050595998764]"
0,centroid,1,173,Gemini,Gemini,"[""Gemini"", ""Vega"", ""Braga"", ""Trius"", ""Alaris""]","[0.8087151050567627, 0.6645326018333435, 0.3356945216655731, 0.3264647126197815, 0.32265210151672363]"
0,centroid,1,174,Gemini,Gemini,"[""Gemini"", ""Trius"", ""Braga"", ""Vega"", ""Xtreme""]","[0.8570553064346313, 0.5629967451095581, 0.5237594246864319, 0.4615343511104584, 0.3176620900630951]"
0,centroid,1,175,Gemini,Gemini,"[""Gemini"", ""Xtreme"", ""Vega"", ""Hawk"", ""Braga""]","[0.9025670886039734, 0.4875444769859314, 0.2704192101955414, 0.23463572561740875, 0.20154431462287903]"
0,centroid,1,176,Gemini,Gemini,"[""Gemini"", ""Xtreme"", ""Mytikas"", ""Trius"", ""Steel_Wheel""]","[0.6925209164619446, 0.5673109292984009, 0.4574678838253021, 0.42470312118530273, 0.3117717504501343]"
0,centroid,1,177,Gemini,Gemini,"[""Gemini"", ""Xtreme"", ""Hawk"", ""Denom"", ""Braga""]","[0.772940993309021, 0.505647599697113, 0.2387678474187851, 0.22183223068714142, 0.21332545578479767]"
0,centroid,1,178,Gemini,Gemini,"[""Gemini"", ""Trius"", ""Triton"", ""Xtreme"", ""Braga""]","[0.7397874593734741, 0.6531164646148682, 0.4956735074520111, 0.48025840520858765, 0.40815988183021545]"
0,centroid,1,179,Gemini,Gemini,"[""Gemini"", ""Xtreme"", ""Ilias"", ""Denom"", ""Trius""]","[0.7252411842346191, 0.6440753936767578, 0.48009049892425537, 0.2984165549278259, 0.26217907667160034]"
0,centroid,1,180,Gemini,Gemini,"[""Gemini"", ""Xtreme"", ""Trius"", ""Triton"", ""Braga""]","[0.7566952705383301, 0.593633770942688, 0.4988163709640503, 0.3951250910758972, 0.3233482241630554]"
0,centroid,1,181,Gemini,Gemini,"[""Gemini"", ""Xtreme"", ""Braga"", ""Trius"", ""Vega""]","[0.8918741345405579, 0.5058515071868896, 0.3810575008392334, 0.3257635831832886, 0.31487950682640076]"
0,centroid,1,182,Gemini,Gemini,"[""Gemini"", ""Xtreme"", ""Braga"", ""Trius"", ""Triton""]","[0.8691964745521545, 0.5496338605880737, 0.4809474050998688, 0.46182966232299805, 0.3840191960334778]"
0,centroid,1,183,Gemini,Gemini,"[""Gemini"", ""Xtreme"", ""Vega"", ""Trius"", ""Ilias""]","[0.9345834255218506, 0.5757757425308228, 0.21040579676628113, 0.19436505436897278, 0.16501674056053162]"
0,centroid,1,184,Gemini,Gemini,"[""Gemini"", ""Trius"", ""Xtreme"", ""Ilias"", ""Braga""]","[0.9230777025222778, 0.4221169352531433, 0.42062559723854065, 0.26095524430274963, 0.24199587106704712]"
0,centroid,1,185,Gemini,Gemini,"[""Gemini"", ""Xtreme"", ""Vega"", ""Hawk"", ""Ilias""]","[0.9176938533782959, 0.558040201663971, 0.23426084220409393, 0.21639932692050934, 0.17582042515277863]"
0,centroid,1,186,Gemini,Gemini,"[""Gemini"", ""Xtreme"", ""Braga"", ""Trius"", ""Vega""]","[0.7974591255187988, 0.5291614532470703, 0.30214953422546387, 0.277726411819458, 0.25400128960609436]"
0,centroid,1,187,Gemini,Gemini,"[""Gemini"", ""Braga"", ""Vega"", ""Trius"", ""Xtreme""]","[0.7919158935546875, 0.4637921154499054, 0.46008968353271484, 0.3719862699508667, 0.3197157084941864]"
0,centroid,1,188,Gemini,Gemini,"[""Gemini"", ""Xtreme"", ""Ilias"", ""Trius"", ""Hawk""]","[0.8763669729232788, 0.5291023254394531, 0.1762663573026657, 0.1706729680299759, 0.15919792652130127]"
0,centroid,1,189,Gemini,Gemini,"[""Gemini"", ""Xtreme"", ""Mytikas"", ""Trius"", ""Triton""]","[0.7717622518539429, 0.570298433303833, 0.4082762598991394, 0.40066754817962646, 0.32249441742897034]"
0,centroid,1,190,Hawk,Hawk,"[""Hawk"", ""Mytikas"", ""Velorum"", ""Turbine"", ""Alaris""]","[0.7747253179550171, 0.3664736747741699, 0.36034882068634033, 0.3451557159423828, 0.32720375061035156]"
0,centroid,1,191,Hawk,Hawk,"[""Hawk"", ""Turbine"", ""Alaris"", ""Vega"", ""Braga""]","[0.9432912468910217, 0.5470758676528931, 0.4654894471168518, 0.3390263319015503, 0.33063527941703796]"
0,centroid,1,192,Hawk,Hawk,"[""Hawk"", ""Alcatras"", ""Alaris"", ""Vega"", ""Braga""]","[0.9037015438079834, 0.5670081377029419, 0.5164134502410889, 0.4216260015964508, 0.35494351387023926]"
0,centroid,1,193,Hawk,Hawk,"[""Hawk"", ""Mytikas"", ""Turbine"", ""Alaris"", ""Triton""]","[0.7190731763839722, 0.5002819895744324, 0.39647138118743896, 0.168116495013237, 0.1496869921684265]"
0,centroid,1,194,Hawk,Hawk,"[""Hawk"", ""Alaris"", ""Turbine"", ""Alcatras"", ""Castor""]","[0.8022950887680054, 0.6324062347412109, 0.53509122133255, 0.5111145377159119, 0.2879303991794586]"
0,centroid,1,195,Hawk,Hawk,"[""Hawk"", ""Vega"", ""Turbine"", ""Alaris"", ""Mytikas""]","[0.743358314037323, 0.5750383138656616, 0.30710524320602417, 0.2866310477256775, 0.15355125069618225]"
0,centroid,1,196,Hawk,Hawk,"[""Hawk"", ""Turbine"", ""Vega"", ""Alaris"", ""Braga""]","[0.819062352180481, 0.3237426280975342, 0.23842287063598633, 0.20581066608428955, 0.12439610064029694]"
0,centroid,1,197,Hawk,Hawk,"[""Hawk"", ""Alcatras"", ""Alaris"", ""Vega"", ""Turbine""]","[0.8641480207443237, 0.6160195469856262, 0.567837119102478, 0.3937687277793884, 0.30138254165649414]"
0,centroid,1,198,Hawk,Hawk,"[""Hawk"", ""Alcatras"", ""Alaris"", ""Turbine"", ""Vega""]","[0.9095809459686279, 0.3704897463321686, 0.3290506601333618, 0.32623475790023804, 0.24227140843868256]"
0,centroid,1,199,Hawk,Hawk,"[""Hawk"", ""Alcatras"", ""Braga"", ""Alaris"", ""Turbine""]","[0.934528112411499, 0.3764020800590515, 0.3200224041938782, 0.31743261218070984, 0.29805630445480347]"
0,centroid,1,200,Hawk,Alcatras,"[""Alcatras"", ""Alaris"", ""Hawk"", ""Trius"", ""Braga""]","[0.7635258436203003, 0.6530245542526245, 0.6196013689041138, 0.594886302947998, 0.47387877106666565]"
0,centroid,1,201,Hawk,Hawk,"[""Hawk"", ""Vega"", ""Alaris"", ""Turbine"", ""Alcatras""]","[0.8137452006340027, 0.6339346170425415, 0.484610378742218, 0.3461386561393738, 0.1968078315258026]"
0,centroid,1,202,Hawk,Hawk,"[""Hawk"", ""Vega"", ""Alaris"", ""Turbine"", ""Gemini""]","[0.9403383731842041, 0.4167819023132324, 0.3691064417362213, 0.29990866780281067, 0.1819208264350891]"
0,centroid,1,203,Hawk,Hawk,"[""Hawk"", ""Alaris"", ""Alcatras"", ""Turbine"", ""Braga""]","[0.9210895299911499, 0.4594728946685791, 0.36352139711380005, 0.32004880905151367, 0.23197460174560547]"
0,centroid,1,204,Hawk,Hawk,"[""Hawk"", ""Alaris"", ""Alcatras"", ""Turbine"", ""Vega""]","[0.8967957496643066, 0.6431540250778198, 0.45318251848220825, 0.4171672463417053, 0.40383395552635193]"
0,centroid,1,205,Hawk,Hawk,"[""Hawk"", ""Turbine"", ""Vega"", ""Alaris"", ""Mytikas""]","[0.9087219834327698, 0.3411862552165985, 0.28322896361351013, 0.27267754077911377, 0.15565136075019836]"
0,centroid,1,206,Hawk,Hawk,"[""Hawk"", ""Turbine"", ""Braga"", ""Mytikas"", ""Alaris""]","[0.8747742176055908, 0.3843728303909302, 0.2796947956085205, 0.13858704268932343, 0.1309681236743927]"
0,centroid,1,207,Hawk,Hawk,"[""Hawk"", ""Turbine"", ""Alaris"", ""Vega"", ""Alcatras""]","[0.9520145058631897, 0.3624359369277954, 0.29204320907592773, 0.270214319229126, 0.24304211139678955]"
0,centroid,1,208,Hawk,Hawk,"[""Hawk"", ""Braga"", ""Turbine"", ""Gemini"", ""Vega""]","[0.9376716017723083, 0.3479730188846588, 0.2564380168914795, 0.23914259672164917, 0.22213810682296753]"
0,centroid,1,209,Hawk,Hawk,"[""Hawk"", ""Alaris"", ""Vega"", ""Turbine"", ""Alcatras""]","[0.8951743841171265, 0.42025235295295715, 0.3951144218444824, 0.27190595865249634, 0.2519780993461609]"
0,centroid,1,210,Hawk,Hawk,"[""Hawk"", ""Alaris"", ""Mytikas"", ""Alcatras"", ""Braga""]","[0.5546563863754272, 0.4295167326927185, 0.40975022315979004, 0.3842526078224182, 0.3151416778564453]"
0,centroid,1,211,Hawk,Hawk,"[""Hawk"", ""Vega"", ""Turbine"", ""Gemini"", ""Alaris""]","[0.9022630453109741, 0.34171122312545776, 0.25036391615867615, 0.22114108502864838, 0.2186976671218872]"
0,centroid,1,212,Hawk,Hawk,"[""Hawk"", ""Turbine"", ""Vega"", ""Braga"", ""Alaris""]","[0.9100031852722168, 0.4326236844062805, 0.30517852306365967, 0.2567519545555115, 0.24441316723823547]"
0,centroid,1,213,Hawk,Hawk,"[""Hawk"", ""Turbine"", ""Braga"", ""Xtreme"", ""Vega""]","[0.8182401061058044, 0.45570361614227295, 0.27996477484703064, 0.26105451583862305, 0.184851735830307]"
0,centroid,1,214,Hawk,Hawk,"[""Hawk"", ""Vega"", ""Turbine"", ""Alaris"", ""Gemini""]","[0.7687614560127258, 0.6006797552108765, 0.44811373949050903, 0.44398757815361023, 0.15311454236507416]"
0,centroid,1,215,Hawk,Hawk,"[""Hawk"", ""Turbine"", ""Vega"", ""Braga"", ""Mytikas""]","[0.8906221985816956, 0.42633676528930664, 0.369011253118515, 0.35536012053489685, 0.3309512138366699]"
0,centroid,1,216,Ilias,Ilias,"[""Ilias"", ""Velorum"", ""Denom"", ""Nivalis"", ""Ratikon""]","[0.8583412766456604, 0.5994225740432739, 0.5231849551200867, 0.4766015410423279, 0.37156906723976135]"
0,centroid,1,217,Ilias,Ilias,"[""Ilias"", ""Ratikon"", ""Denom"", ""Velorum"", ""Nivalis""]","[0.9190794229507446, 0.6578689813613892, 0.48601365089416504, 0.37828347086906433, 0.3508695363998413]"
0,centroid,1,218,Ilias,Ilias,"[""Ilias"", ""Ratikon"", ""Nivalis"", ""Denom"", ""Velorum""]","[0.8176324367523193, 0.6229008436203003, 0.45672276616096497, 0.4518290162086487, 0.3360428512096405]"
0,centroid,1,219,Ilias,Ilias,"[""Ilias"", ""Ratikon"", ""Denom"", ""Nivalis"", ""Velorum""]","[0.8684018850326538, 0.6181331872940063, 0.5794681310653687, 0.4427846074104309, 0.2703639268875122]"
0,centroid,1,220,Ilias,Ilias,"[""Ilias"", ""Ratikon"", ""Denom"", ""Nivalis"", ""Triton""]","[0.907128095626831, 0.700657844543457, 0.5852686166763306, 0.501402735710144, 0.3612373471260071]"
0,centroid,1,221,Ilias,Ilias,"[""Ilias"", ""Velorum"", ""Nivalis"", ""Ratikon"", ""Denom""]","[0.8088839650154114, 0.7941648960113525, 0.5707838535308838, 0.46272027492523193, 0.43983936309814453]"
0,centroid,1,222,Ilias,Ilias,"[""Ilias"", ""Velorum"", ""Ratikon"", ""Nivalis"", ""Denom""]","[0.883126974105835, 0.5461798310279846, 0.5046112537384033, 0.41802722215652466, 0.3723437190055847]"
0,centroid,1,223,Ilias,Ilias,"[""Ilias"", ""Ratikon"", ""Denom"", ""Velorum"", ""Nivalis""]","[0.8921217918395996, 0.49109235405921936, 0.432861328125, 0.38872748613357544, 0.3528503477573395]"
0,centroid,1,224,Ilias,Ilias,"[""Ilias"", ""Denom"", ""Velorum"", ""Ratikon"", ""Gemini""]","[0.8494360446929932, 0.6197495460510254, 0.6128042936325073, 0.44973140954971313, 0.39666321873664856]"
0,centroid,1,225,Ilias,Ilias,"[""Ilias"", ""Ratikon"", ""Denom"", ""Nivalis"", ""Velorum""]","[0.7781943082809448, 0.6470454931259155, 0.5103816986083984, 0.503995954990387, 0.4441239833831787]"
0,centroid,1,226,Ilias,Ilias,"[""Ilias"", ""Velorum"", ""Denom"", ""Nivalis"", ""Ratikon""]","[0.8531831502914429, 0.6956310272216797, 0.547895073890686, 0.5156892538070679, 0.40064606070518494]"
0,centroid,1,227,Ilias,Velorum,"[""Velorum"", ""Ilias"", ""Mytikas"", ""Triton"", ""Hawk""]","[0.5346096158027649, 0.5259971618652344, 0.38398998975753784, 0.30041950941085815, 0.2806665003299713]"
0,centroid,1,228,Ilias,Ilias,"[""Ilias"", ""Velorum"", ""Triton"", ""Ratikon"", ""Nivalis""]","[0.8893836140632629, 0.6689708232879639, 0.5236127376556396, 0.39850330352783203, 0.3932773172855377]"
0,centroid,1,229,Ilias,Ilias,"[""Ilias"", ""Ratikon"", ""Denom"", ""Nivalis"", ""Gemini""]","[0.8510932922363281, 0.7378219366073608, 0.7089481949806213, 0.5215123891830444, 0.22142307460308075]"
0,centroid,1,230,Ilias,Ilias,"[""Ilias"", ""Ratikon"", ""Denom"", ""Nivalis"", ""Velorum""]","[0.9001940488815308, 0.5554040670394897, 0.4142695665359497, 0.40758979320526123, 0.40398645401000977]"
0,centroid,1,231,Ilias,Ratikon,"[""Ratikon"", ""Ilias"", ""Velorum"", ""Nivalis"", ""Denom""]","[0.6242347955703735, 0.6142675280570984, 0.5284243822097778, 0.4653935432434082, 0.46510809659957886]"
0,centroid,1,232,Ilias,Ilias,"[""Ilias"", ""Denom"", ""Ratikon"", ""Nivalis"", ""Velorum""]","[0.847272515296936, 0.8177332282066345, 0.816977858543396, 0.5397053956985474, 0.24462032318115234]"
0,centroid,1,233,Ilias,Ilias,"[""Ilias"", ""Denom"", ""Velorum"", ""Nivalis"", ""Ratikon""]","[0.9338831901550293, 0.6273173689842224, 0.6101336479187012, 0.512607216835022, 0.49216270446777344]"
0,centroid,1,234,Ilias,Denom,"[""Denom"", ""Ilias"", ""Ratikon"", ""Nivalis"", ""Velorum""]","[0.8438205122947693, 0.7515759468078613, 0.6874872446060181, 0.5091457366943359, 0.4383270740509033]"
0,centroid,1,235,Ilias,Ilias,"[""Ilias"", ""Ratikon"", ""Velorum"", ""Denom"", ""Nivalis""]","[0.894917368888855, 0.6109732389450073, 0.4609951674938202, 0.4534696936607361, 0.4319135248661041]"
0,centroid,1,236,Ilias,Ilias,"[""Ilias"", ""Velorum"", ""Nivalis"", ""Ratikon"", ""Denom""]","[0.7972794771194458, 0.7507361173629761, 0.4744155704975128, 0.40089789032936096, 0.3607795238494873]"
0,centroid,1,237,Ilias,Ilias,"[""Ilias"", ""Ratikon"", ""Nivalis"", ""Velorum"", ""Denom""]","[0.7920712828636169, 0.6922727227210999, 0.6190201044082642, 0.607926070690155, 0.444649875164032]"
0,centroid,1,238,Ilias,Ilias,"[""Ilias"", ""Ratikon"", ""Denom"", ""Velorum"", ""Nivalis""]","[0.9330919981002808, 0.7203056812286377, 0.6331822872161865, 0.4615756571292877, 0.41333484649658203]"
0,centroid,1,239,Ilias,Ilias,"[""Ilias"", ""Velorum"", ""Triton"", ""Ratikon"", ""Trius""]","[0.73477703332901, 0.5990865230560303, 0.5845113396644592, 0.539370059967041, 0.4586259722709656]"
0,centroid,1,240,Ilias,Ilias,"[""Ilias"", ""Ratikon"", ""Denom"", ""Triton"", ""Nivalis""]","[0.819442629814148, 0.6592191457748413, 0.612670361995697, 0.47782087326049805, 0.4713704288005829]"
0,centroid,1,241,Ilias,Ilias,"[""Ilias"", ""Ratikon"", ""Denom"", ""Nivalis"", ""Gemini""]","[0.8222545981407166, 0.5374255776405334, 0.5053713321685791, 0.32166916131973267, 0.23599457740783691]"
0,centroid,1,242,Ilias,Ilias,"[""Ilias"", ""Nivalis"", ""Ratikon"", ""Denom"", ""Velorum""]","[0.8910025358200073, 0.6726163625717163, 0.6465739011764526, 0.5908287167549133, 0.566755473613739]"
0,centroid,1,243,Ilias,Ilias,"[""Ilias"", ""Velorum"", ""Denom"", ""Nivalis"", ""Ratikon""]","[0.8914023637771606, 0.6509579420089722, 0.5499071478843689, 0.5420859456062317, 0.5020205974578857]"
0,centroid,1,244,Ilias,Ilias,"[""Ilias"", ""Ratikon"", ""Denom"", ""Velorum"", ""Nivalis""]","[0.91936856508255, 0.56180739402771, 0.518418550491333, 0.4142650365829468, 0.3980509638786316]"
0,centroid,1,245,Mytikas,Mytikas,"[""Mytikas"", ""Triton"", ""Nivalis"", ""Trius"", ""Vega""]","[0.736971914768219, 0.289490282535553, 0.2517852187156677, 0.20235991477966309, 0.1752694547176361]"
0,centroid,1,246,Mytikas,Mytikas,"[""Mytikas"", ""Alcatras"", ""Triton"", ""Alaris"", ""Braga""]","[0.732070803642273, 0.5736083984375, 0.5541824102401733, 0.5506376028060913, 0.4985312819480896]"
0,centroid,1,247,Mytikas,Mytikas,"[""Mytikas"", ""Triton"", ""Gemini"", ""Turbine"", ""Trius""]","[0.6629174947738647, 0.4191984534263611, 0.3667665719985962, 0.288579523563385, 0.2679128348827362]"
0,centroid,1,248,Mytikas,Triton,"[""Triton"", ""Mytikas"", ""Castor"", ""Trius"", ""Velorum""]","[0.7848127484321594, 0.6485744118690491, 0.5143033266067505, 0.4692040681838989, 0.42740482091903687]"
0,centroid,1,249,Mytikas,Mytikas,"[""Mytikas"", ""Castor"", ""Alcatras"", ""Triton"", ""Turbine""]","[0.7452760338783264, 0.7038297653198242, 0.6437397003173828, 0.5762353539466858, 0.47212469577789307]"
0,centroid,1,250,Mytikas,Triton,"[""Triton"", ""Mytikas"", ""Trius"", ""Alcatras"", ""Castor""]","[0.8546139001846313, 0.8313206434249878, 0.6833310723304749, 0.43972671031951904, 0.4092133641242981]"
0,centroid,1,251,Mytikas,Triton,"[""Triton"", ""Mytikas"", ""Trius"", ""Castor"", ""Braga""]","[0.8962497711181641, 0.8505815267562866, 0.5813512206077576, 0.564078688621521, 0.3476823568344116]"
0,centroid,1,252,Mytikas,Mytikas,"[""Mytikas"", ""Triton"", ""Castor"", ""Alcatras"", ""Ilias""]","[0.7133685946464539, 0.5421355366706848, 0.38074901700019836, 0.30617305636405945, 0.28264304995536804]"
0,centroid,1,253,Mytikas,Mytikas,"[""Mytikas"", ""Triton"", ""Castor"", ""Trius"", ""Nivalis""]","[0.7502678036689758, 0.36080753803253174, 0.30399149656295776, 0.24567438662052155, 0.23283430933952332]"
0,centroid,1,254,Mytikas,Mytikas,"[""Mytikas"", ""Trius"", ""Triton"", ""Castor"", ""Alcatras""]","[0.8735737800598145, 0.6305056810379028, 0.5447050333023071, 0.4513866901397705, 0.34938275814056396]"
0,centroid,1,255,Mytikas,Mytikas,"[""Mytikas"", ""Triton"", ""Castor"", ""Alcatras"", ""Velorum""]","[0.8232405185699463, 0.6213789582252502, 0.48730987310409546, 0.33260980248451233, 0.28743016719818115]"
0,centroid,1,256,Mytikas,Mytikas,"[""Mytikas"", ""Triton"", ""Trius"", ""Alcatras"", ""Braga""]","[0.9074137210845947, 0.6458572149276733, 0.6180613040924072, 0.616265058517456, 0.46007466316223145]"
0,centroid,1,257,Mytikas,Mytikas,"[""Mytikas"", ""Trius"", ""Triton"", ""Nivalis"", ""Gemini""]","[0.7452031373977661, 0.42791086435317993, 0.29681122303009033, 0.26677435636520386, 0.24984058737754822]"
0,centroid,1,258,Mytikas,Mytikas,"[""Mytikas"", ""Trius"", ""Triton"", ""Gemini"", ""Braga""]","[0.7762430906295776, 0.5684700012207031, 0.4669147729873657, 0.39696064591407776, 0.3732820153236389]"
0,centroid,1,259,Mytikas,Mytikas,"[""Mytikas"", ""Castor"", ""Triton"", ""Alcatras"", ""Trius""]","[0.8180650472640991, 0.698897659778595, 0.6341202259063721, 0.3533572554588318, 0.3283267915248871]"
0,centroid,1,260,Mytikas,Mytikas,"[""Mytikas"", ""Alcatras"", ""Triton"", ""Trius"", ""Castor""]","[0.8457968235015869, 0.7227479815483093, 0.5535228848457336, 0.5383257269859314, 0.4773615002632141]"
0,centroid,1,261,Mytikas,Mytikas,"[""Mytikas"", ""Triton"", ""Trius"", ""Velorum"", ""Turbine""]","[0.7820185422897339, 0.4396130442619324, 0.35887235403060913, 0.3369927704334259, 0.30596160888671875]"
0,centroid,1,262,Mytikas,Mytikas,"[""Mytikas"", ""Castor"", ""Xtreme"", ""Triton"", ""Trius""]","[0.7063132524490356, 0.4508967101573944, 0.4284036457538605, 0.33011195063591003, 0.29255735874176025]"
0,centroid,1,263,Mytikas,Mytikas,"[""Mytikas"", ""Triton"", ""Braga"", ""Castor"", ""Trius""]","[0.8153829574584961, 0.6341147422790527, 0.5923590064048767, 0.5072165727615356, 0.5011678338050842]"
0,centroid,1,264,Mytikas,Mytikas,"[""Mytikas"", ""Triton"", ""Castor"", ""Turbine"", ""Trius""]","[0.7531416416168213, 0.5923491716384888, 0.3126209080219269, 0.28817126154899597, 0.22730574011802673]"
0,centroid,1,265,Mytikas,Triton,"[""Triton"", ""Mytikas"", ""Trius"", ""Castor"", ""Alcatras""]","[0.763442873954773, 0.758739709854126, 0.7026663422584534, 0.3002702593803406, 0.2908130884170532]"
0,centroid,1,266,Mytikas,Mytikas,"[""Mytikas"", ""Triton"", ""Castor"", ""Alcatras"", ""Trius""]","[0.9256990551948547, 0.6403068900108337, 0.6112151145935059, 0.5142242908477783, 0.4586809575557709]"
0,centroid,1,267,Mytikas,Mytikas,"[""Mytikas"", ""Triton"", ""Trius"", ""Castor"", ""Alcatras""]","[0.8899251222610474, 0.7570813894271851, 0.6347931623458862, 0.5485882759094238, 0.5271704196929932]"
0,centroid,1,268,Mytikas,Mytikas,"[""Mytikas"", ""Triton"", ""Trius"", ""Castor"", ""Alcatras""]","[0.7965171337127686, 0.4890688955783844, 0.3031861186027527, 0.26554298400878906, 0.25691288709640503]"
0,centroid,1,269,Mytikas,Mytikas,"[""Mytikas"", ""Triton"", ""Trius"", ""Gemini"", ""Ilias""]","[0.8604422807693481, 0.5967951416969299, 0.5699968934059143, 0.32276713848114014, 0.2928743362426758]"
0,centroid,1,270,Mytikas,Triton,"[""Triton"", ""Trius"", ""Mytikas"", ""Alaris"", ""Castor""]","[0.7837461233139038, 0.6906877756118774, 0.6798940300941467, 0.570088803768158, 0.5072004199028015]"
0,centroid,1,271,Mytikas,Mytikas,"[""Mytikas"", ""Castor"", ""Alcatras"", ""Triton"", ""Trius""]","[0.8320571184158325, 0.6065080165863037, 0.5937502384185791, 0.4912451207637787, 0.4175395965576172]"
0,centroid,1,272,Mytikas,Triton,"[""Triton"", ""Mytikas"", ""Trius"", ""Braga"", ""Castor""]","[0.7934073209762573, 0.7374789714813232, 0.6823420524597168, 0.3532717823982239, 0.304752916097641]"
0,centroid,1,273,Nivalis,Nivalis,"[""Nivalis"", ""Ilias"", ""Denom"", ""Ratikon"", ""Velorum""]","[0.7948557734489441, 0.544450581073761, 0.4511628746986389, 0.41776686906814575, 0.31079229712486267]"
0,centroid,1,274,Nivalis,Nivalis,"[""Nivalis"", ""Velorum"", ""Ratikon"", ""Denom"", ""Ilias""]","[0.8867524862289429, 0.3667948842048645, 0.323630154132843, 0.3060162663459778, 0.30546194314956665]"
0,centroid,1,275,Nivalis,Nivalis,"[""Nivalis"", ""Denom"", ""Ratikon"", ""Ilias"", ""Steel_Wheel""]","[0.7365087270736694, 0.7252832651138306, 0.7172434329986572, 0.2765517234802246, 0.15354403853416443]"
0,centroid,1,276,Nivalis,Nivalis,"[""Nivalis"", ""Denom"", ""Ratikon"", ""Ilias"", ""Velorum""]","[0.9096295833587646, 0.6581587195396423, 0.5744344592094421, 0.5611400604248047, 0.3011395335197449]"
0,centroid,1,277,Nivalis,Nivalis,"[""Nivalis"", ""Ratikon"", ""Denom"", ""Ilias"", ""Vega""]","[0.8189496397972107, 0.4990728795528412, 0.4272996187210083, 0.3540932536125183, 0.14313334226608276]"
0,centroid,1,278,Nivalis,Nivalis,"[""Nivalis"", ""Ratikon"", ""Ilias"", ""Velorum"", ""Denom""]","[0.8243134617805481, 0.4458604156970978, 0.43475204706192017, 0.28916019201278687, 0.24646684527397156]"
0,centroid,1,279,Nivalis,Nivalis,"[""Nivalis"", ""Denom"", ""Ratikon"", ""Steel_Wheel"", ""Xtreme""]","[0.6568610072135925, 0.5629329085350037, 0.37828484177589417, 0.12819381058216095, 0.0625457689166069]"
0,centroid,1,280,Nivalis,Mytikas,"[""Mytikas"", ""Velorum"", ""Ilias"", ""Nivalis"", ""Trius""]","[0.5536520481109619, 0.53476482629776, 0.5167912244796753, 0.4420081377029419, 0.44105765223503113]"
0,centroid,1,281,Nivalis,Denom,"[""Denom"", ""Ratikon"", ""Nivalis"", ""Ilias"", ""Velorum""]","[0.8443340063095093, 0.6753049492835999, 0.6690219640731812, 0.5349142551422119, 0.38456806540489197]"
0,centroid,1,282,Nivalis,Nivalis,"[""Nivalis"", ""Ratikon"", ""Ilias"", ""Vega"", ""Denom""]","[0.6731199026107788, 0.5489183664321899, 0.38148465752601624, 0.38088855147361755, 0.2533436119556427]"
0,centroid,1,283,Nivalis,Nivalis,"[""Nivalis"", ""Ilias"", ""Ratikon"", ""Denom"", ""Gemini""]","[0.8506553769111633, 0.5696123838424683, 0.5614650249481201, 0.5553696155548096, 0.22397470474243164]"
0,centroid,1,284,Nivalis,Nivalis,"[""Nivalis"", ""Velorum"", ""Denom"", ""Ilias"", ""Ratikon""]","[0.8852366209030151, 0.6265849471092224, 0.5719037055969238, 0.5231661200523376, 0.4717199206352234]"
0,centroid,1,285,Nivalis,Ilias,"[""Ilias"", ""Nivalis"", ""Velorum"", ""Xtreme"", ""Triton""]","[0.6064039468765259, 0.6052937507629395, 0.35270559787750244, 0.2668335437774658, 0.23062941431999207]"
0,centroid,1,286,Nivalis,Nivalis,"[""Nivalis"", ""Velorum"", ""Denom"", ""Ilias"", ""Ratikon""]","[0.8095707893371582, 0.6733443737030029, 0.6105036735534668, 0.47767308354377747, 0.43518221378326416]"
0,centroid,1,287,Nivalis,Nivalis,"[""Nivalis"", ""Ilias"", ""Denom"", ""Ratikon"", ""Vega""]","[0.713802695274353, 0.5300806760787964, 0.43952807784080505, 0.4378442168235779, 0.33053773641586304]"
0,centroid,1,288,Nivalis,Nivalis,"[""Nivalis"", ""Denom"", ""Gemini"", ""Ratikon"", ""Ilias""]","[0.6725032329559326, 0.47900429368019104, 0.4350152015686035, 0.42034217715263367, 0.3892265260219574]"
0,centroid,1,289,Nivalis,Nivalis,"[""Nivalis"", ""Ratikon"", ""Denom"", ""Ilias"", ""Velorum""]","[0.893425703048706, 0.45360374450683594, 0.35182929039001465, 0.20537914335727692, 0.12193265557289124]"
0,centroid,1,290,Nivalis,Nivalis,"[""Nivalis"", ""Denom"", ""Velorum"", ""Ilias"", ""Ratikon""]","[0.7897460460662842, 0.7512481808662415, 0.5317424535751343, 0.5223101377487183, 0.4506579339504242]"
0,centroid,1,291,Nivalis,Nivalis,"[""Nivalis"", ""Velorum"", ""Ratikon"", ""Denom"", ""Steel_Wheel""]","[0.7371364235877991, 0.5322668552398682, 0.4332749843597412, 0.41143277287483215, 0.2725641131401062]"
0,centroid,1,292,Nivalis,Nivalis,"[""Nivalis"", ""Ilias"", ""Ratikon"", ""Denom"", ""Velorum""]","[0.9323843717575073, 0.5131797194480896, 0.47731322050094604, 0.44192054867744446, 0.3813689351081848]"
0,centroid,1,293,Nivalis,Denom,"[""Denom"", ""Ilias"", ""Ratikon"", ""Nivalis"", ""Triton""]","[0.702833354473114, 0.5565997362136841, 0.5065091848373413, 0.49124133586883545, 0.3311115503311157]"
0,centroid,1,294,Nivalis,Nivalis,"[""Nivalis"", ""Ratikon"", ""Denom"", ""Ilias"", ""Velorum""]","[0.8474188446998596, 0.5186682343482971, 0.5177643299102783, 0.344875305891037, 0.3288799524307251]"
0,centroid,1,295,Nivalis,Nivalis,"[""Nivalis"", ""Denom"", ""Ratikon"", ""Ilias"", ""Velorum""]","[0.8765805959701538, 0.6873183846473694, 0.5613674521446228, 0.362937331199646, 0.3263900876045227]"
0,centroid,1,296,Ratikon,Ratikon,"[""Ratikon"", ""Ilias"", ""Nivalis"", ""Denom"", ""Vega""]","[0.8988433480262756, 0.6591259241104126, 0.638099193572998, 0.5642648339271545, 0.10762719810009003]"
0,centroid,1,297,Ratikon,Ratikon,"[""Ratikon"", ""Ilias"", ""Denom"", ""Nivalis"", ""Alaris""]","[0.8963942527770996, 0.49808502197265625, 0.467616468667984, 0.43039920926094055, 0.20603367686271667]"
0,centroid,1,298,Ratikon,Ilias,"[""Ilias"", ""Ratikon"", ""Denom"", ""Nivalis"", ""Velorum""]","[0.8489335775375366, 0.8093881011009216, 0.6944948434829712, 0.669466495513916, 0.35056930780410767]"
0,centroid,1,299,Ratikon,Ratikon,"[""Ratikon"", ""Ilias"", ""Denom"", ""Nivalis"", ""Velorum""]","[0.8835872411727905, 0.8277240991592407, 0.6194941997528076, 0.5496807098388672, 0.4443761110305786]"
0,centroid,1,300,Ratikon,Ratikon,"[""Ratikon"", ""Denom"", ""Ilias"", ""Nivalis"", ""Velorum""]","[0.9066151976585388, 0.8016034364700317, 0.6493628621101379, 0.6095141768455505, 0.08950367569923401]"
0,centroid,1,301,Ratikon,Ratikon,"[""Ratikon"", ""Ilias"", ""Denom"", ""Nivalis"", ""Alaris""]","[0.8683452010154724, 0.6631854772567749, 0.5322140455245972, 0.342922180891037, 0.22567132115364075]"
0,centroid,1,302,Ratikon,Ratikon,"[""Ratikon"", ""Denom"", ""Nivalis"", ""Ilias"", ""Steel_Wheel""]","[0.7855793833732605, 0.4887765049934387, 0.4540710747241974, 0.420842707157135, 0.3418479561805725]"
0,centroid,1,303,Ratikon,Ratikon,"[""Ratikon"", ""Denom"", ""Nivalis"", ""Ilias"", ""Velorum""]","[0.9336107969284058, 0.7102900147438049, 0.6553018093109131, 0.5753605365753174, 0.09237122535705566]"
0,centroid,1,304,Ratikon,Ratikon,"[""Ratikon"", ""Ilias"", ""Denom"", ""Nivalis"", ""Velorum""]","[0.8763777017593384, 0.7797805070877075, 0.7107218503952026, 0.5211089849472046, 0.4848891496658325]"
0,centroid,1,305,Ratikon,Ratikon,"[""Ratikon"", ""Ilias"", ""Denom"", ""Nivalis"", ""Velorum""]","[0.865257740020752, 0.6109676361083984, 0.5511160492897034, 0.5319249629974365, 0.10432960093021393]"
0,centroid,1,306,Ratikon,Ratikon,"[""Ratikon"", ""Denom"", ""Ilias"", ""Nivalis"", ""Triton""]","[0.8402776122093201, 0.5727795362472534, 0.5613183975219727, 0.40356504917144775, 0.32607319951057434]"
0,centroid,1,307,Ratikon,Ratikon,"[""Ratikon"", ""Nivalis"", ""Denom"", ""Ilias"", ""Velorum""]","[0.8452098965644836, 0.7996925115585327, 0.7020407319068909, 0.5298138856887817, 0.4258914589881897]"
0,centroid,1,308,Ratikon,Ratikon,"[""Ratikon"", ""Nivalis"", ""Denom"", ""Ilias"", ""Velorum""]","[0.8294103145599365, 0.8040130734443665, 0.5896012783050537, 0.49207717180252075, 0.36114346981048584]"
0,centroid,1,309,Ratikon,Ratikon,"[""Ratikon"", ""Ilias"", ""Denom"", ""Nivalis"", ""Triton""]","[0.9063926339149475, 0.7242421507835388, 0.561307966709137, 0.47933217883110046, 0.19947004318237305]"
0,centroid,1,310,Ratikon,Ratikon,"[""Ratikon"", ""Denom"", ""Nivalis"", ""Ilias"", ""Alaris""]","[0.9249706268310547, 0.702264666557312, 0.5806970596313477, 0.478585422039032, 0.027834858745336533]"
0,centroid,1,311,Ratikon,Ilias,"[""Ilias"", ""Ratikon"", ""Nivalis"", ""Denom"", ""Velorum""]","[0.8284772634506226, 0.8142696619033813, 0.6598228216171265, 0.642877995967865, 0.4967324733734131]"
0,centroid,1,312,Ratikon,Ratikon,"[""Ratikon"", ""Ilias"", ""Denom"", ""Nivalis"", ""Velorum""]","[0.894872784614563, 0.7990410327911377, 0.7821490168571472, 0.5782670974731445, 0.21329663693904877]"
0,centroid,1,313,Ratikon,Ratikon,"[""Ratikon"", ""Ilias"", ""Denom"", ""Nivalis"", ""Velorum""]","[0.7963776588439941, 0.7009472846984863, 0.5103732347488403, 0.5071388483047485, 0.47480177879333496]"
0,centroid,1,314,Ratikon,Ratikon,"[""Ratikon"", ""Ilias"", ""Nivalis"", ""Denom"", ""Velorum""]","[0.8374634981155396, 0.709596574306488, 0.5553987622261047, 0.53153395652771, 0.17634354531764984]"
0,centroid,1,315,Ratikon,Ratikon,"[""Ratikon"", ""Ilias"", ""Denom"", ""Nivalis"", ""Velorum""]","[0.7967122197151184, 0.6888868808746338, 0.6210640668869019, 0.4251756966114044, 0.13591066002845764]"
0,centroid,1,316,Ratikon,Ratikon,"[""Ratikon"", ""Ilias"", ""Denom"", ""Nivalis"", ""Vega""]","[0.9054330587387085, 0.5684927701950073, 0.49833765625953674, 0.4908745288848877, 0.3036949634552002]"
0,centroid,1,317,Ratikon,Ratikon,"[""Ratikon"", ""Ilias"", ""Nivalis"", ""Denom"", ""Velorum""]","[0.9162774085998535, 0.7953802347183228, 0.6415610313415527, 0.6364599466323853, 0.19215475022792816]"
0,centroid,1,318,Ratikon,Ratikon,"[""Ratikon"", ""Denom"", ""Ilias"", ""Nivalis"", ""Velorum""]","[0.9082818031311035, 0.7465113997459412, 0.667670488357544, 0.543045163154602, 0.06509041786193848]"
0,centroid,1,319,Ratikon,Ratikon,"[""Ratikon"", ""Denom"", ""Nivalis"", ""Ilias"", ""Velorum""]","[0.9080048203468323, 0.8517394065856934, 0.736053466796875, 0.7283943891525269, 0.2771287262439728]"
0,centroid,1,320,Ratikon,Ratikon,"[""Ratikon"", ""Denom"", ""Ilias"", ""Nivalis"", ""Velorum""]","[0.9135497212409973, 0.8032712936401367, 0.782980740070343, 0.5757204294204712, 0.2587909400463104]"
0,centroid,1,321,Ratikon,Ratikon,"[""Ratikon"", ""Denom"", ""Ilias"", ""Nivalis"", ""Vega""]","[0.8782433271408081, 0.6189441680908203, 0.6160348057746887, 0.5472579002380371, 0.1780293732881546]"
0,centroid,1,322,Ratikon,Ratikon,"[""Ratikon"", ""Denom"", ""Ilias"", ""Nivalis"", ""Velorum""]","[0.8421103954315186, 0.7878170013427734, 0.6789156198501587, 0.5865854024887085, 0.556624174118042]"
0,centroid,1,323,Ratikon,Ratikon,"[""Ratikon"", ""Denom"", ""Ilias"", ""Nivalis"", ""Alaris""]","[0.8513778448104858, 0.7550865411758423, 0.5057088732719421, 0.43770667910575867, 0.05603233352303505]"
0,centroid,1,324,Steel_Wheel,Steel_Wheel,"[""Steel_Wheel"", ""Nivalis"", ""Xtreme"", ""Mytikas"", ""Hawk""]","[0.9329878091812134, 0.009855551645159721, -0.01359468698501587, -0.030509181320667267, -0.05852391943335533]"
0,centroid,1,325,Steel_Wheel,Steel_Wheel,"[""Steel_Wheel"", ""Xtreme"", ""Mytikas"", ""Alcatras"", ""Gemini""]","[0.9613150358200073, 0.09294845163822174, 0.010098977014422417, 0.007751483470201492, -0.007906373590230942]"
0,centroid,1,326,Steel_Wheel,Steel_Wheel,"[""Steel_Wheel"", ""Mytikas"", ""Xtreme"", ""Castor"", ""Nivalis""]","[0.9543906450271606, 0.09237054735422134, 0.012746334075927734, 0.005658233538269997, -0.028815606608986855]"
0,centroid,1,327,Steel_Wheel,Steel_Wheel,"[""Steel_Wheel"", ""Nivalis"", ""Xtreme"", ""Velorum"", ""Castor""]","[0.8530629277229309, 0.15770471096038818, 0.12294424325227737, 0.1221981942653656, 0.026437513530254364]"
0,centroid,1,328,Steel_Wheel,Steel_Wheel,"[""Steel_Wheel"", ""Alcatras"", ""Velorum"", ""Nivalis"", ""Alaris""]","[0.9592776894569397, 0.06110148876905441, 0.057149738073349, 0.02765854448080063, 0.01769564300775528]"
0,centroid,1,329,Steel_Wheel,Steel_Wheel,"[""Steel_Wheel"", ""Xtreme"", ""Gemini"", ""Nivalis"", ""Mytikas""]","[0.9404553174972534, 0.0663926750421524, 0.058247022330760956, 0.012324258685112, 0.010043267160654068]"
0,centroid,1,330,Steel_Wheel,Steel_Wheel,"[""Steel_Wheel"", ""Nivalis"", ""Xtreme"", ""Denom"", ""Gemini""]","[0.9187529683113098, 0.16130439937114716, 0.03381766378879547, -0.017775945365428925, -0.05006393790245056]"
0,centroid,1,331,Steel_Wheel,Steel_Wheel,"[""Steel_Wheel"", ""Xtreme"", ""Gemini"", ""Mytikas"", ""Nivalis""]","[0.9763847589492798, 0.0818297490477562, 0.04316556453704834, -0.04443517327308655, -0.05473833531141281]"
0,centroid,1,332,Steel_Wheel,Steel_Wheel,"[""Steel_Wheel"", ""Mytikas"", ""Gemini"", ""Alaris"", ""Xtreme""]","[0.9558756947517395, 0.08696116507053375, 0.02105129510164261, -0.00012943893671035767, -0.011993654072284698]"
0,centroid,1,333,Steel_Wheel,Steel_Wheel,"[""Steel_Wheel"", ""Xtreme"", ""Gemini"", ""Trius"", ""Alcatras""]","[0.9602135419845581, 0.07585950940847397, 0.06941667199134827, 0.010709267109632492, 0.004371803253889084]"
0,centroid,1,334,Steel_Wheel,Steel_Wheel,"[""Steel_Wheel"", ""Castor"", ""Mytikas"", ""Xtreme"", ""Alcatras""]","[0.9532325267791748, 0.06730195879936218, -0.03298533335328102, -0.041621770709753036, -0.057785600423812866]"
0,centroid,1,335,Steel_Wheel,Steel_Wheel,"[""Steel_Wheel"", ""Mytikas"", ""Velorum"", ""Xtreme"", ""Nivalis""]","[0.9468482732772827, 0.14713835716247559, 0.10549110174179077, 0.06298170983791351, 0.04582207649946213]"
0,centroid,1,336,Steel_Wheel,Steel_Wheel,"[""Steel_Wheel"", ""Xtreme"", ""Gemini"", ""Nivalis"", ""Velorum""]","[0.9614077806472778, 0.08031760901212692, 0.042497240006923676, 0.03737121447920799, 0.009761922061443329]"
0,centroid,1,337,Steel_Wheel,Steel_Wheel,"[""Steel_Wheel"", ""Nivalis"", ""Turbine"", ""Castor"", ""Mytikas""]","[0.8953224420547485, 0.01142524927854538, -0.015134744346141815, -0.039329543709754944, -0.05044045299291611]"
0,centroid,1,338,Steel_Wheel,Steel_Wheel,"[""Steel_Wheel"", ""Nivalis"", ""Xtreme"", ""Ratikon"", ""Velorum""]","[0.9757484197616577, 0.16037677228450775, 0.06125722825527191, 0.02427060902118683, 0.020950209349393845]"
0,centroid,1,339,Steel_Wheel,Steel_Wheel,"[""Steel_Wheel"", ""Xtreme"", ""Mytikas"", ""Nivalis"", ""Velorum""]","[0.9741159677505493, 0.08415830880403519, 0.04186522215604782, 0.0053426288068294525, -0.04178768768906593]"
0,centroid,1,340,Steel_Wheel,Steel_Wheel,"[""Steel_Wheel"", ""Xtreme"", ""Nivalis"", ""Denom"", ""Mytikas""]","[0.968282163143158, 0.07160928100347519, 0.051513075828552246, 0.016336407512426376, -0.013347232714295387]"
0,centroid,1,341,Steel_Wheel,Steel_Wheel,"[""Steel_Wheel"", ""Xtreme"", ""Nivalis"", ""Castor"", ""Mytikas""]","[0.9221802353858948, 0.06429646909236908, 0.021911587566137314, -0.047230541706085205, -0.06255465745925903]"
0,centroid,1,342,Steel_Wheel,Steel_Wheel,"[""Steel_Wheel"", ""Nivalis"", ""Xtreme"", ""Turbine"", ""Mytikas""]","[0.9224885702133179, -0.010980278253555298, -0.018583670258522034, -0.040190473198890686, -0.053525179624557495]"
0,centroid,1,343,Steel_Wheel,Steel_Wheel,"[""Steel_Wheel"", ""Mytikas"", ""Xtreme"", ""Castor"", ""Nivalis""]","[0.9516996145248413, 0.11385173350572586, 0.06940287351608276, -0.006028220057487488, -0.026370838284492493]"
0,centroid,1,344,Steel_Wheel,Steel_Wheel,"[""Steel_Wheel"", ""Velorum"", ""Alcatras"", ""Castor"", ""Xtreme""]","[0.9392019510269165, 0.04555261880159378, 0.044679462909698486, 0.0331619456410408, -0.006319448351860046]"
0,centroid,1,345,Steel_Wheel,Steel_Wheel,"[""Steel_Wheel"", ""Castor"", ""Mytikas"", ""Xtreme"", ""Alcatras""]","[0.9550888538360596, 0.05904687941074371, 0.03168109804391861, 0.01274639368057251, 0.0051199328154325485]"
0,centroid,1,346,Steel_Wheel,Steel_Wheel,"[""Steel_Wheel"", ""Xtreme"", ""Velorum"", ""Ilias"", ""Nivalis""]","[0.9373040199279785, 0.07854895293712616, 0.06843804568052292, 0.056497786194086075, 0.013258587568998337]"
0,centroid,1,347,Steel_Wheel,Steel_Wheel,"[""Steel_Wheel"", ""Mytikas"", ""Xtreme"", ""Nivalis"", ""Castor""]","[0.9421514272689819, 0.03313284367322922, 0.02257853001356125, -0.016379477456212044, -0.08209554105997086]"
0,centroid,1,348,Steel_Wheel,Steel_Wheel,"[""Steel_Wheel"", ""Mytikas"", ""Castor"", ""Nivalis"", ""Denom""]","[0.9528919458389282, 0.06447223573923111, 0.005915924906730652, -0.002477874979376793, -0.027344100177288055]"
0,centroid,1,349,Steel_Wheel,Steel_Wheel,"[""Steel_Wheel"", ""Castor"", ""Xtreme"", ""Turbine"", ""Alcatras""]","[0.9353747963905334, 0.12287066876888275, -0.0004572272300720215, -0.03403015807271004, -0.06130511313676834]"
0,centroid,1,350,Steel_Wheel,Steel_Wheel,"[""Steel_Wheel"", ""Mytikas"", ""Nivalis"", ""Castor"", ""Denom""]","[0.9352959990501404, 0.08583492040634155, 0.055820658802986145, -0.04506727680563927, -0.051478542387485504]"
0,centroid,1,351,Steel_Wheel,Steel_Wheel,"[""Steel_Wheel"", ""Ratikon"", ""Ilias"", ""Nivalis"", ""Denom""]","[0.9477499723434448, 0.15611091256141663, 0.0691480040550232, 0.052644893527030945, 0.038412537425756454]"
0,centroid,1,352,Steel_Wheel,Steel_Wheel,"[""Steel_Wheel"", ""Mytikas"", ""Velorum"", ""Nivalis"", ""Xtreme""]","[0.9597787857055664, 0.032106224447488785, 0.023255322128534317, 0.01854235678911209, 0.00907599925994873]"
0,centroid,1,353,Steel_Wheel,Steel_Wheel,"[""Steel_Wheel"", ""Gemini"", ""Xtreme"", ""Ilias"", ""Nivalis""]","[0.9129182696342468, 0.2541409730911255, 0.1682930737733841, 0.03160242736339569, -0.002517160028219223]"
0,centroid,1,354,Steel_Wheel,Steel_Wheel,"[""Steel_Wheel"", ""Mytikas"", ""Gemini"", ""Xtreme"", ""Nivalis""]","[0.963802695274353, 0.08462505042552948, 0.04119490087032318, 0.039616867899894714, -0.04092677682638168]"
0,centroid,1,355,Steel_Wheel,Steel_Wheel,"[""Steel_Wheel"", ""Ratikon"", ""Nivalis"", ""Denom"", ""Mytikas""]","[0.8821184635162354, 0.2528337836265564, 0.18699419498443604, 0.17315351963043213, 0.09602085500955582]"
0,centroid,1,356,Steel_Wheel,Steel_Wheel,"[""Steel_Wheel"", ""Denom"", ""Nivalis"", ""Ratikon"", ""Velorum""]","[0.9699497222900391, 0.05321205407381058, 0.05127168446779251, 0.010103028267621994, -0.03211425989866257]"
0,centroid,1,357,Steel_Wheel,Steel_Wheel,"[""Steel_Wheel"", ""Nivalis"", ""Xtreme"", ""Mytikas"", ""Denom""]","[0.9469876885414124, 0.024147121235728264, -0.0050158314406871796, -0.005520133301615715, -0.053280286490917206]"
0,centroid,1,358,Steel_Wheel,Steel_Wheel,"[""Steel_Wheel"", ""Ratikon"", ""Nivalis"", ""Denom"", ""Xtreme""]","[0.9771536588668823, 0.04277704283595085, 0.015388770028948784, 0.0003096349537372589, -0.05638632923364639]"
0,centroid,1,359,Steel_Wheel,Steel_Wheel,"[""Steel_Wheel"", ""Xtreme"", ""Gemini"", ""Castor"", ""Nivalis""]","[0.859503984451294, 0.19121217727661133, 0.016765564680099487, -0.06845523416996002, -0.08962185680866241]"
0,centroid,1,360,Triton,Triton,"[""Triton"", ""Trius"", ""Braga"", ""Mytikas"", ""Alcatras""]","[0.8411639928817749, 0.6103930473327637, 0.4557001292705536, 0.3928948640823364, 0.3415735960006714]"
0,centroid,1,361,Triton,Mytikas,"[""Mytikas"", ""Triton"", ""Trius"", ""Castor"", ""Alcatras""]","[0.830299437046051, 0.8298118114471436, 0.6493179798126221, 0.5799980163574219, 0.5625556111335754]"
0,centroid,1,362,Triton,Triton,"[""Triton"", ""Mytikas"", ""Trius"", ""Braga"", ""Castor""]","[0.9370697140693665, 0.7585051655769348, 0.5946858525276184, 0.4269688129425049, 0.3363613784313202]"
0,centroid,1,363,Triton,Triton,"[""Triton"", ""Trius"", ""Mytikas"", ""Ilias"", ""Castor""]","[0.8563541173934937, 0.6586215496063232, 0.602008581161499, 0.3381677269935608, 0.3246959447860718]"
0,centroid,1,364,Triton,Braga,"[""Braga"", ""Trius"", ""Mytikas"", ""Triton"", ""Gemini""]","[0.6511837244033813, 0.6064188480377197, 0.5433497428894043, 0.5224630236625671, 0.3595393896102905]"
0,centroid,1,365,Triton,Trius,"[""Trius"", ""Triton"", ""Castor"", ""Mytikas"", ""Braga""]","[0.7476317882537842, 0.7050328254699707, 0.6342037916183472, 0.558074414730072, 0.5570772886276245]"
0,centroid,1,366,Triton,Triton,"[""Triton"", ""Trius"", ""Mytikas"", ""Braga"", ""Ilias""]","[0.9532561898231506, 0.660781979560852, 0.6089463233947754, 0.44091880321502686, 0.33428508043289185]"
0,centroid,1,367,Triton,Triton,"[""Triton"", ""Trius"", ""Mytikas"", ""Braga"", ""Castor""]","[0.9574795961380005, 0.661778450012207, 0.6029269695281982, 0.45710378885269165, 0.4433809518814087]"
0,centroid,1,368,Triton,Triton,"[""Triton"", ""Mytikas"", ""Trius"", ""Braga"", ""Castor""]","[0.7306098937988281, 0.5875771045684814, 0.4726674258708954, 0.4620618224143982, 0.31423503160476685]"
0,centroid,1,369,Triton,Triton,"[""Triton"", ""Trius"", ""Mytikas"", ""Braga"", ""Alaris""]","[0.8980006575584412, 0.8183541297912598, 0.5859386920928955, 0.48350757360458374, 0.35954320430755615]"
0,centroid,1,370,Triton,Triton,"[""Triton"", ""Trius"", ""Mytikas"", ""Castor"", ""Braga""]","[0.9011038541793823, 0.7221489548683167, 0.5607763528823853, 0.466280996799469, 0.4507567584514618]"
0,centroid,1,371,Triton,Triton,"[""Triton"", ""Trius"", ""Mytikas"", ""Ilias"", ""Braga""]","[0.8452082872390747, 0.6175026893615723, 0.456005334854126, 0.4054184556007385, 0.35941991209983826]"
0,centroid,1,372,Triton,Triton,"[""Triton"", ""Trius"", ""Mytikas"", ""Braga"", ""Xtreme""]","[0.7192596197128296, 0.671417772769928, 0.5480798482894897, 0.4346296489238739, 0.383928507566452]"
0,centroid,1,373,Triton,Triton,"[""Triton"", ""Trius"", ""Mytikas"", ""Ilias"", ""Braga""]","[0.9143095016479492, 0.6012531518936157, 0.5908871293067932, 0.4073036313056946, 0.3588010370731354]"
0,centroid,1,374,Triton,Triton,"[""Triton"", ""Trius"", ""Mytikas"", ""Alaris"", ""Alcatras""]","[0.7522467374801636, 0.7501087784767151, 0.5613548159599304, 0.4888909161090851, 0.44989702105522156]"
0,centroid,1,375,Triton,Triton,"[""Triton"", ""Trius"", ""Mytikas"", ""Ilias"", ""Alcatras""]","[0.8343468904495239, 0.610270082950592, 0.6065084934234619, 0.4957125186920166, 0.3698676824569702]"
0,centroid,1,376,Triton,Triton,"[""Triton"", ""Mytikas"", ""Trius"", ""Ilias"", ""Braga""]","[0.8727905750274658, 0.5218172669410706, 0.464800089597702, 0.44079798460006714, 0.30548661947250366]"
0,centroid,1,377,Triton,Triton,"[""Triton"", ""Trius"", ""Mytikas"", ""Castor"", ""Alcatras""]","[0.7845841646194458, 0.7038508653640747, 0.6840696334838867, 0.6163218021392822, 0.5839691758155823]"
0,centroid,1,378,Triton,Triton,"[""Triton"", ""Trius"", ""Mytikas"", ""Ilias"", ""Braga""]","[0.879910945892334, 0.6299900412559509, 0.4414844512939453, 0.33681750297546387, 0.29175618290901184]"
0,centroid,1,379,Triton,Triton,"[""Triton"", ""Mytikas"", ""Trius"", ""Braga"", ""Castor""]","[0.919330358505249, 0.730946958065033, 0.6758427619934082, 0.6120256185531616, 0.4587961435317993]"
0,centroid,1,380,Triton,Triton,"[""Triton"", ""Trius"", ""Mytikas"", ""Braga"", ""Gemini""]","[0.8761856555938721, 0.7923707962036133, 0.577979326248169, 0.5109100341796875, 0.4095132648944855]"
0,centroid,1,381,Triton,Triton,"[""Triton"", ""Mytikas"", ""Trius"", ""Braga"", ""Castor""]","[0.9079734086990356, 0.6080873012542725, 0.551085889339447, 0.5509167909622192, 0.4756658375263214]"
0,centroid,1,382,Triton,Triton,"[""Triton"", ""Ilias"", ""Velorum"", ""Trius"", ""Mytikas""]","[0.7506605982780457, 0.6108547449111938, 0.548412024974823, 0.45847153663635254, 0.4417773485183716]"
0,centroid,1,383,Triton,Triton,"[""Triton"", ""Trius"", ""Mytikas"", ""Braga"", ""Alcatras""]","[0.9050174951553345, 0.7304559350013733, 0.7165714502334595, 0.4841204583644867, 0.43118172883987427]"
0,centroid,1,384,Triton,Triton,"[""Triton"", ""Mytikas"", ""Ilias"", ""Trius"", ""Ratikon""]","[0.7425600290298462, 0.48159053921699524, 0.4132135808467865, 0.2575850188732147, 0.2043851763010025]"
0,centroid,1,385,Triton,Ilias,"[""Ilias"", ""Alaris"", ""Ratikon"", ""Velorum"", ""Alcatras""]","[0.6398029923439026, 0.5128589272499084, 0.3989320695400238, 0.3924426734447479, 0.33654913306236267]"
0,centroid,1,386,Triton,Triton,"[""Triton"", ""Mytikas"", ""Trius"", ""Velorum"", ""Ilias""]","[0.8416106700897217, 0.6087324619293213, 0.5389255285263062, 0.4806346297264099, 0.43229109048843384]"
0,centroid,1,387,Triton,Triton,"[""Triton"", ""Trius"", ""Mytikas"", ""Ilias"", ""Braga""]","[0.8715969324111938, 0.6338436603546143, 0.4536525011062622, 0.3650113046169281, 0.30432814359664917]"
0,centroid,1,388,Triton,Triton,"[""Triton"", ""Trius"", ""Mytikas"", ""Castor"", ""Alaris""]","[0.8743332624435425, 0.6961814761161804, 0.5444679260253906, 0.5273270606994629, 0.41361403465270996]"
0,centroid,1,389,Triton,Triton,"[""Triton"", ""Trius"", ""Mytikas"", ""Castor"", ""Braga""]","[0.9146203994750977, 0.7052573561668396, 0.6945711374282837, 0.5290046334266663, 0.40998899936676025]"
0,centroid,1,390,Triton,Triton,"[""Triton"", ""Mytikas"", ""Castor"", ""Trius"", ""Braga""]","[0.8993820548057556, 0.7065291404724121, 0.5472124218940735, 0.524991512298584, 0.47153306007385254]"
0,centroid,1,391,Triton,Triton,"[""Triton"", ""Trius"", ""Mytikas"", ""Ilias"", ""Alcatras""]","[0.9027466177940369, 0.654217004776001, 0.5878179669380188, 0.5164613723754883, 0.3595890998840332]"
0,centroid,1,392,Triton,Triton,"[""Triton"", ""Mytikas"", ""Trius"", ""Castor"", ""Braga""]","[0.9125511050224304, 0.7620043158531189, 0.6648765802383423, 0.5393064618110657, 0.4793824851512909]"
0,centroid,1,393,Triton,Triton,"[""Triton"", ""Trius"", ""Mytikas"", ""Ilias"", ""Velorum""]","[0.8114306330680847, 0.7228269577026367, 0.5822864770889282, 0.5560788512229919, 0.41854214668273926]"
0,centroid,1,394,Triton,Triton,"[""Triton"", ""Mytikas"", ""Trius"", ""Castor"", ""Velorum""]","[0.8927056789398193, 0.6891134977340698, 0.5940505266189575, 0.43172767758369446, 0.35095757246017456]"
0,centroid,1,395,Triton,Triton,"[""Triton"", ""Mytikas"", ""Trius"", ""Braga"", ""Castor""]","[0.847915768623352, 0.5781277418136597, 0.43949398398399353, 0.3851199746131897, 0.3686034083366394]"
0,centroid,1,396,Triton,Triton,"[""Triton"", ""Trius"", ""Mytikas"", ""Velorum"", ""Ilias""]","[0.7627636790275574, 0.6776632070541382, 0.6383764743804932, 0.5673684477806091, 0.48163682222366333]"
0,centroid,1,397,Triton,Triton,"[""Triton"", ""Trius"", ""Mytikas"", ""Ilias"", ""Castor""]","[0.8901601433753967, 0.7022656798362732, 0.6443277597427368, 0.38561540842056274, 0.3458594083786011]"
0,centroid,1,398,Triton,Triton,"[""Triton"", ""Mytikas"", ""Trius"", ""Ilias"", ""Alcatras""]","[0.756403923034668, 0.6140155792236328, 0.5182228088378906, 0.46157485246658325, 0.39408737421035767]"
0,centroid,1,399,Triton,Triton,"[""Triton"", ""Braga"", ""Castor"", ""Mytikas"", ""Trius""]","[0.8622210025787354, 0.6777637004852295, 0.6448455452919006, 0.6231346130371094, 0.5986403226852417]"
0,centroid,1,400,Triton,Triton,"[""Triton"", ""Braga"", ""Mytikas"", ""Trius"", ""Castor""]","[0.8450073003768921, 0.671118974685669, 0.6427300572395325, 0.5980096459388733, 0.43794769048690796]"
0,centroid,1,401,Triton,Triton,"[""Triton"", ""Trius"", ""Mytikas"", ""Castor"", ""Braga""]","[0.9160985946655273, 0.6056166887283325, 0.5452712774276733, 0.5025266408920288, 0.43948012590408325]"
0,centroid,1,402,Triton,Triton,"[""Triton"", ""Trius"", ""Mytikas"", ""Ilias"", ""Alaris""]","[0.8650718927383423, 0.5887452363967896, 0.5070677995681763, 0.438989520072937, 0.3573319911956787]"
0,centroid,1,403,Triton,Triton,"[""Triton"", ""Trius"", ""Vega"", ""Alaris"", ""Ilias""]","[0.6018180847167969, 0.5681943297386169, 0.5042791366577148, 0.4972507059574127, 0.4622858762741089]"
0,centroid,1,404,Triton,Triton,"[""Triton"", ""Trius"", ""Ilias"", ""Mytikas"", ""Ratikon""]","[0.8335630893707275, 0.6140511631965637, 0.4082069993019104, 0.4003986418247223, 0.32348933815956116]"
0,centroid,1,405,Triton,Triton,"[""Triton"", ""Trius"", ""Ilias"", ""Ratikon"", ""Denom""]","[0.7585546970367432, 0.5509236454963684, 0.5498870611190796, 0.45847755670547485, 0.381305456161499]"
0,centroid,1,406,Triton,Triton,"[""Triton"", ""Mytikas"", ""Trius"", ""Castor"", ""Velorum""]","[0.9375292062759399, 0.6666650772094727, 0.6113646626472473, 0.43430063128471375, 0.37340879440307617]"
0,centroid,1,407,Triton,Triton,"[""Triton"", ""Trius"", ""Mytikas"", ""Braga"", ""Alcatras""]","[0.905319094657898, 0.6944088935852051, 0.682293176651001, 0.5791797637939453, 0.37953272461891174]"
0,centroid,1,408,Triton,Triton,"[""Triton"", ""Trius"", ""Braga"", ""Mytikas"", ""Castor""]","[0.8269914388656616, 0.6653789281845093, 0.6519359350204468, 0.6215907335281372, 0.513409435749054]"
0,centroid,1,409,Triton,Triton,"[""Triton"", ""Mytikas"", ""Trius"", ""Braga"", ""Ilias""]","[0.8368186950683594, 0.5387851595878601, 0.5385103225708008, 0.5096359252929688, 0.27230513095855713]"
0,centroid,1,410,Triton,Triton,"[""Triton"", ""Mytikas"", ""Braga"", ""Castor"", ""Trius""]","[0.8283600807189941, 0.7657763361930847, 0.4722898006439209, 0.469305157661438, 0.46739357709884644]"
0,centroid,1,411,Triton,Triton,"[""Triton"", ""Trius"", ""Mytikas"", ""Ilias"", ""Braga""]","[0.904272198677063, 0.7442110776901245, 0.4750077724456787, 0.3977598547935486, 0.35095852613449097]"
0,centroid,1,412,Triton,Triton,"[""Triton"", ""Mytikas"", ""Trius"", ""Velorum"", ""Braga""]","[0.6945449709892273, 0.6714794635772705, 0.6511691212654114, 0.3915545344352722, 0.370319128036499]"
0,centroid,1,413,Triton,Triton,"[""Triton"", ""Mytikas"", ""Trius"", ""Castor"", ""Braga""]","[0.9072218537330627, 0.6133867502212524, 0.5090597867965698, 0.4741610884666443, 0.3067821264266968]"
0,centroid,1,414,Trius,Alcatras,"[""Alcatras"", ""Alaris"", ""Trius"", ""Triton"", ""Braga""]","[0.7207672595977783, 0.6649044752120972, 0.6177701950073242, 0.42219507694244385, 0.36659225821495056]"
0,centroid,1,415,Trius,Trius,"[""Trius"", ""Triton"", ""Braga"", ""Mytikas"", ""Alcatras""]","[0.914442777633667, 0.7196028232574463, 0.653657078742981, 0.5429484844207764, 0.3894088864326477]"
0,centroid,1,416,Trius,Trius,"[""Trius"", ""Alaris"", ""Triton"", ""Vega"", ""Alcatras""]","[0.8456456065177917, 0.6454784274101257, 0.45537346601486206, 0.41940099000930786, 0.3829966187477112]"
0,centroid,1,417,Trius,Trius,"[""Trius"", ""Alaris"", ""Alcatras"", ""Triton"", ""Castor""]","[0.6232166290283203, 0.5824700593948364, 0.5183879733085632, 0.5035354495048523, 0.49498334527015686]"
0,centroid,1,418,Trius,Braga,"[""Braga"", ""Trius"", ""Triton"", ""Alcatras"", ""Mytikas""]","[0.8007102608680725, 0.7819149494171143, 0.46421122550964355, 0.45110586285591125, 0.4208390414714813]"
0,centroid,1,419,Trius,Trius,"[""Trius"", ""Alaris"", ""Alcatras"", ""Triton"", ""Braga""]","[0.8271240592002869, 0.7479003667831421, 0.5423322916030884, 0.46367335319519043, 0.42739617824554443]"
0,centroid,1,420,Trius,Trius,"[""Trius"", ""Mytikas"", ""Gemini"", ""Vega"", ""Alcatras""]","[0.625519871711731, 0.39833536744117737, 0.237440824508667, 0.20649780333042145, 0.20166827738285065]"
0,centroid,1,421,Trius,Trius,"[""Trius"", ""Triton"", ""Mytikas"", ""Alaris"", ""Braga""]","[0.8714980483055115, 0.7809232473373413, 0.5901528596878052, 0.5038702487945557, 0.49913346767425537]"
0,centroid,1,422,Trius,Braga,"[""Braga"", ""Trius"", ""Alcatras"", ""Mytikas"", ""Alaris""]","[0.7725315690040588, 0.7113348841667175, 0.4192200303077698, 0.4035279154777527, 0.38685905933380127]"
0,centroid,1,423,Trius,Trius,"[""Trius"", ""Mytikas"", ""Vega"", ""Triton"", ""Alaris""]","[0.7100560665130615, 0.5574395060539246, 0.49487388134002686, 0.426796555519104, 0.3757132291793823]"
0,centroid,1,424,Trius,Trius,"[""Trius"", ""Triton"", ""Alcatras"", ""Braga"", ""Velorum""]","[0.7552556991577148, 0.46960651874542236, 0.3455604612827301, 0.3038318157196045, 0.29444408416748047]"
0,centroid,1,425,Trius,Trius,"[""Trius"", ""Triton"", ""Braga"", ""Mytikas"", ""Castor""]","[0.8446846008300781, 0.6571594476699829, 0.48126012086868286, 0.4791640043258667, 0.41821378469467163]"
0,centroid,1,426,Trius,Trius,"[""Trius"", ""Mytikas"", ""Gemini"", ""Braga"", ""Triton""]","[0.7938787937164307, 0.5964319705963135, 0.5322483777999878, 0.5141218900680542, 0.49822697043418884]"
0,centroid,1,427,Trius,Trius,"[""Trius"", ""Mytikas"", ""Triton"", ""Gemini"", ""Vega""]","[0.8387624025344849, 0.6666253805160522, 0.5667524337768555, 0.4758928418159485, 0.34340137243270874]"
0,centroid,1,428,Trius,Trius,"[""Trius"", ""Triton"", ""Mytikas"", ""Gemini"", ""Braga""]","[0.7499924302101135, 0.47224313020706177, 0.46746110916137695, 0.4508820176124573, 0.31569328904151917]"
0,centroid,1,429,Trius,Trius,"[""Trius"", ""Triton"", ""Alaris"", ""Ilias"", ""Vega""]","[0.7838120460510254, 0.4620460867881775, 0.4259227514266968, 0.41970014572143555, 0.3193459212779999]"
0,centroid,1,430,Trius,Trius,"[""Trius"", ""Mytikas"", ""Gemini"", ""Velorum"", ""Braga""]","[0.5990297198295593, 0.4563141167163849, 0.4450972080230713, 0.36842331290245056, 0.3582978844642639]"
0,centroid,1,431,Trius,Trius,"[""Trius"", ""Braga"", ""Mytikas"", ""Triton"", ""Gemini""]","[0.8712185025215149, 0.6842817068099976, 0.6219006180763245, 0.614305317401886, 0.48495638370513916]"
0,centroid,1,432,Trius,Trius,"[""Trius"", ""Gemini"", ""Mytikas"", ""Triton"", ""Braga""]","[0.738477349281311, 0.4253140091896057, 0.3468396067619324, 0.24740496277809143, 0.16859084367752075]"
0,centroid,1,433,Trius,Trius,"[""Trius"", ""Triton"", ""Mytikas"", ""Vega"", ""Alaris""]","[0.849714994430542, 0.6338456869125366, 0.47596457600593567, 0.3718639612197876, 0.3595553934574127]"
0,centroid,1,434,Trius,Ilias,"[""Ilias"", ""Triton"", ""Ratikon"", ""Trius"", ""Mytikas""]","[0.6861016750335693, 0.61895751953125, 0.5002869367599487, 0.4563800096511841, 0.4049276113510132]"
0,centroid,1,435,Trius,Trius,"[""Trius"", ""Braga"", ""Triton"", ""Mytikas"", ""Alaris""]","[0.8600289225578308, 0.6343375444412231, 0.6341090798377991, 0.5783782005310059, 0.5386015176773071]"
0,centroid,1,436,Trius,Trius,"[""Trius"", ""Triton"", ""Alaris"", ""Ilias"", ""Vega""]","[0.7382574081420898, 0.5576976537704468, 0.509239673614502, 0.4956153333187103, 0.46942806243896484]"
0,centroid,1,437,Trius,Trius,"[""Trius"", ""Triton"", ""Braga"", ""Mytikas"", ""Alcatras""]","[0.7753326296806335, 0.6589716672897339, 0.6320315599441528, 0.5240437984466553, 0.47911590337753296]"
0,centroid,1,438,Trius,Trius,"[""Trius"", ""Braga"", ""Triton"", ""Alcatras"", ""Mytikas""]","[0.8090688586235046, 0.7185715436935425, 0.6534302830696106, 0.4916464686393738, 0.4803135097026825]"
0,centroid,1,439,Trius,Trius,"[""Trius"", ""Triton"", ""Braga"", ""Alcatras"", ""Gemini""]","[0.8119188547134399, 0.6595889329910278, 0.5838819742202759, 0.5126681327819824, 0.47377750277519226]"
0,centroid,1,440,Trius,Trius,"[""Trius"", ""Triton"", ""Gemini"", ""Ilias"", ""Mytikas""]","[0.8234047889709473, 0.577284574508667, 0.5542817115783691, 0.3506060540676117, 0.34766650199890137]"
0,centroid,1,441,Trius,Trius,"[""Trius"", ""Vega"", ""Alaris"", ""Gemini"", ""Alcatras""]","[0.6202110648155212, 0.43837040662765503, 0.3929866850376129, 0.3703548312187195, 0.32224997878074646]"
0,centroid,1,442,Trius,Trius,"[""Trius"", ""Velorum"", ""Gemini"", ""Alcatras"", ""Alaris""]","[0.6334166526794434, 0.3697086572647095, 0.3189157247543335, 0.31036117672920227, 0.26296254992485046]"
0,centroid,1,443,Trius,Trius,"[""Trius"", ""Velorum"", ""Alcatras"", ""Alaris"", ""Vega""]","[0.5505852699279785, 0.34598344564437866, 0.3441349267959595, 0.32705849409103394, 0.1973322331905365]"
0,centroid,1,444,Trius,Trius,"[""Trius"", ""Alaris"", ""Alcatras"", ""Velorum"", ""Mytikas""]","[0.6603348255157471, 0.5246632695198059, 0.4760611057281494, 0.42409855127334595, 0.37059077620506287]"
0,centroid,1,445,Trius,Trius,"[""Trius"", ""Mytikas"", ""Gemini"", ""Triton"", ""Vega""]","[0.632861316204071, 0.5415158271789551, 0.4645697772502899, 0.33503490686416626, 0.25954946875572205]"
0,centroid,1,446,Trius,Gemini,"[""Gemini"", ""Trius"", ""Ilias"", ""Hawk"", ""Vega""]","[0.5767734050750732, 0.5147404074668884, 0.31692469120025635, 0.29851436614990234, 0.29602381587028503]"
0,centroid,1,447,Trius,Trius,"[""Trius"", ""Alaris"", ""Gemini"", ""Braga"", ""Alcatras""]","[0.7561953067779541, 0.6104960441589355, 0.5640876889228821, 0.521976888179779, 0.42175906896591187]"
0,centroid,1,448,Trius,Trius,"[""Trius"", ""Braga"", ""Triton"", ""Mytikas"", ""Alcatras""]","[0.7774960994720459, 0.6625616550445557, 0.5501264929771423, 0.5321994423866272, 0.4525206387042999]"
0,centroid,1,449,Trius,Trius,"[""Trius"", ""Braga"", ""Alaris"", ""Alcatras"", ""Mytikas""]","[0.6990401744842529, 0.6810821294784546, 0.5279268622398376, 0.49546071887016296, 0.4419171214103699]"
0,centroid,1,450,Trius,Trius,"[""Trius"", ""Triton"", ""Alaris"", ""Mytikas"", ""Gemini""]","[0.8398304581642151, 0.5387634038925171, 0.5110905170440674, 0.5050472021102905, 0.4754786193370819]"
0,centroid,1,451,Trius,Trius,"[""Trius"", ""Gemini"", ""Triton"", ""Braga"", ""Ilias""]","[0.8165557384490967, 0.5244927406311035, 0.5091639161109924, 0.48724448680877686, 0.34367483854293823]"
0,centroid,1,452,Trius,Trius,"[""Trius"", ""Triton"", ""Alaris"", ""Mytikas"", ""Gemini""]","[0.830725371837616, 0.6342421770095825, 0.5080984234809875, 0.41659945249557495, 0.368929386138916]"
0,centroid,1,453,Trius,Trius,"[""Trius"", ""Triton"", ""Mytikas"", ""Gemini"", ""Vega""]","[0.6042408347129822, 0.49691179394721985, 0.4716348350048065, 0.4639328122138977, 0.3302419185638428]"
0,centroid,1,454,Trius,Trius,"[""Trius"", ""Alaris"", ""Steel_Wheel"", ""Gemini"", ""Alcatras""]","[0.5334643125534058, 0.29648223519325256, 0.2688378393650055, 0.22700688242912292, 0.17268097400665283]"
0,centroid,1,455,Turbine,Alcatras,"[""Alcatras"", ""Castor"", ""Braga"", ""Trius"", ""Turbine""]","[0.6928374171257019, 0.6060183644294739, 0.5524424910545349, 0.432257741689682, 0.35230493545532227]"
0,centroid,1,456,Turbine,Turbine,"[""Turbine"", ""Castor"", ""Hawk"", ""Mytikas"", ""Braga""]","[0.8659710884094238, 0.5172211527824402, 0.4309690296649933, 0.3774673342704773, 0.3077313005924225]"
0,centroid,1,457,Turbine,Turbine,"[""Turbine"", ""Alaris"", ""Vega"", ""Hawk"", ""Trius""]","[0.8385250568389893, 0.3555793762207031, 0.3378489017486572, 0.29806655645370483, 0.15482006967067719]"
0,centroid,1,458,Turbine,Turbine,"[""Turbine"", ""Alaris"", ""Castor"", ""Trius"", ""Alcatras""]","[0.8900333642959595, 0.42864835262298584, 0.42743343114852905, 0.35953396558761597, 0.35555118322372437]"
0,centroid,1,459,Turbine,Turbine,"[""Turbine"", ""Hawk"", ""Vega"", ""Braga"", ""Gemini""]","[0.724273145198822, 0.34405070543289185, 0.20663152635097504, 0.20625674724578857, 0.1722477674484253]"
0,centroid,1,460,Turbine,Turbine,"[""Turbine"", ""Castor"", ""Alaris"", ""Alcatras"", ""Hawk""]","[0.7830061912536621, 0.3487282693386078, 0.3319770395755768, 0.22750025987625122, 0.1912270188331604]"
0,centroid,1,461,Turbine,Turbine,"[""Turbine"", ""Castor"", ""Alcatras"", ""Alaris"", ""Mytikas""]","[0.7976987957954407, 0.7679576873779297, 0.48585787415504456, 0.4138239324092865, 0.3789863884449005]"
0,centroid,1,462,Turbine,Turbine,"[""Turbine"", ""Vega"", ""Hawk"", ""Triton"", ""Braga""]","[0.816277027130127, 0.39447021484375, 0.3405364751815796, 0.15849776566028595, 0.1380927562713623]"
0,centroid,1,463,Turbine,Turbine,"[""Turbine"", ""Hawk"", ""Braga"", ""Vega"", ""Alaris""]","[0.8311097025871277, 0.4900420606136322, 0.3864138722419739, 0.26278990507125854, 0.2118808776140213]"
0,centroid,1,464,Turbine,Castor,"[""Castor"", ""Turbine"", ""Mytikas"", ""Triton"", ""Alcatras""]","[0.7604948878288269, 0.7064952850341797, 0.45637503266334534, 0.3898705840110779, 0.2361176311969757]"
0,centroid,1,465,Turbine,Turbine,"[""Turbine"", ""Hawk"", ""Castor"", ""Vega"", ""Mytikas""]","[0.9216660261154175, 0.3621457517147064, 0.3611898720264435, 0.2426702380180359, 0.1657211184501648]"
0,centroid,1,466,Turbine,Turbine,"[""Turbine"", ""Castor"", ""Triton"", ""Alcatras"", ""Braga""]","[0.8356071710586548, 0.5345059633255005, 0.34251877665519714, 0.3218696117401123, 0.31191733479499817]"
0,centroid,1,467,Turbine,Turbine,"[""Turbine"", ""Hawk"", ""Vega"", ""Braga"", ""Alaris""]","[0.8546774983406067, 0.5073494911193848, 0.47383642196655273, 0.23587390780448914, 0.1823125183582306]"
0,centroid,1,468,Turbine,Turbine,"[""Turbine"", ""Hawk"", ""Alaris"", ""Vega"", ""Mytikas""]","[0.8460512757301331, 0.29458367824554443, 0.2896997928619385, 0.2866199314594269, 0.1836959272623062]"
0,centroid,1,469,Turbine,Turbine,"[""Turbine"", ""Hawk"", ""Vega"", ""Braga"", ""Alcatras""]","[0.8206123113632202, 0.5760021209716797, 0.3986748456954956, 0.39668112993240356, 0.3951670825481415]"
0,centroid,1,470,Turbine,Turbine,"[""Turbine"", ""Hawk"", ""Vega"", ""Castor"", ""Braga""]","[0.9157419204711914, 0.4165675640106201, 0.3451553285121918, 0.3163263201713562, 0.27134808897972107]"
0,centroid,1,471,Turbine,Turbine,"[""Turbine"", ""Vega"", ""Braga"", ""Hawk"", ""Gemini""]","[0.5719424486160278, 0.40678125619888306, 0.2798474431037903, 0.26828014850616455, 0.17538979649543762]"
0,centroid,1,472,Turbine,Turbine,"[""Turbine"", ""Castor"", ""Alcatras"", ""Trius"", ""Mytikas""]","[0.7057715654373169, 0.6783953905105591, 0.4826865494251251, 0.4609231948852539, 0.4268757104873657]"
0,centroid,1,473,Turbine,Turbine,"[""Turbine"", ""Hawk"", ""Braga"", ""Triton"", ""Vega""]","[0.6499862670898438, 0.45218634605407715, 0.45023179054260254, 0.43406397104263306, 0.3508927822113037]"
0,centroid,1,474,Turbine,Turbine,"[""Turbine"", ""Hawk"", ""Vega"", ""Alaris"", ""Castor""]","[0.8716895580291748, 0.48001155257225037, 0.38052886724472046, 0.14002245664596558, 0.08217880874872208]"
0,centroid,1,475,Turbine,Mytikas,"[""Mytikas"", ""Castor"", ""Turbine"", ""Triton"", ""Alcatras""]","[0.7354925870895386, 0.6158742904663086, 0.48308947682380676, 0.39779049158096313, 0.3187117874622345]"
0,centroid,1,476,Turbine,Turbine,"[""Turbine"", ""Castor"", ""Triton"", ""Mytikas"", ""Alcatras""]","[0.6912776827812195, 0.6619727611541748, 0.4828008711338043, 0.46640729904174805, 0.4368423819541931]"
0,centroid,1,477,Turbine,Turbine,"[""Turbine"", ""Hawk"", ""Vega"", ""Castor"", ""Alaris""]","[0.8968906402587891, 0.36822789907455444, 0.2107527256011963, 0.15454086661338806, 0.11741307377815247]"
0,centroid,1,478,Turbine,Turbine,"[""Turbine"", ""Hawk"", ""Castor"", ""Braga"", ""Vega""]","[0.8809281587600708, 0.416426420211792, 0.3391132056713104, 0.2856261432170868, 0.07069553434848785]"
0,centroid,1,479,Turbine,Turbine,"[""Turbine"", ""Castor"", ""Vega"", ""Braga"", ""Trius""]","[0.8490089178085327, 0.39875075221061707, 0.3854835033416748, 0.3335859179496765, 0.3016321659088135]"
0,centroid,1,480,Turbine,Turbine,"[""Turbine"", ""Hawk"", ""Castor"", ""Alcatras"", ""Alaris""]","[0.7694702744483948, 0.5552711486816406, 0.5264517068862915, 0.5057417154312134, 0.49469155073165894]"
0,centroid,1,481,Turbine,Turbine,"[""Turbine"", ""Alaris"", ""Castor"", ""Alcatras"", ""Hawk""]","[0.8636776804924011, 0.43593645095825195, 0.4242054224014282, 0.4211658835411072, 0.3153393268585205]"
0,centroid,1,482,Turbine,Turbine,"[""Turbine"", ""Castor"", ""Alcatras"", ""Alaris"", ""Hawk""]","[0.723958432674408, 0.44302165508270264, 0.39748114347457886, 0.36279600858688354, 0.3150826692581177]"
0,centroid,1,483,Vega,Vega,"[""Vega"", ""Alaris"", ""Turbine"", ""Hawk"", ""Braga""]","[0.8931270837783813, 0.5686522126197815, 0.421507865190506, 0.33759745955467224, 0.3066733777523041]"
0,centroid,1,484,Vega,Vega,"[""Vega"", ""Hawk"", ""Alaris"", ""Turbine"", ""Mytikas""]","[0.8909293413162231, 0.23873856663703918, 0.23084186017513275, 0.21201500296592712, 0.15537673234939575]"
0,centroid,1,485,Vega,Vega,"[""Vega"", ""Turbine"", ""Alaris"", ""Hawk"", ""Braga""]","[0.8759310245513916, 0.36792314052581787, 0.26512423157691956, 0.2196427285671234, 0.14316603541374207]"
0,centroid,1,486,Vega,Vega,"[""Vega"", ""Braga"", ""Hawk"", ""Alaris"", ""Alcatras""]","[0.8643826246261597, 0.43418675661087036, 0.41694289445877075, 0.3193114995956421, 0.2973283529281616]"
0,centroid,1,487,Vega,Vega,"[""Vega"", ""Hawk"", ""Alaris"", ""Gemini"", ""Turbine""]","[0.9091676473617554, 0.27966904640197754, 0.24405771493911743, 0.237921804189682, 0.17280299961566925]"
0,centroid,1,488,Vega,Vega,"[""Vega"", ""Turbine"", ""Braga"", ""Alaris"", ""Trius""]","[0.8345515727996826, 0.5228785276412964, 0.3176279067993164, 0.22781074047088623, 0.2125493288040161]"
0,centroid,1,489,Vega,Vega,"[""Vega"", ""Alaris"", ""Turbine"", ""Hawk"", ""Trius""]","[0.9290725588798523, 0.48957425355911255, 0.4182094633579254, 0.29837727546691895, 0.25316059589385986]"
0,centroid,1,490,Vega,Vega,"[""Vega"", ""Gemini"", ""Hawk"", ""Alaris"", ""Turbine""]","[0.895354688167572, 0.29685288667678833, 0.2086418718099594, 0.20711065828800201, 0.12833234667778015]"
0,centroid,1,491,Vega,Vega,"[""Vega"", ""Turbine"", ""Hawk"", ""Alaris"", ""Braga""]","[0.9159116744995117, 0.3581927418708801, 0.3278731107711792, 0.3123399615287781, 0.18967808783054352]"
0,centroid,1,492,Vega,Vega,"[""Vega"", ""Nivalis"", ""Gemini"", ""Braga"", ""Turbine""]","[0.7220003604888916, 0.21663129329681396, 0.09507843852043152, 0.04903292655944824, 0.03408694639801979]"
0,centroid,1,493,Vega,Vega,"[""Vega"", ""Alaris"", ""Hawk"", ""Turbine"", ""Alcatras""]","[0.9449185132980347, 0.4768105149269104, 0.2979263663291931, 0.2912929356098175, 0.27728191018104553]"
0,centroid,1,494,Vega,Vega,"[""Vega"", ""Alaris"", ""Alcatras"", ""Hawk"", ""Braga""]","[0.8941551446914673, 0.4888112545013428, 0.25265228748321533, 0.20657320320606232, 0.20501795411109924]"
0,centroid,1,495,Vega,Vega,"[""Vega"", ""Gemini"", ""Hawk"", ""Braga"", ""Mytikas""]","[0.7900739908218384, 0.5185778141021729, 0.4449005126953125, 0.3234015703201294, 0.3162541389465332]"
0,centroid,1,496,Vega,Vega,"[""Vega"", ""Gemini"", ""Triton"", ""Hawk"", ""Trius""]","[0.7366887331008911, 0.306224524974823, 0.27572768926620483, 0.19358447194099426, 0.18030782043933868]"
0,centroid,1,497,Vega,Vega,"[""Vega"", ""Gemini"", ""Hawk"", ""Alaris"", ""Braga""]","[0.9234498739242554, 0.4726419150829315, 0.3922511339187622, 0.33340978622436523, 0.10981149971485138]"
0,centroid,1,498,Vega,Vega,"[""Vega"", ""Hawk"", ""Turbine"", ""Alaris"", ""Braga""]","[0.8950163125991821, 0.34110480546951294, 0.3256782591342926, 0.3219704329967499, 0.16384419798851013]"
0,centroid,1,499,Vega,Vega,"[""Vega"", ""Gemini"", ""Hawk"", ""Alaris"", ""Turbine""]","[0.8437464237213135, 0.38636916875839233, 0.36609983444213867, 0.32407087087631226, 0.2939295470714569]"
0,centroid,1,500,Vega,Vega,"[""Vega"", ""Alcatras"", ""Alaris"", ""Braga"", ""Hawk""]","[0.8624736666679382, 0.5422319173812866, 0.4691641330718994, 0.40416958928108215, 0.3790751099586487]"
0,centroid,1,501,Vega,Vega,"[""Vega"", ""Hawk"", ""Gemini"", ""Alaris"", ""Turbine""]","[0.8307607769966125, 0.607539713382721, 0.21362252533435822, 0.18576541543006897, 0.15412718057632446]"
0,centroid,1,502,Vega,Vega,"[""Vega"", ""Hawk"", ""Gemini"", ""Turbine"", ""Alaris""]","[0.8938512802124023, 0.21962971985340118, 0.14868807792663574, 0.1396963894367218, 0.12196497619152069]"
0,centroid,1,503,Vega,Vega,"[""Vega"", ""Hawk"", ""Gemini"", ""Turbine"", ""Braga""]","[0.6869619488716125, 0.6342285871505737, 0.23697806894779205, 0.19915249943733215, 0.14656931161880493]"
0,centroid,1,504,Vega,Vega,"[""Vega"", ""Turbine"", ""Hawk"", ""Alaris"", ""Braga""]","[0.9558621644973755, 0.3320494294166565, 0.32636359333992004, 0.3152245283126831, 0.22627194225788116]"
0,centroid,1,505,Vega,Vega,"[""Vega"", ""Hawk"", ""Gemini"", ""Alaris"", ""Turbine""]","[0.9169603586196899, 0.29854440689086914, 0.2533268928527832, 0.24508965015411377, 0.1504339575767517]"
0,centroid,1,506,Vega,Vega,"[""Vega"", ""Alaris"", ""Braga"", ""Alcatras"", ""Trius""]","[0.8073837161064148, 0.6657717227935791, 0.5273116827011108, 0.5059765577316284, 0.42644453048706055]"
0,centroid,1,507,Vega,Vega,"[""Vega"", ""Hawk"", ""Gemini"", ""Alaris"", ""Braga""]","[0.9211022853851318, 0.3216293752193451, 0.31111472845077515, 0.2629157602787018, 0.21981504559516907]"
0,centroid,1,508,Vega,Vega,"[""Vega"", ""Hawk"", ""Braga"", ""Gemini"", ""Turbine""]","[0.8268365859985352, 0.42577654123306274, 0.32701998949050903, 0.2626979947090149, 0.19869694113731384]"
0,centroid,1,509,Vega,Vega,"[""Vega"", ""Alaris"", ""Turbine"", ""Gemini"", ""Hawk""]","[0.8837249279022217, 0.38860970735549927, 0.34322816133499146, 0.276117742061615, 0.2676120400428772]"
0,centroid,1,510,Vega,Vega,"[""Vega"", ""Alaris"", ""Turbine"", ""Hawk"", ""Gemini""]","[0.9249379634857178, 0.38463619351387024, 0.28315508365631104, 0.28234174847602844, 0.1674865484237671]"
0,centroid,1,511,Vega,Vega,"[""Vega"", ""Braga"", ""Gemini"", ""Turbine"", ""Alaris""]","[0.8810011148452759, 0.305124968290329, 0.27949291467666626, 0.2386608123779297, 0.22567491233348846]"
0,centroid,1,512,Vega,Vega,"[""Vega"", ""Hawk"", ""Alaris"", ""Turbine"", ""Gemini""]","[0.9337211847305298, 0.30346250534057617, 0.26747217774391174, 0.2077115774154663, 0.1798326075077057]"
0,centroid,1,513,Vega,Vega,"[""Vega"", ""Alaris"", ""Hawk"", ""Alcatras"", ""Gemini""]","[0.9259188175201416, 0.5695666074752808, 0.4121738076210022, 0.278132826089859, 0.24520345032215118]"
0,centroid,1,514,Vega,Vega,"[""Vega"", ""Alaris"", ""Trius"", ""Alcatras"", ""Braga""]","[0.7664337158203125, 0.6742162108421326, 0.5705740451812744, 0.46234506368637085, 0.4600433111190796]"
0,centroid,1,515,Vega,Vega,"[""Vega"", ""Alaris"", ""Trius"", ""Turbine"", ""Hawk""]","[0.8881347179412842, 0.5479340553283691, 0.3665817081928253, 0.36114558577537537, 0.3258102536201477]"
0,centroid,1,516,Vega,Vega,"[""Vega"", ""Alaris"", ""Turbine"", ""Hawk"", ""Braga""]","[0.8791649341583252, 0.3270564675331116, 0.2650499939918518, 0.26337969303131104, 0.15617243945598602]"
0,centroid,1,517,Vega,Vega,"[""Vega"", ""Nivalis"", ""Hawk"", ""Gemini"", ""Ratikon""]","[0.7973211407661438, 0.27515244483947754, 0.10609720647335052, 0.10055121779441833, 0.023927895352244377]"
0,centroid,1,518,Vega,Vega,"[""Vega"", ""Gemini"", ""Hawk"", ""Braga"", ""Alaris""]","[0.848863959312439, 0.45095735788345337, 0.4072932302951813, 0.2988576591014862, 0.09746617078781128]"
0,centroid,1,519,Velorum,Velorum,"[""Velorum"", ""Nivalis"", ""Denom"", ""Ilias"", ""Triton""]","[0.909536600112915, 0.28199803829193115, 0.27814024686813354, 0.2537161707878113, 0.19847622513771057]"
0,centroid,1,520,Velorum,Velorum,"[""Velorum"", ""Mytikas"", ""Castor"", ""Trius"", ""Triton""]","[0.8145290613174438, 0.42211276292800903, 0.3214920461177826, 0.30437374114990234, 0.2687922716140747]"
0,centroid,1,521,Velorum,Velorum,"[""Velorum"", ""Ilias"", ""Triton"", ""Trius"", ""Nivalis""]","[0.9280438423156738, 0.5295118093490601, 0.3873969316482544, 0.32426345348358154, 0.3185344338417053]"
0,centroid,1,522,Velorum,Velorum,"[""Velorum"", ""Denom"", ""Ilias"", ""Nivalis"", ""Trius""]","[0.8999878168106079, 0.4182211458683014, 0.4063902795314789, 0.35685664415359497, 0.32225650548934937]"
0,centroid,1,523,Velorum,Velorum,"[""Velorum"", ""Denom"", ""Triton"", ""Ilias"", ""Ratikon""]","[0.7352689504623413, 0.41757720708847046, 0.3920254707336426, 0.30053436756134033, 0.27055686712265015]"
0,centroid,1,524,Velorum,Velorum,"[""Velorum"", ""Ilias"", ""Denom"", ""Nivalis"", ""Alcatras""]","[0.8562899827957153, 0.4258207082748413, 0.31986990571022034, 0.25308671593666077, 0.2389267534017563]"
0,centroid,1,525,Velorum,Velorum,"[""Velorum"", ""Nivalis"", ""Ilias"", ""Denom"", ""Castor""]","[0.9218974709510803, 0.41080760955810547, 0.24561835825443268, 0.2246156930923462, 0.20974713563919067]"
0,centroid,1,526,Velorum,Velorum,"[""Velorum"", ""Ilias"", ""Denom"", ""Nivalis"", ""Xtreme""]","[0.9067131280899048, 0.44801783561706543, 0.33516353368759155, 0.31001344323158264, 0.29571807384490967]"
0,centroid,1,527,Velorum,Velorum,"[""Velorum"", ""Nivalis"", ""Ilias"", ""Denom"", ""Ratikon""]","[0.8528192043304443, 0.5733547210693359, 0.3078158497810364, 0.21234512329101562, 0.14273710548877716]"
0,centroid,1,528,Velorum,Velorum,"[""Velorum"", ""Ilias"", ""Nivalis"", ""Denom"", ""Xtreme""]","[0.9353266954421997, 0.5589277148246765, 0.47684693336486816, 0.3313791751861572, 0.23336157202720642]"
0,centroid,1,529,Velorum,Velorum,"[""Velorum"", ""Nivalis"", ""Ilias"", ""Mytikas"", ""Triton""]","[0.8285852670669556, 0.5319165587425232, 0.42432358860969543, 0.312531977891922, 0.3039856553077698]"
0,centroid,1,530,Velorum,Velorum,"[""Velorum"", ""Ilias"", ""Castor"", ""Denom"", ""Nivalis""]","[0.8508799076080322, 0.34381651878356934, 0.29785439372062683, 0.25773584842681885, 0.212096706032753]"
0,centroid,1,531,Velorum,Velorum,"[""Velorum"", ""Denom"", ""Ilias"", ""Nivalis"", ""Ratikon""]","[0.9282255172729492, 0.45447057485580444, 0.4167734980583191, 0.3870101273059845, 0.1620837301015854]"
0,centroid,1,532,Velorum,Velorum,"[""Velorum"", ""Nivalis"", ""Ilias"", ""Denom"", ""Triton""]","[0.9129818081855774, 0.5191906690597534, 0.49714019894599915, 0.2782517969608307, 0.20074062049388885]"
0,centroid,1,533,Velorum,Velorum,"[""Velorum"", ""Ilias"", ""Denom"", ""Nivalis"", ""Ratikon""]","[0.8896521925926208, 0.7025743126869202, 0.6519531607627869, 0.5533623099327087, 0.4499891996383667]"
0,centroid,1,534,Velorum,Velorum,"[""Velorum"", ""Castor"", ""Alcatras"", ""Triton"", ""Mytikas""]","[0.8195364475250244, 0.39885014295578003, 0.30452537536621094, 0.26124441623687744, 0.20841075479984283]"
0,centroid,1,535,Velorum,Velorum,"[""Velorum"", ""Nivalis"", ""Denom"", ""Ilias"", ""Ratikon""]","[0.8974298238754272, 0.5659893751144409, 0.5257948637008667, 0.40332117676734924, 0.3275226354598999]"
0,centroid,1,536,Velorum,Velorum,"[""Velorum"", ""Triton"", ""Ilias"", ""Mytikas"", ""Nivalis""]","[0.7854684591293335, 0.4827001690864563, 0.3557474613189697, 0.324022501707077, 0.2736666202545166]"
0,centroid,1,537,Velorum,Velorum,"[""Velorum"", ""Nivalis"", ""Ilias"", ""Denom"", ""Ratikon""]","[0.8685840964317322, 0.5747461318969727, 0.47193843126296997, 0.3246563673019409, 0.1993272453546524]"
0,centroid,1,538,Velorum,Velorum,"[""Velorum"", ""Triton"", ""Castor"", ""Trius"", ""Mytikas""]","[0.8067243099212646, 0.3891593813896179, 0.3674725294113159, 0.33224406838417053, 0.3205190896987915]"
0,centroid,1,539,Velorum,Velorum,"[""Velorum"", ""Ilias"", ""Nivalis"", ""Denom"", ""Trius""]","[0.937506914138794, 0.36519020795822144, 0.27927255630493164, 0.2740171253681183, 0.2695765793323517]"
0,centroid,1,540,Velorum,Velorum,"[""Velorum"", ""Nivalis"", ""Denom"", ""Ilias"", ""Ratikon""]","[0.9225989580154419, 0.6320303082466125, 0.583304226398468, 0.5771447420120239, 0.3935566246509552]"
0,centroid,1,541,Velorum,Velorum,"[""Velorum"", ""Ilias"", ""Denom"", ""Nivalis"", ""Ratikon""]","[0.9170379638671875, 0.5080724358558655, 0.40690726041793823, 0.3100486993789673, 0.22351574897766113]"
0,centroid,1,542,Velorum,Velorum,"[""Velorum"", ""Denom"", ""Nivalis"", ""Ilias"", ""Alcatras""]","[0.8351076245307922, 0.4107936918735504, 0.3014106750488281, 0.18192756175994873, 0.1672353446483612]"
0,centroid,1,543,Velorum,Velorum,"[""Velorum"", ""Ilias"", ""Nivalis"", ""Denom"", ""Castor""]","[0.9238719940185547, 0.32927414774894714, 0.3085786700248718, 0.29842257499694824, 0.19999997317790985]"
0,centroid,1,544,Velorum,Velorum,"[""Velorum"", ""Ilias"", ""Trius"", ""Triton"", ""Gemini""]","[0.6767908334732056, 0.6362371444702148, 0.4998830556869507, 0.40606456995010376, 0.3800530433654785]"
0,centroid,1,545,Velorum,Velorum,"[""Velorum"", ""Ilias"", ""Triton"", ""Mytikas"", ""Trius""]","[0.8939993977546692, 0.45912450551986694, 0.44556301832199097, 0.3585233688354492, 0.3207716941833496]"
0,centroid,1,546,Velorum,Velorum,"[""Velorum"", ""Ilias"", ""Nivalis"", ""Triton"", ""Denom""]","[0.9740979671478271, 0.48437559604644775, 0.3425038456916809, 0.2816566824913025, 0.23026886582374573]"
0,centroid,1,547,Velorum,Velorum,"[""Velorum"", ""Ilias"", ""Nivalis"", ""Alcatras"", ""Triton""]","[0.8567296266555786, 0.5452265739440918, 0.3900749087333679, 0.22599762678146362, 0.20929092168807983]"
0,centroid,1,548,Velorum,Velorum,"[""Velorum"", ""Ilias"", ""Nivalis"", ""Denom"", ""Ratikon""]","[0.9260897636413574, 0.6438487768173218, 0.5032989382743835, 0.4688054323196411, 0.26192706823349]"
0,centroid,1,549,Velorum,Velorum,"[""Velorum"", ""Denom"", ""Ilias"", ""Ratikon"", ""Nivalis""]","[0.8563493490219116, 0.571645200252533, 0.43632593750953674, 0.36071887612342834, 0.3468210697174072]"
0,centroid,1,550,Velorum,Velorum,"[""Velorum"", ""Ilias"", ""Denom"", ""Nivalis"", ""Ratikon""]","[0.7033064961433411, 0.5494575500488281, 0.4752141535282135, 0.3642803430557251, 0.34921586513519287]"
0,centroid,1,551,Velorum,Velorum,"[""Velorum"", ""Nivalis"", ""Ilias"", ""Castor"", ""Triton""]","[0.8752725124359131, 0.45711538195610046, 0.2984490692615509, 0.2542312741279602, 0.2149510532617569]"
0,centroid,1,552,Velorum,Velorum,"[""Velorum"", ""Ilias"", ""Denom"", ""Triton"", ""Ratikon""]","[0.8233400583267212, 0.6774883270263672, 0.5209638476371765, 0.42969146370887756, 0.40400707721710205]"
0,centroid,1,553,Velorum,Velorum,"[""Velorum"", ""Ilias"", ""Denom"", ""Triton"", ""Trius""]","[0.8319157361984253, 0.5240730047225952, 0.42528605461120605, 0.4163169860839844, 0.3420952558517456]"
0,centroid,1,554,Velorum,Velorum,"[""Velorum"", ""Ilias"", ""Denom"", ""Triton"", ""Nivalis""]","[0.9036705493927002, 0.5283953547477722, 0.3800578713417053, 0.3740164041519165, 0.3526460528373718]"
0,centroid,1,555,Velorum,Velorum,"[""Velorum"", ""Nivalis"", ""Ilias"", ""Ratikon"", ""Denom""]","[0.7633551359176636, 0.5399556159973145, 0.3524346947669983, 0.18899649381637573, 0.09667541086673737]"
0,centroid,1,556,Velorum,Velorum,"[""Velorum"", ""Denom"", ""Ilias"", ""Triton"", ""Nivalis""]","[0.8088556528091431, 0.5037176012992859, 0.4855964779853821, 0.41339653730392456, 0.3998870849609375]"
0,centroid,1,557,Velorum,Velorum,"[""Velorum"", ""Ilias"", ""Nivalis"", ""Denom"", ""Ratikon""]","[0.7791427373886108, 0.6065939664840698, 0.5824167132377625, 0.28531280159950256, 0.2754460275173187]"
0,centroid,1,558,Velorum,Velorum,"[""Velorum"", ""Ilias"", ""Triton"", ""Trius"", ""Alcatras""]","[0.8523217439651489, 0.6147360801696777, 0.37116432189941406, 0.3602246046066284, 0.3371741771697998]"
0,centroid,1,559,Velorum,Velorum,"[""Velorum"", ""Ilias"", ""Alcatras"", ""Nivalis"", ""Hawk""]","[0.9062219858169556, 0.3408007323741913, 0.25106948614120483, 0.18498603999614716, 0.15544584393501282]"
0,centroid,1,560,Velorum,Velorum,"[""Velorum"", ""Ilias"", ""Denom"", ""Trius"", ""Triton""]","[0.9016913175582886, 0.5496171116828918, 0.45273375511169434, 0.40207090973854065, 0.31235986948013306]"
0,centroid,1,561,Velorum,Velorum,"[""Velorum"", ""Ilias"", ""Nivalis"", ""Triton"", ""Mytikas""]","[0.9601162672042847, 0.4689132869243622, 0.3427142798900604, 0.2639314830303192, 0.261893093585968]"
0,centroid,1,562,Velorum,Velorum,"[""Velorum"", ""Ilias"", ""Alcatras"", ""Triton"", ""Trius""]","[0.874401330947876, 0.45465829968452454, 0.43284204602241516, 0.3557804524898529, 0.32170289754867554]"
0,centroid,1,563,Velorum,Velorum,"[""Velorum"", ""Mytikas"", ""Ilias"", ""Trius"", ""Alcatras""]","[0.90573650598526, 0.25803667306900024, 0.24906694889068604, 0.2389717400074005, 0.23689240217208862]"
0,centroid,1,564,Velorum,Velorum,"[""Velorum"", ""Ilias"", ""Xtreme"", ""Triton"", ""Nivalis""]","[0.9142583012580872, 0.5049786567687988, 0.31711074709892273, 0.2756454348564148, 0.2336575984954834]"
0,centroid,1,565,Velorum,Velorum,"[""Velorum"", ""Nivalis"", ""Ilias"", ""Triton"", ""Mytikas""]","[0.9012723565101624, 0.46004217863082886, 0.4151788353919983, 0.2664352059364319, 0.24321231245994568]"
0,centroid,1,566,Velorum,Velorum,"[""Velorum"", ""Ilias"", ""Denom"", ""Nivalis"", ""Ratikon""]","[0.9100037217140198, 0.6842315793037415, 0.5127754807472229, 0.44248682260513306, 0.35931867361068726]"
0,centroid,1,567,Velorum,Velorum,"[""Velorum"", ""Ilias"", ""Trius"", ""Triton"", ""Mytikas""]","[0.9128150343894958, 0.4159688353538513, 0.35136544704437256, 0.3505304455757141, 0.2896038293838501]"
0,centroid,1,568,Velorum,Velorum,"[""Velorum"", ""Ilias"", ""Nivalis"", ""Triton"", ""Denom""]","[0.9214320778846741, 0.4476116895675659, 0.4372047185897827, 0.22606715559959412, 0.22414043545722961]"
0,centroid,1,569,Velorum,Velorum,"[""Velorum"", ""Ilias"", ""Nivalis"", ""Denom"", ""Triton""]","[0.9386444687843323, 0.6295449137687683, 0.43035387992858887, 0.40995877981185913, 0.3796938955783844]"
0,centroid,1,570,Velorum,Velorum,"[""Velorum"", ""Triton"", ""Ilias"", ""Trius"", ""Alcatras""]","[0.6935189962387085, 0.5679486989974976, 0.5379353165626526, 0.47786498069763184, 0.46686282753944397]"
0,centroid,1,571,Velorum,Velorum,"[""Velorum"", ""Xtreme"", ""Triton"", ""Mytikas"", ""Ilias""]","[0.8325311541557312, 0.40589287877082825, 0.3317265212535858, 0.30734020471572876, 0.28872349858283997]"
0,centroid,1,572,Velorum,Velorum,"[""Velorum"", ""Ilias"", ""Nivalis"", ""Denom"", ""Mytikas""]","[0.8544756174087524, 0.5539350509643555, 0.5045501589775085, 0.3708646297454834, 0.2829236388206482]"
0,centroid,1,573,Velorum,Velorum,"[""Velorum"", ""Nivalis"", ""Ilias"", ""Denom"", ""Ratikon""]","[0.8807184100151062, 0.6205945014953613, 0.5257583260536194, 0.5071595907211304, 0.3170948028564453]"
0,centroid,1,574,Velorum,Velorum,"[""Velorum"", ""Ilias"", ""Nivalis"", ""Ratikon"", ""Denom""]","[0.8618206977844238, 0.5356969237327576, 0.45842868089675903, 0.38469070196151733, 0.27090680599212646]"
0,centroid,1,575,Velorum,Velorum,"[""Velorum"", ""Nivalis"", ""Denom"", ""Ilias"", ""Xtreme""]","[0.9319619536399841, 0.4364018142223358, 0.3059731721878052, 0.2968888580799103, 0.12096374481916428]"
0,centroid,1,576,Velorum,Velorum,"[""Velorum"", ""Ilias"", ""Nivalis"", ""Denom"", ""Ratikon""]","[0.9640885591506958, 0.5407750606536865, 0.45211857557296753, 0.411379873752594, 0.28486478328704834]"
0,centroid,1,577,Velorum,Velorum,"[""Velorum"", ""Denom"", ""Nivalis"", ""Ilias"", ""Ratikon""]","[0.828681230545044, 0.4279954135417938, 0.38054436445236206, 0.2962207496166229, 0.17338669300079346]"
0,centroid,1,578,Velorum,Velorum,"[""Velorum"", ""Nivalis"", ""Denom"", ""Ilias"", ""Mytikas""]","[0.8119843006134033, 0.48126021027565, 0.26155897974967957, 0.14996980130672455, 0.13954541087150574]"
0,centroid,1,579,Xtreme,Xtreme,"[""Xtreme"", ""Gemini"", ""Ilias"", ""Hawk"", ""Denom""]","[0.9154584407806396, 0.5697460174560547, 0.07656047493219376, 0.06374992430210114, 0.05571574717760086]"
0,centroid,1,580,Xtreme,Xtreme,"[""Xtreme"", ""Gemini"", ""Braga"", ""Triton"", ""Denom""]","[0.8178018927574158, 0.5718323588371277, 0.2014114111661911, 0.20057174563407898, 0.16639210283756256]"
0,centroid,1,581,Xtreme,Xtreme,"[""Xtreme"", ""Gemini"", ""Braga"", ""Hawk"", ""Trius""]","[0.9225163459777832, 0.6393709182739258, 0.22471883893013, 0.1151590347290039, 0.0674273744225502]"
0,centroid,1,582,Xtreme,Xtreme,"[""Xtreme"", ""Gemini"", ""Braga"", ""Triton"", ""Trius""]","[0.7962883710861206, 0.5942312479019165, 0.31950852274894714, 0.27446019649505615, 0.2697194218635559]"
0,centroid,1,583,Xtreme,Xtreme,"[""Xtreme"", ""Gemini"", ""Braga"", ""Mytikas"", ""Hawk""]","[0.8656481504440308, 0.3806441128253937, 0.16072902083396912, 0.10686510801315308, 0.06665659695863724]"
0,centroid,1,584,Xtreme,Xtreme,"[""Xtreme"", ""Gemini"", ""Denom"", ""Nivalis"", ""Ilias""]","[0.9267992377281189, 0.41793859004974365, 0.13863760232925415, 0.13694345951080322, 0.07145492732524872]"
0,centroid,1,585,Xtreme,Xtreme,"[""Xtreme"", ""Gemini"", ""Ilias"", ""Denom"", ""Braga""]","[0.9502904415130615, 0.6216234564781189, 0.1721183955669403, 0.07741902768611908, 0.02412259951233864]"
0,centroid,1,586,Xtreme,Xtreme,"[""Xtreme"", ""Gemini"", ""Velorum"", ""Denom"", ""Ilias""]","[0.8475239872932434, 0.5574569702148438, 0.1469033807516098, 0.1426599770784378, 0.12313307076692581]"
0,centroid,1,587,Xtreme,Xtreme,"[""Xtreme"", ""Gemini"", ""Nivalis"", ""Ilias"", ""Denom""]","[0.9472237825393677, 0.4227606952190399, 0.14154773950576782, 0.11898408830165863, 0.10826373100280762]"
0,centroid,1,588,Xtreme,Xtreme,"[""Xtreme"", ""Gemini"", ""Ilias"", ""Velorum"", ""Denom""]","[0.9133216142654419, 0.5382281541824341, 0.056199073791503906, 0.05593622848391533, 0.05462920665740967]"
0,centroid,1,589,Xtreme,Xtreme,"[""Xtreme"", ""Gemini"", ""Denom"", ""Ilias"", ""Hawk""]","[0.8898366689682007, 0.5829368829727173, 0.15389132499694824, 0.13113385438919067, 0.0715520828962326]"
0,centroid,1,590,Xtreme,Xtreme,"[""Xtreme"", ""Gemini"", ""Braga"", ""Mytikas"", ""Ilias""]","[0.9658055305480957, 0.46564602851867676, 0.06663448363542557, 0.060749560594558716, 0.029907479882240295]"
0,centroid,1,591,Xtreme,Xtreme,"[""Xtreme"", ""Gemini"", ""Hawk"", ""Denom"", ""Ilias""]","[0.9394625425338745, 0.48077163100242615, 0.0530974380671978, 0.02119901031255722, -0.0033480674028396606]"
0,centroid,1,592,Xtreme,Xtreme,"[""Xtreme"", ""Gemini"", ""Braga"", ""Triton"", ""Mytikas""]","[0.8891960382461548, 0.5769628286361694, 0.2797629237174988, 0.2201845943927765, 0.1617491990327835]"
0,centroid,1,593,Xtreme,Xtreme,"[""Xtreme"", ""Gemini"", ""Ilias"", ""Nivalis"", ""Velorum""]","[0.8769024014472961, 0.3173215091228485, 0.2778567671775818, 0.26939794421195984, 0.2671160399913788]"
0,centroid,1,594,Xtreme,Xtreme,"[""Xtreme"", ""Gemini"", ""Velorum"", ""Denom"", ""Ilias""]","[0.9115153551101685, 0.24105848371982574, 0.14172929525375366, 0.09892187267541885, 0.02072492241859436]"
0,centroid,1,595,Xtreme,Xtreme,"[""Xtreme"", ""Gemini"", ""Velorum"", ""Steel_Wheel"", ""Hawk""]","[0.9341716170310974, 0.3222775459289551, 0.07668806612491608, 0.07375508546829224, 0.04430849105119705]"
0,centroid,1,596,Xtreme,Xtreme,"[""Xtreme"", ""Gemini"", ""Ilias"", ""Velorum"", ""Hawk""]","[0.9673534631729126, 0.48805439472198486, 0.14120468497276306, 0.10700107365846634, 0.06511124968528748]"
0,centroid,1,597,Xtreme,Xtreme,"[""Xtreme"", ""Gemini"", ""Braga"", ""Triton"", ""Mytikas""]","[0.8762242197990417, 0.49201518297195435, 0.35025709867477417, 0.27110612392425537, 0.2459886521100998]"
0,centroid,1,598,Xtreme,Xtreme,"[""Xtreme"", ""Gemini"", ""Hawk"", ""Denom"", ""Steel_Wheel""]","[0.8965330123901367, 0.5300647020339966, 0.09420396387577057, 0.0390145406126976, 0.025914568454027176]"
0,centroid,1,599,Xtreme,Xtreme,"[""Xtreme"", ""Gemini"", ""Velorum"", ""Nivalis"", ""Hawk""]","[0.9223480820655823, 0.34263473749160767, 0.2117764949798584, 0.08174548298120499, 0.07203865051269531]"
0,centroid,1,600,Xtreme,Xtreme,"[""Xtreme"", ""Gemini"", ""Steel_Wheel"", ""Ilias"", ""Denom""]","[0.9501447677612305, 0.40529510378837585, 0.047694116830825806, 0.01810990273952484, -0.0037295594811439514]"
0,centroid,1,601,Xtreme,Xtreme,"[""Xtreme"", ""Gemini"", ""Hawk"", ""Braga"", ""Ilias""]","[0.8701690435409546, 0.2913004755973816, 0.2166060209274292, 0.029190361499786377, 0.018142826855182648]"
0,centroid,1,602,Xtreme,Xtreme,"[""Xtreme"", ""Gemini"", ""Braga"", ""Ilias"", ""Triton""]","[0.9667381644248962, 0.4529727101325989, 0.1307404339313507, 0.07611339539289474, 0.07221052050590515]"
0,centroid,1,603,Xtreme,Xtreme,"[""Xtreme"", ""Gemini"", ""Braga"", ""Denom"", ""Hawk""]","[0.9535312056541443, 0.5329892635345459, 0.12083546817302704, 0.07015752047300339, 0.038163695484399796]"
0,centroid,1,604,Xtreme,Xtreme,"[""Xtreme"", ""Gemini"", ""Braga"", ""Trius"", ""Triton""]","[0.8423314690589905, 0.5672475099563599, 0.3814394176006317, 0.2022082507610321, 0.19354133307933807]"
0,centroid,1,605,Xtreme,Xtreme,"[""Xtreme"", ""Gemini"", ""Denom"", ""Ilias"", ""Nivalis""]","[0.886937141418457, 0.5754490494728088, 0.1787177473306656, 0.16068504750728607, 0.04378355294466019]"
0,centroid,1,606,Xtreme,Xtreme,"[""Xtreme"", ""Ilias"", ""Gemini"", ""Triton"", ""Denom""]","[0.7809873223304749, 0.4569251239299774, 0.40659716725349426, 0.3313479423522949, 0.2783393859863281]"
0,centroid,1,607,Xtreme,Xtreme,"[""Xtreme"", ""Gemini"", ""Hawk"", ""Mytikas"", ""Braga""]","[0.8944313526153564, 0.3857935667037964, 0.1848265528678894, 0.11789724230766296, 0.09024952352046967]"
0,centroid,1,608,Xtreme,Xtreme,"[""Xtreme"", ""Gemini"", ""Braga"", ""Steel_Wheel"", ""Denom""]","[0.9296485185623169, 0.4700023829936981, 0.10307112336158752, 0.07951565086841583, 0.0517062172293663]"
0,centroid,1,609,Xtreme,Xtreme,"[""Xtreme"", ""Gemini"", ""Braga"", ""Hawk"", ""Velorum""]","[0.9392628073692322, 0.43662792444229126, 0.19973677396774292, 0.11888720095157623, 0.06870637834072113]"
0,centroid,1,610,Xtreme,Xtreme,"[""Xtreme"", ""Gemini"", ""Ilias"", ""Trius"", ""Denom""]","[0.9043781757354736, 0.7044298648834229, 0.1786436289548874, 0.14664803445339203, 0.11580857634544373]"
0,centroid,1,611,Xtreme,Xtreme,"[""Xtreme"", ""Gemini"", ""Velorum"", ""Steel_Wheel"", ""Ilias""]","[0.9412500858306885, 0.3630053997039795, 0.12521053850650787, 0.12261416018009186, 0.021487191319465637]"
0,centroid,1,612,Xtreme,Xtreme,"[""Xtreme"", ""Gemini"", ""Ilias"", ""Denom"", ""Nivalis""]","[0.9487128257751465, 0.5128343105316162, 0.1243060752749443, 0.0771409273147583, 0.04982147738337517]"
0,centroid,1,613,Xtreme,Xtreme,"[""Xtreme"", ""Gemini"", ""Velorum"", ""Braga"", ""Steel_Wheel""]","[0.9397808313369751, 0.299548476934433, 0.050089120864868164, 0.026381609961390495, 0.01480410248041153]"
0,centroid,1,614,Xtreme,Xtreme,"[""Xtreme"", ""Gemini"", ""Velorum"", ""Mytikas"", ""Ilias""]","[0.9670119881629944, 0.4686439335346222, 0.18139716982841492, 0.16145676374435425, 0.1591343879699707]"
0,centroid,1,615,Xtreme,Xtreme,"[""Xtreme"", ""Gemini"", ""Ilias"", ""Denom"", ""Triton""]","[0.9231311082839966, 0.4881512224674225, 0.15417495369911194, 0.14134246110916138, 0.08535892516374588]"
0,centroid,1,616,Xtreme,Xtreme,"[""Xtreme"", ""Gemini"", ""Braga"", ""Triton"", ""Ilias""]","[0.911819338798523, 0.5991965532302856, 0.3021133542060852, 0.2056148499250412, 0.12846508622169495]"
1,centroid,1,0,Alaris,Alaris,"[""Alaris"", ""Alcatras"", ""Trius"", ""Braga"", ""Hawk""]","[0.9228226542472839, 0.7391436100006104, 0.5732225775718689, 0.5720264911651611, 0.4761084020137787]"
1,centroid,1,1,Alaris,Alaris,"[""Alaris"", ""Alcatras"", ""Trius"", ""Turbine"", ""Mytikas""]","[0.7377471327781677, 0.7160118818283081, 0.48575833439826965, 0.4669229984283447, 0.4449678063392639]"
1,centroid,1,2,Alaris,Alaris,"[""Alaris"", ""Alcatras"", ""Braga"", ""Trius"", ""Hawk""]","[0.8795927166938782, 0.839234471321106, 0.599060595035553, 0.5596557855606079, 0.5036033391952515]"
1,centroid,1,3,Alaris,Alaris,"[""Alaris"", ""Alcatras"", ""Hawk"", ""Braga"", ""Trius""]","[0.88912034034729, 0.8252917528152466, 0.5113266706466675, 0.4795624017715454, 0.43454253673553467]"
1,centroid,1,4,Alaris,Alaris,"[""Alaris"", ""Alcatras"", ""Hawk"", ""Trius"", ""Turbine""]","[0.8755874633789062, 0.6641680002212524, 0.5148806571960449, 0.46251994371414185, 0.33446812629699707]"
1,centroid,1,5,Alaris,Alaris,"[""Alaris"", ""Trius"", ""Braga"", ""Alcatras"", ""Triton""]","[0.6990445852279663, 0.6916382312774658, 0.5875455141067505, 0.5482136011123657, 0.513774573802948]"
1,centroid,1,6,Alaris,Alaris,"[""Alaris"", ""Alcatras"", ""Hawk"", ""Vega"", ""Turbine""]","[0.7898014783859253, 0.7051523923873901, 0.5796884298324585, 0.46523088216781616, 0.2997407615184784]"
1,centroid,1,7,Alaris,Alaris,"[""Alaris"", ""Trius"", ""Alcatras"", ""Triton"", ""Braga""]","[0.8354732990264893, 0.7039438486099243, 0.6537327766418457, 0.6145907044410706, 0.4313134253025055]"
1,centroid,1,8,Alaris,Alaris,"[""Alaris"", ""Vega"", ""Alcatras"", ""Trius"", ""Hawk""]","[0.8781377673149109, 0.5765008926391602, 0.5583988428115845, 0.5099784135818481, 0.4899633526802063]"
1,centroid,1,9,Alaris,Alaris,"[""Alaris"", ""Alcatras"", ""Trius"", ""Braga"", ""Hawk""]","[0.9469872117042542, 0.747605562210083, 0.6498253345489502, 0.5471564531326294, 0.542094349861145]"
1,centroid,1,10,Alaris,Alaris,"[""Alaris"", ""Trius"", ""Alcatras"", ""Hawk"", ""Vega""]","[0.843988299369812, 0.6571834683418274, 0.478506863117218, 0.45569634437561035, 0.43934375047683716]"
1,centroid,1,11,Alaris,Alcatras,"[""Alcatras"", ""Alaris"", ""Castor"", ""Hawk"", ""Turbine""]","[0.7965998649597168, 0.7069382667541504, 0.68026202917099, 0.5389279127120972, 0.5242620706558228]"
1,centroid,1,12,Alaris,Alaris,"[""Alaris"", ""Alcatras"", ""Hawk"", ""Trius"", ""Braga""]","[0.8955792188644409, 0.7153244018554688, 0.5561286211013794, 0.42833808064460754, 0.37274277210235596]"
1,centroid,1,13,Alaris,Alaris,"[""Alaris"", ""Alcatras"", ""Hawk"", ""Trius"", ""Vega""]","[0.9014153480529785, 0.7049385905265808, 0.6093662977218628, 0.43899351358413696, 0.4264633357524872]"
1,centroid,1,14,Alaris,Alaris,"[""Alaris"", ""Alcatras"", ""Hawk"", ""Trius"", ""Braga""]","[0.9205804467201233, 0.7342560291290283, 0.5397758483886719, 0.4609249234199524, 0.4554666578769684]"
1,centroid,1,15,Alaris,Alaris,"[""Alaris"", ""Alcatras"", ""Braga"", ""Trius"", ""Triton""]","[0.9171079397201538, 0.8200968503952026, 0.5704155564308167, 0.5485923290252686, 0.4577076733112335]"
1,centroid,1,16,Alaris,Mytikas,"[""Mytikas"", ""Triton"", ""Alcatras"", ""Alaris"", ""Trius""]","[0.6692345142364502, 0.6547763347625732, 0.6161628365516663, 0.5572357773780823, 0.4971690773963928]"
1,centroid,1,17,Alaris,Gemini,"[""Gemini"", ""Trius"", ""Braga"", ""Alaris"", ""Vega""]","[0.8114578127861023, 0.6447200775146484, 0.6060875654220581, 0.5587824583053589, 0.44233086705207825]"
1,centroid,1,18,Alaris,Alaris,"[""Alaris"", ""Alcatras"", ""Trius"", ""Braga"", ""Hawk""]","[0.9565337896347046, 0.7280734777450562, 0.6181650757789612, 0.5163377523422241, 0.35104137659072876]"
1,centroid,1,19,Alaris,Alaris,"[""Alaris"", ""Alcatras"", ""Trius"", ""Vega"", ""Hawk""]","[0.9313668608665466, 0.6379235982894897, 0.5734471082687378, 0.5256772041320801, 0.5157687664031982]"
1,centroid,1,20,Alaris,Alaris,"[""Alaris"", ""Alcatras"", ""Hawk"", ""Trius"", ""Vega""]","[0.7778234481811523, 0.6371328234672546, 0.5073637962341309, 0.47651347517967224, 0.3928164839744568]"
1,centroid,1,21,Alaris,Alaris,"[""Alaris"", ""Alcatras"", ""Hawk"", ""Trius"", ""Braga""]","[0.8297473788261414, 0.6919743418693542, 0.546715497970581, 0.420876145362854, 0.3548729419708252]"
1,centroid,1,22,Alaris,Alcatras,"[""Alcatras"", ""Alaris"", ""Hawk"", ""Braga"", ""Turbine""]","[0.8309612274169922, 0.8289917707443237, 0.5130483508110046, 0.43720489740371704, 0.4172966182231903]"
1,centroid,1,23,Alaris,Alaris,"[""Alaris"", ""Alcatras"", ""Braga"", ""Hawk"", ""Trius""]","[0.9140605926513672, 0.6752557754516602, 0.6492491960525513, 0.5730957984924316, 0.5376548767089844]"
1,centroid,1,24,Alaris,Alaris,"[""Alaris"", ""Alcatras"", ""Hawk"", ""Turbine"", ""Trius""]","[0.832578182220459, 0.6941685676574707, 0.43918728828430176, 0.3626631498336792, 0.3207100033760071]"
1,centroid,1,25,Alaris,Alaris,"[""Alaris"", ""Hawk"", ""Trius"", ""Vega"", ""Braga""]","[0.6874589323997498, 0.636820912361145, 0.6113027334213257, 0.5832574963569641, 0.5231267213821411]"
1,centroid,1,26,Alaris,Alaris,"[""Alaris"", ""Alcatras"", ""Turbine"", ""Vega"", ""Hawk""]","[0.8345096707344055, 0.7100096940994263, 0.48401105403900146, 0.47543463110923767, 0.46324241161346436]"
1,centroid,1,27,Alaris,Alaris,"[""Alaris"", ""Alcatras"", ""Vega"", ""Trius"", ""Hawk""]","[0.8986796736717224, 0.6477413177490234, 0.5020990371704102, 0.49446922540664673, 0.4507611095905304]"
1,centroid,1,28,Alcatras,Alcatras,"[""Alcatras"", ""Alaris"", ""Castor"", ""Hawk"", ""Braga""]","[0.9598393440246582, 0.7472432851791382, 0.5547893047332764, 0.41113555431365967, 0.4080732464790344]"
1,centroid,1,29,Alcatras,Alaris,"[""Alaris"", ""Alcatras"", ""Braga"", ""Trius"", ""Turbine""]","[0.7944590449333191, 0.5697674751281738, 0.49488478899002075, 0.4042855203151703, 0.398858904838562]"
1,centroid,1,30,Alcatras,Alcatras,"[""Alcatras"", ""Castor"", ""Alaris"", ""Trius"", ""Mytikas""]","[0.8119999170303345, 0.7499440908432007, 0.574941098690033, 0.42228737473487854, 0.3946983218193054]"
1,centroid,1,31,Alcatras,Alaris,"[""Alaris"", ""Alcatras"", ""Trius"", ""Triton"", ""Mytikas""]","[0.8401055335998535, 0.7572078704833984, 0.6391275525093079, 0.4914305806159973, 0.420090913772583]"
1,centroid,1,32,Alcatras,Alcatras,"[""Alcatras"", ""Alaris"", ""Hawk"", ""Braga"", ""Castor""]","[0.8119478225708008, 0.7113732099533081, 0.35742560029029846, 0.3437565267086029, 0.31928855180740356]"
1,centroid,1,33,Alcatras,Alcatras,"[""Alcatras"", ""Alaris"", ""Velorum"", ""Nivalis"", ""Hawk""]","[0.6118842363357544, 0.5420262217521667, 0.49344176054000854, 0.2986840009689331, 0.291094034910202]"
1,centroid,1,34,Alcatras,Alcatras,"[""Alcatras"", ""Alaris"", ""Castor"", ""Trius"", ""Braga""]","[0.9179844856262207, 0.843997597694397, 0.5535324811935425, 0.5517678260803223, 0.5101852416992188]"
1,centroid,1,35,Alcatras,Alcatras,"[""Alcatras"", ""Alaris"", ""Braga"", ""Castor"", ""Trius""]","[0.7991451025009155, 0.7553232908248901, 0.7070345878601074, 0.5562328696250916, 0.4709976017475128]"
1,centroid,1,36,Alcatras,Alcatras,"[""Alcatras"", ""Mytikas"", ""Braga"", ""Triton"", ""Alaris""]","[0.7459086179733276, 0.5667321681976318, 0.5497332811355591, 0.5464768409729004, 0.5167814493179321]"
1,centroid,1,37,Alcatras,Alcatras,"[""Alcatras"", ""Alaris"", ""Braga"", ""Hawk"", ""Castor""]","[0.8238848447799683, 0.7487776875495911, 0.5625255107879639, 0.5420198440551758, 0.40680408477783203]"
1,centroid,1,38,Alcatras,Alcatras,"[""Alcatras"", ""Alaris"", ""Turbine"", ""Castor"", ""Hawk""]","[0.8219645619392395, 0.6325920820236206, 0.5876896381378174, 0.4691237807273865, 0.4547654092311859]"
1,centroid,1,39,Alcatras,Alcatras,"[""Alcatras"", ""Alaris"", ""Turbine"", ""Hawk"", ""Trius""]","[0.6369503736495972, 0.5787146091461182, 0.5665292739868164, 0.5090086460113525, 0.4449193775653839]"
1,centroid,1,40,Alcatras,Alcatras,"[""Alcatras"", ""Alaris"", ""Braga"", ""Hawk"", ""Castor""]","[0.768441379070282, 0.7615983486175537, 0.7582032680511475, 0.6379899978637695, 0.5863193869590759]"
1,centroid,1,41,Alcatras,Alcatras,"[""Alcatras"", ""Castor"", ""Mytikas"", ""Alaris"", ""Triton""]","[0.8650197982788086, 0.8169383406639099, 0.5647502541542053, 0.5136736631393433, 0.432151734828949]"
1,centroid,1,42,Alcatras,Alcatras,"[""Alcatras"", ""Castor"", ""Mytikas"", ""Triton"", ""Braga""]","[0.6900948286056519, 0.6612991690635681, 0.6434938907623291, 0.5685546398162842, 0.53914475440979]"
1,centroid,1,43,Alcatras,Alcatras,"[""Alcatras"", ""Alaris"", ""Castor"", ""Hawk"", ""Braga""]","[0.8285142183303833, 0.7491253018379211, 0.4372287392616272, 0.43165209889411926, 0.4272313714027405]"
1,centroid,1,44,Alcatras,Alcatras,"[""Alcatras"", ""Braga"", ""Alaris"", ""Mytikas"", ""Castor""]","[0.8573606610298157, 0.7028923630714417, 0.6791362762451172, 0.5214031338691711, 0.5100927352905273]"
1,centroid,1,45,Alcatras,Alcatras,"[""Alcatras"", ""Braga"", ""Alaris"", ""Trius"", ""Mytikas""]","[0.697909951210022, 0.6571030616760254, 0.6533450484275818, 0.5988554358482361, 0.43993768095970154]"
1,centroid,1,46,Alcatras,Alcatras,"[""Alcatras"", ""Castor"", ""Mytikas"", ""Braga"", ""Alaris""]","[0.8701786994934082, 0.6841331720352173, 0.5550177097320557, 0.5328576564788818, 0.5187458395957947]"
1,centroid,1,47,Alcatras,Alcatras,"[""Alcatras"", ""Alaris"", ""Braga"", ""Turbine"", ""Triton""]","[0.7798252105712891, 0.6975709795951843, 0.6275016069412231, 0.6098259687423706, 0.5294958353042603]"
1,centroid,1,48,Alcatras,Alcatras,"[""Alcatras"", ""Alaris"", ""Braga"", ""Castor"", ""Mytikas""]","[0.8576347231864929, 0.6713275909423828, 0.643950343132019, 0.6212948560714722, 0.4392678439617157]"
1,centroid,1,49,Alcatras,Alcatras,"[""Alcatras"", ""Alaris"", ""Castor"", ""Hawk"", ""Turbine""]","[0.9017831087112427, 0.729154109954834, 0.5720521211624146, 0.4724874198436737, 0.3883201479911804]"
1,centroid,1,50,Alcatras,Alcatras,"[""Alcatras"", ""Alaris"", ""Braga"", ""Castor"", ""Trius""]","[0.833397626876831, 0.7940908074378967, 0.6346017122268677, 0.5683001279830933, 0.5010952949523926]"
1,centroid,1,51,Alcatras,Alcatras,"[""Alcatras"", ""Alaris"", ""Mytikas"", ""Castor"", ""Braga""]","[0.8727636337280273, 0.6277539730072021, 0.5174722075462341, 0.5008142590522766, 0.49358659982681274]"
1,centroid,1,52,Alcatras,Alcatras,"[""Alcatras"", ""Alaris"", ""Braga"", ""Mytikas"", ""Castor""]","[0.8982365131378174, 0.7958585023880005, 0.6362565159797668, 0.5345551371574402, 0.5056177377700806]"
1,centroid,1,53,Alcatras,Alcatras,"[""Alcatras"", ""Alaris"", ""Castor"", ""Braga"", ""Mytikas""]","[0.8576797246932983, 0.6353241205215454, 0.4512091279029846, 0.4093972444534302, 0.3596324324607849]"
1,centroid,1,54,Braga,Braga,"[""Braga"", ""Vega"", ""Triton"", ""Mytikas"", ""Hawk""]","[0.7378671765327454, 0.567044734954834, 0.42374250292778015, 0.41614967584609985, 0.35166090726852417]"
1,centroid,1,55,Braga,Braga,"[""Braga"", ""Alaris"", ""Triton"", ""Alcatras"", ""Castor""]","[0.9531306028366089, 0.6322928071022034, 0.5401382446289062, 0.5288681983947754, 0.5105714797973633]"
1,centroid,1,56,Braga,Braga,"[""Braga"", ""Gemini"", ""Alaris"", ""Triton"", ""Trius""]","[0.899006724357605, 0.5290142893791199, 0.49715784192085266, 0.47297024726867676, 0.38810980319976807]"
1,centroid,1,57,Braga,Braga,"[""Braga"", ""Hawk"", ""Castor"", ""Turbine"", ""Alcatras""]","[0.8113609552383423, 0.47370439767837524, 0.4472305476665497, 0.38538530468940735, 0.3748195767402649]"
1,centroid,1,58,Braga,Braga,"[""Braga"", ""Triton"", ""Mytikas"", ""Vega"", ""Alcatras""]","[0.7900274991989136, 0.5956861972808838, 0.49067285656929016, 0.4415305256843567, 0.40016698837280273]"
1,centroid,1,59,Braga,Braga,"[""Braga"", ""Castor"", ""Alcatras"", ""Mytikas"", ""Turbine""]","[0.7575783133506775, 0.7329280376434326, 0.5436928272247314, 0.4451137185096741, 0.43981415033340454]"
1,centroid,1,60,Braga,Braga,"[""Braga"", ""Gemini"", ""Hawk"", ""Vega"", ""Trius""]","[0.7645018100738525, 0.6410760283470154, 0.4663144648075104, 0.360636830329895, 0.35113775730133057]"
1,centroid,1,61,Braga,Alaris,"[""Alaris"", ""Braga"", ""Alcatras"", ""Hawk"", ""Vega""]","[0.771564245223999, 0.7537132501602173, 0.6679052710533142, 0.5609922409057617, 0.485763281583786]"
1,centroid,1,62,Braga,Braga,"[""Braga"", ""Alcatras"", ""Alaris"", ""Castor"", ""Hawk""]","[0.8734872341156006, 0.5629303455352783, 0.5150412321090698, 0.465918630361557, 0.3722071349620819]"
1,centroid,1,63,Braga,Braga,"[""Braga"", ""Alaris"", ""Alcatras"", ""Trius"", ""Castor""]","[0.875967264175415, 0.5832988023757935, 0.5179401636123657, 0.41070687770843506, 0.4008951783180237]"
1,centroid,1,64,Braga,Braga,"[""Braga"", ""Triton"", ""Castor"", ""Alcatras"", ""Alaris""]","[0.8793606758117676, 0.6699272990226746, 0.6652000546455383, 0.5973395109176636, 0.5553935766220093]"
1,centroid,1,65,Braga,Braga,"[""Braga"", ""Triton"", ""Trius"", ""Mytikas"", ""Alaris""]","[0.7514035105705261, 0.7260549664497375, 0.6561048030853271, 0.4671672284603119, 0.4347558617591858]"
1,centroid,1,66,Braga,Braga,"[""Braga"", ""Hawk"", ""Alaris"", ""Turbine"", ""Vega""]","[0.8299835920333862, 0.7684402465820312, 0.6223026514053345, 0.6029112339019775, 0.5308988094329834]"
1,centroid,1,67,Braga,Braga,"[""Braga"", ""Vega"", ""Mytikas"", ""Triton"", ""Hawk""]","[0.7725954651832581, 0.47787201404571533, 0.39086824655532837, 0.373611181974411, 0.3508775532245636]"
1,centroid,1,68,Braga,Triton,"[""Triton"", ""Braga"", ""Mytikas"", ""Castor"", ""Trius""]","[0.7814469933509827, 0.7339879274368286, 0.6211961507797241, 0.45403409004211426, 0.40779513120651245]"
1,centroid,1,69,Braga,Braga,"[""Braga"", ""Vega"", ""Alaris"", ""Hawk"", ""Turbine""]","[0.7815119028091431, 0.6486890316009521, 0.5482568740844727, 0.5137035846710205, 0.47155722975730896]"
1,centroid,1,70,Braga,Braga,"[""Braga"", ""Alaris"", ""Trius"", ""Alcatras"", ""Gemini""]","[0.8133036494255066, 0.5951461791992188, 0.43130600452423096, 0.43092167377471924, 0.346347451210022]"
1,centroid,1,71,Braga,Braga,"[""Braga"", ""Alcatras"", ""Castor"", ""Triton"", ""Alaris""]","[0.8932291865348816, 0.5228687524795532, 0.4949575960636139, 0.4688914120197296, 0.45915791392326355]"
1,centroid,1,72,Braga,Braga,"[""Braga"", ""Vega"", ""Hawk"", ""Turbine"", ""Alaris""]","[0.7407749891281128, 0.655232310295105, 0.6252771615982056, 0.4204648733139038, 0.4049413800239563]"
1,centroid,1,73,Braga,Braga,"[""Braga"", ""Castor"", ""Triton"", ""Trius"", ""Alaris""]","[0.8798186779022217, 0.5639643669128418, 0.5613799095153809, 0.559863269329071, 0.5020044445991516]"
1,centroid,1,74,Braga,Braga,"[""Braga"", ""Triton"", ""Trius"", ""Alaris"", ""Alcatras""]","[0.856980562210083, 0.6337604522705078, 0.6087847948074341, 0.5562888979911804, 0.4821462631225586]"
1,centroid,1,75,Braga,Braga,"[""Braga"", ""Alaris"", ""Alcatras"", ""Triton"", ""Castor""]","[0.8939578533172607, 0.6634886264801025, 0.5797030925750732, 0.5009802579879761, 0.46328943967819214]"
1,centroid,1,76,Braga,Braga,"[""Braga"", ""Alaris"", ""Hawk"", ""Trius"", ""Mytikas""]","[0.8378731608390808, 0.5612742900848389, 0.5240267515182495, 0.5118881464004517, 0.5058724880218506]"
1,centroid,1,77,Braga,Braga,"[""Braga"", ""Alaris"", ""Alcatras"", ""Castor"", ""Turbine""]","[0.7355717420578003, 0.6178512573242188, 0.6072232723236084, 0.5267744064331055, 0.5228018760681152]"
1,centroid,1,78,Braga,Braga,"[""Braga"", ""Triton"", ""Alaris"", ""Trius"", ""Castor""]","[0.7740037441253662, 0.7088904976844788, 0.5860773324966431, 0.5383777618408203, 0.48815256357192993]"
1,centroid,1,79,Braga,Braga,"[""Braga"", ""Triton"", ""Mytikas"", ""Trius"", ""Turbine""]","[0.8458429574966431, 0.6346603631973267, 0.5367898344993591, 0.42819327116012573, 0.4278590679168701]"
1,centroid,1,80,Braga,Braga,"[""Braga"", ""Mytikas"", ""Trius"", ""Triton"", ""Castor""]","[0.6859854459762573, 0.5790770053863525, 0.561191201210022, 0.5151743292808533, 0.4784174859523773]"
1,centroid,1,81,Braga,Turbine,"[""Turbine"", ""Alcatras"", ""Hawk"", ""Castor"", ""Mytikas""]","[0.664690375328064, 0.5914924144744873, 0.47503209114074707, 0.44351136684417725, 0.43510836362838745]"
1,centroid,1,82,Braga,Hawk,"[""Hawk"", ""Braga"", ""Vega"", ""Gemini"", ""Trius""]","[0.6375750303268433, 0.6010538339614868, 0.5291255712509155, 0.37873154878616333, 0.32032912969589233]"
1,centroid,1,83,Braga,Braga,"[""Braga"", ""Alaris"", ""Castor"", ""Alcatras"", ""Trius""]","[0.8181205987930298, 0.6840094327926636, 0.656712532043457, 0.6254043579101562, 0.5988551378250122]"
1,centroid,1,84,Braga,Braga,"[""Braga"", ""Triton"", ""Trius"", ""Alaris"", ""Turbine""]","[0.8932844400405884, 0.5587442517280579, 0.49206864833831787, 0.4852508306503296, 0.47757962346076965]"
1,centroid,1,85,Braga,Braga,"[""Braga"", ""Vega"", ""Hawk"", ""Alaris"", ""Gemini""]","[0.8618257641792297, 0.5708874464035034, 0.4290415048599243, 0.41907548904418945, 0.395048052072525]"
1,centroid,1,86,Braga,Braga,"[""Braga"", ""Triton"", ""Trius"", ""Turbine"", ""Alaris""]","[0.8567647933959961, 0.5531154870986938, 0.5224615335464478, 0.4834822416305542, 0.4694955348968506]"
1,centroid,1,87,Braga,Hawk,"[""Hawk"", ""Braga"", ""Vega"", ""Gemini"", ""Turbine""]","[0.7065417170524597, 0.6937330365180969, 0.5678514242172241, 0.5329937934875488, 0.47217074036598206]"
1,centroid,1,88,Braga,Braga,"[""Braga"", ""Hawk"", ""Turbine"", ""Alaris"", ""Alcatras""]","[0.8099051117897034, 0.6725486516952515, 0.5164653062820435, 0.48176780343055725, 0.4365794360637665]"
1,centroid,1,89,Braga,Braga,"[""Braga"", ""Hawk"", ""Gemini"", ""Alaris"", ""Vega""]","[0.7462464570999146, 0.616043210029602, 0.5531553626060486, 0.4871472120285034, 0.4829980134963989]"
1,centroid,1,90,Braga,Braga,"[""Braga"", ""Trius"", ""Triton"", ""Alaris"", ""Mytikas""]","[0.8994513154029846, 0.7000689506530762, 0.6390882730484009, 0.633161187171936, 0.5428100824356079]"
1,centroid,1,91,Braga,Trius,"[""Trius"", ""Braga"", ""Vega"", ""Gemini"", ""Alaris""]","[0.6601612567901611, 0.6420954465866089, 0.6202174425125122, 0.6194993257522583, 0.567307710647583]"
1,centroid,1,92,Castor,Castor,"[""Castor"", ""Alcatras"", ""Turbine"", ""Triton"", ""Mytikas""]","[0.867019534111023, 0.448361873626709, 0.4309272766113281, 0.375893771648407, 0.3719640076160431]"
1,centroid,1,93,Castor,Castor,"[""Castor"", ""Mytikas"", ""Triton"", ""Alcatras"", ""Turbine""]","[0.8590394854545593, 0.41503456234931946, 0.39022529125213623, 0.3548423647880554, 0.2746061086654663]"
1,centroid,1,94,Castor,Castor,"[""Castor"", ""Alcatras"", ""Triton"", ""Braga"", ""Turbine""]","[0.8385885953903198, 0.4552200436592102, 0.44717472791671753, 0.38034409284591675, 0.36671215295791626]"
1,centroid,1,95,Castor,Castor,"[""Castor"", ""Turbine"", ""Alcatras"", ""Triton"", ""Braga""]","[0.8852553963661194, 0.6444597244262695, 0.5518934726715088, 0.42195677757263184, 0.39568352699279785]"
1,centroid,1,96,Castor,Alcatras,"[""Alcatras"", ""Mytikas"", ""Castor"", ""Alaris"", ""Trius""]","[0.6879591941833496, 0.6765420436859131, 0.6673456430435181, 0.5228427648544312, 0.5011433959007263]"
1,centroid,1,97,Castor,Castor,"[""Castor"", ""Mytikas"", ""Alcatras"", ""Triton"", ""Turbine""]","[0.82430499792099, 0.7121731042861938, 0.577599287033081, 0.5716485977172852, 0.39747193455696106]"
1,centroid,1,98,Castor,Castor,"[""Castor"", ""Turbine"", ""Alcatras"", ""Mytikas"", ""Triton""]","[0.9230132102966309, 0.6256961226463318, 0.5703873634338379, 0.4252806305885315, 0.31132858991622925]"
1,centroid,1,99,Castor,Castor,"[""Castor"", ""Alcatras"", ""Braga"", ""Mytikas"", ""Alaris""]","[0.8679665327072144, 0.7632022500038147, 0.5356665253639221, 0.5012303590774536, 0.44693806767463684]"
1,centroid,1,100,Castor,Castor,"[""Castor"", ""Turbine"", ""Alcatras"", ""Braga"", ""Mytikas""]","[0.8680402636528015, 0.6802991628646851, 0.5222532749176025, 0.38014164566993713, 0.3564896285533905]"
1,centroid,1,101,Castor,Alaris,"[""Alaris"", ""Alcatras"", ""Hawk"", ""Braga"", ""Turbine""]","[0.7920863628387451, 0.7538906335830688, 0.6876517534255981, 0.5989829301834106, 0.4600590467453003]"
1,centroid,1,102,Castor,Castor,"[""Castor"", ""Alcatras"", ""Turbine"", ""Mytikas"", ""Alaris""]","[0.8858088850975037, 0.6040898561477661, 0.5922018885612488, 0.4149163067340851, 0.2654086947441101]"
1,centroid,1,103,Castor,Castor,"[""Castor"", ""Alcatras"", ""Mytikas"", ""Turbine"", ""Triton""]","[0.8634520173072815, 0.5162687301635742, 0.46255403757095337, 0.40192753076553345, 0.2675192058086395]"
1,centroid,1,104,Castor,Castor,"[""Castor"", ""Alcatras"", ""Mytikas"", ""Braga"", ""Turbine""]","[0.9158214330673218, 0.6972512602806091, 0.5425928235054016, 0.42017102241516113, 0.38496875762939453]"
1,centroid,1,105,Castor,Castor,"[""Castor"", ""Mytikas"", ""Triton"", ""Braga"", ""Alcatras""]","[0.7930005788803101, 0.6111562252044678, 0.5985375642776489, 0.5908575057983398, 0.5641108751296997]"
1,centroid,1,106,Castor,Castor,"[""Castor"", ""Turbine"", ""Mytikas"", ""Alcatras"", ""Braga""]","[0.9013643264770508, 0.5110834836959839, 0.5101195573806763, 0.49027448892593384, 0.37424078583717346]"
1,centroid,1,107,Castor,Castor,"[""Castor"", ""Alcatras"", ""Mytikas"", ""Braga"", ""Triton""]","[0.9348447322845459, 0.5549412369728088, 0.543518602848053, 0.4662490785121918, 0.36132675409317017]"
1,centroid,1,108,Castor,Castor,"[""Castor"", ""Mytikas"", ""Alcatras"", ""Triton"", ""Braga""]","[0.8704308271408081, 0.6098789572715759, 0.5723432898521423, 0.5508239269256592, 0.3954887390136719]"
1,centroid,1,109,Castor,Castor,"[""Castor"", ""Triton"", ""Mytikas"", ""Alcatras"", ""Braga""]","[0.7540544867515564, 0.6636847853660583, 0.638412356376648, 0.5470196008682251, 0.5107063055038452]"
1,centroid,1,110,Castor,Castor,"[""Castor"", ""Mytikas"", ""Alcatras"", ""Triton"", ""Trius""]","[0.8123090267181396, 0.7604525089263916, 0.5947647094726562, 0.4912840723991394, 0.37386685609817505]"
1,centroid,1,111,Castor,Castor,"[""Castor"", ""Mytikas"", ""Triton"", ""Braga"", ""Alcatras""]","[0.8214052319526672, 0.5522876977920532, 0.5308434367179871, 0.41134417057037354, 0.4081181287765503]"
1,centroid,1,112,Castor,Castor,"[""Castor"", ""Alcatras"", ""Turbine"", ""Braga"", ""Mytikas""]","[0.9100387096405029, 0.6207863092422485, 0.5997886061668396, 0.5735886096954346, 0.4569333791732788]"
1,centroid,1,113,Castor,Castor,"[""Castor"", ""Alcatras"", ""Mytikas"", ""Braga"", ""Triton""]","[0.8936783671379089, 0.734607458114624, 0.5316113829612732, 0.4530034065246582, 0.39358800649642944]"
1,centroid,1,114,Castor,Castor,"[""Castor"", ""Mytikas"", ""Turbine"", ""Alcatras"", ""Triton""]","[0.8979188203811646, 0.4777657389640808, 0.44360995292663574, 0.40797659754753113, 0.3424115777015686]"
1,centroid,1,115,Castor,Castor,"[""Castor"", ""Alcatras"", ""Mytikas"", ""Braga"", ""Triton""]","[0.9061359167098999, 0.5302205085754395, 0.5033608675003052, 0.36547672748565674, 0.27655601501464844]"
1,centroid,1,116,Castor,Castor,"[""Castor"", ""Alcatras"", ""Braga"", ""Turbine"", ""Mytikas""]","[0.904729425907135, 0.6304912567138672, 0.598296046257019, 0.49726754426956177, 0.4613671600818634]"
1,centroid,1,117,Castor,Castor,"[""Castor"", ""Mytikas"", ""Alcatras"", ""Triton"", ""Braga""]","[0.9033385515213013, 0.6127686500549316, 0.6013622283935547, 0.4801810383796692, 0.45238181948661804]"
1,centroid,1,118,Castor,Castor,"[""Castor"", ""Mytikas"", ""Alcatras"", ""Turbine"", ""Triton""]","[0.9232330322265625, 0.561277449131012, 0.5477809906005859, 0.531658947467804, 0.47166040539741516]"
1,centroid,1,119,Castor,Alcatras,"[""Alcatras"", ""Alaris"", ""Mytikas"", ""Trius"", ""Hawk""]","[0.837287962436676, 0.8123507499694824, 0.5359517335891724, 0.5336629152297974, 0.5104033350944519]"
1,centroid,1,120,Castor,Castor,"[""Castor"", ""Trius"", ""Mytikas"", ""Triton"", ""Alcatras""]","[0.7310345768928528, 0.6124786734580994, 0.5803707838058472, 0.5643719434738159, 0.47666528820991516]"
1,centroid,1,121,Castor,Castor,"[""Castor"", ""Alcatras"", ""Mytikas"", ""Turbine"", ""Braga""]","[0.9329397082328796, 0.5445864200592041, 0.44791334867477417, 0.4085328280925751, 0.2787727415561676]"
1,centroid,1,122,Castor,Castor,"[""Castor"", ""Alcatras"", ""Turbine"", ""Alaris"", ""Triton""]","[0.8518699407577515, 0.6880537271499634, 0.6304881572723389, 0.520683765411377, 0.4918321967124939]"
1,centroid,1,123,Castor,Castor,"[""Castor"", ""Mytikas"", ""Triton"", ""Alcatras"", ""Turbine""]","[0.8599053621292114, 0.6714467406272888, 0.5142872333526611, 0.4819629192352295, 0.33874088525772095]"
1,centroid,1,124,Denom,Denom,"[""Denom"", ""Ratikon"", ""Nivalis"", ""Steel_Wheel"", ""Ilias""]","[0.7321930527687073, 0.444065123796463, 0.37503311038017273, 0.06900143623352051, 0.03340025246143341]"
1,centroid,1,125,Denom,Denom,"[""Denom"", ""Ratikon"", ""Nivalis"", ""Velorum"", ""Ilias""]","[0.8350790739059448, 0.6308801174163818, 0.611177921295166, 0.5670221447944641, 0.5471979379653931]"
1,centroid,1,126,Denom,Denom,"[""Denom"", ""Ratikon"", ""Nivalis"", ""Ilias"", ""Velorum""]","[0.8930835127830505, 0.7141674757003784, 0.7081876993179321, 0.5250918865203857, 0.42435401678085327]"
1,centroid,1,127,Denom,Denom,"[""Denom"", ""Ratikon"", ""Nivalis"", ""Ilias"", ""Velorum""]","[0.9158831834793091, 0.5628030300140381, 0.5185264945030212, 0.36957353353500366, 0.2457800954580307]"
1,centroid,1,128,Denom,Denom,"[""Denom"", ""Ratikon"", ""Gemini"", ""Nivalis"", ""Trius""]","[0.789795994758606, 0.381853848695755, 0.3397669792175293, 0.31178009510040283, 0.29767879843711853]"
1,centroid,1,129,Denom,Denom,"[""Denom"", ""Ratikon"", ""Nivalis"", ""Ilias"", ""Velorum""]","[0.9649487137794495, 0.6641010046005249, 0.5126749277114868, 0.44946223497390747, 0.031988292932510376]"
1,centroid,1,130,Denom,Denom,"[""Denom"", ""Ratikon"", ""Nivalis"", ""Ilias"", ""Velorum""]","[0.9144854545593262, 0.7971475720405579, 0.6047315001487732, 0.5606774091720581, -0.005986616015434265]"
1,centroid,1,131,Denom,Denom,"[""Denom"", ""Ratikon"", ""Nivalis"", ""Ilias"", ""Trius""]","[0.8324140310287476, 0.6104402542114258, 0.5238893628120422, 0.3282630443572998, 0.30019479990005493]"
1,centroid,1,132,Denom,Denom,"[""Denom"", ""Ratikon"", ""Nivalis"", ""Ilias"", ""Velorum""]","[0.8750662803649902, 0.823857307434082, 0.6336631774902344, 0.617568850517273, 0.3030591607093811]"
1,centroid,1,133,Denom,Denom,"[""Denom"", ""Nivalis"", ""Ratikon"", ""Ilias"", ""Velorum""]","[0.938041090965271, 0.7404283285140991, 0.700008749961853, 0.4273870885372162, 0.19811519980430603]"
1,centroid,1,134,Denom,Denom,"[""Denom"", ""Velorum"", ""Trius"", ""Nivalis"", ""Gemini""]","[0.6241964101791382, 0.46718722581863403, 0.39181971549987793, 0.33299049735069275, 0.2827832102775574]"
1,centroid,1,135,Denom,Denom,"[""Denom"", ""Ratikon"", ""Ilias"", ""Nivalis"", ""Velorum""]","[0.7622725963592529, 0.7404648661613464, 0.6753791570663452, 0.5211008787155151, 0.4110121726989746]"
1,centroid,1,136,Denom,Denom,"[""Denom"", ""Ratikon"", ""Nivalis"", ""Ilias"", ""Velorum""]","[0.8585851788520813, 0.8421158790588379, 0.662450909614563, 0.6054261326789856, 0.056211210787296295]"
1,centroid,1,137,Denom,Castor,"[""Castor"", ""Braga"", ""Turbine"", ""Steel_Wheel"", ""Alaris""]","[0.4080462157726288, 0.35535305738449097, 0.34501099586486816, 0.2794543504714966, 0.06414670497179031]"
1,centroid,1,138,Denom,Denom,"[""Denom"", ""Nivalis"", ""Ratikon"", ""Ilias"", ""Steel_Wheel""]","[0.8418936729431152, 0.6922410726547241, 0.6634083986282349, 0.22142380475997925, 0.15648646652698517]"
1,centroid,1,139,Denom,Denom,"[""Denom"", ""Ratikon"", ""Nivalis"", ""Ilias"", ""Velorum""]","[0.9475257992744446, 0.7628092765808105, 0.5490176677703857, 0.5472081303596497, 0.27098968625068665]"
1,centroid,1,140,Denom,Denom,"[""Denom"", ""Ratikon"", ""Ilias"", ""Nivalis"", ""Velorum""]","[0.8979808688163757, 0.641446590423584, 0.5987229347229004, 0.44264107942581177, 0.1472354531288147]"
1,centroid,1,141,Denom,Ratikon,"[""Ratikon"", ""Denom"", ""Ilias"", ""Nivalis"", ""Velorum""]","[0.8687860369682312, 0.7264858484268188, 0.6926286220550537, 0.5423046350479126, 0.02336633950471878]"
1,centroid,1,142,Denom,Ratikon,"[""Ratikon"", ""Ilias"", ""Denom"", ""Nivalis"", ""Velorum""]","[0.8681095838546753, 0.8053737878799438, 0.6759117841720581, 0.5239323377609253, 0.45983415842056274]"
1,centroid,1,143,Denom,Denom,"[""Denom"", ""Nivalis"", ""Ratikon"", ""Ilias"", ""Xtreme""]","[0.9450210332870483, 0.6620741486549377, 0.5950393676757812, 0.30954524874687195, 0.05305248871445656]"
1,centroid,1,144,Denom,Denom,"[""Denom"", ""Ratikon"", ""Nivalis"", ""Ilias"", ""Velorum""]","[0.8952188491821289, 0.6673258543014526, 0.627752423286438, 0.5977533459663391, 0.20551525056362152]"
1,centroid,1,145,Denom,Denom,"[""Denom"", ""Ratikon"", ""Nivalis"", ""Ilias"", ""Xtreme""]","[0.7617690563201904, 0.42905548214912415, 0.3136187493801117, 0.28794580698013306, 0.17111258208751678]"
1,centroid,1,146,Denom,Denom,"[""Denom"", ""Ratikon"", ""Nivalis"", ""Ilias"", ""Velorum""]","[0.8871381282806396, 0.705757200717926, 0.5994972586631775, 0.3626025319099426, 0.15536244213581085]"
1,centroid,1,147,Denom,Denom,"[""Denom"", ""Ratikon"", ""Ilias"", ""Nivalis"", ""Gemini""]","[0.9331322908401489, 0.6282094717025757, 0.43479281663894653, 0.38039106130599976, 0.04944388568401337]"
1,centroid,1,148,Denom,Denom,"[""Denom"", ""Ratikon"", ""Ilias"", ""Alaris"", ""Velorum""]","[0.550530195236206, 0.528947114944458, 0.33484289050102234, 0.15518151223659515, 0.15289893746376038]"
1,centroid,1,149,Denom,Denom,"[""Denom"", ""Ratikon"", ""Nivalis"", ""Ilias"", ""Velorum""]","[0.9493926763534546, 0.6326565742492676, 0.60885089635849, 0.5562856793403625, 0.3779510259628296]"
1,centroid,1,150,Denom,Denom,"[""Denom"", ""Ratikon"", ""Nivalis"", ""Ilias"", ""Velorum""]","[0.9170663952827454, 0.6251258254051208, 0.597684383392334, 0.5283381342887878, 0.23011773824691772]"
1,centroid,1,151,Denom,Ratikon,"[""Ratikon"", ""Denom"", ""Ilias"", ""Nivalis"", ""Velorum""]","[0.8243639469146729, 0.7527390718460083, 0.7109236717224121, 0.41910791397094727, 0.21224206686019897]"
1,centroid,1,152,Denom,Denom,"[""Denom"", ""Ratikon"", ""Nivalis"", ""Ilias"", ""Velorum""]","[0.8784594535827637, 0.8211644887924194, 0.6949822902679443, 0.4848731756210327, 0.1259189248085022]"
1,centroid,1,153,Denom,Trius,"[""Trius"", ""Denom"", ""Gemini"", ""Steel_Wheel"", ""Alaris""]","[0.6455629467964172, 0.4778681695461273, 0.3651244044303894, 0.2600719928741455, 0.2369053214788437]"
1,centroid,1,154,Denom,Denom,"[""Denom"", ""Velorum"", ""Nivalis"", ""Ilias"", ""Xtreme""]","[0.6937509775161743, 0.37365204095840454, 0.3447853922843933, 0.3381657004356384, 0.3032456636428833]"
1,centroid,1,155,Denom,Denom,"[""Denom"", ""Ratikon"", ""Nivalis"", ""Ilias"", ""Gemini""]","[0.8625105023384094, 0.5185240507125854, 0.4468817412853241, 0.18802055716514587, 0.13073071837425232]"
1,centroid,1,156,Denom,Denom,"[""Denom"", ""Nivalis"", ""Ratikon"", ""Ilias"", ""Velorum""]","[0.9549310803413391, 0.7575863003730774, 0.7207092642784119, 0.48419809341430664, 0.3131486773490906]"
1,centroid,1,157,Denom,Denom,"[""Denom"", ""Ratikon"", ""Nivalis"", ""Ilias"", ""Velorum""]","[0.8369090557098389, 0.8225548267364502, 0.5835313200950623, 0.45507246255874634, 0.11902491748332977]"
1,centroid,1,158,Denom,Denom,"[""Denom"", ""Ratikon"", ""Nivalis"", ""Ilias"", ""Velorum""]","[0.9112625122070312, 0.7905230522155762, 0.599812388420105, 0.4935917258262634, 0.07675417512655258]"
1,centroid,1,159,Denom,Denom,"[""Denom"", ""Nivalis"", ""Ratikon"", ""Ilias"", ""Velorum""]","[0.9353588819503784, 0.6643589735031128, 0.5739965438842773, 0.3043361008167267, 0.2635710835456848]"
1,centroid,1,160,Denom,Denom,"[""Denom"", ""Ilias"", ""Ratikon"", ""Velorum"", ""Nivalis""]","[0.7034198045730591, 0.5070103406906128, 0.47224289178848267, 0.36588624119758606, 0.2920440435409546]"
1,centroid,1,161,Denom,Denom,"[""Denom"", ""Ratikon"", ""Nivalis"", ""Ilias"", ""Velorum""]","[0.8930782079696655, 0.6807483434677124, 0.6215966939926147, 0.4619259834289551, 0.09983488917350769]"
1,centroid,1,162,Gemini,Gemini,"[""Gemini"", ""Xtreme"", ""Trius"", ""Vega"", ""Braga""]","[0.9560092091560364, 0.6384182572364807, 0.3217226266860962, 0.20394998788833618, 0.1372680366039276]"
1,centroid,1,163,Gemini,Denom,"[""Denom"", ""Xtreme"", ""Ilias"", ""Nivalis"", ""Velorum""]","[0.48510339856147766, 0.3834886848926544, 0.346026748418808, 0.28049272298812866, 0.2542186975479126]"
1,centroid,1,164,Gemini,Alaris,"[""Alaris"", ""Trius"", ""Gemini"", ""Vega"", ""Braga""]","[0.6168500185012817, 0.510306715965271, 0.47871387004852295, 0.43380114436149597, 0.3074796497821808]"
1,centroid,1,165,Gemini,Gemini,"[""Gemini"", ""Xtreme"", ""Vega"", ""Trius"", ""Hawk""]","[0.8744800090789795, 0.48798757791519165, 0.4654567837715149, 0.1512928009033203, 0.11627082526683807]"
1,centroid,1,166,Gemini,Gemini,"[""Gemini"", ""Triton"", ""Trius"", ""Xtreme"", ""Braga""]","[0.7709842324256897, 0.5293384790420532, 0.4942127466201782, 0.45741963386535645, 0.34207478165626526]"
1,centroid,1,167,Gemini,Gemini,"[""Gemini"", ""Trius"", ""Braga"", ""Triton"", ""Xtreme""]","[0.6734632253646851, 0.6155447959899902, 0.4302903413772583, 0.34875166416168213, 0.23948341608047485]"
1,centroid,1,168,Gemini,Gemini,"[""Gemini"", ""Trius"", ""Vega"", ""Xtreme"", ""Alaris""]","[0.8080009818077087, 0.5392132997512817, 0.3011069893836975, 0.28751832246780396, 0.23713041841983795]"
1,centroid,1,169,Gemini,Gemini,"[""Gemini"", ""Trius"", ""Xtreme"", ""Vega"", ""Braga""]","[0.8579281568527222, 0.5303441286087036, 0.5096778869628906, 0.5070816278457642, 0.39975154399871826]"
1,centroid,1,170,Gemini,Gemini,"[""Gemini"", ""Trius"", ""Braga"", ""Vega"", ""Alaris""]","[0.7424648404121399, 0.5784659385681152, 0.5518532395362854, 0.4373387098312378, 0.434672087430954]"
1,centroid,1,171,Gemini,Gemini,"[""Gemini"", ""Triton"", ""Braga"", ""Trius"", ""Xtreme""]","[0.7084382772445679, 0.591482400894165, 0.4829746186733246, 0.46759623289108276, 0.4494457542896271]"
1,centroid,1,172,Gemini,Gemini,"[""Gemini"", ""Xtreme"", ""Trius"", ""Braga"", ""Vega""]","[0.9543644189834595, 0.5274136662483215, 0.4888116419315338, 0.3301228880882263, 0.29245081543922424]"
1,centroid,1,173,Gemini,Gemini,"[""Gemini"", ""Trius"", ""Alaris"", ""Vega"", ""Braga""]","[0.6476494669914246, 0.644662618637085, 0.5885844826698303, 0.5863198041915894, 0.558624267578125]"
1,centroid,1,174,Gemini,Gemini,"[""Gemini"", ""Xtreme"", ""Vega"", ""Trius"", ""Hawk""]","[0.9030063152313232, 0.43421900272369385, 0.3593212366104126, 0.27717021107673645, 0.2001636028289795]"
1,centroid,1,175,Gemini,Trius,"[""Trius"", ""Gemini"", ""Alaris"", ""Mytikas"", ""Braga""]","[0.7347661256790161, 0.6407343149185181, 0.5565736889839172, 0.4854626953601837, 0.464029997587204]"
1,centroid,1,176,Gemini,Gemini,"[""Gemini"", ""Xtreme"", ""Vega"", ""Trius"", ""Braga""]","[0.8579213619232178, 0.4483005106449127, 0.43081027269363403, 0.21369242668151855, 0.1718902289867401]"
1,centroid,1,177,Gemini,Gemini,"[""Gemini"", ""Trius"", ""Vega"", ""Xtreme"", ""Hawk""]","[0.8012616634368896, 0.42830806970596313, 0.36260443925857544, 0.296572744846344, 0.2769629955291748]"
1,centroid,1,178,Gemini,Gemini,"[""Gemini"", ""Xtreme"", ""Vega"", ""Alaris"", ""Trius""]","[0.8481570482254028, 0.45031654834747314, 0.3393532633781433, 0.3255012035369873, 0.29410576820373535]"
1,centroid,1,179,Gemini,Gemini,"[""Gemini"", ""Xtreme"", ""Vega"", ""Trius"", ""Hawk""]","[0.830878734588623, 0.5134808421134949, 0.26074421405792236, 0.07062482833862305, 0.05232519656419754]"
1,centroid,1,180,Gemini,Gemini,"[""Gemini"", ""Vega"", ""Trius"", ""Xtreme"", ""Hawk""]","[0.9078043699264526, 0.4187566041946411, 0.3314003348350525, 0.3288578987121582, 0.22057843208312988]"
1,centroid,1,181,Gemini,Gemini,"[""Gemini"", ""Trius"", ""Alaris"", ""Braga"", ""Alcatras""]","[0.7236177921295166, 0.64679354429245, 0.6215062141418457, 0.5168002843856812, 0.5066428184509277]"
1,centroid,1,182,Gemini,Gemini,"[""Gemini"", ""Xtreme"", ""Trius"", ""Braga"", ""Triton""]","[0.9134119153022766, 0.5833512544631958, 0.49564462900161743, 0.2728714942932129, 0.22371834516525269]"
1,centroid,1,183,Gemini,Gemini,"[""Gemini"", ""Xtreme"", ""Vega"", ""Trius"", ""Braga""]","[0.9178717136383057, 0.5248821377754211, 0.2850249409675598, 0.22962574660778046, 0.15655294060707092]"
1,centroid,1,184,Gemini,Gemini,"[""Gemini"", ""Xtreme"", ""Vega"", ""Trius"", ""Alaris""]","[0.9269711375236511, 0.3812044560909271, 0.3794485926628113, 0.34785616397857666, 0.18541505932807922]"
1,centroid,1,185,Gemini,Gemini,"[""Gemini"", ""Xtreme"", ""Trius"", ""Vega"", ""Braga""]","[0.9418483972549438, 0.4231964945793152, 0.3886833190917969, 0.3424971103668213, 0.25058984756469727]"
1,centroid,1,186,Gemini,Gemini,"[""Gemini"", ""Xtreme"", ""Braga"", ""Hawk"", ""Trius""]","[0.8542766571044922, 0.700390636920929, 0.2128707468509674, 0.17476868629455566, 0.1621812880039215]"
1,centroid,1,187,Gemini,Gemini,"[""Gemini"", ""Xtreme"", ""Trius"", ""Vega"", ""Braga""]","[0.9108794927597046, 0.6514052748680115, 0.2137157917022705, 0.20225182175636292, 0.09135133028030396]"
1,centroid,1,188,Gemini,Gemini,"[""Gemini"", ""Vega"", ""Xtreme"", ""Hawk"", ""Braga""]","[0.7443155646324158, 0.5383606553077698, 0.42606109380722046, 0.2853032052516937, 0.21092399954795837]"
1,centroid,1,189,Hawk,Hawk,"[""Hawk"", ""Vega"", ""Turbine"", ""Braga"", ""Alaris""]","[0.907284140586853, 0.5426673293113708, 0.5037045478820801, 0.42969372868537903, 0.35581904649734497]"
1,centroid,1,190,Hawk,Hawk,"[""Hawk"", ""Vega"", ""Braga"", ""Alcatras"", ""Alaris""]","[0.9287734031677246, 0.45375558733940125, 0.4264656901359558, 0.3751389980316162, 0.37235027551651]"
1,centroid,1,191,Hawk,Hawk,"[""Hawk"", ""Alaris"", ""Alcatras"", ""Braga"", ""Vega""]","[0.8410511016845703, 0.5875586271286011, 0.5088381767272949, 0.41426780819892883, 0.4139210283756256]"
1,centroid,1,192,Hawk,Hawk,"[""Hawk"", ""Alaris"", ""Alcatras"", ""Vega"", ""Braga""]","[0.883345365524292, 0.44564080238342285, 0.4056294560432434, 0.3956630229949951, 0.2934412956237793]"
1,centroid,1,193,Hawk,Hawk,"[""Hawk"", ""Vega"", ""Alaris"", ""Turbine"", ""Alcatras""]","[0.9265223145484924, 0.49201154708862305, 0.3086166977882385, 0.2994838356971741, 0.2665635645389557]"
1,centroid,1,194,Hawk,Hawk,"[""Hawk"", ""Turbine"", ""Vega"", ""Braga"", ""Alaris""]","[0.8365070819854736, 0.604098379611969, 0.3714599609375, 0.35685956478118896, 0.15265263617038727]"
1,centroid,1,195,Hawk,Hawk,"[""Hawk"", ""Turbine"", ""Vega"", ""Braga"", ""Alaris""]","[0.7765131592750549, 0.7063909769058228, 0.625252366065979, 0.5592281222343445, 0.44364506006240845]"
1,centroid,1,196,Hawk,Hawk,"[""Hawk"", ""Gemini"", ""Vega"", ""Braga"", ""Xtreme""]","[0.6260102987289429, 0.5720161199569702, 0.549602746963501, 0.403939425945282, 0.33521929383277893]"
1,centroid,1,197,Hawk,Hawk,"[""Hawk"", ""Braga"", ""Vega"", ""Alaris"", ""Triton""]","[0.7575697898864746, 0.6196612119674683, 0.5326113104820251, 0.3672560751438141, 0.27862364053726196]"
1,centroid,1,198,Hawk,Hawk,"[""Hawk"", ""Vega"", ""Turbine"", ""Alaris"", ""Alcatras""]","[0.8878036737442017, 0.6190264225006104, 0.50348961353302, 0.3288756310939789, 0.23667234182357788]"
1,centroid,1,199,Hawk,Hawk,"[""Hawk"", ""Turbine"", ""Alcatras"", ""Vega"", ""Braga""]","[0.882829487323761, 0.34914496541023254, 0.3316991329193115, 0.3222011923789978, 0.28790420293807983]"
1,centroid,1,200,Hawk,Hawk,"[""Hawk"", ""Alaris"", ""Vega"", ""Turbine"", ""Alcatras""]","[0.9195481538772583, 0.5305157899856567, 0.499252587556839, 0.4052619934082031, 0.3864358067512512]"
1,centroid,1,201,Hawk,Velorum,"[""Velorum"", ""Hawk"", ""Ilias"", ""Alaris"", ""Trius""]","[0.6181329488754272, 0.5739054679870605, 0.39009928703308105, 0.32291585206985474, 0.3178746700286865]"
1,centroid,1,202,Hawk,Hawk,"[""Hawk"", ""Turbine"", ""Alaris"", ""Vega"", ""Alcatras""]","[0.911601722240448, 0.5720306634902954, 0.5324509143829346, 0.4761797785758972, 0.4159066081047058]"
1,centroid,1,203,Hawk,Hawk,"[""Hawk"", ""Alaris"", ""Braga"", ""Turbine"", ""Vega""]","[0.9531286954879761, 0.4520190954208374, 0.45149847865104675, 0.42742228507995605, 0.3992525339126587]"
1,centroid,1,204,Hawk,Hawk,"[""Hawk"", ""Alaris"", ""Alcatras"", ""Braga"", ""Turbine""]","[0.8434196710586548, 0.7442640066146851, 0.6007146835327148, 0.48764029145240784, 0.47052401304244995]"
1,centroid,1,205,Hawk,Braga,"[""Braga"", ""Hawk"", ""Turbine"", ""Castor"", ""Alcatras""]","[0.7342402935028076, 0.6465035080909729, 0.5661417841911316, 0.5626641511917114, 0.5596412420272827]"
1,centroid,1,206,Hawk,Hawk,"[""Hawk"", ""Braga"", ""Turbine"", ""Vega"", ""Alaris""]","[0.843330442905426, 0.5018291473388672, 0.40368974208831787, 0.3663902282714844, 0.28299209475517273]"
1,centroid,1,207,Hawk,Hawk,"[""Hawk"", ""Turbine"", ""Braga"", ""Vega"", ""Gemini""]","[0.783599317073822, 0.49541693925857544, 0.47772473096847534, 0.37153756618499756, 0.1985492706298828]"
1,centroid,1,208,Hawk,Hawk,"[""Hawk"", ""Vega"", ""Turbine"", ""Alaris"", ""Braga""]","[0.9390719532966614, 0.5787999629974365, 0.5001413226127625, 0.43338167667388916, 0.34629708528518677]"
1,centroid,1,209,Hawk,Hawk,"[""Hawk"", ""Alaris"", ""Vega"", ""Turbine"", ""Alcatras""]","[0.9058068990707397, 0.518143355846405, 0.44402170181274414, 0.41710251569747925, 0.3346659243106842]"
1,centroid,1,210,Hawk,Hawk,"[""Hawk"", ""Alaris"", ""Trius"", ""Braga"", ""Alcatras""]","[0.6931480169296265, 0.6767361164093018, 0.554817795753479, 0.5377066135406494, 0.5111503601074219]"
1,centroid,1,211,Hawk,Hawk,"[""Hawk"", ""Alcatras"", ""Alaris"", ""Braga"", ""Vega""]","[0.8426531553268433, 0.48678910732269287, 0.4637131690979004, 0.4166417419910431, 0.3662986159324646]"
1,centroid,1,212,Hawk,Hawk,"[""Hawk"", ""Vega"", ""Turbine"", ""Alaris"", ""Braga""]","[0.9359744787216187, 0.5718709826469421, 0.5577212572097778, 0.4512332081794739, 0.3536856174468994]"
1,centroid,1,213,Hawk,Hawk,"[""Hawk"", ""Alaris"", ""Alcatras"", ""Turbine"", ""Braga""]","[0.9503670930862427, 0.5506871938705444, 0.532616138458252, 0.49145931005477905, 0.4012752175331116]"
1,centroid,1,214,Hawk,Hawk,"[""Hawk"", ""Vega"", ""Turbine"", ""Braga"", ""Alaris""]","[0.8307181596755981, 0.4831244945526123, 0.45785316824913025, 0.43411269783973694, 0.3653665781021118]"
1,centroid,1,215,Ilias,Ilias,"[""Ilias"", ""Ratikon"", ""Denom"", ""Gemini"", ""Nivalis""]","[0.7978129386901855, 0.6093001365661621, 0.372346431016922, 0.21077759563922882, 0.2022271454334259]"
1,centroid,1,216,Ilias,Ilias,"[""Ilias"", ""Ratikon"", ""Velorum"", ""Denom"", ""Nivalis""]","[0.9107857942581177, 0.6357754468917847, 0.4335996210575104, 0.3830849826335907, 0.2556837201118469]"
1,centroid,1,217,Ilias,Ilias,"[""Ilias"", ""Ratikon"", ""Velorum"", ""Nivalis"", ""Denom""]","[0.8769413232803345, 0.7188543677330017, 0.5047757625579834, 0.4628060758113861, 0.4015643000602722]"
1,centroid,1,218,Ilias,Ilias,"[""Ilias"", ""Velorum"", ""Ratikon"", ""Triton"", ""Nivalis""]","[0.772018551826477, 0.4824536442756653, 0.45690518617630005, 0.430536150932312, 0.38910800218582153]"
1,centroid,1,219,Ilias,Ilias,"[""Ilias"", ""Denom"", ""Ratikon"", ""Velorum"", ""Nivalis""]","[0.7603152394294739, 0.6641507148742676, 0.6308401823043823, 0.5906547904014587, 0.4062483608722687]"
1,centroid,1,220,Ilias,Ilias,"[""Ilias"", ""Velorum"", ""Ratikon"", ""Denom"", ""Triton""]","[0.7776107788085938, 0.5672560930252075, 0.473230242729187, 0.4524344801902771, 0.43998247385025024]"
1,centroid,1,221,Ilias,Ilias,"[""Ilias"", ""Ratikon"", ""Denom"", ""Nivalis"", ""Velorum""]","[0.8951287865638733, 0.6396733522415161, 0.6381884813308716, 0.5177730917930603, 0.4391941428184509]"
1,centroid,1,222,Ilias,Ilias,"[""Ilias"", ""Ratikon"", ""Denom"", ""Velorum"", ""Nivalis""]","[0.7639520168304443, 0.6234283447265625, 0.5851442813873291, 0.5574632287025452, 0.331198513507843]"
1,centroid,1,223,Ilias,Ilias,"[""Ilias"", ""Ratikon"", ""Triton"", ""Nivalis"", ""Velorum""]","[0.7943650484085083, 0.5771551132202148, 0.4085705280303955, 0.386238157749176, 0.36092686653137207]"
1,centroid,1,224,Ilias,Ilias,"[""Ilias"", ""Denom"", ""Ratikon"", ""Nivalis"", ""Velorum""]","[0.7913578748703003, 0.7817306518554688, 0.7361606955528259, 0.595003604888916, 0.4653589129447937]"
1,centroid,1,225,Ilias,Ilias,"[""Ilias"", ""Ratikon"", ""Velorum"", ""Denom"", ""Triton""]","[0.9249398708343506, 0.5554319620132446, 0.3902463912963867, 0.37421950697898865, 0.25073346495628357]"
1,centroid,1,226,Ilias,Nivalis,"[""Nivalis"", ""Ratikon"", ""Denom"", ""Ilias"", ""Velorum""]","[0.7875833511352539, 0.7777843475341797, 0.7509298324584961, 0.6998684406280518, 0.45424318313598633]"
1,centroid,1,227,Ilias,Ilias,"[""Ilias"", ""Denom"", ""Ratikon"", ""Velorum"", ""Nivalis""]","[0.8147114515304565, 0.6870944499969482, 0.6268833875656128, 0.5556269884109497, 0.5201780200004578]"
1,centroid,1,228,Ilias,Ilias,"[""Ilias"", ""Ratikon"", ""Denom"", ""Nivalis"", ""Xtreme""]","[0.8029153347015381, 0.6244887113571167, 0.5642052292823792, 0.5248419642448425, 0.20379936695098877]"
1,centroid,1,229,Ilias,Ilias,"[""Ilias"", ""Velorum"", ""Denom"", ""Ratikon"", ""Nivalis""]","[0.8296991586685181, 0.6688128113746643, 0.6265009641647339, 0.5779324173927307, 0.4530210793018341]"
1,centroid,1,230,Ilias,Ilias,"[""Ilias"", ""Denom"", ""Ratikon"", ""Nivalis"", ""Gemini""]","[0.7661687731742859, 0.7418504953384399, 0.7157246470451355, 0.5169482231140137, 0.18898341059684753]"
1,centroid,1,231,Ilias,Ilias,"[""Ilias"", ""Velorum"", ""Ratikon"", ""Triton"", ""Trius""]","[0.8249287605285645, 0.5616514086723328, 0.5198661088943481, 0.46819889545440674, 0.4280549883842468]"
1,centroid,1,232,Ilias,Ilias,"[""Ilias"", ""Ratikon"", ""Denom"", ""Velorum"", ""Nivalis""]","[0.9158728122711182, 0.7059875130653381, 0.5280119180679321, 0.483368456363678, 0.4639233350753784]"
1,centroid,1,233,Ilias,Ilias,"[""Ilias"", ""Trius"", ""Velorum"", ""Denom"", ""Ratikon""]","[0.6660184860229492, 0.5962609648704529, 0.5032274723052979, 0.4927964210510254, 0.42124730348587036]"
1,centroid,1,234,Ilias,Ilias,"[""Ilias"", ""Velorum"", ""Ratikon"", ""Denom"", ""Nivalis""]","[0.7949567437171936, 0.6841607689857483, 0.6015692353248596, 0.4389033615589142, 0.2694818377494812]"
1,centroid,1,235,Ilias,Ilias,"[""Ilias"", ""Velorum"", ""Ratikon"", ""Denom"", ""Nivalis""]","[0.8937327265739441, 0.537112832069397, 0.4940623641014099, 0.4936387836933136, 0.31387555599212646]"
1,centroid,1,236,Ilias,Ilias,"[""Ilias"", ""Ratikon"", ""Denom"", ""Nivalis"", ""Triton""]","[0.8433561325073242, 0.6352235674858093, 0.513451337814331, 0.4143127202987671, 0.2299591600894928]"
1,centroid,1,237,Ilias,Ilias,"[""Ilias"", ""Ratikon"", ""Denom"", ""Velorum"", ""Nivalis""]","[0.9515491127967834, 0.6353597640991211, 0.5349878072738647, 0.5303223133087158, 0.3536387085914612]"
1,centroid,1,238,Ilias,Ilias,"[""Ilias"", ""Velorum"", ""Ratikon"", ""Denom"", ""Trius""]","[0.9136322140693665, 0.6228685975074768, 0.5656108856201172, 0.3713749051094055, 0.332847535610199]"
1,centroid,1,239,Ilias,Ilias,"[""Ilias"", ""Ratikon"", ""Velorum"", ""Nivalis"", ""Denom""]","[0.7795029878616333, 0.7290815114974976, 0.6447079181671143, 0.5596245527267456, 0.548516571521759]"
1,centroid,1,240,Ilias,Ilias,"[""Ilias"", ""Ratikon"", ""Velorum"", ""Denom"", ""Nivalis""]","[0.8837308883666992, 0.6332110166549683, 0.6148555874824524, 0.3901505172252655, 0.3689386546611786]"
1,centroid,1,241,Ilias,Ilias,"[""Ilias"", ""Ratikon"", ""Denom"", ""Triton"", ""Velorum""]","[0.6479270458221436, 0.5552858114242554, 0.523688793182373, 0.4239150285720825, 0.4053806662559509]"
1,centroid,1,242,Ilias,Ilias,"[""Ilias"", ""Ratikon"", ""Velorum"", ""Denom"", ""Nivalis""]","[0.8801847696304321, 0.5926163792610168, 0.5421175956726074, 0.42958956956863403, 0.40788912773132324]"
1,centroid,1,243,Ilias,Ilias,"[""Ilias"", ""Ratikon"", ""Velorum"", ""Denom"", ""Nivalis""]","[0.8675712943077087, 0.6559311151504517, 0.6180291771888733, 0.43755897879600525, 0.37026727199554443]"
1,centroid,1,244,Mytikas,Mytikas,"[""Mytikas"", ""Triton"", ""Trius"", ""Velorum"", ""Braga""]","[0.7525602579116821, 0.723859429359436, 0.42411884665489197, 0.3232758343219757, 0.3010905981063843]"
1,centroid,1,245,Mytikas,Mytikas,"[""Mytikas"", ""Trius"", ""Triton"", ""Braga"", ""Gemini""]","[0.7043529152870178, 0.6749525666236877, 0.6390308141708374, 0.5214354991912842, 0.3228384852409363]"
1,centroid,1,246,Mytikas,Mytikas,"[""Mytikas"", ""Trius"", ""Braga"", ""Gemini"", ""Vega""]","[0.5749261975288391, 0.4897156357765198, 0.3821597099304199, 0.36138853430747986, 0.2596995234489441]"
1,centroid,1,247,Mytikas,Mytikas,"[""Mytikas"", ""Trius"", ""Gemini"", ""Vega"", ""Braga""]","[0.541810154914856, 0.4779782295227051, 0.4517378807067871, 0.37406182289123535, 0.3665628433227539]"
1,centroid,1,248,Mytikas,Mytikas,"[""Mytikas"", ""Triton"", ""Braga"", ""Castor"", ""Alcatras""]","[0.8007161021232605, 0.684546172618866, 0.6630921959877014, 0.6386028528213501, 0.6090294122695923]"
1,centroid,1,249,Mytikas,Mytikas,"[""Mytikas"", ""Triton"", ""Braga"", ""Castor"", ""Trius""]","[0.8954343199729919, 0.5592664480209351, 0.3747923672199249, 0.3236255645751953, 0.32013148069381714]"
1,centroid,1,250,Mytikas,Castor,"[""Castor"", ""Mytikas"", ""Steel_Wheel"", ""Braga"", ""Triton""]","[0.609195351600647, 0.608198881149292, 0.31348782777786255, 0.2632104754447937, 0.23669978976249695]"
1,centroid,1,251,Mytikas,Mytikas,"[""Mytikas"", ""Triton"", ""Castor"", ""Ilias"", ""Ratikon""]","[0.8094916343688965, 0.5500442981719971, 0.22564265131950378, 0.21283741295337677, 0.18488408625125885]"
1,centroid,1,252,Mytikas,Trius,"[""Trius"", ""Mytikas"", ""Braga"", ""Alcatras"", ""Alaris""]","[0.7271329760551453, 0.6396586894989014, 0.5283326506614685, 0.49941664934158325, 0.4714011251926422]"
1,centroid,1,253,Mytikas,Mytikas,"[""Mytikas"", ""Triton"", ""Alcatras"", ""Trius"", ""Castor""]","[0.8762900829315186, 0.7386908531188965, 0.6561185717582703, 0.5206165313720703, 0.49248751997947693]"
1,centroid,1,254,Mytikas,Triton,"[""Triton"", ""Mytikas"", ""Castor"", ""Alcatras"", ""Braga""]","[0.8476057052612305, 0.6924461126327515, 0.5767290592193604, 0.5719553232192993, 0.4776824712753296]"
1,centroid,1,255,Mytikas,Mytikas,"[""Mytikas"", ""Alcatras"", ""Triton"", ""Castor"", ""Braga""]","[0.8936644792556763, 0.5418351292610168, 0.5022028684616089, 0.44021907448768616, 0.40753164887428284]"
1,centroid,1,256,Mytikas,Triton,"[""Triton"", ""Mytikas"", ""Braga"", ""Turbine"", ""Alaris""]","[0.6807466745376587, 0.5626304745674133, 0.529931366443634, 0.5041021108627319, 0.48278170824050903]"
1,centroid,1,257,Mytikas,Mytikas,"[""Mytikas"", ""Vega"", ""Braga"", ""Triton"", ""Trius""]","[0.5828928351402283, 0.39534610509872437, 0.3610411286354065, 0.3473508656024933, 0.2991842031478882]"
1,centroid,1,258,Mytikas,Mytikas,"[""Mytikas"", ""Alcatras"", ""Braga"", ""Triton"", ""Hawk""]","[0.7590847015380859, 0.586006224155426, 0.5078833103179932, 0.4778861403465271, 0.4463430643081665]"
1,centroid,1,259,Mytikas,Mytikas,"[""Mytikas"", ""Triton"", ""Alcatras"", ""Hawk"", ""Trius""]","[0.8619734644889832, 0.5262616276741028, 0.4094696640968323, 0.40873807668685913, 0.3923450708389282]"
1,centroid,1,260,Mytikas,Mytikas,"[""Mytikas"", ""Triton"", ""Alcatras"", ""Velorum"", ""Trius""]","[0.7271780371665955, 0.3063851594924927, 0.27100133895874023, 0.2551156282424927, 0.2268453985452652]"
1,centroid,1,261,Mytikas,Mytikas,"[""Mytikas"", ""Triton"", ""Braga"", ""Castor"", ""Alcatras""]","[0.640160083770752, 0.6365605592727661, 0.5579730868339539, 0.5501080751419067, 0.4910465478897095]"
1,centroid,1,262,Mytikas,Mytikas,"[""Mytikas"", ""Trius"", ""Triton"", ""Braga"", ""Alaris""]","[0.8203344345092773, 0.4369008243083954, 0.4188683032989502, 0.3736222982406616, 0.29236888885498047]"
1,centroid,1,263,Mytikas,Mytikas,"[""Mytikas"", ""Castor"", ""Alcatras"", ""Triton"", ""Turbine""]","[0.8554933667182922, 0.6322516202926636, 0.598565399646759, 0.48322802782058716, 0.37753745913505554]"
1,centroid,1,264,Mytikas,Mytikas,"[""Mytikas"", ""Alcatras"", ""Castor"", ""Triton"", ""Velorum""]","[0.8103830814361572, 0.562187910079956, 0.5006783604621887, 0.4082179069519043, 0.3464503288269043]"
1,centroid,1,265,Mytikas,Trius,"[""Trius"", ""Triton"", ""Mytikas"", ""Velorum"", ""Braga""]","[0.7475420236587524, 0.647318422794342, 0.6261184215545654, 0.35809144377708435, 0.31741833686828613]"
1,centroid,1,266,Mytikas,Mytikas,"[""Mytikas"", ""Triton"", ""Alcatras"", ""Castor"", ""Trius""]","[0.8493335843086243, 0.5147827863693237, 0.40264254808425903, 0.3693849444389343, 0.25195595622062683]"
1,centroid,1,267,Mytikas,Mytikas,"[""Mytikas"", ""Triton"", ""Trius"", ""Braga"", ""Alcatras""]","[0.8524677753448486, 0.827221155166626, 0.47286108136177063, 0.3902304172515869, 0.3393833041191101]"
1,centroid,1,268,Mytikas,Mytikas,"[""Mytikas"", ""Triton"", ""Alcatras"", ""Braga"", ""Castor""]","[0.7983157634735107, 0.5698102712631226, 0.4559783935546875, 0.3294253945350647, 0.27127042412757874]"
1,centroid,1,269,Mytikas,Mytikas,"[""Mytikas"", ""Triton"", ""Castor"", ""Alcatras"", ""Turbine""]","[0.6419992446899414, 0.5145382285118103, 0.5091696977615356, 0.4443352222442627, 0.3892449736595154]"
1,centroid,1,270,Mytikas,Mytikas,"[""Mytikas"", ""Triton"", ""Braga"", ""Hawk"", ""Xtreme""]","[0.6633217930793762, 0.44947510957717896, 0.401844322681427, 0.3101845383644104, 0.29507914185523987]"
1,centroid,1,271,Mytikas,Mytikas,"[""Mytikas"", ""Triton"", ""Alcatras"", ""Velorum"", ""Hawk""]","[0.851701021194458, 0.6082068085670471, 0.5256315469741821, 0.4403091371059418, 0.4250563979148865]"
1,centroid,1,272,Nivalis,Nivalis,"[""Nivalis"", ""Ratikon"", ""Denom"", ""Ilias"", ""Vega""]","[0.9059685468673706, 0.47114866971969604, 0.3661175072193146, 0.2551521062850952, 0.18646904826164246]"
1,centroid,1,273,Nivalis,Denom,"[""Denom"", ""Nivalis"", ""Ratikon"", ""Ilias"", ""Velorum""]","[0.8183596134185791, 0.6850866675376892, 0.5696641206741333, 0.30700352787971497, 0.20100003480911255]"
1,centroid,1,274,Nivalis,Ratikon,"[""Ratikon"", ""Nivalis"", ""Denom"", ""Ilias"", ""Velorum""]","[0.7341897487640381, 0.7323589324951172, 0.7271143794059753, 0.4509241282939911, 0.4260411858558655]"
1,centroid,1,275,Nivalis,Nivalis,"[""Nivalis"", ""Denom"", ""Ratikon"", ""Velorum"", ""Ilias""]","[0.8940368294715881, 0.4311482310295105, 0.4280071556568146, 0.19912050664424896, 0.1908901333808899]"
1,centroid,1,276,Nivalis,Nivalis,"[""Nivalis"", ""Denom"", ""Ratikon"", ""Velorum"", ""Ilias""]","[0.9281226396560669, 0.728927493095398, 0.5986363291740417, 0.4391401410102844, 0.4271010756492615]"
1,centroid,1,277,Nivalis,Nivalis,"[""Nivalis"", ""Ratikon"", ""Denom"", ""Ilias"", ""Velorum""]","[0.7418179512023926, 0.7411191463470459, 0.7122880816459656, 0.5114059448242188, 0.285522997379303]"
1,centroid,1,278,Nivalis,Nivalis,"[""Nivalis"", ""Velorum"", ""Denom"", ""Hawk"", ""Steel_Wheel""]","[0.7188018560409546, 0.3387342691421509, 0.27623534202575684, 0.18292206525802612, 0.14596739411354065]"
1,centroid,1,279,Nivalis,Denom,"[""Denom"", ""Ratikon"", ""Nivalis"", ""Ilias"", ""Velorum""]","[0.8610116839408875, 0.7961591482162476, 0.7899287939071655, 0.5627001523971558, 0.3548758029937744]"
1,centroid,1,280,Nivalis,Nivalis,"[""Nivalis"", ""Velorum"", ""Denom"", ""Ratikon"", ""Ilias""]","[0.7955970168113708, 0.47981125116348267, 0.45745962858200073, 0.3552256226539612, 0.16743960976600647]"
1,centroid,1,281,Nivalis,Nivalis,"[""Nivalis"", ""Ratikon"", ""Denom"", ""Ilias"", ""Velorum""]","[0.9114266633987427, 0.4537045657634735, 0.4420497715473175, 0.3204212486743927, 0.1308807134628296]"
1,centroid,1,282,Nivalis,Ratikon,"[""Ratikon"", ""Denom"", ""Nivalis"", ""Ilias"", ""Velorum""]","[0.8670861721038818, 0.7553907632827759, 0.7239311337471008, 0.5483572483062744, 0.20126332342624664]"
1,centroid,1,283,Nivalis,Nivalis,"[""Nivalis"", ""Denom"", ""Ilias"", ""Ratikon"", ""Velorum""]","[0.8604423999786377, 0.6299574375152588, 0.550452709197998, 0.5473268032073975, 0.42849642038345337]"
1,centroid,1,284,Nivalis,Nivalis,"[""Nivalis"", ""Denom"", ""Ratikon"", ""Ilias"", ""Velorum""]","[0.8134217262268066, 0.2864561080932617, 0.2640037536621094, 0.14689743518829346, 0.09903977066278458]"
1,centroid,1,285,Nivalis,Nivalis,"[""Nivalis"", ""Velorum"", ""Hawk"", ""Vega"", ""Trius""]","[0.5525624752044678, 0.3698224425315857, 0.24870522320270538, 0.19601605832576752, 0.15607503056526184]"
1,centroid,1,286,Nivalis,Nivalis,"[""Nivalis"", ""Velorum"", ""Denom"", ""Ilias"", ""Triton""]","[0.6192478537559509, 0.6062428951263428, 0.40867212414741516, 0.35671165585517883, 0.26434892416000366]"
1,centroid,1,287,Nivalis,Nivalis,"[""Nivalis"", ""Denom"", ""Velorum"", ""Ilias"", ""Gemini""]","[0.7236776351928711, 0.27729475498199463, 0.25063464045524597, 0.20332908630371094, 0.20159006118774414]"
1,centroid,1,288,Nivalis,Ratikon,"[""Ratikon"", ""Nivalis"", ""Denom"", ""Ilias"", ""Steel_Wheel""]","[0.8327203989028931, 0.7613270282745361, 0.7386134266853333, 0.5276686549186707, 0.19548624753952026]"
1,centroid,1,289,Nivalis,Nivalis,"[""Nivalis"", ""Denom"", ""Ratikon"", ""Ilias"", ""Velorum""]","[0.8850886821746826, 0.7734366059303284, 0.6337505578994751, 0.31259530782699585, 0.28088536858558655]"
1,centroid,1,290,Nivalis,Nivalis,"[""Nivalis"", ""Denom"", ""Ratikon"", ""Ilias"", ""Velorum""]","[0.7563096880912781, 0.7491306662559509, 0.664064884185791, 0.5960000157356262, 0.5396133661270142]"
1,centroid,1,291,Nivalis,Nivalis,"[""Nivalis"", ""Denom"", ""Ratikon"", ""Ilias"", ""Velorum""]","[0.7312846779823303, 0.721668541431427, 0.6764922142028809, 0.5969148874282837, 0.5439403057098389]"
1,centroid,1,292,Nivalis,Nivalis,"[""Nivalis"", ""Ilias"", ""Ratikon"", ""Vega"", ""Denom""]","[0.6407593488693237, 0.38728681206703186, 0.32298845052719116, 0.3214680850505829, 0.31434643268585205]"
1,centroid,1,293,Nivalis,Nivalis,"[""Nivalis"", ""Denom"", ""Velorum"", ""Vega"", ""Ratikon""]","[0.7650516033172607, 0.28680771589279175, 0.2565810978412628, 0.21300019323825836, 0.18196846544742584]"
1,centroid,1,294,Ratikon,Ratikon,"[""Ratikon"", ""Nivalis"", ""Denom"", ""Ilias"", ""Vega""]","[0.7493351697921753, 0.735704243183136, 0.7202944159507751, 0.4619906544685364, 0.04310401529073715]"
1,centroid,1,295,Ratikon,Ratikon,"[""Ratikon"", ""Ilias"", ""Denom"", ""Nivalis"", ""Vega""]","[0.8237259984016418, 0.5400375127792358, 0.486508309841156, 0.416809618473053, 0.1990496665239334]"
1,centroid,1,296,Ratikon,Ratikon,"[""Ratikon"", ""Ilias"", ""Denom"", ""Nivalis"", ""Velorum""]","[0.8958438634872437, 0.7774026989936829, 0.5250355005264282, 0.2975490689277649, 0.25481003522872925]"
1,centroid,1,297,Ratikon,Ratikon,"[""Ratikon"", ""Ilias"", ""Denom"", ""Nivalis"", ""Velorum""]","[0.9191176295280457, 0.8412513732910156, 0.642069935798645, 0.45963943004608154, 0.3092898428440094]"
1,centroid,1,298,Ratikon,Ratikon,"[""Ratikon"", ""Ilias"", ""Nivalis"", ""Denom"", ""Triton""]","[0.856737494468689, 0.5313732624053955, 0.4770088791847229, 0.4035588204860687, 0.08770213276147842]"
1,centroid,1,299,Ratikon,Ratikon,"[""Ratikon"", ""Ilias"", ""Denom"", ""Nivalis"", ""Vega""]","[0.8982592821121216, 0.49853938817977905, 0.48572084307670593, 0.43057337403297424, 0.11009097099304199]"
1,centroid,1,300,Ratikon,Ratikon,"[""Ratikon"", ""Denom"", ""Ilias"", ""Nivalis"", ""Velorum""]","[0.8164176344871521, 0.7694498300552368, 0.7478673458099365, 0.4658640921115875, 0.10722320526838303]"
1,centroid,1,301,Ratikon,Ratikon,"[""Ratikon"", ""Denom"", ""Nivalis"", ""Ilias"", ""Vega""]","[0.8223764896392822, 0.6994855403900146, 0.6187182664871216, 0.3923448622226715, 0.12064717710018158]"
1,centroid,1,302,Ratikon,Ratikon,"[""Ratikon"", ""Nivalis"", ""Ilias"", ""Denom"", ""Velorum""]","[0.8916361331939697, 0.7235292196273804, 0.665352463722229, 0.6644059419631958, 0.42969560623168945]"
1,centroid,1,303,Ratikon,Ratikon,"[""Ratikon"", ""Denom"", ""Ilias"", ""Nivalis"", ""Velorum""]","[0.88948655128479, 0.7606019973754883, 0.6004104018211365, 0.49203336238861084, 0.26860907673835754]"
1,centroid,1,304,Ratikon,Ratikon,"[""Ratikon"", ""Denom"", ""Nivalis"", ""Ilias"", ""Velorum""]","[0.9173682928085327, 0.770362377166748, 0.6362320184707642, 0.5596040487289429, 0.05202866345643997]"
1,centroid,1,305,Ratikon,Ilias,"[""Ilias"", ""Ratikon"", ""Velorum"", ""Denom"", ""Trius""]","[0.5993647575378418, 0.5834475159645081, 0.5239450931549072, 0.48798444867134094, 0.37827861309051514]"
1,centroid,1,306,Ratikon,Ratikon,"[""Ratikon"", ""Ilias"", ""Denom"", ""Nivalis"", ""Vega""]","[0.8813027143478394, 0.7028554677963257, 0.6668630838394165, 0.44924625754356384, 0.08891894668340683]"
1,centroid,1,307,Ratikon,Ratikon,"[""Ratikon"", ""Ilias"", ""Denom"", ""Nivalis"", ""Velorum""]","[0.8771699666976929, 0.5857642889022827, 0.5604174137115479, 0.48874372243881226, 0.28378573060035706]"
1,centroid,1,308,Ratikon,Ratikon,"[""Ratikon"", ""Denom"", ""Nivalis"", ""Ilias"", ""Velorum""]","[0.8152463436126709, 0.7920323610305786, 0.6406104564666748, 0.4974851608276367, 0.2786346971988678]"
1,centroid,1,309,Ratikon,Ratikon,"[""Ratikon"", ""Ilias"", ""Nivalis"", ""Denom"", ""Velorum""]","[0.9172470569610596, 0.7848402857780457, 0.566308319568634, 0.5081494450569153, 0.30589592456817627]"
1,centroid,1,310,Ratikon,Ratikon,"[""Ratikon"", ""Ilias"", ""Denom"", ""Nivalis"", ""Steel_Wheel""]","[0.8500097990036011, 0.6624659299850464, 0.6279312372207642, 0.5455347299575806, 0.06621523201465607]"
1,centroid,1,311,Ratikon,Ratikon,"[""Ratikon"", ""Denom"", ""Nivalis"", ""Ilias"", ""Velorum""]","[0.9437679052352905, 0.6784408688545227, 0.602262556552887, 0.595811128616333, 0.0717136561870575]"
1,centroid,1,312,Ratikon,Ratikon,"[""Ratikon"", ""Nivalis"", ""Denom"", ""Ilias"", ""Velorum""]","[0.8794753551483154, 0.7040448784828186, 0.6219029426574707, 0.5361354351043701, 0.13757199048995972]"
1,centroid,1,313,Ratikon,Denom,"[""Denom"", ""Nivalis"", ""Ratikon"", ""Ilias"", ""Velorum""]","[0.7818554639816284, 0.7362815737724304, 0.7095416784286499, 0.48036688566207886, 0.2825529873371124]"
1,centroid,1,314,Ratikon,Ratikon,"[""Ratikon"", ""Denom"", ""Nivalis"", ""Ilias"", ""Vega""]","[0.8582646250724792, 0.7040356397628784, 0.48520803451538086, 0.4825800657272339, 0.03263717144727707]"
1,centroid,1,315,Ratikon,Ratikon,"[""Ratikon"", ""Denom"", ""Ilias"", ""Nivalis"", ""Trius""]","[0.7958381772041321, 0.597093939781189, 0.42631423473358154, 0.35200566053390503, 0.269436240196228]"
1,centroid,1,316,Ratikon,Ratikon,"[""Ratikon"", ""Ilias"", ""Nivalis"", ""Denom"", ""Velorum""]","[0.7959259152412415, 0.6611905097961426, 0.6237275004386902, 0.6025442481040955, 0.34566429257392883]"
1,centroid,1,317,Ratikon,Ratikon,"[""Ratikon"", ""Denom"", ""Ilias"", ""Nivalis"", ""Velorum""]","[0.8898233771324158, 0.8257694244384766, 0.7999337911605835, 0.4982335865497589, 0.32795995473861694]"
1,centroid,1,318,Ratikon,Ratikon,"[""Ratikon"", ""Denom"", ""Ilias"", ""Nivalis"", ""Velorum""]","[0.883083701133728, 0.7781997919082642, 0.714933454990387, 0.4762004315853119, 0.20848628878593445]"
1,centroid,1,319,Ratikon,Ratikon,"[""Ratikon"", ""Denom"", ""Nivalis"", ""Vega"", ""Ilias""]","[0.7614971995353699, 0.6086484789848328, 0.5279290080070496, 0.3383449912071228, 0.3046317994594574]"
1,centroid,1,320,Ratikon,Ratikon,"[""Ratikon"", ""Nivalis"", ""Denom"", ""Ilias"", ""Velorum""]","[0.7662904262542725, 0.7182172536849976, 0.6986514329910278, 0.4811645746231079, 0.025051351636648178]"
1,centroid,1,321,Ratikon,Ratikon,"[""Ratikon"", ""Denom"", ""Ilias"", ""Nivalis"", ""Trius""]","[0.8302883505821228, 0.5901840329170227, 0.5446986556053162, 0.46830564737319946, 0.0881599709391594]"
1,centroid,1,322,Steel_Wheel,Steel_Wheel,"[""Steel_Wheel"", ""Xtreme"", ""Nivalis"", ""Denom"", ""Ratikon""]","[0.9840748310089111, 0.11959224939346313, 0.10707312077283859, 0.04691728204488754, 0.040070611983537674]"
1,centroid,1,323,Steel_Wheel,Steel_Wheel,"[""Steel_Wheel"", ""Xtreme"", ""Denom"", ""Nivalis"", ""Velorum""]","[0.9599164724349976, 0.1590714454650879, 0.1567259132862091, 0.10734432935714722, 0.0628281831741333]"
1,centroid,1,324,Steel_Wheel,Steel_Wheel,"[""Steel_Wheel"", ""Mytikas"", ""Xtreme"", ""Nivalis"", ""Turbine""]","[0.9566782712936401, 0.05875377729535103, 0.0501302070915699, 0.029752759262919426, 0.02311205491423607]"
1,centroid,1,325,Steel_Wheel,Steel_Wheel,"[""Steel_Wheel"", ""Nivalis"", ""Vega"", ""Hawk"", ""Xtreme""]","[0.941297709941864, 0.08332619816064835, 0.05684875696897507, 0.05085211992263794, 0.046259310096502304]"
1,centroid,1,326,Steel_Wheel,Steel_Wheel,"[""Steel_Wheel"", ""Denom"", ""Nivalis"", ""Ratikon"", ""Xtreme""]","[0.9472000598907471, 0.10230845957994461, 0.07743516564369202, 0.054460231214761734, 0.01963464543223381]"
1,centroid,1,327,Steel_Wheel,Steel_Wheel,"[""Steel_Wheel"", ""Nivalis"", ""Hawk"", ""Xtreme"", ""Ratikon""]","[0.9517867565155029, 0.08732988685369492, 0.07687804102897644, 0.0603487603366375, -0.0038868729025125504]"
1,centroid,1,328,Steel_Wheel,Steel_Wheel,"[""Steel_Wheel"", ""Nivalis"", ""Xtreme"", ""Denom"", ""Velorum""]","[0.9767047166824341, 0.15123707056045532, 0.0877181887626648, 0.055738531053066254, 0.041029151529073715]"
1,centroid,1,329,Steel_Wheel,Steel_Wheel,"[""Steel_Wheel"", ""Denom"", ""Ratikon"", ""Nivalis"", ""Ilias""]","[0.9506189823150635, 0.07002389430999756, 0.06899401545524597, 0.007431991398334503, -0.025010008364915848]"
1,centroid,1,330,Steel_Wheel,Steel_Wheel,"[""Steel_Wheel"", ""Mytikas"", ""Trius"", ""Velorum"", ""Xtreme""]","[0.9576178193092346, 0.09695292264223099, 0.05983763188123703, 0.03929722309112549, 0.037331268191337585]"
1,centroid,1,331,Steel_Wheel,Steel_Wheel,"[""Steel_Wheel"", ""Velorum"", ""Xtreme"", ""Mytikas"", ""Castor""]","[0.6362863779067993, 0.41707563400268555, 0.4020753800868988, 0.16991254687309265, 0.12699562311172485]"
1,centroid,1,332,Steel_Wheel,Steel_Wheel,"[""Steel_Wheel"", ""Nivalis"", ""Ratikon"", ""Hawk"", ""Vega""]","[0.9579384922981262, 0.1302299201488495, 0.02615208923816681, 0.003303728997707367, -0.0036049410700798035]"
1,centroid,1,333,Steel_Wheel,Steel_Wheel,"[""Steel_Wheel"", ""Xtreme"", ""Velorum"", ""Nivalis"", ""Hawk""]","[0.9430733919143677, 0.21256563067436218, 0.1698463261127472, 0.149892196059227, 0.04566600173711777]"
1,centroid,1,334,Steel_Wheel,Steel_Wheel,"[""Steel_Wheel"", ""Xtreme"", ""Hawk"", ""Nivalis"", ""Mytikas""]","[0.9596759080886841, 0.10149569809436798, 0.10008922219276428, 0.0979963093996048, 0.014346498996019363]"
1,centroid,1,335,Steel_Wheel,Steel_Wheel,"[""Steel_Wheel"", ""Xtreme"", ""Nivalis"", ""Castor"", ""Mytikas""]","[0.9211392402648926, 0.02844543755054474, 0.023578625172376633, 0.022290503606200218, -0.04129121080040932]"
1,centroid,1,336,Steel_Wheel,Steel_Wheel,"[""Steel_Wheel"", ""Denom"", ""Xtreme"", ""Ratikon"", ""Ilias""]","[0.9233055114746094, 0.11028097569942474, 0.10230104625225067, 0.05024782195687294, 0.033843573182821274]"
1,centroid,1,337,Steel_Wheel,Steel_Wheel,"[""Steel_Wheel"", ""Nivalis"", ""Velorum"", ""Xtreme"", ""Ratikon""]","[0.9537394046783447, 0.16796161234378815, 0.1512424349784851, 0.05945338308811188, 0.01897321827709675]"
1,centroid,1,338,Steel_Wheel,Steel_Wheel,"[""Steel_Wheel"", ""Mytikas"", ""Xtreme"", ""Nivalis"", ""Trius""]","[0.9746077060699463, 0.06530819833278656, 0.06375104933977127, 0.028195645660161972, 0.024605631828308105]"
1,centroid,1,339,Steel_Wheel,Steel_Wheel,"[""Steel_Wheel"", ""Nivalis"", ""Velorum"", ""Ratikon"", ""Ilias""]","[0.9336820840835571, 0.1261441558599472, 0.10312120616436005, 0.09273698925971985, 0.04018262028694153]"
1,centroid,1,340,Steel_Wheel,Steel_Wheel,"[""Steel_Wheel"", ""Xtreme"", ""Nivalis"", ""Trius"", ""Mytikas""]","[0.9697542190551758, 0.15735013782978058, 0.05011386796832085, 0.04507286101579666, 0.022095482796430588]"
1,centroid,1,341,Steel_Wheel,Steel_Wheel,"[""Steel_Wheel"", ""Xtreme"", ""Nivalis"", ""Velorum"", ""Hawk""]","[0.9833329319953918, 0.13345174491405487, 0.11825598776340485, 0.06209241598844528, -0.007837176322937012]"
1,centroid,1,342,Steel_Wheel,Steel_Wheel,"[""Steel_Wheel"", ""Nivalis"", ""Denom"", ""Velorum"", ""Ratikon""]","[0.9721738696098328, 0.1081027165055275, 0.04343289136886597, 0.03675004839897156, 0.023986760526895523]"
1,centroid,1,343,Steel_Wheel,Steel_Wheel,"[""Steel_Wheel"", ""Nivalis"", ""Velorum"", ""Xtreme"", ""Hawk""]","[0.9592756032943726, 0.18938180804252625, 0.14376763999462128, 0.05435817316174507, 0.03279673680663109]"
1,centroid,1,344,Steel_Wheel,Steel_Wheel,"[""Steel_Wheel"", ""Mytikas"", ""Xtreme"", ""Trius"", ""Ratikon""]","[0.9171606302261353, 0.12742409110069275, 0.10587570816278458, 0.05177614092826843, 0.04497396945953369]"
1,centroid,1,345,Steel_Wheel,Steel_Wheel,"[""Steel_Wheel"", ""Xtreme"", ""Gemini"", ""Trius"", ""Denom""]","[0.8151100873947144, 0.41330575942993164, 0.26157376170158386, 0.22437326610088348, 0.15779316425323486]"
1,centroid,1,346,Steel_Wheel,Steel_Wheel,"[""Steel_Wheel"", ""Castor"", ""Xtreme"", ""Mytikas"", ""Trius""]","[0.9226014614105225, 0.11642153561115265, 0.11619675159454346, 0.05915549397468567, -0.005149967968463898]"
1,centroid,1,347,Steel_Wheel,Steel_Wheel,"[""Steel_Wheel"", ""Velorum"", ""Castor"", ""Ilias"", ""Nivalis""]","[0.9189984202384949, 0.1571258157491684, 0.005396772176027298, -0.003276955336332321, -0.0033300425857305527]"
1,centroid,1,348,Steel_Wheel,Steel_Wheel,"[""Steel_Wheel"", ""Ratikon"", ""Denom"", ""Nivalis"", ""Turbine""]","[0.8896580934524536, 0.08545760065317154, 0.0727359801530838, 0.037515733391046524, 0.03733520954847336]"
1,centroid,1,349,Steel_Wheel,Steel_Wheel,"[""Steel_Wheel"", ""Denom"", ""Ratikon"", ""Trius"", ""Nivalis""]","[0.8926700353622437, 0.18979895114898682, 0.12028425186872482, 0.09204711019992828, 0.07781729102134705]"
1,centroid,1,350,Steel_Wheel,Steel_Wheel,"[""Steel_Wheel"", ""Denom"", ""Nivalis"", ""Xtreme"", ""Ratikon""]","[0.9504494667053223, 0.20082129538059235, 0.1510011851787567, 0.08391447365283966, 0.07691720128059387]"
1,centroid,1,351,Steel_Wheel,Steel_Wheel,"[""Steel_Wheel"", ""Hawk"", ""Turbine"", ""Velorum"", ""Nivalis""]","[0.9382507801055908, 0.06436394900083542, 0.03586290031671524, 0.019493557512760162, 0.004740286618471146]"
1,centroid,1,352,Steel_Wheel,Steel_Wheel,"[""Steel_Wheel"", ""Nivalis"", ""Hawk"", ""Alaris"", ""Ratikon""]","[0.9500735998153687, 0.1551642268896103, 0.07144080847501755, 0.053310319781303406, 0.052685365080833435]"
1,centroid,1,353,Steel_Wheel,Steel_Wheel,"[""Steel_Wheel"", ""Xtreme"", ""Hawk"", ""Nivalis"", ""Turbine""]","[0.9594736099243164, 0.16149774193763733, 0.07576276361942291, 0.06276309490203857, -0.01794074848294258]"
1,centroid,1,354,Steel_Wheel,Steel_Wheel,"[""Steel_Wheel"", ""Nivalis"", ""Denom"", ""Xtreme"", ""Mytikas""]","[0.967343270778656, 0.16826340556144714, 0.08802959322929382, 0.08092695474624634, 0.07119244337081909]"
1,centroid,1,355,Steel_Wheel,Steel_Wheel,"[""Steel_Wheel"", ""Xtreme"", ""Nivalis"", ""Hawk"", ""Castor""]","[0.9827808141708374, 0.08426335453987122, 0.02851478010416031, -0.009571932256221771, -0.023245200514793396]"
1,centroid,1,356,Steel_Wheel,Steel_Wheel,"[""Steel_Wheel"", ""Mytikas"", ""Triton"", ""Xtreme"", ""Castor""]","[0.8613427877426147, 0.22051489353179932, 0.08448683470487595, 0.0397537425160408, 0.016704056411981583]"
1,centroid,1,357,Triton,Triton,"[""Triton"", ""Mytikas"", ""Braga"", ""Castor"", ""Alcatras""]","[0.8549272418022156, 0.6628262996673584, 0.3816108703613281, 0.37492185831069946, 0.34302783012390137]"
1,centroid,1,358,Triton,Triton,"[""Triton"", ""Mytikas"", ""Trius"", ""Castor"", ""Braga""]","[0.7593439221382141, 0.6180673241615295, 0.5061875581741333, 0.4553500711917877, 0.37739384174346924]"
1,centroid,1,359,Triton,Triton,"[""Triton"", ""Braga"", ""Mytikas"", ""Trius"", ""Gemini""]","[0.7872233390808105, 0.5300945043563843, 0.5110346078872681, 0.4607003331184387, 0.2882036864757538]"
1,centroid,1,360,Triton,Triton,"[""Triton"", ""Mytikas"", ""Velorum"", ""Trius"", ""Ilias""]","[0.5665286183357239, 0.5338132381439209, 0.4621132016181946, 0.29288947582244873, 0.2786957919597626]"
1,centroid,1,361,Triton,Triton,"[""Triton"", ""Mytikas"", ""Trius"", ""Ilias"", ""Castor""]","[0.9005453586578369, 0.7355303168296814, 0.3862767517566681, 0.30933189392089844, 0.29806211590766907]"
1,centroid,1,362,Triton,Triton,"[""Triton"", ""Mytikas"", ""Trius"", ""Braga"", ""Castor""]","[0.8722887635231018, 0.5336621999740601, 0.47201859951019287, 0.40487146377563477, 0.3117251694202423]"
1,centroid,1,363,Triton,Triton,"[""Triton"", ""Braga"", ""Mytikas"", ""Trius"", ""Gemini""]","[0.9052181243896484, 0.5937480926513672, 0.5068259835243225, 0.4414673447608948, 0.2992902994155884]"
1,centroid,1,364,Triton,Triton,"[""Triton"", ""Mytikas"", ""Trius"", ""Castor"", ""Braga""]","[0.8636152148246765, 0.6277881860733032, 0.6135387420654297, 0.4724056124687195, 0.4290276765823364]"
1,centroid,1,365,Triton,Triton,"[""Triton"", ""Mytikas"", ""Braga"", ""Trius"", ""Gemini""]","[0.8467131853103638, 0.6615152359008789, 0.5233538150787354, 0.485653817653656, 0.2806626856327057]"
1,centroid,1,366,Triton,Triton,"[""Triton"", ""Mytikas"", ""Trius"", ""Velorum"", ""Braga""]","[0.8557407855987549, 0.5703961849212646, 0.43388399481773376, 0.41636955738067627, 0.4151298999786377]"
1,centroid,1,367,Triton,Triton,"[""Triton"", ""Mytikas"", ""Trius"", ""Castor"", ""Braga""]","[0.894791305065155, 0.7349578142166138, 0.4914275109767914, 0.43929287791252136, 0.40488332509994507]"
1,centroid,1,368,Triton,Triton,"[""Triton"", ""Mytikas"", ""Braga"", ""Castor"", ""Trius""]","[0.893936276435852, 0.6454302072525024, 0.5883885025978088, 0.49615174531936646, 0.36207714676856995]"
1,centroid,1,369,Triton,Triton,"[""Triton"", ""Ilias"", ""Mytikas"", ""Trius"", ""Velorum""]","[0.8464245796203613, 0.5342864990234375, 0.5313595533370972, 0.504639744758606, 0.3355373740196228]"
1,centroid,1,370,Triton,Triton,"[""Triton"", ""Mytikas"", ""Braga"", ""Castor"", ""Trius""]","[0.8815826177597046, 0.6244440674781799, 0.5231160521507263, 0.3940739035606384, 0.2687003016471863]"
1,centroid,1,371,Triton,Triton,"[""Triton"", ""Mytikas"", ""Braga"", ""Trius"", ""Xtreme""]","[0.8039056062698364, 0.46964919567108154, 0.4217129349708557, 0.24658112227916718, 0.2196885645389557]"
1,centroid,1,372,Triton,Triton,"[""Triton"", ""Mytikas"", ""Braga"", ""Trius"", ""Gemini""]","[0.817663848400116, 0.6525595188140869, 0.4090215861797333, 0.3680937588214874, 0.27329346537590027]"
1,centroid,1,373,Triton,Triton,"[""Triton"", ""Mytikas"", ""Velorum"", ""Castor"", ""Braga""]","[0.7693310379981995, 0.5289310216903687, 0.4605163633823395, 0.40764206647872925, 0.39329802989959717]"
1,centroid,1,374,Triton,Triton,"[""Triton"", ""Braga"", ""Trius"", ""Mytikas"", ""Gemini""]","[0.818561315536499, 0.590635359287262, 0.3977540135383606, 0.3752867579460144, 0.32310834527015686]"
1,centroid,1,375,Triton,Trius,"[""Trius"", ""Alaris"", ""Triton"", ""Alcatras"", ""Velorum""]","[0.7638860940933228, 0.7474666833877563, 0.6375230550765991, 0.6295355558395386, 0.4813360571861267]"
1,centroid,1,376,Triton,Triton,"[""Triton"", ""Mytikas"", ""Trius"", ""Braga"", ""Gemini""]","[0.912580132484436, 0.6187469363212585, 0.607524573802948, 0.574964165687561, 0.3645506501197815]"
1,centroid,1,377,Triton,Triton,"[""Triton"", ""Mytikas"", ""Trius"", ""Braga"", ""Ilias""]","[0.8378212451934814, 0.6105013489723206, 0.5449758768081665, 0.43390804529190063, 0.3593510389328003]"
1,centroid,1,378,Triton,Triton,"[""Triton"", ""Trius"", ""Braga"", ""Mytikas"", ""Alaris""]","[0.8491830825805664, 0.6590330600738525, 0.5719452500343323, 0.5489317178726196, 0.43853113055229187]"
1,centroid,1,379,Triton,Triton,"[""Triton"", ""Mytikas"", ""Trius"", ""Braga"", ""Alcatras""]","[0.8890626430511475, 0.6242070198059082, 0.6161481142044067, 0.5612770915031433, 0.40102458000183105]"
1,centroid,1,380,Triton,Triton,"[""Triton"", ""Mytikas"", ""Trius"", ""Braga"", ""Castor""]","[0.828109622001648, 0.5789109468460083, 0.4819720685482025, 0.347692608833313, 0.33144599199295044]"
1,centroid,1,381,Triton,Triton,"[""Triton"", ""Mytikas"", ""Braga"", ""Trius"", ""Alcatras""]","[0.8725462555885315, 0.6242448091506958, 0.5013132691383362, 0.4479414224624634, 0.4172012209892273]"
1,centroid,1,382,Triton,Triton,"[""Triton"", ""Mytikas"", ""Braga"", ""Trius"", ""Alcatras""]","[0.852779746055603, 0.7266851663589478, 0.4382157325744629, 0.42718619108200073, 0.4013615846633911]"
1,centroid,1,383,Triton,Triton,"[""Triton"", ""Mytikas"", ""Alcatras"", ""Velorum"", ""Castor""]","[0.6503492593765259, 0.5369384288787842, 0.43731996417045593, 0.38436076045036316, 0.380623459815979]"
1,centroid,1,384,Triton,Triton,"[""Triton"", ""Trius"", ""Gemini"", ""Braga"", ""Ilias""]","[0.7234961986541748, 0.6253645420074463, 0.5297021269798279, 0.3612542152404785, 0.3384265899658203]"
1,centroid,1,385,Triton,Triton,"[""Triton"", ""Mytikas"", ""Braga"", ""Trius"", ""Velorum""]","[0.8265639543533325, 0.6797139644622803, 0.5723634958267212, 0.42566144466400146, 0.36656689643859863]"
1,centroid,1,386,Triton,Triton,"[""Triton"", ""Mytikas"", ""Braga"", ""Alcatras"", ""Castor""]","[0.7806665897369385, 0.698687732219696, 0.4955606758594513, 0.4685000777244568, 0.46772634983062744]"
1,centroid,1,387,Triton,Triton,"[""Triton"", ""Trius"", ""Mytikas"", ""Braga"", ""Gemini""]","[0.7678478956222534, 0.6507763862609863, 0.5838992595672607, 0.5396058559417725, 0.3736606240272522]"
1,centroid,1,388,Triton,Triton,"[""Triton"", ""Trius"", ""Braga"", ""Mytikas"", ""Alaris""]","[0.8788398504257202, 0.7206727862358093, 0.6614515781402588, 0.6209859848022461, 0.4704459011554718]"
1,centroid,1,389,Triton,Triton,"[""Triton"", ""Mytikas"", ""Trius"", ""Braga"", ""Velorum""]","[0.9691225290298462, 0.6443758010864258, 0.5840361714363098, 0.4539746940135956, 0.37434202432632446]"
1,centroid,1,390,Triton,Triton,"[""Triton"", ""Mytikas"", ""Trius"", ""Braga"", ""Gemini""]","[0.8865124583244324, 0.6545414924621582, 0.5192962884902954, 0.461659699678421, 0.3168586790561676]"
1,centroid,1,391,Triton,Triton,"[""Triton"", ""Trius"", ""Velorum"", ""Mytikas"", ""Braga""]","[0.8129744529724121, 0.6817029714584351, 0.5210867524147034, 0.5065481662750244, 0.353792667388916]"
1,centroid,1,392,Triton,Triton,"[""Triton"", ""Trius"", ""Mytikas"", ""Alaris"", ""Braga""]","[0.8550765514373779, 0.7064573168754578, 0.5194250345230103, 0.48515525460243225, 0.4834578037261963]"
1,centroid,1,393,Triton,Triton,"[""Triton"", ""Mytikas"", ""Velorum"", ""Trius"", ""Castor""]","[0.6276194453239441, 0.4843774139881134, 0.34615007042884827, 0.3330498933792114, 0.2845607399940491]"
1,centroid,1,394,Triton,Triton,"[""Triton"", ""Mytikas"", ""Trius"", ""Braga"", ""Ilias""]","[0.8905192017555237, 0.5568639636039734, 0.5047813653945923, 0.39989912509918213, 0.37526610493659973]"
1,centroid,1,395,Triton,Braga,"[""Braga"", ""Triton"", ""Mytikas"", ""Alcatras"", ""Castor""]","[0.7666422724723816, 0.7079482674598694, 0.6832189559936523, 0.6244640350341797, 0.6133298873901367]"
1,centroid,1,396,Triton,Triton,"[""Triton"", ""Mytikas"", ""Castor"", ""Alcatras"", ""Velorum""]","[0.8152216672897339, 0.5870981812477112, 0.4517841339111328, 0.40375685691833496, 0.38346558809280396]"
1,centroid,1,397,Triton,Mytikas,"[""Mytikas"", ""Triton"", ""Trius"", ""Gemini"", ""Xtreme""]","[0.6206085681915283, 0.5463293790817261, 0.5006401538848877, 0.43923693895339966, 0.4234403967857361]"
1,centroid,1,398,Triton,Mytikas,"[""Mytikas"", ""Alcatras"", ""Alaris"", ""Triton"", ""Trius""]","[0.5821613073348999, 0.46022772789001465, 0.3788411021232605, 0.3524652123451233, 0.33612024784088135]"
1,centroid,1,399,Triton,Triton,"[""Triton"", ""Trius"", ""Mytikas"", ""Braga"", ""Velorum""]","[0.9180121421813965, 0.6272612810134888, 0.5491499900817871, 0.4705246388912201, 0.34528830647468567]"
1,centroid,1,400,Triton,Triton,"[""Triton"", ""Mytikas"", ""Trius"", ""Braga"", ""Velorum""]","[0.9068682789802551, 0.627629816532135, 0.5952841639518738, 0.5896010398864746, 0.37337368726730347]"
1,centroid,1,401,Triton,Triton,"[""Triton"", ""Mytikas"", ""Trius"", ""Braga"", ""Castor""]","[0.8783474564552307, 0.610396146774292, 0.4194784164428711, 0.3491044342517853, 0.2851814329624176]"
1,centroid,1,402,Triton,Triton,"[""Triton"", ""Mytikas"", ""Braga"", ""Trius"", ""Gemini""]","[0.8375987410545349, 0.6147148609161377, 0.5192824006080627, 0.44609734416007996, 0.3423255681991577]"
1,centroid,1,403,Triton,Triton,"[""Triton"", ""Trius"", ""Braga"", ""Mytikas"", ""Alaris""]","[0.7957571148872375, 0.6806802749633789, 0.6452196836471558, 0.6237367391586304, 0.4094405174255371]"
1,centroid,1,404,Triton,Trius,"[""Trius"", ""Velorum"", ""Gemini"", ""Braga"", ""Triton""]","[0.5432150363922119, 0.46164965629577637, 0.40152233839035034, 0.37956124544143677, 0.35901081562042236]"
1,centroid,1,405,Triton,Triton,"[""Triton"", ""Trius"", ""Ilias"", ""Mytikas"", ""Velorum""]","[0.864423394203186, 0.5341711640357971, 0.506485104560852, 0.49704062938690186, 0.44860827922821045]"
1,centroid,1,406,Triton,Mytikas,"[""Mytikas"", ""Triton"", ""Castor"", ""Braga"", ""Trius""]","[0.732990026473999, 0.6570417881011963, 0.5254969596862793, 0.46789053082466125, 0.3710648715496063]"
1,centroid,1,407,Triton,Triton,"[""Triton"", ""Trius"", ""Mytikas"", ""Velorum"", ""Braga""]","[0.724811315536499, 0.6130101084709167, 0.4039463698863983, 0.35973650217056274, 0.30357837677001953]"
1,centroid,1,408,Triton,Triton,"[""Triton"", ""Trius"", ""Mytikas"", ""Ilias"", ""Turbine""]","[0.840294599533081, 0.5331199169158936, 0.4979318082332611, 0.3915245831012726, 0.26665982604026794]"
1,centroid,1,409,Triton,Triton,"[""Triton"", ""Mytikas"", ""Trius"", ""Braga"", ""Castor""]","[0.8498390316963196, 0.608160138130188, 0.4828649163246155, 0.3924517035484314, 0.23927442729473114]"
1,centroid,1,410,Triton,Triton,"[""Triton"", ""Mytikas"", ""Alcatras"", ""Castor"", ""Braga""]","[0.8187625408172607, 0.7197697162628174, 0.5078485012054443, 0.4811111092567444, 0.4022572636604309]"
1,centroid,1,411,Trius,Mytikas,"[""Mytikas"", ""Trius"", ""Triton"", ""Velorum"", ""Castor""]","[0.6842373013496399, 0.6701180338859558, 0.4686846137046814, 0.3902454376220703, 0.2653144598007202]"
1,centroid,1,412,Trius,Trius,"[""Trius"", ""Alaris"", ""Braga"", ""Alcatras"", ""Triton""]","[0.761233925819397, 0.7470515370368958, 0.6304559707641602, 0.5491487383842468, 0.363332599401474]"
1,centroid,1,413,Trius,Trius,"[""Trius"", ""Gemini"", ""Triton"", ""Alaris"", ""Braga""]","[0.8254186511039734, 0.5272994637489319, 0.3742276430130005, 0.33798888325691223, 0.27483829855918884]"
1,centroid,1,414,Trius,Trius,"[""Trius"", ""Alaris"", ""Vega"", ""Gemini"", ""Mytikas""]","[0.7855981588363647, 0.5250989198684692, 0.5094013214111328, 0.39841002225875854, 0.37694883346557617]"
1,centroid,1,415,Trius,Trius,"[""Trius"", ""Gemini"", ""Triton"", ""Alaris"", ""Denom""]","[0.8284711837768555, 0.5297104120254517, 0.3937472403049469, 0.30358558893203735, 0.27875518798828125]"
1,centroid,1,416,Trius,Denom,"[""Denom"", ""Nivalis"", ""Ratikon"", ""Trius"", ""Velorum""]","[0.5421590209007263, 0.44524985551834106, 0.39855971932411194, 0.35351186990737915, 0.09383362531661987]"
1,centroid,1,417,Trius,Braga,"[""Braga"", ""Triton"", ""Mytikas"", ""Trius"", ""Alcatras""]","[0.7207015752792358, 0.7162498235702515, 0.6941720247268677, 0.638390302658081, 0.5301907062530518]"
1,centroid,1,418,Trius,Trius,"[""Trius"", ""Triton"", ""Braga"", ""Alaris"", ""Gemini""]","[0.8213826417922974, 0.7030586004257202, 0.6589798927307129, 0.6458932161331177, 0.5238742828369141]"
1,centroid,1,419,Trius,Trius,"[""Trius"", ""Alaris"", ""Braga"", ""Triton"", ""Mytikas""]","[0.8273494243621826, 0.7457585334777832, 0.6428650617599487, 0.5199785232543945, 0.49107494950294495]"
1,centroid,1,420,Trius,Trius,"[""Trius"", ""Gemini"", ""Denom"", ""Alaris"", ""Mytikas""]","[0.6585882902145386, 0.43301552534103394, 0.37486183643341064, 0.17095303535461426, 0.14856907725334167]"
1,centroid,1,421,Trius,Vega,"[""Vega"", ""Trius"", ""Mytikas"", ""Triton"", ""Ratikon""]","[0.5813637971878052, 0.41648221015930176, 0.3818086087703705, 0.27860140800476074, 0.27522552013397217]"
1,centroid,1,422,Trius,Trius,"[""Trius"", ""Triton"", ""Mytikas"", ""Braga"", ""Alcatras""]","[0.7262028455734253, 0.7034147381782532, 0.523276150226593, 0.5193402171134949, 0.5032470226287842]"
1,centroid,1,423,Trius,Triton,"[""Triton"", ""Trius"", ""Braga"", ""Mytikas"", ""Alaris""]","[0.8516396880149841, 0.6445493698120117, 0.6349526047706604, 0.6124762296676636, 0.4053606688976288]"
1,centroid,1,424,Trius,Trius,"[""Trius"", ""Alaris"", ""Velorum"", ""Ilias"", ""Alcatras""]","[0.7539225816726685, 0.49119073152542114, 0.4561268091201782, 0.3420414924621582, 0.30602264404296875]"
1,centroid,1,425,Trius,Trius,"[""Trius"", ""Denom"", ""Ratikon"", ""Gemini"", ""Triton""]","[0.5701175332069397, 0.5075488090515137, 0.20906302332878113, 0.19700022041797638, 0.1944272667169571]"
1,centroid,1,426,Trius,Trius,"[""Trius"", ""Alaris"", ""Braga"", ""Triton"", ""Gemini""]","[0.9099082946777344, 0.7074583768844604, 0.623589038848877, 0.5813924670219421, 0.49102479219436646]"
1,centroid,1,427,Trius,Trius,"[""Trius"", ""Alaris"", ""Braga"", ""Gemini"", ""Triton""]","[0.9134050011634827, 0.7317370176315308, 0.5696783065795898, 0.46385908126831055, 0.46340039372444153]"
1,centroid,1,428,Trius,Trius,"[""Trius"", ""Gemini"", ""Alaris"", ""Triton"", ""Braga""]","[0.8159538507461548, 0.5882068872451782, 0.5731790065765381, 0.5720998048782349, 0.4980120062828064]"
1,centroid,1,429,Trius,Trius,"[""Trius"", ""Gemini"", ""Alaris"", ""Triton"", ""Denom""]","[0.8788116574287415, 0.44685572385787964, 0.4339246153831482, 0.2541399300098419, 0.24344795942306519]"
1,centroid,1,430,Trius,Trius,"[""Trius"", ""Alaris"", ""Braga"", ""Triton"", ""Gemini""]","[0.8405542969703674, 0.7155973315238953, 0.651485800743103, 0.5205349922180176, 0.39064309000968933]"
1,centroid,1,431,Trius,Trius,"[""Trius"", ""Vega"", ""Triton"", ""Mytikas"", ""Alaris""]","[0.6795405149459839, 0.5437538027763367, 0.5275996923446655, 0.4642278850078583, 0.434329092502594]"
1,centroid,1,432,Trius,Trius,"[""Trius"", ""Triton"", ""Mytikas"", ""Braga"", ""Alaris""]","[0.8445878624916077, 0.7880752086639404, 0.6476030349731445, 0.529913067817688, 0.4105261564254761]"
1,centroid,1,433,Trius,Trius,"[""Trius"", ""Alaris"", ""Braga"", ""Gemini"", ""Triton""]","[0.8804528117179871, 0.5800591707229614, 0.5187126398086548, 0.5148001909255981, 0.5060858130455017]"
1,centroid,1,434,Trius,Trius,"[""Trius"", ""Alaris"", ""Gemini"", ""Braga"", ""Triton""]","[0.7377121448516846, 0.6013805866241455, 0.5496874451637268, 0.35878390073776245, 0.3131551742553711]"
1,centroid,1,435,Trius,Trius,"[""Trius"", ""Braga"", ""Gemini"", ""Alaris"", ""Triton""]","[0.807045042514801, 0.7393670082092285, 0.5865210890769958, 0.5347787141799927, 0.46337994933128357]"
1,centroid,1,436,Trius,Trius,"[""Trius"", ""Triton"", ""Alaris"", ""Mytikas"", ""Alcatras""]","[0.8901124000549316, 0.7084295153617859, 0.5957313776016235, 0.49818155169487, 0.4308372735977173]"
1,centroid,1,437,Trius,Trius,"[""Trius"", ""Alaris"", ""Alcatras"", ""Braga"", ""Triton""]","[0.8578478097915649, 0.8179169297218323, 0.5707581043243408, 0.5628489255905151, 0.5559136271476746]"
1,centroid,1,438,Trius,Trius,"[""Trius"", ""Triton"", ""Alaris"", ""Mytikas"", ""Alcatras""]","[0.8473277688026428, 0.7372627258300781, 0.6847727298736572, 0.6545920372009277, 0.5632036924362183]"
1,centroid,1,439,Trius,Trius,"[""Trius"", ""Triton"", ""Alaris"", ""Braga"", ""Mytikas""]","[0.8917030096054077, 0.7232344746589661, 0.614152193069458, 0.5297056436538696, 0.446863055229187]"
1,centroid,1,440,Trius,Alaris,"[""Alaris"", ""Trius"", ""Braga"", ""Alcatras"", ""Triton""]","[0.8481654524803162, 0.6714978218078613, 0.6161013841629028, 0.6035612225532532, 0.5592941641807556]"
1,centroid,1,441,Trius,Trius,"[""Trius"", ""Alaris"", ""Triton"", ""Gemini"", ""Braga""]","[0.8983005881309509, 0.562649130821228, 0.5542397499084473, 0.4617546498775482, 0.43395787477493286]"
1,centroid,1,442,Trius,Trius,"[""Trius"", ""Alaris"", ""Alcatras"", ""Braga"", ""Triton""]","[0.7841467261314392, 0.624738335609436, 0.6241632699966431, 0.5357214212417603, 0.4980025291442871]"
1,centroid,1,443,Trius,Mytikas,"[""Mytikas"", ""Gemini"", ""Trius"", ""Braga"", ""Triton""]","[0.6119289994239807, 0.5516989827156067, 0.506148099899292, 0.4947257339954376, 0.45284003019332886]"
1,centroid,1,444,Trius,Trius,"[""Trius"", ""Mytikas"", ""Triton"", ""Braga"", ""Alaris""]","[0.8478614091873169, 0.7628190517425537, 0.6397513151168823, 0.459111750125885, 0.4533780813217163]"
1,centroid,1,445,Trius,Triton,"[""Triton"", ""Trius"", ""Mytikas"", ""Alaris"", ""Castor""]","[0.6700392961502075, 0.6612542867660522, 0.5408512949943542, 0.46134236454963684, 0.4547910690307617]"
1,centroid,1,446,Trius,Trius,"[""Trius"", ""Alaris"", ""Gemini"", ""Braga"", ""Vega""]","[0.8842391967773438, 0.7316985130310059, 0.4640103578567505, 0.37799012660980225, 0.35324418544769287]"
1,centroid,1,447,Trius,Trius,"[""Trius"", ""Alaris"", ""Triton"", ""Gemini"", ""Ilias""]","[0.7876503467559814, 0.5959902405738831, 0.5119311809539795, 0.39271479845046997, 0.3689538240432739]"
1,centroid,1,448,Trius,Trius,"[""Trius"", ""Triton"", ""Mytikas"", ""Gemini"", ""Alaris""]","[0.8802688121795654, 0.6864907741546631, 0.5299679040908813, 0.5019984245300293, 0.4931822419166565]"
1,centroid,1,449,Trius,Trius,"[""Trius"", ""Mytikas"", ""Braga"", ""Triton"", ""Gemini""]","[0.7119100093841553, 0.49658823013305664, 0.46258825063705444, 0.417042076587677, 0.40758416056632996]"
1,centroid,1,450,Trius,Triton,"[""Triton"", ""Trius"", ""Braga"", ""Mytikas"", ""Alaris""]","[0.8216449022293091, 0.7417917251586914, 0.6760319471359253, 0.6436712145805359, 0.5941982269287109]"
1,centroid,1,451,Trius,Trius,"[""Trius"", ""Mytikas"", ""Alaris"", ""Triton"", ""Alcatras""]","[0.791093111038208, 0.6376469135284424, 0.6338359713554382, 0.6323714256286621, 0.5767486691474915]"
1,centroid,1,452,Turbine,Castor,"[""Castor"", ""Turbine"", ""Braga"", ""Mytikas"", ""Alcatras""]","[0.8286621570587158, 0.5840190649032593, 0.3729046583175659, 0.36123740673065186, 0.3255421221256256]"
1,centroid,1,453,Turbine,Turbine,"[""Turbine"", ""Hawk"", ""Castor"", ""Alcatras"", ""Alaris""]","[0.9100532531738281, 0.7235487103462219, 0.37808603048324585, 0.3061823546886444, 0.2830159068107605]"
1,centroid,1,454,Turbine,Turbine,"[""Turbine"", ""Alaris"", ""Alcatras"", ""Braga"", ""Vega""]","[0.7657275795936584, 0.5234681367874146, 0.44120660424232483, 0.4287526607513428, 0.4013923406600952]"
1,centroid,1,455,Turbine,Turbine,"[""Turbine"", ""Hawk"", ""Braga"", ""Vega"", ""Gemini""]","[0.7415645718574524, 0.4809831976890564, 0.443604439496994, 0.4361347258090973, 0.3957565724849701]"
1,centroid,1,456,Turbine,Turbine,"[""Turbine"", ""Hawk"", ""Vega"", ""Braga"", ""Alaris""]","[0.8328092098236084, 0.6018009185791016, 0.5268456935882568, 0.3871108293533325, 0.3532423973083496]"
1,centroid,1,457,Turbine,Turbine,"[""Turbine"", ""Hawk"", ""Vega"", ""Alcatras"", ""Castor""]","[0.9020072221755981, 0.6390845775604248, 0.4204340875148773, 0.41905269026756287, 0.4176989793777466]"
1,centroid,1,458,Turbine,Turbine,"[""Turbine"", ""Hawk"", ""Vega"", ""Castor"", ""Braga""]","[0.9110448360443115, 0.6089838147163391, 0.4012298882007599, 0.3648030757904053, 0.3040418028831482]"
1,centroid,1,459,Turbine,Turbine,"[""Turbine"", ""Braga"", ""Vega"", ""Hawk"", ""Alaris""]","[0.77008056640625, 0.5690224170684814, 0.5634831786155701, 0.5602424144744873, 0.33894914388656616]"
1,centroid,1,460,Turbine,Turbine,"[""Turbine"", ""Alcatras"", ""Triton"", ""Alaris"", ""Braga""]","[0.7081791162490845, 0.5977874994277954, 0.5253235697746277, 0.5140212178230286, 0.47154465317726135]"
1,centroid,1,461,Turbine,Turbine,"[""Turbine"", ""Hawk"", ""Braga"", ""Vega"", ""Alaris""]","[0.852198600769043, 0.7070815563201904, 0.5683074593544006, 0.5419285297393799, 0.490631103515625]"
1,centroid,1,462,Turbine,Turbine,"[""Turbine"", ""Castor"", ""Alcatras"", ""Braga"", ""Alaris""]","[0.7487396597862244, 0.629572868347168, 0.5833232998847961, 0.5716317892074585, 0.5654460787773132]"
1,centroid,1,463,Turbine,Hawk,"[""Hawk"", ""Turbine"", ""Mytikas"", ""Braga"", ""Triton""]","[0.5864579677581787, 0.5651072859764099, 0.39676982164382935, 0.3537954092025757, 0.33226650953292847]"
1,centroid,1,464,Turbine,Turbine,"[""Turbine"", ""Castor"", ""Braga"", ""Hawk"", ""Alaris""]","[0.8857443928718567, 0.48956480622291565, 0.46383780241012573, 0.41208380460739136, 0.28258633613586426]"
1,centroid,1,465,Turbine,Turbine,"[""Turbine"", ""Hawk"", ""Alcatras"", ""Castor"", ""Alaris""]","[0.8923647403717041, 0.6489978432655334, 0.4545029401779175, 0.44754230976104736, 0.37837836146354675]"
1,centroid,1,466,Turbine,Turbine,"[""Turbine"", ""Hawk"", ""Vega"", ""Castor"", ""Braga""]","[0.8880842328071594, 0.4774114489555359, 0.3680744469165802, 0.28360286355018616, 0.252961128950119]"
1,centroid,1,467,Turbine,Turbine,"[""Turbine"", ""Hawk"", ""Vega"", ""Braga"", ""Alaris""]","[0.7587600946426392, 0.7533820867538452, 0.6298409700393677, 0.38149064779281616, 0.34899818897247314]"
1,centroid,1,468,Turbine,Turbine,"[""Turbine"", ""Castor"", ""Hawk"", ""Alcatras"", ""Alaris""]","[0.8701590299606323, 0.503338634967804, 0.46792659163475037, 0.44631701707839966, 0.35496416687965393]"
1,centroid,1,469,Turbine,Trius,"[""Trius"", ""Turbine"", ""Braga"", ""Hawk"", ""Mytikas""]","[0.5350916981697083, 0.5120614767074585, 0.46534767746925354, 0.4128388464450836, 0.3840096592903137]"
1,centroid,1,470,Turbine,Turbine,"[""Turbine"", ""Hawk"", ""Castor"", ""Alaris"", ""Braga""]","[0.9660853743553162, 0.5020780563354492, 0.3762809634208679, 0.352085679769516, 0.34343796968460083]"
1,centroid,1,471,Turbine,Turbine,"[""Turbine"", ""Hawk"", ""Castor"", ""Braga"", ""Alaris""]","[0.8302420377731323, 0.41316232085227966, 0.37633034586906433, 0.3730323314666748, 0.34884190559387207]"
1,centroid,1,472,Turbine,Turbine,"[""Turbine"", ""Hawk"", ""Braga"", ""Castor"", ""Alcatras""]","[0.7919355034828186, 0.577416181564331, 0.5020300149917603, 0.4949614405632019, 0.43775510787963867]"
1,centroid,1,473,Turbine,Turbine,"[""Turbine"", ""Alaris"", ""Alcatras"", ""Vega"", ""Braga""]","[0.7141673564910889, 0.54899001121521, 0.46698713302612305, 0.46622389554977417, 0.4414101243019104]"
1,centroid,1,474,Turbine,Turbine,"[""Turbine"", ""Braga"", ""Hawk"", ""Castor"", ""Alaris""]","[0.8724499940872192, 0.4403959810733795, 0.4342994689941406, 0.4299349784851074, 0.2949018180370331]"
1,centroid,1,475,Turbine,Turbine,"[""Turbine"", ""Hawk"", ""Castor"", ""Alcatras"", ""Mytikas""]","[0.7902997732162476, 0.681240439414978, 0.5464026927947998, 0.5148255228996277, 0.4024186134338379]"
1,centroid,1,476,Turbine,Turbine,"[""Turbine"", ""Castor"", ""Braga"", ""Alcatras"", ""Alaris""]","[0.8325505256652832, 0.5688815712928772, 0.4543589949607849, 0.43562430143356323, 0.38666969537734985]"
1,centroid,1,477,Turbine,Turbine,"[""Turbine"", ""Castor"", ""Alcatras"", ""Alaris"", ""Hawk""]","[0.9143029451370239, 0.5293025374412537, 0.43223026394844055, 0.37313514947891235, 0.36307191848754883]"
1,centroid,1,478,Turbine,Turbine,"[""Turbine"", ""Hawk"", ""Vega"", ""Alaris"", ""Alcatras""]","[0.7115838527679443, 0.6759859919548035, 0.4708949029445648, 0.43056315183639526, 0.43013855814933777]"
1,centroid,1,479,Turbine,Turbine,"[""Turbine"", ""Hawk"", ""Vega"", ""Alaris"", ""Alcatras""]","[0.8315175175666809, 0.6123452186584473, 0.4737776219844818, 0.40020665526390076, 0.37711894512176514]"
1,centroid,1,480,Vega,Vega,"[""Vega"", ""Hawk"", ""Alaris"", ""Turbine"", ""Braga""]","[0.9259072542190552, 0.6004349589347839, 0.5929352045059204, 0.3671135902404785, 0.35986533761024475]"
1,centroid,1,481,Vega,Vega,"[""Vega"", ""Hawk"", ""Turbine"", ""Braga"", ""Alaris""]","[0.8879605531692505, 0.2944177985191345, 0.23156502842903137, 0.210167795419693, 0.15705017745494843]"
1,centroid,1,482,Vega,Vega,"[""Vega"", ""Gemini"", ""Hawk"", ""Alaris"", ""Trius""]","[0.9128990769386292, 0.4026874899864197, 0.22802136838436127, 0.15845295786857605, 0.15189386904239655]"
1,centroid,1,483,Vega,Vega,"[""Vega"", ""Alaris"", ""Hawk"", ""Alcatras"", ""Turbine""]","[0.7494021654129028, 0.5392043590545654, 0.3691214323043823, 0.32440832257270813, 0.2900107502937317]"
1,centroid,1,484,Vega,Vega,"[""Vega"", ""Gemini"", ""Turbine"", ""Hawk"", ""Alaris""]","[0.7439391613006592, 0.32676857709884644, 0.25595229864120483, 0.22338157892227173, 0.18370074033737183]"
1,centroid,1,485,Vega,Vega,"[""Vega"", ""Alaris"", ""Hawk"", ""Braga"", ""Alcatras""]","[0.8766618371009827, 0.5130661725997925, 0.4925743341445923, 0.3975120186805725, 0.37908613681793213]"
1,centroid,1,486,Vega,Vega,"[""Vega"", ""Trius"", ""Gemini"", ""Alaris"", ""Braga""]","[0.8526209592819214, 0.35024183988571167, 0.30980855226516724, 0.30603691935539246, 0.27542319893836975]"
1,centroid,1,487,Vega,Vega,"[""Vega"", ""Hawk"", ""Gemini"", ""Alaris"", ""Braga""]","[0.8551356196403503, 0.5528746843338013, 0.3109408915042877, 0.25238701701164246, 0.22679930925369263]"
1,centroid,1,488,Vega,Vega,"[""Vega"", ""Gemini"", ""Hawk"", ""Alaris"", ""Turbine""]","[0.8265843391418457, 0.5396254658699036, 0.3519918620586395, 0.26809611916542053, 0.21885772049427032]"
1,centroid,1,489,Vega,Vega,"[""Vega"", ""Gemini"", ""Hawk"", ""Trius"", ""Alaris""]","[0.9138509035110474, 0.5380544662475586, 0.40403538942337036, 0.38283008337020874, 0.3277598023414612]"
1,centroid,1,490,Vega,Vega,"[""Vega"", ""Hawk"", ""Gemini"", ""Braga"", ""Alaris""]","[0.8940635919570923, 0.40330833196640015, 0.32477694749832153, 0.23549126088619232, 0.20828771591186523]"
1,centroid,1,491,Vega,Vega,"[""Vega"", ""Hawk"", ""Braga"", ""Alaris"", ""Gemini""]","[0.9473167657852173, 0.43850231170654297, 0.29787200689315796, 0.29063212871551514, 0.241195946931839]"
1,centroid,1,492,Vega,Mytikas,"[""Mytikas"", ""Trius"", ""Alcatras"", ""Triton"", ""Alaris""]","[0.6994571089744568, 0.6425999402999878, 0.527279257774353, 0.4709341526031494, 0.4490026831626892]"
1,centroid,1,493,Vega,Vega,"[""Vega"", ""Hawk"", ""Alaris"", ""Braga"", ""Trius""]","[0.9378459453582764, 0.46265745162963867, 0.3627074062824249, 0.31566086411476135, 0.2876906096935272]"
1,centroid,1,494,Vega,Vega,"[""Vega"", ""Turbine"", ""Hawk"", ""Alcatras"", ""Alaris""]","[0.7223270535469055, 0.40458565950393677, 0.4043292999267578, 0.27036893367767334, 0.22879593074321747]"
1,centroid,1,495,Vega,Vega,"[""Vega"", ""Gemini"", ""Hawk"", ""Alaris"", ""Trius""]","[0.9108066558837891, 0.5214839577674866, 0.39989277720451355, 0.3928099274635315, 0.2864251732826233]"
1,centroid,1,496,Vega,Vega,"[""Vega"", ""Turbine"", ""Hawk"", ""Alaris"", ""Alcatras""]","[0.7030673027038574, 0.6524916887283325, 0.6014413833618164, 0.5008830428123474, 0.4370649456977844]"
1,centroid,1,497,Vega,Vega,"[""Vega"", ""Gemini"", ""Alaris"", ""Xtreme"", ""Trius""]","[0.6492406129837036, 0.5514034628868103, 0.2555291950702667, 0.22909164428710938, 0.22281375527381897]"
1,centroid,1,498,Vega,Vega,"[""Vega"", ""Gemini"", ""Braga"", ""Trius"", ""Hawk""]","[0.7732585668563843, 0.5284532904624939, 0.5256330966949463, 0.3775710463523865, 0.31958168745040894]"
1,centroid,1,499,Vega,Vega,"[""Vega"", ""Turbine"", ""Hawk"", ""Braga"", ""Triton""]","[0.6655398011207581, 0.4984750747680664, 0.384472131729126, 0.25615864992141724, 0.24292321503162384]"
1,centroid,1,500,Vega,Vega,"[""Vega"", ""Gemini"", ""Braga"", ""Hawk"", ""Alaris""]","[0.9158449172973633, 0.5081577301025391, 0.5033082962036133, 0.40707308053970337, 0.3968742787837982]"
1,centroid,1,501,Vega,Vega,"[""Vega"", ""Hawk"", ""Alaris"", ""Braga"", ""Turbine""]","[0.7775634527206421, 0.5818513631820679, 0.49123263359069824, 0.4667696952819824, 0.46644163131713867]"
1,centroid,1,502,Vega,Vega,"[""Vega"", ""Hawk"", ""Gemini"", ""Alaris"", ""Braga""]","[0.8976266384124756, 0.43331262469291687, 0.2891228497028351, 0.257678359746933, 0.24189496040344238]"
1,centroid,1,503,Vega,Vega,"[""Vega"", ""Gemini"", ""Hawk"", ""Braga"", ""Trius""]","[0.7850825786590576, 0.7113606333732605, 0.3839225769042969, 0.21938270330429077, 0.21010266244411469]"
1,centroid,1,504,Vega,Vega,"[""Vega"", ""Hawk"", ""Braga"", ""Gemini"", ""Nivalis""]","[0.8208823204040527, 0.4260402023792267, 0.24177142977714539, 0.21683017909526825, 0.11583174765110016]"
1,centroid,1,505,Vega,Vega,"[""Vega"", ""Hawk"", ""Alaris"", ""Turbine"", ""Braga""]","[0.8808767795562744, 0.5391708612442017, 0.5354976654052734, 0.4882735013961792, 0.4557253122329712]"
1,centroid,1,506,Vega,Vega,"[""Vega"", ""Gemini"", ""Hawk"", ""Alaris"", ""Braga""]","[0.9205769300460815, 0.5261574983596802, 0.34514206647872925, 0.33088812232017517, 0.3210030794143677]"
1,centroid,1,507,Vega,Vega,"[""Vega"", ""Hawk"", ""Alaris"", ""Braga"", ""Turbine""]","[0.8961377143859863, 0.5188895463943481, 0.47223466634750366, 0.3039379119873047, 0.2857459485530853]"
1,centroid,1,508,Vega,Vega,"[""Vega"", ""Alaris"", ""Hawk"", ""Turbine"", ""Trius""]","[0.6528952121734619, 0.5074979662895203, 0.4268709123134613, 0.3856086730957031, 0.3484172821044922]"
1,centroid,1,509,Vega,Vega,"[""Vega"", ""Alaris"", ""Trius"", ""Hawk"", ""Braga""]","[0.882843017578125, 0.46605396270751953, 0.3877023756504059, 0.3614503741264343, 0.2715235948562622]"
1,centroid,1,510,Vega,Vega,"[""Vega"", ""Gemini"", ""Trius"", ""Alaris"", ""Hawk""]","[0.8192627429962158, 0.44560331106185913, 0.4249996244907379, 0.2776070833206177, 0.23264750838279724]"
1,centroid,1,511,Vega,Vega,"[""Vega"", ""Alaris"", ""Hawk"", ""Turbine"", ""Alcatras""]","[0.8657858371734619, 0.4656977653503418, 0.4288243055343628, 0.3440402150154114, 0.20851168036460876]"
1,centroid,1,512,Vega,Vega,"[""Vega"", ""Hawk"", ""Alaris"", ""Braga"", ""Turbine""]","[0.930931806564331, 0.476711243391037, 0.434317409992218, 0.32595330476760864, 0.26866230368614197]"
1,centroid,1,513,Vega,Vega,"[""Vega"", ""Alaris"", ""Gemini"", ""Hawk"", ""Trius""]","[0.9557551145553589, 0.40418118238449097, 0.39533066749572754, 0.3790612816810608, 0.28028279542922974]"
1,centroid,1,514,Vega,Vega,"[""Vega"", ""Hawk"", ""Gemini"", ""Braga"", ""Alaris""]","[0.8869467973709106, 0.6887950897216797, 0.4283832907676697, 0.3390791714191437, 0.29679083824157715]"
1,centroid,1,515,Velorum,Velorum,"[""Velorum"", ""Ilias"", ""Triton"", ""Ratikon"", ""Trius""]","[0.8660398721694946, 0.6330435872077942, 0.3808964490890503, 0.35037338733673096, 0.3383742570877075]"
1,centroid,1,516,Velorum,Velorum,"[""Velorum"", ""Triton"", ""Ilias"", ""Mytikas"", ""Nivalis""]","[0.8748620748519897, 0.34570208191871643, 0.28456375002861023, 0.27495190501213074, 0.2003103643655777]"
1,centroid,1,517,Velorum,Velorum,"[""Velorum"", ""Denom"", ""Ilias"", ""Ratikon"", ""Nivalis""]","[0.8474252223968506, 0.5932905077934265, 0.521068274974823, 0.505517840385437, 0.437546044588089]"
1,centroid,1,518,Velorum,Velorum,"[""Velorum"", ""Alcatras"", ""Mytikas"", ""Ilias"", ""Triton""]","[0.8904116749763489, 0.4114758372306824, 0.3889465630054474, 0.34413671493530273, 0.3183845281600952]"
1,centroid,1,519,Velorum,Velorum,"[""Velorum"", ""Nivalis"", ""Ilias"", ""Denom"", ""Xtreme""]","[0.8232243657112122, 0.37343698740005493, 0.32936370372772217, 0.2697557508945465, 0.16020528972148895]"
1,centroid,1,520,Velorum,Velorum,"[""Velorum"", ""Alcatras"", ""Ilias"", ""Mytikas"", ""Nivalis""]","[0.925097644329071, 0.23036883771419525, 0.22582082450389862, 0.1927093267440796, 0.17636747658252716]"
1,centroid,1,521,Velorum,Velorum,"[""Velorum"", ""Ilias"", ""Nivalis"", ""Ratikon"", ""Denom""]","[0.83902907371521, 0.518335223197937, 0.49156832695007324, 0.44925016164779663, 0.41032731533050537]"
1,centroid,1,522,Velorum,Velorum,"[""Velorum"", ""Trius"", ""Alcatras"", ""Ilias"", ""Mytikas""]","[0.9301328063011169, 0.3675360381603241, 0.29731786251068115, 0.29006367921829224, 0.2490490972995758]"
1,centroid,1,523,Velorum,Velorum,"[""Velorum"", ""Triton"", ""Ilias"", ""Mytikas"", ""Nivalis""]","[0.9102921485900879, 0.39189237356185913, 0.35148337483406067, 0.324993371963501, 0.2657228708267212]"
1,centroid,1,524,Velorum,Velorum,"[""Velorum"", ""Trius"", ""Alaris"", ""Alcatras"", ""Ilias""]","[0.8583329319953918, 0.454619437456131, 0.4119200110435486, 0.387459397315979, 0.3261984586715698]"
1,centroid,1,525,Velorum,Velorum,"[""Velorum"", ""Denom"", ""Ilias"", ""Nivalis"", ""Trius""]","[0.8712135553359985, 0.39973536133766174, 0.3538045883178711, 0.3222721815109253, 0.2582223117351532]"
1,centroid,1,526,Velorum,Velorum,"[""Velorum"", ""Trius"", ""Nivalis"", ""Alcatras"", ""Castor""]","[0.8738506436347961, 0.26347777247428894, 0.2625718116760254, 0.2536085546016693, 0.24664559960365295]"
1,centroid,1,527,Velorum,Velorum,"[""Velorum"", ""Ilias"", ""Nivalis"", ""Ratikon"", ""Denom""]","[0.9043893814086914, 0.494496613740921, 0.38553035259246826, 0.3017239570617676, 0.23397010564804077]"
1,centroid,1,528,Velorum,Velorum,"[""Velorum"", ""Ilias"", ""Ratikon"", ""Trius"", ""Triton""]","[0.9046828746795654, 0.5316566228866577, 0.34776079654693604, 0.3356564939022064, 0.3336087763309479]"
1,centroid,1,529,Velorum,Velorum,"[""Velorum"", ""Trius"", ""Ilias"", ""Nivalis"", ""Mytikas""]","[0.9347007274627686, 0.4494727849960327, 0.3936767578125, 0.2846866250038147, 0.2258913367986679]"
1,centroid,1,530,Velorum,Velorum,"[""Velorum"", ""Trius"", ""Mytikas"", ""Triton"", ""Ilias""]","[0.919317364692688, 0.32489633560180664, 0.30106550455093384, 0.26777592301368713, 0.2387707531452179]"
1,centroid,1,531,Velorum,Velorum,"[""Velorum"", ""Nivalis"", ""Alcatras"", ""Castor"", ""Mytikas""]","[0.8482728004455566, 0.31003338098526, 0.26514148712158203, 0.18804877996444702, 0.1652212142944336]"
1,centroid,1,532,Velorum,Velorum,"[""Velorum"", ""Nivalis"", ""Ilias"", ""Denom"", ""Trius""]","[0.9333028793334961, 0.39433857798576355, 0.30694249272346497, 0.19558343291282654, 0.15909171104431152]"
1,centroid,1,533,Velorum,Velorum,"[""Velorum"", ""Nivalis"", ""Ilias"", ""Ratikon"", ""Denom""]","[0.9106466174125671, 0.5403803586959839, 0.5224272608757019, 0.3688061237335205, 0.3396819829940796]"
1,centroid,1,534,Velorum,Velorum,"[""Velorum"", ""Nivalis"", ""Ilias"", ""Ratikon"", ""Denom""]","[0.8447353839874268, 0.48204922676086426, 0.33924150466918945, 0.23260025680065155, 0.18994635343551636]"
1,centroid,1,535,Velorum,Velorum,"[""Velorum"", ""Mytikas"", ""Triton"", ""Ilias"", ""Trius""]","[0.79034024477005, 0.5623767375946045, 0.5403009057044983, 0.528830885887146, 0.3691123127937317]"
1,centroid,1,536,Velorum,Velorum,"[""Velorum"", ""Turbine"", ""Alcatras"", ""Hawk"", ""Alaris""]","[0.779903769493103, 0.4441598653793335, 0.3443397879600525, 0.31974586844444275, 0.307134747505188]"
1,centroid,1,537,Velorum,Velorum,"[""Velorum"", ""Nivalis"", ""Denom"", ""Ilias"", ""Ratikon""]","[0.8180279731750488, 0.5235825181007385, 0.4186505675315857, 0.3703634738922119, 0.27485108375549316]"
1,centroid,1,538,Velorum,Velorum,"[""Velorum"", ""Ilias"", ""Nivalis"", ""Denom"", ""Trius""]","[0.9511368274688721, 0.48102009296417236, 0.4315341114997864, 0.2917327284812927, 0.28379982709884644]"
1,centroid,1,539,Velorum,Velorum,"[""Velorum"", ""Ilias"", ""Nivalis"", ""Denom"", ""Alcatras""]","[0.9113198518753052, 0.2993036210536957, 0.2875239849090576, 0.2781916558742523, 0.13910964131355286]"
1,centroid,1,540,Velorum,Velorum,"[""Velorum"", ""Ilias"", ""Triton"", ""Trius"", ""Nivalis""]","[0.9227368831634521, 0.5116091966629028, 0.3091399371623993, 0.2361958920955658, 0.23256614804267883]"
1,centroid,1,541,Velorum,Velorum,"[""Velorum"", ""Ilias"", ""Trius"", ""Alcatras"", ""Alaris""]","[0.8208839297294617, 0.42412543296813965, 0.3357604742050171, 0.3283321261405945, 0.32133612036705017]"
1,centroid,1,542,Velorum,Velorum,"[""Velorum"", ""Denom"", ""Ilias"", ""Ratikon"", ""Trius""]","[0.6897413730621338, 0.4751415550708771, 0.4720231294631958, 0.3716065585613251, 0.19332917034626007]"
1,centroid,1,543,Velorum,Velorum,"[""Velorum"", ""Nivalis"", ""Denom"", ""Ilias"", ""Ratikon""]","[0.8757250308990479, 0.5763937830924988, 0.4710491895675659, 0.4026876986026764, 0.3603421449661255]"
1,centroid,1,544,Velorum,Velorum,"[""Velorum"", ""Trius"", ""Ilias"", ""Triton"", ""Nivalis""]","[0.9466264843940735, 0.3697086572647095, 0.29853904247283936, 0.2681187689304352, 0.223935067653656]"
1,centroid,1,545,Velorum,Velorum,"[""Velorum"", ""Nivalis"", ""Ilias"", ""Denom"", ""Ratikon""]","[0.8988586664199829, 0.5334102511405945, 0.47945845127105713, 0.37291157245635986, 0.30371934175491333]"
1,centroid,1,546,Velorum,Velorum,"[""Velorum"", ""Nivalis"", ""Ilias"", ""Ratikon"", ""Denom""]","[0.8946874141693115, 0.5254718065261841, 0.33945226669311523, 0.2545299232006073, 0.24301135540008545]"
1,centroid,1,547,Velorum,Velorum,"[""Velorum"", ""Ilias"", ""Denom"", ""Ratikon"", ""Nivalis""]","[0.8109760284423828, 0.7417589426040649, 0.5600898265838623, 0.541949450969696, 0.4744430184364319]"
1,centroid,1,548,Velorum,Velorum,"[""Velorum"", ""Nivalis"", ""Denom"", ""Ilias"", ""Ratikon""]","[0.8145901560783386, 0.6016435623168945, 0.41538238525390625, 0.3473164737224579, 0.21648307144641876]"
1,centroid,1,549,Velorum,Velorum,"[""Velorum"", ""Alcatras"", ""Ilias"", ""Nivalis"", ""Trius""]","[0.9447224736213684, 0.3310549855232239, 0.3000046908855438, 0.28083500266075134, 0.23230013251304626]"
1,centroid,1,550,Velorum,Velorum,"[""Velorum"", ""Alcatras"", ""Hawk"", ""Nivalis"", ""Castor""]","[0.8869119882583618, 0.3683181405067444, 0.2803858816623688, 0.2295672595500946, 0.20112943649291992]"
1,centroid,1,551,Velorum,Velorum,"[""Velorum"", ""Ilias"", ""Nivalis"", ""Alcatras"", ""Ratikon""]","[0.94378662109375, 0.3736966848373413, 0.32835808396339417, 0.17690664529800415, 0.1441124826669693]"
1,centroid,1,552,Velorum,Velorum,"[""Velorum"", ""Ilias"", ""Nivalis"", ""Denom"", ""Ratikon""]","[0.9353373050689697, 0.474680095911026, 0.4483417272567749, 0.3047332167625427, 0.23822426795959473]"
1,centroid,1,553,Velorum,Velorum,"[""Velorum"", ""Triton"", ""Alcatras"", ""Castor"", ""Ilias""]","[0.8664259910583496, 0.47319936752319336, 0.3986331820487976, 0.3106025457382202, 0.3020002841949463]"
1,centroid,1,554,Velorum,Velorum,"[""Velorum"", ""Ilias"", ""Triton"", ""Trius"", ""Denom""]","[0.8301222324371338, 0.39139965176582336, 0.35771721601486206, 0.32197296619415283, 0.3066120743751526]"
1,centroid,1,555,Velorum,Velorum,"[""Velorum"", ""Alcatras"", ""Alaris"", ""Trius"", ""Castor""]","[0.823880672454834, 0.5180052518844604, 0.40917670726776123, 0.38881731033325195, 0.3034449517726898]"
1,centroid,1,556,Velorum,Velorum,"[""Velorum"", ""Ilias"", ""Alcatras"", ""Ratikon"", ""Nivalis""]","[0.9295908808708191, 0.44714638590812683, 0.35277238488197327, 0.29250800609588623, 0.2762165665626526]"
1,centroid,1,557,Velorum,Velorum,"[""Velorum"", ""Nivalis"", ""Mytikas"", ""Castor"", ""Triton""]","[0.8634217381477356, 0.29215008020401, 0.2860737144947052, 0.26992306113243103, 0.22422806918621063]"
1,centroid,1,558,Velorum,Velorum,"[""Velorum"", ""Ilias"", ""Denom"", ""Nivalis"", ""Ratikon""]","[0.8192588090896606, 0.44821810722351074, 0.43513718247413635, 0.36736637353897095, 0.3158894181251526]"
1,centroid,1,559,Velorum,Velorum,"[""Velorum"", ""Ilias"", ""Nivalis"", ""Mytikas"", ""Triton""]","[0.9432207345962524, 0.34313637018203735, 0.2700042426586151, 0.21074804663658142, 0.17174646258354187]"
1,centroid,1,560,Velorum,Velorum,"[""Velorum"", ""Trius"", ""Triton"", ""Mytikas"", ""Alcatras""]","[0.8400112390518188, 0.4832744598388672, 0.37288564443588257, 0.3536601662635803, 0.35028696060180664]"
1,centroid,1,561,Velorum,Velorum,"[""Velorum"", ""Ilias"", ""Alcatras"", ""Trius"", ""Mytikas""]","[0.8962401151657104, 0.4657890200614929, 0.3626819849014282, 0.3555535078048706, 0.31666257977485657]"
1,centroid,1,562,Velorum,Velorum,"[""Velorum"", ""Ilias"", ""Denom"", ""Nivalis"", ""Ratikon""]","[0.9017885327339172, 0.4602598249912262, 0.4246523976325989, 0.35313352942466736, 0.31568074226379395]"
1,centroid,1,563,Velorum,Velorum,"[""Velorum"", ""Trius"", ""Alcatras"", ""Triton"", ""Mytikas""]","[0.8756600618362427, 0.37353968620300293, 0.32522594928741455, 0.3141877055168152, 0.2891811728477478]"
1,centroid,1,564,Velorum,Velorum,"[""Velorum"", ""Ilias"", ""Nivalis"", ""Denom"", ""Ratikon""]","[0.9249163866043091, 0.3957709074020386, 0.3419761061668396, 0.2087891846895218, 0.13112671673297882]"
1,centroid,1,565,Velorum,Velorum,"[""Velorum"", ""Trius"", ""Triton"", ""Ilias"", ""Mytikas""]","[0.887260377407074, 0.41320890188217163, 0.398145854473114, 0.29974648356437683, 0.26926589012145996]"
1,centroid,1,566,Velorum,Velorum,"[""Velorum"", ""Nivalis"", ""Denom"", ""Ilias"", ""Steel_Wheel""]","[0.8473060131072998, 0.4687769114971161, 0.21215622127056122, 0.15954777598381042, 0.14543089270591736]"
1,centroid,1,567,Velorum,Velorum,"[""Velorum"", ""Trius"", ""Alaris"", ""Alcatras"", ""Ilias""]","[0.8583329319953918, 0.454619437456131, 0.4119200110435486, 0.387459397315979, 0.3261984586715698]"
1,centroid,1,568,Velorum,Velorum,"[""Velorum"", ""Ilias"", ""Nivalis"", ""Denom"", ""Castor""]","[0.9582234621047974, 0.31363093852996826, 0.23945462703704834, 0.17309902608394623, 0.17025277018547058]"
1,centroid,1,569,Velorum,Velorum,"[""Velorum"", ""Trius"", ""Ilias"", ""Denom"", ""Nivalis""]","[0.8653767108917236, 0.2966952919960022, 0.2595389485359192, 0.24246329069137573, 0.21105477213859558]"
1,centroid,1,570,Velorum,Velorum,"[""Velorum"", ""Ilias"", ""Nivalis"", ""Ratikon"", ""Denom""]","[0.8327171206474304, 0.7210630178451538, 0.6706141233444214, 0.6113369464874268, 0.5758697390556335]"
1,centroid,1,571,Velorum,Velorum,"[""Velorum"", ""Hawk"", ""Nivalis"", ""Alcatras"", ""Castor""]","[0.9000474214553833, 0.24117189645767212, 0.23038992285728455, 0.2231849879026413, 0.2200055718421936]"
1,centroid,1,572,Velorum,Velorum,"[""Velorum"", ""Triton"", ""Nivalis"", ""Mytikas"", ""Ilias""]","[0.8815089464187622, 0.3861144781112671, 0.3599320650100708, 0.3437381982803345, 0.3280983567237854]"
1,centroid,1,573,Velorum,Castor,"[""Castor"", ""Velorum"", ""Alcatras"", ""Mytikas"", ""Trius""]","[0.636104941368103, 0.6292673349380493, 0.5497332811355591, 0.4833284020423889, 0.3637335002422333]"
1,centroid,1,574,Xtreme,Xtreme,"[""Xtreme"", ""Gemini"", ""Steel_Wheel"", ""Velorum"", ""Mytikas""]","[0.9359486103057861, 0.35425496101379395, 0.2771758437156677, 0.03161322697997093, 0.026375330984592438]"
1,centroid,1,575,Xtreme,Xtreme,"[""Xtreme"", ""Gemini"", ""Ilias"", ""Mytikas"", ""Denom""]","[0.9522889852523804, 0.5760371685028076, 0.12811315059661865, 0.06201045960187912, 0.02305188775062561]"
1,centroid,1,576,Xtreme,Xtreme,"[""Xtreme"", ""Gemini"", ""Hawk"", ""Steel_Wheel"", ""Braga""]","[0.8318946957588196, 0.5238345861434937, 0.2836951017379761, 0.17584887146949768, 0.11523875594139099]"
1,centroid,1,577,Xtreme,Xtreme,"[""Xtreme"", ""Braga"", ""Mytikas"", ""Castor"", ""Gemini""]","[0.7150231599807739, 0.3870668411254883, 0.3230385184288025, 0.3134397864341736, 0.2844138741493225]"
1,centroid,1,578,Xtreme,Xtreme,"[""Xtreme"", ""Gemini"", ""Steel_Wheel"", ""Denom"", ""Ilias""]","[0.9504815936088562, 0.4613765478134155, 0.17381560802459717, 0.1225903183221817, 0.11551199853420258]"
1,centroid,1,579,Xtreme,Xtreme,"[""Xtreme"", ""Gemini"", ""Steel_Wheel"", ""Velorum"", ""Braga""]","[0.9501883387565613, 0.46073397994041443, 0.08470968902111053, 0.022992605343461037, -0.013372459448873997]"
1,centroid,1,580,Xtreme,Xtreme,"[""Xtreme"", ""Gemini"", ""Triton"", ""Mytikas"", ""Trius""]","[0.881839394569397, 0.5557381510734558, 0.22682932019233704, 0.19331172108650208, 0.13993901014328003]"
1,centroid,1,581,Xtreme,Xtreme,"[""Xtreme"", ""Gemini"", ""Ilias"", ""Steel_Wheel"", ""Denom""]","[0.9195941686630249, 0.5936390161514282, 0.1505209505558014, 0.0641680508852005, -0.006760232150554657]"
1,centroid,1,582,Xtreme,Xtreme,"[""Xtreme"", ""Gemini"", ""Ilias"", ""Steel_Wheel"", ""Velorum""]","[0.8366473913192749, 0.4191857576370239, 0.30640709400177, 0.08985305577516556, 0.05490804463624954]"
1,centroid,1,583,Xtreme,Xtreme,"[""Xtreme"", ""Gemini"", ""Velorum"", ""Steel_Wheel"", ""Mytikas""]","[0.8870407342910767, 0.30006495118141174, 0.1288781464099884, 0.10655465722084045, 0.04165907949209213]"
1,centroid,1,584,Xtreme,Xtreme,"[""Xtreme"", ""Gemini"", ""Velorum"", ""Trius"", ""Steel_Wheel""]","[0.9120982885360718, 0.5312778353691101, 0.16906194388866425, 0.15725114941596985, 0.10223217308521271]"
1,centroid,1,585,Xtreme,Xtreme,"[""Xtreme"", ""Gemini"", ""Steel_Wheel"", ""Denom"", ""Braga""]","[0.9476480484008789, 0.5943927764892578, 0.07470978051424026, 0.01015406847000122, -0.041872233152389526]"
1,centroid,1,586,Xtreme,Xtreme,"[""Xtreme"", ""Gemini"", ""Trius"", ""Velorum"", ""Braga""]","[0.6881063580513, 0.5809866786003113, 0.4948864281177521, 0.28712302446365356, 0.2569415867328644]"
1,centroid,1,587,Xtreme,Xtreme,"[""Xtreme"", ""Gemini"", ""Mytikas"", ""Ilias"", ""Velorum""]","[0.854413628578186, 0.27803248167037964, 0.22325018048286438, 0.14966055750846863, 0.09848657250404358]"
1,centroid,1,588,Xtreme,Xtreme,"[""Xtreme"", ""Gemini"", ""Hawk"", ""Steel_Wheel"", ""Velorum""]","[0.9157930016517639, 0.5085863471031189, 0.134486585855484, 0.13330888748168945, 0.02277766540646553]"
1,centroid,1,589,Xtreme,Xtreme,"[""Xtreme"", ""Gemini"", ""Steel_Wheel"", ""Mytikas"", ""Hawk""]","[0.9213700294494629, 0.36432385444641113, 0.1458159238100052, 0.14183838665485382, 0.07103700935840607]"
1,centroid,1,590,Xtreme,Xtreme,"[""Xtreme"", ""Gemini"", ""Velorum"", ""Steel_Wheel"", ""Ilias""]","[0.9348700046539307, 0.484721302986145, 0.0882328599691391, 0.06229563429951668, 0.026926150545477867]"
1,centroid,1,591,Xtreme,Xtreme,"[""Xtreme"", ""Gemini"", ""Steel_Wheel"", ""Velorum"", ""Denom""]","[0.9445151686668396, 0.4393090009689331, 0.2089877724647522, 0.13643941283226013, 0.05271412432193756]"
1,centroid,1,592,Xtreme,Xtreme,"[""Xtreme"", ""Gemini"", ""Steel_Wheel"", ""Mytikas"", ""Braga""]","[0.9058939814567566, 0.261945903301239, 0.0996881052851677, 0.031429141759872437, 0.012141535058617592]"
1,centroid,1,593,Xtreme,Xtreme,"[""Xtreme"", ""Gemini"", ""Steel_Wheel"", ""Ilias"", ""Velorum""]","[0.9622789621353149, 0.5035619735717773, 0.0938897579908371, 0.05129149928689003, -0.007720140740275383]"
1,centroid,1,594,Xtreme,Xtreme,"[""Xtreme"", ""Gemini"", ""Steel_Wheel"", ""Ilias"", ""Velorum""]","[0.950888991355896, 0.3989221453666687, 0.1702033281326294, 0.092124804854393, 0.09128732979297638]"
1,centroid,1,595,Xtreme,Xtreme,"[""Xtreme"", ""Gemini"", ""Denom"", ""Steel_Wheel"", ""Ilias""]","[0.942157506942749, 0.5932380557060242, 0.12648062407970428, 0.10650557279586792, 0.028813954442739487]"
1,centroid,1,596,Xtreme,Xtreme,"[""Xtreme"", ""Gemini"", ""Steel_Wheel"", ""Ilias"", ""Braga""]","[0.9641106724739075, 0.5665888786315918, 0.06034749373793602, 0.03288204222917557, 0.010826108045876026]"
1,centroid,1,597,Xtreme,Xtreme,"[""Xtreme"", ""Gemini"", ""Steel_Wheel"", ""Denom"", ""Ilias""]","[0.9512925744056702, 0.4989558160305023, 0.1919361650943756, 0.04174856096506119, 0.015691334381699562]"
1,centroid,1,598,Xtreme,Xtreme,"[""Xtreme"", ""Gemini"", ""Velorum"", ""Hawk"", ""Trius""]","[0.8215634822845459, 0.46231573820114136, 0.34788307547569275, 0.12919634580612183, 0.12457039952278137]"
1,centroid,1,599,Xtreme,Xtreme,"[""Xtreme"", ""Gemini"", ""Steel_Wheel"", ""Nivalis"", ""Denom""]","[0.9203405380249023, 0.396154522895813, 0.2427685409784317, 0.05484021082520485, 0.04772248491644859]"
1,centroid,1,600,Xtreme,Xtreme,"[""Xtreme"", ""Gemini"", ""Steel_Wheel"", ""Mytikas"", ""Trius""]","[0.9498407244682312, 0.5596017837524414, 0.08978317677974701, -0.056512631475925446, -0.0774514451622963]"
1,centroid,1,601,Xtreme,Xtreme,"[""Xtreme"", ""Gemini"", ""Trius"", ""Mytikas"", ""Steel_Wheel""]","[0.8960448503494263, 0.5949183702468872, 0.2033010721206665, 0.17966929078102112, 0.16694989800453186]"
1,centroid,1,602,Xtreme,Xtreme,"[""Xtreme"", ""Gemini"", ""Ilias"", ""Velorum"", ""Steel_Wheel""]","[0.9448776841163635, 0.4634746313095093, 0.13745903968811035, 0.1087818443775177, 0.08281731605529785]"
1,centroid,1,603,Xtreme,Xtreme,"[""Xtreme"", ""Gemini"", ""Steel_Wheel"", ""Velorum"", ""Denom""]","[0.9536561369895935, 0.393937349319458, 0.13624490797519684, 0.022921882569789886, 0.009141910821199417]"
1,centroid,1,604,Xtreme,Xtreme,"[""Xtreme"", ""Gemini"", ""Steel_Wheel"", ""Velorum"", ""Mytikas""]","[0.9179290533065796, 0.3096851110458374, 0.2813212275505066, 0.10160158574581146, 0.0608251616358757]"
1,centroid,1,605,Xtreme,Xtreme,"[""Xtreme"", ""Gemini"", ""Braga"", ""Steel_Wheel"", ""Hawk""]","[0.923751175403595, 0.40017884969711304, 0.11946548521518707, 0.11794675886631012, 0.08878649771213531]"
1,centroid,1,606,Xtreme,Xtreme,"[""Xtreme"", ""Gemini"", ""Steel_Wheel"", ""Velorum"", ""Hawk""]","[0.8032398819923401, 0.25070032477378845, 0.1933254599571228, 0.13025078177452087, 0.021748971194028854]"
1,centroid,1,607,Xtreme,Xtreme,"[""Xtreme"", ""Gemini"", ""Steel_Wheel"", ""Ilias"", ""Denom""]","[0.965472400188446, 0.518273115158081, 0.16582447290420532, 0.0814613401889801, -0.005564872175455093]"
1,centroid,1,608,Xtreme,Xtreme,"[""Xtreme"", ""Gemini"", ""Ilias"", ""Mytikas"", ""Velorum""]","[0.8816293478012085, 0.34676873683929443, 0.17224518954753876, 0.12984740734100342, 0.09796522557735443]"
1,centroid,1,609,Xtreme,Xtreme,"[""Xtreme"", ""Gemini"", ""Ilias"", ""Steel_Wheel"", ""Velorum""]","[0.868695855140686, 0.22616401314735413, 0.1681610345840454, 0.12114261090755463, 0.08397036045789719]"
1,centroid,1,610,Xtreme,Xtreme,"[""Xtreme"", ""Mytikas"", ""Gemini"", ""Triton"", ""Steel_Wheel""]","[0.8728386163711548, 0.31740182638168335, 0.3119604289531708, 0.13744749128818512, 0.11545799672603607]"
1,centroid,1,611,Xtreme,Xtreme,"[""Xtreme"", ""Gemini"", ""Nivalis"", ""Steel_Wheel"", ""Velorum""]","[0.8638598322868347, 0.4666646122932434, 0.10658590495586395, 0.09549898654222488, 0.0484967865049839]"
2,centroid,1,0,Alaris,Alaris,"[""Alaris"", ""Alcatras"", ""Hawk"", ""Trius"", ""Vega""]","[0.9037264585494995, 0.7210694551467896, 0.5607300996780396, 0.5001789331436157, 0.4661853015422821]"
2,centroid,1,1,Alaris,Alaris,"[""Alaris"", ""Alcatras"", ""Trius"", ""Hawk"", ""Braga""]","[0.9502642154693604, 0.7864171266555786, 0.4854933023452759, 0.3764815330505371, 0.3655901551246643]"
2,centroid,1,2,Alaris,Alaris,"[""Alaris"", ""Alcatras"", ""Hawk"", ""Turbine"", ""Vega""]","[0.694442093372345, 0.5309557914733887, 0.3590804636478424, 0.28117460012435913, 0.1547553837299347]"
2,centroid,1,3,Alaris,Alaris,"[""Alaris"", ""Alcatras"", ""Trius"", ""Hawk"", ""Braga""]","[0.9092437028884888, 0.7800412178039551, 0.5571423768997192, 0.49364733695983887, 0.4557623863220215]"
2,centroid,1,4,Alaris,Alaris,"[""Alaris"", ""Alcatras"", ""Vega"", ""Braga"", ""Hawk""]","[0.8850134611129761, 0.6295507550239563, 0.6240063905715942, 0.5152077078819275, 0.5105715990066528]"
2,centroid,1,5,Alaris,Alaris,"[""Alaris"", ""Trius"", ""Alcatras"", ""Vega"", ""Braga""]","[0.8693464398384094, 0.6372382044792175, 0.6320081949234009, 0.5630761981010437, 0.48996850848197937]"
2,centroid,1,6,Alaris,Alaris,"[""Alaris"", ""Vega"", ""Braga"", ""Alcatras"", ""Trius""]","[0.7983083724975586, 0.555728554725647, 0.5291619300842285, 0.5227582454681396, 0.5153367519378662]"
2,centroid,1,7,Alaris,Alaris,"[""Alaris"", ""Trius"", ""Alcatras"", ""Braga"", ""Vega""]","[0.8161836862564087, 0.676296591758728, 0.6391562819480896, 0.47728586196899414, 0.4502544105052948]"
2,centroid,1,8,Alaris,Alaris,"[""Alaris"", ""Alcatras"", ""Vega"", ""Braga"", ""Turbine""]","[0.9099689722061157, 0.6620850563049316, 0.4422032833099365, 0.3906251788139343, 0.3436523675918579]"
2,centroid,1,9,Alaris,Alaris,"[""Alaris"", ""Alcatras"", ""Turbine"", ""Hawk"", ""Braga""]","[0.940528392791748, 0.8053172826766968, 0.5192556381225586, 0.47533145546913147, 0.46366018056869507]"
2,centroid,1,10,Alaris,Alaris,"[""Alaris"", ""Vega"", ""Alcatras"", ""Turbine"", ""Hawk""]","[0.5550285577774048, 0.3965109884738922, 0.39231616258621216, 0.38443586230278015, 0.38288217782974243]"
2,centroid,1,11,Alaris,Alaris,"[""Alaris"", ""Alcatras"", ""Hawk"", ""Trius"", ""Braga""]","[0.9009335041046143, 0.7925336360931396, 0.5389592051506042, 0.49614906311035156, 0.4367583990097046]"
2,centroid,1,12,Alaris,Alaris,"[""Alaris"", ""Alcatras"", ""Braga"", ""Trius"", ""Castor""]","[0.9268782138824463, 0.8129231929779053, 0.39274483919143677, 0.3855398893356323, 0.3444329500198364]"
2,centroid,1,13,Alaris,Alaris,"[""Alaris"", ""Alcatras"", ""Trius"", ""Vega"", ""Braga""]","[0.9194145202636719, 0.7183564901351929, 0.4291037321090698, 0.37739652395248413, 0.37621742486953735]"
2,centroid,1,14,Alaris,Alaris,"[""Alaris"", ""Alcatras"", ""Vega"", ""Turbine"", ""Hawk""]","[0.7519621253013611, 0.6971906423568726, 0.43667834997177124, 0.424985408782959, 0.3974230885505676]"
2,centroid,1,15,Alaris,Alaris,"[""Alaris"", ""Alcatras"", ""Turbine"", ""Vega"", ""Castor""]","[0.8461507558822632, 0.6979537010192871, 0.4444957673549652, 0.2829817533493042, 0.27509450912475586]"
2,centroid,1,16,Alaris,Alaris,"[""Alaris"", ""Alcatras"", ""Vega"", ""Hawk"", ""Trius""]","[0.9371547102928162, 0.750909686088562, 0.48346495628356934, 0.4171311855316162, 0.3900601267814636]"
2,centroid,1,17,Alaris,Alaris,"[""Alaris"", ""Alcatras"", ""Braga"", ""Hawk"", ""Turbine""]","[0.9494444131851196, 0.8740691542625427, 0.5257961750030518, 0.5102932453155518, 0.4765948951244354]"
2,centroid,1,18,Alaris,Alaris,"[""Alaris"", ""Alcatras"", ""Vega"", ""Hawk"", ""Trius""]","[0.8632204532623291, 0.6900639533996582, 0.5305144786834717, 0.4970800280570984, 0.49488216638565063]"
2,centroid,1,19,Alaris,Alaris,"[""Alaris"", ""Alcatras"", ""Hawk"", ""Turbine"", ""Vega""]","[0.9010578393936157, 0.6915032267570496, 0.4389021396636963, 0.4289851784706116, 0.3564838767051697]"
2,centroid,1,20,Alaris,Alcatras,"[""Alcatras"", ""Alaris"", ""Trius"", ""Castor"", ""Mytikas""]","[0.8656716346740723, 0.7780855894088745, 0.6459345817565918, 0.6325249671936035, 0.5675919651985168]"
2,centroid,1,21,Alaris,Alaris,"[""Alaris"", ""Alcatras"", ""Braga"", ""Trius"", ""Turbine""]","[0.9261293411254883, 0.8947000503540039, 0.6334781646728516, 0.53369140625, 0.47547200322151184]"
2,centroid,1,22,Alaris,Alaris,"[""Alaris"", ""Alcatras"", ""Hawk"", ""Turbine"", ""Vega""]","[0.8426839113235474, 0.6084550619125366, 0.5917053818702698, 0.45642566680908203, 0.38032275438308716]"
2,centroid,1,23,Alaris,Alcatras,"[""Alcatras"", ""Alaris"", ""Trius"", ""Mytikas"", ""Braga""]","[0.8451476097106934, 0.7997083067893982, 0.6755622029304504, 0.5649535059928894, 0.49175703525543213]"
2,centroid,1,24,Alaris,Alaris,"[""Alaris"", ""Alcatras"", ""Turbine"", ""Trius"", ""Braga""]","[0.8514775037765503, 0.7007051706314087, 0.4591357111930847, 0.397644579410553, 0.3377516567707062]"
2,centroid,1,25,Alaris,Alaris,"[""Alaris"", ""Vega"", ""Turbine"", ""Alcatras"", ""Braga""]","[0.7393879890441895, 0.5235059857368469, 0.43566712737083435, 0.40448904037475586, 0.27944105863571167]"
2,centroid,1,26,Alaris,Alaris,"[""Alaris"", ""Alcatras"", ""Hawk"", ""Vega"", ""Trius""]","[0.9124011993408203, 0.6527166366577148, 0.48172977566719055, 0.45913371443748474, 0.40937525033950806]"
2,centroid,1,27,Alaris,Alaris,"[""Alaris"", ""Alcatras"", ""Trius"", ""Turbine"", ""Braga""]","[0.826579749584198, 0.69673752784729, 0.5347968339920044, 0.4499242901802063, 0.4168150722980499]"
2,centroid,1,28,Alcatras,Alcatras,"[""Alcatras"", ""Alaris"", ""Castor"", ""Trius"", ""Mytikas""]","[0.8408240079879761, 0.7588592171669006, 0.6056698560714722, 0.4756736159324646, 0.4640823006629944]"
2,centroid,1,29,Alcatras,Alcatras,"[""Alcatras"", ""Braga"", ""Alaris"", ""Trius"", ""Hawk""]","[0.8670946955680847, 0.7043976187705994, 0.691547155380249, 0.5712140798568726, 0.5260682702064514]"
2,centroid,1,30,Alcatras,Alcatras,"[""Alcatras"", ""Castor"", ""Alaris"", ""Mytikas"", ""Velorum""]","[0.8192180395126343, 0.589153528213501, 0.5491368770599365, 0.42024916410446167, 0.4163637161254883]"
2,centroid,1,31,Alcatras,Alcatras,"[""Alcatras"", ""Alaris"", ""Braga"", ""Castor"", ""Trius""]","[0.912474513053894, 0.6979007720947266, 0.6557872891426086, 0.5632926225662231, 0.5392606854438782]"
2,centroid,1,32,Alcatras,Alcatras,"[""Alcatras"", ""Alaris"", ""Braga"", ""Hawk"", ""Turbine""]","[0.8797408938407898, 0.7637302875518799, 0.6240121126174927, 0.6156103014945984, 0.5707179307937622]"
2,centroid,1,33,Alcatras,Castor,"[""Castor"", ""Alcatras"", ""Turbine"", ""Mytikas"", ""Braga""]","[0.8557194471359253, 0.7177260518074036, 0.619234025478363, 0.5824980735778809, 0.576462984085083]"
2,centroid,1,34,Alcatras,Alcatras,"[""Alcatras"", ""Mytikas"", ""Castor"", ""Triton"", ""Trius""]","[0.7453104257583618, 0.7165724635124207, 0.6936905384063721, 0.49378859996795654, 0.46376076340675354]"
2,centroid,1,35,Alcatras,Alcatras,"[""Alcatras"", ""Alaris"", ""Braga"", ""Castor"", ""Hawk""]","[0.8653233647346497, 0.7958811521530151, 0.6376546621322632, 0.5849446058273315, 0.5505921840667725]"
2,centroid,1,36,Alcatras,Alcatras,"[""Alcatras"", ""Castor"", ""Alaris"", ""Turbine"", ""Mytikas""]","[0.801160454750061, 0.7349234223365784, 0.6563546657562256, 0.6547926664352417, 0.5709900856018066]"
2,centroid,1,37,Alcatras,Alcatras,"[""Alcatras"", ""Alaris"", ""Trius"", ""Braga"", ""Castor""]","[0.874995231628418, 0.8052221536636353, 0.677135169506073, 0.6444534063339233, 0.5194556713104248]"
2,centroid,1,38,Alcatras,Alaris,"[""Alaris"", ""Hawk"", ""Gemini"", ""Alcatras"", ""Vega""]","[0.5092870593070984, 0.5009055137634277, 0.49637943506240845, 0.4550729990005493, 0.30189090967178345]"
2,centroid,1,39,Alcatras,Castor,"[""Castor"", ""Mytikas"", ""Alcatras"", ""Triton"", ""Velorum""]","[0.7767943143844604, 0.5666617155075073, 0.5578863620758057, 0.42693886160850525, 0.34942537546157837]"
2,centroid,1,40,Alcatras,Alcatras,"[""Alcatras"", ""Alaris"", ""Castor"", ""Trius"", ""Braga""]","[0.934018075466156, 0.7097312211990356, 0.6156942844390869, 0.5264924764633179, 0.5061893463134766]"
2,centroid,1,41,Alcatras,Alcatras,"[""Alcatras"", ""Alaris"", ""Braga"", ""Castor"", ""Mytikas""]","[0.8982323408126831, 0.7431507706642151, 0.6106138825416565, 0.5766520500183105, 0.5738221406936646]"
2,centroid,1,42,Alcatras,Alcatras,"[""Alcatras"", ""Alaris"", ""Turbine"", ""Braga"", ""Castor""]","[0.8112531900405884, 0.7568081617355347, 0.5082812905311584, 0.49407637119293213, 0.3951244354248047]"
2,centroid,1,43,Alcatras,Castor,"[""Castor"", ""Alcatras"", ""Turbine"", ""Mytikas"", ""Triton""]","[0.7465966939926147, 0.7332940101623535, 0.6301274299621582, 0.5941340327262878, 0.5241585373878479]"
2,centroid,1,44,Alcatras,Alcatras,"[""Alcatras"", ""Alaris"", ""Castor"", ""Turbine"", ""Mytikas""]","[0.8161492347717285, 0.6359671354293823, 0.5934706926345825, 0.5546489953994751, 0.5374345779418945]"
2,centroid,1,45,Alcatras,Alcatras,"[""Alcatras"", ""Braga"", ""Alaris"", ""Mytikas"", ""Castor""]","[0.8598111271858215, 0.6867105960845947, 0.6792868971824646, 0.6738686561584473, 0.6212990880012512]"
2,centroid,1,46,Alcatras,Alcatras,"[""Alcatras"", ""Braga"", ""Alaris"", ""Castor"", ""Trius""]","[0.8958403468132019, 0.7140496969223022, 0.7024130821228027, 0.6371487975120544, 0.5691515207290649]"
2,centroid,1,47,Alcatras,Castor,"[""Castor"", ""Mytikas"", ""Alcatras"", ""Braga"", ""Triton""]","[0.8218712210655212, 0.788122296333313, 0.7419631481170654, 0.7184420824050903, 0.6827268600463867]"
2,centroid,1,48,Alcatras,Alcatras,"[""Alcatras"", ""Alaris"", ""Castor"", ""Braga"", ""Mytikas""]","[0.9481666088104248, 0.7923505306243896, 0.6541107892990112, 0.6307905912399292, 0.5823974013328552]"
2,centroid,1,49,Alcatras,Alcatras,"[""Alcatras"", ""Alaris"", ""Vega"", ""Velorum"", ""Hawk""]","[0.60691237449646, 0.42439940571784973, 0.4038390815258026, 0.3822152316570282, 0.33468371629714966]"
2,centroid,1,50,Alcatras,Alcatras,"[""Alcatras"", ""Alaris"", ""Braga"", ""Hawk"", ""Castor""]","[0.8559720516204834, 0.8220899701118469, 0.5400440692901611, 0.5180734992027283, 0.4275849461555481]"
2,centroid,1,51,Alcatras,Alcatras,"[""Alcatras"", ""Alaris"", ""Castor"", ""Braga"", ""Hawk""]","[0.9132190942764282, 0.8045787811279297, 0.5612959861755371, 0.5424989461898804, 0.4364987313747406]"
2,centroid,1,52,Alcatras,Alcatras,"[""Alcatras"", ""Alaris"", ""Castor"", ""Trius"", ""Mytikas""]","[0.861234724521637, 0.6115217804908752, 0.5891774296760559, 0.5877926349639893, 0.5693231821060181]"
2,centroid,1,53,Alcatras,Alaris,"[""Alaris"", ""Alcatras"", ""Turbine"", ""Castor"", ""Braga""]","[0.8610765933990479, 0.8512216806411743, 0.5041113495826721, 0.49329674243927, 0.4352855086326599]"
2,centroid,1,54,Braga,Alaris,"[""Alaris"", ""Braga"", ""Alcatras"", ""Hawk"", ""Turbine""]","[0.7709851264953613, 0.7335155606269836, 0.6700164675712585, 0.6148490905761719, 0.5493725538253784]"
2,centroid,1,55,Braga,Braga,"[""Braga"", ""Triton"", ""Mytikas"", ""Turbine"", ""Hawk""]","[0.8458707332611084, 0.638418436050415, 0.6214917898178101, 0.5881819128990173, 0.47359499335289]"
2,centroid,1,56,Braga,Alcatras,"[""Alcatras"", ""Alaris"", ""Braga"", ""Castor"", ""Trius""]","[0.8925708532333374, 0.7769393920898438, 0.7107152938842773, 0.63904869556427, 0.6312960386276245]"
2,centroid,1,57,Braga,Braga,"[""Braga"", ""Vega"", ""Gemini"", ""Triton"", ""Trius""]","[0.7571365833282471, 0.5045719742774963, 0.4648279547691345, 0.4515734016895294, 0.44898438453674316]"
2,centroid,1,58,Braga,Braga,"[""Braga"", ""Alcatras"", ""Castor"", ""Trius"", ""Triton""]","[0.8160815834999084, 0.6900836229324341, 0.6852463483810425, 0.6808182001113892, 0.5941649675369263]"
2,centroid,1,59,Braga,Braga,"[""Braga"", ""Castor"", ""Alcatras"", ""Trius"", ""Turbine""]","[0.9041166305541992, 0.7721410989761353, 0.6709704399108887, 0.6351481676101685, 0.6317524909973145]"
2,centroid,1,60,Braga,Braga,"[""Braga"", ""Turbine"", ""Hawk"", ""Gemini"", ""Vega""]","[0.8414933681488037, 0.6511560678482056, 0.5985593795776367, 0.5241121053695679, 0.4615756869316101]"
2,centroid,1,61,Braga,Gemini,"[""Gemini"", ""Braga"", ""Xtreme"", ""Hawk"", ""Vega""]","[0.7119588851928711, 0.6673264503479004, 0.6267452836036682, 0.4413761794567108, 0.41188302636146545]"
2,centroid,1,62,Braga,Turbine,"[""Turbine"", ""Braga"", ""Hawk"", ""Castor"", ""Alcatras""]","[0.6094505190849304, 0.5267954468727112, 0.46622854471206665, 0.4432511627674103, 0.41429829597473145]"
2,centroid,1,63,Braga,Braga,"[""Braga"", ""Alaris"", ""Alcatras"", ""Turbine"", ""Castor""]","[0.8216893672943115, 0.720122218132019, 0.704194188117981, 0.6960009336471558, 0.6378388404846191]"
2,centroid,1,64,Braga,Braga,"[""Braga"", ""Trius"", ""Gemini"", ""Vega"", ""Alaris""]","[0.9153761267662048, 0.7025860548019409, 0.6216362714767456, 0.5942371487617493, 0.5531140565872192]"
2,centroid,1,65,Braga,Alcatras,"[""Alcatras"", ""Braga"", ""Alaris"", ""Turbine"", ""Hawk""]","[0.6829527020454407, 0.6363404989242554, 0.6268050670623779, 0.6151838302612305, 0.5664125084877014]"
2,centroid,1,66,Braga,Braga,"[""Braga"", ""Trius"", ""Triton"", ""Mytikas"", ""Alcatras""]","[0.8893675208091736, 0.7987282276153564, 0.7813411951065063, 0.6664294004440308, 0.5669058561325073]"
2,centroid,1,67,Braga,Braga,"[""Braga"", ""Triton"", ""Alcatras"", ""Alaris"", ""Trius""]","[0.9050992727279663, 0.625609815120697, 0.6225404739379883, 0.6161108016967773, 0.6156991720199585]"
2,centroid,1,68,Braga,Braga,"[""Braga"", ""Castor"", ""Turbine"", ""Alcatras"", ""Hawk""]","[0.8958604335784912, 0.5450118780136108, 0.5100823640823364, 0.5072008371353149, 0.49478450417518616]"
2,centroid,1,69,Braga,Braga,"[""Braga"", ""Trius"", ""Triton"", ""Mytikas"", ""Castor""]","[0.8705918788909912, 0.7326624393463135, 0.7191275954246521, 0.6999989748001099, 0.671003520488739]"
2,centroid,1,70,Braga,Braga,"[""Braga"", ""Trius"", ""Triton"", ""Mytikas"", ""Alcatras""]","[0.9348694682121277, 0.6876950860023499, 0.6759185194969177, 0.6254411935806274, 0.5678160190582275]"
2,centroid,1,71,Braga,Braga,"[""Braga"", ""Trius"", ""Turbine"", ""Alaris"", ""Hawk""]","[0.8882696628570557, 0.6330607533454895, 0.5672301054000854, 0.5600717663764954, 0.5563129186630249]"
2,centroid,1,72,Braga,Braga,"[""Braga"", ""Triton"", ""Vega"", ""Mytikas"", ""Castor""]","[0.757401168346405, 0.6049902439117432, 0.5260134339332581, 0.48315292596817017, 0.4489576518535614]"
2,centroid,1,73,Braga,Braga,"[""Braga"", ""Hawk"", ""Vega"", ""Gemini"", ""Turbine""]","[0.7429044842720032, 0.6922310590744019, 0.603351354598999, 0.5851829648017883, 0.4062783718109131]"
2,centroid,1,74,Braga,Braga,"[""Braga"", ""Turbine"", ""Gemini"", ""Alcatras"", ""Hawk""]","[0.8433796167373657, 0.5332208871841431, 0.5180798172950745, 0.498357892036438, 0.48421740531921387]"
2,centroid,1,75,Braga,Braga,"[""Braga"", ""Alcatras"", ""Alaris"", ""Castor"", ""Trius""]","[0.8377436399459839, 0.730910062789917, 0.6618417501449585, 0.5850726962089539, 0.4676145613193512]"
2,centroid,1,76,Braga,Braga,"[""Braga"", ""Trius"", ""Vega"", ""Hawk"", ""Alaris""]","[0.8172441720962524, 0.630405604839325, 0.6168392896652222, 0.5705184936523438, 0.557996392250061]"
2,centroid,1,77,Braga,Braga,"[""Braga"", ""Alaris"", ""Alcatras"", ""Trius"", ""Turbine""]","[0.9015438556671143, 0.6856752634048462, 0.6430803537368774, 0.5653417110443115, 0.42235511541366577]"
2,centroid,1,78,Braga,Braga,"[""Braga"", ""Trius"", ""Triton"", ""Hawk"", ""Mytikas""]","[0.8796507716178894, 0.6079679727554321, 0.6025509834289551, 0.5816256403923035, 0.57039874792099]"
2,centroid,1,79,Braga,Triton,"[""Triton"", ""Trius"", ""Braga"", ""Mytikas"", ""Alcatras""]","[0.8396100997924805, 0.8338720202445984, 0.790119469165802, 0.5966716408729553, 0.5382375717163086]"
2,centroid,1,80,Braga,Braga,"[""Braga"", ""Gemini"", ""Triton"", ""Vega"", ""Mytikas""]","[0.8184218406677246, 0.6231878995895386, 0.5495926141738892, 0.5074470043182373, 0.4427814483642578]"
2,centroid,1,81,Braga,Braga,"[""Braga"", ""Hawk"", ""Vega"", ""Gemini"", ""Turbine""]","[0.74274742603302, 0.6284388303756714, 0.5988812446594238, 0.5426890254020691, 0.4379650950431824]"
2,centroid,1,82,Braga,Braga,"[""Braga"", ""Trius"", ""Triton"", ""Alcatras"", ""Castor""]","[0.9464370608329773, 0.6521849632263184, 0.6323825120925903, 0.5913339853286743, 0.5678818225860596]"
2,centroid,1,83,Braga,Braga,"[""Braga"", ""Castor"", ""Mytikas"", ""Triton"", ""Trius""]","[0.8491142988204956, 0.8004368543624878, 0.7181370258331299, 0.6890276074409485, 0.6532922983169556]"
2,centroid,1,84,Braga,Castor,"[""Castor"", ""Alcatras"", ""Alaris"", ""Braga"", ""Turbine""]","[0.8212125301361084, 0.7817933559417725, 0.6017140746116638, 0.587644100189209, 0.5689979791641235]"
2,centroid,1,85,Braga,Braga,"[""Braga"", ""Trius"", ""Triton"", ""Castor"", ""Alaris""]","[0.8280012607574463, 0.7075848579406738, 0.5798516273498535, 0.464682936668396, 0.4485306739807129]"
2,centroid,1,86,Braga,Braga,"[""Braga"", ""Trius"", ""Gemini"", ""Triton"", ""Alcatras""]","[0.9225355982780457, 0.6153398752212524, 0.5835694074630737, 0.4987720251083374, 0.4422864019870758]"
2,centroid,1,87,Braga,Braga,"[""Braga"", ""Triton"", ""Trius"", ""Castor"", ""Mytikas""]","[0.9075088500976562, 0.7630500793457031, 0.6823812127113342, 0.6523207426071167, 0.6210182309150696]"
2,centroid,1,88,Braga,Braga,"[""Braga"", ""Hawk"", ""Turbine"", ""Vega"", ""Gemini""]","[0.7658627033233643, 0.6178542375564575, 0.607275128364563, 0.5849984884262085, 0.5579863786697388]"
2,centroid,1,89,Braga,Braga,"[""Braga"", ""Gemini"", ""Hawk"", ""Trius"", ""Triton""]","[0.8265703320503235, 0.5173105001449585, 0.5094349384307861, 0.432746022939682, 0.41074836254119873]"
2,centroid,1,90,Braga,Braga,"[""Braga"", ""Turbine"", ""Castor"", ""Hawk"", ""Alcatras""]","[0.8874778151512146, 0.6178362965583801, 0.5990699529647827, 0.4990532100200653, 0.4888717234134674]"
2,centroid,1,91,Castor,Castor,"[""Castor"", ""Alcatras"", ""Turbine"", ""Braga"", ""Mytikas""]","[0.8933160901069641, 0.6703954935073853, 0.6474448442459106, 0.6060341000556946, 0.5597907304763794]"
2,centroid,1,92,Castor,Castor,"[""Castor"", ""Alcatras"", ""Turbine"", ""Braga"", ""Mytikas""]","[0.9522277116775513, 0.5571824312210083, 0.520389199256897, 0.5192761421203613, 0.4096483588218689]"
2,centroid,1,93,Castor,Castor,"[""Castor"", ""Triton"", ""Mytikas"", ""Turbine"", ""Braga""]","[0.8553178906440735, 0.6419769525527954, 0.6167382001876831, 0.45404693484306335, 0.4416440725326538]"
2,centroid,1,94,Castor,Castor,"[""Castor"", ""Braga"", ""Mytikas"", ""Alcatras"", ""Triton""]","[0.8574137687683105, 0.6986942291259766, 0.6571083068847656, 0.6481912136077881, 0.5839709043502808]"
2,centroid,1,95,Castor,Castor,"[""Castor"", ""Turbine"", ""Mytikas"", ""Alcatras"", ""Braga""]","[0.818028450012207, 0.5862833261489868, 0.46911734342575073, 0.4650455713272095, 0.4362858533859253]"
2,centroid,1,96,Castor,Castor,"[""Castor"", ""Turbine"", ""Alcatras"", ""Braga"", ""Alaris""]","[0.9298208951950073, 0.6814408898353577, 0.5911473035812378, 0.5382168889045715, 0.39570415019989014]"
2,centroid,1,97,Castor,Castor,"[""Castor"", ""Velorum"", ""Mytikas"", ""Triton"", ""Alcatras""]","[0.6992751359939575, 0.5017791390419006, 0.4952594041824341, 0.4653306305408478, 0.3729269504547119]"
2,centroid,1,98,Castor,Castor,"[""Castor"", ""Turbine"", ""Alcatras"", ""Braga"", ""Mytikas""]","[0.9459154605865479, 0.6162447929382324, 0.5280797481536865, 0.4635802209377289, 0.42609429359436035]"
2,centroid,1,99,Castor,Castor,"[""Castor"", ""Mytikas"", ""Braga"", ""Triton"", ""Turbine""]","[0.8996018171310425, 0.6091505289077759, 0.5242081880569458, 0.49372974038124084, 0.4748307466506958]"
2,centroid,1,100,Castor,Castor,"[""Castor"", ""Alcatras"", ""Turbine"", ""Mytikas"", ""Alaris""]","[0.9198728799819946, 0.6106764078140259, 0.4776912331581116, 0.46039384603500366, 0.37450408935546875]"
2,centroid,1,101,Castor,Castor,"[""Castor"", ""Turbine"", ""Alcatras"", ""Braga"", ""Mytikas""]","[0.9652571082115173, 0.6114075183868408, 0.5907501578330994, 0.4814268946647644, 0.4613729417324066]"
2,centroid,1,102,Castor,Castor,"[""Castor"", ""Alcatras"", ""Turbine"", ""Braga"", ""Alaris""]","[0.8990200757980347, 0.7124097347259521, 0.5779407024383545, 0.5307594537734985, 0.48327887058258057]"
2,centroid,1,103,Castor,Castor,"[""Castor"", ""Braga"", ""Triton"", ""Alcatras"", ""Mytikas""]","[0.7832830548286438, 0.5779352188110352, 0.5249572992324829, 0.5161142349243164, 0.5073533654212952]"
2,centroid,1,104,Castor,Castor,"[""Castor"", ""Alcatras"", ""Turbine"", ""Braga"", ""Mytikas""]","[0.8425306081771851, 0.5928387641906738, 0.5106883645057678, 0.4900948405265808, 0.4547065496444702]"
2,centroid,1,105,Castor,Castor,"[""Castor"", ""Mytikas"", ""Alcatras"", ""Triton"", ""Turbine""]","[0.8968086242675781, 0.5837780833244324, 0.5605958104133606, 0.5443360209465027, 0.5227053761482239]"
2,centroid,1,106,Castor,Castor,"[""Castor"", ""Alcatras"", ""Mytikas"", ""Turbine"", ""Braga""]","[0.9470682740211487, 0.6938360929489136, 0.6048855781555176, 0.5629213452339172, 0.5597151517868042]"
2,centroid,1,107,Castor,Castor,"[""Castor"", ""Alcatras"", ""Turbine"", ""Triton"", ""Braga""]","[0.8733313083648682, 0.4819357097148895, 0.4046840965747833, 0.38033902645111084, 0.3573969304561615]"
2,centroid,1,108,Castor,Castor,"[""Castor"", ""Turbine"", ""Alcatras"", ""Braga"", ""Alaris""]","[0.9281411170959473, 0.6514987945556641, 0.6037646532058716, 0.43132320046424866, 0.37567341327667236]"
2,centroid,1,109,Castor,Castor,"[""Castor"", ""Triton"", ""Mytikas"", ""Braga"", ""Turbine""]","[0.9009406566619873, 0.6665078997612, 0.6307055950164795, 0.6050212979316711, 0.5892837643623352]"
2,centroid,1,110,Castor,Castor,"[""Castor"", ""Turbine"", ""Mytikas"", ""Alcatras"", ""Braga""]","[0.8544036746025085, 0.6510401368141174, 0.5784381031990051, 0.5586937665939331, 0.41410693526268005]"
2,centroid,1,111,Castor,Castor,"[""Castor"", ""Turbine"", ""Alcatras"", ""Braga"", ""Mytikas""]","[0.9247829914093018, 0.7545719742774963, 0.659197211265564, 0.6204804182052612, 0.4973011314868927]"
2,centroid,1,112,Castor,Castor,"[""Castor"", ""Alcatras"", ""Turbine"", ""Braga"", ""Mytikas""]","[0.8387815952301025, 0.7971072793006897, 0.5855730772018433, 0.5314931869506836, 0.5221829414367676]"
2,centroid,1,113,Castor,Castor,"[""Castor"", ""Mytikas"", ""Alcatras"", ""Braga"", ""Triton""]","[0.9406981468200684, 0.5991420745849609, 0.5983535051345825, 0.5949732065200806, 0.5646952390670776]"
2,centroid,1,114,Castor,Castor,"[""Castor"", ""Mytikas"", ""Alcatras"", ""Braga"", ""Triton""]","[0.9241303205490112, 0.6627936363220215, 0.582960844039917, 0.4894118309020996, 0.4770444631576538]"
2,centroid,1,115,Castor,Castor,"[""Castor"", ""Mytikas"", ""Triton"", ""Alcatras"", ""Braga""]","[0.9359573125839233, 0.6543529629707336, 0.6138863563537598, 0.5505155324935913, 0.5181671380996704]"
2,centroid,1,116,Castor,Castor,"[""Castor"", ""Alcatras"", ""Braga"", ""Mytikas"", ""Turbine""]","[0.929696261882782, 0.5959398746490479, 0.5861639976501465, 0.4899272918701172, 0.48528456687927246]"
2,centroid,1,117,Castor,Castor,"[""Castor"", ""Alcatras"", ""Braga"", ""Turbine"", ""Mytikas""]","[0.9042097926139832, 0.7627025842666626, 0.5564737915992737, 0.5398939251899719, 0.4632124900817871]"
2,centroid,1,118,Castor,Castor,"[""Castor"", ""Alcatras"", ""Braga"", ""Turbine"", ""Mytikas""]","[0.9170258641242981, 0.6611784100532532, 0.5873438119888306, 0.5543448328971863, 0.5309260487556458]"
2,centroid,1,119,Castor,Castor,"[""Castor"", ""Turbine"", ""Triton"", ""Alcatras"", ""Braga""]","[0.9210072159767151, 0.4793061912059784, 0.47668397426605225, 0.4766539931297302, 0.4491025507450104]"
2,centroid,1,120,Castor,Castor,"[""Castor"", ""Alcatras"", ""Braga"", ""Mytikas"", ""Triton""]","[0.9181398749351501, 0.7290539741516113, 0.6493462324142456, 0.5601366758346558, 0.5022518634796143]"
2,centroid,1,121,Castor,Castor,"[""Castor"", ""Braga"", ""Triton"", ""Mytikas"", ""Turbine""]","[0.9280776977539062, 0.6375291347503662, 0.6209196448326111, 0.600480318069458, 0.5806972980499268]"
2,centroid,1,122,Castor,Castor,"[""Castor"", ""Alcatras"", ""Braga"", ""Mytikas"", ""Turbine""]","[0.8445103168487549, 0.8151872158050537, 0.7024072408676147, 0.63472980260849, 0.5351585149765015]"
2,centroid,1,123,Denom,Velorum,"[""Velorum"", ""Ilias"", ""Denom"", ""Nivalis"", ""Ratikon""]","[0.8468829989433289, 0.618032693862915, 0.5593876838684082, 0.5137661099433899, 0.34642264246940613]"
2,centroid,1,124,Denom,Ilias,"[""Ilias"", ""Velorum"", ""Denom"", ""Ratikon"", ""Nivalis""]","[0.7179931402206421, 0.6854715943336487, 0.6497864127159119, 0.5237926244735718, 0.455593466758728]"
2,centroid,1,125,Denom,Denom,"[""Denom"", ""Ratikon"", ""Nivalis"", ""Ilias"", ""Velorum""]","[0.9595990180969238, 0.7381808757781982, 0.6668024063110352, 0.6176820397377014, 0.29326385259628296]"
2,centroid,1,126,Denom,Denom,"[""Denom"", ""Ratikon"", ""Nivalis"", ""Ilias"", ""Velorum""]","[0.9641479849815369, 0.8473237752914429, 0.753650963306427, 0.6032074093818665, 0.24351638555526733]"
2,centroid,1,127,Denom,Denom,"[""Denom"", ""Nivalis"", ""Ratikon"", ""Xtreme"", ""Ilias""]","[0.781976580619812, 0.5890263319015503, 0.4834067225456238, 0.38477790355682373, 0.2845585346221924]"
2,centroid,1,128,Denom,Denom,"[""Denom"", ""Ratikon"", ""Ilias"", ""Nivalis"", ""Velorum""]","[0.8834149837493896, 0.7609736919403076, 0.5435713529586792, 0.4264736771583557, -0.026678306981921196]"
2,centroid,1,129,Denom,Denom,"[""Denom"", ""Ratikon"", ""Nivalis"", ""Ilias"", ""Velorum""]","[0.9544409513473511, 0.7756893634796143, 0.7432476282119751, 0.49810275435447693, 0.20890378952026367]"
2,centroid,1,130,Denom,Denom,"[""Denom"", ""Nivalis"", ""Ratikon"", ""Ilias"", ""Velorum""]","[0.9463188648223877, 0.6757229566574097, 0.6314652562141418, 0.5632747411727905, 0.37673521041870117]"
2,centroid,1,131,Denom,Denom,"[""Denom"", ""Ratikon"", ""Nivalis"", ""Ilias"", ""Velorum""]","[0.9650341868400574, 0.8176872730255127, 0.8072810173034668, 0.5739232301712036, 0.29254165291786194]"
2,centroid,1,132,Denom,Denom,"[""Denom"", ""Ratikon"", ""Nivalis"", ""Ilias"", ""Velorum""]","[0.9172995090484619, 0.7836086750030518, 0.6632663607597351, 0.5371688604354858, 0.18788498640060425]"
2,centroid,1,133,Denom,Denom,"[""Denom"", ""Ratikon"", ""Nivalis"", ""Ilias"", ""Vega""]","[0.847608208656311, 0.7942970991134644, 0.6859361529350281, 0.37124159932136536, -0.019609224051237106]"
2,centroid,1,134,Denom,Denom,"[""Denom"", ""Ratikon"", ""Nivalis"", ""Ilias"", ""Velorum""]","[0.8029224872589111, 0.7232263088226318, 0.5266658663749695, 0.23075804114341736, 0.026885293424129486]"
2,centroid,1,135,Denom,Ilias,"[""Ilias"", ""Denom"", ""Velorum"", ""Ratikon"", ""Nivalis""]","[0.7143975496292114, 0.6386146545410156, 0.5121150016784668, 0.4215407073497772, 0.32071101665496826]"
2,centroid,1,136,Denom,Denom,"[""Denom"", ""Nivalis"", ""Ratikon"", ""Ilias"", ""Velorum""]","[0.9557603001594543, 0.7776284217834473, 0.7309949994087219, 0.6634600162506104, 0.4094755947589874]"
2,centroid,1,137,Denom,Nivalis,"[""Nivalis"", ""Velorum"", ""Denom"", ""Ilias"", ""Ratikon""]","[0.6469209790229797, 0.5524052977561951, 0.5286011695861816, 0.4778740108013153, 0.42440077662467957]"
2,centroid,1,138,Denom,Ilias,"[""Ilias"", ""Denom"", ""Ratikon"", ""Velorum"", ""Nivalis""]","[0.7580243349075317, 0.7313474416732788, 0.5864038467407227, 0.5857288241386414, 0.4949207603931427]"
2,centroid,1,139,Denom,Denom,"[""Denom"", ""Ratikon"", ""Nivalis"", ""Ilias"", ""Velorum""]","[0.920912504196167, 0.7751694321632385, 0.7173102498054504, 0.5108335614204407, 0.07876681536436081]"
2,centroid,1,140,Denom,Denom,"[""Denom"", ""Nivalis"", ""Ratikon"", ""Ilias"", ""Velorum""]","[0.9356778264045715, 0.7441914081573486, 0.7145478129386902, 0.5549108982086182, 0.4030751585960388]"
2,centroid,1,141,Denom,Denom,"[""Denom"", ""Ilias"", ""Ratikon"", ""Nivalis"", ""Velorum""]","[0.9302489161491394, 0.685855507850647, 0.6638302206993103, 0.6520313620567322, 0.49639517068862915]"
2,centroid,1,142,Denom,Denom,"[""Denom"", ""Nivalis"", ""Ratikon"", ""Ilias"", ""Velorum""]","[0.8653732538223267, 0.7887736558914185, 0.725829005241394, 0.5691225528717041, 0.21839076280593872]"
2,centroid,1,143,Denom,Nivalis,"[""Nivalis"", ""Denom"", ""Ratikon"", ""Ilias"", ""Velorum""]","[0.7906330823898315, 0.7481401562690735, 0.5863679647445679, 0.38366949558258057, 0.13230864703655243]"
2,centroid,1,144,Denom,Denom,"[""Denom"", ""Ratikon"", ""Nivalis"", ""Ilias"", ""Velorum""]","[0.8706960678100586, 0.8406280279159546, 0.7209840416908264, 0.5490244626998901, 0.2312736213207245]"
2,centroid,1,145,Denom,Denom,"[""Denom"", ""Ratikon"", ""Nivalis"", ""Ilias"", ""Velorum""]","[0.8922504186630249, 0.6318756937980652, 0.5572906732559204, 0.27883073687553406, 0.12044462561607361]"
2,centroid,1,146,Denom,Nivalis,"[""Nivalis"", ""Denom"", ""Ratikon"", ""Ilias"", ""Xtreme""]","[0.7552609443664551, 0.6593055129051208, 0.636330783367157, 0.4234650433063507, 0.16926446557044983]"
2,centroid,1,147,Denom,Denom,"[""Denom"", ""Ratikon"", ""Nivalis"", ""Ilias"", ""Velorum""]","[0.9107552766799927, 0.8381144404411316, 0.7393098473548889, 0.7134590744972229, 0.31489336490631104]"
2,centroid,1,148,Denom,Denom,"[""Denom"", ""Nivalis"", ""Ratikon"", ""Ilias"", ""Velorum""]","[0.9198647737503052, 0.617271900177002, 0.6088333129882812, 0.4592939019203186, 0.2859063148498535]"
2,centroid,1,149,Denom,Denom,"[""Denom"", ""Ratikon"", ""Nivalis"", ""Ilias"", ""Velorum""]","[0.9333556890487671, 0.7918359637260437, 0.6727780103683472, 0.5075328946113586, 0.14321531355381012]"
2,centroid,1,150,Denom,Denom,"[""Denom"", ""Ratikon"", ""Nivalis"", ""Ilias"", ""Velorum""]","[0.8608295917510986, 0.8091530799865723, 0.5347964763641357, 0.43204694986343384, -0.013758659362792969]"
2,centroid,1,151,Denom,Denom,"[""Denom"", ""Nivalis"", ""Ratikon"", ""Ilias"", ""Velorum""]","[0.9224061965942383, 0.6836121082305908, 0.637603759765625, 0.6032776832580566, 0.4516969621181488]"
2,centroid,1,152,Denom,Denom,"[""Denom"", ""Ratikon"", ""Nivalis"", ""Ilias"", ""Steel_Wheel""]","[0.799291729927063, 0.7713636159896851, 0.5711749196052551, 0.4646836519241333, 0.17186501622200012]"
2,centroid,1,153,Denom,Denom,"[""Denom"", ""Ratikon"", ""Nivalis"", ""Ilias"", ""Gemini""]","[0.7181727886199951, 0.6260188221931458, 0.5895403623580933, 0.49758562445640564, 0.20263376832008362]"
2,centroid,1,154,Denom,Velorum,"[""Velorum"", ""Ilias"", ""Denom"", ""Ratikon"", ""Nivalis""]","[0.7881486415863037, 0.6399608850479126, 0.5513588190078735, 0.5273619294166565, 0.48187458515167236]"
2,centroid,1,155,Denom,Denom,"[""Denom"", ""Ratikon"", ""Nivalis"", ""Velorum"", ""Ilias""]","[0.8408798575401306, 0.7192343473434448, 0.7191221117973328, 0.651178240776062, 0.6339316368103027]"
2,centroid,1,156,Denom,Denom,"[""Denom"", ""Ratikon"", ""Ilias"", ""Nivalis"", ""Alaris""]","[0.7208715677261353, 0.64959317445755, 0.35418105125427246, 0.1946592777967453, -0.06539534032344818]"
2,centroid,1,157,Denom,Denom,"[""Denom"", ""Ratikon"", ""Nivalis"", ""Ilias"", ""Velorum""]","[0.9255223870277405, 0.8134998083114624, 0.6683741211891174, 0.49476388096809387, 0.12606891989707947]"
2,centroid,1,158,Denom,Denom,"[""Denom"", ""Ratikon"", ""Nivalis"", ""Ilias"", ""Velorum""]","[0.9529367685317993, 0.7439759373664856, 0.7015911340713501, 0.491147518157959, 0.1805737018585205]"
2,centroid,1,159,Denom,Denom,"[""Denom"", ""Nivalis"", ""Ratikon"", ""Ilias"", ""Velorum""]","[0.9458202123641968, 0.7064065933227539, 0.6824786067008972, 0.5262765288352966, 0.3587217926979065]"
2,centroid,1,160,Denom,Denom,"[""Denom"", ""Ratikon"", ""Nivalis"", ""Trius"", ""Ilias""]","[0.645296037197113, 0.5125492811203003, 0.46686267852783203, 0.39746910333633423, 0.22094881534576416]"
2,centroid,1,161,Gemini,Gemini,"[""Gemini"", ""Xtreme"", ""Vega"", ""Braga"", ""Trius""]","[0.9222009778022766, 0.6158684492111206, 0.44322919845581055, 0.4101148247718811, 0.3025292754173279]"
2,centroid,1,162,Gemini,Gemini,"[""Gemini"", ""Braga"", ""Trius"", ""Vega"", ""Triton""]","[0.8763653039932251, 0.5588226318359375, 0.5351682901382446, 0.5058519840240479, 0.4653250575065613]"
2,centroid,1,163,Gemini,Gemini,"[""Gemini"", ""Trius"", ""Braga"", ""Vega"", ""Xtreme""]","[0.9452500343322754, 0.5516084432601929, 0.4941536784172058, 0.4325038492679596, 0.3842063844203949]"
2,centroid,1,164,Gemini,Gemini,"[""Gemini"", ""Vega"", ""Hawk"", ""Turbine"", ""Braga""]","[0.5974245667457581, 0.5603941082954407, 0.39286914467811584, 0.33244097232818604, 0.31942465901374817]"
2,centroid,1,165,Gemini,Gemini,"[""Gemini"", ""Xtreme"", ""Vega"", ""Braga"", ""Trius""]","[0.904282808303833, 0.6977620124816895, 0.45712563395500183, 0.2749239206314087, 0.2594701945781708]"
2,centroid,1,166,Gemini,Xtreme,"[""Xtreme"", ""Gemini"", ""Ilias"", ""Nivalis"", ""Vega""]","[0.7794147729873657, 0.7016481161117554, 0.34103578329086304, 0.3279271125793457, 0.24310053884983063]"
2,centroid,1,167,Gemini,Gemini,"[""Gemini"", ""Vega"", ""Trius"", ""Xtreme"", ""Braga""]","[0.9084230661392212, 0.4494074583053589, 0.4037715792655945, 0.34888291358947754, 0.22404083609580994]"
2,centroid,1,168,Gemini,Gemini,"[""Gemini"", ""Vega"", ""Trius"", ""Alaris"", ""Alcatras""]","[0.7648032903671265, 0.4752524495124817, 0.40492165088653564, 0.32596826553344727, 0.3116372227668762]"
2,centroid,1,169,Gemini,Gemini,"[""Gemini"", ""Hawk"", ""Vega"", ""Alaris"", ""Braga""]","[0.7458077669143677, 0.4896530508995056, 0.45249730348587036, 0.31121325492858887, 0.2735729217529297]"
2,centroid,1,170,Gemini,Gemini,"[""Gemini"", ""Vega"", ""Trius"", ""Xtreme"", ""Braga""]","[0.9096336364746094, 0.37357088923454285, 0.355162650346756, 0.3123808205127716, 0.2373826801776886]"
2,centroid,1,171,Gemini,Gemini,"[""Gemini"", ""Xtreme"", ""Vega"", ""Braga"", ""Hawk""]","[0.9222907423973083, 0.5729449987411499, 0.49783575534820557, 0.30491167306900024, 0.18524479866027832]"
2,centroid,1,172,Gemini,Gemini,"[""Gemini"", ""Xtreme"", ""Vega"", ""Trius"", ""Hawk""]","[0.9079926013946533, 0.5057403445243835, 0.3204793930053711, 0.2154238522052765, 0.17000576853752136]"
2,centroid,1,173,Gemini,Gemini,"[""Gemini"", ""Trius"", ""Vega"", ""Braga"", ""Hawk""]","[0.8071674108505249, 0.6019589304924011, 0.5497992038726807, 0.5378135442733765, 0.5025261640548706]"
2,centroid,1,174,Gemini,Gemini,"[""Gemini"", ""Vega"", ""Braga"", ""Trius"", ""Hawk""]","[0.8857018351554871, 0.6504218578338623, 0.6317858099937439, 0.4343358278274536, 0.41769111156463623]"
2,centroid,1,175,Gemini,Gemini,"[""Gemini"", ""Trius"", ""Braga"", ""Xtreme"", ""Vega""]","[0.9016926884651184, 0.5103083252906799, 0.42632997035980225, 0.42078179121017456, 0.4200591444969177]"
2,centroid,1,176,Gemini,Gemini,"[""Gemini"", ""Xtreme"", ""Hawk"", ""Braga"", ""Alaris""]","[0.7751144766807556, 0.46958714723587036, 0.4550188183784485, 0.3732755780220032, 0.3077072501182556]"
2,centroid,1,177,Gemini,Gemini,"[""Gemini"", ""Xtreme"", ""Braga"", ""Vega"", ""Trius""]","[0.9175382256507874, 0.4822987914085388, 0.3415573835372925, 0.29033392667770386, 0.2767711877822876]"
2,centroid,1,178,Gemini,Gemini,"[""Gemini"", ""Xtreme"", ""Hawk"", ""Vega"", ""Braga""]","[0.7872377634048462, 0.5382398962974548, 0.2594784200191498, 0.23768919706344604, 0.13815687596797943]"
2,centroid,1,179,Gemini,Gemini,"[""Gemini"", ""Trius"", ""Vega"", ""Xtreme"", ""Braga""]","[0.7907195091247559, 0.5211378335952759, 0.22122007608413696, 0.21713098883628845, 0.21444079279899597]"
2,centroid,1,180,Gemini,Gemini,"[""Gemini"", ""Xtreme"", ""Vega"", ""Ilias"", ""Trius""]","[0.852056622505188, 0.5989444255828857, 0.2717624604701996, 0.11465805023908615, 0.09572339057922363]"
2,centroid,1,181,Gemini,Gemini,"[""Gemini"", ""Xtreme"", ""Braga"", ""Trius"", ""Vega""]","[0.905379593372345, 0.5501946210861206, 0.31886589527130127, 0.3162490129470825, 0.2565873861312866]"
2,centroid,1,182,Gemini,Gemini,"[""Gemini"", ""Xtreme"", ""Braga"", ""Vega"", ""Hawk""]","[0.5831347107887268, 0.42617133259773254, 0.3909763991832733, 0.3291366398334503, 0.29747912287712097]"
2,centroid,1,183,Gemini,Gemini,"[""Gemini"", ""Xtreme"", ""Vega"", ""Trius"", ""Denom""]","[0.8088580965995789, 0.33454716205596924, 0.26924923062324524, 0.25620728731155396, 0.1647769808769226]"
2,centroid,1,184,Gemini,Gemini,"[""Gemini"", ""Xtreme"", ""Vega"", ""Trius"", ""Braga""]","[0.9301300644874573, 0.68050616979599, 0.4214937388896942, 0.27977702021598816, 0.26415857672691345]"
2,centroid,1,185,Gemini,Gemini,"[""Gemini"", ""Braga"", ""Trius"", ""Vega"", ""Xtreme""]","[0.7307144999504089, 0.5170233249664307, 0.4872104525566101, 0.31983354687690735, 0.3006598949432373]"
2,centroid,1,186,Gemini,Gemini,"[""Gemini"", ""Xtreme"", ""Vega"", ""Braga"", ""Trius""]","[0.882003903388977, 0.4749530553817749, 0.3782948851585388, 0.2166379690170288, 0.18002647161483765]"
2,centroid,1,187,Gemini,Gemini,"[""Gemini"", ""Vega"", ""Trius"", ""Hawk"", ""Xtreme""]","[0.847199559211731, 0.46387144923210144, 0.3710685968399048, 0.3204951286315918, 0.28076082468032837]"
2,centroid,1,188,Hawk,Hawk,"[""Hawk"", ""Alaris"", ""Vega"", ""Turbine"", ""Braga""]","[0.919349193572998, 0.5545781850814819, 0.47788205742836, 0.4458370804786682, 0.43997740745544434]"
2,centroid,1,189,Hawk,Mytikas,"[""Mytikas"", ""Braga"", ""Turbine"", ""Alcatras"", ""Alaris""]","[0.47169697284698486, 0.4641972780227661, 0.45986208319664, 0.41908442974090576, 0.40739327669143677]"
2,centroid,1,190,Hawk,Hawk,"[""Hawk"", ""Vega"", ""Alaris"", ""Turbine"", ""Alcatras""]","[0.9408732652664185, 0.5226045846939087, 0.424912691116333, 0.325501024723053, 0.2654063105583191]"
2,centroid,1,191,Hawk,Hawk,"[""Hawk"", ""Alaris"", ""Alcatras"", ""Turbine"", ""Vega""]","[0.9237250685691833, 0.40460100769996643, 0.39807671308517456, 0.34716689586639404, 0.32029104232788086]"
2,centroid,1,192,Hawk,Hawk,"[""Hawk"", ""Turbine"", ""Gemini"", ""Vega"", ""Braga""]","[0.5781406164169312, 0.5020344257354736, 0.3637199401855469, 0.28835663199424744, 0.19565173983573914]"
2,centroid,1,193,Hawk,Hawk,"[""Hawk"", ""Vega"", ""Braga"", ""Gemini"", ""Turbine""]","[0.940108597278595, 0.5846272706985474, 0.4373657703399658, 0.4048749804496765, 0.39755111932754517]"
2,centroid,1,194,Hawk,Hawk,"[""Hawk"", ""Braga"", ""Alaris"", ""Vega"", ""Turbine""]","[0.8895187377929688, 0.6868946552276611, 0.5499916076660156, 0.5185031890869141, 0.4878622889518738]"
2,centroid,1,195,Hawk,Hawk,"[""Hawk"", ""Alaris"", ""Turbine"", ""Alcatras"", ""Braga""]","[0.9673744440078735, 0.5191004276275635, 0.49689000844955444, 0.4639219343662262, 0.4628124237060547]"
2,centroid,1,196,Hawk,Hawk,"[""Hawk"", ""Alaris"", ""Alcatras"", ""Vega"", ""Turbine""]","[0.9311951398849487, 0.6150720119476318, 0.5209447741508484, 0.49059873819351196, 0.38695067167282104]"
2,centroid,1,197,Hawk,Hawk,"[""Hawk"", ""Vega"", ""Alaris"", ""Alcatras"", ""Braga""]","[0.9295980334281921, 0.6500458121299744, 0.5712612867355347, 0.4748377799987793, 0.44758105278015137]"
2,centroid,1,198,Hawk,Hawk,"[""Hawk"", ""Turbine"", ""Vega"", ""Braga"", ""Gemini""]","[0.8510559797286987, 0.5097206830978394, 0.40161988139152527, 0.320721834897995, 0.20887234807014465]"
2,centroid,1,199,Hawk,Turbine,"[""Turbine"", ""Braga"", ""Alcatras"", ""Hawk"", ""Mytikas""]","[0.750435471534729, 0.6867556571960449, 0.6023987531661987, 0.5995845794677734, 0.5785230398178101]"
2,centroid,1,200,Hawk,Hawk,"[""Hawk"", ""Alaris"", ""Alcatras"", ""Vega"", ""Turbine""]","[0.8119122982025146, 0.4459457993507385, 0.4088509678840637, 0.2952088713645935, 0.27512407302856445]"
2,centroid,1,201,Hawk,Hawk,"[""Hawk"", ""Alaris"", ""Turbine"", ""Vega"", ""Alcatras""]","[0.9383091330528259, 0.5155989527702332, 0.5076040029525757, 0.49152466654777527, 0.479888379573822]"
2,centroid,1,202,Hawk,Hawk,"[""Hawk"", ""Vega"", ""Turbine"", ""Alaris"", ""Alcatras""]","[0.941432535648346, 0.5256250500679016, 0.4246922433376312, 0.3950653374195099, 0.18545445799827576]"
2,centroid,1,203,Hawk,Hawk,"[""Hawk"", ""Alaris"", ""Alcatras"", ""Turbine"", ""Vega""]","[0.8185698986053467, 0.7138285636901855, 0.6232311725616455, 0.4067540764808655, 0.337018221616745]"
2,centroid,1,204,Hawk,Hawk,"[""Hawk"", ""Vega"", ""Gemini"", ""Turbine"", ""Braga""]","[0.7766345739364624, 0.6376307010650635, 0.494165301322937, 0.332945317029953, 0.31543657183647156]"
2,centroid,1,205,Hawk,Hawk,"[""Hawk"", ""Vega"", ""Alaris"", ""Turbine"", ""Braga""]","[0.9658207893371582, 0.5189398527145386, 0.4298781752586365, 0.4111924171447754, 0.3774108290672302]"
2,centroid,1,206,Hawk,Hawk,"[""Hawk"", ""Turbine"", ""Vega"", ""Alaris"", ""Braga""]","[0.9529259204864502, 0.3895302414894104, 0.32640233635902405, 0.3238045573234558, 0.2968161702156067]"
2,centroid,1,207,Hawk,Hawk,"[""Hawk"", ""Vega"", ""Turbine"", ""Gemini"", ""Alaris""]","[0.8861505389213562, 0.47386419773101807, 0.4079587757587433, 0.3643680214881897, 0.3479902446269989]"
2,centroid,1,208,Hawk,Hawk,"[""Hawk"", ""Braga"", ""Turbine"", ""Alcatras"", ""Alaris""]","[0.9352185130119324, 0.43132656812667847, 0.41196033358573914, 0.38230156898498535, 0.3788851797580719]"
2,centroid,1,209,Hawk,Hawk,"[""Hawk"", ""Alaris"", ""Alcatras"", ""Vega"", ""Turbine""]","[0.903165340423584, 0.6265406608581543, 0.5568960309028625, 0.5300467014312744, 0.4149382710456848]"
2,centroid,1,210,Hawk,Hawk,"[""Hawk"", ""Alaris"", ""Turbine"", ""Vega"", ""Alcatras""]","[0.9584495425224304, 0.5226202607154846, 0.5209145545959473, 0.45597606897354126, 0.42142584919929504]"
2,centroid,1,211,Hawk,Hawk,"[""Hawk"", ""Turbine"", ""Braga"", ""Alcatras"", ""Gemini""]","[0.9055109620094299, 0.3578646779060364, 0.3554248809814453, 0.30140382051467896, 0.29421859979629517]"
2,centroid,1,212,Hawk,Hawk,"[""Hawk"", ""Vega"", ""Turbine"", ""Gemini"", ""Xtreme""]","[0.8889883756637573, 0.4462411403656006, 0.33496129512786865, 0.2897852957248688, 0.24402949213981628]"
2,centroid,1,213,Hawk,Hawk,"[""Hawk"", ""Turbine"", ""Braga"", ""Vega"", ""Alaris""]","[0.8970207571983337, 0.5423262715339661, 0.4339097738265991, 0.4282452464103699, 0.33591899275779724]"
2,centroid,1,214,Ilias,Ilias,"[""Ilias"", ""Ratikon"", ""Denom"", ""Nivalis"", ""Velorum""]","[0.7786461710929871, 0.7522271871566772, 0.691736102104187, 0.32060927152633667, 0.08622533082962036]"
2,centroid,1,215,Ilias,Ilias,"[""Ilias"", ""Ratikon"", ""Denom"", ""Nivalis"", ""Velorum""]","[0.8656789064407349, 0.7382333278656006, 0.6215227842330933, 0.435779869556427, 0.25497671961784363]"
2,centroid,1,216,Ilias,Ilias,"[""Ilias"", ""Ratikon"", ""Denom"", ""Velorum"", ""Nivalis""]","[0.9415637850761414, 0.6062454581260681, 0.5000067949295044, 0.43714264035224915, 0.40721848607063293]"
2,centroid,1,217,Ilias,Ilias,"[""Ilias"", ""Ratikon"", ""Velorum"", ""Denom"", ""Nivalis""]","[0.8923104405403137, 0.5436137914657593, 0.377529501914978, 0.3461342453956604, 0.2113010585308075]"
2,centroid,1,218,Ilias,Ilias,"[""Ilias"", ""Ratikon"", ""Denom"", ""Velorum"", ""Nivalis""]","[0.9121465682983398, 0.518194854259491, 0.4014262557029724, 0.3374926447868347, 0.27850931882858276]"
2,centroid,1,219,Ilias,Ilias,"[""Ilias"", ""Ratikon"", ""Denom"", ""Nivalis"", ""Velorum""]","[0.9287710189819336, 0.5492412447929382, 0.45293840765953064, 0.39934349060058594, 0.29830479621887207]"
2,centroid,1,220,Ilias,Ilias,"[""Ilias"", ""Velorum"", ""Denom"", ""Ratikon"", ""Nivalis""]","[0.8256223797798157, 0.5980186462402344, 0.5138260126113892, 0.3862450122833252, 0.3594142198562622]"
2,centroid,1,221,Ilias,Ilias,"[""Ilias"", ""Denom"", ""Ratikon"", ""Xtreme"", ""Nivalis""]","[0.8158621191978455, 0.5837161540985107, 0.49619215726852417, 0.3871290683746338, 0.3589536249637604]"
2,centroid,1,222,Ilias,Ilias,"[""Ilias"", ""Ratikon"", ""Denom"", ""Velorum"", ""Nivalis""]","[0.9194964170455933, 0.6418724060058594, 0.5546449422836304, 0.5012322664260864, 0.40402865409851074]"
2,centroid,1,223,Ilias,Ilias,"[""Ilias"", ""Ratikon"", ""Denom"", ""Velorum"", ""Trius""]","[0.7569056153297424, 0.5537732839584351, 0.37541258335113525, 0.33916133642196655, 0.31777071952819824]"
2,centroid,1,224,Ilias,Velorum,"[""Velorum"", ""Denom"", ""Ilias"", ""Ratikon"", ""Nivalis""]","[0.7081000804901123, 0.6999193429946899, 0.6924272775650024, 0.6030124425888062, 0.5906129479408264]"
2,centroid,1,225,Ilias,Ilias,"[""Ilias"", ""Ratikon"", ""Denom"", ""Nivalis"", ""Velorum""]","[0.9341585636138916, 0.6877736449241638, 0.5623742341995239, 0.514987051486969, 0.40786850452423096]"
2,centroid,1,226,Ilias,Ilias,"[""Ilias"", ""Ratikon"", ""Denom"", ""Velorum"", ""Nivalis""]","[0.7199865579605103, 0.5330138206481934, 0.45844823122024536, 0.45113638043403625, 0.41295385360717773]"
2,centroid,1,227,Ilias,Ilias,"[""Ilias"", ""Velorum"", ""Nivalis"", ""Ratikon"", ""Denom""]","[0.7273354530334473, 0.6920130252838135, 0.3959018290042877, 0.34339556097984314, 0.32749176025390625]"
2,centroid,1,228,Ilias,Ilias,"[""Ilias"", ""Ratikon"", ""Denom"", ""Nivalis"", ""Velorum""]","[0.9300965666770935, 0.7058917284011841, 0.560044527053833, 0.5112418532371521, 0.435596764087677]"
2,centroid,1,229,Ilias,Ilias,"[""Ilias"", ""Denom"", ""Ratikon"", ""Nivalis"", ""Velorum""]","[0.8460116386413574, 0.670015275478363, 0.6020272970199585, 0.3186260163784027, 0.30769413709640503]"
2,centroid,1,230,Ilias,Turbine,"[""Turbine"", ""Alaris"", ""Hawk"", ""Vega"", ""Alcatras""]","[0.8087893724441528, 0.5749619603157043, 0.5436623096466064, 0.5363166332244873, 0.42574000358581543]"
2,centroid,1,231,Ilias,Ilias,"[""Ilias"", ""Ratikon"", ""Denom"", ""Nivalis"", ""Velorum""]","[0.9145940542221069, 0.569908857345581, 0.5415389537811279, 0.3735980987548828, 0.2969926595687866]"
2,centroid,1,232,Ilias,Ilias,"[""Ilias"", ""Ratikon"", ""Denom"", ""Nivalis"", ""Velorum""]","[0.905780553817749, 0.8392907381057739, 0.7542275190353394, 0.5149902105331421, 0.15430976450443268]"
2,centroid,1,233,Ilias,Ilias,"[""Ilias"", ""Denom"", ""Ratikon"", ""Velorum"", ""Nivalis""]","[0.8215310573577881, 0.560981273651123, 0.5247747898101807, 0.5080001354217529, 0.346288800239563]"
2,centroid,1,234,Ilias,Ilias,"[""Ilias"", ""Denom"", ""Ratikon"", ""Nivalis"", ""Xtreme""]","[0.7232353091239929, 0.7098878622055054, 0.6693069934844971, 0.3733336925506592, 0.18548838794231415]"
2,centroid,1,235,Ilias,Velorum,"[""Velorum"", ""Ilias"", ""Denom"", ""Nivalis"", ""Ratikon""]","[0.7310274839401245, 0.6573114991188049, 0.5484523773193359, 0.4878566861152649, 0.4072044789791107]"
2,centroid,1,236,Ilias,Nivalis,"[""Nivalis"", ""Ratikon"", ""Ilias"", ""Denom"", ""Velorum""]","[0.7048196196556091, 0.6291280388832092, 0.5806418061256409, 0.5024148225784302, 0.3748781383037567]"
2,centroid,1,237,Ilias,Ilias,"[""Ilias"", ""Ratikon"", ""Nivalis"", ""Denom"", ""Velorum""]","[0.9123553037643433, 0.5293163061141968, 0.48772144317626953, 0.45554810762405396, 0.4277758002281189]"
2,centroid,1,238,Ilias,Ilias,"[""Ilias"", ""Ratikon"", ""Denom"", ""Velorum"", ""Nivalis""]","[0.949350118637085, 0.6822301745414734, 0.6324730515480042, 0.5469489097595215, 0.4572051763534546]"
2,centroid,1,239,Ilias,Ratikon,"[""Ratikon"", ""Denom"", ""Ilias"", ""Nivalis"", ""Velorum""]","[0.8296072483062744, 0.7698136568069458, 0.7344155311584473, 0.5120866298675537, 0.12263992428779602]"
2,centroid,1,240,Ilias,Ilias,"[""Ilias"", ""Ratikon"", ""Denom"", ""Nivalis"", ""Velorum""]","[0.9316278696060181, 0.6488696932792664, 0.6132395267486572, 0.5140281915664673, 0.5008766651153564]"
2,centroid,1,241,Ilias,Ilias,"[""Ilias"", ""Ratikon"", ""Denom"", ""Triton"", ""Nivalis""]","[0.8544360995292664, 0.5625828504562378, 0.41801542043685913, 0.35968267917633057, 0.3134676218032837]"
2,centroid,1,242,Ilias,Ilias,"[""Ilias"", ""Ratikon"", ""Denom"", ""Velorum"", ""Nivalis""]","[0.9021112322807312, 0.5626772046089172, 0.5575956702232361, 0.3467336893081665, 0.2930159568786621]"
2,centroid,1,243,Mytikas,Mytikas,"[""Mytikas"", ""Triton"", ""Braga"", ""Trius"", ""Turbine""]","[0.7791298031806946, 0.6228392124176025, 0.5337824821472168, 0.4969090223312378, 0.49601614475250244]"
2,centroid,1,244,Mytikas,Triton,"[""Triton"", ""Mytikas"", ""Trius"", ""Braga"", ""Gemini""]","[0.7551923990249634, 0.7349052429199219, 0.6061317324638367, 0.5926116704940796, 0.5535462498664856]"
2,centroid,1,245,Mytikas,Triton,"[""Triton"", ""Mytikas"", ""Trius"", ""Castor"", ""Braga""]","[0.8246827125549316, 0.7069825530052185, 0.48113298416137695, 0.24441879987716675, 0.20624689757823944]"
2,centroid,1,246,Mytikas,Mytikas,"[""Mytikas"", ""Triton"", ""Alcatras"", ""Trius"", ""Castor""]","[0.8928308486938477, 0.5119447708129883, 0.4536435008049011, 0.3709750175476074, 0.3698725700378418]"
2,centroid,1,247,Mytikas,Mytikas,"[""Mytikas"", ""Castor"", ""Triton"", ""Alcatras"", ""Braga""]","[0.6900594234466553, 0.6747646331787109, 0.5663576126098633, 0.4886782169342041, 0.4276452660560608]"
2,centroid,1,248,Mytikas,Mytikas,"[""Mytikas"", ""Alcatras"", ""Triton"", ""Castor"", ""Braga""]","[0.929639458656311, 0.6597644090652466, 0.623812198638916, 0.6204029321670532, 0.5937513113021851]"
2,centroid,1,249,Mytikas,Mytikas,"[""Mytikas"", ""Triton"", ""Castor"", ""Braga"", ""Alcatras""]","[0.8462440967559814, 0.5732837915420532, 0.4056130647659302, 0.338530570268631, 0.3149506151676178]"
2,centroid,1,250,Mytikas,Mytikas,"[""Mytikas"", ""Alcatras"", ""Alaris"", ""Triton"", ""Turbine""]","[0.7379142045974731, 0.5760481357574463, 0.4328700304031372, 0.35632070899009705, 0.35233041644096375]"
2,centroid,1,251,Mytikas,Mytikas,"[""Mytikas"", ""Triton"", ""Castor"", ""Braga"", ""Trius""]","[0.8594239950180054, 0.7687692642211914, 0.6540728807449341, 0.5711612105369568, 0.46338951587677]"
2,centroid,1,252,Mytikas,Nivalis,"[""Nivalis"", ""Mytikas"", ""Vega"", ""Gemini"", ""Ratikon""]","[0.4851217269897461, 0.47897353768348694, 0.46256253123283386, 0.34806814789772034, 0.18919388949871063]"
2,centroid,1,253,Mytikas,Trius,"[""Trius"", ""Mytikas"", ""Triton"", ""Gemini"", ""Braga""]","[0.7349582314491272, 0.46730801463127136, 0.46006935834884644, 0.41994917392730713, 0.40031713247299194]"
2,centroid,1,254,Mytikas,Mytikas,"[""Mytikas"", ""Hawk"", ""Braga"", ""Vega"", ""Trius""]","[0.6955359578132629, 0.5554885268211365, 0.5087874531745911, 0.49314945936203003, 0.4730677008628845]"
2,centroid,1,255,Mytikas,Mytikas,"[""Mytikas"", ""Trius"", ""Triton"", ""Braga"", ""Castor""]","[0.8009060621261597, 0.7394843697547913, 0.5936073064804077, 0.5509961843490601, 0.44104325771331787]"
2,centroid,1,256,Mytikas,Mytikas,"[""Mytikas"", ""Alcatras"", ""Triton"", ""Braga"", ""Trius""]","[0.8956564664840698, 0.6831823587417603, 0.6483198404312134, 0.6177666187286377, 0.5741879940032959]"
2,centroid,1,257,Mytikas,Triton,"[""Triton"", ""Mytikas"", ""Castor"", ""Trius"", ""Braga""]","[0.8879144787788391, 0.8857792615890503, 0.6330695152282715, 0.5317145586013794, 0.48288848996162415]"
2,centroid,1,258,Mytikas,Mytikas,"[""Mytikas"", ""Triton"", ""Trius"", ""Alcatras"", ""Braga""]","[0.9010216593742371, 0.6773899793624878, 0.507955014705658, 0.4624842405319214, 0.40379229187965393]"
2,centroid,1,259,Mytikas,Mytikas,"[""Mytikas"", ""Triton"", ""Castor"", ""Alcatras"", ""Braga""]","[0.8175010681152344, 0.6547092795372009, 0.6486178636550903, 0.6174826622009277, 0.48750510811805725]"
2,centroid,1,260,Mytikas,Alcatras,"[""Alcatras"", ""Mytikas"", ""Alaris"", ""Trius"", ""Braga""]","[0.7841309309005737, 0.7306656837463379, 0.7092825770378113, 0.6109294295310974, 0.5328695178031921]"
2,centroid,1,261,Mytikas,Trius,"[""Trius"", ""Gemini"", ""Triton"", ""Mytikas"", ""Braga""]","[0.7077133655548096, 0.5651763081550598, 0.4911789894104004, 0.48223811388015747, 0.3954658508300781]"
2,centroid,1,262,Mytikas,Mytikas,"[""Mytikas"", ""Triton"", ""Turbine"", ""Trius"", ""Braga""]","[0.6166374683380127, 0.5708653926849365, 0.5400989055633545, 0.4937828481197357, 0.4709005355834961]"
2,centroid,1,263,Mytikas,Mytikas,"[""Mytikas"", ""Triton"", ""Trius"", ""Alcatras"", ""Braga""]","[0.8878121376037598, 0.759236216545105, 0.46658140420913696, 0.4429730772972107, 0.4393829107284546]"
2,centroid,1,264,Mytikas,Mytikas,"[""Mytikas"", ""Trius"", ""Castor"", ""Triton"", ""Alcatras""]","[0.7814127206802368, 0.7282048463821411, 0.6532397270202637, 0.6329522132873535, 0.6183145642280579]"
2,centroid,1,265,Mytikas,Mytikas,"[""Mytikas"", ""Triton"", ""Braga"", ""Trius"", ""Castor""]","[0.671945333480835, 0.6622498035430908, 0.6360340714454651, 0.6023600101470947, 0.4853269159793854]"
2,centroid,1,266,Mytikas,Mytikas,"[""Mytikas"", ""Triton"", ""Trius"", ""Braga"", ""Castor""]","[0.8918399810791016, 0.787451982498169, 0.5290873646736145, 0.5058631896972656, 0.4387384057044983]"
2,centroid,1,267,Mytikas,Trius,"[""Trius"", ""Mytikas"", ""Gemini"", ""Turbine"", ""Vega""]","[0.5436481237411499, 0.4097265899181366, 0.40200075507164, 0.3950367271900177, 0.3912205100059509]"
2,centroid,1,268,Mytikas,Mytikas,"[""Mytikas"", ""Triton"", ""Braga"", ""Velorum"", ""Castor""]","[0.8062462210655212, 0.6086592674255371, 0.4079803228378296, 0.4071468710899353, 0.33938655257225037]"
2,centroid,1,269,Mytikas,Castor,"[""Castor"", ""Mytikas"", ""Braga"", ""Alcatras"", ""Triton""]","[0.8339550495147705, 0.7740574479103088, 0.741387665271759, 0.6690484285354614, 0.6551249027252197]"
2,centroid,1,270,Mytikas,Mytikas,"[""Mytikas"", ""Trius"", ""Triton"", ""Braga"", ""Castor""]","[0.8367874622344971, 0.653131365776062, 0.5498431921005249, 0.38835543394088745, 0.35885560512542725]"
2,centroid,1,271,Nivalis,Nivalis,"[""Nivalis"", ""Ratikon"", ""Denom"", ""Ilias"", ""Vega""]","[0.721982479095459, 0.5678015351295471, 0.39678335189819336, 0.3377271890640259, 0.3238314986228943]"
2,centroid,1,272,Nivalis,Ratikon,"[""Ratikon"", ""Denom"", ""Nivalis"", ""Ilias"", ""Velorum""]","[0.8331365585327148, 0.822475790977478, 0.7791142463684082, 0.6088827252388, 0.38008320331573486]"
2,centroid,1,273,Nivalis,Nivalis,"[""Nivalis"", ""Denom"", ""Ratikon"", ""Ilias"", ""Velorum""]","[0.9126511812210083, 0.7398197650909424, 0.6655462980270386, 0.5791724920272827, 0.4691349267959595]"
2,centroid,1,274,Nivalis,Nivalis,"[""Nivalis"", ""Denom"", ""Ratikon"", ""Velorum"", ""Ilias""]","[0.7810479402542114, 0.7241270542144775, 0.6051716208457947, 0.46173080801963806, 0.4221230149269104]"
2,centroid,1,275,Nivalis,Nivalis,"[""Nivalis"", ""Xtreme"", ""Velorum"", ""Ilias"", ""Denom""]","[0.5505237579345703, 0.4636300504207611, 0.44506973028182983, 0.35095691680908203, 0.31008315086364746]"
2,centroid,1,276,Nivalis,Velorum,"[""Velorum"", ""Nivalis"", ""Ilias"", ""Ratikon"", ""Mytikas""]","[0.6574227809906006, 0.6345642805099487, 0.5621068477630615, 0.3969111442565918, 0.36852654814720154]"
2,centroid,1,277,Nivalis,Nivalis,"[""Nivalis"", ""Ilias"", ""Ratikon"", ""Velorum"", ""Denom""]","[0.84764564037323, 0.5872302651405334, 0.5820057392120361, 0.4456042945384979, 0.4328932762145996]"
2,centroid,1,278,Nivalis,Nivalis,"[""Nivalis"", ""Velorum"", ""Denom"", ""Ilias"", ""Ratikon""]","[0.8181025981903076, 0.6100775599479675, 0.5544745922088623, 0.37239474058151245, 0.3536533713340759]"
2,centroid,1,279,Nivalis,Nivalis,"[""Nivalis"", ""Ratikon"", ""Vega"", ""Denom"", ""Gemini""]","[0.7498469352722168, 0.5065374374389648, 0.38780584931373596, 0.3501681089401245, 0.27853846549987793]"
2,centroid,1,280,Nivalis,Nivalis,"[""Nivalis"", ""Ratikon"", ""Denom"", ""Ilias"", ""Velorum""]","[0.8786993622779846, 0.6698300838470459, 0.6058404445648193, 0.49255114793777466, 0.336429625749588]"
2,centroid,1,281,Nivalis,Ratikon,"[""Ratikon"", ""Denom"", ""Ilias"", ""Nivalis"", ""Velorum""]","[0.882685124874115, 0.8768717050552368, 0.8081145286560059, 0.7911357879638672, 0.3839920461177826]"
2,centroid,1,282,Nivalis,Nivalis,"[""Nivalis"", ""Denom"", ""Ilias"", ""Velorum"", ""Ratikon""]","[0.8379876613616943, 0.6461257934570312, 0.5034031867980957, 0.48385587334632874, 0.43527138233184814]"
2,centroid,1,283,Nivalis,Nivalis,"[""Nivalis"", ""Denom"", ""Ilias"", ""Ratikon"", ""Velorum""]","[0.7882176041603088, 0.5567617416381836, 0.5374319553375244, 0.5120759606361389, 0.46747463941574097]"
2,centroid,1,284,Nivalis,Nivalis,"[""Nivalis"", ""Velorum"", ""Denom"", ""Ilias"", ""Xtreme""]","[0.7149526476860046, 0.6502257585525513, 0.6260722875595093, 0.4226653277873993, 0.3153840899467468]"
2,centroid,1,285,Nivalis,Denom,"[""Denom"", ""Nivalis"", ""Ratikon"", ""Ilias"", ""Velorum""]","[0.9221913814544678, 0.8253270387649536, 0.7925504446029663, 0.5773266553878784, 0.22675949335098267]"
2,centroid,1,286,Nivalis,Nivalis,"[""Nivalis"", ""Ratikon"", ""Denom"", ""Ilias"", ""Velorum""]","[0.8804929852485657, 0.5542362928390503, 0.5439227223396301, 0.39987021684646606, 0.21982420980930328]"
2,centroid,1,287,Nivalis,Nivalis,"[""Nivalis"", ""Ratikon"", ""Denom"", ""Vega"", ""Ilias""]","[0.7740036845207214, 0.43696358799934387, 0.4156646132469177, 0.24672609567642212, 0.1883237510919571]"
2,centroid,1,288,Nivalis,Nivalis,"[""Nivalis"", ""Denom"", ""Ratikon"", ""Velorum"", ""Ilias""]","[0.9170541763305664, 0.644547700881958, 0.5910924673080444, 0.3860476315021515, 0.38127952814102173]"
2,centroid,1,289,Nivalis,Nivalis,"[""Nivalis"", ""Velorum"", ""Ilias"", ""Denom"", ""Xtreme""]","[0.7559921741485596, 0.5355185270309448, 0.39506787061691284, 0.3119232654571533, 0.24194982647895813]"
2,centroid,1,290,Nivalis,Denom,"[""Denom"", ""Ratikon"", ""Nivalis"", ""Ilias"", ""Velorum""]","[0.8660049438476562, 0.8388209939002991, 0.6697993278503418, 0.6426733732223511, 0.16134892404079437]"
2,centroid,1,291,Nivalis,Denom,"[""Denom"", ""Ratikon"", ""Nivalis"", ""Ilias"", ""Velorum""]","[0.6515412926673889, 0.6420247554779053, 0.4914395809173584, 0.4876690208911896, 0.4832639992237091]"
2,centroid,1,292,Nivalis,Nivalis,"[""Nivalis"", ""Velorum"", ""Denom"", ""Ilias"", ""Ratikon""]","[0.7834674119949341, 0.663851261138916, 0.3989984393119812, 0.23899751901626587, 0.20935967564582825]"
2,centroid,1,293,Ratikon,Ratikon,"[""Ratikon"", ""Ilias"", ""Denom"", ""Nivalis"", ""Velorum""]","[0.8914490938186646, 0.6735701560974121, 0.573860764503479, 0.49950918555259705, 0.13290967047214508]"
2,centroid,1,294,Ratikon,Ratikon,"[""Ratikon"", ""Denom"", ""Nivalis"", ""Ilias"", ""Velorum""]","[0.8793508410453796, 0.8052886128425598, 0.6907296776771545, 0.535049319267273, 0.14188241958618164]"
2,centroid,1,295,Ratikon,Ratikon,"[""Ratikon"", ""Denom"", ""Ilias"", ""Nivalis"", ""Velorum""]","[0.9251040816307068, 0.8047627210617065, 0.7313683032989502, 0.6615866422653198, 0.07022210210561752]"
2,centroid,1,296,Ratikon,Ratikon,"[""Ratikon"", ""Nivalis"", ""Denom"", ""Ilias"", ""Vega""]","[0.7081574201583862, 0.6933310031890869, 0.6610068082809448, 0.5176132917404175, 0.33845987915992737]"
2,centroid,1,297,Ratikon,Ratikon,"[""Ratikon"", ""Denom"", ""Ilias"", ""Nivalis"", ""Velorum""]","[0.9209359884262085, 0.7752997279167175, 0.6257290840148926, 0.5712937116622925, 0.19137415289878845]"
2,centroid,1,298,Ratikon,Ratikon,"[""Ratikon"", ""Denom"", ""Nivalis"", ""Ilias"", ""Velorum""]","[0.8380842208862305, 0.8213365077972412, 0.734310507774353, 0.5232315063476562, 0.10717944800853729]"
2,centroid,1,299,Ratikon,Ratikon,"[""Ratikon"", ""Denom"", ""Nivalis"", ""Ilias"", ""Velorum""]","[0.9431375861167908, 0.7675195336341858, 0.6349100470542908, 0.6184006929397583, 0.16792938113212585]"
2,centroid,1,300,Ratikon,Denom,"[""Denom"", ""Ratikon"", ""Nivalis"", ""Ilias"", ""Velorum""]","[0.8484717607498169, 0.8169773817062378, 0.7149040102958679, 0.5508881211280823, 0.34662967920303345]"
2,centroid,1,301,Ratikon,Gemini,"[""Gemini"", ""Trius"", ""Nivalis"", ""Denom"", ""Velorum""]","[0.4946659207344055, 0.4149710536003113, 0.39449530839920044, 0.3841284215450287, 0.32090669870376587]"
2,centroid,1,302,Ratikon,Denom,"[""Denom"", ""Ratikon"", ""Nivalis"", ""Ilias"", ""Velorum""]","[0.8796058893203735, 0.7039448022842407, 0.6605861186981201, 0.5210509896278381, 0.2454809844493866]"
2,centroid,1,303,Ratikon,Ratikon,"[""Ratikon"", ""Ilias"", ""Denom"", ""Nivalis"", ""Xtreme""]","[0.8308414220809937, 0.7906807661056519, 0.7835512161254883, 0.6676555871963501, 0.14230790734291077]"
2,centroid,1,304,Ratikon,Ratikon,"[""Ratikon"", ""Nivalis"", ""Denom"", ""Ilias"", ""Velorum""]","[0.876457691192627, 0.6710169315338135, 0.6686607003211975, 0.5186971426010132, 0.24353232979774475]"
2,centroid,1,305,Ratikon,Ratikon,"[""Ratikon"", ""Denom"", ""Nivalis"", ""Ilias"", ""Trius""]","[0.858123242855072, 0.6791161298751831, 0.5844249725341797, 0.5806049108505249, 0.08434439450502396]"
2,centroid,1,306,Ratikon,Ratikon,"[""Ratikon"", ""Ilias"", ""Denom"", ""Nivalis"", ""Velorum""]","[0.8812167644500732, 0.7860754132270813, 0.717226505279541, 0.6703120470046997, 0.4746885299682617]"
2,centroid,1,307,Ratikon,Ratikon,"[""Ratikon"", ""Denom"", ""Ilias"", ""Nivalis"", ""Velorum""]","[0.9099984169006348, 0.6861708164215088, 0.6768378019332886, 0.5339804887771606, 0.18327361345291138]"
2,centroid,1,308,Ratikon,Ratikon,"[""Ratikon"", ""Denom"", ""Nivalis"", ""Ilias"", ""Velorum""]","[0.8719415664672852, 0.8699349164962769, 0.6935665011405945, 0.4970889091491699, 0.09810657054185867]"
2,centroid,1,309,Ratikon,Ratikon,"[""Ratikon"", ""Ilias"", ""Velorum"", ""Denom"", ""Nivalis""]","[0.7441501617431641, 0.7039008736610413, 0.6147724390029907, 0.5968202352523804, 0.5605552792549133]"
2,centroid,1,310,Ratikon,Ratikon,"[""Ratikon"", ""Denom"", ""Ilias"", ""Nivalis"", ""Velorum""]","[0.9412165880203247, 0.8094900250434875, 0.7098618745803833, 0.6719995737075806, 0.1394306719303131]"
2,centroid,1,311,Ratikon,Ratikon,"[""Ratikon"", ""Denom"", ""Nivalis"", ""Ilias"", ""Velorum""]","[0.9305881261825562, 0.815442681312561, 0.7104232311248779, 0.5794052481651306, 0.10266310721635818]"
2,centroid,1,312,Ratikon,Ratikon,"[""Ratikon"", ""Denom"", ""Ilias"", ""Nivalis"", ""Velorum""]","[0.9700868725776672, 0.7035301923751831, 0.6332067251205444, 0.585260272026062, 0.08611838519573212]"
2,centroid,1,313,Ratikon,Ratikon,"[""Ratikon"", ""Ilias"", ""Denom"", ""Nivalis"", ""Velorum""]","[0.8678687810897827, 0.7091050148010254, 0.5664529800415039, 0.37992578744888306, 0.17905935645103455]"
2,centroid,1,314,Ratikon,Ratikon,"[""Ratikon"", ""Ilias"", ""Nivalis"", ""Denom"", ""Vega""]","[0.8555114269256592, 0.6965173482894897, 0.6956528425216675, 0.6649008393287659, 0.18166247010231018]"
2,centroid,1,315,Ratikon,Ratikon,"[""Ratikon"", ""Denom"", ""Ilias"", ""Nivalis"", ""Steel_Wheel""]","[0.7045589685440063, 0.6328505277633667, 0.517008900642395, 0.3249000906944275, 0.1178840696811676]"
2,centroid,1,316,Ratikon,Ilias,"[""Ilias"", ""Denom"", ""Ratikon"", ""Nivalis"", ""Velorum""]","[0.8016854524612427, 0.7317731976509094, 0.7277739644050598, 0.5323578715324402, 0.4234844446182251]"
2,centroid,1,317,Ratikon,Denom,"[""Denom"", ""Ratikon"", ""Nivalis"", ""Ilias"", ""Velorum""]","[0.8776823282241821, 0.7218495011329651, 0.6516239047050476, 0.44724059104919434, 0.3163297772407532]"
2,centroid,1,318,Ratikon,Ratikon,"[""Ratikon"", ""Ilias"", ""Nivalis"", ""Denom"", ""Alaris""]","[0.8478479385375977, 0.5021002292633057, 0.4365098774433136, 0.43333184719085693, 0.03646725416183472]"
2,centroid,1,319,Ratikon,Ratikon,"[""Ratikon"", ""Nivalis"", ""Denom"", ""Ilias"", ""Velorum""]","[0.8572293519973755, 0.8114886283874512, 0.7030918598175049, 0.513794481754303, 0.20830146968364716]"
2,centroid,1,320,Ratikon,Ratikon,"[""Ratikon"", ""Denom"", ""Nivalis"", ""Ilias"", ""Velorum""]","[0.9163253307342529, 0.8372609615325928, 0.8250588774681091, 0.6040158271789551, 0.21611428260803223]"
2,centroid,1,321,Steel_Wheel,Steel_Wheel,"[""Steel_Wheel"", ""Xtreme"", ""Denom"", ""Velorum"", ""Nivalis""]","[0.9718642830848694, 0.03336344286799431, -0.002959590405225754, -0.01071467250585556, -0.02074285037815571]"
2,centroid,1,322,Steel_Wheel,Steel_Wheel,"[""Steel_Wheel"", ""Xtreme"", ""Hawk"", ""Nivalis"", ""Velorum""]","[0.9725319743156433, 0.05562698841094971, 0.02428789623081684, 0.015179220587015152, 0.007546404376626015]"
2,centroid,1,323,Steel_Wheel,Steel_Wheel,"[""Steel_Wheel"", ""Xtreme"", ""Velorum"", ""Alcatras"", ""Castor""]","[0.9554557800292969, 0.0437714084982872, 0.015357919037342072, -0.009210068732500076, -0.04589042812585831]"
2,centroid,1,324,Steel_Wheel,Steel_Wheel,"[""Steel_Wheel"", ""Xtreme"", ""Velorum"", ""Nivalis"", ""Castor""]","[0.9659879207611084, 0.12046028673648834, 0.09529514610767365, 0.036355286836624146, 0.005405551753938198]"
2,centroid,1,325,Steel_Wheel,Steel_Wheel,"[""Steel_Wheel"", ""Velorum"", ""Denom"", ""Nivalis"", ""Xtreme""]","[0.8617594838142395, 0.3105783760547638, 0.18413162231445312, 0.16908371448516846, 0.1421154886484146]"
2,centroid,1,326,Steel_Wheel,Steel_Wheel,"[""Steel_Wheel"", ""Nivalis"", ""Velorum"", ""Turbine"", ""Xtreme""]","[0.9494051337242126, 0.1053667813539505, 0.07345996797084808, 0.04899164289236069, 0.03935520350933075]"
2,centroid,1,327,Steel_Wheel,Steel_Wheel,"[""Steel_Wheel"", ""Xtreme"", ""Denom"", ""Nivalis"", ""Hawk""]","[0.9133985042572021, 0.06883799284696579, 0.05816355347633362, 0.047932643443346024, 0.039494339376688004]"
2,centroid,1,328,Steel_Wheel,Steel_Wheel,"[""Steel_Wheel"", ""Velorum"", ""Denom"", ""Xtreme"", ""Nivalis""]","[0.9591159224510193, 0.07385258376598358, 0.04753248021006584, 0.020470265299081802, 0.017924459651112556]"
2,centroid,1,329,Steel_Wheel,Steel_Wheel,"[""Steel_Wheel"", ""Xtreme"", ""Alcatras"", ""Velorum"", ""Hawk""]","[0.9528482556343079, 0.06612535566091537, 0.05069718137383461, 0.03342457115650177, 0.020758861675858498]"
2,centroid,1,330,Steel_Wheel,Steel_Wheel,"[""Steel_Wheel"", ""Velorum"", ""Nivalis"", ""Mytikas"", ""Xtreme""]","[0.9614423513412476, 0.030933475121855736, 0.01311730220913887, 0.010024270042777061, -0.022185977548360825]"
2,centroid,1,331,Steel_Wheel,Steel_Wheel,"[""Steel_Wheel"", ""Xtreme"", ""Denom"", ""Velorum"", ""Nivalis""]","[0.9349437952041626, 0.15463095903396606, 0.07202184200286865, 0.007622197270393372, -0.004855063743889332]"
2,centroid,1,332,Steel_Wheel,Steel_Wheel,"[""Steel_Wheel"", ""Velorum"", ""Nivalis"", ""Xtreme"", ""Turbine""]","[0.9601246118545532, 0.08764347434043884, 0.08520171791315079, 0.06667331606149673, -0.0171770341694355]"
2,centroid,1,333,Steel_Wheel,Steel_Wheel,"[""Steel_Wheel"", ""Nivalis"", ""Denom"", ""Ratikon"", ""Xtreme""]","[0.9315107464790344, 0.19181635975837708, 0.05896417051553726, 0.04456008970737457, -0.012000229209661484]"
2,centroid,1,334,Steel_Wheel,Steel_Wheel,"[""Steel_Wheel"", ""Xtreme"", ""Nivalis"", ""Castor"", ""Velorum""]","[0.9766769409179688, 0.1163153126835823, 0.00875338725745678, 0.006300486624240875, -0.009754791855812073]"
2,centroid,1,335,Steel_Wheel,Steel_Wheel,"[""Steel_Wheel"", ""Velorum"", ""Nivalis"", ""Xtreme"", ""Alcatras""]","[0.9769798517227173, 0.019174885004758835, 0.01335592195391655, 0.0032616369426250458, -0.056630488485097885]"
2,centroid,1,336,Steel_Wheel,Steel_Wheel,"[""Steel_Wheel"", ""Hawk"", ""Xtreme"", ""Nivalis"", ""Denom""]","[0.9731709957122803, 0.04608221352100372, 0.038586925715208054, 0.01254449225962162, 0.008955329656600952]"
2,centroid,1,337,Steel_Wheel,Steel_Wheel,"[""Steel_Wheel"", ""Nivalis"", ""Velorum"", ""Denom"", ""Xtreme""]","[0.9665969014167786, 0.08669178932905197, 0.0532614141702652, 0.029296284541487694, 0.018747929483652115]"
2,centroid,1,338,Steel_Wheel,Steel_Wheel,"[""Steel_Wheel"", ""Mytikas"", ""Xtreme"", ""Castor"", ""Alcatras""]","[0.9167913198471069, 0.1576102375984192, 0.126448854804039, 0.09636328369379044, 0.008714161813259125]"
2,centroid,1,339,Steel_Wheel,Steel_Wheel,"[""Steel_Wheel"", ""Alcatras"", ""Xtreme"", ""Mytikas"", ""Velorum""]","[0.9562283754348755, 0.08225007355213165, 0.0731368139386177, 0.06481198966503143, 0.05103200674057007]"
2,centroid,1,340,Steel_Wheel,Steel_Wheel,"[""Steel_Wheel"", ""Xtreme"", ""Denom"", ""Velorum"", ""Nivalis""]","[0.9722362756729126, 0.07603196799755096, 0.07075319439172745, 0.05724084749817848, 0.035283543169498444]"
2,centroid,1,341,Steel_Wheel,Steel_Wheel,"[""Steel_Wheel"", ""Velorum"", ""Xtreme"", ""Nivalis"", ""Denom""]","[0.9563642740249634, 0.176675945520401, 0.1482027918100357, 0.12021298706531525, 0.018721546977758408]"
2,centroid,1,342,Steel_Wheel,Steel_Wheel,"[""Steel_Wheel"", ""Xtreme"", ""Nivalis"", ""Hawk"", ""Velorum""]","[0.9539188742637634, 0.1977265477180481, 0.11307070404291153, 0.025174275040626526, -0.03964454308152199]"
2,centroid,1,343,Steel_Wheel,Steel_Wheel,"[""Steel_Wheel"", ""Nivalis"", ""Velorum"", ""Xtreme"", ""Denom""]","[0.9555373787879944, 0.140287846326828, 0.12345244735479355, 0.04132949933409691, 0.02511145919561386]"
2,centroid,1,344,Steel_Wheel,Steel_Wheel,"[""Steel_Wheel"", ""Alcatras"", ""Hawk"", ""Castor"", ""Velorum""]","[0.9203048944473267, 0.0667894184589386, 0.06347790360450745, 0.05788647010922432, 0.047887466847896576]"
2,centroid,1,345,Steel_Wheel,Steel_Wheel,"[""Steel_Wheel"", ""Velorum"", ""Xtreme"", ""Nivalis"", ""Denom""]","[0.9838408827781677, 0.09717924892902374, 0.07479041069746017, 0.046010665595531464, -0.044764887541532516]"
2,centroid,1,346,Steel_Wheel,Steel_Wheel,"[""Steel_Wheel"", ""Hawk"", ""Velorum"", ""Nivalis"", ""Xtreme""]","[0.9380848407745361, 0.10624582320451736, 0.07971164584159851, 0.041968654841184616, 0.04195228964090347]"
2,centroid,1,347,Steel_Wheel,Steel_Wheel,"[""Steel_Wheel"", ""Nivalis"", ""Turbine"", ""Xtreme"", ""Castor""]","[0.9439681768417358, 0.06825219839811325, 0.04387722164392471, 0.022003207355737686, -0.03531717509031296]"
2,centroid,1,348,Steel_Wheel,Steel_Wheel,"[""Steel_Wheel"", ""Xtreme"", ""Castor"", ""Turbine"", ""Hawk""]","[0.9685817360877991, 0.0041764117777347565, -0.024772798642516136, -0.03660585731267929, -0.05202937871217728]"
2,centroid,1,349,Steel_Wheel,Steel_Wheel,"[""Steel_Wheel"", ""Nivalis"", ""Xtreme"", ""Turbine"", ""Hawk""]","[0.9544152617454529, 0.056592702865600586, 0.041150063276290894, -0.012789443135261536, -0.029577797278761864]"
2,centroid,1,350,Steel_Wheel,Steel_Wheel,"[""Steel_Wheel"", ""Denom"", ""Xtreme"", ""Nivalis"", ""Ratikon""]","[0.9118863344192505, 0.1459650844335556, 0.055721282958984375, -0.0019591543823480606, -0.04348770156502724]"
2,centroid,1,351,Steel_Wheel,Steel_Wheel,"[""Steel_Wheel"", ""Velorum"", ""Nivalis"", ""Turbine"", ""Mytikas""]","[0.9668995141983032, 0.06880618631839752, -0.008212391287088394, -0.012339530512690544, -0.021943332627415657]"
2,centroid,1,352,Steel_Wheel,Steel_Wheel,"[""Steel_Wheel"", ""Ratikon"", ""Denom"", ""Xtreme"", ""Nivalis""]","[0.9291473627090454, 0.026314370334148407, 0.012770920991897583, 0.0018836408853530884, -0.018078412860631943]"
2,centroid,1,353,Steel_Wheel,Steel_Wheel,"[""Steel_Wheel"", ""Xtreme"", ""Nivalis"", ""Velorum"", ""Denom""]","[0.9600632190704346, 0.14582300186157227, 0.05129581317305565, 0.04315808415412903, 0.011140059679746628]"
2,centroid,1,354,Steel_Wheel,Steel_Wheel,"[""Steel_Wheel"", ""Velorum"", ""Denom"", ""Castor"", ""Xtreme""]","[0.8333171606063843, 0.10558553785085678, 0.05905267596244812, -0.02885412611067295, -0.05705796182155609]"
2,centroid,1,355,Steel_Wheel,Steel_Wheel,"[""Steel_Wheel"", ""Xtreme"", ""Hawk"", ""Castor"", ""Gemini""]","[0.939163327217102, 0.22989769279956818, 0.01744411140680313, -0.023220645263791084, -0.023445364087820053]"
2,centroid,1,356,Triton,Triton,"[""Triton"", ""Trius"", ""Braga"", ""Mytikas"", ""Gemini""]","[0.9057724475860596, 0.7351839542388916, 0.7114905118942261, 0.6744035482406616, 0.37232545018196106]"
2,centroid,1,357,Triton,Triton,"[""Triton"", ""Mytikas"", ""Trius"", ""Braga"", ""Alcatras""]","[0.9060145616531372, 0.7336738109588623, 0.7119704484939575, 0.5873559713363647, 0.40912091732025146]"
2,centroid,1,358,Triton,Triton,"[""Triton"", ""Mytikas"", ""Trius"", ""Velorum"", ""Castor""]","[0.8216923475265503, 0.6124026775360107, 0.547217607498169, 0.3574821352958679, 0.33949515223503113]"
2,centroid,1,359,Triton,Triton,"[""Triton"", ""Mytikas"", ""Castor"", ""Braga"", ""Turbine""]","[0.6968053579330444, 0.6955550312995911, 0.6435398459434509, 0.5327824950218201, 0.520782470703125]"
2,centroid,1,360,Triton,Trius,"[""Trius"", ""Triton"", ""Braga"", ""Mytikas"", ""Velorum""]","[0.702431857585907, 0.6601218581199646, 0.3356827199459076, 0.31946760416030884, 0.29503774642944336]"
2,centroid,1,361,Triton,Triton,"[""Triton"", ""Mytikas"", ""Trius"", ""Castor"", ""Braga""]","[0.8568035364151001, 0.6728601455688477, 0.5758503675460815, 0.5625759363174438, 0.5180543065071106]"
2,centroid,1,362,Triton,Mytikas,"[""Mytikas"", ""Trius"", ""Triton"", ""Braga"", ""Castor""]","[0.6663737297058105, 0.6196385025978088, 0.6037804484367371, 0.5417413711547852, 0.4690707325935364]"
2,centroid,1,363,Triton,Alcatras,"[""Alcatras"", ""Trius"", ""Braga"", ""Mytikas"", ""Alaris""]","[0.7184159159660339, 0.6907376050949097, 0.655830442905426, 0.6438930034637451, 0.6370589137077332]"
2,centroid,1,364,Triton,Triton,"[""Triton"", ""Mytikas"", ""Trius"", ""Braga"", ""Castor""]","[0.8998954892158508, 0.666265070438385, 0.6274558305740356, 0.5070652365684509, 0.4711247384548187]"
2,centroid,1,365,Triton,Triton,"[""Triton"", ""Mytikas"", ""Trius"", ""Braga"", ""Castor""]","[0.9358755350112915, 0.8333818912506104, 0.6359137296676636, 0.5538653135299683, 0.41013842821121216]"
2,centroid,1,366,Triton,Triton,"[""Triton"", ""Trius"", ""Mytikas"", ""Braga"", ""Castor""]","[0.8709186315536499, 0.7261880040168762, 0.6568790674209595, 0.5961437225341797, 0.49718669056892395]"
2,centroid,1,367,Triton,Trius,"[""Trius"", ""Triton"", ""Mytikas"", ""Castor"", ""Braga""]","[0.78263258934021, 0.7765731811523438, 0.5848181843757629, 0.39206433296203613, 0.3515431880950928]"
2,centroid,1,368,Triton,Braga,"[""Braga"", ""Mytikas"", ""Alcatras"", ""Triton"", ""Trius""]","[0.8021308183670044, 0.7621368169784546, 0.7548321485519409, 0.6660364866256714, 0.6496992707252502]"
2,centroid,1,369,Triton,Triton,"[""Triton"", ""Mytikas"", ""Braga"", ""Castor"", ""Turbine""]","[0.8106405735015869, 0.7702566385269165, 0.6167259216308594, 0.6066644787788391, 0.4906618595123291]"
2,centroid,1,370,Triton,Triton,"[""Triton"", ""Mytikas"", ""Castor"", ""Braga"", ""Trius""]","[0.8090593814849854, 0.7592719793319702, 0.6890590786933899, 0.6097021102905273, 0.5824697017669678]"
2,centroid,1,371,Triton,Triton,"[""Triton"", ""Mytikas"", ""Trius"", ""Braga"", ""Castor""]","[0.8895478248596191, 0.689354658126831, 0.5189605951309204, 0.4047695994377136, 0.3580208420753479]"
2,centroid,1,372,Triton,Triton,"[""Triton"", ""Mytikas"", ""Castor"", ""Braga"", ""Trius""]","[0.870550274848938, 0.8698790073394775, 0.7604336738586426, 0.7433341145515442, 0.6655524969100952]"
2,centroid,1,373,Triton,Triton,"[""Triton"", ""Trius"", ""Mytikas"", ""Braga"", ""Castor""]","[0.864089846611023, 0.6212334632873535, 0.6065757870674133, 0.5199018716812134, 0.44653138518333435]"
2,centroid,1,374,Triton,Trius,"[""Trius"", ""Gemini"", ""Vega"", ""Alaris"", ""Braga""]","[0.7144787311553955, 0.6049718856811523, 0.5201883316040039, 0.44749900698661804, 0.40304940938949585]"
2,centroid,1,375,Triton,Triton,"[""Triton"", ""Trius"", ""Mytikas"", ""Braga"", ""Castor""]","[0.8568091988563538, 0.8344900608062744, 0.6620457172393799, 0.5475668907165527, 0.4566113352775574]"
2,centroid,1,376,Triton,Triton,"[""Triton"", ""Mytikas"", ""Trius"", ""Braga"", ""Castor""]","[0.8374767303466797, 0.7647864818572998, 0.6020102500915527, 0.4974764585494995, 0.4107423722743988]"
2,centroid,1,377,Triton,Triton,"[""Triton"", ""Trius"", ""Mytikas"", ""Braga"", ""Castor""]","[0.9011004567146301, 0.6904963254928589, 0.6190090179443359, 0.524268627166748, 0.44118791818618774]"
2,centroid,1,378,Triton,Trius,"[""Trius"", ""Mytikas"", ""Velorum"", ""Gemini"", ""Nivalis""]","[0.4971407949924469, 0.44988417625427246, 0.4347556531429291, 0.425482839345932, 0.3583924174308777]"
2,centroid,1,379,Triton,Triton,"[""Triton"", ""Mytikas"", ""Trius"", ""Braga"", ""Castor""]","[0.877751886844635, 0.62109375, 0.5533175468444824, 0.44545140862464905, 0.37283629179000854]"
2,centroid,1,380,Triton,Triton,"[""Triton"", ""Mytikas"", ""Castor"", ""Trius"", ""Braga""]","[0.9025290608406067, 0.7300935387611389, 0.6696504354476929, 0.5408896207809448, 0.48987260460853577]"
2,centroid,1,381,Triton,Triton,"[""Triton"", ""Mytikas"", ""Trius"", ""Castor"", ""Braga""]","[0.8612040877342224, 0.7448960542678833, 0.6013675928115845, 0.5949974656105042, 0.5086435079574585]"
2,centroid,1,382,Triton,Triton,"[""Triton"", ""Mytikas"", ""Trius"", ""Braga"", ""Castor""]","[0.8784319758415222, 0.7379259467124939, 0.6234403848648071, 0.43805190920829773, 0.3686838746070862]"
2,centroid,1,383,Triton,Triton,"[""Triton"", ""Trius"", ""Braga"", ""Mytikas"", ""Alcatras""]","[0.7533460259437561, 0.7249581813812256, 0.6263356804847717, 0.5959404706954956, 0.4853287935256958]"
2,centroid,1,384,Triton,Triton,"[""Triton"", ""Trius"", ""Mytikas"", ""Braga"", ""Castor""]","[0.9075778722763062, 0.6858217716217041, 0.6136937737464905, 0.4064348340034485, 0.3816685378551483]"
2,centroid,1,385,Triton,Triton,"[""Triton"", ""Trius"", ""Mytikas"", ""Braga"", ""Vega""]","[0.7446022629737854, 0.6035586595535278, 0.5658433437347412, 0.3095763325691223, 0.2597026824951172]"
2,centroid,1,386,Triton,Triton,"[""Triton"", ""Mytikas"", ""Braga"", ""Trius"", ""Castor""]","[0.8936631679534912, 0.7037364840507507, 0.6060928702354431, 0.5146100521087646, 0.4977889060974121]"
2,centroid,1,387,Triton,Triton,"[""Triton"", ""Trius"", ""Mytikas"", ""Braga"", ""Gemini""]","[0.8859418630599976, 0.6736688613891602, 0.6294318437576294, 0.49782711267471313, 0.2818904519081116]"
2,centroid,1,388,Triton,Trius,"[""Trius"", ""Mytikas"", ""Gemini"", ""Triton"", ""Braga""]","[0.65491783618927, 0.5595539808273315, 0.4262107312679291, 0.3842001259326935, 0.3003862798213959]"
2,centroid,1,389,Triton,Triton,"[""Triton"", ""Trius"", ""Mytikas"", ""Braga"", ""Castor""]","[0.9103167057037354, 0.7729322910308838, 0.7285940051078796, 0.7072402238845825, 0.4925941824913025]"
2,centroid,1,390,Triton,Triton,"[""Triton"", ""Trius"", ""Mytikas"", ""Braga"", ""Gemini""]","[0.8855750560760498, 0.6205438375473022, 0.5829636454582214, 0.36112940311431885, 0.27700674533843994]"
2,centroid,1,391,Triton,Triton,"[""Triton"", ""Braga"", ""Mytikas"", ""Trius"", ""Castor""]","[0.9034548401832581, 0.7434957027435303, 0.6425306797027588, 0.579710066318512, 0.5375479459762573]"
2,centroid,1,392,Triton,Triton,"[""Triton"", ""Trius"", ""Braga"", ""Castor"", ""Mytikas""]","[0.8185800313949585, 0.7135918736457825, 0.6106091141700745, 0.5198532938957214, 0.4919791519641876]"
2,centroid,1,393,Triton,Triton,"[""Triton"", ""Mytikas"", ""Trius"", ""Castor"", ""Ilias""]","[0.7973756194114685, 0.5318477749824524, 0.329089879989624, 0.3133912980556488, 0.2695440649986267]"
2,centroid,1,394,Triton,Castor,"[""Castor"", ""Braga"", ""Turbine"", ""Mytikas"", ""Alcatras""]","[0.7735207080841064, 0.7415875196456909, 0.6394355297088623, 0.6389586925506592, 0.5698089599609375]"
2,centroid,1,395,Triton,Triton,"[""Triton"", ""Mytikas"", ""Braga"", ""Gemini"", ""Trius""]","[0.7692043781280518, 0.6024608016014099, 0.5564357042312622, 0.475783109664917, 0.46713200211524963]"
2,centroid,1,396,Triton,Triton,"[""Triton"", ""Castor"", ""Mytikas"", ""Trius"", ""Velorum""]","[0.7772233486175537, 0.596937894821167, 0.5451842546463013, 0.5094171762466431, 0.37845155596733093]"
2,centroid,1,397,Triton,Triton,"[""Triton"", ""Trius"", ""Mytikas"", ""Braga"", ""Gemini""]","[0.8183777332305908, 0.7135494947433472, 0.5982375144958496, 0.5594627857208252, 0.49958592653274536]"
2,centroid,1,398,Triton,Triton,"[""Triton"", ""Mytikas"", ""Braga"", ""Trius"", ""Castor""]","[0.9311966896057129, 0.7303738594055176, 0.6288324594497681, 0.6016992926597595, 0.5021044015884399]"
2,centroid,1,399,Triton,Triton,"[""Triton"", ""Mytikas"", ""Castor"", ""Braga"", ""Trius""]","[0.7581929564476013, 0.5307356119155884, 0.47153592109680176, 0.41976454854011536, 0.3484196662902832]"
2,centroid,1,400,Triton,Mytikas,"[""Mytikas"", ""Castor"", ""Triton"", ""Alcatras"", ""Alaris""]","[0.6706225872039795, 0.6279082298278809, 0.6205617189407349, 0.6035773754119873, 0.4456097483634949]"
2,centroid,1,401,Triton,Triton,"[""Triton"", ""Mytikas"", ""Trius"", ""Braga"", ""Castor""]","[0.7980066537857056, 0.7553439140319824, 0.6669960021972656, 0.5736727118492126, 0.5498257279396057]"
2,centroid,1,402,Triton,Triton,"[""Triton"", ""Castor"", ""Trius"", ""Mytikas"", ""Braga""]","[0.7146956324577332, 0.6053193807601929, 0.5764509439468384, 0.5267397165298462, 0.4687691330909729]"
2,centroid,1,403,Triton,Triton,"[""Triton"", ""Mytikas"", ""Trius"", ""Braga"", ""Castor""]","[0.9569166898727417, 0.6945881843566895, 0.6434118747711182, 0.539237916469574, 0.44127607345581055]"
2,centroid,1,404,Triton,Triton,"[""Triton"", ""Trius"", ""Braga"", ""Mytikas"", ""Castor""]","[0.8828856945037842, 0.6247490644454956, 0.6038721799850464, 0.5795992612838745, 0.45497769117355347]"
2,centroid,1,405,Triton,Triton,"[""Triton"", ""Mytikas"", ""Castor"", ""Velorum"", ""Trius""]","[0.6746617555618286, 0.5254769325256348, 0.511099636554718, 0.4611651599407196, 0.45221272110939026]"
2,centroid,1,406,Triton,Triton,"[""Triton"", ""Mytikas"", ""Trius"", ""Braga"", ""Castor""]","[0.815552294254303, 0.6327473521232605, 0.596804141998291, 0.40713560581207275, 0.3974253535270691]"
2,centroid,1,407,Triton,Triton,"[""Triton"", ""Castor"", ""Mytikas"", ""Trius"", ""Alcatras""]","[0.783069372177124, 0.6285756826400757, 0.6115390658378601, 0.5189877152442932, 0.35490313172340393]"
2,centroid,1,408,Triton,Triton,"[""Triton"", ""Mytikas"", ""Trius"", ""Braga"", ""Castor""]","[0.9460502862930298, 0.7188184261322021, 0.5979092121124268, 0.5212626457214355, 0.4203052520751953]"
2,centroid,1,409,Trius,Trius,"[""Trius"", ""Triton"", ""Mytikas"", ""Braga"", ""Alcatras""]","[0.831443190574646, 0.6357535123825073, 0.5502550601959229, 0.4385167956352234, 0.3991531729698181]"
2,centroid,1,410,Trius,Triton,"[""Triton"", ""Braga"", ""Trius"", ""Castor"", ""Mytikas""]","[0.6486146450042725, 0.5727900862693787, 0.5450118184089661, 0.4673965573310852, 0.37862253189086914]"
2,centroid,1,411,Trius,Trius,"[""Trius"", ""Mytikas"", ""Triton"", ""Alcatras"", ""Braga""]","[0.8130120038986206, 0.7313867807388306, 0.7155179977416992, 0.657267689704895, 0.6213511824607849]"
2,centroid,1,412,Trius,Trius,"[""Trius"", ""Braga"", ""Mytikas"", ""Alcatras"", ""Turbine""]","[0.6659103631973267, 0.5931228399276733, 0.5572497248649597, 0.5548752546310425, 0.5083112716674805]"
2,centroid,1,413,Trius,Trius,"[""Trius"", ""Alcatras"", ""Gemini"", ""Alaris"", ""Braga""]","[0.7219027280807495, 0.6168855428695679, 0.5327318906784058, 0.47655755281448364, 0.452409952878952]"
2,centroid,1,414,Trius,Trius,"[""Trius"", ""Mytikas"", ""Velorum"", ""Gemini"", ""Triton""]","[0.6758983135223389, 0.46361368894577026, 0.45928409695625305, 0.397999107837677, 0.33670496940612793]"
2,centroid,1,415,Trius,Trius,"[""Trius"", ""Gemini"", ""Triton"", ""Braga"", ""Alaris""]","[0.7967842817306519, 0.5378498435020447, 0.524500846862793, 0.4932244122028351, 0.3898634910583496]"
2,centroid,1,416,Trius,Braga,"[""Braga"", ""Trius"", ""Mytikas"", ""Gemini"", ""Triton""]","[0.795972466468811, 0.7574895620346069, 0.63038170337677, 0.6267807483673096, 0.5527456402778625]"
2,centroid,1,417,Trius,Trius,"[""Trius"", ""Braga"", ""Alcatras"", ""Mytikas"", ""Triton""]","[0.877305269241333, 0.6763796806335449, 0.5938942432403564, 0.5754066705703735, 0.538473904132843]"
2,centroid,1,418,Trius,Trius,"[""Trius"", ""Triton"", ""Castor"", ""Mytikas"", ""Alcatras""]","[0.6981885433197021, 0.47338977456092834, 0.4306155741214752, 0.38729268312454224, 0.33851414918899536]"
2,centroid,1,419,Trius,Trius,"[""Trius"", ""Braga"", ""Alaris"", ""Alcatras"", ""Triton""]","[0.8208005428314209, 0.7150037288665771, 0.5372352600097656, 0.4492870271205902, 0.42815589904785156]"
2,centroid,1,420,Trius,Alaris,"[""Alaris"", ""Braga"", ""Trius"", ""Alcatras"", ""Hawk""]","[0.7130104899406433, 0.6087741851806641, 0.5467908978462219, 0.5175068378448486, 0.5167366862297058]"
2,centroid,1,421,Trius,Castor,"[""Castor"", ""Trius"", ""Alcatras"", ""Mytikas"", ""Triton""]","[0.7287249565124512, 0.6605406999588013, 0.540209949016571, 0.5353115797042847, 0.5012210011482239]"
2,centroid,1,422,Trius,Trius,"[""Trius"", ""Triton"", ""Braga"", ""Gemini"", ""Vega""]","[0.6012377738952637, 0.37699204683303833, 0.23924855887889862, 0.2133943736553192, 0.1945728212594986]"
2,centroid,1,423,Trius,Denom,"[""Denom"", ""Gemini"", ""Xtreme"", ""Nivalis"", ""Steel_Wheel""]","[0.43052923679351807, 0.35990339517593384, 0.355704128742218, 0.3498070240020752, 0.24059352278709412]"
2,centroid,1,424,Trius,Trius,"[""Trius"", ""Gemini"", ""Vega"", ""Triton"", ""Braga""]","[0.7358864545822144, 0.5501714944839478, 0.44982367753982544, 0.4304230809211731, 0.4050557017326355]"
2,centroid,1,425,Trius,Mytikas,"[""Mytikas"", ""Braga"", ""Triton"", ""Trius"", ""Alcatras""]","[0.7142438888549805, 0.7141233086585999, 0.6853829622268677, 0.6639837026596069, 0.4723552465438843]"
2,centroid,1,426,Trius,Trius,"[""Trius"", ""Triton"", ""Braga"", ""Alaris"", ""Alcatras""]","[0.906057596206665, 0.5764843225479126, 0.4511241316795349, 0.44930803775787354, 0.4376585781574249]"
2,centroid,1,427,Trius,Alcatras,"[""Alcatras"", ""Alaris"", ""Trius"", ""Vega"", ""Braga""]","[0.6861410140991211, 0.6742898225784302, 0.6165754795074463, 0.5549243688583374, 0.5417605638504028]"
2,centroid,1,428,Trius,Nivalis,"[""Nivalis"", ""Denom"", ""Velorum"", ""Trius"", ""Gemini""]","[0.6221704483032227, 0.4147576689720154, 0.4051469564437866, 0.3843702971935272, 0.37028399109840393]"
2,centroid,1,429,Trius,Castor,"[""Castor"", ""Triton"", ""Trius"", ""Mytikas"", ""Braga""]","[0.7134766578674316, 0.7106204032897949, 0.6280646324157715, 0.6145379543304443, 0.5437575578689575]"
2,centroid,1,430,Trius,Trius,"[""Trius"", ""Braga"", ""Alcatras"", ""Castor"", ""Alaris""]","[0.6007452607154846, 0.5312334299087524, 0.4219379425048828, 0.4008216857910156, 0.3645070195198059]"
2,centroid,1,431,Trius,Trius,"[""Trius"", ""Mytikas"", ""Triton"", ""Alcatras"", ""Braga""]","[0.8299263715744019, 0.715198278427124, 0.6408714056015015, 0.6101586818695068, 0.5530301332473755]"
2,centroid,1,432,Trius,Trius,"[""Trius"", ""Braga"", ""Alaris"", ""Alcatras"", ""Mytikas""]","[0.7994382381439209, 0.7353280782699585, 0.6974056959152222, 0.6299381256103516, 0.5648153424263]"
2,centroid,1,433,Trius,Trius,"[""Trius"", ""Mytikas"", ""Braga"", ""Alaris"", ""Vega""]","[0.7335605621337891, 0.37890446186065674, 0.3584482967853546, 0.32921069860458374, 0.31202423572540283]"
2,centroid,1,434,Trius,Trius,"[""Trius"", ""Gemini"", ""Mytikas"", ""Triton"", ""Denom""]","[0.6829851865768433, 0.4260373115539551, 0.3313462734222412, 0.3220769762992859, 0.24741610884666443]"
2,centroid,1,435,Trius,Trius,"[""Trius"", ""Alaris"", ""Alcatras"", ""Braga"", ""Hawk""]","[0.7778707146644592, 0.7139568328857422, 0.6850451231002808, 0.6752384901046753, 0.503085732460022]"
2,centroid,1,436,Trius,Trius,"[""Trius"", ""Triton"", ""Braga"", ""Mytikas"", ""Alaris""]","[0.8979490995407104, 0.6452164649963379, 0.5480718612670898, 0.45474135875701904, 0.41418784856796265]"
2,centroid,1,437,Trius,Trius,"[""Trius"", ""Alaris"", ""Braga"", ""Alcatras"", ""Vega""]","[0.7177150249481201, 0.6184706687927246, 0.5150281190872192, 0.4645111560821533, 0.3954378664493561]"
2,centroid,1,438,Trius,Trius,"[""Trius"", ""Velorum"", ""Gemini"", ""Mytikas"", ""Xtreme""]","[0.6038482189178467, 0.4164268374443054, 0.365163117647171, 0.29834890365600586, 0.25885844230651855]"
2,centroid,1,439,Trius,Trius,"[""Trius"", ""Braga"", ""Alaris"", ""Alcatras"", ""Triton""]","[0.8299731016159058, 0.575463056564331, 0.5573107600212097, 0.5152751207351685, 0.4091666340827942]"
2,centroid,1,440,Trius,Alcatras,"[""Alcatras"", ""Trius"", ""Alaris"", ""Braga"", ""Mytikas""]","[0.7301157712936401, 0.7167943716049194, 0.6680465936660767, 0.43449968099594116, 0.39400196075439453]"
2,centroid,1,441,Trius,Trius,"[""Trius"", ""Vega"", ""Gemini"", ""Braga"", ""Mytikas""]","[0.662570059299469, 0.49571436643600464, 0.3903631865978241, 0.35381579399108887, 0.34625035524368286]"
2,centroid,1,442,Trius,Trius,"[""Trius"", ""Mytikas"", ""Alcatras"", ""Alaris"", ""Braga""]","[0.7111830115318298, 0.5573266744613647, 0.5338038206100464, 0.5310697555541992, 0.3770487606525421]"
2,centroid,1,443,Trius,Trius,"[""Trius"", ""Vega"", ""Gemini"", ""Triton"", ""Alaris""]","[0.7445546984672546, 0.5148178935050964, 0.48695605993270874, 0.4325946569442749, 0.37878602743148804]"
2,centroid,1,444,Trius,Trius,"[""Trius"", ""Alaris"", ""Alcatras"", ""Braga"", ""Gemini""]","[0.8051621913909912, 0.6309720277786255, 0.4692342281341553, 0.3854963779449463, 0.3516010642051697]"
2,centroid,1,445,Trius,Trius,"[""Trius"", ""Triton"", ""Mytikas"", ""Braga"", ""Gemini""]","[0.8364160060882568, 0.7520709037780762, 0.5449902415275574, 0.4188232421875, 0.331678181886673]"
2,centroid,1,446,Trius,Trius,"[""Trius"", ""Triton"", ""Alcatras"", ""Braga"", ""Gemini""]","[0.7401289343833923, 0.43158382177352905, 0.37247249484062195, 0.31850123405456543, 0.30383166670799255]"
2,centroid,1,447,Trius,Trius,"[""Trius"", ""Gemini"", ""Braga"", ""Mytikas"", ""Alcatras""]","[0.8281086683273315, 0.5114791393280029, 0.4900515079498291, 0.4499349892139435, 0.3945145606994629]"
2,centroid,1,448,Trius,Trius,"[""Trius"", ""Braga"", ""Gemini"", ""Triton"", ""Alcatras""]","[0.8156841397285461, 0.7346189022064209, 0.6086570024490356, 0.545185387134552, 0.5386345386505127]"
2,centroid,1,449,Trius,Trius,"[""Trius"", ""Gemini"", ""Braga"", ""Triton"", ""Alaris""]","[0.7693189978599548, 0.47118330001831055, 0.35273122787475586, 0.246891587972641, 0.18739815056324005]"
2,centroid,1,450,Turbine,Turbine,"[""Turbine"", ""Hawk"", ""Vega"", ""Braga"", ""Castor""]","[0.9000644087791443, 0.4069264531135559, 0.3736707270145416, 0.3516516387462616, 0.333280473947525]"
2,centroid,1,451,Turbine,Alcatras,"[""Alcatras"", ""Alaris"", ""Mytikas"", ""Castor"", ""Turbine""]","[0.8713093400001526, 0.6967594623565674, 0.6924527883529663, 0.6775693893432617, 0.5794960260391235]"
2,centroid,1,452,Turbine,Turbine,"[""Turbine"", ""Castor"", ""Alcatras"", ""Braga"", ""Alaris""]","[0.797586977481842, 0.7861073613166809, 0.6591529846191406, 0.6358844041824341, 0.49140465259552]"
2,centroid,1,453,Turbine,Turbine,"[""Turbine"", ""Braga"", ""Castor"", ""Hawk"", ""Alcatras""]","[0.8911263942718506, 0.643267810344696, 0.6332861185073853, 0.5741034746170044, 0.5649448037147522]"
2,centroid,1,454,Turbine,Turbine,"[""Turbine"", ""Braga"", ""Castor"", ""Alcatras"", ""Mytikas""]","[0.8070636987686157, 0.6654214262962341, 0.5952563285827637, 0.5580785274505615, 0.5392336249351501]"
2,centroid,1,455,Turbine,Turbine,"[""Turbine"", ""Hawk"", ""Alaris"", ""Vega"", ""Braga""]","[0.9121838212013245, 0.6068103313446045, 0.5104669332504272, 0.45494723320007324, 0.4338734745979309]"
2,centroid,1,456,Turbine,Turbine,"[""Turbine"", ""Castor"", ""Hawk"", ""Braga"", ""Vega""]","[0.8841297030448914, 0.44329386949539185, 0.42307502031326294, 0.3957429528236389, 0.38766101002693176]"
2,centroid,1,457,Turbine,Turbine,"[""Turbine"", ""Braga"", ""Vega"", ""Hawk"", ""Gemini""]","[0.7756479978561401, 0.5625604391098022, 0.519961953163147, 0.42563045024871826, 0.33492565155029297]"
2,centroid,1,458,Turbine,Turbine,"[""Turbine"", ""Alaris"", ""Castor"", ""Alcatras"", ""Hawk""]","[0.8890910148620605, 0.5796966552734375, 0.5175252556800842, 0.49089324474334717, 0.4638943076133728]"
2,centroid,1,459,Turbine,Turbine,"[""Turbine"", ""Hawk"", ""Vega"", ""Braga"", ""Castor""]","[0.9002038240432739, 0.578078031539917, 0.46241623163223267, 0.36761245131492615, 0.3424193561077118]"
2,centroid,1,460,Turbine,Turbine,"[""Turbine"", ""Hawk"", ""Braga"", ""Vega"", ""Alaris""]","[0.8490113019943237, 0.44665253162384033, 0.3897239565849304, 0.37676796317100525, 0.3224809169769287]"
2,centroid,1,461,Turbine,Turbine,"[""Turbine"", ""Braga"", ""Hawk"", ""Vega"", ""Castor""]","[0.8967870473861694, 0.42543521523475647, 0.3989437222480774, 0.38708075881004333, 0.3501299023628235]"
2,centroid,1,462,Turbine,Turbine,"[""Turbine"", ""Castor"", ""Braga"", ""Alcatras"", ""Alaris""]","[0.8299651741981506, 0.7264132499694824, 0.4877599775791168, 0.4240392744541168, 0.3149923086166382]"
2,centroid,1,463,Turbine,Turbine,"[""Turbine"", ""Braga"", ""Alcatras"", ""Alaris"", ""Castor""]","[0.7638868689537048, 0.6377739906311035, 0.6200236678123474, 0.5570729970932007, 0.5379449129104614]"
2,centroid,1,464,Turbine,Turbine,"[""Turbine"", ""Castor"", ""Alcatras"", ""Braga"", ""Alaris""]","[0.7952799797058105, 0.7049516439437866, 0.5877004861831665, 0.469966858625412, 0.4519256353378296]"
2,centroid,1,465,Turbine,Turbine,"[""Turbine"", ""Castor"", ""Alcatras"", ""Alaris"", ""Braga""]","[0.8290767669677734, 0.7780048251152039, 0.6001498699188232, 0.5128011703491211, 0.4603079855442047]"
2,centroid,1,466,Turbine,Turbine,"[""Turbine"", ""Alcatras"", ""Alaris"", ""Vega"", ""Mytikas""]","[0.7687557935714722, 0.6855025291442871, 0.6104122400283813, 0.5825931429862976, 0.5649536848068237]"
2,centroid,1,467,Turbine,Turbine,"[""Turbine"", ""Hawk"", ""Vega"", ""Gemini"", ""Braga""]","[0.7526779174804688, 0.7026565074920654, 0.5304692983627319, 0.4222305715084076, 0.4150151312351227]"
2,centroid,1,468,Turbine,Turbine,"[""Turbine"", ""Castor"", ""Mytikas"", ""Alcatras"", ""Alaris""]","[0.7698317766189575, 0.502081036567688, 0.33741122484207153, 0.3177008628845215, 0.21312502026557922]"
2,centroid,1,469,Turbine,Braga,"[""Braga"", ""Turbine"", ""Castor"", ""Alcatras"", ""Alaris""]","[0.8346434831619263, 0.7530076503753662, 0.6361665725708008, 0.6134825348854065, 0.5370496511459351]"
2,centroid,1,470,Turbine,Hawk,"[""Hawk"", ""Turbine"", ""Alcatras"", ""Vega"", ""Alaris""]","[0.8215351104736328, 0.684402585029602, 0.32856422662734985, 0.3219057619571686, 0.3020477890968323]"
2,centroid,1,471,Turbine,Turbine,"[""Turbine"", ""Hawk"", ""Vega"", ""Braga"", ""Alcatras""]","[0.7950092554092407, 0.774878978729248, 0.4981747567653656, 0.4821150004863739, 0.4435119032859802]"
2,centroid,1,472,Turbine,Turbine,"[""Turbine"", ""Castor"", ""Alcatras"", ""Braga"", ""Mytikas""]","[0.7749541997909546, 0.7068926692008972, 0.6531854867935181, 0.5638210773468018, 0.5184100866317749]"
2,centroid,1,473,Turbine,Castor,"[""Castor"", ""Turbine"", ""Mytikas"", ""Braga"", ""Alcatras""]","[0.8459975719451904, 0.8198415040969849, 0.5961161851882935, 0.5147517919540405, 0.5044149160385132]"
2,centroid,1,474,Turbine,Castor,"[""Castor"", ""Turbine"", ""Braga"", ""Mytikas"", ""Triton""]","[0.853527307510376, 0.7373664379119873, 0.6931970119476318, 0.623075008392334, 0.5935757160186768]"
2,centroid,1,475,Turbine,Turbine,"[""Turbine"", ""Vega"", ""Hawk"", ""Braga"", ""Gemini""]","[0.8134667277336121, 0.5770615339279175, 0.47705259919166565, 0.41860026121139526, 0.336842805147171]"
2,centroid,1,476,Turbine,Turbine,"[""Turbine"", ""Alaris"", ""Alcatras"", ""Castor"", ""Braga""]","[0.8099890351295471, 0.6321070194244385, 0.600159764289856, 0.5488764047622681, 0.5107792615890503]"
2,centroid,1,477,Turbine,Turbine,"[""Turbine"", ""Castor"", ""Braga"", ""Alcatras"", ""Alaris""]","[0.8616949915885925, 0.7637662291526794, 0.4102279543876648, 0.40114152431488037, 0.2752891182899475]"
2,centroid,1,478,Vega,Vega,"[""Vega"", ""Gemini"", ""Hawk"", ""Braga"", ""Alaris""]","[0.9146360158920288, 0.5251270532608032, 0.40568166971206665, 0.2789429724216461, 0.17752492427825928]"
2,centroid,1,479,Vega,Vega,"[""Vega"", ""Alaris"", ""Braga"", ""Trius"", ""Alcatras""]","[0.7612515687942505, 0.5943618416786194, 0.5546128749847412, 0.5437301993370056, 0.5427424907684326]"
2,centroid,1,480,Vega,Vega,"[""Vega"", ""Hawk"", ""Alaris"", ""Braga"", ""Gemini""]","[0.901695728302002, 0.48539188504219055, 0.47269290685653687, 0.3844624161720276, 0.3321978449821472]"
2,centroid,1,481,Vega,Vega,"[""Vega"", ""Turbine"", ""Alaris"", ""Hawk"", ""Braga""]","[0.8577107191085815, 0.4517098069190979, 0.4335575997829437, 0.4309734106063843, 0.4039130210876465]"
2,centroid,1,482,Vega,Vega,"[""Vega"", ""Alaris"", ""Turbine"", ""Hawk"", ""Gemini""]","[0.9297389984130859, 0.4286707043647766, 0.39337098598480225, 0.37865501642227173, 0.36422961950302124]"
2,centroid,1,483,Vega,Vega,"[""Vega"", ""Alaris"", ""Alcatras"", ""Hawk"", ""Braga""]","[0.7493119239807129, 0.5434763431549072, 0.33525902032852173, 0.32179874181747437, 0.30849266052246094]"
2,centroid,1,484,Vega,Vega,"[""Vega"", ""Alaris"", ""Turbine"", ""Hawk"", ""Braga""]","[0.8740334510803223, 0.48181426525115967, 0.3890641927719116, 0.3649407625198364, 0.3300558924674988]"
2,centroid,1,485,Vega,Vega,"[""Vega"", ""Gemini"", ""Hawk"", ""Nivalis"", ""Alaris""]","[0.8541763424873352, 0.5368992686271667, 0.25634461641311646, 0.17588090896606445, 0.1576954424381256]"
2,centroid,1,486,Vega,Vega,"[""Vega"", ""Gemini"", ""Braga"", ""Alaris"", ""Trius""]","[0.8880608677864075, 0.46387991309165955, 0.3675943613052368, 0.36349284648895264, 0.2804666757583618]"
2,centroid,1,487,Vega,Vega,"[""Vega"", ""Hawk"", ""Gemini"", ""Alaris"", ""Braga""]","[0.9130063056945801, 0.4458790421485901, 0.3502405285835266, 0.3001612722873688, 0.2126176506280899]"
2,centroid,1,488,Vega,Vega,"[""Vega"", ""Alaris"", ""Braga"", ""Hawk"", ""Gemini""]","[0.9255989789962769, 0.5184085965156555, 0.42298465967178345, 0.3920256495475769, 0.384968101978302]"
2,centroid,1,489,Vega,Vega,"[""Vega"", ""Hawk"", ""Gemini"", ""Alaris"", ""Turbine""]","[0.8944382667541504, 0.555425763130188, 0.4711238741874695, 0.2633220851421356, 0.2604621648788452]"
2,centroid,1,490,Vega,Vega,"[""Vega"", ""Gemini"", ""Hawk"", ""Alaris"", ""Braga""]","[0.8702122569084167, 0.6461724042892456, 0.4751054048538208, 0.2797788083553314, 0.2792823910713196]"
2,centroid,1,491,Vega,Braga,"[""Braga"", ""Vega"", ""Gemini"", ""Trius"", ""Hawk""]","[0.7310090065002441, 0.7074317336082458, 0.6352391242980957, 0.5700434446334839, 0.5492419600486755]"
2,centroid,1,492,Vega,Vega,"[""Vega"", ""Gemini"", ""Hawk"", ""Braga"", ""Alaris""]","[0.9159716367721558, 0.573897123336792, 0.35001140832901, 0.22169537842273712, 0.20768749713897705]"
2,centroid,1,493,Vega,Vega,"[""Vega"", ""Alaris"", ""Hawk"", ""Braga"", ""Turbine""]","[0.888260006904602, 0.621208906173706, 0.49082159996032715, 0.46212321519851685, 0.4221569895744324]"
2,centroid,1,494,Vega,Vega,"[""Vega"", ""Hawk"", ""Braga"", ""Gemini"", ""Turbine""]","[0.8817628622055054, 0.4819803833961487, 0.42264223098754883, 0.37116461992263794, 0.3595533072948456]"
2,centroid,1,495,Vega,Vega,"[""Vega"", ""Gemini"", ""Turbine"", ""Alaris"", ""Braga""]","[0.8585271835327148, 0.3612384796142578, 0.3591216206550598, 0.25809246301651, 0.22601008415222168]"
2,centroid,1,496,Vega,Vega,"[""Vega"", ""Hawk"", ""Gemini"", ""Braga"", ""Turbine""]","[0.8814297914505005, 0.6361181735992432, 0.42060837149620056, 0.3837551474571228, 0.31917804479599]"
2,centroid,1,497,Vega,Vega,"[""Vega"", ""Hawk"", ""Alaris"", ""Gemini"", ""Braga""]","[0.9300600290298462, 0.5642319917678833, 0.44587910175323486, 0.3791153132915497, 0.31107890605926514]"
2,centroid,1,498,Vega,Vega,"[""Vega"", ""Braga"", ""Hawk"", ""Alaris"", ""Gemini""]","[0.9311822652816772, 0.5503817200660706, 0.5471199750900269, 0.5268999934196472, 0.5134856104850769]"
2,centroid,1,499,Vega,Vega,"[""Vega"", ""Hawk"", ""Gemini"", ""Turbine"", ""Alaris""]","[0.9236804246902466, 0.4368502199649811, 0.3486504554748535, 0.28360381722450256, 0.2573462128639221]"
2,centroid,1,500,Vega,Vega,"[""Vega"", ""Gemini"", ""Hawk"", ""Braga"", ""Alaris""]","[0.9512619972229004, 0.600273609161377, 0.4808408319950104, 0.4206352233886719, 0.3250601589679718]"
2,centroid,1,501,Vega,Vega,"[""Vega"", ""Gemini"", ""Hawk"", ""Braga"", ""Trius""]","[0.8259079456329346, 0.6454769372940063, 0.6175293922424316, 0.615962028503418, 0.3468838334083557]"
2,centroid,1,502,Vega,Vega,"[""Vega"", ""Gemini"", ""Hawk"", ""Alaris"", ""Braga""]","[0.9229527711868286, 0.5632448196411133, 0.47549134492874146, 0.34064674377441406, 0.32749122381210327]"
2,centroid,1,503,Vega,Vega,"[""Vega"", ""Alaris"", ""Hawk"", ""Braga"", ""Gemini""]","[0.915951132774353, 0.5842153429985046, 0.4882299304008484, 0.48288339376449585, 0.44199466705322266]"
2,centroid,1,504,Vega,Vega,"[""Vega"", ""Gemini"", ""Hawk"", ""Braga"", ""Alaris""]","[0.8962504863739014, 0.6233826875686646, 0.3964078426361084, 0.19518449902534485, 0.18006929755210876]"
2,centroid,1,505,Vega,Vega,"[""Vega"", ""Hawk"", ""Gemini"", ""Nivalis"", ""Turbine""]","[0.8399985432624817, 0.39736875891685486, 0.37088456749916077, 0.3290938138961792, 0.18088141083717346]"
2,centroid,1,506,Vega,Vega,"[""Vega"", ""Alaris"", ""Hawk"", ""Turbine"", ""Braga""]","[0.8411478400230408, 0.671723484992981, 0.6222646236419678, 0.5348107218742371, 0.5323264598846436]"
2,centroid,1,507,Vega,Vega,"[""Vega"", ""Hawk"", ""Braga"", ""Alaris"", ""Gemini""]","[0.9188554286956787, 0.6968207359313965, 0.5245956182479858, 0.4916715621948242, 0.46358153223991394]"
2,centroid,1,508,Vega,Vega,"[""Vega"", ""Alaris"", ""Hawk"", ""Turbine"", ""Alcatras""]","[0.9149476289749146, 0.5961480140686035, 0.5888866186141968, 0.49006378650665283, 0.43188607692718506]"
2,centroid,1,509,Vega,Vega,"[""Vega"", ""Hawk"", ""Gemini"", ""Turbine"", ""Alaris""]","[0.8829158544540405, 0.620354175567627, 0.5196119546890259, 0.2919562757015228, 0.2656905949115753]"
2,centroid,1,510,Vega,Alcatras,"[""Alcatras"", ""Vega"", ""Alaris"", ""Hawk"", ""Braga""]","[0.5340999960899353, 0.5195569396018982, 0.4128803610801697, 0.28910571336746216, 0.23497259616851807]"
2,centroid,1,511,Vega,Vega,"[""Vega"", ""Gemini"", ""Braga"", ""Alaris"", ""Hawk""]","[0.9160770773887634, 0.4975767135620117, 0.40436452627182007, 0.3633769750595093, 0.3219555616378784]"
2,centroid,1,512,Vega,Vega,"[""Vega"", ""Gemini"", ""Hawk"", ""Alaris"", ""Trius""]","[0.8418071866035461, 0.656991183757782, 0.5557032823562622, 0.35717689990997314, 0.3120907247066498]"
2,centroid,1,513,Velorum,Velorum,"[""Velorum"", ""Ilias"", ""Nivalis"", ""Triton"", ""Denom""]","[0.9313942790031433, 0.5112128853797913, 0.27935537695884705, 0.24941009283065796, 0.22004733979701996]"
2,centroid,1,514,Velorum,Velorum,"[""Velorum"", ""Ilias"", ""Denom"", ""Nivalis"", ""Ratikon""]","[0.8754948377609253, 0.5195882320404053, 0.391358345746994, 0.2240569144487381, 0.21616946160793304]"
2,centroid,1,515,Velorum,Velorum,"[""Velorum"", ""Nivalis"", ""Denom"", ""Ilias"", ""Castor""]","[0.9203746318817139, 0.36846667528152466, 0.2714276909828186, 0.2226269245147705, 0.2132796198129654]"
2,centroid,1,516,Velorum,Velorum,"[""Velorum"", ""Ilias"", ""Nivalis"", ""Xtreme"", ""Mytikas""]","[0.9270310997962952, 0.4889049232006073, 0.22027698159217834, 0.2142086625099182, 0.19740180671215057]"
2,centroid,1,517,Velorum,Velorum,"[""Velorum"", ""Nivalis"", ""Mytikas"", ""Ilias"", ""Alcatras""]","[0.9088742733001709, 0.3914591372013092, 0.3164970874786377, 0.31624138355255127, 0.14376473426818848]"
2,centroid,1,518,Velorum,Velorum,"[""Velorum"", ""Nivalis"", ""Ilias"", ""Denom"", ""Mytikas""]","[0.8690488934516907, 0.3809216618537903, 0.2441837042570114, 0.211752787232399, 0.10869671404361725]"
2,centroid,1,519,Velorum,Velorum,"[""Velorum"", ""Nivalis"", ""Ilias"", ""Denom"", ""Trius""]","[0.8737956881523132, 0.42441612482070923, 0.4120877981185913, 0.3504362106323242, 0.3359661102294922]"
2,centroid,1,520,Velorum,Velorum,"[""Velorum"", ""Alcatras"", ""Castor"", ""Mytikas"", ""Nivalis""]","[0.8834882378578186, 0.3633779287338257, 0.3474047780036926, 0.3387438952922821, 0.1956055611371994]"
2,centroid,1,521,Velorum,Velorum,"[""Velorum"", ""Mytikas"", ""Castor"", ""Nivalis"", ""Triton""]","[0.7554537653923035, 0.4686770737171173, 0.38340723514556885, 0.3646644353866577, 0.2688044607639313]"
2,centroid,1,522,Velorum,Velorum,"[""Velorum"", ""Ilias"", ""Nivalis"", ""Denom"", ""Xtreme""]","[0.9488338232040405, 0.4951755404472351, 0.39799922704696655, 0.3619931936264038, 0.19846759736537933]"
2,centroid,1,523,Velorum,Velorum,"[""Velorum"", ""Ilias"", ""Nivalis"", ""Denom"", ""Mytikas""]","[0.9488380551338196, 0.41898196935653687, 0.28724929690361023, 0.28133857250213623, 0.10917332768440247]"
2,centroid,1,524,Velorum,Velorum,"[""Velorum"", ""Alcatras"", ""Ilias"", ""Xtreme"", ""Trius""]","[0.8712731003761292, 0.2422875165939331, 0.2260943204164505, 0.20476125180721283, 0.19734391570091248]"
2,centroid,1,525,Velorum,Velorum,"[""Velorum"", ""Nivalis"", ""Castor"", ""Mytikas"", ""Ilias""]","[0.8854549527168274, 0.4305800497531891, 0.24569693207740784, 0.20512205362319946, 0.16926927864551544]"
2,centroid,1,526,Velorum,Velorum,"[""Velorum"", ""Ilias"", ""Nivalis"", ""Denom"", ""Ratikon""]","[0.897197425365448, 0.5563715696334839, 0.5201897621154785, 0.514814019203186, 0.3242037296295166]"
2,centroid,1,527,Velorum,Velorum,"[""Velorum"", ""Ilias"", ""Denom"", ""Nivalis"", ""Ratikon""]","[0.9083739519119263, 0.6261181235313416, 0.36480551958084106, 0.35896310210227966, 0.3050691783428192]"
2,centroid,1,528,Velorum,Velorum,"[""Velorum"", ""Ilias"", ""Mytikas"", ""Xtreme"", ""Nivalis""]","[0.8759534358978271, 0.41531071066856384, 0.36801815032958984, 0.2801951766014099, 0.26803773641586304]"
2,centroid,1,529,Velorum,Velorum,"[""Velorum"", ""Mytikas"", ""Ilias"", ""Triton"", ""Nivalis""]","[0.9213501214981079, 0.33649584650993347, 0.30638840794563293, 0.26765450835227966, 0.2522556185722351]"
2,centroid,1,530,Velorum,Velorum,"[""Velorum"", ""Ilias"", ""Mytikas"", ""Triton"", ""Nivalis""]","[0.9243044257164001, 0.34968775510787964, 0.23984777927398682, 0.23270349204540253, 0.2121415138244629]"
2,centroid,1,531,Velorum,Velorum,"[""Velorum"", ""Nivalis"", ""Ilias"", ""Denom"", ""Ratikon""]","[0.9196480512619019, 0.3752211332321167, 0.3735399842262268, 0.27668166160583496, 0.11310172826051712]"
2,centroid,1,532,Velorum,Velorum,"[""Velorum"", ""Nivalis"", ""Ilias"", ""Denom"", ""Trius""]","[0.9533494710922241, 0.44228029251098633, 0.43494176864624023, 0.3268023729324341, 0.19296665489673615]"
2,centroid,1,533,Velorum,Velorum,"[""Velorum"", ""Ilias"", ""Nivalis"", ""Denom"", ""Ratikon""]","[0.8958468437194824, 0.44229453802108765, 0.42839157581329346, 0.27275994420051575, 0.20386147499084473]"
2,centroid,1,534,Velorum,Velorum,"[""Velorum"", ""Ilias"", ""Nivalis"", ""Denom"", ""Steel_Wheel""]","[0.9544782638549805, 0.4084571599960327, 0.3044976592063904, 0.27433133125305176, 0.12968674302101135]"
2,centroid,1,535,Velorum,Velorum,"[""Velorum"", ""Ilias"", ""Denom"", ""Trius"", ""Nivalis""]","[0.8008452653884888, 0.4185096025466919, 0.4158678650856018, 0.28293371200561523, 0.1793259084224701]"
2,centroid,1,536,Velorum,Velorum,"[""Velorum"", ""Nivalis"", ""Denom"", ""Ilias"", ""Ratikon""]","[0.8658015727996826, 0.49599817395210266, 0.45723918080329895, 0.2739003598690033, 0.24141469597816467]"
2,centroid,1,537,Velorum,Velorum,"[""Velorum"", ""Castor"", ""Ilias"", ""Mytikas"", ""Alcatras""]","[0.9198877215385437, 0.2535855174064636, 0.223359152674675, 0.1999705582857132, 0.16080063581466675]"
2,centroid,1,538,Velorum,Velorum,"[""Velorum"", ""Ilias"", ""Nivalis"", ""Hawk"", ""Denom""]","[0.8088092803955078, 0.3773003816604614, 0.30367162823677063, 0.2362629771232605, 0.20336438715457916]"
2,centroid,1,539,Velorum,Ilias,"[""Ilias"", ""Ratikon"", ""Denom"", ""Nivalis"", ""Velorum""]","[0.671567440032959, 0.6708673238754272, 0.6516685485839844, 0.5802443027496338, 0.5389748811721802]"
2,centroid,1,540,Velorum,Velorum,"[""Velorum"", ""Nivalis"", ""Ilias"", ""Denom"", ""Ratikon""]","[0.93683260679245, 0.49345725774765015, 0.4666694104671478, 0.4091475307941437, 0.17196542024612427]"
2,centroid,1,541,Velorum,Velorum,"[""Velorum"", ""Ilias"", ""Denom"", ""Trius"", ""Nivalis""]","[0.757850706577301, 0.5071625709533691, 0.40274137258529663, 0.2914752960205078, 0.24708828330039978]"
2,centroid,1,542,Velorum,Velorum,"[""Velorum"", ""Ilias"", ""Mytikas"", ""Nivalis"", ""Triton""]","[0.8985720872879028, 0.4565865993499756, 0.3351899981498718, 0.3002449870109558, 0.1515444666147232]"
2,centroid,1,543,Velorum,Velorum,"[""Velorum"", ""Ilias"", ""Denom"", ""Nivalis"", ""Trius""]","[0.9452414512634277, 0.4963814318180084, 0.29537704586982727, 0.2756549119949341, 0.16081607341766357]"
2,centroid,1,544,Velorum,Velorum,"[""Velorum"", ""Ilias"", ""Nivalis"", ""Ratikon"", ""Denom""]","[0.8357040882110596, 0.5166108012199402, 0.45383986830711365, 0.33764195442199707, 0.30490028858184814]"
2,centroid,1,545,Velorum,Velorum,"[""Velorum"", ""Ilias"", ""Denom"", ""Nivalis"", ""Ratikon""]","[0.9048795700073242, 0.5140860080718994, 0.36937883496284485, 0.2929360270500183, 0.21919526159763336]"
2,centroid,1,546,Velorum,Velorum,"[""Velorum"", ""Ilias"", ""Mytikas"", ""Triton"", ""Nivalis""]","[0.9382667541503906, 0.35037845373153687, 0.2459201216697693, 0.20631754398345947, 0.18769124150276184]"
2,centroid,1,547,Velorum,Velorum,"[""Velorum"", ""Mytikas"", ""Castor"", ""Nivalis"", ""Turbine""]","[0.7158079147338867, 0.4977373480796814, 0.4306105375289917, 0.3970513939857483, 0.2765597105026245]"
2,centroid,1,548,Velorum,Velorum,"[""Velorum"", ""Ilias"", ""Nivalis"", ""Triton"", ""Mytikas""]","[0.9368150234222412, 0.3072250783443451, 0.30082014203071594, 0.26265618205070496, 0.24896255135536194]"
2,centroid,1,549,Velorum,Velorum,"[""Velorum"", ""Ilias"", ""Mytikas"", ""Nivalis"", ""Hawk""]","[0.8311173915863037, 0.33392533659935, 0.31018969416618347, 0.25999438762664795, 0.2208710014820099]"
2,centroid,1,550,Velorum,Velorum,"[""Velorum"", ""Ilias"", ""Mytikas"", ""Nivalis"", ""Triton""]","[0.9595454931259155, 0.3160629868507385, 0.27596065402030945, 0.26847851276397705, 0.14838823676109314]"
2,centroid,1,551,Velorum,Velorum,"[""Velorum"", ""Ilias"", ""Nivalis"", ""Denom"", ""Ratikon""]","[0.8263675570487976, 0.4414083659648895, 0.3708376884460449, 0.33815333247184753, 0.23481382429599762]"
2,centroid,1,552,Velorum,Velorum,"[""Velorum"", ""Ilias"", ""Nivalis"", ""Denom"", ""Mytikas""]","[0.9355341196060181, 0.458751380443573, 0.39298322796821594, 0.2810289263725281, 0.15872305631637573]"
2,centroid,1,553,Velorum,Velorum,"[""Velorum"", ""Nivalis"", ""Mytikas"", ""Ilias"", ""Castor""]","[0.8690866827964783, 0.4350387156009674, 0.274161159992218, 0.25894200801849365, 0.16085927188396454]"
2,centroid,1,554,Velorum,Velorum,"[""Velorum"", ""Ilias"", ""Nivalis"", ""Denom"", ""Mytikas""]","[0.9421834945678711, 0.555005669593811, 0.43792814016342163, 0.3405986726284027, 0.2809102535247803]"
2,centroid,1,555,Velorum,Velorum,"[""Velorum"", ""Denom"", ""Nivalis"", ""Castor"", ""Xtreme""]","[0.7360201478004456, 0.35968977212905884, 0.21574054658412933, 0.16843831539154053, 0.14691531658172607]"
2,centroid,1,556,Velorum,Velorum,"[""Velorum"", ""Denom"", ""Ilias"", ""Nivalis"", ""Ratikon""]","[0.8763340711593628, 0.48055529594421387, 0.39987289905548096, 0.3808821737766266, 0.23088708519935608]"
2,centroid,1,557,Velorum,Velorum,"[""Velorum"", ""Ilias"", ""Mytikas"", ""Xtreme"", ""Triton""]","[0.8842369914054871, 0.47384101152420044, 0.29368144273757935, 0.2469584345817566, 0.217454195022583]"
2,centroid,1,558,Velorum,Velorum,"[""Velorum"", ""Ilias"", ""Denom"", ""Nivalis"", ""Trius""]","[0.9301209449768066, 0.3462415933609009, 0.28369393944740295, 0.16063547134399414, 0.13921451568603516]"
2,centroid,1,559,Velorum,Velorum,"[""Velorum"", ""Nivalis"", ""Ilias"", ""Denom"", ""Ratikon""]","[0.8089872598648071, 0.6279606819152832, 0.5566038489341736, 0.5252196192741394, 0.42414307594299316]"
2,centroid,1,560,Velorum,Velorum,"[""Velorum"", ""Ilias"", ""Denom"", ""Ratikon"", ""Trius""]","[0.6887302398681641, 0.475680410861969, 0.43591758608818054, 0.2798224687576294, 0.19332534074783325]"
2,centroid,1,561,Velorum,Velorum,"[""Velorum"", ""Nivalis"", ""Ilias"", ""Denom"", ""Ratikon""]","[0.93683260679245, 0.49345725774765015, 0.4666694104671478, 0.4091475307941437, 0.17196542024612427]"
2,centroid,1,562,Velorum,Velorum,"[""Velorum"", ""Nivalis"", ""Ilias"", ""Denom"", ""Ratikon""]","[0.8567518591880798, 0.4938356280326843, 0.4922977685928345, 0.41229093074798584, 0.23227719962596893]"
2,centroid,1,563,Velorum,Velorum,"[""Velorum"", ""Ilias"", ""Denom"", ""Nivalis"", ""Ratikon""]","[0.9148936867713928, 0.4904816746711731, 0.4708241820335388, 0.4035409688949585, 0.18701346218585968]"
2,centroid,1,564,Velorum,Velorum,"[""Velorum"", ""Nivalis"", ""Denom"", ""Ilias"", ""Ratikon""]","[0.7414906024932861, 0.6753870248794556, 0.37480467557907104, 0.3207516670227051, 0.3166167736053467]"
2,centroid,1,565,Velorum,Velorum,"[""Velorum"", ""Mytikas"", ""Nivalis"", ""Castor"", ""Ilias""]","[0.8996275067329407, 0.4053485095500946, 0.33590710163116455, 0.28486567735671997, 0.2385147213935852]"
2,centroid,1,566,Velorum,Velorum,"[""Velorum"", ""Denom"", ""Ilias"", ""Nivalis"", ""Ratikon""]","[0.780163049697876, 0.6922802329063416, 0.4639207124710083, 0.45871061086654663, 0.3836398422718048]"
2,centroid,1,567,Velorum,Velorum,"[""Velorum"", ""Ilias"", ""Nivalis"", ""Mytikas"", ""Denom""]","[0.9042699933052063, 0.35023677349090576, 0.3136117458343506, 0.19297967851161957, 0.1443571001291275]"
2,centroid,1,568,Velorum,Velorum,"[""Velorum"", ""Trius"", ""Xtreme"", ""Alcatras"", ""Gemini""]","[0.5830079317092896, 0.32140469551086426, 0.2618851065635681, 0.2441384196281433, 0.20125770568847656]"
2,centroid,1,569,Velorum,Velorum,"[""Velorum"", ""Xtreme"", ""Ilias"", ""Nivalis"", ""Mytikas""]","[0.8913180232048035, 0.3178693950176239, 0.28295519948005676, 0.2651129961013794, 0.21145570278167725]"
2,centroid,1,570,Velorum,Velorum,"[""Velorum"", ""Ilias"", ""Nivalis"", ""Mytikas"", ""Alcatras""]","[0.9424242973327637, 0.23407357931137085, 0.220465749502182, 0.21583765745162964, 0.1436244249343872]"
2,centroid,1,571,Velorum,Velorum,"[""Velorum"", ""Ilias"", ""Nivalis"", ""Denom"", ""Mytikas""]","[0.9527746438980103, 0.38469576835632324, 0.3249218463897705, 0.25456589460372925, 0.06259585916996002]"
2,centroid,1,572,Xtreme,Xtreme,"[""Xtreme"", ""Gemini"", ""Nivalis"", ""Hawk"", ""Steel_Wheel""]","[0.9216628074645996, 0.5348618030548096, 0.16611650586128235, 0.14167866110801697, 0.11037356406450272]"
2,centroid,1,573,Xtreme,Xtreme,"[""Xtreme"", ""Gemini"", ""Hawk"", ""Mytikas"", ""Ilias""]","[0.9355133771896362, 0.4462781548500061, 0.1844901591539383, 0.17546220123767853, 0.133689746260643]"
2,centroid,1,574,Xtreme,Xtreme,"[""Xtreme"", ""Gemini"", ""Hawk"", ""Ilias"", ""Steel_Wheel""]","[0.9735797643661499, 0.4320746958255768, 0.0871666967868805, 0.06739280372858047, 0.030675342306494713]"
2,centroid,1,575,Xtreme,Xtreme,"[""Xtreme"", ""Gemini"", ""Velorum"", ""Hawk"", ""Ilias""]","[0.954433798789978, 0.35145682096481323, 0.17198456823825836, 0.13026642799377441, 0.08052163571119308]"
2,centroid,1,576,Xtreme,Xtreme,"[""Xtreme"", ""Gemini"", ""Hawk"", ""Velorum"", ""Vega""]","[0.9014309048652649, 0.6482945680618286, 0.12283578515052795, 0.08189910650253296, 0.08169583976268768]"
2,centroid,1,577,Xtreme,Xtreme,"[""Xtreme"", ""Gemini"", ""Ilias"", ""Hawk"", ""Steel_Wheel""]","[0.9468696117401123, 0.6056777238845825, 0.08851920068264008, 0.06137298420071602, 0.0439177043735981]"
2,centroid,1,578,Xtreme,Xtreme,"[""Xtreme"", ""Gemini"", ""Steel_Wheel"", ""Ilias"", ""Velorum""]","[0.9681248068809509, 0.46155625581741333, 0.14143525063991547, 0.13400737941265106, 0.09486108273267746]"
2,centroid,1,579,Xtreme,Xtreme,"[""Xtreme"", ""Gemini"", ""Braga"", ""Trius"", ""Triton""]","[0.8087069988250732, 0.5848660469055176, 0.41955918073654175, 0.33496588468551636, 0.32503193616867065]"
2,centroid,1,580,Xtreme,Xtreme,"[""Xtreme"", ""Gemini"", ""Ilias"", ""Denom"", ""Trius""]","[0.8032611608505249, 0.6100384593009949, 0.4437803030014038, 0.24046935141086578, 0.16404424607753754]"
2,centroid,1,581,Xtreme,Xtreme,"[""Xtreme"", ""Gemini"", ""Steel_Wheel"", ""Velorum"", ""Hawk""]","[0.9340444803237915, 0.3676447868347168, 0.189468652009964, 0.09161640703678131, 0.03917530179023743]"
2,centroid,1,582,Xtreme,Xtreme,"[""Xtreme"", ""Gemini"", ""Hawk"", ""Steel_Wheel"", ""Velorum""]","[0.9414043426513672, 0.3886093497276306, 0.1677614450454712, 0.14550335705280304, 0.07419486343860626]"
2,centroid,1,583,Xtreme,Xtreme,"[""Xtreme"", ""Gemini"", ""Hawk"", ""Velorum"", ""Ilias""]","[0.9174448847770691, 0.466066837310791, 0.25871387124061584, 0.19584110379219055, 0.07890983670949936]"
2,centroid,1,584,Xtreme,Xtreme,"[""Xtreme"", ""Gemini"", ""Ilias"", ""Hawk"", ""Velorum""]","[0.9365487694740295, 0.553714394569397, 0.246062234044075, 0.16466648876667023, 0.10176020860671997]"
2,centroid,1,585,Xtreme,Gemini,"[""Gemini"", ""Xtreme"", ""Braga"", ""Trius"", ""Mytikas""]","[0.804153561592102, 0.5815792083740234, 0.4856080114841461, 0.47069376707077026, 0.46468865871429443]"
2,centroid,1,586,Xtreme,Xtreme,"[""Xtreme"", ""Gemini"", ""Nivalis"", ""Ilias"", ""Steel_Wheel""]","[0.9547645449638367, 0.5262036919593811, 0.13583509624004364, 0.13396969437599182, 0.10987130552530289]"
2,centroid,1,587,Xtreme,Xtreme,"[""Xtreme"", ""Gemini"", ""Braga"", ""Ilias"", ""Hawk""]","[0.9540755152702332, 0.5635150671005249, 0.07228177785873413, 0.0701589360833168, 0.039152659475803375]"
2,centroid,1,588,Xtreme,Xtreme,"[""Xtreme"", ""Gemini"", ""Velorum"", ""Mytikas"", ""Hawk""]","[0.9619497060775757, 0.38943055272102356, 0.1790960729122162, 0.10054972767829895, 0.0970517247915268]"
2,centroid,1,589,Xtreme,Xtreme,"[""Xtreme"", ""Gemini"", ""Triton"", ""Mytikas"", ""Ilias""]","[0.9248823523521423, 0.3860633373260498, 0.20492784678936005, 0.17694298923015594, 0.09936700761318207]"
2,centroid,1,590,Xtreme,Xtreme,"[""Xtreme"", ""Gemini"", ""Nivalis"", ""Ilias"", ""Steel_Wheel""]","[0.9421820640563965, 0.4248523414134979, 0.12065235525369644, 0.08035643398761749, 0.03161507099866867]"
2,centroid,1,591,Xtreme,Xtreme,"[""Xtreme"", ""Gemini"", ""Braga"", ""Triton"", ""Mytikas""]","[0.7629421949386597, 0.5004104375839233, 0.44998160004615784, 0.447331964969635, 0.3973616361618042]"
2,centroid,1,592,Xtreme,Xtreme,"[""Xtreme"", ""Gemini"", ""Trius"", ""Braga"", ""Velorum""]","[0.8585708141326904, 0.7143969535827637, 0.20184612274169922, 0.15379123389720917, 0.12393869459629059]"
2,centroid,1,593,Xtreme,Xtreme,"[""Xtreme"", ""Gemini"", ""Hawk"", ""Steel_Wheel"", ""Braga""]","[0.9627084732055664, 0.36846408247947693, 0.11579134315252304, 0.1001727432012558, 0.07039371132850647]"
2,centroid,1,594,Xtreme,Xtreme,"[""Xtreme"", ""Gemini"", ""Steel_Wheel"", ""Hawk"", ""Nivalis""]","[0.9452448487281799, 0.473130464553833, 0.13800764083862305, 0.129691943526268, 0.113408163189888]"
2,centroid,1,595,Xtreme,Xtreme,"[""Xtreme"", ""Gemini"", ""Steel_Wheel"", ""Nivalis"", ""Ilias""]","[0.976714551448822, 0.44955819845199585, 0.1094832494854927, 0.04221878945827484, 0.032367486506700516]"
2,centroid,1,596,Xtreme,Xtreme,"[""Xtreme"", ""Gemini"", ""Ilias"", ""Triton"", ""Mytikas""]","[0.9111864566802979, 0.40103644132614136, 0.2174634039402008, 0.17324745655059814, 0.16321244835853577]"
2,centroid,1,597,Xtreme,Xtreme,"[""Xtreme"", ""Gemini"", ""Ilias"", ""Triton"", ""Velorum""]","[0.9483849406242371, 0.49753424525260925, 0.1794167459011078, 0.12124359607696533, 0.1102990061044693]"
2,centroid,1,598,Xtreme,Xtreme,"[""Xtreme"", ""Gemini"", ""Hawk"", ""Braga"", ""Vega""]","[0.8627287745475769, 0.5830420255661011, 0.442920982837677, 0.23673677444458008, 0.1576503962278366]"
2,centroid,1,599,Xtreme,Xtreme,"[""Xtreme"", ""Gemini"", ""Ilias"", ""Denom"", ""Steel_Wheel""]","[0.9503239989280701, 0.36564433574676514, 0.13873690366744995, 0.12051966786384583, 0.10407502949237823]"
2,centroid,1,600,Xtreme,Xtreme,"[""Xtreme"", ""Gemini"", ""Trius"", ""Nivalis"", ""Vega""]","[0.7659049034118652, 0.7525756359100342, 0.29840517044067383, 0.1732645332813263, 0.1499975025653839]"
2,centroid,1,601,Xtreme,Xtreme,"[""Xtreme"", ""Gemini"", ""Denom"", ""Ilias"", ""Nivalis""]","[0.938648521900177, 0.4363725483417511, 0.17490831017494202, 0.16142550110816956, 0.11021891236305237]"
2,centroid,1,602,Xtreme,Xtreme,"[""Xtreme"", ""Gemini"", ""Hawk"", ""Mytikas"", ""Velorum""]","[0.9175282120704651, 0.3585623502731323, 0.18799445033073425, 0.13402968645095825, 0.11792728304862976]"
2,centroid,1,603,Xtreme,Braga,"[""Braga"", ""Triton"", ""Xtreme"", ""Gemini"", ""Trius""]","[0.7431454062461853, 0.6224867105484009, 0.5770168304443359, 0.5732380151748657, 0.5538903474807739]"
2,centroid,1,604,Xtreme,Xtreme,"[""Xtreme"", ""Gemini"", ""Hawk"", ""Braga"", ""Vega""]","[0.8968180418014526, 0.5024093985557556, 0.30412906408309937, 0.13444198668003082, 0.06241689622402191]"
2,centroid,1,605,Xtreme,Gemini,"[""Gemini"", ""Triton"", ""Xtreme"", ""Braga"", ""Trius""]","[0.5938599705696106, 0.5636338591575623, 0.4959051311016083, 0.45088818669319153, 0.4223647117614746]"
2,centroid,1,606,Xtreme,Xtreme,"[""Xtreme"", ""Gemini"", ""Braga"", ""Triton"", ""Ilias""]","[0.918170154094696, 0.5427154898643494, 0.1432304084300995, 0.09658506512641907, 0.06764911115169525]"
2,centroid,1,607,Xtreme,Gemini,"[""Gemini"", ""Xtreme"", ""Trius"", ""Denom"", ""Braga""]","[0.563524603843689, 0.4877842962741852, 0.3867933452129364, 0.32499951124191284, 0.21263058483600616]"
2,centroid,1,608,Xtreme,Xtreme,"[""Xtreme"", ""Gemini"", ""Hawk"", ""Steel_Wheel"", ""Braga""]","[0.9885825514793396, 0.4953829348087311, 0.08544278144836426, 0.07600513100624084, 0.06973594427108765]"
2,centroid,1,609,Xtreme,Xtreme,"[""Xtreme"", ""Gemini"", ""Velorum"", ""Ilias"", ""Trius""]","[0.661888837814331, 0.5478631258010864, 0.49359291791915894, 0.28451818227767944, 0.2147337794303894]"
3,centroid,1,0,Alaris,Alaris,"[""Alaris"", ""Alcatras"", ""Trius"", ""Braga"", ""Turbine""]","[0.8064067363739014, 0.6654607057571411, 0.4522669315338135, 0.41200119256973267, 0.36538955569267273]"
3,centroid,1,1,Alaris,Alaris,"[""Alaris"", ""Alcatras"", ""Turbine"", ""Trius"", ""Hawk""]","[0.9565165042877197, 0.7445195317268372, 0.4132484793663025, 0.3544207513332367, 0.29110434651374817]"
3,centroid,1,2,Alaris,Alaris,"[""Alaris"", ""Alcatras"", ""Hawk"", ""Vega"", ""Turbine""]","[0.7643380165100098, 0.6194086074829102, 0.487293541431427, 0.18235206604003906, 0.0977993831038475]"
3,centroid,1,3,Alaris,Alaris,"[""Alaris"", ""Alcatras"", ""Trius"", ""Hawk"", ""Braga""]","[0.9411466717720032, 0.7156400680541992, 0.50650954246521, 0.3783543109893799, 0.36767175793647766]"
3,centroid,1,4,Alaris,Alaris,"[""Alaris"", ""Alcatras"", ""Hawk"", ""Turbine"", ""Trius""]","[0.892668604850769, 0.692431628704071, 0.313232421875, 0.23891288042068481, 0.17871975898742676]"
3,centroid,1,5,Alaris,Alaris,"[""Alaris"", ""Hawk"", ""Alcatras"", ""Trius"", ""Turbine""]","[0.6210955381393433, 0.5665179491043091, 0.4726387858390808, 0.259114146232605, 0.259100079536438]"
3,centroid,1,6,Alaris,Alaris,"[""Alaris"", ""Alcatras"", ""Hawk"", ""Vega"", ""Turbine""]","[0.8153672218322754, 0.6119722723960876, 0.5994219779968262, 0.4921897053718567, 0.3388492465019226]"
3,centroid,1,7,Alaris,Alaris,"[""Alaris"", ""Alcatras"", ""Trius"", ""Vega"", ""Castor""]","[0.824292778968811, 0.6378527879714966, 0.4912802278995514, 0.3396443724632263, 0.3051634132862091]"
3,centroid,1,8,Alaris,Alaris,"[""Alaris"", ""Alcatras"", ""Trius"", ""Turbine"", ""Vega""]","[0.8265635967254639, 0.6950281858444214, 0.43086081743240356, 0.2482832670211792, 0.21163524687290192]"
3,centroid,1,9,Alaris,Alcatras,"[""Alcatras"", ""Castor"", ""Braga"", ""Xtreme"", ""Gemini""]","[0.35967186093330383, 0.3099389672279358, 0.27850618958473206, 0.2525674104690552, 0.23236221075057983]"
3,centroid,1,10,Alaris,Alaris,"[""Alaris"", ""Alcatras"", ""Braga"", ""Turbine"", ""Trius""]","[0.8156114220619202, 0.5647826194763184, 0.5350624322891235, 0.4023764133453369, 0.38873928785324097]"
3,centroid,1,11,Alaris,Alaris,"[""Alaris"", ""Alcatras"", ""Mytikas"", ""Trius"", ""Castor""]","[0.774845540523529, 0.6764671206474304, 0.41958314180374146, 0.4023280441761017, 0.28318408131599426]"
3,centroid,1,12,Alaris,Triton,"[""Triton"", ""Castor"", ""Braga"", ""Trius"", ""Mytikas""]","[0.7879548668861389, 0.5806270241737366, 0.5802265405654907, 0.5340704321861267, 0.41559338569641113]"
3,centroid,1,13,Alaris,Alaris,"[""Alaris"", ""Trius"", ""Alcatras"", ""Gemini"", ""Vega""]","[0.7503939867019653, 0.44995439052581787, 0.41979968547821045, 0.3057948648929596, 0.2536897659301758]"
3,centroid,1,14,Alaris,Alaris,"[""Alaris"", ""Alcatras"", ""Vega"", ""Braga"", ""Turbine""]","[0.8204253911972046, 0.6306335926055908, 0.3817627429962158, 0.35765936970710754, 0.33156195282936096]"
3,centroid,1,15,Alaris,Alaris,"[""Alaris"", ""Alcatras"", ""Trius"", ""Braga"", ""Hawk""]","[0.896882951259613, 0.7828028202056885, 0.4831239581108093, 0.48201027512550354, 0.40365931391716003]"
3,centroid,1,16,Alaris,Alaris,"[""Alaris"", ""Alcatras"", ""Trius"", ""Vega"", ""Braga""]","[0.9483469724655151, 0.6651870012283325, 0.41522204875946045, 0.3462423086166382, 0.343214213848114]"
3,centroid,1,17,Alaris,Alaris,"[""Alaris"", ""Alcatras"", ""Braga"", ""Hawk"", ""Trius""]","[0.8647770881652832, 0.6593707203865051, 0.5160431861877441, 0.5139956474304199, 0.4771614372730255]"
3,centroid,1,18,Alaris,Alaris,"[""Alaris"", ""Alcatras"", ""Turbine"", ""Braga"", ""Vega""]","[0.7770559191703796, 0.6621309518814087, 0.5077874064445496, 0.4922367334365845, 0.3206271231174469]"
3,centroid,1,19,Alaris,Alaris,"[""Alaris"", ""Hawk"", ""Alcatras"", ""Mytikas"", ""Turbine""]","[0.6451802253723145, 0.445455402135849, 0.39926889538764954, 0.26151373982429504, 0.17683357000350952]"
3,centroid,1,20,Alaris,Mytikas,"[""Mytikas"", ""Braga"", ""Trius"", ""Castor"", ""Triton""]","[0.7304973602294922, 0.6598843336105347, 0.5530427098274231, 0.520932674407959, 0.43586599826812744]"
3,centroid,1,21,Alaris,Alaris,"[""Alaris"", ""Alcatras"", ""Turbine"", ""Castor"", ""Hawk""]","[0.7928341627120972, 0.5337764620780945, 0.31090959906578064, 0.23305319249629974, 0.17603318393230438]"
3,centroid,1,22,Alaris,Alaris,"[""Alaris"", ""Hawk"", ""Alcatras"", ""Mytikas"", ""Turbine""]","[0.690333902835846, 0.4696483910083771, 0.4544895887374878, 0.21339881420135498, 0.1907634735107422]"
3,centroid,1,23,Alaris,Alaris,"[""Alaris"", ""Trius"", ""Triton"", ""Alcatras"", ""Braga""]","[0.6699732542037964, 0.5662001371383667, 0.5449528694152832, 0.5317835807800293, 0.2683677077293396]"
3,centroid,1,24,Alaris,Alaris,"[""Alaris"", ""Alcatras"", ""Trius"", ""Braga"", ""Hawk""]","[0.9154291749000549, 0.6799853444099426, 0.5314198136329651, 0.4867608845233917, 0.473273366689682]"
3,centroid,1,25,Alaris,Alaris,"[""Alaris"", ""Hawk"", ""Alcatras"", ""Turbine"", ""Vega""]","[0.536658763885498, 0.5333188772201538, 0.498607337474823, 0.36942145228385925, 0.0926303043961525]"
3,centroid,1,26,Alaris,Braga,"[""Braga"", ""Triton"", ""Trius"", ""Alaris"", ""Alcatras""]","[0.4863373041152954, 0.4458886384963989, 0.4350813627243042, 0.43010520935058594, 0.40987032651901245]"
3,centroid,1,27,Alcatras,Alcatras,"[""Alcatras"", ""Castor"", ""Alaris"", ""Trius"", ""Braga""]","[0.7829335331916809, 0.6812846660614014, 0.5193528532981873, 0.5188432335853577, 0.5053315162658691]"
3,centroid,1,28,Alcatras,Castor,"[""Castor"", ""Braga"", ""Mytikas"", ""Alcatras"", ""Triton""]","[0.8506507277488708, 0.55305016040802, 0.5234947800636292, 0.48887211084365845, 0.46752625703811646]"
3,centroid,1,29,Alcatras,Alcatras,"[""Alcatras"", ""Castor"", ""Alaris"", ""Trius"", ""Braga""]","[0.7770485877990723, 0.5640048980712891, 0.5582101345062256, 0.3808808922767639, 0.34128209948539734]"
3,centroid,1,30,Alcatras,Alcatras,"[""Alcatras"", ""Alaris"", ""Castor"", ""Braga"", ""Trius""]","[0.9084777235984802, 0.6796063184738159, 0.49922052025794983, 0.3350304365158081, 0.3158596456050873]"
3,centroid,1,31,Alcatras,Alcatras,"[""Alcatras"", ""Alaris"", ""Trius"", ""Triton"", ""Castor""]","[0.7234406471252441, 0.7222711443901062, 0.5795547366142273, 0.4332345724105835, 0.3518792986869812]"
3,centroid,1,32,Alcatras,Alcatras,"[""Alcatras"", ""Alaris"", ""Castor"", ""Braga"", ""Hawk""]","[0.8884148597717285, 0.6008865833282471, 0.5300401449203491, 0.23003198206424713, 0.22309038043022156]"
3,centroid,1,33,Alcatras,Alcatras,"[""Alcatras"", ""Castor"", ""Alaris"", ""Trius"", ""Braga""]","[0.8932322263717651, 0.6728172302246094, 0.5674532651901245, 0.4741859436035156, 0.44059279561042786]"
3,centroid,1,34,Alcatras,Alcatras,"[""Alcatras"", ""Alaris"", ""Castor"", ""Hawk"", ""Braga""]","[0.9016609787940979, 0.7017982006072998, 0.48450061678886414, 0.3630296587944031, 0.3054571747779846]"
3,centroid,1,35,Alcatras,Alcatras,"[""Alcatras"", ""Castor"", ""Alaris"", ""Braga"", ""Trius""]","[0.8730969429016113, 0.631863534450531, 0.6028491258621216, 0.34589019417762756, 0.31637394428253174]"
3,centroid,1,36,Alcatras,Alcatras,"[""Alcatras"", ""Alaris"", ""Braga"", ""Castor"", ""Mytikas""]","[0.8747586011886597, 0.5828115344047546, 0.4949776530265808, 0.4848116636276245, 0.39054569602012634]"
3,centroid,1,37,Alcatras,Castor,"[""Castor"", ""Trius"", ""Triton"", ""Mytikas"", ""Alcatras""]","[0.7040176391601562, 0.6429859399795532, 0.6412739753723145, 0.6379565000534058, 0.5165665745735168]"
3,centroid,1,38,Alcatras,Alcatras,"[""Alcatras"", ""Alaris"", ""Castor"", ""Braga"", ""Hawk""]","[0.8916540145874023, 0.6460222601890564, 0.5165523290634155, 0.49119335412979126, 0.41764575242996216]"
3,centroid,1,39,Alcatras,Alcatras,"[""Alcatras"", ""Alaris"", ""Castor"", ""Hawk"", ""Trius""]","[0.8527567386627197, 0.6773742437362671, 0.4014882743358612, 0.2515435516834259, 0.23473267257213593]"
3,centroid,1,40,Alcatras,Alcatras,"[""Alcatras"", ""Alaris"", ""Castor"", ""Braga"", ""Trius""]","[0.9267578125, 0.7015808820724487, 0.4934549927711487, 0.2962709367275238, 0.24220171570777893]"
3,centroid,1,41,Alcatras,Alcatras,"[""Alcatras"", ""Braga"", ""Alaris"", ""Castor"", ""Trius""]","[0.7979086637496948, 0.5523300170898438, 0.4950804114341736, 0.4209620952606201, 0.31425413489341736]"
3,centroid,1,42,Alcatras,Alcatras,"[""Alcatras"", ""Alaris"", ""Trius"", ""Castor"", ""Velorum""]","[0.8263052701950073, 0.5435618758201599, 0.41766196489334106, 0.367060124874115, 0.36254560947418213]"
3,centroid,1,43,Alcatras,Alcatras,"[""Alcatras"", ""Alaris"", ""Castor"", ""Trius"", ""Braga""]","[0.8792281150817871, 0.8208976984024048, 0.47873491048812866, 0.35680803656578064, 0.3319527506828308]"
3,centroid,1,44,Alcatras,Alcatras,"[""Alcatras"", ""Castor"", ""Mytikas"", ""Alaris"", ""Braga""]","[0.8014675974845886, 0.7886154651641846, 0.6387685537338257, 0.5377556681632996, 0.5368632674217224]"
3,centroid,1,45,Alcatras,Alcatras,"[""Alcatras"", ""Castor"", ""Alaris"", ""Trius"", ""Turbine""]","[0.8600801229476929, 0.703743577003479, 0.6601346731185913, 0.318379282951355, 0.31418147683143616]"
3,centroid,1,46,Alcatras,Alcatras,"[""Alcatras"", ""Alaris"", ""Castor"", ""Hawk"", ""Turbine""]","[0.8052396178245544, 0.6891261339187622, 0.49667519330978394, 0.27504321932792664, 0.24831756949424744]"
3,centroid,1,47,Alcatras,Alcatras,"[""Alcatras"", ""Braga"", ""Trius"", ""Castor"", ""Alaris""]","[0.7692364454269409, 0.5655708909034729, 0.558188259601593, 0.4240458607673645, 0.41827574372291565]"
3,centroid,1,48,Alcatras,Alcatras,"[""Alcatras"", ""Alaris"", ""Castor"", ""Hawk"", ""Turbine""]","[0.8430013656616211, 0.7618988752365112, 0.3457690477371216, 0.28633973002433777, 0.22079600393772125]"
3,centroid,1,49,Alcatras,Alcatras,"[""Alcatras"", ""Castor"", ""Mytikas"", ""Trius"", ""Triton""]","[0.6872854232788086, 0.6193461418151855, 0.578788697719574, 0.575187623500824, 0.5717683434486389]"
3,centroid,1,50,Alcatras,Alcatras,"[""Alcatras"", ""Alaris"", ""Castor"", ""Hawk"", ""Braga""]","[0.8443440794944763, 0.7469866275787354, 0.30420026183128357, 0.2862781882286072, 0.19943773746490479]"
3,centroid,1,51,Alcatras,Alcatras,"[""Alcatras"", ""Alaris"", ""Castor"", ""Hawk"", ""Mytikas""]","[0.775294840335846, 0.5916095972061157, 0.4214503765106201, 0.1953878253698349, 0.17943444848060608]"
3,centroid,1,52,Alcatras,Turbine,"[""Turbine"", ""Vega"", ""Hawk"", ""Alaris"", ""Alcatras""]","[0.6936715245246887, 0.6181901693344116, 0.5115969777107239, 0.5021401047706604, 0.27607667446136475]"
3,centroid,1,53,Braga,Braga,"[""Braga"", ""Castor"", ""Alcatras"", ""Trius"", ""Triton""]","[0.7754926681518555, 0.765998363494873, 0.5689314603805542, 0.5603954792022705, 0.47662580013275146]"
3,centroid,1,54,Braga,Braga,"[""Braga"", ""Vega"", ""Gemini"", ""Hawk"", ""Turbine""]","[0.7957367897033691, 0.5088640451431274, 0.46609896421432495, 0.37744712829589844, 0.2990744709968567]"
3,centroid,1,55,Braga,Braga,"[""Braga"", ""Hawk"", ""Castor"", ""Turbine"", ""Alcatras""]","[0.7545895576477051, 0.5465008020401001, 0.49857771396636963, 0.49499523639678955, 0.4702315926551819]"
3,centroid,1,56,Braga,Braga,"[""Braga"", ""Castor"", ""Alcatras"", ""Triton"", ""Trius""]","[0.8549455404281616, 0.5078685283660889, 0.4854707717895508, 0.40585243701934814, 0.38497936725616455]"
3,centroid,1,57,Braga,Vega,"[""Vega"", ""Turbine"", ""Hawk"", ""Braga"", ""Alaris""]","[0.7669229507446289, 0.6902837753295898, 0.5926342010498047, 0.46588730812072754, 0.29430121183395386]"
3,centroid,1,58,Braga,Braga,"[""Braga"", ""Alcatras"", ""Castor"", ""Triton"", ""Turbine""]","[0.83794105052948, 0.5978575944900513, 0.5947235822677612, 0.5063046813011169, 0.4987364709377289]"
3,centroid,1,59,Braga,Braga,"[""Braga"", ""Castor"", ""Triton"", ""Trius"", ""Mytikas""]","[0.8924437761306763, 0.6041898131370544, 0.5242390632629395, 0.4865179657936096, 0.3491968810558319]"
3,centroid,1,60,Braga,Braga,"[""Braga"", ""Trius"", ""Alcatras"", ""Triton"", ""Alaris""]","[0.8246955275535583, 0.536838710308075, 0.5330557227134705, 0.5325567722320557, 0.5218652486801147]"
3,centroid,1,61,Braga,Braga,"[""Braga"", ""Vega"", ""Trius"", ""Gemini"", ""Triton""]","[0.8287436962127686, 0.4706244170665741, 0.4475635588169098, 0.43987399339675903, 0.3742372393608093]"
3,centroid,1,62,Braga,Alaris,"[""Alaris"", ""Turbine"", ""Alcatras"", ""Castor"", ""Braga""]","[0.7265267968177795, 0.6600004434585571, 0.5790654420852661, 0.528841495513916, 0.4959418773651123]"
3,centroid,1,63,Braga,Braga,"[""Braga"", ""Alaris"", ""Turbine"", ""Hawk"", ""Alcatras""]","[0.8621865510940552, 0.5370165705680847, 0.5336443781852722, 0.5136071443557739, 0.4409154951572418]"
3,centroid,1,64,Braga,Braga,"[""Braga"", ""Triton"", ""Trius"", ""Castor"", ""Alcatras""]","[0.7166051864624023, 0.6897657513618469, 0.668251633644104, 0.6396924257278442, 0.6056396961212158]"
3,centroid,1,65,Braga,Braga,"[""Braga"", ""Triton"", ""Mytikas"", ""Trius"", ""Castor""]","[0.869141697883606, 0.5667853951454163, 0.4977032542228699, 0.49083343148231506, 0.4216654300689697]"
3,centroid,1,66,Braga,Braga,"[""Braga"", ""Castor"", ""Hawk"", ""Turbine"", ""Gemini""]","[0.8968822360038757, 0.41831687092781067, 0.37660717964172363, 0.37459301948547363, 0.363389790058136]"
3,centroid,1,67,Braga,Braga,"[""Braga"", ""Trius"", ""Turbine"", ""Alaris"", ""Vega""]","[0.870617687702179, 0.5333625078201294, 0.5208371877670288, 0.5124689936637878, 0.464759886264801]"
3,centroid,1,68,Braga,Braga,"[""Braga"", ""Castor"", ""Turbine"", ""Hawk"", ""Alcatras""]","[0.8806703090667725, 0.6462814807891846, 0.6217139959335327, 0.3984386920928955, 0.34992682933807373]"
3,centroid,1,69,Braga,Braga,"[""Braga"", ""Turbine"", ""Castor"", ""Triton"", ""Vega""]","[0.7391671538352966, 0.6601169109344482, 0.4189901649951935, 0.3896403908729553, 0.3528452515602112]"
3,centroid,1,70,Braga,Braga,"[""Braga"", ""Vega"", ""Turbine"", ""Hawk"", ""Gemini""]","[0.8063226342201233, 0.6336023807525635, 0.4663544297218323, 0.418135404586792, 0.2955198884010315]"
3,centroid,1,71,Braga,Braga,"[""Braga"", ""Vega"", ""Turbine"", ""Castor"", ""Triton""]","[0.8023190498352051, 0.4425007700920105, 0.4257393479347229, 0.3484123945236206, 0.29103726148605347]"
3,centroid,1,72,Braga,Braga,"[""Braga"", ""Vega"", ""Gemini"", ""Trius"", ""Triton""]","[0.8025169372558594, 0.6927229762077332, 0.6244044303894043, 0.6214624047279358, 0.39859557151794434]"
3,centroid,1,73,Braga,Braga,"[""Braga"", ""Turbine"", ""Vega"", ""Xtreme"", ""Castor""]","[0.6028653979301453, 0.5371261835098267, 0.3194769024848938, 0.30375173687934875, 0.27239990234375]"
3,centroid,1,74,Braga,Braga,"[""Braga"", ""Castor"", ""Triton"", ""Trius"", ""Turbine""]","[0.8773989677429199, 0.6983778476715088, 0.5806097388267517, 0.46056342124938965, 0.4282796084880829]"
3,centroid,1,75,Braga,Braga,"[""Braga"", ""Vega"", ""Gemini"", ""Trius"", ""Hawk""]","[0.7049764394760132, 0.7023658752441406, 0.6008042097091675, 0.5281581878662109, 0.39510250091552734]"
3,centroid,1,76,Braga,Triton,"[""Triton"", ""Braga"", ""Trius"", ""Castor"", ""Gemini""]","[0.6492305397987366, 0.6452367901802063, 0.5737784504890442, 0.5201643705368042, 0.44428253173828125]"
3,centroid,1,77,Braga,Braga,"[""Braga"", ""Castor"", ""Triton"", ""Alcatras"", ""Mytikas""]","[0.8479872941970825, 0.5745049715042114, 0.5668528079986572, 0.5417925715446472, 0.5215561389923096]"
3,centroid,1,78,Braga,Braga,"[""Braga"", ""Alcatras"", ""Trius"", ""Triton"", ""Alaris""]","[0.8442529439926147, 0.5522701740264893, 0.49858224391937256, 0.4592609703540802, 0.42836737632751465]"
3,centroid,1,79,Braga,Braga,"[""Braga"", ""Castor"", ""Turbine"", ""Trius"", ""Triton""]","[0.8512117266654968, 0.6669814586639404, 0.5537998080253601, 0.3402212858200073, 0.3335742950439453]"
3,centroid,1,80,Braga,Braga,"[""Braga"", ""Alcatras"", ""Castor"", ""Alaris"", ""Hawk""]","[0.8389686346054077, 0.6301741003990173, 0.5883705615997314, 0.43314704298973083, 0.42263227701187134]"
3,centroid,1,81,Braga,Vega,"[""Vega"", ""Braga"", ""Hawk"", ""Gemini"", ""Turbine""]","[0.7216951847076416, 0.590822696685791, 0.4731617569923401, 0.44607704877853394, 0.3864022493362427]"
3,centroid,1,82,Braga,Braga,"[""Braga"", ""Alcatras"", ""Alaris"", ""Turbine"", ""Castor""]","[0.8661413192749023, 0.5931851267814636, 0.5815085172653198, 0.45643699169158936, 0.43325716257095337]"
3,centroid,1,83,Braga,Braga,"[""Braga"", ""Vega"", ""Hawk"", ""Turbine"", ""Gemini""]","[0.7116262316703796, 0.6792537569999695, 0.529489278793335, 0.45881325006484985, 0.44170141220092773]"
3,centroid,1,84,Braga,Braga,"[""Braga"", ""Alcatras"", ""Turbine"", ""Alaris"", ""Hawk""]","[0.7585519552230835, 0.5214297771453857, 0.4626479744911194, 0.41393759846687317, 0.3821510672569275]"
3,centroid,1,85,Braga,Castor,"[""Castor"", ""Braga"", ""Alcatras"", ""Mytikas"", ""Trius""]","[0.7498440742492676, 0.6104167103767395, 0.5784317255020142, 0.5759868025779724, 0.48981520533561707]"
3,centroid,1,86,Braga,Braga,"[""Braga"", ""Alcatras"", ""Alaris"", ""Trius"", ""Vega""]","[0.8133735656738281, 0.5177932977676392, 0.4368310570716858, 0.4006991386413574, 0.28700774908065796]"
3,centroid,1,87,Braga,Vega,"[""Vega"", ""Gemini"", ""Braga"", ""Trius"", ""Turbine""]","[0.6807610392570496, 0.5776020884513855, 0.38022351264953613, 0.2771598696708679, 0.17266438901424408]"
3,centroid,1,88,Braga,Braga,"[""Braga"", ""Vega"", ""Turbine"", ""Alaris"", ""Alcatras""]","[0.7319700717926025, 0.6528457403182983, 0.5375745296478271, 0.5106594562530518, 0.46739599108695984]"
3,centroid,1,89,Braga,Triton,"[""Triton"", ""Mytikas"", ""Castor"", ""Trius"", ""Braga""]","[0.7411085963249207, 0.6330683827400208, 0.5143580436706543, 0.4895780682563782, 0.4883532226085663]"
3,centroid,1,90,Castor,Castor,"[""Castor"", ""Alcatras"", ""Turbine"", ""Alaris"", ""Braga""]","[0.7595821619033813, 0.7186300158500671, 0.5975199341773987, 0.539919376373291, 0.3412778675556183]"
3,centroid,1,91,Castor,Castor,"[""Castor"", ""Mytikas"", ""Braga"", ""Triton"", ""Alcatras""]","[0.9238345623016357, 0.6493626236915588, 0.5618433356285095, 0.5575469732284546, 0.4436817169189453]"
3,centroid,1,92,Castor,Castor,"[""Castor"", ""Alcatras"", ""Turbine"", ""Mytikas"", ""Braga""]","[0.8896023631095886, 0.65693199634552, 0.5253212451934814, 0.3987841010093689, 0.3506994843482971]"
3,centroid,1,93,Castor,Castor,"[""Castor"", ""Turbine"", ""Alcatras"", ""Braga"", ""Mytikas""]","[0.8904913663864136, 0.6984930634498596, 0.44802623987197876, 0.4404556155204773, 0.3907184898853302]"
3,centroid,1,94,Castor,Castor,"[""Castor"", ""Braga"", ""Triton"", ""Trius"", ""Alcatras""]","[0.8550811409950256, 0.5890831351280212, 0.515530526638031, 0.4515053629875183, 0.36867353320121765]"
3,centroid,1,95,Castor,Castor,"[""Castor"", ""Turbine"", ""Braga"", ""Mytikas"", ""Alcatras""]","[0.9274193048477173, 0.4977695941925049, 0.4502575993537903, 0.367979496717453, 0.3548179566860199]"
3,centroid,1,96,Castor,Castor,"[""Castor"", ""Braga"", ""Alcatras"", ""Turbine"", ""Triton""]","[0.9468470811843872, 0.5075512528419495, 0.4916421175003052, 0.48562586307525635, 0.47060105204582214]"
3,centroid,1,97,Castor,Castor,"[""Castor"", ""Mytikas"", ""Triton"", ""Alcatras"", ""Braga""]","[0.8722274899482727, 0.6170576810836792, 0.5735998749732971, 0.4195655584335327, 0.3607317805290222]"
3,centroid,1,98,Castor,Castor,"[""Castor"", ""Triton"", ""Mytikas"", ""Velorum"", ""Alcatras""]","[0.6878381967544556, 0.5509622097015381, 0.49309438467025757, 0.3315860331058502, 0.3158743381500244]"
3,centroid,1,99,Castor,Castor,"[""Castor"", ""Turbine"", ""Triton"", ""Alcatras"", ""Velorum""]","[0.6609599590301514, 0.5021679401397705, 0.3718065321445465, 0.2654036283493042, 0.24139843881130219]"
3,centroid,1,100,Castor,Castor,"[""Castor"", ""Mytikas"", ""Triton"", ""Alcatras"", ""Turbine""]","[0.8924477696418762, 0.5967880487442017, 0.46558859944343567, 0.4368268549442291, 0.39205610752105713]"
3,centroid,1,101,Castor,Castor,"[""Castor"", ""Turbine"", ""Braga"", ""Mytikas"", ""Triton""]","[0.9278779625892639, 0.5047475099563599, 0.4478296637535095, 0.37632304430007935, 0.36637938022613525]"
3,centroid,1,102,Castor,Castor,"[""Castor"", ""Alcatras"", ""Turbine"", ""Braga"", ""Mytikas""]","[0.8927955627441406, 0.6285272836685181, 0.5596423149108887, 0.530673623085022, 0.4089048504829407]"
3,centroid,1,103,Castor,Castor,"[""Castor"", ""Mytikas"", ""Triton"", ""Turbine"", ""Alcatras""]","[0.9287599325180054, 0.588326096534729, 0.5453767776489258, 0.5094703435897827, 0.4356834888458252]"
3,centroid,1,104,Castor,Castor,"[""Castor"", ""Braga"", ""Triton"", ""Mytikas"", ""Trius""]","[0.8984981775283813, 0.6599668264389038, 0.569707453250885, 0.5242050886154175, 0.4071916937828064]"
3,centroid,1,105,Castor,Castor,"[""Castor"", ""Mytikas"", ""Triton"", ""Turbine"", ""Braga""]","[0.9394272565841675, 0.5207129716873169, 0.4428306221961975, 0.43319451808929443, 0.4234466552734375]"
3,centroid,1,106,Castor,Castor,"[""Castor"", ""Turbine"", ""Braga"", ""Mytikas"", ""Triton""]","[0.9126449823379517, 0.5805176496505737, 0.43383026123046875, 0.40867626667022705, 0.404674768447876]"
3,centroid,1,107,Castor,Castor,"[""Castor"", ""Mytikas"", ""Braga"", ""Turbine"", ""Triton""]","[0.9049361944198608, 0.5856170654296875, 0.5191010236740112, 0.503892719745636, 0.4904860854148865]"
3,centroid,1,108,Castor,Castor,"[""Castor"", ""Turbine"", ""Alcatras"", ""Braga"", ""Mytikas""]","[0.9233431816101074, 0.5251932144165039, 0.524356484413147, 0.4679858088493347, 0.4576355218887329]"
3,centroid,1,109,Castor,Castor,"[""Castor"", ""Mytikas"", ""Triton"", ""Turbine"", ""Alcatras""]","[0.8085980415344238, 0.7009741067886353, 0.4455336332321167, 0.4184143841266632, 0.36587679386138916]"
3,centroid,1,110,Castor,Triton,"[""Triton"", ""Castor"", ""Mytikas"", ""Braga"", ""Trius""]","[0.6836597919464111, 0.6401763558387756, 0.48719871044158936, 0.38927680253982544, 0.36626508831977844]"
3,centroid,1,111,Castor,Castor,"[""Castor"", ""Turbine"", ""Alcatras"", ""Braga"", ""Mytikas""]","[0.9616275429725647, 0.5513719320297241, 0.5434640645980835, 0.49748221039772034, 0.46505314111709595]"
3,centroid,1,112,Castor,Castor,"[""Castor"", ""Alcatras"", ""Turbine"", ""Mytikas"", ""Alaris""]","[0.8860652446746826, 0.5936288833618164, 0.5828204154968262, 0.49196872115135193, 0.3959444761276245]"
3,centroid,1,113,Castor,Castor,"[""Castor"", ""Mytikas"", ""Triton"", ""Braga"", ""Turbine""]","[0.9086881279945374, 0.5990954637527466, 0.5478858351707458, 0.496053546667099, 0.4397163391113281]"
3,centroid,1,114,Castor,Castor,"[""Castor"", ""Mytikas"", ""Alcatras"", ""Triton"", ""Turbine""]","[0.8367624282836914, 0.5393770933151245, 0.48062074184417725, 0.47958630323410034, 0.3928021788597107]"
3,centroid,1,115,Castor,Castor,"[""Castor"", ""Mytikas"", ""Alcatras"", ""Trius"", ""Alaris""]","[0.8579073548316956, 0.5984102487564087, 0.5036215782165527, 0.4612940549850464, 0.37669020891189575]"
3,centroid,1,116,Castor,Castor,"[""Castor"", ""Turbine"", ""Alcatras"", ""Braga"", ""Mytikas""]","[0.8942452073097229, 0.5576515793800354, 0.5300867557525635, 0.5058060884475708, 0.35976070165634155]"
3,centroid,1,117,Castor,Castor,"[""Castor"", ""Triton"", ""Mytikas"", ""Braga"", ""Alcatras""]","[0.916994035243988, 0.5588486790657043, 0.48039886355400085, 0.44967782497406006, 0.324077844619751]"
3,centroid,1,118,Castor,Castor,"[""Castor"", ""Braga"", ""Triton"", ""Alcatras"", ""Mytikas""]","[0.8941254019737244, 0.7540467977523804, 0.5787971615791321, 0.47358500957489014, 0.467758446931839]"
3,centroid,1,119,Castor,Castor,"[""Castor"", ""Braga"", ""Turbine"", ""Alcatras"", ""Triton""]","[0.7187333703041077, 0.6374553442001343, 0.4968845546245575, 0.4303010106086731, 0.4006142020225525]"
3,centroid,1,120,Castor,Castor,"[""Castor"", ""Braga"", ""Turbine"", ""Mytikas"", ""Triton""]","[0.866466760635376, 0.5941357612609863, 0.5747620463371277, 0.4572737216949463, 0.4466732144355774]"
3,centroid,1,121,Castor,Castor,"[""Castor"", ""Mytikas"", ""Turbine"", ""Braga"", ""Alcatras""]","[0.9634535312652588, 0.5562843680381775, 0.5346067547798157, 0.4614115357398987, 0.4604266881942749]"
3,centroid,1,122,Denom,Denom,"[""Denom"", ""Ratikon"", ""Nivalis"", ""Ilias"", ""Velorum""]","[0.8444139957427979, 0.8325551152229309, 0.7099705934524536, 0.47512948513031006, 0.3139726519584656]"
3,centroid,1,123,Denom,Denom,"[""Denom"", ""Nivalis"", ""Ratikon"", ""Ilias"", ""Velorum""]","[0.917078971862793, 0.8153566122055054, 0.7469707727432251, 0.5707027316093445, 0.4254767894744873]"
3,centroid,1,124,Denom,Denom,"[""Denom"", ""Ratikon"", ""Nivalis"", ""Ilias"", ""Velorum""]","[0.8766019344329834, 0.8639225959777832, 0.7652062773704529, 0.4663879871368408, 0.18137232959270477]"
3,centroid,1,125,Denom,Denom,"[""Denom"", ""Ratikon"", ""Nivalis"", ""Ilias"", ""Velorum""]","[0.939766526222229, 0.7608703374862671, 0.6982303857803345, 0.5658342838287354, 0.24994845688343048]"
3,centroid,1,126,Denom,Denom,"[""Denom"", ""Ratikon"", ""Nivalis"", ""Ilias"", ""Velorum""]","[0.9261487722396851, 0.7050751447677612, 0.6654150485992432, 0.30481934547424316, 0.19148050248622894]"
3,centroid,1,127,Denom,Denom,"[""Denom"", ""Ilias"", ""Ratikon"", ""Nivalis"", ""Xtreme""]","[0.7395167350769043, 0.7228779792785645, 0.6348563432693481, 0.5695115327835083, 0.15150217711925507]"
3,centroid,1,128,Denom,Ratikon,"[""Ratikon"", ""Denom"", ""Nivalis"", ""Ilias"", ""Velorum""]","[0.880623459815979, 0.8644737005233765, 0.7199019193649292, 0.5753790140151978, 0.07521521300077438]"
3,centroid,1,129,Denom,Denom,"[""Denom"", ""Nivalis"", ""Ratikon"", ""Ilias"", ""Velorum""]","[0.958025336265564, 0.8107569217681885, 0.765494704246521, 0.5017116069793701, 0.30580446124076843]"
3,centroid,1,130,Denom,Denom,"[""Denom"", ""Ratikon"", ""Ilias"", ""Nivalis"", ""Velorum""]","[0.8692476153373718, 0.8109070062637329, 0.6785314679145813, 0.6705108880996704, 0.4030187129974365]"
3,centroid,1,131,Denom,Denom,"[""Denom"", ""Ratikon"", ""Nivalis"", ""Ilias"", ""Velorum""]","[0.954744815826416, 0.7327549457550049, 0.6869075298309326, 0.4233729839324951, 0.19337865710258484]"
3,centroid,1,132,Denom,Denom,"[""Denom"", ""Ratikon"", ""Nivalis"", ""Ilias"", ""Velorum""]","[0.9268102645874023, 0.7660467624664307, 0.6872854232788086, 0.3970072269439697, 0.2923968434333801]"
3,centroid,1,133,Denom,Denom,"[""Denom"", ""Ratikon"", ""Ilias"", ""Nivalis"", ""Velorum""]","[0.8827040791511536, 0.7152820825576782, 0.6333649754524231, 0.555575966835022, 0.18967851996421814]"
3,centroid,1,134,Denom,Denom,"[""Denom"", ""Ratikon"", ""Nivalis"", ""Ilias"", ""Velorum""]","[0.8579102754592896, 0.8180681467056274, 0.6894291043281555, 0.581107497215271, 0.09226412326097488]"
3,centroid,1,135,Denom,Denom,"[""Denom"", ""Ratikon"", ""Nivalis"", ""Velorum"", ""Ilias""]","[0.8945306539535522, 0.7307252883911133, 0.6627953052520752, 0.5693913698196411, 0.5670637488365173]"
3,centroid,1,136,Denom,Denom,"[""Denom"", ""Nivalis"", ""Ratikon"", ""Ilias"", ""Velorum""]","[0.9037017822265625, 0.5802005529403687, 0.5741112232208252, 0.3229147791862488, 0.31847062706947327]"
3,centroid,1,137,Denom,Denom,"[""Denom"", ""Nivalis"", ""Ratikon"", ""Ilias"", ""Velorum""]","[0.8962967395782471, 0.8363158702850342, 0.7700155973434448, 0.40698397159576416, 0.27958619594573975]"
3,centroid,1,138,Denom,Denom,"[""Denom"", ""Ratikon"", ""Nivalis"", ""Ilias"", ""Velorum""]","[0.8612529039382935, 0.7441886067390442, 0.6725021600723267, 0.570525586605072, 0.34131699800491333]"
3,centroid,1,139,Denom,Denom,"[""Denom"", ""Ratikon"", ""Ilias"", ""Nivalis"", ""Xtreme""]","[0.838868260383606, 0.5120445489883423, 0.49440571665763855, 0.435487300157547, 0.24688592553138733]"
3,centroid,1,140,Denom,Denom,"[""Denom"", ""Nivalis"", ""Velorum"", ""Ratikon"", ""Ilias""]","[0.8632093667984009, 0.4555356502532959, 0.4022212326526642, 0.3973173499107361, 0.31915539503097534]"
3,centroid,1,141,Denom,Denom,"[""Denom"", ""Ratikon"", ""Nivalis"", ""Ilias"", ""Velorum""]","[0.8978546857833862, 0.7067850828170776, 0.5545462369918823, 0.3373810350894928, 0.20958854258060455]"
3,centroid,1,142,Denom,Denom,"[""Denom"", ""Nivalis"", ""Ratikon"", ""Ilias"", ""Gemini""]","[0.7594342231750488, 0.6198945641517639, 0.5501745939254761, 0.4596887528896332, 0.3429502248764038]"
3,centroid,1,143,Denom,Denom,"[""Denom"", ""Ratikon"", ""Ilias"", ""Nivalis"", ""Velorum""]","[0.8374142646789551, 0.8253963589668274, 0.5586122870445251, 0.4930596947669983, 0.0978257954120636]"
3,centroid,1,144,Denom,Denom,"[""Denom"", ""Ratikon"", ""Ilias"", ""Nivalis"", ""Velorum""]","[0.8981165885925293, 0.7238190174102783, 0.639940619468689, 0.5779205560684204, 0.4089771509170532]"
3,centroid,1,145,Denom,Denom,"[""Denom"", ""Nivalis"", ""Ratikon"", ""Ilias"", ""Triton""]","[0.8892475366592407, 0.6683637499809265, 0.6472511291503906, 0.5616310834884644, 0.15105322003364563]"
3,centroid,1,146,Denom,Denom,"[""Denom"", ""Velorum"", ""Ratikon"", ""Nivalis"", ""Ilias""]","[0.7761344909667969, 0.6797623634338379, 0.4926670789718628, 0.4603986144065857, 0.4442506432533264]"
3,centroid,1,147,Denom,Denom,"[""Denom"", ""Ratikon"", ""Nivalis"", ""Ilias"", ""Velorum""]","[0.903630256652832, 0.7371962070465088, 0.7245165109634399, 0.6235938668251038, 0.2633214294910431]"
3,centroid,1,148,Denom,Denom,"[""Denom"", ""Ratikon"", ""Ilias"", ""Nivalis"", ""Velorum""]","[0.9215481281280518, 0.68586266040802, 0.6295630931854248, 0.6169360280036926, 0.36593520641326904]"
3,centroid,1,149,Denom,Denom,"[""Denom"", ""Ratikon"", ""Nivalis"", ""Ilias"", ""Velorum""]","[0.9108608961105347, 0.8615645170211792, 0.802826464176178, 0.6441317200660706, 0.3247077167034149]"
3,centroid,1,150,Denom,Denom,"[""Denom"", ""Nivalis"", ""Ratikon"", ""Ilias"", ""Velorum""]","[0.8838474750518799, 0.7036992907524109, 0.6057513952255249, 0.5273162126541138, 0.49550682306289673]"
3,centroid,1,151,Denom,Denom,"[""Denom"", ""Ratikon"", ""Nivalis"", ""Ilias"", ""Velorum""]","[0.9109735488891602, 0.848276674747467, 0.8349295258522034, 0.5127508640289307, 0.3587491810321808]"
3,centroid,1,152,Denom,Denom,"[""Denom"", ""Ratikon"", ""Nivalis"", ""Ilias"", ""Steel_Wheel""]","[0.8482943773269653, 0.778313398361206, 0.5844817757606506, 0.3209095001220703, 0.041263826191425323]"
3,centroid,1,153,Denom,Denom,"[""Denom"", ""Nivalis"", ""Ratikon"", ""Ilias"", ""Velorum""]","[0.9046393036842346, 0.7886966466903687, 0.7404585480690002, 0.4561351239681244, 0.36405670642852783]"
3,centroid,1,154,Denom,Denom,"[""Denom"", ""Nivalis"", ""Trius"", ""Ratikon"", ""Ilias""]","[0.7969571352005005, 0.43487876653671265, 0.4151230454444885, 0.41210073232650757, 0.3150061368942261]"
3,centroid,1,155,Denom,Denom,"[""Denom"", ""Nivalis"", ""Ratikon"", ""Ilias"", ""Velorum""]","[0.8472539186477661, 0.7460564970970154, 0.6522588729858398, 0.38262778520584106, 0.35453057289123535]"
3,centroid,1,156,Denom,Denom,"[""Denom"", ""Nivalis"", ""Ilias"", ""Ratikon"", ""Xtreme""]","[0.9073370695114136, 0.6472817659378052, 0.5370920300483704, 0.5285847783088684, 0.209316223859787]"
3,centroid,1,157,Denom,Denom,"[""Denom"", ""Ilias"", ""Nivalis"", ""Velorum"", ""Ratikon""]","[0.8162124752998352, 0.6529735326766968, 0.5460124015808105, 0.5385461449623108, 0.5045957565307617]"
3,centroid,1,158,Denom,Denom,"[""Denom"", ""Velorum"", ""Trius"", ""Ratikon"", ""Nivalis""]","[0.7303389310836792, 0.4523303806781769, 0.3739001750946045, 0.31596827507019043, 0.30724990367889404]"
3,centroid,1,159,Gemini,Gemini,"[""Gemini"", ""Xtreme"", ""Braga"", ""Vega"", ""Trius""]","[0.7733306884765625, 0.505756139755249, 0.47770023345947266, 0.34553778171539307, 0.22117401659488678]"
3,centroid,1,160,Gemini,Gemini,"[""Gemini"", ""Xtreme"", ""Hawk"", ""Steel_Wheel"", ""Nivalis""]","[0.40218400955200195, 0.336445689201355, 0.30626964569091797, 0.10120026767253876, 0.08478528261184692]"
3,centroid,1,161,Gemini,Gemini,"[""Gemini"", ""Xtreme"", ""Vega"", ""Braga"", ""Trius""]","[0.9294598698616028, 0.4975515305995941, 0.2774631977081299, 0.18107420206069946, 0.17579711973667145]"
3,centroid,1,162,Gemini,Gemini,"[""Gemini"", ""Xtreme"", ""Trius"", ""Vega"", ""Denom""]","[0.9032049179077148, 0.4130733013153076, 0.35512351989746094, 0.3173227906227112, 0.2350754588842392]"
3,centroid,1,163,Gemini,Gemini,"[""Gemini"", ""Trius"", ""Vega"", ""Alaris"", ""Hawk""]","[0.6941685676574707, 0.528265118598938, 0.43721529841423035, 0.27297642827033997, 0.2643517553806305]"
3,centroid,1,164,Gemini,Gemini,"[""Gemini"", ""Trius"", ""Vega"", ""Braga"", ""Xtreme""]","[0.9149874448776245, 0.5203239917755127, 0.4287828207015991, 0.4115161895751953, 0.4080318212509155]"
3,centroid,1,165,Gemini,Gemini,"[""Gemini"", ""Xtreme"", ""Vega"", ""Trius"", ""Braga""]","[0.8345655202865601, 0.48695844411849976, 0.42480382323265076, 0.35498690605163574, 0.31763023138046265]"
3,centroid,1,166,Gemini,Gemini,"[""Gemini"", ""Vega"", ""Trius"", ""Braga"", ""Turbine""]","[0.7003651857376099, 0.5688440799713135, 0.3974211812019348, 0.36502665281295776, 0.30868828296661377]"
3,centroid,1,167,Gemini,Gemini,"[""Gemini"", ""Xtreme"", ""Vega"", ""Trius"", ""Triton""]","[0.8173511028289795, 0.32309359312057495, 0.269525408744812, 0.2109430432319641, 0.18498721718788147]"
3,centroid,1,168,Gemini,Vega,"[""Vega"", ""Braga"", ""Alcatras"", ""Gemini"", ""Trius""]","[0.6227940320968628, 0.5949394702911377, 0.5459706783294678, 0.38943421840667725, 0.348781943321228]"
3,centroid,1,169,Gemini,Gemini,"[""Gemini"", ""Xtreme"", ""Braga"", ""Trius"", ""Vega""]","[0.9073493480682373, 0.5624265670776367, 0.4986041188240051, 0.3891453742980957, 0.3004484176635742]"
3,centroid,1,170,Gemini,Gemini,"[""Gemini"", ""Xtreme"", ""Hawk"", ""Braga"", ""Vega""]","[0.774918794631958, 0.47279542684555054, 0.43442362546920776, 0.2733553647994995, 0.26240476965904236]"
3,centroid,1,171,Gemini,Gemini,"[""Gemini"", ""Xtreme"", ""Braga"", ""Vega"", ""Trius""]","[0.8604492545127869, 0.5133860111236572, 0.48653095960617065, 0.3629401922225952, 0.27289479970932007]"
3,centroid,1,172,Gemini,Gemini,"[""Gemini"", ""Xtreme"", ""Ilias"", ""Vega"", ""Hawk""]","[0.8241746425628662, 0.6439005136489868, 0.15911102294921875, 0.12478020042181015, 0.11698035895824432]"
3,centroid,1,173,Gemini,Gemini,"[""Gemini"", ""Xtreme"", ""Vega"", ""Braga"", ""Ilias""]","[0.8129595518112183, 0.4662242531776428, 0.2809557318687439, 0.2716122567653656, 0.26050278544425964]"
3,centroid,1,174,Gemini,Gemini,"[""Gemini"", ""Trius"", ""Vega"", ""Braga"", ""Triton""]","[0.6992114782333374, 0.6392477750778198, 0.47242555022239685, 0.3170700669288635, 0.267325222492218]"
3,centroid,1,175,Gemini,Gemini,"[""Gemini"", ""Nivalis"", ""Vega"", ""Xtreme"", ""Denom""]","[0.6570212244987488, 0.47182992100715637, 0.39814239740371704, 0.31547123193740845, 0.29466426372528076]"
3,centroid,1,176,Gemini,Vega,"[""Vega"", ""Gemini"", ""Xtreme"", ""Braga"", ""Turbine""]","[0.5970750451087952, 0.5229865312576294, 0.4132687449455261, 0.29570984840393066, 0.2166382074356079]"
3,centroid,1,177,Gemini,Gemini,"[""Gemini"", ""Trius"", ""Vega"", ""Braga"", ""Alaris""]","[0.8384416103363037, 0.5772926807403564, 0.47193557024002075, 0.23490342497825623, 0.1938323676586151]"
3,centroid,1,178,Gemini,Gemini,"[""Gemini"", ""Trius"", ""Alaris"", ""Alcatras"", ""Ilias""]","[0.7069137096405029, 0.3562278151512146, 0.2847784161567688, 0.19901102781295776, 0.19298776984214783]"
3,centroid,1,179,Gemini,Gemini,"[""Gemini"", ""Vega"", ""Trius"", ""Xtreme"", ""Hawk""]","[0.8745027780532837, 0.44244739413261414, 0.2858494520187378, 0.2503803074359894, 0.132235586643219]"
3,centroid,1,180,Gemini,Gemini,"[""Gemini"", ""Braga"", ""Trius"", ""Vega"", ""Hawk""]","[0.7609785199165344, 0.5684282779693604, 0.5468575954437256, 0.5304300785064697, 0.2432674616575241]"
3,centroid,1,181,Gemini,Vega,"[""Vega"", ""Hawk"", ""Gemini"", ""Xtreme"", ""Turbine""]","[0.4564818739891052, 0.3855147063732147, 0.3393014371395111, 0.23699650168418884, 0.21941204369068146]"
3,centroid,1,182,Gemini,Gemini,"[""Gemini"", ""Hawk"", ""Braga"", ""Xtreme"", ""Alcatras""]","[0.7238612174987793, 0.45613235235214233, 0.45521289110183716, 0.41667166352272034, 0.36065399646759033]"
3,centroid,1,183,Gemini,Gemini,"[""Gemini"", ""Xtreme"", ""Vega"", ""Braga"", ""Trius""]","[0.8676321506500244, 0.6027895212173462, 0.435782253742218, 0.3949755132198334, 0.22924286127090454]"
3,centroid,1,184,Gemini,Gemini,"[""Gemini"", ""Xtreme"", ""Vega"", ""Trius"", ""Hawk""]","[0.8786184787750244, 0.40883898735046387, 0.37330299615859985, 0.11139582097530365, 0.10585013031959534]"
3,centroid,1,185,Gemini,Gemini,"[""Gemini"", ""Xtreme"", ""Braga"", ""Vega"", ""Trius""]","[0.846405029296875, 0.6655994653701782, 0.35117626190185547, 0.2736676335334778, 0.22489097714424133]"
3,centroid,1,186,Hawk,Hawk,"[""Hawk"", ""Braga"", ""Turbine"", ""Vega"", ""Gemini""]","[0.8536604642868042, 0.5340965986251831, 0.48560166358947754, 0.27564266324043274, 0.22560369968414307]"
3,centroid,1,187,Hawk,Hawk,"[""Hawk"", ""Alaris"", ""Vega"", ""Braga"", ""Turbine""]","[0.792313814163208, 0.5508398413658142, 0.4953263998031616, 0.48729249835014343, 0.4605555534362793]"
3,centroid,1,188,Hawk,Hawk,"[""Hawk"", ""Turbine"", ""Alaris"", ""Vega"", ""Alcatras""]","[0.9029357433319092, 0.460119366645813, 0.26070258021354675, 0.2325303554534912, 0.14616861939430237]"
3,centroid,1,189,Hawk,Hawk,"[""Hawk"", ""Alaris"", ""Turbine"", ""Alcatras"", ""Velorum""]","[0.8863391876220703, 0.29614388942718506, 0.2809385061264038, 0.22467836737632751, 0.10314936190843582]"
3,centroid,1,190,Hawk,Hawk,"[""Hawk"", ""Alcatras"", ""Castor"", ""Alaris"", ""Turbine""]","[0.7095453143119812, 0.45587635040283203, 0.3051491677761078, 0.2936859130859375, 0.29121536016464233]"
3,centroid,1,191,Hawk,Hawk,"[""Hawk"", ""Turbine"", ""Braga"", ""Xtreme"", ""Vega""]","[0.8804546594619751, 0.3469510078430176, 0.24563491344451904, 0.21802593767642975, 0.11475080996751785]"
3,centroid,1,192,Hawk,Hawk,"[""Hawk"", ""Turbine"", ""Alaris"", ""Castor"", ""Alcatras""]","[0.7917876839637756, 0.6078974604606628, 0.4911019802093506, 0.3737814724445343, 0.3726389408111572]"
3,centroid,1,193,Hawk,Hawk,"[""Hawk"", ""Alaris"", ""Vega"", ""Braga"", ""Turbine""]","[0.8863964676856995, 0.5472989082336426, 0.37178295850753784, 0.3490219712257385, 0.3090653121471405]"
3,centroid,1,194,Hawk,Hawk,"[""Hawk"", ""Turbine"", ""Alaris"", ""Alcatras"", ""Vega""]","[0.8763084411621094, 0.36354610323905945, 0.3503146469593048, 0.29267168045043945, 0.10728809237480164]"
3,centroid,1,195,Hawk,Hawk,"[""Hawk"", ""Turbine"", ""Vega"", ""Alaris"", ""Braga""]","[0.9255492687225342, 0.460584819316864, 0.3253169655799866, 0.24116525053977966, 0.2387620508670807]"
3,centroid,1,196,Hawk,Hawk,"[""Hawk"", ""Vega"", ""Turbine"", ""Braga"", ""Alaris""]","[0.8459452390670776, 0.6493465900421143, 0.48733821511268616, 0.26661598682403564, 0.23870107531547546]"
3,centroid,1,197,Hawk,Hawk,"[""Hawk"", ""Turbine"", ""Alaris"", ""Alcatras"", ""Braga""]","[0.897132158279419, 0.5073122382164001, 0.44055771827697754, 0.4100443422794342, 0.34219908714294434]"
3,centroid,1,198,Hawk,Hawk,"[""Hawk"", ""Turbine"", ""Alcatras"", ""Alaris"", ""Braga""]","[0.9063911437988281, 0.26638707518577576, 0.24220189452171326, 0.23327337205410004, 0.12215924263000488]"
3,centroid,1,199,Hawk,Hawk,"[""Hawk"", ""Turbine"", ""Xtreme"", ""Velorum"", ""Vega""]","[0.8269792795181274, 0.304237961769104, 0.17605671286582947, 0.07593847811222076, 0.05251041054725647]"
3,centroid,1,200,Hawk,Hawk,"[""Hawk"", ""Alaris"", ""Turbine"", ""Vega"", ""Alcatras""]","[0.9260072112083435, 0.36645016074180603, 0.33819058537483215, 0.28101539611816406, 0.20868897438049316]"
3,centroid,1,201,Hawk,Hawk,"[""Hawk"", ""Turbine"", ""Alaris"", ""Alcatras"", ""Vega""]","[0.6805708408355713, 0.6183645129203796, 0.5593904852867126, 0.3807176351547241, 0.2248845100402832]"
3,centroid,1,202,Hawk,Hawk,"[""Hawk"", ""Alaris"", ""Turbine"", ""Vega"", ""Braga""]","[0.9091163277626038, 0.4210069179534912, 0.4011014997959137, 0.3432493209838867, 0.2690831124782562]"
3,centroid,1,203,Hawk,Hawk,"[""Hawk"", ""Turbine"", ""Vega"", ""Alaris"", ""Braga""]","[0.8619043231010437, 0.33834701776504517, 0.25245434045791626, 0.1321289837360382, 0.0533977709710598]"
3,centroid,1,204,Hawk,Hawk,"[""Hawk"", ""Alaris"", ""Vega"", ""Alcatras"", ""Turbine""]","[0.9327477216720581, 0.3319447636604309, 0.2806030213832855, 0.24944597482681274, 0.24719466269016266]"
3,centroid,1,205,Hawk,Hawk,"[""Hawk"", ""Turbine"", ""Alcatras"", ""Braga"", ""Vega""]","[0.7661523222923279, 0.3704943060874939, 0.34543246030807495, 0.29860883951187134, 0.28748130798339844]"
3,centroid,1,206,Hawk,Hawk,"[""Hawk"", ""Turbine"", ""Braga"", ""Alaris"", ""Alcatras""]","[0.8851591348648071, 0.45757031440734863, 0.35900425910949707, 0.3088725507259369, 0.290203332901001]"
3,centroid,1,207,Hawk,Hawk,"[""Hawk"", ""Turbine"", ""Braga"", ""Vega"", ""Xtreme""]","[0.7795649766921997, 0.32903701066970825, 0.3261953294277191, 0.2577626705169678, 0.15795570611953735]"
3,centroid,1,208,Hawk,Hawk,"[""Hawk"", ""Turbine"", ""Alaris"", ""Alcatras"", ""Vega""]","[0.8936470746994019, 0.3577733635902405, 0.20894409716129303, 0.14105257391929626, 0.08059188723564148]"
3,centroid,1,209,Hawk,Hawk,"[""Hawk"", ""Alcatras"", ""Alaris"", ""Vega"", ""Braga""]","[0.9158493876457214, 0.339764267206192, 0.3380269408226013, 0.2937343716621399, 0.2551991939544678]"
3,centroid,1,210,Hawk,Hawk,"[""Hawk"", ""Vega"", ""Turbine"", ""Braga"", ""Alaris""]","[0.8053148984909058, 0.5947372913360596, 0.5806189179420471, 0.37742799520492554, 0.22821718454360962]"
3,centroid,1,211,Ilias,Ratikon,"[""Ratikon"", ""Nivalis"", ""Ilias"", ""Velorum"", ""Denom""]","[0.7012035846710205, 0.529721200466156, 0.46084100008010864, 0.21509304642677307, 0.19979824125766754]"
3,centroid,1,212,Ilias,Ilias,"[""Ilias"", ""Denom"", ""Nivalis"", ""Ratikon"", ""Velorum""]","[0.8257696032524109, 0.5397406816482544, 0.5332750082015991, 0.4813271760940552, 0.24768400192260742]"
3,centroid,1,213,Ilias,Ilias,"[""Ilias"", ""Ratikon"", ""Denom"", ""Nivalis"", ""Triton""]","[0.8782950043678284, 0.6544516682624817, 0.5126690864562988, 0.3467957079410553, 0.21870015561580658]"
3,centroid,1,214,Ilias,Ilias,"[""Ilias"", ""Denom"", ""Velorum"", ""Ratikon"", ""Nivalis""]","[0.7748003005981445, 0.7238886952400208, 0.7183275818824768, 0.6721486449241638, 0.6251972913742065]"
3,centroid,1,215,Ilias,Ilias,"[""Ilias"", ""Ratikon"", ""Turbine"", ""Triton"", ""Velorum""]","[0.48318952322006226, 0.27946463227272034, 0.06964220851659775, 0.05448917672038078, 0.05299537628889084]"
3,centroid,1,216,Ilias,Ilias,"[""Ilias"", ""Ratikon"", ""Nivalis"", ""Denom"", ""Velorum""]","[0.7900670170783997, 0.6317301988601685, 0.5030651092529297, 0.48115357756614685, 0.4765302538871765]"
3,centroid,1,217,Ilias,Ilias,"[""Ilias"", ""Ratikon"", ""Nivalis"", ""Denom"", ""Velorum""]","[0.8197828531265259, 0.553741455078125, 0.4136117994785309, 0.4063149094581604, 0.3843785524368286]"
3,centroid,1,218,Ilias,Ilias,"[""Ilias"", ""Triton"", ""Ratikon"", ""Velorum"", ""Alcatras""]","[0.5696807503700256, 0.47996512055397034, 0.422376811504364, 0.3064020574092865, 0.2773457467556]"
3,centroid,1,219,Ilias,Ilias,"[""Ilias"", ""Ratikon"", ""Denom"", ""Nivalis"", ""Velorum""]","[0.9012624025344849, 0.582002580165863, 0.4147610664367676, 0.40146389603614807, 0.24744170904159546]"
3,centroid,1,220,Ilias,Ilias,"[""Ilias"", ""Velorum"", ""Ratikon"", ""Denom"", ""Nivalis""]","[0.7209396362304688, 0.6818881630897522, 0.6180306673049927, 0.5429700016975403, 0.5292659997940063]"
3,centroid,1,221,Ilias,Ratikon,"[""Ratikon"", ""Denom"", ""Nivalis"", ""Ilias"", ""Velorum""]","[0.8228808045387268, 0.741304874420166, 0.5663363933563232, 0.45245593786239624, 0.17733429372310638]"
3,centroid,1,222,Ilias,Ilias,"[""Ilias"", ""Ratikon"", ""Nivalis"", ""Denom"", ""Velorum""]","[0.8296617269515991, 0.509932279586792, 0.4576716423034668, 0.3813072144985199, 0.23613032698631287]"
3,centroid,1,223,Ilias,Ilias,"[""Ilias"", ""Denom"", ""Ratikon"", ""Nivalis"", ""Velorum""]","[0.8890950679779053, 0.5034137964248657, 0.47449883818626404, 0.4110473096370697, 0.4034575819969177]"
3,centroid,1,224,Ilias,Ilias,"[""Ilias"", ""Denom"", ""Ratikon"", ""Nivalis"", ""Gemini""]","[0.807397186756134, 0.673058032989502, 0.5804181694984436, 0.34683966636657715, 0.15987178683280945]"
3,centroid,1,225,Ilias,Ilias,"[""Ilias"", ""Ratikon"", ""Triton"", ""Denom"", ""Nivalis""]","[0.7916101217269897, 0.5803745985031128, 0.3519042134284973, 0.31783145666122437, 0.24117538332939148]"
3,centroid,1,226,Ilias,Ilias,"[""Ilias"", ""Ratikon"", ""Nivalis"", ""Denom"", ""Velorum""]","[0.9283394813537598, 0.6880661845207214, 0.5582135915756226, 0.5208079814910889, 0.253153920173645]"
3,centroid,1,227,Ilias,Ilias,"[""Ilias"", ""Ratikon"", ""Velorum"", ""Nivalis"", ""Denom""]","[0.7632908821105957, 0.5964375734329224, 0.5070067644119263, 0.49365177750587463, 0.40011823177337646]"
3,centroid,1,228,Ilias,Ilias,"[""Ilias"", ""Ratikon"", ""Nivalis"", ""Denom"", ""Vega""]","[0.7456014752388, 0.5986950397491455, 0.3673691153526306, 0.35943588614463806, 0.16447684168815613]"
3,centroid,1,229,Ilias,Ilias,"[""Ilias"", ""Ratikon"", ""Velorum"", ""Denom"", ""Nivalis""]","[0.8120262622833252, 0.6549856662750244, 0.6531739234924316, 0.6150920987129211, 0.5028915405273438]"
3,centroid,1,230,Ilias,Ilias,"[""Ilias"", ""Ratikon"", ""Denom"", ""Triton"", ""Nivalis""]","[0.8737391233444214, 0.39915338158607483, 0.32154330611228943, 0.29898977279663086, 0.2840176820755005]"
3,centroid,1,231,Ilias,Ilias,"[""Ilias"", ""Ratikon"", ""Denom"", ""Nivalis"", ""Velorum""]","[0.8664616346359253, 0.7435716390609741, 0.739093542098999, 0.6157135963439941, 0.15619468688964844]"
3,centroid,1,232,Ilias,Ratikon,"[""Ratikon"", ""Ilias"", ""Nivalis"", ""Denom"", ""Velorum""]","[0.8022516965866089, 0.7947374582290649, 0.4621177315711975, 0.43543511629104614, 0.1647004634141922]"
3,centroid,1,233,Ilias,Ilias,"[""Ilias"", ""Ratikon"", ""Denom"", ""Xtreme"", ""Nivalis""]","[0.8368368148803711, 0.4432348608970642, 0.31084340810775757, 0.25333791971206665, 0.2369016706943512]"
3,centroid,1,234,Ilias,Ilias,"[""Ilias"", ""Nivalis"", ""Ratikon"", ""Denom"", ""Velorum""]","[0.8504307270050049, 0.562191367149353, 0.5554585456848145, 0.5072062015533447, 0.4744306802749634]"
3,centroid,1,235,Ilias,Ilias,"[""Ilias"", ""Ratikon"", ""Nivalis"", ""Denom"", ""Xtreme""]","[0.881162166595459, 0.48362627625465393, 0.473422110080719, 0.45011335611343384, 0.16961205005645752]"
3,centroid,1,236,Ilias,Ratikon,"[""Ratikon"", ""Ilias"", ""Nivalis"", ""Denom"", ""Velorum""]","[0.6686626672744751, 0.648148775100708, 0.6444822549819946, 0.3312367796897888, 0.25732818245887756]"
3,centroid,1,237,Ilias,Ilias,"[""Ilias"", ""Denom"", ""Nivalis"", ""Velorum"", ""Ratikon""]","[0.8246170282363892, 0.4794904291629791, 0.44916635751724243, 0.4207184314727783, 0.4201521873474121]"
3,centroid,1,238,Ilias,Velorum,"[""Velorum"", ""Ilias"", ""Denom"", ""Triton"", ""Nivalis""]","[0.7413874864578247, 0.6754422187805176, 0.42773765325546265, 0.3360883593559265, 0.32010242342948914]"
3,centroid,1,239,Ilias,Ilias,"[""Ilias"", ""Ratikon"", ""Denom"", ""Nivalis"", ""Xtreme""]","[0.8105268478393555, 0.6107273101806641, 0.4247971475124359, 0.40362805128097534, 0.18793022632598877]"
3,centroid,1,240,Mytikas,Triton,"[""Triton"", ""Castor"", ""Braga"", ""Mytikas"", ""Alcatras""]","[0.6859681010246277, 0.5469583868980408, 0.5321449041366577, 0.428913950920105, 0.40790629386901855]"
3,centroid,1,241,Mytikas,Mytikas,"[""Mytikas"", ""Triton"", ""Trius"", ""Castor"", ""Velorum""]","[0.8776991367340088, 0.44389763474464417, 0.32808297872543335, 0.2187146693468094, 0.1916755884885788]"
3,centroid,1,242,Mytikas,Mytikas,"[""Mytikas"", ""Alcatras"", ""Velorum"", ""Triton"", ""Castor""]","[0.7214541435241699, 0.43506014347076416, 0.32331010699272156, 0.2868080735206604, 0.22432158887386322]"
3,centroid,1,243,Mytikas,Mytikas,"[""Mytikas"", ""Triton"", ""Trius"", ""Braga"", ""Castor""]","[0.8183037042617798, 0.7021021246910095, 0.5883932113647461, 0.2753520607948303, 0.2364250272512436]"
3,centroid,1,244,Mytikas,Mytikas,"[""Mytikas"", ""Triton"", ""Castor"", ""Alcatras"", ""Trius""]","[0.8090302348136902, 0.5826882719993591, 0.5156062841415405, 0.3582673668861389, 0.3393356502056122]"
3,centroid,1,245,Mytikas,Triton,"[""Triton"", ""Mytikas"", ""Trius"", ""Alcatras"", ""Castor""]","[0.8250864744186401, 0.7013623714447021, 0.548009991645813, 0.4141947627067566, 0.3733953833580017]"
3,centroid,1,246,Mytikas,Mytikas,"[""Mytikas"", ""Triton"", ""Trius"", ""Braga"", ""Castor""]","[0.8692692518234253, 0.39528167247772217, 0.2847156822681427, 0.2780582904815674, 0.2667105793952942]"
3,centroid,1,247,Mytikas,Mytikas,"[""Mytikas"", ""Triton"", ""Trius"", ""Castor"", ""Alcatras""]","[0.8960341215133667, 0.5609122514724731, 0.34001925587654114, 0.3124321699142456, 0.21133244037628174]"
3,centroid,1,248,Mytikas,Mytikas,"[""Mytikas"", ""Castor"", ""Trius"", ""Triton"", ""Braga""]","[0.8231112360954285, 0.41549164056777954, 0.36622220277786255, 0.3434634804725647, 0.2833022475242615]"
3,centroid,1,249,Mytikas,Mytikas,"[""Mytikas"", ""Triton"", ""Castor"", ""Braga"", ""Turbine""]","[0.8636796474456787, 0.4679960310459137, 0.3807482123374939, 0.3746500611305237, 0.36815962195396423]"
3,centroid,1,250,Mytikas,Mytikas,"[""Mytikas"", ""Triton"", ""Alcatras"", ""Trius"", ""Castor""]","[0.7573211193084717, 0.6923038959503174, 0.4540644884109497, 0.41688936948776245, 0.412133127450943]"
3,centroid,1,251,Mytikas,Mytikas,"[""Mytikas"", ""Triton"", ""Trius"", ""Velorum"", ""Castor""]","[0.7184287309646606, 0.7014141082763672, 0.349097341299057, 0.32115262746810913, 0.2997649908065796]"
3,centroid,1,252,Mytikas,Trius,"[""Trius"", ""Triton"", ""Braga"", ""Mytikas"", ""Castor""]","[0.648250937461853, 0.6380480527877808, 0.5001537799835205, 0.45804059505462646, 0.42231470346450806]"
3,centroid,1,253,Mytikas,Mytikas,"[""Mytikas"", ""Triton"", ""Castor"", ""Alcatras"", ""Trius""]","[0.8272914290428162, 0.5748589038848877, 0.4340987801551819, 0.41713476181030273, 0.3170609772205353]"
3,centroid,1,254,Mytikas,Triton,"[""Triton"", ""Castor"", ""Mytikas"", ""Braga"", ""Trius""]","[0.7673491835594177, 0.7334952354431152, 0.6137075424194336, 0.5395928621292114, 0.3697103261947632]"
3,centroid,1,255,Mytikas,Mytikas,"[""Mytikas"", ""Castor"", ""Turbine"", ""Braga"", ""Alcatras""]","[0.7370227575302124, 0.5877756476402283, 0.4919881224632263, 0.4168294072151184, 0.4092552065849304]"
3,centroid,1,256,Mytikas,Mytikas,"[""Mytikas"", ""Trius"", ""Alcatras"", ""Vega"", ""Castor""]","[0.674934446811676, 0.6068360209465027, 0.466083824634552, 0.45091962814331055, 0.43930739164352417]"
3,centroid,1,257,Mytikas,Triton,"[""Triton"", ""Mytikas"", ""Castor"", ""Trius"", ""Braga""]","[0.8451117277145386, 0.719215452671051, 0.6603165864944458, 0.6028795838356018, 0.5705586671829224]"
3,centroid,1,258,Mytikas,Triton,"[""Triton"", ""Mytikas"", ""Castor"", ""Braga"", ""Turbine""]","[0.7613301277160645, 0.6197720766067505, 0.6077736616134644, 0.40920591354370117, 0.35401925444602966]"
3,centroid,1,259,Mytikas,Triton,"[""Triton"", ""Mytikas"", ""Castor"", ""Trius"", ""Braga""]","[0.8396720290184021, 0.8171431422233582, 0.5007534623146057, 0.47946199774742126, 0.2944188714027405]"
3,centroid,1,260,Mytikas,Mytikas,"[""Mytikas"", ""Triton"", ""Braga"", ""Castor"", ""Alcatras""]","[0.7560067176818848, 0.6641465425491333, 0.5322458744049072, 0.38401085138320923, 0.2659275233745575]"
3,centroid,1,261,Mytikas,Mytikas,"[""Mytikas"", ""Triton"", ""Castor"", ""Trius"", ""Braga""]","[0.8555731773376465, 0.73293137550354, 0.5461194515228271, 0.4891136586666107, 0.36362773180007935]"
3,centroid,1,262,Mytikas,Triton,"[""Triton"", ""Mytikas"", ""Braga"", ""Castor"", ""Trius""]","[0.7256876826286316, 0.6780436038970947, 0.3928881287574768, 0.34535038471221924, 0.20320981740951538]"
3,centroid,1,263,Mytikas,Mytikas,"[""Mytikas"", ""Alcatras"", ""Alaris"", ""Castor"", ""Turbine""]","[0.7910019159317017, 0.5529922246932983, 0.3936055302619934, 0.38379713892936707, 0.3815222978591919]"
3,centroid,1,264,Mytikas,Mytikas,"[""Mytikas"", ""Triton"", ""Braga"", ""Castor"", ""Trius""]","[0.8032799363136292, 0.6049720644950867, 0.5499935150146484, 0.5197225213050842, 0.424560546875]"
3,centroid,1,265,Mytikas,Mytikas,"[""Mytikas"", ""Triton"", ""Trius"", ""Braga"", ""Vega""]","[0.7246711850166321, 0.3878594636917114, 0.25645238161087036, 0.2429119050502777, 0.22872591018676758]"
3,centroid,1,266,Mytikas,Trius,"[""Trius"", ""Mytikas"", ""Triton"", ""Castor"", ""Alcatras""]","[0.6355337500572205, 0.6014339327812195, 0.4423764944076538, 0.345162034034729, 0.18639224767684937]"
3,centroid,1,267,Nivalis,Nivalis,"[""Nivalis"", ""Denom"", ""Ratikon"", ""Ilias"", ""Velorum""]","[0.86400306224823, 0.6074320673942566, 0.45996832847595215, 0.3757266402244568, 0.2787339389324188]"
3,centroid,1,268,Nivalis,Nivalis,"[""Nivalis"", ""Ratikon"", ""Denom"", ""Mytikas"", ""Steel_Wheel""]","[0.8231379985809326, 0.4312370717525482, 0.4210754632949829, 0.28019970655441284, 0.14955268800258636]"
3,centroid,1,269,Nivalis,Nivalis,"[""Nivalis"", ""Denom"", ""Velorum"", ""Ratikon"", ""Ilias""]","[0.9059153199195862, 0.5642040967941284, 0.5402498245239258, 0.4915653467178345, 0.29382073879241943]"
3,centroid,1,270,Nivalis,Nivalis,"[""Nivalis"", ""Ratikon"", ""Denom"", ""Ilias"", ""Velorum""]","[0.8395443558692932, 0.764923632144928, 0.7247273921966553, 0.6223695278167725, 0.5007856488227844]"
3,centroid,1,271,Nivalis,Nivalis,"[""Nivalis"", ""Denom"", ""Ratikon"", ""Velorum"", ""Steel_Wheel""]","[0.915199875831604, 0.584247350692749, 0.5474117398262024, 0.3664083480834961, 0.26369279623031616]"
3,centroid,1,272,Nivalis,Nivalis,"[""Nivalis"", ""Denom"", ""Ratikon"", ""Ilias"", ""Velorum""]","[0.9126418232917786, 0.745155394077301, 0.635104775428772, 0.4187707304954529, 0.11785975843667984]"
3,centroid,1,273,Nivalis,Nivalis,"[""Nivalis"", ""Ratikon"", ""Denom"", ""Ilias"", ""Velorum""]","[0.876815676689148, 0.6253904104232788, 0.612053394317627, 0.2770369052886963, 0.20975744724273682]"
3,centroid,1,274,Nivalis,Nivalis,"[""Nivalis"", ""Denom"", ""Velorum"", ""Ratikon"", ""Ilias""]","[0.7950989007949829, 0.7538715600967407, 0.61232590675354, 0.42796260118484497, 0.3380850553512573]"
3,centroid,1,275,Nivalis,Nivalis,"[""Nivalis"", ""Denom"", ""Ratikon"", ""Velorum"", ""Ilias""]","[0.8188092708587646, 0.5612822771072388, 0.5297363996505737, 0.2654927968978882, 0.15686984360218048]"
3,centroid,1,276,Nivalis,Denom,"[""Denom"", ""Nivalis"", ""Ratikon"", ""Ilias"", ""Velorum""]","[0.6976162195205688, 0.6798021793365479, 0.6637069582939148, 0.6013932228088379, 0.5987296104431152]"
3,centroid,1,277,Nivalis,Nivalis,"[""Nivalis"", ""Denom"", ""Ratikon"", ""Ilias"", ""Velorum""]","[0.9297837615013123, 0.6672706604003906, 0.5531429052352905, 0.4246303141117096, 0.3900738060474396]"
3,centroid,1,278,Nivalis,Nivalis,"[""Nivalis"", ""Denom"", ""Ratikon"", ""Vega"", ""Ilias""]","[0.8220683336257935, 0.5062054395675659, 0.391912043094635, 0.33404994010925293, 0.2918487787246704]"
3,centroid,1,279,Nivalis,Ratikon,"[""Ratikon"", ""Nivalis"", ""Denom"", ""Ilias"", ""Velorum""]","[0.8678447008132935, 0.7855100631713867, 0.7392600774765015, 0.5666589736938477, 0.454023540019989]"
3,centroid,1,280,Nivalis,Denom,"[""Denom"", ""Nivalis"", ""Ratikon"", ""Ilias"", ""Velorum""]","[0.9045224785804749, 0.8337617516517639, 0.6848506927490234, 0.3706451654434204, 0.2356375753879547]"
3,centroid,1,281,Nivalis,Denom,"[""Denom"", ""Nivalis"", ""Ratikon"", ""Ilias"", ""Velorum""]","[0.8465626239776611, 0.8170062303543091, 0.7710664868354797, 0.45289331674575806, 0.2149869203567505]"
3,centroid,1,282,Nivalis,Nivalis,"[""Nivalis"", ""Ratikon"", ""Denom"", ""Ilias"", ""Velorum""]","[0.8062422871589661, 0.5969098806381226, 0.5198870301246643, 0.40954920649528503, 0.3855745792388916]"
3,centroid,1,283,Nivalis,Nivalis,"[""Nivalis"", ""Ratikon"", ""Denom"", ""Ilias"", ""Velorum""]","[0.9043658971786499, 0.608060359954834, 0.493204265832901, 0.3846689462661743, 0.30037403106689453]"
3,centroid,1,284,Nivalis,Nivalis,"[""Nivalis"", ""Denom"", ""Ratikon"", ""Mytikas"", ""Ilias""]","[0.8202545046806335, 0.4705832004547119, 0.44909170269966125, 0.194735586643219, 0.18278251588344574]"
3,centroid,1,285,Nivalis,Nivalis,"[""Nivalis"", ""Denom"", ""Ratikon"", ""Velorum"", ""Ilias""]","[0.8960801959037781, 0.6015071272850037, 0.47899699211120605, 0.30045515298843384, 0.2698681354522705]"
3,centroid,1,286,Nivalis,Nivalis,"[""Nivalis"", ""Denom"", ""Velorum"", ""Ratikon"", ""Ilias""]","[0.845880389213562, 0.6290347576141357, 0.5743210315704346, 0.49969813227653503, 0.4371875524520874]"
3,centroid,1,287,Nivalis,Nivalis,"[""Nivalis"", ""Denom"", ""Ratikon"", ""Ilias"", ""Velorum""]","[0.9202667474746704, 0.6929289698600769, 0.6681092977523804, 0.4466540813446045, 0.37789350748062134]"
3,centroid,1,288,Nivalis,Nivalis,"[""Nivalis"", ""Denom"", ""Ratikon"", ""Vega"", ""Ilias""]","[0.8014898300170898, 0.3803524672985077, 0.3685298562049866, 0.33301904797554016, 0.1911660134792328]"
3,centroid,1,289,Ratikon,Ratikon,"[""Ratikon"", ""Denom"", ""Nivalis"", ""Ilias"", ""Velorum""]","[0.9232556819915771, 0.6413127183914185, 0.517785370349884, 0.43159717321395874, 0.27047133445739746]"
3,centroid,1,290,Ratikon,Ratikon,"[""Ratikon"", ""Denom"", ""Ilias"", ""Nivalis"", ""Velorum""]","[0.9089487195014954, 0.6739258170127869, 0.48036715388298035, 0.4613008499145508, 0.06895267218351364]"
3,centroid,1,291,Ratikon,Ratikon,"[""Ratikon"", ""Nivalis"", ""Denom"", ""Ilias"", ""Velorum""]","[0.8312784433364868, 0.7326692342758179, 0.6307371854782104, 0.48768770694732666, 0.09113407880067825]"
3,centroid,1,292,Ratikon,Nivalis,"[""Nivalis"", ""Ratikon"", ""Denom"", ""Ilias"", ""Velorum""]","[0.7714934349060059, 0.7537838220596313, 0.460747092962265, 0.3707503378391266, 0.2569870352745056]"
3,centroid,1,293,Ratikon,Ratikon,"[""Ratikon"", ""Denom"", ""Nivalis"", ""Ilias"", ""Velorum""]","[0.8606292009353638, 0.7731027603149414, 0.6168689727783203, 0.45780980587005615, 0.28988832235336304]"
3,centroid,1,294,Ratikon,Ratikon,"[""Ratikon"", ""Ilias"", ""Velorum"", ""Nivalis"", ""Denom""]","[0.7485955357551575, 0.6389473080635071, 0.6085401177406311, 0.5689687728881836, 0.4378368854522705]"
3,centroid,1,295,Ratikon,Ratikon,"[""Ratikon"", ""Denom"", ""Nivalis"", ""Ilias"", ""Vega""]","[0.9233096837997437, 0.7484618425369263, 0.6053837537765503, 0.5741513967514038, 0.04366105794906616]"
3,centroid,1,296,Ratikon,Ratikon,"[""Ratikon"", ""Ilias"", ""Denom"", ""Nivalis"", ""Triton""]","[0.7595279216766357, 0.606604814529419, 0.4714050590991974, 0.44333693385124207, 0.1705087423324585]"
3,centroid,1,297,Ratikon,Ratikon,"[""Ratikon"", ""Nivalis"", ""Denom"", ""Ilias"", ""Vega""]","[0.8715914487838745, 0.6478407382965088, 0.5974597930908203, 0.38639384508132935, 0.010838506743311882]"
3,centroid,1,298,Ratikon,Ratikon,"[""Ratikon"", ""Ilias"", ""Denom"", ""Nivalis"", ""Velorum""]","[0.8569725751876831, 0.7016984224319458, 0.6171166896820068, 0.44938188791275024, 0.4214852452278137]"
3,centroid,1,299,Ratikon,Ratikon,"[""Ratikon"", ""Denom"", ""Ilias"", ""Nivalis"", ""Velorum""]","[0.9553979635238647, 0.6813796758651733, 0.6056797504425049, 0.5400927066802979, 0.08320045471191406]"
3,centroid,1,300,Ratikon,Ratikon,"[""Ratikon"", ""Denom"", ""Nivalis"", ""Steel_Wheel"", ""Alaris""]","[0.6873967051506042, 0.5159273147583008, 0.4466100335121155, 0.1761968433856964, 0.12244758754968643]"
3,centroid,1,301,Ratikon,Ratikon,"[""Ratikon"", ""Denom"", ""Nivalis"", ""Ilias"", ""Vega""]","[0.8996063470840454, 0.6133552193641663, 0.5717626810073853, 0.5443544983863831, -0.040564242750406265]"
3,centroid,1,302,Ratikon,Ratikon,"[""Ratikon"", ""Ilias"", ""Denom"", ""Velorum"", ""Nivalis""]","[0.7722947597503662, 0.6241312026977539, 0.5775169134140015, 0.4394634962081909, 0.3850347399711609]"
3,centroid,1,303,Ratikon,Ratikon,"[""Ratikon"", ""Denom"", ""Ilias"", ""Nivalis"", ""Velorum""]","[0.882624089717865, 0.7097799777984619, 0.5263199806213379, 0.47172024846076965, 0.17357546091079712]"
3,centroid,1,304,Ratikon,Ratikon,"[""Ratikon"", ""Nivalis"", ""Ilias"", ""Denom"", ""Velorum""]","[0.9016332626342773, 0.46483710408210754, 0.46385374665260315, 0.4605449438095093, 0.04068046808242798]"
3,centroid,1,305,Ratikon,Ratikon,"[""Ratikon"", ""Ilias"", ""Nivalis"", ""Denom"", ""Velorum""]","[0.8784086108207703, 0.6000248789787292, 0.5679222345352173, 0.4416810870170593, 0.08786527067422867]"
3,centroid,1,306,Ratikon,Ratikon,"[""Ratikon"", ""Denom"", ""Ilias"", ""Nivalis"", ""Alaris""]","[0.8007157444953918, 0.6540098190307617, 0.49579155445098877, 0.32421380281448364, 0.14951758086681366]"
3,centroid,1,307,Ratikon,Ratikon,"[""Ratikon"", ""Denom"", ""Nivalis"", ""Ilias"", ""Alaris""]","[0.7957967519760132, 0.5062111616134644, 0.35347113013267517, 0.35274428129196167, 0.05945522338151932]"
3,centroid,1,308,Ratikon,Ratikon,"[""Ratikon"", ""Ilias"", ""Denom"", ""Nivalis"", ""Velorum""]","[0.826004683971405, 0.6984032392501831, 0.404873251914978, 0.3743152618408203, 0.09876684099435806]"
3,centroid,1,309,Ratikon,Ilias,"[""Ilias"", ""Ratikon"", ""Denom"", ""Nivalis"", ""Velorum""]","[0.7790933847427368, 0.7566455602645874, 0.5471096038818359, 0.3939421474933624, 0.1724701225757599]"
3,centroid,1,310,Ratikon,Ratikon,"[""Ratikon"", ""Nivalis"", ""Denom"", ""Ilias"", ""Velorum""]","[0.9046751260757446, 0.6415411233901978, 0.6136170625686646, 0.3206448256969452, 0.08569931983947754]"
3,centroid,1,311,Ratikon,Denom,"[""Denom"", ""Ratikon"", ""Ilias"", ""Nivalis"", ""Velorum""]","[0.7469325065612793, 0.7376918792724609, 0.6260788440704346, 0.5535002946853638, 0.23482829332351685]"
3,centroid,1,312,Ratikon,Ratikon,"[""Ratikon"", ""Ilias"", ""Denom"", ""Nivalis"", ""Velorum""]","[0.9135819673538208, 0.7647221088409424, 0.7582629919052124, 0.5524879097938538, 0.048484910279512405]"
3,centroid,1,313,Ratikon,Ratikon,"[""Ratikon"", ""Nivalis"", ""Denom"", ""Ilias"", ""Velorum""]","[0.9110490679740906, 0.6788696050643921, 0.5989396572113037, 0.49392423033714294, 0.2966845631599426]"
3,centroid,1,314,Ratikon,Denom,"[""Denom"", ""Ratikon"", ""Ilias"", ""Nivalis"", ""Velorum""]","[0.7603747844696045, 0.7402604818344116, 0.6984759569168091, 0.6836787462234497, 0.26598864793777466]"
3,centroid,1,315,Ratikon,Ilias,"[""Ilias"", ""Ratikon"", ""Denom"", ""Nivalis"", ""Triton""]","[0.7490546703338623, 0.6460310220718384, 0.564957857131958, 0.48248162865638733, 0.23522451519966125]"
3,centroid,1,316,Ratikon,Ratikon,"[""Ratikon"", ""Nivalis"", ""Denom"", ""Ilias"", ""Velorum""]","[0.9098073244094849, 0.6347693204879761, 0.5316343307495117, 0.38866788148880005, 0.22860223054885864]"
3,centroid,1,317,Steel_Wheel,Steel_Wheel,"[""Steel_Wheel"", ""Xtreme"", ""Turbine"", ""Gemini"", ""Nivalis""]","[0.9173027873039246, 0.14226654171943665, 0.0734570324420929, 0.07118575274944305, 0.06768877804279327]"
3,centroid,1,318,Steel_Wheel,Steel_Wheel,"[""Steel_Wheel"", ""Turbine"", ""Denom"", ""Ratikon"", ""Xtreme""]","[0.9335768222808838, 0.05723614990711212, 0.05143195390701294, 0.04844675213098526, 0.013536736369132996]"
3,centroid,1,319,Steel_Wheel,Steel_Wheel,"[""Steel_Wheel"", ""Castor"", ""Nivalis"", ""Mytikas"", ""Turbine""]","[0.9463847875595093, 0.07280626893043518, 0.029921699315309525, 0.012117624282836914, 0.006008016876876354]"
3,centroid,1,320,Steel_Wheel,Steel_Wheel,"[""Steel_Wheel"", ""Turbine"", ""Xtreme"", ""Castor"", ""Mytikas""]","[0.9358378648757935, 0.06453835219144821, 0.022113094106316566, 0.021256983280181885, -0.01714669167995453]"
3,centroid,1,321,Steel_Wheel,Steel_Wheel,"[""Steel_Wheel"", ""Xtreme"", ""Turbine"", ""Hawk"", ""Castor""]","[0.9276366233825684, 0.15784579515457153, 0.11077291518449783, 0.06619881093502045, -0.03326158970594406]"
3,centroid,1,322,Steel_Wheel,Steel_Wheel,"[""Steel_Wheel"", ""Nivalis"", ""Denom"", ""Xtreme"", ""Velorum""]","[0.964137852191925, 0.09311016649007797, 0.05831970274448395, 0.039496373385190964, -0.011198259890079498]"
3,centroid,1,323,Steel_Wheel,Steel_Wheel,"[""Steel_Wheel"", ""Mytikas"", ""Trius"", ""Denom"", ""Nivalis""]","[0.9570823311805725, 0.11483786255121231, 0.07158288359642029, 0.039128292351961136, 0.022583618760108948]"
3,centroid,1,324,Steel_Wheel,Steel_Wheel,"[""Steel_Wheel"", ""Xtreme"", ""Mytikas"", ""Nivalis"", ""Castor""]","[0.9441639184951782, 0.07539616525173187, 0.04580937698483467, 0.036156222224235535, -0.000935673713684082]"
3,centroid,1,325,Steel_Wheel,Steel_Wheel,"[""Steel_Wheel"", ""Xtreme"", ""Mytikas"", ""Castor"", ""Nivalis""]","[0.9556106328964233, 0.048419855535030365, 0.013944383710622787, 0.006049908697605133, -0.0022065117955207825]"
3,centroid,1,326,Steel_Wheel,Steel_Wheel,"[""Steel_Wheel"", ""Xtreme"", ""Denom"", ""Nivalis"", ""Ratikon""]","[0.954744815826416, 0.076436348259449, 0.07172747701406479, 0.039279837161302567, 0.017689887434244156]"
3,centroid,1,327,Steel_Wheel,Steel_Wheel,"[""Steel_Wheel"", ""Denom"", ""Nivalis"", ""Hawk"", ""Ratikon""]","[0.9220903515815735, 0.13588644564151764, 0.13322237133979797, 0.11189998686313629, 0.10933488607406616]"
3,centroid,1,328,Steel_Wheel,Steel_Wheel,"[""Steel_Wheel"", ""Nivalis"", ""Xtreme"", ""Denom"", ""Gemini""]","[0.9878718256950378, 0.08250579237937927, 0.06700664758682251, 0.05649123340845108, 0.0019484162330627441]"
3,centroid,1,329,Steel_Wheel,Steel_Wheel,"[""Steel_Wheel"", ""Mytikas"", ""Xtreme"", ""Castor"", ""Alcatras""]","[0.9359120726585388, 0.18244104087352753, 0.17442338168621063, 0.13176484405994415, 0.039691563695669174]"
3,centroid,1,330,Steel_Wheel,Steel_Wheel,"[""Steel_Wheel"", ""Nivalis"", ""Xtreme"", ""Hawk"", ""Denom""]","[0.918643057346344, 0.23411521315574646, 0.12677833437919617, 0.11471036821603775, 0.0898008793592453]"
3,centroid,1,331,Steel_Wheel,Steel_Wheel,"[""Steel_Wheel"", ""Xtreme"", ""Mytikas"", ""Nivalis"", ""Gemini""]","[0.9729454517364502, 0.09032098203897476, 0.039740532636642456, 0.034122321754693985, 0.011671267449855804]"
3,centroid,1,332,Steel_Wheel,Steel_Wheel,"[""Steel_Wheel"", ""Xtreme"", ""Nivalis"", ""Denom"", ""Ratikon""]","[0.9546409845352173, 0.13616430759429932, 0.07472825050354004, 0.05772025138139725, 0.0515897199511528]"
3,centroid,1,333,Steel_Wheel,Steel_Wheel,"[""Steel_Wheel"", ""Xtreme"", ""Nivalis"", ""Mytikas"", ""Denom""]","[0.9803335666656494, 0.09820491075515747, 0.056123584508895874, 0.011214539408683777, 0.01078442856669426]"
3,centroid,1,334,Steel_Wheel,Steel_Wheel,"[""Steel_Wheel"", ""Nivalis"", ""Denom"", ""Xtreme"", ""Gemini""]","[0.9555041790008545, 0.19473497569561005, 0.1263994425535202, 0.10083702206611633, 0.07085148990154266]"
3,centroid,1,335,Steel_Wheel,Steel_Wheel,"[""Steel_Wheel"", ""Xtreme"", ""Nivalis"", ""Ratikon"", ""Denom""]","[0.8779285550117493, 0.18601670861244202, 0.1783275604248047, 0.13660234212875366, 0.12518759071826935]"
3,centroid,1,336,Steel_Wheel,Steel_Wheel,"[""Steel_Wheel"", ""Nivalis"", ""Turbine"", ""Denom"", ""Hawk""]","[0.9477150440216064, 0.16938625276088715, 0.10978703200817108, 0.07261168956756592, 0.06005781143903732]"
3,centroid,1,337,Steel_Wheel,Steel_Wheel,"[""Steel_Wheel"", ""Xtreme"", ""Mytikas"", ""Gemini"", ""Alcatras""]","[0.8717900514602661, 0.22027616202831268, 0.13203057646751404, 0.0775153785943985, 0.044258661568164825]"
3,centroid,1,338,Steel_Wheel,Steel_Wheel,"[""Steel_Wheel"", ""Nivalis"", ""Denom"", ""Velorum"", ""Ratikon""]","[0.9499186277389526, 0.16705432534217834, 0.1464153230190277, 0.10432182252407074, 0.07760101556777954]"
3,centroid,1,339,Steel_Wheel,Denom,"[""Denom"", ""Ratikon"", ""Nivalis"", ""Ilias"", ""Hawk""]","[0.6156494617462158, 0.2112027108669281, 0.2077886164188385, 0.052230529487133026, 0.03872907906770706]"
3,centroid,1,340,Steel_Wheel,Steel_Wheel,"[""Steel_Wheel"", ""Nivalis"", ""Denom"", ""Xtreme"", ""Mytikas""]","[0.9813385009765625, 0.08876222372055054, 0.07595992088317871, 0.04890644922852516, 0.027029886841773987]"
3,centroid,1,341,Steel_Wheel,Steel_Wheel,"[""Steel_Wheel"", ""Mytikas"", ""Nivalis"", ""Xtreme"", ""Turbine""]","[0.9379122257232666, 0.23201358318328857, 0.10438742488622665, 0.03536376729607582, 0.03426145762205124]"
3,centroid,1,342,Steel_Wheel,Steel_Wheel,"[""Steel_Wheel"", ""Velorum"", ""Nivalis"", ""Xtreme"", ""Denom""]","[0.9424042701721191, 0.2005089968442917, 0.17850884795188904, 0.12066124379634857, 0.05379196256399155]"
3,centroid,1,343,Steel_Wheel,Steel_Wheel,"[""Steel_Wheel"", ""Nivalis"", ""Xtreme"", ""Velorum"", ""Denom""]","[0.9505788087844849, 0.15344290435314178, 0.10203912109136581, 0.09548482298851013, 0.06069979444146156]"
3,centroid,1,344,Steel_Wheel,Steel_Wheel,"[""Steel_Wheel"", ""Mytikas"", ""Turbine"", ""Nivalis"", ""Xtreme""]","[0.9344431161880493, 0.1749938577413559, 0.12872086465358734, 0.08092997223138809, 0.07617351412773132]"
3,centroid,1,345,Steel_Wheel,Steel_Wheel,"[""Steel_Wheel"", ""Xtreme"", ""Turbine"", ""Mytikas"", ""Nivalis""]","[0.8948809504508972, 0.13012564182281494, 0.10824235528707504, 0.07039706408977509, 0.040307626128196716]"
3,centroid,1,346,Steel_Wheel,Steel_Wheel,"[""Steel_Wheel"", ""Nivalis"", ""Denom"", ""Velorum"", ""Xtreme""]","[0.9640501737594604, 0.11653432995080948, 0.0767117440700531, 0.07463909685611725, 0.03978904336690903]"
3,centroid,1,347,Steel_Wheel,Steel_Wheel,"[""Steel_Wheel"", ""Nivalis"", ""Ratikon"", ""Velorum"", ""Denom""]","[0.9386753439903259, 0.21387498080730438, 0.11621920764446259, 0.10795454680919647, 0.07751091569662094]"
3,centroid,1,348,Steel_Wheel,Steel_Wheel,"[""Steel_Wheel"", ""Mytikas"", ""Alcatras"", ""Alaris"", ""Trius""]","[0.9312413334846497, 0.1049184501171112, 0.08991150557994843, 0.0860045775771141, 0.0778537392616272]"
3,centroid,1,349,Steel_Wheel,Steel_Wheel,"[""Steel_Wheel"", ""Nivalis"", ""Xtreme"", ""Velorum"", ""Mytikas""]","[0.9726386070251465, 0.16184793412685394, 0.08019512891769409, 0.05246955156326294, 0.039456550031900406]"
3,centroid,1,350,Steel_Wheel,Steel_Wheel,"[""Steel_Wheel"", ""Hawk"", ""Mytikas"", ""Xtreme"", ""Turbine""]","[0.9195324182510376, 0.16476792097091675, 0.12092810869216919, 0.054740965366363525, 0.05091860890388489]"
3,centroid,1,351,Steel_Wheel,Steel_Wheel,"[""Steel_Wheel"", ""Xtreme"", ""Mytikas"", ""Nivalis"", ""Gemini""]","[0.9662562608718872, 0.1537509709596634, 0.10744354873895645, 0.09403571486473083, 0.08096958696842194]"
3,centroid,1,352,Triton,Triton,"[""Triton"", ""Trius"", ""Mytikas"", ""Castor"", ""Ilias""]","[0.9299848079681396, 0.45301464200019836, 0.4449436366558075, 0.3191026747226715, 0.3099343776702881]"
3,centroid,1,353,Triton,Triton,"[""Triton"", ""Braga"", ""Trius"", ""Mytikas"", ""Castor""]","[0.8897032141685486, 0.5842852592468262, 0.5753692984580994, 0.3315870761871338, 0.3309803903102875]"
3,centroid,1,354,Triton,Triton,"[""Triton"", ""Braga"", ""Castor"", ""Mytikas"", ""Trius""]","[0.862991213798523, 0.5667327642440796, 0.5532504320144653, 0.5224307775497437, 0.47426092624664307]"
3,centroid,1,355,Triton,Triton,"[""Triton"", ""Castor"", ""Trius"", ""Braga"", ""Mytikas""]","[0.7751674652099609, 0.4667013883590698, 0.384964257478714, 0.3755258321762085, 0.2512894570827484]"
3,centroid,1,356,Triton,Triton,"[""Triton"", ""Trius"", ""Castor"", ""Mytikas"", ""Braga""]","[0.8400958776473999, 0.6382230520248413, 0.5426229238510132, 0.4938483238220215, 0.42866504192352295]"
3,centroid,1,357,Triton,Triton,"[""Triton"", ""Castor"", ""Braga"", ""Mytikas"", ""Trius""]","[0.8392121195793152, 0.601630449295044, 0.47469398379325867, 0.46527957916259766, 0.4558369517326355]"
3,centroid,1,358,Triton,Triton,"[""Triton"", ""Trius"", ""Braga"", ""Mytikas"", ""Castor""]","[0.8674653768539429, 0.5875486135482788, 0.5874234437942505, 0.42661887407302856, 0.3377785384654999]"
3,centroid,1,359,Triton,Triton,"[""Triton"", ""Trius"", ""Braga"", ""Mytikas"", ""Castor""]","[0.8957603573799133, 0.5262722373008728, 0.5071347951889038, 0.4803951382637024, 0.41152137517929077]"
3,centroid,1,360,Triton,Triton,"[""Triton"", ""Braga"", ""Trius"", ""Castor"", ""Alcatras""]","[0.8201617002487183, 0.49653521180152893, 0.45774513483047485, 0.3014545738697052, 0.2949551045894623]"
3,centroid,1,361,Triton,Triton,"[""Triton"", ""Mytikas"", ""Trius"", ""Braga"", ""Castor""]","[0.8749681115150452, 0.616066038608551, 0.5847606658935547, 0.4880264401435852, 0.4095652997493744]"
3,centroid,1,362,Triton,Triton,"[""Triton"", ""Mytikas"", ""Trius"", ""Castor"", ""Braga""]","[0.8842408657073975, 0.4541661739349365, 0.4093966484069824, 0.4005897641181946, 0.36514973640441895]"
3,centroid,1,363,Triton,Triton,"[""Triton"", ""Castor"", ""Trius"", ""Braga"", ""Mytikas""]","[0.780738353729248, 0.48428624868392944, 0.4517655372619629, 0.355106920003891, 0.29528072476387024]"
3,centroid,1,364,Triton,Triton,"[""Triton"", ""Trius"", ""Braga"", ""Castor"", ""Mytikas""]","[0.9077565670013428, 0.5584589242935181, 0.5435587167739868, 0.3823152482509613, 0.371054470539093]"
3,centroid,1,365,Triton,Alaris,"[""Alaris"", ""Trius"", ""Alcatras"", ""Mytikas"", ""Triton""]","[0.5663955211639404, 0.5583169460296631, 0.5254651308059692, 0.5003970265388489, 0.45880433917045593]"
3,centroid,1,366,Triton,Triton,"[""Triton"", ""Mytikas"", ""Castor"", ""Braga"", ""Velorum""]","[0.7808439135551453, 0.5829113721847534, 0.43823713064193726, 0.34214627742767334, 0.27923819422721863]"
3,centroid,1,367,Triton,Triton,"[""Triton"", ""Braga"", ""Mytikas"", ""Trius"", ""Castor""]","[0.8922491073608398, 0.6459547281265259, 0.5424267053604126, 0.49324917793273926, 0.4291382431983948]"
3,centroid,1,368,Triton,Triton,"[""Triton"", ""Braga"", ""Trius"", ""Castor"", ""Mytikas""]","[0.8959408402442932, 0.5291233062744141, 0.5183385610580444, 0.486689031124115, 0.38896316289901733]"
3,centroid,1,369,Triton,Triton,"[""Triton"", ""Mytikas"", ""Trius"", ""Turbine"", ""Castor""]","[0.6259540319442749, 0.6018261909484863, 0.4964628517627716, 0.4040393829345703, 0.35792475938796997]"
3,centroid,1,370,Triton,Triton,"[""Triton"", ""Trius"", ""Braga"", ""Mytikas"", ""Castor""]","[0.9276745915412903, 0.6617687940597534, 0.564487099647522, 0.550422191619873, 0.44340792298316956]"
3,centroid,1,371,Triton,Triton,"[""Triton"", ""Braga"", ""Mytikas"", ""Trius"", ""Castor""]","[0.8492880463600159, 0.7014011740684509, 0.46734899282455444, 0.46554291248321533, 0.4288375973701477]"
3,centroid,1,372,Triton,Triton,"[""Triton"", ""Trius"", ""Braga"", ""Mytikas"", ""Castor""]","[0.8903278708457947, 0.7120023965835571, 0.6004135608673096, 0.5341824293136597, 0.3911365270614624]"
3,centroid,1,373,Triton,Triton,"[""Triton"", ""Braga"", ""Castor"", ""Trius"", ""Mytikas""]","[0.8054001331329346, 0.44195321202278137, 0.4406687617301941, 0.3660205006599426, 0.29681435227394104]"
3,centroid,1,374,Triton,Triton,"[""Triton"", ""Trius"", ""Braga"", ""Mytikas"", ""Castor""]","[0.9493330717086792, 0.6147128939628601, 0.5289789438247681, 0.4378996193408966, 0.4262825846672058]"
3,centroid,1,375,Triton,Braga,"[""Braga"", ""Triton"", ""Alcatras"", ""Trius"", ""Mytikas""]","[0.6593884229660034, 0.566569447517395, 0.5624673366546631, 0.5428203344345093, 0.5081754922866821]"
3,centroid,1,376,Triton,Triton,"[""Triton"", ""Trius"", ""Castor"", ""Ilias"", ""Ratikon""]","[0.63451087474823, 0.33520060777664185, 0.2680964767932892, 0.2608293294906616, 0.2506085932254791]"
3,centroid,1,377,Triton,Triton,"[""Triton"", ""Braga"", ""Trius"", ""Alcatras"", ""Castor""]","[0.8104152679443359, 0.6961787343025208, 0.5832911133766174, 0.4332166910171509, 0.4287828207015991]"
3,centroid,1,378,Triton,Triton,"[""Triton"", ""Braga"", ""Trius"", ""Mytikas"", ""Castor""]","[0.9037706255912781, 0.6366957426071167, 0.5768340826034546, 0.5148136615753174, 0.39861518144607544]"
3,centroid,1,379,Triton,Triton,"[""Triton"", ""Braga"", ""Trius"", ""Castor"", ""Gemini""]","[0.7794764637947083, 0.5473415851593018, 0.5256776809692383, 0.39293360710144043, 0.31301480531692505]"
3,centroid,1,380,Triton,Triton,"[""Triton"", ""Trius"", ""Mytikas"", ""Alcatras"", ""Castor""]","[0.7988227605819702, 0.7127861976623535, 0.5753870010375977, 0.5173639059066772, 0.5066089034080505]"
3,centroid,1,381,Triton,Triton,"[""Triton"", ""Trius"", ""Braga"", ""Mytikas"", ""Alcatras""]","[0.8715723752975464, 0.6402631998062134, 0.595539927482605, 0.3965897560119629, 0.3404781222343445]"
3,centroid,1,382,Triton,Triton,"[""Triton"", ""Mytikas"", ""Trius"", ""Braga"", ""Castor""]","[0.9204891920089722, 0.5244945883750916, 0.4880032539367676, 0.3755345344543457, 0.30401432514190674]"
3,centroid,1,383,Triton,Triton,"[""Triton"", ""Mytikas"", ""Trius"", ""Braga"", ""Castor""]","[0.9007986783981323, 0.6706274747848511, 0.5044729709625244, 0.47016793489456177, 0.45219919085502625]"
3,centroid,1,384,Triton,Triton,"[""Triton"", ""Trius"", ""Braga"", ""Mytikas"", ""Gemini""]","[0.8142145872116089, 0.4122166633605957, 0.36067888140678406, 0.32196781039237976, 0.30987608432769775]"
3,centroid,1,385,Triton,Triton,"[""Triton"", ""Castor"", ""Mytikas"", ""Braga"", ""Trius""]","[0.8633959293365479, 0.6739472150802612, 0.5975749492645264, 0.3796500563621521, 0.375349760055542]"
3,centroid,1,386,Triton,Triton,"[""Triton"", ""Braga"", ""Trius"", ""Castor"", ""Alcatras""]","[0.7180898189544678, 0.6605820059776306, 0.6174949407577515, 0.4640128016471863, 0.3300076723098755]"
3,centroid,1,387,Triton,Triton,"[""Triton"", ""Trius"", ""Braga"", ""Ilias"", ""Mytikas""]","[0.8852908611297607, 0.5835084915161133, 0.4348703622817993, 0.3015783727169037, 0.2788681983947754]"
3,centroid,1,388,Triton,Alcatras,"[""Alcatras"", ""Triton"", ""Castor"", ""Braga"", ""Alaris""]","[0.5330519676208496, 0.4982236921787262, 0.46617698669433594, 0.39011242985725403, 0.37941107153892517]"
3,centroid,1,389,Triton,Triton,"[""Triton"", ""Mytikas"", ""Trius"", ""Castor"", ""Braga""]","[0.8402695655822754, 0.6840240955352783, 0.5481409430503845, 0.39255425333976746, 0.38882577419281006]"
3,centroid,1,390,Triton,Triton,"[""Triton"", ""Trius"", ""Castor"", ""Mytikas"", ""Velorum""]","[0.6644996404647827, 0.5012471675872803, 0.399505078792572, 0.35981661081314087, 0.34793686866760254]"
3,centroid,1,391,Triton,Triton,"[""Triton"", ""Trius"", ""Mytikas"", ""Braga"", ""Castor""]","[0.9064538478851318, 0.5941709876060486, 0.5845168828964233, 0.5025209784507751, 0.49639201164245605]"
3,centroid,1,392,Triton,Triton,"[""Triton"", ""Trius"", ""Mytikas"", ""Braga"", ""Ilias""]","[0.893642246723175, 0.528991162776947, 0.3793979287147522, 0.37126803398132324, 0.31946420669555664]"
3,centroid,1,393,Triton,Castor,"[""Castor"", ""Triton"", ""Mytikas"", ""Turbine"", ""Alcatras""]","[0.6233946681022644, 0.5480813980102539, 0.4314345121383667, 0.4237108826637268, 0.37728288769721985]"
3,centroid,1,394,Triton,Triton,"[""Triton"", ""Trius"", ""Mytikas"", ""Castor"", ""Braga""]","[0.938316285610199, 0.5397671461105347, 0.5225241184234619, 0.499578595161438, 0.4623611271381378]"
3,centroid,1,395,Triton,Triton,"[""Triton"", ""Mytikas"", ""Castor"", ""Trius"", ""Braga""]","[0.797927737236023, 0.5686920881271362, 0.42975282669067383, 0.38765496015548706, 0.3736308217048645]"
3,centroid,1,396,Triton,Triton,"[""Triton"", ""Mytikas"", ""Braga"", ""Trius"", ""Castor""]","[0.8847767114639282, 0.6405879259109497, 0.5795371532440186, 0.5326706767082214, 0.5046427845954895]"
3,centroid,1,397,Triton,Triton,"[""Triton"", ""Mytikas"", ""Braga"", ""Trius"", ""Alcatras""]","[0.7849617004394531, 0.5348283052444458, 0.419258177280426, 0.32577282190322876, 0.2912493050098419]"
3,centroid,1,398,Triton,Triton,"[""Triton"", ""Mytikas"", ""Braga"", ""Trius"", ""Gemini""]","[0.7699299454689026, 0.37632113695144653, 0.36959022283554077, 0.35909774899482727, 0.27126190066337585]"
3,centroid,1,399,Triton,Triton,"[""Triton"", ""Braga"", ""Mytikas"", ""Castor"", ""Trius""]","[0.8115813732147217, 0.5817810297012329, 0.44912979006767273, 0.3695618212223053, 0.3482848107814789]"
3,centroid,1,400,Triton,Triton,"[""Triton"", ""Trius"", ""Braga"", ""Mytikas"", ""Ilias""]","[0.8933823704719543, 0.48780131340026855, 0.4354109764099121, 0.35297685861587524, 0.2641593813896179]"
3,centroid,1,401,Triton,Triton,"[""Triton"", ""Mytikas"", ""Castor"", ""Trius"", ""Braga""]","[0.7617676258087158, 0.6486502885818481, 0.2859428822994232, 0.2754308879375458, 0.18343102931976318]"
3,centroid,1,402,Triton,Triton,"[""Triton"", ""Castor"", ""Braga"", ""Mytikas"", ""Trius""]","[0.7966338992118835, 0.7078503370285034, 0.6492727994918823, 0.5126830339431763, 0.34907782077789307]"
3,centroid,1,403,Triton,Triton,"[""Triton"", ""Braga"", ""Trius"", ""Castor"", ""Mytikas""]","[0.7610182166099548, 0.6703566312789917, 0.5658844709396362, 0.4671728014945984, 0.3230520486831665]"
3,centroid,1,404,Triton,Triton,"[""Triton"", ""Mytikas"", ""Trius"", ""Braga"", ""Castor""]","[0.915602445602417, 0.6039122343063354, 0.46560174226760864, 0.4321381151676178, 0.39650261402130127]"
3,centroid,1,405,Trius,Trius,"[""Trius"", ""Alaris"", ""Braga"", ""Alcatras"", ""Mytikas""]","[0.8247972726821899, 0.4746820330619812, 0.40321439504623413, 0.3608033359050751, 0.31809332966804504]"
3,centroid,1,406,Trius,Trius,"[""Trius"", ""Triton"", ""Velorum"", ""Alcatras"", ""Castor""]","[0.6718133687973022, 0.5862717628479004, 0.4012433886528015, 0.31709763407707214, 0.26619917154312134]"
3,centroid,1,407,Trius,Trius,"[""Trius"", ""Braga"", ""Gemini"", ""Mytikas"", ""Vega""]","[0.6975937485694885, 0.43336430191993713, 0.39936161041259766, 0.37014031410217285, 0.335838258266449]"
3,centroid,1,408,Trius,Trius,"[""Trius"", ""Triton"", ""Castor"", ""Braga"", ""Alcatras""]","[0.7722169756889343, 0.6603515148162842, 0.5476675033569336, 0.5213807225227356, 0.48781973123550415]"
3,centroid,1,409,Trius,Trius,"[""Trius"", ""Gemini"", ""Triton"", ""Braga"", ""Vega""]","[0.7869471311569214, 0.5449320077896118, 0.34207189083099365, 0.33422428369522095, 0.33409714698791504]"
3,centroid,1,410,Trius,Trius,"[""Trius"", ""Triton"", ""Gemini"", ""Mytikas"", ""Braga""]","[0.6025840640068054, 0.5914496183395386, 0.5254164934158325, 0.46135851740837097, 0.3634605407714844]"
3,centroid,1,411,Trius,Trius,"[""Trius"", ""Triton"", ""Castor"", ""Alaris"", ""Alcatras""]","[0.8382152318954468, 0.6090849041938782, 0.42837077379226685, 0.4107879400253296, 0.4097142517566681]"
3,centroid,1,412,Trius,Trius,"[""Trius"", ""Braga"", ""Triton"", ""Alaris"", ""Gemini""]","[0.7537028789520264, 0.5085744857788086, 0.47295376658439636, 0.3854479193687439, 0.3647901713848114]"
3,centroid,1,413,Trius,Trius,"[""Trius"", ""Triton"", ""Braga"", ""Mytikas"", ""Castor""]","[0.9079485535621643, 0.7240003943443298, 0.6139488816261292, 0.5493761301040649, 0.4514791667461395]"
3,centroid,1,414,Trius,Trius,"[""Trius"", ""Alaris"", ""Braga"", ""Alcatras"", ""Triton""]","[0.7902724742889404, 0.5913543105125427, 0.429334819316864, 0.4099350571632385, 0.38463079929351807]"
3,centroid,1,415,Trius,Trius,"[""Trius"", ""Alaris"", ""Alcatras"", ""Braga"", ""Triton""]","[0.5854843854904175, 0.5710923671722412, 0.38127386569976807, 0.3090726137161255, 0.2942005395889282]"
3,centroid,1,416,Trius,Vega,"[""Vega"", ""Xtreme"", ""Triton"", ""Braga"", ""Trius""]","[0.44888538122177124, 0.3101035952568054, 0.2851402759552002, 0.2781745195388794, 0.27360913157463074]"
3,centroid,1,417,Trius,Trius,"[""Trius"", ""Braga"", ""Alcatras"", ""Triton"", ""Alaris""]","[0.7984167337417603, 0.6808076500892639, 0.6150832176208496, 0.5898231267929077, 0.5358543395996094]"
3,centroid,1,418,Trius,Trius,"[""Trius"", ""Gemini"", ""Triton"", ""Mytikas"", ""Braga""]","[0.870826244354248, 0.4007152020931244, 0.35407501459121704, 0.30183255672454834, 0.274277925491333]"
3,centroid,1,419,Trius,Trius,"[""Trius"", ""Triton"", ""Ilias"", ""Velorum"", ""Gemini""]","[0.6002473831176758, 0.5286174416542053, 0.37343189120292664, 0.3491222858428955, 0.3481278419494629]"
3,centroid,1,420,Trius,Trius,"[""Trius"", ""Alaris"", ""Triton"", ""Braga"", ""Alcatras""]","[0.9291902184486389, 0.4584881663322449, 0.4435587525367737, 0.44340088963508606, 0.4272831380367279]"
3,centroid,1,421,Trius,Trius,"[""Trius"", ""Triton"", ""Mytikas"", ""Braga"", ""Gemini""]","[0.8561826348304749, 0.6729081869125366, 0.41456830501556396, 0.3482106328010559, 0.34196779131889343]"
3,centroid,1,422,Trius,Trius,"[""Trius"", ""Alaris"", ""Braga"", ""Alcatras"", ""Gemini""]","[0.8319616317749023, 0.6295526027679443, 0.4887769818305969, 0.47618693113327026, 0.40744006633758545]"
3,centroid,1,423,Trius,Mytikas,"[""Mytikas"", ""Trius"", ""Alaris"", ""Nivalis"", ""Alcatras""]","[0.5143675208091736, 0.4460330307483673, 0.28210145235061646, 0.26558539271354675, 0.22987303137779236]"
3,centroid,1,424,Trius,Trius,"[""Trius"", ""Triton"", ""Alcatras"", ""Mytikas"", ""Velorum""]","[0.6745991110801697, 0.6175771355628967, 0.4656321108341217, 0.43582525849342346, 0.38495904207229614]"
3,centroid,1,425,Trius,Trius,"[""Trius"", ""Triton"", ""Mytikas"", ""Alaris"", ""Alcatras""]","[0.8700869083404541, 0.6494774222373962, 0.5786911249160767, 0.5366045236587524, 0.4942358732223511]"
3,centroid,1,426,Trius,Trius,"[""Trius"", ""Vega"", ""Braga"", ""Turbine"", ""Triton""]","[0.5562194585800171, 0.4949789047241211, 0.46011465787887573, 0.3858155608177185, 0.35324451327323914]"
3,centroid,1,427,Trius,Trius,"[""Trius"", ""Triton"", ""Castor"", ""Mytikas"", ""Velorum""]","[0.6880679130554199, 0.6429575085639954, 0.43026602268218994, 0.38732704520225525, 0.356246680021286]"
3,centroid,1,428,Trius,Triton,"[""Triton"", ""Trius"", ""Mytikas"", ""Braga"", ""Gemini""]","[0.8937433958053589, 0.7611093521118164, 0.5151152610778809, 0.4082969129085541, 0.25407150387763977]"
3,centroid,1,429,Trius,Trius,"[""Trius"", ""Alaris"", ""Triton"", ""Braga"", ""Alcatras""]","[0.9192065000534058, 0.5460591912269592, 0.5061712861061096, 0.4814566969871521, 0.4068776071071625]"
3,centroid,1,430,Trius,Trius,"[""Trius"", ""Ilias"", ""Gemini"", ""Braga"", ""Alcatras""]","[0.4372067451477051, 0.3985620141029358, 0.3764798641204834, 0.28752344846725464, 0.28485575318336487]"
3,centroid,1,431,Trius,Trius,"[""Trius"", ""Triton"", ""Braga"", ""Ilias"", ""Gemini""]","[0.7276536822319031, 0.6606752872467041, 0.40439316630363464, 0.3969440162181854, 0.33812227845191956]"
3,centroid,1,432,Trius,Trius,"[""Trius"", ""Ilias"", ""Denom"", ""Gemini"", ""Triton""]","[0.5104294419288635, 0.4694901704788208, 0.4427286982536316, 0.4080420732498169, 0.34386467933654785]"
3,centroid,1,433,Trius,Trius,"[""Trius"", ""Triton"", ""Alaris"", ""Castor"", ""Alcatras""]","[0.7052958607673645, 0.6241352558135986, 0.6121384501457214, 0.596001923084259, 0.5279460549354553]"
3,centroid,1,434,Trius,Trius,"[""Trius"", ""Gemini"", ""Triton"", ""Alaris"", ""Braga""]","[0.8607379794120789, 0.36674922704696655, 0.3629353940486908, 0.3294375240802765, 0.30295509099960327]"
3,centroid,1,435,Trius,Velorum,"[""Velorum"", ""Triton"", ""Castor"", ""Mytikas"", ""Trius""]","[0.6552396416664124, 0.452230840921402, 0.4375413954257965, 0.33327716588974, 0.2962217330932617]"
3,centroid,1,436,Trius,Triton,"[""Triton"", ""Trius"", ""Braga"", ""Gemini"", ""Mytikas""]","[0.7775349020957947, 0.757970929145813, 0.5898103713989258, 0.39131098985671997, 0.3774324655532837]"
3,centroid,1,437,Trius,Trius,"[""Trius"", ""Triton"", ""Braga"", ""Castor"", ""Alcatras""]","[0.8748522996902466, 0.5672135353088379, 0.5648705363273621, 0.535510778427124, 0.48897701501846313]"
3,centroid,1,438,Trius,Trius,"[""Trius"", ""Braga"", ""Triton"", ""Mytikas"", ""Gemini""]","[0.8640463948249817, 0.6310467720031738, 0.5680912733078003, 0.49066364765167236, 0.4326477646827698]"
3,centroid,1,439,Trius,Trius,"[""Trius"", ""Braga"", ""Triton"", ""Alaris"", ""Gemini""]","[0.875967264175415, 0.5493899583816528, 0.45592594146728516, 0.4265759289264679, 0.41530096530914307]"
3,centroid,1,440,Trius,Trius,"[""Trius"", ""Mytikas"", ""Gemini"", ""Triton"", ""Alaris""]","[0.8237120509147644, 0.46201762557029724, 0.4505845010280609, 0.3461547791957855, 0.3076595962047577]"
3,centroid,1,441,Trius,Triton,"[""Triton"", ""Trius"", ""Braga"", ""Gemini"", ""Vega""]","[0.67221999168396, 0.6637031435966492, 0.5996278524398804, 0.48877811431884766, 0.44018077850341797]"
3,centroid,1,442,Trius,Braga,"[""Braga"", ""Gemini"", ""Trius"", ""Xtreme"", ""Triton""]","[0.7256221175193787, 0.6157536506652832, 0.44731637835502625, 0.33638057112693787, 0.3172038495540619]"
3,centroid,1,443,Trius,Braga,"[""Braga"", ""Mytikas"", ""Trius"", ""Triton"", ""Castor""]","[0.8168185353279114, 0.6338518261909485, 0.6309347152709961, 0.5770606994628906, 0.43363097310066223]"
3,centroid,1,444,Trius,Nivalis,"[""Nivalis"", ""Trius"", ""Mytikas"", ""Denom"", ""Vega""]","[0.3032839894294739, 0.27034792304039, 0.26020365953445435, 0.23341158032417297, 0.21049648523330688]"
3,centroid,1,445,Turbine,Turbine,"[""Turbine"", ""Hawk"", ""Castor"", ""Braga"", ""Vega""]","[0.9548760652542114, 0.406528502702713, 0.39963042736053467, 0.3483695685863495, 0.22927558422088623]"
3,centroid,1,446,Turbine,Turbine,"[""Turbine"", ""Castor"", ""Alcatras"", ""Hawk"", ""Alaris""]","[0.7531581521034241, 0.5142338871955872, 0.29426467418670654, 0.23726986348628998, 0.21231435239315033]"
3,centroid,1,447,Turbine,Turbine,"[""Turbine"", ""Braga"", ""Trius"", ""Vega"", ""Hawk""]","[0.8480192422866821, 0.5917583107948303, 0.45311272144317627, 0.43250423669815063, 0.35346338152885437]"
3,centroid,1,448,Turbine,Turbine,"[""Turbine"", ""Castor"", ""Braga"", ""Alaris"", ""Mytikas""]","[0.7710883617401123, 0.6585073471069336, 0.5770508646965027, 0.47395628690719604, 0.42150741815567017]"
3,centroid,1,449,Turbine,Turbine,"[""Turbine"", ""Vega"", ""Hawk"", ""Braga"", ""Gemini""]","[0.8188755512237549, 0.5655430555343628, 0.5138626098632812, 0.3909033536911011, 0.2369987964630127]"
3,centroid,1,450,Turbine,Turbine,"[""Turbine"", ""Castor"", ""Braga"", ""Trius"", ""Mytikas""]","[0.7928615808486938, 0.5335516929626465, 0.5152355432510376, 0.5104922652244568, 0.4996027648448944]"
3,centroid,1,451,Turbine,Turbine,"[""Turbine"", ""Vega"", ""Braga"", ""Hawk"", ""Trius""]","[0.8868497610092163, 0.47846511006355286, 0.4537988603115082, 0.3636396527290344, 0.2534206509590149]"
3,centroid,1,452,Turbine,Turbine,"[""Turbine"", ""Hawk"", ""Castor"", ""Vega"", ""Alaris""]","[0.8986034393310547, 0.3975592851638794, 0.3413057029247284, 0.17192652821540833, 0.15439903736114502]"
3,centroid,1,453,Turbine,Turbine,"[""Turbine"", ""Hawk"", ""Castor"", ""Mytikas"", ""Braga""]","[0.872962474822998, 0.4042036533355713, 0.39237791299819946, 0.23733669519424438, 0.22495383024215698]"
3,centroid,1,454,Turbine,Turbine,"[""Turbine"", ""Hawk"", ""Braga"", ""Castor"", ""Vega""]","[0.9187605977058411, 0.49525338411331177, 0.4445471465587616, 0.4155629873275757, 0.36622971296310425]"
3,centroid,1,455,Turbine,Turbine,"[""Turbine"", ""Alcatras"", ""Alaris"", ""Castor"", ""Hawk""]","[0.6933022141456604, 0.6894890069961548, 0.6166925430297852, 0.41874584555625916, 0.34817788004875183]"
3,centroid,1,456,Turbine,Turbine,"[""Turbine"", ""Braga"", ""Castor"", ""Hawk"", ""Alcatras""]","[0.9393190145492554, 0.5081997513771057, 0.49688583612442017, 0.3588899075984955, 0.2909959554672241]"
3,centroid,1,457,Turbine,Alcatras,"[""Alcatras"", ""Castor"", ""Turbine"", ""Alaris"", ""Braga""]","[0.7295202612876892, 0.6602683067321777, 0.6410048007965088, 0.5803371667861938, 0.5098263621330261]"
3,centroid,1,458,Turbine,Turbine,"[""Turbine"", ""Vega"", ""Braga"", ""Gemini"", ""Hawk""]","[0.7412739992141724, 0.4825495183467865, 0.4344978332519531, 0.39183509349823, 0.3749391436576843]"
3,centroid,1,459,Turbine,Turbine,"[""Turbine"", ""Hawk"", ""Velorum"", ""Braga"", ""Castor""]","[0.6956315040588379, 0.5185208320617676, 0.31746017932891846, 0.2312912791967392, 0.16838502883911133]"
3,centroid,1,460,Turbine,Turbine,"[""Turbine"", ""Vega"", ""Hawk"", ""Braga"", ""Alaris""]","[0.901240348815918, 0.5199501514434814, 0.4427935779094696, 0.4082425534725189, 0.22010090947151184]"
3,centroid,1,461,Turbine,Turbine,"[""Turbine"", ""Braga"", ""Hawk"", ""Vega"", ""Castor""]","[0.9412887096405029, 0.4564480483531952, 0.42609143257141113, 0.34310874342918396, 0.30649611353874207]"
3,centroid,1,462,Turbine,Turbine,"[""Turbine"", ""Hawk"", ""Alaris"", ""Vega"", ""Braga""]","[0.9364686012268066, 0.3541898727416992, 0.32682371139526367, 0.26675236225128174, 0.23423752188682556]"
3,centroid,1,463,Turbine,Turbine,"[""Turbine"", ""Castor"", ""Alaris"", ""Alcatras"", ""Braga""]","[0.7957853078842163, 0.614977240562439, 0.5278915762901306, 0.4222264289855957, 0.3541448414325714]"
3,centroid,1,464,Turbine,Turbine,"[""Turbine"", ""Castor"", ""Alcatras"", ""Braga"", ""Alaris""]","[0.7127158641815186, 0.6362736225128174, 0.5178491473197937, 0.39443814754486084, 0.33195048570632935]"
3,centroid,1,465,Turbine,Turbine,"[""Turbine"", ""Braga"", ""Vega"", ""Castor"", ""Trius""]","[0.8057210445404053, 0.7265596389770508, 0.5369279384613037, 0.3908689618110657, 0.37607693672180176]"
3,centroid,1,466,Turbine,Castor,"[""Castor"", ""Braga"", ""Turbine"", ""Alcatras"", ""Triton""]","[0.7825903296470642, 0.7782905101776123, 0.5932254791259766, 0.577987551689148, 0.5654582977294922]"
3,centroid,1,467,Turbine,Castor,"[""Castor"", ""Turbine"", ""Braga"", ""Alcatras"", ""Triton""]","[0.7440470457077026, 0.7251048684120178, 0.7176558375358582, 0.5429362058639526, 0.4404485821723938]"
3,centroid,1,468,Turbine,Turbine,"[""Turbine"", ""Castor"", ""Alcatras"", ""Alaris"", ""Braga""]","[0.8078521490097046, 0.7744393348693848, 0.6194416880607605, 0.5066308975219727, 0.44922399520874023]"
3,centroid,1,469,Turbine,Turbine,"[""Turbine"", ""Hawk"", ""Braga"", ""Vega"", ""Alaris""]","[0.8886364698410034, 0.5903306603431702, 0.43571382761001587, 0.4139193296432495, 0.3353821039199829]"
3,centroid,1,470,Turbine,Turbine,"[""Turbine"", ""Braga"", ""Castor"", ""Hawk"", ""Vega""]","[0.8686996102333069, 0.4520529508590698, 0.3823803663253784, 0.30326148867607117, 0.2734212279319763]"
3,centroid,1,471,Turbine,Turbine,"[""Turbine"", ""Vega"", ""Hawk"", ""Braga"", ""Castor""]","[0.8781065940856934, 0.3956346809864044, 0.3947654366493225, 0.38999730348587036, 0.20050445199012756]"
3,centroid,1,472,Vega,Vega,"[""Vega"", ""Braga"", ""Gemini"", ""Trius"", ""Turbine""]","[0.895998477935791, 0.6067931652069092, 0.5116877555847168, 0.41795554757118225, 0.3195158839225769]"
3,centroid,1,473,Vega,Vega,"[""Vega"", ""Turbine"", ""Braga"", ""Alcatras"", ""Alaris""]","[0.7780377864837646, 0.5641851425170898, 0.5069627165794373, 0.3701849579811096, 0.3545759320259094]"
3,centroid,1,474,Vega,Vega,"[""Vega"", ""Hawk"", ""Turbine"", ""Alaris"", ""Braga""]","[0.8793179988861084, 0.46096324920654297, 0.4381346106529236, 0.40400752425193787, 0.1442297399044037]"
3,centroid,1,475,Vega,Vega,"[""Vega"", ""Hawk"", ""Gemini"", ""Braga"", ""Alaris""]","[0.8684747815132141, 0.5513939261436462, 0.4332866668701172, 0.2556830048561096, 0.23505881428718567]"
3,centroid,1,476,Vega,Vega,"[""Vega"", ""Hawk"", ""Turbine"", ""Alaris"", ""Braga""]","[0.9398292899131775, 0.43261176347732544, 0.41124022006988525, 0.3578089773654938, 0.2594372034072876]"
3,centroid,1,477,Vega,Vega,"[""Vega"", ""Hawk"", ""Turbine"", ""Gemini"", ""Braga""]","[0.7858051061630249, 0.443401038646698, 0.3529849052429199, 0.17188012599945068, 0.12011310458183289]"
3,centroid,1,478,Vega,Vega,"[""Vega"", ""Alaris"", ""Turbine"", ""Braga"", ""Gemini""]","[0.9179571866989136, 0.37432873249053955, 0.3022761344909668, 0.25867611169815063, 0.2243519276380539]"
3,centroid,1,479,Vega,Vega,"[""Vega"", ""Braga"", ""Gemini"", ""Hawk"", ""Alaris""]","[0.8656860589981079, 0.4956316649913788, 0.4241328537464142, 0.2727559208869934, 0.2053322196006775]"
3,centroid,1,480,Vega,Vega,"[""Vega"", ""Gemini"", ""Alaris"", ""Hawk"", ""Turbine""]","[0.884652853012085, 0.3674543499946594, 0.31364157795906067, 0.2115311175584793, 0.20776329934597015]"
3,centroid,1,481,Vega,Vega,"[""Vega"", ""Hawk"", ""Turbine"", ""Alaris"", ""Alcatras""]","[0.7471331357955933, 0.6457477807998657, 0.4111782908439636, 0.32507532835006714, 0.1996067464351654]"
3,centroid,1,482,Vega,Vega,"[""Vega"", ""Gemini"", ""Trius"", ""Braga"", ""Alaris""]","[0.9112975597381592, 0.4062952399253845, 0.2940962612628937, 0.2659444808959961, 0.22920995950698853]"
3,centroid,1,483,Vega,Vega,"[""Vega"", ""Alaris"", ""Hawk"", ""Turbine"", ""Alcatras""]","[0.7682656049728394, 0.625619113445282, 0.5167251825332642, 0.3643995225429535, 0.35070228576660156]"
3,centroid,1,484,Vega,Vega,"[""Vega"", ""Braga"", ""Alaris"", ""Turbine"", ""Hawk""]","[0.8392686247825623, 0.4461595118045807, 0.38073137402534485, 0.3677757978439331, 0.1691233217716217]"
3,centroid,1,485,Vega,Vega,"[""Vega"", ""Gemini"", ""Braga"", ""Nivalis"", ""Turbine""]","[0.7458539605140686, 0.4321932792663574, 0.18879882991313934, 0.15914933383464813, 0.1398189216852188]"
3,centroid,1,486,Vega,Vega,"[""Vega"", ""Hawk"", ""Turbine"", ""Alaris"", ""Braga""]","[0.922615647315979, 0.22466865181922913, 0.21718861162662506, 0.18911224603652954, 0.16107690334320068]"
3,centroid,1,487,Vega,Vega,"[""Vega"", ""Gemini"", ""Hawk"", ""Turbine"", ""Braga""]","[0.8668331503868103, 0.5204862356185913, 0.435458242893219, 0.28577476739883423, 0.24880585074424744]"
3,centroid,1,488,Vega,Vega,"[""Vega"", ""Hawk"", ""Turbine"", ""Alaris"", ""Braga""]","[0.8820921182632446, 0.46135199069976807, 0.3556798994541168, 0.34963259100914, 0.202323779463768]"
3,centroid,1,489,Vega,Vega,"[""Vega"", ""Gemini"", ""Hawk"", ""Braga"", ""Trius""]","[0.9120775461196899, 0.4436311721801758, 0.3701835870742798, 0.30309587717056274, 0.25985482335090637]"
3,centroid,1,490,Vega,Vega,"[""Vega"", ""Alcatras"", ""Alaris"", ""Hawk"", ""Braga""]","[0.8674526810646057, 0.3642806112766266, 0.3240666389465332, 0.316811203956604, 0.2908444106578827]"
3,centroid,1,491,Vega,Vega,"[""Vega"", ""Gemini"", ""Alaris"", ""Braga"", ""Trius""]","[0.9036519527435303, 0.4233427047729492, 0.36562496423721313, 0.3178898096084595, 0.30494171380996704]"
3,centroid,1,492,Vega,Vega,"[""Vega"", ""Gemini"", ""Alaris"", ""Hawk"", ""Trius""]","[0.8336549997329712, 0.5183681845664978, 0.24020794034004211, 0.22601932287216187, 0.157562717795372]"
3,centroid,1,493,Vega,Vega,"[""Vega"", ""Alaris"", ""Hawk"", ""Alcatras"", ""Turbine""]","[0.8862141370773315, 0.408050000667572, 0.29884660243988037, 0.2880951464176178, 0.24244622886180878]"
3,centroid,1,494,Vega,Vega,"[""Vega"", ""Turbine"", ""Braga"", ""Hawk"", ""Alaris""]","[0.8099497556686401, 0.5517463088035583, 0.4442848563194275, 0.4062502384185791, 0.3231312036514282]"
3,centroid,1,495,Vega,Vega,"[""Vega"", ""Gemini"", ""Braga"", ""Alaris"", ""Trius""]","[0.8936289548873901, 0.4091803729534149, 0.40426480770111084, 0.37074995040893555, 0.27256789803504944]"
3,centroid,1,496,Vega,Vega,"[""Vega"", ""Turbine"", ""Alaris"", ""Hawk"", ""Alcatras""]","[0.8556604385375977, 0.3604539632797241, 0.33745667338371277, 0.22031965851783752, 0.14795845746994019]"
3,centroid,1,497,Vega,Vega,"[""Vega"", ""Braga"", ""Hawk"", ""Alcatras"", ""Trius""]","[0.67122483253479, 0.6292910575866699, 0.4356386065483093, 0.350661963224411, 0.34264788031578064]"
3,centroid,1,498,Vega,Velorum,"[""Velorum"", ""Xtreme"", ""Mytikas"", ""Alcatras"", ""Gemini""]","[0.35437729954719543, 0.3383079767227173, 0.2757418751716614, 0.2721908986568451, 0.1810416281223297]"
3,centroid,1,499,Vega,Vega,"[""Vega"", ""Braga"", ""Turbine"", ""Alaris"", ""Alcatras""]","[0.8678064346313477, 0.4788782000541687, 0.42350509762763977, 0.34985828399658203, 0.2340013086795807]"
3,centroid,1,500,Vega,Turbine,"[""Turbine"", ""Braga"", ""Vega"", ""Castor"", ""Hawk""]","[0.5530824661254883, 0.5365062952041626, 0.530063271522522, 0.37367722392082214, 0.30951690673828125]"
3,centroid,1,501,Vega,Vega,"[""Vega"", ""Gemini"", ""Triton"", ""Braga"", ""Trius""]","[0.7003903388977051, 0.5183461308479309, 0.34589841961860657, 0.32744696736335754, 0.3091347813606262]"
3,centroid,1,502,Vega,Vega,"[""Vega"", ""Braga"", ""Turbine"", ""Alaris"", ""Trius""]","[0.9223246574401855, 0.3129839301109314, 0.2824240028858185, 0.2736309766769409, 0.20656773447990417]"
3,centroid,1,503,Vega,Vega,"[""Vega"", ""Gemini"", ""Braga"", ""Alaris"", ""Hawk""]","[0.9542999267578125, 0.3273826837539673, 0.30454209446907043, 0.27799221873283386, 0.23679713904857635]"
3,centroid,1,504,Vega,Vega,"[""Vega"", ""Hawk"", ""Turbine"", ""Alaris"", ""Braga""]","[0.9030040502548218, 0.4074755311012268, 0.30234968662261963, 0.25074297189712524, 0.25063472986221313]"
3,centroid,1,505,Vega,Vega,"[""Vega"", ""Gemini"", ""Hawk"", ""Braga"", ""Xtreme""]","[0.8234764933586121, 0.3866272270679474, 0.385932981967926, 0.140342578291893, 0.13225488364696503]"
3,centroid,1,506,Vega,Vega,"[""Vega"", ""Hawk"", ""Gemini"", ""Alaris"", ""Turbine""]","[0.8868647813796997, 0.5264524817466736, 0.33217042684555054, 0.1721462905406952, 0.17158521711826324]"
3,centroid,1,507,Velorum,Velorum,"[""Velorum"", ""Ilias"", ""Nivalis"", ""Denom"", ""Ratikon""]","[0.913373589515686, 0.5094403028488159, 0.4450267553329468, 0.34032896161079407, 0.2685650587081909]"
3,centroid,1,508,Velorum,Velorum,"[""Velorum"", ""Nivalis"", ""Ilias"", ""Denom"", ""Mytikas""]","[0.9038214683532715, 0.5000462532043457, 0.2673649191856384, 0.23859703540802002, 0.13612395524978638]"
3,centroid,1,509,Velorum,Velorum,"[""Velorum"", ""Nivalis"", ""Ilias"", ""Denom"", ""Ratikon""]","[0.829367995262146, 0.49701008200645447, 0.48840102553367615, 0.31538304686546326, 0.23256120085716248]"
3,centroid,1,510,Velorum,Velorum,"[""Velorum"", ""Nivalis"", ""Ilias"", ""Ratikon"", ""Denom""]","[0.8372960090637207, 0.5362738966941833, 0.3063158392906189, 0.29163822531700134, 0.22800672054290771]"
3,centroid,1,511,Velorum,Velorum,"[""Velorum"", ""Ilias"", ""Denom"", ""Nivalis"", ""Ratikon""]","[0.9030922651290894, 0.3907623291015625, 0.37920838594436646, 0.2078479826450348, 0.18855494260787964]"
3,centroid,1,512,Velorum,Velorum,"[""Velorum"", ""Ilias"", ""Nivalis"", ""Denom"", ""Ratikon""]","[0.9357840418815613, 0.38830631971359253, 0.3407994210720062, 0.16337305307388306, 0.13840484619140625]"
3,centroid,1,513,Velorum,Velorum,"[""Velorum"", ""Ilias"", ""Trius"", ""Triton"", ""Nivalis""]","[0.7857250571250916, 0.3656030297279358, 0.3474177420139313, 0.3304782509803772, 0.1924184262752533]"
3,centroid,1,514,Velorum,Velorum,"[""Velorum"", ""Denom"", ""Nivalis"", ""Ratikon"", ""Ilias""]","[0.9063786268234253, 0.5519450306892395, 0.41930440068244934, 0.39336490631103516, 0.32526522874832153]"
3,centroid,1,515,Velorum,Velorum,"[""Velorum"", ""Denom"", ""Nivalis"", ""Ilias"", ""Ratikon""]","[0.8783276677131653, 0.5339698195457458, 0.48229271173477173, 0.3000955879688263, 0.24535860121250153]"
3,centroid,1,516,Velorum,Velorum,"[""Velorum"", ""Ilias"", ""Nivalis"", ""Mytikas"", ""Castor""]","[0.8621364235877991, 0.23806186020374298, 0.2253897488117218, 0.20793065428733826, 0.17620915174484253]"
3,centroid,1,517,Velorum,Velorum,"[""Velorum"", ""Ilias"", ""Denom"", ""Ratikon"", ""Nivalis""]","[0.7498365640640259, 0.5734559297561646, 0.4942266345024109, 0.33485445380210876, 0.23215307295322418]"
3,centroid,1,518,Velorum,Velorum,"[""Velorum"", ""Ilias"", ""Nivalis"", ""Denom"", ""Ratikon""]","[0.9402621984481812, 0.42039430141448975, 0.31201574206352234, 0.3096091151237488, 0.2899922728538513]"
3,centroid,1,519,Velorum,Velorum,"[""Velorum"", ""Ilias"", ""Denom"", ""Nivalis"", ""Ratikon""]","[0.7970357537269592, 0.5544523000717163, 0.4436125159263611, 0.3773118257522583, 0.23974907398223877]"
3,centroid,1,520,Velorum,Velorum,"[""Velorum"", ""Nivalis"", ""Denom"", ""Ratikon"", ""Ilias""]","[0.7703924775123596, 0.507672905921936, 0.3519176244735718, 0.21117833256721497, 0.20200949907302856]"
3,centroid,1,521,Velorum,Velorum,"[""Velorum"", ""Nivalis"", ""Ilias"", ""Denom"", ""Triton""]","[0.9323561787605286, 0.3972955346107483, 0.3201525807380676, 0.15929679572582245, 0.08991210907697678]"
3,centroid,1,522,Velorum,Velorum,"[""Velorum"", ""Ilias"", ""Nivalis"", ""Denom"", ""Ratikon""]","[0.8136200308799744, 0.6086950302124023, 0.4368109703063965, 0.38543832302093506, 0.2483678162097931]"
3,centroid,1,523,Velorum,Velorum,"[""Velorum"", ""Ilias"", ""Denom"", ""Xtreme"", ""Nivalis""]","[0.8546895980834961, 0.3527674674987793, 0.31863731145858765, 0.2610076665878296, 0.2413761019706726]"
3,centroid,1,524,Velorum,Velorum,"[""Velorum"", ""Nivalis"", ""Ratikon"", ""Steel_Wheel"", ""Mytikas""]","[0.7934943437576294, 0.45955032110214233, 0.24264341592788696, 0.1597033143043518, 0.12304594367742538]"
3,centroid,1,525,Velorum,Velorum,"[""Velorum"", ""Ilias"", ""Denom"", ""Nivalis"", ""Trius""]","[0.8551430702209473, 0.34396159648895264, 0.31520217657089233, 0.27719128131866455, 0.09323979169130325]"
3,centroid,1,526,Velorum,Velorum,"[""Velorum"", ""Ilias"", ""Ratikon"", ""Nivalis"", ""Denom""]","[0.7015265226364136, 0.5756880044937134, 0.5596063733100891, 0.5069166421890259, 0.48419466614723206]"
3,centroid,1,527,Velorum,Velorum,"[""Velorum"", ""Denom"", ""Alcatras"", ""Trius"", ""Castor""]","[0.8738778233528137, 0.20139408111572266, 0.1583070456981659, 0.14410503208637238, 0.1387372761964798]"
3,centroid,1,528,Velorum,Velorum,"[""Velorum"", ""Nivalis"", ""Ilias"", ""Denom"", ""Ratikon""]","[0.9437429904937744, 0.4756338894367218, 0.42020827531814575, 0.3854422867298126, 0.33031323552131653]"
3,centroid,1,529,Velorum,Velorum,"[""Velorum"", ""Denom"", ""Ilias"", ""Ratikon"", ""Nivalis""]","[0.8154751062393188, 0.4677302837371826, 0.4554555416107178, 0.2773565649986267, 0.2640364468097687]"
3,centroid,1,530,Velorum,Velorum,"[""Velorum"", ""Ilias"", ""Denom"", ""Nivalis"", ""Ratikon""]","[0.9403432607650757, 0.43437522649765015, 0.4251881241798401, 0.3876208961009979, 0.35133111476898193]"
3,centroid,1,531,Velorum,Velorum,"[""Velorum"", ""Nivalis"", ""Denom"", ""Ratikon"", ""Ilias""]","[0.8362886905670166, 0.6646151542663574, 0.504631757736206, 0.4544859528541565, 0.2742690145969391]"
3,centroid,1,532,Velorum,Velorum,"[""Velorum"", ""Nivalis"", ""Denom"", ""Ilias"", ""Ratikon""]","[0.9012998938560486, 0.5795611143112183, 0.43751707673072815, 0.40567612648010254, 0.38195985555648804]"
3,centroid,1,533,Velorum,Velorum,"[""Velorum"", ""Nivalis"", ""Denom"", ""Ratikon"", ""Ilias""]","[0.8876140713691711, 0.5989679098129272, 0.3656092882156372, 0.3455248773097992, 0.24831193685531616]"
3,centroid,1,534,Velorum,Velorum,"[""Velorum"", ""Ilias"", ""Nivalis"", ""Denom"", ""Xtreme""]","[0.9226285219192505, 0.36722469329833984, 0.32215023040771484, 0.2136022001504898, 0.18839417397975922]"
3,centroid,1,535,Velorum,Velorum,"[""Velorum"", ""Nivalis"", ""Denom"", ""Ilias"", ""Ratikon""]","[0.8632593750953674, 0.6402073502540588, 0.4358827471733093, 0.43377557396888733, 0.3626156449317932]"
3,centroid,1,536,Velorum,Velorum,"[""Velorum"", ""Ilias"", ""Nivalis"", ""Triton"", ""Ratikon""]","[0.848903477191925, 0.5131011605262756, 0.36583617329597473, 0.2825421094894409, 0.18847604095935822]"
3,centroid,1,537,Velorum,Velorum,"[""Velorum"", ""Denom"", ""Ilias"", ""Nivalis"", ""Ratikon""]","[0.9237192869186401, 0.45301252603530884, 0.3738858699798584, 0.32206571102142334, 0.31457915902137756]"
3,centroid,1,538,Velorum,Velorum,"[""Velorum"", ""Ilias"", ""Denom"", ""Nivalis"", ""Ratikon""]","[0.8477111458778381, 0.6248730421066284, 0.5385091304779053, 0.3843216300010681, 0.33264949917793274]"
3,centroid,1,539,Velorum,Velorum,"[""Velorum"", ""Ilias"", ""Nivalis"", ""Ratikon"", ""Denom""]","[0.7752994894981384, 0.6808041930198669, 0.3275236189365387, 0.29185694456100464, 0.26257801055908203]"
3,centroid,1,540,Velorum,Velorum,"[""Velorum"", ""Nivalis"", ""Triton"", ""Ilias"", ""Denom""]","[0.7745221853256226, 0.44880571961402893, 0.44568508863449097, 0.3685237467288971, 0.3230772316455841]"
3,centroid,1,541,Velorum,Velorum,"[""Velorum"", ""Nivalis"", ""Ilias"", ""Denom"", ""Xtreme""]","[0.9004485607147217, 0.46833449602127075, 0.3597162365913391, 0.2916104197502136, 0.15793347358703613]"
3,centroid,1,542,Velorum,Velorum,"[""Velorum"", ""Trius"", ""Denom"", ""Ilias"", ""Nivalis""]","[0.8039665818214417, 0.34669578075408936, 0.33952707052230835, 0.2740536332130432, 0.17671798169612885]"
3,centroid,1,543,Velorum,Velorum,"[""Velorum"", ""Ilias"", ""Nivalis"", ""Denom"", ""Ratikon""]","[0.9692784547805786, 0.368014395236969, 0.33222609758377075, 0.18436934053897858, 0.15468096733093262]"
3,centroid,1,544,Velorum,Velorum,"[""Velorum"", ""Ilias"", ""Denom"", ""Nivalis"", ""Ratikon""]","[0.7594661116600037, 0.5432829260826111, 0.5149439573287964, 0.4698827564716339, 0.361588716506958]"
3,centroid,1,545,Velorum,Velorum,"[""Velorum"", ""Ilias"", ""Denom"", ""Nivalis"", ""Ratikon""]","[0.9157251119613647, 0.3674275875091553, 0.29099223017692566, 0.26899126172065735, 0.2205943763256073]"
3,centroid,1,546,Velorum,Velorum,"[""Velorum"", ""Nivalis"", ""Ilias"", ""Ratikon"", ""Denom""]","[0.8588263988494873, 0.45766961574554443, 0.3975352644920349, 0.2963590919971466, 0.2857872247695923]"
3,centroid,1,547,Velorum,Velorum,"[""Velorum"", ""Nivalis"", ""Ilias"", ""Denom"", ""Castor""]","[0.9369888305664062, 0.45696818828582764, 0.29277998208999634, 0.2597787082195282, 0.1607629954814911]"
3,centroid,1,548,Velorum,Velorum,"[""Velorum"", ""Ilias"", ""Denom"", ""Nivalis"", ""Ratikon""]","[0.8742403984069824, 0.5436243414878845, 0.4107438027858734, 0.39680853486061096, 0.3764590620994568]"
3,centroid,1,549,Velorum,Velorum,"[""Velorum"", ""Nivalis"", ""Ilias"", ""Ratikon"", ""Mytikas""]","[0.8256173729896545, 0.44946879148483276, 0.30260440707206726, 0.25071725249290466, 0.18627895414829254]"
3,centroid,1,550,Velorum,Velorum,"[""Velorum"", ""Ilias"", ""Nivalis"", ""Denom"", ""Xtreme""]","[0.9279720783233643, 0.43536126613616943, 0.341846764087677, 0.29412201046943665, 0.09632962942123413]"
3,centroid,1,551,Velorum,Velorum,"[""Velorum"", ""Denom"", ""Ilias"", ""Nivalis"", ""Ratikon""]","[0.8236479759216309, 0.5741869807243347, 0.485416054725647, 0.414632111787796, 0.39781519770622253]"
3,centroid,1,552,Velorum,Velorum,"[""Velorum"", ""Nivalis"", ""Denom"", ""Castor"", ""Alcatras""]","[0.8362316489219666, 0.4734172523021698, 0.39704957604408264, 0.2375507950782776, 0.13348083198070526]"
3,centroid,1,553,Velorum,Velorum,"[""Velorum"", ""Trius"", ""Denom"", ""Castor"", ""Steel_Wheel""]","[0.7669131755828857, 0.38819193840026855, 0.3036932051181793, 0.27357447147369385, 0.2657124400138855]"
3,centroid,1,554,Velorum,Velorum,"[""Velorum"", ""Nivalis"", ""Ilias"", ""Denom"", ""Ratikon""]","[0.9107677936553955, 0.5291485786437988, 0.33411574363708496, 0.2659640908241272, 0.1156928613781929]"
3,centroid,1,555,Velorum,Velorum,"[""Velorum"", ""Nivalis"", ""Denom"", ""Ilias"", ""Ratikon""]","[0.8808978199958801, 0.6428309679031372, 0.3634536564350128, 0.34289097785949707, 0.3357442021369934]"
3,centroid,1,556,Velorum,Velorum,"[""Velorum"", ""Ilias"", ""Triton"", ""Nivalis"", ""Trius""]","[0.8159998655319214, 0.4516330361366272, 0.2948712706565857, 0.22755588591098785, 0.20984284579753876]"
3,centroid,1,557,Velorum,Velorum,"[""Velorum"", ""Ilias"", ""Nivalis"", ""Denom"", ""Ratikon""]","[0.8557949066162109, 0.5545783042907715, 0.33422088623046875, 0.21610628068447113, 0.20668992400169373]"
3,centroid,1,558,Velorum,Ilias,"[""Ilias"", ""Ratikon"", ""Nivalis"", ""Denom"", ""Velorum""]","[0.8047293424606323, 0.5085930824279785, 0.43831005692481995, 0.4153101444244385, 0.40225064754486084]"
3,centroid,1,559,Velorum,Velorum,"[""Velorum"", ""Ilias"", ""Denom"", ""Nivalis"", ""Ratikon""]","[0.8360833525657654, 0.5313732624053955, 0.3363620340824127, 0.29357680678367615, 0.23315177857875824]"
3,centroid,1,560,Velorum,Velorum,"[""Velorum"", ""Ilias"", ""Denom"", ""Triton"", ""Trius""]","[0.792426347732544, 0.5823376774787903, 0.40286239981651306, 0.354290634393692, 0.3220498561859131]"
3,centroid,1,561,Velorum,Velorum,"[""Velorum"", ""Nivalis"", ""Denom"", ""Ratikon"", ""Ilias""]","[0.8854402899742126, 0.5759434103965759, 0.4148915410041809, 0.2982694208621979, 0.18468120694160461]"
3,centroid,1,562,Velorum,Velorum,"[""Velorum"", ""Ilias"", ""Nivalis"", ""Triton"", ""Ratikon""]","[0.8864853382110596, 0.46129685640335083, 0.298648864030838, 0.25166669487953186, 0.13610059022903442]"
3,centroid,1,563,Velorum,Velorum,"[""Velorum"", ""Trius"", ""Alcatras"", ""Alaris"", ""Hawk""]","[0.7319883108139038, 0.40398871898651123, 0.3557193875312805, 0.2467099130153656, 0.23440560698509216]"
3,centroid,1,564,Velorum,Velorum,"[""Velorum"", ""Nivalis"", ""Denom"", ""Ilias"", ""Castor""]","[0.8960323333740234, 0.38938260078430176, 0.2449282705783844, 0.2065909057855606, 0.1893819272518158]"
3,centroid,1,565,Velorum,Velorum,"[""Velorum"", ""Denom"", ""Nivalis"", ""Ilias"", ""Castor""]","[0.8556466698646545, 0.4046325385570526, 0.39939165115356445, 0.25299257040023804, 0.1549493670463562]"
3,centroid,1,566,Xtreme,Xtreme,"[""Xtreme"", ""Gemini"", ""Ilias"", ""Vega"", ""Steel_Wheel""]","[0.8889488577842712, 0.35197779536247253, 0.10538458824157715, 0.05128675699234009, -0.010723069310188293]"
3,centroid,1,567,Xtreme,Gemini,"[""Gemini"", ""Xtreme"", ""Vega"", ""Nivalis"", ""Trius""]","[0.6465134620666504, 0.5545722842216492, 0.33412617444992065, 0.2799873948097229, 0.24884212017059326]"
3,centroid,1,568,Xtreme,Xtreme,"[""Xtreme"", ""Ilias"", ""Gemini"", ""Nivalis"", ""Triton""]","[0.7659841179847717, 0.4163661301136017, 0.3989618718624115, 0.3921266198158264, 0.15795505046844482]"
3,centroid,1,569,Xtreme,Xtreme,"[""Xtreme"", ""Gemini"", ""Ilias"", ""Nivalis"", ""Triton""]","[0.7818531394004822, 0.5146472454071045, 0.48041942715644836, 0.23044373095035553, 0.2057061791419983]"
3,centroid,1,570,Xtreme,Xtreme,"[""Xtreme"", ""Gemini"", ""Steel_Wheel"", ""Ilias"", ""Nivalis""]","[0.9666234254837036, 0.45116788148880005, 0.11656896024942398, 0.03922772407531738, 0.027662165462970734]"
3,centroid,1,571,Xtreme,Xtreme,"[""Xtreme"", ""Gemini"", ""Ilias"", ""Nivalis"", ""Steel_Wheel""]","[0.976908802986145, 0.4132806658744812, 0.2095310240983963, 0.07524651288986206, 0.06880595535039902]"
3,centroid,1,572,Xtreme,Xtreme,"[""Xtreme"", ""Gemini"", ""Ilias"", ""Denom"", ""Velorum""]","[0.947893500328064, 0.4888598322868347, 0.23207369446754456, 0.06321080029010773, 0.012669552117586136]"
3,centroid,1,573,Xtreme,Xtreme,"[""Xtreme"", ""Gemini"", ""Ilias"", ""Nivalis"", ""Denom""]","[0.9523957967758179, 0.5517006516456604, 0.18344195187091827, 0.08077351748943329, 0.029151402413845062]"
3,centroid,1,574,Xtreme,Xtreme,"[""Xtreme"", ""Gemini"", ""Steel_Wheel"", ""Denom"", ""Ilias""]","[0.9321903586387634, 0.2298731952905655, 0.1553891897201538, 0.07358822226524353, 0.06286944448947906]"
3,centroid,1,575,Xtreme,Xtreme,"[""Xtreme"", ""Gemini"", ""Steel_Wheel"", ""Braga"", ""Ilias""]","[0.9576781988143921, 0.37206214666366577, 0.09307825565338135, 0.032809749245643616, 0.00761154480278492]"
3,centroid,1,576,Xtreme,Xtreme,"[""Xtreme"", ""Gemini"", ""Hawk"", ""Ilias"", ""Steel_Wheel""]","[0.8798413276672363, 0.3342108726501465, 0.1625278890132904, 0.15799179673194885, 0.027697071433067322]"
3,centroid,1,577,Xtreme,Xtreme,"[""Xtreme"", ""Gemini"", ""Triton"", ""Braga"", ""Ilias""]","[0.8503639698028564, 0.4744516909122467, 0.23583579063415527, 0.13619595766067505, 0.12849751114845276]"
3,centroid,1,578,Xtreme,Xtreme,"[""Xtreme"", ""Gemini"", ""Steel_Wheel"", ""Hawk"", ""Velorum""]","[0.9544568061828613, 0.31127122044563293, 0.1471664011478424, 0.07885371893644333, 0.06149816885590553]"
3,centroid,1,579,Xtreme,Xtreme,"[""Xtreme"", ""Gemini"", ""Ilias"", ""Braga"", ""Nivalis""]","[0.9427993297576904, 0.5351276993751526, 0.12528745830059052, 0.10401872545480728, 0.08560291677713394]"
3,centroid,1,580,Xtreme,Xtreme,"[""Xtreme"", ""Gemini"", ""Hawk"", ""Steel_Wheel"", ""Ilias""]","[0.9005919098854065, 0.3076767027378082, 0.15439914166927338, 0.09457391500473022, 0.08898456394672394]"
3,centroid,1,581,Xtreme,Xtreme,"[""Xtreme"", ""Gemini"", ""Ilias"", ""Nivalis"", ""Steel_Wheel""]","[0.8813567161560059, 0.4774508476257324, 0.2284969985485077, 0.18111298978328705, 0.010995490476489067]"
3,centroid,1,582,Xtreme,Xtreme,"[""Xtreme"", ""Gemini"", ""Steel_Wheel"", ""Ilias"", ""Denom""]","[0.9601027965545654, 0.29887986183166504, 0.14321742951869965, 0.1159149706363678, 0.09187324345111847]"
3,centroid,1,583,Xtreme,Xtreme,"[""Xtreme"", ""Gemini"", ""Denom"", ""Steel_Wheel"", ""Nivalis""]","[0.9072703719139099, 0.4668167233467102, 0.10264521092176437, 0.09031933546066284, 0.08995881676673889]"
3,centroid,1,584,Xtreme,Xtreme,"[""Xtreme"", ""Gemini"", ""Braga"", ""Steel_Wheel"", ""Hawk""]","[0.9405779838562012, 0.41099101305007935, 0.1507544219493866, 0.10979054868221283, 0.05480208620429039]"
3,centroid,1,585,Xtreme,Xtreme,"[""Xtreme"", ""Gemini"", ""Braga"", ""Ilias"", ""Hawk""]","[0.8573178052902222, 0.3033435642719269, 0.19171565771102905, 0.12507346272468567, 0.038307350128889084]"
3,centroid,1,586,Xtreme,Xtreme,"[""Xtreme"", ""Gemini"", ""Ilias"", ""Steel_Wheel"", ""Denom""]","[0.9600179195404053, 0.5728641748428345, 0.09928342700004578, 0.06238783895969391, 0.0007459968328475952]"
3,centroid,1,587,Xtreme,Xtreme,"[""Xtreme"", ""Gemini"", ""Steel_Wheel"", ""Braga"", ""Ilias""]","[0.9396402835845947, 0.44557586312294006, 0.16331279277801514, 0.05980364605784416, 0.002433029469102621]"
3,centroid,1,588,Xtreme,Xtreme,"[""Xtreme"", ""Gemini"", ""Hawk"", ""Braga"", ""Steel_Wheel""]","[0.9036226272583008, 0.1382533460855484, 0.07910208404064178, 0.019065501168370247, 0.0026205750182271004]"
3,centroid,1,589,Xtreme,Xtreme,"[""Xtreme"", ""Gemini"", ""Ilias"", ""Nivalis"", ""Triton""]","[0.9084008932113647, 0.4940633773803711, 0.31310537457466125, 0.1522011011838913, 0.02506861463189125]"
3,centroid,1,590,Xtreme,Xtreme,"[""Xtreme"", ""Gemini"", ""Steel_Wheel"", ""Hawk"", ""Velorum""]","[0.9093718528747559, 0.22172051668167114, 0.21953077614307404, 0.10599815845489502, 0.05758243799209595]"
3,centroid,1,591,Xtreme,Xtreme,"[""Xtreme"", ""Gemini"", ""Steel_Wheel"", ""Ilias"", ""Nivalis""]","[0.9627570509910583, 0.38025161623954773, 0.1599065363407135, 0.058720484375953674, 0.024989258497953415]"
3,centroid,1,592,Xtreme,Xtreme,"[""Xtreme"", ""Gemini"", ""Hawk"", ""Braga"", ""Steel_Wheel""]","[0.935085654258728, 0.4962812066078186, 0.18091925978660583, 0.10146555304527283, 0.059654127806425095]"
3,centroid,1,593,Xtreme,Xtreme,"[""Xtreme"", ""Gemini"", ""Steel_Wheel"", ""Hawk"", ""Ilias""]","[0.9427546262741089, 0.3215602934360504, 0.17041444778442383, 0.13539400696754456, -0.008638646453619003]"
3,centroid,1,594,Xtreme,Xtreme,"[""Xtreme"", ""Gemini"", ""Braga"", ""Triton"", ""Hawk""]","[0.8842458724975586, 0.4905115067958832, 0.24244335293769836, 0.1136268675327301, 0.05000956356525421]"
3,centroid,1,595,Xtreme,Xtreme,"[""Xtreme"", ""Gemini"", ""Hawk"", ""Ilias"", ""Braga""]","[0.8887237310409546, 0.41680485010147095, 0.2103962004184723, 0.010825179517269135, -0.010666280053555965]"
3,centroid,1,596,Xtreme,Xtreme,"[""Xtreme"", ""Gemini"", ""Steel_Wheel"", ""Hawk"", ""Velorum""]","[0.8952239751815796, 0.3203611969947815, 0.21640045940876007, 0.03889334574341774, 0.03840399533510208]"
3,centroid,1,597,Xtreme,Xtreme,"[""Xtreme"", ""Gemini"", ""Braga"", ""Triton"", ""Steel_Wheel""]","[0.9597539901733398, 0.5179443359375, 0.10190360248088837, 0.044162318110466, 0.03433483839035034]"
3,centroid,1,598,Xtreme,Xtreme,"[""Xtreme"", ""Gemini"", ""Ilias"", ""Nivalis"", ""Steel_Wheel""]","[0.915871262550354, 0.2788546085357666, 0.1700478047132492, 0.1434115320444107, 0.10635384917259216]"
3,centroid,1,599,Xtreme,Xtreme,"[""Xtreme"", ""Castor"", ""Steel_Wheel"", ""Braga"", ""Hawk""]","[0.838281512260437, 0.1501246690750122, 0.14358824491500854, 0.1162104606628418, 0.10396049916744232]"
3,centroid,1,600,Xtreme,Xtreme,"[""Xtreme"", ""Gemini"", ""Braga"", ""Hawk"", ""Mytikas""]","[0.8709355592727661, 0.34697064757347107, 0.2432318776845932, 0.19905515015125275, 0.058053016662597656]"
3,centroid,1,601,Xtreme,Xtreme,"[""Xtreme"", ""Gemini"", ""Ilias"", ""Steel_Wheel"", ""Braga""]","[0.9595466256141663, 0.42471808195114136, 0.06861624121665955, 0.02359456568956375, 0.009071556851267815]"
3,centroid,1,602,Xtreme,Xtreme,"[""Xtreme"", ""Gemini"", ""Braga"", ""Hawk"", ""Steel_Wheel""]","[0.8931287527084351, 0.4257057309150696, 0.22124990820884705, 0.04980291426181793, -0.015636242926120758]"
3,centroid,1,603,Xtreme,Xtreme,"[""Xtreme"", ""Gemini"", ""Ilias"", ""Denom"", ""Nivalis""]","[0.8326797485351562, 0.5221925973892212, 0.39462587237358093, 0.12535539269447327, 0.07509957998991013]"
4,centroid,1,0,Alaris,Alaris,"[""Alaris"", ""Alcatras"", ""Trius"", ""Velorum"", ""Mytikas""]","[0.7036375999450684, 0.6500705480575562, 0.5121233463287354, 0.3527807295322418, 0.3223908841609955]"
4,centroid,1,1,Alaris,Alaris,"[""Alaris"", ""Alcatras"", ""Trius"", ""Turbine"", ""Hawk""]","[0.8975319862365723, 0.5974899530410767, 0.49465081095695496, 0.47774025797843933, 0.4351421892642975]"
4,centroid,1,2,Alaris,Alaris,"[""Alaris"", ""Alcatras"", ""Turbine"", ""Castor"", ""Mytikas""]","[0.6581732630729675, 0.5073274374008179, 0.464925080537796, 0.30260276794433594, 0.24390381574630737]"
4,centroid,1,3,Alaris,Alaris,"[""Alaris"", ""Trius"", ""Alcatras"", ""Ratikon"", ""Vega""]","[0.8125278949737549, 0.4233378767967224, 0.4089663326740265, 0.28801220655441284, 0.22989173233509064]"
4,centroid,1,4,Alaris,Alaris,"[""Alaris"", ""Alcatras"", ""Trius"", ""Braga"", ""Vega""]","[0.9348856210708618, 0.7773634195327759, 0.5662529468536377, 0.293890118598938, 0.2917710244655609]"
4,centroid,1,5,Alaris,Alaris,"[""Alaris"", ""Vega"", ""Turbine"", ""Trius"", ""Alcatras""]","[0.7255684733390808, 0.6032755374908447, 0.422910213470459, 0.3934667706489563, 0.38472795486450195]"
4,centroid,1,6,Alaris,Alcatras,"[""Alcatras"", ""Alaris"", ""Braga"", ""Trius"", ""Hawk""]","[0.8699342012405396, 0.8693885803222656, 0.5205976366996765, 0.4406798481941223, 0.42001426219940186]"
4,centroid,1,7,Alaris,Trius,"[""Trius"", ""Triton"", ""Alaris"", ""Alcatras"", ""Mytikas""]","[0.7674919366836548, 0.5666189789772034, 0.5656232237815857, 0.5589959621429443, 0.4138585329055786]"
4,centroid,1,8,Alaris,Alaris,"[""Alaris"", ""Alcatras"", ""Hawk"", ""Trius"", ""Braga""]","[0.8398252129554749, 0.7840949892997742, 0.420063316822052, 0.32859471440315247, 0.29448527097702026]"
4,centroid,1,9,Alaris,Alcatras,"[""Alcatras"", ""Alaris"", ""Trius"", ""Triton"", ""Castor""]","[0.8153334259986877, 0.7126526832580566, 0.7016689777374268, 0.6412526369094849, 0.6033825874328613]"
4,centroid,1,10,Alaris,Alaris,"[""Alaris"", ""Trius"", ""Alcatras"", ""Vega"", ""Hawk""]","[0.8879815936088562, 0.5580404996871948, 0.5363617539405823, 0.32267868518829346, 0.2481999397277832]"
4,centroid,1,11,Alaris,Alaris,"[""Alaris"", ""Trius"", ""Alcatras"", ""Triton"", ""Mytikas""]","[0.8418180346488953, 0.7362006902694702, 0.6659612655639648, 0.3796970248222351, 0.36339423060417175]"
4,centroid,1,12,Alaris,Alaris,"[""Alaris"", ""Alcatras"", ""Hawk"", ""Vega"", ""Mytikas""]","[0.7592275142669678, 0.5771936774253845, 0.41003942489624023, 0.3848080337047577, 0.23589885234832764]"
4,centroid,1,13,Alaris,Alaris,"[""Alaris"", ""Alcatras"", ""Hawk"", ""Vega"", ""Turbine""]","[0.8606311082839966, 0.6702345609664917, 0.5765746831893921, 0.27268749475479126, 0.25285255908966064]"
4,centroid,1,14,Alaris,Alcatras,"[""Alcatras"", ""Alaris"", ""Braga"", ""Trius"", ""Castor""]","[0.8946465253829956, 0.8696979284286499, 0.5066393613815308, 0.4644833207130432, 0.4622306227684021]"
4,centroid,1,15,Alaris,Alaris,"[""Alaris"", ""Trius"", ""Braga"", ""Vega"", ""Alcatras""]","[0.8109887838363647, 0.5721652507781982, 0.39503413438796997, 0.3720254600048065, 0.36902880668640137]"
4,centroid,1,16,Alaris,Alaris,"[""Alaris"", ""Alcatras"", ""Hawk"", ""Mytikas"", ""Turbine""]","[0.6452749967575073, 0.571648359298706, 0.5693000555038452, 0.5366182327270508, 0.30392611026763916]"
4,centroid,1,17,Alaris,Alaris,"[""Alaris"", ""Alcatras"", ""Hawk"", ""Trius"", ""Turbine""]","[0.9264790415763855, 0.6671192049980164, 0.3410015404224396, 0.31545451283454895, 0.29750919342041016]"
4,centroid,1,18,Alaris,Alaris,"[""Alaris"", ""Alcatras"", ""Trius"", ""Hawk"", ""Braga""]","[0.8668406009674072, 0.6887867450714111, 0.5371274352073669, 0.45251134037971497, 0.44342783093452454]"
4,centroid,1,19,Alaris,Alcatras,"[""Alcatras"", ""Alaris"", ""Hawk"", ""Braga"", ""Castor""]","[0.8870824575424194, 0.8088778257369995, 0.5446457266807556, 0.5001612901687622, 0.49482154846191406]"
4,centroid,1,20,Alaris,Alaris,"[""Alaris"", ""Trius"", ""Alcatras"", ""Triton"", ""Mytikas""]","[0.7744663953781128, 0.6953510046005249, 0.6680889129638672, 0.47290024161338806, 0.44509804248809814]"
4,centroid,1,21,Alaris,Alaris,"[""Alaris"", ""Alcatras"", ""Hawk"", ""Trius"", ""Mytikas""]","[0.927397608757019, 0.7796884775161743, 0.4457175135612488, 0.38737738132476807, 0.337725967168808]"
4,centroid,1,22,Alaris,Alcatras,"[""Alcatras"", ""Alaris"", ""Trius"", ""Castor"", ""Triton""]","[0.7723543643951416, 0.7339890003204346, 0.6621751189231873, 0.5668492317199707, 0.4728718400001526]"
4,centroid,1,23,Alaris,Trius,"[""Trius"", ""Alaris"", ""Alcatras"", ""Turbine"", ""Braga""]","[0.7384282350540161, 0.6668726801872253, 0.5730971693992615, 0.5297857522964478, 0.48630785942077637]"
4,centroid,1,24,Alaris,Alaris,"[""Alaris"", ""Alcatras"", ""Turbine"", ""Hawk"", ""Castor""]","[0.8871818780899048, 0.781847357749939, 0.6028085947036743, 0.46551188826560974, 0.46087998151779175]"
4,centroid,1,25,Alaris,Alaris,"[""Alaris"", ""Alcatras"", ""Hawk"", ""Mytikas"", ""Vega""]","[0.8524927496910095, 0.6234467625617981, 0.6144500970840454, 0.4252499043941498, 0.3550613522529602]"
4,centroid,1,26,Alaris,Alaris,"[""Alaris"", ""Trius"", ""Alcatras"", ""Vega"", ""Braga""]","[0.8422807455062866, 0.5020313262939453, 0.470269113779068, 0.43943989276885986, 0.3199940323829651]"
4,centroid,1,27,Alcatras,Mytikas,"[""Mytikas"", ""Triton"", ""Trius"", ""Turbine"", ""Castor""]","[0.7128826975822449, 0.6363935470581055, 0.516276478767395, 0.4719989001750946, 0.45578497648239136]"
4,centroid,1,28,Alcatras,Alcatras,"[""Alcatras"", ""Alaris"", ""Castor"", ""Trius"", ""Triton""]","[0.9159655570983887, 0.657759964466095, 0.5040689706802368, 0.45400893688201904, 0.3725852072238922]"
4,centroid,1,29,Alcatras,Alcatras,"[""Alcatras"", ""Alaris"", ""Castor"", ""Hawk"", ""Mytikas""]","[0.7894966006278992, 0.6191186904907227, 0.4164854884147644, 0.3461812734603882, 0.33579185605049133]"
4,centroid,1,30,Alcatras,Alcatras,"[""Alcatras"", ""Castor"", ""Mytikas"", ""Velorum"", ""Triton""]","[0.7640786170959473, 0.691851019859314, 0.6406064629554749, 0.518161416053772, 0.5015047788619995]"
4,centroid,1,31,Alcatras,Alcatras,"[""Alcatras"", ""Alaris"", ""Mytikas"", ""Braga"", ""Castor""]","[0.8653495907783508, 0.803149938583374, 0.5159215331077576, 0.5029714703559875, 0.46646222472190857]"
4,centroid,1,32,Alcatras,Alcatras,"[""Alcatras"", ""Alaris"", ""Castor"", ""Braga"", ""Mytikas""]","[0.8941553831100464, 0.7072346210479736, 0.5067096948623657, 0.43242645263671875, 0.4100539982318878]"
4,centroid,1,33,Alcatras,Castor,"[""Castor"", ""Mytikas"", ""Alcatras"", ""Braga"", ""Turbine""]","[0.7364879846572876, 0.7061822414398193, 0.7027088403701782, 0.5630565881729126, 0.4618526101112366]"
4,centroid,1,34,Alcatras,Alcatras,"[""Alcatras"", ""Alaris"", ""Castor"", ""Mytikas"", ""Trius""]","[0.9017477631568909, 0.7398422956466675, 0.42790597677230835, 0.3140149712562561, 0.2471848875284195]"
4,centroid,1,35,Alcatras,Alcatras,"[""Alcatras"", ""Alaris"", ""Castor"", ""Mytikas"", ""Velorum""]","[0.8490479588508606, 0.5704202651977539, 0.5639148354530334, 0.47532546520233154, 0.3393780589103699]"
4,centroid,1,36,Alcatras,Alcatras,"[""Alcatras"", ""Alaris"", ""Turbine"", ""Braga"", ""Castor""]","[0.7608081698417664, 0.6868215799331665, 0.4565379023551941, 0.4367693066596985, 0.4124160408973694]"
4,centroid,1,37,Alcatras,Alcatras,"[""Alcatras"", ""Alaris"", ""Mytikas"", ""Castor"", ""Hawk""]","[0.800404965877533, 0.6466773748397827, 0.46867096424102783, 0.2974587678909302, 0.26067641377449036]"
4,centroid,1,38,Alcatras,Mytikas,"[""Mytikas"", ""Triton"", ""Alcatras"", ""Trius"", ""Castor""]","[0.5207216739654541, 0.5115442276000977, 0.47978222370147705, 0.3963140547275543, 0.36808401346206665]"
4,centroid,1,39,Alcatras,Alcatras,"[""Alcatras"", ""Castor"", ""Triton"", ""Mytikas"", ""Trius""]","[0.8812496066093445, 0.6293433904647827, 0.5520973205566406, 0.5348680019378662, 0.5309257507324219]"
4,centroid,1,40,Alcatras,Alcatras,"[""Alcatras"", ""Alaris"", ""Castor"", ""Mytikas"", ""Trius""]","[0.9251028299331665, 0.7034800052642822, 0.6221854090690613, 0.552794337272644, 0.5391548275947571]"
4,centroid,1,41,Alcatras,Alcatras,"[""Alcatras"", ""Alaris"", ""Castor"", ""Hawk"", ""Braga""]","[0.8912575244903564, 0.73509681224823, 0.5666792988777161, 0.5040491819381714, 0.4467529058456421]"
4,centroid,1,42,Alcatras,Alcatras,"[""Alcatras"", ""Alaris"", ""Mytikas"", ""Castor"", ""Velorum""]","[0.8598884344100952, 0.6090800762176514, 0.43938326835632324, 0.4317043423652649, 0.2973936200141907]"
4,centroid,1,43,Alcatras,Alcatras,"[""Alcatras"", ""Castor"", ""Alaris"", ""Triton"", ""Braga""]","[0.8737903237342834, 0.6915971040725708, 0.5299202799797058, 0.4741509258747101, 0.4345366656780243]"
4,centroid,1,44,Alcatras,Alcatras,"[""Alcatras"", ""Alaris"", ""Castor"", ""Mytikas"", ""Hawk""]","[0.9233543872833252, 0.746345043182373, 0.5518002510070801, 0.5237157344818115, 0.32898378372192383]"
4,centroid,1,45,Alcatras,Alaris,"[""Alaris"", ""Alcatras"", ""Castor"", ""Hawk"", ""Braga""]","[0.7401632070541382, 0.7147605419158936, 0.5799669623374939, 0.5307024121284485, 0.5254812240600586]"
4,centroid,1,46,Alcatras,Alcatras,"[""Alcatras"", ""Mytikas"", ""Castor"", ""Alaris"", ""Turbine""]","[0.8071326017379761, 0.5811398029327393, 0.5357078909873962, 0.5043327212333679, 0.3424583971500397]"
4,centroid,1,47,Alcatras,Alcatras,"[""Alcatras"", ""Alaris"", ""Mytikas"", ""Castor"", ""Turbine""]","[0.9168495535850525, 0.675835132598877, 0.5139578580856323, 0.5045081377029419, 0.42594361305236816]"
4,centroid,1,48,Alcatras,Alcatras,"[""Alcatras"", ""Alaris"", ""Castor"", ""Hawk"", ""Turbine""]","[0.838693380355835, 0.7725346088409424, 0.431035578250885, 0.42359673976898193, 0.32524412870407104]"
4,centroid,1,49,Alcatras,Castor,"[""Castor"", ""Alcatras"", ""Turbine"", ""Alaris"", ""Triton""]","[0.7082627415657043, 0.6707317233085632, 0.5646437406539917, 0.44045257568359375, 0.3673684597015381]"
4,centroid,1,50,Alcatras,Castor,"[""Castor"", ""Alcatras"", ""Turbine"", ""Mytikas"", ""Triton""]","[0.8338806629180908, 0.7785086631774902, 0.6440659761428833, 0.5557732582092285, 0.5393612384796143]"
4,centroid,1,51,Alcatras,Alcatras,"[""Alcatras"", ""Alaris"", ""Castor"", ""Braga"", ""Trius""]","[0.919561505317688, 0.7515491843223572, 0.5375084280967712, 0.527731716632843, 0.39118096232414246]"
4,centroid,1,52,Alcatras,Alcatras,"[""Alcatras"", ""Alaris"", ""Castor"", ""Mytikas"", ""Hawk""]","[0.9276864528656006, 0.6549118757247925, 0.45696425437927246, 0.41068875789642334, 0.3534258008003235]"
4,centroid,1,53,Braga,Braga,"[""Braga"", ""Turbine"", ""Hawk"", ""Gemini"", ""Triton""]","[0.8024317026138306, 0.46914422512054443, 0.4568827152252197, 0.38326478004455566, 0.29351872205734253]"
4,centroid,1,54,Braga,Triton,"[""Triton"", ""Braga"", ""Trius"", ""Mytikas"", ""Castor""]","[0.7698860168457031, 0.6876500248908997, 0.645906925201416, 0.44365379214286804, 0.40088117122650146]"
4,centroid,1,55,Braga,Braga,"[""Braga"", ""Trius"", ""Castor"", ""Triton"", ""Alcatras""]","[0.9028453826904297, 0.5393134355545044, 0.530032217502594, 0.5001537799835205, 0.4939747452735901]"
4,centroid,1,56,Braga,Braga,"[""Braga"", ""Alcatras"", ""Alaris"", ""Hawk"", ""Mytikas""]","[0.8089251518249512, 0.5898140668869019, 0.53734290599823, 0.45488518476486206, 0.39815521240234375]"
4,centroid,1,57,Braga,Braga,"[""Braga"", ""Gemini"", ""Vega"", ""Trius"", ""Turbine""]","[0.8005065321922302, 0.5501512289047241, 0.3384990692138672, 0.3157426118850708, 0.2911510467529297]"
4,centroid,1,58,Braga,Braga,"[""Braga"", ""Trius"", ""Triton"", ""Mytikas"", ""Alcatras""]","[0.792701244354248, 0.6311110854148865, 0.5699018239974976, 0.5538964867591858, 0.4355640113353729]"
4,centroid,1,59,Braga,Alaris,"[""Alaris"", ""Braga"", ""Alcatras"", ""Trius"", ""Mytikas""]","[0.8163214325904846, 0.7179892659187317, 0.6825510263442993, 0.6235105991363525, 0.4257902503013611]"
4,centroid,1,60,Braga,Braga,"[""Braga"", ""Triton"", ""Turbine"", ""Mytikas"", ""Xtreme""]","[0.657733678817749, 0.415709912776947, 0.39812570810317993, 0.3711167871952057, 0.3521864414215088]"
4,centroid,1,61,Braga,Braga,"[""Braga"", ""Turbine"", ""Triton"", ""Alcatras"", ""Alaris""]","[0.7642176151275635, 0.5969099402427673, 0.4692520797252655, 0.43299469351768494, 0.42156827449798584]"
4,centroid,1,62,Braga,Braga,"[""Braga"", ""Alcatras"", ""Mytikas"", ""Triton"", ""Castor""]","[0.8076941967010498, 0.6151183843612671, 0.4467772841453552, 0.4429227113723755, 0.4317047595977783]"
4,centroid,1,63,Braga,Braga,"[""Braga"", ""Hawk"", ""Gemini"", ""Turbine"", ""Alaris""]","[0.7211583852767944, 0.4194888472557068, 0.3882630467414856, 0.34390223026275635, 0.3400363326072693]"
4,centroid,1,64,Braga,Braga,"[""Braga"", ""Gemini"", ""Vega"", ""Xtreme"", ""Triton""]","[0.6641321182250977, 0.5789177417755127, 0.3524128496646881, 0.3413560390472412, 0.2933102250099182]"
4,centroid,1,65,Braga,Braga,"[""Braga"", ""Alcatras"", ""Alaris"", ""Trius"", ""Hawk""]","[0.8583664894104004, 0.731803297996521, 0.5895668268203735, 0.4498157501220703, 0.44172099232673645]"
4,centroid,1,66,Braga,Braga,"[""Braga"", ""Trius"", ""Alaris"", ""Mytikas"", ""Alcatras""]","[0.6944343447685242, 0.6348910331726074, 0.5939924120903015, 0.5691850185394287, 0.5295225381851196]"
4,centroid,1,67,Braga,Braga,"[""Braga"", ""Gemini"", ""Vega"", ""Mytikas"", ""Xtreme""]","[0.7312574982643127, 0.4509192705154419, 0.4009862542152405, 0.38426366448402405, 0.31197401881217957]"
4,centroid,1,68,Braga,Braga,"[""Braga"", ""Alcatras"", ""Mytikas"", ""Castor"", ""Triton""]","[0.8035504817962646, 0.5812157392501831, 0.5280041694641113, 0.4981769323348999, 0.48469823598861694]"
4,centroid,1,69,Braga,Braga,"[""Braga"", ""Castor"", ""Alcatras"", ""Turbine"", ""Triton""]","[0.7676466703414917, 0.6875399947166443, 0.5938323140144348, 0.5404387712478638, 0.49286872148513794]"
4,centroid,1,70,Braga,Braga,"[""Braga"", ""Alcatras"", ""Castor"", ""Triton"", ""Mytikas""]","[0.7686065435409546, 0.7360193729400635, 0.6652140617370605, 0.6116563081741333, 0.5751452445983887]"
4,centroid,1,71,Braga,Braga,"[""Braga"", ""Alcatras"", ""Alaris"", ""Trius"", ""Castor""]","[0.7593098878860474, 0.7223072052001953, 0.5930185317993164, 0.4607270061969757, 0.39841747283935547]"
4,centroid,1,72,Braga,Braga,"[""Braga"", ""Turbine"", ""Gemini"", ""Vega"", ""Trius""]","[0.793155312538147, 0.5317018628120422, 0.5115119218826294, 0.3869074881076813, 0.2829986810684204]"
4,centroid,1,73,Braga,Braga,"[""Braga"", ""Triton"", ""Alcatras"", ""Trius"", ""Castor""]","[0.8668143153190613, 0.5530548095703125, 0.48868343234062195, 0.47058576345443726, 0.4406778812408447]"
4,centroid,1,74,Braga,Braga,"[""Braga"", ""Gemini"", ""Turbine"", ""Hawk"", ""Vega""]","[0.8470841646194458, 0.37944239377975464, 0.37873244285583496, 0.2933892011642456, 0.2682889401912689]"
4,centroid,1,75,Braga,Braga,"[""Braga"", ""Gemini"", ""Xtreme"", ""Hawk"", ""Trius""]","[0.831880509853363, 0.587737500667572, 0.3318607211112976, 0.3223974108695984, 0.31611746549606323]"
4,centroid,1,76,Braga,Vega,"[""Vega"", ""Braga"", ""Gemini"", ""Hawk"", ""Alaris""]","[0.6860604882240295, 0.6552562713623047, 0.5716619491577148, 0.5151140689849854, 0.4298904538154602]"
4,centroid,1,77,Braga,Triton,"[""Triton"", ""Braga"", ""Castor"", ""Trius"", ""Mytikas""]","[0.7118972539901733, 0.6710866689682007, 0.6587986946105957, 0.5744332075119019, 0.4282096028327942]"
4,centroid,1,78,Braga,Braga,"[""Braga"", ""Triton"", ""Mytikas"", ""Castor"", ""Turbine""]","[0.8696414232254028, 0.6424663066864014, 0.5747077465057373, 0.5668529272079468, 0.5151905417442322]"
4,centroid,1,79,Braga,Braga,"[""Braga"", ""Castor"", ""Trius"", ""Alcatras"", ""Triton""]","[0.7565020322799683, 0.65721595287323, 0.6064636707305908, 0.5906411409378052, 0.5518813729286194]"
4,centroid,1,80,Braga,Braga,"[""Braga"", ""Hawk"", ""Gemini"", ""Turbine"", ""Vega""]","[0.7791297435760498, 0.6854397654533386, 0.44735532999038696, 0.3377341628074646, 0.2926502823829651]"
4,centroid,1,81,Braga,Braga,"[""Braga"", ""Triton"", ""Trius"", ""Alaris"", ""Mytikas""]","[0.7873818874359131, 0.629185676574707, 0.6272763609886169, 0.45996689796447754, 0.44287043809890747]"
4,centroid,1,82,Braga,Braga,"[""Braga"", ""Triton"", ""Trius"", ""Mytikas"", ""Turbine""]","[0.711995005607605, 0.6326476335525513, 0.5614874362945557, 0.4156547784805298, 0.2716946005821228]"
4,centroid,1,83,Braga,Braga,"[""Braga"", ""Alaris"", ""Vega"", ""Alcatras"", ""Hawk""]","[0.8324583768844604, 0.5816072821617126, 0.5073567628860474, 0.48405516147613525, 0.47437888383865356]"
4,centroid,1,84,Braga,Braga,"[""Braga"", ""Vega"", ""Trius"", ""Gemini"", ""Turbine""]","[0.8059369325637817, 0.5447546243667603, 0.44650140404701233, 0.4288971424102783, 0.4026658535003662]"
4,centroid,1,85,Braga,Braga,"[""Braga"", ""Alcatras"", ""Alaris"", ""Castor"", ""Hawk""]","[0.8007121086120605, 0.6720787286758423, 0.6202267408370972, 0.4844949543476105, 0.453868567943573]"
4,centroid,1,86,Braga,Braga,"[""Braga"", ""Mytikas"", ""Alcatras"", ""Triton"", ""Castor""]","[0.7605516910552979, 0.6133004426956177, 0.5129224061965942, 0.5011721253395081, 0.40611469745635986]"
4,centroid,1,87,Braga,Braga,"[""Braga"", ""Castor"", ""Alcatras"", ""Turbine"", ""Mytikas""]","[0.8478331565856934, 0.7044828534126282, 0.660618782043457, 0.6221850514411926, 0.5605889558792114]"
4,centroid,1,88,Braga,Triton,"[""Triton"", ""Braga"", ""Trius"", ""Castor"", ""Mytikas""]","[0.8268371820449829, 0.689522385597229, 0.6181934475898743, 0.6106385588645935, 0.559761643409729]"
4,centroid,1,89,Braga,Braga,"[""Braga"", ""Alcatras"", ""Alaris"", ""Gemini"", ""Hawk""]","[0.7959344387054443, 0.5813416242599487, 0.4655906558036804, 0.34227287769317627, 0.32203030586242676]"
4,centroid,1,90,Castor,Castor,"[""Castor"", ""Alcatras"", ""Mytikas"", ""Triton"", ""Turbine""]","[0.9306592345237732, 0.6497724056243896, 0.4982025921344757, 0.4836156964302063, 0.44460755586624146]"
4,centroid,1,91,Castor,Castor,"[""Castor"", ""Alcatras"", ""Mytikas"", ""Alaris"", ""Triton""]","[0.8643995523452759, 0.7459595799446106, 0.6004966497421265, 0.41074514389038086, 0.4058544933795929]"
4,centroid,1,92,Castor,Castor,"[""Castor"", ""Alcatras"", ""Turbine"", ""Braga"", ""Triton""]","[0.9040331244468689, 0.5079001188278198, 0.4968438446521759, 0.4908045530319214, 0.437791109085083]"
4,centroid,1,93,Castor,Castor,"[""Castor"", ""Triton"", ""Mytikas"", ""Turbine"", ""Braga""]","[0.8142149448394775, 0.7169170379638672, 0.619428813457489, 0.3311619758605957, 0.3150075674057007]"
4,centroid,1,94,Castor,Castor,"[""Castor"", ""Triton"", ""Mytikas"", ""Alcatras"", ""Turbine""]","[0.8924995064735413, 0.723757803440094, 0.648813009262085, 0.37295567989349365, 0.29307398200035095]"
4,centroid,1,95,Castor,Castor,"[""Castor"", ""Alcatras"", ""Mytikas"", ""Alaris"", ""Triton""]","[0.800276517868042, 0.6474592089653015, 0.598785400390625, 0.4256505072116852, 0.41484344005584717]"
4,centroid,1,96,Castor,Castor,"[""Castor"", ""Triton"", ""Alcatras"", ""Trius"", ""Mytikas""]","[0.8832438588142395, 0.5180505514144897, 0.5104852914810181, 0.35817113518714905, 0.3548732101917267]"
4,centroid,1,97,Castor,Castor,"[""Castor"", ""Turbine"", ""Alcatras"", ""Braga"", ""Hawk""]","[0.8302373290061951, 0.7782262563705444, 0.5050060749053955, 0.41487088799476624, 0.3393843173980713]"
4,centroid,1,98,Castor,Castor,"[""Castor"", ""Triton"", ""Alcatras"", ""Turbine"", ""Mytikas""]","[0.8488156199455261, 0.5827534198760986, 0.5154435634613037, 0.4602058529853821, 0.4402506649494171]"
4,centroid,1,99,Castor,Castor,"[""Castor"", ""Triton"", ""Alcatras"", ""Mytikas"", ""Turbine""]","[0.9200945496559143, 0.5912775993347168, 0.5477964878082275, 0.48546427488327026, 0.4621666669845581]"
4,centroid,1,100,Castor,Castor,"[""Castor"", ""Triton"", ""Turbine"", ""Mytikas"", ""Braga""]","[0.8406099081039429, 0.5653283596038818, 0.5176607966423035, 0.5158733129501343, 0.4838539958000183]"
4,centroid,1,101,Castor,Castor,"[""Castor"", ""Triton"", ""Turbine"", ""Braga"", ""Alcatras""]","[0.7126526832580566, 0.49597814679145813, 0.4242796003818512, 0.4229711890220642, 0.4075401723384857]"
4,centroid,1,102,Castor,Castor,"[""Castor"", ""Triton"", ""Alcatras"", ""Turbine"", ""Trius""]","[0.8997827768325806, 0.522753894329071, 0.4685724377632141, 0.3363214433193207, 0.3161981403827667]"
4,centroid,1,103,Castor,Castor,"[""Castor"", ""Turbine"", ""Alcatras"", ""Mytikas"", ""Braga""]","[0.8946444988250732, 0.5692424774169922, 0.5340784788131714, 0.26211753487586975, 0.2616417109966278]"
4,centroid,1,104,Castor,Castor,"[""Castor"", ""Triton"", ""Mytikas"", ""Alcatras"", ""Turbine""]","[0.9310386180877686, 0.6056462526321411, 0.5734938383102417, 0.5606688261032104, 0.5071274638175964]"
4,centroid,1,105,Castor,Castor,"[""Castor"", ""Alcatras"", ""Turbine"", ""Mytikas"", ""Braga""]","[0.9022547006607056, 0.584617018699646, 0.5753322243690491, 0.3660547733306885, 0.3150753080844879]"
4,centroid,1,106,Castor,Castor,"[""Castor"", ""Triton"", ""Alcatras"", ""Mytikas"", ""Braga""]","[0.8946642875671387, 0.665267825126648, 0.6541748046875, 0.6093240976333618, 0.5302890539169312]"
4,centroid,1,107,Castor,Castor,"[""Castor"", ""Alcatras"", ""Triton"", ""Mytikas"", ""Trius""]","[0.8455213308334351, 0.45887619256973267, 0.42407211661338806, 0.38077670335769653, 0.14621950685977936]"
4,centroid,1,108,Castor,Steel_Wheel,"[""Steel_Wheel"", ""Hawk"", ""Alaris"", ""Alcatras"", ""Braga""]","[0.6620994210243225, 0.2924368977546692, 0.2620474398136139, 0.22376495599746704, 0.20272031426429749]"
4,centroid,1,109,Castor,Castor,"[""Castor"", ""Turbine"", ""Alcatras"", ""Braga"", ""Mytikas""]","[0.873084306716919, 0.5563763976097107, 0.48766377568244934, 0.42438629269599915, 0.3742463290691376]"
4,centroid,1,110,Castor,Castor,"[""Castor"", ""Triton"", ""Alcatras"", ""Turbine"", ""Velorum""]","[0.8357372283935547, 0.4954836964607239, 0.36383137106895447, 0.27572405338287354, 0.25227463245391846]"
4,centroid,1,111,Castor,Castor,"[""Castor"", ""Alcatras"", ""Turbine"", ""Alaris"", ""Mytikas""]","[0.7881711721420288, 0.5715410113334656, 0.5364490151405334, 0.40442484617233276, 0.26635462045669556]"
4,centroid,1,112,Castor,Castor,"[""Castor"", ""Alcatras"", ""Mytikas"", ""Braga"", ""Turbine""]","[0.829979419708252, 0.6631590127944946, 0.6045470833778381, 0.5191121101379395, 0.4866706132888794]"
4,centroid,1,113,Castor,Castor,"[""Castor"", ""Alcatras"", ""Turbine"", ""Triton"", ""Mytikas""]","[0.9080495238304138, 0.6038762331008911, 0.5623847246170044, 0.5359967350959778, 0.5171608924865723]"
4,centroid,1,114,Castor,Castor,"[""Castor"", ""Triton"", ""Mytikas"", ""Trius"", ""Alcatras""]","[0.7516235709190369, 0.742809534072876, 0.665995717048645, 0.610852837562561, 0.5310890078544617]"
4,centroid,1,115,Castor,Castor,"[""Castor"", ""Turbine"", ""Triton"", ""Mytikas"", ""Alcatras""]","[0.949042797088623, 0.6144261360168457, 0.5170161724090576, 0.492446631193161, 0.4731212556362152]"
4,centroid,1,116,Castor,Castor,"[""Castor"", ""Alcatras"", ""Turbine"", ""Mytikas"", ""Triton""]","[0.9268181920051575, 0.6873109340667725, 0.47260582447052, 0.44931578636169434, 0.39080706238746643]"
4,centroid,1,117,Castor,Castor,"[""Castor"", ""Alcatras"", ""Braga"", ""Turbine"", ""Alaris""]","[0.8543059825897217, 0.5942327380180359, 0.5863486528396606, 0.5609263181686401, 0.375440776348114]"
4,centroid,1,118,Castor,Castor,"[""Castor"", ""Triton"", ""Mytikas"", ""Alcatras"", ""Trius""]","[0.74037766456604, 0.6163989901542664, 0.5222320556640625, 0.3901769518852234, 0.3509734272956848]"
4,centroid,1,119,Castor,Castor,"[""Castor"", ""Alcatras"", ""Turbine"", ""Triton"", ""Mytikas""]","[0.8427196741104126, 0.6454509496688843, 0.4304514527320862, 0.40148115158081055, 0.33578407764434814]"
4,centroid,1,120,Castor,Castor,"[""Castor"", ""Triton"", ""Mytikas"", ""Alcatras"", ""Trius""]","[0.8503111600875854, 0.7653173208236694, 0.5616245269775391, 0.43039774894714355, 0.3509461283683777]"
4,centroid,1,121,Denom,Denom,"[""Denom"", ""Nivalis"", ""Ratikon"", ""Velorum"", ""Ilias""]","[0.7931569218635559, 0.7368679642677307, 0.5754870772361755, 0.4725360572338104, 0.40345317125320435]"
4,centroid,1,122,Denom,Denom,"[""Denom"", ""Ilias"", ""Nivalis"", ""Ratikon"", ""Velorum""]","[0.8641518354415894, 0.7737634778022766, 0.6820776462554932, 0.6782482862472534, 0.3300929069519043]"
4,centroid,1,123,Denom,Denom,"[""Denom"", ""Ratikon"", ""Nivalis"", ""Ilias"", ""Velorum""]","[0.936577558517456, 0.796385645866394, 0.7399430274963379, 0.5678832530975342, 0.12835045158863068]"
4,centroid,1,124,Denom,Denom,"[""Denom"", ""Nivalis"", ""Ratikon"", ""Velorum"", ""Ilias""]","[0.8863648176193237, 0.8308066129684448, 0.7457351684570312, 0.5674988031387329, 0.48509857058525085]"
4,centroid,1,125,Denom,Nivalis,"[""Nivalis"", ""Denom"", ""Ilias"", ""Ratikon"", ""Velorum""]","[0.8410294651985168, 0.8394824266433716, 0.7276412844657898, 0.7111257314682007, 0.58379065990448]"
4,centroid,1,126,Denom,Velorum,"[""Velorum"", ""Denom"", ""Ilias"", ""Nivalis"", ""Ratikon""]","[0.7084225416183472, 0.6608390212059021, 0.6068642139434814, 0.5680149793624878, 0.48876500129699707]"
4,centroid,1,127,Denom,Denom,"[""Denom"", ""Ratikon"", ""Nivalis"", ""Ilias"", ""Velorum""]","[0.9133251309394836, 0.7726342082023621, 0.7005611658096313, 0.623224139213562, 0.13976390659809113]"
4,centroid,1,128,Denom,Denom,"[""Denom"", ""Nivalis"", ""Ratikon"", ""Ilias"", ""Velorum""]","[0.8992307186126709, 0.8287941217422485, 0.8236948251724243, 0.664106547832489, 0.5032283067703247]"
4,centroid,1,129,Denom,Denom,"[""Denom"", ""Nivalis"", ""Ilias"", ""Velorum"", ""Ratikon""]","[0.8820277452468872, 0.808102011680603, 0.7410860061645508, 0.7240958213806152, 0.6812072992324829]"
4,centroid,1,130,Denom,Denom,"[""Denom"", ""Ratikon"", ""Nivalis"", ""Ilias"", ""Velorum""]","[0.9371820688247681, 0.7821089625358582, 0.7560983300209045, 0.7005582451820374, 0.5353560447692871]"
4,centroid,1,131,Denom,Denom,"[""Denom"", ""Nivalis"", ""Ratikon"", ""Ilias"", ""Velorum""]","[0.9205828309059143, 0.7528420090675354, 0.7199968099594116, 0.6134557723999023, 0.4579201638698578]"
4,centroid,1,132,Denom,Denom,"[""Denom"", ""Ratikon"", ""Nivalis"", ""Ilias"", ""Velorum""]","[0.9541745185852051, 0.768886923789978, 0.7548425793647766, 0.7093846797943115, 0.3198527991771698]"
4,centroid,1,133,Denom,Denom,"[""Denom"", ""Nivalis"", ""Ratikon"", ""Ilias"", ""Velorum""]","[0.8880312442779541, 0.8042856454849243, 0.7882616519927979, 0.6693764328956604, 0.4619711935520172]"
4,centroid,1,134,Denom,Denom,"[""Denom"", ""Nivalis"", ""Ratikon"", ""Ilias"", ""Velorum""]","[0.8724215030670166, 0.8658816814422607, 0.7896938920021057, 0.7536089420318604, 0.696877121925354]"
4,centroid,1,135,Denom,Denom,"[""Denom"", ""Ratikon"", ""Nivalis"", ""Ilias"", ""Velorum""]","[0.8266676664352417, 0.6156591176986694, 0.51570063829422, 0.42944490909576416, 0.2110143005847931]"
4,centroid,1,136,Denom,Denom,"[""Denom"", ""Ratikon"", ""Nivalis"", ""Ilias"", ""Trius""]","[0.8103102445602417, 0.6073961853981018, 0.5816606283187866, 0.37656375765800476, 0.12540611624717712]"
4,centroid,1,137,Denom,Denom,"[""Denom"", ""Nivalis"", ""Ratikon"", ""Ilias"", ""Velorum""]","[0.8897075653076172, 0.6227018237113953, 0.6173225045204163, 0.5489469766616821, 0.3587498664855957]"
4,centroid,1,138,Denom,Denom,"[""Denom"", ""Nivalis"", ""Ilias"", ""Ratikon"", ""Velorum""]","[0.8558948040008545, 0.7884945869445801, 0.7306167483329773, 0.7244899272918701, 0.6253358721733093]"
4,centroid,1,139,Denom,Denom,"[""Denom"", ""Ratikon"", ""Nivalis"", ""Ilias"", ""Velorum""]","[0.9260889291763306, 0.6631078720092773, 0.6583443880081177, 0.5319411158561707, 0.2199665606021881]"
4,centroid,1,140,Denom,Denom,"[""Denom"", ""Ratikon"", ""Nivalis"", ""Ilias"", ""Velorum""]","[0.8417586088180542, 0.7294130325317383, 0.6176291704177856, 0.45562878251075745, 0.06041520833969116]"
4,centroid,1,141,Denom,Denom,"[""Denom"", ""Nivalis"", ""Ratikon"", ""Ilias"", ""Velorum""]","[0.8782134056091309, 0.7562547922134399, 0.6434195041656494, 0.5953141450881958, 0.5138424634933472]"
4,centroid,1,142,Denom,Denom,"[""Denom"", ""Nivalis"", ""Velorum"", ""Ilias"", ""Ratikon""]","[0.8132320642471313, 0.7713806629180908, 0.767065167427063, 0.7117048501968384, 0.6434868574142456]"
4,centroid,1,143,Denom,Denom,"[""Denom"", ""Nivalis"", ""Ilias"", ""Ratikon"", ""Velorum""]","[0.9457698464393616, 0.8283898830413818, 0.734628438949585, 0.7325511574745178, 0.4944441020488739]"
4,centroid,1,144,Denom,Denom,"[""Denom"", ""Ratikon"", ""Nivalis"", ""Ilias"", ""Velorum""]","[0.8979440927505493, 0.6945523619651794, 0.6747624278068542, 0.6143211722373962, 0.27166634798049927]"
4,centroid,1,145,Denom,Denom,"[""Denom"", ""Ratikon"", ""Nivalis"", ""Ilias"", ""Velorum""]","[0.9060319066047668, 0.8182933926582336, 0.7706031203269958, 0.7009955644607544, 0.3443974256515503]"
4,centroid,1,146,Denom,Nivalis,"[""Nivalis"", ""Denom"", ""Ratikon"", ""Vega"", ""Ilias""]","[0.7080396413803101, 0.693013608455658, 0.6092088222503662, 0.33022812008857727, 0.2775707244873047]"
4,centroid,1,147,Denom,Denom,"[""Denom"", ""Nivalis"", ""Ratikon"", ""Ilias"", ""Velorum""]","[0.936278223991394, 0.798973798751831, 0.7862551212310791, 0.6868581771850586, 0.49216896295547485]"
4,centroid,1,148,Denom,Denom,"[""Denom"", ""Nivalis"", ""Ratikon"", ""Ilias"", ""Velorum""]","[0.8937098979949951, 0.8146719932556152, 0.7470502853393555, 0.7328453063964844, 0.49987876415252686]"
4,centroid,1,149,Denom,Denom,"[""Denom"", ""Nivalis"", ""Ratikon"", ""Ilias"", ""Velorum""]","[0.9486500024795532, 0.8260253667831421, 0.821043074131012, 0.5208331346511841, 0.3065560758113861]"
4,centroid,1,150,Denom,Denom,"[""Denom"", ""Ratikon"", ""Nivalis"", ""Ilias"", ""Velorum""]","[0.943950891494751, 0.7757517099380493, 0.7548215389251709, 0.5945194959640503, 0.1664702445268631]"
4,centroid,1,151,Denom,Denom,"[""Denom"", ""Nivalis"", ""Ratikon"", ""Ilias"", ""Velorum""]","[0.9290640354156494, 0.8295636177062988, 0.7574466466903687, 0.7439702749252319, 0.4721541404724121]"
4,centroid,1,152,Denom,Denom,"[""Denom"", ""Nivalis"", ""Ratikon"", ""Ilias"", ""Velorum""]","[0.9101255536079407, 0.8110669255256653, 0.7250102758407593, 0.5355165004730225, 0.5341709852218628]"
4,centroid,1,153,Denom,Denom,"[""Denom"", ""Ilias"", ""Ratikon"", ""Nivalis"", ""Velorum""]","[0.7247492074966431, 0.6617782115936279, 0.5979205965995789, 0.5852431058883667, 0.5249634981155396]"
4,centroid,1,154,Denom,Denom,"[""Denom"", ""Ratikon"", ""Ilias"", ""Nivalis"", ""Trius""]","[0.865682065486908, 0.7333471775054932, 0.6590062379837036, 0.6435346007347107, 0.19077837467193604]"
4,centroid,1,155,Denom,Denom,"[""Denom"", ""Ratikon"", ""Nivalis"", ""Ilias"", ""Velorum""]","[0.9078820943832397, 0.830241322517395, 0.7765040397644043, 0.7718685865402222, 0.4564112722873688]"
4,centroid,1,156,Denom,Denom,"[""Denom"", ""Ratikon"", ""Nivalis"", ""Ilias"", ""Velorum""]","[0.9473115801811218, 0.8003339171409607, 0.7474763989448547, 0.6523810029029846, 0.3594476878643036]"
4,centroid,1,157,Denom,Denom,"[""Denom"", ""Ratikon"", ""Nivalis"", ""Ilias"", ""Velorum""]","[0.9608787894248962, 0.8595957159996033, 0.8255062103271484, 0.5724735260009766, 0.3003684878349304]"
4,centroid,1,158,Gemini,Trius,"[""Trius"", ""Gemini"", ""Triton"", ""Mytikas"", ""Xtreme""]","[0.6452314853668213, 0.6202846169471741, 0.49738097190856934, 0.3759833574295044, 0.3659159243106842]"
4,centroid,1,159,Gemini,Gemini,"[""Gemini"", ""Vega"", ""Trius"", ""Xtreme"", ""Alaris""]","[0.8742857575416565, 0.37335827946662903, 0.2932108938694, 0.1873878836631775, 0.17234057188034058]"
4,centroid,1,160,Gemini,Gemini,"[""Gemini"", ""Xtreme"", ""Vega"", ""Braga"", ""Hawk""]","[0.843071460723877, 0.424519419670105, 0.41615596413612366, 0.25217801332473755, 0.1906331330537796]"
4,centroid,1,161,Gemini,Gemini,"[""Gemini"", ""Xtreme"", ""Braga"", ""Trius"", ""Vega""]","[0.9386232495307922, 0.5530132055282593, 0.3490266799926758, 0.2985687851905823, 0.23128318786621094]"
4,centroid,1,162,Gemini,Gemini,"[""Gemini"", ""Xtreme"", ""Trius"", ""Braga"", ""Triton""]","[0.8612626791000366, 0.5572582483291626, 0.32333579659461975, 0.3199106454849243, 0.15891389548778534]"
4,centroid,1,163,Gemini,Gemini,"[""Gemini"", ""Braga"", ""Xtreme"", ""Triton"", ""Trius""]","[0.5864841938018799, 0.5046064853668213, 0.46921294927597046, 0.4352129101753235, 0.32952573895454407]"
4,centroid,1,164,Gemini,Gemini,"[""Gemini"", ""Xtreme"", ""Braga"", ""Trius"", ""Vega""]","[0.9049034118652344, 0.6026710271835327, 0.388882040977478, 0.18776077032089233, 0.08429013192653656]"
4,centroid,1,165,Gemini,Gemini,"[""Gemini"", ""Trius"", ""Vega"", ""Braga"", ""Xtreme""]","[0.7604948282241821, 0.5048506855964661, 0.4181714653968811, 0.3260590434074402, 0.290250301361084]"
4,centroid,1,166,Gemini,Gemini,"[""Gemini"", ""Xtreme"", ""Vega"", ""Braga"", ""Hawk""]","[0.9008516073226929, 0.5712401866912842, 0.14245666563510895, 0.12465004622936249, 0.04230901598930359]"
4,centroid,1,167,Gemini,Gemini,"[""Gemini"", ""Xtreme"", ""Braga"", ""Vega"", ""Hawk""]","[0.9361204504966736, 0.6532919406890869, 0.21728509664535522, 0.11908400803804398, 0.1039588451385498]"
4,centroid,1,168,Gemini,Gemini,"[""Gemini"", ""Xtreme"", ""Vega"", ""Braga"", ""Hawk""]","[0.9225633144378662, 0.6072781682014465, 0.17471206188201904, 0.17266283929347992, 0.16548313200473785]"
4,centroid,1,169,Gemini,Trius,"[""Trius"", ""Triton"", ""Mytikas"", ""Gemini"", ""Xtreme""]","[0.6915701031684875, 0.5725967288017273, 0.514201819896698, 0.43838822841644287, 0.29577749967575073]"
4,centroid,1,170,Gemini,Gemini,"[""Gemini"", ""Xtreme"", ""Vega"", ""Trius"", ""Hawk""]","[0.9121529459953308, 0.38967758417129517, 0.2663577198982239, 0.185843825340271, 0.138753280043602]"
4,centroid,1,171,Gemini,Mytikas,"[""Mytikas"", ""Trius"", ""Xtreme"", ""Velorum"", ""Triton""]","[0.5909475088119507, 0.49927645921707153, 0.3966232240200043, 0.3602941632270813, 0.35515862703323364]"
4,centroid,1,172,Gemini,Gemini,"[""Gemini"", ""Trius"", ""Xtreme"", ""Braga"", ""Triton""]","[0.8096653819084167, 0.48663997650146484, 0.4241834878921509, 0.39796504378318787, 0.27467042207717896]"
4,centroid,1,173,Gemini,Gemini,"[""Gemini"", ""Braga"", ""Trius"", ""Vega"", ""Triton""]","[0.6669803857803345, 0.5496421456336975, 0.4765089154243469, 0.37479254603385925, 0.22386789321899414]"
4,centroid,1,174,Gemini,Trius,"[""Trius"", ""Gemini"", ""Triton"", ""Mytikas"", ""Braga""]","[0.6914590001106262, 0.5362024307250977, 0.4968690276145935, 0.4317295253276825, 0.43171241879463196]"
4,centroid,1,175,Gemini,Gemini,"[""Gemini"", ""Xtreme"", ""Braga"", ""Triton"", ""Trius""]","[0.8299340605735779, 0.528152346611023, 0.4178450107574463, 0.3371521830558777, 0.27262479066848755]"
4,centroid,1,176,Gemini,Gemini,"[""Gemini"", ""Xtreme"", ""Braga"", ""Triton"", ""Trius""]","[0.8769271969795227, 0.612358570098877, 0.31807076930999756, 0.17645323276519775, 0.1703415960073471]"
4,centroid,1,177,Gemini,Gemini,"[""Gemini"", ""Trius"", ""Braga"", ""Vega"", ""Triton""]","[0.7697955369949341, 0.49839985370635986, 0.49178630113601685, 0.42134085297584534, 0.27780547738075256]"
4,centroid,1,178,Gemini,Gemini,"[""Gemini"", ""Xtreme"", ""Vega"", ""Braga"", ""Trius""]","[0.9240357279777527, 0.47694575786590576, 0.3593757748603821, 0.3567778170108795, 0.24838970601558685]"
4,centroid,1,179,Gemini,Gemini,"[""Gemini"", ""Xtreme"", ""Vega"", ""Braga"", ""Hawk""]","[0.9269485473632812, 0.6146724820137024, 0.15803256630897522, 0.03736422583460808, 0.018970366567373276]"
4,centroid,1,180,Gemini,Gemini,"[""Gemini"", ""Braga"", ""Xtreme"", ""Trius"", ""Vega""]","[0.7613934874534607, 0.5318248867988586, 0.3385894298553467, 0.19559817016124725, 0.14128771424293518]"
4,centroid,1,181,Gemini,Gemini,"[""Gemini"", ""Xtreme"", ""Vega"", ""Braga"", ""Hawk""]","[0.8958321809768677, 0.5168730020523071, 0.15606456995010376, 0.09737969934940338, 0.0495937317609787]"
4,centroid,1,182,Gemini,Gemini,"[""Gemini"", ""Hawk"", ""Alaris"", ""Mytikas"", ""Vega""]","[0.6301939487457275, 0.3532797694206238, 0.30739256739616394, 0.29566287994384766, 0.2795619070529938]"
4,centroid,1,183,Gemini,Gemini,"[""Gemini"", ""Braga"", ""Vega"", ""Trius"", ""Xtreme""]","[0.8300784826278687, 0.48311468958854675, 0.45878568291664124, 0.3050633668899536, 0.2780147194862366]"
4,centroid,1,184,Gemini,Xtreme,"[""Xtreme"", ""Gemini"", ""Braga"", ""Alcatras"", ""Hawk""]","[0.7719928026199341, 0.6172950267791748, 0.271720826625824, 0.10621539503335953, 0.09720110893249512]"
4,centroid,1,185,Hawk,Hawk,"[""Hawk"", ""Alaris"", ""Alcatras"", ""Velorum"", ""Vega""]","[0.8922020792961121, 0.43029844760894775, 0.3286600708961487, 0.32153618335723877, 0.2892571687698364]"
4,centroid,1,186,Hawk,Hawk,"[""Hawk"", ""Braga"", ""Turbine"", ""Alaris"", ""Vega""]","[0.9273492097854614, 0.5381460189819336, 0.4237474203109741, 0.3600064516067505, 0.3034761846065521]"
4,centroid,1,187,Hawk,Hawk,"[""Hawk"", ""Turbine"", ""Vega"", ""Alaris"", ""Alcatras""]","[0.8402360081672668, 0.5030480027198792, 0.49470198154449463, 0.48958688974380493, 0.3295380473136902]"
4,centroid,1,188,Hawk,Hawk,"[""Hawk"", ""Braga"", ""Gemini"", ""Xtreme"", ""Vega""]","[0.8278393745422363, 0.43754321336746216, 0.2793426513671875, 0.24940788745880127, 0.20995934307575226]"
4,centroid,1,189,Hawk,Hawk,"[""Hawk"", ""Alaris"", ""Alcatras"", ""Vega"", ""Turbine""]","[0.9314229488372803, 0.46003589034080505, 0.39455446600914, 0.3483547568321228, 0.3077886402606964]"
4,centroid,1,190,Hawk,Hawk,"[""Hawk"", ""Alaris"", ""Vega"", ""Alcatras"", ""Turbine""]","[0.9073781967163086, 0.491746187210083, 0.4523751139640808, 0.44354861974716187, 0.313503235578537]"
4,centroid,1,191,Hawk,Hawk,"[""Hawk"", ""Vega"", ""Turbine"", ""Mytikas"", ""Braga""]","[0.7712017297744751, 0.4566032588481903, 0.41679006814956665, 0.18080998957157135, 0.1496235728263855]"
4,centroid,1,192,Hawk,Hawk,"[""Hawk"", ""Alcatras"", ""Alaris"", ""Turbine"", ""Braga""]","[0.7805895805358887, 0.732742190361023, 0.6747480630874634, 0.47000664472579956, 0.46203285455703735]"
4,centroid,1,193,Hawk,Hawk,"[""Hawk"", ""Braga"", ""Alaris"", ""Turbine"", ""Alcatras""]","[0.8959278464317322, 0.5606569051742554, 0.5156650543212891, 0.44814759492874146, 0.384466290473938]"
4,centroid,1,194,Hawk,Hawk,"[""Hawk"", ""Alaris"", ""Alcatras"", ""Turbine"", ""Vega""]","[0.8851353526115417, 0.5057423114776611, 0.38840389251708984, 0.33969375491142273, 0.2970031499862671]"
4,centroid,1,195,Hawk,Hawk,"[""Hawk"", ""Vega"", ""Turbine"", ""Alaris"", ""Braga""]","[0.9459267258644104, 0.4209384620189667, 0.34423068165779114, 0.2870910167694092, 0.2801681458950043]"
4,centroid,1,196,Hawk,Hawk,"[""Hawk"", ""Braga"", ""Turbine"", ""Mytikas"", ""Alaris""]","[0.7969890832901001, 0.5214602947235107, 0.40071025490760803, 0.38566404581069946, 0.3450257480144501]"
4,centroid,1,197,Hawk,Hawk,"[""Hawk"", ""Turbine"", ""Braga"", ""Vega"", ""Alaris""]","[0.8385392427444458, 0.636536180973053, 0.5725473165512085, 0.3861311078071594, 0.31970924139022827]"
4,centroid,1,198,Hawk,Hawk,"[""Hawk"", ""Braga"", ""Turbine"", ""Vega"", ""Alaris""]","[0.9290512800216675, 0.46882128715515137, 0.34582430124282837, 0.3172072768211365, 0.31713026762008667]"
4,centroid,1,199,Hawk,Hawk,"[""Hawk"", ""Braga"", ""Turbine"", ""Vega"", ""Alaris""]","[0.755409836769104, 0.6751177310943604, 0.42266401648521423, 0.4130692183971405, 0.40400588512420654]"
4,centroid,1,200,Hawk,Hawk,"[""Hawk"", ""Braga"", ""Vega"", ""Alaris"", ""Turbine""]","[0.9148521423339844, 0.4890374541282654, 0.41771620512008667, 0.3977201581001282, 0.2609076499938965]"
4,centroid,1,201,Hawk,Hawk,"[""Hawk"", ""Braga"", ""Alaris"", ""Vega"", ""Turbine""]","[0.9693009853363037, 0.42710602283477783, 0.41320061683654785, 0.41262689232826233, 0.36353158950805664]"
4,centroid,1,202,Hawk,Hawk,"[""Hawk"", ""Turbine"", ""Alcatras"", ""Alaris"", ""Vega""]","[0.9046577215194702, 0.41072171926498413, 0.4044507145881653, 0.367789089679718, 0.27520185708999634]"
4,centroid,1,203,Hawk,Hawk,"[""Hawk"", ""Braga"", ""Turbine"", ""Vega"", ""Alaris""]","[0.9545170068740845, 0.4640263020992279, 0.44562405347824097, 0.37353140115737915, 0.34767910838127136]"
4,centroid,1,204,Hawk,Hawk,"[""Hawk"", ""Alaris"", ""Vega"", ""Braga"", ""Turbine""]","[0.9429311752319336, 0.40912941098213196, 0.3565382957458496, 0.3030543327331543, 0.27320295572280884]"
4,centroid,1,205,Hawk,Hawk,"[""Hawk"", ""Vega"", ""Alaris"", ""Braga"", ""Turbine""]","[0.9288640022277832, 0.3871152997016907, 0.3719581365585327, 0.36805450916290283, 0.32660233974456787]"
4,centroid,1,206,Hawk,Hawk,"[""Hawk"", ""Alcatras"", ""Alaris"", ""Braga"", ""Turbine""]","[0.8502310514450073, 0.5244886875152588, 0.4028187692165375, 0.3206767737865448, 0.20664018392562866]"
4,centroid,1,207,Hawk,Hawk,"[""Hawk"", ""Turbine"", ""Braga"", ""Vega"", ""Alaris""]","[0.9388953447341919, 0.5497758388519287, 0.5058550834655762, 0.3731038570404053, 0.3048597574234009]"
4,centroid,1,208,Hawk,Hawk,"[""Hawk"", ""Turbine"", ""Alcatras"", ""Alaris"", ""Braga""]","[0.8743997812271118, 0.5455509424209595, 0.472205251455307, 0.45547008514404297, 0.423434317111969]"
4,centroid,1,209,Hawk,Hawk,"[""Hawk"", ""Alcatras"", ""Alaris"", ""Turbine"", ""Braga""]","[0.9272981286048889, 0.3687480688095093, 0.36734896898269653, 0.35107722878456116, 0.32077354192733765]"
4,centroid,1,210,Ilias,Ilias,"[""Ilias"", ""Ratikon"", ""Denom"", ""Nivalis"", ""Velorum""]","[0.8488860130310059, 0.8043630719184875, 0.7705352902412415, 0.6592044830322266, 0.3270861506462097]"
4,centroid,1,211,Ilias,Ilias,"[""Ilias"", ""Ratikon"", ""Denom"", ""Nivalis"", ""Velorum""]","[0.845921516418457, 0.7823492884635925, 0.6623265743255615, 0.6598412990570068, 0.5285767316818237]"
4,centroid,1,212,Ilias,Ilias,"[""Ilias"", ""Denom"", ""Ratikon"", ""Nivalis"", ""Velorum""]","[0.9009127616882324, 0.7825829982757568, 0.775140643119812, 0.7305706739425659, 0.5702593326568604]"
4,centroid,1,213,Ilias,Ilias,"[""Ilias"", ""Ratikon"", ""Denom"", ""Nivalis"", ""Gemini""]","[0.7569887042045593, 0.5888978242874146, 0.518527626991272, 0.36147284507751465, 0.26008301973342896]"
4,centroid,1,214,Ilias,Ilias,"[""Ilias"", ""Ratikon"", ""Nivalis"", ""Denom"", ""Velorum""]","[0.958726167678833, 0.6477164030075073, 0.6165167093276978, 0.593894362449646, 0.5766324996948242]"
4,centroid,1,215,Ilias,Velorum,"[""Velorum"", ""Ilias"", ""Nivalis"", ""Ratikon"", ""Denom""]","[0.8092290163040161, 0.7405272126197815, 0.6727773547172546, 0.6445116996765137, 0.6123483180999756]"
4,centroid,1,216,Ilias,Ilias,"[""Ilias"", ""Ratikon"", ""Velorum"", ""Nivalis"", ""Denom""]","[0.9299739599227905, 0.5511484742164612, 0.5041858553886414, 0.4852673411369324, 0.45967328548431396]"
4,centroid,1,217,Ilias,Ilias,"[""Ilias"", ""Denom"", ""Ratikon"", ""Nivalis"", ""Velorum""]","[0.88569176197052, 0.7539190053939819, 0.7481256723403931, 0.6272437572479248, 0.32419440150260925]"
4,centroid,1,218,Ilias,Ratikon,"[""Ratikon"", ""Ilias"", ""Denom"", ""Nivalis"", ""Velorum""]","[0.8230506181716919, 0.7751281261444092, 0.5824427604675293, 0.5698779821395874, 0.3688145875930786]"
4,centroid,1,219,Ilias,Ilias,"[""Ilias"", ""Ratikon"", ""Denom"", ""Nivalis"", ""Velorum""]","[0.9172120094299316, 0.7047886848449707, 0.6429968476295471, 0.628748893737793, 0.614252507686615]"
4,centroid,1,220,Ilias,Ilias,"[""Ilias"", ""Ratikon"", ""Denom"", ""Nivalis"", ""Velorum""]","[0.9252939224243164, 0.7790155410766602, 0.6578414440155029, 0.6405051946640015, 0.36355164647102356]"
4,centroid,1,221,Ilias,Ilias,"[""Ilias"", ""Ratikon"", ""Denom"", ""Nivalis"", ""Velorum""]","[0.9365720748901367, 0.7210404872894287, 0.6601698398590088, 0.6221135258674622, 0.3754640817642212]"
4,centroid,1,222,Ilias,Ilias,"[""Ilias"", ""Nivalis"", ""Denom"", ""Velorum"", ""Ratikon""]","[0.8231194019317627, 0.7708802223205566, 0.7605295181274414, 0.7146421670913696, 0.7042620182037354]"
4,centroid,1,223,Ilias,Ilias,"[""Ilias"", ""Nivalis"", ""Ratikon"", ""Denom"", ""Velorum""]","[0.9007033109664917, 0.6601264476776123, 0.6374214291572571, 0.6192359924316406, 0.5644993782043457]"
4,centroid,1,224,Ilias,Ilias,"[""Ilias"", ""Ratikon"", ""Denom"", ""Nivalis"", ""Velorum""]","[0.9189585447311401, 0.6549180746078491, 0.596550464630127, 0.5053497552871704, 0.37270212173461914]"
4,centroid,1,225,Ilias,Ilias,"[""Ilias"", ""Ratikon"", ""Denom"", ""Nivalis"", ""Velorum""]","[0.9103373289108276, 0.8085640668869019, 0.6963881254196167, 0.5905209183692932, 0.2466430366039276]"
4,centroid,1,226,Ilias,Ilias,"[""Ilias"", ""Denom"", ""Ratikon"", ""Nivalis"", ""Velorum""]","[0.9294092059135437, 0.7183219194412231, 0.6601076126098633, 0.605751633644104, 0.5408093333244324]"
4,centroid,1,227,Ilias,Ilias,"[""Ilias"", ""Denom"", ""Ratikon"", ""Nivalis"", ""Velorum""]","[0.8149791955947876, 0.7984118461608887, 0.703474760055542, 0.5748952627182007, 0.19688895344734192]"
4,centroid,1,228,Ilias,Ilias,"[""Ilias"", ""Velorum"", ""Nivalis"", ""Ratikon"", ""Denom""]","[0.8956131935119629, 0.6185568571090698, 0.600608229637146, 0.5825284123420715, 0.570464015007019]"
4,centroid,1,229,Ilias,Ilias,"[""Ilias"", ""Denom"", ""Nivalis"", ""Velorum"", ""Ratikon""]","[0.8678877353668213, 0.7175710797309875, 0.7095686197280884, 0.6389518976211548, 0.6002707481384277]"
4,centroid,1,230,Ilias,Ilias,"[""Ilias"", ""Denom"", ""Ratikon"", ""Nivalis"", ""Velorum""]","[0.7808022499084473, 0.5695499777793884, 0.45525676012039185, 0.4302324056625366, 0.31538671255111694]"
4,centroid,1,231,Ilias,Ilias,"[""Ilias"", ""Denom"", ""Ratikon"", ""Nivalis"", ""Trius""]","[0.7670379281044006, 0.6706379652023315, 0.6686856746673584, 0.45617616176605225, 0.27487117052078247]"
4,centroid,1,232,Ilias,Ratikon,"[""Ratikon"", ""Nivalis"", ""Ilias"", ""Denom"", ""Velorum""]","[0.8303756713867188, 0.7602865695953369, 0.7313575744628906, 0.7205555438995361, 0.4599493145942688]"
4,centroid,1,233,Ilias,Ilias,"[""Ilias"", ""Ratikon"", ""Nivalis"", ""Velorum"", ""Denom""]","[0.9273145198822021, 0.604299783706665, 0.5685797333717346, 0.5402202010154724, 0.5067533254623413]"
4,centroid,1,234,Ilias,Ilias,"[""Ilias"", ""Velorum"", ""Ratikon"", ""Nivalis"", ""Denom""]","[0.8597445487976074, 0.639404296875, 0.5812383890151978, 0.5638247132301331, 0.4562699496746063]"
4,centroid,1,235,Ilias,Ilias,"[""Ilias"", ""Ratikon"", ""Nivalis"", ""Denom"", ""Velorum""]","[0.7399300336837769, 0.7108917832374573, 0.6833521127700806, 0.6646689176559448, 0.4145785868167877]"
4,centroid,1,236,Ilias,Ilias,"[""Ilias"", ""Ratikon"", ""Denom"", ""Nivalis"", ""Velorum""]","[0.9329131841659546, 0.7475999593734741, 0.6772667169570923, 0.610796332359314, 0.4177398681640625]"
4,centroid,1,237,Ilias,Ilias,"[""Ilias"", ""Velorum"", ""Nivalis"", ""Ratikon"", ""Denom""]","[0.8764504790306091, 0.7267587780952454, 0.719262421131134, 0.6766422986984253, 0.6437653303146362]"
4,centroid,1,238,Mytikas,Mytikas,"[""Mytikas"", ""Triton"", ""Trius"", ""Alcatras"", ""Castor""]","[0.8169146776199341, 0.7573795318603516, 0.4449878931045532, 0.3279857635498047, 0.2876187562942505]"
4,centroid,1,239,Mytikas,Mytikas,"[""Mytikas"", ""Castor"", ""Triton"", ""Hawk"", ""Alcatras""]","[0.8057326078414917, 0.35358357429504395, 0.311840295791626, 0.29972895979881287, 0.29146263003349304]"
4,centroid,1,240,Mytikas,Trius,"[""Trius"", ""Mytikas"", ""Triton"", ""Castor"", ""Xtreme""]","[0.5440946817398071, 0.48991966247558594, 0.3608776926994324, 0.35516297817230225, 0.2813642621040344]"
4,centroid,1,241,Mytikas,Mytikas,"[""Mytikas"", ""Triton"", ""Castor"", ""Alcatras"", ""Velorum""]","[0.8603981733322144, 0.6552456617355347, 0.6077461242675781, 0.43369415402412415, 0.2318258285522461]"
4,centroid,1,242,Mytikas,Mytikas,"[""Mytikas"", ""Triton"", ""Trius"", ""Castor"", ""Alcatras""]","[0.8958834409713745, 0.6277791261672974, 0.5762916803359985, 0.4917588531970978, 0.3651461601257324]"
4,centroid,1,243,Mytikas,Mytikas,"[""Mytikas"", ""Alcatras"", ""Triton"", ""Castor"", ""Alaris""]","[0.8274285793304443, 0.7811727523803711, 0.6231889724731445, 0.6209728717803955, 0.5978560447692871]"
4,centroid,1,244,Mytikas,Triton,"[""Triton"", ""Mytikas"", ""Castor"", ""Alcatras"", ""Braga""]","[0.7477459907531738, 0.7076049447059631, 0.5905368328094482, 0.5024051666259766, 0.41056156158447266]"
4,centroid,1,245,Mytikas,Mytikas,"[""Mytikas"", ""Turbine"", ""Castor"", ""Triton"", ""Alcatras""]","[0.7937217950820923, 0.6452147960662842, 0.6214895248413086, 0.4907766580581665, 0.45598578453063965]"
4,centroid,1,246,Mytikas,Mytikas,"[""Mytikas"", ""Triton"", ""Trius"", ""Braga"", ""Castor""]","[0.7514342069625854, 0.6581994295120239, 0.6157878637313843, 0.5424599051475525, 0.3808876872062683]"
4,centroid,1,247,Mytikas,Mytikas,"[""Mytikas"", ""Castor"", ""Triton"", ""Alcatras"", ""Braga""]","[0.8931135535240173, 0.6568706035614014, 0.6547847390174866, 0.5743001103401184, 0.3266488313674927]"
4,centroid,1,248,Mytikas,Triton,"[""Triton"", ""Mytikas"", ""Castor"", ""Turbine"", ""Trius""]","[0.7656850814819336, 0.5651917457580566, 0.5501177310943604, 0.2879013121128082, 0.2709949016571045]"
4,centroid,1,249,Mytikas,Mytikas,"[""Mytikas"", ""Triton"", ""Castor"", ""Alcatras"", ""Trius""]","[0.8758277893066406, 0.85280841588974, 0.6264525055885315, 0.5925296545028687, 0.5653202533721924]"
4,centroid,1,250,Mytikas,Mytikas,"[""Mytikas"", ""Castor"", ""Alcatras"", ""Alaris"", ""Triton""]","[0.5786713361740112, 0.5061622262001038, 0.4749612510204315, 0.4088613986968994, 0.34084761142730713]"
4,centroid,1,251,Mytikas,Triton,"[""Triton"", ""Mytikas"", ""Trius"", ""Castor"", ""Ratikon""]","[0.8359081745147705, 0.7215345501899719, 0.5639615058898926, 0.3897508382797241, 0.1420711874961853]"
4,centroid,1,252,Mytikas,Triton,"[""Triton"", ""Mytikas"", ""Trius"", ""Ilias"", ""Velorum""]","[0.6865454912185669, 0.6693586111068726, 0.6234339475631714, 0.3102833032608032, 0.18949030339717865]"
4,centroid,1,253,Mytikas,Castor,"[""Castor"", ""Triton"", ""Mytikas"", ""Alcatras"", ""Trius""]","[0.8472878932952881, 0.724678635597229, 0.6823818683624268, 0.471948504447937, 0.3387271761894226]"
4,centroid,1,254,Mytikas,Triton,"[""Triton"", ""Castor"", ""Mytikas"", ""Alcatras"", ""Velorum""]","[0.765796422958374, 0.756159782409668, 0.648219108581543, 0.3754969537258148, 0.30366453528404236]"
4,centroid,1,255,Mytikas,Mytikas,"[""Mytikas"", ""Castor"", ""Alcatras"", ""Triton"", ""Turbine""]","[0.8229396343231201, 0.799749493598938, 0.7667938470840454, 0.5815362930297852, 0.5629688501358032]"
4,centroid,1,256,Mytikas,Mytikas,"[""Mytikas"", ""Triton"", ""Castor"", ""Alcatras"", ""Trius""]","[0.9017438888549805, 0.6268678903579712, 0.6257236003875732, 0.6199350953102112, 0.27972036600112915]"
4,centroid,1,257,Mytikas,Mytikas,"[""Mytikas"", ""Trius"", ""Triton"", ""Gemini"", ""Steel_Wheel""]","[0.6357072591781616, 0.5515415668487549, 0.4095693826675415, 0.34462976455688477, 0.287416011095047]"
4,centroid,1,258,Mytikas,Mytikas,"[""Mytikas"", ""Triton"", ""Alcatras"", ""Castor"", ""Velorum""]","[0.8330093622207642, 0.5033168196678162, 0.4056873321533203, 0.3746257424354553, 0.2751300036907196]"
4,centroid,1,259,Mytikas,Mytikas,"[""Mytikas"", ""Triton"", ""Castor"", ""Alcatras"", ""Braga""]","[0.8969496488571167, 0.7729917764663696, 0.7171220779418945, 0.467273473739624, 0.3787468671798706]"
4,centroid,1,260,Mytikas,Mytikas,"[""Mytikas"", ""Triton"", ""Castor"", ""Alcatras"", ""Turbine""]","[0.8156259059906006, 0.622480034828186, 0.4445810914039612, 0.28978365659713745, 0.24854344129562378]"
4,centroid,1,261,Mytikas,Mytikas,"[""Mytikas"", ""Triton"", ""Castor"", ""Alcatras"", ""Trius""]","[0.8330694437026978, 0.8184413313865662, 0.5429239273071289, 0.4843354821205139, 0.41985732316970825]"
4,centroid,1,262,Mytikas,Mytikas,"[""Mytikas"", ""Castor"", ""Triton"", ""Turbine"", ""Alcatras""]","[0.8340205550193787, 0.721747875213623, 0.6554245352745056, 0.4571168124675751, 0.40589356422424316]"
4,centroid,1,263,Mytikas,Mytikas,"[""Mytikas"", ""Triton"", ""Castor"", ""Trius"", ""Alcatras""]","[0.9152966737747192, 0.8692623376846313, 0.5571288466453552, 0.5151883959770203, 0.4372991919517517]"
4,centroid,1,264,Mytikas,Mytikas,"[""Mytikas"", ""Triton"", ""Castor"", ""Alcatras"", ""Alaris""]","[0.8567855358123779, 0.5927408933639526, 0.5743802189826965, 0.515819787979126, 0.30281829833984375]"
4,centroid,1,265,Nivalis,Nivalis,"[""Nivalis"", ""Ratikon"", ""Denom"", ""Ilias"", ""Velorum""]","[0.9416471719741821, 0.8711279630661011, 0.8615069389343262, 0.7435582280158997, 0.5603852272033691]"
4,centroid,1,266,Nivalis,Velorum,"[""Velorum"", ""Nivalis"", ""Ilias"", ""Ratikon"", ""Denom""]","[0.7553005218505859, 0.6948028802871704, 0.6781966686248779, 0.5466135740280151, 0.48780757188796997]"
4,centroid,1,267,Nivalis,Nivalis,"[""Nivalis"", ""Ratikon"", ""Denom"", ""Ilias"", ""Velorum""]","[0.8409812450408936, 0.6346357464790344, 0.6221268773078918, 0.37171924114227295, 0.30758166313171387]"
4,centroid,1,268,Nivalis,Nivalis,"[""Nivalis"", ""Denom"", ""Ratikon"", ""Ilias"", ""Velorum""]","[0.8610918521881104, 0.6494166851043701, 0.6346889138221741, 0.3617064952850342, 0.2916078567504883]"
4,centroid,1,269,Nivalis,Nivalis,"[""Nivalis"", ""Ratikon"", ""Denom"", ""Ilias"", ""Velorum""]","[0.844754695892334, 0.6399474740028381, 0.635602593421936, 0.4710071086883545, 0.38785260915756226]"
4,centroid,1,270,Nivalis,Nivalis,"[""Nivalis"", ""Denom"", ""Ratikon"", ""Velorum"", ""Vega""]","[0.7483396530151367, 0.5578364133834839, 0.5505676865577698, 0.3135601282119751, 0.2476741075515747]"
4,centroid,1,271,Nivalis,Nivalis,"[""Nivalis"", ""Velorum"", ""Denom"", ""Ratikon"", ""Vega""]","[0.7050701379776001, 0.44697895646095276, 0.39855682849884033, 0.37971359491348267, 0.2255973517894745]"
4,centroid,1,272,Nivalis,Nivalis,"[""Nivalis"", ""Denom"", ""Ratikon"", ""Velorum"", ""Ilias""]","[0.8028122186660767, 0.5473343133926392, 0.49346092343330383, 0.460245817899704, 0.40586864948272705]"
4,centroid,1,273,Nivalis,Nivalis,"[""Nivalis"", ""Denom"", ""Ratikon"", ""Ilias"", ""Velorum""]","[0.9335952997207642, 0.7955857515335083, 0.771730363368988, 0.4940809905529022, 0.4156070649623871]"
4,centroid,1,274,Nivalis,Nivalis,"[""Nivalis"", ""Denom"", ""Ratikon"", ""Velorum"", ""Ilias""]","[0.8846451044082642, 0.6961620450019836, 0.6654490232467651, 0.5397396087646484, 0.46248605847358704]"
4,centroid,1,275,Nivalis,Nivalis,"[""Nivalis"", ""Denom"", ""Ratikon"", ""Ilias"", ""Velorum""]","[0.959420919418335, 0.8519854545593262, 0.8434881567955017, 0.6786344051361084, 0.5536774396896362]"
4,centroid,1,276,Nivalis,Denom,"[""Denom"", ""Nivalis"", ""Ratikon"", ""Ilias"", ""Velorum""]","[0.7732208371162415, 0.770230233669281, 0.7382417917251587, 0.41630637645721436, 0.23522906005382538]"
4,centroid,1,277,Nivalis,Denom,"[""Denom"", ""Nivalis"", ""Ratikon"", ""Ilias"", ""Velorum""]","[0.8198493719100952, 0.778168797492981, 0.7592180967330933, 0.7057580947875977, 0.5837520360946655]"
4,centroid,1,278,Nivalis,Ratikon,"[""Ratikon"", ""Nivalis"", ""Denom"", ""Ilias"", ""Velorum""]","[0.880889892578125, 0.859271228313446, 0.8373071551322937, 0.7910138368606567, 0.5275284051895142]"
4,centroid,1,279,Nivalis,Nivalis,"[""Nivalis"", ""Denom"", ""Ratikon"", ""Velorum"", ""Ilias""]","[0.903597354888916, 0.7190223932266235, 0.5799584984779358, 0.5755976438522339, 0.4612008035182953]"
4,centroid,1,280,Nivalis,Nivalis,"[""Nivalis"", ""Velorum"", ""Ratikon"", ""Ilias"", ""Denom""]","[0.6029034852981567, 0.5214039087295532, 0.4845735728740692, 0.3705981373786926, 0.2871299982070923]"
4,centroid,1,281,Nivalis,Nivalis,"[""Nivalis"", ""Denom"", ""Ratikon"", ""Ilias"", ""Velorum""]","[0.81702721118927, 0.6289547681808472, 0.5415825843811035, 0.3842907249927521, 0.28335222601890564]"
4,centroid,1,282,Nivalis,Nivalis,"[""Nivalis"", ""Denom"", ""Ratikon"", ""Ilias"", ""Velorum""]","[0.8986175656318665, 0.6840381622314453, 0.6759141683578491, 0.5102089643478394, 0.38379859924316406]"
4,centroid,1,283,Nivalis,Nivalis,"[""Nivalis"", ""Denom"", ""Ratikon"", ""Velorum"", ""Ilias""]","[0.8409554958343506, 0.6596841812133789, 0.6567939519882202, 0.5121188759803772, 0.4884537160396576]"
4,centroid,1,284,Nivalis,Nivalis,"[""Nivalis"", ""Velorum"", ""Denom"", ""Ratikon"", ""Ilias""]","[0.7507655620574951, 0.6648650169372559, 0.44729816913604736, 0.2987671196460724, 0.22103869915008545]"
4,centroid,1,285,Nivalis,Nivalis,"[""Nivalis"", ""Denom"", ""Ratikon"", ""Velorum"", ""Vega""]","[0.7687004208564758, 0.5430993437767029, 0.44464975595474243, 0.3664765954017639, 0.25541192293167114]"
4,centroid,1,286,Nivalis,Nivalis,"[""Nivalis"", ""Ratikon"", ""Denom"", ""Vega"", ""Ilias""]","[0.597865879535675, 0.49334847927093506, 0.468136191368103, 0.4669300615787506, 0.2945233881473541]"
4,centroid,1,287,Ratikon,Ratikon,"[""Ratikon"", ""Denom"", ""Nivalis"", ""Ilias"", ""Velorum""]","[0.9345545768737793, 0.7713562846183777, 0.7076314687728882, 0.5717978477478027, 0.10005974769592285]"
4,centroid,1,288,Ratikon,Denom,"[""Denom"", ""Ratikon"", ""Nivalis"", ""Ilias"", ""Velorum""]","[0.8831373453140259, 0.8184376955032349, 0.7447683811187744, 0.6017758250236511, 0.5107368230819702]"
4,centroid,1,289,Ratikon,Ratikon,"[""Ratikon"", ""Denom"", ""Nivalis"", ""Ilias"", ""Velorum""]","[0.9184286594390869, 0.8273158669471741, 0.6943093538284302, 0.6549172401428223, 0.3035476505756378]"
4,centroid,1,290,Ratikon,Ratikon,"[""Ratikon"", ""Denom"", ""Nivalis"", ""Ilias"", ""Velorum""]","[0.964157223701477, 0.7862833738327026, 0.756285548210144, 0.5984458923339844, 0.24451720714569092]"
4,centroid,1,291,Ratikon,Ratikon,"[""Ratikon"", ""Ilias"", ""Denom"", ""Nivalis"", ""Velorum""]","[0.9046245813369751, 0.7912111878395081, 0.764972448348999, 0.6423818469047546, 0.2430073469877243]"
4,centroid,1,292,Ratikon,Ratikon,"[""Ratikon"", ""Denom"", ""Nivalis"", ""Ilias"", ""Velorum""]","[0.8556881546974182, 0.7441452741622925, 0.704743504524231, 0.5827711820602417, 0.33456656336784363]"
4,centroid,1,293,Ratikon,Ratikon,"[""Ratikon"", ""Denom"", ""Nivalis"", ""Ilias"", ""Vega""]","[0.8511085510253906, 0.6464918851852417, 0.5757770538330078, 0.47257134318351746, 0.2753518521785736]"
4,centroid,1,294,Ratikon,Ratikon,"[""Ratikon"", ""Denom"", ""Nivalis"", ""Ilias"", ""Velorum""]","[0.9330869913101196, 0.7504326701164246, 0.7281312942504883, 0.5511248707771301, 0.16252319514751434]"
4,centroid,1,295,Ratikon,Ratikon,"[""Ratikon"", ""Ilias"", ""Denom"", ""Nivalis"", ""Velorum""]","[0.9049246907234192, 0.8112788200378418, 0.771928071975708, 0.6529432535171509, 0.2758305072784424]"
4,centroid,1,296,Ratikon,Ratikon,"[""Ratikon"", ""Denom"", ""Nivalis"", ""Ilias"", ""Velorum""]","[0.9445157051086426, 0.8055359125137329, 0.7341275215148926, 0.6071993112564087, 0.22377611696720123]"
4,centroid,1,297,Ratikon,Ratikon,"[""Ratikon"", ""Ilias"", ""Nivalis"", ""Denom"", ""Velorum""]","[0.9252468347549438, 0.7287003993988037, 0.6938806772232056, 0.6748293042182922, 0.2733607292175293]"
4,centroid,1,298,Ratikon,Ratikon,"[""Ratikon"", ""Denom"", ""Ilias"", ""Nivalis"", ""Steel_Wheel""]","[0.8625432252883911, 0.708810031414032, 0.6725976467132568, 0.6059892177581787, 0.16857358813285828]"
4,centroid,1,299,Ratikon,Ratikon,"[""Ratikon"", ""Ilias"", ""Nivalis"", ""Denom"", ""Velorum""]","[0.8611224889755249, 0.8180599212646484, 0.7284162044525146, 0.6671704649925232, 0.6373103857040405]"
4,centroid,1,300,Ratikon,Ratikon,"[""Ratikon"", ""Denom"", ""Nivalis"", ""Ilias"", ""Velorum""]","[0.9632395505905151, 0.8584496378898621, 0.8264170289039612, 0.6673846244812012, 0.4357380270957947]"
4,centroid,1,301,Ratikon,Ratikon,"[""Ratikon"", ""Denom"", ""Nivalis"", ""Ilias"", ""Velorum""]","[0.9135262966156006, 0.769629716873169, 0.6253349184989929, 0.5770143270492554, 0.05488412827253342]"
4,centroid,1,302,Ratikon,Ratikon,"[""Ratikon"", ""Ilias"", ""Denom"", ""Nivalis"", ""Velorum""]","[0.8860889673233032, 0.7817004919052124, 0.7085902690887451, 0.5933650732040405, 0.10963568091392517]"
4,centroid,1,303,Ratikon,Ratikon,"[""Ratikon"", ""Denom"", ""Ilias"", ""Nivalis"", ""Velorum""]","[0.7492241263389587, 0.6643145680427551, 0.6191010475158691, 0.5552891492843628, 0.36875665187835693]"
4,centroid,1,304,Ratikon,Ratikon,"[""Ratikon"", ""Denom"", ""Nivalis"", ""Ilias"", ""Velorum""]","[0.920802116394043, 0.7031720280647278, 0.5912052392959595, 0.5238015055656433, 0.036638639867305756]"
4,centroid,1,305,Ratikon,Ilias,"[""Ilias"", ""Ratikon"", ""Denom"", ""Nivalis"", ""Velorum""]","[0.8170270919799805, 0.7984029650688171, 0.7186751365661621, 0.581039309501648, 0.3991122841835022]"
4,centroid,1,306,Ratikon,Ratikon,"[""Ratikon"", ""Denom"", ""Nivalis"", ""Ilias"", ""Velorum""]","[0.879353940486908, 0.8178775310516357, 0.6247199773788452, 0.5797004699707031, 0.05833512544631958]"
4,centroid,1,307,Ratikon,Ratikon,"[""Ratikon"", ""Denom"", ""Nivalis"", ""Ilias"", ""Velorum""]","[0.9495763778686523, 0.7446890473365784, 0.7321248054504395, 0.5819637775421143, 0.2726508378982544]"
4,centroid,1,308,Ratikon,Ratikon,"[""Ratikon"", ""Denom"", ""Ilias"", ""Nivalis"", ""Velorum""]","[0.8462443947792053, 0.7216885089874268, 0.5639262795448303, 0.5618102550506592, 0.08048562705516815]"
4,centroid,1,309,Ratikon,Nivalis,"[""Nivalis"", ""Denom"", ""Ratikon"", ""Velorum"", ""Ilias""]","[0.9216456413269043, 0.8215146064758301, 0.8174916505813599, 0.6365281939506531, 0.6032360792160034]"
4,centroid,1,310,Ratikon,Ratikon,"[""Ratikon"", ""Denom"", ""Nivalis"", ""Ilias"", ""Vega""]","[0.885059654712677, 0.6974086761474609, 0.661180853843689, 0.5595840811729431, 0.08820398151874542]"
4,centroid,1,311,Ratikon,Ratikon,"[""Ratikon"", ""Denom"", ""Nivalis"", ""Ilias"", ""Velorum""]","[0.8585755228996277, 0.8388168811798096, 0.6397706270217896, 0.49258285760879517, 0.0524258092045784]"
4,centroid,1,312,Ratikon,Ratikon,"[""Ratikon"", ""Denom"", ""Nivalis"", ""Ilias"", ""Velorum""]","[0.946291446685791, 0.7502409219741821, 0.7480037212371826, 0.5963354706764221, 0.26110973954200745]"
4,centroid,1,313,Ratikon,Ratikon,"[""Ratikon"", ""Denom"", ""Ilias"", ""Nivalis"", ""Vega""]","[0.8873239159584045, 0.666629433631897, 0.5841856002807617, 0.5659383535385132, 0.20290113985538483]"
4,centroid,1,314,Steel_Wheel,Steel_Wheel,"[""Steel_Wheel"", ""Nivalis"", ""Xtreme"", ""Hawk"", ""Velorum""]","[0.9846031069755554, 0.1049012839794159, 0.06609015166759491, 0.029536500573158264, 0.025273939594626427]"
4,centroid,1,315,Steel_Wheel,Steel_Wheel,"[""Steel_Wheel"", ""Velorum"", ""Nivalis"", ""Xtreme"", ""Castor""]","[0.9544988870620728, 0.24213971197605133, 0.22638849914073944, 0.109133780002594, 0.057005591690540314]"
4,centroid,1,316,Steel_Wheel,Steel_Wheel,"[""Steel_Wheel"", ""Nivalis"", ""Velorum"", ""Turbine"", ""Hawk""]","[0.9403949975967407, 0.220730721950531, 0.19772762060165405, 0.12879541516304016, 0.09885171800851822]"
4,centroid,1,317,Steel_Wheel,Steel_Wheel,"[""Steel_Wheel"", ""Nivalis"", ""Denom"", ""Ratikon"", ""Velorum""]","[0.9549699425697327, 0.20200780034065247, 0.17597587406635284, 0.08524680137634277, 0.03567942976951599]"
4,centroid,1,318,Steel_Wheel,Steel_Wheel,"[""Steel_Wheel"", ""Nivalis"", ""Velorum"", ""Xtreme"", ""Denom""]","[0.9712929129600525, 0.20787928998470306, 0.1548500657081604, 0.14453022181987762, 0.0824415534734726]"
4,centroid,1,319,Steel_Wheel,Steel_Wheel,"[""Steel_Wheel"", ""Xtreme"", ""Nivalis"", ""Hawk"", ""Castor""]","[0.9658743739128113, 0.18141812086105347, 0.07614699006080627, 0.048123348504304886, 0.033372871577739716]"
4,centroid,1,320,Steel_Wheel,Steel_Wheel,"[""Steel_Wheel"", ""Xtreme"", ""Gemini"", ""Nivalis"", ""Denom""]","[0.9236119389533997, 0.23122084140777588, 0.19419395923614502, 0.08696161210536957, 0.01727467030286789]"
4,centroid,1,321,Steel_Wheel,Steel_Wheel,"[""Steel_Wheel"", ""Xtreme"", ""Nivalis"", ""Castor"", ""Gemini""]","[0.9669936895370483, 0.1782422661781311, 0.018602175638079643, -0.021126873791217804, -0.030648237094283104]"
4,centroid,1,322,Steel_Wheel,Steel_Wheel,"[""Steel_Wheel"", ""Trius"", ""Alaris"", ""Mytikas"", ""Hawk""]","[0.8972919583320618, 0.1796150803565979, 0.16411931812763214, 0.11414589732885361, 0.10821318626403809]"
4,centroid,1,323,Steel_Wheel,Steel_Wheel,"[""Steel_Wheel"", ""Gemini"", ""Xtreme"", ""Turbine"", ""Vega""]","[0.9106994867324829, 0.13450226187705994, 0.0786627009510994, 0.05967005342245102, -0.007571490481495857]"
4,centroid,1,324,Steel_Wheel,Steel_Wheel,"[""Steel_Wheel"", ""Nivalis"", ""Denom"", ""Hawk"", ""Xtreme""]","[0.97738116979599, 0.15000036358833313, 0.09317546337842941, 0.0600760318338871, 0.03479909524321556]"
4,centroid,1,325,Steel_Wheel,Steel_Wheel,"[""Steel_Wheel"", ""Nivalis"", ""Xtreme"", ""Denom"", ""Velorum""]","[0.9561784267425537, 0.15006917715072632, 0.13547208905220032, 0.10776926577091217, 0.06546276807785034]"
4,centroid,1,326,Steel_Wheel,Steel_Wheel,"[""Steel_Wheel"", ""Velorum"", ""Nivalis"", ""Ilias"", ""Denom""]","[0.9456135034561157, 0.23367521166801453, 0.18728333711624146, 0.12871327996253967, 0.0934639647603035]"
4,centroid,1,327,Steel_Wheel,Steel_Wheel,"[""Steel_Wheel"", ""Nivalis"", ""Denom"", ""Ratikon"", ""Xtreme""]","[0.8944780826568604, 0.1929011046886444, 0.14288505911827087, 0.11605849862098694, 0.10494594275951385]"
4,centroid,1,328,Steel_Wheel,Steel_Wheel,"[""Steel_Wheel"", ""Xtreme"", ""Castor"", ""Turbine"", ""Gemini""]","[0.9253007173538208, 0.18987958133220673, 0.0822966918349266, 0.06214679405093193, 0.05027665197849274]"
4,centroid,1,329,Steel_Wheel,Steel_Wheel,"[""Steel_Wheel"", ""Nivalis"", ""Velorum"", ""Xtreme"", ""Denom""]","[0.9778915643692017, 0.15552447736263275, 0.10868257284164429, 0.098024882376194, 0.09350387752056122]"
4,centroid,1,330,Steel_Wheel,Steel_Wheel,"[""Steel_Wheel"", ""Velorum"", ""Nivalis"", ""Xtreme"", ""Denom""]","[0.9761933088302612, 0.16559100151062012, 0.1652275025844574, 0.08430313318967819, 0.08198156952857971]"
4,centroid,1,331,Steel_Wheel,Steel_Wheel,"[""Steel_Wheel"", ""Velorum"", ""Castor"", ""Nivalis"", ""Alcatras""]","[0.9626510143280029, 0.05227339267730713, 0.029654324054718018, 0.01629696786403656, 0.0049706920981407166]"
4,centroid,1,332,Steel_Wheel,Steel_Wheel,"[""Steel_Wheel"", ""Nivalis"", ""Xtreme"", ""Trius"", ""Gemini""]","[0.9570593237876892, 0.10979466140270233, 0.09234867244958878, 0.02612004429101944, 0.025257762521505356]"
4,centroid,1,333,Steel_Wheel,Steel_Wheel,"[""Steel_Wheel"", ""Xtreme"", ""Hawk"", ""Gemini"", ""Turbine""]","[0.9099843502044678, 0.18447063863277435, 0.14166738092899323, 0.1129705086350441, 0.07169154286384583]"
4,centroid,1,334,Steel_Wheel,Steel_Wheel,"[""Steel_Wheel"", ""Nivalis"", ""Turbine"", ""Velorum"", ""Xtreme""]","[0.9363144636154175, 0.18711122870445251, 0.14422902464866638, 0.11489767581224442, 0.10318657755851746]"
4,centroid,1,335,Steel_Wheel,Steel_Wheel,"[""Steel_Wheel"", ""Hawk"", ""Xtreme"", ""Nivalis"", ""Velorum""]","[0.9548535346984863, 0.17641019821166992, 0.15341275930404663, 0.14034099876880646, 0.13399744033813477]"
4,centroid,1,336,Steel_Wheel,Steel_Wheel,"[""Steel_Wheel"", ""Velorum"", ""Nivalis"", ""Ilias"", ""Denom""]","[0.9793338775634766, 0.17972049117088318, 0.16546078026294708, 0.10610312223434448, 0.10078851133584976]"
4,centroid,1,337,Steel_Wheel,Steel_Wheel,"[""Steel_Wheel"", ""Nivalis"", ""Xtreme"", ""Denom"", ""Ratikon""]","[0.967251718044281, 0.19263026118278503, 0.11909810453653336, 0.1064203679561615, 0.06559145450592041]"
4,centroid,1,338,Steel_Wheel,Steel_Wheel,"[""Steel_Wheel"", ""Nivalis"", ""Xtreme"", ""Denom"", ""Velorum""]","[0.9730647802352905, 0.16270600259304047, 0.10743638873100281, 0.08401352167129517, 0.08219613134860992]"
4,centroid,1,339,Steel_Wheel,Steel_Wheel,"[""Steel_Wheel"", ""Nivalis"", ""Xtreme"", ""Hawk"", ""Velorum""]","[0.9494549036026001, 0.20079076290130615, 0.15586026012897491, 0.1206577718257904, 0.094761423766613]"
4,centroid,1,340,Steel_Wheel,Steel_Wheel,"[""Steel_Wheel"", ""Xtreme"", ""Nivalis"", ""Gemini"", ""Denom""]","[0.9280140399932861, 0.16935527324676514, 0.10307782143354416, 0.046928923577070236, 0.041356418281793594]"
4,centroid,1,341,Steel_Wheel,Steel_Wheel,"[""Steel_Wheel"", ""Nivalis"", ""Velorum"", ""Denom"", ""Xtreme""]","[0.9532312154769897, 0.25445684790611267, 0.19985106587409973, 0.16527122259140015, 0.16481119394302368]"
4,centroid,1,342,Steel_Wheel,Steel_Wheel,"[""Steel_Wheel"", ""Nivalis"", ""Turbine"", ""Mytikas"", ""Xtreme""]","[0.9270581007003784, 0.17402155697345734, 0.15431883931159973, 0.12055765092372894, 0.09572387486696243]"
4,centroid,1,343,Steel_Wheel,Steel_Wheel,"[""Steel_Wheel"", ""Velorum"", ""Xtreme"", ""Nivalis"", ""Hawk""]","[0.9682715535163879, 0.16537423431873322, 0.11180662363767624, 0.11103591322898865, 0.045015182346105576]"
4,centroid,1,344,Steel_Wheel,Steel_Wheel,"[""Steel_Wheel"", ""Nivalis"", ""Denom"", ""Velorum"", ""Trius""]","[0.9472336769104004, 0.14128030836582184, 0.12092632055282593, 0.09694693982601166, 0.09319493174552917]"
4,centroid,1,345,Steel_Wheel,Steel_Wheel,"[""Steel_Wheel"", ""Nivalis"", ""Xtreme"", ""Hawk"", ""Denom""]","[0.9104266166687012, 0.16718603670597076, 0.1576000452041626, 0.14091737568378448, 0.07358608394861221]"
4,centroid,1,346,Steel_Wheel,Steel_Wheel,"[""Steel_Wheel"", ""Xtreme"", ""Hawk"", ""Turbine"", ""Nivalis""]","[0.9420008063316345, 0.1734887659549713, 0.04418808966875076, 0.030858848243951797, -0.0067131854593753815]"
4,centroid,1,347,Steel_Wheel,Steel_Wheel,"[""Steel_Wheel"", ""Xtreme"", ""Nivalis"", ""Alaris"", ""Velorum""]","[0.9766037464141846, 0.10677355527877808, 0.10125438868999481, 0.03596595674753189, 0.021904170513153076]"
4,centroid,1,348,Steel_Wheel,Steel_Wheel,"[""Steel_Wheel"", ""Xtreme"", ""Nivalis"", ""Gemini"", ""Velorum""]","[0.9739373922348022, 0.06698966771364212, 0.03969654440879822, 0.00806014146655798, -0.026167578995227814]"
4,centroid,1,349,Triton,Triton,"[""Triton"", ""Trius"", ""Mytikas"", ""Ilias"", ""Braga""]","[0.792272686958313, 0.7376101016998291, 0.5493736267089844, 0.2999367117881775, 0.2190365195274353]"
4,centroid,1,350,Triton,Triton,"[""Triton"", ""Mytikas"", ""Trius"", ""Castor"", ""Braga""]","[0.784508228302002, 0.4665541648864746, 0.29736995697021484, 0.27489033341407776, 0.1864716112613678]"
4,centroid,1,351,Triton,Triton,"[""Triton"", ""Trius"", ""Mytikas"", ""Ilias"", ""Velorum""]","[0.7582411766052246, 0.5982807278633118, 0.4054914712905884, 0.38363969326019287, 0.3567473888397217]"
4,centroid,1,352,Triton,Triton,"[""Triton"", ""Trius"", ""Mytikas"", ""Braga"", ""Castor""]","[0.8232799768447876, 0.754608154296875, 0.5026609897613525, 0.44308608770370483, 0.4228428602218628]"
4,centroid,1,353,Triton,Triton,"[""Triton"", ""Trius"", ""Alcatras"", ""Mytikas"", ""Castor""]","[0.7734475135803223, 0.6103265285491943, 0.43181905150413513, 0.40916240215301514, 0.35909417271614075]"
4,centroid,1,354,Triton,Mytikas,"[""Mytikas"", ""Triton"", ""Castor"", ""Braga"", ""Alcatras""]","[0.8063977360725403, 0.7782390713691711, 0.7006658315658569, 0.5607675313949585, 0.5564263463020325]"
4,centroid,1,355,Triton,Triton,"[""Triton"", ""Mytikas"", ""Trius"", ""Castor"", ""Ilias""]","[0.8316667079925537, 0.5813935995101929, 0.49133697152137756, 0.31786590814590454, 0.15538010001182556]"
4,centroid,1,356,Triton,Triton,"[""Triton"", ""Trius"", ""Mytikas"", ""Castor"", ""Velorum""]","[0.8543983697891235, 0.5865051746368408, 0.520736038684845, 0.4751185476779938, 0.3273860812187195]"
4,centroid,1,357,Triton,Triton,"[""Triton"", ""Trius"", ""Castor"", ""Mytikas"", ""Alcatras""]","[0.8786029815673828, 0.751417875289917, 0.6016427874565125, 0.5479903221130371, 0.5196008682250977]"
4,centroid,1,358,Triton,Triton,"[""Triton"", ""Castor"", ""Alcatras"", ""Trius"", ""Mytikas""]","[0.774397611618042, 0.6498108506202698, 0.5448299050331116, 0.5258700847625732, 0.5196159482002258]"
4,centroid,1,359,Triton,Triton,"[""Triton"", ""Mytikas"", ""Trius"", ""Castor"", ""Turbine""]","[0.8788538575172424, 0.5954591035842896, 0.4987070560455322, 0.48402464389801025, 0.22658178210258484]"
4,centroid,1,360,Triton,Triton,"[""Triton"", ""Mytikas"", ""Trius"", ""Castor"", ""Braga""]","[0.9238185882568359, 0.696412205696106, 0.5576947927474976, 0.41352254152297974, 0.2190997451543808]"
4,centroid,1,361,Triton,Triton,"[""Triton"", ""Mytikas"", ""Braga"", ""Castor"", ""Ilias""]","[0.6062151789665222, 0.29486924409866333, 0.19072729349136353, 0.1572558879852295, 0.15339605510234833]"
4,centroid,1,362,Triton,Triton,"[""Triton"", ""Trius"", ""Mytikas"", ""Ilias"", ""Braga""]","[0.8226989507675171, 0.7379921674728394, 0.660866379737854, 0.28261131048202515, 0.23546573519706726]"
4,centroid,1,363,Triton,Triton,"[""Triton"", ""Mytikas"", ""Trius"", ""Castor"", ""Alcatras""]","[0.8841153383255005, 0.7539438009262085, 0.7386399507522583, 0.580791711807251, 0.38633811473846436]"
4,centroid,1,364,Triton,Triton,"[""Triton"", ""Castor"", ""Trius"", ""Mytikas"", ""Alcatras""]","[0.7564992308616638, 0.7270767688751221, 0.543210506439209, 0.46504122018814087, 0.3236250877380371]"
4,centroid,1,365,Triton,Alaris,"[""Alaris"", ""Trius"", ""Alcatras"", ""Braga"", ""Gemini""]","[0.6258915662765503, 0.47026506066322327, 0.4701218008995056, 0.45562922954559326, 0.34865233302116394]"
4,centroid,1,366,Triton,Triton,"[""Triton"", ""Mytikas"", ""Castor"", ""Trius"", ""Alcatras""]","[0.9017906188964844, 0.6310433745384216, 0.6116793155670166, 0.4540494680404663, 0.3271176815032959]"
4,centroid,1,367,Triton,Alaris,"[""Alaris"", ""Alcatras"", ""Mytikas"", ""Ilias"", ""Trius""]","[0.5748308897018433, 0.4495384097099304, 0.43487855792045593, 0.3357026278972626, 0.2881312370300293]"
4,centroid,1,368,Triton,Triton,"[""Triton"", ""Ilias"", ""Mytikas"", ""Trius"", ""Castor""]","[0.6580581068992615, 0.437039852142334, 0.3955240249633789, 0.28642016649246216, 0.2575555145740509]"
4,centroid,1,369,Triton,Triton,"[""Triton"", ""Mytikas"", ""Castor"", ""Trius"", ""Braga""]","[0.7829089164733887, 0.603320300579071, 0.3696928024291992, 0.3477153778076172, 0.2986792325973511]"
4,centroid,1,370,Triton,Trius,"[""Trius"", ""Ratikon"", ""Ilias"", ""Denom"", ""Alaris""]","[0.4424757957458496, 0.43297964334487915, 0.3900206983089447, 0.3380633592605591, 0.3286011815071106]"
4,centroid,1,371,Triton,Castor,"[""Castor"", ""Triton"", ""Mytikas"", ""Turbine"", ""Braga""]","[0.7830207943916321, 0.7814399600028992, 0.6909176111221313, 0.4615291953086853, 0.41409289836883545]"
4,centroid,1,372,Triton,Triton,"[""Triton"", ""Mytikas"", ""Castor"", ""Alcatras"", ""Trius""]","[0.758041501045227, 0.688438892364502, 0.60727459192276, 0.5636327266693115, 0.4693065285682678]"
4,centroid,1,373,Triton,Triton,"[""Triton"", ""Trius"", ""Castor"", ""Mytikas"", ""Alcatras""]","[0.8758938312530518, 0.6650353670120239, 0.6158796548843384, 0.4976973831653595, 0.4082745909690857]"
4,centroid,1,374,Triton,Triton,"[""Triton"", ""Trius"", ""Mytikas"", ""Castor"", ""Alcatras""]","[0.8706310987472534, 0.739849328994751, 0.7109742164611816, 0.6345646381378174, 0.5448796153068542]"
4,centroid,1,375,Triton,Triton,"[""Triton"", ""Mytikas"", ""Trius"", ""Castor"", ""Ilias""]","[0.8588836193084717, 0.5121656656265259, 0.460418164730072, 0.43806761503219604, 0.21242815256118774]"
4,centroid,1,376,Triton,Triton,"[""Triton"", ""Trius"", ""Castor"", ""Braga"", ""Mytikas""]","[0.7231295704841614, 0.597464919090271, 0.3726602792739868, 0.32905006408691406, 0.2655465006828308]"
4,centroid,1,377,Triton,Triton,"[""Triton"", ""Mytikas"", ""Trius"", ""Braga"", ""Turbine""]","[0.7726820707321167, 0.6320943832397461, 0.49120914936065674, 0.2871713638305664, 0.24851886928081512]"
4,centroid,1,378,Triton,Triton,"[""Triton"", ""Trius"", ""Castor"", ""Mytikas"", ""Braga""]","[0.8534077405929565, 0.6571149826049805, 0.4245016872882843, 0.40314316749572754, 0.2721964716911316]"
4,centroid,1,379,Triton,Trius,"[""Trius"", ""Alaris"", ""Mytikas"", ""Alcatras"", ""Castor""]","[0.6622724533081055, 0.6297793388366699, 0.4965621531009674, 0.4889470338821411, 0.3977344036102295]"
4,centroid,1,380,Triton,Triton,"[""Triton"", ""Mytikas"", ""Castor"", ""Trius"", ""Velorum""]","[0.8730388879776001, 0.5780553817749023, 0.5215577483177185, 0.4713371992111206, 0.3613334596157074]"
4,centroid,1,381,Triton,Mytikas,"[""Mytikas"", ""Castor"", ""Triton"", ""Alcatras"", ""Turbine""]","[0.7570536136627197, 0.7557803392410278, 0.6791539192199707, 0.5750142335891724, 0.3792663812637329]"
4,centroid,1,382,Triton,Triton,"[""Triton"", ""Castor"", ""Trius"", ""Mytikas"", ""Alcatras""]","[0.8639378547668457, 0.7297580242156982, 0.572839081287384, 0.529825747013092, 0.5077273845672607]"
4,centroid,1,383,Triton,Alcatras,"[""Alcatras"", ""Velorum"", ""Triton"", ""Alaris"", ""Mytikas""]","[0.6565985679626465, 0.5236476063728333, 0.5234895944595337, 0.4534463584423065, 0.38603895902633667]"
4,centroid,1,384,Triton,Triton,"[""Triton"", ""Trius"", ""Mytikas"", ""Castor"", ""Alcatras""]","[0.8521782755851746, 0.679785430431366, 0.6120829582214355, 0.3848922848701477, 0.3549233078956604]"
4,centroid,1,385,Triton,Triton,"[""Triton"", ""Mytikas"", ""Trius"", ""Castor"", ""Alcatras""]","[0.8222987055778503, 0.6877588629722595, 0.5591937303543091, 0.5413466691970825, 0.38948553800582886]"
4,centroid,1,386,Triton,Triton,"[""Triton"", ""Mytikas"", ""Braga"", ""Trius"", ""Gemini""]","[0.6246062517166138, 0.4340175986289978, 0.38759544491767883, 0.3764716386795044, 0.17345641553401947]"
4,centroid,1,387,Triton,Triton,"[""Triton"", ""Trius"", ""Mytikas"", ""Castor"", ""Braga""]","[0.8935255408287048, 0.5766127109527588, 0.5239579081535339, 0.49560579657554626, 0.30808040499687195]"
4,centroid,1,388,Triton,Trius,"[""Trius"", ""Mytikas"", ""Vega"", ""Gemini"", ""Triton""]","[0.6070799827575684, 0.33102133870124817, 0.31336960196495056, 0.29786068201065063, 0.2954690456390381]"
4,centroid,1,389,Triton,Triton,"[""Triton"", ""Alcatras"", ""Trius"", ""Mytikas"", ""Castor""]","[0.8293121457099915, 0.6655901670455933, 0.6280673742294312, 0.5884188413619995, 0.5571403503417969]"
4,centroid,1,390,Triton,Triton,"[""Triton"", ""Trius"", ""Mytikas"", ""Castor"", ""Braga""]","[0.8838808536529541, 0.6284952163696289, 0.4801141023635864, 0.3906441628932953, 0.22305767238140106]"
4,centroid,1,391,Triton,Triton,"[""Triton"", ""Mytikas"", ""Trius"", ""Castor"", ""Braga""]","[0.8676518201828003, 0.7572429180145264, 0.6289857625961304, 0.5754352807998657, 0.47013118863105774]"
4,centroid,1,392,Triton,Triton,"[""Triton"", ""Mytikas"", ""Trius"", ""Castor"", ""Braga""]","[0.8425793647766113, 0.6920696496963501, 0.5603458881378174, 0.47408339381217957, 0.41771286725997925]"
4,centroid,1,393,Triton,Triton,"[""Triton"", ""Mytikas"", ""Trius"", ""Alcatras"", ""Castor""]","[0.7960194945335388, 0.7142513990402222, 0.5567839741706848, 0.3417537808418274, 0.2870776951313019]"
4,centroid,1,394,Triton,Triton,"[""Triton"", ""Castor"", ""Mytikas"", ""Trius"", ""Velorum""]","[0.8120335340499878, 0.5268511772155762, 0.447909951210022, 0.3471301794052124, 0.20131492614746094]"
4,centroid,1,395,Triton,Triton,"[""Triton"", ""Mytikas"", ""Trius"", ""Ilias"", ""Castor""]","[0.7288509607315063, 0.4457988440990448, 0.43801599740982056, 0.20330578088760376, 0.16949450969696045]"
4,centroid,1,396,Triton,Triton,"[""Triton"", ""Mytikas"", ""Castor"", ""Trius"", ""Velorum""]","[0.894811749458313, 0.6798362731933594, 0.5535403490066528, 0.5411214828491211, 0.40278083086013794]"
4,centroid,1,397,Triton,Triton,"[""Triton"", ""Mytikas"", ""Trius"", ""Castor"", ""Ilias""]","[0.6594519019126892, 0.6348332762718201, 0.35775113105773926, 0.13452674448490143, 0.1047360748052597]"
4,centroid,1,398,Triton,Mytikas,"[""Mytikas"", ""Alcatras"", ""Velorum"", ""Triton"", ""Alaris""]","[0.5934267640113831, 0.5783655047416687, 0.490963339805603, 0.4824603796005249, 0.4629661738872528]"
4,centroid,1,399,Triton,Triton,"[""Triton"", ""Mytikas"", ""Castor"", ""Trius"", ""Braga""]","[0.9030136466026306, 0.7422176599502563, 0.5102079510688782, 0.37421715259552, 0.2873561978340149]"
4,centroid,1,400,Triton,Triton,"[""Triton"", ""Trius"", ""Mytikas"", ""Braga"", ""Castor""]","[0.7603965997695923, 0.5763334631919861, 0.5480376482009888, 0.4525004029273987, 0.44949430227279663]"
4,centroid,1,401,Triton,Triton,"[""Triton"", ""Mytikas"", ""Castor"", ""Trius"", ""Turbine""]","[0.6597681045532227, 0.35194218158721924, 0.3319277763366699, 0.2425634115934372, 0.2153422236442566]"
4,centroid,1,402,Trius,Triton,"[""Triton"", ""Trius"", ""Mytikas"", ""Velorum"", ""Braga""]","[0.7063217163085938, 0.5661426186561584, 0.5036467909812927, 0.3924168348312378, 0.3819824755191803]"
4,centroid,1,403,Trius,Gemini,"[""Gemini"", ""Trius"", ""Mytikas"", ""Braga"", ""Triton""]","[0.672538161277771, 0.651395857334137, 0.4191259443759918, 0.41616788506507874, 0.3616364002227783]"
4,centroid,1,404,Trius,Trius,"[""Trius"", ""Triton"", ""Alcatras"", ""Mytikas"", ""Braga""]","[0.7509274482727051, 0.6875033974647522, 0.645666241645813, 0.6257941126823425, 0.6081932187080383]"
4,centroid,1,405,Trius,Triton,"[""Triton"", ""Mytikas"", ""Trius"", ""Alcatras"", ""Castor""]","[0.8735299110412598, 0.7241961359977722, 0.7240545749664307, 0.5405538082122803, 0.5312200784683228]"
4,centroid,1,406,Trius,Trius,"[""Trius"", ""Alcatras"", ""Alaris"", ""Triton"", ""Braga""]","[0.6089918613433838, 0.6089532375335693, 0.49558454751968384, 0.4466850459575653, 0.3602491617202759]"
4,centroid,1,407,Trius,Trius,"[""Trius"", ""Gemini"", ""Mytikas"", ""Triton"", ""Denom""]","[0.633699357509613, 0.45905205607414246, 0.4547621011734009, 0.3685298562049866, 0.16761168837547302]"
4,centroid,1,408,Trius,Trius,"[""Trius"", ""Mytikas"", ""Triton"", ""Alaris"", ""Alcatras""]","[0.8099004030227661, 0.5195229053497314, 0.42864474654197693, 0.3711912930011749, 0.3048606514930725]"
4,centroid,1,409,Trius,Trius,"[""Trius"", ""Alaris"", ""Alcatras"", ""Velorum"", ""Mytikas""]","[0.7687681913375854, 0.6566261053085327, 0.5789861679077148, 0.35074496269226074, 0.33644765615463257]"
4,centroid,1,410,Trius,Trius,"[""Trius"", ""Triton"", ""Ilias"", ""Mytikas"", ""Velorum""]","[0.7822161316871643, 0.5859187841415405, 0.5025583505630493, 0.3702293634414673, 0.28969845175743103]"
4,centroid,1,411,Trius,Trius,"[""Trius"", ""Braga"", ""Alaris"", ""Alcatras"", ""Triton""]","[0.6763250231742859, 0.6660596132278442, 0.5180574059486389, 0.4763067066669464, 0.4068368673324585]"
4,centroid,1,412,Trius,Trius,"[""Trius"", ""Triton"", ""Mytikas"", ""Gemini"", ""Braga""]","[0.6799808740615845, 0.6193786859512329, 0.5503295660018921, 0.3813025951385498, 0.37670284509658813]"
4,centroid,1,413,Trius,Mytikas,"[""Mytikas"", ""Trius"", ""Vega"", ""Triton"", ""Alaris""]","[0.6511005163192749, 0.6323949694633484, 0.4343823492527008, 0.4282412528991699, 0.3413563072681427]"
4,centroid,1,414,Trius,Trius,"[""Trius"", ""Triton"", ""Castor"", ""Mytikas"", ""Braga""]","[0.6381264925003052, 0.5214906334877014, 0.4272186756134033, 0.42351454496383667, 0.17832088470458984]"
4,centroid,1,415,Trius,Trius,"[""Trius"", ""Triton"", ""Braga"", ""Alaris"", ""Alcatras""]","[0.8873427510261536, 0.6003307104110718, 0.5531603097915649, 0.4748203158378601, 0.45032307505607605]"
4,centroid,1,416,Trius,Braga,"[""Braga"", ""Trius"", ""Alaris"", ""Triton"", ""Alcatras""]","[0.7177703380584717, 0.7148532271385193, 0.5921516418457031, 0.5910570621490479, 0.5528391599655151]"
4,centroid,1,417,Trius,Trius,"[""Trius"", ""Mytikas"", ""Triton"", ""Castor"", ""Alaris""]","[0.7709543704986572, 0.6320311427116394, 0.5699232816696167, 0.5166467428207397, 0.42298898100852966]"
4,centroid,1,418,Trius,Trius,"[""Trius"", ""Alaris"", ""Triton"", ""Braga"", ""Alcatras""]","[0.8343470096588135, 0.48655039072036743, 0.42967933416366577, 0.3779247999191284, 0.3492617607116699]"
4,centroid,1,419,Trius,Trius,"[""Trius"", ""Triton"", ""Mytikas"", ""Vega"", ""Gemini""]","[0.8089411854743958, 0.4868989586830139, 0.3896865248680115, 0.31924691796302795, 0.2533177137374878]"
4,centroid,1,420,Trius,Trius,"[""Trius"", ""Velorum"", ""Triton"", ""Alaris"", ""Gemini""]","[0.8320878744125366, 0.3851853907108307, 0.35502707958221436, 0.32973700761795044, 0.2950543761253357]"
4,centroid,1,421,Trius,Trius,"[""Trius"", ""Triton"", ""Alaris"", ""Alcatras"", ""Braga""]","[0.9053173065185547, 0.5899345874786377, 0.560701310634613, 0.4404106140136719, 0.4307023584842682]"
4,centroid,1,422,Trius,Trius,"[""Trius"", ""Triton"", ""Alaris"", ""Alcatras"", ""Braga""]","[0.7681763768196106, 0.5971555709838867, 0.5158148407936096, 0.5031471252441406, 0.4389050006866455]"
4,centroid,1,423,Trius,Trius,"[""Trius"", ""Triton"", ""Mytikas"", ""Ilias"", ""Velorum""]","[0.7743456959724426, 0.6945653557777405, 0.4154106080532074, 0.36750996112823486, 0.288205087184906]"
4,centroid,1,424,Trius,Trius,"[""Trius"", ""Alaris"", ""Triton"", ""Mytikas"", ""Alcatras""]","[0.8178395628929138, 0.5821990370750427, 0.5765393972396851, 0.5680282115936279, 0.4361356496810913]"
4,centroid,1,425,Trius,Trius,"[""Trius"", ""Alaris"", ""Braga"", ""Alcatras"", ""Triton""]","[0.8620433807373047, 0.5473262071609497, 0.5229661464691162, 0.4765181541442871, 0.4380284547805786]"
4,centroid,1,426,Trius,Mytikas,"[""Mytikas"", ""Triton"", ""Trius"", ""Castor"", ""Gemini""]","[0.7406007051467896, 0.6520208716392517, 0.5498964786529541, 0.27199649810791016, 0.16128744184970856]"
4,centroid,1,427,Trius,Triton,"[""Triton"", ""Trius"", ""Mytikas"", ""Castor"", ""Alcatras""]","[0.7483314275741577, 0.6346216201782227, 0.5020293593406677, 0.31873050332069397, 0.2548341155052185]"
4,centroid,1,428,Trius,Trius,"[""Trius"", ""Triton"", ""Braga"", ""Alcatras"", ""Mytikas""]","[0.9438909292221069, 0.6840702295303345, 0.431331992149353, 0.4065857231616974, 0.40637892484664917]"
4,centroid,1,429,Trius,Trius,"[""Trius"", ""Gemini"", ""Mytikas"", ""Triton"", ""Vega""]","[0.6834084987640381, 0.41745853424072266, 0.3559224009513855, 0.31668996810913086, 0.307893842458725]"
4,centroid,1,430,Trius,Gemini,"[""Gemini"", ""Braga"", ""Trius"", ""Vega"", ""Denom""]","[0.40931713581085205, 0.39295101165771484, 0.3855259418487549, 0.3496851325035095, 0.17854583263397217]"
4,centroid,1,431,Trius,Trius,"[""Trius"", ""Triton"", ""Braga"", ""Mytikas"", ""Velorum""]","[0.8498018980026245, 0.6672195196151733, 0.41247886419296265, 0.36869847774505615, 0.2930094003677368]"
4,centroid,1,432,Trius,Trius,"[""Trius"", ""Triton"", ""Alaris"", ""Alcatras"", ""Mytikas""]","[0.8234314918518066, 0.5867536664009094, 0.41403770446777344, 0.38426852226257324, 0.3527132272720337]"
4,centroid,1,433,Trius,Braga,"[""Braga"", ""Mytikas"", ""Trius"", ""Alaris"", ""Alcatras""]","[0.7821757793426514, 0.5281448364257812, 0.5236188173294067, 0.45491406321525574, 0.44309937953948975]"
4,centroid,1,434,Trius,Gemini,"[""Gemini"", ""Trius"", ""Braga"", ""Alcatras"", ""Mytikas""]","[0.6179984211921692, 0.5379009246826172, 0.462950199842453, 0.34999340772628784, 0.33928877115249634]"
4,centroid,1,435,Trius,Trius,"[""Trius"", ""Alaris"", ""Triton"", ""Alcatras"", ""Braga""]","[0.8711917400360107, 0.5826159119606018, 0.48175570368766785, 0.4328196346759796, 0.4085320234298706]"
4,centroid,1,436,Trius,Triton,"[""Triton"", ""Trius"", ""Mytikas"", ""Velorum"", ""Castor""]","[0.7465676069259644, 0.7411252856254578, 0.4676157236099243, 0.4171541929244995, 0.3700580596923828]"
4,centroid,1,437,Trius,Trius,"[""Trius"", ""Braga"", ""Triton"", ""Gemini"", ""Alaris""]","[0.6738077402114868, 0.49432554841041565, 0.4444955587387085, 0.40938812494277954, 0.20369672775268555]"
4,centroid,1,438,Trius,Trius,"[""Trius"", ""Triton"", ""Alcatras"", ""Alaris"", ""Braga""]","[0.8603023886680603, 0.6820495128631592, 0.5673766136169434, 0.5560010671615601, 0.5229371786117554]"
4,centroid,1,439,Trius,Trius,"[""Trius"", ""Triton"", ""Castor"", ""Alcatras"", ""Velorum""]","[0.659736156463623, 0.646084725856781, 0.381065309047699, 0.2732047736644745, 0.24598680436611176]"
4,centroid,1,440,Trius,Trius,"[""Trius"", ""Alaris"", ""Alcatras"", ""Triton"", ""Mytikas""]","[0.7947064638137817, 0.721165657043457, 0.6293060183525085, 0.47992873191833496, 0.445002019405365]"
4,centroid,1,441,Trius,Trius,"[""Trius"", ""Triton"", ""Mytikas"", ""Braga"", ""Castor""]","[0.8010347485542297, 0.7650482654571533, 0.648386538028717, 0.37497323751449585, 0.30865779519081116]"
4,centroid,1,442,Turbine,Turbine,"[""Turbine"", ""Hawk"", ""Braga"", ""Vega"", ""Castor""]","[0.8878179788589478, 0.5502162575721741, 0.5256918668746948, 0.3254413604736328, 0.26963239908218384]"
4,centroid,1,443,Turbine,Turbine,"[""Turbine"", ""Hawk"", ""Alcatras"", ""Alaris"", ""Mytikas""]","[0.8389713764190674, 0.5116416215896606, 0.47932469844818115, 0.4791651964187622, 0.4523567259311676]"
4,centroid,1,444,Turbine,Turbine,"[""Turbine"", ""Hawk"", ""Braga"", ""Alaris"", ""Vega""]","[0.8926838636398315, 0.5082899332046509, 0.44288814067840576, 0.4092859625816345, 0.3811905086040497]"
4,centroid,1,445,Turbine,Turbine,"[""Turbine"", ""Hawk"", ""Braga"", ""Castor"", ""Alcatras""]","[0.8723865747451782, 0.6058603525161743, 0.46031826734542847, 0.4561077654361725, 0.3872630000114441]"
4,centroid,1,446,Turbine,Alcatras,"[""Alcatras"", ""Turbine"", ""Alaris"", ""Castor"", ""Hawk""]","[0.7015706896781921, 0.6537741422653198, 0.6493496894836426, 0.5300514101982117, 0.502812385559082]"
4,centroid,1,447,Turbine,Turbine,"[""Turbine"", ""Castor"", ""Alaris"", ""Alcatras"", ""Hawk""]","[0.8949296474456787, 0.4794633984565735, 0.47458773851394653, 0.4230988919734955, 0.40575891733169556]"
4,centroid,1,448,Turbine,Turbine,"[""Turbine"", ""Braga"", ""Castor"", ""Hawk"", ""Alcatras""]","[0.9477565288543701, 0.564430832862854, 0.5136029720306396, 0.4912148118019104, 0.3644884526729584]"
4,centroid,1,449,Turbine,Turbine,"[""Turbine"", ""Hawk"", ""Braga"", ""Vega"", ""Alaris""]","[0.7845994234085083, 0.6766101717948914, 0.6308627128601074, 0.5783035755157471, 0.35625648498535156]"
4,centroid,1,450,Turbine,Turbine,"[""Turbine"", ""Castor"", ""Braga"", ""Alcatras"", ""Mytikas""]","[0.8286714553833008, 0.7582098245620728, 0.5846952199935913, 0.49970340728759766, 0.38509243726730347]"
4,centroid,1,451,Turbine,Castor,"[""Castor"", ""Turbine"", ""Triton"", ""Mytikas"", ""Alcatras""]","[0.8715128302574158, 0.5803627371788025, 0.5131431221961975, 0.41924813389778137, 0.3394564986228943]"
4,centroid,1,452,Turbine,Turbine,"[""Turbine"", ""Alaris"", ""Hawk"", ""Vega"", ""Braga""]","[0.7415938377380371, 0.5384707450866699, 0.5360733270645142, 0.49760907888412476, 0.4738117456436157]"
4,centroid,1,453,Turbine,Turbine,"[""Turbine"", ""Hawk"", ""Mytikas"", ""Vega"", ""Alaris""]","[0.6381125450134277, 0.5293185114860535, 0.4481980800628662, 0.39230528473854065, 0.3176831603050232]"
4,centroid,1,454,Turbine,Castor,"[""Castor"", ""Turbine"", ""Alcatras"", ""Triton"", ""Trius""]","[0.8145796656608582, 0.6219972372055054, 0.504745602607727, 0.4422208368778229, 0.44211727380752563]"
4,centroid,1,455,Turbine,Turbine,"[""Turbine"", ""Castor"", ""Braga"", ""Alcatras"", ""Alaris""]","[0.6996705532073975, 0.6431949734687805, 0.4607292115688324, 0.2663063406944275, 0.21072764694690704]"
4,centroid,1,456,Turbine,Turbine,"[""Turbine"", ""Alaris"", ""Castor"", ""Hawk"", ""Alcatras""]","[0.8908467888832092, 0.5156201124191284, 0.5001767873764038, 0.49348780512809753, 0.468239426612854]"
4,centroid,1,457,Turbine,Turbine,"[""Turbine"", ""Hawk"", ""Mytikas"", ""Braga"", ""Castor""]","[0.8707723617553711, 0.5423903465270996, 0.3575250506401062, 0.34841904044151306, 0.34207627177238464]"
4,centroid,1,458,Turbine,Turbine,"[""Turbine"", ""Braga"", ""Castor"", ""Hawk"", ""Mytikas""]","[0.9431418180465698, 0.5912646651268005, 0.5371673107147217, 0.38450103998184204, 0.34230589866638184]"
4,centroid,1,459,Turbine,Turbine,"[""Turbine"", ""Alcatras"", ""Alaris"", ""Castor"", ""Hawk""]","[0.7807999849319458, 0.6113890409469604, 0.5885938405990601, 0.5717109441757202, 0.4545370936393738]"
4,centroid,1,460,Turbine,Turbine,"[""Turbine"", ""Hawk"", ""Braga"", ""Castor"", ""Alcatras""]","[0.9006510376930237, 0.5716915130615234, 0.4543495178222656, 0.39510592818260193, 0.3923090398311615]"
4,centroid,1,461,Turbine,Turbine,"[""Turbine"", ""Castor"", ""Alcatras"", ""Mytikas"", ""Velorum""]","[0.8164697289466858, 0.6216264963150024, 0.37767720222473145, 0.322184681892395, 0.24301305413246155]"
4,centroid,1,462,Turbine,Turbine,"[""Turbine"", ""Braga"", ""Hawk"", ""Vega"", ""Castor""]","[0.9017558097839355, 0.5014197826385498, 0.4024099111557007, 0.34772276878356934, 0.2634581923484802]"
4,centroid,1,463,Turbine,Turbine,"[""Turbine"", ""Braga"", ""Castor"", ""Hawk"", ""Triton""]","[0.8168551921844482, 0.7126803398132324, 0.5432305335998535, 0.32734110951423645, 0.2795637845993042]"
4,centroid,1,464,Turbine,Turbine,"[""Turbine"", ""Hawk"", ""Alaris"", ""Alcatras"", ""Braga""]","[0.7506374716758728, 0.47781509160995483, 0.4731013774871826, 0.44038236141204834, 0.37389159202575684]"
4,centroid,1,465,Turbine,Castor,"[""Castor"", ""Turbine"", ""Alcatras"", ""Braga"", ""Alaris""]","[0.8443270325660706, 0.7561107873916626, 0.5763363838195801, 0.4903315305709839, 0.4608219861984253]"
4,centroid,1,466,Turbine,Turbine,"[""Turbine"", ""Alaris"", ""Alcatras"", ""Vega"", ""Trius""]","[0.5949368476867676, 0.5920461416244507, 0.5527503490447998, 0.4549168646335602, 0.45021480321884155]"
4,centroid,1,467,Turbine,Turbine,"[""Turbine"", ""Braga"", ""Hawk"", ""Castor"", ""Vega""]","[0.9131753444671631, 0.5305947661399841, 0.4338076710700989, 0.41213077306747437, 0.1857932060956955]"
4,centroid,1,468,Turbine,Turbine,"[""Turbine"", ""Castor"", ""Alaris"", ""Hawk"", ""Mytikas""]","[0.8710612654685974, 0.4754542112350464, 0.4350110590457916, 0.3955703377723694, 0.3913576006889343]"
4,centroid,1,469,Vega,Vega,"[""Vega"", ""Hawk"", ""Turbine"", ""Mytikas"", ""Braga""]","[0.6825052499771118, 0.5781610012054443, 0.5034523010253906, 0.4937034845352173, 0.44733017683029175]"
4,centroid,1,470,Vega,Vega,"[""Vega"", ""Alaris"", ""Trius"", ""Braga"", ""Gemini""]","[0.7357819676399231, 0.49183738231658936, 0.4220011234283447, 0.3291228413581848, 0.3173205554485321]"
4,centroid,1,471,Vega,Vega,"[""Vega"", ""Hawk"", ""Turbine"", ""Alaris"", ""Braga""]","[0.8887383937835693, 0.5122804641723633, 0.48087918758392334, 0.4511306881904602, 0.4391804039478302]"
4,centroid,1,472,Vega,Vega,"[""Vega"", ""Gemini"", ""Braga"", ""Alaris"", ""Hawk""]","[0.8526991605758667, 0.38304242491722107, 0.2876439392566681, 0.2544221878051758, 0.21672756969928741]"
4,centroid,1,473,Vega,Vega,"[""Vega"", ""Braga"", ""Hawk"", ""Alaris"", ""Turbine""]","[0.8883790969848633, 0.4131024181842804, 0.3490864634513855, 0.3396865129470825, 0.3295257091522217]"
4,centroid,1,474,Vega,Vega,"[""Vega"", ""Turbine"", ""Alaris"", ""Hawk"", ""Braga""]","[0.8972092866897583, 0.4399576187133789, 0.41401273012161255, 0.3748170733451843, 0.31413179636001587]"
4,centroid,1,475,Vega,Vega,"[""Vega"", ""Turbine"", ""Hawk"", ""Alaris"", ""Braga""]","[0.8654653429985046, 0.48359742760658264, 0.35132619738578796, 0.2785753309726715, 0.13246122002601624]"
4,centroid,1,476,Vega,Vega,"[""Vega"", ""Gemini"", ""Braga"", ""Hawk"", ""Alaris""]","[0.7194118499755859, 0.5984969735145569, 0.5421544313430786, 0.3658590614795685, 0.1432337462902069]"
4,centroid,1,477,Vega,Vega,"[""Vega"", ""Hawk"", ""Alaris"", ""Turbine"", ""Alcatras""]","[0.8680808544158936, 0.3687865138053894, 0.3092688322067261, 0.3027705252170563, 0.3014383912086487]"
4,centroid,1,478,Vega,Vega,"[""Vega"", ""Turbine"", ""Hawk"", ""Gemini"", ""Braga""]","[0.7728407979011536, 0.4165778160095215, 0.3085402548313141, 0.16663898527622223, 0.11123643815517426]"
4,centroid,1,479,Vega,Vega,"[""Vega"", ""Hawk"", ""Braga"", ""Alaris"", ""Turbine""]","[0.8894989490509033, 0.5594498515129089, 0.5223401784896851, 0.489335298538208, 0.3915480375289917]"
4,centroid,1,480,Vega,Vega,"[""Vega"", ""Hawk"", ""Gemini"", ""Turbine"", ""Braga""]","[0.9298587441444397, 0.41434478759765625, 0.3530328571796417, 0.25748389959335327, 0.18443311750888824]"
4,centroid,1,481,Vega,Gemini,"[""Gemini"", ""Vega"", ""Xtreme"", ""Hawk"", ""Braga""]","[0.6383682489395142, 0.6337029337882996, 0.33761775493621826, 0.309953510761261, 0.21687515079975128]"
4,centroid,1,482,Vega,Vega,"[""Vega"", ""Hawk"", ""Braga"", ""Gemini"", ""Alaris""]","[0.9396896362304688, 0.4663172662258148, 0.37402528524398804, 0.3603273928165436, 0.3467665910720825]"
4,centroid,1,483,Vega,Vega,"[""Vega"", ""Gemini"", ""Braga"", ""Turbine"", ""Alaris""]","[0.9251831769943237, 0.3698318600654602, 0.3323555886745453, 0.26434004306793213, 0.20217272639274597]"
4,centroid,1,484,Vega,Vega,"[""Vega"", ""Turbine"", ""Braga"", ""Gemini"", ""Hawk""]","[0.7741392850875854, 0.4563041925430298, 0.4550893306732178, 0.377219021320343, 0.1492973268032074]"
4,centroid,1,485,Vega,Vega,"[""Vega"", ""Gemini"", ""Hawk"", ""Braga"", ""Xtreme""]","[0.8890288472175598, 0.49726229906082153, 0.2631054222583771, 0.21607105433940887, 0.08027493953704834]"
4,centroid,1,486,Vega,Vega,"[""Vega"", ""Gemini"", ""Braga"", ""Hawk"", ""Alaris""]","[0.8874534368515015, 0.45916152000427246, 0.30139607191085815, 0.2926793098449707, 0.29030758142471313]"
4,centroid,1,487,Vega,Vega,"[""Vega"", ""Braga"", ""Turbine"", ""Hawk"", ""Alaris""]","[0.7793594002723694, 0.560035228729248, 0.5340762138366699, 0.4968618154525757, 0.2522973120212555]"
4,centroid,1,488,Vega,Vega,"[""Vega"", ""Gemini"", ""Hawk"", ""Braga"", ""Alaris""]","[0.9128729104995728, 0.36915701627731323, 0.358140766620636, 0.181744784116745, 0.1543998420238495]"
4,centroid,1,489,Vega,Vega,"[""Vega"", ""Turbine"", ""Hawk"", ""Alaris"", ""Alcatras""]","[0.717491865158081, 0.44315987825393677, 0.3136223554611206, 0.23877251148223877, 0.13447466492652893]"
4,centroid,1,490,Vega,Vega,"[""Vega"", ""Alaris"", ""Braga"", ""Turbine"", ""Gemini""]","[0.8744575381278992, 0.4183822572231293, 0.3751492500305176, 0.2909063696861267, 0.23580145835876465]"
4,centroid,1,491,Vega,Vega,"[""Vega"", ""Hawk"", ""Gemini"", ""Braga"", ""Turbine""]","[0.931946337223053, 0.45102450251579285, 0.4007042348384857, 0.3298942446708679, 0.28319957852363586]"
4,centroid,1,492,Vega,Vega,"[""Vega"", ""Hawk"", ""Braga"", ""Turbine"", ""Alaris""]","[0.8774333596229553, 0.5300379395484924, 0.4659804105758667, 0.3938656449317932, 0.3562755286693573]"
4,centroid,1,493,Vega,Vega,"[""Vega"", ""Turbine"", ""Hawk"", ""Gemini"", ""Braga""]","[0.7467404007911682, 0.22198434174060822, 0.1413559913635254, 0.12831592559814453, 0.024312589317560196]"
4,centroid,1,494,Vega,Vega,"[""Vega"", ""Hawk"", ""Turbine"", ""Braga"", ""Gemini""]","[0.8757784366607666, 0.4770265221595764, 0.45190200209617615, 0.29855385422706604, 0.27841365337371826]"
4,centroid,1,495,Vega,Vega,"[""Vega"", ""Alaris"", ""Turbine"", ""Hawk"", ""Braga""]","[0.6868892908096313, 0.5507032871246338, 0.460140585899353, 0.41726821660995483, 0.2764017581939697]"
4,centroid,1,496,Vega,Vega,"[""Vega"", ""Gemini"", ""Turbine"", ""Braga"", ""Hawk""]","[0.7737503051757812, 0.5943580865859985, 0.3079761564731598, 0.2594875395298004, 0.24413850903511047]"
4,centroid,1,497,Vega,Vega,"[""Vega"", ""Alaris"", ""Gemini"", ""Ratikon"", ""Turbine""]","[0.8629561066627502, 0.1853514462709427, 0.10061464458703995, 0.09053565561771393, 0.07455450296401978]"
4,centroid,1,498,Vega,Vega,"[""Vega"", ""Hawk"", ""Braga"", ""Gemini"", ""Turbine""]","[0.7938072681427002, 0.5103610157966614, 0.4250548779964447, 0.3984156847000122, 0.24052642285823822]"
4,centroid,1,499,Vega,Vega,"[""Vega"", ""Gemini"", ""Turbine"", ""Trius"", ""Alaris""]","[0.8171865940093994, 0.2537676692008972, 0.1871972680091858, 0.17680206894874573, 0.17649143934249878]"
4,centroid,1,500,Vega,Vega,"[""Vega"", ""Hawk"", ""Gemini"", ""Braga"", ""Alaris""]","[0.9334954023361206, 0.3832317590713501, 0.289095938205719, 0.2296232432126999, 0.20755326747894287]"
4,centroid,1,501,Vega,Vega,"[""Vega"", ""Gemini"", ""Hawk"", ""Turbine"", ""Braga""]","[0.8699250817298889, 0.33972349762916565, 0.14323563873767853, 0.13672477006912231, 0.03490828722715378]"
4,centroid,1,502,Vega,Vega,"[""Vega"", ""Hawk"", ""Turbine"", ""Braga"", ""Gemini""]","[0.8913660049438477, 0.6273345947265625, 0.386508971452713, 0.3045232892036438, 0.2510610818862915]"
4,centroid,1,503,Vega,Vega,"[""Vega"", ""Hawk"", ""Alaris"", ""Gemini"", ""Braga""]","[0.9506964683532715, 0.4026225209236145, 0.3197222352027893, 0.30903634428977966, 0.23804575204849243]"
4,centroid,1,504,Velorum,Velorum,"[""Velorum"", ""Nivalis"", ""Ilias"", ""Denom"", ""Ratikon""]","[0.947607159614563, 0.6101148724555969, 0.5765601992607117, 0.43167105317115784, 0.34813055396080017]"
4,centroid,1,505,Velorum,Velorum,"[""Velorum"", ""Ilias"", ""Nivalis"", ""Triton"", ""Castor""]","[0.9277236461639404, 0.4472246766090393, 0.34267640113830566, 0.3305441737174988, 0.2167075127363205]"
4,centroid,1,506,Velorum,Velorum,"[""Velorum"", ""Ilias"", ""Nivalis"", ""Mytikas"", ""Ratikon""]","[0.8508820533752441, 0.5611145496368408, 0.5519553422927856, 0.3779682517051697, 0.37511080503463745]"
4,centroid,1,507,Velorum,Velorum,"[""Velorum"", ""Ilias"", ""Nivalis"", ""Denom"", ""Ratikon""]","[0.8727967143058777, 0.6322028636932373, 0.5795546770095825, 0.4592123329639435, 0.4084590971469879]"
4,centroid,1,508,Velorum,Velorum,"[""Velorum"", ""Nivalis"", ""Ilias"", ""Denom"", ""Ratikon""]","[0.9538410902023315, 0.6377393007278442, 0.5072765350341797, 0.44629669189453125, 0.3690372705459595]"
4,centroid,1,509,Velorum,Velorum,"[""Velorum"", ""Nivalis"", ""Ilias"", ""Denom"", ""Alcatras""]","[0.926748514175415, 0.5029695630073547, 0.4768903851509094, 0.416642963886261, 0.31669795513153076]"
4,centroid,1,510,Velorum,Velorum,"[""Velorum"", ""Nivalis"", ""Ilias"", ""Denom"", ""Ratikon""]","[0.9634712934494019, 0.6349260807037354, 0.5369017124176025, 0.47313550114631653, 0.31044480204582214]"
4,centroid,1,511,Velorum,Velorum,"[""Velorum"", ""Ilias"", ""Nivalis"", ""Denom"", ""Triton""]","[0.8279192447662354, 0.7005676031112671, 0.5091249942779541, 0.4330316483974457, 0.4009142518043518]"
4,centroid,1,512,Velorum,Velorum,"[""Velorum"", ""Nivalis"", ""Ilias"", ""Ratikon"", ""Mytikas""]","[0.9127117395401001, 0.5234777927398682, 0.45831552147865295, 0.26306992769241333, 0.24295355379581451]"
4,centroid,1,513,Velorum,Velorum,"[""Velorum"", ""Nivalis"", ""Ilias"", ""Denom"", ""Ratikon""]","[0.7940019965171814, 0.5933798551559448, 0.48815643787384033, 0.31088632345199585, 0.2427651286125183]"
4,centroid,1,514,Velorum,Velorum,"[""Velorum"", ""Ilias"", ""Nivalis"", ""Denom"", ""Ratikon""]","[0.9540061950683594, 0.5426124334335327, 0.5247839689254761, 0.33617833256721497, 0.27579036355018616]"
4,centroid,1,515,Velorum,Velorum,"[""Velorum"", ""Ilias"", ""Denom"", ""Nivalis"", ""Ratikon""]","[0.7746451497077942, 0.7060271501541138, 0.5412710905075073, 0.5339932441711426, 0.42858976125717163]"
4,centroid,1,516,Velorum,Velorum,"[""Velorum"", ""Ilias"", ""Nivalis"", ""Triton"", ""Trius""]","[0.9342585802078247, 0.4805852770805359, 0.44201716780662537, 0.35074540972709656, 0.27449527382850647]"
4,centroid,1,517,Velorum,Velorum,"[""Velorum"", ""Ilias"", ""Nivalis"", ""Denom"", ""Ratikon""]","[0.9383335113525391, 0.613306999206543, 0.4601746201515198, 0.34290143847465515, 0.3012024760246277]"
4,centroid,1,518,Velorum,Denom,"[""Denom"", ""Trius"", ""Ratikon"", ""Ilias"", ""Velorum""]","[0.47228577733039856, 0.4044249653816223, 0.3403274416923523, 0.2794247269630432, 0.24429664015769958]"
4,centroid,1,519,Velorum,Velorum,"[""Velorum"", ""Ilias"", ""Nivalis"", ""Denom"", ""Trius""]","[0.9344945549964905, 0.4691506028175354, 0.4355635344982147, 0.3715684711933136, 0.26570215821266174]"
4,centroid,1,520,Velorum,Velorum,"[""Velorum"", ""Ilias"", ""Nivalis"", ""Triton"", ""Trius""]","[0.8968716859817505, 0.6150780320167542, 0.4318653643131256, 0.34801679849624634, 0.32254528999328613]"
4,centroid,1,521,Velorum,Velorum,"[""Velorum"", ""Ilias"", ""Triton"", ""Nivalis"", ""Mytikas""]","[0.877007782459259, 0.6058499813079834, 0.4557111859321594, 0.3525693416595459, 0.33588916063308716]"
4,centroid,1,522,Velorum,Velorum,"[""Velorum"", ""Nivalis"", ""Ilias"", ""Ratikon"", ""Denom""]","[0.7891311645507812, 0.6068469285964966, 0.4466626048088074, 0.40425905585289, 0.2725333869457245]"
4,centroid,1,523,Velorum,Velorum,"[""Velorum"", ""Ilias"", ""Trius"", ""Triton"", ""Nivalis""]","[0.8425159454345703, 0.44696950912475586, 0.37795501947402954, 0.31138232350349426, 0.2697915732860565]"
4,centroid,1,524,Velorum,Velorum,"[""Velorum"", ""Nivalis"", ""Ilias"", ""Triton"", ""Mytikas""]","[0.8940924406051636, 0.520143985748291, 0.5101336240768433, 0.30216002464294434, 0.26142618060112]"
4,centroid,1,525,Velorum,Velorum,"[""Velorum"", ""Nivalis"", ""Denom"", ""Ilias"", ""Ratikon""]","[0.8724638819694519, 0.6168161034584045, 0.6039377450942993, 0.5881571173667908, 0.4833357334136963]"
4,centroid,1,526,Velorum,Velorum,"[""Velorum"", ""Ilias"", ""Nivalis"", ""Denom"", ""Ratikon""]","[0.9293573498725891, 0.654908299446106, 0.5403497815132141, 0.40623122453689575, 0.37903857231140137]"
4,centroid,1,527,Velorum,Velorum,"[""Velorum"", ""Nivalis"", ""Ilias"", ""Denom"", ""Ratikon""]","[0.9249836206436157, 0.6879344582557678, 0.6353320479393005, 0.5870497226715088, 0.537499725818634]"
4,centroid,1,528,Velorum,Velorum,"[""Velorum"", ""Denom"", ""Ilias"", ""Nivalis"", ""Ratikon""]","[0.8683095574378967, 0.6931667327880859, 0.679668128490448, 0.643613338470459, 0.5227361917495728]"
4,centroid,1,529,Velorum,Velorum,"[""Velorum"", ""Ilias"", ""Nivalis"", ""Triton"", ""Denom""]","[0.851131796836853, 0.6993448734283447, 0.415985107421875, 0.3472290337085724, 0.3029153645038605]"
4,centroid,1,530,Velorum,Velorum,"[""Velorum"", ""Ilias"", ""Nivalis"", ""Ratikon"", ""Denom""]","[0.9400461912155151, 0.5677525401115417, 0.51994389295578, 0.36787062883377075, 0.3353545367717743]"
4,centroid,1,531,Velorum,Velorum,"[""Velorum"", ""Ilias"", ""Nivalis"", ""Denom"", ""Ratikon""]","[0.8911901116371155, 0.6631892919540405, 0.5760987401008606, 0.4443756937980652, 0.4185935854911804]"
4,centroid,1,532,Velorum,Velorum,"[""Velorum"", ""Ilias"", ""Nivalis"", ""Ratikon"", ""Denom""]","[0.884712278842926, 0.7326366305351257, 0.5898391008377075, 0.5145559310913086, 0.5018494129180908]"
4,centroid,1,533,Velorum,Velorum,"[""Velorum"", ""Nivalis"", ""Ilias"", ""Alcatras"", ""Castor""]","[0.871505856513977, 0.4356589615345001, 0.3151145577430725, 0.2510054111480713, 0.23492705821990967]"
4,centroid,1,534,Velorum,Velorum,"[""Velorum"", ""Ilias"", ""Nivalis"", ""Triton"", ""Mytikas""]","[0.7830376625061035, 0.4484156370162964, 0.432537317276001, 0.3690216541290283, 0.3617727756500244]"
4,centroid,1,535,Velorum,Velorum,"[""Velorum"", ""Alcatras"", ""Castor"", ""Ilias"", ""Ratikon""]","[0.604588508605957, 0.4290846586227417, 0.4261639714241028, 0.28063637018203735, 0.2322411835193634]"
4,centroid,1,536,Velorum,Velorum,"[""Velorum"", ""Ilias"", ""Nivalis"", ""Alcatras"", ""Denom""]","[0.9246637225151062, 0.5546538829803467, 0.40388423204421997, 0.2813822329044342, 0.2778300940990448]"
4,centroid,1,537,Velorum,Velorum,"[""Velorum"", ""Nivalis"", ""Ilias"", ""Denom"", ""Ratikon""]","[0.9382594227790833, 0.5078434944152832, 0.4528489112854004, 0.4077117145061493, 0.30037200450897217]"
4,centroid,1,538,Velorum,Velorum,"[""Velorum"", ""Ilias"", ""Nivalis"", ""Ratikon"", ""Denom""]","[0.8668569326400757, 0.6919945478439331, 0.620764434337616, 0.5508352518081665, 0.5492168664932251]"
4,centroid,1,539,Velorum,Velorum,"[""Velorum"", ""Nivalis"", ""Ilias"", ""Ratikon"", ""Mytikas""]","[0.82780921459198, 0.5584372282028198, 0.3881564736366272, 0.2915564775466919, 0.28110671043395996]"
4,centroid,1,540,Velorum,Velorum,"[""Velorum"", ""Ilias"", ""Nivalis"", ""Triton"", ""Denom""]","[0.9390383958816528, 0.5468316078186035, 0.4919741749763489, 0.3046623468399048, 0.2989441752433777]"
4,centroid,1,541,Velorum,Velorum,"[""Velorum"", ""Nivalis"", ""Ilias"", ""Denom"", ""Ratikon""]","[0.9270974397659302, 0.6709092855453491, 0.6690868139266968, 0.44314253330230713, 0.43502724170684814]"
4,centroid,1,542,Velorum,Velorum,"[""Velorum"", ""Nivalis"", ""Ilias"", ""Denom"", ""Ratikon""]","[0.9191932678222656, 0.588117241859436, 0.5546958446502686, 0.4862106740474701, 0.48193222284317017]"
4,centroid,1,543,Velorum,Velorum,"[""Velorum"", ""Nivalis"", ""Ilias"", ""Ratikon"", ""Denom""]","[0.906523585319519, 0.6266160607337952, 0.4837190508842468, 0.3806481659412384, 0.3521403968334198]"
4,centroid,1,544,Velorum,Velorum,"[""Velorum"", ""Ilias"", ""Nivalis"", ""Triton"", ""Castor""]","[0.9405180215835571, 0.4484471380710602, 0.3908388614654541, 0.311206579208374, 0.3024199306964874]"
4,centroid,1,545,Velorum,Velorum,"[""Velorum"", ""Ilias"", ""Triton"", ""Castor"", ""Nivalis""]","[0.8882452249526978, 0.45588043332099915, 0.32345283031463623, 0.31598085165023804, 0.3067496120929718]"
4,centroid,1,546,Velorum,Velorum,"[""Velorum"", ""Nivalis"", ""Ilias"", ""Denom"", ""Ratikon""]","[0.9554175138473511, 0.6832213401794434, 0.6002810597419739, 0.5354596972465515, 0.45388394594192505]"
4,centroid,1,547,Velorum,Velorum,"[""Velorum"", ""Ilias"", ""Nivalis"", ""Triton"", ""Denom""]","[0.9265281558036804, 0.5287918448448181, 0.3822328448295593, 0.3048818111419678, 0.25938379764556885]"
4,centroid,1,548,Velorum,Velorum,"[""Velorum"", ""Nivalis"", ""Denom"", ""Ilias"", ""Ratikon""]","[0.9323854446411133, 0.6628134846687317, 0.520657479763031, 0.49513518810272217, 0.3812653422355652]"
4,centroid,1,549,Velorum,Velorum,"[""Velorum"", ""Ilias"", ""Trius"", ""Triton"", ""Nivalis""]","[0.7940905690193176, 0.5124500393867493, 0.4425312876701355, 0.43252721428871155, 0.2754235565662384]"
4,centroid,1,550,Velorum,Velorum,"[""Velorum"", ""Nivalis"", ""Ilias"", ""Denom"", ""Ratikon""]","[0.9582902193069458, 0.5528705716133118, 0.5513322949409485, 0.351783812046051, 0.3221125304698944]"
4,centroid,1,551,Velorum,Velorum,"[""Velorum"", ""Ilias"", ""Nivalis"", ""Triton"", ""Denom""]","[0.9093747138977051, 0.44865870475769043, 0.35370686650276184, 0.2913662791252136, 0.2725788950920105]"
4,centroid,1,552,Velorum,Velorum,"[""Velorum"", ""Ilias"", ""Nivalis"", ""Xtreme"", ""Denom""]","[0.8715877532958984, 0.3966628611087799, 0.3676430284976959, 0.2618717551231384, 0.22260794043540955]"
4,centroid,1,553,Velorum,Velorum,"[""Velorum"", ""Ilias"", ""Nivalis"", ""Denom"", ""Ratikon""]","[0.8810309767723083, 0.6044186949729919, 0.48313936591148376, 0.4454149603843689, 0.3813076913356781]"
4,centroid,1,554,Velorum,Velorum,"[""Velorum"", ""Ilias"", ""Nivalis"", ""Triton"", ""Mytikas""]","[0.9259074926376343, 0.5093916058540344, 0.4472818970680237, 0.34158146381378174, 0.24976998567581177]"
4,centroid,1,555,Velorum,Velorum,"[""Velorum"", ""Ilias"", ""Triton"", ""Castor"", ""Alcatras""]","[0.8373302817344666, 0.40168496966362, 0.37930727005004883, 0.35356056690216064, 0.29130819439888]"
4,centroid,1,556,Velorum,Velorum,"[""Velorum"", ""Nivalis"", ""Ilias"", ""Triton"", ""Castor""]","[0.9251042008399963, 0.46480876207351685, 0.45677369832992554, 0.29342973232269287, 0.21653446555137634]"
4,centroid,1,557,Velorum,Velorum,"[""Velorum"", ""Ilias"", ""Nivalis"", ""Denom"", ""Ratikon""]","[0.945946455001831, 0.6136864423751831, 0.5528572201728821, 0.36263853311538696, 0.342826783657074]"
4,centroid,1,558,Velorum,Velorum,"[""Velorum"", ""Ilias"", ""Nivalis"", ""Triton"", ""Denom""]","[0.9278305768966675, 0.5000554323196411, 0.3806653618812561, 0.3521105647087097, 0.25743934512138367]"
4,centroid,1,559,Velorum,Velorum,"[""Velorum"", ""Nivalis"", ""Ilias"", ""Denom"", ""Ratikon""]","[0.9638462066650391, 0.6078177094459534, 0.5602070093154907, 0.4239024519920349, 0.30598846077919006]"
4,centroid,1,560,Velorum,Velorum,"[""Velorum"", ""Nivalis"", ""Ilias"", ""Denom"", ""Ratikon""]","[0.9537539482116699, 0.6642067432403564, 0.6218767762184143, 0.5242651104927063, 0.41923588514328003]"
4,centroid,1,561,Velorum,Velorum,"[""Velorum"", ""Nivalis"", ""Ilias"", ""Ratikon"", ""Denom""]","[0.8827991485595703, 0.6720486879348755, 0.6502283811569214, 0.5324857831001282, 0.48657602071762085]"
4,centroid,1,562,Velorum,Velorum,"[""Velorum"", ""Ilias"", ""Nivalis"", ""Denom"", ""Ratikon""]","[0.8691407442092896, 0.774091899394989, 0.6136549711227417, 0.5556039810180664, 0.528165340423584]"
4,centroid,1,563,Xtreme,Xtreme,"[""Xtreme"", ""Gemini"", ""Steel_Wheel"", ""Braga"", ""Triton""]","[0.8640700578689575, 0.4853159785270691, 0.13613955676555634, 0.09209540486335754, 0.05324281007051468]"
4,centroid,1,564,Xtreme,Xtreme,"[""Xtreme"", ""Velorum"", ""Triton"", ""Nivalis"", ""Braga""]","[0.6896294355392456, 0.4177319407463074, 0.27470189332962036, 0.2095409631729126, 0.14107656478881836]"
4,centroid,1,565,Xtreme,Xtreme,"[""Xtreme"", ""Gemini"", ""Steel_Wheel"", ""Nivalis"", ""Ilias""]","[0.9603719115257263, 0.45229050517082214, 0.12124839425086975, 0.018768049776554108, 0.014780573546886444]"
4,centroid,1,566,Xtreme,Xtreme,"[""Xtreme"", ""Gemini"", ""Steel_Wheel"", ""Ilias"", ""Velorum""]","[0.9680455923080444, 0.44350308179855347, 0.0925760492682457, 0.06088145822286606, 0.04236944019794464]"
4,centroid,1,567,Xtreme,Xtreme,"[""Xtreme"", ""Gemini"", ""Denom"", ""Trius"", ""Nivalis""]","[0.7319042682647705, 0.4748716354370117, 0.21834789216518402, 0.1912190020084381, 0.16254888474941254]"
4,centroid,1,568,Xtreme,Xtreme,"[""Xtreme"", ""Gemini"", ""Nivalis"", ""Ilias"", ""Steel_Wheel""]","[0.9019299745559692, 0.44440338015556335, 0.07918018102645874, 0.0687246173620224, 0.0012923851609230042]"
4,centroid,1,569,Xtreme,Xtreme,"[""Xtreme"", ""Gemini"", ""Steel_Wheel"", ""Hawk"", ""Nivalis""]","[0.935814619064331, 0.594457745552063, 0.17330949008464813, 0.02326994575560093, 0.01792437583208084]"
4,centroid,1,570,Xtreme,Xtreme,"[""Xtreme"", ""Gemini"", ""Nivalis"", ""Steel_Wheel"", ""Denom""]","[0.9608511924743652, 0.45741021633148193, 0.14143356680870056, 0.10311083495616913, 0.061809659004211426]"
4,centroid,1,571,Xtreme,Xtreme,"[""Xtreme"", ""Gemini"", ""Steel_Wheel"", ""Trius"", ""Mytikas""]","[0.6791898012161255, 0.5337111949920654, 0.2664625346660614, 0.1974172443151474, 0.18308323621749878]"
4,centroid,1,572,Xtreme,Xtreme,"[""Xtreme"", ""Gemini"", ""Steel_Wheel"", ""Ilias"", ""Nivalis""]","[0.9737358093261719, 0.47056785225868225, 0.10548102855682373, 0.06437273323535919, 0.05653747171163559]"
4,centroid,1,573,Xtreme,Xtreme,"[""Xtreme"", ""Gemini"", ""Mytikas"", ""Velorum"", ""Triton""]","[0.7783891558647156, 0.5097620487213135, 0.29102981090545654, 0.20074887573719025, 0.18556830286979675]"
4,centroid,1,574,Xtreme,Xtreme,"[""Xtreme"", ""Gemini"", ""Ilias"", ""Steel_Wheel"", ""Nivalis""]","[0.9332058429718018, 0.4852433204650879, 0.09002966433763504, 0.08664099872112274, 0.05848097428679466]"
4,centroid,1,575,Xtreme,Xtreme,"[""Xtreme"", ""Gemini"", ""Ilias"", ""Steel_Wheel"", ""Velorum""]","[0.8881596326828003, 0.4975211024284363, 0.22250641882419586, 0.18154442310333252, 0.0883827731013298]"
4,centroid,1,576,Xtreme,Xtreme,"[""Xtreme"", ""Gemini"", ""Steel_Wheel"", ""Hawk"", ""Braga""]","[0.9312648177146912, 0.3920433521270752, 0.1919717788696289, 0.07101503759622574, 0.05349214747548103]"
4,centroid,1,577,Xtreme,Xtreme,"[""Xtreme"", ""Gemini"", ""Braga"", ""Triton"", ""Ilias""]","[0.925560474395752, 0.5695464611053467, 0.1737743616104126, 0.0620499849319458, 0.004952415823936462]"
4,centroid,1,578,Xtreme,Xtreme,"[""Xtreme"", ""Braga"", ""Castor"", ""Gemini"", ""Mytikas""]","[0.7736039161682129, 0.24637849628925323, 0.24124403297901154, 0.23844093084335327, 0.1925225853919983]"
4,centroid,1,579,Xtreme,Xtreme,"[""Xtreme"", ""Gemini"", ""Mytikas"", ""Braga"", ""Triton""]","[0.7318632006645203, 0.5572966933250427, 0.3757178783416748, 0.29156753420829773, 0.2211640477180481]"
4,centroid,1,580,Xtreme,Xtreme,"[""Xtreme"", ""Braga"", ""Hawk"", ""Gemini"", ""Mytikas""]","[0.6817502975463867, 0.45853084325790405, 0.45276546478271484, 0.4214101731777191, 0.29293012619018555]"
4,centroid,1,581,Xtreme,Xtreme,"[""Xtreme"", ""Gemini"", ""Hawk"", ""Braga"", ""Steel_Wheel""]","[0.9089763164520264, 0.5179102420806885, 0.18575561046600342, 0.1712653934955597, 0.0444609671831131]"
4,centroid,1,582,Xtreme,Xtreme,"[""Xtreme"", ""Gemini"", ""Nivalis"", ""Steel_Wheel"", ""Ilias""]","[0.9479502439498901, 0.362726092338562, 0.15457062423229218, 0.15239860117435455, 0.10896051675081253]"
4,centroid,1,583,Xtreme,Xtreme,"[""Xtreme"", ""Gemini"", ""Steel_Wheel"", ""Nivalis"", ""Braga""]","[0.9629899263381958, 0.5441089272499084, 0.018672149628400803, 0.011937502771615982, -0.0037225987762212753]"
4,centroid,1,584,Xtreme,Xtreme,"[""Xtreme"", ""Gemini"", ""Steel_Wheel"", ""Nivalis"", ""Ilias""]","[0.9734387397766113, 0.546794056892395, 0.09516706317663193, 0.06014076620340347, 0.03218165785074234]"
4,centroid,1,585,Xtreme,Xtreme,"[""Xtreme"", ""Gemini"", ""Velorum"", ""Steel_Wheel"", ""Ilias""]","[0.9379867911338806, 0.4001578092575073, 0.1471993774175644, 0.10061239451169968, 0.09591618180274963]"
4,centroid,1,586,Xtreme,Xtreme,"[""Xtreme"", ""Gemini"", ""Steel_Wheel"", ""Ilias"", ""Nivalis""]","[0.8928759694099426, 0.4027535319328308, 0.1288561075925827, 0.07113725692033768, 0.04152771458029747]"
4,centroid,1,587,Xtreme,Xtreme,"[""Xtreme"", ""Gemini"", ""Ilias"", ""Nivalis"", ""Triton""]","[0.8599959015846252, 0.5089548230171204, 0.19124087691307068, 0.15327121317386627, 0.11349483579397202]"
4,centroid,1,588,Xtreme,Xtreme,"[""Xtreme"", ""Gemini"", ""Steel_Wheel"", ""Braga"", ""Nivalis""]","[0.9728894829750061, 0.4684533476829529, 0.1089024543762207, -0.013041658326983452, -0.015464972704648972]"
4,centroid,1,589,Xtreme,Xtreme,"[""Xtreme"", ""Gemini"", ""Steel_Wheel"", ""Hawk"", ""Nivalis""]","[0.9598267078399658, 0.5503578186035156, 0.0850767269730568, -0.0010564438998699188, -0.025200260803103447]"
4,centroid,1,590,Xtreme,Xtreme,"[""Xtreme"", ""Gemini"", ""Steel_Wheel"", ""Velorum"", ""Ilias""]","[0.95021653175354, 0.37303799390792847, 0.11112812906503677, 0.10949273407459259, 0.10410249978303909]"
4,centroid,1,591,Xtreme,Xtreme,"[""Xtreme"", ""Gemini"", ""Ilias"", ""Nivalis"", ""Denom""]","[0.9024851322174072, 0.41545161604881287, 0.12810000777244568, 0.12455665320158005, 0.10815787315368652]"
4,centroid,1,592,Xtreme,Xtreme,"[""Xtreme"", ""Gemini"", ""Steel_Wheel"", ""Hawk"", ""Braga""]","[0.948548436164856, 0.4660700559616089, 0.08765529841184616, 0.04372851550579071, 0.007681958377361298]"
4,centroid,1,593,Xtreme,Xtreme,"[""Xtreme"", ""Gemini"", ""Denom"", ""Braga"", ""Ilias""]","[0.8808309435844421, 0.4350425601005554, 0.0823366641998291, 0.06858830153942108, 0.06661699712276459]"
4,centroid,1,594,Xtreme,Xtreme,"[""Xtreme"", ""Gemini"", ""Steel_Wheel"", ""Nivalis"", ""Denom""]","[0.971324622631073, 0.49880102276802063, 0.11002034693956375, 0.027761034667491913, -0.016793925315141678]"
4,centroid,1,595,Xtreme,Xtreme,"[""Xtreme"", ""Gemini"", ""Braga"", ""Hawk"", ""Steel_Wheel""]","[0.9236918687820435, 0.6607646346092224, 0.18731151521205902, 0.09528966248035431, -0.06932786107063293]"
4,centroid,1,596,Xtreme,Xtreme,"[""Xtreme"", ""Gemini"", ""Hawk"", ""Steel_Wheel"", ""Nivalis""]","[0.9348050355911255, 0.5625506043434143, 0.18977729976177216, 0.11252699792385101, -0.045615438371896744]"
4,centroid,1,597,Xtreme,Xtreme,"[""Xtreme"", ""Gemini"", ""Velorum"", ""Ilias"", ""Nivalis""]","[0.9303128123283386, 0.36800363659858704, 0.18345524370670319, 0.14071308076381683, 0.11864037811756134]"
4,centroid,1,598,Xtreme,Xtreme,"[""Xtreme"", ""Gemini"", ""Nivalis"", ""Steel_Wheel"", ""Ilias""]","[0.9430752992630005, 0.5535995364189148, 0.13105127215385437, 0.08510174602270126, 0.012923650443553925]"
4,centroid,1,599,Xtreme,Xtreme,"[""Xtreme"", ""Gemini"", ""Denom"", ""Nivalis"", ""Steel_Wheel""]","[0.7824862003326416, 0.42848432064056396, 0.25888270139694214, 0.20749863982200623, 0.1387104094028473]"
4,centroid,1,600,Xtreme,Xtreme,"[""Xtreme"", ""Gemini"", ""Ilias"", ""Steel_Wheel"", ""Velorum""]","[0.92436683177948, 0.39042535424232483, 0.1208789199590683, 0.09977132081985474, 0.09427051246166229]"
