fold,retrieval_mode,topn,query_index,true_label,top1_predicted_label,top_k_labels,top_k_scores
2,centroid,1,0,Alaris,Alaris,"[""Alaris"", ""Alcatras"", ""Hawk"", ""Trius"", ""Vega""]","[0.9037264585494995, 0.7210694551467896, 0.5607300996780396, 0.5001789331436157, 0.4661853015422821]"
2,centroid,1,1,Alaris,Alaris,"[""Alaris"", ""Alcatras"", ""Trius"", ""Hawk"", ""Braga""]","[0.9502642154693604, 0.7864171266555786, 0.4854933023452759, 0.3764815330505371, 0.3655901551246643]"
2,centroid,1,2,Alaris,Alaris,"[""Alaris"", ""Alcatras"", ""Hawk"", ""Turbine"", ""Vega""]","[0.694442093372345, 0.5309557914733887, 0.3590804636478424, 0.28117460012435913, 0.1547553837299347]"
2,centroid,1,3,Alaris,Alaris,"[""Alaris"", ""Alcatras"", ""Trius"", ""Hawk"", ""Braga""]","[0.9092437028884888, 0.7800412178039551, 0.5571423768997192, 0.49364733695983887, 0.4557623863220215]"
2,centroid,1,4,Alaris,Alaris,"[""Alaris"", ""Alcatras"", ""Vega"", ""Braga"", ""Hawk""]","[0.8850134611129761, 0.6295507550239563, 0.6240063905715942, 0.5152077078819275, 0.5105715990066528]"
2,centroid,1,5,Alaris,Alaris,"[""Alaris"", ""Trius"", ""Alcatras"", ""Vega"", ""Braga""]","[0.8693464398384094, 0.6372382044792175, 0.6320081949234009, 0.5630761981010437, 0.48996850848197937]"
2,centroid,1,6,Alaris,Alaris,"[""Alaris"", ""Vega"", ""Braga"", ""Alcatras"", ""Trius""]","[0.7983083724975586, 0.555728554725647, 0.5291619300842285, 0.5227582454681396, 0.5153367519378662]"
2,centroid,1,7,Alaris,Alaris,"[""Alaris"", ""Trius"", ""Alcatras"", ""Braga"", ""Vega""]","[0.8161836862564087, 0.676296591758728, 0.6391562819480896, 0.47728586196899414, 0.4502544105052948]"
2,centroid,1,8,Alaris,Alaris,"[""Alaris"", ""Alcatras"", ""Vega"", ""Braga"", ""Turbine""]","[0.9099689722061157, 0.6620850563049316, 0.4422032833099365, 0.3906251788139343, 0.3436523675918579]"
2,centroid,1,9,Alaris,Alaris,"[""Alaris"", ""Alcatras"", ""Turbine"", ""Hawk"", ""Braga""]","[0.940528392791748, 0.8053172826766968, 0.5192556381225586, 0.47533145546913147, 0.46366018056869507]"
2,centroid,1,10,Alaris,Alaris,"[""Alaris"", ""Vega"", ""Alcatras"", ""Turbine"", ""Hawk""]","[0.5550285577774048, 0.3965109884738922, 0.39231616258621216, 0.38443586230278015, 0.38288217782974243]"
2,centroid,1,11,Alaris,Alaris,"[""Alaris"", ""Alcatras"", ""Hawk"", ""Trius"", ""Braga""]","[0.9009335041046143, 0.7925336360931396, 0.5389592051506042, 0.49614906311035156, 0.4367583990097046]"
2,centroid,1,12,Alaris,Alaris,"[""Alaris"", ""Alcatras"", ""Braga"", ""Trius"", ""Castor""]","[0.9268782138824463, 0.8129231929779053, 0.39274483919143677, 0.3855398893356323, 0.3444329500198364]"
2,centroid,1,13,Alaris,Alaris,"[""Alaris"", ""Alcatras"", ""Trius"", ""Vega"", ""Braga""]","[0.9194145202636719, 0.7183564901351929, 0.4291037321090698, 0.37739652395248413, 0.37621742486953735]"
2,centroid,1,14,Alaris,Alaris,"[""Alaris"", ""Alcatras"", ""Vega"", ""Turbine"", ""Hawk""]","[0.7519621253013611, 0.6971906423568726, 0.43667834997177124, 0.424985408782959, 0.3974230885505676]"
2,centroid,1,15,Alaris,Alaris,"[""Alaris"", ""Alcatras"", ""Turbine"", ""Vega"", ""Castor""]","[0.8461507558822632, 0.6979537010192871, 0.4444957673549652, 0.2829817533493042, 0.27509450912475586]"
2,centroid,1,16,Alaris,Alaris,"[""Alaris"", ""Alcatras"", ""Vega"", ""Hawk"", ""Trius""]","[0.9371547102928162, 0.750909686088562, 0.48346495628356934, 0.4171311855316162, 0.3900601267814636]"
2,centroid,1,17,Alaris,Alaris,"[""Alaris"", ""Alcatras"", ""Braga"", ""Hawk"", ""Turbine""]","[0.9494444131851196, 0.8740691542625427, 0.5257961750030518, 0.5102932453155518, 0.4765948951244354]"
2,centroid,1,18,Alaris,Alaris,"[""Alaris"", ""Alcatras"", ""Vega"", ""Hawk"", ""Trius""]","[0.8632204532623291, 0.6900639533996582, 0.5305144786834717, 0.4970800280570984, 0.49488216638565063]"
2,centroid,1,19,Alaris,Alaris,"[""Alaris"", ""Alcatras"", ""Hawk"", ""Turbine"", ""Vega""]","[0.9010578393936157, 0.6915032267570496, 0.4389021396636963, 0.4289851784706116, 0.3564838767051697]"
2,centroid,1,20,Alaris,Alcatras,"[""Alcatras"", ""Alaris"", ""Trius"", ""Castor"", ""Mytikas""]","[0.8656716346740723, 0.7780855894088745, 0.6459345817565918, 0.6325249671936035, 0.5675919651985168]"
2,centroid,1,21,Alaris,Alaris,"[""Alaris"", ""Alcatras"", ""Braga"", ""Trius"", ""Turbine""]","[0.9261293411254883, 0.8947000503540039, 0.6334781646728516, 0.53369140625, 0.47547200322151184]"
2,centroid,1,22,Alaris,Alaris,"[""Alaris"", ""Alcatras"", ""Hawk"", ""Turbine"", ""Vega""]","[0.8426839113235474, 0.6084550619125366, 0.5917053818702698, 0.45642566680908203, 0.38032275438308716]"
2,centroid,1,23,Alaris,Alcatras,"[""Alcatras"", ""Alaris"", ""Trius"", ""Mytikas"", ""Braga""]","[0.8451476097106934, 0.7997083067893982, 0.6755622029304504, 0.5649535059928894, 0.49175703525543213]"
2,centroid,1,24,Alaris,Alaris,"[""Alaris"", ""Alcatras"", ""Turbine"", ""Trius"", ""Braga""]","[0.8514775037765503, 0.7007051706314087, 0.4591357111930847, 0.397644579410553, 0.3377516567707062]"
2,centroid,1,25,Alaris,Alaris,"[""Alaris"", ""Vega"", ""Turbine"", ""Alcatras"", ""Braga""]","[0.7393879890441895, 0.5235059857368469, 0.43566712737083435, 0.40448904037475586, 0.27944105863571167]"
2,centroid,1,26,Alaris,Alaris,"[""Alaris"", ""Alcatras"", ""Hawk"", ""Vega"", ""Trius""]","[0.9124011993408203, 0.6527166366577148, 0.48172977566719055, 0.45913371443748474, 0.40937525033950806]"
2,centroid,1,27,Alaris,Alaris,"[""Alaris"", ""Alcatras"", ""Trius"", ""Turbine"", ""Braga""]","[0.826579749584198, 0.69673752784729, 0.5347968339920044, 0.4499242901802063, 0.4168150722980499]"
2,centroid,1,28,Alcatras,Alcatras,"[""Alcatras"", ""Alaris"", ""Castor"", ""Trius"", ""Mytikas""]","[0.8408240079879761, 0.7588592171669006, 0.6056698560714722, 0.4756736159324646, 0.4640823006629944]"
2,centroid,1,29,Alcatras,Alcatras,"[""Alcatras"", ""Braga"", ""Alaris"", ""Trius"", ""Hawk""]","[0.8670946955680847, 0.7043976187705994, 0.691547155380249, 0.5712140798568726, 0.5260682702064514]"
2,centroid,1,30,Alcatras,Alcatras,"[""Alcatras"", ""Castor"", ""Alaris"", ""Mytikas"", ""Velorum""]","[0.8192180395126343, 0.589153528213501, 0.5491368770599365, 0.42024916410446167, 0.4163637161254883]"
2,centroid,1,31,Alcatras,Alcatras,"[""Alcatras"", ""Alaris"", ""Braga"", ""Castor"", ""Trius""]","[0.912474513053894, 0.6979007720947266, 0.6557872891426086, 0.5632926225662231, 0.5392606854438782]"
2,centroid,1,32,Alcatras,Alcatras,"[""Alcatras"", ""Alaris"", ""Braga"", ""Hawk"", ""Turbine""]","[0.8797408938407898, 0.7637302875518799, 0.6240121126174927, 0.6156103014945984, 0.5707179307937622]"
2,centroid,1,33,Alcatras,Castor,"[""Castor"", ""Alcatras"", ""Turbine"", ""Mytikas"", ""Braga""]","[0.8557194471359253, 0.7177260518074036, 0.619234025478363, 0.5824980735778809, 0.576462984085083]"
2,centroid,1,34,Alcatras,Alcatras,"[""Alcatras"", ""Mytikas"", ""Castor"", ""Triton"", ""Trius""]","[0.7453104257583618, 0.7165724635124207, 0.6936905384063721, 0.49378859996795654, 0.46376076340675354]"
2,centroid,1,35,Alcatras,Alcatras,"[""Alcatras"", ""Alaris"", ""Braga"", ""Castor"", ""Hawk""]","[0.8653233647346497, 0.7958811521530151, 0.6376546621322632, 0.5849446058273315, 0.5505921840667725]"
2,centroid,1,36,Alcatras,Alcatras,"[""Alcatras"", ""Castor"", ""Alaris"", ""Turbine"", ""Mytikas""]","[0.801160454750061, 0.7349234223365784, 0.6563546657562256, 0.6547926664352417, 0.5709900856018066]"
2,centroid,1,37,Alcatras,Alcatras,"[""Alcatras"", ""Alaris"", ""Trius"", ""Braga"", ""Castor""]","[0.874995231628418, 0.8052221536636353, 0.677135169506073, 0.6444534063339233, 0.5194556713104248]"
2,centroid,1,38,Alcatras,Alaris,"[""Alaris"", ""Hawk"", ""Gemini"", ""Alcatras"", ""Vega""]","[0.5092870593070984, 0.5009055137634277, 0.49637943506240845, 0.4550729990005493, 0.30189090967178345]"
2,centroid,1,39,Alcatras,Castor,"[""Castor"", ""Mytikas"", ""Alcatras"", ""Triton"", ""Velorum""]","[0.7767943143844604, 0.5666617155075073, 0.5578863620758057, 0.42693886160850525, 0.34942537546157837]"
2,centroid,1,40,Alcatras,Alcatras,"[""Alcatras"", ""Alaris"", ""Castor"", ""Trius"", ""Braga""]","[0.934018075466156, 0.7097312211990356, 0.6156942844390869, 0.5264924764633179, 0.5061893463134766]"
2,centroid,1,41,Alcatras,Alcatras,"[""Alcatras"", ""Alaris"", ""Braga"", ""Castor"", ""Mytikas""]","[0.8982323408126831, 0.7431507706642151, 0.6106138825416565, 0.5766520500183105, 0.5738221406936646]"
2,centroid,1,42,Alcatras,Alcatras,"[""Alcatras"", ""Alaris"", ""Turbine"", ""Braga"", ""Castor""]","[0.8112531900405884, 0.7568081617355347, 0.5082812905311584, 0.49407637119293213, 0.3951244354248047]"
2,centroid,1,43,Alcatras,Castor,"[""Castor"", ""Alcatras"", ""Turbine"", ""Mytikas"", ""Triton""]","[0.7465966939926147, 0.7332940101623535, 0.6301274299621582, 0.5941340327262878, 0.5241585373878479]"
2,centroid,1,44,Alcatras,Alcatras,"[""Alcatras"", ""Alaris"", ""Castor"", ""Turbine"", ""Mytikas""]","[0.8161492347717285, 0.6359671354293823, 0.5934706926345825, 0.5546489953994751, 0.5374345779418945]"
2,centroid,1,45,Alcatras,Alcatras,"[""Alcatras"", ""Braga"", ""Alaris"", ""Mytikas"", ""Castor""]","[0.8598111271858215, 0.6867105960845947, 0.6792868971824646, 0.6738686561584473, 0.6212990880012512]"
2,centroid,1,46,Alcatras,Alcatras,"[""Alcatras"", ""Braga"", ""Alaris"", ""Castor"", ""Trius""]","[0.8958403468132019, 0.7140496969223022, 0.7024130821228027, 0.6371487975120544, 0.5691515207290649]"
2,centroid,1,47,Alcatras,Castor,"[""Castor"", ""Mytikas"", ""Alcatras"", ""Braga"", ""Triton""]","[0.8218712210655212, 0.788122296333313, 0.7419631481170654, 0.7184420824050903, 0.6827268600463867]"
2,centroid,1,48,Alcatras,Alcatras,"[""Alcatras"", ""Alaris"", ""Castor"", ""Braga"", ""Mytikas""]","[0.9481666088104248, 0.7923505306243896, 0.6541107892990112, 0.6307905912399292, 0.5823974013328552]"
2,centroid,1,49,Alcatras,Alcatras,"[""Alcatras"", ""Alaris"", ""Vega"", ""Velorum"", ""Hawk""]","[0.60691237449646, 0.42439940571784973, 0.4038390815258026, 0.3822152316570282, 0.33468371629714966]"
2,centroid,1,50,Alcatras,Alcatras,"[""Alcatras"", ""Alaris"", ""Braga"", ""Hawk"", ""Castor""]","[0.8559720516204834, 0.8220899701118469, 0.5400440692901611, 0.5180734992027283, 0.4275849461555481]"
2,centroid,1,51,Alcatras,Alcatras,"[""Alcatras"", ""Alaris"", ""Castor"", ""Braga"", ""Hawk""]","[0.9132190942764282, 0.8045787811279297, 0.5612959861755371, 0.5424989461898804, 0.4364987313747406]"
2,centroid,1,52,Alcatras,Alcatras,"[""Alcatras"", ""Alaris"", ""Castor"", ""Trius"", ""Mytikas""]","[0.861234724521637, 0.6115217804908752, 0.5891774296760559, 0.5877926349639893, 0.5693231821060181]"
2,centroid,1,53,Alcatras,Alaris,"[""Alaris"", ""Alcatras"", ""Turbine"", ""Castor"", ""Braga""]","[0.8610765933990479, 0.8512216806411743, 0.5041113495826721, 0.49329674243927, 0.4352855086326599]"
2,centroid,1,54,Braga,Alaris,"[""Alaris"", ""Braga"", ""Alcatras"", ""Hawk"", ""Turbine""]","[0.7709851264953613, 0.7335155606269836, 0.6700164675712585, 0.6148490905761719, 0.5493725538253784]"
2,centroid,1,55,Braga,Braga,"[""Braga"", ""Triton"", ""Mytikas"", ""Turbine"", ""Hawk""]","[0.8458707332611084, 0.638418436050415, 0.6214917898178101, 0.5881819128990173, 0.47359499335289]"
2,centroid,1,56,Braga,Alcatras,"[""Alcatras"", ""Alaris"", ""Braga"", ""Castor"", ""Trius""]","[0.8925708532333374, 0.7769393920898438, 0.7107152938842773, 0.63904869556427, 0.6312960386276245]"
2,centroid,1,57,Braga,Braga,"[""Braga"", ""Vega"", ""Gemini"", ""Triton"", ""Trius""]","[0.7571365833282471, 0.5045719742774963, 0.4648279547691345, 0.4515734016895294, 0.44898438453674316]"
2,centroid,1,58,Braga,Braga,"[""Braga"", ""Alcatras"", ""Castor"", ""Trius"", ""Triton""]","[0.8160815834999084, 0.6900836229324341, 0.6852463483810425, 0.6808182001113892, 0.5941649675369263]"
2,centroid,1,59,Braga,Braga,"[""Braga"", ""Castor"", ""Alcatras"", ""Trius"", ""Turbine""]","[0.9041166305541992, 0.7721410989761353, 0.6709704399108887, 0.6351481676101685, 0.6317524909973145]"
2,centroid,1,60,Braga,Braga,"[""Braga"", ""Turbine"", ""Hawk"", ""Gemini"", ""Vega""]","[0.8414933681488037, 0.6511560678482056, 0.5985593795776367, 0.5241121053695679, 0.4615756869316101]"
2,centroid,1,61,Braga,Gemini,"[""Gemini"", ""Braga"", ""Xtreme"", ""Hawk"", ""Vega""]","[0.7119588851928711, 0.6673264503479004, 0.6267452836036682, 0.4413761794567108, 0.41188302636146545]"
2,centroid,1,62,Braga,Turbine,"[""Turbine"", ""Braga"", ""Hawk"", ""Castor"", ""Alcatras""]","[0.6094505190849304, 0.5267954468727112, 0.46622854471206665, 0.4432511627674103, 0.41429829597473145]"
2,centroid,1,63,Braga,Braga,"[""Braga"", ""Alaris"", ""Alcatras"", ""Turbine"", ""Castor""]","[0.8216893672943115, 0.720122218132019, 0.704194188117981, 0.6960009336471558, 0.6378388404846191]"
2,centroid,1,64,Braga,Braga,"[""Braga"", ""Trius"", ""Gemini"", ""Vega"", ""Alaris""]","[0.9153761267662048, 0.7025860548019409, 0.6216362714767456, 0.5942371487617493, 0.5531140565872192]"
2,centroid,1,65,Braga,Alcatras,"[""Alcatras"", ""Braga"", ""Alaris"", ""Turbine"", ""Hawk""]","[0.6829527020454407, 0.6363404989242554, 0.6268050670623779, 0.6151838302612305, 0.5664125084877014]"
2,centroid,1,66,Braga,Braga,"[""Braga"", ""Trius"", ""Triton"", ""Mytikas"", ""Alcatras""]","[0.8893675208091736, 0.7987282276153564, 0.7813411951065063, 0.6664294004440308, 0.5669058561325073]"
2,centroid,1,67,Braga,Braga,"[""Braga"", ""Triton"", ""Alcatras"", ""Alaris"", ""Trius""]","[0.9050992727279663, 0.625609815120697, 0.6225404739379883, 0.6161108016967773, 0.6156991720199585]"
2,centroid,1,68,Braga,Braga,"[""Braga"", ""Castor"", ""Turbine"", ""Alcatras"", ""Hawk""]","[0.8958604335784912, 0.5450118780136108, 0.5100823640823364, 0.5072008371353149, 0.49478450417518616]"
2,centroid,1,69,Braga,Braga,"[""Braga"", ""Trius"", ""Triton"", ""Mytikas"", ""Castor""]","[0.8705918788909912, 0.7326624393463135, 0.7191275954246521, 0.6999989748001099, 0.671003520488739]"
2,centroid,1,70,Braga,Braga,"[""Braga"", ""Trius"", ""Triton"", ""Mytikas"", ""Alcatras""]","[0.9348694682121277, 0.6876950860023499, 0.6759185194969177, 0.6254411935806274, 0.5678160190582275]"
2,centroid,1,71,Braga,Braga,"[""Braga"", ""Trius"", ""Turbine"", ""Alaris"", ""Hawk""]","[0.8882696628570557, 0.6330607533454895, 0.5672301054000854, 0.5600717663764954, 0.5563129186630249]"
2,centroid,1,72,Braga,Braga,"[""Braga"", ""Triton"", ""Vega"", ""Mytikas"", ""Castor""]","[0.757401168346405, 0.6049902439117432, 0.5260134339332581, 0.48315292596817017, 0.4489576518535614]"
2,centroid,1,73,Braga,Braga,"[""Braga"", ""Hawk"", ""Vega"", ""Gemini"", ""Turbine""]","[0.7429044842720032, 0.6922310590744019, 0.603351354598999, 0.5851829648017883, 0.4062783718109131]"
2,centroid,1,74,Braga,Braga,"[""Braga"", ""Turbine"", ""Gemini"", ""Alcatras"", ""Hawk""]","[0.8433796167373657, 0.5332208871841431, 0.5180798172950745, 0.498357892036438, 0.48421740531921387]"
2,centroid,1,75,Braga,Braga,"[""Braga"", ""Alcatras"", ""Alaris"", ""Castor"", ""Trius""]","[0.8377436399459839, 0.730910062789917, 0.6618417501449585, 0.5850726962089539, 0.4676145613193512]"
2,centroid,1,76,Braga,Braga,"[""Braga"", ""Trius"", ""Vega"", ""Hawk"", ""Alaris""]","[0.8172441720962524, 0.630405604839325, 0.6168392896652222, 0.5705184936523438, 0.557996392250061]"
2,centroid,1,77,Braga,Braga,"[""Braga"", ""Alaris"", ""Alcatras"", ""Trius"", ""Turbine""]","[0.9015438556671143, 0.6856752634048462, 0.6430803537368774, 0.5653417110443115, 0.42235511541366577]"
2,centroid,1,78,Braga,Braga,"[""Braga"", ""Trius"", ""Triton"", ""Hawk"", ""Mytikas""]","[0.8796507716178894, 0.6079679727554321, 0.6025509834289551, 0.5816256403923035, 0.57039874792099]"
2,centroid,1,79,Braga,Triton,"[""Triton"", ""Trius"", ""Braga"", ""Mytikas"", ""Alcatras""]","[0.8396100997924805, 0.8338720202445984, 0.790119469165802, 0.5966716408729553, 0.5382375717163086]"
2,centroid,1,80,Braga,Braga,"[""Braga"", ""Gemini"", ""Triton"", ""Vega"", ""Mytikas""]","[0.8184218406677246, 0.6231878995895386, 0.5495926141738892, 0.5074470043182373, 0.4427814483642578]"
2,centroid,1,81,Braga,Braga,"[""Braga"", ""Hawk"", ""Vega"", ""Gemini"", ""Turbine""]","[0.74274742603302, 0.6284388303756714, 0.5988812446594238, 0.5426890254020691, 0.4379650950431824]"
2,centroid,1,82,Braga,Braga,"[""Braga"", ""Trius"", ""Triton"", ""Alcatras"", ""Castor""]","[0.9464370608329773, 0.6521849632263184, 0.6323825120925903, 0.5913339853286743, 0.5678818225860596]"
2,centroid,1,83,Braga,Braga,"[""Braga"", ""Castor"", ""Mytikas"", ""Triton"", ""Trius""]","[0.8491142988204956, 0.8004368543624878, 0.7181370258331299, 0.6890276074409485, 0.6532922983169556]"
2,centroid,1,84,Braga,Castor,"[""Castor"", ""Alcatras"", ""Alaris"", ""Braga"", ""Turbine""]","[0.8212125301361084, 0.7817933559417725, 0.6017140746116638, 0.587644100189209, 0.5689979791641235]"
2,centroid,1,85,Braga,Braga,"[""Braga"", ""Trius"", ""Triton"", ""Castor"", ""Alaris""]","[0.8280012607574463, 0.7075848579406738, 0.5798516273498535, 0.464682936668396, 0.4485306739807129]"
2,centroid,1,86,Braga,Braga,"[""Braga"", ""Trius"", ""Gemini"", ""Triton"", ""Alcatras""]","[0.9225355982780457, 0.6153398752212524, 0.5835694074630737, 0.4987720251083374, 0.4422864019870758]"
2,centroid,1,87,Braga,Braga,"[""Braga"", ""Triton"", ""Trius"", ""Castor"", ""Mytikas""]","[0.9075088500976562, 0.7630500793457031, 0.6823812127113342, 0.6523207426071167, 0.6210182309150696]"
2,centroid,1,88,Braga,Braga,"[""Braga"", ""Hawk"", ""Turbine"", ""Vega"", ""Gemini""]","[0.7658627033233643, 0.6178542375564575, 0.607275128364563, 0.5849984884262085, 0.5579863786697388]"
2,centroid,1,89,Braga,Braga,"[""Braga"", ""Gemini"", ""Hawk"", ""Trius"", ""Triton""]","[0.8265703320503235, 0.5173105001449585, 0.5094349384307861, 0.432746022939682, 0.41074836254119873]"
2,centroid,1,90,Braga,Braga,"[""Braga"", ""Turbine"", ""Castor"", ""Hawk"", ""Alcatras""]","[0.8874778151512146, 0.6178362965583801, 0.5990699529647827, 0.4990532100200653, 0.4888717234134674]"
2,centroid,1,91,Castor,Castor,"[""Castor"", ""Alcatras"", ""Turbine"", ""Braga"", ""Mytikas""]","[0.8933160901069641, 0.6703954935073853, 0.6474448442459106, 0.6060341000556946, 0.5597907304763794]"
2,centroid,1,92,Castor,Castor,"[""Castor"", ""Alcatras"", ""Turbine"", ""Braga"", ""Mytikas""]","[0.9522277116775513, 0.5571824312210083, 0.520389199256897, 0.5192761421203613, 0.4096483588218689]"
2,centroid,1,93,Castor,Castor,"[""Castor"", ""Triton"", ""Mytikas"", ""Turbine"", ""Braga""]","[0.8553178906440735, 0.6419769525527954, 0.6167382001876831, 0.45404693484306335, 0.4416440725326538]"
2,centroid,1,94,Castor,Castor,"[""Castor"", ""Braga"", ""Mytikas"", ""Alcatras"", ""Triton""]","[0.8574137687683105, 0.6986942291259766, 0.6571083068847656, 0.6481912136077881, 0.5839709043502808]"
2,centroid,1,95,Castor,Castor,"[""Castor"", ""Turbine"", ""Mytikas"", ""Alcatras"", ""Braga""]","[0.818028450012207, 0.5862833261489868, 0.46911734342575073, 0.4650455713272095, 0.4362858533859253]"
2,centroid,1,96,Castor,Castor,"[""Castor"", ""Turbine"", ""Alcatras"", ""Braga"", ""Alaris""]","[0.9298208951950073, 0.6814408898353577, 0.5911473035812378, 0.5382168889045715, 0.39570415019989014]"
2,centroid,1,97,Castor,Castor,"[""Castor"", ""Velorum"", ""Mytikas"", ""Triton"", ""Alcatras""]","[0.6992751359939575, 0.5017791390419006, 0.4952594041824341, 0.4653306305408478, 0.3729269504547119]"
2,centroid,1,98,Castor,Castor,"[""Castor"", ""Turbine"", ""Alcatras"", ""Braga"", ""Mytikas""]","[0.9459154605865479, 0.6162447929382324, 0.5280797481536865, 0.4635802209377289, 0.42609429359436035]"
2,centroid,1,99,Castor,Castor,"[""Castor"", ""Mytikas"", ""Braga"", ""Triton"", ""Turbine""]","[0.8996018171310425, 0.6091505289077759, 0.5242081880569458, 0.49372974038124084, 0.4748307466506958]"
2,centroid,1,100,Castor,Castor,"[""Castor"", ""Alcatras"", ""Turbine"", ""Mytikas"", ""Alaris""]","[0.9198728799819946, 0.6106764078140259, 0.4776912331581116, 0.46039384603500366, 0.37450408935546875]"
2,centroid,1,101,Castor,Castor,"[""Castor"", ""Turbine"", ""Alcatras"", ""Braga"", ""Mytikas""]","[0.9652571082115173, 0.6114075183868408, 0.5907501578330994, 0.4814268946647644, 0.4613729417324066]"
2,centroid,1,102,Castor,Castor,"[""Castor"", ""Alcatras"", ""Turbine"", ""Braga"", ""Alaris""]","[0.8990200757980347, 0.7124097347259521, 0.5779407024383545, 0.5307594537734985, 0.48327887058258057]"
2,centroid,1,103,Castor,Castor,"[""Castor"", ""Braga"", ""Triton"", ""Alcatras"", ""Mytikas""]","[0.7832830548286438, 0.5779352188110352, 0.5249572992324829, 0.5161142349243164, 0.5073533654212952]"
2,centroid,1,104,Castor,Castor,"[""Castor"", ""Alcatras"", ""Turbine"", ""Braga"", ""Mytikas""]","[0.8425306081771851, 0.5928387641906738, 0.5106883645057678, 0.4900948405265808, 0.4547065496444702]"
2,centroid,1,105,Castor,Castor,"[""Castor"", ""Mytikas"", ""Alcatras"", ""Triton"", ""Turbine""]","[0.8968086242675781, 0.5837780833244324, 0.5605958104133606, 0.5443360209465027, 0.5227053761482239]"
2,centroid,1,106,Castor,Castor,"[""Castor"", ""Alcatras"", ""Mytikas"", ""Turbine"", ""Braga""]","[0.9470682740211487, 0.6938360929489136, 0.6048855781555176, 0.5629213452339172, 0.5597151517868042]"
2,centroid,1,107,Castor,Castor,"[""Castor"", ""Alcatras"", ""Turbine"", ""Triton"", ""Braga""]","[0.8733313083648682, 0.4819357097148895, 0.4046840965747833, 0.38033902645111084, 0.3573969304561615]"
2,centroid,1,108,Castor,Castor,"[""Castor"", ""Turbine"", ""Alcatras"", ""Braga"", ""Alaris""]","[0.9281411170959473, 0.6514987945556641, 0.6037646532058716, 0.43132320046424866, 0.37567341327667236]"
2,centroid,1,109,Castor,Castor,"[""Castor"", ""Triton"", ""Mytikas"", ""Braga"", ""Turbine""]","[0.9009406566619873, 0.6665078997612, 0.6307055950164795, 0.6050212979316711, 0.5892837643623352]"
2,centroid,1,110,Castor,Castor,"[""Castor"", ""Turbine"", ""Mytikas"", ""Alcatras"", ""Braga""]","[0.8544036746025085, 0.6510401368141174, 0.5784381031990051, 0.5586937665939331, 0.41410693526268005]"
2,centroid,1,111,Castor,Castor,"[""Castor"", ""Turbine"", ""Alcatras"", ""Braga"", ""Mytikas""]","[0.9247829914093018, 0.7545719742774963, 0.659197211265564, 0.6204804182052612, 0.4973011314868927]"
2,centroid,1,112,Castor,Castor,"[""Castor"", ""Alcatras"", ""Turbine"", ""Braga"", ""Mytikas""]","[0.8387815952301025, 0.7971072793006897, 0.5855730772018433, 0.5314931869506836, 0.5221829414367676]"
2,centroid,1,113,Castor,Castor,"[""Castor"", ""Mytikas"", ""Alcatras"", ""Braga"", ""Triton""]","[0.9406981468200684, 0.5991420745849609, 0.5983535051345825, 0.5949732065200806, 0.5646952390670776]"
2,centroid,1,114,Castor,Castor,"[""Castor"", ""Mytikas"", ""Alcatras"", ""Braga"", ""Triton""]","[0.9241303205490112, 0.6627936363220215, 0.582960844039917, 0.4894118309020996, 0.4770444631576538]"
2,centroid,1,115,Castor,Castor,"[""Castor"", ""Mytikas"", ""Triton"", ""Alcatras"", ""Braga""]","[0.9359573125839233, 0.6543529629707336, 0.6138863563537598, 0.5505155324935913, 0.5181671380996704]"
2,centroid,1,116,Castor,Castor,"[""Castor"", ""Alcatras"", ""Braga"", ""Mytikas"", ""Turbine""]","[0.929696261882782, 0.5959398746490479, 0.5861639976501465, 0.4899272918701172, 0.48528456687927246]"
2,centroid,1,117,Castor,Castor,"[""Castor"", ""Alcatras"", ""Braga"", ""Turbine"", ""Mytikas""]","[0.9042097926139832, 0.7627025842666626, 0.5564737915992737, 0.5398939251899719, 0.4632124900817871]"
2,centroid,1,118,Castor,Castor,"[""Castor"", ""Alcatras"", ""Braga"", ""Turbine"", ""Mytikas""]","[0.9170258641242981, 0.6611784100532532, 0.5873438119888306, 0.5543448328971863, 0.5309260487556458]"
2,centroid,1,119,Castor,Castor,"[""Castor"", ""Turbine"", ""Triton"", ""Alcatras"", ""Braga""]","[0.9210072159767151, 0.4793061912059784, 0.47668397426605225, 0.4766539931297302, 0.4491025507450104]"
2,centroid,1,120,Castor,Castor,"[""Castor"", ""Alcatras"", ""Braga"", ""Mytikas"", ""Triton""]","[0.9181398749351501, 0.7290539741516113, 0.6493462324142456, 0.5601366758346558, 0.5022518634796143]"
2,centroid,1,121,Castor,Castor,"[""Castor"", ""Braga"", ""Triton"", ""Mytikas"", ""Turbine""]","[0.9280776977539062, 0.6375291347503662, 0.6209196448326111, 0.600480318069458, 0.5806972980499268]"
2,centroid,1,122,Castor,Castor,"[""Castor"", ""Alcatras"", ""Braga"", ""Mytikas"", ""Turbine""]","[0.8445103168487549, 0.8151872158050537, 0.7024072408676147, 0.63472980260849, 0.5351585149765015]"
2,centroid,1,123,Denom,Velorum,"[""Velorum"", ""Ilias"", ""Denom"", ""Nivalis"", ""Ratikon""]","[0.8468829989433289, 0.618032693862915, 0.5593876838684082, 0.5137661099433899, 0.34642264246940613]"
2,centroid,1,124,Denom,Ilias,"[""Ilias"", ""Velorum"", ""Denom"", ""Ratikon"", ""Nivalis""]","[0.7179931402206421, 0.6854715943336487, 0.6497864127159119, 0.5237926244735718, 0.455593466758728]"
2,centroid,1,125,Denom,Denom,"[""Denom"", ""Ratikon"", ""Nivalis"", ""Ilias"", ""Velorum""]","[0.9595990180969238, 0.7381808757781982, 0.6668024063110352, 0.6176820397377014, 0.29326385259628296]"
2,centroid,1,126,Denom,Denom,"[""Denom"", ""Ratikon"", ""Nivalis"", ""Ilias"", ""Velorum""]","[0.9641479849815369, 0.8473237752914429, 0.753650963306427, 0.6032074093818665, 0.24351638555526733]"
2,centroid,1,127,Denom,Denom,"[""Denom"", ""Nivalis"", ""Ratikon"", ""Xtreme"", ""Ilias""]","[0.781976580619812, 0.5890263319015503, 0.4834067225456238, 0.38477790355682373, 0.2845585346221924]"
2,centroid,1,128,Denom,Denom,"[""Denom"", ""Ratikon"", ""Ilias"", ""Nivalis"", ""Velorum""]","[0.8834149837493896, 0.7609736919403076, 0.5435713529586792, 0.4264736771583557, -0.026678306981921196]"
2,centroid,1,129,Denom,Denom,"[""Denom"", ""Ratikon"", ""Nivalis"", ""Ilias"", ""Velorum""]","[0.9544409513473511, 0.7756893634796143, 0.7432476282119751, 0.49810275435447693, 0.20890378952026367]"
2,centroid,1,130,Denom,Denom,"[""Denom"", ""Nivalis"", ""Ratikon"", ""Ilias"", ""Velorum""]","[0.9463188648223877, 0.6757229566574097, 0.6314652562141418, 0.5632747411727905, 0.37673521041870117]"
2,centroid,1,131,Denom,Denom,"[""Denom"", ""Ratikon"", ""Nivalis"", ""Ilias"", ""Velorum""]","[0.9650341868400574, 0.8176872730255127, 0.8072810173034668, 0.5739232301712036, 0.29254165291786194]"
2,centroid,1,132,Denom,Denom,"[""Denom"", ""Ratikon"", ""Nivalis"", ""Ilias"", ""Velorum""]","[0.9172995090484619, 0.7836086750030518, 0.6632663607597351, 0.5371688604354858, 0.18788498640060425]"
2,centroid,1,133,Denom,Denom,"[""Denom"", ""Ratikon"", ""Nivalis"", ""Ilias"", ""Vega""]","[0.847608208656311, 0.7942970991134644, 0.6859361529350281, 0.37124159932136536, -0.019609224051237106]"
2,centroid,1,134,Denom,Denom,"[""Denom"", ""Ratikon"", ""Nivalis"", ""Ilias"", ""Velorum""]","[0.8029224872589111, 0.7232263088226318, 0.5266658663749695, 0.23075804114341736, 0.026885293424129486]"
2,centroid,1,135,Denom,Ilias,"[""Ilias"", ""Denom"", ""Velorum"", ""Ratikon"", ""Nivalis""]","[0.7143975496292114, 0.6386146545410156, 0.5121150016784668, 0.4215407073497772, 0.32071101665496826]"
2,centroid,1,136,Denom,Denom,"[""Denom"", ""Nivalis"", ""Ratikon"", ""Ilias"", ""Velorum""]","[0.9557603001594543, 0.7776284217834473, 0.7309949994087219, 0.6634600162506104, 0.4094755947589874]"
2,centroid,1,137,Denom,Nivalis,"[""Nivalis"", ""Velorum"", ""Denom"", ""Ilias"", ""Ratikon""]","[0.6469209790229797, 0.5524052977561951, 0.5286011695861816, 0.4778740108013153, 0.42440077662467957]"
2,centroid,1,138,Denom,Ilias,"[""Ilias"", ""Denom"", ""Ratikon"", ""Velorum"", ""Nivalis""]","[0.7580243349075317, 0.7313474416732788, 0.5864038467407227, 0.5857288241386414, 0.4949207603931427]"
2,centroid,1,139,Denom,Denom,"[""Denom"", ""Ratikon"", ""Nivalis"", ""Ilias"", ""Velorum""]","[0.920912504196167, 0.7751694321632385, 0.7173102498054504, 0.5108335614204407, 0.07876681536436081]"
2,centroid,1,140,Denom,Denom,"[""Denom"", ""Nivalis"", ""Ratikon"", ""Ilias"", ""Velorum""]","[0.9356778264045715, 0.7441914081573486, 0.7145478129386902, 0.5549108982086182, 0.4030751585960388]"
2,centroid,1,141,Denom,Denom,"[""Denom"", ""Ilias"", ""Ratikon"", ""Nivalis"", ""Velorum""]","[0.9302489161491394, 0.685855507850647, 0.6638302206993103, 0.6520313620567322, 0.49639517068862915]"
2,centroid,1,142,Denom,Denom,"[""Denom"", ""Nivalis"", ""Ratikon"", ""Ilias"", ""Velorum""]","[0.8653732538223267, 0.7887736558914185, 0.725829005241394, 0.5691225528717041, 0.21839076280593872]"
2,centroid,1,143,Denom,Nivalis,"[""Nivalis"", ""Denom"", ""Ratikon"", ""Ilias"", ""Velorum""]","[0.7906330823898315, 0.7481401562690735, 0.5863679647445679, 0.38366949558258057, 0.13230864703655243]"
2,centroid,1,144,Denom,Denom,"[""Denom"", ""Ratikon"", ""Nivalis"", ""Ilias"", ""Velorum""]","[0.8706960678100586, 0.8406280279159546, 0.7209840416908264, 0.5490244626998901, 0.2312736213207245]"
2,centroid,1,145,Denom,Denom,"[""Denom"", ""Ratikon"", ""Nivalis"", ""Ilias"", ""Velorum""]","[0.8922504186630249, 0.6318756937980652, 0.5572906732559204, 0.27883073687553406, 0.12044462561607361]"
2,centroid,1,146,Denom,Nivalis,"[""Nivalis"", ""Denom"", ""Ratikon"", ""Ilias"", ""Xtreme""]","[0.7552609443664551, 0.6593055129051208, 0.636330783367157, 0.4234650433063507, 0.16926446557044983]"
2,centroid,1,147,Denom,Denom,"[""Denom"", ""Ratikon"", ""Nivalis"", ""Ilias"", ""Velorum""]","[0.9107552766799927, 0.8381144404411316, 0.7393098473548889, 0.7134590744972229, 0.31489336490631104]"
2,centroid,1,148,Denom,Denom,"[""Denom"", ""Nivalis"", ""Ratikon"", ""Ilias"", ""Velorum""]","[0.9198647737503052, 0.617271900177002, 0.6088333129882812, 0.4592939019203186, 0.2859063148498535]"
2,centroid,1,149,Denom,Denom,"[""Denom"", ""Ratikon"", ""Nivalis"", ""Ilias"", ""Velorum""]","[0.9333556890487671, 0.7918359637260437, 0.6727780103683472, 0.5075328946113586, 0.14321531355381012]"
2,centroid,1,150,Denom,Denom,"[""Denom"", ""Ratikon"", ""Nivalis"", ""Ilias"", ""Velorum""]","[0.8608295917510986, 0.8091530799865723, 0.5347964763641357, 0.43204694986343384, -0.013758659362792969]"
2,centroid,1,151,Denom,Denom,"[""Denom"", ""Nivalis"", ""Ratikon"", ""Ilias"", ""Velorum""]","[0.9224061965942383, 0.6836121082305908, 0.637603759765625, 0.6032776832580566, 0.4516969621181488]"
2,centroid,1,152,Denom,Denom,"[""Denom"", ""Ratikon"", ""Nivalis"", ""Ilias"", ""Steel_Wheel""]","[0.799291729927063, 0.7713636159896851, 0.5711749196052551, 0.4646836519241333, 0.17186501622200012]"
2,centroid,1,153,Denom,Denom,"[""Denom"", ""Ratikon"", ""Nivalis"", ""Ilias"", ""Gemini""]","[0.7181727886199951, 0.6260188221931458, 0.5895403623580933, 0.49758562445640564, 0.20263376832008362]"
2,centroid,1,154,Denom,Velorum,"[""Velorum"", ""Ilias"", ""Denom"", ""Ratikon"", ""Nivalis""]","[0.7881486415863037, 0.6399608850479126, 0.5513588190078735, 0.5273619294166565, 0.48187458515167236]"
2,centroid,1,155,Denom,Denom,"[""Denom"", ""Ratikon"", ""Nivalis"", ""Velorum"", ""Ilias""]","[0.8408798575401306, 0.7192343473434448, 0.7191221117973328, 0.651178240776062, 0.6339316368103027]"
2,centroid,1,156,Denom,Denom,"[""Denom"", ""Ratikon"", ""Ilias"", ""Nivalis"", ""Alaris""]","[0.7208715677261353, 0.64959317445755, 0.35418105125427246, 0.1946592777967453, -0.06539534032344818]"
2,centroid,1,157,Denom,Denom,"[""Denom"", ""Ratikon"", ""Nivalis"", ""Ilias"", ""Velorum""]","[0.9255223870277405, 0.8134998083114624, 0.6683741211891174, 0.49476388096809387, 0.12606891989707947]"
2,centroid,1,158,Denom,Denom,"[""Denom"", ""Ratikon"", ""Nivalis"", ""Ilias"", ""Velorum""]","[0.9529367685317993, 0.7439759373664856, 0.7015911340713501, 0.491147518157959, 0.1805737018585205]"
2,centroid,1,159,Denom,Denom,"[""Denom"", ""Nivalis"", ""Ratikon"", ""Ilias"", ""Velorum""]","[0.9458202123641968, 0.7064065933227539, 0.6824786067008972, 0.5262765288352966, 0.3587217926979065]"
2,centroid,1,160,Denom,Denom,"[""Denom"", ""Ratikon"", ""Nivalis"", ""Trius"", ""Ilias""]","[0.645296037197113, 0.5125492811203003, 0.46686267852783203, 0.39746910333633423, 0.22094881534576416]"
2,centroid,1,161,Gemini,Gemini,"[""Gemini"", ""Xtreme"", ""Vega"", ""Braga"", ""Trius""]","[0.9222009778022766, 0.6158684492111206, 0.44322919845581055, 0.4101148247718811, 0.3025292754173279]"
2,centroid,1,162,Gemini,Gemini,"[""Gemini"", ""Braga"", ""Trius"", ""Vega"", ""Triton""]","[0.8763653039932251, 0.5588226318359375, 0.5351682901382446, 0.5058519840240479, 0.4653250575065613]"
2,centroid,1,163,Gemini,Gemini,"[""Gemini"", ""Trius"", ""Braga"", ""Vega"", ""Xtreme""]","[0.9452500343322754, 0.5516084432601929, 0.4941536784172058, 0.4325038492679596, 0.3842063844203949]"
2,centroid,1,164,Gemini,Gemini,"[""Gemini"", ""Vega"", ""Hawk"", ""Turbine"", ""Braga""]","[0.5974245667457581, 0.5603941082954407, 0.39286914467811584, 0.33244097232818604, 0.31942465901374817]"
2,centroid,1,165,Gemini,Gemini,"[""Gemini"", ""Xtreme"", ""Vega"", ""Braga"", ""Trius""]","[0.904282808303833, 0.6977620124816895, 0.45712563395500183, 0.2749239206314087, 0.2594701945781708]"
2,centroid,1,166,Gemini,Xtreme,"[""Xtreme"", ""Gemini"", ""Ilias"", ""Nivalis"", ""Vega""]","[0.7794147729873657, 0.7016481161117554, 0.34103578329086304, 0.3279271125793457, 0.24310053884983063]"
2,centroid,1,167,Gemini,Gemini,"[""Gemini"", ""Vega"", ""Trius"", ""Xtreme"", ""Braga""]","[0.9084230661392212, 0.4494074583053589, 0.4037715792655945, 0.34888291358947754, 0.22404083609580994]"
2,centroid,1,168,Gemini,Gemini,"[""Gemini"", ""Vega"", ""Trius"", ""Alaris"", ""Alcatras""]","[0.7648032903671265, 0.4752524495124817, 0.40492165088653564, 0.32596826553344727, 0.3116372227668762]"
2,centroid,1,169,Gemini,Gemini,"[""Gemini"", ""Hawk"", ""Vega"", ""Alaris"", ""Braga""]","[0.7458077669143677, 0.4896530508995056, 0.45249730348587036, 0.31121325492858887, 0.2735729217529297]"
2,centroid,1,170,Gemini,Gemini,"[""Gemini"", ""Vega"", ""Trius"", ""Xtreme"", ""Braga""]","[0.9096336364746094, 0.37357088923454285, 0.355162650346756, 0.3123808205127716, 0.2373826801776886]"
2,centroid,1,171,Gemini,Gemini,"[""Gemini"", ""Xtreme"", ""Vega"", ""Braga"", ""Hawk""]","[0.9222907423973083, 0.5729449987411499, 0.49783575534820557, 0.30491167306900024, 0.18524479866027832]"
2,centroid,1,172,Gemini,Gemini,"[""Gemini"", ""Xtreme"", ""Vega"", ""Trius"", ""Hawk""]","[0.9079926013946533, 0.5057403445243835, 0.3204793930053711, 0.2154238522052765, 0.17000576853752136]"
2,centroid,1,173,Gemini,Gemini,"[""Gemini"", ""Trius"", ""Vega"", ""Braga"", ""Hawk""]","[0.8071674108505249, 0.6019589304924011, 0.5497992038726807, 0.5378135442733765, 0.5025261640548706]"
2,centroid,1,174,Gemini,Gemini,"[""Gemini"", ""Vega"", ""Braga"", ""Trius"", ""Hawk""]","[0.8857018351554871, 0.6504218578338623, 0.6317858099937439, 0.4343358278274536, 0.41769111156463623]"
2,centroid,1,175,Gemini,Gemini,"[""Gemini"", ""Trius"", ""Braga"", ""Xtreme"", ""Vega""]","[0.9016926884651184, 0.5103083252906799, 0.42632997035980225, 0.42078179121017456, 0.4200591444969177]"
2,centroid,1,176,Gemini,Gemini,"[""Gemini"", ""Xtreme"", ""Hawk"", ""Braga"", ""Alaris""]","[0.7751144766807556, 0.46958714723587036, 0.4550188183784485, 0.3732755780220032, 0.3077072501182556]"
2,centroid,1,177,Gemini,Gemini,"[""Gemini"", ""Xtreme"", ""Braga"", ""Vega"", ""Trius""]","[0.9175382256507874, 0.4822987914085388, 0.3415573835372925, 0.29033392667770386, 0.2767711877822876]"
2,centroid,1,178,Gemini,Gemini,"[""Gemini"", ""Xtreme"", ""Hawk"", ""Vega"", ""Braga""]","[0.7872377634048462, 0.5382398962974548, 0.2594784200191498, 0.23768919706344604, 0.13815687596797943]"
2,centroid,1,179,Gemini,Gemini,"[""Gemini"", ""Trius"", ""Vega"", ""Xtreme"", ""Braga""]","[0.7907195091247559, 0.5211378335952759, 0.22122007608413696, 0.21713098883628845, 0.21444079279899597]"
2,centroid,1,180,Gemini,Gemini,"[""Gemini"", ""Xtreme"", ""Vega"", ""Ilias"", ""Trius""]","[0.852056622505188, 0.5989444255828857, 0.2717624604701996, 0.11465805023908615, 0.09572339057922363]"
2,centroid,1,181,Gemini,Gemini,"[""Gemini"", ""Xtreme"", ""Braga"", ""Trius"", ""Vega""]","[0.905379593372345, 0.5501946210861206, 0.31886589527130127, 0.3162490129470825, 0.2565873861312866]"
2,centroid,1,182,Gemini,Gemini,"[""Gemini"", ""Xtreme"", ""Braga"", ""Vega"", ""Hawk""]","[0.5831347107887268, 0.42617133259773254, 0.3909763991832733, 0.3291366398334503, 0.29747912287712097]"
2,centroid,1,183,Gemini,Gemini,"[""Gemini"", ""Xtreme"", ""Vega"", ""Trius"", ""Denom""]","[0.8088580965995789, 0.33454716205596924, 0.26924923062324524, 0.25620728731155396, 0.1647769808769226]"
2,centroid,1,184,Gemini,Gemini,"[""Gemini"", ""Xtreme"", ""Vega"", ""Trius"", ""Braga""]","[0.9301300644874573, 0.68050616979599, 0.4214937388896942, 0.27977702021598816, 0.26415857672691345]"
2,centroid,1,185,Gemini,Gemini,"[""Gemini"", ""Braga"", ""Trius"", ""Vega"", ""Xtreme""]","[0.7307144999504089, 0.5170233249664307, 0.4872104525566101, 0.31983354687690735, 0.3006598949432373]"
2,centroid,1,186,Gemini,Gemini,"[""Gemini"", ""Xtreme"", ""Vega"", ""Braga"", ""Trius""]","[0.882003903388977, 0.4749530553817749, 0.3782948851585388, 0.2166379690170288, 0.18002647161483765]"
2,centroid,1,187,Gemini,Gemini,"[""Gemini"", ""Vega"", ""Trius"", ""Hawk"", ""Xtreme""]","[0.847199559211731, 0.46387144923210144, 0.3710685968399048, 0.3204951286315918, 0.28076082468032837]"
2,centroid,1,188,Hawk,Hawk,"[""Hawk"", ""Alaris"", ""Vega"", ""Turbine"", ""Braga""]","[0.919349193572998, 0.5545781850814819, 0.47788205742836, 0.4458370804786682, 0.43997740745544434]"
2,centroid,1,189,Hawk,Mytikas,"[""Mytikas"", ""Braga"", ""Turbine"", ""Alcatras"", ""Alaris""]","[0.47169697284698486, 0.4641972780227661, 0.45986208319664, 0.41908442974090576, 0.40739327669143677]"
2,centroid,1,190,Hawk,Hawk,"[""Hawk"", ""Vega"", ""Alaris"", ""Turbine"", ""Alcatras""]","[0.9408732652664185, 0.5226045846939087, 0.424912691116333, 0.325501024723053, 0.2654063105583191]"
2,centroid,1,191,Hawk,Hawk,"[""Hawk"", ""Alaris"", ""Alcatras"", ""Turbine"", ""Vega""]","[0.9237250685691833, 0.40460100769996643, 0.39807671308517456, 0.34716689586639404, 0.32029104232788086]"
2,centroid,1,192,Hawk,Hawk,"[""Hawk"", ""Turbine"", ""Gemini"", ""Vega"", ""Braga""]","[0.5781406164169312, 0.5020344257354736, 0.3637199401855469, 0.28835663199424744, 0.19565173983573914]"
2,centroid,1,193,Hawk,Hawk,"[""Hawk"", ""Vega"", ""Braga"", ""Gemini"", ""Turbine""]","[0.940108597278595, 0.5846272706985474, 0.4373657703399658, 0.4048749804496765, 0.39755111932754517]"
2,centroid,1,194,Hawk,Hawk,"[""Hawk"", ""Braga"", ""Alaris"", ""Vega"", ""Turbine""]","[0.8895187377929688, 0.6868946552276611, 0.5499916076660156, 0.5185031890869141, 0.4878622889518738]"
2,centroid,1,195,Hawk,Hawk,"[""Hawk"", ""Alaris"", ""Turbine"", ""Alcatras"", ""Braga""]","[0.9673744440078735, 0.5191004276275635, 0.49689000844955444, 0.4639219343662262, 0.4628124237060547]"
2,centroid,1,196,Hawk,Hawk,"[""Hawk"", ""Alaris"", ""Alcatras"", ""Vega"", ""Turbine""]","[0.9311951398849487, 0.6150720119476318, 0.5209447741508484, 0.49059873819351196, 0.38695067167282104]"
2,centroid,1,197,Hawk,Hawk,"[""Hawk"", ""Vega"", ""Alaris"", ""Alcatras"", ""Braga""]","[0.9295980334281921, 0.6500458121299744, 0.5712612867355347, 0.4748377799987793, 0.44758105278015137]"
2,centroid,1,198,Hawk,Hawk,"[""Hawk"", ""Turbine"", ""Vega"", ""Braga"", ""Gemini""]","[0.8510559797286987, 0.5097206830978394, 0.40161988139152527, 0.320721834897995, 0.20887234807014465]"
2,centroid,1,199,Hawk,Turbine,"[""Turbine"", ""Braga"", ""Alcatras"", ""Hawk"", ""Mytikas""]","[0.750435471534729, 0.6867556571960449, 0.6023987531661987, 0.5995845794677734, 0.5785230398178101]"
2,centroid,1,200,Hawk,Hawk,"[""Hawk"", ""Alaris"", ""Alcatras"", ""Vega"", ""Turbine""]","[0.8119122982025146, 0.4459457993507385, 0.4088509678840637, 0.2952088713645935, 0.27512407302856445]"
2,centroid,1,201,Hawk,Hawk,"[""Hawk"", ""Alaris"", ""Turbine"", ""Vega"", ""Alcatras""]","[0.9383091330528259, 0.5155989527702332, 0.5076040029525757, 0.49152466654777527, 0.479888379573822]"
2,centroid,1,202,Hawk,Hawk,"[""Hawk"", ""Vega"", ""Turbine"", ""Alaris"", ""Alcatras""]","[0.941432535648346, 0.5256250500679016, 0.4246922433376312, 0.3950653374195099, 0.18545445799827576]"
2,centroid,1,203,Hawk,Hawk,"[""Hawk"", ""Alaris"", ""Alcatras"", ""Turbine"", ""Vega""]","[0.8185698986053467, 0.7138285636901855, 0.6232311725616455, 0.4067540764808655, 0.337018221616745]"
2,centroid,1,204,Hawk,Hawk,"[""Hawk"", ""Vega"", ""Gemini"", ""Turbine"", ""Braga""]","[0.7766345739364624, 0.6376307010650635, 0.494165301322937, 0.332945317029953, 0.31543657183647156]"
2,centroid,1,205,Hawk,Hawk,"[""Hawk"", ""Vega"", ""Alaris"", ""Turbine"", ""Braga""]","[0.9658207893371582, 0.5189398527145386, 0.4298781752586365, 0.4111924171447754, 0.3774108290672302]"
2,centroid,1,206,Hawk,Hawk,"[""Hawk"", ""Turbine"", ""Vega"", ""Alaris"", ""Braga""]","[0.9529259204864502, 0.3895302414894104, 0.32640233635902405, 0.3238045573234558, 0.2968161702156067]"
2,centroid,1,207,Hawk,Hawk,"[""Hawk"", ""Vega"", ""Turbine"", ""Gemini"", ""Alaris""]","[0.8861505389213562, 0.47386419773101807, 0.4079587757587433, 0.3643680214881897, 0.3479902446269989]"
2,centroid,1,208,Hawk,Hawk,"[""Hawk"", ""Braga"", ""Turbine"", ""Alcatras"", ""Alaris""]","[0.9352185130119324, 0.43132656812667847, 0.41196033358573914, 0.38230156898498535, 0.3788851797580719]"
2,centroid,1,209,Hawk,Hawk,"[""Hawk"", ""Alaris"", ""Alcatras"", ""Vega"", ""Turbine""]","[0.903165340423584, 0.6265406608581543, 0.5568960309028625, 0.5300467014312744, 0.4149382710456848]"
2,centroid,1,210,Hawk,Hawk,"[""Hawk"", ""Alaris"", ""Turbine"", ""Vega"", ""Alcatras""]","[0.9584495425224304, 0.5226202607154846, 0.5209145545959473, 0.45597606897354126, 0.42142584919929504]"
2,centroid,1,211,Hawk,Hawk,"[""Hawk"", ""Turbine"", ""Braga"", ""Alcatras"", ""Gemini""]","[0.9055109620094299, 0.3578646779060364, 0.3554248809814453, 0.30140382051467896, 0.29421859979629517]"
2,centroid,1,212,Hawk,Hawk,"[""Hawk"", ""Vega"", ""Turbine"", ""Gemini"", ""Xtreme""]","[0.8889883756637573, 0.4462411403656006, 0.33496129512786865, 0.2897852957248688, 0.24402949213981628]"
2,centroid,1,213,Hawk,Hawk,"[""Hawk"", ""Turbine"", ""Braga"", ""Vega"", ""Alaris""]","[0.8970207571983337, 0.5423262715339661, 0.4339097738265991, 0.4282452464103699, 0.33591899275779724]"
2,centroid,1,214,Ilias,Ilias,"[""Ilias"", ""Ratikon"", ""Denom"", ""Nivalis"", ""Velorum""]","[0.7786461710929871, 0.7522271871566772, 0.691736102104187, 0.32060927152633667, 0.08622533082962036]"
2,centroid,1,215,Ilias,Ilias,"[""Ilias"", ""Ratikon"", ""Denom"", ""Nivalis"", ""Velorum""]","[0.8656789064407349, 0.7382333278656006, 0.6215227842330933, 0.435779869556427, 0.25497671961784363]"
2,centroid,1,216,Ilias,Ilias,"[""Ilias"", ""Ratikon"", ""Denom"", ""Velorum"", ""Nivalis""]","[0.9415637850761414, 0.6062454581260681, 0.5000067949295044, 0.43714264035224915, 0.40721848607063293]"
2,centroid,1,217,Ilias,Ilias,"[""Ilias"", ""Ratikon"", ""Velorum"", ""Denom"", ""Nivalis""]","[0.8923104405403137, 0.5436137914657593, 0.377529501914978, 0.3461342453956604, 0.2113010585308075]"
2,centroid,1,218,Ilias,Ilias,"[""Ilias"", ""Ratikon"", ""Denom"", ""Velorum"", ""Nivalis""]","[0.9121465682983398, 0.518194854259491, 0.4014262557029724, 0.3374926447868347, 0.27850931882858276]"
2,centroid,1,219,Ilias,Ilias,"[""Ilias"", ""Ratikon"", ""Denom"", ""Nivalis"", ""Velorum""]","[0.9287710189819336, 0.5492412447929382, 0.45293840765953064, 0.39934349060058594, 0.29830479621887207]"
2,centroid,1,220,Ilias,Ilias,"[""Ilias"", ""Velorum"", ""Denom"", ""Ratikon"", ""Nivalis""]","[0.8256223797798157, 0.5980186462402344, 0.5138260126113892, 0.3862450122833252, 0.3594142198562622]"
2,centroid,1,221,Ilias,Ilias,"[""Ilias"", ""Denom"", ""Ratikon"", ""Xtreme"", ""Nivalis""]","[0.8158621191978455, 0.5837161540985107, 0.49619215726852417, 0.3871290683746338, 0.3589536249637604]"
2,centroid,1,222,Ilias,Ilias,"[""Ilias"", ""Ratikon"", ""Denom"", ""Velorum"", ""Nivalis""]","[0.9194964170455933, 0.6418724060058594, 0.5546449422836304, 0.5012322664260864, 0.40402865409851074]"
2,centroid,1,223,Ilias,Ilias,"[""Ilias"", ""Ratikon"", ""Denom"", ""Velorum"", ""Trius""]","[0.7569056153297424, 0.5537732839584351, 0.37541258335113525, 0.33916133642196655, 0.31777071952819824]"
2,centroid,1,224,Ilias,Velorum,"[""Velorum"", ""Denom"", ""Ilias"", ""Ratikon"", ""Nivalis""]","[0.7081000804901123, 0.6999193429946899, 0.6924272775650024, 0.6030124425888062, 0.5906129479408264]"
2,centroid,1,225,Ilias,Ilias,"[""Ilias"", ""Ratikon"", ""Denom"", ""Nivalis"", ""Velorum""]","[0.9341585636138916, 0.6877736449241638, 0.5623742341995239, 0.514987051486969, 0.40786850452423096]"
2,centroid,1,226,Ilias,Ilias,"[""Ilias"", ""Ratikon"", ""Denom"", ""Velorum"", ""Nivalis""]","[0.7199865579605103, 0.5330138206481934, 0.45844823122024536, 0.45113638043403625, 0.41295385360717773]"
2,centroid,1,227,Ilias,Ilias,"[""Ilias"", ""Velorum"", ""Nivalis"", ""Ratikon"", ""Denom""]","[0.7273354530334473, 0.6920130252838135, 0.3959018290042877, 0.34339556097984314, 0.32749176025390625]"
2,centroid,1,228,Ilias,Ilias,"[""Ilias"", ""Ratikon"", ""Denom"", ""Nivalis"", ""Velorum""]","[0.9300965666770935, 0.7058917284011841, 0.560044527053833, 0.5112418532371521, 0.435596764087677]"
2,centroid,1,229,Ilias,Ilias,"[""Ilias"", ""Denom"", ""Ratikon"", ""Nivalis"", ""Velorum""]","[0.8460116386413574, 0.670015275478363, 0.6020272970199585, 0.3186260163784027, 0.30769413709640503]"
2,centroid,1,230,Ilias,Turbine,"[""Turbine"", ""Alaris"", ""Hawk"", ""Vega"", ""Alcatras""]","[0.8087893724441528, 0.5749619603157043, 0.5436623096466064, 0.5363166332244873, 0.42574000358581543]"
2,centroid,1,231,Ilias,Ilias,"[""Ilias"", ""Ratikon"", ""Denom"", ""Nivalis"", ""Velorum""]","[0.9145940542221069, 0.569908857345581, 0.5415389537811279, 0.3735980987548828, 0.2969926595687866]"
2,centroid,1,232,Ilias,Ilias,"[""Ilias"", ""Ratikon"", ""Denom"", ""Nivalis"", ""Velorum""]","[0.905780553817749, 0.8392907381057739, 0.7542275190353394, 0.5149902105331421, 0.15430976450443268]"
2,centroid,1,233,Ilias,Ilias,"[""Ilias"", ""Denom"", ""Ratikon"", ""Velorum"", ""Nivalis""]","[0.8215310573577881, 0.560981273651123, 0.5247747898101807, 0.5080001354217529, 0.346288800239563]"
2,centroid,1,234,Ilias,Ilias,"[""Ilias"", ""Denom"", ""Ratikon"", ""Nivalis"", ""Xtreme""]","[0.7232353091239929, 0.7098878622055054, 0.6693069934844971, 0.3733336925506592, 0.18548838794231415]"
2,centroid,1,235,Ilias,Velorum,"[""Velorum"", ""Ilias"", ""Denom"", ""Nivalis"", ""Ratikon""]","[0.7310274839401245, 0.6573114991188049, 0.5484523773193359, 0.4878566861152649, 0.4072044789791107]"
2,centroid,1,236,Ilias,Nivalis,"[""Nivalis"", ""Ratikon"", ""Ilias"", ""Denom"", ""Velorum""]","[0.7048196196556091, 0.6291280388832092, 0.5806418061256409, 0.5024148225784302, 0.3748781383037567]"
2,centroid,1,237,Ilias,Ilias,"[""Ilias"", ""Ratikon"", ""Nivalis"", ""Denom"", ""Velorum""]","[0.9123553037643433, 0.5293163061141968, 0.48772144317626953, 0.45554810762405396, 0.4277758002281189]"
2,centroid,1,238,Ilias,Ilias,"[""Ilias"", ""Ratikon"", ""Denom"", ""Velorum"", ""Nivalis""]","[0.949350118637085, 0.6822301745414734, 0.6324730515480042, 0.5469489097595215, 0.4572051763534546]"
2,centroid,1,239,Ilias,Ratikon,"[""Ratikon"", ""Denom"", ""Ilias"", ""Nivalis"", ""Velorum""]","[0.8296072483062744, 0.7698136568069458, 0.7344155311584473, 0.5120866298675537, 0.12263992428779602]"
2,centroid,1,240,Ilias,Ilias,"[""Ilias"", ""Ratikon"", ""Denom"", ""Nivalis"", ""Velorum""]","[0.9316278696060181, 0.6488696932792664, 0.6132395267486572, 0.5140281915664673, 0.5008766651153564]"
2,centroid,1,241,Ilias,Ilias,"[""Ilias"", ""Ratikon"", ""Denom"", ""Triton"", ""Nivalis""]","[0.8544360995292664, 0.5625828504562378, 0.41801542043685913, 0.35968267917633057, 0.3134676218032837]"
2,centroid,1,242,Ilias,Ilias,"[""Ilias"", ""Ratikon"", ""Denom"", ""Velorum"", ""Nivalis""]","[0.9021112322807312, 0.5626772046089172, 0.5575956702232361, 0.3467336893081665, 0.2930159568786621]"
2,centroid,1,243,Mytikas,Mytikas,"[""Mytikas"", ""Triton"", ""Braga"", ""Trius"", ""Turbine""]","[0.7791298031806946, 0.6228392124176025, 0.5337824821472168, 0.4969090223312378, 0.49601614475250244]"
2,centroid,1,244,Mytikas,Triton,"[""Triton"", ""Mytikas"", ""Trius"", ""Braga"", ""Gemini""]","[0.7551923990249634, 0.7349052429199219, 0.6061317324638367, 0.5926116704940796, 0.5535462498664856]"
2,centroid,1,245,Mytikas,Triton,"[""Triton"", ""Mytikas"", ""Trius"", ""Castor"", ""Braga""]","[0.8246827125549316, 0.7069825530052185, 0.48113298416137695, 0.24441879987716675, 0.20624689757823944]"
2,centroid,1,246,Mytikas,Mytikas,"[""Mytikas"", ""Triton"", ""Alcatras"", ""Trius"", ""Castor""]","[0.8928308486938477, 0.5119447708129883, 0.4536435008049011, 0.3709750175476074, 0.3698725700378418]"
2,centroid,1,247,Mytikas,Mytikas,"[""Mytikas"", ""Castor"", ""Triton"", ""Alcatras"", ""Braga""]","[0.6900594234466553, 0.6747646331787109, 0.5663576126098633, 0.4886782169342041, 0.4276452660560608]"
2,centroid,1,248,Mytikas,Mytikas,"[""Mytikas"", ""Alcatras"", ""Triton"", ""Castor"", ""Braga""]","[0.929639458656311, 0.6597644090652466, 0.623812198638916, 0.6204029321670532, 0.5937513113021851]"
2,centroid,1,249,Mytikas,Mytikas,"[""Mytikas"", ""Triton"", ""Castor"", ""Braga"", ""Alcatras""]","[0.8462440967559814, 0.5732837915420532, 0.4056130647659302, 0.338530570268631, 0.3149506151676178]"
2,centroid,1,250,Mytikas,Mytikas,"[""Mytikas"", ""Alcatras"", ""Alaris"", ""Triton"", ""Turbine""]","[0.7379142045974731, 0.5760481357574463, 0.4328700304031372, 0.35632070899009705, 0.35233041644096375]"
2,centroid,1,251,Mytikas,Mytikas,"[""Mytikas"", ""Triton"", ""Castor"", ""Braga"", ""Trius""]","[0.8594239950180054, 0.7687692642211914, 0.6540728807449341, 0.5711612105369568, 0.46338951587677]"
2,centroid,1,252,Mytikas,Nivalis,"[""Nivalis"", ""Mytikas"", ""Vega"", ""Gemini"", ""Ratikon""]","[0.4851217269897461, 0.47897353768348694, 0.46256253123283386, 0.34806814789772034, 0.18919388949871063]"
2,centroid,1,253,Mytikas,Trius,"[""Trius"", ""Mytikas"", ""Triton"", ""Gemini"", ""Braga""]","[0.7349582314491272, 0.46730801463127136, 0.46006935834884644, 0.41994917392730713, 0.40031713247299194]"
2,centroid,1,254,Mytikas,Mytikas,"[""Mytikas"", ""Hawk"", ""Braga"", ""Vega"", ""Trius""]","[0.6955359578132629, 0.5554885268211365, 0.5087874531745911, 0.49314945936203003, 0.4730677008628845]"
2,centroid,1,255,Mytikas,Mytikas,"[""Mytikas"", ""Trius"", ""Triton"", ""Braga"", ""Castor""]","[0.8009060621261597, 0.7394843697547913, 0.5936073064804077, 0.5509961843490601, 0.44104325771331787]"
2,centroid,1,256,Mytikas,Mytikas,"[""Mytikas"", ""Alcatras"", ""Triton"", ""Braga"", ""Trius""]","[0.8956564664840698, 0.6831823587417603, 0.6483198404312134, 0.6177666187286377, 0.5741879940032959]"
2,centroid,1,257,Mytikas,Triton,"[""Triton"", ""Mytikas"", ""Castor"", ""Trius"", ""Braga""]","[0.8879144787788391, 0.8857792615890503, 0.6330695152282715, 0.5317145586013794, 0.48288848996162415]"
2,centroid,1,258,Mytikas,Mytikas,"[""Mytikas"", ""Triton"", ""Trius"", ""Alcatras"", ""Braga""]","[0.9010216593742371, 0.6773899793624878, 0.507955014705658, 0.4624842405319214, 0.40379229187965393]"
2,centroid,1,259,Mytikas,Mytikas,"[""Mytikas"", ""Triton"", ""Castor"", ""Alcatras"", ""Braga""]","[0.8175010681152344, 0.6547092795372009, 0.6486178636550903, 0.6174826622009277, 0.48750510811805725]"
2,centroid,1,260,Mytikas,Alcatras,"[""Alcatras"", ""Mytikas"", ""Alaris"", ""Trius"", ""Braga""]","[0.7841309309005737, 0.7306656837463379, 0.7092825770378113, 0.6109294295310974, 0.5328695178031921]"
2,centroid,1,261,Mytikas,Trius,"[""Trius"", ""Gemini"", ""Triton"", ""Mytikas"", ""Braga""]","[0.7077133655548096, 0.5651763081550598, 0.4911789894104004, 0.48223811388015747, 0.3954658508300781]"
2,centroid,1,262,Mytikas,Mytikas,"[""Mytikas"", ""Triton"", ""Turbine"", ""Trius"", ""Braga""]","[0.6166374683380127, 0.5708653926849365, 0.5400989055633545, 0.4937828481197357, 0.4709005355834961]"
2,centroid,1,263,Mytikas,Mytikas,"[""Mytikas"", ""Triton"", ""Trius"", ""Alcatras"", ""Braga""]","[0.8878121376037598, 0.759236216545105, 0.46658140420913696, 0.4429730772972107, 0.4393829107284546]"
2,centroid,1,264,Mytikas,Mytikas,"[""Mytikas"", ""Trius"", ""Castor"", ""Triton"", ""Alcatras""]","[0.7814127206802368, 0.7282048463821411, 0.6532397270202637, 0.6329522132873535, 0.6183145642280579]"
2,centroid,1,265,Mytikas,Mytikas,"[""Mytikas"", ""Triton"", ""Braga"", ""Trius"", ""Castor""]","[0.671945333480835, 0.6622498035430908, 0.6360340714454651, 0.6023600101470947, 0.4853269159793854]"
2,centroid,1,266,Mytikas,Mytikas,"[""Mytikas"", ""Triton"", ""Trius"", ""Braga"", ""Castor""]","[0.8918399810791016, 0.787451982498169, 0.5290873646736145, 0.5058631896972656, 0.4387384057044983]"
2,centroid,1,267,Mytikas,Trius,"[""Trius"", ""Mytikas"", ""Gemini"", ""Turbine"", ""Vega""]","[0.5436481237411499, 0.4097265899181366, 0.40200075507164, 0.3950367271900177, 0.3912205100059509]"
2,centroid,1,268,Mytikas,Mytikas,"[""Mytikas"", ""Triton"", ""Braga"", ""Velorum"", ""Castor""]","[0.8062462210655212, 0.6086592674255371, 0.4079803228378296, 0.4071468710899353, 0.33938655257225037]"
2,centroid,1,269,Mytikas,Castor,"[""Castor"", ""Mytikas"", ""Braga"", ""Alcatras"", ""Triton""]","[0.8339550495147705, 0.7740574479103088, 0.741387665271759, 0.6690484285354614, 0.6551249027252197]"
2,centroid,1,270,Mytikas,Mytikas,"[""Mytikas"", ""Trius"", ""Triton"", ""Braga"", ""Castor""]","[0.8367874622344971, 0.653131365776062, 0.5498431921005249, 0.38835543394088745, 0.35885560512542725]"
2,centroid,1,271,Nivalis,Nivalis,"[""Nivalis"", ""Ratikon"", ""Denom"", ""Ilias"", ""Vega""]","[0.721982479095459, 0.5678015351295471, 0.39678335189819336, 0.3377271890640259, 0.3238314986228943]"
2,centroid,1,272,Nivalis,Ratikon,"[""Ratikon"", ""Denom"", ""Nivalis"", ""Ilias"", ""Velorum""]","[0.8331365585327148, 0.822475790977478, 0.7791142463684082, 0.6088827252388, 0.38008320331573486]"
2,centroid,1,273,Nivalis,Nivalis,"[""Nivalis"", ""Denom"", ""Ratikon"", ""Ilias"", ""Velorum""]","[0.9126511812210083, 0.7398197650909424, 0.6655462980270386, 0.5791724920272827, 0.4691349267959595]"
2,centroid,1,274,Nivalis,Nivalis,"[""Nivalis"", ""Denom"", ""Ratikon"", ""Velorum"", ""Ilias""]","[0.7810479402542114, 0.7241270542144775, 0.6051716208457947, 0.46173080801963806, 0.4221230149269104]"
2,centroid,1,275,Nivalis,Nivalis,"[""Nivalis"", ""Xtreme"", ""Velorum"", ""Ilias"", ""Denom""]","[0.5505237579345703, 0.4636300504207611, 0.44506973028182983, 0.35095691680908203, 0.31008315086364746]"
2,centroid,1,276,Nivalis,Velorum,"[""Velorum"", ""Nivalis"", ""Ilias"", ""Ratikon"", ""Mytikas""]","[0.6574227809906006, 0.6345642805099487, 0.5621068477630615, 0.3969111442565918, 0.36852654814720154]"
2,centroid,1,277,Nivalis,Nivalis,"[""Nivalis"", ""Ilias"", ""Ratikon"", ""Velorum"", ""Denom""]","[0.84764564037323, 0.5872302651405334, 0.5820057392120361, 0.4456042945384979, 0.4328932762145996]"
2,centroid,1,278,Nivalis,Nivalis,"[""Nivalis"", ""Velorum"", ""Denom"", ""Ilias"", ""Ratikon""]","[0.8181025981903076, 0.6100775599479675, 0.5544745922088623, 0.37239474058151245, 0.3536533713340759]"
2,centroid,1,279,Nivalis,Nivalis,"[""Nivalis"", ""Ratikon"", ""Vega"", ""Denom"", ""Gemini""]","[0.7498469352722168, 0.5065374374389648, 0.38780584931373596, 0.3501681089401245, 0.27853846549987793]"
2,centroid,1,280,Nivalis,Nivalis,"[""Nivalis"", ""Ratikon"", ""Denom"", ""Ilias"", ""Velorum""]","[0.8786993622779846, 0.6698300838470459, 0.6058404445648193, 0.49255114793777466, 0.336429625749588]"
2,centroid,1,281,Nivalis,Ratikon,"[""Ratikon"", ""Denom"", ""Ilias"", ""Nivalis"", ""Velorum""]","[0.882685124874115, 0.8768717050552368, 0.8081145286560059, 0.7911357879638672, 0.3839920461177826]"
2,centroid,1,282,Nivalis,Nivalis,"[""Nivalis"", ""Denom"", ""Ilias"", ""Velorum"", ""Ratikon""]","[0.8379876613616943, 0.6461257934570312, 0.5034031867980957, 0.48385587334632874, 0.43527138233184814]"
2,centroid,1,283,Nivalis,Nivalis,"[""Nivalis"", ""Denom"", ""Ilias"", ""Ratikon"", ""Velorum""]","[0.7882176041603088, 0.5567617416381836, 0.5374319553375244, 0.5120759606361389, 0.46747463941574097]"
2,centroid,1,284,Nivalis,Nivalis,"[""Nivalis"", ""Velorum"", ""Denom"", ""Ilias"", ""Xtreme""]","[0.7149526476860046, 0.6502257585525513, 0.6260722875595093, 0.4226653277873993, 0.3153840899467468]"
2,centroid,1,285,Nivalis,Denom,"[""Denom"", ""Nivalis"", ""Ratikon"", ""Ilias"", ""Velorum""]","[0.9221913814544678, 0.8253270387649536, 0.7925504446029663, 0.5773266553878784, 0.22675949335098267]"
2,centroid,1,286,Nivalis,Nivalis,"[""Nivalis"", ""Ratikon"", ""Denom"", ""Ilias"", ""Velorum""]","[0.8804929852485657, 0.5542362928390503, 0.5439227223396301, 0.39987021684646606, 0.21982420980930328]"
2,centroid,1,287,Nivalis,Nivalis,"[""Nivalis"", ""Ratikon"", ""Denom"", ""Vega"", ""Ilias""]","[0.7740036845207214, 0.43696358799934387, 0.4156646132469177, 0.24672609567642212, 0.1883237510919571]"
2,centroid,1,288,Nivalis,Nivalis,"[""Nivalis"", ""Denom"", ""Ratikon"", ""Velorum"", ""Ilias""]","[0.9170541763305664, 0.644547700881958, 0.5910924673080444, 0.3860476315021515, 0.38127952814102173]"
2,centroid,1,289,Nivalis,Nivalis,"[""Nivalis"", ""Velorum"", ""Ilias"", ""Denom"", ""Xtreme""]","[0.7559921741485596, 0.5355185270309448, 0.39506787061691284, 0.3119232654571533, 0.24194982647895813]"
2,centroid,1,290,Nivalis,Denom,"[""Denom"", ""Ratikon"", ""Nivalis"", ""Ilias"", ""Velorum""]","[0.8660049438476562, 0.8388209939002991, 0.6697993278503418, 0.6426733732223511, 0.16134892404079437]"
2,centroid,1,291,Nivalis,Denom,"[""Denom"", ""Ratikon"", ""Nivalis"", ""Ilias"", ""Velorum""]","[0.6515412926673889, 0.6420247554779053, 0.4914395809173584, 0.4876690208911896, 0.4832639992237091]"
2,centroid,1,292,Nivalis,Nivalis,"[""Nivalis"", ""Velorum"", ""Denom"", ""Ilias"", ""Ratikon""]","[0.7834674119949341, 0.663851261138916, 0.3989984393119812, 0.23899751901626587, 0.20935967564582825]"
2,centroid,1,293,Ratikon,Ratikon,"[""Ratikon"", ""Ilias"", ""Denom"", ""Nivalis"", ""Velorum""]","[0.8914490938186646, 0.6735701560974121, 0.573860764503479, 0.49950918555259705, 0.13290967047214508]"
2,centroid,1,294,Ratikon,Ratikon,"[""Ratikon"", ""Denom"", ""Nivalis"", ""Ilias"", ""Velorum""]","[0.8793508410453796, 0.8052886128425598, 0.6907296776771545, 0.535049319267273, 0.14188241958618164]"
2,centroid,1,295,Ratikon,Ratikon,"[""Ratikon"", ""Denom"", ""Ilias"", ""Nivalis"", ""Velorum""]","[0.9251040816307068, 0.8047627210617065, 0.7313683032989502, 0.6615866422653198, 0.07022210210561752]"
2,centroid,1,296,Ratikon,Ratikon,"[""Ratikon"", ""Nivalis"", ""Denom"", ""Ilias"", ""Vega""]","[0.7081574201583862, 0.6933310031890869, 0.6610068082809448, 0.5176132917404175, 0.33845987915992737]"
2,centroid,1,297,Ratikon,Ratikon,"[""Ratikon"", ""Denom"", ""Ilias"", ""Nivalis"", ""Velorum""]","[0.9209359884262085, 0.7752997279167175, 0.6257290840148926, 0.5712937116622925, 0.19137415289878845]"
2,centroid,1,298,Ratikon,Ratikon,"[""Ratikon"", ""Denom"", ""Nivalis"", ""Ilias"", ""Velorum""]","[0.8380842208862305, 0.8213365077972412, 0.734310507774353, 0.5232315063476562, 0.10717944800853729]"
2,centroid,1,299,Ratikon,Ratikon,"[""Ratikon"", ""Denom"", ""Nivalis"", ""Ilias"", ""Velorum""]","[0.9431375861167908, 0.7675195336341858, 0.6349100470542908, 0.6184006929397583, 0.16792938113212585]"
2,centroid,1,300,Ratikon,Denom,"[""Denom"", ""Ratikon"", ""Nivalis"", ""Ilias"", ""Velorum""]","[0.8484717607498169, 0.8169773817062378, 0.7149040102958679, 0.5508881211280823, 0.34662967920303345]"
2,centroid,1,301,Ratikon,Gemini,"[""Gemini"", ""Trius"", ""Nivalis"", ""Denom"", ""Velorum""]","[0.4946659207344055, 0.4149710536003113, 0.39449530839920044, 0.3841284215450287, 0.32090669870376587]"
2,centroid,1,302,Ratikon,Denom,"[""Denom"", ""Ratikon"", ""Nivalis"", ""Ilias"", ""Velorum""]","[0.8796058893203735, 0.7039448022842407, 0.6605861186981201, 0.5210509896278381, 0.2454809844493866]"
2,centroid,1,303,Ratikon,Ratikon,"[""Ratikon"", ""Ilias"", ""Denom"", ""Nivalis"", ""Xtreme""]","[0.8308414220809937, 0.7906807661056519, 0.7835512161254883, 0.6676555871963501, 0.14230790734291077]"
2,centroid,1,304,Ratikon,Ratikon,"[""Ratikon"", ""Nivalis"", ""Denom"", ""Ilias"", ""Velorum""]","[0.876457691192627, 0.6710169315338135, 0.6686607003211975, 0.5186971426010132, 0.24353232979774475]"
2,centroid,1,305,Ratikon,Ratikon,"[""Ratikon"", ""Denom"", ""Nivalis"", ""Ilias"", ""Trius""]","[0.858123242855072, 0.6791161298751831, 0.5844249725341797, 0.5806049108505249, 0.08434439450502396]"
2,centroid,1,306,Ratikon,Ratikon,"[""Ratikon"", ""Ilias"", ""Denom"", ""Nivalis"", ""Velorum""]","[0.8812167644500732, 0.7860754132270813, 0.717226505279541, 0.6703120470046997, 0.4746885299682617]"
2,centroid,1,307,Ratikon,Ratikon,"[""Ratikon"", ""Denom"", ""Ilias"", ""Nivalis"", ""Velorum""]","[0.9099984169006348, 0.6861708164215088, 0.6768378019332886, 0.5339804887771606, 0.18327361345291138]"
2,centroid,1,308,Ratikon,Ratikon,"[""Ratikon"", ""Denom"", ""Nivalis"", ""Ilias"", ""Velorum""]","[0.8719415664672852, 0.8699349164962769, 0.6935665011405945, 0.4970889091491699, 0.09810657054185867]"
2,centroid,1,309,Ratikon,Ratikon,"[""Ratikon"", ""Ilias"", ""Velorum"", ""Denom"", ""Nivalis""]","[0.7441501617431641, 0.7039008736610413, 0.6147724390029907, 0.5968202352523804, 0.5605552792549133]"
2,centroid,1,310,Ratikon,Ratikon,"[""Ratikon"", ""Denom"", ""Ilias"", ""Nivalis"", ""Velorum""]","[0.9412165880203247, 0.8094900250434875, 0.7098618745803833, 0.6719995737075806, 0.1394306719303131]"
2,centroid,1,311,Ratikon,Ratikon,"[""Ratikon"", ""Denom"", ""Nivalis"", ""Ilias"", ""Velorum""]","[0.9305881261825562, 0.815442681312561, 0.7104232311248779, 0.5794052481651306, 0.10266310721635818]"
2,centroid,1,312,Ratikon,Ratikon,"[""Ratikon"", ""Denom"", ""Ilias"", ""Nivalis"", ""Velorum""]","[0.9700868725776672, 0.7035301923751831, 0.6332067251205444, 0.585260272026062, 0.08611838519573212]"
2,centroid,1,313,Ratikon,Ratikon,"[""Ratikon"", ""Ilias"", ""Denom"", ""Nivalis"", ""Velorum""]","[0.8678687810897827, 0.7091050148010254, 0.5664529800415039, 0.37992578744888306, 0.17905935645103455]"
2,centroid,1,314,Ratikon,Ratikon,"[""Ratikon"", ""Ilias"", ""Nivalis"", ""Denom"", ""Vega""]","[0.8555114269256592, 0.6965173482894897, 0.6956528425216675, 0.6649008393287659, 0.18166247010231018]"
2,centroid,1,315,Ratikon,Ratikon,"[""Ratikon"", ""Denom"", ""Ilias"", ""Nivalis"", ""Steel_Wheel""]","[0.7045589685440063, 0.6328505277633667, 0.517008900642395, 0.3249000906944275, 0.1178840696811676]"
2,centroid,1,316,Ratikon,Ilias,"[""Ilias"", ""Denom"", ""Ratikon"", ""Nivalis"", ""Velorum""]","[0.8016854524612427, 0.7317731976509094, 0.7277739644050598, 0.5323578715324402, 0.4234844446182251]"
2,centroid,1,317,Ratikon,Denom,"[""Denom"", ""Ratikon"", ""Nivalis"", ""Ilias"", ""Velorum""]","[0.8776823282241821, 0.7218495011329651, 0.6516239047050476, 0.44724059104919434, 0.3163297772407532]"
2,centroid,1,318,Ratikon,Ratikon,"[""Ratikon"", ""Ilias"", ""Nivalis"", ""Denom"", ""Alaris""]","[0.8478479385375977, 0.5021002292633057, 0.4365098774433136, 0.43333184719085693, 0.03646725416183472]"
2,centroid,1,319,Ratikon,Ratikon,"[""Ratikon"", ""Nivalis"", ""Denom"", ""Ilias"", ""Velorum""]","[0.8572293519973755, 0.8114886283874512, 0.7030918598175049, 0.513794481754303, 0.20830146968364716]"
2,centroid,1,320,Ratikon,Ratikon,"[""Ratikon"", ""Denom"", ""Nivalis"", ""Ilias"", ""Velorum""]","[0.9163253307342529, 0.8372609615325928, 0.8250588774681091, 0.6040158271789551, 0.21611428260803223]"
2,centroid,1,321,Steel_Wheel,Steel_Wheel,"[""Steel_Wheel"", ""Xtreme"", ""Denom"", ""Velorum"", ""Nivalis""]","[0.9718642830848694, 0.03336344286799431, -0.002959590405225754, -0.01071467250585556, -0.02074285037815571]"
2,centroid,1,322,Steel_Wheel,Steel_Wheel,"[""Steel_Wheel"", ""Xtreme"", ""Hawk"", ""Nivalis"", ""Velorum""]","[0.9725319743156433, 0.05562698841094971, 0.02428789623081684, 0.015179220587015152, 0.007546404376626015]"
2,centroid,1,323,Steel_Wheel,Steel_Wheel,"[""Steel_Wheel"", ""Xtreme"", ""Velorum"", ""Alcatras"", ""Castor""]","[0.9554557800292969, 0.0437714084982872, 0.015357919037342072, -0.009210068732500076, -0.04589042812585831]"
2,centroid,1,324,Steel_Wheel,Steel_Wheel,"[""Steel_Wheel"", ""Xtreme"", ""Velorum"", ""Nivalis"", ""Castor""]","[0.9659879207611084, 0.12046028673648834, 0.09529514610767365, 0.036355286836624146, 0.005405551753938198]"
2,centroid,1,325,Steel_Wheel,Steel_Wheel,"[""Steel_Wheel"", ""Velorum"", ""Denom"", ""Nivalis"", ""Xtreme""]","[0.8617594838142395, 0.3105783760547638, 0.18413162231445312, 0.16908371448516846, 0.1421154886484146]"
2,centroid,1,326,Steel_Wheel,Steel_Wheel,"[""Steel_Wheel"", ""Nivalis"", ""Velorum"", ""Turbine"", ""Xtreme""]","[0.9494051337242126, 0.1053667813539505, 0.07345996797084808, 0.04899164289236069, 0.03935520350933075]"
2,centroid,1,327,Steel_Wheel,Steel_Wheel,"[""Steel_Wheel"", ""Xtreme"", ""Denom"", ""Nivalis"", ""Hawk""]","[0.9133985042572021, 0.06883799284696579, 0.05816355347633362, 0.047932643443346024, 0.039494339376688004]"
2,centroid,1,328,Steel_Wheel,Steel_Wheel,"[""Steel_Wheel"", ""Velorum"", ""Denom"", ""Xtreme"", ""Nivalis""]","[0.9591159224510193, 0.07385258376598358, 0.04753248021006584, 0.020470265299081802, 0.017924459651112556]"
2,centroid,1,329,Steel_Wheel,Steel_Wheel,"[""Steel_Wheel"", ""Xtreme"", ""Alcatras"", ""Velorum"", ""Hawk""]","[0.9528482556343079, 0.06612535566091537, 0.05069718137383461, 0.03342457115650177, 0.020758861675858498]"
2,centroid,1,330,Steel_Wheel,Steel_Wheel,"[""Steel_Wheel"", ""Velorum"", ""Nivalis"", ""Mytikas"", ""Xtreme""]","[0.9614423513412476, 0.030933475121855736, 0.01311730220913887, 0.010024270042777061, -0.022185977548360825]"
2,centroid,1,331,Steel_Wheel,Steel_Wheel,"[""Steel_Wheel"", ""Xtreme"", ""Denom"", ""Velorum"", ""Nivalis""]","[0.9349437952041626, 0.15463095903396606, 0.07202184200286865, 0.007622197270393372, -0.004855063743889332]"
2,centroid,1,332,Steel_Wheel,Steel_Wheel,"[""Steel_Wheel"", ""Velorum"", ""Nivalis"", ""Xtreme"", ""Turbine""]","[0.9601246118545532, 0.08764347434043884, 0.08520171791315079, 0.06667331606149673, -0.0171770341694355]"
2,centroid,1,333,Steel_Wheel,Steel_Wheel,"[""Steel_Wheel"", ""Nivalis"", ""Denom"", ""Ratikon"", ""Xtreme""]","[0.9315107464790344, 0.19181635975837708, 0.05896417051553726, 0.04456008970737457, -0.012000229209661484]"
2,centroid,1,334,Steel_Wheel,Steel_Wheel,"[""Steel_Wheel"", ""Xtreme"", ""Nivalis"", ""Castor"", ""Velorum""]","[0.9766769409179688, 0.1163153126835823, 0.00875338725745678, 0.006300486624240875, -0.009754791855812073]"
2,centroid,1,335,Steel_Wheel,Steel_Wheel,"[""Steel_Wheel"", ""Velorum"", ""Nivalis"", ""Xtreme"", ""Alcatras""]","[0.9769798517227173, 0.019174885004758835, 0.01335592195391655, 0.0032616369426250458, -0.056630488485097885]"
2,centroid,1,336,Steel_Wheel,Steel_Wheel,"[""Steel_Wheel"", ""Hawk"", ""Xtreme"", ""Nivalis"", ""Denom""]","[0.9731709957122803, 0.04608221352100372, 0.038586925715208054, 0.01254449225962162, 0.008955329656600952]"
2,centroid,1,337,Steel_Wheel,Steel_Wheel,"[""Steel_Wheel"", ""Nivalis"", ""Velorum"", ""Denom"", ""Xtreme""]","[0.9665969014167786, 0.08669178932905197, 0.0532614141702652, 0.029296284541487694, 0.018747929483652115]"
2,centroid,1,338,Steel_Wheel,Steel_Wheel,"[""Steel_Wheel"", ""Mytikas"", ""Xtreme"", ""Castor"", ""Alcatras""]","[0.9167913198471069, 0.1576102375984192, 0.126448854804039, 0.09636328369379044, 0.008714161813259125]"
2,centroid,1,339,Steel_Wheel,Steel_Wheel,"[""Steel_Wheel"", ""Alcatras"", ""Xtreme"", ""Mytikas"", ""Velorum""]","[0.9562283754348755, 0.08225007355213165, 0.0731368139386177, 0.06481198966503143, 0.05103200674057007]"
2,centroid,1,340,Steel_Wheel,Steel_Wheel,"[""Steel_Wheel"", ""Xtreme"", ""Denom"", ""Velorum"", ""Nivalis""]","[0.9722362756729126, 0.07603196799755096, 0.07075319439172745, 0.05724084749817848, 0.035283543169498444]"
2,centroid,1,341,Steel_Wheel,Steel_Wheel,"[""Steel_Wheel"", ""Velorum"", ""Xtreme"", ""Nivalis"", ""Denom""]","[0.9563642740249634, 0.176675945520401, 0.1482027918100357, 0.12021298706531525, 0.018721546977758408]"
2,centroid,1,342,Steel_Wheel,Steel_Wheel,"[""Steel_Wheel"", ""Xtreme"", ""Nivalis"", ""Hawk"", ""Velorum""]","[0.9539188742637634, 0.1977265477180481, 0.11307070404291153, 0.025174275040626526, -0.03964454308152199]"
2,centroid,1,343,Steel_Wheel,Steel_Wheel,"[""Steel_Wheel"", ""Nivalis"", ""Velorum"", ""Xtreme"", ""Denom""]","[0.9555373787879944, 0.140287846326828, 0.12345244735479355, 0.04132949933409691, 0.02511145919561386]"
2,centroid,1,344,Steel_Wheel,Steel_Wheel,"[""Steel_Wheel"", ""Alcatras"", ""Hawk"", ""Castor"", ""Velorum""]","[0.9203048944473267, 0.0667894184589386, 0.06347790360450745, 0.05788647010922432, 0.047887466847896576]"
2,centroid,1,345,Steel_Wheel,Steel_Wheel,"[""Steel_Wheel"", ""Velorum"", ""Xtreme"", ""Nivalis"", ""Denom""]","[0.9838408827781677, 0.09717924892902374, 0.07479041069746017, 0.046010665595531464, -0.044764887541532516]"
2,centroid,1,346,Steel_Wheel,Steel_Wheel,"[""Steel_Wheel"", ""Hawk"", ""Velorum"", ""Nivalis"", ""Xtreme""]","[0.9380848407745361, 0.10624582320451736, 0.07971164584159851, 0.041968654841184616, 0.04195228964090347]"
2,centroid,1,347,Steel_Wheel,Steel_Wheel,"[""Steel_Wheel"", ""Nivalis"", ""Turbine"", ""Xtreme"", ""Castor""]","[0.9439681768417358, 0.06825219839811325, 0.04387722164392471, 0.022003207355737686, -0.03531717509031296]"
2,centroid,1,348,Steel_Wheel,Steel_Wheel,"[""Steel_Wheel"", ""Xtreme"", ""Castor"", ""Turbine"", ""Hawk""]","[0.9685817360877991, 0.0041764117777347565, -0.024772798642516136, -0.03660585731267929, -0.05202937871217728]"
2,centroid,1,349,Steel_Wheel,Steel_Wheel,"[""Steel_Wheel"", ""Nivalis"", ""Xtreme"", ""Turbine"", ""Hawk""]","[0.9544152617454529, 0.056592702865600586, 0.041150063276290894, -0.012789443135261536, -0.029577797278761864]"
2,centroid,1,350,Steel_Wheel,Steel_Wheel,"[""Steel_Wheel"", ""Denom"", ""Xtreme"", ""Nivalis"", ""Ratikon""]","[0.9118863344192505, 0.1459650844335556, 0.055721282958984375, -0.0019591543823480606, -0.04348770156502724]"
2,centroid,1,351,Steel_Wheel,Steel_Wheel,"[""Steel_Wheel"", ""Velorum"", ""Nivalis"", ""Turbine"", ""Mytikas""]","[0.9668995141983032, 0.06880618631839752, -0.008212391287088394, -0.012339530512690544, -0.021943332627415657]"
2,centroid,1,352,Steel_Wheel,Steel_Wheel,"[""Steel_Wheel"", ""Ratikon"", ""Denom"", ""Xtreme"", ""Nivalis""]","[0.9291473627090454, 0.026314370334148407, 0.012770920991897583, 0.0018836408853530884, -0.018078412860631943]"
2,centroid,1,353,Steel_Wheel,Steel_Wheel,"[""Steel_Wheel"", ""Xtreme"", ""Nivalis"", ""Velorum"", ""Denom""]","[0.9600632190704346, 0.14582300186157227, 0.05129581317305565, 0.04315808415412903, 0.011140059679746628]"
2,centroid,1,354,Steel_Wheel,Steel_Wheel,"[""Steel_Wheel"", ""Velorum"", ""Denom"", ""Castor"", ""Xtreme""]","[0.8333171606063843, 0.10558553785085678, 0.05905267596244812, -0.02885412611067295, -0.05705796182155609]"
2,centroid,1,355,Steel_Wheel,Steel_Wheel,"[""Steel_Wheel"", ""Xtreme"", ""Hawk"", ""Castor"", ""Gemini""]","[0.939163327217102, 0.22989769279956818, 0.01744411140680313, -0.023220645263791084, -0.023445364087820053]"
2,centroid,1,356,Triton,Triton,"[""Triton"", ""Trius"", ""Braga"", ""Mytikas"", ""Gemini""]","[0.9057724475860596, 0.7351839542388916, 0.7114905118942261, 0.6744035482406616, 0.37232545018196106]"
2,centroid,1,357,Triton,Triton,"[""Triton"", ""Mytikas"", ""Trius"", ""Braga"", ""Alcatras""]","[0.9060145616531372, 0.7336738109588623, 0.7119704484939575, 0.5873559713363647, 0.40912091732025146]"
2,centroid,1,358,Triton,Triton,"[""Triton"", ""Mytikas"", ""Trius"", ""Velorum"", ""Castor""]","[0.8216923475265503, 0.6124026775360107, 0.547217607498169, 0.3574821352958679, 0.33949515223503113]"
2,centroid,1,359,Triton,Triton,"[""Triton"", ""Mytikas"", ""Castor"", ""Braga"", ""Turbine""]","[0.6968053579330444, 0.6955550312995911, 0.6435398459434509, 0.5327824950218201, 0.520782470703125]"
2,centroid,1,360,Triton,Trius,"[""Trius"", ""Triton"", ""Braga"", ""Mytikas"", ""Velorum""]","[0.702431857585907, 0.6601218581199646, 0.3356827199459076, 0.31946760416030884, 0.29503774642944336]"
2,centroid,1,361,Triton,Triton,"[""Triton"", ""Mytikas"", ""Trius"", ""Castor"", ""Braga""]","[0.8568035364151001, 0.6728601455688477, 0.5758503675460815, 0.5625759363174438, 0.5180543065071106]"
2,centroid,1,362,Triton,Mytikas,"[""Mytikas"", ""Trius"", ""Triton"", ""Braga"", ""Castor""]","[0.6663737297058105, 0.6196385025978088, 0.6037804484367371, 0.5417413711547852, 0.4690707325935364]"
2,centroid,1,363,Triton,Alcatras,"[""Alcatras"", ""Trius"", ""Braga"", ""Mytikas"", ""Alaris""]","[0.7184159159660339, 0.6907376050949097, 0.655830442905426, 0.6438930034637451, 0.6370589137077332]"
2,centroid,1,364,Triton,Triton,"[""Triton"", ""Mytikas"", ""Trius"", ""Braga"", ""Castor""]","[0.8998954892158508, 0.666265070438385, 0.6274558305740356, 0.5070652365684509, 0.4711247384548187]"
2,centroid,1,365,Triton,Triton,"[""Triton"", ""Mytikas"", ""Trius"", ""Braga"", ""Castor""]","[0.9358755350112915, 0.8333818912506104, 0.6359137296676636, 0.5538653135299683, 0.41013842821121216]"
2,centroid,1,366,Triton,Triton,"[""Triton"", ""Trius"", ""Mytikas"", ""Braga"", ""Castor""]","[0.8709186315536499, 0.7261880040168762, 0.6568790674209595, 0.5961437225341797, 0.49718669056892395]"
2,centroid,1,367,Triton,Trius,"[""Trius"", ""Triton"", ""Mytikas"", ""Castor"", ""Braga""]","[0.78263258934021, 0.7765731811523438, 0.5848181843757629, 0.39206433296203613, 0.3515431880950928]"
2,centroid,1,368,Triton,Braga,"[""Braga"", ""Mytikas"", ""Alcatras"", ""Triton"", ""Trius""]","[0.8021308183670044, 0.7621368169784546, 0.7548321485519409, 0.6660364866256714, 0.6496992707252502]"
2,centroid,1,369,Triton,Triton,"[""Triton"", ""Mytikas"", ""Braga"", ""Castor"", ""Turbine""]","[0.8106405735015869, 0.7702566385269165, 0.6167259216308594, 0.6066644787788391, 0.4906618595123291]"
2,centroid,1,370,Triton,Triton,"[""Triton"", ""Mytikas"", ""Castor"", ""Braga"", ""Trius""]","[0.8090593814849854, 0.7592719793319702, 0.6890590786933899, 0.6097021102905273, 0.5824697017669678]"
2,centroid,1,371,Triton,Triton,"[""Triton"", ""Mytikas"", ""Trius"", ""Braga"", ""Castor""]","[0.8895478248596191, 0.689354658126831, 0.5189605951309204, 0.4047695994377136, 0.3580208420753479]"
2,centroid,1,372,Triton,Triton,"[""Triton"", ""Mytikas"", ""Castor"", ""Braga"", ""Trius""]","[0.870550274848938, 0.8698790073394775, 0.7604336738586426, 0.7433341145515442, 0.6655524969100952]"
2,centroid,1,373,Triton,Triton,"[""Triton"", ""Trius"", ""Mytikas"", ""Braga"", ""Castor""]","[0.864089846611023, 0.6212334632873535, 0.6065757870674133, 0.5199018716812134, 0.44653138518333435]"
2,centroid,1,374,Triton,Trius,"[""Trius"", ""Gemini"", ""Vega"", ""Alaris"", ""Braga""]","[0.7144787311553955, 0.6049718856811523, 0.5201883316040039, 0.44749900698661804, 0.40304940938949585]"
2,centroid,1,375,Triton,Triton,"[""Triton"", ""Trius"", ""Mytikas"", ""Braga"", ""Castor""]","[0.8568091988563538, 0.8344900608062744, 0.6620457172393799, 0.5475668907165527, 0.4566113352775574]"
2,centroid,1,376,Triton,Triton,"[""Triton"", ""Mytikas"", ""Trius"", ""Braga"", ""Castor""]","[0.8374767303466797, 0.7647864818572998, 0.6020102500915527, 0.4974764585494995, 0.4107423722743988]"
2,centroid,1,377,Triton,Triton,"[""Triton"", ""Trius"", ""Mytikas"", ""Braga"", ""Castor""]","[0.9011004567146301, 0.6904963254928589, 0.6190090179443359, 0.524268627166748, 0.44118791818618774]"
2,centroid,1,378,Triton,Trius,"[""Trius"", ""Mytikas"", ""Velorum"", ""Gemini"", ""Nivalis""]","[0.4971407949924469, 0.44988417625427246, 0.4347556531429291, 0.425482839345932, 0.3583924174308777]"
2,centroid,1,379,Triton,Triton,"[""Triton"", ""Mytikas"", ""Trius"", ""Braga"", ""Castor""]","[0.877751886844635, 0.62109375, 0.5533175468444824, 0.44545140862464905, 0.37283629179000854]"
2,centroid,1,380,Triton,Triton,"[""Triton"", ""Mytikas"", ""Castor"", ""Trius"", ""Braga""]","[0.9025290608406067, 0.7300935387611389, 0.6696504354476929, 0.5408896207809448, 0.48987260460853577]"
2,centroid,1,381,Triton,Triton,"[""Triton"", ""Mytikas"", ""Trius"", ""Castor"", ""Braga""]","[0.8612040877342224, 0.7448960542678833, 0.6013675928115845, 0.5949974656105042, 0.5086435079574585]"
2,centroid,1,382,Triton,Triton,"[""Triton"", ""Mytikas"", ""Trius"", ""Braga"", ""Castor""]","[0.8784319758415222, 0.7379259467124939, 0.6234403848648071, 0.43805190920829773, 0.3686838746070862]"
2,centroid,1,383,Triton,Triton,"[""Triton"", ""Trius"", ""Braga"", ""Mytikas"", ""Alcatras""]","[0.7533460259437561, 0.7249581813812256, 0.6263356804847717, 0.5959404706954956, 0.4853287935256958]"
2,centroid,1,384,Triton,Triton,"[""Triton"", ""Trius"", ""Mytikas"", ""Braga"", ""Castor""]","[0.9075778722763062, 0.6858217716217041, 0.6136937737464905, 0.4064348340034485, 0.3816685378551483]"
2,centroid,1,385,Triton,Triton,"[""Triton"", ""Trius"", ""Mytikas"", ""Braga"", ""Vega""]","[0.7446022629737854, 0.6035586595535278, 0.5658433437347412, 0.3095763325691223, 0.2597026824951172]"
2,centroid,1,386,Triton,Triton,"[""Triton"", ""Mytikas"", ""Braga"", ""Trius"", ""Castor""]","[0.8936631679534912, 0.7037364840507507, 0.6060928702354431, 0.5146100521087646, 0.4977889060974121]"
2,centroid,1,387,Triton,Triton,"[""Triton"", ""Trius"", ""Mytikas"", ""Braga"", ""Gemini""]","[0.8859418630599976, 0.6736688613891602, 0.6294318437576294, 0.49782711267471313, 0.2818904519081116]"
2,centroid,1,388,Triton,Trius,"[""Trius"", ""Mytikas"", ""Gemini"", ""Triton"", ""Braga""]","[0.65491783618927, 0.5595539808273315, 0.4262107312679291, 0.3842001259326935, 0.3003862798213959]"
2,centroid,1,389,Triton,Triton,"[""Triton"", ""Trius"", ""Mytikas"", ""Braga"", ""Castor""]","[0.9103167057037354, 0.7729322910308838, 0.7285940051078796, 0.7072402238845825, 0.4925941824913025]"
2,centroid,1,390,Triton,Triton,"[""Triton"", ""Trius"", ""Mytikas"", ""Braga"", ""Gemini""]","[0.8855750560760498, 0.6205438375473022, 0.5829636454582214, 0.36112940311431885, 0.27700674533843994]"
2,centroid,1,391,Triton,Triton,"[""Triton"", ""Braga"", ""Mytikas"", ""Trius"", ""Castor""]","[0.9034548401832581, 0.7434957027435303, 0.6425306797027588, 0.579710066318512, 0.5375479459762573]"
2,centroid,1,392,Triton,Triton,"[""Triton"", ""Trius"", ""Braga"", ""Castor"", ""Mytikas""]","[0.8185800313949585, 0.7135918736457825, 0.6106091141700745, 0.5198532938957214, 0.4919791519641876]"
2,centroid,1,393,Triton,Triton,"[""Triton"", ""Mytikas"", ""Trius"", ""Castor"", ""Ilias""]","[0.7973756194114685, 0.5318477749824524, 0.329089879989624, 0.3133912980556488, 0.2695440649986267]"
2,centroid,1,394,Triton,Castor,"[""Castor"", ""Braga"", ""Turbine"", ""Mytikas"", ""Alcatras""]","[0.7735207080841064, 0.7415875196456909, 0.6394355297088623, 0.6389586925506592, 0.5698089599609375]"
2,centroid,1,395,Triton,Triton,"[""Triton"", ""Mytikas"", ""Braga"", ""Gemini"", ""Trius""]","[0.7692043781280518, 0.6024608016014099, 0.5564357042312622, 0.475783109664917, 0.46713200211524963]"
2,centroid,1,396,Triton,Triton,"[""Triton"", ""Castor"", ""Mytikas"", ""Trius"", ""Velorum""]","[0.7772233486175537, 0.596937894821167, 0.5451842546463013, 0.5094171762466431, 0.37845155596733093]"
2,centroid,1,397,Triton,Triton,"[""Triton"", ""Trius"", ""Mytikas"", ""Braga"", ""Gemini""]","[0.8183777332305908, 0.7135494947433472, 0.5982375144958496, 0.5594627857208252, 0.49958592653274536]"
2,centroid,1,398,Triton,Triton,"[""Triton"", ""Mytikas"", ""Braga"", ""Trius"", ""Castor""]","[0.9311966896057129, 0.7303738594055176, 0.6288324594497681, 0.6016992926597595, 0.5021044015884399]"
2,centroid,1,399,Triton,Triton,"[""Triton"", ""Mytikas"", ""Castor"", ""Braga"", ""Trius""]","[0.7581929564476013, 0.5307356119155884, 0.47153592109680176, 0.41976454854011536, 0.3484196662902832]"
2,centroid,1,400,Triton,Mytikas,"[""Mytikas"", ""Castor"", ""Triton"", ""Alcatras"", ""Alaris""]","[0.6706225872039795, 0.6279082298278809, 0.6205617189407349, 0.6035773754119873, 0.4456097483634949]"
2,centroid,1,401,Triton,Triton,"[""Triton"", ""Mytikas"", ""Trius"", ""Braga"", ""Castor""]","[0.7980066537857056, 0.7553439140319824, 0.6669960021972656, 0.5736727118492126, 0.5498257279396057]"
2,centroid,1,402,Triton,Triton,"[""Triton"", ""Castor"", ""Trius"", ""Mytikas"", ""Braga""]","[0.7146956324577332, 0.6053193807601929, 0.5764509439468384, 0.5267397165298462, 0.4687691330909729]"
2,centroid,1,403,Triton,Triton,"[""Triton"", ""Mytikas"", ""Trius"", ""Braga"", ""Castor""]","[0.9569166898727417, 0.6945881843566895, 0.6434118747711182, 0.539237916469574, 0.44127607345581055]"
2,centroid,1,404,Triton,Triton,"[""Triton"", ""Trius"", ""Braga"", ""Mytikas"", ""Castor""]","[0.8828856945037842, 0.6247490644454956, 0.6038721799850464, 0.5795992612838745, 0.45497769117355347]"
2,centroid,1,405,Triton,Triton,"[""Triton"", ""Mytikas"", ""Castor"", ""Velorum"", ""Trius""]","[0.6746617555618286, 0.5254769325256348, 0.511099636554718, 0.4611651599407196, 0.45221272110939026]"
2,centroid,1,406,Triton,Triton,"[""Triton"", ""Mytikas"", ""Trius"", ""Braga"", ""Castor""]","[0.815552294254303, 0.6327473521232605, 0.596804141998291, 0.40713560581207275, 0.3974253535270691]"
2,centroid,1,407,Triton,Triton,"[""Triton"", ""Castor"", ""Mytikas"", ""Trius"", ""Alcatras""]","[0.783069372177124, 0.6285756826400757, 0.6115390658378601, 0.5189877152442932, 0.35490313172340393]"
2,centroid,1,408,Triton,Triton,"[""Triton"", ""Mytikas"", ""Trius"", ""Braga"", ""Castor""]","[0.9460502862930298, 0.7188184261322021, 0.5979092121124268, 0.5212626457214355, 0.4203052520751953]"
2,centroid,1,409,Trius,Trius,"[""Trius"", ""Triton"", ""Mytikas"", ""Braga"", ""Alcatras""]","[0.831443190574646, 0.6357535123825073, 0.5502550601959229, 0.4385167956352234, 0.3991531729698181]"
2,centroid,1,410,Trius,Triton,"[""Triton"", ""Braga"", ""Trius"", ""Castor"", ""Mytikas""]","[0.6486146450042725, 0.5727900862693787, 0.5450118184089661, 0.4673965573310852, 0.37862253189086914]"
2,centroid,1,411,Trius,Trius,"[""Trius"", ""Mytikas"", ""Triton"", ""Alcatras"", ""Braga""]","[0.8130120038986206, 0.7313867807388306, 0.7155179977416992, 0.657267689704895, 0.6213511824607849]"
2,centroid,1,412,Trius,Trius,"[""Trius"", ""Braga"", ""Mytikas"", ""Alcatras"", ""Turbine""]","[0.6659103631973267, 0.5931228399276733, 0.5572497248649597, 0.5548752546310425, 0.5083112716674805]"
2,centroid,1,413,Trius,Trius,"[""Trius"", ""Alcatras"", ""Gemini"", ""Alaris"", ""Braga""]","[0.7219027280807495, 0.6168855428695679, 0.5327318906784058, 0.47655755281448364, 0.452409952878952]"
2,centroid,1,414,Trius,Trius,"[""Trius"", ""Mytikas"", ""Velorum"", ""Gemini"", ""Triton""]","[0.6758983135223389, 0.46361368894577026, 0.45928409695625305, 0.397999107837677, 0.33670496940612793]"
2,centroid,1,415,Trius,Trius,"[""Trius"", ""Gemini"", ""Triton"", ""Braga"", ""Alaris""]","[0.7967842817306519, 0.5378498435020447, 0.524500846862793, 0.4932244122028351, 0.3898634910583496]"
2,centroid,1,416,Trius,Braga,"[""Braga"", ""Trius"", ""Mytikas"", ""Gemini"", ""Triton""]","[0.795972466468811, 0.7574895620346069, 0.63038170337677, 0.6267807483673096, 0.5527456402778625]"
2,centroid,1,417,Trius,Trius,"[""Trius"", ""Braga"", ""Alcatras"", ""Mytikas"", ""Triton""]","[0.877305269241333, 0.6763796806335449, 0.5938942432403564, 0.5754066705703735, 0.538473904132843]"
2,centroid,1,418,Trius,Trius,"[""Trius"", ""Triton"", ""Castor"", ""Mytikas"", ""Alcatras""]","[0.6981885433197021, 0.47338977456092834, 0.4306155741214752, 0.38729268312454224, 0.33851414918899536]"
2,centroid,1,419,Trius,Trius,"[""Trius"", ""Braga"", ""Alaris"", ""Alcatras"", ""Triton""]","[0.8208005428314209, 0.7150037288665771, 0.5372352600097656, 0.4492870271205902, 0.42815589904785156]"
2,centroid,1,420,Trius,Alaris,"[""Alaris"", ""Braga"", ""Trius"", ""Alcatras"", ""Hawk""]","[0.7130104899406433, 0.6087741851806641, 0.5467908978462219, 0.5175068378448486, 0.5167366862297058]"
2,centroid,1,421,Trius,Castor,"[""Castor"", ""Trius"", ""Alcatras"", ""Mytikas"", ""Triton""]","[0.7287249565124512, 0.6605406999588013, 0.540209949016571, 0.5353115797042847, 0.5012210011482239]"
2,centroid,1,422,Trius,Trius,"[""Trius"", ""Triton"", ""Braga"", ""Gemini"", ""Vega""]","[0.6012377738952637, 0.37699204683303833, 0.23924855887889862, 0.2133943736553192, 0.1945728212594986]"
2,centroid,1,423,Trius,Denom,"[""Denom"", ""Gemini"", ""Xtreme"", ""Nivalis"", ""Steel_Wheel""]","[0.43052923679351807, 0.35990339517593384, 0.355704128742218, 0.3498070240020752, 0.24059352278709412]"
2,centroid,1,424,Trius,Trius,"[""Trius"", ""Gemini"", ""Vega"", ""Triton"", ""Braga""]","[0.7358864545822144, 0.5501714944839478, 0.44982367753982544, 0.4304230809211731, 0.4050557017326355]"
2,centroid,1,425,Trius,Mytikas,"[""Mytikas"", ""Braga"", ""Triton"", ""Trius"", ""Alcatras""]","[0.7142438888549805, 0.7141233086585999, 0.6853829622268677, 0.6639837026596069, 0.4723552465438843]"
2,centroid,1,426,Trius,Trius,"[""Trius"", ""Triton"", ""Braga"", ""Alaris"", ""Alcatras""]","[0.906057596206665, 0.5764843225479126, 0.4511241316795349, 0.44930803775787354, 0.4376585781574249]"
2,centroid,1,427,Trius,Alcatras,"[""Alcatras"", ""Alaris"", ""Trius"", ""Vega"", ""Braga""]","[0.6861410140991211, 0.6742898225784302, 0.6165754795074463, 0.5549243688583374, 0.5417605638504028]"
2,centroid,1,428,Trius,Nivalis,"[""Nivalis"", ""Denom"", ""Velorum"", ""Trius"", ""Gemini""]","[0.6221704483032227, 0.4147576689720154, 0.4051469564437866, 0.3843702971935272, 0.37028399109840393]"
2,centroid,1,429,Trius,Castor,"[""Castor"", ""Triton"", ""Trius"", ""Mytikas"", ""Braga""]","[0.7134766578674316, 0.7106204032897949, 0.6280646324157715, 0.6145379543304443, 0.5437575578689575]"
2,centroid,1,430,Trius,Trius,"[""Trius"", ""Braga"", ""Alcatras"", ""Castor"", ""Alaris""]","[0.6007452607154846, 0.5312334299087524, 0.4219379425048828, 0.4008216857910156, 0.3645070195198059]"
2,centroid,1,431,Trius,Trius,"[""Trius"", ""Mytikas"", ""Triton"", ""Alcatras"", ""Braga""]","[0.8299263715744019, 0.715198278427124, 0.6408714056015015, 0.6101586818695068, 0.5530301332473755]"
2,centroid,1,432,Trius,Trius,"[""Trius"", ""Braga"", ""Alaris"", ""Alcatras"", ""Mytikas""]","[0.7994382381439209, 0.7353280782699585, 0.6974056959152222, 0.6299381256103516, 0.5648153424263]"
2,centroid,1,433,Trius,Trius,"[""Trius"", ""Mytikas"", ""Braga"", ""Alaris"", ""Vega""]","[0.7335605621337891, 0.37890446186065674, 0.3584482967853546, 0.32921069860458374, 0.31202423572540283]"
2,centroid,1,434,Trius,Trius,"[""Trius"", ""Gemini"", ""Mytikas"", ""Triton"", ""Denom""]","[0.6829851865768433, 0.4260373115539551, 0.3313462734222412, 0.3220769762992859, 0.24741610884666443]"
2,centroid,1,435,Trius,Trius,"[""Trius"", ""Alaris"", ""Alcatras"", ""Braga"", ""Hawk""]","[0.7778707146644592, 0.7139568328857422, 0.6850451231002808, 0.6752384901046753, 0.503085732460022]"
2,centroid,1,436,Trius,Trius,"[""Trius"", ""Triton"", ""Braga"", ""Mytikas"", ""Alaris""]","[0.8979490995407104, 0.6452164649963379, 0.5480718612670898, 0.45474135875701904, 0.41418784856796265]"
2,centroid,1,437,Trius,Trius,"[""Trius"", ""Alaris"", ""Braga"", ""Alcatras"", ""Vega""]","[0.7177150249481201, 0.6184706687927246, 0.5150281190872192, 0.4645111560821533, 0.3954378664493561]"
2,centroid,1,438,Trius,Trius,"[""Trius"", ""Velorum"", ""Gemini"", ""Mytikas"", ""Xtreme""]","[0.6038482189178467, 0.4164268374443054, 0.365163117647171, 0.29834890365600586, 0.25885844230651855]"
2,centroid,1,439,Trius,Trius,"[""Trius"", ""Braga"", ""Alaris"", ""Alcatras"", ""Triton""]","[0.8299731016159058, 0.575463056564331, 0.5573107600212097, 0.5152751207351685, 0.4091666340827942]"
2,centroid,1,440,Trius,Alcatras,"[""Alcatras"", ""Trius"", ""Alaris"", ""Braga"", ""Mytikas""]","[0.7301157712936401, 0.7167943716049194, 0.6680465936660767, 0.43449968099594116, 0.39400196075439453]"
2,centroid,1,441,Trius,Trius,"[""Trius"", ""Vega"", ""Gemini"", ""Braga"", ""Mytikas""]","[0.662570059299469, 0.49571436643600464, 0.3903631865978241, 0.35381579399108887, 0.34625035524368286]"
2,centroid,1,442,Trius,Trius,"[""Trius"", ""Mytikas"", ""Alcatras"", ""Alaris"", ""Braga""]","[0.7111830115318298, 0.5573266744613647, 0.5338038206100464, 0.5310697555541992, 0.3770487606525421]"
2,centroid,1,443,Trius,Trius,"[""Trius"", ""Vega"", ""Gemini"", ""Triton"", ""Alaris""]","[0.7445546984672546, 0.5148178935050964, 0.48695605993270874, 0.4325946569442749, 0.37878602743148804]"
2,centroid,1,444,Trius,Trius,"[""Trius"", ""Alaris"", ""Alcatras"", ""Braga"", ""Gemini""]","[0.8051621913909912, 0.6309720277786255, 0.4692342281341553, 0.3854963779449463, 0.3516010642051697]"
2,centroid,1,445,Trius,Trius,"[""Trius"", ""Triton"", ""Mytikas"", ""Braga"", ""Gemini""]","[0.8364160060882568, 0.7520709037780762, 0.5449902415275574, 0.4188232421875, 0.331678181886673]"
2,centroid,1,446,Trius,Trius,"[""Trius"", ""Triton"", ""Alcatras"", ""Braga"", ""Gemini""]","[0.7401289343833923, 0.43158382177352905, 0.37247249484062195, 0.31850123405456543, 0.30383166670799255]"
2,centroid,1,447,Trius,Trius,"[""Trius"", ""Gemini"", ""Braga"", ""Mytikas"", ""Alcatras""]","[0.8281086683273315, 0.5114791393280029, 0.4900515079498291, 0.4499349892139435, 0.3945145606994629]"
2,centroid,1,448,Trius,Trius,"[""Trius"", ""Braga"", ""Gemini"", ""Triton"", ""Alcatras""]","[0.8156841397285461, 0.7346189022064209, 0.6086570024490356, 0.545185387134552, 0.5386345386505127]"
2,centroid,1,449,Trius,Trius,"[""Trius"", ""Gemini"", ""Braga"", ""Triton"", ""Alaris""]","[0.7693189978599548, 0.47118330001831055, 0.35273122787475586, 0.246891587972641, 0.18739815056324005]"
2,centroid,1,450,Turbine,Turbine,"[""Turbine"", ""Hawk"", ""Vega"", ""Braga"", ""Castor""]","[0.9000644087791443, 0.4069264531135559, 0.3736707270145416, 0.3516516387462616, 0.333280473947525]"
2,centroid,1,451,Turbine,Alcatras,"[""Alcatras"", ""Alaris"", ""Mytikas"", ""Castor"", ""Turbine""]","[0.8713093400001526, 0.6967594623565674, 0.6924527883529663, 0.6775693893432617, 0.5794960260391235]"
2,centroid,1,452,Turbine,Turbine,"[""Turbine"", ""Castor"", ""Alcatras"", ""Braga"", ""Alaris""]","[0.797586977481842, 0.7861073613166809, 0.6591529846191406, 0.6358844041824341, 0.49140465259552]"
2,centroid,1,453,Turbine,Turbine,"[""Turbine"", ""Braga"", ""Castor"", ""Hawk"", ""Alcatras""]","[0.8911263942718506, 0.643267810344696, 0.6332861185073853, 0.5741034746170044, 0.5649448037147522]"
2,centroid,1,454,Turbine,Turbine,"[""Turbine"", ""Braga"", ""Castor"", ""Alcatras"", ""Mytikas""]","[0.8070636987686157, 0.6654214262962341, 0.5952563285827637, 0.5580785274505615, 0.5392336249351501]"
2,centroid,1,455,Turbine,Turbine,"[""Turbine"", ""Hawk"", ""Alaris"", ""Vega"", ""Braga""]","[0.9121838212013245, 0.6068103313446045, 0.5104669332504272, 0.45494723320007324, 0.4338734745979309]"
2,centroid,1,456,Turbine,Turbine,"[""Turbine"", ""Castor"", ""Hawk"", ""Braga"", ""Vega""]","[0.8841297030448914, 0.44329386949539185, 0.42307502031326294, 0.3957429528236389, 0.38766101002693176]"
2,centroid,1,457,Turbine,Turbine,"[""Turbine"", ""Braga"", ""Vega"", ""Hawk"", ""Gemini""]","[0.7756479978561401, 0.5625604391098022, 0.519961953163147, 0.42563045024871826, 0.33492565155029297]"
2,centroid,1,458,Turbine,Turbine,"[""Turbine"", ""Alaris"", ""Castor"", ""Alcatras"", ""Hawk""]","[0.8890910148620605, 0.5796966552734375, 0.5175252556800842, 0.49089324474334717, 0.4638943076133728]"
2,centroid,1,459,Turbine,Turbine,"[""Turbine"", ""Hawk"", ""Vega"", ""Braga"", ""Castor""]","[0.9002038240432739, 0.578078031539917, 0.46241623163223267, 0.36761245131492615, 0.3424193561077118]"
2,centroid,1,460,Turbine,Turbine,"[""Turbine"", ""Hawk"", ""Braga"", ""Vega"", ""Alaris""]","[0.8490113019943237, 0.44665253162384033, 0.3897239565849304, 0.37676796317100525, 0.3224809169769287]"
2,centroid,1,461,Turbine,Turbine,"[""Turbine"", ""Braga"", ""Hawk"", ""Vega"", ""Castor""]","[0.8967870473861694, 0.42543521523475647, 0.3989437222480774, 0.38708075881004333, 0.3501299023628235]"
2,centroid,1,462,Turbine,Turbine,"[""Turbine"", ""Castor"", ""Braga"", ""Alcatras"", ""Alaris""]","[0.8299651741981506, 0.7264132499694824, 0.4877599775791168, 0.4240392744541168, 0.3149923086166382]"
2,centroid,1,463,Turbine,Turbine,"[""Turbine"", ""Braga"", ""Alcatras"", ""Alaris"", ""Castor""]","[0.7638868689537048, 0.6377739906311035, 0.6200236678123474, 0.5570729970932007, 0.5379449129104614]"
2,centroid,1,464,Turbine,Turbine,"[""Turbine"", ""Castor"", ""Alcatras"", ""Braga"", ""Alaris""]","[0.7952799797058105, 0.7049516439437866, 0.5877004861831665, 0.469966858625412, 0.4519256353378296]"
2,centroid,1,465,Turbine,Turbine,"[""Turbine"", ""Castor"", ""Alcatras"", ""Alaris"", ""Braga""]","[0.8290767669677734, 0.7780048251152039, 0.6001498699188232, 0.5128011703491211, 0.4603079855442047]"
2,centroid,1,466,Turbine,Turbine,"[""Turbine"", ""Alcatras"", ""Alaris"", ""Vega"", ""Mytikas""]","[0.7687557935714722, 0.6855025291442871, 0.6104122400283813, 0.5825931429862976, 0.5649536848068237]"
2,centroid,1,467,Turbine,Turbine,"[""Turbine"", ""Hawk"", ""Vega"", ""Gemini"", ""Braga""]","[0.7526779174804688, 0.7026565074920654, 0.5304692983627319, 0.4222305715084076, 0.4150151312351227]"
2,centroid,1,468,Turbine,Turbine,"[""Turbine"", ""Castor"", ""Mytikas"", ""Alcatras"", ""Alaris""]","[0.7698317766189575, 0.502081036567688, 0.33741122484207153, 0.3177008628845215, 0.21312502026557922]"
2,centroid,1,469,Turbine,Braga,"[""Braga"", ""Turbine"", ""Castor"", ""Alcatras"", ""Alaris""]","[0.8346434831619263, 0.7530076503753662, 0.6361665725708008, 0.6134825348854065, 0.5370496511459351]"
2,centroid,1,470,Turbine,Hawk,"[""Hawk"", ""Turbine"", ""Alcatras"", ""Vega"", ""Alaris""]","[0.8215351104736328, 0.684402585029602, 0.32856422662734985, 0.3219057619571686, 0.3020477890968323]"
2,centroid,1,471,Turbine,Turbine,"[""Turbine"", ""Hawk"", ""Vega"", ""Braga"", ""Alcatras""]","[0.7950092554092407, 0.774878978729248, 0.4981747567653656, 0.4821150004863739, 0.4435119032859802]"
2,centroid,1,472,Turbine,Turbine,"[""Turbine"", ""Castor"", ""Alcatras"", ""Braga"", ""Mytikas""]","[0.7749541997909546, 0.7068926692008972, 0.6531854867935181, 0.5638210773468018, 0.5184100866317749]"
2,centroid,1,473,Turbine,Castor,"[""Castor"", ""Turbine"", ""Mytikas"", ""Braga"", ""Alcatras""]","[0.8459975719451904, 0.8198415040969849, 0.5961161851882935, 0.5147517919540405, 0.5044149160385132]"
2,centroid,1,474,Turbine,Castor,"[""Castor"", ""Turbine"", ""Braga"", ""Mytikas"", ""Triton""]","[0.853527307510376, 0.7373664379119873, 0.6931970119476318, 0.623075008392334, 0.5935757160186768]"
2,centroid,1,475,Turbine,Turbine,"[""Turbine"", ""Vega"", ""Hawk"", ""Braga"", ""Gemini""]","[0.8134667277336121, 0.5770615339279175, 0.47705259919166565, 0.41860026121139526, 0.336842805147171]"
2,centroid,1,476,Turbine,Turbine,"[""Turbine"", ""Alaris"", ""Alcatras"", ""Castor"", ""Braga""]","[0.8099890351295471, 0.6321070194244385, 0.600159764289856, 0.5488764047622681, 0.5107792615890503]"
2,centroid,1,477,Turbine,Turbine,"[""Turbine"", ""Castor"", ""Braga"", ""Alcatras"", ""Alaris""]","[0.8616949915885925, 0.7637662291526794, 0.4102279543876648, 0.40114152431488037, 0.2752891182899475]"
2,centroid,1,478,Vega,Vega,"[""Vega"", ""Gemini"", ""Hawk"", ""Braga"", ""Alaris""]","[0.9146360158920288, 0.5251270532608032, 0.40568166971206665, 0.2789429724216461, 0.17752492427825928]"
2,centroid,1,479,Vega,Vega,"[""Vega"", ""Alaris"", ""Braga"", ""Trius"", ""Alcatras""]","[0.7612515687942505, 0.5943618416786194, 0.5546128749847412, 0.5437301993370056, 0.5427424907684326]"
2,centroid,1,480,Vega,Vega,"[""Vega"", ""Hawk"", ""Alaris"", ""Braga"", ""Gemini""]","[0.901695728302002, 0.48539188504219055, 0.47269290685653687, 0.3844624161720276, 0.3321978449821472]"
2,centroid,1,481,Vega,Vega,"[""Vega"", ""Turbine"", ""Alaris"", ""Hawk"", ""Braga""]","[0.8577107191085815, 0.4517098069190979, 0.4335575997829437, 0.4309734106063843, 0.4039130210876465]"
2,centroid,1,482,Vega,Vega,"[""Vega"", ""Alaris"", ""Turbine"", ""Hawk"", ""Gemini""]","[0.9297389984130859, 0.4286707043647766, 0.39337098598480225, 0.37865501642227173, 0.36422961950302124]"
2,centroid,1,483,Vega,Vega,"[""Vega"", ""Alaris"", ""Alcatras"", ""Hawk"", ""Braga""]","[0.7493119239807129, 0.5434763431549072, 0.33525902032852173, 0.32179874181747437, 0.30849266052246094]"
2,centroid,1,484,Vega,Vega,"[""Vega"", ""Alaris"", ""Turbine"", ""Hawk"", ""Braga""]","[0.8740334510803223, 0.48181426525115967, 0.3890641927719116, 0.3649407625198364, 0.3300558924674988]"
2,centroid,1,485,Vega,Vega,"[""Vega"", ""Gemini"", ""Hawk"", ""Nivalis"", ""Alaris""]","[0.8541763424873352, 0.5368992686271667, 0.25634461641311646, 0.17588090896606445, 0.1576954424381256]"
2,centroid,1,486,Vega,Vega,"[""Vega"", ""Gemini"", ""Braga"", ""Alaris"", ""Trius""]","[0.8880608677864075, 0.46387991309165955, 0.3675943613052368, 0.36349284648895264, 0.2804666757583618]"
2,centroid,1,487,Vega,Vega,"[""Vega"", ""Hawk"", ""Gemini"", ""Alaris"", ""Braga""]","[0.9130063056945801, 0.4458790421485901, 0.3502405285835266, 0.3001612722873688, 0.2126176506280899]"
2,centroid,1,488,Vega,Vega,"[""Vega"", ""Alaris"", ""Braga"", ""Hawk"", ""Gemini""]","[0.9255989789962769, 0.5184085965156555, 0.42298465967178345, 0.3920256495475769, 0.384968101978302]"
2,centroid,1,489,Vega,Vega,"[""Vega"", ""Hawk"", ""Gemini"", ""Alaris"", ""Turbine""]","[0.8944382667541504, 0.555425763130188, 0.4711238741874695, 0.2633220851421356, 0.2604621648788452]"
2,centroid,1,490,Vega,Vega,"[""Vega"", ""Gemini"", ""Hawk"", ""Alaris"", ""Braga""]","[0.8702122569084167, 0.6461724042892456, 0.4751054048538208, 0.2797788083553314, 0.2792823910713196]"
2,centroid,1,491,Vega,Braga,"[""Braga"", ""Vega"", ""Gemini"", ""Trius"", ""Hawk""]","[0.7310090065002441, 0.7074317336082458, 0.6352391242980957, 0.5700434446334839, 0.5492419600486755]"
2,centroid,1,492,Vega,Vega,"[""Vega"", ""Gemini"", ""Hawk"", ""Braga"", ""Alaris""]","[0.9159716367721558, 0.573897123336792, 0.35001140832901, 0.22169537842273712, 0.20768749713897705]"
2,centroid,1,493,Vega,Vega,"[""Vega"", ""Alaris"", ""Hawk"", ""Braga"", ""Turbine""]","[0.888260006904602, 0.621208906173706, 0.49082159996032715, 0.46212321519851685, 0.4221569895744324]"
2,centroid,1,494,Vega,Vega,"[""Vega"", ""Hawk"", ""Braga"", ""Gemini"", ""Turbine""]","[0.8817628622055054, 0.4819803833961487, 0.42264223098754883, 0.37116461992263794, 0.3595533072948456]"
2,centroid,1,495,Vega,Vega,"[""Vega"", ""Gemini"", ""Turbine"", ""Alaris"", ""Braga""]","[0.8585271835327148, 0.3612384796142578, 0.3591216206550598, 0.25809246301651, 0.22601008415222168]"
2,centroid,1,496,Vega,Vega,"[""Vega"", ""Hawk"", ""Gemini"", ""Braga"", ""Turbine""]","[0.8814297914505005, 0.6361181735992432, 0.42060837149620056, 0.3837551474571228, 0.31917804479599]"
2,centroid,1,497,Vega,Vega,"[""Vega"", ""Hawk"", ""Alaris"", ""Gemini"", ""Braga""]","[0.9300600290298462, 0.5642319917678833, 0.44587910175323486, 0.3791153132915497, 0.31107890605926514]"
2,centroid,1,498,Vega,Vega,"[""Vega"", ""Braga"", ""Hawk"", ""Alaris"", ""Gemini""]","[0.9311822652816772, 0.5503817200660706, 0.5471199750900269, 0.5268999934196472, 0.5134856104850769]"
2,centroid,1,499,Vega,Vega,"[""Vega"", ""Hawk"", ""Gemini"", ""Turbine"", ""Alaris""]","[0.9236804246902466, 0.4368502199649811, 0.3486504554748535, 0.28360381722450256, 0.2573462128639221]"
2,centroid,1,500,Vega,Vega,"[""Vega"", ""Gemini"", ""Hawk"", ""Braga"", ""Alaris""]","[0.9512619972229004, 0.600273609161377, 0.4808408319950104, 0.4206352233886719, 0.3250601589679718]"
2,centroid,1,501,Vega,Vega,"[""Vega"", ""Gemini"", ""Hawk"", ""Braga"", ""Trius""]","[0.8259079456329346, 0.6454769372940063, 0.6175293922424316, 0.615962028503418, 0.3468838334083557]"
2,centroid,1,502,Vega,Vega,"[""Vega"", ""Gemini"", ""Hawk"", ""Alaris"", ""Braga""]","[0.9229527711868286, 0.5632448196411133, 0.47549134492874146, 0.34064674377441406, 0.32749122381210327]"
2,centroid,1,503,Vega,Vega,"[""Vega"", ""Alaris"", ""Hawk"", ""Braga"", ""Gemini""]","[0.915951132774353, 0.5842153429985046, 0.4882299304008484, 0.48288339376449585, 0.44199466705322266]"
2,centroid,1,504,Vega,Vega,"[""Vega"", ""Gemini"", ""Hawk"", ""Braga"", ""Alaris""]","[0.8962504863739014, 0.6233826875686646, 0.3964078426361084, 0.19518449902534485, 0.18006929755210876]"
2,centroid,1,505,Vega,Vega,"[""Vega"", ""Hawk"", ""Gemini"", ""Nivalis"", ""Turbine""]","[0.8399985432624817, 0.39736875891685486, 0.37088456749916077, 0.3290938138961792, 0.18088141083717346]"
2,centroid,1,506,Vega,Vega,"[""Vega"", ""Alaris"", ""Hawk"", ""Turbine"", ""Braga""]","[0.8411478400230408, 0.671723484992981, 0.6222646236419678, 0.5348107218742371, 0.5323264598846436]"
2,centroid,1,507,Vega,Vega,"[""Vega"", ""Hawk"", ""Braga"", ""Alaris"", ""Gemini""]","[0.9188554286956787, 0.6968207359313965, 0.5245956182479858, 0.4916715621948242, 0.46358153223991394]"
2,centroid,1,508,Vega,Vega,"[""Vega"", ""Alaris"", ""Hawk"", ""Turbine"", ""Alcatras""]","[0.9149476289749146, 0.5961480140686035, 0.5888866186141968, 0.49006378650665283, 0.43188607692718506]"
2,centroid,1,509,Vega,Vega,"[""Vega"", ""Hawk"", ""Gemini"", ""Turbine"", ""Alaris""]","[0.8829158544540405, 0.620354175567627, 0.5196119546890259, 0.2919562757015228, 0.2656905949115753]"
2,centroid,1,510,Vega,Alcatras,"[""Alcatras"", ""Vega"", ""Alaris"", ""Hawk"", ""Braga""]","[0.5340999960899353, 0.5195569396018982, 0.4128803610801697, 0.28910571336746216, 0.23497259616851807]"
2,centroid,1,511,Vega,Vega,"[""Vega"", ""Gemini"", ""Braga"", ""Alaris"", ""Hawk""]","[0.9160770773887634, 0.4975767135620117, 0.40436452627182007, 0.3633769750595093, 0.3219555616378784]"
2,centroid,1,512,Vega,Vega,"[""Vega"", ""Gemini"", ""Hawk"", ""Alaris"", ""Trius""]","[0.8418071866035461, 0.656991183757782, 0.5557032823562622, 0.35717689990997314, 0.3120907247066498]"
2,centroid,1,513,Velorum,Velorum,"[""Velorum"", ""Ilias"", ""Nivalis"", ""Triton"", ""Denom""]","[0.9313942790031433, 0.5112128853797913, 0.27935537695884705, 0.24941009283065796, 0.22004733979701996]"
2,centroid,1,514,Velorum,Velorum,"[""Velorum"", ""Ilias"", ""Denom"", ""Nivalis"", ""Ratikon""]","[0.8754948377609253, 0.5195882320404053, 0.391358345746994, 0.2240569144487381, 0.21616946160793304]"
2,centroid,1,515,Velorum,Velorum,"[""Velorum"", ""Nivalis"", ""Denom"", ""Ilias"", ""Castor""]","[0.9203746318817139, 0.36846667528152466, 0.2714276909828186, 0.2226269245147705, 0.2132796198129654]"
2,centroid,1,516,Velorum,Velorum,"[""Velorum"", ""Ilias"", ""Nivalis"", ""Xtreme"", ""Mytikas""]","[0.9270310997962952, 0.4889049232006073, 0.22027698159217834, 0.2142086625099182, 0.19740180671215057]"
2,centroid,1,517,Velorum,Velorum,"[""Velorum"", ""Nivalis"", ""Mytikas"", ""Ilias"", ""Alcatras""]","[0.9088742733001709, 0.3914591372013092, 0.3164970874786377, 0.31624138355255127, 0.14376473426818848]"
2,centroid,1,518,Velorum,Velorum,"[""Velorum"", ""Nivalis"", ""Ilias"", ""Denom"", ""Mytikas""]","[0.8690488934516907, 0.3809216618537903, 0.2441837042570114, 0.211752787232399, 0.10869671404361725]"
2,centroid,1,519,Velorum,Velorum,"[""Velorum"", ""Nivalis"", ""Ilias"", ""Denom"", ""Trius""]","[0.8737956881523132, 0.42441612482070923, 0.4120877981185913, 0.3504362106323242, 0.3359661102294922]"
2,centroid,1,520,Velorum,Velorum,"[""Velorum"", ""Alcatras"", ""Castor"", ""Mytikas"", ""Nivalis""]","[0.8834882378578186, 0.3633779287338257, 0.3474047780036926, 0.3387438952922821, 0.1956055611371994]"
2,centroid,1,521,Velorum,Velorum,"[""Velorum"", ""Mytikas"", ""Castor"", ""Nivalis"", ""Triton""]","[0.7554537653923035, 0.4686770737171173, 0.38340723514556885, 0.3646644353866577, 0.2688044607639313]"
2,centroid,1,522,Velorum,Velorum,"[""Velorum"", ""Ilias"", ""Nivalis"", ""Denom"", ""Xtreme""]","[0.9488338232040405, 0.4951755404472351, 0.39799922704696655, 0.3619931936264038, 0.19846759736537933]"
2,centroid,1,523,Velorum,Velorum,"[""Velorum"", ""Ilias"", ""Nivalis"", ""Denom"", ""Mytikas""]","[0.9488380551338196, 0.41898196935653687, 0.28724929690361023, 0.28133857250213623, 0.10917332768440247]"
2,centroid,1,524,Velorum,Velorum,"[""Velorum"", ""Alcatras"", ""Ilias"", ""Xtreme"", ""Trius""]","[0.8712731003761292, 0.2422875165939331, 0.2260943204164505, 0.20476125180721283, 0.19734391570091248]"
2,centroid,1,525,Velorum,Velorum,"[""Velorum"", ""Nivalis"", ""Castor"", ""Mytikas"", ""Ilias""]","[0.8854549527168274, 0.4305800497531891, 0.24569693207740784, 0.20512205362319946, 0.16926927864551544]"
2,centroid,1,526,Velorum,Velorum,"[""Velorum"", ""Ilias"", ""Nivalis"", ""Denom"", ""Ratikon""]","[0.897197425365448, 0.5563715696334839, 0.5201897621154785, 0.514814019203186, 0.3242037296295166]"
2,centroid,1,527,Velorum,Velorum,"[""Velorum"", ""Ilias"", ""Denom"", ""Nivalis"", ""Ratikon""]","[0.9083739519119263, 0.6261181235313416, 0.36480551958084106, 0.35896310210227966, 0.3050691783428192]"
2,centroid,1,528,Velorum,Velorum,"[""Velorum"", ""Ilias"", ""Mytikas"", ""Xtreme"", ""Nivalis""]","[0.8759534358978271, 0.41531071066856384, 0.36801815032958984, 0.2801951766014099, 0.26803773641586304]"
2,centroid,1,529,Velorum,Velorum,"[""Velorum"", ""Mytikas"", ""Ilias"", ""Triton"", ""Nivalis""]","[0.9213501214981079, 0.33649584650993347, 0.30638840794563293, 0.26765450835227966, 0.2522556185722351]"
2,centroid,1,530,Velorum,Velorum,"[""Velorum"", ""Ilias"", ""Mytikas"", ""Triton"", ""Nivalis""]","[0.9243044257164001, 0.34968775510787964, 0.23984777927398682, 0.23270349204540253, 0.2121415138244629]"
2,centroid,1,531,Velorum,Velorum,"[""Velorum"", ""Nivalis"", ""Ilias"", ""Denom"", ""Ratikon""]","[0.9196480512619019, 0.3752211332321167, 0.3735399842262268, 0.27668166160583496, 0.11310172826051712]"
2,centroid,1,532,Velorum,Velorum,"[""Velorum"", ""Nivalis"", ""Ilias"", ""Denom"", ""Trius""]","[0.9533494710922241, 0.44228029251098633, 0.43494176864624023, 0.3268023729324341, 0.19296665489673615]"
2,centroid,1,533,Velorum,Velorum,"[""Velorum"", ""Ilias"", ""Nivalis"", ""Denom"", ""Ratikon""]","[0.8958468437194824, 0.44229453802108765, 0.42839157581329346, 0.27275994420051575, 0.20386147499084473]"
2,centroid,1,534,Velorum,Velorum,"[""Velorum"", ""Ilias"", ""Nivalis"", ""Denom"", ""Steel_Wheel""]","[0.9544782638549805, 0.4084571599960327, 0.3044976592063904, 0.27433133125305176, 0.12968674302101135]"
2,centroid,1,535,Velorum,Velorum,"[""Velorum"", ""Ilias"", ""Denom"", ""Trius"", ""Nivalis""]","[0.8008452653884888, 0.4185096025466919, 0.4158678650856018, 0.28293371200561523, 0.1793259084224701]"
2,centroid,1,536,Velorum,Velorum,"[""Velorum"", ""Nivalis"", ""Denom"", ""Ilias"", ""Ratikon""]","[0.8658015727996826, 0.49599817395210266, 0.45723918080329895, 0.2739003598690033, 0.24141469597816467]"
2,centroid,1,537,Velorum,Velorum,"[""Velorum"", ""Castor"", ""Ilias"", ""Mytikas"", ""Alcatras""]","[0.9198877215385437, 0.2535855174064636, 0.223359152674675, 0.1999705582857132, 0.16080063581466675]"
2,centroid,1,538,Velorum,Velorum,"[""Velorum"", ""Ilias"", ""Nivalis"", ""Hawk"", ""Denom""]","[0.8088092803955078, 0.3773003816604614, 0.30367162823677063, 0.2362629771232605, 0.20336438715457916]"
2,centroid,1,539,Velorum,Ilias,"[""Ilias"", ""Ratikon"", ""Denom"", ""Nivalis"", ""Velorum""]","[0.671567440032959, 0.6708673238754272, 0.6516685485839844, 0.5802443027496338, 0.5389748811721802]"
2,centroid,1,540,Velorum,Velorum,"[""Velorum"", ""Nivalis"", ""Ilias"", ""Denom"", ""Ratikon""]","[0.93683260679245, 0.49345725774765015, 0.4666694104671478, 0.4091475307941437, 0.17196542024612427]"
2,centroid,1,541,Velorum,Velorum,"[""Velorum"", ""Ilias"", ""Denom"", ""Trius"", ""Nivalis""]","[0.757850706577301, 0.5071625709533691, 0.40274137258529663, 0.2914752960205078, 0.24708828330039978]"
2,centroid,1,542,Velorum,Velorum,"[""Velorum"", ""Ilias"", ""Mytikas"", ""Nivalis"", ""Triton""]","[0.8985720872879028, 0.4565865993499756, 0.3351899981498718, 0.3002449870109558, 0.1515444666147232]"
2,centroid,1,543,Velorum,Velorum,"[""Velorum"", ""Ilias"", ""Denom"", ""Nivalis"", ""Trius""]","[0.9452414512634277, 0.4963814318180084, 0.29537704586982727, 0.2756549119949341, 0.16081607341766357]"
2,centroid,1,544,Velorum,Velorum,"[""Velorum"", ""Ilias"", ""Nivalis"", ""Ratikon"", ""Denom""]","[0.8357040882110596, 0.5166108012199402, 0.45383986830711365, 0.33764195442199707, 0.30490028858184814]"
2,centroid,1,545,Velorum,Velorum,"[""Velorum"", ""Ilias"", ""Denom"", ""Nivalis"", ""Ratikon""]","[0.9048795700073242, 0.5140860080718994, 0.36937883496284485, 0.2929360270500183, 0.21919526159763336]"
2,centroid,1,546,Velorum,Velorum,"[""Velorum"", ""Ilias"", ""Mytikas"", ""Triton"", ""Nivalis""]","[0.9382667541503906, 0.35037845373153687, 0.2459201216697693, 0.20631754398345947, 0.18769124150276184]"
2,centroid,1,547,Velorum,Velorum,"[""Velorum"", ""Mytikas"", ""Castor"", ""Nivalis"", ""Turbine""]","[0.7158079147338867, 0.4977373480796814, 0.4306105375289917, 0.3970513939857483, 0.2765597105026245]"
2,centroid,1,548,Velorum,Velorum,"[""Velorum"", ""Ilias"", ""Nivalis"", ""Triton"", ""Mytikas""]","[0.9368150234222412, 0.3072250783443451, 0.30082014203071594, 0.26265618205070496, 0.24896255135536194]"
2,centroid,1,549,Velorum,Velorum,"[""Velorum"", ""Ilias"", ""Mytikas"", ""Nivalis"", ""Hawk""]","[0.8311173915863037, 0.33392533659935, 0.31018969416618347, 0.25999438762664795, 0.2208710014820099]"
2,centroid,1,550,Velorum,Velorum,"[""Velorum"", ""Ilias"", ""Mytikas"", ""Nivalis"", ""Triton""]","[0.9595454931259155, 0.3160629868507385, 0.27596065402030945, 0.26847851276397705, 0.14838823676109314]"
2,centroid,1,551,Velorum,Velorum,"[""Velorum"", ""Ilias"", ""Nivalis"", ""Denom"", ""Ratikon""]","[0.8263675570487976, 0.4414083659648895, 0.3708376884460449, 0.33815333247184753, 0.23481382429599762]"
2,centroid,1,552,Velorum,Velorum,"[""Velorum"", ""Ilias"", ""Nivalis"", ""Denom"", ""Mytikas""]","[0.9355341196060181, 0.458751380443573, 0.39298322796821594, 0.2810289263725281, 0.15872305631637573]"
2,centroid,1,553,Velorum,Velorum,"[""Velorum"", ""Nivalis"", ""Mytikas"", ""Ilias"", ""Castor""]","[0.8690866827964783, 0.4350387156009674, 0.274161159992218, 0.25894200801849365, 0.16085927188396454]"
2,centroid,1,554,Velorum,Velorum,"[""Velorum"", ""Ilias"", ""Nivalis"", ""Denom"", ""Mytikas""]","[0.9421834945678711, 0.555005669593811, 0.43792814016342163, 0.3405986726284027, 0.2809102535247803]"
2,centroid,1,555,Velorum,Velorum,"[""Velorum"", ""Denom"", ""Nivalis"", ""Castor"", ""Xtreme""]","[0.7360201478004456, 0.35968977212905884, 0.21574054658412933, 0.16843831539154053, 0.14691531658172607]"
2,centroid,1,556,Velorum,Velorum,"[""Velorum"", ""Denom"", ""Ilias"", ""Nivalis"", ""Ratikon""]","[0.8763340711593628, 0.48055529594421387, 0.39987289905548096, 0.3808821737766266, 0.23088708519935608]"
2,centroid,1,557,Velorum,Velorum,"[""Velorum"", ""Ilias"", ""Mytikas"", ""Xtreme"", ""Triton""]","[0.8842369914054871, 0.47384101152420044, 0.29368144273757935, 0.2469584345817566, 0.217454195022583]"
2,centroid,1,558,Velorum,Velorum,"[""Velorum"", ""Ilias"", ""Denom"", ""Nivalis"", ""Trius""]","[0.9301209449768066, 0.3462415933609009, 0.28369393944740295, 0.16063547134399414, 0.13921451568603516]"
2,centroid,1,559,Velorum,Velorum,"[""Velorum"", ""Nivalis"", ""Ilias"", ""Denom"", ""Ratikon""]","[0.8089872598648071, 0.6279606819152832, 0.5566038489341736, 0.5252196192741394, 0.42414307594299316]"
2,centroid,1,560,Velorum,Velorum,"[""Velorum"", ""Ilias"", ""Denom"", ""Ratikon"", ""Trius""]","[0.6887302398681641, 0.475680410861969, 0.43591758608818054, 0.2798224687576294, 0.19332534074783325]"
2,centroid,1,561,Velorum,Velorum,"[""Velorum"", ""Nivalis"", ""Ilias"", ""Denom"", ""Ratikon""]","[0.93683260679245, 0.49345725774765015, 0.4666694104671478, 0.4091475307941437, 0.17196542024612427]"
2,centroid,1,562,Velorum,Velorum,"[""Velorum"", ""Nivalis"", ""Ilias"", ""Denom"", ""Ratikon""]","[0.8567518591880798, 0.4938356280326843, 0.4922977685928345, 0.41229093074798584, 0.23227719962596893]"
2,centroid,1,563,Velorum,Velorum,"[""Velorum"", ""Ilias"", ""Denom"", ""Nivalis"", ""Ratikon""]","[0.9148936867713928, 0.4904816746711731, 0.4708241820335388, 0.4035409688949585, 0.18701346218585968]"
2,centroid,1,564,Velorum,Velorum,"[""Velorum"", ""Nivalis"", ""Denom"", ""Ilias"", ""Ratikon""]","[0.7414906024932861, 0.6753870248794556, 0.37480467557907104, 0.3207516670227051, 0.3166167736053467]"
2,centroid,1,565,Velorum,Velorum,"[""Velorum"", ""Mytikas"", ""Nivalis"", ""Castor"", ""Ilias""]","[0.8996275067329407, 0.4053485095500946, 0.33590710163116455, 0.28486567735671997, 0.2385147213935852]"
2,centroid,1,566,Velorum,Velorum,"[""Velorum"", ""Denom"", ""Ilias"", ""Nivalis"", ""Ratikon""]","[0.780163049697876, 0.6922802329063416, 0.4639207124710083, 0.45871061086654663, 0.3836398422718048]"
2,centroid,1,567,Velorum,Velorum,"[""Velorum"", ""Ilias"", ""Nivalis"", ""Mytikas"", ""Denom""]","[0.9042699933052063, 0.35023677349090576, 0.3136117458343506, 0.19297967851161957, 0.1443571001291275]"
2,centroid,1,568,Velorum,Velorum,"[""Velorum"", ""Trius"", ""Xtreme"", ""Alcatras"", ""Gemini""]","[0.5830079317092896, 0.32140469551086426, 0.2618851065635681, 0.2441384196281433, 0.20125770568847656]"
2,centroid,1,569,Velorum,Velorum,"[""Velorum"", ""Xtreme"", ""Ilias"", ""Nivalis"", ""Mytikas""]","[0.8913180232048035, 0.3178693950176239, 0.28295519948005676, 0.2651129961013794, 0.21145570278167725]"
2,centroid,1,570,Velorum,Velorum,"[""Velorum"", ""Ilias"", ""Nivalis"", ""Mytikas"", ""Alcatras""]","[0.9424242973327637, 0.23407357931137085, 0.220465749502182, 0.21583765745162964, 0.1436244249343872]"
2,centroid,1,571,Velorum,Velorum,"[""Velorum"", ""Ilias"", ""Nivalis"", ""Denom"", ""Mytikas""]","[0.9527746438980103, 0.38469576835632324, 0.3249218463897705, 0.25456589460372925, 0.06259585916996002]"
2,centroid,1,572,Xtreme,Xtreme,"[""Xtreme"", ""Gemini"", ""Nivalis"", ""Hawk"", ""Steel_Wheel""]","[0.9216628074645996, 0.5348618030548096, 0.16611650586128235, 0.14167866110801697, 0.11037356406450272]"
2,centroid,1,573,Xtreme,Xtreme,"[""Xtreme"", ""Gemini"", ""Hawk"", ""Mytikas"", ""Ilias""]","[0.9355133771896362, 0.4462781548500061, 0.1844901591539383, 0.17546220123767853, 0.133689746260643]"
2,centroid,1,574,Xtreme,Xtreme,"[""Xtreme"", ""Gemini"", ""Hawk"", ""Ilias"", ""Steel_Wheel""]","[0.9735797643661499, 0.4320746958255768, 0.0871666967868805, 0.06739280372858047, 0.030675342306494713]"
2,centroid,1,575,Xtreme,Xtreme,"[""Xtreme"", ""Gemini"", ""Velorum"", ""Hawk"", ""Ilias""]","[0.954433798789978, 0.35145682096481323, 0.17198456823825836, 0.13026642799377441, 0.08052163571119308]"
2,centroid,1,576,Xtreme,Xtreme,"[""Xtreme"", ""Gemini"", ""Hawk"", ""Velorum"", ""Vega""]","[0.9014309048652649, 0.6482945680618286, 0.12283578515052795, 0.08189910650253296, 0.08169583976268768]"
2,centroid,1,577,Xtreme,Xtreme,"[""Xtreme"", ""Gemini"", ""Ilias"", ""Hawk"", ""Steel_Wheel""]","[0.9468696117401123, 0.6056777238845825, 0.08851920068264008, 0.06137298420071602, 0.0439177043735981]"
2,centroid,1,578,Xtreme,Xtreme,"[""Xtreme"", ""Gemini"", ""Steel_Wheel"", ""Ilias"", ""Velorum""]","[0.9681248068809509, 0.46155625581741333, 0.14143525063991547, 0.13400737941265106, 0.09486108273267746]"
2,centroid,1,579,Xtreme,Xtreme,"[""Xtreme"", ""Gemini"", ""Braga"", ""Trius"", ""Triton""]","[0.8087069988250732, 0.5848660469055176, 0.41955918073654175, 0.33496588468551636, 0.32503193616867065]"
2,centroid,1,580,Xtreme,Xtreme,"[""Xtreme"", ""Gemini"", ""Ilias"", ""Denom"", ""Trius""]","[0.8032611608505249, 0.6100384593009949, 0.4437803030014038, 0.24046935141086578, 0.16404424607753754]"
2,centroid,1,581,Xtreme,Xtreme,"[""Xtreme"", ""Gemini"", ""Steel_Wheel"", ""Velorum"", ""Hawk""]","[0.9340444803237915, 0.3676447868347168, 0.189468652009964, 0.09161640703678131, 0.03917530179023743]"
2,centroid,1,582,Xtreme,Xtreme,"[""Xtreme"", ""Gemini"", ""Hawk"", ""Steel_Wheel"", ""Velorum""]","[0.9414043426513672, 0.3886093497276306, 0.1677614450454712, 0.14550335705280304, 0.07419486343860626]"
2,centroid,1,583,Xtreme,Xtreme,"[""Xtreme"", ""Gemini"", ""Hawk"", ""Velorum"", ""Ilias""]","[0.9174448847770691, 0.466066837310791, 0.25871387124061584, 0.19584110379219055, 0.07890983670949936]"
2,centroid,1,584,Xtreme,Xtreme,"[""Xtreme"", ""Gemini"", ""Ilias"", ""Hawk"", ""Velorum""]","[0.9365487694740295, 0.553714394569397, 0.246062234044075, 0.16466648876667023, 0.10176020860671997]"
2,centroid,1,585,Xtreme,Gemini,"[""Gemini"", ""Xtreme"", ""Braga"", ""Trius"", ""Mytikas""]","[0.804153561592102, 0.5815792083740234, 0.4856080114841461, 0.47069376707077026, 0.46468865871429443]"
2,centroid,1,586,Xtreme,Xtreme,"[""Xtreme"", ""Gemini"", ""Nivalis"", ""Ilias"", ""Steel_Wheel""]","[0.9547645449638367, 0.5262036919593811, 0.13583509624004364, 0.13396969437599182, 0.10987130552530289]"
2,centroid,1,587,Xtreme,Xtreme,"[""Xtreme"", ""Gemini"", ""Braga"", ""Ilias"", ""Hawk""]","[0.9540755152702332, 0.5635150671005249, 0.07228177785873413, 0.0701589360833168, 0.039152659475803375]"
2,centroid,1,588,Xtreme,Xtreme,"[""Xtreme"", ""Gemini"", ""Velorum"", ""Mytikas"", ""Hawk""]","[0.9619497060775757, 0.38943055272102356, 0.1790960729122162, 0.10054972767829895, 0.0970517247915268]"
2,centroid,1,589,Xtreme,Xtreme,"[""Xtreme"", ""Gemini"", ""Triton"", ""Mytikas"", ""Ilias""]","[0.9248823523521423, 0.3860633373260498, 0.20492784678936005, 0.17694298923015594, 0.09936700761318207]"
2,centroid,1,590,Xtreme,Xtreme,"[""Xtreme"", ""Gemini"", ""Nivalis"", ""Ilias"", ""Steel_Wheel""]","[0.9421820640563965, 0.4248523414134979, 0.12065235525369644, 0.08035643398761749, 0.03161507099866867]"
2,centroid,1,591,Xtreme,Xtreme,"[""Xtreme"", ""Gemini"", ""Braga"", ""Triton"", ""Mytikas""]","[0.7629421949386597, 0.5004104375839233, 0.44998160004615784, 0.447331964969635, 0.3973616361618042]"
2,centroid,1,592,Xtreme,Xtreme,"[""Xtreme"", ""Gemini"", ""Trius"", ""Braga"", ""Velorum""]","[0.8585708141326904, 0.7143969535827637, 0.20184612274169922, 0.15379123389720917, 0.12393869459629059]"
2,centroid,1,593,Xtreme,Xtreme,"[""Xtreme"", ""Gemini"", ""Hawk"", ""Steel_Wheel"", ""Braga""]","[0.9627084732055664, 0.36846408247947693, 0.11579134315252304, 0.1001727432012558, 0.07039371132850647]"
2,centroid,1,594,Xtreme,Xtreme,"[""Xtreme"", ""Gemini"", ""Steel_Wheel"", ""Hawk"", ""Nivalis""]","[0.9452448487281799, 0.473130464553833, 0.13800764083862305, 0.129691943526268, 0.113408163189888]"
2,centroid,1,595,Xtreme,Xtreme,"[""Xtreme"", ""Gemini"", ""Steel_Wheel"", ""Nivalis"", ""Ilias""]","[0.976714551448822, 0.44955819845199585, 0.1094832494854927, 0.04221878945827484, 0.032367486506700516]"
2,centroid,1,596,Xtreme,Xtreme,"[""Xtreme"", ""Gemini"", ""Ilias"", ""Triton"", ""Mytikas""]","[0.9111864566802979, 0.40103644132614136, 0.2174634039402008, 0.17324745655059814, 0.16321244835853577]"
2,centroid,1,597,Xtreme,Xtreme,"[""Xtreme"", ""Gemini"", ""Ilias"", ""Triton"", ""Velorum""]","[0.9483849406242371, 0.49753424525260925, 0.1794167459011078, 0.12124359607696533, 0.1102990061044693]"
2,centroid,1,598,Xtreme,Xtreme,"[""Xtreme"", ""Gemini"", ""Hawk"", ""Braga"", ""Vega""]","[0.8627287745475769, 0.5830420255661011, 0.442920982837677, 0.23673677444458008, 0.1576503962278366]"
2,centroid,1,599,Xtreme,Xtreme,"[""Xtreme"", ""Gemini"", ""Ilias"", ""Denom"", ""Steel_Wheel""]","[0.9503239989280701, 0.36564433574676514, 0.13873690366744995, 0.12051966786384583, 0.10407502949237823]"
2,centroid,1,600,Xtreme,Xtreme,"[""Xtreme"", ""Gemini"", ""Trius"", ""Nivalis"", ""Vega""]","[0.7659049034118652, 0.7525756359100342, 0.29840517044067383, 0.1732645332813263, 0.1499975025653839]"
2,centroid,1,601,Xtreme,Xtreme,"[""Xtreme"", ""Gemini"", ""Denom"", ""Ilias"", ""Nivalis""]","[0.938648521900177, 0.4363725483417511, 0.17490831017494202, 0.16142550110816956, 0.11021891236305237]"
2,centroid,1,602,Xtreme,Xtreme,"[""Xtreme"", ""Gemini"", ""Hawk"", ""Mytikas"", ""Velorum""]","[0.9175282120704651, 0.3585623502731323, 0.18799445033073425, 0.13402968645095825, 0.11792728304862976]"
2,centroid,1,603,Xtreme,Braga,"[""Braga"", ""Triton"", ""Xtreme"", ""Gemini"", ""Trius""]","[0.7431454062461853, 0.6224867105484009, 0.5770168304443359, 0.5732380151748657, 0.5538903474807739]"
2,centroid,1,604,Xtreme,Xtreme,"[""Xtreme"", ""Gemini"", ""Hawk"", ""Braga"", ""Vega""]","[0.8968180418014526, 0.5024093985557556, 0.30412906408309937, 0.13444198668003082, 0.06241689622402191]"
2,centroid,1,605,Xtreme,Gemini,"[""Gemini"", ""Triton"", ""Xtreme"", ""Braga"", ""Trius""]","[0.5938599705696106, 0.5636338591575623, 0.4959051311016083, 0.45088818669319153, 0.4223647117614746]"
2,centroid,1,606,Xtreme,Xtreme,"[""Xtreme"", ""Gemini"", ""Braga"", ""Triton"", ""Ilias""]","[0.918170154094696, 0.5427154898643494, 0.1432304084300995, 0.09658506512641907, 0.06764911115169525]"
2,centroid,1,607,Xtreme,Gemini,"[""Gemini"", ""Xtreme"", ""Trius"", ""Denom"", ""Braga""]","[0.563524603843689, 0.4877842962741852, 0.3867933452129364, 0.32499951124191284, 0.21263058483600616]"
2,centroid,1,608,Xtreme,Xtreme,"[""Xtreme"", ""Gemini"", ""Hawk"", ""Steel_Wheel"", ""Braga""]","[0.9885825514793396, 0.4953829348087311, 0.08544278144836426, 0.07600513100624084, 0.06973594427108765]"
2,centroid,1,609,Xtreme,Xtreme,"[""Xtreme"", ""Gemini"", ""Velorum"", ""Ilias"", ""Trius""]","[0.661888837814331, 0.5478631258010864, 0.49359291791915894, 0.28451818227767944, 0.2147337794303894]"
