fold,retrieval_mode,topn,query_index,true_label,top1_predicted_label,top_k_labels,top_k_scores
3,centroid,1,0,Alaris,Alaris,"[""Alaris"", ""Alcatras"", ""Trius"", ""Braga"", ""Turbine""]","[0.8405051827430725, 0.7511996626853943, 0.5109808444976807, 0.4957170784473419, 0.48268604278564453]"
3,centroid,1,1,Alaris,Alaris,"[""Alaris"", ""Alcatras"", ""Turbine"", ""Trius"", ""Hawk""]","[0.952447772026062, 0.795434832572937, 0.49794095754623413, 0.40180152654647827, 0.39672204852104187]"
3,centroid,1,2,Alaris,Alaris,"[""Alaris"", ""Alcatras"", ""Hawk"", ""Vega"", ""Trius""]","[0.8250620365142822, 0.755328357219696, 0.5562401413917542, 0.2987310290336609, 0.2898084819316864]"
3,centroid,1,3,Alaris,Alaris,"[""Alaris"", ""Alcatras"", ""Trius"", ""Braga"", ""Hawk""]","[0.928383469581604, 0.7478640079498291, 0.5217746496200562, 0.5070633888244629, 0.44309431314468384]"
3,centroid,1,4,Alaris,Alaris,"[""Alaris"", ""Alcatras"", ""Hawk"", ""Turbine"", ""Braga""]","[0.9084550142288208, 0.7668353319168091, 0.4564092457294464, 0.40303903818130493, 0.32208019495010376]"
3,centroid,1,5,Alaris,Alaris,"[""Alaris"", ""Alcatras"", ""Hawk"", ""Trius"", ""Braga""]","[0.7451627254486084, 0.6962659358978271, 0.6029833555221558, 0.524177074432373, 0.3741917312145233]"
3,centroid,1,6,Alaris,Alaris,"[""Alaris"", ""Hawk"", ""Alcatras"", ""Vega"", ""Turbine""]","[0.8357982635498047, 0.6483229398727417, 0.6113835573196411, 0.5608739256858826, 0.4869310259819031]"
3,centroid,1,7,Alaris,Alaris,"[""Alaris"", ""Alcatras"", ""Trius"", ""Turbine"", ""Vega""]","[0.8516306281089783, 0.6563339233398438, 0.47881144285202026, 0.3102845251560211, 0.303485631942749]"
3,centroid,1,8,Alaris,Alaris,"[""Alaris"", ""Alcatras"", ""Trius"", ""Turbine"", ""Triton""]","[0.8423362970352173, 0.7121192812919617, 0.5157309174537659, 0.33883190155029297, 0.32359156012535095]"
3,centroid,1,9,Alaris,Braga,"[""Braga"", ""Alcatras"", ""Castor"", ""Alaris"", ""Gemini""]","[0.4207870066165924, 0.39897531270980835, 0.3235226273536682, 0.261762797832489, 0.20635202527046204]"
3,centroid,1,10,Alaris,Alaris,"[""Alaris"", ""Alcatras"", ""Braga"", ""Hawk"", ""Turbine""]","[0.8372488021850586, 0.6583664417266846, 0.5742590427398682, 0.490519642829895, 0.46176573634147644]"
3,centroid,1,11,Alaris,Alaris,"[""Alaris"", ""Alcatras"", ""Mytikas"", ""Trius"", ""Castor""]","[0.8212238550186157, 0.8135436773300171, 0.5937876105308533, 0.5682168006896973, 0.39699018001556396]"
3,centroid,1,12,Alaris,Triton,"[""Triton"", ""Castor"", ""Mytikas"", ""Trius"", ""Braga""]","[0.8143352270126343, 0.6320927143096924, 0.5463426113128662, 0.5257636308670044, 0.4737764000892639]"
3,centroid,1,13,Alaris,Alaris,"[""Alaris"", ""Alcatras"", ""Trius"", ""Hawk"", ""Turbine""]","[0.7990802526473999, 0.559044361114502, 0.4297809600830078, 0.3240426182746887, 0.3122083246707916]"
3,centroid,1,14,Alaris,Alaris,"[""Alaris"", ""Alcatras"", ""Braga"", ""Vega"", ""Turbine""]","[0.8244507312774658, 0.6287498474121094, 0.41972267627716064, 0.4074521064758301, 0.3557620346546173]"
3,centroid,1,15,Alaris,Alaris,"[""Alaris"", ""Alcatras"", ""Braga"", ""Trius"", ""Castor""]","[0.8969940543174744, 0.8303832411766052, 0.5816075801849365, 0.5666600465774536, 0.47908902168273926]"
3,centroid,1,16,Alaris,Alaris,"[""Alaris"", ""Alcatras"", ""Trius"", ""Turbine"", ""Braga""]","[0.9501248598098755, 0.7290038466453552, 0.4554947018623352, 0.40377819538116455, 0.38046401739120483]"
3,centroid,1,17,Alaris,Alaris,"[""Alaris"", ""Alcatras"", ""Braga"", ""Hawk"", ""Trius""]","[0.8648763298988342, 0.7219901084899902, 0.5796397924423218, 0.5463799238204956, 0.4990733861923218]"
3,centroid,1,18,Alaris,Alaris,"[""Alaris"", ""Alcatras"", ""Turbine"", ""Braga"", ""Trius""]","[0.8188329935073853, 0.6962186098098755, 0.534049391746521, 0.5171637535095215, 0.3541902005672455]"
3,centroid,1,19,Alaris,Alaris,"[""Alaris"", ""Alcatras"", ""Hawk"", ""Trius"", ""Mytikas""]","[0.8353065848350525, 0.7311995625495911, 0.5576079487800598, 0.47379523515701294, 0.3985927402973175]"
3,centroid,1,20,Alaris,Mytikas,"[""Mytikas"", ""Braga"", ""Castor"", ""Trius"", ""Turbine""]","[0.7123912572860718, 0.6453875303268433, 0.5229451656341553, 0.5175139307975769, 0.4257670044898987]"
3,centroid,1,21,Alaris,Alaris,"[""Alaris"", ""Alcatras"", ""Turbine"", ""Hawk"", ""Castor""]","[0.8378162384033203, 0.6751708388328552, 0.4477512836456299, 0.32638466358184814, 0.32144278287887573]"
3,centroid,1,22,Alaris,Alaris,"[""Alaris"", ""Alcatras"", ""Hawk"", ""Trius"", ""Mytikas""]","[0.8459430932998657, 0.7477550506591797, 0.5750600099563599, 0.4424164891242981, 0.3712335228919983]"
3,centroid,1,23,Alaris,Alaris,"[""Alaris"", ""Trius"", ""Triton"", ""Alcatras"", ""Mytikas""]","[0.7080017328262329, 0.6846166849136353, 0.637014627456665, 0.5990806221961975, 0.36765870451927185]"
3,centroid,1,24,Alaris,Alaris,"[""Alaris"", ""Alcatras"", ""Trius"", ""Braga"", ""Hawk""]","[0.9293429851531982, 0.7750898599624634, 0.5856098532676697, 0.5791794061660767, 0.46903443336486816]"
3,centroid,1,25,Alaris,Alcatras,"[""Alcatras"", ""Alaris"", ""Hawk"", ""Turbine"", ""Mytikas""]","[0.6347330212593079, 0.5542486906051636, 0.5292249917984009, 0.4762568473815918, 0.27135351300239563]"
3,centroid,1,26,Alaris,Alcatras,"[""Alcatras"", ""Alaris"", ""Braga"", ""Triton"", ""Trius""]","[0.5918054580688477, 0.5530152916908264, 0.5012179017066956, 0.49194464087486267, 0.4877288341522217]"
3,centroid,1,27,Alcatras,Alcatras,"[""Alcatras"", ""Castor"", ""Braga"", ""Trius"", ""Mytikas""]","[0.7681665420532227, 0.7313076257705688, 0.5843796730041504, 0.5784870386123657, 0.5502069592475891]"
3,centroid,1,28,Alcatras,Castor,"[""Castor"", ""Mytikas"", ""Braga"", ""Alcatras"", ""Triton""]","[0.8731611371040344, 0.5993471145629883, 0.5856049656867981, 0.5261579155921936, 0.5021181106567383]"
3,centroid,1,29,Alcatras,Alcatras,"[""Alcatras"", ""Alaris"", ""Castor"", ""Trius"", ""Triton""]","[0.8025513887405396, 0.6958125829696655, 0.595897912979126, 0.4816393554210663, 0.42472463846206665]"
3,centroid,1,30,Alcatras,Alcatras,"[""Alcatras"", ""Alaris"", ""Castor"", ""Braga"", ""Mytikas""]","[0.8691966533660889, 0.741222620010376, 0.5343696475028992, 0.45794442296028137, 0.3953450322151184]"
3,centroid,1,31,Alcatras,Alcatras,"[""Alcatras"", ""Alaris"", ""Trius"", ""Triton"", ""Mytikas""]","[0.7546051740646362, 0.7467912435531616, 0.7333695888519287, 0.5721677541732788, 0.5545094013214111]"
3,centroid,1,32,Alcatras,Alcatras,"[""Alcatras"", ""Alaris"", ""Castor"", ""Braga"", ""Mytikas""]","[0.8593548536300659, 0.6565757989883423, 0.592846691608429, 0.40704458951950073, 0.3637959957122803]"
3,centroid,1,33,Alcatras,Alcatras,"[""Alcatras"", ""Castor"", ""Braga"", ""Triton"", ""Alaris""]","[0.8303101062774658, 0.7660632133483887, 0.6169952154159546, 0.6114269495010376, 0.5562078952789307]"
3,centroid,1,34,Alcatras,Alcatras,"[""Alcatras"", ""Alaris"", ""Castor"", ""Hawk"", ""Braga""]","[0.8867359161376953, 0.7681999206542969, 0.5236721038818359, 0.47704291343688965, 0.46501341462135315]"
3,centroid,1,35,Alcatras,Alcatras,"[""Alcatras"", ""Alaris"", ""Castor"", ""Braga"", ""Trius""]","[0.8645753860473633, 0.6894357204437256, 0.5940481424331665, 0.5006619095802307, 0.4361840486526489]"
3,centroid,1,36,Alcatras,Alcatras,"[""Alcatras"", ""Alaris"", ""Braga"", ""Castor"", ""Mytikas""]","[0.8676490187644958, 0.6780933141708374, 0.5933351516723633, 0.5442174673080444, 0.50300532579422]"
3,centroid,1,37,Alcatras,Triton,"[""Triton"", ""Trius"", ""Mytikas"", ""Castor"", ""Alcatras""]","[0.7960907220840454, 0.7523391246795654, 0.7512683868408203, 0.64987713098526, 0.6211138963699341]"
3,centroid,1,38,Alcatras,Alcatras,"[""Alcatras"", ""Alaris"", ""Braga"", ""Hawk"", ""Castor""]","[0.8223845362663269, 0.6766024231910706, 0.5959528684616089, 0.5329087972640991, 0.48736900091171265]"
3,centroid,1,39,Alcatras,Alcatras,"[""Alcatras"", ""Alaris"", ""Castor"", ""Hawk"", ""Trius""]","[0.8367127180099487, 0.7380687594413757, 0.4499402940273285, 0.3965189754962921, 0.3196403980255127]"
3,centroid,1,40,Alcatras,Alcatras,"[""Alcatras"", ""Alaris"", ""Castor"", ""Braga"", ""Mytikas""]","[0.9140666723251343, 0.7908965349197388, 0.5304171442985535, 0.4131159484386444, 0.3955569863319397]"
3,centroid,1,41,Alcatras,Alcatras,"[""Alcatras"", ""Braga"", ""Alaris"", ""Castor"", ""Hawk""]","[0.799854040145874, 0.6678532361984253, 0.6024708151817322, 0.4724234640598297, 0.46243739128112793]"
3,centroid,1,42,Alcatras,Alcatras,"[""Alcatras"", ""Alaris"", ""Trius"", ""Castor"", ""Triton""]","[0.8138848543167114, 0.6234399080276489, 0.5324503183364868, 0.454334557056427, 0.4274206757545471]"
3,centroid,1,43,Alcatras,Alcatras,"[""Alcatras"", ""Alaris"", ""Castor"", ""Trius"", ""Braga""]","[0.8858219981193542, 0.8605701923370361, 0.5375679731369019, 0.45183277130126953, 0.45111048221588135]"
3,centroid,1,44,Alcatras,Castor,"[""Castor"", ""Alcatras"", ""Mytikas"", ""Alaris"", ""Braga""]","[0.8572341203689575, 0.8248504996299744, 0.6661019921302795, 0.5834571123123169, 0.5690577030181885]"
3,centroid,1,45,Alcatras,Alcatras,"[""Alcatras"", ""Castor"", ""Alaris"", ""Braga"", ""Turbine""]","[0.8795521259307861, 0.7447913885116577, 0.692701518535614, 0.47424137592315674, 0.45972758531570435]"
3,centroid,1,46,Alcatras,Alcatras,"[""Alcatras"", ""Alaris"", ""Castor"", ""Turbine"", ""Hawk""]","[0.8219565153121948, 0.7532361149787903, 0.5043418407440186, 0.4349753260612488, 0.4080463945865631]"
3,centroid,1,47,Alcatras,Alcatras,"[""Alcatras"", ""Braga"", ""Trius"", ""Alaris"", ""Mytikas""]","[0.7593644261360168, 0.6593049764633179, 0.5888733267784119, 0.5323374271392822, 0.44247084856033325]"
3,centroid,1,48,Alcatras,Alcatras,"[""Alcatras"", ""Alaris"", ""Castor"", ""Hawk"", ""Turbine""]","[0.8524242043495178, 0.8246673345565796, 0.42742758989334106, 0.4248749017715454, 0.3983806371688843]"
3,centroid,1,49,Alcatras,Mytikas,"[""Mytikas"", ""Triton"", ""Castor"", ""Trius"", ""Alcatras""]","[0.7430458068847656, 0.7020584344863892, 0.6995567083358765, 0.6209038496017456, 0.6172522902488708]"
3,centroid,1,50,Alcatras,Alcatras,"[""Alcatras"", ""Alaris"", ""Hawk"", ""Braga"", ""Trius""]","[0.8530824184417725, 0.7917948365211487, 0.41591423749923706, 0.3859749436378479, 0.368876188993454]"
3,centroid,1,51,Alcatras,Alcatras,"[""Alcatras"", ""Alaris"", ""Castor"", ""Mytikas"", ""Hawk""]","[0.8074662685394287, 0.690650224685669, 0.4831976890563965, 0.3810027241706848, 0.36067986488342285]"
3,centroid,1,52,Alcatras,Turbine,"[""Turbine"", ""Vega"", ""Alaris"", ""Hawk"", ""Alcatras""]","[0.7240192890167236, 0.6049492955207825, 0.5669406652450562, 0.5083345770835876, 0.37830349802970886]"
3,centroid,1,53,Braga,Castor,"[""Castor"", ""Braga"", ""Alcatras"", ""Alaris"", ""Mytikas""]","[0.8072916269302368, 0.7691887021064758, 0.6806062459945679, 0.5462558269500732, 0.5015720725059509]"
3,centroid,1,54,Braga,Braga,"[""Braga"", ""Hawk"", ""Gemini"", ""Vega"", ""Turbine""]","[0.721087634563446, 0.5377343893051147, 0.4650438725948334, 0.4608028829097748, 0.35124489665031433]"
3,centroid,1,55,Braga,Braga,"[""Braga"", ""Hawk"", ""Alcatras"", ""Turbine"", ""Mytikas""]","[0.7309510707855225, 0.6513983011245728, 0.5773848295211792, 0.4921038746833801, 0.45004791021347046]"
3,centroid,1,56,Braga,Braga,"[""Braga"", ""Castor"", ""Alcatras"", ""Triton"", ""Turbine""]","[0.8705765008926392, 0.6125911474227905, 0.6119453310966492, 0.4909462332725525, 0.4698447287082672]"
3,centroid,1,57,Braga,Vega,"[""Vega"", ""Turbine"", ""Hawk"", ""Braga"", ""Alaris""]","[0.7415124773979187, 0.7214645147323608, 0.5668460130691528, 0.3946226239204407, 0.3179350197315216]"
3,centroid,1,58,Braga,Braga,"[""Braga"", ""Alcatras"", ""Castor"", ""Turbine"", ""Alaris""]","[0.8476763963699341, 0.7113385796546936, 0.6864766478538513, 0.5766458511352539, 0.5647369623184204]"
3,centroid,1,59,Braga,Braga,"[""Braga"", ""Castor"", ""Triton"", ""Trius"", ""Alcatras""]","[0.8603622317314148, 0.6013918519020081, 0.4898131489753723, 0.41757670044898987, 0.35437291860580444]"
3,centroid,1,60,Braga,Braga,"[""Braga"", ""Alcatras"", ""Alaris"", ""Turbine"", ""Triton""]","[0.8139262795448303, 0.7098804712295532, 0.6671707034111023, 0.571480393409729, 0.527359127998352]"
3,centroid,1,61,Braga,Braga,"[""Braga"", ""Gemini"", ""Vega"", ""Turbine"", ""Trius""]","[0.7014439105987549, 0.3992193043231964, 0.3858738839626312, 0.2891797721385956, 0.2715456485748291]"
3,centroid,1,62,Braga,Alaris,"[""Alaris"", ""Alcatras"", ""Turbine"", ""Castor"", ""Braga""]","[0.7914999723434448, 0.6844795942306519, 0.608100414276123, 0.5620948076248169, 0.43605148792266846]"
3,centroid,1,63,Braga,Braga,"[""Braga"", ""Alaris"", ""Hawk"", ""Turbine"", ""Alcatras""]","[0.8229715824127197, 0.6005945205688477, 0.587061882019043, 0.5139638185501099, 0.5082340240478516]"
3,centroid,1,64,Braga,Triton,"[""Triton"", ""Trius"", ""Braga"", ""Alcatras"", ""Castor""]","[0.7505890130996704, 0.7315741777420044, 0.6982835531234741, 0.6604599952697754, 0.6392359733581543]"
3,centroid,1,65,Braga,Braga,"[""Braga"", ""Triton"", ""Mytikas"", ""Trius"", ""Castor""]","[0.867445707321167, 0.5724379420280457, 0.5544178485870361, 0.48049819469451904, 0.46544575691223145]"
3,centroid,1,66,Braga,Braga,"[""Braga"", ""Hawk"", ""Turbine"", ""Gemini"", ""Castor""]","[0.8452722430229187, 0.4436928927898407, 0.3787737488746643, 0.3747692108154297, 0.342517614364624]"
3,centroid,1,67,Braga,Braga,"[""Braga"", ""Alaris"", ""Turbine"", ""Alcatras"", ""Hawk""]","[0.81544029712677, 0.692888617515564, 0.6134046912193298, 0.5910520553588867, 0.5590320825576782]"
3,centroid,1,68,Braga,Braga,"[""Braga"", ""Castor"", ""Turbine"", ""Alcatras"", ""Mytikas""]","[0.8381407260894775, 0.6678727269172668, 0.6508516073226929, 0.4196535348892212, 0.3569580912590027]"
3,centroid,1,69,Braga,Turbine,"[""Turbine"", ""Braga"", ""Castor"", ""Alcatras"", ""Alaris""]","[0.6850858926773071, 0.6756091117858887, 0.43451017141342163, 0.40769997239112854, 0.3901137709617615]"
3,centroid,1,70,Braga,Braga,"[""Braga"", ""Hawk"", ""Vega"", ""Turbine"", ""Gemini""]","[0.7204210758209229, 0.6004116535186768, 0.5873151421546936, 0.5256818532943726, 0.23913893103599548]"
3,centroid,1,71,Braga,Braga,"[""Braga"", ""Turbine"", ""Alcatras"", ""Hawk"", ""Castor""]","[0.7184102535247803, 0.6108331680297852, 0.42600348591804504, 0.418228417634964, 0.3770461678504944]"
3,centroid,1,72,Braga,Braga,"[""Braga"", ""Trius"", ""Vega"", ""Gemini"", ""Alaris""]","[0.7275863885879517, 0.6152781248092651, 0.6049854755401611, 0.5816757678985596, 0.4003615081310272]"
3,centroid,1,73,Braga,Turbine,"[""Turbine"", ""Braga"", ""Castor"", ""Xtreme"", ""Hawk""]","[0.5522268414497375, 0.4905855059623718, 0.2761191725730896, 0.2699587345123291, 0.25179457664489746]"
3,centroid,1,74,Braga,Braga,"[""Braga"", ""Castor"", ""Triton"", ""Alcatras"", ""Turbine""]","[0.8368355631828308, 0.7262269258499146, 0.5059385895729065, 0.5056217908859253, 0.46514201164245605]"
3,centroid,1,75,Braga,Vega,"[""Vega"", ""Gemini"", ""Braga"", ""Hawk"", ""Trius""]","[0.6987061500549316, 0.6081595420837402, 0.5288774371147156, 0.4247894883155823, 0.3929333984851837]"
3,centroid,1,76,Braga,Braga,"[""Braga"", ""Triton"", ""Trius"", ""Castor"", ""Gemini""]","[0.6766062378883362, 0.6497975587844849, 0.5674029588699341, 0.5393888354301453, 0.3900684118270874]"
3,centroid,1,77,Braga,Braga,"[""Braga"", ""Castor"", ""Alcatras"", ""Mytikas"", ""Triton""]","[0.8538858890533447, 0.6838076114654541, 0.6772054433822632, 0.621064305305481, 0.5848132371902466]"
3,centroid,1,78,Braga,Braga,"[""Braga"", ""Alcatras"", ""Alaris"", ""Trius"", ""Triton""]","[0.8367518782615662, 0.6384447813034058, 0.5448293685913086, 0.5284953117370605, 0.468991219997406]"
3,centroid,1,79,Braga,Braga,"[""Braga"", ""Castor"", ""Turbine"", ""Alcatras"", ""Alaris""]","[0.7992587089538574, 0.6068800687789917, 0.5466899871826172, 0.2930174469947815, 0.25672048330307007]"
3,centroid,1,80,Braga,Braga,"[""Braga"", ""Alcatras"", ""Castor"", ""Alaris"", ""Turbine""]","[0.8259539604187012, 0.7044245004653931, 0.6191819906234741, 0.522835910320282, 0.4752393364906311]"
3,centroid,1,81,Braga,Vega,"[""Vega"", ""Braga"", ""Hawk"", ""Gemini"", ""Turbine""]","[0.6540783047676086, 0.5271122455596924, 0.4885644316673279, 0.37804853916168213, 0.2979033589363098]"
3,centroid,1,82,Braga,Braga,"[""Braga"", ""Alcatras"", ""Alaris"", ""Turbine"", ""Castor""]","[0.8468167781829834, 0.7019215822219849, 0.668449878692627, 0.5224179029464722, 0.5120894908905029]"
3,centroid,1,83,Braga,Vega,"[""Vega"", ""Hawk"", ""Braga"", ""Turbine"", ""Gemini""]","[0.6652200222015381, 0.6123936772346497, 0.5754235982894897, 0.4370746314525604, 0.4059038758277893]"
3,centroid,1,84,Braga,Braga,"[""Braga"", ""Alcatras"", ""Turbine"", ""Alaris"", ""Castor""]","[0.7565125226974487, 0.6544525027275085, 0.5538244247436523, 0.5322753190994263, 0.43321001529693604]"
3,centroid,1,85,Braga,Castor,"[""Castor"", ""Alcatras"", ""Mytikas"", ""Alaris"", ""Braga""]","[0.753937840461731, 0.739691972732544, 0.6971530914306641, 0.5699175596237183, 0.5692014098167419]"
3,centroid,1,86,Braga,Braga,"[""Braga"", ""Alcatras"", ""Alaris"", ""Trius"", ""Castor""]","[0.7680702209472656, 0.566908061504364, 0.5327237248420715, 0.3635469377040863, 0.311565101146698]"
3,centroid,1,87,Braga,Vega,"[""Vega"", ""Gemini"", ""Braga"", ""Trius"", ""Alaris""]","[0.7289684414863586, 0.48264557123184204, 0.2733343839645386, 0.24869094789028168, 0.19926044344902039]"
3,centroid,1,88,Braga,Braga,"[""Braga"", ""Alaris"", ""Alcatras"", ""Vega"", ""Turbine""]","[0.6541727781295776, 0.6483927965164185, 0.5736052989959717, 0.5449437499046326, 0.510473370552063]"
3,centroid,1,89,Braga,Triton,"[""Triton"", ""Mytikas"", ""Castor"", ""Braga"", ""Trius""]","[0.7996149063110352, 0.6724487543106079, 0.5586082935333252, 0.5354063510894775, 0.5227495431900024]"
3,centroid,1,90,Castor,Alcatras,"[""Alcatras"", ""Castor"", ""Turbine"", ""Alaris"", ""Braga""]","[0.7846691012382507, 0.7653152942657471, 0.6734200716018677, 0.6356582641601562, 0.4697895050048828]"
3,centroid,1,91,Castor,Castor,"[""Castor"", ""Mytikas"", ""Braga"", ""Triton"", ""Alcatras""]","[0.9215633273124695, 0.6037713289260864, 0.6001563668251038, 0.5850451588630676, 0.5472501516342163]"
3,centroid,1,92,Castor,Castor,"[""Castor"", ""Alcatras"", ""Turbine"", ""Mytikas"", ""Braga""]","[0.8949904441833496, 0.6769705414772034, 0.5663873553276062, 0.5061020255088806, 0.44920533895492554]"
3,centroid,1,93,Castor,Castor,"[""Castor"", ""Turbine"", ""Alcatras"", ""Braga"", ""Mytikas""]","[0.8981344103813171, 0.6846141815185547, 0.5597999095916748, 0.5320285558700562, 0.4690864086151123]"
3,centroid,1,94,Castor,Castor,"[""Castor"", ""Braga"", ""Triton"", ""Trius"", ""Alcatras""]","[0.8317558765411377, 0.5913878083229065, 0.5328841209411621, 0.5062720775604248, 0.44578349590301514]"
3,centroid,1,95,Castor,Castor,"[""Castor"", ""Turbine"", ""Braga"", ""Alcatras"", ""Mytikas""]","[0.9085621237754822, 0.5143170356750488, 0.4775906503200531, 0.4161093831062317, 0.4136570692062378]"
3,centroid,1,96,Castor,Castor,"[""Castor"", ""Alcatras"", ""Braga"", ""Turbine"", ""Triton""]","[0.9431229829788208, 0.5470727682113647, 0.5276106595993042, 0.477181613445282, 0.4507463872432709]"
3,centroid,1,97,Castor,Castor,"[""Castor"", ""Mytikas"", ""Triton"", ""Alcatras"", ""Trius""]","[0.9009096622467041, 0.6998850107192993, 0.690330445766449, 0.5355724692344666, 0.4711035192012787]"
3,centroid,1,98,Castor,Castor,"[""Castor"", ""Mytikas"", ""Triton"", ""Alcatras"", ""Velorum""]","[0.740021824836731, 0.6164706349372864, 0.5762030482292175, 0.48069822788238525, 0.3870706558227539]"
3,centroid,1,99,Castor,Castor,"[""Castor"", ""Triton"", ""Turbine"", ""Alcatras"", ""Mytikas""]","[0.7156963348388672, 0.44648560881614685, 0.4089862108230591, 0.3779011368751526, 0.31299257278442383]"
3,centroid,1,100,Castor,Castor,"[""Castor"", ""Mytikas"", ""Triton"", ""Alcatras"", ""Trius""]","[0.8906811475753784, 0.6395087242126465, 0.6284705400466919, 0.6275780200958252, 0.5697271823883057]"
3,centroid,1,101,Castor,Castor,"[""Castor"", ""Turbine"", ""Braga"", ""Mytikas"", ""Alcatras""]","[0.907502293586731, 0.4868789613246918, 0.4518977403640747, 0.38746559619903564, 0.38136786222457886]"
3,centroid,1,102,Castor,Castor,"[""Castor"", ""Alcatras"", ""Turbine"", ""Braga"", ""Mytikas""]","[0.9132279753684998, 0.6875179409980774, 0.573980450630188, 0.5702512264251709, 0.5423946380615234]"
3,centroid,1,103,Castor,Castor,"[""Castor"", ""Mytikas"", ""Triton"", ""Turbine"", ""Alcatras""]","[0.9426411390304565, 0.6101552844047546, 0.5646253228187561, 0.4980353116989136, 0.48688051104545593]"
3,centroid,1,104,Castor,Castor,"[""Castor"", ""Braga"", ""Mytikas"", ""Triton"", ""Alcatras""]","[0.9027968645095825, 0.6017061471939087, 0.5645400285720825, 0.5315528512001038, 0.4300785958766937]"
3,centroid,1,105,Castor,Castor,"[""Castor"", ""Mytikas"", ""Triton"", ""Braga"", ""Alcatras""]","[0.9274239540100098, 0.5088736414909363, 0.47244787216186523, 0.43727201223373413, 0.4300380349159241]"
3,centroid,1,106,Castor,Castor,"[""Castor"", ""Turbine"", ""Alcatras"", ""Mytikas"", ""Triton""]","[0.9053019285202026, 0.5813758373260498, 0.4686479866504669, 0.4622289836406708, 0.4165482521057129]"
3,centroid,1,107,Castor,Castor,"[""Castor"", ""Mytikas"", ""Turbine"", ""Triton"", ""Braga""]","[0.897875964641571, 0.5700689554214478, 0.47619733214378357, 0.455929160118103, 0.4219391345977783]"
3,centroid,1,108,Castor,Castor,"[""Castor"", ""Alcatras"", ""Turbine"", ""Braga"", ""Mytikas""]","[0.9147592782974243, 0.5771799087524414, 0.5519176721572876, 0.5167564153671265, 0.4445834159851074]"
3,centroid,1,109,Castor,Castor,"[""Castor"", ""Mytikas"", ""Alcatras"", ""Triton"", ""Turbine""]","[0.8543335199356079, 0.6742321252822876, 0.5346065759658813, 0.5304185152053833, 0.4630466401576996]"
3,centroid,1,110,Castor,Triton,"[""Triton"", ""Castor"", ""Mytikas"", ""Trius"", ""Velorum""]","[0.7166093587875366, 0.6463773250579834, 0.5179091095924377, 0.4820758104324341, 0.4136407673358917]"
3,centroid,1,111,Castor,Castor,"[""Castor"", ""Turbine"", ""Alcatras"", ""Mytikas"", ""Braga""]","[0.9497978091239929, 0.581067681312561, 0.5592381954193115, 0.5165145993232727, 0.5092691779136658]"
3,centroid,1,112,Castor,Castor,"[""Castor"", ""Alcatras"", ""Turbine"", ""Mytikas"", ""Alaris""]","[0.8721759915351868, 0.6220364570617676, 0.6049861907958984, 0.5618550181388855, 0.4063117504119873]"
3,centroid,1,113,Castor,Castor,"[""Castor"", ""Triton"", ""Mytikas"", ""Braga"", ""Alcatras""]","[0.9145703315734863, 0.6710382699966431, 0.6654489040374756, 0.5481295585632324, 0.515239417552948]"
3,centroid,1,114,Castor,Castor,"[""Castor"", ""Mytikas"", ""Triton"", ""Alcatras"", ""Turbine""]","[0.8903371095657349, 0.6365835666656494, 0.5977055430412292, 0.5769897699356079, 0.43697863817214966]"
3,centroid,1,115,Castor,Castor,"[""Castor"", ""Mytikas"", ""Alcatras"", ""Trius"", ""Triton""]","[0.877975344657898, 0.6289899349212646, 0.5976623296737671, 0.5164647102355957, 0.5027714967727661]"
3,centroid,1,116,Castor,Castor,"[""Castor"", ""Alcatras"", ""Turbine"", ""Braga"", ""Mytikas""]","[0.8902990818023682, 0.6459939479827881, 0.616543173789978, 0.5176892280578613, 0.4540177583694458]"
3,centroid,1,117,Castor,Castor,"[""Castor"", ""Triton"", ""Mytikas"", ""Braga"", ""Alcatras""]","[0.9088294506072998, 0.5538351535797119, 0.5180872678756714, 0.461662232875824, 0.3870183825492859]"
3,centroid,1,118,Castor,Castor,"[""Castor"", ""Braga"", ""Triton"", ""Alcatras"", ""Mytikas""]","[0.8831179738044739, 0.756036102771759, 0.5565011501312256, 0.5477734208106995, 0.534244179725647]"
3,centroid,1,119,Castor,Castor,"[""Castor"", ""Braga"", ""Alcatras"", ""Turbine"", ""Mytikas""]","[0.7783974409103394, 0.6319501399993896, 0.5747754573822021, 0.5361896753311157, 0.46371251344680786]"
3,centroid,1,120,Castor,Castor,"[""Castor"", ""Braga"", ""Turbine"", ""Alcatras"", ""Mytikas""]","[0.8540598750114441, 0.6385812759399414, 0.5913069248199463, 0.5505902171134949, 0.5042160153388977]"
3,centroid,1,121,Castor,Castor,"[""Castor"", ""Mytikas"", ""Turbine"", ""Alcatras"", ""Braga""]","[0.9510243535041809, 0.5727553367614746, 0.536435604095459, 0.4872930943965912, 0.4807446599006653]"
3,centroid,1,122,Denom,Ratikon,"[""Ratikon"", ""Denom"", ""Nivalis"", ""Ilias"", ""Velorum""]","[0.871332049369812, 0.8440591096878052, 0.7901646494865417, 0.575158953666687, 0.4083917737007141]"
3,centroid,1,123,Denom,Denom,"[""Denom"", ""Nivalis"", ""Ratikon"", ""Ilias"", ""Velorum""]","[0.9042621850967407, 0.8611004948616028, 0.801246702671051, 0.659796953201294, 0.5071893334388733]"
3,centroid,1,124,Denom,Ratikon,"[""Ratikon"", ""Denom"", ""Nivalis"", ""Ilias"", ""Velorum""]","[0.9037096500396729, 0.8796370625495911, 0.8022260069847107, 0.5653057098388672, 0.25209447741508484]"
3,centroid,1,125,Denom,Denom,"[""Denom"", ""Ratikon"", ""Nivalis"", ""Ilias"", ""Velorum""]","[0.9434677362442017, 0.8226070404052734, 0.7518656849861145, 0.6326982378959656, 0.3508487939834595]"
3,centroid,1,126,Denom,Denom,"[""Denom"", ""Ratikon"", ""Nivalis"", ""Ilias"", ""Velorum""]","[0.9260193109512329, 0.746399998664856, 0.7126006484031677, 0.3767659366130829, 0.22961944341659546]"
3,centroid,1,127,Denom,Ilias,"[""Ilias"", ""Denom"", ""Ratikon"", ""Nivalis"", ""Velorum""]","[0.7677783370018005, 0.730543851852417, 0.7235826253890991, 0.6193472146987915, 0.22281485795974731]"
3,centroid,1,128,Denom,Ratikon,"[""Ratikon"", ""Denom"", ""Nivalis"", ""Ilias"", ""Velorum""]","[0.8663725852966309, 0.8570882081985474, 0.7356332540512085, 0.5739206671714783, 0.05731481686234474]"
3,centroid,1,129,Denom,Denom,"[""Denom"", ""Ratikon"", ""Nivalis"", ""Ilias"", ""Velorum""]","[0.9601086378097534, 0.8479337096214294, 0.8400435447692871, 0.5939151644706726, 0.3470447063446045]"
3,centroid,1,130,Denom,Denom,"[""Denom"", ""Ratikon"", ""Nivalis"", ""Ilias"", ""Velorum""]","[0.8707393407821655, 0.8649578094482422, 0.787233829498291, 0.718390941619873, 0.4639362096786499]"
3,centroid,1,131,Denom,Denom,"[""Denom"", ""Ratikon"", ""Nivalis"", ""Ilias"", ""Velorum""]","[0.9547993540763855, 0.8138308525085449, 0.7542819976806641, 0.5201461315155029, 0.2636646330356598]"
3,centroid,1,132,Denom,Denom,"[""Denom"", ""Ratikon"", ""Nivalis"", ""Ilias"", ""Velorum""]","[0.9215648770332336, 0.8288435935974121, 0.7703603506088257, 0.5248904228210449, 0.3944886028766632]"
3,centroid,1,133,Denom,Denom,"[""Denom"", ""Ratikon"", ""Ilias"", ""Nivalis"", ""Velorum""]","[0.8924514651298523, 0.7754172682762146, 0.6978820562362671, 0.6296747922897339, 0.23795753717422485]"
3,centroid,1,134,Denom,Ratikon,"[""Ratikon"", ""Denom"", ""Nivalis"", ""Ilias"", ""Velorum""]","[0.8772735595703125, 0.8601656556129456, 0.7505117654800415, 0.6745752096176147, 0.18592172861099243]"
3,centroid,1,135,Denom,Denom,"[""Denom"", ""Nivalis"", ""Ratikon"", ""Velorum"", ""Ilias""]","[0.8936902284622192, 0.7727057933807373, 0.7719697952270508, 0.6355432271957397, 0.6312007904052734]"
3,centroid,1,136,Denom,Denom,"[""Denom"", ""Nivalis"", ""Ratikon"", ""Ilias"", ""Velorum""]","[0.9172136783599854, 0.6979140043258667, 0.6865389943122864, 0.4734721779823303, 0.3835313320159912]"
3,centroid,1,137,Denom,Denom,"[""Denom"", ""Nivalis"", ""Ratikon"", ""Ilias"", ""Velorum""]","[0.9115036725997925, 0.855880618095398, 0.833577036857605, 0.505241870880127, 0.2973615229129791]"
3,centroid,1,138,Denom,Denom,"[""Denom"", ""Ratikon"", ""Nivalis"", ""Ilias"", ""Velorum""]","[0.8497679233551025, 0.8010432124137878, 0.7789137959480286, 0.6226896047592163, 0.43768781423568726]"
3,centroid,1,139,Denom,Denom,"[""Denom"", ""Ratikon"", ""Nivalis"", ""Ilias"", ""Xtreme""]","[0.8112247586250305, 0.5199049115180969, 0.4672114849090576, 0.4428342282772064, 0.2225344479084015]"
3,centroid,1,140,Denom,Denom,"[""Denom"", ""Nivalis"", ""Ratikon"", ""Velorum"", ""Ilias""]","[0.8367395401000977, 0.5035637617111206, 0.4328625798225403, 0.41180944442749023, 0.327900230884552]"
3,centroid,1,141,Denom,Denom,"[""Denom"", ""Ratikon"", ""Nivalis"", ""Ilias"", ""Velorum""]","[0.9052670001983643, 0.7359915375709534, 0.5977663397789001, 0.4270073175430298, 0.27929526567459106]"
3,centroid,1,142,Denom,Denom,"[""Denom"", ""Nivalis"", ""Ratikon"", ""Ilias"", ""Gemini""]","[0.7554093599319458, 0.61296546459198, 0.6079411506652832, 0.5231196880340576, 0.2603124976158142]"
3,centroid,1,143,Denom,Denom,"[""Denom"", ""Ratikon"", ""Nivalis"", ""Ilias"", ""Velorum""]","[0.859526515007019, 0.8581715822219849, 0.660725474357605, 0.6045928597450256, 0.12861964106559753]"
3,centroid,1,144,Denom,Denom,"[""Denom"", ""Ratikon"", ""Ilias"", ""Nivalis"", ""Velorum""]","[0.9079880714416504, 0.7713583111763, 0.6933709979057312, 0.6434004902839661, 0.41533076763153076]"
3,centroid,1,145,Denom,Denom,"[""Denom"", ""Ratikon"", ""Nivalis"", ""Ilias"", ""Velorum""]","[0.9144275188446045, 0.7296680212020874, 0.7031933069229126, 0.636206865310669, 0.27203112840652466]"
3,centroid,1,146,Denom,Denom,"[""Denom"", ""Velorum"", ""Ilias"", ""Ratikon"", ""Nivalis""]","[0.7267602682113647, 0.6850543022155762, 0.529163122177124, 0.5152909755706787, 0.48956555128097534]"
3,centroid,1,147,Denom,Denom,"[""Denom"", ""Ratikon"", ""Nivalis"", ""Ilias"", ""Velorum""]","[0.9020463824272156, 0.7650119662284851, 0.7086029648780823, 0.6798399686813354, 0.299354612827301]"
3,centroid,1,148,Denom,Denom,"[""Denom"", ""Ratikon"", ""Ilias"", ""Nivalis"", ""Velorum""]","[0.9114466905593872, 0.7343271374702454, 0.6814348697662354, 0.6593767404556274, 0.40508967638015747]"
3,centroid,1,149,Denom,Denom,"[""Denom"", ""Ratikon"", ""Nivalis"", ""Ilias"", ""Velorum""]","[0.909981906414032, 0.880017876625061, 0.8663977384567261, 0.6876386404037476, 0.3690469264984131]"
3,centroid,1,150,Denom,Denom,"[""Denom"", ""Nivalis"", ""Ratikon"", ""Ilias"", ""Velorum""]","[0.8806893229484558, 0.7776549458503723, 0.6921921372413635, 0.6129398345947266, 0.5744349956512451]"
3,centroid,1,151,Denom,Denom,"[""Denom"", ""Ratikon"", ""Nivalis"", ""Ilias"", ""Velorum""]","[0.9226840138435364, 0.897767186164856, 0.871679425239563, 0.6209650039672852, 0.41405224800109863]"
3,centroid,1,152,Denom,Denom,"[""Denom"", ""Ratikon"", ""Nivalis"", ""Ilias"", ""Steel_Wheel""]","[0.8177263736724854, 0.7492255568504333, 0.6228214502334595, 0.3117470145225525, 0.026230577379465103]"
3,centroid,1,153,Denom,Denom,"[""Denom"", ""Nivalis"", ""Ratikon"", ""Ilias"", ""Velorum""]","[0.9084662199020386, 0.8416227102279663, 0.7754672765731812, 0.5252817869186401, 0.4194643497467041]"
3,centroid,1,154,Denom,Denom,"[""Denom"", ""Ratikon"", ""Nivalis"", ""Ilias"", ""Trius""]","[0.7138882875442505, 0.49154889583587646, 0.43326467275619507, 0.3878684341907501, 0.35061001777648926]"
3,centroid,1,155,Denom,Denom,"[""Denom"", ""Nivalis"", ""Ratikon"", ""Velorum"", ""Ilias""]","[0.8409234285354614, 0.7945929765701294, 0.7059443593025208, 0.4866756498813629, 0.4755142331123352]"
3,centroid,1,156,Denom,Denom,"[""Denom"", ""Nivalis"", ""Ratikon"", ""Ilias"", ""Velorum""]","[0.9031585454940796, 0.6514191627502441, 0.6139568090438843, 0.548835039138794, 0.17008158564567566]"
3,centroid,1,157,Denom,Denom,"[""Denom"", ""Ilias"", ""Ratikon"", ""Nivalis"", ""Velorum""]","[0.8241811990737915, 0.6748672723770142, 0.5819137096405029, 0.5754610300064087, 0.4711799919605255]"
3,centroid,1,158,Denom,Denom,"[""Denom"", ""Velorum"", ""Ilias"", ""Ratikon"", ""Nivalis""]","[0.7321898937225342, 0.5091450810432434, 0.4183183014392853, 0.39188647270202637, 0.389146089553833]"
3,centroid,1,159,Gemini,Gemini,"[""Gemini"", ""Xtreme"", ""Braga"", ""Vega"", ""Hawk""]","[0.725766658782959, 0.5349186658859253, 0.35901933908462524, 0.2967623174190521, 0.2620530426502228]"
3,centroid,1,160,Gemini,Gemini,"[""Gemini"", ""Xtreme"", ""Hawk"", ""Vega"", ""Steel_Wheel""]","[0.6326453685760498, 0.4163830280303955, 0.4077194333076477, 0.15014049410820007, 0.08903038501739502]"
3,centroid,1,161,Gemini,Gemini,"[""Gemini"", ""Xtreme"", ""Vega"", ""Braga"", ""Trius""]","[0.9303669333457947, 0.543895959854126, 0.2643146514892578, 0.10764956474304199, 0.08683567494153976]"
3,centroid,1,162,Gemini,Gemini,"[""Gemini"", ""Xtreme"", ""Trius"", ""Vega"", ""Denom""]","[0.8851689100265503, 0.39202746748924255, 0.3353419005870819, 0.2829894423484802, 0.16963374614715576]"
3,centroid,1,163,Gemini,Gemini,"[""Gemini"", ""Vega"", ""Trius"", ""Alaris"", ""Hawk""]","[0.6582428812980652, 0.5013359785079956, 0.3889908194541931, 0.3010684549808502, 0.2903580069541931]"
3,centroid,1,164,Gemini,Gemini,"[""Gemini"", ""Trius"", ""Xtreme"", ""Vega"", ""Braga""]","[0.9248415231704712, 0.44154083728790283, 0.4357210397720337, 0.36935532093048096, 0.3561921715736389]"
3,centroid,1,165,Gemini,Gemini,"[""Gemini"", ""Xtreme"", ""Vega"", ""Triton"", ""Trius""]","[0.8121051788330078, 0.4737284481525421, 0.3567652106285095, 0.231474369764328, 0.2229689210653305]"
3,centroid,1,166,Gemini,Gemini,"[""Gemini"", ""Vega"", ""Turbine"", ""Braga"", ""Hawk""]","[0.637759268283844, 0.5575723052024841, 0.2700859606266022, 0.26943790912628174, 0.2648616135120392]"
3,centroid,1,167,Gemini,Gemini,"[""Gemini"", ""Xtreme"", ""Vega"", ""Trius"", ""Triton""]","[0.8690944314002991, 0.37472668290138245, 0.28633764386177063, 0.2554281949996948, 0.24870659410953522]"
3,centroid,1,168,Gemini,Vega,"[""Vega"", ""Alcatras"", ""Braga"", ""Alaris"", ""Trius""]","[0.5844661593437195, 0.522167444229126, 0.5200662612915039, 0.4010988175868988, 0.3964957296848297]"
3,centroid,1,169,Gemini,Gemini,"[""Gemini"", ""Xtreme"", ""Braga"", ""Vega"", ""Trius""]","[0.8934602737426758, 0.6253334283828735, 0.43456703424453735, 0.2945076823234558, 0.23935645818710327]"
3,centroid,1,170,Gemini,Gemini,"[""Gemini"", ""Xtreme"", ""Hawk"", ""Braga"", ""Vega""]","[0.8136336803436279, 0.4349987506866455, 0.4238544702529907, 0.35789960622787476, 0.3143255412578583]"
3,centroid,1,171,Gemini,Gemini,"[""Gemini"", ""Xtreme"", ""Braga"", ""Vega"", ""Trius""]","[0.864944577217102, 0.5623416900634766, 0.3413879871368408, 0.2588005065917969, 0.16735652089118958]"
3,centroid,1,172,Gemini,Gemini,"[""Gemini"", ""Xtreme"", ""Ilias"", ""Vega"", ""Hawk""]","[0.8745052218437195, 0.6425509452819824, 0.15908975899219513, 0.1475418657064438, 0.12115438282489777]"
3,centroid,1,173,Gemini,Gemini,"[""Gemini"", ""Xtreme"", ""Vega"", ""Braga"", ""Ilias""]","[0.8085656762123108, 0.5223865509033203, 0.2148859202861786, 0.14020603895187378, 0.13872943818569183]"
3,centroid,1,174,Gemini,Gemini,"[""Gemini"", ""Trius"", ""Vega"", ""Alaris"", ""Braga""]","[0.6483285427093506, 0.555171012878418, 0.4937649965286255, 0.32197028398513794, 0.25463780760765076]"
3,centroid,1,175,Gemini,Gemini,"[""Gemini"", ""Vega"", ""Nivalis"", ""Xtreme"", ""Ilias""]","[0.6073158979415894, 0.4300602674484253, 0.41800153255462646, 0.3034285306930542, 0.2762753665447235]"
3,centroid,1,176,Gemini,Vega,"[""Vega"", ""Gemini"", ""Xtreme"", ""Hawk"", ""Braga""]","[0.5984700918197632, 0.571274995803833, 0.3662978410720825, 0.2651902437210083, 0.12855437397956848]"
3,centroid,1,177,Gemini,Gemini,"[""Gemini"", ""Vega"", ""Trius"", ""Alaris"", ""Denom""]","[0.7596525549888611, 0.5098534226417542, 0.4172646701335907, 0.14489763975143433, 0.09900003671646118]"
3,centroid,1,178,Gemini,Gemini,"[""Gemini"", ""Trius"", ""Alcatras"", ""Alaris"", ""Ilias""]","[0.6876382827758789, 0.44381678104400635, 0.33193910121917725, 0.3185471296310425, 0.3152645230293274]"
3,centroid,1,179,Gemini,Gemini,"[""Gemini"", ""Vega"", ""Trius"", ""Xtreme"", ""Triton""]","[0.8848730325698853, 0.42740994691848755, 0.38764214515686035, 0.2733082175254822, 0.24164453148841858]"
3,centroid,1,180,Gemini,Gemini,"[""Gemini"", ""Vega"", ""Trius"", ""Braga"", ""Hawk""]","[0.740882396697998, 0.5497819185256958, 0.4329754710197449, 0.4183327555656433, 0.2631574869155884]"
3,centroid,1,181,Gemini,Hawk,"[""Hawk"", ""Vega"", ""Gemini"", ""Xtreme"", ""Mytikas""]","[0.5296525955200195, 0.4500146508216858, 0.29926496744155884, 0.24130848050117493, 0.22523483633995056]"
3,centroid,1,182,Gemini,Gemini,"[""Gemini"", ""Hawk"", ""Braga"", ""Xtreme"", ""Vega""]","[0.691251814365387, 0.5646514892578125, 0.4943625330924988, 0.48377496004104614, 0.34343522787094116]"
3,centroid,1,183,Gemini,Gemini,"[""Gemini"", ""Xtreme"", ""Vega"", ""Braga"", ""Hawk""]","[0.8607991933822632, 0.6306161284446716, 0.3876434564590454, 0.34781020879745483, 0.2362109124660492]"
3,centroid,1,184,Gemini,Gemini,"[""Gemini"", ""Xtreme"", ""Vega"", ""Hawk"", ""Trius""]","[0.8710815906524658, 0.45350581407546997, 0.4026041626930237, 0.18676593899726868, 0.07566142082214355]"
3,centroid,1,185,Gemini,Gemini,"[""Gemini"", ""Xtreme"", ""Braga"", ""Vega"", ""Hawk""]","[0.8399853110313416, 0.7238801717758179, 0.3260601758956909, 0.24615037441253662, 0.1718733310699463]"
3,centroid,1,186,Hawk,Hawk,"[""Hawk"", ""Braga"", ""Turbine"", ""Vega"", ""Gemini""]","[0.8310726284980774, 0.4759540259838104, 0.41983017325401306, 0.2517428398132324, 0.24821889400482178]"
3,centroid,1,187,Hawk,Hawk,"[""Hawk"", ""Alaris"", ""Vega"", ""Turbine"", ""Braga""]","[0.7840173840522766, 0.5644016861915588, 0.5371007919311523, 0.5196577310562134, 0.5083618760108948]"
3,centroid,1,188,Hawk,Hawk,"[""Hawk"", ""Turbine"", ""Alaris"", ""Vega"", ""Alcatras""]","[0.9236523509025574, 0.5193418264389038, 0.3623642325401306, 0.35482537746429443, 0.301919162273407]"
3,centroid,1,189,Hawk,Hawk,"[""Hawk"", ""Alaris"", ""Turbine"", ""Alcatras"", ""Vega""]","[0.8999841213226318, 0.38451486825942993, 0.3633657693862915, 0.35550981760025024, 0.15700224041938782]"
3,centroid,1,190,Hawk,Hawk,"[""Hawk"", ""Alcatras"", ""Alaris"", ""Turbine"", ""Braga""]","[0.7295761108398438, 0.7131215333938599, 0.5541087985038757, 0.44193804264068604, 0.4402560293674469]"
3,centroid,1,191,Hawk,Hawk,"[""Hawk"", ""Turbine"", ""Braga"", ""Xtreme"", ""Vega""]","[0.8944098949432373, 0.39517509937286377, 0.28071826696395874, 0.2693474590778351, 0.2060813307762146]"
3,centroid,1,192,Hawk,Hawk,"[""Hawk"", ""Turbine"", ""Alaris"", ""Alcatras"", ""Braga""]","[0.8130543231964111, 0.6653478145599365, 0.5542101860046387, 0.49791935086250305, 0.3683244585990906]"
3,centroid,1,193,Hawk,Hawk,"[""Hawk"", ""Alaris"", ""Vega"", ""Turbine"", ""Braga""]","[0.9231888055801392, 0.5174628496170044, 0.4496647119522095, 0.3764280676841736, 0.3518393039703369]"
3,centroid,1,194,Hawk,Hawk,"[""Hawk"", ""Alcatras"", ""Turbine"", ""Alaris"", ""Vega""]","[0.8784527778625488, 0.48252472281455994, 0.47785913944244385, 0.4690534174442291, 0.2421083301305771]"
3,centroid,1,195,Hawk,Hawk,"[""Hawk"", ""Turbine"", ""Vega"", ""Alaris"", ""Braga""]","[0.9099581837654114, 0.5125542879104614, 0.39442959427833557, 0.27840656042099, 0.2515082061290741]"
3,centroid,1,196,Hawk,Hawk,"[""Hawk"", ""Vega"", ""Turbine"", ""Alaris"", ""Braga""]","[0.8447810411453247, 0.651931643486023, 0.4720819294452667, 0.20468401908874512, 0.13449735939502716]"
3,centroid,1,197,Hawk,Hawk,"[""Hawk"", ""Turbine"", ""Alaris"", ""Alcatras"", ""Braga""]","[0.8782424926757812, 0.6004317998886108, 0.5673717260360718, 0.5620713233947754, 0.4453243613243103]"
3,centroid,1,198,Hawk,Hawk,"[""Hawk"", ""Turbine"", ""Alcatras"", ""Alaris"", ""Vega""]","[0.9249851107597351, 0.3657030761241913, 0.29763033986091614, 0.2824294865131378, 0.22141426801681519]"
3,centroid,1,199,Hawk,Hawk,"[""Hawk"", ""Turbine"", ""Xtreme"", ""Velorum"", ""Alcatras""]","[0.8089556694030762, 0.40330636501312256, 0.2420998066663742, 0.16021281480789185, 0.10881857573986053]"
3,centroid,1,200,Hawk,Hawk,"[""Hawk"", ""Alaris"", ""Turbine"", ""Vega"", ""Alcatras""]","[0.9348319172859192, 0.44024670124053955, 0.4333990216255188, 0.3859013617038727, 0.32855260372161865]"
3,centroid,1,201,Hawk,Turbine,"[""Turbine"", ""Hawk"", ""Alaris"", ""Alcatras"", ""Vega""]","[0.6668077707290649, 0.6634484529495239, 0.6418700218200684, 0.5806776881217957, 0.3322019875049591]"
3,centroid,1,202,Hawk,Hawk,"[""Hawk"", ""Turbine"", ""Alaris"", ""Vega"", ""Alcatras""]","[0.922359824180603, 0.4760628342628479, 0.4475198984146118, 0.41621553897857666, 0.3034146726131439]"
3,centroid,1,203,Hawk,Hawk,"[""Hawk"", ""Turbine"", ""Vega"", ""Alaris"", ""Braga""]","[0.9045361280441284, 0.4533081650733948, 0.42728185653686523, 0.2300751507282257, 0.15495461225509644]"
3,centroid,1,204,Hawk,Hawk,"[""Hawk"", ""Alaris"", ""Vega"", ""Turbine"", ""Alcatras""]","[0.9353888034820557, 0.39703792333602905, 0.39072084426879883, 0.37398436665534973, 0.3481646180152893]"
3,centroid,1,205,Hawk,Hawk,"[""Hawk"", ""Turbine"", ""Alcatras"", ""Braga"", ""Vega""]","[0.8094122409820557, 0.46576863527297974, 0.42475390434265137, 0.39856159687042236, 0.3098049759864807]"
3,centroid,1,206,Hawk,Hawk,"[""Hawk"", ""Turbine"", ""Braga"", ""Alcatras"", ""Alaris""]","[0.8791846036911011, 0.5903347730636597, 0.5299718976020813, 0.488730788230896, 0.46035557985305786]"
3,centroid,1,207,Hawk,Hawk,"[""Hawk"", ""Braga"", ""Turbine"", ""Vega"", ""Xtreme""]","[0.7572979927062988, 0.41975319385528564, 0.37632566690444946, 0.2920173704624176, 0.2504280209541321]"
3,centroid,1,208,Hawk,Hawk,"[""Hawk"", ""Turbine"", ""Alcatras"", ""Alaris"", ""Vega""]","[0.9033153653144836, 0.4866676330566406, 0.2978311777114868, 0.2933639883995056, 0.19862790405750275]"
3,centroid,1,209,Hawk,Hawk,"[""Hawk"", ""Alaris"", ""Alcatras"", ""Vega"", ""Turbine""]","[0.9247203469276428, 0.42824679613113403, 0.41259557008743286, 0.4069393277168274, 0.3516656458377838]"
3,centroid,1,210,Hawk,Hawk,"[""Hawk"", ""Vega"", ""Turbine"", ""Braga"", ""Alaris""]","[0.8217126727104187, 0.6606526374816895, 0.5939004421234131, 0.3279097378253937, 0.26766717433929443]"
3,centroid,1,211,Ilias,Ratikon,"[""Ratikon"", ""Nivalis"", ""Ilias"", ""Velorum"", ""Denom""]","[0.7546305656433105, 0.661048948764801, 0.6211282014846802, 0.40552735328674316, 0.3454921245574951]"
3,centroid,1,212,Ilias,Ilias,"[""Ilias"", ""Ratikon"", ""Nivalis"", ""Denom"", ""Velorum""]","[0.8751773834228516, 0.6828821301460266, 0.6684074401855469, 0.6360690593719482, 0.49468228220939636]"
3,centroid,1,213,Ilias,Ilias,"[""Ilias"", ""Ratikon"", ""Denom"", ""Nivalis"", ""Triton""]","[0.8663572072982788, 0.7222905158996582, 0.6055542826652527, 0.48850828409194946, 0.22211843729019165]"
3,centroid,1,214,Ilias,Ilias,"[""Ilias"", ""Denom"", ""Velorum"", ""Ratikon"", ""Nivalis""]","[0.8276628851890564, 0.7619186043739319, 0.7603919506072998, 0.7346374988555908, 0.7014127969741821]"
3,centroid,1,215,Ilias,Ilias,"[""Ilias"", ""Triton"", ""Ratikon"", ""Velorum"", ""Mytikas""]","[0.6078741550445557, 0.40546101331710815, 0.3440966010093689, 0.28185948729515076, 0.18297463655471802]"
3,centroid,1,216,Ilias,Ilias,"[""Ilias"", ""Ratikon"", ""Nivalis"", ""Denom"", ""Velorum""]","[0.8138093948364258, 0.6968262195587158, 0.6133214235305786, 0.5832931995391846, 0.574304461479187]"
3,centroid,1,217,Ilias,Ilias,"[""Ilias"", ""Ratikon"", ""Nivalis"", ""Velorum"", ""Denom""]","[0.906204342842102, 0.6898556351661682, 0.601643443107605, 0.5865793824195862, 0.548795223236084]"
3,centroid,1,218,Ilias,Triton,"[""Triton"", ""Ilias"", ""Velorum"", ""Trius"", ""Ratikon""]","[0.6646665334701538, 0.6264790892601013, 0.46883511543273926, 0.4517142176628113, 0.4485146999359131]"
3,centroid,1,219,Ilias,Ilias,"[""Ilias"", ""Ratikon"", ""Nivalis"", ""Denom"", ""Velorum""]","[0.9266324043273926, 0.6945312023162842, 0.5800278186798096, 0.5500479936599731, 0.4043332636356354]"
3,centroid,1,220,Ilias,Ilias,"[""Ilias"", ""Velorum"", ""Ratikon"", ""Nivalis"", ""Denom""]","[0.7787814140319824, 0.7474361658096313, 0.7198164463043213, 0.6830217838287354, 0.6558822393417358]"
3,centroid,1,221,Ilias,Ratikon,"[""Ratikon"", ""Denom"", ""Nivalis"", ""Ilias"", ""Velorum""]","[0.8390486240386963, 0.7469574213027954, 0.623772382736206, 0.5846657752990723, 0.2075488269329071]"
3,centroid,1,222,Ilias,Ilias,"[""Ilias"", ""Ratikon"", ""Nivalis"", ""Denom"", ""Velorum""]","[0.8768850564956665, 0.6190493106842041, 0.5345811247825623, 0.4815332293510437, 0.4163481593132019]"
3,centroid,1,223,Ilias,Ilias,"[""Ilias"", ""Ratikon"", ""Denom"", ""Velorum"", ""Nivalis""]","[0.903975248336792, 0.6117303371429443, 0.6076173186302185, 0.5949869751930237, 0.5578935742378235]"
3,centroid,1,224,Ilias,Ilias,"[""Ilias"", ""Denom"", ""Ratikon"", ""Nivalis"", ""Velorum""]","[0.8100802898406982, 0.7312593460083008, 0.679060161113739, 0.44987910985946655, 0.15503104031085968]"
3,centroid,1,225,Ilias,Ilias,"[""Ilias"", ""Ratikon"", ""Denom"", ""Nivalis"", ""Triton""]","[0.8556846976280212, 0.6863498687744141, 0.44536566734313965, 0.4359254837036133, 0.3735029101371765]"
3,centroid,1,226,Ilias,Ilias,"[""Ilias"", ""Ratikon"", ""Nivalis"", ""Denom"", ""Velorum""]","[0.9603228569030762, 0.7810330390930176, 0.6587241888046265, 0.6181199550628662, 0.4583205580711365]"
3,centroid,1,227,Ilias,Ilias,"[""Ilias"", ""Ratikon"", ""Nivalis"", ""Velorum"", ""Denom""]","[0.8133033514022827, 0.6664665937423706, 0.6037700772285461, 0.5962122678756714, 0.5056077241897583]"
3,centroid,1,228,Ilias,Ilias,"[""Ilias"", ""Ratikon"", ""Denom"", ""Nivalis"", ""Triton""]","[0.7550985813140869, 0.696721613407135, 0.47853243350982666, 0.4723035991191864, 0.11469713598489761]"
3,centroid,1,229,Ilias,Ilias,"[""Ilias"", ""Velorum"", ""Ratikon"", ""Denom"", ""Nivalis""]","[0.8199872970581055, 0.763983428478241, 0.6696547269821167, 0.6431784629821777, 0.6417613625526428]"
3,centroid,1,230,Ilias,Ilias,"[""Ilias"", ""Ratikon"", ""Denom"", ""Nivalis"", ""Triton""]","[0.9067527055740356, 0.5616327524185181, 0.44552260637283325, 0.4341486692428589, 0.3897101879119873]"
3,centroid,1,231,Ilias,Ratikon,"[""Ratikon"", ""Ilias"", ""Denom"", ""Nivalis"", ""Velorum""]","[0.8650128841400146, 0.8630187511444092, 0.771091103553772, 0.7442405223846436, 0.3191613256931305]"
3,centroid,1,232,Ilias,Ilias,"[""Ilias"", ""Ratikon"", ""Nivalis"", ""Denom"", ""Velorum""]","[0.8675253391265869, 0.8305398225784302, 0.652064323425293, 0.5432342290878296, 0.35803890228271484]"
3,centroid,1,233,Ilias,Ilias,"[""Ilias"", ""Ratikon"", ""Denom"", ""Nivalis"", ""Xtreme""]","[0.8543698787689209, 0.578811526298523, 0.4428138732910156, 0.4133439064025879, 0.26811957359313965]"
3,centroid,1,234,Ilias,Ilias,"[""Ilias"", ""Nivalis"", ""Ratikon"", ""Denom"", ""Velorum""]","[0.8544438481330872, 0.6826537847518921, 0.6521199941635132, 0.6031826734542847, 0.5908267498016357]"
3,centroid,1,235,Ilias,Ilias,"[""Ilias"", ""Ratikon"", ""Nivalis"", ""Denom"", ""Velorum""]","[0.8620227575302124, 0.6048398613929749, 0.5598572492599487, 0.533950686454773, 0.2713097333908081]"
3,centroid,1,236,Ilias,Ratikon,"[""Ratikon"", ""Ilias"", ""Nivalis"", ""Denom"", ""Velorum""]","[0.7668778896331787, 0.7641911506652832, 0.7509762644767761, 0.4777451753616333, 0.4260118007659912]"
3,centroid,1,237,Ilias,Ilias,"[""Ilias"", ""Velorum"", ""Nivalis"", ""Ratikon"", ""Denom""]","[0.8441641330718994, 0.6146400570869446, 0.5696288347244263, 0.553097128868103, 0.5391368865966797]"
3,centroid,1,238,Ilias,Velorum,"[""Velorum"", ""Ilias"", ""Denom"", ""Triton"", ""Ratikon""]","[0.715487003326416, 0.6945227384567261, 0.5151745080947876, 0.4785975217819214, 0.4286559224128723]"
3,centroid,1,239,Ilias,Ilias,"[""Ilias"", ""Ratikon"", ""Nivalis"", ""Denom"", ""Velorum""]","[0.8209173679351807, 0.7356109619140625, 0.5803894996643066, 0.5257973670959473, 0.20184218883514404]"
3,centroid,1,240,Mytikas,Triton,"[""Triton"", ""Castor"", ""Braga"", ""Mytikas"", ""Alcatras""]","[0.7430353164672852, 0.6562918424606323, 0.600507378578186, 0.5484836101531982, 0.5187163352966309]"
3,centroid,1,241,Mytikas,Mytikas,"[""Mytikas"", ""Triton"", ""Trius"", ""Velorum"", ""Castor""]","[0.8395804762840271, 0.5027710199356079, 0.4613821804523468, 0.31174319982528687, 0.23799864947795868]"
3,centroid,1,242,Mytikas,Mytikas,"[""Mytikas"", ""Alcatras"", ""Triton"", ""Velorum"", ""Trius""]","[0.780720591545105, 0.6855272650718689, 0.5393434166908264, 0.462887704372406, 0.44569432735443115]"
3,centroid,1,243,Mytikas,Mytikas,"[""Mytikas"", ""Triton"", ""Trius"", ""Velorum"", ""Castor""]","[0.8352968692779541, 0.7449800372123718, 0.6537837982177734, 0.34703290462493896, 0.34355759620666504]"
3,centroid,1,244,Mytikas,Mytikas,"[""Mytikas"", ""Triton"", ""Castor"", ""Alcatras"", ""Trius""]","[0.8370369672775269, 0.6586036086082458, 0.6097230315208435, 0.5306153297424316, 0.4437803030014038]"
3,centroid,1,245,Mytikas,Triton,"[""Triton"", ""Mytikas"", ""Trius"", ""Alcatras"", ""Castor""]","[0.8873716592788696, 0.7160398960113525, 0.6245630979537964, 0.5681848526000977, 0.4943244755268097]"
3,centroid,1,246,Mytikas,Mytikas,"[""Mytikas"", ""Triton"", ""Trius"", ""Braga"", ""Castor""]","[0.8561561107635498, 0.45710259675979614, 0.4301367998123169, 0.34055906534194946, 0.3065807819366455]"
3,centroid,1,247,Mytikas,Mytikas,"[""Mytikas"", ""Triton"", ""Trius"", ""Alcatras"", ""Castor""]","[0.9028070569038391, 0.6991361975669861, 0.5370367169380188, 0.49371692538261414, 0.4392777681350708]"
3,centroid,1,248,Mytikas,Mytikas,"[""Mytikas"", ""Castor"", ""Trius"", ""Triton"", ""Alcatras""]","[0.7945879697799683, 0.4087395668029785, 0.3318748474121094, 0.29869702458381653, 0.28536421060562134]"
3,centroid,1,249,Mytikas,Mytikas,"[""Mytikas"", ""Castor"", ""Triton"", ""Turbine"", ""Braga""]","[0.8341947793960571, 0.4366949200630188, 0.43514418601989746, 0.41350212693214417, 0.39950820803642273]"
3,centroid,1,250,Mytikas,Mytikas,"[""Mytikas"", ""Triton"", ""Alcatras"", ""Trius"", ""Castor""]","[0.791588544845581, 0.7903765439987183, 0.6281001567840576, 0.5608323812484741, 0.5398225784301758]"
3,centroid,1,251,Mytikas,Triton,"[""Triton"", ""Mytikas"", ""Trius"", ""Castor"", ""Velorum""]","[0.8445442914962769, 0.7815638780593872, 0.5484131574630737, 0.4557031989097595, 0.4103519916534424]"
3,centroid,1,252,Mytikas,Triton,"[""Triton"", ""Trius"", ""Castor"", ""Braga"", ""Mytikas""]","[0.5890851020812988, 0.5216726660728455, 0.39222222566604614, 0.37806883454322815, 0.3232223391532898]"
3,centroid,1,253,Mytikas,Mytikas,"[""Mytikas"", ""Triton"", ""Alcatras"", ""Castor"", ""Trius""]","[0.8545150756835938, 0.6956053376197815, 0.6816216707229614, 0.6041547060012817, 0.5013784170150757]"
3,centroid,1,254,Mytikas,Castor,"[""Castor"", ""Triton"", ""Mytikas"", ""Braga"", ""Trius""]","[0.8046042919158936, 0.7909584045410156, 0.6543092727661133, 0.5505287051200867, 0.4835417568683624]"
3,centroid,1,255,Mytikas,Mytikas,"[""Mytikas"", ""Castor"", ""Alcatras"", ""Turbine"", ""Braga""]","[0.7557725310325623, 0.6733502149581909, 0.609591007232666, 0.5977445840835571, 0.5627577900886536]"
3,centroid,1,256,Mytikas,Mytikas,"[""Mytikas"", ""Trius"", ""Alcatras"", ""Castor"", ""Alaris""]","[0.6828321814537048, 0.5745204091072083, 0.5143793225288391, 0.46301108598709106, 0.4271664619445801]"
3,centroid,1,257,Mytikas,Triton,"[""Triton"", ""Mytikas"", ""Castor"", ""Braga"", ""Trius""]","[0.8631047010421753, 0.7862236499786377, 0.7435680627822876, 0.6725497245788574, 0.6710844039916992]"
3,centroid,1,258,Mytikas,Triton,"[""Triton"", ""Mytikas"", ""Castor"", ""Trius"", ""Braga""]","[0.7972126603126526, 0.7285966277122498, 0.677706241607666, 0.3961728811264038, 0.38755103945732117]"
3,centroid,1,259,Mytikas,Triton,"[""Triton"", ""Mytikas"", ""Castor"", ""Trius"", ""Alcatras""]","[0.892195463180542, 0.818980872631073, 0.635732114315033, 0.554408609867096, 0.4286768436431885]"
3,centroid,1,260,Mytikas,Mytikas,"[""Mytikas"", ""Triton"", ""Braga"", ""Castor"", ""Alcatras""]","[0.7859163284301758, 0.704460859298706, 0.5887317061424255, 0.5238050818443298, 0.4831860363483429]"
3,centroid,1,261,Mytikas,Mytikas,"[""Mytikas"", ""Triton"", ""Castor"", ""Trius"", ""Braga""]","[0.8434585332870483, 0.7757514119148254, 0.6503541469573975, 0.5189910531044006, 0.45374077558517456]"
3,centroid,1,262,Mytikas,Triton,"[""Triton"", ""Mytikas"", ""Castor"", ""Braga"", ""Velorum""]","[0.7726078033447266, 0.7105288505554199, 0.49187904596328735, 0.40890437364578247, 0.3382563889026642]"
3,centroid,1,263,Mytikas,Mytikas,"[""Mytikas"", ""Alcatras"", ""Castor"", ""Braga"", ""Alaris""]","[0.8130639791488647, 0.6974128484725952, 0.5060026049613953, 0.5032907128334045, 0.50169837474823]"
3,centroid,1,264,Mytikas,Mytikas,"[""Mytikas"", ""Triton"", ""Braga"", ""Castor"", ""Trius""]","[0.7689337134361267, 0.7235069274902344, 0.6626318693161011, 0.6072019338607788, 0.5408630967140198]"
3,centroid,1,265,Mytikas,Mytikas,"[""Mytikas"", ""Triton"", ""Trius"", ""Braga"", ""Vega""]","[0.7166850566864014, 0.3982388377189636, 0.30346864461898804, 0.2512856125831604, 0.19565540552139282]"
3,centroid,1,266,Mytikas,Trius,"[""Trius"", ""Mytikas"", ""Triton"", ""Castor"", ""Alcatras""]","[0.711516797542572, 0.5920197367668152, 0.5055890679359436, 0.32472658157348633, 0.2444671094417572]"
3,centroid,1,267,Nivalis,Nivalis,"[""Nivalis"", ""Denom"", ""Ratikon"", ""Ilias"", ""Velorum""]","[0.8645001649856567, 0.650409996509552, 0.6159127950668335, 0.47896498441696167, 0.3162699341773987]"
3,centroid,1,268,Nivalis,Nivalis,"[""Nivalis"", ""Ratikon"", ""Denom"", ""Velorum"", ""Mytikas""]","[0.7941206693649292, 0.5273524522781372, 0.42071449756622314, 0.18812917172908783, 0.17863039672374725]"
3,centroid,1,269,Nivalis,Nivalis,"[""Nivalis"", ""Denom"", ""Ratikon"", ""Velorum"", ""Ilias""]","[0.8881572484970093, 0.6506530046463013, 0.6307929754257202, 0.5507088899612427, 0.3912293612957001]"
3,centroid,1,270,Nivalis,Nivalis,"[""Nivalis"", ""Ratikon"", ""Denom"", ""Ilias"", ""Velorum""]","[0.8922761082649231, 0.8165568113327026, 0.7693930864334106, 0.706885814666748, 0.5751101970672607]"
3,centroid,1,271,Nivalis,Nivalis,"[""Nivalis"", ""Denom"", ""Ratikon"", ""Velorum"", ""Ilias""]","[0.9004337191581726, 0.6863024830818176, 0.6522883176803589, 0.4796494245529175, 0.35791951417922974]"
3,centroid,1,272,Nivalis,Nivalis,"[""Nivalis"", ""Denom"", ""Ratikon"", ""Ilias"", ""Velorum""]","[0.8895782828330994, 0.7530699372291565, 0.7276219129562378, 0.5120636224746704, 0.20441734790802002]"
3,centroid,1,273,Nivalis,Nivalis,"[""Nivalis"", ""Ratikon"", ""Denom"", ""Ilias"", ""Velorum""]","[0.8833267092704773, 0.7305117845535278, 0.6914923191070557, 0.43637555837631226, 0.3199220299720764]"
3,centroid,1,274,Nivalis,Denom,"[""Denom"", ""Nivalis"", ""Velorum"", ""Ratikon"", ""Ilias""]","[0.77959144115448, 0.7536216974258423, 0.6243733167648315, 0.4954074025154114, 0.3956308364868164]"
3,centroid,1,275,Nivalis,Nivalis,"[""Nivalis"", ""Ratikon"", ""Denom"", ""Velorum"", ""Ilias""]","[0.8193025588989258, 0.6082247495651245, 0.5607887506484985, 0.29812097549438477, 0.2557615637779236]"
3,centroid,1,276,Nivalis,Denom,"[""Denom"", ""Ilias"", ""Ratikon"", ""Nivalis"", ""Velorum""]","[0.7413805723190308, 0.7355566024780273, 0.7118745446205139, 0.7054604291915894, 0.6866346001625061]"
3,centroid,1,277,Nivalis,Nivalis,"[""Nivalis"", ""Denom"", ""Ratikon"", ""Ilias"", ""Velorum""]","[0.9365915060043335, 0.7606159448623657, 0.7419333457946777, 0.6205266714096069, 0.5194588899612427]"
3,centroid,1,278,Nivalis,Nivalis,"[""Nivalis"", ""Ratikon"", ""Denom"", ""Ilias"", ""Vega""]","[0.8208438158035278, 0.5738305449485779, 0.5591064691543579, 0.40272802114486694, 0.28356674313545227]"
3,centroid,1,279,Nivalis,Ratikon,"[""Ratikon"", ""Nivalis"", ""Denom"", ""Ilias"", ""Velorum""]","[0.8882369995117188, 0.8338288068771362, 0.7712199687957764, 0.654619038105011, 0.5170590877532959]"
3,centroid,1,280,Nivalis,Denom,"[""Denom"", ""Nivalis"", ""Ratikon"", ""Ilias"", ""Velorum""]","[0.9285643100738525, 0.8317070007324219, 0.7928599119186401, 0.5141795873641968, 0.29111558198928833]"
3,centroid,1,281,Nivalis,Denom,"[""Denom"", ""Ratikon"", ""Nivalis"", ""Ilias"", ""Velorum""]","[0.8875793814659119, 0.8593888282775879, 0.8240089416503906, 0.5623059868812561, 0.25760364532470703]"
3,centroid,1,282,Nivalis,Nivalis,"[""Nivalis"", ""Ratikon"", ""Denom"", ""Ilias"", ""Velorum""]","[0.8565716743469238, 0.6976090669631958, 0.59547358751297, 0.5432424545288086, 0.47692176699638367]"
3,centroid,1,283,Nivalis,Nivalis,"[""Nivalis"", ""Ratikon"", ""Denom"", ""Ilias"", ""Velorum""]","[0.9071983695030212, 0.7018792629241943, 0.5532512664794922, 0.5011624693870544, 0.3863045573234558]"
3,centroid,1,284,Nivalis,Nivalis,"[""Nivalis"", ""Ratikon"", ""Denom"", ""Ilias"", ""Vega""]","[0.7879453301429749, 0.5519170165061951, 0.4380141496658325, 0.26659125089645386, 0.12480787187814713]"
3,centroid,1,285,Nivalis,Nivalis,"[""Nivalis"", ""Denom"", ""Ratikon"", ""Ilias"", ""Velorum""]","[0.8747336864471436, 0.6178235411643982, 0.5898933410644531, 0.364605188369751, 0.3625183701515198]"
3,centroid,1,286,Nivalis,Nivalis,"[""Nivalis"", ""Denom"", ""Ilias"", ""Ratikon"", ""Velorum""]","[0.8389137983322144, 0.7245994806289673, 0.6416926383972168, 0.6339737176895142, 0.6219573616981506]"
3,centroid,1,287,Nivalis,Nivalis,"[""Nivalis"", ""Ratikon"", ""Denom"", ""Ilias"", ""Velorum""]","[0.9098526239395142, 0.8005483150482178, 0.7311637997627258, 0.622431755065918, 0.4986875057220459]"
3,centroid,1,288,Nivalis,Nivalis,"[""Nivalis"", ""Ratikon"", ""Denom"", ""Ilias"", ""Vega""]","[0.7562063932418823, 0.4912262558937073, 0.37963244318962097, 0.2619462013244629, 0.24374644458293915]"
3,centroid,1,289,Ratikon,Ratikon,"[""Ratikon"", ""Denom"", ""Nivalis"", ""Ilias"", ""Velorum""]","[0.9009577631950378, 0.7298186421394348, 0.6809157133102417, 0.5592677593231201, 0.37278854846954346]"
3,centroid,1,290,Ratikon,Ratikon,"[""Ratikon"", ""Denom"", ""Nivalis"", ""Ilias"", ""Velorum""]","[0.9073500633239746, 0.7576512098312378, 0.6133412718772888, 0.5688365697860718, 0.12361925095319748]"
3,centroid,1,291,Ratikon,Ratikon,"[""Ratikon"", ""Nivalis"", ""Denom"", ""Ilias"", ""Velorum""]","[0.8512098789215088, 0.7761526703834534, 0.6911705136299133, 0.6086815595626831, 0.221261665225029]"
3,centroid,1,292,Ratikon,Nivalis,"[""Nivalis"", ""Ratikon"", ""Denom"", ""Ilias"", ""Velorum""]","[0.8267081379890442, 0.7733532190322876, 0.5156238675117493, 0.4925007224082947, 0.3365028500556946]"
3,centroid,1,293,Ratikon,Ratikon,"[""Ratikon"", ""Denom"", ""Nivalis"", ""Ilias"", ""Velorum""]","[0.8663161993026733, 0.7867191433906555, 0.7366534471511841, 0.6172066926956177, 0.4006795585155487]"
3,centroid,1,294,Ratikon,Ilias,"[""Ilias"", ""Ratikon"", ""Nivalis"", ""Velorum"", ""Denom""]","[0.8033630847930908, 0.7768764495849609, 0.6959372758865356, 0.6880940198898315, 0.5502438545227051]"
3,centroid,1,295,Ratikon,Ratikon,"[""Ratikon"", ""Denom"", ""Nivalis"", ""Ilias"", ""Velorum""]","[0.9275044798851013, 0.8125760555267334, 0.6922092437744141, 0.6213363409042358, 0.06940043717622757]"
3,centroid,1,296,Ratikon,Ratikon,"[""Ratikon"", ""Ilias"", ""Denom"", ""Nivalis"", ""Triton""]","[0.7941423058509827, 0.6726902723312378, 0.5810483694076538, 0.5258915424346924, 0.20506638288497925]"
3,centroid,1,297,Ratikon,Ratikon,"[""Ratikon"", ""Nivalis"", ""Denom"", ""Ilias"", ""Velorum""]","[0.8873372077941895, 0.7622252702713013, 0.658218264579773, 0.519810140132904, 0.13551925122737885]"
3,centroid,1,298,Ratikon,Ratikon,"[""Ratikon"", ""Ilias"", ""Denom"", ""Nivalis"", ""Velorum""]","[0.8722454309463501, 0.8484349250793457, 0.6932863593101501, 0.6572163701057434, 0.5293716192245483]"
3,centroid,1,299,Ratikon,Ratikon,"[""Ratikon"", ""Denom"", ""Ilias"", ""Nivalis"", ""Velorum""]","[0.9526512622833252, 0.7646662592887878, 0.7137854099273682, 0.6831275224685669, 0.18721580505371094]"
3,centroid,1,300,Ratikon,Ratikon,"[""Ratikon"", ""Nivalis"", ""Denom"", ""Ilias"", ""Steel_Wheel""]","[0.6423612236976624, 0.5379661917686462, 0.4744799733161926, 0.16265869140625, 0.14608976244926453]"
3,centroid,1,301,Ratikon,Ratikon,"[""Ratikon"", ""Denom"", ""Nivalis"", ""Ilias"", ""Velorum""]","[0.8854187726974487, 0.7046208381652832, 0.6658322811126709, 0.5933907628059387, 0.017970284447073936]"
3,centroid,1,302,Ratikon,Ratikon,"[""Ratikon"", ""Ilias"", ""Denom"", ""Nivalis"", ""Velorum""]","[0.8018105030059814, 0.7770891189575195, 0.6970038414001465, 0.6110571622848511, 0.5339080691337585]"
3,centroid,1,303,Ratikon,Ratikon,"[""Ratikon"", ""Denom"", ""Nivalis"", ""Ilias"", ""Velorum""]","[0.9025771021842957, 0.7618203163146973, 0.6544873118400574, 0.6248579025268555, 0.23450136184692383]"
3,centroid,1,304,Ratikon,Ratikon,"[""Ratikon"", ""Nivalis"", ""Ilias"", ""Denom"", ""Velorum""]","[0.919307291507721, 0.6492208242416382, 0.6210367679595947, 0.5906054973602295, 0.23474901914596558]"
3,centroid,1,305,Ratikon,Ratikon,"[""Ratikon"", ""Nivalis"", ""Ilias"", ""Denom"", ""Velorum""]","[0.9116809368133545, 0.7219738960266113, 0.696148693561554, 0.5737565159797668, 0.22107946872711182]"
3,centroid,1,306,Ratikon,Ratikon,"[""Ratikon"", ""Denom"", ""Ilias"", ""Nivalis"", ""Trius""]","[0.7543752789497375, 0.6570018529891968, 0.582653820514679, 0.4354495108127594, 0.2169198989868164]"
3,centroid,1,307,Ratikon,Ratikon,"[""Ratikon"", ""Denom"", ""Nivalis"", ""Ilias"", ""Velorum""]","[0.8269369602203369, 0.5992152094841003, 0.564138650894165, 0.5399438142776489, 0.1332882195711136]"
3,centroid,1,308,Ratikon,Ratikon,"[""Ratikon"", ""Ilias"", ""Nivalis"", ""Denom"", ""Velorum""]","[0.8306026458740234, 0.7632471323013306, 0.5515071153640747, 0.5070549249649048, 0.24453036487102509]"
3,centroid,1,309,Ratikon,Ilias,"[""Ilias"", ""Ratikon"", ""Denom"", ""Nivalis"", ""Velorum""]","[0.8459609150886536, 0.8151915073394775, 0.6445865631103516, 0.5883280634880066, 0.31529146432876587]"
3,centroid,1,310,Ratikon,Ratikon,"[""Ratikon"", ""Nivalis"", ""Denom"", ""Ilias"", ""Velorum""]","[0.8946436643600464, 0.7797079682350159, 0.6783542037010193, 0.46160241961479187, 0.20484203100204468]"
3,centroid,1,311,Ratikon,Ratikon,"[""Ratikon"", ""Denom"", ""Ilias"", ""Nivalis"", ""Velorum""]","[0.7663047909736633, 0.7098078727722168, 0.6667409539222717, 0.664236843585968, 0.3763742744922638]"
3,centroid,1,312,Ratikon,Ratikon,"[""Ratikon"", ""Denom"", ""Ilias"", ""Nivalis"", ""Velorum""]","[0.9176042079925537, 0.8175369501113892, 0.8114677667617798, 0.6795153021812439, 0.17456573247909546]"
3,centroid,1,313,Ratikon,Ratikon,"[""Ratikon"", ""Nivalis"", ""Denom"", ""Ilias"", ""Velorum""]","[0.8927056789398193, 0.8099620342254639, 0.642088770866394, 0.6411095857620239, 0.365628182888031]"
3,centroid,1,314,Ratikon,Ilias,"[""Ilias"", ""Ratikon"", ""Nivalis"", ""Denom"", ""Velorum""]","[0.7905430793762207, 0.7867481708526611, 0.7560116052627563, 0.6888219118118286, 0.3535868525505066]"
3,centroid,1,315,Ratikon,Ilias,"[""Ilias"", ""Ratikon"", ""Denom"", ""Nivalis"", ""Triton""]","[0.7656627893447876, 0.6734300255775452, 0.589536190032959, 0.5206270217895508, 0.31161943078041077]"
3,centroid,1,316,Ratikon,Ratikon,"[""Ratikon"", ""Nivalis"", ""Denom"", ""Ilias"", ""Velorum""]","[0.8841442465782166, 0.7693935632705688, 0.6078592538833618, 0.49769580364227295, 0.30207502841949463]"
3,centroid,1,317,Steel_Wheel,Steel_Wheel,"[""Steel_Wheel"", ""Turbine"", ""Xtreme"", ""Hawk"", ""Gemini""]","[0.9077088832855225, 0.030271396040916443, 0.029923733323812485, -0.026155922561883926, -0.030810493975877762]"
3,centroid,1,318,Steel_Wheel,Steel_Wheel,"[""Steel_Wheel"", ""Hawk"", ""Denom"", ""Turbine"", ""Ratikon""]","[0.9440067410469055, 0.0277226734906435, 0.01852678880095482, -0.010615739971399307, -0.03639950603246689]"
3,centroid,1,319,Steel_Wheel,Steel_Wheel,"[""Steel_Wheel"", ""Castor"", ""Turbine"", ""Nivalis"", ""Mytikas""]","[0.9499679803848267, 0.00990624725818634, -0.008636843413114548, -0.020619317889213562, -0.035678815096616745]"
3,centroid,1,320,Steel_Wheel,Steel_Wheel,"[""Steel_Wheel"", ""Turbine"", ""Castor"", ""Xtreme"", ""Nivalis""]","[0.9443159103393555, -0.0034891925752162933, -0.055065203458070755, -0.06037423387169838, -0.06369756162166595]"
3,centroid,1,321,Steel_Wheel,Steel_Wheel,"[""Steel_Wheel"", ""Xtreme"", ""Turbine"", ""Hawk"", ""Gemini""]","[0.9356924891471863, 0.09981078654527664, 0.053120486438274384, 0.04730043187737465, -0.07442381232976913]"
3,centroid,1,322,Steel_Wheel,Steel_Wheel,"[""Steel_Wheel"", ""Denom"", ""Nivalis"", ""Xtreme"", ""Hawk""]","[0.9723278284072876, -0.005034994333982468, -0.025403942912817, -0.04095868021249771, -0.05806583911180496]"
3,centroid,1,323,Steel_Wheel,Steel_Wheel,"[""Steel_Wheel"", ""Mytikas"", ""Trius"", ""Nivalis"", ""Denom""]","[0.9614664316177368, 0.09046569466590881, 0.03464575111865997, 0.015974488109350204, 0.014134112745523453]"
3,centroid,1,324,Steel_Wheel,Steel_Wheel,"[""Steel_Wheel"", ""Xtreme"", ""Nivalis"", ""Mytikas"", ""Castor""]","[0.955361545085907, 0.019593287259340286, 0.0064365454018116, -0.01809452660381794, -0.07265438884496689]"
3,centroid,1,325,Steel_Wheel,Steel_Wheel,"[""Steel_Wheel"", ""Nivalis"", ""Denom"", ""Xtreme"", ""Velorum""]","[0.9502777457237244, -0.0050950609147548676, -0.017406007274985313, -0.02482694759964943, -0.030819972977042198]"
3,centroid,1,326,Steel_Wheel,Steel_Wheel,"[""Steel_Wheel"", ""Denom"", ""Nivalis"", ""Ratikon"", ""Xtreme""]","[0.9581939578056335, 0.09704732894897461, 0.03052126243710518, 0.011164223775267601, 0.006696060299873352]"
3,centroid,1,327,Steel_Wheel,Steel_Wheel,"[""Steel_Wheel"", ""Nivalis"", ""Denom"", ""Hawk"", ""Ratikon""]","[0.9378716945648193, 0.12239953875541687, 0.10732389241456985, 0.10258234292268753, 0.08184407651424408]"
3,centroid,1,328,Steel_Wheel,Steel_Wheel,"[""Steel_Wheel"", ""Xtreme"", ""Denom"", ""Nivalis"", ""Hawk""]","[0.9868944883346558, 0.02618841826915741, 0.009245471097528934, 0.006105724722146988, -0.03664913401007652]"
3,centroid,1,329,Steel_Wheel,Steel_Wheel,"[""Steel_Wheel"", ""Castor"", ""Mytikas"", ""Xtreme"", ""Alcatras""]","[0.9471465349197388, 0.08269364386796951, 0.06852894276380539, 0.055806733667850494, -0.015654057264328003]"
3,centroid,1,330,Steel_Wheel,Steel_Wheel,"[""Steel_Wheel"", ""Nivalis"", ""Hawk"", ""Denom"", ""Xtreme""]","[0.9325227737426758, 0.15040579438209534, 0.14178496599197388, 0.07152269780635834, 0.03149271383881569]"
3,centroid,1,331,Steel_Wheel,Steel_Wheel,"[""Steel_Wheel"", ""Xtreme"", ""Nivalis"", ""Mytikas"", ""Gemini""]","[0.9698919057846069, 0.017968352884054184, -0.025553949177265167, -0.03742571920156479, -0.03881780058145523]"
3,centroid,1,332,Steel_Wheel,Steel_Wheel,"[""Steel_Wheel"", ""Xtreme"", ""Denom"", ""Nivalis"", ""Ratikon""]","[0.9538557529449463, 0.0839012935757637, 0.07026225328445435, 0.05710531398653984, 0.02045382931828499]"
3,centroid,1,333,Steel_Wheel,Steel_Wheel,"[""Steel_Wheel"", ""Nivalis"", ""Xtreme"", ""Denom"", ""Velorum""]","[0.9811190962791443, 0.04529700055718422, 0.03846649080514908, -0.011621050536632538, -0.017531193792819977]"
3,centroid,1,334,Steel_Wheel,Steel_Wheel,"[""Steel_Wheel"", ""Nivalis"", ""Denom"", ""Xtreme"", ""Ratikon""]","[0.9633241295814514, 0.09035079926252365, 0.0684359222650528, 0.0004651397466659546, -0.026149295270442963]"
3,centroid,1,335,Steel_Wheel,Steel_Wheel,"[""Steel_Wheel"", ""Nivalis"", ""Denom"", ""Ratikon"", ""Xtreme""]","[0.9013924598693848, 0.18408305943012238, 0.16323603689670563, 0.13857273757457733, 0.0974639505147934]"
3,centroid,1,336,Steel_Wheel,Steel_Wheel,"[""Steel_Wheel"", ""Hawk"", ""Nivalis"", ""Turbine"", ""Denom""]","[0.9602560997009277, 0.07630053907632828, 0.07466302812099457, 0.07389809936285019, 0.026153990998864174]"
3,centroid,1,337,Steel_Wheel,Steel_Wheel,"[""Steel_Wheel"", ""Xtreme"", ""Gemini"", ""Hawk"", ""Mytikas""]","[0.8851674795150757, 0.22809350490570068, 0.10134254395961761, 0.0696929395198822, 0.06421825289726257]"
3,centroid,1,338,Steel_Wheel,Steel_Wheel,"[""Steel_Wheel"", ""Nivalis"", ""Denom"", ""Velorum"", ""Ratikon""]","[0.960188090801239, 0.12094657123088837, 0.0852004885673523, 0.037228457629680634, 0.034592077136039734]"
3,centroid,1,339,Steel_Wheel,Denom,"[""Denom"", ""Ratikon"", ""Nivalis"", ""Ilias"", ""Steel_Wheel""]","[0.49747931957244873, 0.2972528636455536, 0.2127988636493683, 0.0288650244474411, -0.017733260989189148]"
3,centroid,1,340,Steel_Wheel,Steel_Wheel,"[""Steel_Wheel"", ""Denom"", ""Nivalis"", ""Hawk"", ""Ratikon""]","[0.9828743934631348, 0.056031666696071625, 0.052297405898571014, -0.0002273358404636383, -0.029581591486930847]"
3,centroid,1,341,Steel_Wheel,Steel_Wheel,"[""Steel_Wheel"", ""Mytikas"", ""Turbine"", ""Nivalis"", ""Hawk""]","[0.9375105500221252, 0.17342853546142578, 0.06335147470235825, 0.04569975659251213, 0.0236857570707798]"
3,centroid,1,342,Steel_Wheel,Steel_Wheel,"[""Steel_Wheel"", ""Nivalis"", ""Velorum"", ""Denom"", ""Xtreme""]","[0.9556653499603271, 0.14162716269493103, 0.12186089158058167, 0.07036798447370529, 0.054192785173654556]"
3,centroid,1,343,Steel_Wheel,Steel_Wheel,"[""Steel_Wheel"", ""Nivalis"", ""Denom"", ""Velorum"", ""Xtreme""]","[0.9586225748062134, 0.09235349297523499, 0.05998982489109039, 0.018363863229751587, 0.015283823013305664]"
3,centroid,1,344,Steel_Wheel,Steel_Wheel,"[""Steel_Wheel"", ""Turbine"", ""Mytikas"", ""Xtreme"", ""Nivalis""]","[0.927381694316864, 0.10562413185834885, 0.09860022366046906, 0.002165786921977997, -0.0010424833744764328]"
3,centroid,1,345,Steel_Wheel,Steel_Wheel,"[""Steel_Wheel"", ""Turbine"", ""Xtreme"", ""Mytikas"", ""Hawk""]","[0.908820629119873, 0.07000686973333359, 0.05804000794887543, 0.0051016733050346375, -0.01902317814528942]"
3,centroid,1,346,Steel_Wheel,Steel_Wheel,"[""Steel_Wheel"", ""Nivalis"", ""Denom"", ""Velorum"", ""Ratikon""]","[0.975937008857727, 0.11884788423776627, 0.09728024899959564, 0.05849260464310646, 0.031482450664043427]"
3,centroid,1,347,Steel_Wheel,Steel_Wheel,"[""Steel_Wheel"", ""Nivalis"", ""Ratikon"", ""Denom"", ""Velorum""]","[0.940916895866394, 0.193216472864151, 0.11782515794038773, 0.11435926705598831, 0.09319093078374863]"
3,centroid,1,348,Steel_Wheel,Steel_Wheel,"[""Steel_Wheel"", ""Alaris"", ""Alcatras"", ""Mytikas"", ""Trius""]","[0.9533376693725586, 0.04360973462462425, 0.0023111365735530853, -0.00018452852964401245, -0.018230509012937546]"
3,centroid,1,349,Steel_Wheel,Steel_Wheel,"[""Steel_Wheel"", ""Nivalis"", ""Velorum"", ""Denom"", ""Xtreme""]","[0.976894736289978, 0.10305489599704742, 0.03526921197772026, 0.01125318743288517, -0.010641098022460938]"
3,centroid,1,350,Steel_Wheel,Steel_Wheel,"[""Steel_Wheel"", ""Hawk"", ""Mytikas"", ""Turbine"", ""Velorum""]","[0.926576554775238, 0.1846858412027359, 0.09936872869729996, 0.06975644826889038, 0.023888058960437775]"
3,centroid,1,351,Steel_Wheel,Steel_Wheel,"[""Steel_Wheel"", ""Xtreme"", ""Mytikas"", ""Nivalis"", ""Gemini""]","[0.9617931246757507, 0.06666881591081619, 0.059796445071697235, 0.020223166793584824, -0.02002665400505066]"
3,centroid,1,352,Triton,Triton,"[""Triton"", ""Mytikas"", ""Trius"", ""Castor"", ""Ilias""]","[0.9347119331359863, 0.5561397075653076, 0.5400152206420898, 0.44744643568992615, 0.3395603895187378]"
3,centroid,1,353,Triton,Triton,"[""Triton"", ""Trius"", ""Braga"", ""Mytikas"", ""Castor""]","[0.879382312297821, 0.6140435338020325, 0.5716911554336548, 0.4255312979221344, 0.41042882204055786]"
3,centroid,1,354,Triton,Triton,"[""Triton"", ""Castor"", ""Mytikas"", ""Trius"", ""Braga""]","[0.9125412702560425, 0.6299459338188171, 0.6134220361709595, 0.5958129167556763, 0.558682918548584]"
3,centroid,1,355,Triton,Triton,"[""Triton"", ""Castor"", ""Trius"", ""Mytikas"", ""Velorum""]","[0.7808939814567566, 0.4541345238685608, 0.44208768010139465, 0.3737637996673584, 0.26244813203811646]"
3,centroid,1,356,Triton,Triton,"[""Triton"", ""Trius"", ""Mytikas"", ""Castor"", ""Velorum""]","[0.8653472661972046, 0.6319484710693359, 0.5351033210754395, 0.5230331420898438, 0.40282973647117615]"
3,centroid,1,357,Triton,Triton,"[""Triton"", ""Castor"", ""Trius"", ""Braga"", ""Mytikas""]","[0.8154624700546265, 0.6058274507522583, 0.5453783273696899, 0.4862903356552124, 0.4690427780151367]"
3,centroid,1,358,Triton,Triton,"[""Triton"", ""Trius"", ""Braga"", ""Mytikas"", ""Gemini""]","[0.8396816849708557, 0.6469594240188599, 0.569595456123352, 0.4312560558319092, 0.4197804927825928]"
3,centroid,1,359,Triton,Triton,"[""Triton"", ""Trius"", ""Mytikas"", ""Castor"", ""Braga""]","[0.8946141004562378, 0.5896608829498291, 0.5076432228088379, 0.500421404838562, 0.4234042763710022]"
3,centroid,1,360,Triton,Triton,"[""Triton"", ""Trius"", ""Braga"", ""Mytikas"", ""Alcatras""]","[0.8566856980323792, 0.574305534362793, 0.5504807233810425, 0.4500783085823059, 0.44663041830062866]"
3,centroid,1,361,Triton,Triton,"[""Triton"", ""Trius"", ""Mytikas"", ""Alcatras"", ""Braga""]","[0.8676279783248901, 0.7227604985237122, 0.7077556848526001, 0.5918958187103271, 0.5774130821228027]"
3,centroid,1,362,Triton,Triton,"[""Triton"", ""Mytikas"", ""Castor"", ""Trius"", ""Alcatras""]","[0.8746583461761475, 0.6036909818649292, 0.5344273447990417, 0.5265220403671265, 0.5019148588180542]"
3,centroid,1,363,Triton,Triton,"[""Triton"", ""Castor"", ""Trius"", ""Mytikas"", ""Braga""]","[0.7847153544425964, 0.5047823786735535, 0.44683051109313965, 0.35168856382369995, 0.27641114592552185]"
3,centroid,1,364,Triton,Triton,"[""Triton"", ""Trius"", ""Braga"", ""Mytikas"", ""Castor""]","[0.9080348014831543, 0.6314226388931274, 0.5268619656562805, 0.5182953476905823, 0.4820605218410492]"
3,centroid,1,365,Triton,Alcatras,"[""Alcatras"", ""Alaris"", ""Mytikas"", ""Trius"", ""Triton""]","[0.7766059637069702, 0.7013969421386719, 0.6374659538269043, 0.586379885673523, 0.5861009359359741]"
3,centroid,1,366,Triton,Triton,"[""Triton"", ""Mytikas"", ""Castor"", ""Velorum"", ""Alcatras""]","[0.8162722587585449, 0.672666072845459, 0.5288978219032288, 0.4466205835342407, 0.4058575928211212]"
3,centroid,1,367,Triton,Triton,"[""Triton"", ""Braga"", ""Mytikas"", ""Trius"", ""Castor""]","[0.8988015651702881, 0.6491551995277405, 0.6399203538894653, 0.5627474188804626, 0.5591152310371399]"
3,centroid,1,368,Triton,Triton,"[""Triton"", ""Castor"", ""Trius"", ""Braga"", ""Mytikas""]","[0.8749727010726929, 0.546485960483551, 0.52890944480896, 0.4711627662181854, 0.4389339089393616]"
3,centroid,1,369,Triton,Triton,"[""Triton"", ""Mytikas"", ""Trius"", ""Alcatras"", ""Castor""]","[0.7368581891059875, 0.7123716473579407, 0.5995440483093262, 0.5574372410774231, 0.4715018570423126]"
3,centroid,1,370,Triton,Triton,"[""Triton"", ""Trius"", ""Mytikas"", ""Castor"", ""Braga""]","[0.9247084856033325, 0.7206537127494812, 0.6120065450668335, 0.5510280132293701, 0.5434454679489136]"
3,centroid,1,371,Triton,Triton,"[""Triton"", ""Braga"", ""Mytikas"", ""Castor"", ""Trius""]","[0.8328368663787842, 0.7064647674560547, 0.5401580333709717, 0.5032834410667419, 0.493456095457077]"
3,centroid,1,372,Triton,Triton,"[""Triton"", ""Trius"", ""Braga"", ""Mytikas"", ""Castor""]","[0.9042600393295288, 0.7565709948539734, 0.6247146129608154, 0.608504056930542, 0.5037508606910706]"
3,centroid,1,373,Triton,Triton,"[""Triton"", ""Castor"", ""Mytikas"", ""Trius"", ""Alcatras""]","[0.8285725116729736, 0.5214470028877258, 0.4856150150299072, 0.46900758147239685, 0.46488961577415466]"
3,centroid,1,374,Triton,Triton,"[""Triton"", ""Trius"", ""Braga"", ""Mytikas"", ""Castor""]","[0.9510506391525269, 0.7109428644180298, 0.5421172380447388, 0.5361705422401428, 0.5073745250701904]"
3,centroid,1,375,Triton,Alcatras,"[""Alcatras"", ""Braga"", ""Trius"", ""Mytikas"", ""Triton""]","[0.7198742628097534, 0.715144157409668, 0.6730207204818726, 0.6610694527626038, 0.6573476791381836]"
3,centroid,1,376,Triton,Triton,"[""Triton"", ""Trius"", ""Ilias"", ""Castor"", ""Mytikas""]","[0.7398954629898071, 0.5225627422332764, 0.36796116828918457, 0.32088902592658997, 0.3122643530368805]"
3,centroid,1,377,Triton,Triton,"[""Triton"", ""Trius"", ""Braga"", ""Mytikas"", ""Alcatras""]","[0.8472808003425598, 0.7072529792785645, 0.691857635974884, 0.5839940309524536, 0.5789585113525391]"
3,centroid,1,378,Triton,Triton,"[""Triton"", ""Braga"", ""Trius"", ""Mytikas"", ""Castor""]","[0.8892024755477905, 0.6634061932563782, 0.65561842918396, 0.5886191129684448, 0.4839633107185364]"
3,centroid,1,379,Triton,Triton,"[""Triton"", ""Braga"", ""Trius"", ""Castor"", ""Gemini""]","[0.7436182498931885, 0.46090167760849, 0.4375408887863159, 0.41371360421180725, 0.2435324639081955]"
3,centroid,1,380,Triton,Triton,"[""Triton"", ""Trius"", ""Mytikas"", ""Castor"", ""Alcatras""]","[0.8889257907867432, 0.7400814294815063, 0.6883395314216614, 0.6357890963554382, 0.6059313416481018]"
3,centroid,1,381,Triton,Triton,"[""Triton"", ""Trius"", ""Braga"", ""Alcatras"", ""Mytikas""]","[0.8632516860961914, 0.696414589881897, 0.6214569807052612, 0.5834965109825134, 0.5620670914649963]"
3,centroid,1,382,Triton,Triton,"[""Triton"", ""Mytikas"", ""Trius"", ""Alcatras"", ""Castor""]","[0.9508751034736633, 0.6733044981956482, 0.6313270926475525, 0.4931836426258087, 0.48495030403137207]"
3,centroid,1,383,Triton,Triton,"[""Triton"", ""Mytikas"", ""Trius"", ""Alcatras"", ""Braga""]","[0.8904545307159424, 0.7400591969490051, 0.6272395253181458, 0.5994305610656738, 0.5836793184280396]"
3,centroid,1,384,Triton,Triton,"[""Triton"", ""Trius"", ""Mytikas"", ""Velorum"", ""Braga""]","[0.801403284072876, 0.4806743562221527, 0.41395533084869385, 0.40926462411880493, 0.3973771631717682]"
3,centroid,1,385,Triton,Triton,"[""Triton"", ""Castor"", ""Mytikas"", ""Trius"", ""Braga""]","[0.8910370469093323, 0.7402892112731934, 0.653999388217926, 0.5209988355636597, 0.43815192580223083]"
3,centroid,1,386,Triton,Triton,"[""Triton"", ""Braga"", ""Trius"", ""Castor"", ""Alcatras""]","[0.6954121589660645, 0.6560519337654114, 0.6531492471694946, 0.4894065856933594, 0.46469736099243164]"
3,centroid,1,387,Triton,Triton,"[""Triton"", ""Trius"", ""Mytikas"", ""Braga"", ""Ilias""]","[0.8772433996200562, 0.5867286920547485, 0.374127060174942, 0.35556715726852417, 0.3261563777923584]"
3,centroid,1,388,Triton,Alcatras,"[""Alcatras"", ""Triton"", ""Castor"", ""Braga"", ""Mytikas""]","[0.696657657623291, 0.6305656433105469, 0.5907674431800842, 0.52614426612854, 0.5151090621948242]"
3,centroid,1,389,Triton,Triton,"[""Triton"", ""Mytikas"", ""Trius"", ""Castor"", ""Braga""]","[0.8785077333450317, 0.7831630110740662, 0.6356194019317627, 0.48855313658714294, 0.4758884906768799]"
3,centroid,1,390,Triton,Triton,"[""Triton"", ""Trius"", ""Castor"", ""Mytikas"", ""Velorum""]","[0.6788893938064575, 0.5767989158630371, 0.4400632679462433, 0.361342191696167, 0.34795859456062317]"
3,centroid,1,391,Triton,Triton,"[""Triton"", ""Mytikas"", ""Trius"", ""Castor"", ""Braga""]","[0.9275298118591309, 0.690570056438446, 0.675687313079834, 0.5758892297744751, 0.5331333875656128]"
3,centroid,1,392,Triton,Triton,"[""Triton"", ""Trius"", ""Mytikas"", ""Braga"", ""Ilias""]","[0.9202600717544556, 0.6164172887802124, 0.5045708417892456, 0.41236400604248047, 0.3729919195175171]"
3,centroid,1,393,Triton,Castor,"[""Castor"", ""Alcatras"", ""Mytikas"", ""Triton"", ""Turbine""]","[0.7222700715065002, 0.6460613012313843, 0.6169613599777222, 0.5949932336807251, 0.45627066493034363]"
3,centroid,1,394,Triton,Triton,"[""Triton"", ""Mytikas"", ""Castor"", ""Trius"", ""Braga""]","[0.9297077059745789, 0.585291862487793, 0.5751416683197021, 0.5739195346832275, 0.46716439723968506]"
3,centroid,1,395,Triton,Triton,"[""Triton"", ""Mytikas"", ""Alcatras"", ""Trius"", ""Castor""]","[0.7955926656723022, 0.7101070284843445, 0.630133867263794, 0.5535959005355835, 0.5226660966873169]"
3,centroid,1,396,Triton,Triton,"[""Triton"", ""Mytikas"", ""Trius"", ""Braga"", ""Castor""]","[0.8889099955558777, 0.6735179424285889, 0.5995175838470459, 0.5899496078491211, 0.5800961852073669]"
3,centroid,1,397,Triton,Triton,"[""Triton"", ""Mytikas"", ""Alcatras"", ""Braga"", ""Castor""]","[0.8275984525680542, 0.64227294921875, 0.480497807264328, 0.48001280426979065, 0.4666844308376312]"
3,centroid,1,398,Triton,Triton,"[""Triton"", ""Trius"", ""Mytikas"", ""Braga"", ""Gemini""]","[0.8064912557601929, 0.5042191743850708, 0.43257811665534973, 0.4284816384315491, 0.34456366300582886]"
3,centroid,1,399,Triton,Triton,"[""Triton"", ""Mytikas"", ""Braga"", ""Castor"", ""Trius""]","[0.7537893652915955, 0.4706062376499176, 0.45715442299842834, 0.3967922031879425, 0.2827056050300598]"
3,centroid,1,400,Triton,Triton,"[""Triton"", ""Trius"", ""Mytikas"", ""Braga"", ""Alcatras""]","[0.8997073769569397, 0.5991978645324707, 0.5412256121635437, 0.4776484966278076, 0.44534605741500854]"
3,centroid,1,401,Triton,Triton,"[""Triton"", ""Mytikas"", ""Castor"", ""Alcatras"", ""Trius""]","[0.7942014336585999, 0.7884862422943115, 0.46490028500556946, 0.45022058486938477, 0.4442178010940552]"
3,centroid,1,402,Triton,Triton,"[""Triton"", ""Castor"", ""Braga"", ""Mytikas"", ""Trius""]","[0.7730481624603271, 0.7359513640403748, 0.6007723808288574, 0.5352799892425537, 0.35195019841194153]"
3,centroid,1,403,Triton,Triton,"[""Triton"", ""Braga"", ""Trius"", ""Castor"", ""Velorum""]","[0.6990413069725037, 0.6054316759109497, 0.5070834755897522, 0.5007490515708923, 0.39251816272735596]"
3,centroid,1,404,Triton,Triton,"[""Triton"", ""Mytikas"", ""Castor"", ""Trius"", ""Braga""]","[0.9041855931282043, 0.6393939852714539, 0.5076617002487183, 0.5036417245864868, 0.4425640404224396]"
3,centroid,1,405,Trius,Trius,"[""Trius"", ""Alaris"", ""Alcatras"", ""Braga"", ""Mytikas""]","[0.7910231351852417, 0.526261568069458, 0.48025020956993103, 0.461891770362854, 0.3849499821662903]"
3,centroid,1,406,Trius,Triton,"[""Triton"", ""Trius"", ""Velorum"", ""Alcatras"", ""Mytikas""]","[0.7272107005119324, 0.696325957775116, 0.5481150150299072, 0.48098820447921753, 0.44423043727874756]"
3,centroid,1,407,Trius,Trius,"[""Trius"", ""Gemini"", ""Braga"", ""Mytikas"", ""Triton""]","[0.7198718786239624, 0.40534642338752747, 0.3861777186393738, 0.38246792554855347, 0.3419334888458252]"
3,centroid,1,408,Trius,Triton,"[""Triton"", ""Trius"", ""Castor"", ""Mytikas"", ""Braga""]","[0.7541574239730835, 0.7360382676124573, 0.6656035780906677, 0.5724849700927734, 0.554303765296936]"
3,centroid,1,409,Trius,Trius,"[""Trius"", ""Gemini"", ""Vega"", ""Triton"", ""Denom""]","[0.6903231143951416, 0.456530898809433, 0.2928887605667114, 0.27500343322753906, 0.2434876561164856]"
3,centroid,1,410,Trius,Trius,"[""Trius"", ""Triton"", ""Mytikas"", ""Gemini"", ""Braga""]","[0.5942717790603638, 0.5283697247505188, 0.4718884229660034, 0.44266536831855774, 0.22079797089099884]"
3,centroid,1,411,Trius,Trius,"[""Trius"", ""Triton"", ""Alcatras"", ""Alaris"", ""Mytikas""]","[0.9138154983520508, 0.6756889820098877, 0.5342707633972168, 0.5196980834007263, 0.48257172107696533]"
3,centroid,1,412,Trius,Trius,"[""Trius"", ""Braga"", ""Alaris"", ""Triton"", ""Alcatras""]","[0.6656259298324585, 0.48067042231559753, 0.45816919207572937, 0.3973408043384552, 0.3402542471885681]"
3,centroid,1,413,Trius,Trius,"[""Trius"", ""Triton"", ""Braga"", ""Mytikas"", ""Castor""]","[0.8753171563148499, 0.7432688474655151, 0.5992431640625, 0.5338953137397766, 0.4525720179080963]"
3,centroid,1,414,Trius,Trius,"[""Trius"", ""Alaris"", ""Alcatras"", ""Braga"", ""Triton""]","[0.7716698050498962, 0.5805438756942749, 0.45425161719322205, 0.43393954634666443, 0.4013603627681732]"
3,centroid,1,415,Trius,Alaris,"[""Alaris"", ""Trius"", ""Alcatras"", ""Triton"", ""Braga""]","[0.6290700435638428, 0.5610148906707764, 0.49431729316711426, 0.3823508620262146, 0.295714795589447]"
3,centroid,1,416,Trius,Vega,"[""Vega"", ""Mytikas"", ""Triton"", ""Ilias"", ""Gemini""]","[0.29185381531715393, 0.17314860224723816, 0.16933952271938324, 0.14042212069034576, 0.12455909699201584]"
3,centroid,1,417,Trius,Trius,"[""Trius"", ""Braga"", ""Alcatras"", ""Triton"", ""Alaris""]","[0.7811262011528015, 0.7089845538139343, 0.689263105392456, 0.6294912099838257, 0.5840333104133606]"
3,centroid,1,418,Trius,Trius,"[""Trius"", ""Triton"", ""Gemini"", ""Mytikas"", ""Denom""]","[0.7695959210395813, 0.29639557003974915, 0.2514381408691406, 0.2458612322807312, 0.22082091867923737]"
3,centroid,1,419,Trius,Triton,"[""Triton"", ""Trius"", ""Ilias"", ""Velorum"", ""Gemini""]","[0.6799510717391968, 0.6775168180465698, 0.46378251910209656, 0.4216570556163788, 0.3931765556335449]"
3,centroid,1,420,Trius,Trius,"[""Trius"", ""Triton"", ""Mytikas"", ""Alcatras"", ""Alaris""]","[0.9132938385009766, 0.5342351198196411, 0.4877359867095947, 0.4505622982978821, 0.43994396924972534]"
3,centroid,1,421,Trius,Trius,"[""Trius"", ""Triton"", ""Mytikas"", ""Alaris"", ""Braga""]","[0.8647540807723999, 0.6888220310211182, 0.4950106739997864, 0.3735300302505493, 0.3126204013824463]"
3,centroid,1,422,Trius,Trius,"[""Trius"", ""Alaris"", ""Alcatras"", ""Braga"", ""Triton""]","[0.750067949295044, 0.6983538866043091, 0.5970243215560913, 0.5038107633590698, 0.42299512028694153]"
3,centroid,1,423,Trius,Mytikas,"[""Mytikas"", ""Vega"", ""Alaris"", ""Hawk"", ""Alcatras""]","[0.5002744197845459, 0.3581893742084503, 0.3488645553588867, 0.32382553815841675, 0.3212446868419647]"
3,centroid,1,424,Trius,Trius,"[""Trius"", ""Triton"", ""Alcatras"", ""Mytikas"", ""Braga""]","[0.7433570623397827, 0.7046161890029907, 0.559938907623291, 0.5260223150253296, 0.4996945559978485]"
3,centroid,1,425,Trius,Trius,"[""Trius"", ""Triton"", ""Mytikas"", ""Alcatras"", ""Alaris""]","[0.8624919652938843, 0.7153769731521606, 0.6427415609359741, 0.5586442351341248, 0.5503362417221069]"
3,centroid,1,426,Trius,Trius,"[""Trius"", ""Alaris"", ""Triton"", ""Braga"", ""Vega""]","[0.553210973739624, 0.4229949414730072, 0.36446893215179443, 0.3582914471626282, 0.3462536036968231]"
3,centroid,1,427,Trius,Trius,"[""Trius"", ""Triton"", ""Velorum"", ""Mytikas"", ""Castor""]","[0.7147868871688843, 0.6762579083442688, 0.4916667342185974, 0.369658887386322, 0.368588924407959]"
3,centroid,1,428,Trius,Triton,"[""Triton"", ""Trius"", ""Mytikas"", ""Braga"", ""Castor""]","[0.8744928240776062, 0.7526139616966248, 0.5305826663970947, 0.31361153721809387, 0.2921102046966553]"
3,centroid,1,429,Trius,Trius,"[""Trius"", ""Alaris"", ""Triton"", ""Alcatras"", ""Braga""]","[0.8829132318496704, 0.624586820602417, 0.5535578727722168, 0.5289770364761353, 0.5136692523956299]"
3,centroid,1,430,Trius,Trius,"[""Trius"", ""Ilias"", ""Gemini"", ""Triton"", ""Braga""]","[0.5495320558547974, 0.47292035818099976, 0.45973774790763855, 0.4489719271659851, 0.33473309874534607]"
3,centroid,1,431,Trius,Trius,"[""Trius"", ""Triton"", ""Ilias"", ""Alaris"", ""Alcatras""]","[0.7176346778869629, 0.6497403383255005, 0.42150938510894775, 0.4043909013271332, 0.38945841789245605]"
3,centroid,1,432,Trius,Ilias,"[""Ilias"", ""Trius"", ""Denom"", ""Gemini"", ""Triton""]","[0.5538238883018494, 0.5188031196594238, 0.48859912157058716, 0.41956040263175964, 0.3490607738494873]"
3,centroid,1,433,Trius,Trius,"[""Trius"", ""Triton"", ""Alcatras"", ""Alaris"", ""Castor""]","[0.7623403668403625, 0.7331551313400269, 0.6390407085418701, 0.6375607252120972, 0.6256070733070374]"
3,centroid,1,434,Trius,Trius,"[""Trius"", ""Triton"", ""Alaris"", ""Mytikas"", ""Gemini""]","[0.7984300851821899, 0.3149195611476898, 0.2937059998512268, 0.2687806487083435, 0.2590327858924866]"
3,centroid,1,435,Trius,Triton,"[""Triton"", ""Velorum"", ""Castor"", ""Mytikas"", ""Trius""]","[0.6583991050720215, 0.6567074656486511, 0.5875626802444458, 0.5405266880989075, 0.4259640574455261]"
3,centroid,1,436,Trius,Triton,"[""Triton"", ""Trius"", ""Mytikas"", ""Braga"", ""Gemini""]","[0.7481958866119385, 0.6774802207946777, 0.46290066838264465, 0.42532166838645935, 0.2521986961364746]"
3,centroid,1,437,Trius,Trius,"[""Trius"", ""Triton"", ""Castor"", ""Alcatras"", ""Braga""]","[0.8347852826118469, 0.6223653554916382, 0.5868967771530151, 0.5817287564277649, 0.5402660965919495]"
3,centroid,1,438,Trius,Trius,"[""Trius"", ""Braga"", ""Triton"", ""Mytikas"", ""Gemini""]","[0.870471715927124, 0.6201897263526917, 0.5951294302940369, 0.5704421997070312, 0.367585152387619]"
3,centroid,1,439,Trius,Trius,"[""Trius"", ""Braga"", ""Triton"", ""Alaris"", ""Alcatras""]","[0.8071925640106201, 0.5989424586296082, 0.48499926924705505, 0.4717373251914978, 0.41744646430015564]"
3,centroid,1,440,Trius,Trius,"[""Trius"", ""Mytikas"", ""Gemini"", ""Triton"", ""Vega""]","[0.7863602638244629, 0.4845179617404938, 0.40389513969421387, 0.38295483589172363, 0.3461652100086212]"
3,centroid,1,441,Trius,Triton,"[""Triton"", ""Trius"", ""Braga"", ""Mytikas"", ""Gemini""]","[0.7264837026596069, 0.7047474384307861, 0.5971635580062866, 0.5616657733917236, 0.44286811351776123]"
3,centroid,1,442,Trius,Braga,"[""Braga"", ""Gemini"", ""Trius"", ""Triton"", ""Xtreme""]","[0.6717001795768738, 0.5848456621170044, 0.41156619787216187, 0.30154675245285034, 0.29730600118637085]"
3,centroid,1,443,Trius,Braga,"[""Braga"", ""Mytikas"", ""Trius"", ""Triton"", ""Alcatras""]","[0.7967694997787476, 0.7203985452651978, 0.6917352676391602, 0.6461336612701416, 0.6337102651596069]"
3,centroid,1,444,Trius,Trius,"[""Trius"", ""Vega"", ""Denom"", ""Gemini"", ""Nivalis""]","[0.3304497003555298, 0.3172687292098999, 0.20704513788223267, 0.2060869038105011, 0.15494653582572937]"
3,centroid,1,445,Turbine,Turbine,"[""Turbine"", ""Hawk"", ""Castor"", ""Braga"", ""Alaris""]","[0.9149178862571716, 0.4392840266227722, 0.37940654158592224, 0.3473614454269409, 0.21608486771583557]"
3,centroid,1,446,Turbine,Turbine,"[""Turbine"", ""Castor"", ""Alcatras"", ""Mytikas"", ""Hawk""]","[0.7739250063896179, 0.5487439632415771, 0.5047940611839294, 0.3787683844566345, 0.3757006525993347]"
3,centroid,1,447,Turbine,Turbine,"[""Turbine"", ""Braga"", ""Hawk"", ""Vega"", ""Trius""]","[0.8234070539474487, 0.5476559400558472, 0.4000793993473053, 0.36100298166275024, 0.28201085329055786]"
3,centroid,1,448,Turbine,Turbine,"[""Turbine"", ""Castor"", ""Braga"", ""Alaris"", ""Alcatras""]","[0.7405607104301453, 0.718559980392456, 0.5808938145637512, 0.5154547691345215, 0.50107741355896]"
3,centroid,1,449,Turbine,Turbine,"[""Turbine"", ""Vega"", ""Hawk"", ""Braga"", ""Gemini""]","[0.750735878944397, 0.5852643847465515, 0.49287667870521545, 0.3012765347957611, 0.16373518109321594]"
3,centroid,1,450,Turbine,Turbine,"[""Turbine"", ""Castor"", ""Braga"", ""Mytikas"", ""Trius""]","[0.7540241479873657, 0.6406888365745544, 0.5241641998291016, 0.466045618057251, 0.37417784333229065]"
3,centroid,1,451,Turbine,Turbine,"[""Turbine"", ""Vega"", ""Hawk"", ""Braga"", ""Alaris""]","[0.8530648350715637, 0.44558048248291016, 0.41658228635787964, 0.4025091528892517, 0.18739929795265198]"
3,centroid,1,452,Turbine,Turbine,"[""Turbine"", ""Hawk"", ""Castor"", ""Alcatras"", ""Alaris""]","[0.8844367265701294, 0.5135242938995361, 0.32758763432502747, 0.2513790726661682, 0.20171184837818146]"
3,centroid,1,453,Turbine,Turbine,"[""Turbine"", ""Hawk"", ""Castor"", ""Mytikas"", ""Alcatras""]","[0.8974897861480713, 0.5171396732330322, 0.44650161266326904, 0.357604056596756, 0.3158531188964844]"
3,centroid,1,454,Turbine,Turbine,"[""Turbine"", ""Hawk"", ""Braga"", ""Castor"", ""Vega""]","[0.907350480556488, 0.5003212094306946, 0.48542091250419617, 0.4030435383319855, 0.3800502419471741]"
3,centroid,1,455,Turbine,Turbine,"[""Turbine"", ""Alcatras"", ""Alaris"", ""Castor"", ""Hawk""]","[0.7741632461547852, 0.7333636283874512, 0.6393061876296997, 0.523646354675293, 0.4354671537876129]"
3,centroid,1,456,Turbine,Turbine,"[""Turbine"", ""Castor"", ""Braga"", ""Hawk"", ""Alcatras""]","[0.940352201461792, 0.49511855840682983, 0.48508158326148987, 0.40952327847480774, 0.37189847230911255]"
3,centroid,1,457,Turbine,Alcatras,"[""Alcatras"", ""Castor"", ""Braga"", ""Turbine"", ""Alaris""]","[0.7540158033370972, 0.7326127290725708, 0.6231743097305298, 0.6140725612640381, 0.5558895468711853]"
3,centroid,1,458,Turbine,Turbine,"[""Turbine"", ""Vega"", ""Hawk"", ""Braga"", ""Gemini""]","[0.6804291605949402, 0.49400800466537476, 0.4133049547672272, 0.3265536427497864, 0.28900179266929626]"
3,centroid,1,459,Turbine,Turbine,"[""Turbine"", ""Hawk"", ""Braga"", ""Velorum"", ""Castor""]","[0.7680196166038513, 0.48942071199417114, 0.30247658491134644, 0.2397579699754715, 0.23659834265708923]"
3,centroid,1,460,Turbine,Turbine,"[""Turbine"", ""Vega"", ""Hawk"", ""Braga"", ""Alaris""]","[0.8839282989501953, 0.4966247081756592, 0.4552263021469116, 0.3554188013076782, 0.3057118058204651]"
3,centroid,1,461,Turbine,Turbine,"[""Turbine"", ""Hawk"", ""Braga"", ""Castor"", ""Vega""]","[0.9331659078598022, 0.48261719942092896, 0.41975438594818115, 0.29270118474960327, 0.2864541709423065]"
3,centroid,1,462,Turbine,Turbine,"[""Turbine"", ""Hawk"", ""Alaris"", ""Alcatras"", ""Braga""]","[0.9479946494102478, 0.45521050691604614, 0.41779962182044983, 0.37411296367645264, 0.3327292799949646]"
3,centroid,1,463,Turbine,Turbine,"[""Turbine"", ""Castor"", ""Alaris"", ""Alcatras"", ""Mytikas""]","[0.758381724357605, 0.6835947632789612, 0.5402811765670776, 0.5135058760643005, 0.3812094032764435]"
3,centroid,1,464,Turbine,Turbine,"[""Turbine"", ""Castor"", ""Alcatras"", ""Mytikas"", ""Alaris""]","[0.7232168912887573, 0.7178702354431152, 0.6134291887283325, 0.4660423696041107, 0.44078806042671204]"
3,centroid,1,465,Turbine,Turbine,"[""Turbine"", ""Braga"", ""Vega"", ""Alaris"", ""Alcatras""]","[0.8257558345794678, 0.6785629987716675, 0.49021267890930176, 0.4632740914821625, 0.41071435809135437]"
3,centroid,1,466,Turbine,Braga,"[""Braga"", ""Castor"", ""Triton"", ""Alcatras"", ""Turbine""]","[0.7923362851142883, 0.7771178483963013, 0.617112398147583, 0.5849450826644897, 0.5842357873916626]"
3,centroid,1,467,Turbine,Castor,"[""Castor"", ""Turbine"", ""Braga"", ""Alcatras"", ""Alaris""]","[0.8131835460662842, 0.7301792502403259, 0.6806203126907349, 0.6624771356582642, 0.5461790561676025]"
3,centroid,1,468,Turbine,Castor,"[""Castor"", ""Turbine"", ""Alcatras"", ""Alaris"", ""Braga""]","[0.8239961862564087, 0.797193169593811, 0.6227603554725647, 0.48984241485595703, 0.486530065536499]"
3,centroid,1,469,Turbine,Turbine,"[""Turbine"", ""Hawk"", ""Braga"", ""Vega"", ""Alaris""]","[0.8761004209518433, 0.6092772483825684, 0.42310744524002075, 0.3541720509529114, 0.352067768573761]"
3,centroid,1,470,Turbine,Turbine,"[""Turbine"", ""Braga"", ""Hawk"", ""Castor"", ""Vega""]","[0.8337830305099487, 0.44283396005630493, 0.3651335835456848, 0.33584755659103394, 0.23544326424598694]"
3,centroid,1,471,Turbine,Turbine,"[""Turbine"", ""Hawk"", ""Vega"", ""Braga"", ""Alaris""]","[0.8786486387252808, 0.4590032696723938, 0.4143293797969818, 0.41197460889816284, 0.24949611723423004]"
3,centroid,1,472,Vega,Vega,"[""Vega"", ""Braga"", ""Gemini"", ""Hawk"", ""Trius""]","[0.866701602935791, 0.5034357309341431, 0.4811401963233948, 0.4012984037399292, 0.3631571829319]"
3,centroid,1,473,Vega,Vega,"[""Vega"", ""Turbine"", ""Braga"", ""Alaris"", ""Hawk""]","[0.7516342401504517, 0.5945731401443481, 0.4359232485294342, 0.41676080226898193, 0.4147677421569824]"
3,centroid,1,474,Vega,Vega,"[""Vega"", ""Hawk"", ""Turbine"", ""Alaris"", ""Alcatras""]","[0.8731990456581116, 0.4924168288707733, 0.4648294448852539, 0.4440203905105591, 0.15098898112773895]"
3,centroid,1,475,Vega,Vega,"[""Vega"", ""Hawk"", ""Gemini"", ""Alaris"", ""Turbine""]","[0.8792119026184082, 0.5739732384681702, 0.39360612630844116, 0.1971982717514038, 0.1418432891368866]"
3,centroid,1,476,Vega,Vega,"[""Vega"", ""Hawk"", ""Turbine"", ""Alaris"", ""Braga""]","[0.9264150857925415, 0.49064648151397705, 0.43952733278274536, 0.3714543282985687, 0.1959192305803299]"
3,centroid,1,477,Vega,Vega,"[""Vega"", ""Hawk"", ""Turbine"", ""Gemini"", ""Braga""]","[0.7776685953140259, 0.5032271146774292, 0.3622646927833557, 0.17168712615966797, 0.051117442548274994]"
3,centroid,1,478,Vega,Vega,"[""Vega"", ""Alaris"", ""Turbine"", ""Hawk"", ""Alcatras""]","[0.9007405042648315, 0.4769924283027649, 0.3207121193408966, 0.31923896074295044, 0.2488369643688202]"
3,centroid,1,479,Vega,Vega,"[""Vega"", ""Braga"", ""Hawk"", ""Gemini"", ""Alaris""]","[0.8051009178161621, 0.47244885563850403, 0.40418851375579834, 0.39132288098335266, 0.28848060965538025]"
3,centroid,1,480,Vega,Vega,"[""Vega"", ""Alaris"", ""Gemini"", ""Hawk"", ""Turbine""]","[0.8778244256973267, 0.28861281275749207, 0.27646738290786743, 0.24658194184303284, 0.12716162204742432]"
3,centroid,1,481,Vega,Vega,"[""Vega"", ""Hawk"", ""Turbine"", ""Alaris"", ""Alcatras""]","[0.7226492166519165, 0.6991158127784729, 0.49051445722579956, 0.3351190686225891, 0.2494475245475769]"
3,centroid,1,482,Vega,Vega,"[""Vega"", ""Gemini"", ""Hawk"", ""Alaris"", ""Trius""]","[0.9112708568572998, 0.37806054949760437, 0.3155016005039215, 0.28647810220718384, 0.2740257978439331]"
3,centroid,1,483,Vega,Vega,"[""Vega"", ""Alaris"", ""Hawk"", ""Turbine"", ""Alcatras""]","[0.7478656768798828, 0.6356966495513916, 0.6100080013275146, 0.48144030570983887, 0.45763659477233887]"
3,centroid,1,484,Vega,Vega,"[""Vega"", ""Alaris"", ""Turbine"", ""Braga"", ""Hawk""]","[0.811822772026062, 0.4392467141151428, 0.4010017216205597, 0.2350267618894577, 0.22971031069755554]"
3,centroid,1,485,Vega,Vega,"[""Vega"", ""Gemini"", ""Alaris"", ""Nivalis"", ""Ratikon""]","[0.7214182019233704, 0.41040873527526855, 0.11666245758533478, 0.06461022794246674, 0.05530517175793648]"
3,centroid,1,486,Vega,Vega,"[""Vega"", ""Hawk"", ""Turbine"", ""Alaris"", ""Gemini""]","[0.8956317901611328, 0.274360716342926, 0.26518434286117554, 0.2208968698978424, 0.09393863379955292]"
3,centroid,1,487,Vega,Vega,"[""Vega"", ""Gemini"", ""Hawk"", ""Turbine"", ""Alaris""]","[0.8656485080718994, 0.4200766086578369, 0.41852349042892456, 0.203052818775177, 0.10645373910665512]"
3,centroid,1,488,Vega,Vega,"[""Vega"", ""Hawk"", ""Turbine"", ""Alaris"", ""Alcatras""]","[0.8414175510406494, 0.5624264478683472, 0.4053232967853546, 0.4023367762565613, 0.2507582902908325]"
3,centroid,1,489,Vega,Vega,"[""Vega"", ""Hawk"", ""Gemini"", ""Trius"", ""Alaris""]","[0.9111394882202148, 0.40726712346076965, 0.39645206928253174, 0.23624105751514435, 0.21101045608520508]"
3,centroid,1,490,Vega,Vega,"[""Vega"", ""Hawk"", ""Alaris"", ""Alcatras"", ""Turbine""]","[0.854716956615448, 0.3717348575592041, 0.3461740016937256, 0.2808855175971985, 0.25168704986572266]"
3,centroid,1,491,Vega,Vega,"[""Vega"", ""Alaris"", ""Gemini"", ""Hawk"", ""Trius""]","[0.8815486431121826, 0.4106709361076355, 0.3445955216884613, 0.23953601717948914, 0.23490433394908905]"
3,centroid,1,492,Vega,Vega,"[""Vega"", ""Gemini"", ""Hawk"", ""Alaris"", ""Nivalis""]","[0.8195747137069702, 0.4489152431488037, 0.2542612850666046, 0.18790005147457123, 0.10087641328573227]"
3,centroid,1,493,Vega,Vega,"[""Vega"", ""Hawk"", ""Alaris"", ""Turbine"", ""Alcatras""]","[0.8795762062072754, 0.4779001474380493, 0.4689805805683136, 0.3357163369655609, 0.31474196910858154]"
3,centroid,1,494,Vega,Vega,"[""Vega"", ""Turbine"", ""Hawk"", ""Alaris"", ""Braga""]","[0.776184618473053, 0.584159255027771, 0.48436808586120605, 0.3877714276313782, 0.29694169759750366]"
3,centroid,1,495,Vega,Vega,"[""Vega"", ""Alaris"", ""Gemini"", ""Braga"", ""Hawk""]","[0.8862810134887695, 0.44205647706985474, 0.347110390663147, 0.29982054233551025, 0.2532229423522949]"
3,centroid,1,496,Vega,Vega,"[""Vega"", ""Turbine"", ""Alaris"", ""Hawk"", ""Alcatras""]","[0.800360918045044, 0.3790675401687622, 0.3663167953491211, 0.33924153447151184, 0.1788417100906372]"
3,centroid,1,497,Vega,Braga,"[""Braga"", ""Vega"", ""Hawk"", ""Alcatras"", ""Trius""]","[0.6065537333488464, 0.5652885437011719, 0.45453640818595886, 0.44930246472358704, 0.4313494563102722]"
3,centroid,1,498,Vega,Mytikas,"[""Mytikas"", ""Velorum"", ""Xtreme"", ""Triton"", ""Alcatras""]","[0.43307989835739136, 0.4233573079109192, 0.37644046545028687, 0.33885860443115234, 0.3318871259689331]"
3,centroid,1,499,Vega,Vega,"[""Vega"", ""Turbine"", ""Alaris"", ""Braga"", ""Alcatras""]","[0.7913774251937866, 0.471998393535614, 0.4509704113006592, 0.33274489641189575, 0.2793550491333008]"
3,centroid,1,500,Vega,Turbine,"[""Turbine"", ""Vega"", ""Braga"", ""Alaris"", ""Castor""]","[0.5575242042541504, 0.45112144947052, 0.4380437731742859, 0.37315991520881653, 0.34082144498825073]"
3,centroid,1,501,Vega,Vega,"[""Vega"", ""Gemini"", ""Triton"", ""Trius"", ""Braga""]","[0.6561861634254456, 0.5410588979721069, 0.35818982124328613, 0.3490871787071228, 0.29397982358932495]"
3,centroid,1,502,Vega,Vega,"[""Vega"", ""Alaris"", ""Hawk"", ""Turbine"", ""Braga""]","[0.9049772024154663, 0.3415430784225464, 0.2905822992324829, 0.27547743916511536, 0.20645074546337128]"
3,centroid,1,503,Vega,Vega,"[""Vega"", ""Hawk"", ""Gemini"", ""Alaris"", ""Turbine""]","[0.9311752319335938, 0.34830981492996216, 0.3268217444419861, 0.29185768961906433, 0.22360531985759735]"
3,centroid,1,504,Vega,Vega,"[""Vega"", ""Hawk"", ""Turbine"", ""Alaris"", ""Alcatras""]","[0.8569220304489136, 0.5399379730224609, 0.3818524479866028, 0.2913514971733093, 0.21041621267795563]"
3,centroid,1,505,Vega,Vega,"[""Vega"", ""Hawk"", ""Gemini"", ""Xtreme"", ""Turbine""]","[0.8184887170791626, 0.5075887441635132, 0.3925880789756775, 0.14768293499946594, 0.12810570001602173]"
3,centroid,1,506,Vega,Vega,"[""Vega"", ""Hawk"", ""Gemini"", ""Turbine"", ""Alaris""]","[0.8918645977973938, 0.5529673099517822, 0.29513928294181824, 0.2034788727760315, 0.16256561875343323]"
3,centroid,1,507,Velorum,Velorum,"[""Velorum"", ""Ilias"", ""Nivalis"", ""Denom"", ""Ratikon""]","[0.9402364492416382, 0.6165398359298706, 0.5112719535827637, 0.41461628675460815, 0.36774998903274536]"
3,centroid,1,508,Velorum,Velorum,"[""Velorum"", ""Nivalis"", ""Ilias"", ""Denom"", ""Mytikas""]","[0.9103699326515198, 0.48092329502105713, 0.35625696182250977, 0.27887794375419617, 0.21175535023212433]"
3,centroid,1,509,Velorum,Velorum,"[""Velorum"", ""Ilias"", ""Nivalis"", ""Denom"", ""Ratikon""]","[0.8908388018608093, 0.6152471303939819, 0.5302537083625793, 0.3738596439361572, 0.36484259366989136]"
3,centroid,1,510,Velorum,Velorum,"[""Velorum"", ""Nivalis"", ""Ilias"", ""Ratikon"", ""Denom""]","[0.8863505125045776, 0.5714454054832458, 0.4440845549106598, 0.36393439769744873, 0.29536116123199463]"
3,centroid,1,511,Velorum,Velorum,"[""Velorum"", ""Ilias"", ""Denom"", ""Nivalis"", ""Ratikon""]","[0.9050739407539368, 0.4694158136844635, 0.43903785943984985, 0.3343234658241272, 0.27696073055267334]"
3,centroid,1,512,Velorum,Velorum,"[""Velorum"", ""Ilias"", ""Nivalis"", ""Ratikon"", ""Denom""]","[0.9433241486549377, 0.502234160900116, 0.3806377649307251, 0.22567234933376312, 0.22172875702381134]"
3,centroid,1,513,Velorum,Velorum,"[""Velorum"", ""Trius"", ""Triton"", ""Ilias"", ""Alcatras""]","[0.8055423498153687, 0.5113366842269897, 0.4799131751060486, 0.473197877407074, 0.3188101649284363]"
3,centroid,1,514,Velorum,Velorum,"[""Velorum"", ""Denom"", ""Nivalis"", ""Ilias"", ""Ratikon""]","[0.9011437892913818, 0.5942946076393127, 0.5080448985099792, 0.44949012994766235, 0.4372391700744629]"
3,centroid,1,515,Velorum,Velorum,"[""Velorum"", ""Nivalis"", ""Denom"", ""Ilias"", ""Ratikon""]","[0.8659180402755737, 0.554374098777771, 0.5502321720123291, 0.3999965190887451, 0.34879493713378906]"
3,centroid,1,516,Velorum,Velorum,"[""Velorum"", ""Ilias"", ""Mytikas"", ""Triton"", ""Nivalis""]","[0.8988967537879944, 0.3927043676376343, 0.3496965765953064, 0.34337425231933594, 0.3383141756057739]"
3,centroid,1,517,Velorum,Velorum,"[""Velorum"", ""Ilias"", ""Denom"", ""Ratikon"", ""Nivalis""]","[0.7702510952949524, 0.6715812683105469, 0.5502990484237671, 0.4486241936683655, 0.37353411316871643]"
3,centroid,1,518,Velorum,Velorum,"[""Velorum"", ""Ilias"", ""Nivalis"", ""Denom"", ""Ratikon""]","[0.9565244913101196, 0.5634173154830933, 0.45475202798843384, 0.4258662462234497, 0.40749961137771606]"
3,centroid,1,519,Velorum,Velorum,"[""Velorum"", ""Ilias"", ""Denom"", ""Nivalis"", ""Triton""]","[0.8369003534317017, 0.660765528678894, 0.4681740701198578, 0.4459723234176636, 0.37785911560058594]"
3,centroid,1,520,Velorum,Velorum,"[""Velorum"", ""Nivalis"", ""Denom"", ""Ilias"", ""Ratikon""]","[0.7936176657676697, 0.5618717670440674, 0.42268550395965576, 0.3474377989768982, 0.31277433037757874]"
3,centroid,1,521,Velorum,Velorum,"[""Velorum"", ""Ilias"", ""Nivalis"", ""Denom"", ""Triton""]","[0.9550756216049194, 0.4574071168899536, 0.4321496784687042, 0.2632894515991211, 0.20281031727790833]"
3,centroid,1,522,Velorum,Velorum,"[""Velorum"", ""Ilias"", ""Nivalis"", ""Denom"", ""Ratikon""]","[0.8021242022514343, 0.734528124332428, 0.479911208152771, 0.46816664934158325, 0.4127790033817291]"
3,centroid,1,523,Velorum,Velorum,"[""Velorum"", ""Ilias"", ""Denom"", ""Nivalis"", ""Xtreme""]","[0.8602127432823181, 0.4738243520259857, 0.38033241033554077, 0.30717986822128296, 0.2618246078491211]"
3,centroid,1,524,Velorum,Velorum,"[""Velorum"", ""Nivalis"", ""Ratikon"", ""Ilias"", ""Mytikas""]","[0.7999602556228638, 0.5583663582801819, 0.3409932255744934, 0.2878873944282532, 0.2750091552734375]"
3,centroid,1,525,Velorum,Velorum,"[""Velorum"", ""Ilias"", ""Denom"", ""Nivalis"", ""Trius""]","[0.8789365291595459, 0.5253357887268066, 0.3876245617866516, 0.36138758063316345, 0.23601160943508148]"
3,centroid,1,526,Velorum,Velorum,"[""Velorum"", ""Ilias"", ""Ratikon"", ""Nivalis"", ""Denom""]","[0.7517862319946289, 0.7167994976043701, 0.6811065673828125, 0.6402150392532349, 0.5602256655693054]"
3,centroid,1,527,Velorum,Velorum,"[""Velorum"", ""Trius"", ""Mytikas"", ""Triton"", ""Ilias""]","[0.8881661891937256, 0.3915879726409912, 0.3555980920791626, 0.3287404477596283, 0.29038506746292114]"
3,centroid,1,528,Velorum,Velorum,"[""Velorum"", ""Ilias"", ""Nivalis"", ""Ratikon"", ""Denom""]","[0.9363076686859131, 0.582133412361145, 0.5645713210105896, 0.4305618107318878, 0.41745561361312866]"
3,centroid,1,529,Velorum,Velorum,"[""Velorum"", ""Ilias"", ""Denom"", ""Nivalis"", ""Trius""]","[0.7922250628471375, 0.5335260629653931, 0.5331331491470337, 0.38019871711730957, 0.3660428524017334]"
3,centroid,1,530,Velorum,Velorum,"[""Velorum"", ""Ilias"", ""Nivalis"", ""Denom"", ""Ratikon""]","[0.9410173892974854, 0.636046826839447, 0.502014696598053, 0.4623003900051117, 0.43985456228256226]"
3,centroid,1,531,Velorum,Velorum,"[""Velorum"", ""Nivalis"", ""Denom"", ""Ratikon"", ""Ilias""]","[0.8186297416687012, 0.7232661843299866, 0.5917072296142578, 0.5508043766021729, 0.4347902536392212]"
3,centroid,1,532,Velorum,Velorum,"[""Velorum"", ""Nivalis"", ""Ilias"", ""Denom"", ""Ratikon""]","[0.9093426465988159, 0.6652841567993164, 0.5117232799530029, 0.499431848526001, 0.46113598346710205]"
3,centroid,1,533,Velorum,Velorum,"[""Velorum"", ""Nivalis"", ""Ratikon"", ""Denom"", ""Ilias""]","[0.8980346918106079, 0.6675739288330078, 0.4437682032585144, 0.44347435235977173, 0.43115395307540894]"
3,centroid,1,534,Velorum,Velorum,"[""Velorum"", ""Ilias"", ""Nivalis"", ""Denom"", ""Xtreme""]","[0.9390259981155396, 0.49005401134490967, 0.3717051148414612, 0.26323068141937256, 0.17135727405548096]"
3,centroid,1,535,Velorum,Velorum,"[""Velorum"", ""Nivalis"", ""Ilias"", ""Denom"", ""Ratikon""]","[0.9019161462783813, 0.6171503067016602, 0.5369729399681091, 0.4930065870285034, 0.43855157494544983]"
3,centroid,1,536,Velorum,Velorum,"[""Velorum"", ""Ilias"", ""Nivalis"", ""Triton"", ""Ratikon""]","[0.8714096546173096, 0.6351801156997681, 0.4309118390083313, 0.4194531738758087, 0.32546743750572205]"
3,centroid,1,537,Velorum,Velorum,"[""Velorum"", ""Ilias"", ""Denom"", ""Nivalis"", ""Ratikon""]","[0.9299250841140747, 0.540725588798523, 0.5026494264602661, 0.4350375533103943, 0.40698006749153137]"
3,centroid,1,538,Velorum,Velorum,"[""Velorum"", ""Ilias"", ""Denom"", ""Nivalis"", ""Ratikon""]","[0.8676022291183472, 0.6966699361801147, 0.5919733047485352, 0.49978697299957275, 0.45968446135520935]"
3,centroid,1,539,Velorum,Velorum,"[""Velorum"", ""Ilias"", ""Nivalis"", ""Ratikon"", ""Denom""]","[0.8354041576385498, 0.7194609642028809, 0.44627320766448975, 0.39435267448425293, 0.29840415716171265]"
3,centroid,1,540,Velorum,Velorum,"[""Velorum"", ""Triton"", ""Ilias"", ""Nivalis"", ""Trius""]","[0.8082742691040039, 0.49352186918258667, 0.46366190910339355, 0.40355202555656433, 0.3488512635231018]"
3,centroid,1,541,Velorum,Velorum,"[""Velorum"", ""Nivalis"", ""Ilias"", ""Denom"", ""Ratikon""]","[0.9102100133895874, 0.5074586868286133, 0.48037973046302795, 0.37520259618759155, 0.2090546041727066]"
3,centroid,1,542,Velorum,Velorum,"[""Velorum"", ""Trius"", ""Ilias"", ""Denom"", ""Triton""]","[0.7909549474716187, 0.4273170232772827, 0.4039859473705292, 0.39385783672332764, 0.25082623958587646]"
3,centroid,1,543,Velorum,Velorum,"[""Velorum"", ""Ilias"", ""Nivalis"", ""Denom"", ""Ratikon""]","[0.966151237487793, 0.53273606300354, 0.4278861880302429, 0.29490652680397034, 0.27552706003189087]"
3,centroid,1,544,Velorum,Velorum,"[""Velorum"", ""Ilias"", ""Denom"", ""Nivalis"", ""Ratikon""]","[0.7628246545791626, 0.6689784526824951, 0.5466188788414001, 0.4890782833099365, 0.4639895558357239]"
3,centroid,1,545,Velorum,Velorum,"[""Velorum"", ""Ilias"", ""Nivalis"", ""Denom"", ""Ratikon""]","[0.9392668008804321, 0.5285979509353638, 0.41707658767700195, 0.37835443019866943, 0.34743553400039673]"
3,centroid,1,546,Velorum,Velorum,"[""Velorum"", ""Ilias"", ""Nivalis"", ""Ratikon"", ""Denom""]","[0.8817028999328613, 0.547653317451477, 0.5348166823387146, 0.38398265838623047, 0.34112846851348877]"
3,centroid,1,547,Velorum,Velorum,"[""Velorum"", ""Nivalis"", ""Ilias"", ""Denom"", ""Ratikon""]","[0.9402955770492554, 0.46785324811935425, 0.41943514347076416, 0.30775564908981323, 0.20689386129379272]"
3,centroid,1,548,Velorum,Velorum,"[""Velorum"", ""Ilias"", ""Nivalis"", ""Denom"", ""Ratikon""]","[0.9014765024185181, 0.685042679309845, 0.4915323257446289, 0.4714893698692322, 0.4687061011791229]"
3,centroid,1,549,Velorum,Velorum,"[""Velorum"", ""Nivalis"", ""Ilias"", ""Ratikon"", ""Mytikas""]","[0.8776957988739014, 0.5259730219841003, 0.4690832495689392, 0.3512428402900696, 0.3240942656993866]"
3,centroid,1,550,Velorum,Velorum,"[""Velorum"", ""Ilias"", ""Nivalis"", ""Denom"", ""Ratikon""]","[0.9306641817092896, 0.5328100919723511, 0.4076090455055237, 0.3741779327392578, 0.21867823600769043]"
3,centroid,1,551,Velorum,Velorum,"[""Velorum"", ""Denom"", ""Ilias"", ""Ratikon"", ""Nivalis""]","[0.7823978662490845, 0.6385881900787354, 0.5944923758506775, 0.4923223555088043, 0.49206531047821045]"
3,centroid,1,552,Velorum,Velorum,"[""Velorum"", ""Nivalis"", ""Denom"", ""Ratikon"", ""Ilias""]","[0.8272774815559387, 0.5417619943618774, 0.3632640242576599, 0.26761674880981445, 0.24513092637062073]"
3,centroid,1,553,Velorum,Velorum,"[""Velorum"", ""Trius"", ""Denom"", ""Triton"", ""Alcatras""]","[0.7432252168655396, 0.4558575749397278, 0.33758077025413513, 0.3000391721725464, 0.26327335834503174]"
3,centroid,1,554,Velorum,Velorum,"[""Velorum"", ""Nivalis"", ""Ilias"", ""Denom"", ""Ratikon""]","[0.9317451119422913, 0.5362590551376343, 0.4550996720790863, 0.337293803691864, 0.2533762753009796]"
3,centroid,1,555,Velorum,Velorum,"[""Velorum"", ""Nivalis"", ""Ilias"", ""Ratikon"", ""Denom""]","[0.9032201170921326, 0.6743866205215454, 0.4930493235588074, 0.45199334621429443, 0.4262564480304718]"
3,centroid,1,556,Velorum,Velorum,"[""Velorum"", ""Ilias"", ""Triton"", ""Trius"", ""Denom""]","[0.8059837222099304, 0.49265748262405396, 0.43172740936279297, 0.3799413740634918, 0.32857123017311096]"
3,centroid,1,557,Velorum,Velorum,"[""Velorum"", ""Ilias"", ""Nivalis"", ""Ratikon"", ""Triton""]","[0.8935914039611816, 0.6497991681098938, 0.4496151804924011, 0.336294949054718, 0.31101006269454956]"
3,centroid,1,558,Velorum,Ilias,"[""Ilias"", ""Ratikon"", ""Nivalis"", ""Denom"", ""Velorum""]","[0.8168646097183228, 0.6485691070556641, 0.6030580997467041, 0.5207564234733582, 0.44405052065849304]"
3,centroid,1,559,Velorum,Velorum,"[""Velorum"", ""Ilias"", ""Denom"", ""Nivalis"", ""Ratikon""]","[0.8098633289337158, 0.6467990279197693, 0.4414040446281433, 0.36352378129959106, 0.3614766001701355]"
3,centroid,1,560,Velorum,Velorum,"[""Velorum"", ""Ilias"", ""Triton"", ""Denom"", ""Nivalis""]","[0.8306273221969604, 0.6661461591720581, 0.47806239128112793, 0.46673208475112915, 0.4314281642436981]"
3,centroid,1,561,Velorum,Velorum,"[""Velorum"", ""Nivalis"", ""Denom"", ""Ratikon"", ""Ilias""]","[0.9019922018051147, 0.6010115742683411, 0.45406320691108704, 0.36096328496932983, 0.3428722620010376]"
3,centroid,1,562,Velorum,Velorum,"[""Velorum"", ""Ilias"", ""Triton"", ""Nivalis"", ""Ratikon""]","[0.9027143716812134, 0.5861719846725464, 0.4057063162326813, 0.36922335624694824, 0.24975107610225677]"
3,centroid,1,563,Velorum,Velorum,"[""Velorum"", ""Trius"", ""Alcatras"", ""Alaris"", ""Castor""]","[0.7752161622047424, 0.5099728107452393, 0.4762813448905945, 0.33586442470550537, 0.2878776490688324]"
3,centroid,1,564,Velorum,Velorum,"[""Velorum"", ""Nivalis"", ""Ilias"", ""Denom"", ""Ratikon""]","[0.9345592260360718, 0.4817654490470886, 0.38187623023986816, 0.2901560962200165, 0.27901312708854675]"
3,centroid,1,565,Velorum,Velorum,"[""Velorum"", ""Denom"", ""Nivalis"", ""Ilias"", ""Ratikon""]","[0.8592760562896729, 0.42663198709487915, 0.41861066222190857, 0.3305787146091461, 0.13484777510166168]"
3,centroid,1,566,Xtreme,Xtreme,"[""Xtreme"", ""Gemini"", ""Ilias"", ""Vega"", ""Steel_Wheel""]","[0.8981854319572449, 0.3583225607872009, 0.025353817269206047, -0.038528211414813995, -0.038687124848365784]"
3,centroid,1,567,Xtreme,Gemini,"[""Gemini"", ""Xtreme"", ""Vega"", ""Nivalis"", ""Denom""]","[0.612464964389801, 0.5560262203216553, 0.2482282817363739, 0.13441231846809387, 0.10488437861204147]"
3,centroid,1,568,Xtreme,Xtreme,"[""Xtreme"", ""Ilias"", ""Gemini"", ""Nivalis"", ""Velorum""]","[0.7461293339729309, 0.40010759234428406, 0.399117112159729, 0.27765876054763794, 0.1620623916387558]"
3,centroid,1,569,Xtreme,Xtreme,"[""Xtreme"", ""Gemini"", ""Ilias"", ""Nivalis"", ""Triton""]","[0.7665364146232605, 0.5231055021286011, 0.437529981136322, 0.17209862172603607, 0.16582980751991272]"
3,centroid,1,570,Xtreme,Xtreme,"[""Xtreme"", ""Gemini"", ""Steel_Wheel"", ""Ilias"", ""Nivalis""]","[0.9683217406272888, 0.4713943600654602, 0.06146758049726486, 0.012199608609080315, -0.017081575468182564]"
3,centroid,1,571,Xtreme,Xtreme,"[""Xtreme"", ""Gemini"", ""Ilias"", ""Steel_Wheel"", ""Nivalis""]","[0.9709517955780029, 0.47257912158966064, 0.13486236333847046, 0.011432856321334839, -0.027585221454501152]"
3,centroid,1,572,Xtreme,Xtreme,"[""Xtreme"", ""Gemini"", ""Ilias"", ""Velorum"", ""Denom""]","[0.9463041424751282, 0.5419849157333374, 0.1754865050315857, 0.0531337633728981, 0.00692957267165184]"
3,centroid,1,573,Xtreme,Xtreme,"[""Xtreme"", ""Gemini"", ""Ilias"", ""Hawk"", ""Nivalis""]","[0.9509503245353699, 0.6003479957580566, 0.12831714749336243, -0.023164808750152588, -0.028733547776937485]"
3,centroid,1,574,Xtreme,Xtreme,"[""Xtreme"", ""Gemini"", ""Steel_Wheel"", ""Ilias"", ""Denom""]","[0.9298211336135864, 0.26021066308021545, 0.1128271147608757, 0.010583920404314995, -0.010062433779239655]"
3,centroid,1,575,Xtreme,Xtreme,"[""Xtreme"", ""Gemini"", ""Steel_Wheel"", ""Ilias"", ""Braga""]","[0.9602054357528687, 0.422590434551239, -0.013781066983938217, -0.013931868597865105, -0.07203948497772217]"
3,centroid,1,576,Xtreme,Xtreme,"[""Xtreme"", ""Gemini"", ""Hawk"", ""Ilias"", ""Steel_Wheel""]","[0.8946260213851929, 0.3989982008934021, 0.1907755732536316, 0.07128144055604935, 0.014010846614837646]"
3,centroid,1,577,Xtreme,Xtreme,"[""Xtreme"", ""Gemini"", ""Triton"", ""Velorum"", ""Ilias""]","[0.8467147350311279, 0.45006412267684937, 0.14794796705245972, 0.06507661193609238, 0.043444715440273285]"
3,centroid,1,578,Xtreme,Xtreme,"[""Xtreme"", ""Gemini"", ""Hawk"", ""Steel_Wheel"", ""Velorum""]","[0.9592487812042236, 0.3669350743293762, 0.08368023484945297, 0.06403651833534241, 0.04575159400701523]"
3,centroid,1,579,Xtreme,Xtreme,"[""Xtreme"", ""Gemini"", ""Ilias"", ""Nivalis"", ""Braga""]","[0.9355933666229248, 0.558383584022522, 0.09851503372192383, -0.020990043878555298, -0.021623404696583748]"
3,centroid,1,580,Xtreme,Xtreme,"[""Xtreme"", ""Gemini"", ""Hawk"", ""Ilias"", ""Steel_Wheel""]","[0.9180102348327637, 0.42538589239120483, 0.18745563924312592, 0.08290543407201767, 0.040161214768886566]"
3,centroid,1,581,Xtreme,Xtreme,"[""Xtreme"", ""Gemini"", ""Ilias"", ""Nivalis"", ""Velorum""]","[0.8965926766395569, 0.5236563682556152, 0.2163969874382019, 0.10145929455757141, 0.05061030387878418]"
3,centroid,1,582,Xtreme,Xtreme,"[""Xtreme"", ""Gemini"", ""Steel_Wheel"", ""Ilias"", ""Nivalis""]","[0.951309859752655, 0.2975427508354187, 0.09363621473312378, 0.0709642842411995, 0.037612371146678925]"
3,centroid,1,583,Xtreme,Xtreme,"[""Xtreme"", ""Gemini"", ""Steel_Wheel"", ""Ilias"", ""Nivalis""]","[0.9079336524009705, 0.448072224855423, 0.06197153776884079, 0.004883309826254845, -0.006006060633808374]"
3,centroid,1,584,Xtreme,Xtreme,"[""Xtreme"", ""Gemini"", ""Hawk"", ""Steel_Wheel"", ""Braga""]","[0.9332485198974609, 0.39843466877937317, 0.07627672702074051, 0.04905414581298828, -0.0034011751413345337]"
3,centroid,1,585,Xtreme,Xtreme,"[""Xtreme"", ""Gemini"", ""Ilias"", ""Braga"", ""Hawk""]","[0.8809804916381836, 0.3089332580566406, 0.054930318146944046, 0.053587473928928375, 0.008881854824721813]"
3,centroid,1,586,Xtreme,Xtreme,"[""Xtreme"", ""Gemini"", ""Ilias"", ""Steel_Wheel"", ""Velorum""]","[0.9518008232116699, 0.6011301279067993, 0.0749516487121582, -0.019141867756843567, -0.03526621311903]"
3,centroid,1,587,Xtreme,Xtreme,"[""Xtreme"", ""Gemini"", ""Steel_Wheel"", ""Braga"", ""Ilias""]","[0.9454259872436523, 0.5012959241867065, 0.10737130045890808, -0.027237651869654655, -0.029922790825366974]"
3,centroid,1,588,Xtreme,Xtreme,"[""Xtreme"", ""Gemini"", ""Hawk"", ""Mytikas"", ""Velorum""]","[0.8992142677307129, 0.1996142566204071, 0.1151496171951294, -0.030672764405608177, -0.03277842327952385]"
3,centroid,1,589,Xtreme,Xtreme,"[""Xtreme"", ""Gemini"", ""Ilias"", ""Nivalis"", ""Velorum""]","[0.9019464254379272, 0.5240516066551208, 0.2754863500595093, 0.0849878191947937, 0.012217821553349495]"
3,centroid,1,590,Xtreme,Xtreme,"[""Xtreme"", ""Gemini"", ""Hawk"", ""Steel_Wheel"", ""Velorum""]","[0.9058169722557068, 0.27461767196655273, 0.17714038491249084, 0.16934365034103394, 0.05363497883081436]"
3,centroid,1,591,Xtreme,Xtreme,"[""Xtreme"", ""Gemini"", ""Steel_Wheel"", ""Velorum"", ""Ilias""]","[0.9559568166732788, 0.46905896067619324, 0.08517308533191681, 0.05351659655570984, 0.03952194005250931]"
3,centroid,1,592,Xtreme,Xtreme,"[""Xtreme"", ""Gemini"", ""Hawk"", ""Braga"", ""Vega""]","[0.9415265321731567, 0.5361765623092651, 0.1654515415430069, 0.029045626521110535, -0.059468016028404236]"
3,centroid,1,593,Xtreme,Xtreme,"[""Xtreme"", ""Gemini"", ""Hawk"", ""Steel_Wheel"", ""Ilias""]","[0.9471244812011719, 0.3508341610431671, 0.14259108901023865, 0.09835579991340637, -0.034686967730522156]"
3,centroid,1,594,Xtreme,Xtreme,"[""Xtreme"", ""Gemini"", ""Braga"", ""Hawk"", ""Triton""]","[0.8563380837440491, 0.55876225233078, 0.24778270721435547, 0.0681152418255806, 0.052107907831668854]"
3,centroid,1,595,Xtreme,Xtreme,"[""Xtreme"", ""Gemini"", ""Hawk"", ""Ilias"", ""Braga""]","[0.9121420383453369, 0.5175340175628662, 0.22747734189033508, 0.010685792192816734, -0.009549178183078766]"
3,centroid,1,596,Xtreme,Xtreme,"[""Xtreme"", ""Gemini"", ""Steel_Wheel"", ""Velorum"", ""Hawk""]","[0.9144922494888306, 0.35764387249946594, 0.12943047285079956, 0.06437098979949951, 0.061937104910612106]"
3,centroid,1,597,Xtreme,Xtreme,"[""Xtreme"", ""Gemini"", ""Ilias"", ""Triton"", ""Braga""]","[0.9545286893844604, 0.5294311046600342, -0.011075575836002827, -0.04054491966962814, -0.04385826364159584]"
3,centroid,1,598,Xtreme,Xtreme,"[""Xtreme"", ""Gemini"", ""Ilias"", ""Nivalis"", ""Velorum""]","[0.9228583574295044, 0.302334725856781, 0.16864225268363953, 0.09529289603233337, 0.09257308393716812]"
3,centroid,1,599,Xtreme,Xtreme,"[""Xtreme"", ""Gemini"", ""Hawk"", ""Braga"", ""Steel_Wheel""]","[0.8654215931892395, 0.21789954602718353, 0.16912004351615906, 0.07285609096288681, 0.06550194323062897]"
3,centroid,1,600,Xtreme,Xtreme,"[""Xtreme"", ""Gemini"", ""Braga"", ""Hawk"", ""Steel_Wheel""]","[0.8705475330352783, 0.42662686109542847, 0.20557226240634918, 0.18502336740493774, -0.008983522653579712]"
3,centroid,1,601,Xtreme,Xtreme,"[""Xtreme"", ""Gemini"", ""Ilias"", ""Hawk"", ""Steel_Wheel""]","[0.9737656116485596, 0.45284050703048706, 0.03219347447156906, -0.013843661174178123, -0.05553913861513138]"
3,centroid,1,602,Xtreme,Xtreme,"[""Xtreme"", ""Gemini"", ""Hawk"", ""Braga"", ""Steel_Wheel""]","[0.9056581258773804, 0.4694969058036804, 0.06062790006399155, 0.05167526751756668, -0.10262128710746765]"
3,centroid,1,603,Xtreme,Xtreme,"[""Xtreme"", ""Gemini"", ""Ilias"", ""Velorum"", ""Denom""]","[0.8553110361099243, 0.5294516682624817, 0.3211056888103485, 0.09554032981395721, 0.09078352153301239]"
