fold,retrieval_mode,topn,query_index,true_label,top1_predicted_label,top_k_labels,top_k_scores
0,centroid,1,0,Alaris,Alaris,"[""Alaris"", ""Alcatras"", ""Braga"", ""Hawk"", ""Trius""]","[0.7718437314033508, 0.6342310309410095, 0.5648750066757202, 0.5364121198654175, 0.4386017620563507]"
0,centroid,1,1,Alaris,Alaris,"[""Alaris"", ""Trius"", ""Alcatras"", ""Turbine"", ""Triton""]","[0.8600586652755737, 0.6086781620979309, 0.597573459148407, 0.4148354232311249, 0.4029068946838379]"
0,centroid,1,2,Alaris,Alcatras,"[""Alcatras"", ""Castor"", ""Alaris"", ""Braga"", ""Trius""]","[0.8402161002159119, 0.7136231660842896, 0.6901999711990356, 0.539584755897522, 0.5351224541664124]"
0,centroid,1,3,Alaris,Alaris,"[""Alaris"", ""Alcatras"", ""Hawk"", ""Turbine"", ""Braga""]","[0.69889897108078, 0.5192314386367798, 0.42201733589172363, 0.37467482686042786, 0.33640024065971375]"
0,centroid,1,4,Alaris,Alaris,"[""Alaris"", ""Alcatras"", ""Trius"", ""Vega"", ""Turbine""]","[0.9006158113479614, 0.5359008312225342, 0.32885780930519104, 0.28416869044303894, 0.26374220848083496]"
0,centroid,1,5,Alaris,Alaris,"[""Alaris"", ""Alcatras"", ""Braga"", ""Trius"", ""Turbine""]","[0.884324312210083, 0.7363719344139099, 0.5201184749603271, 0.4936395287513733, 0.42562901973724365]"
0,centroid,1,6,Alaris,Alaris,"[""Alaris"", ""Trius"", ""Alcatras"", ""Vega"", ""Turbine""]","[0.8659111857414246, 0.5372288227081299, 0.5055770874023438, 0.4039422273635864, 0.3817683756351471]"
0,centroid,1,7,Alaris,Alaris,"[""Alaris"", ""Alcatras"", ""Vega"", ""Trius"", ""Hawk""]","[0.9031720757484436, 0.47432562708854675, 0.3679181635379791, 0.3404793441295624, 0.253204345703125]"
0,centroid,1,8,Alaris,Alaris,"[""Alaris"", ""Braga"", ""Alcatras"", ""Trius"", ""Castor""]","[0.760417103767395, 0.7369193434715271, 0.6861250400543213, 0.5214751958847046, 0.36056941747665405]"
0,centroid,1,9,Alaris,Alaris,"[""Alaris"", ""Alcatras"", ""Trius"", ""Castor"", ""Braga""]","[0.887732744216919, 0.7720963358879089, 0.47838854789733887, 0.42122042179107666, 0.3515983521938324]"
0,centroid,1,10,Alaris,Alaris,"[""Alaris"", ""Alcatras"", ""Trius"", ""Braga"", ""Turbine""]","[0.843411386013031, 0.6998220682144165, 0.6084432005882263, 0.5801456570625305, 0.4511970281600952]"
0,centroid,1,11,Alaris,Alcatras,"[""Alcatras"", ""Alaris"", ""Braga"", ""Castor"", ""Trius""]","[0.8674860596656799, 0.6042962670326233, 0.5367619395256042, 0.528374433517456, 0.39590752124786377]"
0,centroid,1,12,Alaris,Alcatras,"[""Alcatras"", ""Mytikas"", ""Castor"", ""Trius"", ""Alaris""]","[0.6779119968414307, 0.5715799927711487, 0.5340945720672607, 0.5103703737258911, 0.4821298122406006]"
0,centroid,1,13,Alaris,Hawk,"[""Hawk"", ""Braga"", ""Castor"", ""Alcatras"", ""Alaris""]","[0.5939514636993408, 0.585193932056427, 0.544327974319458, 0.5079242587089539, 0.38799378275871277]"
0,centroid,1,14,Alaris,Triton,"[""Triton"", ""Mytikas"", ""Trius"", ""Alcatras"", ""Castor""]","[0.6905320882797241, 0.6505051851272583, 0.5760207176208496, 0.5739205479621887, 0.5266022682189941]"
0,centroid,1,15,Alaris,Alaris,"[""Alaris"", ""Alcatras"", ""Trius"", ""Braga"", ""Hawk""]","[0.8198131322860718, 0.800091564655304, 0.3506653308868408, 0.3216865658760071, 0.30554503202438354]"
0,centroid,1,16,Alaris,Alaris,"[""Alaris"", ""Alcatras"", ""Trius"", ""Turbine"", ""Braga""]","[0.8913047909736633, 0.6354126334190369, 0.4723266363143921, 0.4294520318508148, 0.36956456303596497]"
0,centroid,1,17,Alaris,Alaris,"[""Alaris"", ""Trius"", ""Braga"", ""Triton"", ""Turbine""]","[0.7413486242294312, 0.5912203192710876, 0.46933871507644653, 0.43673649430274963, 0.41371268033981323]"
0,centroid,1,18,Alaris,Alaris,"[""Alaris"", ""Alcatras"", ""Turbine"", ""Trius"", ""Hawk""]","[0.8731830716133118, 0.5659080743789673, 0.3702535033226013, 0.27501773834228516, 0.23236533999443054]"
0,centroid,1,19,Alaris,Alaris,"[""Alaris"", ""Braga"", ""Alcatras"", ""Trius"", ""Hawk""]","[0.6646034717559814, 0.6353800296783447, 0.6311180591583252, 0.5205259323120117, 0.42803969979286194]"
0,centroid,1,20,Alaris,Trius,"[""Trius"", ""Alcatras"", ""Alaris"", ""Braga"", ""Mytikas""]","[0.6867449879646301, 0.661919116973877, 0.65531325340271, 0.6498425602912903, 0.3278416693210602]"
0,centroid,1,21,Alaris,Alaris,"[""Alaris"", ""Vega"", ""Alcatras"", ""Trius"", ""Turbine""]","[0.7510758638381958, 0.5003776550292969, 0.4412464499473572, 0.43924981355667114, 0.27327048778533936]"
0,centroid,1,22,Alaris,Alaris,"[""Alaris"", ""Trius"", ""Alcatras"", ""Braga"", ""Triton""]","[0.7029625177383423, 0.6651307344436646, 0.4747472107410431, 0.45691412687301636, 0.3478996455669403]"
0,centroid,1,23,Alaris,Mytikas,"[""Mytikas"", ""Trius"", ""Alaris"", ""Vega"", ""Turbine""]","[0.6143041849136353, 0.6071525812149048, 0.5527775287628174, 0.49054697155952454, 0.43593090772628784]"
0,centroid,1,24,Alaris,Alaris,"[""Alaris"", ""Alcatras"", ""Trius"", ""Mytikas"", ""Ratikon""]","[0.8011480569839478, 0.5135903358459473, 0.36624130606651306, 0.04969428479671478, 0.04227970540523529]"
0,centroid,1,25,Alaris,Alaris,"[""Alaris"", ""Alcatras"", ""Turbine"", ""Trius"", ""Vega""]","[0.8431589007377625, 0.5410360097885132, 0.4609430730342865, 0.3579429090023041, 0.27722054719924927]"
0,centroid,1,26,Alaris,Alaris,"[""Alaris"", ""Trius"", ""Turbine"", ""Alcatras"", ""Vega""]","[0.8457769155502319, 0.5187059640884399, 0.39919382333755493, 0.37145668268203735, 0.2661016583442688]"
0,centroid,1,27,Alaris,Alaris,"[""Alaris"", ""Alcatras"", ""Vega"", ""Turbine"", ""Hawk""]","[0.7375650405883789, 0.5058259963989258, 0.4349396228790283, 0.32253533601760864, 0.2144363671541214]"
0,centroid,1,28,Alcatras,Alcatras,"[""Alcatras"", ""Castor"", ""Braga"", ""Alaris"", ""Hawk""]","[0.8669939041137695, 0.5637378692626953, 0.5634933710098267, 0.5533829927444458, 0.33022379875183105]"
0,centroid,1,29,Alcatras,Alcatras,"[""Alcatras"", ""Trius"", ""Alaris"", ""Castor"", ""Braga""]","[0.7752339839935303, 0.6864676475524902, 0.5171104669570923, 0.4416444003582001, 0.4326317310333252]"
0,centroid,1,30,Alcatras,Alcatras,"[""Alcatras"", ""Alaris"", ""Castor"", ""Hawk"", ""Trius""]","[0.874058723449707, 0.6745080351829529, 0.42909952998161316, 0.3043034076690674, 0.2690204381942749]"
0,centroid,1,31,Alcatras,Alcatras,"[""Alcatras"", ""Alaris"", ""Turbine"", ""Castor"", ""Trius""]","[0.7313730716705322, 0.6264694929122925, 0.5803197622299194, 0.5596652626991272, 0.26322442293167114]"
0,centroid,1,32,Alcatras,Alcatras,"[""Alcatras"", ""Alaris"", ""Castor"", ""Braga"", ""Hawk""]","[0.8675608038902283, 0.7146379947662354, 0.4512278735637665, 0.3770475387573242, 0.37380242347717285]"
0,centroid,1,33,Alcatras,Alcatras,"[""Alcatras"", ""Castor"", ""Trius"", ""Turbine"", ""Alaris""]","[0.7981723546981812, 0.7748939990997314, 0.5611060857772827, 0.5302072763442993, 0.5216065049171448]"
0,centroid,1,34,Alcatras,Alcatras,"[""Alcatras"", ""Alaris"", ""Castor"", ""Braga"", ""Trius""]","[0.9506581425666809, 0.6946191191673279, 0.6193081736564636, 0.47761547565460205, 0.46096333861351013]"
0,centroid,1,35,Alcatras,Alcatras,"[""Alcatras"", ""Alaris"", ""Hawk"", ""Braga"", ""Gemini""]","[0.7386616468429565, 0.49336639046669006, 0.44848954677581787, 0.44444265961647034, 0.37935778498649597]"
0,centroid,1,36,Alcatras,Alaris,"[""Alaris"", ""Alcatras"", ""Turbine"", ""Vega"", ""Castor""]","[0.6650406122207642, 0.6447675228118896, 0.6064201593399048, 0.45096999406814575, 0.3585774600505829]"
0,centroid,1,37,Alcatras,Alcatras,"[""Alcatras"", ""Castor"", ""Braga"", ""Trius"", ""Alaris""]","[0.8179125785827637, 0.7086983919143677, 0.6680526733398438, 0.5335497260093689, 0.5260835886001587]"
0,centroid,1,38,Alcatras,Alcatras,"[""Alcatras"", ""Alaris"", ""Castor"", ""Hawk"", ""Braga""]","[0.8420354723930359, 0.5839943289756775, 0.47266578674316406, 0.4056847393512726, 0.2994908094406128]"
0,centroid,1,39,Alcatras,Alcatras,"[""Alcatras"", ""Alaris"", ""Turbine"", ""Castor"", ""Braga""]","[0.7818303108215332, 0.7412789463996887, 0.5216193199157715, 0.4570358693599701, 0.3734229803085327]"
0,centroid,1,40,Alcatras,Alcatras,"[""Alcatras"", ""Castor"", ""Mytikas"", ""Braga"", ""Alaris""]","[0.7702187895774841, 0.5608372092247009, 0.4944852888584137, 0.44438624382019043, 0.441710501909256]"
0,centroid,1,41,Alcatras,Alcatras,"[""Alcatras"", ""Braga"", ""Alaris"", ""Castor"", ""Trius""]","[0.8873153924942017, 0.5978787541389465, 0.5866148471832275, 0.5371896028518677, 0.5237308740615845]"
0,centroid,1,42,Alcatras,Castor,"[""Castor"", ""Alcatras"", ""Mytikas"", ""Triton"", ""Turbine""]","[0.7739659547805786, 0.706565260887146, 0.5926845073699951, 0.5043619871139526, 0.48426422476768494]"
0,centroid,1,43,Alcatras,Castor,"[""Castor"", ""Triton"", ""Trius"", ""Turbine"", ""Mytikas""]","[0.6597535610198975, 0.6208312511444092, 0.5840914249420166, 0.571610689163208, 0.5180169939994812]"
0,centroid,1,44,Alcatras,Alcatras,"[""Alcatras"", ""Alaris"", ""Castor"", ""Trius"", ""Turbine""]","[0.7862304449081421, 0.6973074078559875, 0.6747144460678101, 0.5993579626083374, 0.5095250606536865]"
0,centroid,1,45,Alcatras,Braga,"[""Braga"", ""Castor"", ""Mytikas"", ""Alcatras"", ""Triton""]","[0.7231042981147766, 0.7087405323982239, 0.6257197856903076, 0.623353898525238, 0.6218982934951782]"
0,centroid,1,46,Alcatras,Alcatras,"[""Alcatras"", ""Castor"", ""Alaris"", ""Turbine"", ""Mytikas""]","[0.5951991677284241, 0.5585200190544128, 0.4565097689628601, 0.4498874247074127, 0.41150838136672974]"
0,centroid,1,47,Alcatras,Alcatras,"[""Alcatras"", ""Alaris"", ""Braga"", ""Castor"", ""Hawk""]","[0.8775838613510132, 0.6733244061470032, 0.60932457447052, 0.5367459058761597, 0.43667030334472656]"
0,centroid,1,48,Alcatras,Alcatras,"[""Alcatras"", ""Alaris"", ""Castor"", ""Braga"", ""Trius""]","[0.9241759777069092, 0.6367961168289185, 0.5681707262992859, 0.5571098923683167, 0.5425739884376526]"
0,centroid,1,49,Alcatras,Alcatras,"[""Alcatras"", ""Alaris"", ""Castor"", ""Hawk"", ""Braga""]","[0.881589949131012, 0.5936853289604187, 0.4985099136829376, 0.37890005111694336, 0.3352903723716736]"
0,centroid,1,50,Alcatras,Alcatras,"[""Alcatras"", ""Castor"", ""Braga"", ""Mytikas"", ""Trius""]","[0.8092343807220459, 0.7070229053497314, 0.7069560289382935, 0.6541486382484436, 0.6186860799789429]"
0,centroid,1,51,Alcatras,Alaris,"[""Alaris"", ""Alcatras"", ""Hawk"", ""Turbine"", ""Steel_Wheel""]","[0.6620998382568359, 0.5783900022506714, 0.5235520601272583, 0.24441878497600555, 0.23531396687030792]"
0,centroid,1,52,Alcatras,Alcatras,"[""Alcatras"", ""Castor"", ""Braga"", ""Mytikas"", ""Triton""]","[0.6766743659973145, 0.5875095725059509, 0.5754055976867676, 0.5303657054901123, 0.4226877689361572]"
0,centroid,1,53,Alcatras,Alcatras,"[""Alcatras"", ""Alaris"", ""Braga"", ""Hawk"", ""Castor""]","[0.7558101415634155, 0.5588793754577637, 0.5146872401237488, 0.4806501269340515, 0.4197790324687958]"
0,centroid,1,54,Braga,Braga,"[""Braga"", ""Turbine"", ""Alcatras"", ""Hawk"", ""Castor""]","[0.9182521104812622, 0.50216144323349, 0.4373737573623657, 0.4033955931663513, 0.3912070393562317]"
0,centroid,1,55,Braga,Braga,"[""Braga"", ""Mytikas"", ""Castor"", ""Hawk"", ""Alcatras""]","[0.6671199798583984, 0.6051417589187622, 0.5182410478591919, 0.4293106198310852, 0.37221136689186096]"
0,centroid,1,56,Braga,Braga,"[""Braga"", ""Hawk"", ""Alcatras"", ""Alaris"", ""Turbine""]","[0.8737679719924927, 0.6435153484344482, 0.5174041986465454, 0.4330105781555176, 0.4238860607147217]"
0,centroid,1,57,Braga,Braga,"[""Braga"", ""Trius"", ""Triton"", ""Alcatras"", ""Castor""]","[0.9206143617630005, 0.4641002416610718, 0.4134678840637207, 0.3474442660808563, 0.34530627727508545]"
0,centroid,1,58,Braga,Braga,"[""Braga"", ""Hawk"", ""Vega"", ""Gemini"", ""Turbine""]","[0.7579309940338135, 0.6730599403381348, 0.6112550497055054, 0.4921257197856903, 0.48298031091690063]"
0,centroid,1,59,Braga,Braga,"[""Braga"", ""Vega"", ""Trius"", ""Alcatras"", ""Triton""]","[0.8206320405006409, 0.6159772872924805, 0.5776949524879456, 0.5616405606269836, 0.5396572351455688]"
0,centroid,1,60,Braga,Braga,"[""Braga"", ""Castor"", ""Gemini"", ""Xtreme"", ""Turbine""]","[0.777106761932373, 0.39361572265625, 0.3690448999404907, 0.36129724979400635, 0.3410966098308563]"
0,centroid,1,61,Braga,Mytikas,"[""Mytikas"", ""Triton"", ""Castor"", ""Braga"", ""Turbine""]","[0.6924042701721191, 0.688903272151947, 0.6828349828720093, 0.6786492466926575, 0.6422162055969238]"
0,centroid,1,62,Braga,Braga,"[""Braga"", ""Alcatras"", ""Castor"", ""Turbine"", ""Trius""]","[0.7619717121124268, 0.6462449431419373, 0.6169688105583191, 0.5192221999168396, 0.36543992161750793]"
0,centroid,1,63,Braga,Braga,"[""Braga"", ""Turbine"", ""Triton"", ""Castor"", ""Mytikas""]","[0.8849726915359497, 0.5622590780258179, 0.4973130226135254, 0.4480574429035187, 0.42290884256362915]"
0,centroid,1,64,Braga,Braga,"[""Braga"", ""Triton"", ""Mytikas"", ""Alcatras"", ""Castor""]","[0.9154477119445801, 0.5743451118469238, 0.5308651924133301, 0.5242385864257812, 0.5052851438522339]"
0,centroid,1,65,Braga,Braga,"[""Braga"", ""Triton"", ""Mytikas"", ""Trius"", ""Alcatras""]","[0.9238393902778625, 0.5794433355331421, 0.5742901563644409, 0.5726378560066223, 0.4449266195297241]"
0,centroid,1,66,Braga,Braga,"[""Braga"", ""Trius"", ""Triton"", ""Mytikas"", ""Castor""]","[0.8635638952255249, 0.6252954006195068, 0.6175673007965088, 0.4471511244773865, 0.4233841300010681]"
0,centroid,1,67,Braga,Braga,"[""Braga"", ""Alcatras"", ""Castor"", ""Alaris"", ""Trius""]","[0.7508093118667603, 0.6467214822769165, 0.49913230538368225, 0.48020631074905396, 0.4552150070667267]"
0,centroid,1,68,Braga,Braga,"[""Braga"", ""Triton"", ""Trius"", ""Mytikas"", ""Alcatras""]","[0.8598772287368774, 0.6826069355010986, 0.647390604019165, 0.4619165062904358, 0.3834999203681946]"
0,centroid,1,69,Braga,Braga,"[""Braga"", ""Castor"", ""Triton"", ""Turbine"", ""Mytikas""]","[0.7696579098701477, 0.6257717609405518, 0.58894282579422, 0.4314393997192383, 0.4312911033630371]"
0,centroid,1,70,Braga,Braga,"[""Braga"", ""Trius"", ""Triton"", ""Mytikas"", ""Alcatras""]","[0.8554883003234863, 0.6841534376144409, 0.49874067306518555, 0.44211921095848083, 0.39126718044281006]"
0,centroid,1,71,Braga,Braga,"[""Braga"", ""Turbine"", ""Castor"", ""Alcatras"", ""Mytikas""]","[0.8317605257034302, 0.566640317440033, 0.5577932000160217, 0.5027862787246704, 0.4782680571079254]"
0,centroid,1,72,Braga,Braga,"[""Braga"", ""Turbine"", ""Triton"", ""Gemini"", ""Trius""]","[0.6766396164894104, 0.585513710975647, 0.3725007176399231, 0.3398372530937195, 0.3238980770111084]"
0,centroid,1,73,Braga,Braga,"[""Braga"", ""Castor"", ""Turbine"", ""Alcatras"", ""Hawk""]","[0.7589517831802368, 0.697205126285553, 0.5638737678527832, 0.49427735805511475, 0.49181652069091797]"
0,centroid,1,74,Braga,Braga,"[""Braga"", ""Vega"", ""Hawk"", ""Turbine"", ""Triton""]","[0.8694996237754822, 0.4716663360595703, 0.4307928681373596, 0.42642778158187866, 0.4167306423187256]"
0,centroid,1,75,Braga,Trius,"[""Trius"", ""Triton"", ""Braga"", ""Mytikas"", ""Alcatras""]","[0.7433487176895142, 0.7113428115844727, 0.6457177400588989, 0.6042135953903198, 0.455230176448822]"
0,centroid,1,76,Braga,Triton,"[""Triton"", ""Trius"", ""Mytikas"", ""Castor"", ""Alcatras""]","[0.7948733568191528, 0.6902809739112854, 0.646573007106781, 0.5632687211036682, 0.5018942356109619]"
0,centroid,1,77,Braga,Triton,"[""Triton"", ""Mytikas"", ""Ilias"", ""Trius"", ""Velorum""]","[0.6850370168685913, 0.6431460976600647, 0.46614953875541687, 0.35482057929039, 0.3501116931438446]"
0,centroid,1,78,Braga,Braga,"[""Braga"", ""Triton"", ""Trius"", ""Castor"", ""Alcatras""]","[0.9322924017906189, 0.5553206205368042, 0.5092319250106812, 0.48675835132598877, 0.4411434233188629]"
0,centroid,1,79,Braga,Braga,"[""Braga"", ""Hawk"", ""Turbine"", ""Vega"", ""Gemini""]","[0.7864009141921997, 0.7636834383010864, 0.44772231578826904, 0.4241177439689636, 0.40748292207717896]"
0,centroid,1,80,Braga,Braga,"[""Braga"", ""Triton"", ""Mytikas"", ""Castor"", ""Trius""]","[0.8801941275596619, 0.6649522185325623, 0.60367351770401, 0.5962093472480774, 0.5905475616455078]"
0,centroid,1,81,Braga,Braga,"[""Braga"", ""Triton"", ""Mytikas"", ""Trius"", ""Castor""]","[0.8191882371902466, 0.6551640033721924, 0.6130677461624146, 0.5593609809875488, 0.4249301552772522]"
0,centroid,1,82,Braga,Braga,"[""Braga"", ""Alcatras"", ""Castor"", ""Hawk"", ""Turbine""]","[0.9300742149353027, 0.6186933517456055, 0.508197546005249, 0.3872188329696655, 0.3652490973472595]"
0,centroid,1,83,Braga,Vega,"[""Vega"", ""Triton"", ""Trius"", ""Braga"", ""Gemini""]","[0.4814836382865906, 0.36576420068740845, 0.3338795602321625, 0.32027101516723633, 0.22946807742118835]"
0,centroid,1,84,Braga,Braga,"[""Braga"", ""Turbine"", ""Alaris"", ""Alcatras"", ""Trius""]","[0.8008663654327393, 0.7015867233276367, 0.5919926166534424, 0.5670000314712524, 0.5410363078117371]"
0,centroid,1,85,Braga,Braga,"[""Braga"", ""Hawk"", ""Triton"", ""Trius"", ""Gemini""]","[0.8421148061752319, 0.5569875836372375, 0.3686167299747467, 0.3523901700973511, 0.3165677785873413]"
0,centroid,1,86,Braga,Braga,"[""Braga"", ""Turbine"", ""Castor"", ""Alcatras"", ""Alaris""]","[0.8860079050064087, 0.571575403213501, 0.5091832876205444, 0.5077314376831055, 0.4879818856716156]"
0,centroid,1,87,Braga,Braga,"[""Braga"", ""Hawk"", ""Vega"", ""Turbine"", ""Mytikas""]","[0.7770506143569946, 0.5943539142608643, 0.5307812094688416, 0.5193736553192139, 0.3491550087928772]"
0,centroid,1,88,Braga,Braga,"[""Braga"", ""Turbine"", ""Triton"", ""Trius"", ""Castor""]","[0.7950674295425415, 0.61738121509552, 0.6032609343528748, 0.5191892385482788, 0.4862406849861145]"
0,centroid,1,89,Braga,Braga,"[""Braga"", ""Trius"", ""Turbine"", ""Triton"", ""Alcatras""]","[0.9272094964981079, 0.549816370010376, 0.5384414792060852, 0.5317373275756836, 0.4622277021408081]"
0,centroid,1,90,Braga,Braga,"[""Braga"", ""Trius"", ""Triton"", ""Turbine"", ""Alaris""]","[0.8723267316818237, 0.509560763835907, 0.4378971457481384, 0.37882500886917114, 0.3154262900352478]"
0,centroid,1,91,Braga,Braga,"[""Braga"", ""Hawk"", ""Turbine"", ""Triton"", ""Mytikas""]","[0.8437592387199402, 0.5606824159622192, 0.5575528144836426, 0.4148743152618408, 0.3721606433391571]"
0,centroid,1,92,Castor,Castor,"[""Castor"", ""Mytikas"", ""Triton"", ""Braga"", ""Alcatras""]","[0.8706760406494141, 0.7371232509613037, 0.656702995300293, 0.45267629623413086, 0.4338374733924866]"
0,centroid,1,93,Castor,Castor,"[""Castor"", ""Triton"", ""Alcatras"", ""Mytikas"", ""Braga""]","[0.9012820720672607, 0.6596394777297974, 0.5017359852790833, 0.48726192116737366, 0.48614513874053955]"
0,centroid,1,94,Castor,Castor,"[""Castor"", ""Alcatras"", ""Triton"", ""Mytikas"", ""Braga""]","[0.9203737378120422, 0.6410837173461914, 0.5893372297286987, 0.5884679555892944, 0.5807852745056152]"
0,centroid,1,95,Castor,Castor,"[""Castor"", ""Turbine"", ""Triton"", ""Mytikas"", ""Braga""]","[0.912764310836792, 0.5336950421333313, 0.3508784770965576, 0.3339318633079529, 0.32794189453125]"
0,centroid,1,96,Castor,Castor,"[""Castor"", ""Alcatras"", ""Turbine"", ""Alaris"", ""Mytikas""]","[0.8298330307006836, 0.714357852935791, 0.5932143330574036, 0.4339258074760437, 0.3686242699623108]"
0,centroid,1,97,Castor,Castor,"[""Castor"", ""Triton"", ""Turbine"", ""Alcatras"", ""Mytikas""]","[0.9276447892189026, 0.5009125471115112, 0.4928954839706421, 0.48544764518737793, 0.4761117994785309]"
0,centroid,1,98,Castor,Castor,"[""Castor"", ""Triton"", ""Alcatras"", ""Turbine"", ""Trius""]","[0.8891752362251282, 0.5180801153182983, 0.45851367712020874, 0.3916926681995392, 0.3915725350379944]"
0,centroid,1,99,Castor,Castor,"[""Castor"", ""Braga"", ""Alcatras"", ""Triton"", ""Mytikas""]","[0.9292492270469666, 0.6023159027099609, 0.593987226486206, 0.5502214431762695, 0.53788161277771]"
0,centroid,1,100,Castor,Castor,"[""Castor"", ""Alcatras"", ""Braga"", ""Turbine"", ""Alaris""]","[0.7341867089271545, 0.589537501335144, 0.5757150650024414, 0.5534170866012573, 0.47670847177505493]"
0,centroid,1,101,Castor,Alcatras,"[""Alcatras"", ""Castor"", ""Braga"", ""Mytikas"", ""Alaris""]","[0.8836372494697571, 0.724063515663147, 0.49843716621398926, 0.43911993503570557, 0.43476253747940063]"
0,centroid,1,102,Castor,Castor,"[""Castor"", ""Triton"", ""Mytikas"", ""Trius"", ""Braga""]","[0.8500334024429321, 0.6123483180999756, 0.5755583047866821, 0.4013720750808716, 0.30746716260910034]"
0,centroid,1,103,Castor,Castor,"[""Castor"", ""Turbine"", ""Triton"", ""Mytikas"", ""Trius""]","[0.8748098611831665, 0.48090434074401855, 0.4725564122200012, 0.4009227454662323, 0.3359125256538391]"
0,centroid,1,104,Castor,Castor,"[""Castor"", ""Alcatras"", ""Braga"", ""Trius"", ""Turbine""]","[0.8179489374160767, 0.7605024576187134, 0.6627086400985718, 0.48335564136505127, 0.4529649317264557]"
0,centroid,1,105,Castor,Castor,"[""Castor"", ""Alcatras"", ""Triton"", ""Mytikas"", ""Turbine""]","[0.8459446430206299, 0.5503552556037903, 0.4005385637283325, 0.3905601501464844, 0.388897567987442]"
0,centroid,1,106,Castor,Alcatras,"[""Alcatras"", ""Castor"", ""Braga"", ""Alaris"", ""Mytikas""]","[0.8837723731994629, 0.8386547565460205, 0.5695483684539795, 0.4911957085132599, 0.48014190793037415]"
0,centroid,1,107,Castor,Castor,"[""Castor"", ""Mytikas"", ""Triton"", ""Alcatras"", ""Braga""]","[0.8693061470985413, 0.6207272410392761, 0.60248863697052, 0.5915295481681824, 0.5843359231948853]"
0,centroid,1,108,Castor,Castor,"[""Castor"", ""Triton"", ""Braga"", ""Mytikas"", ""Alcatras""]","[0.8277691006660461, 0.6810722947120667, 0.5935512781143188, 0.4707960784435272, 0.4018619656562805]"
0,centroid,1,109,Castor,Castor,"[""Castor"", ""Alcatras"", ""Turbine"", ""Braga"", ""Mytikas""]","[0.8865050077438354, 0.45292478799819946, 0.4410640597343445, 0.3886350989341736, 0.3692691922187805]"
0,centroid,1,110,Castor,Castor,"[""Castor"", ""Alcatras"", ""Velorum"", ""Triton"", ""Mytikas""]","[0.8713669776916504, 0.5491831302642822, 0.4502907395362854, 0.4073278307914734, 0.4008597731590271]"
0,centroid,1,111,Castor,Castor,"[""Castor"", ""Triton"", ""Alcatras"", ""Mytikas"", ""Turbine""]","[0.8340524435043335, 0.5655394792556763, 0.5648192763328552, 0.5200186371803284, 0.46251213550567627]"
0,centroid,1,112,Castor,Castor,"[""Castor"", ""Alcatras"", ""Mytikas"", ""Trius"", ""Turbine""]","[0.879216194152832, 0.5814225673675537, 0.5103351473808289, 0.5013642907142639, 0.4507318139076233]"
0,centroid,1,113,Castor,Castor,"[""Castor"", ""Mytikas"", ""Alcatras"", ""Braga"", ""Triton""]","[0.880308985710144, 0.6197479963302612, 0.5698869824409485, 0.4648367166519165, 0.46340036392211914]"
0,centroid,1,114,Castor,Castor,"[""Castor"", ""Braga"", ""Alcatras"", ""Turbine"", ""Triton""]","[0.9167672395706177, 0.5164986848831177, 0.5082182288169861, 0.38318321108818054, 0.32878369092941284]"
0,centroid,1,115,Castor,Castor,"[""Castor"", ""Alcatras"", ""Braga"", ""Alaris"", ""Turbine""]","[0.8771887421607971, 0.6412927508354187, 0.4912163317203522, 0.362617552280426, 0.3331347107887268]"
0,centroid,1,116,Castor,Castor,"[""Castor"", ""Triton"", ""Mytikas"", ""Alcatras"", ""Trius""]","[0.8246179819107056, 0.5270174741744995, 0.5077781081199646, 0.3637838363647461, 0.34294968843460083]"
0,centroid,1,117,Castor,Castor,"[""Castor"", ""Turbine"", ""Alcatras"", ""Braga"", ""Mytikas""]","[0.9007124304771423, 0.7195439338684082, 0.5480736494064331, 0.5236747860908508, 0.3541575074195862]"
0,centroid,1,118,Castor,Castor,"[""Castor"", ""Triton"", ""Mytikas"", ""Alcatras"", ""Turbine""]","[0.8950833082199097, 0.599219560623169, 0.5079997181892395, 0.4221578538417816, 0.3770467936992645]"
0,centroid,1,119,Castor,Castor,"[""Castor"", ""Alcatras"", ""Triton"", ""Turbine"", ""Mytikas""]","[0.930418848991394, 0.5365753173828125, 0.45830100774765015, 0.3978783190250397, 0.37117311358451843]"
0,centroid,1,120,Castor,Castor,"[""Castor"", ""Alcatras"", ""Turbine"", ""Mytikas"", ""Triton""]","[0.8631293773651123, 0.5896585583686829, 0.5853003859519958, 0.39036881923675537, 0.37863650918006897]"
0,centroid,1,121,Castor,Castor,"[""Castor"", ""Triton"", ""Mytikas"", ""Alcatras"", ""Turbine""]","[0.9762906432151794, 0.5709870457649231, 0.5472452640533447, 0.5204553008079529, 0.4647858142852783]"
0,centroid,1,122,Castor,Castor,"[""Castor"", ""Turbine"", ""Alcatras"", ""Braga"", ""Triton""]","[0.928464949131012, 0.6228344440460205, 0.5655219554901123, 0.41165536642074585, 0.32259994745254517]"
0,centroid,1,123,Castor,Castor,"[""Castor"", ""Alcatras"", ""Turbine"", ""Triton"", ""Mytikas""]","[0.9018910527229309, 0.6177709102630615, 0.5236814618110657, 0.4302596151828766, 0.3987851142883301]"
0,centroid,1,124,Denom,Denom,"[""Denom"", ""Ilias"", ""Velorum"", ""Nivalis"", ""Ratikon""]","[0.7218163013458252, 0.6538052558898926, 0.6109181046485901, 0.4893374443054199, 0.40312615036964417]"
0,centroid,1,125,Denom,Denom,"[""Denom"", ""Ilias"", ""Ratikon"", ""Nivalis"", ""Velorum""]","[0.9570146799087524, 0.6386746764183044, 0.6358164548873901, 0.5850312113761902, 0.28594473004341125]"
0,centroid,1,126,Denom,Denom,"[""Denom"", ""Nivalis"", ""Ratikon"", ""Ilias"", ""Velorum""]","[0.9614455699920654, 0.6171002388000488, 0.5960253477096558, 0.5833301544189453, 0.4101499021053314]"
0,centroid,1,127,Denom,Nivalis,"[""Nivalis"", ""Denom"", ""Ilias"", ""Ratikon"", ""Velorum""]","[0.8186866044998169, 0.8021723031997681, 0.6060713529586792, 0.5765624642372131, 0.43780583143234253]"
0,centroid,1,128,Denom,Denom,"[""Denom"", ""Ilias"", ""Ratikon"", ""Nivalis"", ""Velorum""]","[0.9208865165710449, 0.7556324601173401, 0.6870415210723877, 0.5979939699172974, 0.26980888843536377]"
0,centroid,1,129,Denom,Denom,"[""Denom"", ""Nivalis"", ""Ratikon"", ""Ilias"", ""Velorum""]","[0.9105401635169983, 0.4656776189804077, 0.43479347229003906, 0.3632162809371948, 0.24838650226593018]"
0,centroid,1,130,Denom,Ratikon,"[""Ratikon"", ""Steel_Wheel"", ""Denom"", ""Nivalis"", ""Ilias""]","[0.536716103553772, 0.4889766275882721, 0.36179086565971375, 0.36080536246299744, 0.29845643043518066]"
0,centroid,1,131,Denom,Denom,"[""Denom"", ""Nivalis"", ""Ratikon"", ""Ilias"", ""Velorum""]","[0.8496466875076294, 0.7423944473266602, 0.6950786113739014, 0.5313478708267212, 0.38776955008506775]"
0,centroid,1,132,Denom,Denom,"[""Denom"", ""Ratikon"", ""Ilias"", ""Nivalis"", ""Velorum""]","[0.8586589097976685, 0.6768908500671387, 0.42268943786621094, 0.39000988006591797, 0.09900932013988495]"
0,centroid,1,133,Denom,Denom,"[""Denom"", ""Ilias"", ""Nivalis"", ""Ratikon"", ""Velorum""]","[0.8693429231643677, 0.610324501991272, 0.5648829340934753, 0.553842306137085, 0.3343825340270996]"
0,centroid,1,134,Denom,Denom,"[""Denom"", ""Velorum"", ""Ilias"", ""Nivalis"", ""Ratikon""]","[0.7320669889450073, 0.5374481678009033, 0.44024965167045593, 0.2685748338699341, 0.17271976172924042]"
0,centroid,1,135,Denom,Denom,"[""Denom"", ""Ratikon"", ""Nivalis"", ""Ilias"", ""Xtreme""]","[0.8392789363861084, 0.48067450523376465, 0.423814594745636, 0.38181960582733154, 0.16440853476524353]"
0,centroid,1,136,Denom,Ratikon,"[""Ratikon"", ""Denom"", ""Nivalis"", ""Ilias"", ""Vega""]","[0.743783712387085, 0.6683838963508606, 0.5254030227661133, 0.43001413345336914, 0.10043728351593018]"
0,centroid,1,137,Denom,Denom,"[""Denom"", ""Ratikon"", ""Ilias"", ""Velorum"", ""Nivalis""]","[0.7858846187591553, 0.6653158664703369, 0.646114706993103, 0.47882282733917236, 0.4281553626060486]"
0,centroid,1,138,Denom,Denom,"[""Denom"", ""Ratikon"", ""Nivalis"", ""Ilias"", ""Velorum""]","[0.8839919567108154, 0.6901639699935913, 0.5931380987167358, 0.5773642063140869, 0.3995334804058075]"
0,centroid,1,139,Denom,Denom,"[""Denom"", ""Ratikon"", ""Ilias"", ""Nivalis"", ""Velorum""]","[0.8402268886566162, 0.5162949562072754, 0.47736209630966187, 0.4741940498352051, 0.29529085755348206]"
0,centroid,1,140,Denom,Denom,"[""Denom"", ""Ratikon"", ""Nivalis"", ""Ilias"", ""Velorum""]","[0.9298781156539917, 0.7444761395454407, 0.6678093671798706, 0.6339551210403442, 0.16904258728027344]"
0,centroid,1,141,Denom,Denom,"[""Denom"", ""Ilias"", ""Ratikon"", ""Nivalis"", ""Velorum""]","[0.9388329982757568, 0.6147506237030029, 0.4973837435245514, 0.4185778498649597, 0.35041290521621704]"
0,centroid,1,142,Denom,Denom,"[""Denom"", ""Ratikon"", ""Nivalis"", ""Ilias"", ""Velorum""]","[0.95316481590271, 0.5912144780158997, 0.557604193687439, 0.4553675055503845, 0.19948378205299377]"
0,centroid,1,143,Denom,Denom,"[""Denom"", ""Ratikon"", ""Nivalis"", ""Ilias"", ""Steel_Wheel""]","[0.859666645526886, 0.5852960348129272, 0.497677206993103, 0.4244285821914673, 0.20247884094715118]"
0,centroid,1,144,Denom,Denom,"[""Denom"", ""Ratikon"", ""Ilias"", ""Nivalis"", ""Velorum""]","[0.9283517599105835, 0.5941226482391357, 0.4991604685783386, 0.3920806050300598, 0.08248232305049896]"
0,centroid,1,145,Denom,Denom,"[""Denom"", ""Ratikon"", ""Ilias"", ""Nivalis"", ""Velorum""]","[0.812596321105957, 0.6382749080657959, 0.5401135683059692, 0.41835206747055054, 0.07895763218402863]"
0,centroid,1,146,Denom,Denom,"[""Denom"", ""Ilias"", ""Nivalis"", ""Ratikon"", ""Velorum""]","[0.9343569874763489, 0.6065460443496704, 0.5782372951507568, 0.5316252708435059, 0.4647831320762634]"
0,centroid,1,147,Denom,Ilias,"[""Ilias"", ""Nivalis"", ""Ratikon"", ""Denom"", ""Velorum""]","[0.6871603727340698, 0.6809507608413696, 0.6775025129318237, 0.6356160640716553, 0.6123414039611816]"
0,centroid,1,148,Denom,Ratikon,"[""Ratikon"", ""Denom"", ""Nivalis"", ""Ilias"", ""Vega""]","[0.7780801653862, 0.7752434015274048, 0.471621036529541, 0.4003757834434509, -0.00561362411826849]"
0,centroid,1,149,Denom,Denom,"[""Denom"", ""Nivalis"", ""Ratikon"", ""Ilias"", ""Velorum""]","[0.8353522419929504, 0.7510950565338135, 0.49858102202415466, 0.43617039918899536, 0.3821462094783783]"
0,centroid,1,150,Denom,Denom,"[""Denom"", ""Ilias"", ""Ratikon"", ""Nivalis"", ""Velorum""]","[0.8940838575363159, 0.622489333152771, 0.5771844387054443, 0.532514214515686, 0.26934781670570374]"
0,centroid,1,151,Denom,Denom,"[""Denom"", ""Velorum"", ""Nivalis"", ""Ilias"", ""Ratikon""]","[0.7949696779251099, 0.3946521282196045, 0.3878675103187561, 0.36650052666664124, 0.3389185667037964]"
0,centroid,1,152,Denom,Denom,"[""Denom"", ""Ilias"", ""Ratikon"", ""Nivalis"", ""Velorum""]","[0.7960626482963562, 0.7649384140968323, 0.6849012970924377, 0.6675704717636108, 0.5919690132141113]"
0,centroid,1,153,Denom,Denom,"[""Denom"", ""Ilias"", ""Nivalis"", ""Ratikon"", ""Velorum""]","[0.8082799315452576, 0.6212056875228882, 0.5877350568771362, 0.42658913135528564, 0.4013586640357971]"
0,centroid,1,154,Denom,Denom,"[""Denom"", ""Ilias"", ""Nivalis"", ""Ratikon"", ""Velorum""]","[0.9336525797843933, 0.6601520776748657, 0.5678218603134155, 0.5427160859107971, 0.4467542767524719]"
0,centroid,1,155,Denom,Denom,"[""Denom"", ""Ratikon"", ""Ilias"", ""Nivalis"", ""Gemini""]","[0.8321167230606079, 0.6004818081855774, 0.46425139904022217, 0.30547159910202026, 0.08327841758728027]"
0,centroid,1,156,Denom,Denom,"[""Denom"", ""Ratikon"", ""Nivalis"", ""Ilias"", ""Velorum""]","[0.8998892903327942, 0.5706775188446045, 0.487467885017395, 0.4170396327972412, 0.3137741684913635]"
0,centroid,1,157,Denom,Denom,"[""Denom"", ""Nivalis"", ""Ratikon"", ""Ilias"", ""Velorum""]","[0.8335638046264648, 0.6217001676559448, 0.5658996105194092, 0.5273439884185791, 0.40784338116645813]"
0,centroid,1,158,Denom,Denom,"[""Denom"", ""Nivalis"", ""Velorum"", ""Ilias"", ""Ratikon""]","[0.8596648573875427, 0.6428735256195068, 0.5864360332489014, 0.41583988070487976, 0.39232301712036133]"
0,centroid,1,159,Denom,Denom,"[""Denom"", ""Ratikon"", ""Ilias"", ""Nivalis"", ""Velorum""]","[0.8481528759002686, 0.6717160940170288, 0.6336804032325745, 0.5769145488739014, 0.5349445939064026]"
0,centroid,1,160,Denom,Denom,"[""Denom"", ""Ratikon"", ""Ilias"", ""Nivalis"", ""Velorum""]","[0.9537388682365417, 0.6447689533233643, 0.6017967462539673, 0.5891323089599609, 0.26895490288734436]"
0,centroid,1,161,Denom,Denom,"[""Denom"", ""Ratikon"", ""Nivalis"", ""Ilias"", ""Velorum""]","[0.9109569787979126, 0.6801869869232178, 0.5879553556442261, 0.39182454347610474, 0.17427697777748108]"
0,centroid,1,162,Gemini,Gemini,"[""Gemini"", ""Xtreme"", ""Vega"", ""Trius"", ""Velorum""]","[0.7846099138259888, 0.5459128618240356, 0.32098448276519775, 0.2995310425758362, 0.282370924949646]"
0,centroid,1,163,Gemini,Gemini,"[""Gemini"", ""Xtreme"", ""Vega"", ""Hawk"", ""Steel_Wheel""]","[0.8211948871612549, 0.493606835603714, 0.2548035979270935, 0.24264974892139435, 0.03462759777903557]"
0,centroid,1,164,Gemini,Hawk,"[""Hawk"", ""Mytikas"", ""Alcatras"", ""Gemini"", ""Alaris""]","[0.5278146266937256, 0.5257773995399475, 0.5024892687797546, 0.46952468156814575, 0.4512420892715454]"
0,centroid,1,165,Gemini,Gemini,"[""Gemini"", ""Xtreme"", ""Braga"", ""Ilias"", ""Trius""]","[0.8736605644226074, 0.696078896522522, 0.18324854969978333, 0.03444579988718033, 0.02741251513361931]"
0,centroid,1,166,Gemini,Gemini,"[""Gemini"", ""Vega"", ""Xtreme"", ""Hawk"", ""Braga""]","[0.8061506748199463, 0.5548422932624817, 0.3382435142993927, 0.23673015832901, 0.1858241856098175]"
0,centroid,1,167,Gemini,Alaris,"[""Alaris"", ""Gemini"", ""Hawk"", ""Braga"", ""Alcatras""]","[0.6182478666305542, 0.4148905873298645, 0.4143097400665283, 0.40690988302230835, 0.3945271968841553]"
0,centroid,1,168,Gemini,Gemini,"[""Gemini"", ""Xtreme"", ""Vega"", ""Hawk"", ""Ilias""]","[0.8916685581207275, 0.39752334356307983, 0.307672917842865, 0.23092138767242432, 0.10287784039974213]"
0,centroid,1,169,Gemini,Gemini,"[""Gemini"", ""Vega"", ""Trius"", ""Braga"", ""Mytikas""]","[0.7412752509117126, 0.5646998286247253, 0.42314600944519043, 0.3597813844680786, 0.2735700309276581]"
0,centroid,1,170,Gemini,Gemini,"[""Gemini"", ""Vega"", ""Hawk"", ""Braga"", ""Alaris""]","[0.7113943099975586, 0.49362674355506897, 0.38886088132858276, 0.312675416469574, 0.29325947165489197]"
0,centroid,1,171,Gemini,Gemini,"[""Gemini"", ""Xtreme"", ""Vega"", ""Trius"", ""Triton""]","[0.7432573437690735, 0.5974891185760498, 0.43789365887641907, 0.25622451305389404, 0.21996277570724487]"
0,centroid,1,172,Gemini,Gemini,"[""Gemini"", ""Xtreme"", ""Hawk"", ""Vega"", ""Braga""]","[0.850685179233551, 0.33240774273872375, 0.22329042851924896, 0.21477380394935608, 0.08118720352649689]"
0,centroid,1,173,Gemini,Gemini,"[""Gemini"", ""Vega"", ""Braga"", ""Hawk"", ""Xtreme""]","[0.7840801477432251, 0.6400109529495239, 0.3415164351463318, 0.31137895584106445, 0.2854626476764679]"
0,centroid,1,174,Gemini,Gemini,"[""Gemini"", ""Trius"", ""Braga"", ""Vega"", ""Xtreme""]","[0.8412855863571167, 0.48714834451675415, 0.4507811665534973, 0.4377347528934479, 0.3333413004875183]"
0,centroid,1,175,Gemini,Gemini,"[""Gemini"", ""Xtreme"", ""Hawk"", ""Vega"", ""Braga""]","[0.9073295593261719, 0.46298468112945557, 0.29943719506263733, 0.2898169755935669, 0.1901102364063263]"
0,centroid,1,176,Gemini,Gemini,"[""Gemini"", ""Xtreme"", ""Mytikas"", ""Steel_Wheel"", ""Trius""]","[0.6760379672050476, 0.5928035974502563, 0.46692049503326416, 0.4216991662979126, 0.36504238843917847]"
0,centroid,1,177,Gemini,Gemini,"[""Gemini"", ""Xtreme"", ""Hawk"", ""Denom"", ""Braga""]","[0.7704709768295288, 0.5191184282302856, 0.2780565023422241, 0.2287793904542923, 0.1988944411277771]"
0,centroid,1,178,Gemini,Gemini,"[""Gemini"", ""Trius"", ""Xtreme"", ""Triton"", ""Braga""]","[0.6775018572807312, 0.5957541465759277, 0.4619457721710205, 0.440965861082077, 0.32457348704338074]"
0,centroid,1,179,Gemini,Gemini,"[""Gemini"", ""Xtreme"", ""Ilias"", ""Denom"", ""Braga""]","[0.717172384262085, 0.6649568676948547, 0.39549916982650757, 0.2762632966041565, 0.1917106956243515]"
0,centroid,1,180,Gemini,Gemini,"[""Gemini"", ""Xtreme"", ""Trius"", ""Triton"", ""Mytikas""]","[0.7009663581848145, 0.5707582235336304, 0.49504244327545166, 0.4174399971961975, 0.2966611683368683]"
0,centroid,1,181,Gemini,Gemini,"[""Gemini"", ""Xtreme"", ""Braga"", ""Vega"", ""Hawk""]","[0.8587436676025391, 0.546623706817627, 0.352077454328537, 0.3278360962867737, 0.24764174222946167]"
0,centroid,1,182,Gemini,Gemini,"[""Gemini"", ""Xtreme"", ""Braga"", ""Trius"", ""Triton""]","[0.8437044024467468, 0.5288634300231934, 0.4419858157634735, 0.37308841943740845, 0.31797492504119873]"
0,centroid,1,183,Gemini,Gemini,"[""Gemini"", ""Xtreme"", ""Vega"", ""Hawk"", ""Trius""]","[0.9210314750671387, 0.5592429637908936, 0.1752440333366394, 0.07260468602180481, 0.06180837005376816]"
0,centroid,1,184,Gemini,Gemini,"[""Gemini"", ""Xtreme"", ""Trius"", ""Braga"", ""Vega""]","[0.908786416053772, 0.4374982416629791, 0.3380877673625946, 0.20462632179260254, 0.16823017597198486]"
0,centroid,1,185,Gemini,Gemini,"[""Gemini"", ""Xtreme"", ""Hawk"", ""Vega"", ""Braga""]","[0.9132780432701111, 0.5349913835525513, 0.27000686526298523, 0.2462029755115509, 0.0969940572977066]"
0,centroid,1,186,Gemini,Gemini,"[""Gemini"", ""Xtreme"", ""Braga"", ""Vega"", ""Hawk""]","[0.7595415115356445, 0.5037298798561096, 0.3444787859916687, 0.3436552882194519, 0.26619189977645874]"
0,centroid,1,187,Gemini,Gemini,"[""Gemini"", ""Vega"", ""Braga"", ""Xtreme"", ""Trius""]","[0.7965654134750366, 0.4873231053352356, 0.4678604304790497, 0.35478511452674866, 0.335800439119339]"
0,centroid,1,188,Gemini,Gemini,"[""Gemini"", ""Xtreme"", ""Hawk"", ""Vega"", ""Ilias""]","[0.8611682057380676, 0.49157220125198364, 0.20755043625831604, 0.08882755786180496, 0.08756208419799805]"
0,centroid,1,189,Gemini,Gemini,"[""Gemini"", ""Xtreme"", ""Mytikas"", ""Trius"", ""Triton""]","[0.7543425559997559, 0.5451401472091675, 0.41859710216522217, 0.36026644706726074, 0.3070901036262512]"
0,centroid,1,190,Hawk,Hawk,"[""Hawk"", ""Turbine"", ""Alcatras"", ""Mytikas"", ""Velorum""]","[0.801694393157959, 0.3937060236930847, 0.3930380940437317, 0.38505250215530396, 0.3730058968067169]"
0,centroid,1,191,Hawk,Hawk,"[""Hawk"", ""Turbine"", ""Alaris"", ""Braga"", ""Vega""]","[0.9510741233825684, 0.5206603407859802, 0.41460296511650085, 0.40418416261672974, 0.3492698073387146]"
0,centroid,1,192,Hawk,Hawk,"[""Hawk"", ""Alcatras"", ""Alaris"", ""Vega"", ""Braga""]","[0.9053434133529663, 0.5641821622848511, 0.4752907454967499, 0.43452319502830505, 0.3783090114593506]"
0,centroid,1,193,Hawk,Hawk,"[""Hawk"", ""Mytikas"", ""Turbine"", ""Castor"", ""Alaris""]","[0.7476295232772827, 0.5129778385162354, 0.4982803463935852, 0.2333686202764511, 0.18624398112297058]"
0,centroid,1,194,Hawk,Hawk,"[""Hawk"", ""Alaris"", ""Alcatras"", ""Turbine"", ""Castor""]","[0.780715823173523, 0.6127718687057495, 0.5357285737991333, 0.5290312170982361, 0.3622603416442871]"
0,centroid,1,195,Hawk,Hawk,"[""Hawk"", ""Vega"", ""Turbine"", ""Alaris"", ""Mytikas""]","[0.7559043765068054, 0.5845843553543091, 0.350375771522522, 0.2966448962688446, 0.1996924877166748]"
0,centroid,1,196,Hawk,Hawk,"[""Hawk"", ""Turbine"", ""Vega"", ""Braga"", ""Alaris""]","[0.8159576654434204, 0.31375938653945923, 0.26599976420402527, 0.18269845843315125, 0.1780112385749817]"
0,centroid,1,197,Hawk,Hawk,"[""Hawk"", ""Alcatras"", ""Alaris"", ""Vega"", ""Braga""]","[0.8455795645713806, 0.6260795593261719, 0.5297133922576904, 0.37780219316482544, 0.297600120306015]"
0,centroid,1,198,Hawk,Hawk,"[""Hawk"", ""Alcatras"", ""Turbine"", ""Braga"", ""Alaris""]","[0.9135003685951233, 0.426358699798584, 0.3616465926170349, 0.3331969380378723, 0.32597440481185913]"
0,centroid,1,199,Hawk,Hawk,"[""Hawk"", ""Alcatras"", ""Braga"", ""Vega"", ""Alaris""]","[0.9380736947059631, 0.4153482913970947, 0.3671616017818451, 0.3231154680252075, 0.31594645977020264]"
0,centroid,1,200,Hawk,Alcatras,"[""Alcatras"", ""Alaris"", ""Hawk"", ""Trius"", ""Braga""]","[0.7530186176300049, 0.6189561486244202, 0.6072988510131836, 0.5208672881126404, 0.4093751311302185]"
0,centroid,1,201,Hawk,Hawk,"[""Hawk"", ""Vega"", ""Alaris"", ""Turbine"", ""Alcatras""]","[0.8339685797691345, 0.6098618507385254, 0.45575881004333496, 0.3585106432437897, 0.20333601534366608]"
0,centroid,1,202,Hawk,Hawk,"[""Hawk"", ""Vega"", ""Alaris"", ""Turbine"", ""Braga""]","[0.9397652745246887, 0.42233431339263916, 0.3679195046424866, 0.29186874628067017, 0.2506077289581299]"
0,centroid,1,203,Hawk,Hawk,"[""Hawk"", ""Alaris"", ""Alcatras"", ""Turbine"", ""Braga""]","[0.9194192886352539, 0.47012224793434143, 0.4058507978916168, 0.3209914565086365, 0.31555718183517456]"
0,centroid,1,204,Hawk,Hawk,"[""Hawk"", ""Alaris"", ""Alcatras"", ""Vega"", ""Turbine""]","[0.904857873916626, 0.5952692031860352, 0.4236653447151184, 0.4214736223220825, 0.3785388469696045]"
0,centroid,1,205,Hawk,Hawk,"[""Hawk"", ""Turbine"", ""Vega"", ""Alaris"", ""Mytikas""]","[0.9136353731155396, 0.368530809879303, 0.30519211292266846, 0.2684159576892853, 0.19440393149852753]"
0,centroid,1,206,Hawk,Hawk,"[""Hawk"", ""Turbine"", ""Braga"", ""Mytikas"", ""Vega""]","[0.8857336044311523, 0.38154155015945435, 0.3649168610572815, 0.16671693325042725, 0.14780756831169128]"
0,centroid,1,207,Hawk,Hawk,"[""Hawk"", ""Turbine"", ""Vega"", ""Alcatras"", ""Alaris""]","[0.9579145312309265, 0.3799939751625061, 0.32365477085113525, 0.30222582817077637, 0.297786682844162]"
0,centroid,1,208,Hawk,Hawk,"[""Hawk"", ""Braga"", ""Gemini"", ""Vega"", ""Turbine""]","[0.9397605657577515, 0.4018059968948364, 0.2951619625091553, 0.26674380898475647, 0.25153595209121704]"
0,centroid,1,209,Hawk,Hawk,"[""Hawk"", ""Alaris"", ""Vega"", ""Alcatras"", ""Turbine""]","[0.8923419713973999, 0.42895394563674927, 0.40744173526763916, 0.29111558198928833, 0.257969468832016]"
0,centroid,1,210,Hawk,Hawk,"[""Hawk"", ""Alaris"", ""Alcatras"", ""Braga"", ""Mytikas""]","[0.6174180507659912, 0.5080603361129761, 0.4541866183280945, 0.41859835386276245, 0.38363856077194214]"
0,centroid,1,211,Hawk,Hawk,"[""Hawk"", ""Vega"", ""Braga"", ""Gemini"", ""Turbine""]","[0.8960314989089966, 0.3612709045410156, 0.2809690833091736, 0.265950471162796, 0.249711275100708]"
0,centroid,1,212,Hawk,Hawk,"[""Hawk"", ""Turbine"", ""Braga"", ""Vega"", ""Alcatras""]","[0.8931878209114075, 0.429132878780365, 0.3406844139099121, 0.32264119386672974, 0.2255145013332367]"
0,centroid,1,213,Hawk,Hawk,"[""Hawk"", ""Turbine"", ""Braga"", ""Xtreme"", ""Gemini""]","[0.86430823802948, 0.4284597635269165, 0.3637163043022156, 0.28858882188796997, 0.26616621017456055]"
0,centroid,1,214,Hawk,Hawk,"[""Hawk"", ""Vega"", ""Turbine"", ""Alaris"", ""Gemini""]","[0.7307170629501343, 0.5905617475509644, 0.43646931648254395, 0.4194285273551941, 0.14877372980117798]"
0,centroid,1,215,Hawk,Hawk,"[""Hawk"", ""Turbine"", ""Braga"", ""Vega"", ""Mytikas""]","[0.8635035753250122, 0.4307255744934082, 0.41567569971084595, 0.3967163562774658, 0.34687745571136475]"
0,centroid,1,216,Ilias,Ilias,"[""Ilias"", ""Velorum"", ""Denom"", ""Nivalis"", ""Ratikon""]","[0.8329793214797974, 0.5821233987808228, 0.48958107829093933, 0.450908362865448, 0.29927897453308105]"
0,centroid,1,217,Ilias,Ilias,"[""Ilias"", ""Ratikon"", ""Denom"", ""Nivalis"", ""Velorum""]","[0.8834478259086609, 0.5848456025123596, 0.39777445793151855, 0.2680915594100952, 0.25215497612953186]"
0,centroid,1,218,Ilias,Ilias,"[""Ilias"", ""Ratikon"", ""Nivalis"", ""Denom"", ""Velorum""]","[0.7863015532493591, 0.5634971261024475, 0.41604483127593994, 0.34979885816574097, 0.22599010169506073]"
0,centroid,1,219,Ilias,Ilias,"[""Ilias"", ""Ratikon"", ""Denom"", ""Nivalis"", ""Velorum""]","[0.8536363840103149, 0.6057772636413574, 0.5486952066421509, 0.394574373960495, 0.21661166846752167]"
0,centroid,1,220,Ilias,Ilias,"[""Ilias"", ""Ratikon"", ""Denom"", ""Nivalis"", ""Triton""]","[0.874544084072113, 0.6832747459411621, 0.49713003635406494, 0.45457884669303894, 0.28739744424819946]"
0,centroid,1,221,Ilias,Ilias,"[""Ilias"", ""Velorum"", ""Nivalis"", ""Ratikon"", ""Denom""]","[0.7924309968948364, 0.7306334376335144, 0.5735474824905396, 0.4043087959289551, 0.3731374740600586]"
0,centroid,1,222,Ilias,Ilias,"[""Ilias"", ""Velorum"", ""Ratikon"", ""Nivalis"", ""Denom""]","[0.8222976922988892, 0.4739837646484375, 0.3931688666343689, 0.35533490777015686, 0.2549610137939453]"
0,centroid,1,223,Ilias,Ilias,"[""Ilias"", ""Ratikon"", ""Denom"", ""Nivalis"", ""Velorum""]","[0.8673887848854065, 0.43682771921157837, 0.36122170090675354, 0.3136356770992279, 0.30928587913513184]"
0,centroid,1,224,Ilias,Ilias,"[""Ilias"", ""Denom"", ""Velorum"", ""Ratikon"", ""Nivalis""]","[0.8619173169136047, 0.5975582599639893, 0.5467733144760132, 0.4233177602291107, 0.3957059383392334]"
0,centroid,1,225,Ilias,Ilias,"[""Ilias"", ""Ratikon"", ""Denom"", ""Nivalis"", ""Velorum""]","[0.721989095211029, 0.5566872358322144, 0.48826390504837036, 0.44889557361602783, 0.401636004447937]"
0,centroid,1,226,Ilias,Ilias,"[""Ilias"", ""Velorum"", ""Denom"", ""Nivalis"", ""Ratikon""]","[0.8287297487258911, 0.689105749130249, 0.5352214574813843, 0.4755246639251709, 0.3171558976173401]"
0,centroid,1,227,Ilias,Velorum,"[""Velorum"", ""Ilias"", ""Mytikas"", ""Hawk"", ""Ratikon""]","[0.49966859817504883, 0.477347731590271, 0.24408769607543945, 0.22347992658615112, 0.18847201764583588]"
0,centroid,1,228,Ilias,Ilias,"[""Ilias"", ""Velorum"", ""Triton"", ""Nivalis"", ""Ratikon""]","[0.8748936653137207, 0.5931172966957092, 0.483254075050354, 0.4100719094276428, 0.37509989738464355]"
0,centroid,1,229,Ilias,Ilias,"[""Ilias"", ""Denom"", ""Ratikon"", ""Nivalis"", ""Gemini""]","[0.8331447839736938, 0.733684778213501, 0.6869319677352905, 0.5264304280281067, 0.1502712070941925]"
0,centroid,1,230,Ilias,Ilias,"[""Ilias"", ""Ratikon"", ""Nivalis"", ""Denom"", ""Velorum""]","[0.8755016326904297, 0.5095595717430115, 0.37039753794670105, 0.3611909747123718, 0.309501051902771]"
0,centroid,1,231,Ilias,Ilias,"[""Ilias"", ""Ratikon"", ""Velorum"", ""Nivalis"", ""Denom""]","[0.5541349053382874, 0.506622850894928, 0.4622122347354889, 0.43779587745666504, 0.414305716753006]"
0,centroid,1,232,Ilias,Ilias,"[""Ilias"", ""Ratikon"", ""Denom"", ""Nivalis"", ""Velorum""]","[0.8300384879112244, 0.8125578761100769, 0.7725446224212646, 0.47490110993385315, 0.16559743881225586]"
0,centroid,1,233,Ilias,Ilias,"[""Ilias"", ""Denom"", ""Velorum"", ""Nivalis"", ""Ratikon""]","[0.90693598985672, 0.637120246887207, 0.583346426486969, 0.49354422092437744, 0.40446776151657104]"
0,centroid,1,234,Ilias,Denom,"[""Denom"", ""Ilias"", ""Ratikon"", ""Nivalis"", ""Velorum""]","[0.7865936756134033, 0.7523379325866699, 0.6526809930801392, 0.5159435272216797, 0.37704548239707947]"
0,centroid,1,235,Ilias,Ilias,"[""Ilias"", ""Ratikon"", ""Denom"", ""Nivalis"", ""Velorum""]","[0.8930023908615112, 0.6041876673698425, 0.43469947576522827, 0.4239659607410431, 0.3963896632194519]"
0,centroid,1,236,Ilias,Ilias,"[""Ilias"", ""Velorum"", ""Nivalis"", ""Ratikon"", ""Denom""]","[0.7665115594863892, 0.7128818035125732, 0.44669586420059204, 0.30775007605552673, 0.30134668946266174]"
0,centroid,1,237,Ilias,Ilias,"[""Ilias"", ""Ratikon"", ""Nivalis"", ""Velorum"", ""Denom""]","[0.7477987408638, 0.6205304861068726, 0.6049985885620117, 0.552590012550354, 0.3730391561985016]"
0,centroid,1,238,Ilias,Ilias,"[""Ilias"", ""Ratikon"", ""Denom"", ""Nivalis"", ""Velorum""]","[0.9162761569023132, 0.6949777007102966, 0.603718638420105, 0.37158381938934326, 0.3674156665802002]"
0,centroid,1,239,Ilias,Ilias,"[""Ilias"", ""Velorum"", ""Ratikon"", ""Triton"", ""Nivalis""]","[0.7019250392913818, 0.5340713262557983, 0.5224626660346985, 0.5090222954750061, 0.42428675293922424]"
0,centroid,1,240,Ilias,Ilias,"[""Ilias"", ""Denom"", ""Ratikon"", ""Triton"", ""Nivalis""]","[0.7620013952255249, 0.5883911848068237, 0.5634195804595947, 0.41153568029403687, 0.3853301405906677]"
0,centroid,1,241,Ilias,Ilias,"[""Ilias"", ""Ratikon"", ""Denom"", ""Nivalis"", ""Vega""]","[0.8146178722381592, 0.4973941743373871, 0.4671509861946106, 0.2975175380706787, 0.16388791799545288]"
0,centroid,1,242,Ilias,Ilias,"[""Ilias"", ""Nivalis"", ""Ratikon"", ""Denom"", ""Velorum""]","[0.8720937967300415, 0.6372978687286377, 0.6017542481422424, 0.5625127553939819, 0.5180021524429321]"
0,centroid,1,243,Ilias,Ilias,"[""Ilias"", ""Velorum"", ""Denom"", ""Nivalis"", ""Ratikon""]","[0.8674620389938354, 0.6345766186714172, 0.5203309059143066, 0.49871504306793213, 0.4209577441215515]"
0,centroid,1,244,Ilias,Ilias,"[""Ilias"", ""Ratikon"", ""Denom"", ""Velorum"", ""Nivalis""]","[0.8952479958534241, 0.5016757249832153, 0.45389488339424133, 0.3472456932067871, 0.3363807201385498]"
0,centroid,1,245,Mytikas,Mytikas,"[""Mytikas"", ""Triton"", ""Nivalis"", ""Vega"", ""Trius""]","[0.7765690684318542, 0.35505491495132446, 0.31739500164985657, 0.27787861227989197, 0.24106982350349426]"
0,centroid,1,246,Mytikas,Mytikas,"[""Mytikas"", ""Braga"", ""Alcatras"", ""Triton"", ""Alaris""]","[0.7301164865493774, 0.5549101829528809, 0.5278564095497131, 0.5026934146881104, 0.47995829582214355]"
0,centroid,1,247,Mytikas,Mytikas,"[""Mytikas"", ""Triton"", ""Turbine"", ""Castor"", ""Trius""]","[0.6656821966171265, 0.48132526874542236, 0.3836354613304138, 0.32205015420913696, 0.2601563334465027]"
0,centroid,1,248,Mytikas,Triton,"[""Triton"", ""Mytikas"", ""Castor"", ""Trius"", ""Velorum""]","[0.7856130599975586, 0.7233129739761353, 0.5465950965881348, 0.4848874807357788, 0.38355159759521484]"
0,centroid,1,249,Mytikas,Mytikas,"[""Mytikas"", ""Castor"", ""Alcatras"", ""Triton"", ""Turbine""]","[0.7443851232528687, 0.7128340005874634, 0.6342778205871582, 0.5474359393119812, 0.5202294588088989]"
0,centroid,1,250,Mytikas,Triton,"[""Triton"", ""Mytikas"", ""Trius"", ""Alcatras"", ""Castor""]","[0.8437336683273315, 0.8010721206665039, 0.6884843111038208, 0.41557127237319946, 0.41417285799980164]"
0,centroid,1,251,Mytikas,Triton,"[""Triton"", ""Mytikas"", ""Castor"", ""Trius"", ""Braga""]","[0.9080939292907715, 0.8543312549591064, 0.627376139163971, 0.5651546716690063, 0.38917309045791626]"
0,centroid,1,252,Mytikas,Mytikas,"[""Mytikas"", ""Triton"", ""Castor"", ""Turbine"", ""Alcatras""]","[0.6699709892272949, 0.49859875440597534, 0.3867458701133728, 0.24030514061450958, 0.23875971138477325]"
0,centroid,1,253,Mytikas,Mytikas,"[""Mytikas"", ""Triton"", ""Castor"", ""Trius"", ""Nivalis""]","[0.8041880130767822, 0.4854426681995392, 0.42618489265441895, 0.3385559320449829, 0.3026946783065796]"
0,centroid,1,254,Mytikas,Mytikas,"[""Mytikas"", ""Trius"", ""Triton"", ""Castor"", ""Alcatras""]","[0.8699365258216858, 0.6442834138870239, 0.5329075455665588, 0.42444899678230286, 0.39180225133895874]"
0,centroid,1,255,Mytikas,Mytikas,"[""Mytikas"", ""Triton"", ""Castor"", ""Alcatras"", ""Xtreme""]","[0.8234908580780029, 0.6101706027984619, 0.555206835269928, 0.34168288111686707, 0.2427048236131668]"
0,centroid,1,256,Mytikas,Mytikas,"[""Mytikas"", ""Triton"", ""Trius"", ""Alcatras"", ""Castor""]","[0.9076125621795654, 0.6613973379135132, 0.6266006827354431, 0.5962907671928406, 0.48854678869247437]"
0,centroid,1,257,Mytikas,Mytikas,"[""Mytikas"", ""Trius"", ""Triton"", ""Nivalis"", ""Steel_Wheel""]","[0.8184928894042969, 0.455047070980072, 0.39953553676605225, 0.33527982234954834, 0.26491492986679077]"
0,centroid,1,258,Mytikas,Mytikas,"[""Mytikas"", ""Trius"", ""Triton"", ""Braga"", ""Gemini""]","[0.8241273164749146, 0.5554640293121338, 0.5180667042732239, 0.4294998347759247, 0.3723277449607849]"
0,centroid,1,259,Mytikas,Mytikas,"[""Mytikas"", ""Castor"", ""Triton"", ""Alcatras"", ""Trius""]","[0.8318672180175781, 0.7472167015075684, 0.676838219165802, 0.39466384053230286, 0.3538135886192322]"
0,centroid,1,260,Mytikas,Mytikas,"[""Mytikas"", ""Alcatras"", ""Triton"", ""Trius"", ""Castor""]","[0.8443651795387268, 0.7222919464111328, 0.5444240570068359, 0.535179853439331, 0.5327757596969604]"
0,centroid,1,261,Mytikas,Mytikas,"[""Mytikas"", ""Triton"", ""Trius"", ""Velorum"", ""Turbine""]","[0.7815948724746704, 0.5060329437255859, 0.38795730471611023, 0.38061487674713135, 0.35775864124298096]"
0,centroid,1,262,Mytikas,Mytikas,"[""Mytikas"", ""Xtreme"", ""Castor"", ""Triton"", ""Trius""]","[0.689599871635437, 0.4945063591003418, 0.435714453458786, 0.334267258644104, 0.3220730721950531]"
0,centroid,1,263,Mytikas,Mytikas,"[""Mytikas"", ""Triton"", ""Braga"", ""Castor"", ""Trius""]","[0.8287591934204102, 0.7366746664047241, 0.6206173896789551, 0.574261486530304, 0.5411866903305054]"
0,centroid,1,264,Mytikas,Mytikas,"[""Mytikas"", ""Triton"", ""Castor"", ""Turbine"", ""Braga""]","[0.7787456512451172, 0.6470898389816284, 0.412440687417984, 0.35321125388145447, 0.29785552620887756]"
0,centroid,1,265,Mytikas,Mytikas,"[""Mytikas"", ""Triton"", ""Trius"", ""Castor"", ""Alcatras""]","[0.7450293302536011, 0.7291866540908813, 0.6323105096817017, 0.33837318420410156, 0.27652686834335327]"
0,centroid,1,266,Mytikas,Mytikas,"[""Mytikas"", ""Castor"", ""Triton"", ""Alcatras"", ""Trius""]","[0.9209599494934082, 0.6400097608566284, 0.6377084851264954, 0.5301117897033691, 0.45066285133361816]"
0,centroid,1,267,Mytikas,Mytikas,"[""Mytikas"", ""Triton"", ""Castor"", ""Trius"", ""Alcatras""]","[0.8833985328674316, 0.7359817028045654, 0.5933127403259277, 0.5921392440795898, 0.5404403805732727]"
0,centroid,1,268,Mytikas,Mytikas,"[""Mytikas"", ""Triton"", ""Castor"", ""Turbine"", ""Trius""]","[0.7742124795913696, 0.4731459319591522, 0.33060693740844727, 0.3035224378108978, 0.2895214557647705]"
0,centroid,1,269,Mytikas,Mytikas,"[""Mytikas"", ""Triton"", ""Trius"", ""Ilias"", ""Nivalis""]","[0.8400694131851196, 0.5923334360122681, 0.5262924432754517, 0.29502880573272705, 0.260640025138855]"
0,centroid,1,270,Mytikas,Triton,"[""Triton"", ""Mytikas"", ""Trius"", ""Castor"", ""Alaris""]","[0.755746603012085, 0.6757641434669495, 0.6696196794509888, 0.5075945258140564, 0.4760323762893677]"
0,centroid,1,271,Mytikas,Mytikas,"[""Mytikas"", ""Castor"", ""Alcatras"", ""Triton"", ""Trius""]","[0.8328026533126831, 0.6590532064437866, 0.6298221349716187, 0.5104832053184509, 0.4500044882297516]"
0,centroid,1,272,Mytikas,Triton,"[""Triton"", ""Mytikas"", ""Trius"", ""Castor"", ""Braga""]","[0.7599822282791138, 0.7071665525436401, 0.6503966450691223, 0.33185362815856934, 0.3309287428855896]"
0,centroid,1,273,Nivalis,Nivalis,"[""Nivalis"", ""Ilias"", ""Denom"", ""Ratikon"", ""Velorum""]","[0.7746980786323547, 0.49336689710617065, 0.4225086569786072, 0.3464358448982239, 0.32961800694465637]"
0,centroid,1,274,Nivalis,Nivalis,"[""Nivalis"", ""Velorum"", ""Denom"", ""Ilias"", ""Ratikon""]","[0.8977504968643188, 0.40819862484931946, 0.3041514754295349, 0.297535240650177, 0.27327799797058105]"
0,centroid,1,275,Nivalis,Nivalis,"[""Nivalis"", ""Ratikon"", ""Denom"", ""Ilias"", ""Steel_Wheel""]","[0.7349305152893066, 0.7104752659797668, 0.6982137560844421, 0.2863684296607971, 0.19077327847480774]"
0,centroid,1,276,Nivalis,Nivalis,"[""Nivalis"", ""Denom"", ""Ilias"", ""Ratikon"", ""Velorum""]","[0.9076395034790039, 0.6543200016021729, 0.5453764200210571, 0.5217185616493225, 0.334389865398407]"
0,centroid,1,277,Nivalis,Nivalis,"[""Nivalis"", ""Ratikon"", ""Denom"", ""Ilias"", ""Vega""]","[0.8312992453575134, 0.49651432037353516, 0.42528092861175537, 0.36166509985923767, 0.11547467112541199]"
0,centroid,1,278,Nivalis,Nivalis,"[""Nivalis"", ""Ratikon"", ""Ilias"", ""Velorum"", ""Mytikas""]","[0.8179503083229065, 0.42824751138687134, 0.4152761697769165, 0.2732096314430237, 0.21842822432518005]"
0,centroid,1,279,Nivalis,Nivalis,"[""Nivalis"", ""Denom"", ""Ratikon"", ""Steel_Wheel"", ""Xtreme""]","[0.6922463774681091, 0.5773332118988037, 0.4176240861415863, 0.201422780752182, 0.07055960595607758]"
0,centroid,1,280,Nivalis,Ilias,"[""Ilias"", ""Mytikas"", ""Nivalis"", ""Velorum"", ""Trius""]","[0.5245332717895508, 0.5240367650985718, 0.471009224653244, 0.4350547790527344, 0.37149494886398315]"
0,centroid,1,281,Nivalis,Denom,"[""Denom"", ""Nivalis"", ""Ratikon"", ""Ilias"", ""Velorum""]","[0.8262962102890015, 0.6462897658348083, 0.5780454874038696, 0.46653082966804504, 0.36416563391685486]"
0,centroid,1,282,Nivalis,Nivalis,"[""Nivalis"", ""Ratikon"", ""Vega"", ""Ilias"", ""Denom""]","[0.6561899185180664, 0.5437242984771729, 0.36269867420196533, 0.3505828380584717, 0.18675851821899414]"
0,centroid,1,283,Nivalis,Nivalis,"[""Nivalis"", ""Denom"", ""Ratikon"", ""Ilias"", ""Xtreme""]","[0.8219017386436462, 0.556662917137146, 0.5264970064163208, 0.5062823295593262, 0.22073274850845337]"
0,centroid,1,284,Nivalis,Nivalis,"[""Nivalis"", ""Velorum"", ""Denom"", ""Ilias"", ""Ratikon""]","[0.8855160474777222, 0.5982315540313721, 0.5028334856033325, 0.4692876935005188, 0.3713080585002899]"
0,centroid,1,285,Nivalis,Nivalis,"[""Nivalis"", ""Ilias"", ""Velorum"", ""Mytikas"", ""Xtreme""]","[0.5646071434020996, 0.5202590227127075, 0.3606015741825104, 0.35496053099632263, 0.34404364228248596]"
0,centroid,1,286,Nivalis,Nivalis,"[""Nivalis"", ""Velorum"", ""Denom"", ""Ilias"", ""Ratikon""]","[0.8116292953491211, 0.6935687065124512, 0.6154530644416809, 0.4964524209499359, 0.38788649439811707]"
0,centroid,1,287,Nivalis,Nivalis,"[""Nivalis"", ""Ilias"", ""Ratikon"", ""Denom"", ""Vega""]","[0.706935465335846, 0.5378940105438232, 0.4130626320838928, 0.40292492508888245, 0.3195766806602478]"
0,centroid,1,288,Nivalis,Nivalis,"[""Nivalis"", ""Denom"", ""Ratikon"", ""Gemini"", ""Ilias""]","[0.6833645105361938, 0.4540112614631653, 0.4122321307659149, 0.392021119594574, 0.38645821809768677]"
0,centroid,1,289,Nivalis,Nivalis,"[""Nivalis"", ""Ratikon"", ""Denom"", ""Ilias"", ""Velorum""]","[0.910413384437561, 0.4655391275882721, 0.3719891607761383, 0.24544700980186462, 0.1750100553035736]"
0,centroid,1,290,Nivalis,Nivalis,"[""Nivalis"", ""Denom"", ""Velorum"", ""Ilias"", ""Ratikon""]","[0.8176312446594238, 0.7326509952545166, 0.5589573383331299, 0.5306127667427063, 0.416251003742218]"
0,centroid,1,291,Nivalis,Nivalis,"[""Nivalis"", ""Velorum"", ""Denom"", ""Ratikon"", ""Steel_Wheel""]","[0.7294538021087646, 0.5754053592681885, 0.3913050889968872, 0.37075087428092957, 0.331566721200943]"
0,centroid,1,292,Nivalis,Nivalis,"[""Nivalis"", ""Ilias"", ""Ratikon"", ""Velorum"", ""Denom""]","[0.9306052923202515, 0.5121833682060242, 0.42761683464050293, 0.40923798084259033, 0.4035508334636688]"
0,centroid,1,293,Nivalis,Denom,"[""Denom"", ""Ilias"", ""Nivalis"", ""Ratikon"", ""Xtreme""]","[0.6931240558624268, 0.5257362723350525, 0.4878833293914795, 0.43163150548934937, 0.2801820635795593]"
0,centroid,1,294,Nivalis,Nivalis,"[""Nivalis"", ""Denom"", ""Ratikon"", ""Velorum"", ""Ilias""]","[0.86760413646698, 0.4506964087486267, 0.42343705892562866, 0.3414211869239807, 0.3169536292552948]"
0,centroid,1,295,Nivalis,Nivalis,"[""Nivalis"", ""Denom"", ""Ratikon"", ""Ilias"", ""Velorum""]","[0.885936439037323, 0.6817058324813843, 0.526053786277771, 0.3936011791229248, 0.39263832569122314]"
0,centroid,1,296,Ratikon,Ratikon,"[""Ratikon"", ""Ilias"", ""Nivalis"", ""Denom"", ""Vega""]","[0.8970596790313721, 0.6252164840698242, 0.6190191507339478, 0.5466828942298889, 0.039875783026218414]"
0,centroid,1,297,Ratikon,Ratikon,"[""Ratikon"", ""Ilias"", ""Denom"", ""Nivalis"", ""Alaris""]","[0.8496267795562744, 0.392509788274765, 0.32169967889785767, 0.3093802034854889, 0.11394811421632767]"
0,centroid,1,298,Ratikon,Ilias,"[""Ilias"", ""Ratikon"", ""Denom"", ""Nivalis"", ""Velorum""]","[0.8348047733306885, 0.7733588814735413, 0.6623822450637817, 0.6404804587364197, 0.2951401174068451]"
0,centroid,1,299,Ratikon,Ratikon,"[""Ratikon"", ""Ilias"", ""Denom"", ""Nivalis"", ""Velorum""]","[0.8675482869148254, 0.7783893346786499, 0.5934222936630249, 0.5044424533843994, 0.3678961992263794]"
0,centroid,1,300,Ratikon,Ratikon,"[""Ratikon"", ""Denom"", ""Ilias"", ""Nivalis"", ""Velorum""]","[0.8952410817146301, 0.7964232563972473, 0.6105152368545532, 0.5740362405776978, 0.044889479875564575]"
0,centroid,1,301,Ratikon,Ratikon,"[""Ratikon"", ""Ilias"", ""Denom"", ""Nivalis"", ""Triton""]","[0.8485347032546997, 0.5910524129867554, 0.46484535932540894, 0.2815483808517456, 0.05814576894044876]"
0,centroid,1,302,Ratikon,Ratikon,"[""Ratikon"", ""Nivalis"", ""Denom"", ""Ilias"", ""Steel_Wheel""]","[0.771156370639801, 0.38918614387512207, 0.38611552119255066, 0.3858512043952942, 0.3386918902397156]"
0,centroid,1,303,Ratikon,Ratikon,"[""Ratikon"", ""Nivalis"", ""Denom"", ""Ilias"", ""Steel_Wheel""]","[0.9249946475028992, 0.612457811832428, 0.610662579536438, 0.5293276906013489, 0.13707327842712402]"
0,centroid,1,304,Ratikon,Ratikon,"[""Ratikon"", ""Ilias"", ""Denom"", ""Nivalis"", ""Velorum""]","[0.8636808395385742, 0.7338283061981201, 0.6630176901817322, 0.4774782657623291, 0.41421234607696533]"
0,centroid,1,305,Ratikon,Ratikon,"[""Ratikon"", ""Ilias"", ""Denom"", ""Nivalis"", ""Steel_Wheel""]","[0.8385828733444214, 0.5682159066200256, 0.466994047164917, 0.4565401077270508, 0.042643334716558456]"
0,centroid,1,306,Ratikon,Ratikon,"[""Ratikon"", ""Denom"", ""Ilias"", ""Nivalis"", ""Triton""]","[0.7886270880699158, 0.5167921781539917, 0.4512075185775757, 0.3014953136444092, 0.16410036385059357]"
0,centroid,1,307,Ratikon,Ratikon,"[""Ratikon"", ""Nivalis"", ""Denom"", ""Ilias"", ""Velorum""]","[0.8244463205337524, 0.7718137502670288, 0.6454514265060425, 0.5091433525085449, 0.38878393173217773]"
0,centroid,1,308,Ratikon,Ratikon,"[""Ratikon"", ""Nivalis"", ""Denom"", ""Ilias"", ""Velorum""]","[0.8129818439483643, 0.7642816305160522, 0.5290089249610901, 0.4820325970649719, 0.33369290828704834]"
0,centroid,1,309,Ratikon,Ratikon,"[""Ratikon"", ""Ilias"", ""Denom"", ""Nivalis"", ""Triton""]","[0.8940221071243286, 0.6743108034133911, 0.4810101091861725, 0.39828845858573914, 0.08283165097236633]"
0,centroid,1,310,Ratikon,Ratikon,"[""Ratikon"", ""Denom"", ""Nivalis"", ""Ilias"", ""Steel_Wheel""]","[0.9370255470275879, 0.6509668827056885, 0.5258921384811401, 0.4658966064453125, 0.028192108497023582]"
0,centroid,1,311,Ratikon,Ilias,"[""Ilias"", ""Ratikon"", ""Nivalis"", ""Denom"", ""Velorum""]","[0.8063268065452576, 0.7784011960029602, 0.6403950452804565, 0.5997084379196167, 0.43607375025749207]"
0,centroid,1,312,Ratikon,Ratikon,"[""Ratikon"", ""Ilias"", ""Denom"", ""Nivalis"", ""Velorum""]","[0.8514841794967651, 0.7575913071632385, 0.7441647052764893, 0.4894081950187683, 0.10539871454238892]"
0,centroid,1,313,Ratikon,Ratikon,"[""Ratikon"", ""Ilias"", ""Nivalis"", ""Denom"", ""Velorum""]","[0.797444224357605, 0.6472941040992737, 0.4885597229003906, 0.46909165382385254, 0.4012758731842041]"
0,centroid,1,314,Ratikon,Ratikon,"[""Ratikon"", ""Ilias"", ""Nivalis"", ""Denom"", ""Velorum""]","[0.8210233449935913, 0.630612850189209, 0.4810774326324463, 0.4345002770423889, 0.060785338282585144]"
0,centroid,1,315,Ratikon,Ratikon,"[""Ratikon"", ""Ilias"", ""Denom"", ""Nivalis"", ""Velorum""]","[0.7759991884231567, 0.6240885853767395, 0.5511701107025146, 0.34774792194366455, 0.041449420154094696]"
0,centroid,1,316,Ratikon,Ratikon,"[""Ratikon"", ""Ilias"", ""Denom"", ""Nivalis"", ""Vega""]","[0.8737786412239075, 0.4723358750343323, 0.426287442445755, 0.4168262779712677, 0.23336347937583923]"
0,centroid,1,317,Ratikon,Ratikon,"[""Ratikon"", ""Ilias"", ""Nivalis"", ""Denom"", ""Velorum""]","[0.8961467742919922, 0.7848342657089233, 0.5940113067626953, 0.5931822061538696, 0.14700374007225037]"
0,centroid,1,318,Ratikon,Ratikon,"[""Ratikon"", ""Denom"", ""Ilias"", ""Nivalis"", ""Steel_Wheel""]","[0.8949035406112671, 0.6770389080047607, 0.6245731115341187, 0.4836052656173706, 0.07044190168380737]"
0,centroid,1,319,Ratikon,Ratikon,"[""Ratikon"", ""Denom"", ""Ilias"", ""Nivalis"", ""Velorum""]","[0.8759193420410156, 0.8374049663543701, 0.7181892395019531, 0.7001883387565613, 0.24612417817115784]"
0,centroid,1,320,Ratikon,Ratikon,"[""Ratikon"", ""Denom"", ""Ilias"", ""Nivalis"", ""Velorum""]","[0.8788368701934814, 0.7917237281799316, 0.7468770742416382, 0.5232669115066528, 0.20355749130249023]"
0,centroid,1,321,Ratikon,Ratikon,"[""Ratikon"", ""Ilias"", ""Denom"", ""Nivalis"", ""Vega""]","[0.8658789992332458, 0.5621389746665955, 0.5304896831512451, 0.4502728581428528, 0.13105440139770508]"
0,centroid,1,322,Ratikon,Ratikon,"[""Ratikon"", ""Denom"", ""Ilias"", ""Nivalis"", ""Velorum""]","[0.829058051109314, 0.7327808141708374, 0.6457660794258118, 0.5791884064674377, 0.4928436875343323]"
0,centroid,1,323,Ratikon,Ratikon,"[""Ratikon"", ""Denom"", ""Ilias"", ""Nivalis"", ""Steel_Wheel""]","[0.8684508204460144, 0.6806731820106506, 0.47031673789024353, 0.3722204267978668, 0.0152995390817523]"
0,centroid,1,324,Steel_Wheel,Steel_Wheel,"[""Steel_Wheel"", ""Nivalis"", ""Mytikas"", ""Xtreme"", ""Gemini""]","[0.9379204511642456, 0.13284076750278473, 0.13259470462799072, 0.11325857043266296, 0.09133465588092804]"
0,centroid,1,325,Steel_Wheel,Steel_Wheel,"[""Steel_Wheel"", ""Xtreme"", ""Mytikas"", ""Gemini"", ""Nivalis""]","[0.9688290953636169, 0.16956423223018646, 0.10622571408748627, 0.0865953266620636, 0.05961155891418457]"
0,centroid,1,326,Steel_Wheel,Steel_Wheel,"[""Steel_Wheel"", ""Mytikas"", ""Nivalis"", ""Xtreme"", ""Castor""]","[0.9521758556365967, 0.2544909715652466, 0.11761855334043503, 0.10149002075195312, 0.0868566483259201]"
0,centroid,1,327,Steel_Wheel,Steel_Wheel,"[""Steel_Wheel"", ""Nivalis"", ""Velorum"", ""Xtreme"", ""Castor""]","[0.8534002304077148, 0.27299532294273376, 0.2215462327003479, 0.200346440076828, 0.07291842997074127]"
0,centroid,1,328,Steel_Wheel,Steel_Wheel,"[""Steel_Wheel"", ""Velorum"", ""Nivalis"", ""Alcatras"", ""Xtreme""]","[0.9577791690826416, 0.1374446153640747, 0.1150706335902214, 0.11082564294338226, 0.07855380326509476]"
0,centroid,1,329,Steel_Wheel,Steel_Wheel,"[""Steel_Wheel"", ""Gemini"", ""Xtreme"", ""Mytikas"", ""Nivalis""]","[0.9453220367431641, 0.1814170628786087, 0.16959653794765472, 0.15453194081783295, 0.13221877813339233]"
0,centroid,1,330,Steel_Wheel,Steel_Wheel,"[""Steel_Wheel"", ""Nivalis"", ""Xtreme"", ""Gemini"", ""Denom""]","[0.9214820861816406, 0.2568577527999878, 0.15580478310585022, 0.08771805465221405, 0.04205833375453949]"
0,centroid,1,331,Steel_Wheel,Steel_Wheel,"[""Steel_Wheel"", ""Xtreme"", ""Gemini"", ""Mytikas"", ""Nivalis""]","[0.9737018346786499, 0.19158121943473816, 0.14555895328521729, 0.10086491703987122, 0.04463258013129234]"
0,centroid,1,332,Steel_Wheel,Steel_Wheel,"[""Steel_Wheel"", ""Mytikas"", ""Gemini"", ""Xtreme"", ""Trius""]","[0.9470665454864502, 0.1798536479473114, 0.10541088134050369, 0.062373675405979156, 0.057879380881786346]"
0,centroid,1,333,Steel_Wheel,Steel_Wheel,"[""Steel_Wheel"", ""Xtreme"", ""Gemini"", ""Mytikas"", ""Nivalis""]","[0.9652747511863708, 0.1734173744916916, 0.1513138711452484, 0.09181524813175201, 0.07856158912181854]"
0,centroid,1,334,Steel_Wheel,Steel_Wheel,"[""Steel_Wheel"", ""Castor"", ""Mytikas"", ""Xtreme"", ""Nivalis""]","[0.9544253349304199, 0.12372053414583206, 0.10462689399719238, 0.07278309017419815, 0.028915099799633026]"
0,centroid,1,335,Steel_Wheel,Steel_Wheel,"[""Steel_Wheel"", ""Mytikas"", ""Velorum"", ""Xtreme"", ""Nivalis""]","[0.9489532113075256, 0.24162226915359497, 0.18296721577644348, 0.175467848777771, 0.15573647618293762]"
0,centroid,1,336,Steel_Wheel,Steel_Wheel,"[""Steel_Wheel"", ""Xtreme"", ""Nivalis"", ""Mytikas"", ""Gemini""]","[0.9659602046012878, 0.17316563427448273, 0.14559748768806458, 0.14469045400619507, 0.13977384567260742]"
0,centroid,1,337,Steel_Wheel,Steel_Wheel,"[""Steel_Wheel"", ""Mytikas"", ""Nivalis"", ""Turbine"", ""Castor""]","[0.9065425395965576, 0.1440703123807907, 0.12702903151512146, 0.10913137346506119, 0.07952708005905151]"
0,centroid,1,338,Steel_Wheel,Steel_Wheel,"[""Steel_Wheel"", ""Nivalis"", ""Xtreme"", ""Gemini"", ""Velorum""]","[0.9731588363647461, 0.23999202251434326, 0.16906899213790894, 0.09520687162876129, 0.09360948204994202]"
0,centroid,1,339,Steel_Wheel,Steel_Wheel,"[""Steel_Wheel"", ""Xtreme"", ""Mytikas"", ""Nivalis"", ""Velorum""]","[0.9775647521018982, 0.19676677882671356, 0.19119247794151306, 0.1549094021320343, 0.07382760941982269]"
0,centroid,1,340,Steel_Wheel,Steel_Wheel,"[""Steel_Wheel"", ""Nivalis"", ""Xtreme"", ""Mytikas"", ""Velorum""]","[0.9659717082977295, 0.16659721732139587, 0.15840011835098267, 0.14607277512550354, 0.06760456413030624]"
0,centroid,1,341,Steel_Wheel,Steel_Wheel,"[""Steel_Wheel"", ""Xtreme"", ""Nivalis"", ""Mytikas"", ""Castor""]","[0.9266222715377808, 0.1755165457725525, 0.16274505853652954, 0.11107991635799408, 0.060209546238183975]"
0,centroid,1,342,Steel_Wheel,Steel_Wheel,"[""Steel_Wheel"", ""Nivalis"", ""Mytikas"", ""Turbine"", ""Xtreme""]","[0.9261817932128906, 0.10218532383441925, 0.10199280083179474, 0.07174567878246307, 0.060610782355070114]"
0,centroid,1,343,Steel_Wheel,Steel_Wheel,"[""Steel_Wheel"", ""Mytikas"", ""Xtreme"", ""Nivalis"", ""Gemini""]","[0.9547395706176758, 0.2376384437084198, 0.18921604752540588, 0.1191435158252716, 0.08545204997062683]"
0,centroid,1,344,Steel_Wheel,Steel_Wheel,"[""Steel_Wheel"", ""Velorum"", ""Xtreme"", ""Alcatras"", ""Mytikas""]","[0.9476611614227295, 0.09982531517744064, 0.09922289848327637, 0.06884914636611938, 0.051114559173583984]"
0,centroid,1,345,Steel_Wheel,Steel_Wheel,"[""Steel_Wheel"", ""Mytikas"", ""Castor"", ""Alcatras"", ""Xtreme""]","[0.9630528688430786, 0.18174447119235992, 0.1419348269701004, 0.10893169045448303, 0.09815556555986404]"
0,centroid,1,346,Steel_Wheel,Steel_Wheel,"[""Steel_Wheel"", ""Xtreme"", ""Velorum"", ""Nivalis"", ""Ilias""]","[0.9363638162612915, 0.1727871149778366, 0.11325408518314362, 0.09012487530708313, 0.08542938530445099]"
0,centroid,1,347,Steel_Wheel,Steel_Wheel,"[""Steel_Wheel"", ""Mytikas"", ""Xtreme"", ""Nivalis"", ""Gemini""]","[0.9476485252380371, 0.16898928582668304, 0.10566423088312149, 0.09436091780662537, 0.019135084003210068]"
0,centroid,1,348,Steel_Wheel,Steel_Wheel,"[""Steel_Wheel"", ""Mytikas"", ""Nivalis"", ""Castor"", ""Trius""]","[0.949009895324707, 0.21991528570652008, 0.11579395830631256, 0.08884860575199127, 0.07512310892343521]"
0,centroid,1,349,Steel_Wheel,Steel_Wheel,"[""Steel_Wheel"", ""Castor"", ""Xtreme"", ""Mytikas"", ""Turbine""]","[0.9359819889068604, 0.19656050205230713, 0.10402872413396835, 0.07549266517162323, 0.060914307832717896]"
0,centroid,1,350,Steel_Wheel,Steel_Wheel,"[""Steel_Wheel"", ""Mytikas"", ""Nivalis"", ""Trius"", ""Castor""]","[0.9397326707839966, 0.251472532749176, 0.18385465443134308, 0.0585646778345108, 0.05633925274014473]"
0,centroid,1,351,Steel_Wheel,Steel_Wheel,"[""Steel_Wheel"", ""Ratikon"", ""Nivalis"", ""Ilias"", ""Denom""]","[0.9466788172721863, 0.1479823887348175, 0.10407224297523499, 0.07610014826059341, 0.03947371244430542]"
0,centroid,1,352,Steel_Wheel,Steel_Wheel,"[""Steel_Wheel"", ""Mytikas"", ""Xtreme"", ""Nivalis"", ""Gemini""]","[0.9617424011230469, 0.13326901197433472, 0.12381508201360703, 0.09318520873785019, 0.08197465538978577]"
0,centroid,1,353,Steel_Wheel,Steel_Wheel,"[""Steel_Wheel"", ""Gemini"", ""Xtreme"", ""Nivalis"", ""Ilias""]","[0.9163080453872681, 0.3184223771095276, 0.25213709473609924, 0.07857855409383774, 0.0529603473842144]"
0,centroid,1,354,Steel_Wheel,Steel_Wheel,"[""Steel_Wheel"", ""Mytikas"", ""Xtreme"", ""Gemini"", ""Nivalis""]","[0.9621713161468506, 0.21593663096427917, 0.1517724096775055, 0.1500730812549591, 0.0857338234782219]"
0,centroid,1,355,Steel_Wheel,Steel_Wheel,"[""Steel_Wheel"", ""Ratikon"", ""Nivalis"", ""Mytikas"", ""Denom""]","[0.9063004851341248, 0.20594963431358337, 0.2027849406003952, 0.1813907027244568, 0.16520613431930542]"
0,centroid,1,356,Steel_Wheel,Steel_Wheel,"[""Steel_Wheel"", ""Nivalis"", ""Denom"", ""Xtreme"", ""Velorum""]","[0.9666558504104614, 0.12774822115898132, 0.09246774017810822, 0.046200238168239594, 0.04603235051035881]"
0,centroid,1,357,Steel_Wheel,Steel_Wheel,"[""Steel_Wheel"", ""Mytikas"", ""Nivalis"", ""Xtreme"", ""Hawk""]","[0.9528325200080872, 0.16144298017024994, 0.149563729763031, 0.1070815920829773, 0.01529526337981224]"
0,centroid,1,358,Steel_Wheel,Steel_Wheel,"[""Steel_Wheel"", ""Nivalis"", ""Xtreme"", ""Ratikon"", ""Mytikas""]","[0.9760880470275879, 0.08988604694604874, 0.06366043537855148, 0.048535991460084915, 0.04112425446510315]"
0,centroid,1,359,Steel_Wheel,Steel_Wheel,"[""Steel_Wheel"", ""Xtreme"", ""Gemini"", ""Braga"", ""Castor""]","[0.8466227054595947, 0.31520676612854004, 0.1908721625804901, 0.10714280605316162, 0.043079741299152374]"
0,centroid,1,360,Triton,Triton,"[""Triton"", ""Trius"", ""Braga"", ""Mytikas"", ""Alcatras""]","[0.8454607725143433, 0.5903441905975342, 0.4936562180519104, 0.45841139554977417, 0.30302608013153076]"
0,centroid,1,361,Triton,Mytikas,"[""Mytikas"", ""Triton"", ""Castor"", ""Trius"", ""Alcatras""]","[0.8290139436721802, 0.8037567138671875, 0.6471855640411377, 0.6357314586639404, 0.555294394493103]"
0,centroid,1,362,Triton,Triton,"[""Triton"", ""Mytikas"", ""Trius"", ""Braga"", ""Castor""]","[0.9332453012466431, 0.7358834743499756, 0.5577787756919861, 0.3986186981201172, 0.34598785638809204]"
0,centroid,1,363,Triton,Triton,"[""Triton"", ""Trius"", ""Mytikas"", ""Castor"", ""Braga""]","[0.8385754823684692, 0.5866324305534363, 0.56571364402771, 0.3623606860637665, 0.3165406584739685]"
0,centroid,1,364,Triton,Braga,"[""Braga"", ""Trius"", ""Mytikas"", ""Triton"", ""Gemini""]","[0.6903495788574219, 0.6511389017105103, 0.53662109375, 0.5176219344139099, 0.43081939220428467]"
0,centroid,1,365,Triton,Trius,"[""Trius"", ""Triton"", ""Castor"", ""Braga"", ""Mytikas""]","[0.786600649356842, 0.7254499197006226, 0.6610261797904968, 0.621291995048523, 0.6052025556564331]"
0,centroid,1,366,Triton,Triton,"[""Triton"", ""Trius"", ""Mytikas"", ""Braga"", ""Castor""]","[0.9388204216957092, 0.6468712091445923, 0.6446962952613831, 0.41581329703330994, 0.3146152198314667]"
0,centroid,1,367,Triton,Triton,"[""Triton"", ""Trius"", ""Mytikas"", ""Castor"", ""Braga""]","[0.9332952499389648, 0.6729339957237244, 0.593063235282898, 0.4691595435142517, 0.46761345863342285]"
0,centroid,1,368,Triton,Triton,"[""Triton"", ""Mytikas"", ""Trius"", ""Braga"", ""Castor""]","[0.794608473777771, 0.6360908150672913, 0.5061221122741699, 0.48560646176338196, 0.4528636932373047]"
0,centroid,1,369,Triton,Triton,"[""Triton"", ""Trius"", ""Mytikas"", ""Braga"", ""Ilias""]","[0.8745927810668945, 0.8113905191421509, 0.5985846519470215, 0.47095203399658203, 0.24744588136672974]"
0,centroid,1,370,Triton,Triton,"[""Triton"", ""Trius"", ""Mytikas"", ""Braga"", ""Castor""]","[0.8804113864898682, 0.6995091438293457, 0.555293083190918, 0.4871264100074768, 0.4720945358276367]"
0,centroid,1,371,Triton,Triton,"[""Triton"", ""Trius"", ""Mytikas"", ""Braga"", ""Ilias""]","[0.8168632984161377, 0.566374659538269, 0.4539300203323364, 0.377627968788147, 0.3510481119155884]"
0,centroid,1,372,Triton,Triton,"[""Triton"", ""Trius"", ""Braga"", ""Mytikas"", ""Xtreme""]","[0.6416360139846802, 0.6347965002059937, 0.47743040323257446, 0.4414029121398926, 0.4071497917175293]"
0,centroid,1,373,Triton,Triton,"[""Triton"", ""Mytikas"", ""Trius"", ""Braga"", ""Ilias""]","[0.8992244005203247, 0.6196328401565552, 0.5892462730407715, 0.3482288718223572, 0.3161613643169403]"
0,centroid,1,374,Triton,Triton,"[""Triton"", ""Trius"", ""Mytikas"", ""Castor"", ""Alcatras""]","[0.7565290331840515, 0.6911560297012329, 0.6560685038566589, 0.4654861092567444, 0.38576844334602356]"
0,centroid,1,375,Triton,Triton,"[""Triton"", ""Trius"", ""Mytikas"", ""Ilias"", ""Castor""]","[0.8276399374008179, 0.5844502449035645, 0.5742077231407166, 0.39060530066490173, 0.28084278106689453]"
0,centroid,1,376,Triton,Triton,"[""Triton"", ""Mytikas"", ""Trius"", ""Ilias"", ""Braga""]","[0.8513213396072388, 0.5123603343963623, 0.40721988677978516, 0.3716297745704651, 0.2998032569885254]"
0,centroid,1,377,Triton,Triton,"[""Triton"", ""Mytikas"", ""Trius"", ""Castor"", ""Alcatras""]","[0.7261660099029541, 0.6710867285728455, 0.6534971594810486, 0.6382317543029785, 0.5787909030914307]"
0,centroid,1,378,Triton,Triton,"[""Triton"", ""Trius"", ""Mytikas"", ""Castor"", ""Braga""]","[0.8789703845977783, 0.5856826305389404, 0.4852455258369446, 0.33391690254211426, 0.3269193172454834]"
0,centroid,1,379,Triton,Triton,"[""Triton"", ""Mytikas"", ""Trius"", ""Braga"", ""Castor""]","[0.9152466058731079, 0.735358476638794, 0.62134850025177, 0.592755913734436, 0.5291604995727539]"
0,centroid,1,380,Triton,Triton,"[""Triton"", ""Trius"", ""Mytikas"", ""Braga"", ""Gemini""]","[0.8756344318389893, 0.7765986323356628, 0.6093635559082031, 0.48910337686538696, 0.3117258548736572]"
0,centroid,1,381,Triton,Triton,"[""Triton"", ""Mytikas"", ""Braga"", ""Castor"", ""Trius""]","[0.9032567143440247, 0.6505245566368103, 0.5318177938461304, 0.5273232460021973, 0.4989459216594696]"
0,centroid,1,382,Triton,Triton,"[""Triton"", ""Ilias"", ""Velorum"", ""Mytikas"", ""Trius""]","[0.7315248250961304, 0.5370668172836304, 0.4956043064594269, 0.4309178590774536, 0.4226484000682831]"
0,centroid,1,383,Triton,Triton,"[""Triton"", ""Mytikas"", ""Trius"", ""Braga"", ""Alcatras""]","[0.9061164855957031, 0.7255074977874756, 0.6882404088973999, 0.40770581364631653, 0.3363766670227051]"
0,centroid,1,384,Triton,Triton,"[""Triton"", ""Mytikas"", ""Ilias"", ""Trius"", ""Castor""]","[0.7294052839279175, 0.4679468274116516, 0.3298403024673462, 0.1960759460926056, 0.14538803696632385]"
0,centroid,1,385,Triton,Ilias,"[""Ilias"", ""Alaris"", ""Mytikas"", ""Velorum"", ""Alcatras""]","[0.5122228860855103, 0.4648429751396179, 0.3211197853088379, 0.3044913411140442, 0.29974764585494995]"
0,centroid,1,386,Triton,Triton,"[""Triton"", ""Mytikas"", ""Trius"", ""Velorum"", ""Braga""]","[0.8119533061981201, 0.577914834022522, 0.455424964427948, 0.42931342124938965, 0.4103037714958191]"
0,centroid,1,387,Triton,Triton,"[""Triton"", ""Trius"", ""Mytikas"", ""Braga"", ""Ilias""]","[0.8551843166351318, 0.6251458525657654, 0.4774036407470703, 0.3476509153842926, 0.28625965118408203]"
0,centroid,1,388,Triton,Triton,"[""Triton"", ""Trius"", ""Mytikas"", ""Castor"", ""Braga""]","[0.8473676443099976, 0.6637822985649109, 0.5031261444091797, 0.49786293506622314, 0.3103487491607666]"
0,centroid,1,389,Triton,Triton,"[""Triton"", ""Mytikas"", ""Trius"", ""Castor"", ""Braga""]","[0.89694744348526, 0.7305220365524292, 0.7091003656387329, 0.5528131723403931, 0.4629412591457367]"
0,centroid,1,390,Triton,Triton,"[""Triton"", ""Mytikas"", ""Castor"", ""Braga"", ""Trius""]","[0.8811092376708984, 0.731002688407898, 0.6465268135070801, 0.47833871841430664, 0.4701063930988312]"
0,centroid,1,391,Triton,Triton,"[""Triton"", ""Trius"", ""Mytikas"", ""Ilias"", ""Castor""]","[0.8968193531036377, 0.6269867420196533, 0.5893634557723999, 0.4226122796535492, 0.26841363310813904]"
0,centroid,1,392,Triton,Triton,"[""Triton"", ""Mytikas"", ""Trius"", ""Castor"", ""Braga""]","[0.9130187034606934, 0.7688972353935242, 0.6597639322280884, 0.5206968784332275, 0.5203425884246826]"
0,centroid,1,393,Triton,Triton,"[""Triton"", ""Trius"", ""Mytikas"", ""Ilias"", ""Velorum""]","[0.7703903913497925, 0.6868785619735718, 0.5535359382629395, 0.5385823845863342, 0.40780484676361084]"
0,centroid,1,394,Triton,Triton,"[""Triton"", ""Mytikas"", ""Trius"", ""Castor"", ""Braga""]","[0.8835145831108093, 0.6605064272880554, 0.5528125762939453, 0.507879376411438, 0.3323145806789398]"
0,centroid,1,395,Triton,Triton,"[""Triton"", ""Mytikas"", ""Castor"", ""Trius"", ""Braga""]","[0.8522295951843262, 0.5743598341941833, 0.40614354610443115, 0.40349841117858887, 0.4011141359806061]"
0,centroid,1,396,Triton,Triton,"[""Triton"", ""Trius"", ""Mytikas"", ""Velorum"", ""Ilias""]","[0.6959230899810791, 0.6409928798675537, 0.5990385413169861, 0.5591714382171631, 0.3999246656894684]"
0,centroid,1,397,Triton,Triton,"[""Triton"", ""Trius"", ""Mytikas"", ""Castor"", ""Ilias""]","[0.8854108452796936, 0.6905443668365479, 0.6544927358627319, 0.41303038597106934, 0.28831079602241516]"
0,centroid,1,398,Triton,Triton,"[""Triton"", ""Mytikas"", ""Trius"", ""Ilias"", ""Alcatras""]","[0.7153414487838745, 0.5855669975280762, 0.47883477807044983, 0.3974997401237488, 0.3230708837509155]"
0,centroid,1,399,Triton,Triton,"[""Triton"", ""Castor"", ""Braga"", ""Mytikas"", ""Trius""]","[0.8517114520072937, 0.6797334551811218, 0.6472185850143433, 0.6084010601043701, 0.5514717102050781]"
0,centroid,1,400,Triton,Triton,"[""Triton"", ""Mytikas"", ""Braga"", ""Trius"", ""Castor""]","[0.8656684756278992, 0.6628752946853638, 0.6507127285003662, 0.5879822969436646, 0.5029013156890869]"
0,centroid,1,401,Triton,Triton,"[""Triton"", ""Castor"", ""Mytikas"", ""Trius"", ""Braga""]","[0.9039334058761597, 0.5912173986434937, 0.588800311088562, 0.560391902923584, 0.47259604930877686]"
0,centroid,1,402,Triton,Triton,"[""Triton"", ""Trius"", ""Mytikas"", ""Ilias"", ""Alaris""]","[0.8288795948028564, 0.5596779584884644, 0.49122175574302673, 0.3651362359523773, 0.22831282019615173]"
0,centroid,1,403,Triton,Trius,"[""Trius"", ""Triton"", ""Vega"", ""Mytikas"", ""Ilias""]","[0.5583739280700684, 0.5432001352310181, 0.43099236488342285, 0.4230216145515442, 0.3869682550430298]"
0,centroid,1,404,Triton,Triton,"[""Triton"", ""Trius"", ""Mytikas"", ""Ilias"", ""Ratikon""]","[0.7828655242919922, 0.5590837597846985, 0.3823748826980591, 0.31788069009780884, 0.2602085471153259]"
0,centroid,1,405,Triton,Triton,"[""Triton"", ""Ilias"", ""Trius"", ""Ratikon"", ""Denom""]","[0.6789079308509827, 0.4825843870639801, 0.4752911925315857, 0.40357720851898193, 0.34916141629219055]"
0,centroid,1,406,Triton,Triton,"[""Triton"", ""Trius"", ""Mytikas"", ""Castor"", ""Braga""]","[0.9407604932785034, 0.6208440065383911, 0.6007028818130493, 0.42708519101142883, 0.2935311198234558]"
0,centroid,1,407,Triton,Triton,"[""Triton"", ""Mytikas"", ""Trius"", ""Braga"", ""Alcatras""]","[0.8997790813446045, 0.6977248191833496, 0.6574441194534302, 0.5325812101364136, 0.29408490657806396]"
0,centroid,1,408,Triton,Triton,"[""Triton"", ""Mytikas"", ""Trius"", ""Braga"", ""Castor""]","[0.8282465934753418, 0.6710512638092041, 0.6188434362411499, 0.5900513529777527, 0.5753596425056458]"
0,centroid,1,409,Triton,Triton,"[""Triton"", ""Mytikas"", ""Trius"", ""Braga"", ""Castor""]","[0.8372362852096558, 0.5739102363586426, 0.5263397693634033, 0.5212576389312744, 0.2384558469057083]"
0,centroid,1,410,Triton,Triton,"[""Triton"", ""Mytikas"", ""Castor"", ""Braga"", ""Trius""]","[0.8396663665771484, 0.7628213167190552, 0.5301252603530884, 0.512426495552063, 0.45239943265914917]"
0,centroid,1,411,Triton,Triton,"[""Triton"", ""Trius"", ""Mytikas"", ""Braga"", ""Ilias""]","[0.8588852882385254, 0.6879045963287354, 0.42676472663879395, 0.32350945472717285, 0.3146727681159973]"
0,centroid,1,412,Triton,Triton,"[""Triton"", ""Mytikas"", ""Trius"", ""Braga"", ""Velorum""]","[0.7190783619880676, 0.7174923419952393, 0.6614239811897278, 0.4423287510871887, 0.41217750310897827]"
0,centroid,1,413,Triton,Triton,"[""Triton"", ""Mytikas"", ""Trius"", ""Castor"", ""Braga""]","[0.8902286887168884, 0.578215479850769, 0.49242979288101196, 0.48040103912353516, 0.3553914427757263]"
0,centroid,1,414,Trius,Alaris,"[""Alaris"", ""Alcatras"", ""Trius"", ""Braga"", ""Triton""]","[0.6291330456733704, 0.627099871635437, 0.5264889001846313, 0.2695538401603699, 0.2634684443473816]"
0,centroid,1,415,Trius,Trius,"[""Trius"", ""Triton"", ""Braga"", ""Mytikas"", ""Alcatras""]","[0.8944775462150574, 0.6967073082923889, 0.6820718050003052, 0.5640733242034912, 0.4138110280036926]"
0,centroid,1,416,Trius,Trius,"[""Trius"", ""Alaris"", ""Triton"", ""Vega"", ""Alcatras""]","[0.8398974537849426, 0.5885051488876343, 0.3668583035469055, 0.35389700531959534, 0.29479002952575684]"
0,centroid,1,417,Trius,Trius,"[""Trius"", ""Alaris"", ""Castor"", ""Triton"", ""Alcatras""]","[0.5664918422698975, 0.4723738431930542, 0.4688502252101898, 0.4296666979789734, 0.3923100233078003]"
0,centroid,1,418,Trius,Braga,"[""Braga"", ""Trius"", ""Triton"", ""Mytikas"", ""Alcatras""]","[0.824312686920166, 0.7705388069152832, 0.4648027718067169, 0.46305832266807556, 0.4515390992164612]"
0,centroid,1,419,Trius,Trius,"[""Trius"", ""Alaris"", ""Alcatras"", ""Braga"", ""Triton""]","[0.8027896881103516, 0.7019007802009583, 0.45822423696517944, 0.43548333644866943, 0.37171247601509094]"
0,centroid,1,420,Trius,Trius,"[""Trius"", ""Mytikas"", ""Gemini"", ""Alcatras"", ""Vega""]","[0.6173652410507202, 0.43963709473609924, 0.28770309686660767, 0.2589229345321655, 0.25229090452194214]"
0,centroid,1,421,Trius,Trius,"[""Trius"", ""Triton"", ""Mytikas"", ""Braga"", ""Alaris""]","[0.8899571895599365, 0.7203177213668823, 0.5858731865882874, 0.5063961744308472, 0.48875969648361206]"
0,centroid,1,422,Trius,Braga,"[""Braga"", ""Trius"", ""Mytikas"", ""Turbine"", ""Alcatras""]","[0.7990902662277222, 0.7334223389625549, 0.5034708976745605, 0.4692096412181854, 0.46571630239486694]"
0,centroid,1,423,Trius,Trius,"[""Trius"", ""Mytikas"", ""Vega"", ""Triton"", ""Gemini""]","[0.6960163712501526, 0.5700874328613281, 0.5156271457672119, 0.3832129240036011, 0.3815593123435974]"
0,centroid,1,424,Trius,Trius,"[""Trius"", ""Triton"", ""Castor"", ""Braga"", ""Alcatras""]","[0.7231099009513855, 0.49598920345306396, 0.37473466992378235, 0.2837006449699402, 0.28033125400543213]"
0,centroid,1,425,Trius,Trius,"[""Trius"", ""Triton"", ""Mytikas"", ""Braga"", ""Castor""]","[0.8424022197723389, 0.6156007051467896, 0.5262512564659119, 0.518155038356781, 0.4455558955669403]"
0,centroid,1,426,Trius,Trius,"[""Trius"", ""Mytikas"", ""Triton"", ""Braga"", ""Gemini""]","[0.7982798218727112, 0.6293761730194092, 0.5246356725692749, 0.48894578218460083, 0.4100830554962158]"
0,centroid,1,427,Trius,Trius,"[""Trius"", ""Mytikas"", ""Triton"", ""Gemini"", ""Braga""]","[0.841748833656311, 0.7062323093414307, 0.5790939331054688, 0.41419097781181335, 0.3664255142211914]"
0,centroid,1,428,Trius,Trius,"[""Trius"", ""Triton"", ""Mytikas"", ""Gemini"", ""Braga""]","[0.7449498176574707, 0.47462427616119385, 0.47105738520622253, 0.4075295925140381, 0.3117617666721344]"
0,centroid,1,429,Trius,Trius,"[""Trius"", ""Triton"", ""Ilias"", ""Alaris"", ""Mytikas""]","[0.7688092589378357, 0.4770374894142151, 0.39516234397888184, 0.3628113567829132, 0.34587621688842773]"
0,centroid,1,430,Trius,Trius,"[""Trius"", ""Braga"", ""Gemini"", ""Mytikas"", ""Velorum""]","[0.5467793345451355, 0.43169254064559937, 0.4006875455379486, 0.39602458477020264, 0.37823158502578735]"
0,centroid,1,431,Trius,Trius,"[""Trius"", ""Braga"", ""Mytikas"", ""Triton"", ""Alcatras""]","[0.8715978860855103, 0.6573365330696106, 0.6456396579742432, 0.6285884380340576, 0.48186445236206055]"
0,centroid,1,432,Trius,Trius,"[""Trius"", ""Gemini"", ""Mytikas"", ""Triton"", ""Denom""]","[0.7252852916717529, 0.399797260761261, 0.3959638476371765, 0.24589136242866516, 0.18645700812339783]"
0,centroid,1,433,Trius,Trius,"[""Trius"", ""Triton"", ""Mytikas"", ""Braga"", ""Turbine""]","[0.8612617254257202, 0.6586681008338928, 0.5744978189468384, 0.3851606249809265, 0.30374765396118164]"
0,centroid,1,434,Trius,Ilias,"[""Ilias"", ""Triton"", ""Trius"", ""Ratikon"", ""Mytikas""]","[0.6287221908569336, 0.6053886413574219, 0.44111233949661255, 0.43308088183403015, 0.4034856855869293]"
0,centroid,1,435,Trius,Trius,"[""Trius"", ""Braga"", ""Mytikas"", ""Alaris"", ""Triton""]","[0.8020621538162231, 0.6399042010307312, 0.5254303216934204, 0.48200511932373047, 0.47687238454818726]"
0,centroid,1,436,Trius,Trius,"[""Trius"", ""Triton"", ""Alaris"", ""Ilias"", ""Mytikas""]","[0.7188025116920471, 0.5149781703948975, 0.4206845164299011, 0.4077117443084717, 0.37605923414230347]"
0,centroid,1,437,Trius,Trius,"[""Trius"", ""Braga"", ""Triton"", ""Mytikas"", ""Alcatras""]","[0.736458957195282, 0.7355273365974426, 0.5450844764709473, 0.504139244556427, 0.40846845507621765]"
0,centroid,1,438,Trius,Trius,"[""Trius"", ""Braga"", ""Triton"", ""Mytikas"", ""Alcatras""]","[0.797653079032898, 0.6583458781242371, 0.5685044527053833, 0.45645636320114136, 0.4327368140220642]"
0,centroid,1,439,Trius,Trius,"[""Trius"", ""Triton"", ""Braga"", ""Alcatras"", ""Mytikas""]","[0.7765660285949707, 0.6417000889778137, 0.5733789205551147, 0.48135462403297424, 0.43771642446517944]"
0,centroid,1,440,Trius,Trius,"[""Trius"", ""Triton"", ""Gemini"", ""Ilias"", ""Mytikas""]","[0.7638524770736694, 0.548037588596344, 0.4657733142375946, 0.3422447443008423, 0.3230561912059784]"
0,centroid,1,441,Trius,Trius,"[""Trius"", ""Vega"", ""Gemini"", ""Alaris"", ""Alcatras""]","[0.48932093381881714, 0.43639707565307617, 0.34635183215141296, 0.2858334183692932, 0.25492173433303833]"
0,centroid,1,442,Trius,Trius,"[""Trius"", ""Velorum"", ""Alcatras"", ""Alaris"", ""Gemini""]","[0.6710615158081055, 0.32776200771331787, 0.31963732838630676, 0.29971325397491455, 0.2728385329246521]"
0,centroid,1,443,Trius,Trius,"[""Trius"", ""Alcatras"", ""Velorum"", ""Alaris"", ""Mytikas""]","[0.5800524950027466, 0.3657660186290741, 0.3562147915363312, 0.282005250453949, 0.20505169034004211]"
0,centroid,1,444,Trius,Trius,"[""Trius"", ""Alaris"", ""Alcatras"", ""Velorum"", ""Braga""]","[0.6442104578018188, 0.48849987983703613, 0.4491693377494812, 0.4071272611618042, 0.35018691420555115]"
0,centroid,1,445,Trius,Mytikas,"[""Mytikas"", ""Trius"", ""Gemini"", ""Triton"", ""Vega""]","[0.6658546924591064, 0.6463216543197632, 0.43179866671562195, 0.41536593437194824, 0.2866932451725006]"
0,centroid,1,446,Trius,Gemini,"[""Gemini"", ""Trius"", ""Turbine"", ""Vega"", ""Hawk""]","[0.523516058921814, 0.4637310802936554, 0.35256168246269226, 0.2651413679122925, 0.2513483464717865]"
0,centroid,1,447,Trius,Trius,"[""Trius"", ""Gemini"", ""Alaris"", ""Braga"", ""Hawk""]","[0.6802110075950623, 0.5392438769340515, 0.5333359241485596, 0.49831223487854004, 0.34119272232055664]"
0,centroid,1,448,Trius,Trius,"[""Trius"", ""Braga"", ""Mytikas"", ""Triton"", ""Alcatras""]","[0.7369659543037415, 0.6508322954177856, 0.5318843126296997, 0.5245389938354492, 0.4359229803085327]"
0,centroid,1,449,Trius,Trius,"[""Trius"", ""Braga"", ""Mytikas"", ""Alaris"", ""Alcatras""]","[0.7050578594207764, 0.6903349757194519, 0.5699412226676941, 0.5251451730728149, 0.519151508808136]"
0,centroid,1,450,Trius,Trius,"[""Trius"", ""Triton"", ""Mytikas"", ""Alaris"", ""Gemini""]","[0.7911741137504578, 0.49989455938339233, 0.4902649223804474, 0.40271615982055664, 0.39324134588241577]"
0,centroid,1,451,Trius,Trius,"[""Trius"", ""Gemini"", ""Braga"", ""Triton"", ""Ilias""]","[0.7751251459121704, 0.46638065576553345, 0.46252328157424927, 0.41686877608299255, 0.2746422588825226]"
0,centroid,1,452,Trius,Trius,"[""Trius"", ""Triton"", ""Alaris"", ""Mytikas"", ""Braga""]","[0.8063259124755859, 0.5860257148742676, 0.43889620900154114, 0.43541011214256287, 0.3562461733818054]"
0,centroid,1,453,Trius,Trius,"[""Trius"", ""Mytikas"", ""Triton"", ""Gemini"", ""Vega""]","[0.5550743341445923, 0.5321307182312012, 0.45585426688194275, 0.4473491311073303, 0.35202109813690186]"
0,centroid,1,454,Trius,Trius,"[""Trius"", ""Steel_Wheel"", ""Alaris"", ""Mytikas"", ""Gemini""]","[0.5397118330001831, 0.3494317829608917, 0.25236210227012634, 0.24797792732715607, 0.20160333812236786]"
0,centroid,1,455,Turbine,Castor,"[""Castor"", ""Alcatras"", ""Braga"", ""Turbine"", ""Trius""]","[0.7063710689544678, 0.7019212245941162, 0.6223248243331909, 0.4887469410896301, 0.4576241075992584]"
0,centroid,1,456,Turbine,Turbine,"[""Turbine"", ""Castor"", ""Mytikas"", ""Braga"", ""Hawk""]","[0.8621969223022461, 0.5874860286712646, 0.4250548183917999, 0.39184683561325073, 0.3509998321533203]"
0,centroid,1,457,Turbine,Turbine,"[""Turbine"", ""Alaris"", ""Vega"", ""Hawk"", ""Trius""]","[0.775981068611145, 0.4021449685096741, 0.3831441402435303, 0.3599811792373657, 0.19269448518753052]"
0,centroid,1,458,Turbine,Turbine,"[""Turbine"", ""Alaris"", ""Castor"", ""Trius"", ""Alcatras""]","[0.8822629451751709, 0.47049301862716675, 0.4411541223526001, 0.43942058086395264, 0.4322349429130554]"
0,centroid,1,459,Turbine,Turbine,"[""Turbine"", ""Hawk"", ""Vega"", ""Braga"", ""Gemini""]","[0.7341667413711548, 0.42758309841156006, 0.3053450584411621, 0.30373018980026245, 0.21990863978862762]"
0,centroid,1,460,Turbine,Turbine,"[""Turbine"", ""Castor"", ""Alaris"", ""Alcatras"", ""Mytikas""]","[0.8078036904335022, 0.40929290652275085, 0.27428382635116577, 0.24443572759628296, 0.19567959010601044]"
0,centroid,1,461,Turbine,Turbine,"[""Turbine"", ""Castor"", ""Alcatras"", ""Mytikas"", ""Alaris""]","[0.8252954483032227, 0.7774399518966675, 0.5542103052139282, 0.4701984226703644, 0.4215015172958374]"
0,centroid,1,462,Turbine,Turbine,"[""Turbine"", ""Vega"", ""Hawk"", ""Braga"", ""Castor""]","[0.8414221405982971, 0.3994876742362976, 0.36549216508865356, 0.19470848143100739, 0.1915481686592102]"
0,centroid,1,463,Turbine,Turbine,"[""Turbine"", ""Braga"", ""Hawk"", ""Castor"", ""Vega""]","[0.8545853495597839, 0.46287399530410767, 0.45277178287506104, 0.3187372386455536, 0.2997678518295288]"
0,centroid,1,464,Turbine,Castor,"[""Castor"", ""Turbine"", ""Mytikas"", ""Triton"", ""Alcatras""]","[0.7547536492347717, 0.709615170955658, 0.4762415289878845, 0.4506535530090332, 0.2637094259262085]"
0,centroid,1,465,Turbine,Turbine,"[""Turbine"", ""Castor"", ""Hawk"", ""Vega"", ""Braga""]","[0.934899091720581, 0.4343547224998474, 0.42449069023132324, 0.3076019883155823, 0.2539546489715576]"
0,centroid,1,466,Turbine,Turbine,"[""Turbine"", ""Castor"", ""Triton"", ""Braga"", ""Alcatras""]","[0.8244267702102661, 0.5818939208984375, 0.3988066017627716, 0.33946770429611206, 0.31729641556739807]"
0,centroid,1,467,Turbine,Turbine,"[""Turbine"", ""Vega"", ""Hawk"", ""Braga"", ""Mytikas""]","[0.8251247406005859, 0.48980239033699036, 0.46596258878707886, 0.2803582549095154, 0.1665731966495514]"
0,centroid,1,468,Turbine,Turbine,"[""Turbine"", ""Hawk"", ""Vega"", ""Alaris"", ""Mytikas""]","[0.8158223628997803, 0.349082350730896, 0.34619981050491333, 0.3092930018901825, 0.19189390540122986]"
0,centroid,1,469,Turbine,Turbine,"[""Turbine"", ""Hawk"", ""Braga"", ""Alcatras"", ""Vega""]","[0.8526062965393066, 0.5901527404785156, 0.5113309025764465, 0.4968204200267792, 0.4758433997631073]"
0,centroid,1,470,Turbine,Turbine,"[""Turbine"", ""Hawk"", ""Vega"", ""Castor"", ""Braga""]","[0.9227883815765381, 0.47147685289382935, 0.4142933189868927, 0.4052279591560364, 0.39327704906463623]"
0,centroid,1,471,Turbine,Turbine,"[""Turbine"", ""Vega"", ""Braga"", ""Hawk"", ""Mytikas""]","[0.6300643682479858, 0.4739607870578766, 0.3666403591632843, 0.3429674506187439, 0.17835983633995056]"
0,centroid,1,472,Turbine,Turbine,"[""Turbine"", ""Castor"", ""Alcatras"", ""Trius"", ""Mytikas""]","[0.7235835790634155, 0.6693519949913025, 0.5618164539337158, 0.5444996356964111, 0.46667009592056274]"
0,centroid,1,473,Turbine,Turbine,"[""Turbine"", ""Braga"", ""Hawk"", ""Vega"", ""Triton""]","[0.6401447057723999, 0.502647340297699, 0.49210619926452637, 0.3974440097808838, 0.3669460415840149]"
0,centroid,1,474,Turbine,Turbine,"[""Turbine"", ""Hawk"", ""Vega"", ""Castor"", ""Alaris""]","[0.8870534896850586, 0.46607306599617004, 0.40323176980018616, 0.18851831555366516, 0.16437503695487976]"
0,centroid,1,475,Turbine,Mytikas,"[""Mytikas"", ""Castor"", ""Triton"", ""Turbine"", ""Alcatras""]","[0.7407710552215576, 0.6917544007301331, 0.49776917695999146, 0.485065758228302, 0.3809366524219513]"
0,centroid,1,476,Turbine,Turbine,"[""Turbine"", ""Castor"", ""Triton"", ""Mytikas"", ""Alcatras""]","[0.7185495495796204, 0.6763447523117065, 0.5413511395454407, 0.49707841873168945, 0.4477311372756958]"
0,centroid,1,477,Turbine,Turbine,"[""Turbine"", ""Hawk"", ""Vega"", ""Braga"", ""Castor""]","[0.895267128944397, 0.3683469295501709, 0.2543152868747711, 0.2002699077129364, 0.1903885304927826]"
0,centroid,1,478,Turbine,Turbine,"[""Turbine"", ""Castor"", ""Hawk"", ""Braga"", ""Vega""]","[0.8889437913894653, 0.4204435646533966, 0.38098639249801636, 0.37859857082366943, 0.1388019472360611]"
0,centroid,1,479,Turbine,Turbine,"[""Turbine"", ""Castor"", ""Braga"", ""Vega"", ""Trius""]","[0.8568586111068726, 0.5183480381965637, 0.4744558334350586, 0.4249301552772522, 0.3587900400161743]"
0,centroid,1,480,Turbine,Turbine,"[""Turbine"", ""Castor"", ""Hawk"", ""Alcatras"", ""Alaris""]","[0.7808722257614136, 0.5710006952285767, 0.5386411547660828, 0.523624062538147, 0.43906110525131226]"
0,centroid,1,481,Turbine,Turbine,"[""Turbine"", ""Castor"", ""Alcatras"", ""Alaris"", ""Braga""]","[0.8878616094589233, 0.4826129078865051, 0.4284088909626007, 0.41701045632362366, 0.325790673494339]"
0,centroid,1,482,Turbine,Turbine,"[""Turbine"", ""Castor"", ""Alcatras"", ""Mytikas"", ""Alaris""]","[0.7549766302108765, 0.5454663634300232, 0.41690707206726074, 0.3273199200630188, 0.29991841316223145]"
0,centroid,1,483,Vega,Vega,"[""Vega"", ""Alaris"", ""Turbine"", ""Hawk"", ""Braga""]","[0.8876367807388306, 0.5315746665000916, 0.4086732268333435, 0.3855889141559601, 0.33989912271499634]"
0,centroid,1,484,Vega,Vega,"[""Vega"", ""Hawk"", ""Turbine"", ""Mytikas"", ""Alaris""]","[0.9002100229263306, 0.3037823438644409, 0.28051769733428955, 0.27303993701934814, 0.2309429794549942]"
0,centroid,1,485,Vega,Vega,"[""Vega"", ""Turbine"", ""Hawk"", ""Braga"", ""Alaris""]","[0.8737059831619263, 0.42731383442878723, 0.28315937519073486, 0.26734989881515503, 0.24425645172595978]"
0,centroid,1,486,Vega,Vega,"[""Vega"", ""Braga"", ""Hawk"", ""Alcatras"", ""Turbine""]","[0.8544102907180786, 0.4759238064289093, 0.4574699401855469, 0.29827481508255005, 0.2682863473892212]"
0,centroid,1,487,Vega,Vega,"[""Vega"", ""Hawk"", ""Gemini"", ""Alaris"", ""Braga""]","[0.9165892601013184, 0.32283326983451843, 0.2786795496940613, 0.22110693156719208, 0.20813634991645813]"
0,centroid,1,488,Vega,Vega,"[""Vega"", ""Turbine"", ""Braga"", ""Castor"", ""Trius""]","[0.8103330135345459, 0.5720664262771606, 0.41000494360923767, 0.25304245948791504, 0.24819514155387878]"
0,centroid,1,489,Vega,Vega,"[""Vega"", ""Turbine"", ""Alaris"", ""Hawk"", ""Gemini""]","[0.9287527799606323, 0.43648865818977356, 0.4272547960281372, 0.319043904542923, 0.22255703806877136]"
0,centroid,1,490,Vega,Vega,"[""Vega"", ""Gemini"", ""Hawk"", ""Turbine"", ""Alaris""]","[0.8913241624832153, 0.3228207528591156, 0.21836604177951813, 0.171077162027359, 0.17085056006908417]"
0,centroid,1,491,Vega,Vega,"[""Vega"", ""Turbine"", ""Hawk"", ""Alaris"", ""Braga""]","[0.9042975902557373, 0.40212202072143555, 0.34326523542404175, 0.26694661378860474, 0.25476306676864624]"
0,centroid,1,492,Vega,Vega,"[""Vega"", ""Nivalis"", ""Braga"", ""Turbine"", ""Gemini""]","[0.7426073551177979, 0.24594493210315704, 0.15663191676139832, 0.13790863752365112, 0.12763316929340363]"
0,centroid,1,493,Vega,Vega,"[""Vega"", ""Alaris"", ""Turbine"", ""Braga"", ""Hawk""]","[0.9328973889350891, 0.42248162627220154, 0.3442544639110565, 0.31598904728889465, 0.29121994972229004]"
0,centroid,1,494,Vega,Vega,"[""Vega"", ""Alaris"", ""Braga"", ""Alcatras"", ""Turbine""]","[0.8950636386871338, 0.4689326584339142, 0.28009337186813354, 0.24221262335777283, 0.2375512719154358]"
0,centroid,1,495,Vega,Vega,"[""Vega"", ""Gemini"", ""Hawk"", ""Braga"", ""Mytikas""]","[0.8072755336761475, 0.5448044538497925, 0.5063591003417969, 0.35142141580581665, 0.31994199752807617]"
0,centroid,1,496,Vega,Vega,"[""Vega"", ""Gemini"", ""Triton"", ""Braga"", ""Trius""]","[0.6753400564193726, 0.30367356538772583, 0.273419052362442, 0.1777670830488205, 0.17134982347488403]"
0,centroid,1,497,Vega,Vega,"[""Vega"", ""Gemini"", ""Hawk"", ""Alaris"", ""Braga""]","[0.8903909921646118, 0.5131213665008545, 0.428881973028183, 0.2906860113143921, 0.11169253289699554]"
0,centroid,1,498,Vega,Vega,"[""Vega"", ""Turbine"", ""Hawk"", ""Alaris"", ""Braga""]","[0.8992810249328613, 0.38585031032562256, 0.35786139965057373, 0.324851930141449, 0.27992022037506104]"
0,centroid,1,499,Vega,Vega,"[""Vega"", ""Hawk"", ""Gemini"", ""Alaris"", ""Braga""]","[0.847075343132019, 0.43888553977012634, 0.38585907220840454, 0.3769974112510681, 0.3117315471172333]"
0,centroid,1,500,Vega,Vega,"[""Vega"", ""Alcatras"", ""Braga"", ""Hawk"", ""Alaris""]","[0.8533707857131958, 0.5320945978164673, 0.43276000022888184, 0.4126291871070862, 0.3875262439250946]"
0,centroid,1,501,Vega,Vega,"[""Vega"", ""Hawk"", ""Gemini"", ""Turbine"", ""Alaris""]","[0.8291314840316772, 0.6340227723121643, 0.2634657621383667, 0.18890318274497986, 0.14836619794368744]"
0,centroid,1,502,Vega,Vega,"[""Vega"", ""Hawk"", ""Gemini"", ""Turbine"", ""Braga""]","[0.896837592124939, 0.2775997519493103, 0.18209773302078247, 0.17536433041095734, 0.09205399453639984]"
0,centroid,1,503,Vega,Vega,"[""Vega"", ""Hawk"", ""Gemini"", ""Braga"", ""Turbine""]","[0.7079092860221863, 0.6651583909988403, 0.33074259757995605, 0.28902533650398254, 0.25645071268081665]"
0,centroid,1,504,Vega,Vega,"[""Vega"", ""Turbine"", ""Hawk"", ""Braga"", ""Alaris""]","[0.955131471157074, 0.39255422353744507, 0.3556196093559265, 0.2991785705089569, 0.2880525588989258]"
0,centroid,1,505,Vega,Vega,"[""Vega"", ""Hawk"", ""Gemini"", ""Alaris"", ""Turbine""]","[0.927268385887146, 0.3534391522407532, 0.24014872312545776, 0.22605159878730774, 0.21125727891921997]"
0,centroid,1,506,Vega,Vega,"[""Vega"", ""Alaris"", ""Braga"", ""Alcatras"", ""Hawk""]","[0.800080418586731, 0.6437845230102539, 0.5167719125747681, 0.46297600865364075, 0.37425464391708374]"
0,centroid,1,507,Vega,Vega,"[""Vega"", ""Gemini"", ""Hawk"", ""Braga"", ""Turbine""]","[0.9180668592453003, 0.33225923776626587, 0.3306661546230316, 0.27841684222221375, 0.20325510203838348]"
0,centroid,1,508,Vega,Vega,"[""Vega"", ""Hawk"", ""Braga"", ""Gemini"", ""Turbine""]","[0.8400169610977173, 0.44827771186828613, 0.39262452721595764, 0.29436391592025757, 0.26108574867248535]"
0,centroid,1,509,Vega,Vega,"[""Vega"", ""Alaris"", ""Hawk"", ""Turbine"", ""Gemini""]","[0.8850719928741455, 0.36695247888565063, 0.3194233477115631, 0.3118596076965332, 0.3021026849746704]"
0,centroid,1,510,Vega,Vega,"[""Vega"", ""Alaris"", ""Hawk"", ""Turbine"", ""Gemini""]","[0.916860818862915, 0.3692467212677002, 0.31053540110588074, 0.27757298946380615, 0.21890616416931152]"
0,centroid,1,511,Vega,Vega,"[""Vega"", ""Braga"", ""Gemini"", ""Hawk"", ""Turbine""]","[0.9122970104217529, 0.3569662570953369, 0.353454053401947, 0.28923797607421875, 0.26824456453323364]"
0,centroid,1,512,Vega,Vega,"[""Vega"", ""Hawk"", ""Alaris"", ""Turbine"", ""Gemini""]","[0.9398292899131775, 0.3092952072620392, 0.2561643421649933, 0.24958793818950653, 0.22872158885002136]"
0,centroid,1,513,Vega,Vega,"[""Vega"", ""Alaris"", ""Hawk"", ""Braga"", ""Gemini""]","[0.9020921587944031, 0.5367888808250427, 0.4297930598258972, 0.2975212633609772, 0.26543450355529785]"
0,centroid,1,514,Vega,Vega,"[""Vega"", ""Alaris"", ""Trius"", ""Braga"", ""Alcatras""]","[0.7398045063018799, 0.6524944305419922, 0.4820801317691803, 0.4135565161705017, 0.4005510210990906]"
0,centroid,1,515,Vega,Vega,"[""Vega"", ""Alaris"", ""Turbine"", ""Trius"", ""Alcatras""]","[0.8581893444061279, 0.5407941341400146, 0.41333866119384766, 0.40648865699768066, 0.37626194953918457]"
0,centroid,1,516,Vega,Vega,"[""Vega"", ""Alaris"", ""Turbine"", ""Braga"", ""Hawk""]","[0.889055609703064, 0.39310550689697266, 0.3837721347808838, 0.2544212341308594, 0.25312286615371704]"
0,centroid,1,517,Vega,Vega,"[""Vega"", ""Nivalis"", ""Gemini"", ""Hawk"", ""Steel_Wheel""]","[0.8211334943771362, 0.2735932171344757, 0.18353527784347534, 0.13201558589935303, 0.05859373137354851]"
0,centroid,1,518,Vega,Vega,"[""Vega"", ""Gemini"", ""Hawk"", ""Braga"", ""Xtreme""]","[0.8435660600662231, 0.5123209953308105, 0.46491724252700806, 0.34076637029647827, 0.16148018836975098]"
0,centroid,1,519,Velorum,Velorum,"[""Velorum"", ""Nivalis"", ""Denom"", ""Ilias"", ""Alcatras""]","[0.9049763679504395, 0.29370033740997314, 0.25691884756088257, 0.18148988485336304, 0.17852547764778137]"
0,centroid,1,520,Velorum,Velorum,"[""Velorum"", ""Mytikas"", ""Castor"", ""Trius"", ""Xtreme""]","[0.7967866063117981, 0.3754037320613861, 0.35318976640701294, 0.33147841691970825, 0.29373517632484436]"
0,centroid,1,521,Velorum,Velorum,"[""Velorum"", ""Ilias"", ""Nivalis"", ""Triton"", ""Trius""]","[0.9226678609848022, 0.4603474736213684, 0.33904320001602173, 0.3113981783390045, 0.2594625949859619]"
0,centroid,1,522,Velorum,Velorum,"[""Velorum"", ""Denom"", ""Nivalis"", ""Ilias"", ""Trius""]","[0.8934565186500549, 0.44459882378578186, 0.37384024262428284, 0.3713618814945221, 0.24524469673633575]"
0,centroid,1,523,Velorum,Velorum,"[""Velorum"", ""Denom"", ""Triton"", ""Ilias"", ""Nivalis""]","[0.762004017829895, 0.4337812066078186, 0.3199397027492523, 0.28515923023223877, 0.24961942434310913]"
0,centroid,1,524,Velorum,Velorum,"[""Velorum"", ""Ilias"", ""Denom"", ""Xtreme"", ""Nivalis""]","[0.8312867283821106, 0.3350364565849304, 0.29520517587661743, 0.2739490866661072, 0.23892700672149658]"
0,centroid,1,525,Velorum,Velorum,"[""Velorum"", ""Nivalis"", ""Castor"", ""Alcatras"", ""Ilias""]","[0.9236747026443481, 0.43362200260162354, 0.24884651601314545, 0.21325966715812683, 0.21132156252861023]"
0,centroid,1,526,Velorum,Velorum,"[""Velorum"", ""Ilias"", ""Nivalis"", ""Denom"", ""Xtreme""]","[0.9099186658859253, 0.3923981785774231, 0.3241482377052307, 0.2985624670982361, 0.2934533953666687]"
0,centroid,1,527,Velorum,Velorum,"[""Velorum"", ""Nivalis"", ""Ilias"", ""Mytikas"", ""Denom""]","[0.8547873497009277, 0.5654416084289551, 0.2768748998641968, 0.21531207859516144, 0.17360743880271912]"
0,centroid,1,528,Velorum,Velorum,"[""Velorum"", ""Ilias"", ""Nivalis"", ""Denom"", ""Xtreme""]","[0.9412150382995605, 0.5069092512130737, 0.5024689435958862, 0.3067120313644409, 0.259223610162735]"
0,centroid,1,529,Velorum,Velorum,"[""Velorum"", ""Nivalis"", ""Ilias"", ""Mytikas"", ""Triton""]","[0.8255712985992432, 0.5495381355285645, 0.37432074546813965, 0.3347892165184021, 0.26673489809036255]"
0,centroid,1,530,Velorum,Velorum,"[""Velorum"", ""Ilias"", ""Castor"", ""Nivalis"", ""Denom""]","[0.825581431388855, 0.36424893140792847, 0.31136152148246765, 0.2950161099433899, 0.23674237728118896]"
0,centroid,1,531,Velorum,Velorum,"[""Velorum"", ""Denom"", ""Nivalis"", ""Ilias"", ""Xtreme""]","[0.912689208984375, 0.4140290319919586, 0.3863251507282257, 0.3232501149177551, 0.17951829731464386]"
0,centroid,1,532,Velorum,Velorum,"[""Velorum"", ""Nivalis"", ""Ilias"", ""Denom"", ""Triton""]","[0.9064900875091553, 0.5416343212127686, 0.486097127199173, 0.2630903720855713, 0.21808259189128876]"
0,centroid,1,533,Velorum,Velorum,"[""Velorum"", ""Ilias"", ""Denom"", ""Nivalis"", ""Ratikon""]","[0.8815268278121948, 0.6936976909637451, 0.6455625295639038, 0.5505489110946655, 0.39404168725013733]"
0,centroid,1,534,Velorum,Velorum,"[""Velorum"", ""Castor"", ""Alcatras"", ""Triton"", ""Trius""]","[0.8263919353485107, 0.3960288465023041, 0.3022599220275879, 0.2315126210451126, 0.18868187069892883]"
0,centroid,1,535,Velorum,Velorum,"[""Velorum"", ""Nivalis"", ""Denom"", ""Ilias"", ""Ratikon""]","[0.88667893409729, 0.5739565491676331, 0.4927027225494385, 0.35380375385284424, 0.24328911304473877]"
0,centroid,1,536,Velorum,Velorum,"[""Velorum"", ""Triton"", ""Mytikas"", ""Nivalis"", ""Ilias""]","[0.7658857703208923, 0.4371013045310974, 0.36378490924835205, 0.32394394278526306, 0.305267870426178]"
0,centroid,1,537,Velorum,Velorum,"[""Velorum"", ""Nivalis"", ""Ilias"", ""Denom"", ""Ratikon""]","[0.8723980188369751, 0.6235787272453308, 0.44680219888687134, 0.3281501233577728, 0.16399282217025757]"
0,centroid,1,538,Velorum,Velorum,"[""Velorum"", ""Triton"", ""Trius"", ""Denom"", ""Castor""]","[0.8038545846939087, 0.3227463960647583, 0.3183770179748535, 0.29649585485458374, 0.2791057825088501]"
0,centroid,1,539,Velorum,Velorum,"[""Velorum"", ""Ilias"", ""Nivalis"", ""Denom"", ""Mytikas""]","[0.9271606206893921, 0.3556394577026367, 0.32574063539505005, 0.27841341495513916, 0.24340549111366272]"
0,centroid,1,540,Velorum,Velorum,"[""Velorum"", ""Nivalis"", ""Ilias"", ""Denom"", ""Ratikon""]","[0.9294741153717041, 0.626851499080658, 0.5532975792884827, 0.5421982407569885, 0.32446491718292236]"
0,centroid,1,541,Velorum,Velorum,"[""Velorum"", ""Ilias"", ""Denom"", ""Nivalis"", ""Triton""]","[0.8977937698364258, 0.4336567521095276, 0.3826723098754883, 0.2542707622051239, 0.17080147564411163]"
0,centroid,1,542,Velorum,Velorum,"[""Velorum"", ""Denom"", ""Nivalis"", ""Alcatras"", ""Ilias""]","[0.8525965213775635, 0.39340347051620483, 0.3914157748222351, 0.20277805626392365, 0.16147784888744354]"
0,centroid,1,543,Velorum,Velorum,"[""Velorum"", ""Nivalis"", ""Ilias"", ""Denom"", ""Castor""]","[0.9173656105995178, 0.33194226026535034, 0.26775404810905457, 0.2601962983608246, 0.24560099840164185]"
0,centroid,1,544,Velorum,Velorum,"[""Velorum"", ""Ilias"", ""Denom"", ""Trius"", ""Gemini""]","[0.7015587091445923, 0.6067131757736206, 0.34707266092300415, 0.33361637592315674, 0.30581367015838623]"
0,centroid,1,545,Velorum,Velorum,"[""Velorum"", ""Ilias"", ""Triton"", ""Trius"", ""Mytikas""]","[0.8653753995895386, 0.36088883876800537, 0.33663463592529297, 0.27386629581451416, 0.2391182780265808]"
0,centroid,1,546,Velorum,Velorum,"[""Velorum"", ""Ilias"", ""Nivalis"", ""Triton"", ""Denom""]","[0.9682179689407349, 0.4482755959033966, 0.3749290108680725, 0.23823529481887817, 0.20618274807929993]"
0,centroid,1,547,Velorum,Velorum,"[""Velorum"", ""Ilias"", ""Nivalis"", ""Alcatras"", ""Hawk""]","[0.8599742650985718, 0.4607987403869629, 0.3739086389541626, 0.18779247999191284, 0.16593940556049347]"
0,centroid,1,548,Velorum,Velorum,"[""Velorum"", ""Ilias"", ""Nivalis"", ""Denom"", ""Triton""]","[0.922649621963501, 0.6194514632225037, 0.5219786167144775, 0.4423900842666626, 0.1880999505519867]"
0,centroid,1,549,Velorum,Velorum,"[""Velorum"", ""Denom"", ""Ilias"", ""Nivalis"", ""Ratikon""]","[0.8230516910552979, 0.5551710724830627, 0.33396175503730774, 0.3017682433128357, 0.24057602882385254]"
0,centroid,1,550,Velorum,Velorum,"[""Velorum"", ""Ilias"", ""Denom"", ""Nivalis"", ""Ratikon""]","[0.6220232248306274, 0.4241643249988556, 0.42157530784606934, 0.29305166006088257, 0.1802540123462677]"
0,centroid,1,551,Velorum,Velorum,"[""Velorum"", ""Nivalis"", ""Castor"", ""Ilias"", ""Triton""]","[0.830291211605072, 0.48774874210357666, 0.3098032474517822, 0.26282867789268494, 0.20815244317054749]"
0,centroid,1,552,Velorum,Velorum,"[""Velorum"", ""Ilias"", ""Denom"", ""Nivalis"", ""Triton""]","[0.7992211580276489, 0.618079423904419, 0.44101887941360474, 0.37641099095344543, 0.36822837591171265]"
0,centroid,1,553,Velorum,Velorum,"[""Velorum"", ""Ilias"", ""Denom"", ""Nivalis"", ""Triton""]","[0.8415080308914185, 0.5160822868347168, 0.43689244985580444, 0.3760240077972412, 0.3496767580509186]"
0,centroid,1,554,Velorum,Velorum,"[""Velorum"", ""Ilias"", ""Nivalis"", ""Denom"", ""Triton""]","[0.8820744752883911, 0.4399728775024414, 0.3350457549095154, 0.32260650396347046, 0.30169767141342163]"
0,centroid,1,555,Velorum,Velorum,"[""Velorum"", ""Nivalis"", ""Ilias"", ""Castor"", ""Mytikas""]","[0.7530906200408936, 0.5591323971748352, 0.32447105646133423, 0.1751929521560669, 0.1512962132692337]"
0,centroid,1,556,Velorum,Velorum,"[""Velorum"", ""Denom"", ""Ilias"", ""Nivalis"", ""Triton""]","[0.8149744272232056, 0.4814741611480713, 0.45977336168289185, 0.41514745354652405, 0.33242982625961304]"
0,centroid,1,557,Velorum,Velorum,"[""Velorum"", ""Nivalis"", ""Ilias"", ""Denom"", ""Xtreme""]","[0.7816761136054993, 0.5994977355003357, 0.5429717302322388, 0.21761277318000793, 0.18402330577373505]"
0,centroid,1,558,Velorum,Velorum,"[""Velorum"", ""Ilias"", ""Nivalis"", ""Alcatras"", ""Trius""]","[0.8715681433677673, 0.5612303614616394, 0.3008469343185425, 0.296161949634552, 0.2893872857093811]"
0,centroid,1,559,Velorum,Velorum,"[""Velorum"", ""Ilias"", ""Alcatras"", ""Nivalis"", ""Hawk""]","[0.9084374904632568, 0.30820250511169434, 0.2212807834148407, 0.2085619568824768, 0.13494613766670227]"
0,centroid,1,560,Velorum,Velorum,"[""Velorum"", ""Ilias"", ""Denom"", ""Trius"", ""Nivalis""]","[0.8902720808982849, 0.5118894577026367, 0.43513238430023193, 0.3493824303150177, 0.3110198974609375]"
0,centroid,1,561,Velorum,Velorum,"[""Velorum"", ""Ilias"", ""Nivalis"", ""Mytikas"", ""Triton""]","[0.9432311654090881, 0.455005407333374, 0.34122276306152344, 0.2647972106933594, 0.2504418194293976]"
0,centroid,1,562,Velorum,Velorum,"[""Velorum"", ""Ilias"", ""Alcatras"", ""Triton"", ""Trius""]","[0.8595483899116516, 0.38378986716270447, 0.35400962829589844, 0.25277918577194214, 0.23713091015815735]"
0,centroid,1,563,Velorum,Velorum,"[""Velorum"", ""Ilias"", ""Mytikas"", ""Alcatras"", ""Castor""]","[0.9257903695106506, 0.27868956327438354, 0.24297955632209778, 0.2332315295934677, 0.22125399112701416]"
0,centroid,1,564,Velorum,Velorum,"[""Velorum"", ""Ilias"", ""Xtreme"", ""Nivalis"", ""Triton""]","[0.914507269859314, 0.45038509368896484, 0.3117517828941345, 0.255977064371109, 0.2032168209552765]"
0,centroid,1,565,Velorum,Velorum,"[""Velorum"", ""Nivalis"", ""Ilias"", ""Mytikas"", ""Triton""]","[0.8913547396659851, 0.46546170115470886, 0.3757399320602417, 0.249395951628685, 0.24430856108665466]"
0,centroid,1,566,Velorum,Velorum,"[""Velorum"", ""Ilias"", ""Denom"", ""Nivalis"", ""Ratikon""]","[0.8939530253410339, 0.6691309213638306, 0.47193485498428345, 0.46080783009529114, 0.32841238379478455]"
0,centroid,1,567,Velorum,Velorum,"[""Velorum"", ""Ilias"", ""Trius"", ""Nivalis"", ""Triton""]","[0.9094012975692749, 0.38563770055770874, 0.28819704055786133, 0.2875064015388489, 0.2739308178424835]"
0,centroid,1,568,Velorum,Velorum,"[""Velorum"", ""Nivalis"", ""Ilias"", ""Mytikas"", ""Denom""]","[0.9184838533401489, 0.4758513569831848, 0.4109985828399658, 0.2240280956029892, 0.2183549702167511]"
0,centroid,1,569,Velorum,Velorum,"[""Velorum"", ""Ilias"", ""Nivalis"", ""Denom"", ""Triton""]","[0.9281212091445923, 0.5885010957717896, 0.42444634437561035, 0.37163493037223816, 0.3539568781852722]"
0,centroid,1,570,Velorum,Velorum,"[""Velorum"", ""Ilias"", ""Trius"", ""Triton"", ""Alcatras""]","[0.6555693745613098, 0.45236700773239136, 0.4466031789779663, 0.4416857957839966, 0.36910557746887207]"
0,centroid,1,571,Velorum,Velorum,"[""Velorum"", ""Xtreme"", ""Mytikas"", ""Triton"", ""Ilias""]","[0.8192033767700195, 0.4229767322540283, 0.31324273347854614, 0.3064836263656616, 0.23004759848117828]"
0,centroid,1,572,Velorum,Velorum,"[""Velorum"", ""Ilias"", ""Nivalis"", ""Mytikas"", ""Denom""]","[0.8425426483154297, 0.5317416191101074, 0.5244983434677124, 0.36292481422424316, 0.32645097374916077]"
0,centroid,1,573,Velorum,Velorum,"[""Velorum"", ""Nivalis"", ""Ilias"", ""Denom"", ""Ratikon""]","[0.885222852230072, 0.6360133290290833, 0.4698367118835449, 0.45959562063217163, 0.22294658422470093]"
0,centroid,1,574,Velorum,Velorum,"[""Velorum"", ""Ilias"", ""Nivalis"", ""Ratikon"", ""Mytikas""]","[0.8172265291213989, 0.5250689387321472, 0.4561711549758911, 0.36985906958580017, 0.25955164432525635]"
0,centroid,1,575,Velorum,Velorum,"[""Velorum"", ""Nivalis"", ""Ilias"", ""Denom"", ""Mytikas""]","[0.9396061897277832, 0.4302769899368286, 0.2697039246559143, 0.26143068075180054, 0.1824144721031189]"
0,centroid,1,576,Velorum,Velorum,"[""Velorum"", ""Ilias"", ""Nivalis"", ""Denom"", ""Ratikon""]","[0.9585493803024292, 0.47468116879463196, 0.4703294634819031, 0.37058642506599426, 0.17874795198440552]"
0,centroid,1,577,Velorum,Velorum,"[""Velorum"", ""Denom"", ""Nivalis"", ""Ilias"", ""Steel_Wheel""]","[0.8533264398574829, 0.3862622380256653, 0.38594087958335876, 0.22903160750865936, 0.16775372624397278]"
0,centroid,1,578,Velorum,Velorum,"[""Velorum"", ""Nivalis"", ""Denom"", ""Mytikas"", ""Castor""]","[0.8249363899230957, 0.5554948449134827, 0.2565461993217468, 0.2450307160615921, 0.21291927993297577]"
0,centroid,1,579,Xtreme,Xtreme,"[""Xtreme"", ""Gemini"", ""Hawk"", ""Denom"", ""Nivalis""]","[0.9100399017333984, 0.5665543079376221, 0.1063474714756012, 0.005799539387226105, 0.005680302157998085]"
0,centroid,1,580,Xtreme,Xtreme,"[""Xtreme"", ""Gemini"", ""Braga"", ""Triton"", ""Denom""]","[0.8203274011611938, 0.4957466721534729, 0.21779705584049225, 0.10679101943969727, 0.09859582781791687]"
0,centroid,1,581,Xtreme,Xtreme,"[""Xtreme"", ""Gemini"", ""Braga"", ""Hawk"", ""Steel_Wheel""]","[0.9125931262969971, 0.6717269420623779, 0.22251677513122559, 0.16817599534988403, 0.07305678725242615]"
0,centroid,1,582,Xtreme,Xtreme,"[""Xtreme"", ""Gemini"", ""Braga"", ""Mytikas"", ""Trius""]","[0.8021275997161865, 0.5700308680534363, 0.32809531688690186, 0.2573096752166748, 0.21999961137771606]"
0,centroid,1,583,Xtreme,Xtreme,"[""Xtreme"", ""Gemini"", ""Braga"", ""Mytikas"", ""Hawk""]","[0.8546679019927979, 0.39549168944358826, 0.22918307781219482, 0.1643821895122528, 0.14722159504890442]"
0,centroid,1,584,Xtreme,Xtreme,"[""Xtreme"", ""Gemini"", ""Nivalis"", ""Denom"", ""Steel_Wheel""]","[0.9299688339233398, 0.4475504159927368, 0.15104275941848755, 0.13109350204467773, 0.09445962309837341]"
0,centroid,1,585,Xtreme,Xtreme,"[""Xtreme"", ""Gemini"", ""Ilias"", ""Steel_Wheel"", ""Denom""]","[0.9440977573394775, 0.6316792964935303, 0.10780040919780731, 0.054468996822834015, 0.0329936221241951]"
0,centroid,1,586,Xtreme,Xtreme,"[""Xtreme"", ""Gemini"", ""Velorum"", ""Denom"", ""Steel_Wheel""]","[0.8120275735855103, 0.517621636390686, 0.11835460364818573, 0.03892664238810539, 0.029357749968767166]"
0,centroid,1,587,Xtreme,Xtreme,"[""Xtreme"", ""Gemini"", ""Nivalis"", ""Steel_Wheel"", ""Velorum""]","[0.9442073702812195, 0.4300944209098816, 0.2103775441646576, 0.18024781346321106, 0.12371455132961273]"
0,centroid,1,588,Xtreme,Xtreme,"[""Xtreme"", ""Gemini"", ""Steel_Wheel"", ""Velorum"", ""Hawk""]","[0.9082380533218384, 0.5563396215438843, 0.1153322383761406, 0.0778585746884346, 0.048615388572216034]"
0,centroid,1,589,Xtreme,Xtreme,"[""Xtreme"", ""Gemini"", ""Hawk"", ""Denom"", ""Steel_Wheel""]","[0.874859094619751, 0.5856410264968872, 0.1518668830394745, 0.08868110179901123, 0.01944950595498085]"
0,centroid,1,590,Xtreme,Xtreme,"[""Xtreme"", ""Gemini"", ""Steel_Wheel"", ""Mytikas"", ""Braga""]","[0.9626169800758362, 0.45698457956314087, 0.1045607477426529, 0.09568047523498535, 0.08653786778450012]"
0,centroid,1,591,Xtreme,Xtreme,"[""Xtreme"", ""Gemini"", ""Hawk"", ""Steel_Wheel"", ""Denom""]","[0.929652988910675, 0.4969497323036194, 0.11533647030591965, 0.05795536935329437, 0.004137258976697922]"
0,centroid,1,592,Xtreme,Xtreme,"[""Xtreme"", ""Gemini"", ""Braga"", ""Mytikas"", ""Triton""]","[0.8906301259994507, 0.5756262540817261, 0.2850538194179535, 0.19620925188064575, 0.1772620975971222]"
0,centroid,1,593,Xtreme,Xtreme,"[""Xtreme"", ""Nivalis"", ""Gemini"", ""Velorum"", ""Ilias""]","[0.8761163949966431, 0.34695446491241455, 0.3042818307876587, 0.2972681224346161, 0.2821618914604187]"
0,centroid,1,594,Xtreme,Xtreme,"[""Xtreme"", ""Gemini"", ""Velorum"", ""Denom"", ""Nivalis""]","[0.9143103361129761, 0.27841371297836304, 0.22255811095237732, 0.16569052636623383, 0.14749585092067719]"
0,centroid,1,595,Xtreme,Xtreme,"[""Xtreme"", ""Gemini"", ""Steel_Wheel"", ""Hawk"", ""Velorum""]","[0.9371019601821899, 0.3887396454811096, 0.16190484166145325, 0.13767240941524506, 0.118106909096241]"
0,centroid,1,596,Xtreme,Xtreme,"[""Xtreme"", ""Gemini"", ""Velorum"", ""Steel_Wheel"", ""Ilias""]","[0.9671885967254639, 0.5048601627349854, 0.14799347519874573, 0.1369343101978302, 0.12026917934417725]"
0,centroid,1,597,Xtreme,Xtreme,"[""Xtreme"", ""Gemini"", ""Braga"", ""Mytikas"", ""Triton""]","[0.869880735874176, 0.5107275247573853, 0.34756192564964294, 0.28363364934921265, 0.25330621004104614]"
0,centroid,1,598,Xtreme,Xtreme,"[""Xtreme"", ""Gemini"", ""Steel_Wheel"", ""Hawk"", ""Denom""]","[0.9050440788269043, 0.5526877641677856, 0.16035085916519165, 0.1160777360200882, 0.0034207580611109734]"
0,centroid,1,599,Xtreme,Xtreme,"[""Xtreme"", ""Gemini"", ""Velorum"", ""Nivalis"", ""Hawk""]","[0.9235010743141174, 0.3833620250225067, 0.2511875033378601, 0.1450008898973465, 0.11095235496759415]"
0,centroid,1,600,Xtreme,Xtreme,"[""Xtreme"", ""Gemini"", ""Steel_Wheel"", ""Hawk"", ""Denom""]","[0.9519146680831909, 0.4332035183906555, 0.13058611750602722, 0.0010154470801353455, 0.0005395915359258652]"
0,centroid,1,601,Xtreme,Xtreme,"[""Xtreme"", ""Gemini"", ""Hawk"", ""Steel_Wheel"", ""Braga""]","[0.8756253123283386, 0.30562624335289, 0.21081556379795074, 0.12162692844867706, 0.051937710493803024]"
0,centroid,1,602,Xtreme,Xtreme,"[""Xtreme"", ""Gemini"", ""Braga"", ""Mytikas"", ""Velorum""]","[0.9563409090042114, 0.448297917842865, 0.14301440119743347, 0.07408054918050766, 0.0676245242357254]"
0,centroid,1,603,Xtreme,Xtreme,"[""Xtreme"", ""Gemini"", ""Braga"", ""Hawk"", ""Denom""]","[0.9327123165130615, 0.5361775159835815, 0.14978043735027313, 0.12245400995016098, 0.04023844003677368]"
0,centroid,1,604,Xtreme,Xtreme,"[""Xtreme"", ""Gemini"", ""Braga"", ""Trius"", ""Triton""]","[0.8664889335632324, 0.5737451314926147, 0.38545191287994385, 0.16194266080856323, 0.14518612623214722]"
0,centroid,1,605,Xtreme,Xtreme,"[""Xtreme"", ""Gemini"", ""Denom"", ""Ilias"", ""Steel_Wheel""]","[0.8697395324707031, 0.5580906271934509, 0.14129194617271423, 0.07676497846841812, 0.04706089198589325]"
0,centroid,1,606,Xtreme,Xtreme,"[""Xtreme"", ""Ilias"", ""Triton"", ""Gemini"", ""Mytikas""]","[0.7487155199050903, 0.39850807189941406, 0.38000738620758057, 0.35490232706069946, 0.2825354337692261]"
0,centroid,1,607,Xtreme,Xtreme,"[""Xtreme"", ""Gemini"", ""Hawk"", ""Steel_Wheel"", ""Braga""]","[0.8530435562133789, 0.3869240880012512, 0.30351781845092773, 0.17540448904037476, 0.15299370884895325]"
0,centroid,1,608,Xtreme,Xtreme,"[""Xtreme"", ""Gemini"", ""Steel_Wheel"", ""Denom"", ""Braga""]","[0.9287992119789124, 0.4760795533657074, 0.16289307177066803, 0.08678734302520752, 0.056073401123285294]"
0,centroid,1,609,Xtreme,Xtreme,"[""Xtreme"", ""Gemini"", ""Braga"", ""Hawk"", ""Velorum""]","[0.9401435256004333, 0.5118253231048584, 0.20799268782138824, 0.17916715145111084, 0.12182272970676422]"
0,centroid,1,610,Xtreme,Xtreme,"[""Xtreme"", ""Gemini"", ""Steel_Wheel"", ""Ilias"", ""Mytikas""]","[0.9116455316543579, 0.684360682964325, 0.1885986030101776, 0.14511671662330627, 0.11271226406097412]"
0,centroid,1,611,Xtreme,Xtreme,"[""Xtreme"", ""Gemini"", ""Steel_Wheel"", ""Velorum"", ""Hawk""]","[0.9454050660133362, 0.41213470697402954, 0.20229513943195343, 0.17038065195083618, 0.029863597825169563]"
0,centroid,1,612,Xtreme,Xtreme,"[""Xtreme"", ""Gemini"", ""Steel_Wheel"", ""Ilias"", ""Nivalis""]","[0.9471930861473083, 0.5206003189086914, 0.13310761749744415, 0.08193698525428772, 0.07742579281330109]"
0,centroid,1,613,Xtreme,Xtreme,"[""Xtreme"", ""Gemini"", ""Steel_Wheel"", ""Velorum"", ""Braga""]","[0.944998562335968, 0.3351952135562897, 0.1020585149526596, 0.09119074046611786, 0.03478805348277092]"
0,centroid,1,614,Xtreme,Xtreme,"[""Xtreme"", ""Gemini"", ""Velorum"", ""Mytikas"", ""Braga""]","[0.9637289047241211, 0.46761107444763184, 0.19842535257339478, 0.1541830599308014, 0.12158426642417908]"
0,centroid,1,615,Xtreme,Xtreme,"[""Xtreme"", ""Gemini"", ""Nivalis"", ""Mytikas"", ""Ilias""]","[0.9213970899581909, 0.49883517622947693, 0.12387382984161377, 0.12235095351934433, 0.11549887806177139]"
0,centroid,1,616,Xtreme,Xtreme,"[""Xtreme"", ""Gemini"", ""Braga"", ""Triton"", ""Mytikas""]","[0.9129080176353455, 0.5924383997917175, 0.272838294506073, 0.1698611080646515, 0.14798320829868317]"
1,centroid,1,0,Alaris,Alaris,"[""Alaris"", ""Alcatras"", ""Braga"", ""Trius"", ""Hawk""]","[0.8848565816879272, 0.6873915195465088, 0.455152690410614, 0.4526887834072113, 0.36743682622909546]"
1,centroid,1,1,Alaris,Alcatras,"[""Alcatras"", ""Alaris"", ""Turbine"", ""Trius"", ""Mytikas""]","[0.7029324769973755, 0.7008101344108582, 0.4781813323497772, 0.38712453842163086, 0.3781108856201172]"
1,centroid,1,2,Alaris,Alaris,"[""Alaris"", ""Alcatras"", ""Braga"", ""Trius"", ""Mytikas""]","[0.8400819301605225, 0.8306072950363159, 0.5524774193763733, 0.49778103828430176, 0.4330722391605377]"
1,centroid,1,3,Alaris,Alaris,"[""Alaris"", ""Alcatras"", ""Hawk"", ""Braga"", ""Mytikas""]","[0.8084961175918579, 0.8030236959457397, 0.3795558214187622, 0.3739173114299774, 0.34650880098342896]"
1,centroid,1,4,Alaris,Alaris,"[""Alaris"", ""Alcatras"", ""Hawk"", ""Trius"", ""Turbine""]","[0.7949782013893127, 0.6006112694740295, 0.37881529331207275, 0.2778935730457306, 0.2528659701347351]"
1,centroid,1,5,Alaris,Alaris,"[""Alaris"", ""Trius"", ""Braga"", ""Alcatras"", ""Triton""]","[0.6568006277084351, 0.6122190356254578, 0.5684354901313782, 0.4777975082397461, 0.4187232553958893]"
1,centroid,1,6,Alaris,Alaris,"[""Alaris"", ""Alcatras"", ""Hawk"", ""Vega"", ""Turbine""]","[0.713519811630249, 0.6696802377700806, 0.48721158504486084, 0.3346623182296753, 0.2616690993309021]"
1,centroid,1,7,Alaris,Alaris,"[""Alaris"", ""Alcatras"", ""Trius"", ""Triton"", ""Mytikas""]","[0.8052617907524109, 0.6139167547225952, 0.5760137438774109, 0.46310922503471375, 0.3027421236038208]"
1,centroid,1,8,Alaris,Alaris,"[""Alaris"", ""Alcatras"", ""Vega"", ""Trius"", ""Hawk""]","[0.8519189357757568, 0.5006744861602783, 0.4608837962150574, 0.4168112874031067, 0.30423885583877563]"
1,centroid,1,9,Alaris,Alaris,"[""Alaris"", ""Alcatras"", ""Trius"", ""Turbine"", ""Braga""]","[0.9264807105064392, 0.6968661546707153, 0.5389549136161804, 0.43407225608825684, 0.4300749897956848]"
1,centroid,1,10,Alaris,Alaris,"[""Alaris"", ""Trius"", ""Alcatras"", ""Hawk"", ""Vega""]","[0.7988688945770264, 0.5645843744277954, 0.4166451096534729, 0.27267178893089294, 0.2723652720451355]"
1,centroid,1,11,Alaris,Alcatras,"[""Alcatras"", ""Alaris"", ""Castor"", ""Braga"", ""Mytikas""]","[0.7278199195861816, 0.6424410939216614, 0.6014530658721924, 0.5125811100006104, 0.5089679956436157]"
1,centroid,1,12,Alaris,Alaris,"[""Alaris"", ""Alcatras"", ""Hawk"", ""Trius"", ""Vega""]","[0.8501607179641724, 0.666094183921814, 0.4582905173301697, 0.29655683040618896, 0.2665059566497803]"
1,centroid,1,13,Alaris,Alaris,"[""Alaris"", ""Alcatras"", ""Hawk"", ""Braga"", ""Trius""]","[0.8772683143615723, 0.6589521169662476, 0.4945128262042999, 0.3232983946800232, 0.3176833689212799]"
1,centroid,1,14,Alaris,Alaris,"[""Alaris"", ""Alcatras"", ""Turbine"", ""Hawk"", ""Braga""]","[0.8416973352432251, 0.7006912231445312, 0.45467594265937805, 0.4063922166824341, 0.28231245279312134]"
1,centroid,1,15,Alaris,Alaris,"[""Alaris"", ""Alcatras"", ""Braga"", ""Trius"", ""Turbine""]","[0.9049310684204102, 0.7987797260284424, 0.47100019454956055, 0.4383718967437744, 0.38333630561828613]"
1,centroid,1,16,Alaris,Triton,"[""Triton"", ""Mytikas"", ""Alcatras"", ""Braga"", ""Trius""]","[0.7006811499595642, 0.6295430660247803, 0.4883071780204773, 0.4557875990867615, 0.4525986313819885]"
1,centroid,1,17,Alaris,Gemini,"[""Gemini"", ""Trius"", ""Braga"", ""Alaris"", ""Vega""]","[0.7345873117446899, 0.5819254517555237, 0.5815421938896179, 0.4978361129760742, 0.40764641761779785]"
1,centroid,1,18,Alaris,Alaris,"[""Alaris"", ""Alcatras"", ""Trius"", ""Braga"", ""Castor""]","[0.9225316047668457, 0.6916801929473877, 0.5151562094688416, 0.34528911113739014, 0.244095116853714]"
1,centroid,1,19,Alaris,Alaris,"[""Alaris"", ""Alcatras"", ""Trius"", ""Vega"", ""Hawk""]","[0.8683583736419678, 0.5019193291664124, 0.4634828567504883, 0.4397023320198059, 0.3156207203865051]"
1,centroid,1,20,Alaris,Alaris,"[""Alaris"", ""Alcatras"", ""Trius"", ""Hawk"", ""Vega""]","[0.7165966033935547, 0.46785083413124084, 0.3452095687389374, 0.3370080590248108, 0.2442459762096405]"
1,centroid,1,21,Alaris,Alaris,"[""Alaris"", ""Alcatras"", ""Hawk"", ""Trius"", ""Mytikas""]","[0.7503612041473389, 0.6347914934158325, 0.4205825924873352, 0.29055970907211304, 0.2665967345237732]"
1,centroid,1,22,Alaris,Alcatras,"[""Alcatras"", ""Alaris"", ""Hawk"", ""Turbine"", ""Castor""]","[0.7723726034164429, 0.724287211894989, 0.4076070487499237, 0.38957950472831726, 0.3574536442756653]"
1,centroid,1,23,Alaris,Alaris,"[""Alaris"", ""Alcatras"", ""Braga"", ""Trius"", ""Hawk""]","[0.8655591011047363, 0.552895188331604, 0.503351092338562, 0.43790000677108765, 0.4085864722728729]"
1,centroid,1,24,Alaris,Alaris,"[""Alaris"", ""Alcatras"", ""Hawk"", ""Turbine"", ""Castor""]","[0.7161475419998169, 0.5850825309753418, 0.28890588879585266, 0.24271881580352783, 0.1633242666721344]"
1,centroid,1,25,Alaris,Alaris,"[""Alaris"", ""Hawk"", ""Trius"", ""Braga"", ""Turbine""]","[0.6113876700401306, 0.5368744134902954, 0.5354419350624084, 0.531623363494873, 0.5127249360084534]"
1,centroid,1,26,Alaris,Alaris,"[""Alaris"", ""Alcatras"", ""Vega"", ""Turbine"", ""Hawk""]","[0.8200145959854126, 0.620479166507721, 0.41911211609840393, 0.3892512917518616, 0.33123448491096497]"
1,centroid,1,27,Alaris,Alaris,"[""Alaris"", ""Alcatras"", ""Vega"", ""Trius"", ""Hawk""]","[0.8274500370025635, 0.5306249260902405, 0.44507360458374023, 0.32234662771224976, 0.2464418113231659]"
1,centroid,1,28,Alcatras,Alcatras,"[""Alcatras"", ""Alaris"", ""Castor"", ""Mytikas"", ""Braga""]","[0.948217511177063, 0.6907483339309692, 0.5403611063957214, 0.36510419845581055, 0.3577556610107422]"
1,centroid,1,29,Alcatras,Alaris,"[""Alaris"", ""Alcatras"", ""Braga"", ""Turbine"", ""Trius""]","[0.717160701751709, 0.48636025190353394, 0.3749098777770996, 0.3602428138256073, 0.3077450394630432]"
1,centroid,1,30,Alcatras,Alcatras,"[""Alcatras"", ""Castor"", ""Alaris"", ""Trius"", ""Braga""]","[0.7559562921524048, 0.684429943561554, 0.6009739637374878, 0.4805687665939331, 0.42290282249450684]"
1,centroid,1,31,Alcatras,Alaris,"[""Alaris"", ""Alcatras"", ""Trius"", ""Triton"", ""Mytikas""]","[0.7362073659896851, 0.7330993413925171, 0.4656001031398773, 0.3547482490539551, 0.3483922779560089]"
1,centroid,1,32,Alcatras,Alcatras,"[""Alcatras"", ""Alaris"", ""Mytikas"", ""Castor"", ""Braga""]","[0.8111708760261536, 0.6752434968948364, 0.35491621494293213, 0.35351526737213135, 0.35251957178115845]"
1,centroid,1,33,Alcatras,Alcatras,"[""Alcatras"", ""Alaris"", ""Velorum"", ""Nivalis"", ""Ratikon""]","[0.5490794777870178, 0.5116602182388306, 0.44679373502731323, 0.34352049231529236, 0.2881622314453125]"
1,centroid,1,34,Alcatras,Alcatras,"[""Alcatras"", ""Alaris"", ""Castor"", ""Trius"", ""Braga""]","[0.9264195561408997, 0.8014624118804932, 0.6062682867050171, 0.4814820885658264, 0.4804387092590332]"
1,centroid,1,35,Alcatras,Alcatras,"[""Alcatras"", ""Braga"", ""Alaris"", ""Castor"", ""Trius""]","[0.8164686560630798, 0.6951866745948792, 0.6792223453521729, 0.6501052975654602, 0.4603255093097687]"
1,centroid,1,36,Alcatras,Alcatras,"[""Alcatras"", ""Mytikas"", ""Triton"", ""Braga"", ""Castor""]","[0.7746438980102539, 0.6008157730102539, 0.567448079586029, 0.5590171813964844, 0.5414438247680664]"
1,centroid,1,37,Alcatras,Alcatras,"[""Alcatras"", ""Alaris"", ""Braga"", ""Hawk"", ""Turbine""]","[0.8204994201660156, 0.7020602226257324, 0.5242314338684082, 0.4734799265861511, 0.43793559074401855]"
1,centroid,1,38,Alcatras,Alcatras,"[""Alcatras"", ""Turbine"", ""Alaris"", ""Castor"", ""Hawk""]","[0.8014428615570068, 0.6327088475227356, 0.5215495228767395, 0.4823628067970276, 0.3430061340332031]"
1,centroid,1,39,Alcatras,Alcatras,"[""Alcatras"", ""Turbine"", ""Alaris"", ""Mytikas"", ""Triton""]","[0.6181194186210632, 0.5158453583717346, 0.4957040250301361, 0.45679306983947754, 0.4534319043159485]"
1,centroid,1,40,Alcatras,Alcatras,"[""Alcatras"", ""Braga"", ""Alaris"", ""Castor"", ""Turbine""]","[0.7516669034957886, 0.708767294883728, 0.6956770420074463, 0.5832936763763428, 0.5765857100486755]"
1,centroid,1,41,Alcatras,Alcatras,"[""Alcatras"", ""Castor"", ""Mytikas"", ""Alaris"", ""Triton""]","[0.8427456021308899, 0.7919315695762634, 0.540277898311615, 0.4936175048351288, 0.4685283899307251]"
1,centroid,1,42,Alcatras,Castor,"[""Castor"", ""Mytikas"", ""Triton"", ""Braga"", ""Alcatras""]","[0.5973740816116333, 0.5898638963699341, 0.5454080700874329, 0.5345656871795654, 0.5252094268798828]"
1,centroid,1,43,Alcatras,Alcatras,"[""Alcatras"", ""Alaris"", ""Castor"", ""Braga"", ""Mytikas""]","[0.7654849290847778, 0.6870692372322083, 0.3915069103240967, 0.39141443371772766, 0.3912966847419739]"
1,centroid,1,44,Alcatras,Alcatras,"[""Alcatras"", ""Braga"", ""Alaris"", ""Mytikas"", ""Castor""]","[0.8471813201904297, 0.7383827567100525, 0.6282852292060852, 0.5567517280578613, 0.53171706199646]"
1,centroid,1,45,Alcatras,Alcatras,"[""Alcatras"", ""Braga"", ""Trius"", ""Alaris"", ""Mytikas""]","[0.67818284034729, 0.6580640077590942, 0.5989360809326172, 0.551270604133606, 0.5308018326759338]"
1,centroid,1,46,Alcatras,Alcatras,"[""Alcatras"", ""Castor"", ""Braga"", ""Mytikas"", ""Alaris""]","[0.8629990220069885, 0.7042763233184814, 0.572862446308136, 0.5538012981414795, 0.4816373586654663]"
1,centroid,1,47,Alcatras,Alcatras,"[""Alcatras"", ""Braga"", ""Turbine"", ""Alaris"", ""Triton""]","[0.7427679896354675, 0.6575493812561035, 0.6074073910713196, 0.5987436771392822, 0.567350447177887]"
1,centroid,1,48,Alcatras,Alcatras,"[""Alcatras"", ""Braga"", ""Castor"", ""Alaris"", ""Mytikas""]","[0.8141839504241943, 0.6865108013153076, 0.6168438196182251, 0.5913862586021423, 0.5023092031478882]"
1,centroid,1,49,Alcatras,Alcatras,"[""Alcatras"", ""Alaris"", ""Castor"", ""Hawk"", ""Turbine""]","[0.8874460458755493, 0.6686205267906189, 0.5745286345481873, 0.39188092947006226, 0.3893301486968994]"
1,centroid,1,50,Alcatras,Alcatras,"[""Alcatras"", ""Alaris"", ""Castor"", ""Braga"", ""Turbine""]","[0.8680227398872375, 0.7134077548980713, 0.6546913385391235, 0.5594981908798218, 0.46274906396865845]"
1,centroid,1,51,Alcatras,Alcatras,"[""Alcatras"", ""Mytikas"", ""Braga"", ""Triton"", ""Castor""]","[0.8347606062889099, 0.578924298286438, 0.5595332384109497, 0.5512343645095825, 0.5399419069290161]"
1,centroid,1,52,Alcatras,Alcatras,"[""Alcatras"", ""Alaris"", ""Braga"", ""Castor"", ""Mytikas""]","[0.8923124670982361, 0.748765230178833, 0.5820295214653015, 0.5030241012573242, 0.4753332734107971]"
1,centroid,1,53,Alcatras,Alcatras,"[""Alcatras"", ""Alaris"", ""Castor"", ""Braga"", ""Mytikas""]","[0.8639030456542969, 0.5921298265457153, 0.5205396413803101, 0.4663258492946625, 0.46540090441703796]"
1,centroid,1,54,Braga,Braga,"[""Braga"", ""Vega"", ""Mytikas"", ""Triton"", ""Turbine""]","[0.7366600036621094, 0.5375800132751465, 0.49732455611228943, 0.4698823392391205, 0.3752523958683014]"
1,centroid,1,55,Braga,Braga,"[""Braga"", ""Castor"", ""Alcatras"", ""Mytikas"", ""Triton""]","[0.9291385412216187, 0.6414250731468201, 0.5704071521759033, 0.5375758409500122, 0.5356978178024292]"
1,centroid,1,56,Braga,Braga,"[""Braga"", ""Gemini"", ""Triton"", ""Turbine"", ""Mytikas""]","[0.8613495826721191, 0.5388613343238831, 0.4222820997238159, 0.39342719316482544, 0.3498774766921997]"
1,centroid,1,57,Braga,Braga,"[""Braga"", ""Castor"", ""Turbine"", ""Mytikas"", ""Hawk""]","[0.8261110782623291, 0.5299767255783081, 0.48088932037353516, 0.4429660439491272, 0.4173399806022644]"
1,centroid,1,58,Braga,Braga,"[""Braga"", ""Triton"", ""Mytikas"", ""Alcatras"", ""Vega""]","[0.7680066227912903, 0.6264277696609497, 0.5690010190010071, 0.4232793152332306, 0.38885948061943054]"
1,centroid,1,59,Braga,Braga,"[""Braga"", ""Castor"", ""Alcatras"", ""Mytikas"", ""Turbine""]","[0.7987977266311646, 0.790346622467041, 0.6182367205619812, 0.5048435926437378, 0.48846235871315]"
1,centroid,1,60,Braga,Braga,"[""Braga"", ""Gemini"", ""Hawk"", ""Xtreme"", ""Vega""]","[0.653449296951294, 0.6208782196044922, 0.35978633165359497, 0.32224756479263306, 0.32073548436164856]"
1,centroid,1,61,Braga,Braga,"[""Braga"", ""Alcatras"", ""Alaris"", ""Turbine"", ""Hawk""]","[0.6943889260292053, 0.6118735074996948, 0.5650758147239685, 0.5613693594932556, 0.5030186176300049]"
1,centroid,1,62,Braga,Braga,"[""Braga"", ""Alcatras"", ""Castor"", ""Alaris"", ""Mytikas""]","[0.8503226637840271, 0.6284642815589905, 0.5618875026702881, 0.4800434112548828, 0.4468124508857727]"
1,centroid,1,63,Braga,Braga,"[""Braga"", ""Alcatras"", ""Alaris"", ""Castor"", ""Mytikas""]","[0.8481666445732117, 0.5960363149642944, 0.5583934187889099, 0.5265442132949829, 0.391788512468338]"
1,centroid,1,64,Braga,Braga,"[""Braga"", ""Castor"", ""Triton"", ""Alcatras"", ""Mytikas""]","[0.8350943326950073, 0.7105123996734619, 0.6459997296333313, 0.6051955819129944, 0.5874017477035522]"
1,centroid,1,65,Braga,Triton,"[""Triton"", ""Braga"", ""Trius"", ""Mytikas"", ""Castor""]","[0.7003923654556274, 0.6988834142684937, 0.6381728649139404, 0.4383407533168793, 0.41246065497398376]"
1,centroid,1,66,Braga,Braga,"[""Braga"", ""Hawk"", ""Turbine"", ""Alaris"", ""Vega""]","[0.817145824432373, 0.6489541530609131, 0.5950948596000671, 0.5326806306838989, 0.5070192217826843]"
1,centroid,1,67,Braga,Braga,"[""Braga"", ""Mytikas"", ""Vega"", ""Triton"", ""Gemini""]","[0.7605887055397034, 0.5118762254714966, 0.48856157064437866, 0.41859856247901917, 0.3340228497982025]"
1,centroid,1,68,Braga,Triton,"[""Triton"", ""Braga"", ""Mytikas"", ""Castor"", ""Trius""]","[0.823661208152771, 0.7825684547424316, 0.6686158776283264, 0.5301419496536255, 0.4028957784175873]"
1,centroid,1,69,Braga,Braga,"[""Braga"", ""Vega"", ""Alaris"", ""Turbine"", ""Hawk""]","[0.7499581575393677, 0.6417680978775024, 0.46975603699684143, 0.4512498378753662, 0.4511519968509674]"
1,centroid,1,70,Braga,Braga,"[""Braga"", ""Alaris"", ""Alcatras"", ""Trius"", ""Gemini""]","[0.7896994948387146, 0.44783952832221985, 0.390064001083374, 0.3620111644268036, 0.3491389751434326]"
1,centroid,1,71,Braga,Braga,"[""Braga"", ""Castor"", ""Alcatras"", ""Triton"", ""Turbine""]","[0.8760063648223877, 0.557219386100769, 0.532517671585083, 0.5185354948043823, 0.4972633421421051]"
1,centroid,1,72,Braga,Braga,"[""Braga"", ""Vega"", ""Hawk"", ""Turbine"", ""Gemini""]","[0.7462594509124756, 0.6564540863037109, 0.5621830224990845, 0.44311898946762085, 0.3240433931350708]"
1,centroid,1,73,Braga,Braga,"[""Braga"", ""Trius"", ""Triton"", ""Castor"", ""Alaris""]","[0.8695589303970337, 0.5816682577133179, 0.5577235221862793, 0.5389467477798462, 0.44739851355552673]"
1,centroid,1,74,Braga,Braga,"[""Braga"", ""Triton"", ""Trius"", ""Mytikas"", ""Castor""]","[0.8196344971656799, 0.6073017120361328, 0.5404804944992065, 0.49054285883903503, 0.48188847303390503]"
1,centroid,1,75,Braga,Braga,"[""Braga"", ""Alcatras"", ""Castor"", ""Alaris"", ""Mytikas""]","[0.8874859809875488, 0.5622714757919312, 0.5597546100616455, 0.5275765657424927, 0.5099928379058838]"
1,centroid,1,76,Braga,Braga,"[""Braga"", ""Mytikas"", ""Triton"", ""Trius"", ""Alcatras""]","[0.8109335899353027, 0.6035110354423523, 0.5189847946166992, 0.4550348222255707, 0.4388275742530823]"
1,centroid,1,77,Braga,Braga,"[""Braga"", ""Alcatras"", ""Alaris"", ""Castor"", ""Turbine""]","[0.7570505142211914, 0.5687260627746582, 0.5626680254936218, 0.5058493614196777, 0.4993496835231781]"
1,centroid,1,78,Braga,Braga,"[""Braga"", ""Triton"", ""Alaris"", ""Trius"", ""Castor""]","[0.6936080455780029, 0.6423083543777466, 0.5418086051940918, 0.5134052038192749, 0.48243337869644165]"
1,centroid,1,79,Braga,Braga,"[""Braga"", ""Triton"", ""Mytikas"", ""Castor"", ""Turbine""]","[0.8478600382804871, 0.7142333984375, 0.6925365328788757, 0.5879062414169312, 0.5129446983337402]"
1,centroid,1,80,Braga,Braga,"[""Braga"", ""Mytikas"", ""Castor"", ""Triton"", ""Trius""]","[0.727657675743103, 0.6264181137084961, 0.5384485721588135, 0.5352067351341248, 0.5147108435630798]"
1,centroid,1,81,Braga,Turbine,"[""Turbine"", ""Alcatras"", ""Hawk"", ""Mytikas"", ""Castor""]","[0.6811632513999939, 0.601132869720459, 0.4880976676940918, 0.4651641249656677, 0.42717206478118896]"
1,centroid,1,82,Braga,Braga,"[""Braga"", ""Vega"", ""Hawk"", ""Gemini"", ""Trius""]","[0.6061150431632996, 0.5266072750091553, 0.5104637742042542, 0.4037094712257385, 0.25283369421958923]"
1,centroid,1,83,Braga,Braga,"[""Braga"", ""Castor"", ""Alcatras"", ""Alaris"", ""Triton""]","[0.8025401830673218, 0.6982409954071045, 0.6869211196899414, 0.6581779718399048, 0.5531934499740601]"
1,centroid,1,84,Braga,Braga,"[""Braga"", ""Triton"", ""Turbine"", ""Alaris"", ""Castor""]","[0.9047486782073975, 0.5471967458724976, 0.5280990600585938, 0.4461650252342224, 0.44558000564575195]"
1,centroid,1,85,Braga,Braga,"[""Braga"", ""Vega"", ""Gemini"", ""Turbine"", ""Hawk""]","[0.8419931530952454, 0.5630196332931519, 0.3827618360519409, 0.3436127007007599, 0.34321266412734985]"
1,centroid,1,86,Braga,Braga,"[""Braga"", ""Triton"", ""Turbine"", ""Trius"", ""Mytikas""]","[0.871921181678772, 0.5865892171859741, 0.5085203647613525, 0.5007987022399902, 0.4792218506336212]"
1,centroid,1,87,Braga,Braga,"[""Braga"", ""Vega"", ""Hawk"", ""Gemini"", ""Turbine""]","[0.6574195027351379, 0.6334364414215088, 0.5929749011993408, 0.5381630659103394, 0.4210851788520813]"
1,centroid,1,88,Braga,Braga,"[""Braga"", ""Hawk"", ""Turbine"", ""Castor"", ""Vega""]","[0.7237538695335388, 0.6226825714111328, 0.5569615364074707, 0.35498565435409546, 0.336001992225647]"
1,centroid,1,89,Braga,Braga,"[""Braga"", ""Gemini"", ""Hawk"", ""Vega"", ""Alaris""]","[0.5851384401321411, 0.5031201243400574, 0.48916375637054443, 0.45403438806533813, 0.296353280544281]"
1,centroid,1,90,Braga,Braga,"[""Braga"", ""Trius"", ""Alaris"", ""Triton"", ""Mytikas""]","[0.8323533535003662, 0.6749876737594604, 0.6281390190124512, 0.6131613254547119, 0.5011420845985413]"
1,centroid,1,91,Braga,Vega,"[""Vega"", ""Braga"", ""Trius"", ""Gemini"", ""Alaris""]","[0.6327557563781738, 0.549100399017334, 0.5425753593444824, 0.5357581377029419, 0.38831478357315063]"
1,centroid,1,92,Castor,Castor,"[""Castor"", ""Alcatras"", ""Turbine"", ""Triton"", ""Braga""]","[0.8960222005844116, 0.4877508878707886, 0.4874520003795624, 0.47041523456573486, 0.451765775680542]"
1,centroid,1,93,Castor,Castor,"[""Castor"", ""Triton"", ""Mytikas"", ""Alcatras"", ""Braga""]","[0.8712142705917358, 0.4988762140274048, 0.47457996010780334, 0.3701527416706085, 0.31171876192092896]"
1,centroid,1,94,Castor,Castor,"[""Castor"", ""Alcatras"", ""Triton"", ""Braga"", ""Turbine""]","[0.875443160533905, 0.5300887823104858, 0.5050686597824097, 0.48307931423187256, 0.4158976078033447]"
1,centroid,1,95,Castor,Castor,"[""Castor"", ""Turbine"", ""Alcatras"", ""Braga"", ""Triton""]","[0.8825181722640991, 0.6764003038406372, 0.5930863618850708, 0.5010525584220886, 0.470150351524353]"
1,centroid,1,96,Castor,Mytikas,"[""Mytikas"", ""Alcatras"", ""Castor"", ""Alaris"", ""Trius""]","[0.6058045625686646, 0.6037259101867676, 0.5762119293212891, 0.4972957372665405, 0.44818115234375]"
1,centroid,1,97,Castor,Castor,"[""Castor"", ""Mytikas"", ""Triton"", ""Alcatras"", ""Braga""]","[0.8032826781272888, 0.7553873658180237, 0.6671695113182068, 0.5915403366088867, 0.440097451210022]"
1,centroid,1,98,Castor,Castor,"[""Castor"", ""Turbine"", ""Alcatras"", ""Mytikas"", ""Triton""]","[0.9161630272865295, 0.6568998694419861, 0.5994018316268921, 0.4379841089248657, 0.39852797985076904]"
1,centroid,1,99,Castor,Castor,"[""Castor"", ""Alcatras"", ""Braga"", ""Mytikas"", ""Alaris""]","[0.806846022605896, 0.7270976305007935, 0.5860037803649902, 0.4777851104736328, 0.4335329234600067]"
1,centroid,1,100,Castor,Castor,"[""Castor"", ""Turbine"", ""Alcatras"", ""Braga"", ""Mytikas""]","[0.8636415004730225, 0.6528134346008301, 0.5209823846817017, 0.4213784337043762, 0.40219560265541077]"
1,centroid,1,101,Castor,Alcatras,"[""Alcatras"", ""Alaris"", ""Braga"", ""Hawk"", ""Castor""]","[0.7004178762435913, 0.6649110913276672, 0.6029236316680908, 0.5577677488327026, 0.44588178396224976]"
1,centroid,1,102,Castor,Castor,"[""Castor"", ""Alcatras"", ""Turbine"", ""Mytikas"", ""Braga""]","[0.9021295309066772, 0.6420893669128418, 0.583192765712738, 0.43091267347335815, 0.3776835501194]"
1,centroid,1,103,Castor,Castor,"[""Castor"", ""Alcatras"", ""Mytikas"", ""Turbine"", ""Triton""]","[0.8867621421813965, 0.5653318762779236, 0.5403021574020386, 0.4274236559867859, 0.398436963558197]"
1,centroid,1,104,Castor,Castor,"[""Castor"", ""Alcatras"", ""Mytikas"", ""Braga"", ""Turbine""]","[0.9077615737915039, 0.7153328657150269, 0.6234469413757324, 0.5163467526435852, 0.44210606813430786]"
1,centroid,1,105,Castor,Castor,"[""Castor"", ""Mytikas"", ""Triton"", ""Braga"", ""Alcatras""]","[0.7886168956756592, 0.6258270740509033, 0.5925592184066772, 0.5741574764251709, 0.5269257426261902]"
1,centroid,1,106,Castor,Castor,"[""Castor"", ""Alcatras"", ""Turbine"", ""Mytikas"", ""Braga""]","[0.9228968620300293, 0.5423221588134766, 0.5348290205001831, 0.5331002473831177, 0.5133610367774963]"
1,centroid,1,107,Castor,Castor,"[""Castor"", ""Braga"", ""Alcatras"", ""Mytikas"", ""Triton""]","[0.9092298150062561, 0.54072105884552, 0.5335206389427185, 0.519172728061676, 0.3971456289291382]"
1,centroid,1,108,Castor,Castor,"[""Castor"", ""Mytikas"", ""Triton"", ""Alcatras"", ""Braga""]","[0.8610183596611023, 0.6769579648971558, 0.6761114001274109, 0.5766170620918274, 0.5111161470413208]"
1,centroid,1,109,Castor,Castor,"[""Castor"", ""Triton"", ""Mytikas"", ""Alcatras"", ""Braga""]","[0.7678132057189941, 0.750733494758606, 0.6917085647583008, 0.5859560370445251, 0.5582754611968994]"
1,centroid,1,110,Castor,Castor,"[""Castor"", ""Mytikas"", ""Alcatras"", ""Triton"", ""Braga""]","[0.780776858329773, 0.7783156633377075, 0.6087104082107544, 0.5674552917480469, 0.4381362795829773]"
1,centroid,1,111,Castor,Castor,"[""Castor"", ""Triton"", ""Mytikas"", ""Braga"", ""Alcatras""]","[0.8215972185134888, 0.6297124624252319, 0.6242746114730835, 0.5451638698577881, 0.4527636468410492]"
1,centroid,1,112,Castor,Castor,"[""Castor"", ""Turbine"", ""Alcatras"", ""Braga"", ""Mytikas""]","[0.9004205465316772, 0.6424456834793091, 0.6164711713790894, 0.6028108596801758, 0.45058995485305786]"
1,centroid,1,113,Castor,Castor,"[""Castor"", ""Alcatras"", ""Mytikas"", ""Braga"", ""Triton""]","[0.896706223487854, 0.754807710647583, 0.5819810628890991, 0.49729394912719727, 0.4440184235572815]"
1,centroid,1,114,Castor,Castor,"[""Castor"", ""Mytikas"", ""Turbine"", ""Alcatras"", ""Triton""]","[0.9110774993896484, 0.5616650581359863, 0.4889695644378662, 0.48186957836151123, 0.46927332878112793]"
1,centroid,1,115,Castor,Castor,"[""Castor"", ""Mytikas"", ""Alcatras"", ""Braga"", ""Triton""]","[0.9029741287231445, 0.5618533492088318, 0.5520683526992798, 0.5128006935119629, 0.4364778399467468]"
1,centroid,1,116,Castor,Castor,"[""Castor"", ""Alcatras"", ""Braga"", ""Mytikas"", ""Turbine""]","[0.9197936058044434, 0.673949122428894, 0.6636265516281128, 0.5184024572372437, 0.516797661781311]"
1,centroid,1,117,Castor,Castor,"[""Castor"", ""Mytikas"", ""Alcatras"", ""Triton"", ""Braga""]","[0.9123967885971069, 0.6565406918525696, 0.6414377689361572, 0.5857185125350952, 0.5340394973754883]"
1,centroid,1,118,Castor,Castor,"[""Castor"", ""Mytikas"", ""Alcatras"", ""Turbine"", ""Triton""]","[0.914230227470398, 0.5312495231628418, 0.529843807220459, 0.5106964707374573, 0.4973148703575134]"
1,centroid,1,119,Castor,Alcatras,"[""Alcatras"", ""Alaris"", ""Mytikas"", ""Castor"", ""Trius""]","[0.8383651375770569, 0.6997494101524353, 0.6171889305114746, 0.4767864942550659, 0.4580326974391937]"
1,centroid,1,120,Castor,Castor,"[""Castor"", ""Triton"", ""Trius"", ""Mytikas"", ""Alcatras""]","[0.7202863693237305, 0.6215404272079468, 0.6211707592010498, 0.5923593640327454, 0.45393890142440796]"
1,centroid,1,121,Castor,Castor,"[""Castor"", ""Alcatras"", ""Mytikas"", ""Braga"", ""Turbine""]","[0.9444490671157837, 0.5807026624679565, 0.496557354927063, 0.43115881085395813, 0.4221181869506836]"
1,centroid,1,122,Castor,Castor,"[""Castor"", ""Alcatras"", ""Turbine"", ""Triton"", ""Braga""]","[0.8617659211158752, 0.691892683506012, 0.6467998623847961, 0.49120792746543884, 0.44979435205459595]"
1,centroid,1,123,Castor,Castor,"[""Castor"", ""Mytikas"", ""Triton"", ""Alcatras"", ""Braga""]","[0.8289490938186646, 0.6831784248352051, 0.6295413970947266, 0.468736857175827, 0.4151386022567749]"
1,centroid,1,124,Denom,Denom,"[""Denom"", ""Ratikon"", ""Nivalis"", ""Steel_Wheel"", ""Ilias""]","[0.7465431094169617, 0.5396360158920288, 0.4927961230278015, 0.1840643584728241, 0.17070768773555756]"
1,centroid,1,125,Denom,Denom,"[""Denom"", ""Nivalis"", ""Ratikon"", ""Velorum"", ""Ilias""]","[0.8760005831718445, 0.7214350700378418, 0.6996554136276245, 0.6085851192474365, 0.6038848757743835]"
1,centroid,1,126,Denom,Denom,"[""Denom"", ""Nivalis"", ""Ratikon"", ""Ilias"", ""Velorum""]","[0.9021846055984497, 0.8402808904647827, 0.8016747236251831, 0.6335768699645996, 0.5280838012695312]"
1,centroid,1,127,Denom,Denom,"[""Denom"", ""Ratikon"", ""Nivalis"", ""Ilias"", ""Velorum""]","[0.9328083992004395, 0.6753367781639099, 0.6360073089599609, 0.5120408535003662, 0.36570435762405396]"
1,centroid,1,128,Denom,Denom,"[""Denom"", ""Ratikon"", ""Ilias"", ""Nivalis"", ""Gemini""]","[0.7815765738487244, 0.44757163524627686, 0.41391581296920776, 0.4048948287963867, 0.3554587662220001]"
1,centroid,1,129,Denom,Denom,"[""Denom"", ""Ratikon"", ""Nivalis"", ""Ilias"", ""Velorum""]","[0.9638841152191162, 0.7523823380470276, 0.6351986527442932, 0.5784890651702881, 0.18102575838565826]"
1,centroid,1,130,Denom,Denom,"[""Denom"", ""Ratikon"", ""Nivalis"", ""Ilias"", ""Velorum""]","[0.9375181794166565, 0.8376848101615906, 0.6747218370437622, 0.665623664855957, 0.1614380180835724]"
1,centroid,1,131,Denom,Denom,"[""Denom"", ""Ratikon"", ""Nivalis"", ""Ilias"", ""Velorum""]","[0.8660032153129578, 0.6759763956069946, 0.6214234828948975, 0.4374268651008606, 0.3302898406982422]"
1,centroid,1,132,Denom,Denom,"[""Denom"", ""Ratikon"", ""Ilias"", ""Nivalis"", ""Velorum""]","[0.904692530632019, 0.8395489454269409, 0.6876817941665649, 0.6663035154342651, 0.3773443400859833]"
1,centroid,1,133,Denom,Denom,"[""Denom"", ""Nivalis"", ""Ratikon"", ""Ilias"", ""Velorum""]","[0.9623638391494751, 0.7932744026184082, 0.7684993743896484, 0.5616178512573242, 0.33806461095809937]"
1,centroid,1,134,Denom,Denom,"[""Denom"", ""Velorum"", ""Nivalis"", ""Trius"", ""Ratikon""]","[0.7125383615493774, 0.44275426864624023, 0.4382922947406769, 0.3992883265018463, 0.32949283719062805]"
1,centroid,1,135,Denom,Ratikon,"[""Ratikon"", ""Denom"", ""Ilias"", ""Nivalis"", ""Velorum""]","[0.7841270565986633, 0.771033763885498, 0.7149291038513184, 0.589047908782959, 0.45365604758262634]"
1,centroid,1,136,Denom,Ratikon,"[""Ratikon"", ""Denom"", ""Nivalis"", ""Ilias"", ""Velorum""]","[0.8984403014183044, 0.8780670166015625, 0.7475694417953491, 0.7181607484817505, 0.21616221964359283]"
1,centroid,1,137,Denom,Castor,"[""Castor"", ""Braga"", ""Steel_Wheel"", ""Turbine"", ""Hawk""]","[0.34262776374816895, 0.3414806127548218, 0.3310867249965668, 0.17986169457435608, 0.06245414912700653]"
1,centroid,1,138,Denom,Denom,"[""Denom"", ""Nivalis"", ""Ratikon"", ""Ilias"", ""Steel_Wheel""]","[0.8675100803375244, 0.7882422208786011, 0.7503393888473511, 0.4059996008872986, 0.2585708200931549]"
1,centroid,1,139,Denom,Denom,"[""Denom"", ""Ratikon"", ""Nivalis"", ""Ilias"", ""Velorum""]","[0.9556196928024292, 0.7993523478507996, 0.6431555151939392, 0.6247724890708923, 0.37275540828704834]"
1,centroid,1,140,Denom,Denom,"[""Denom"", ""Ratikon"", ""Ilias"", ""Nivalis"", ""Velorum""]","[0.9329978227615356, 0.7306200265884399, 0.6796648502349854, 0.5983224511146545, 0.28173595666885376]"
1,centroid,1,141,Denom,Ratikon,"[""Ratikon"", ""Denom"", ""Ilias"", ""Nivalis"", ""Velorum""]","[0.8878847360610962, 0.7980936765670776, 0.7844251990318298, 0.621274471282959, 0.19530951976776123]"
1,centroid,1,142,Denom,Ratikon,"[""Ratikon"", ""Ilias"", ""Denom"", ""Nivalis"", ""Velorum""]","[0.8910930156707764, 0.8242236971855164, 0.7824501991271973, 0.6187427043914795, 0.5444362163543701]"
1,centroid,1,143,Denom,Denom,"[""Denom"", ""Nivalis"", ""Ratikon"", ""Ilias"", ""Xtreme""]","[0.9547222852706909, 0.7323282957077026, 0.6978724002838135, 0.4782373607158661, 0.23192662000656128]"
1,centroid,1,144,Denom,Denom,"[""Denom"", ""Ratikon"", ""Nivalis"", ""Ilias"", ""Velorum""]","[0.9345167875289917, 0.771368145942688, 0.7201852798461914, 0.6964371204376221, 0.2967614531517029]"
1,centroid,1,145,Denom,Denom,"[""Denom"", ""Ratikon"", ""Nivalis"", ""Ilias"", ""Xtreme""]","[0.7915112972259521, 0.5634150505065918, 0.4407642185688019, 0.43893861770629883, 0.2628413438796997]"
1,centroid,1,146,Denom,Denom,"[""Denom"", ""Ratikon"", ""Nivalis"", ""Ilias"", ""Velorum""]","[0.9025963544845581, 0.7745391726493835, 0.6745507717132568, 0.49601688981056213, 0.24581530690193176]"
1,centroid,1,147,Denom,Denom,"[""Denom"", ""Ratikon"", ""Ilias"", ""Nivalis"", ""Velorum""]","[0.9380309581756592, 0.7127802968025208, 0.561194896697998, 0.5198351144790649, 0.157112717628479]"
1,centroid,1,148,Denom,Ratikon,"[""Ratikon"", ""Denom"", ""Ilias"", ""Nivalis"", ""Velorum""]","[0.6310251951217651, 0.6218277215957642, 0.4303605556488037, 0.2158166468143463, 0.10594988614320755]"
1,centroid,1,149,Denom,Denom,"[""Denom"", ""Nivalis"", ""Ratikon"", ""Ilias"", ""Velorum""]","[0.956877589225769, 0.7339334487915039, 0.7285712957382202, 0.6824697256088257, 0.4890170991420746]"
1,centroid,1,150,Denom,Denom,"[""Denom"", ""Nivalis"", ""Ratikon"", ""Ilias"", ""Velorum""]","[0.9283133149147034, 0.7245330810546875, 0.717208981513977, 0.6701198816299438, 0.4043726921081543]"
1,centroid,1,151,Denom,Ratikon,"[""Ratikon"", ""Denom"", ""Ilias"", ""Nivalis"", ""Velorum""]","[0.8746190071105957, 0.8209006190299988, 0.7547957897186279, 0.5509085059165955, 0.24772106111049652]"
1,centroid,1,152,Denom,Denom,"[""Denom"", ""Ratikon"", ""Nivalis"", ""Ilias"", ""Velorum""]","[0.9097381830215454, 0.8948345184326172, 0.7969809174537659, 0.6376380324363708, 0.32221657037734985]"
1,centroid,1,153,Denom,Trius,"[""Trius"", ""Denom"", ""Gemini"", ""Xtreme"", ""Steel_Wheel""]","[0.5919686555862427, 0.573524534702301, 0.3836219310760498, 0.32764965295791626, 0.30186086893081665]"
1,centroid,1,154,Denom,Denom,"[""Denom"", ""Ilias"", ""Nivalis"", ""Velorum"", ""Xtreme""]","[0.7367250919342041, 0.499125599861145, 0.4688398241996765, 0.4414246082305908, 0.4066222906112671]"
1,centroid,1,155,Denom,Denom,"[""Denom"", ""Ratikon"", ""Nivalis"", ""Ilias"", ""Xtreme""]","[0.8452267646789551, 0.5953859686851501, 0.509023129940033, 0.33603569865226746, 0.2475278079509735]"
1,centroid,1,156,Denom,Denom,"[""Denom"", ""Nivalis"", ""Ratikon"", ""Ilias"", ""Velorum""]","[0.9497554898262024, 0.8447462320327759, 0.8021078109741211, 0.6484619975090027, 0.48078691959381104]"
1,centroid,1,157,Denom,Ratikon,"[""Ratikon"", ""Denom"", ""Nivalis"", ""Ilias"", ""Velorum""]","[0.8606420159339905, 0.8511835932731628, 0.6916523575782776, 0.5517781376838684, 0.24390161037445068]"
1,centroid,1,158,Denom,Denom,"[""Denom"", ""Ratikon"", ""Nivalis"", ""Ilias"", ""Velorum""]","[0.9260795712471008, 0.8260314464569092, 0.7209662199020386, 0.5910789966583252, 0.2396954596042633]"
1,centroid,1,159,Denom,Denom,"[""Denom"", ""Nivalis"", ""Ratikon"", ""Ilias"", ""Velorum""]","[0.9567170143127441, 0.7613875865936279, 0.7216474413871765, 0.5202277898788452, 0.3834747076034546]"
1,centroid,1,160,Denom,Denom,"[""Denom"", ""Ratikon"", ""Ilias"", ""Nivalis"", ""Triton""]","[0.7186821699142456, 0.5620144605636597, 0.5346481800079346, 0.4409583508968353, 0.33575326204299927]"
1,centroid,1,161,Denom,Denom,"[""Denom"", ""Ratikon"", ""Nivalis"", ""Ilias"", ""Velorum""]","[0.8935876488685608, 0.7266669273376465, 0.6873517632484436, 0.581902265548706, 0.240431547164917]"
1,centroid,1,162,Gemini,Gemini,"[""Gemini"", ""Xtreme"", ""Trius"", ""Vega"", ""Braga""]","[0.951257050037384, 0.7314696311950684, 0.21932761371135712, 0.183705672621727, 0.08915705978870392]"
1,centroid,1,163,Gemini,Denom,"[""Denom"", ""Ilias"", ""Xtreme"", ""Nivalis"", ""Ratikon""]","[0.5436395406723022, 0.475725382566452, 0.42727988958358765, 0.3871627151966095, 0.32790398597717285]"
1,centroid,1,164,Gemini,Gemini,"[""Gemini"", ""Alaris"", ""Vega"", ""Trius"", ""Turbine""]","[0.4461246728897095, 0.3666988015174866, 0.35097765922546387, 0.34278154373168945, 0.20790967345237732]"
1,centroid,1,165,Gemini,Gemini,"[""Gemini"", ""Xtreme"", ""Vega"", ""Trius"", ""Braga""]","[0.887509822845459, 0.5616662502288818, 0.4724465608596802, 0.07851900905370712, 0.035220831632614136]"
1,centroid,1,166,Gemini,Gemini,"[""Gemini"", ""Xtreme"", ""Triton"", ""Trius"", ""Mytikas""]","[0.7675876617431641, 0.5586255788803101, 0.5019948482513428, 0.42634832859039307, 0.35249006748199463]"
1,centroid,1,167,Gemini,Gemini,"[""Gemini"", ""Trius"", ""Denom"", ""Braga"", ""Triton""]","[0.6405324935913086, 0.6299736499786377, 0.30967408418655396, 0.29973405599594116, 0.26053112745285034]"
1,centroid,1,168,Gemini,Gemini,"[""Gemini"", ""Trius"", ""Xtreme"", ""Vega"", ""Denom""]","[0.773681104183197, 0.46505099534988403, 0.3341573178768158, 0.29121875762939453, 0.2511523365974426]"
1,centroid,1,169,Gemini,Gemini,"[""Gemini"", ""Xtreme"", ""Vega"", ""Trius"", ""Braga""]","[0.8686286211013794, 0.6410634517669678, 0.43258267641067505, 0.39423680305480957, 0.30969277024269104]"
1,centroid,1,170,Gemini,Gemini,"[""Gemini"", ""Xtreme"", ""Braga"", ""Trius"", ""Mytikas""]","[0.7268933057785034, 0.5462419390678406, 0.473867267370224, 0.46710777282714844, 0.42358046770095825]"
1,centroid,1,171,Gemini,Gemini,"[""Gemini"", ""Triton"", ""Xtreme"", ""Mytikas"", ""Braga""]","[0.7355849742889404, 0.5640289783477783, 0.5494092702865601, 0.48430097103118896, 0.47580817341804504]"
1,centroid,1,172,Gemini,Gemini,"[""Gemini"", ""Xtreme"", ""Trius"", ""Braga"", ""Triton""]","[0.9434363842010498, 0.6153640151023865, 0.44848689436912537, 0.32910633087158203, 0.30987221002578735]"
1,centroid,1,173,Gemini,Gemini,"[""Gemini"", ""Trius"", ""Vega"", ""Braga"", ""Alaris""]","[0.712493896484375, 0.5962892770767212, 0.4857737720012665, 0.46761345863342285, 0.38601791858673096]"
1,centroid,1,174,Gemini,Gemini,"[""Gemini"", ""Xtreme"", ""Vega"", ""Trius"", ""Ilias""]","[0.9028465151786804, 0.5362469553947449, 0.32165268063545227, 0.1785220503807068, 0.14597612619400024]"
1,centroid,1,175,Gemini,Trius,"[""Trius"", ""Gemini"", ""Mytikas"", ""Alaris"", ""Triton""]","[0.6615854501724243, 0.5897545218467712, 0.4984704256057739, 0.41033437848091125, 0.396293580532074]"
1,centroid,1,176,Gemini,Gemini,"[""Gemini"", ""Xtreme"", ""Vega"", ""Trius"", ""Braga""]","[0.8608714938163757, 0.49880117177963257, 0.45035219192504883, 0.15802496671676636, 0.14865025877952576]"
1,centroid,1,177,Gemini,Gemini,"[""Gemini"", ""Xtreme"", ""Vega"", ""Trius"", ""Hawk""]","[0.8221691250801086, 0.4295662045478821, 0.35651326179504395, 0.3242506682872772, 0.15016470849514008]"
1,centroid,1,178,Gemini,Gemini,"[""Gemini"", ""Xtreme"", ""Vega"", ""Hawk"", ""Alaris""]","[0.7976856231689453, 0.45541703701019287, 0.3993896245956421, 0.23821082711219788, 0.1910482794046402]"
1,centroid,1,179,Gemini,Gemini,"[""Gemini"", ""Xtreme"", ""Vega"", ""Ilias"", ""Steel_Wheel""]","[0.8440567255020142, 0.6301488876342773, 0.27075332403182983, 0.058593980967998505, 0.034573040902614594]"
1,centroid,1,180,Gemini,Gemini,"[""Gemini"", ""Xtreme"", ""Vega"", ""Trius"", ""Hawk""]","[0.9193421602249146, 0.4758179783821106, 0.374458909034729, 0.21411508321762085, 0.09143424034118652]"
1,centroid,1,181,Gemini,Gemini,"[""Gemini"", ""Trius"", ""Xtreme"", ""Braga"", ""Alaris""]","[0.7194636464118958, 0.5273808836936951, 0.5005979537963867, 0.4666669964790344, 0.43326336145401]"
1,centroid,1,182,Gemini,Gemini,"[""Gemini"", ""Xtreme"", ""Trius"", ""Braga"", ""Ilias""]","[0.9101070165634155, 0.6954799294471741, 0.39654016494750977, 0.205738365650177, 0.19486668705940247]"
1,centroid,1,183,Gemini,Gemini,"[""Gemini"", ""Xtreme"", ""Vega"", ""Braga"", ""Trius""]","[0.9134129285812378, 0.6412937641143799, 0.2799149751663208, 0.10478594899177551, 0.09953627735376358]"
1,centroid,1,184,Gemini,Gemini,"[""Gemini"", ""Xtreme"", ""Vega"", ""Trius"", ""Braga""]","[0.9074621796607971, 0.5048536062240601, 0.3440724313259125, 0.20567210018634796, 0.04066552221775055]"
1,centroid,1,185,Gemini,Gemini,"[""Gemini"", ""Xtreme"", ""Vega"", ""Trius"", ""Braga""]","[0.9316515922546387, 0.5231690406799316, 0.30385375022888184, 0.21712708473205566, 0.12338587641716003]"
1,centroid,1,186,Gemini,Gemini,"[""Gemini"", ""Xtreme"", ""Braga"", ""Vega"", ""Denom""]","[0.8633379340171814, 0.7583523392677307, 0.14720630645751953, 0.14017750322818756, 0.10536506772041321]"
1,centroid,1,187,Gemini,Gemini,"[""Gemini"", ""Xtreme"", ""Vega"", ""Trius"", ""Ilias""]","[0.9210995435714722, 0.7400524020195007, 0.20670613646507263, 0.12334434688091278, 0.08520357310771942]"
1,centroid,1,188,Gemini,Gemini,"[""Gemini"", ""Vega"", ""Xtreme"", ""Hawk"", ""Braga""]","[0.7954714894294739, 0.5618598461151123, 0.5077781081199646, 0.1988399177789688, 0.1900193989276886]"
1,centroid,1,189,Hawk,Hawk,"[""Hawk"", ""Vega"", ""Turbine"", ""Braga"", ""Gemini""]","[0.8551592826843262, 0.5007266402244568, 0.47048643231391907, 0.317458838224411, 0.11139880120754242]"
1,centroid,1,190,Hawk,Hawk,"[""Hawk"", ""Vega"", ""Braga"", ""Turbine"", ""Alcatras""]","[0.8985819816589355, 0.3757147192955017, 0.28213363885879517, 0.24430856108665466, 0.20382633805274963]"
1,centroid,1,191,Hawk,Hawk,"[""Hawk"", ""Alcatras"", ""Alaris"", ""Vega"", ""Braga""]","[0.8173637390136719, 0.4107916057109833, 0.4032212495803833, 0.316739022731781, 0.31491318345069885]"
1,centroid,1,192,Hawk,Hawk,"[""Hawk"", ""Vega"", ""Alcatras"", ""Alaris"", ""Braga""]","[0.8617810010910034, 0.2995535135269165, 0.2835365831851959, 0.27004435658454895, 0.18542788922786713]"
1,centroid,1,193,Hawk,Hawk,"[""Hawk"", ""Vega"", ""Turbine"", ""Alcatras"", ""Alaris""]","[0.9142746925354004, 0.41693800687789917, 0.22753013670444489, 0.13771817088127136, 0.1049632877111435]"
1,centroid,1,194,Hawk,Hawk,"[""Hawk"", ""Turbine"", ""Vega"", ""Braga"", ""Gemini""]","[0.8283578157424927, 0.5565021634101868, 0.4100133776664734, 0.29655152559280396, 0.033876851201057434]"
1,centroid,1,195,Hawk,Hawk,"[""Hawk"", ""Vega"", ""Turbine"", ""Braga"", ""Alaris""]","[0.7094480991363525, 0.6669303178787231, 0.6452361345291138, 0.5309406518936157, 0.32424673438072205]"
1,centroid,1,196,Hawk,Hawk,"[""Hawk"", ""Gemini"", ""Vega"", ""Xtreme"", ""Braga""]","[0.5733596086502075, 0.5720530152320862, 0.5542526245117188, 0.3781905174255371, 0.36655110120773315]"
1,centroid,1,197,Hawk,Hawk,"[""Hawk"", ""Braga"", ""Vega"", ""Mytikas"", ""Turbine""]","[0.7061295509338379, 0.553135871887207, 0.4748148024082184, 0.2102704793214798, 0.19588634371757507]"
1,centroid,1,198,Hawk,Hawk,"[""Hawk"", ""Vega"", ""Turbine"", ""Alaris"", ""Alcatras""]","[0.8870656490325928, 0.5831308960914612, 0.4460289776325226, 0.2123899906873703, 0.15476515889167786]"
1,centroid,1,199,Hawk,Hawk,"[""Hawk"", ""Turbine"", ""Vega"", ""Alcatras"", ""Xtreme""]","[0.8632912039756775, 0.2827525734901428, 0.2480001002550125, 0.19966411590576172, 0.18739533424377441]"
1,centroid,1,200,Hawk,Hawk,"[""Hawk"", ""Vega"", ""Alaris"", ""Turbine"", ""Alcatras""]","[0.9037339091300964, 0.3977583646774292, 0.38880208134651184, 0.3299674391746521, 0.29622018337249756]"
1,centroid,1,201,Hawk,Velorum,"[""Velorum"", ""Hawk"", ""Ilias"", ""Nivalis"", ""Ratikon""]","[0.4705812335014343, 0.45907729864120483, 0.41151753067970276, 0.3204991817474365, 0.31154781579971313]"
1,centroid,1,202,Hawk,Hawk,"[""Hawk"", ""Turbine"", ""Vega"", ""Alaris"", ""Alcatras""]","[0.8929893970489502, 0.5148947238922119, 0.37746596336364746, 0.3631344139575958, 0.33977454900741577]"
1,centroid,1,203,Hawk,Hawk,"[""Hawk"", ""Vega"", ""Braga"", ""Turbine"", ""Alaris""]","[0.9301316738128662, 0.32442885637283325, 0.2775173783302307, 0.276465505361557, 0.2342139035463333]"
1,centroid,1,204,Hawk,Hawk,"[""Hawk"", ""Alaris"", ""Alcatras"", ""Turbine"", ""Braga""]","[0.7985032796859741, 0.5693548917770386, 0.4302857518196106, 0.39444994926452637, 0.3183419406414032]"
1,centroid,1,205,Hawk,Braga,"[""Braga"", ""Hawk"", ""Castor"", ""Turbine"", ""Mytikas""]","[0.7308835983276367, 0.5594580173492432, 0.5569441914558411, 0.5267949104309082, 0.48568329215049744]"
1,centroid,1,206,Hawk,Hawk,"[""Hawk"", ""Braga"", ""Turbine"", ""Vega"", ""Alcatras""]","[0.8097837567329407, 0.4928703308105469, 0.3370353579521179, 0.31887367367744446, 0.20277097821235657]"
1,centroid,1,207,Hawk,Hawk,"[""Hawk"", ""Turbine"", ""Braga"", ""Vega"", ""Gemini""]","[0.7485586404800415, 0.4809916913509369, 0.43177059292793274, 0.3745690584182739, 0.1936773657798767]"
1,centroid,1,208,Hawk,Hawk,"[""Hawk"", ""Vega"", ""Turbine"", ""Braga"", ""Alaris""]","[0.9493081569671631, 0.5086427330970764, 0.44165658950805664, 0.27303406596183777, 0.23588210344314575]"
1,centroid,1,209,Hawk,Hawk,"[""Hawk"", ""Alaris"", ""Vega"", ""Turbine"", ""Alcatras""]","[0.8815126419067383, 0.3792368173599243, 0.348206102848053, 0.3290422558784485, 0.23041710257530212]"
1,centroid,1,210,Hawk,Hawk,"[""Hawk"", ""Alaris"", ""Trius"", ""Braga"", ""Vega""]","[0.6660516262054443, 0.5786004066467285, 0.3879600465297699, 0.38685494661331177, 0.37322714924812317]"
1,centroid,1,211,Hawk,Hawk,"[""Hawk"", ""Alcatras"", ""Braga"", ""Alaris"", ""Vega""]","[0.8199664950370789, 0.39984381198883057, 0.33797842264175415, 0.33272823691368103, 0.28252100944519043]"
1,centroid,1,212,Hawk,Hawk,"[""Hawk"", ""Vega"", ""Turbine"", ""Alaris"", ""Braga""]","[0.9244790077209473, 0.4956168830394745, 0.4784645736217499, 0.2421174794435501, 0.19226594269275665]"
1,centroid,1,213,Hawk,Hawk,"[""Hawk"", ""Turbine"", ""Alaris"", ""Alcatras"", ""Vega""]","[0.9311463832855225, 0.39485591650009155, 0.39019933342933655, 0.38298922777175903, 0.3047567307949066]"
1,centroid,1,214,Hawk,Hawk,"[""Hawk"", ""Vega"", ""Braga"", ""Gemini"", ""Turbine""]","[0.6731837391853333, 0.5127549171447754, 0.32191407680511475, 0.32156944274902344, 0.2688360810279846]"
1,centroid,1,215,Ilias,Ilias,"[""Ilias"", ""Ratikon"", ""Denom"", ""Nivalis"", ""Gemini""]","[0.8471680879592896, 0.6439757347106934, 0.49965792894363403, 0.35510581731796265, 0.28094372153282166]"
1,centroid,1,216,Ilias,Ilias,"[""Ilias"", ""Ratikon"", ""Denom"", ""Velorum"", ""Nivalis""]","[0.9228177070617676, 0.716806948184967, 0.49508118629455566, 0.46988895535469055, 0.4446444809436798]"
1,centroid,1,217,Ilias,Ilias,"[""Ilias"", ""Ratikon"", ""Nivalis"", ""Velorum"", ""Denom""]","[0.9137367606163025, 0.7577890753746033, 0.5876249074935913, 0.5858304500579834, 0.5174140334129333]"
1,centroid,1,218,Ilias,Ilias,"[""Ilias"", ""Ratikon"", ""Velorum"", ""Triton"", ""Nivalis""]","[0.7990705966949463, 0.534148097038269, 0.5077011585235596, 0.507213830947876, 0.49384018778800964]"
1,centroid,1,219,Ilias,Ilias,"[""Ilias"", ""Denom"", ""Ratikon"", ""Velorum"", ""Nivalis""]","[0.7750766277313232, 0.7363250255584717, 0.6778194308280945, 0.653590202331543, 0.5265617966651917]"
1,centroid,1,220,Ilias,Ilias,"[""Ilias"", ""Velorum"", ""Denom"", ""Ratikon"", ""Nivalis""]","[0.7504069209098816, 0.5867820978164673, 0.5272294878959656, 0.5056999921798706, 0.4403941035270691]"
1,centroid,1,221,Ilias,Ilias,"[""Ilias"", ""Denom"", ""Ratikon"", ""Nivalis"", ""Velorum""]","[0.9121561050415039, 0.7227122783660889, 0.7016996741294861, 0.6179012060165405, 0.5345916748046875]"
1,centroid,1,222,Ilias,Ilias,"[""Ilias"", ""Ratikon"", ""Denom"", ""Velorum"", ""Nivalis""]","[0.7412556409835815, 0.6805589199066162, 0.6606653332710266, 0.5922573208808899, 0.4583111107349396]"
1,centroid,1,223,Ilias,Ilias,"[""Ilias"", ""Ratikon"", ""Nivalis"", ""Denom"", ""Triton""]","[0.7756317853927612, 0.6483317613601685, 0.5419871211051941, 0.5310348272323608, 0.3829808235168457]"
1,centroid,1,224,Ilias,Denom,"[""Denom"", ""Ilias"", ""Ratikon"", ""Nivalis"", ""Velorum""]","[0.8414387106895447, 0.8132567405700684, 0.7575035691261292, 0.668634831905365, 0.568559467792511]"
1,centroid,1,225,Ilias,Ilias,"[""Ilias"", ""Ratikon"", ""Denom"", ""Velorum"", ""Nivalis""]","[0.924746036529541, 0.6321457624435425, 0.5342809557914734, 0.46612900495529175, 0.4098789095878601]"
1,centroid,1,226,Ilias,Ratikon,"[""Ratikon"", ""Ilias"", ""Denom"", ""Nivalis"", ""Velorum""]","[0.8469357490539551, 0.805431067943573, 0.7999991178512573, 0.7895280122756958, 0.5442771315574646]"
1,centroid,1,227,Ilias,Ilias,"[""Ilias"", ""Denom"", ""Ratikon"", ""Nivalis"", ""Velorum""]","[0.8531347513198853, 0.7724127769470215, 0.7008737325668335, 0.6704453229904175, 0.6357278227806091]"
1,centroid,1,228,Ilias,Ilias,"[""Ilias"", ""Ratikon"", ""Denom"", ""Nivalis"", ""Xtreme""]","[0.8561251163482666, 0.6949455738067627, 0.6856638789176941, 0.6611932516098022, 0.3289206027984619]"
1,centroid,1,229,Ilias,Ilias,"[""Ilias"", ""Denom"", ""Velorum"", ""Ratikon"", ""Nivalis""]","[0.8239144682884216, 0.7259564399719238, 0.6799277067184448, 0.6707570552825928, 0.546351432800293]"
1,centroid,1,230,Ilias,Denom,"[""Denom"", ""Ilias"", ""Ratikon"", ""Nivalis"", ""Velorum""]","[0.7897186279296875, 0.7888249158859253, 0.738584578037262, 0.5784906148910522, 0.32905375957489014]"
1,centroid,1,231,Ilias,Ilias,"[""Ilias"", ""Ratikon"", ""Velorum"", ""Denom"", ""Triton""]","[0.7818652987480164, 0.5577611923217773, 0.5111855268478394, 0.4289947748184204, 0.4094666838645935]"
1,centroid,1,232,Ilias,Ilias,"[""Ilias"", ""Ratikon"", ""Denom"", ""Nivalis"", ""Velorum""]","[0.9172595143318176, 0.7424321174621582, 0.6320838928222656, 0.6102837324142456, 0.5964820981025696]"
1,centroid,1,233,Ilias,Trius,"[""Trius"", ""Ilias"", ""Denom"", ""Ratikon"", ""Triton""]","[0.6519672274589539, 0.61277836561203, 0.5241478681564331, 0.467832088470459, 0.43463408946990967]"
1,centroid,1,234,Ilias,Ilias,"[""Ilias"", ""Ratikon"", ""Velorum"", ""Denom"", ""Nivalis""]","[0.8129918575286865, 0.6826986074447632, 0.6257844567298889, 0.624625563621521, 0.38854873180389404]"
1,centroid,1,235,Ilias,Ilias,"[""Ilias"", ""Denom"", ""Ratikon"", ""Velorum"", ""Nivalis""]","[0.8987753391265869, 0.6165595054626465, 0.5910348892211914, 0.5859864950180054, 0.46257689595222473]"
1,centroid,1,236,Ilias,Ilias,"[""Ilias"", ""Ratikon"", ""Denom"", ""Nivalis"", ""Velorum""]","[0.848669171333313, 0.6906152367591858, 0.6194372177124023, 0.5157087445259094, 0.29361531138420105]"
1,centroid,1,237,Ilias,Ilias,"[""Ilias"", ""Ratikon"", ""Denom"", ""Velorum"", ""Nivalis""]","[0.9486545324325562, 0.7170771956443787, 0.6433539986610413, 0.5992596745491028, 0.5245270729064941]"
1,centroid,1,238,Ilias,Ilias,"[""Ilias"", ""Velorum"", ""Ratikon"", ""Denom"", ""Nivalis""]","[0.9028196930885315, 0.6798602342605591, 0.6138274669647217, 0.4817603528499603, 0.38861140608787537]"
1,centroid,1,239,Ilias,Ratikon,"[""Ratikon"", ""Ilias"", ""Denom"", ""Nivalis"", ""Velorum""]","[0.7835782170295715, 0.7654127478599548, 0.6772935390472412, 0.6680617332458496, 0.6418375372886658]"
1,centroid,1,240,Ilias,Ilias,"[""Ilias"", ""Ratikon"", ""Velorum"", ""Nivalis"", ""Denom""]","[0.9148038029670715, 0.7273178100585938, 0.6240377426147461, 0.5503584146499634, 0.5375105142593384]"
1,centroid,1,241,Ilias,Ilias,"[""Ilias"", ""Denom"", ""Ratikon"", ""Triton"", ""Velorum""]","[0.630333423614502, 0.623633861541748, 0.607891321182251, 0.4565396308898926, 0.35229355096817017]"
1,centroid,1,242,Ilias,Ilias,"[""Ilias"", ""Ratikon"", ""Velorum"", ""Nivalis"", ""Denom""]","[0.9021153450012207, 0.6618980169296265, 0.6112281084060669, 0.5874329805374146, 0.5694313049316406]"
1,centroid,1,243,Ilias,Ilias,"[""Ilias"", ""Velorum"", ""Ratikon"", ""Denom"", ""Nivalis""]","[0.8788490295410156, 0.6789805293083191, 0.6741157174110413, 0.5189447999000549, 0.48948001861572266]"
1,centroid,1,244,Mytikas,Mytikas,"[""Mytikas"", ""Triton"", ""Velorum"", ""Ilias"", ""Castor""]","[0.7320362329483032, 0.6716486215591431, 0.376941442489624, 0.32145845890045166, 0.30597081780433655]"
1,centroid,1,245,Mytikas,Mytikas,"[""Mytikas"", ""Triton"", ""Trius"", ""Braga"", ""Gemini""]","[0.763157308101654, 0.6897103786468506, 0.6813924312591553, 0.5432755947113037, 0.3605073392391205]"
1,centroid,1,246,Mytikas,Mytikas,"[""Mytikas"", ""Trius"", ""Braga"", ""Gemini"", ""Triton""]","[0.6715824604034424, 0.47268611192703247, 0.47067612409591675, 0.39515095949172974, 0.2961771488189697]"
1,centroid,1,247,Mytikas,Mytikas,"[""Mytikas"", ""Gemini"", ""Trius"", ""Braga"", ""Vega""]","[0.6344221830368042, 0.4945753812789917, 0.4406736493110657, 0.4144859313964844, 0.37032073736190796]"
1,centroid,1,248,Mytikas,Mytikas,"[""Mytikas"", ""Castor"", ""Braga"", ""Triton"", ""Alcatras""]","[0.7954732179641724, 0.6763966679573059, 0.6747484803199768, 0.6626062393188477, 0.6487463712692261]"
1,centroid,1,249,Mytikas,Mytikas,"[""Mytikas"", ""Triton"", ""Braga"", ""Castor"", ""Alcatras""]","[0.8957244753837585, 0.5918835401535034, 0.40721461176872253, 0.39790213108062744, 0.3223539888858795]"
1,centroid,1,250,Mytikas,Mytikas,"[""Mytikas"", ""Castor"", ""Steel_Wheel"", ""Nivalis"", ""Triton""]","[0.6137875914573669, 0.5866093635559082, 0.3632078170776367, 0.28099754452705383, 0.2748035192489624]"
1,centroid,1,251,Mytikas,Mytikas,"[""Mytikas"", ""Triton"", ""Ilias"", ""Castor"", ""Ratikon""]","[0.8157280683517456, 0.5829048156738281, 0.3258759379386902, 0.27859562635421753, 0.26869815587997437]"
1,centroid,1,252,Mytikas,Trius,"[""Trius"", ""Mytikas"", ""Braga"", ""Triton"", ""Alcatras""]","[0.7583488821983337, 0.6829063892364502, 0.5748190879821777, 0.5695623159408569, 0.47278833389282227]"
1,centroid,1,253,Mytikas,Mytikas,"[""Mytikas"", ""Triton"", ""Alcatras"", ""Trius"", ""Braga""]","[0.8477795124053955, 0.7926933765411377, 0.6309783458709717, 0.5396715402603149, 0.4682793617248535]"
1,centroid,1,254,Mytikas,Triton,"[""Triton"", ""Mytikas"", ""Castor"", ""Alcatras"", ""Braga""]","[0.8868984580039978, 0.6699358224868774, 0.5679829120635986, 0.5416302680969238, 0.5079193115234375]"
1,centroid,1,255,Mytikas,Mytikas,"[""Mytikas"", ""Alcatras"", ""Triton"", ""Castor"", ""Braga""]","[0.8756575584411621, 0.6212159395217896, 0.5720219016075134, 0.5212830305099487, 0.4607991874217987]"
1,centroid,1,256,Mytikas,Triton,"[""Triton"", ""Turbine"", ""Mytikas"", ""Braga"", ""Alcatras""]","[0.6529136896133423, 0.5680760145187378, 0.5464190244674683, 0.45399898290634155, 0.3626222312450409]"
1,centroid,1,257,Mytikas,Mytikas,"[""Mytikas"", ""Braga"", ""Vega"", ""Triton"", ""Trius""]","[0.6789736747741699, 0.4251701533794403, 0.40406158566474915, 0.3787808120250702, 0.33160096406936646]"
1,centroid,1,258,Mytikas,Mytikas,"[""Mytikas"", ""Alcatras"", ""Braga"", ""Triton"", ""Turbine""]","[0.7535219192504883, 0.6607911586761475, 0.5525355339050293, 0.53950035572052, 0.49330934882164]"
1,centroid,1,259,Mytikas,Mytikas,"[""Mytikas"", ""Triton"", ""Trius"", ""Alcatras"", ""Braga""]","[0.8398203253746033, 0.5312870740890503, 0.43358805775642395, 0.366104394197464, 0.31787192821502686]"
1,centroid,1,260,Mytikas,Mytikas,"[""Mytikas"", ""Triton"", ""Velorum"", ""Alcatras"", ""Trius""]","[0.7434555292129517, 0.4596685469150543, 0.31882333755493164, 0.25271013379096985, 0.251108855009079]"
1,centroid,1,261,Mytikas,Mytikas,"[""Mytikas"", ""Triton"", ""Castor"", ""Braga"", ""Alcatras""]","[0.6883715391159058, 0.6805828809738159, 0.5860195755958557, 0.544567346572876, 0.4986124038696289]"
1,centroid,1,262,Mytikas,Mytikas,"[""Mytikas"", ""Triton"", ""Trius"", ""Braga"", ""Steel_Wheel""]","[0.8158646821975708, 0.4083382487297058, 0.39483362436294556, 0.3569314479827881, 0.2723730504512787]"
1,centroid,1,263,Mytikas,Mytikas,"[""Mytikas"", ""Castor"", ""Alcatras"", ""Triton"", ""Turbine""]","[0.8266490697860718, 0.6721943616867065, 0.6452988386154175, 0.5350273847579956, 0.3916110694408417]"
1,centroid,1,264,Mytikas,Mytikas,"[""Mytikas"", ""Alcatras"", ""Triton"", ""Castor"", ""Braga""]","[0.8139941692352295, 0.5199817419052124, 0.49622076749801636, 0.4834243953227997, 0.3316733241081238]"
1,centroid,1,265,Mytikas,Trius,"[""Trius"", ""Mytikas"", ""Triton"", ""Braga"", ""Velorum""]","[0.7778418064117432, 0.6209534406661987, 0.6123747825622559, 0.3012024760246277, 0.2777429223060608]"
1,centroid,1,266,Mytikas,Mytikas,"[""Mytikas"", ""Triton"", ""Alcatras"", ""Castor"", ""Velorum""]","[0.8221645355224609, 0.5262835621833801, 0.41694265604019165, 0.3867115080356598, 0.2658941447734833]"
1,centroid,1,267,Mytikas,Triton,"[""Triton"", ""Mytikas"", ""Trius"", ""Braga"", ""Alcatras""]","[0.8482164144515991, 0.8375781774520874, 0.4550511837005615, 0.3857472538948059, 0.3320683240890503]"
1,centroid,1,268,Mytikas,Mytikas,"[""Mytikas"", ""Triton"", ""Alcatras"", ""Braga"", ""Castor""]","[0.8285200595855713, 0.706296980381012, 0.4966473877429962, 0.43735218048095703, 0.37330353260040283]"
1,centroid,1,269,Mytikas,Mytikas,"[""Mytikas"", ""Castor"", ""Triton"", ""Alcatras"", ""Turbine""]","[0.6534669399261475, 0.5525969862937927, 0.5041216611862183, 0.42223191261291504, 0.3731214106082916]"
1,centroid,1,270,Mytikas,Mytikas,"[""Mytikas"", ""Xtreme"", ""Triton"", ""Braga"", ""Gemini""]","[0.631648063659668, 0.40453100204467773, 0.3721344470977783, 0.35583609342575073, 0.3204196095466614]"
1,centroid,1,271,Mytikas,Mytikas,"[""Mytikas"", ""Triton"", ""Alcatras"", ""Castor"", ""Velorum""]","[0.7926715612411499, 0.5918057560920715, 0.5138534307479858, 0.40678876638412476, 0.386459082365036]"
1,centroid,1,272,Nivalis,Nivalis,"[""Nivalis"", ""Ratikon"", ""Denom"", ""Ilias"", ""Velorum""]","[0.8980799913406372, 0.55293869972229, 0.4455455541610718, 0.4267028570175171, 0.2968214750289917]"
1,centroid,1,273,Nivalis,Denom,"[""Denom"", ""Nivalis"", ""Ratikon"", ""Ilias"", ""Velorum""]","[0.8479970693588257, 0.768907904624939, 0.7038185596466064, 0.5112659335136414, 0.3303452730178833]"
1,centroid,1,274,Nivalis,Ratikon,"[""Ratikon"", ""Nivalis"", ""Denom"", ""Ilias"", ""Velorum""]","[0.8062029480934143, 0.7967244386672974, 0.7681835293769836, 0.5653573274612427, 0.5072929859161377]"
1,centroid,1,275,Nivalis,Nivalis,"[""Nivalis"", ""Ratikon"", ""Denom"", ""Ilias"", ""Velorum""]","[0.9070123434066772, 0.5501019954681396, 0.5320281386375427, 0.4142337441444397, 0.38154637813568115]"
1,centroid,1,276,Nivalis,Nivalis,"[""Nivalis"", ""Denom"", ""Ratikon"", ""Ilias"", ""Velorum""]","[0.9434679746627808, 0.7672196626663208, 0.7309741377830505, 0.6083213686943054, 0.5601693391799927]"
1,centroid,1,277,Nivalis,Ratikon,"[""Ratikon"", ""Nivalis"", ""Denom"", ""Ilias"", ""Velorum""]","[0.8111639618873596, 0.8032007217407227, 0.7515087723731995, 0.6781028509140015, 0.453809916973114]"
1,centroid,1,278,Nivalis,Nivalis,"[""Nivalis"", ""Velorum"", ""Denom"", ""Ratikon"", ""Steel_Wheel""]","[0.7646154165267944, 0.3980955481529236, 0.3395673930644989, 0.2673754394054413, 0.18368777632713318]"
1,centroid,1,279,Nivalis,Denom,"[""Denom"", ""Ratikon"", ""Nivalis"", ""Ilias"", ""Velorum""]","[0.864590585231781, 0.8470885157585144, 0.8344311118125916, 0.6712014675140381, 0.47410351037979126]"
1,centroid,1,280,Nivalis,Nivalis,"[""Nivalis"", ""Velorum"", ""Denom"", ""Ratikon"", ""Ilias""]","[0.8366751670837402, 0.5963304042816162, 0.5419149994850159, 0.4797861874103546, 0.35472244024276733]"
1,centroid,1,281,Nivalis,Nivalis,"[""Nivalis"", ""Denom"", ""Ratikon"", ""Ilias"", ""Velorum""]","[0.9241384267807007, 0.5665442943572998, 0.5475573539733887, 0.45489001274108887, 0.27101218700408936]"
1,centroid,1,282,Nivalis,Ratikon,"[""Ratikon"", ""Denom"", ""Nivalis"", ""Ilias"", ""Velorum""]","[0.9143637418746948, 0.8134540915489197, 0.7611334323883057, 0.6724623441696167, 0.33076101541519165]"
1,centroid,1,283,Nivalis,Nivalis,"[""Nivalis"", ""Denom"", ""Ilias"", ""Ratikon"", ""Velorum""]","[0.9029149413108826, 0.7247833609580994, 0.680881142616272, 0.6790380477905273, 0.5156294107437134]"
1,centroid,1,284,Nivalis,Nivalis,"[""Nivalis"", ""Denom"", ""Ratikon"", ""Ilias"", ""Velorum""]","[0.8544042110443115, 0.4358386695384979, 0.4307149648666382, 0.37824830412864685, 0.30371251702308655]"
1,centroid,1,285,Nivalis,Nivalis,"[""Nivalis"", ""Velorum"", ""Turbine"", ""Ratikon"", ""Steel_Wheel""]","[0.6339142322540283, 0.3455275297164917, 0.27795499563217163, 0.244485542178154, 0.23319044709205627]"
1,centroid,1,286,Nivalis,Velorum,"[""Velorum"", ""Nivalis"", ""Denom"", ""Ilias"", ""Triton""]","[0.7063578367233276, 0.7039128541946411, 0.524834156036377, 0.4891992211341858, 0.3738287687301636]"
1,centroid,1,287,Nivalis,Nivalis,"[""Nivalis"", ""Denom"", ""Ilias"", ""Ratikon"", ""Velorum""]","[0.7979979515075684, 0.5173083543777466, 0.40635356307029724, 0.3878406286239624, 0.31885480880737305]"
1,centroid,1,288,Nivalis,Ratikon,"[""Ratikon"", ""Nivalis"", ""Denom"", ""Ilias"", ""Steel_Wheel""]","[0.8619871735572815, 0.8083034753799438, 0.7580331563949585, 0.6083617210388184, 0.29953283071517944]"
1,centroid,1,289,Nivalis,Nivalis,"[""Nivalis"", ""Denom"", ""Ratikon"", ""Ilias"", ""Velorum""]","[0.9156662225723267, 0.8089549541473389, 0.756991446018219, 0.5071573257446289, 0.46633380651474]"
1,centroid,1,290,Nivalis,Nivalis,"[""Nivalis"", ""Denom"", ""Ratikon"", ""Ilias"", ""Velorum""]","[0.8109979629516602, 0.8001420497894287, 0.7685568332672119, 0.7355630993843079, 0.6305621862411499]"
1,centroid,1,291,Nivalis,Denom,"[""Denom"", ""Nivalis"", ""Ratikon"", ""Ilias"", ""Velorum""]","[0.7917962074279785, 0.7903330326080322, 0.7818204164505005, 0.7586252093315125, 0.6249661445617676]"
1,centroid,1,292,Nivalis,Nivalis,"[""Nivalis"", ""Ilias"", ""Denom"", ""Ratikon"", ""Gemini""]","[0.7215940952301025, 0.5746206641197205, 0.4560922384262085, 0.44533854722976685, 0.3794907331466675]"
1,centroid,1,293,Nivalis,Nivalis,"[""Nivalis"", ""Denom"", ""Velorum"", ""Ratikon"", ""Ilias""]","[0.8253639936447144, 0.4268640875816345, 0.3858894109725952, 0.33613499999046326, 0.2805241346359253]"
1,centroid,1,294,Ratikon,Denom,"[""Denom"", ""Ratikon"", ""Nivalis"", ""Ilias"", ""Steel_Wheel""]","[0.8064912557601929, 0.7966213226318359, 0.767123818397522, 0.5846440196037292, 0.12206615507602692]"
1,centroid,1,295,Ratikon,Ratikon,"[""Ratikon"", ""Ilias"", ""Denom"", ""Nivalis"", ""Vega""]","[0.8463444709777832, 0.6282635927200317, 0.6181761026382446, 0.5550215244293213, 0.17353886365890503]"
1,centroid,1,296,Ratikon,Ratikon,"[""Ratikon"", ""Ilias"", ""Denom"", ""Nivalis"", ""Velorum""]","[0.9048369526863098, 0.8151596784591675, 0.5984816551208496, 0.44879409670829773, 0.36012113094329834]"
1,centroid,1,297,Ratikon,Ratikon,"[""Ratikon"", ""Ilias"", ""Denom"", ""Nivalis"", ""Velorum""]","[0.9223006963729858, 0.8689534664154053, 0.7350468635559082, 0.5899158120155334, 0.4032469093799591]"
1,centroid,1,298,Ratikon,Ratikon,"[""Ratikon"", ""Ilias"", ""Nivalis"", ""Denom"", ""Velorum""]","[0.8418481945991516, 0.5674861669540405, 0.5360543727874756, 0.4807690978050232, 0.172644704580307]"
1,centroid,1,299,Ratikon,Ratikon,"[""Ratikon"", ""Ilias"", ""Denom"", ""Nivalis"", ""Steel_Wheel""]","[0.8875612020492554, 0.5478266477584839, 0.546934962272644, 0.5325873494148254, 0.10731775313615799]"
1,centroid,1,300,Ratikon,Ratikon,"[""Ratikon"", ""Denom"", ""Ilias"", ""Nivalis"", ""Velorum""]","[0.807622492313385, 0.801213264465332, 0.7538423538208008, 0.5614891052246094, 0.16112986207008362]"
1,centroid,1,301,Ratikon,Ratikon,"[""Ratikon"", ""Denom"", ""Nivalis"", ""Ilias"", ""Vega""]","[0.854272723197937, 0.7530341148376465, 0.7038918733596802, 0.5333831310272217, 0.07739336043596268]"
1,centroid,1,302,Ratikon,Ratikon,"[""Ratikon"", ""Nivalis"", ""Ilias"", ""Denom"", ""Velorum""]","[0.8882224559783936, 0.8057178258895874, 0.7348456382751465, 0.7241738438606262, 0.5610029101371765]"
1,centroid,1,303,Ratikon,Ratikon,"[""Ratikon"", ""Denom"", ""Ilias"", ""Nivalis"", ""Velorum""]","[0.9043174982070923, 0.7709507942199707, 0.6512565612792969, 0.5913739800453186, 0.33518609404563904]"
1,centroid,1,304,Ratikon,Ratikon,"[""Ratikon"", ""Denom"", ""Nivalis"", ""Ilias"", ""Velorum""]","[0.9503707885742188, 0.812944769859314, 0.7396558523178101, 0.6837819218635559, 0.2614598870277405]"
1,centroid,1,305,Ratikon,Denom,"[""Denom"", ""Ratikon"", ""Ilias"", ""Velorum"", ""Nivalis""]","[0.6290925145149231, 0.6287422180175781, 0.5906362533569336, 0.4854845106601715, 0.37662094831466675]"
1,centroid,1,306,Ratikon,Ratikon,"[""Ratikon"", ""Ilias"", ""Denom"", ""Nivalis"", ""Velorum""]","[0.9034498929977417, 0.7619985342025757, 0.7274047136306763, 0.5936518907546997, 0.1496243178844452]"
1,centroid,1,307,Ratikon,Ratikon,"[""Ratikon"", ""Ilias"", ""Denom"", ""Nivalis"", ""Velorum""]","[0.8661993145942688, 0.6241936087608337, 0.5788712501525879, 0.5757842063903809, 0.34187981486320496]"
1,centroid,1,308,Ratikon,Denom,"[""Denom"", ""Ratikon"", ""Nivalis"", ""Ilias"", ""Velorum""]","[0.8404751420021057, 0.8383556604385376, 0.6908895969390869, 0.5613855123519897, 0.36394450068473816]"
1,centroid,1,309,Ratikon,Ratikon,"[""Ratikon"", ""Ilias"", ""Nivalis"", ""Denom"", ""Velorum""]","[0.9412882328033447, 0.8291727304458618, 0.6806336641311646, 0.6729201674461365, 0.42838943004608154]"
1,centroid,1,310,Ratikon,Ratikon,"[""Ratikon"", ""Denom"", ""Ilias"", ""Nivalis"", ""Steel_Wheel""]","[0.8598196506500244, 0.7492653131484985, 0.7112621665000916, 0.6301926970481873, 0.12046673893928528]"
1,centroid,1,311,Ratikon,Ratikon,"[""Ratikon"", ""Denom"", ""Nivalis"", ""Ilias"", ""Velorum""]","[0.9491545557975769, 0.7384083867073059, 0.7042137384414673, 0.65976881980896, 0.23281028866767883]"
1,centroid,1,312,Ratikon,Ratikon,"[""Ratikon"", ""Nivalis"", ""Denom"", ""Ilias"", ""Velorum""]","[0.9076873660087585, 0.7783281803131104, 0.6902803778648376, 0.6565777659416199, 0.3193072974681854]"
1,centroid,1,313,Ratikon,Nivalis,"[""Nivalis"", ""Denom"", ""Ratikon"", ""Ilias"", ""Velorum""]","[0.8441467881202698, 0.8269034028053284, 0.8212729096412659, 0.6595159769058228, 0.41831469535827637]"
1,centroid,1,314,Ratikon,Ratikon,"[""Ratikon"", ""Denom"", ""Ilias"", ""Nivalis"", ""Steel_Wheel""]","[0.889614999294281, 0.7668863534927368, 0.6176935434341431, 0.5991089940071106, 0.012931939214468002]"
1,centroid,1,315,Ratikon,Ratikon,"[""Ratikon"", ""Denom"", ""Ilias"", ""Nivalis"", ""Trius""]","[0.8507815599441528, 0.6580551862716675, 0.553188145160675, 0.47448498010635376, 0.18364925682544708]"
1,centroid,1,316,Ratikon,Ratikon,"[""Ratikon"", ""Denom"", ""Ilias"", ""Nivalis"", ""Velorum""]","[0.8586439490318298, 0.7242220640182495, 0.718440592288971, 0.7094079256057739, 0.38707539439201355]"
1,centroid,1,317,Ratikon,Ratikon,"[""Ratikon"", ""Denom"", ""Ilias"", ""Nivalis"", ""Velorum""]","[0.9000295400619507, 0.8519769906997681, 0.8423321843147278, 0.5974795818328857, 0.4251348376274109]"
1,centroid,1,318,Ratikon,Ratikon,"[""Ratikon"", ""Denom"", ""Ilias"", ""Nivalis"", ""Velorum""]","[0.9175347089767456, 0.8343497514724731, 0.7531948089599609, 0.6112691164016724, 0.3252469301223755]"
1,centroid,1,319,Ratikon,Ratikon,"[""Ratikon"", ""Denom"", ""Nivalis"", ""Ilias"", ""Vega""]","[0.7879956364631653, 0.6740669012069702, 0.5711314678192139, 0.45598214864730835, 0.29551073908805847]"
1,centroid,1,320,Ratikon,Ratikon,"[""Ratikon"", ""Nivalis"", ""Denom"", ""Ilias"", ""Steel_Wheel""]","[0.7997163534164429, 0.7799432277679443, 0.7474080324172974, 0.6164668798446655, 0.16479742527008057]"
1,centroid,1,321,Ratikon,Ratikon,"[""Ratikon"", ""Denom"", ""Ilias"", ""Nivalis"", ""Triton""]","[0.8572883605957031, 0.6689640283584595, 0.6458040475845337, 0.5578932762145996, 0.11757706105709076]"
1,centroid,1,322,Steel_Wheel,Steel_Wheel,"[""Steel_Wheel"", ""Nivalis"", ""Xtreme"", ""Denom"", ""Ratikon""]","[0.9829293489456177, 0.18758712708950043, 0.1860281527042389, 0.15224502980709076, 0.12013286352157593]"
1,centroid,1,323,Steel_Wheel,Steel_Wheel,"[""Steel_Wheel"", ""Denom"", ""Xtreme"", ""Nivalis"", ""Ratikon""]","[0.9658580422401428, 0.22569197416305542, 0.2027338743209839, 0.19334307312965393, 0.11489152908325195]"
1,centroid,1,324,Steel_Wheel,Steel_Wheel,"[""Steel_Wheel"", ""Mytikas"", ""Nivalis"", ""Xtreme"", ""Turbine""]","[0.9539381265640259, 0.15400093793869019, 0.10604944825172424, 0.10398012399673462, 0.07825767993927002]"
1,centroid,1,325,Steel_Wheel,Steel_Wheel,"[""Steel_Wheel"", ""Nivalis"", ""Xtreme"", ""Vega"", ""Gemini""]","[0.9502658843994141, 0.13284245133399963, 0.11193051189184189, 0.015080061741173267, -0.008736543357372284]"
1,centroid,1,326,Steel_Wheel,Steel_Wheel,"[""Steel_Wheel"", ""Denom"", ""Nivalis"", ""Ratikon"", ""Ilias""]","[0.9487937092781067, 0.17680147290229797, 0.1682577133178711, 0.14852458238601685, 0.09147799015045166]"
1,centroid,1,327,Steel_Wheel,Steel_Wheel,"[""Steel_Wheel"", ""Nivalis"", ""Xtreme"", ""Ratikon"", ""Denom""]","[0.9567029476165771, 0.1356632113456726, 0.09502844512462616, 0.052813682705163956, 0.023968566209077835]"
1,centroid,1,328,Steel_Wheel,Steel_Wheel,"[""Steel_Wheel"", ""Nivalis"", ""Denom"", ""Xtreme"", ""Ratikon""]","[0.9798412919044495, 0.2228112369775772, 0.13051539659500122, 0.12462355196475983, 0.10971438139677048]"
1,centroid,1,329,Steel_Wheel,Steel_Wheel,"[""Steel_Wheel"", ""Ratikon"", ""Denom"", ""Nivalis"", ""Ilias""]","[0.9532432556152344, 0.1609487235546112, 0.15288960933685303, 0.10298851132392883, 0.06971167027950287]"
1,centroid,1,330,Steel_Wheel,Steel_Wheel,"[""Steel_Wheel"", ""Mytikas"", ""Xtreme"", ""Nivalis"", ""Velorum""]","[0.9593661427497864, 0.16632449626922607, 0.0961998850107193, 0.0957944393157959, 0.0710933655500412]"
1,centroid,1,331,Steel_Wheel,Steel_Wheel,"[""Steel_Wheel"", ""Xtreme"", ""Velorum"", ""Denom"", ""Mytikas""]","[0.6420009136199951, 0.4207877814769745, 0.3284902274608612, 0.25442755222320557, 0.24977971613407135]"
1,centroid,1,332,Steel_Wheel,Steel_Wheel,"[""Steel_Wheel"", ""Nivalis"", ""Ratikon"", ""Denom"", ""Ilias""]","[0.9563525319099426, 0.16500988602638245, 0.10292459279298782, 0.04966778680682182, 0.0158429816365242]"
1,centroid,1,333,Steel_Wheel,Steel_Wheel,"[""Steel_Wheel"", ""Xtreme"", ""Nivalis"", ""Velorum"", ""Denom""]","[0.9407655000686646, 0.22908157110214233, 0.2150743305683136, 0.16472317278385162, 0.09496772289276123]"
1,centroid,1,334,Steel_Wheel,Steel_Wheel,"[""Steel_Wheel"", ""Xtreme"", ""Nivalis"", ""Mytikas"", ""Denom""]","[0.9575146436691284, 0.19002899527549744, 0.17181673645973206, 0.07494790852069855, 0.059846870601177216]"
1,centroid,1,335,Steel_Wheel,Steel_Wheel,"[""Steel_Wheel"", ""Nivalis"", ""Xtreme"", ""Mytikas"", ""Castor""]","[0.9308852553367615, 0.11569085717201233, 0.0919283851981163, 0.06189549341797829, 0.05794461816549301]"
1,centroid,1,336,Steel_Wheel,Steel_Wheel,"[""Steel_Wheel"", ""Denom"", ""Ratikon"", ""Ilias"", ""Xtreme""]","[0.916264533996582, 0.20626124739646912, 0.1602019965648651, 0.10562202334403992, 0.09270571917295456]"
1,centroid,1,337,Steel_Wheel,Steel_Wheel,"[""Steel_Wheel"", ""Nivalis"", ""Velorum"", ""Ratikon"", ""Xtreme""]","[0.9656808376312256, 0.25744131207466125, 0.15151125192642212, 0.11778558790683746, 0.10561150312423706]"
1,centroid,1,338,Steel_Wheel,Steel_Wheel,"[""Steel_Wheel"", ""Xtreme"", ""Nivalis"", ""Mytikas"", ""Denom""]","[0.9654446840286255, 0.14558398723602295, 0.13141167163848877, 0.12625810503959656, 0.10597759485244751]"
1,centroid,1,339,Steel_Wheel,Steel_Wheel,"[""Steel_Wheel"", ""Nivalis"", ""Ratikon"", ""Ilias"", ""Denom""]","[0.9298169016838074, 0.19221466779708862, 0.1761818379163742, 0.120669424533844, 0.10244786739349365]"
1,centroid,1,340,Steel_Wheel,Steel_Wheel,"[""Steel_Wheel"", ""Xtreme"", ""Nivalis"", ""Mytikas"", ""Denom""]","[0.970427393913269, 0.20075802505016327, 0.13692690432071686, 0.06793893128633499, 0.0568920373916626]"
1,centroid,1,341,Steel_Wheel,Steel_Wheel,"[""Steel_Wheel"", ""Nivalis"", ""Xtreme"", ""Denom"", ""Velorum""]","[0.9749083518981934, 0.18154096603393555, 0.1357952356338501, 0.08966968953609467, 0.07299254834651947]"
1,centroid,1,342,Steel_Wheel,Steel_Wheel,"[""Steel_Wheel"", ""Nivalis"", ""Denom"", ""Ratikon"", ""Xtreme""]","[0.9738317728042603, 0.17684584856033325, 0.11394771933555603, 0.10402630269527435, 0.03648083657026291]"
1,centroid,1,343,Steel_Wheel,Steel_Wheel,"[""Steel_Wheel"", ""Nivalis"", ""Velorum"", ""Xtreme"", ""Denom""]","[0.9581903219223022, 0.2120938003063202, 0.09501148760318756, 0.060711875557899475, 0.05628751218318939]"
1,centroid,1,344,Steel_Wheel,Steel_Wheel,"[""Steel_Wheel"", ""Mytikas"", ""Ilias"", ""Ratikon"", ""Xtreme""]","[0.9202741980552673, 0.16179001331329346, 0.13587510585784912, 0.1312345266342163, 0.1272832453250885]"
1,centroid,1,345,Steel_Wheel,Steel_Wheel,"[""Steel_Wheel"", ""Xtreme"", ""Gemini"", ""Denom"", ""Ilias""]","[0.8416441679000854, 0.4477604031562805, 0.2699452042579651, 0.2275523543357849, 0.19480934739112854]"
1,centroid,1,346,Steel_Wheel,Steel_Wheel,"[""Steel_Wheel"", ""Xtreme"", ""Mytikas"", ""Castor"", ""Gemini""]","[0.9230557680130005, 0.15367022156715393, 0.14333894848823547, 0.1205986961722374, 0.012872698716819286]"
1,centroid,1,347,Steel_Wheel,Steel_Wheel,"[""Steel_Wheel"", ""Velorum"", ""Nivalis"", ""Ratikon"", ""Ilias""]","[0.9205751419067383, 0.153030127286911, 0.1016763299703598, 0.06616563349962234, 0.06422214210033417]"
1,centroid,1,348,Steel_Wheel,Steel_Wheel,"[""Steel_Wheel"", ""Ratikon"", ""Denom"", ""Nivalis"", ""Ilias""]","[0.9032871723175049, 0.15033937990665436, 0.14032506942749023, 0.117079958319664, 0.012810016050934792]"
1,centroid,1,349,Steel_Wheel,Steel_Wheel,"[""Steel_Wheel"", ""Denom"", ""Nivalis"", ""Ratikon"", ""Xtreme""]","[0.9154722690582275, 0.24134019017219543, 0.18436020612716675, 0.1754298061132431, 0.10394389927387238]"
1,centroid,1,350,Steel_Wheel,Steel_Wheel,"[""Steel_Wheel"", ""Denom"", ""Nivalis"", ""Ratikon"", ""Xtreme""]","[0.9642167687416077, 0.23206527531147003, 0.21748948097229004, 0.15108996629714966, 0.11909756809473038]"
1,centroid,1,351,Steel_Wheel,Steel_Wheel,"[""Steel_Wheel"", ""Nivalis"", ""Denom"", ""Ratikon"", ""Turbine""]","[0.9311833381652832, 0.07721202075481415, 0.059554729610681534, 0.048664603382349014, 0.027824517339468002]"
1,centroid,1,352,Steel_Wheel,Steel_Wheel,"[""Steel_Wheel"", ""Nivalis"", ""Ratikon"", ""Denom"", ""Xtreme""]","[0.9547455310821533, 0.18345098197460175, 0.1031392365694046, 0.09798774123191833, 0.04763025790452957]"
1,centroid,1,353,Steel_Wheel,Steel_Wheel,"[""Steel_Wheel"", ""Xtreme"", ""Nivalis"", ""Denom"", ""Gemini""]","[0.9636625051498413, 0.22335009276866913, 0.120165154337883, 0.020133960992097855, -0.011433333158493042]"
1,centroid,1,354,Steel_Wheel,Steel_Wheel,"[""Steel_Wheel"", ""Nivalis"", ""Denom"", ""Xtreme"", ""Ratikon""]","[0.9723542928695679, 0.24768711626529694, 0.16662174463272095, 0.12629953026771545, 0.1208660677075386]"
1,centroid,1,355,Steel_Wheel,Steel_Wheel,"[""Steel_Wheel"", ""Xtreme"", ""Nivalis"", ""Mytikas"", ""Ratikon""]","[0.9841439723968506, 0.1140403002500534, 0.10990580916404724, 0.02576897293329239, 0.023458538576960564]"
1,centroid,1,356,Steel_Wheel,Steel_Wheel,"[""Steel_Wheel"", ""Mytikas"", ""Ratikon"", ""Xtreme"", ""Denom""]","[0.876907467842102, 0.2816944122314453, 0.12106001377105713, 0.09903094172477722, 0.09484744071960449]"
1,centroid,1,357,Triton,Triton,"[""Triton"", ""Mytikas"", ""Castor"", ""Braga"", ""Alcatras""]","[0.853177547454834, 0.6789491772651672, 0.4051850438117981, 0.40129274129867554, 0.35063761472702026]"
1,centroid,1,358,Triton,Triton,"[""Triton"", ""Mytikas"", ""Trius"", ""Castor"", ""Braga""]","[0.8205962777137756, 0.673493504524231, 0.5781968235969543, 0.4954874515533447, 0.4793741703033447]"
1,centroid,1,359,Triton,Triton,"[""Triton"", ""Mytikas"", ""Braga"", ""Trius"", ""Gemini""]","[0.8361402750015259, 0.6198760867118835, 0.5591522455215454, 0.5277155637741089, 0.3087112605571747]"
1,centroid,1,360,Triton,Triton,"[""Triton"", ""Mytikas"", ""Velorum"", ""Ilias"", ""Trius""]","[0.6458905935287476, 0.5880961418151855, 0.45310497283935547, 0.37179359793663025, 0.3506324887275696]"
1,centroid,1,361,Triton,Triton,"[""Triton"", ""Mytikas"", ""Trius"", ""Castor"", ""Velorum""]","[0.8976873159408569, 0.7561296224594116, 0.40874484181404114, 0.34211137890815735, 0.3259506821632385]"
1,centroid,1,362,Triton,Triton,"[""Triton"", ""Mytikas"", ""Trius"", ""Braga"", ""Castor""]","[0.8644521236419678, 0.5366191864013672, 0.46818190813064575, 0.4000612497329712, 0.31541043519973755]"
1,centroid,1,363,Triton,Triton,"[""Triton"", ""Braga"", ""Mytikas"", ""Trius"", ""Castor""]","[0.9024361371994019, 0.574963390827179, 0.5413603782653809, 0.4126441478729248, 0.32138362526893616]"
1,centroid,1,364,Triton,Triton,"[""Triton"", ""Trius"", ""Mytikas"", ""Castor"", ""Braga""]","[0.8126230239868164, 0.6364251375198364, 0.6182640790939331, 0.4466056525707245, 0.39204204082489014]"
1,centroid,1,365,Triton,Triton,"[""Triton"", ""Mytikas"", ""Braga"", ""Trius"", ""Gemini""]","[0.8532050848007202, 0.6948097348213196, 0.5065070986747742, 0.49183252453804016, 0.3443577289581299]"
1,centroid,1,366,Triton,Triton,"[""Triton"", ""Mytikas"", ""Velorum"", ""Trius"", ""Braga""]","[0.8647343516349792, 0.5811395645141602, 0.41552457213401794, 0.40338990092277527, 0.39804378151893616]"
1,centroid,1,367,Triton,Triton,"[""Triton"", ""Mytikas"", ""Trius"", ""Braga"", ""Castor""]","[0.9272544384002686, 0.7430627942085266, 0.5228748321533203, 0.47333139181137085, 0.4589003920555115]"
1,centroid,1,368,Triton,Triton,"[""Triton"", ""Mytikas"", ""Braga"", ""Castor"", ""Trius""]","[0.9043300151824951, 0.6573836207389832, 0.6062134504318237, 0.5008540153503418, 0.38406825065612793]"
1,centroid,1,369,Triton,Triton,"[""Triton"", ""Ilias"", ""Mytikas"", ""Trius"", ""Velorum""]","[0.8364261388778687, 0.5393372774124146, 0.5018864870071411, 0.48053601384162903, 0.3795016407966614]"
1,centroid,1,370,Triton,Triton,"[""Triton"", ""Mytikas"", ""Braga"", ""Castor"", ""Trius""]","[0.8864136338233948, 0.6512550115585327, 0.5692949295043945, 0.461032509803772, 0.2599758505821228]"
1,centroid,1,371,Triton,Triton,"[""Triton"", ""Mytikas"", ""Braga"", ""Trius"", ""Castor""]","[0.8312069773674011, 0.5507835745811462, 0.49797630310058594, 0.3645893335342407, 0.29605942964553833]"
1,centroid,1,372,Triton,Triton,"[""Triton"", ""Mytikas"", ""Braga"", ""Castor"", ""Trius""]","[0.836144208908081, 0.7244436144828796, 0.46685099601745605, 0.36980289220809937, 0.36576852202415466]"
1,centroid,1,373,Triton,Triton,"[""Triton"", ""Mytikas"", ""Velorum"", ""Castor"", ""Braga""]","[0.8181373476982117, 0.5875543355941772, 0.3865567147731781, 0.3838804066181183, 0.3708391785621643]"
1,centroid,1,374,Triton,Triton,"[""Triton"", ""Braga"", ""Mytikas"", ""Trius"", ""Gemini""]","[0.8426642417907715, 0.5815234184265137, 0.47966980934143066, 0.42745548486709595, 0.36542922258377075]"
1,centroid,1,375,Triton,Trius,"[""Trius"", ""Alaris"", ""Triton"", ""Alcatras"", ""Mytikas""]","[0.7590367197990417, 0.666599452495575, 0.6636211276054382, 0.5475848317146301, 0.45381689071655273]"
1,centroid,1,376,Triton,Triton,"[""Triton"", ""Mytikas"", ""Trius"", ""Braga"", ""Gemini""]","[0.8971871137619019, 0.656194806098938, 0.577971875667572, 0.5253399610519409, 0.31310999393463135]"
1,centroid,1,377,Triton,Triton,"[""Triton"", ""Mytikas"", ""Trius"", ""Braga"", ""Ilias""]","[0.7845429182052612, 0.5582956671714783, 0.5406690239906311, 0.38493359088897705, 0.2919199466705322]"
1,centroid,1,378,Triton,Triton,"[""Triton"", ""Mytikas"", ""Trius"", ""Braga"", ""Castor""]","[0.8592110276222229, 0.5866557359695435, 0.5815876722335815, 0.5001389980316162, 0.34675121307373047]"
1,centroid,1,379,Triton,Triton,"[""Triton"", ""Mytikas"", ""Trius"", ""Braga"", ""Castor""]","[0.8953030705451965, 0.6532399654388428, 0.5930287837982178, 0.5092936754226685, 0.34549450874328613]"
1,centroid,1,380,Triton,Triton,"[""Triton"", ""Mytikas"", ""Trius"", ""Castor"", ""Braga""]","[0.8535888195037842, 0.6682496666908264, 0.47388559579849243, 0.439897745847702, 0.4357571005821228]"
1,centroid,1,381,Triton,Triton,"[""Triton"", ""Mytikas"", ""Braga"", ""Trius"", ""Alcatras""]","[0.8669640421867371, 0.6529715061187744, 0.4818691313266754, 0.4028000831604004, 0.38049212098121643]"
1,centroid,1,382,Triton,Triton,"[""Triton"", ""Mytikas"", ""Braga"", ""Trius"", ""Castor""]","[0.8714806437492371, 0.7372919321060181, 0.4588993191719055, 0.39708924293518066, 0.37816187739372253]"
1,centroid,1,383,Triton,Triton,"[""Triton"", ""Mytikas"", ""Castor"", ""Alcatras"", ""Turbine""]","[0.5897715091705322, 0.5829195380210876, 0.4545744061470032, 0.44252103567123413, 0.39212608337402344]"
1,centroid,1,384,Triton,Triton,"[""Triton"", ""Trius"", ""Gemini"", ""Mytikas"", ""Braga""]","[0.688751220703125, 0.6033943295478821, 0.5518679022789001, 0.32539963722229004, 0.3170059323310852]"
1,centroid,1,385,Triton,Triton,"[""Triton"", ""Mytikas"", ""Braga"", ""Castor"", ""Trius""]","[0.8446177244186401, 0.7859235405921936, 0.565037727355957, 0.4344092011451721, 0.39364081621170044]"
1,centroid,1,386,Triton,Triton,"[""Triton"", ""Mytikas"", ""Braga"", ""Castor"", ""Alcatras""]","[0.8252254724502563, 0.7025489807128906, 0.5232449769973755, 0.4364723563194275, 0.4235360026359558]"
1,centroid,1,387,Triton,Triton,"[""Triton"", ""Trius"", ""Mytikas"", ""Braga"", ""Gemini""]","[0.7447008490562439, 0.6552961468696594, 0.5800740718841553, 0.5169410109519958, 0.3805164098739624]"
1,centroid,1,388,Triton,Triton,"[""Triton"", ""Trius"", ""Mytikas"", ""Braga"", ""Velorum""]","[0.8375849723815918, 0.6688580513000488, 0.5741631984710693, 0.5523374080657959, 0.3499961793422699]"
1,centroid,1,389,Triton,Triton,"[""Triton"", ""Mytikas"", ""Trius"", ""Braga"", ""Velorum""]","[0.9419450759887695, 0.6722046136856079, 0.5385494232177734, 0.3968116044998169, 0.3897053003311157]"
1,centroid,1,390,Triton,Triton,"[""Triton"", ""Mytikas"", ""Braga"", ""Trius"", ""Gemini""]","[0.8764505386352539, 0.6713842153549194, 0.4535863995552063, 0.44863244891166687, 0.32474687695503235]"
1,centroid,1,391,Triton,Triton,"[""Triton"", ""Trius"", ""Velorum"", ""Mytikas"", ""Braga""]","[0.7749412059783936, 0.6345471143722534, 0.49269890785217285, 0.46051234006881714, 0.26116472482681274]"
1,centroid,1,392,Triton,Triton,"[""Triton"", ""Trius"", ""Mytikas"", ""Alaris"", ""Braga""]","[0.8282022476196289, 0.6845965385437012, 0.49123796820640564, 0.41203808784484863, 0.3957163691520691]"
1,centroid,1,393,Triton,Triton,"[""Triton"", ""Mytikas"", ""Trius"", ""Velorum"", ""Castor""]","[0.702333390712738, 0.533851146697998, 0.48002177476882935, 0.35093748569488525, 0.28336846828460693]"
1,centroid,1,394,Triton,Triton,"[""Triton"", ""Mytikas"", ""Trius"", ""Braga"", ""Ilias""]","[0.8766437768936157, 0.5610148310661316, 0.5020164847373962, 0.3784990608692169, 0.3187830448150635]"
1,centroid,1,395,Triton,Mytikas,"[""Mytikas"", ""Triton"", ""Braga"", ""Castor"", ""Alcatras""]","[0.7131514549255371, 0.7081161737442017, 0.692798912525177, 0.65249103307724, 0.5628169178962708]"
1,centroid,1,396,Triton,Triton,"[""Triton"", ""Mytikas"", ""Castor"", ""Alcatras"", ""Velorum""]","[0.8575294613838196, 0.6122112274169922, 0.47674208879470825, 0.41110384464263916, 0.350841224193573]"
1,centroid,1,397,Triton,Mytikas,"[""Mytikas"", ""Triton"", ""Trius"", ""Gemini"", ""Xtreme""]","[0.6565719842910767, 0.6369043588638306, 0.5387406349182129, 0.4730721116065979, 0.4638803005218506]"
1,centroid,1,398,Triton,Mytikas,"[""Mytikas"", ""Alcatras"", ""Triton"", ""Castor"", ""Trius""]","[0.6080936193466187, 0.44207555055618286, 0.41980454325675964, 0.38127368688583374, 0.3329140543937683]"
1,centroid,1,399,Triton,Triton,"[""Triton"", ""Trius"", ""Mytikas"", ""Braga"", ""Velorum""]","[0.9017502069473267, 0.6052215695381165, 0.5848517417907715, 0.4181120693683624, 0.3530072271823883]"
1,centroid,1,400,Triton,Triton,"[""Triton"", ""Mytikas"", ""Trius"", ""Braga"", ""Velorum""]","[0.8961963653564453, 0.6568064093589783, 0.6426457166671753, 0.5691088438034058, 0.3810674250125885]"
1,centroid,1,401,Triton,Triton,"[""Triton"", ""Mytikas"", ""Trius"", ""Braga"", ""Castor""]","[0.8984088897705078, 0.640448808670044, 0.5068162679672241, 0.4022851586341858, 0.31442391872406006]"
1,centroid,1,402,Triton,Triton,"[""Triton"", ""Mytikas"", ""Braga"", ""Trius"", ""Gemini""]","[0.8493771553039551, 0.6970598697662354, 0.547791600227356, 0.4328312575817108, 0.3645475208759308]"
1,centroid,1,403,Triton,Triton,"[""Triton"", ""Mytikas"", ""Trius"", ""Braga"", ""Castor""]","[0.8152276277542114, 0.7610100507736206, 0.7077078223228455, 0.6196042895317078, 0.32629430294036865]"
1,centroid,1,404,Triton,Trius,"[""Trius"", ""Triton"", ""Mytikas"", ""Gemini"", ""Velorum""]","[0.5304190516471863, 0.43932074308395386, 0.3841358721256256, 0.37726378440856934, 0.3543912172317505]"
1,centroid,1,405,Triton,Triton,"[""Triton"", ""Mytikas"", ""Trius"", ""Ilias"", ""Velorum""]","[0.8567993640899658, 0.5498350858688354, 0.5135042071342468, 0.5087510347366333, 0.4469541311264038]"
1,centroid,1,406,Triton,Mytikas,"[""Mytikas"", ""Triton"", ""Castor"", ""Braga"", ""Trius""]","[0.7615413665771484, 0.6967121362686157, 0.5127689838409424, 0.4982694983482361, 0.35470080375671387]"
1,centroid,1,407,Triton,Triton,"[""Triton"", ""Trius"", ""Mytikas"", ""Braga"", ""Castor""]","[0.746121346950531, 0.6187657117843628, 0.46414363384246826, 0.3027021884918213, 0.2647419571876526]"
1,centroid,1,408,Triton,Triton,"[""Triton"", ""Mytikas"", ""Trius"", ""Ilias"", ""Turbine""]","[0.8337504863739014, 0.5369893312454224, 0.5163847208023071, 0.40931224822998047, 0.28192657232284546]"
1,centroid,1,409,Triton,Triton,"[""Triton"", ""Mytikas"", ""Trius"", ""Braga"", ""Castor""]","[0.8983712196350098, 0.6806464195251465, 0.5639538764953613, 0.45533299446105957, 0.3732323944568634]"
1,centroid,1,410,Triton,Triton,"[""Triton"", ""Mytikas"", ""Alcatras"", ""Castor"", ""Braga""]","[0.8411335349082947, 0.6982297897338867, 0.5006774663925171, 0.43133544921875, 0.42146575450897217]"
1,centroid,1,411,Trius,Mytikas,"[""Mytikas"", ""Trius"", ""Triton"", ""Velorum"", ""Castor""]","[0.7598515152931213, 0.5717085003852844, 0.5458768606185913, 0.4080102741718292, 0.33775806427001953]"
1,centroid,1,412,Trius,Trius,"[""Trius"", ""Alaris"", ""Braga"", ""Alcatras"", ""Triton""]","[0.7138514518737793, 0.705456018447876, 0.5350533723831177, 0.45067355036735535, 0.29347947239875793]"
1,centroid,1,413,Trius,Trius,"[""Trius"", ""Gemini"", ""Triton"", ""Mytikas"", ""Denom""]","[0.8157120943069458, 0.46666064858436584, 0.43639039993286133, 0.3183000683784485, 0.28238046169281006]"
1,centroid,1,414,Trius,Trius,"[""Trius"", ""Vega"", ""Alaris"", ""Mytikas"", ""Gemini""]","[0.7575461268424988, 0.45761212706565857, 0.40229952335357666, 0.39964693784713745, 0.3852648138999939]"
1,centroid,1,415,Trius,Trius,"[""Trius"", ""Gemini"", ""Triton"", ""Denom"", ""Ilias""]","[0.8115841150283813, 0.5211596488952637, 0.37467098236083984, 0.34334471821784973, 0.2659435570240021]"
1,centroid,1,416,Trius,Denom,"[""Denom"", ""Nivalis"", ""Trius"", ""Ratikon"", ""Mytikas""]","[0.6052109003067017, 0.4713837206363678, 0.44883784651756287, 0.43326008319854736, 0.2407442033290863]"
1,centroid,1,417,Trius,Braga,"[""Braga"", ""Triton"", ""Mytikas"", ""Trius"", ""Alcatras""]","[0.7809674739837646, 0.7643140554428101, 0.7084726095199585, 0.6924304366111755, 0.5350865125656128]"
1,centroid,1,418,Trius,Trius,"[""Trius"", ""Triton"", ""Braga"", ""Gemini"", ""Alaris""]","[0.7442145943641663, 0.6825749278068542, 0.5558795928955078, 0.4989888370037079, 0.4518390893936157]"
1,centroid,1,419,Trius,Trius,"[""Trius"", ""Alaris"", ""Braga"", ""Triton"", ""Mytikas""]","[0.7998097538948059, 0.6864692568778992, 0.6018252372741699, 0.5162606239318848, 0.4343811571598053]"
1,centroid,1,420,Trius,Trius,"[""Trius"", ""Gemini"", ""Denom"", ""Xtreme"", ""Mytikas""]","[0.6279962062835693, 0.4780201315879822, 0.4194650650024414, 0.2787286937236786, 0.23798057436943054]"
1,centroid,1,421,Trius,Vega,"[""Vega"", ""Mytikas"", ""Nivalis"", ""Trius"", ""Ratikon""]","[0.5129492878913879, 0.45802950859069824, 0.410005122423172, 0.333578497171402, 0.3016815185546875]"
1,centroid,1,422,Trius,Triton,"[""Triton"", ""Trius"", ""Braga"", ""Mytikas"", ""Alcatras""]","[0.7326068878173828, 0.7099693417549133, 0.531779944896698, 0.5214836597442627, 0.4622710049152374]"
1,centroid,1,423,Trius,Triton,"[""Triton"", ""Braga"", ""Trius"", ""Mytikas"", ""Castor""]","[0.8640578985214233, 0.6643086671829224, 0.6465355157852173, 0.5872436761856079, 0.38467538356781006]"
1,centroid,1,424,Trius,Trius,"[""Trius"", ""Velorum"", ""Ilias"", ""Alaris"", ""Triton""]","[0.6954488754272461, 0.4132004380226135, 0.36733633279800415, 0.3213508427143097, 0.2696794867515564]"
1,centroid,1,425,Trius,Trius,"[""Trius"", ""Denom"", ""Nivalis"", ""Gemini"", ""Triton""]","[0.6151385307312012, 0.5557904243469238, 0.3154396414756775, 0.3010331392288208, 0.29526305198669434]"
1,centroid,1,426,Trius,Trius,"[""Trius"", ""Alaris"", ""Braga"", ""Triton"", ""Alcatras""]","[0.8834792375564575, 0.6577579379081726, 0.5437033176422119, 0.5431810617446899, 0.40532779693603516]"
1,centroid,1,427,Trius,Trius,"[""Trius"", ""Alaris"", ""Braga"", ""Triton"", ""Mytikas""]","[0.9014108777046204, 0.6951659917831421, 0.5101914405822754, 0.4263169467449188, 0.38276737928390503]"
1,centroid,1,428,Trius,Trius,"[""Trius"", ""Gemini"", ""Triton"", ""Mytikas"", ""Alaris""]","[0.7972702980041504, 0.5670654773712158, 0.47405481338500977, 0.46280521154403687, 0.4425152838230133]"
1,centroid,1,429,Trius,Trius,"[""Trius"", ""Gemini"", ""Alaris"", ""Denom"", ""Triton""]","[0.8654318451881409, 0.3874765634536743, 0.3553721308708191, 0.28781452775001526, 0.22707226872444153]"
1,centroid,1,430,Trius,Trius,"[""Trius"", ""Alaris"", ""Braga"", ""Triton"", ""Mytikas""]","[0.7869663834571838, 0.6665946245193481, 0.6093797087669373, 0.5058016777038574, 0.3987324833869934]"
1,centroid,1,431,Trius,Trius,"[""Trius"", ""Mytikas"", ""Vega"", ""Triton"", ""Turbine""]","[0.6051503419876099, 0.5028809309005737, 0.4895448088645935, 0.48052307963371277, 0.3406810164451599]"
1,centroid,1,432,Trius,Trius,"[""Trius"", ""Triton"", ""Mytikas"", ""Braga"", ""Alaris""]","[0.8413494825363159, 0.8163439631462097, 0.6926977038383484, 0.5645740032196045, 0.3963232636451721]"
1,centroid,1,433,Trius,Trius,"[""Trius"", ""Alaris"", ""Triton"", ""Gemini"", ""Braga""]","[0.8616440296173096, 0.4758681654930115, 0.43727102875709534, 0.3874008059501648, 0.3732893168926239]"
1,centroid,1,434,Trius,Trius,"[""Trius"", ""Gemini"", ""Alaris"", ""Triton"", ""Braga""]","[0.6844574213027954, 0.5627355575561523, 0.37474244832992554, 0.32279694080352783, 0.26756176352500916]"
1,centroid,1,435,Trius,Trius,"[""Trius"", ""Braga"", ""Gemini"", ""Triton"", ""Mytikas""]","[0.792900562286377, 0.7243894338607788, 0.5280020236968994, 0.49219679832458496, 0.4653436541557312]"
1,centroid,1,436,Trius,Trius,"[""Trius"", ""Triton"", ""Mytikas"", ""Alaris"", ""Alcatras""]","[0.8361867666244507, 0.7165043950080872, 0.5775430798530579, 0.46562546491622925, 0.4087974727153778]"
1,centroid,1,437,Trius,Trius,"[""Trius"", ""Alaris"", ""Alcatras"", ""Triton"", ""Braga""]","[0.8317417502403259, 0.7764282822608948, 0.5558868646621704, 0.5055350661277771, 0.4985131621360779]"
1,centroid,1,438,Trius,Trius,"[""Trius"", ""Triton"", ""Alaris"", ""Mytikas"", ""Braga""]","[0.8608081340789795, 0.7222548127174377, 0.603165864944458, 0.5673248171806335, 0.4786660075187683]"
1,centroid,1,439,Trius,Trius,"[""Trius"", ""Triton"", ""Alaris"", ""Braga"", ""Mytikas""]","[0.8789703845977783, 0.7164678573608398, 0.5778506994247437, 0.4721026122570038, 0.420967161655426]"
1,centroid,1,440,Trius,Alaris,"[""Alaris"", ""Alcatras"", ""Braga"", ""Trius"", ""Triton""]","[0.7799038887023926, 0.5749332308769226, 0.5473195314407349, 0.5348875522613525, 0.40892672538757324]"
1,centroid,1,441,Trius,Trius,"[""Trius"", ""Triton"", ""Alaris"", ""Gemini"", ""Braga""]","[0.8771607279777527, 0.50278639793396, 0.4922473430633545, 0.3547463119029999, 0.3500608205795288]"
1,centroid,1,442,Trius,Trius,"[""Trius"", ""Alaris"", ""Alcatras"", ""Triton"", ""Braga""]","[0.7641714811325073, 0.6046245098114014, 0.5896613597869873, 0.5088374614715576, 0.5004090070724487]"
1,centroid,1,443,Trius,Mytikas,"[""Mytikas"", ""Gemini"", ""Braga"", ""Trius"", ""Triton""]","[0.6742262840270996, 0.5758391618728638, 0.5511996746063232, 0.49668142199516296, 0.49481356143951416]"
1,centroid,1,444,Trius,Trius,"[""Trius"", ""Mytikas"", ""Triton"", ""Braga"", ""Alaris""]","[0.8356691002845764, 0.7035473585128784, 0.5751407146453857, 0.38488584756851196, 0.3464865982532501]"
1,centroid,1,445,Trius,Triton,"[""Triton"", ""Trius"", ""Mytikas"", ""Castor"", ""Alcatras""]","[0.6455682516098022, 0.6109922528266907, 0.5513148307800293, 0.47292670607566833, 0.3916357755661011]"
1,centroid,1,446,Trius,Trius,"[""Trius"", ""Alaris"", ""Gemini"", ""Vega"", ""Alcatras""]","[0.8329211473464966, 0.6662120819091797, 0.29461461305618286, 0.2522267699241638, 0.21953508257865906]"
1,centroid,1,447,Trius,Trius,"[""Trius"", ""Alaris"", ""Triton"", ""Ilias"", ""Mytikas""]","[0.7381162047386169, 0.5010614395141602, 0.4776049256324768, 0.35003232955932617, 0.2740115821361542]"
1,centroid,1,448,Trius,Trius,"[""Trius"", ""Triton"", ""Mytikas"", ""Braga"", ""Gemini""]","[0.8420851230621338, 0.7662363052368164, 0.5448680520057678, 0.4642249345779419, 0.3911809027194977]"
1,centroid,1,449,Trius,Trius,"[""Trius"", ""Mytikas"", ""Braga"", ""Triton"", ""Gemini""]","[0.6456009149551392, 0.5858427286148071, 0.5055527687072754, 0.43245571851730347, 0.39253300428390503]"
1,centroid,1,450,Trius,Triton,"[""Triton"", ""Trius"", ""Braga"", ""Mytikas"", ""Alaris""]","[0.7614458799362183, 0.726073145866394, 0.6303613185882568, 0.5955932140350342, 0.5267761945724487]"
1,centroid,1,451,Trius,Trius,"[""Trius"", ""Triton"", ""Mytikas"", ""Alaris"", ""Braga""]","[0.746239185333252, 0.6204166412353516, 0.568822979927063, 0.5509154796600342, 0.48057281970977783]"
1,centroid,1,452,Turbine,Castor,"[""Castor"", ""Turbine"", ""Braga"", ""Mytikas"", ""Triton""]","[0.8582786321640015, 0.5953153371810913, 0.4774416983127594, 0.4032357335090637, 0.38471412658691406]"
1,centroid,1,453,Turbine,Turbine,"[""Turbine"", ""Hawk"", ""Castor"", ""Alcatras"", ""Braga""]","[0.9069676399230957, 0.6813017725944519, 0.35633671283721924, 0.2678176164627075, 0.2572799623012543]"
1,centroid,1,454,Turbine,Turbine,"[""Turbine"", ""Alcatras"", ""Braga"", ""Castor"", ""Alaris""]","[0.8143472671508789, 0.44211345911026, 0.4311533570289612, 0.4280729293823242, 0.4037000238895416]"
1,centroid,1,455,Turbine,Turbine,"[""Turbine"", ""Braga"", ""Vega"", ""Gemini"", ""Hawk""]","[0.6863625049591064, 0.5584237575531006, 0.5239270925521851, 0.4468546509742737, 0.37063491344451904]"
1,centroid,1,456,Turbine,Turbine,"[""Turbine"", ""Vega"", ""Hawk"", ""Braga"", ""Alaris""]","[0.851266622543335, 0.5015972256660461, 0.49301856756210327, 0.3099686801433563, 0.1442452371120453]"
1,centroid,1,457,Turbine,Turbine,"[""Turbine"", ""Hawk"", ""Vega"", ""Castor"", ""Alcatras""]","[0.9171575903892517, 0.5667678713798523, 0.4305952787399292, 0.42691320180892944, 0.42259716987609863]"
1,centroid,1,458,Turbine,Turbine,"[""Turbine"", ""Hawk"", ""Vega"", ""Braga"", ""Castor""]","[0.9032915830612183, 0.563072681427002, 0.4610189199447632, 0.36767590045928955, 0.36109331250190735]"
1,centroid,1,459,Turbine,Turbine,"[""Turbine"", ""Braga"", ""Vega"", ""Hawk"", ""Castor""]","[0.7977214455604553, 0.5947957038879395, 0.5738164186477661, 0.5131447315216064, 0.3782394528388977]"
1,centroid,1,460,Turbine,Turbine,"[""Turbine"", ""Triton"", ""Braga"", ""Alcatras"", ""Alaris""]","[0.7059379816055298, 0.5940126180648804, 0.5291045904159546, 0.49835634231567383, 0.4370826482772827]"
1,centroid,1,461,Turbine,Turbine,"[""Turbine"", ""Hawk"", ""Vega"", ""Braga"", ""Alaris""]","[0.8666796684265137, 0.6649652719497681, 0.5247659087181091, 0.482047438621521, 0.3416488766670227]"
1,centroid,1,462,Turbine,Turbine,"[""Turbine"", ""Castor"", ""Alcatras"", ""Triton"", ""Braga""]","[0.7824972867965698, 0.6728997230529785, 0.6090067625045776, 0.559810221195221, 0.557292103767395]"
1,centroid,1,463,Turbine,Turbine,"[""Turbine"", ""Hawk"", ""Mytikas"", ""Braga"", ""Triton""]","[0.5614495277404785, 0.5073401927947998, 0.42199498414993286, 0.36943453550338745, 0.2834615707397461]"
1,centroid,1,464,Turbine,Turbine,"[""Turbine"", ""Castor"", ""Braga"", ""Hawk"", ""Alcatras""]","[0.8945227265357971, 0.5235494375228882, 0.5073947310447693, 0.33873414993286133, 0.2618120312690735]"
1,centroid,1,465,Turbine,Turbine,"[""Turbine"", ""Hawk"", ""Alcatras"", ""Castor"", ""Alaris""]","[0.8801640272140503, 0.622904896736145, 0.4578344225883484, 0.4353666305541992, 0.31567060947418213]"
1,centroid,1,466,Turbine,Turbine,"[""Turbine"", ""Vega"", ""Hawk"", ""Braga"", ""Castor""]","[0.8638864159584045, 0.4889911413192749, 0.43314534425735474, 0.36089029908180237, 0.2907458245754242]"
1,centroid,1,467,Turbine,Turbine,"[""Turbine"", ""Hawk"", ""Vega"", ""Braga"", ""Alaris""]","[0.7304091453552246, 0.7133270502090454, 0.6373701095581055, 0.3155580163002014, 0.2220650315284729]"
1,centroid,1,468,Turbine,Turbine,"[""Turbine"", ""Castor"", ""Alcatras"", ""Hawk"", ""Braga""]","[0.8738706707954407, 0.5540138483047485, 0.5134040117263794, 0.444675087928772, 0.43269503116607666]"
1,centroid,1,469,Turbine,Turbine,"[""Turbine"", ""Braga"", ""Trius"", ""Castor"", ""Mytikas""]","[0.4823252558708191, 0.45864710211753845, 0.4451841115951538, 0.38062119483947754, 0.3243390917778015]"
1,centroid,1,470,Turbine,Turbine,"[""Turbine"", ""Hawk"", ""Castor"", ""Braga"", ""Alcatras""]","[0.9672800302505493, 0.4421520233154297, 0.39090341329574585, 0.3590300679206848, 0.2990707755088806]"
1,centroid,1,471,Turbine,Turbine,"[""Turbine"", ""Castor"", ""Braga"", ""Triton"", ""Hawk""]","[0.8644012212753296, 0.40409988164901733, 0.3485538959503174, 0.3146796226501465, 0.28198835253715515]"
1,centroid,1,472,Turbine,Turbine,"[""Turbine"", ""Braga"", ""Castor"", ""Trius"", ""Hawk""]","[0.7560380697250366, 0.577552318572998, 0.4630488157272339, 0.45433151721954346, 0.434967964887619]"
1,centroid,1,473,Turbine,Turbine,"[""Turbine"", ""Alcatras"", ""Braga"", ""Alaris"", ""Castor""]","[0.7768603563308716, 0.47533172369003296, 0.43804803490638733, 0.43679386377334595, 0.3996552526950836]"
1,centroid,1,474,Turbine,Turbine,"[""Turbine"", ""Braga"", ""Castor"", ""Hawk"", ""Triton""]","[0.8766415119171143, 0.5060872435569763, 0.49442875385284424, 0.32921794056892395, 0.31516218185424805]"
1,centroid,1,475,Turbine,Turbine,"[""Turbine"", ""Hawk"", ""Castor"", ""Alcatras"", ""Mytikas""]","[0.7868244051933289, 0.6378870010375977, 0.4896601438522339, 0.4682745337486267, 0.3443148136138916]"
1,centroid,1,476,Turbine,Turbine,"[""Turbine"", ""Castor"", ""Alcatras"", ""Braga"", ""Alaris""]","[0.8564655780792236, 0.6146934032440186, 0.4590059816837311, 0.4518395960330963, 0.30507031083106995]"
1,centroid,1,477,Turbine,Turbine,"[""Turbine"", ""Castor"", ""Alcatras"", ""Braga"", ""Triton""]","[0.898634672164917, 0.5279955863952637, 0.3812088966369629, 0.3386768102645874, 0.3105769157409668]"
1,centroid,1,478,Turbine,Turbine,"[""Turbine"", ""Hawk"", ""Vega"", ""Alcatras"", ""Alaris""]","[0.7765004634857178, 0.6575956344604492, 0.48994314670562744, 0.3386709690093994, 0.3261050283908844]"
1,centroid,1,479,Turbine,Turbine,"[""Turbine"", ""Hawk"", ""Vega"", ""Alcatras"", ""Alaris""]","[0.8377615809440613, 0.5806692838668823, 0.47258132696151733, 0.3780978322029114, 0.3165503144264221]"
1,centroid,1,480,Vega,Vega,"[""Vega"", ""Hawk"", ""Alaris"", ""Turbine"", ""Braga""]","[0.9196944236755371, 0.5183619260787964, 0.4903027415275574, 0.3010614216327667, 0.25044703483581543]"
1,centroid,1,481,Vega,Vega,"[""Vega"", ""Turbine"", ""Hawk"", ""Braga"", ""Alaris""]","[0.8998614549636841, 0.32052916288375854, 0.31328535079956055, 0.21385127305984497, 0.10518801212310791]"
1,centroid,1,482,Vega,Vega,"[""Vega"", ""Gemini"", ""Trius"", ""Hawk"", ""Alaris""]","[0.8980718851089478, 0.46238207817077637, 0.16444864869117737, 0.1576436161994934, 0.11697150766849518]"
1,centroid,1,483,Vega,Vega,"[""Vega"", ""Turbine"", ""Alaris"", ""Alcatras"", ""Hawk""]","[0.654300332069397, 0.37531083822250366, 0.3564455509185791, 0.3172536790370941, 0.2474076896905899]"
1,centroid,1,484,Vega,Vega,"[""Vega"", ""Gemini"", ""Turbine"", ""Hawk"", ""Alaris""]","[0.7844861745834351, 0.3713243305683136, 0.3071407079696655, 0.16969560086727142, 0.14180439710617065]"
1,centroid,1,485,Vega,Vega,"[""Vega"", ""Hawk"", ""Turbine"", ""Alaris"", ""Alcatras""]","[0.8650291562080383, 0.46576184034347534, 0.437452107667923, 0.42525196075439453, 0.3572350740432739]"
1,centroid,1,486,Vega,Vega,"[""Vega"", ""Trius"", ""Gemini"", ""Alaris"", ""Braga""]","[0.847046971321106, 0.36352404952049255, 0.3230099081993103, 0.2712180018424988, 0.26914912462234497]"
1,centroid,1,487,Vega,Vega,"[""Vega"", ""Hawk"", ""Gemini"", ""Turbine"", ""Nivalis""]","[0.798260509967804, 0.5563887357711792, 0.2787216305732727, 0.22990728914737701, 0.17869918048381805]"
1,centroid,1,488,Vega,Vega,"[""Vega"", ""Gemini"", ""Hawk"", ""Turbine"", ""Xtreme""]","[0.7999511361122131, 0.48924458026885986, 0.28109490871429443, 0.2400498390197754, 0.1439344882965088]"
1,centroid,1,489,Vega,Vega,"[""Vega"", ""Gemini"", ""Hawk"", ""Trius"", ""Braga""]","[0.8917645812034607, 0.5053446292877197, 0.329434871673584, 0.3150325417518616, 0.18776848912239075]"
1,centroid,1,490,Vega,Vega,"[""Vega"", ""Hawk"", ""Gemini"", ""Turbine"", ""Braga""]","[0.886223316192627, 0.39524292945861816, 0.3687014579772949, 0.17769521474838257, 0.15739302337169647]"
1,centroid,1,491,Vega,Vega,"[""Vega"", ""Hawk"", ""Gemini"", ""Braga"", ""Alaris""]","[0.9287043809890747, 0.3481355309486389, 0.23089416325092316, 0.14357787370681763, 0.12286367267370224]"
1,centroid,1,492,Vega,Mytikas,"[""Mytikas"", ""Triton"", ""Trius"", ""Braga"", ""Alcatras""]","[0.7544373273849487, 0.6760774850845337, 0.6453065872192383, 0.44045987725257874, 0.4091750383377075]"
1,centroid,1,493,Vega,Vega,"[""Vega"", ""Hawk"", ""Braga"", ""Turbine"", ""Alaris""]","[0.9266717433929443, 0.4105142652988434, 0.24341750144958496, 0.21080514788627625, 0.20777767896652222]"
1,centroid,1,494,Vega,Vega,"[""Vega"", ""Turbine"", ""Hawk"", ""Alcatras"", ""Braga""]","[0.7419865131378174, 0.5279977321624756, 0.44212228059768677, 0.2819814085960388, 0.20580033957958221]"
1,centroid,1,495,Vega,Vega,"[""Vega"", ""Gemini"", ""Hawk"", ""Alaris"", ""Nivalis""]","[0.8722674250602722, 0.4544192850589752, 0.29373589158058167, 0.1271134912967682, 0.08389545232057571]"
1,centroid,1,496,Vega,Vega,"[""Vega"", ""Turbine"", ""Hawk"", ""Alcatras"", ""Alaris""]","[0.7066443562507629, 0.6728556156158447, 0.5910763144493103, 0.46517765522003174, 0.43783098459243774]"
1,centroid,1,497,Vega,Vega,"[""Vega"", ""Gemini"", ""Xtreme"", ""Braga"", ""Nivalis""]","[0.6471625566482544, 0.5702159404754639, 0.3429279923439026, 0.22695216536521912, 0.1677527129650116]"
1,centroid,1,498,Vega,Vega,"[""Vega"", ""Braga"", ""Gemini"", ""Trius"", ""Turbine""]","[0.7928339242935181, 0.5488694310188293, 0.5064643621444702, 0.3813439905643463, 0.3112959563732147]"
1,centroid,1,499,Vega,Vega,"[""Vega"", ""Turbine"", ""Braga"", ""Hawk"", ""Triton""]","[0.7021747827529907, 0.5329413414001465, 0.3341553807258606, 0.311348557472229, 0.2775304913520813]"
1,centroid,1,500,Vega,Vega,"[""Vega"", ""Gemini"", ""Braga"", ""Hawk"", ""Trius""]","[0.9028699994087219, 0.5213107466697693, 0.464588463306427, 0.3477047085762024, 0.31593337655067444]"
1,centroid,1,501,Vega,Vega,"[""Vega"", ""Turbine"", ""Hawk"", ""Braga"", ""Alcatras""]","[0.7637518048286438, 0.5256462097167969, 0.5192387104034424, 0.4452916383743286, 0.410307914018631]"
1,centroid,1,502,Vega,Vega,"[""Vega"", ""Hawk"", ""Gemini"", ""Nivalis"", ""Braga""]","[0.8830909729003906, 0.4539645314216614, 0.23746438324451447, 0.2052798718214035, 0.13452878594398499]"
1,centroid,1,503,Vega,Vega,"[""Vega"", ""Gemini"", ""Hawk"", ""Xtreme"", ""Turbine""]","[0.7834317684173584, 0.691700279712677, 0.36320871114730835, 0.26394277811050415, 0.20496690273284912]"
1,centroid,1,504,Vega,Vega,"[""Vega"", ""Hawk"", ""Gemini"", ""Braga"", ""Mytikas""]","[0.8037654161453247, 0.4213918447494507, 0.23613187670707703, 0.20852378010749817, 0.1547006070613861]"
1,centroid,1,505,Vega,Vega,"[""Vega"", ""Alaris"", ""Turbine"", ""Hawk"", ""Braga""]","[0.8514394760131836, 0.48275235295295715, 0.4209788739681244, 0.4127616286277771, 0.3825770616531372]"
1,centroid,1,506,Vega,Vega,"[""Vega"", ""Gemini"", ""Hawk"", ""Braga"", ""Alaris""]","[0.8988471031188965, 0.534937858581543, 0.27412763237953186, 0.19480514526367188, 0.1213374063372612]"
1,centroid,1,507,Vega,Vega,"[""Vega"", ""Hawk"", ""Alaris"", ""Turbine"", ""Alcatras""]","[0.8542474508285522, 0.522658109664917, 0.3445274233818054, 0.3280344307422638, 0.23667752742767334]"
1,centroid,1,508,Vega,Vega,"[""Vega"", ""Turbine"", ""Alaris"", ""Hawk"", ""Ilias""]","[0.5402101874351501, 0.4313320517539978, 0.3494356572628021, 0.33110785484313965, 0.2635347247123718]"
1,centroid,1,509,Vega,Vega,"[""Vega"", ""Alaris"", ""Trius"", ""Hawk"", ""Turbine""]","[0.8333203792572021, 0.3893226981163025, 0.315416157245636, 0.20723435282707214, 0.17502745985984802]"
1,centroid,1,510,Vega,Vega,"[""Vega"", ""Trius"", ""Gemini"", ""Alaris"", ""Triton""]","[0.8037245273590088, 0.4050059914588928, 0.4009385406970978, 0.21122154593467712, 0.20808327198028564]"
1,centroid,1,511,Vega,Vega,"[""Vega"", ""Turbine"", ""Hawk"", ""Alaris"", ""Alcatras""]","[0.818260908126831, 0.4352837800979614, 0.34196737408638, 0.32615742087364197, 0.1690899282693863]"
1,centroid,1,512,Vega,Vega,"[""Vega"", ""Hawk"", ""Alaris"", ""Turbine"", ""Braga""]","[0.9134213924407959, 0.4666230082511902, 0.3817737102508545, 0.29932671785354614, 0.2727932631969452]"
1,centroid,1,513,Vega,Vega,"[""Vega"", ""Gemini"", ""Hawk"", ""Alaris"", ""Braga""]","[0.9540014863014221, 0.41855311393737793, 0.33656689524650574, 0.24782279133796692, 0.21448847651481628]"
1,centroid,1,514,Vega,Vega,"[""Vega"", ""Hawk"", ""Gemini"", ""Braga"", ""Turbine""]","[0.8668971061706543, 0.6298757195472717, 0.37409132719039917, 0.17178651690483093, 0.15536028146743774]"
1,centroid,1,515,Velorum,Velorum,"[""Velorum"", ""Ilias"", ""Ratikon"", ""Denom"", ""Triton""]","[0.8442631959915161, 0.671876847743988, 0.4671241044998169, 0.4175964891910553, 0.36098310351371765]"
1,centroid,1,516,Velorum,Velorum,"[""Velorum"", ""Triton"", ""Mytikas"", ""Ilias"", ""Nivalis""]","[0.845552921295166, 0.4286346435546875, 0.34084638953208923, 0.3070518672466278, 0.2828712463378906]"
1,centroid,1,517,Velorum,Velorum,"[""Velorum"", ""Denom"", ""Ratikon"", ""Nivalis"", ""Ilias""]","[0.8474248647689819, 0.7053170204162598, 0.6287656426429749, 0.5991847515106201, 0.5914342403411865]"
1,centroid,1,518,Velorum,Velorum,"[""Velorum"", ""Ilias"", ""Alcatras"", ""Mytikas"", ""Triton""]","[0.8697637319564819, 0.3284626007080078, 0.25964415073394775, 0.25335100293159485, 0.2487623393535614]"
1,centroid,1,519,Velorum,Velorum,"[""Velorum"", ""Nivalis"", ""Denom"", ""Ilias"", ""Ratikon""]","[0.8223728537559509, 0.5662808418273926, 0.4536433815956116, 0.44656652212142944, 0.27697792649269104]"
1,centroid,1,520,Velorum,Velorum,"[""Velorum"", ""Nivalis"", ""Ilias"", ""Denom"", ""Triton""]","[0.9006726741790771, 0.27052104473114014, 0.24067673087120056, 0.18759188055992126, 0.14231890439987183]"
1,centroid,1,521,Velorum,Velorum,"[""Velorum"", ""Nivalis"", ""Ratikon"", ""Ilias"", ""Denom""]","[0.8130254149436951, 0.5571950674057007, 0.5531478524208069, 0.5380780696868896, 0.5358937382698059]"
1,centroid,1,522,Velorum,Velorum,"[""Velorum"", ""Ilias"", ""Nivalis"", ""Trius"", ""Triton""]","[0.9216526746749878, 0.3276408314704895, 0.27315860986709595, 0.24206066131591797, 0.19557154178619385]"
1,centroid,1,523,Velorum,Velorum,"[""Velorum"", ""Triton"", ""Ilias"", ""Nivalis"", ""Mytikas""]","[0.9065291285514832, 0.3965163826942444, 0.39146965742111206, 0.38850098848342896, 0.29798978567123413]"
1,centroid,1,524,Velorum,Velorum,"[""Velorum"", ""Trius"", ""Ilias"", ""Nivalis"", ""Alaris""]","[0.8479523658752441, 0.3487657904624939, 0.32042622566223145, 0.2493622899055481, 0.23311898112297058]"
1,centroid,1,525,Velorum,Velorum,"[""Velorum"", ""Denom"", ""Ilias"", ""Nivalis"", ""Ratikon""]","[0.8669922351837158, 0.5070919990539551, 0.43148073554039, 0.4312054514884949, 0.31341052055358887]"
1,centroid,1,526,Velorum,Velorum,"[""Velorum"", ""Nivalis"", ""Trius"", ""Triton"", ""Ilias""]","[0.8652201890945435, 0.32136642932891846, 0.2754952609539032, 0.2709672152996063, 0.22389687597751617]"
1,centroid,1,527,Velorum,Velorum,"[""Velorum"", ""Ilias"", ""Nivalis"", ""Ratikon"", ""Denom""]","[0.90572190284729, 0.5032646059989929, 0.4926697015762329, 0.38315728306770325, 0.3535606861114502]"
1,centroid,1,528,Velorum,Velorum,"[""Velorum"", ""Ilias"", ""Ratikon"", ""Nivalis"", ""Denom""]","[0.8941158652305603, 0.5558261871337891, 0.4256802797317505, 0.37705427408218384, 0.340526819229126]"
1,centroid,1,529,Velorum,Velorum,"[""Velorum"", ""Ilias"", ""Nivalis"", ""Trius"", ""Denom""]","[0.9350197911262512, 0.42017412185668945, 0.37131771445274353, 0.36769530177116394, 0.3008711040019989]"
1,centroid,1,530,Velorum,Velorum,"[""Velorum"", ""Trius"", ""Denom"", ""Triton"", ""Ilias""]","[0.891287088394165, 0.3065929412841797, 0.285478800535202, 0.2837989330291748, 0.2794792652130127]"
1,centroid,1,531,Velorum,Velorum,"[""Velorum"", ""Nivalis"", ""Ilias"", ""Mytikas"", ""Castor""]","[0.8379833102226257, 0.44219905138015747, 0.22335822880268097, 0.16198016703128815, 0.13524049520492554]"
1,centroid,1,532,Velorum,Velorum,"[""Velorum"", ""Nivalis"", ""Ilias"", ""Denom"", ""Ratikon""]","[0.9227361083030701, 0.5699028372764587, 0.41467010974884033, 0.34773916006088257, 0.2906750440597534]"
1,centroid,1,533,Velorum,Velorum,"[""Velorum"", ""Nivalis"", ""Ilias"", ""Ratikon"", ""Denom""]","[0.8977018594741821, 0.6606412529945374, 0.5781513452529907, 0.4838221073150635, 0.4295613467693329]"
1,centroid,1,534,Velorum,Velorum,"[""Velorum"", ""Nivalis"", ""Ilias"", ""Ratikon"", ""Denom""]","[0.8590535521507263, 0.5907090902328491, 0.40028947591781616, 0.3663907051086426, 0.35205572843551636]"
1,centroid,1,535,Velorum,Velorum,"[""Velorum"", ""Ilias"", ""Mytikas"", ""Triton"", ""Nivalis""]","[0.8260916471481323, 0.5839550495147705, 0.46669408679008484, 0.4541351795196533, 0.37876734137535095]"
1,centroid,1,536,Velorum,Velorum,"[""Velorum"", ""Turbine"", ""Ilias"", ""Alcatras"", ""Nivalis""]","[0.7449390888214111, 0.38498130440711975, 0.27191758155822754, 0.22507746517658234, 0.185578390955925]"
1,centroid,1,537,Velorum,Velorum,"[""Velorum"", ""Nivalis"", ""Denom"", ""Ilias"", ""Ratikon""]","[0.8264685869216919, 0.6563351154327393, 0.5016500353813171, 0.4685927927494049, 0.40760231018066406]"
1,centroid,1,538,Velorum,Velorum,"[""Velorum"", ""Nivalis"", ""Ilias"", ""Denom"", ""Ratikon""]","[0.9518671035766602, 0.5551847815513611, 0.5354584455490112, 0.422188401222229, 0.3518044054508209]"
1,centroid,1,539,Velorum,Velorum,"[""Velorum"", ""Nivalis"", ""Denom"", ""Ilias"", ""Ratikon""]","[0.9099017381668091, 0.44264325499534607, 0.391543447971344, 0.368993878364563, 0.26908332109451294]"
1,centroid,1,540,Velorum,Velorum,"[""Velorum"", ""Ilias"", ""Nivalis"", ""Triton"", ""Denom""]","[0.9233943223953247, 0.470487117767334, 0.3687247633934021, 0.2882271707057953, 0.2723000645637512]"
1,centroid,1,541,Velorum,Velorum,"[""Velorum"", ""Ilias"", ""Ratikon"", ""Denom"", ""Nivalis""]","[0.7462525367736816, 0.4909415543079376, 0.4573670029640198, 0.4235652983188629, 0.35719597339630127]"
1,centroid,1,542,Velorum,Velorum,"[""Velorum"", ""Denom"", ""Ilias"", ""Ratikon"", ""Nivalis""]","[0.614884078502655, 0.6023800373077393, 0.5302661061286926, 0.49178439378738403, 0.24090462923049927]"
1,centroid,1,543,Velorum,Velorum,"[""Velorum"", ""Nivalis"", ""Denom"", ""Ilias"", ""Ratikon""]","[0.8843628168106079, 0.6799019575119019, 0.5963779091835022, 0.5092668533325195, 0.5022047758102417]"
1,centroid,1,544,Velorum,Velorum,"[""Velorum"", ""Trius"", ""Ilias"", ""Triton"", ""Nivalis""]","[0.9244749546051025, 0.3864845633506775, 0.35604384541511536, 0.3368579149246216, 0.29762279987335205]"
1,centroid,1,545,Velorum,Velorum,"[""Velorum"", ""Nivalis"", ""Ilias"", ""Denom"", ""Ratikon""]","[0.8976132869720459, 0.6380894184112549, 0.5481426119804382, 0.4739990234375, 0.424552321434021]"
1,centroid,1,546,Velorum,Velorum,"[""Velorum"", ""Nivalis"", ""Ilias"", ""Ratikon"", ""Denom""]","[0.8715254068374634, 0.6412469148635864, 0.3695465922355652, 0.3606531322002411, 0.3568180799484253]"
1,centroid,1,547,Velorum,Velorum,"[""Velorum"", ""Ilias"", ""Denom"", ""Nivalis"", ""Ratikon""]","[0.8058751225471497, 0.7446621656417847, 0.688274621963501, 0.6642979383468628, 0.6393470764160156]"
1,centroid,1,548,Velorum,Velorum,"[""Velorum"", ""Nivalis"", ""Denom"", ""Ilias"", ""Ratikon""]","[0.8260922431945801, 0.6989585757255554, 0.525916337966919, 0.43345049023628235, 0.3740427494049072]"
1,centroid,1,549,Velorum,Velorum,"[""Velorum"", ""Nivalis"", ""Ilias"", ""Alcatras"", ""Ratikon""]","[0.9321041107177734, 0.32736462354660034, 0.2920982241630554, 0.17523938417434692, 0.17310889065265656]"
1,centroid,1,550,Velorum,Velorum,"[""Velorum"", ""Alcatras"", ""Nivalis"", ""Trius"", ""Ilias""]","[0.8610453605651855, 0.2601160705089569, 0.25888359546661377, 0.23333635926246643, 0.19253352284431458]"
1,centroid,1,551,Velorum,Velorum,"[""Velorum"", ""Ilias"", ""Nivalis"", ""Ratikon"", ""Denom""]","[0.9221988320350647, 0.3714428246021271, 0.34953975677490234, 0.20354509353637695, 0.16559025645256042]"
1,centroid,1,552,Velorum,Velorum,"[""Velorum"", ""Nivalis"", ""Ilias"", ""Denom"", ""Ratikon""]","[0.9332869052886963, 0.5666281580924988, 0.5344616174697876, 0.42024320363998413, 0.3760052025318146]"
1,centroid,1,553,Velorum,Velorum,"[""Velorum"", ""Triton"", ""Alcatras"", ""Ilias"", ""Castor""]","[0.8091045022010803, 0.44890472292900085, 0.31031590700149536, 0.25336992740631104, 0.23419928550720215]"
1,centroid,1,554,Velorum,Velorum,"[""Velorum"", ""Denom"", ""Ilias"", ""Triton"", ""Nivalis""]","[0.7851033806800842, 0.46941742300987244, 0.40584468841552734, 0.37571826577186584, 0.33831587433815]"
1,centroid,1,555,Velorum,Velorum,"[""Velorum"", ""Alcatras"", ""Trius"", ""Alaris"", ""Triton""]","[0.7181678414344788, 0.38293901085853577, 0.3677287697792053, 0.2886018753051758, 0.2733926773071289]"
1,centroid,1,556,Velorum,Velorum,"[""Velorum"", ""Ilias"", ""Nivalis"", ""Ratikon"", ""Denom""]","[0.8930848836898804, 0.406718373298645, 0.35158947110176086, 0.33896464109420776, 0.20831070840358734]"
1,centroid,1,557,Velorum,Velorum,"[""Velorum"", ""Nivalis"", ""Mytikas"", ""Ilias"", ""Triton""]","[0.8500281572341919, 0.4389321804046631, 0.23422977328300476, 0.21897342801094055, 0.21031327545642853]"
1,centroid,1,558,Velorum,Velorum,"[""Velorum"", ""Ilias"", ""Denom"", ""Nivalis"", ""Ratikon""]","[0.8053800463676453, 0.5299539566040039, 0.5188624858856201, 0.4729098081588745, 0.4241926968097687]"
1,centroid,1,559,Velorum,Velorum,"[""Velorum"", ""Nivalis"", ""Ilias"", ""Denom"", ""Mytikas""]","[0.9328004121780396, 0.412668913602829, 0.3931856155395508, 0.21246786415576935, 0.18143467605113983]"
1,centroid,1,560,Velorum,Velorum,"[""Velorum"", ""Trius"", ""Triton"", ""Mytikas"", ""Alcatras""]","[0.7677075862884521, 0.5119803547859192, 0.45530813932418823, 0.37522172927856445, 0.32330530881881714]"
1,centroid,1,561,Velorum,Velorum,"[""Velorum"", ""Ilias"", ""Trius"", ""Triton"", ""Mytikas""]","[0.8805375099182129, 0.4782412648200989, 0.31118524074554443, 0.3059648871421814, 0.2440001219511032]"
1,centroid,1,562,Velorum,Velorum,"[""Velorum"", ""Denom"", ""Ilias"", ""Nivalis"", ""Ratikon""]","[0.8848673105239868, 0.5313799381256104, 0.5304110050201416, 0.45363330841064453, 0.4445556402206421]"
1,centroid,1,563,Velorum,Velorum,"[""Velorum"", ""Trius"", ""Ratikon"", ""Nivalis"", ""Triton""]","[0.8280635476112366, 0.3747493624687195, 0.34975510835647583, 0.3337098956108093, 0.3230780363082886]"
1,centroid,1,564,Velorum,Velorum,"[""Velorum"", ""Nivalis"", ""Ilias"", ""Denom"", ""Ratikon""]","[0.9263386726379395, 0.4968007504940033, 0.45469027757644653, 0.33210957050323486, 0.26101723313331604]"
1,centroid,1,565,Velorum,Velorum,"[""Velorum"", ""Triton"", ""Trius"", ""Ilias"", ""Mytikas""]","[0.8500193953514099, 0.40941470861434937, 0.3854031562805176, 0.27200770378112793, 0.2403130829334259]"
1,centroid,1,566,Velorum,Velorum,"[""Velorum"", ""Nivalis"", ""Denom"", ""Ilias"", ""Ratikon""]","[0.8443347215652466, 0.5604729652404785, 0.301606684923172, 0.25394290685653687, 0.2422323375940323]"
1,centroid,1,567,Velorum,Velorum,"[""Velorum"", ""Trius"", ""Ilias"", ""Nivalis"", ""Alaris""]","[0.8479523658752441, 0.3487657904624939, 0.32042622566223145, 0.2493622899055481, 0.23311898112297058]"
1,centroid,1,568,Velorum,Velorum,"[""Velorum"", ""Ilias"", ""Nivalis"", ""Denom"", ""Ratikon""]","[0.9282600283622742, 0.320564329624176, 0.2771328389644623, 0.25119054317474365, 0.24752311408519745]"
1,centroid,1,569,Velorum,Velorum,"[""Velorum"", ""Nivalis"", ""Denom"", ""Ilias"", ""Trius""]","[0.8778589963912964, 0.3622558116912842, 0.322783887386322, 0.31003880500793457, 0.1882275491952896]"
1,centroid,1,570,Velorum,Velorum,"[""Velorum"", ""Ilias"", ""Nivalis"", ""Ratikon"", ""Denom""]","[0.856956958770752, 0.7753614187240601, 0.7080744504928589, 0.7051749229431152, 0.6773814558982849]"
1,centroid,1,571,Velorum,Velorum,"[""Velorum"", ""Nivalis"", ""Ilias"", ""Castor"", ""Turbine""]","[0.8685198426246643, 0.29846811294555664, 0.19537045061588287, 0.15400466322898865, 0.12989594042301178]"
1,centroid,1,572,Velorum,Velorum,"[""Velorum"", ""Nivalis"", ""Triton"", ""Mytikas"", ""Ilias""]","[0.8748732805252075, 0.45184168219566345, 0.4471537470817566, 0.41495606303215027, 0.3700166940689087]"
1,centroid,1,573,Velorum,Velorum,"[""Velorum"", ""Castor"", ""Mytikas"", ""Alcatras"", ""Trius""]","[0.5912327170372009, 0.5051331520080566, 0.4576631188392639, 0.41399502754211426, 0.4108634293079376]"
1,centroid,1,574,Xtreme,Xtreme,"[""Xtreme"", ""Gemini"", ""Steel_Wheel"", ""Mytikas"", ""Denom""]","[0.9506676197052002, 0.5082370042800903, 0.2985597848892212, 0.0915936529636383, 0.08611398935317993]"
1,centroid,1,575,Xtreme,Xtreme,"[""Xtreme"", ""Gemini"", ""Ilias"", ""Denom"", ""Nivalis""]","[0.9699221849441528, 0.6814918518066406, 0.22084568440914154, 0.21661539375782013, 0.13980773091316223]"
1,centroid,1,576,Xtreme,Xtreme,"[""Xtreme"", ""Gemini"", ""Hawk"", ""Steel_Wheel"", ""Braga""]","[0.844234049320221, 0.5867644548416138, 0.1869409680366516, 0.14998440444469452, 0.0821039229631424]"
1,centroid,1,577,Xtreme,Xtreme,"[""Xtreme"", ""Braga"", ""Gemini"", ""Mytikas"", ""Castor""]","[0.7153133749961853, 0.4631642699241638, 0.3857494294643402, 0.3717464804649353, 0.29411691427230835]"
1,centroid,1,578,Xtreme,Xtreme,"[""Xtreme"", ""Gemini"", ""Denom"", ""Steel_Wheel"", ""Ilias""]","[0.9534393548965454, 0.5762944221496582, 0.26030126214027405, 0.20861656963825226, 0.2048584520816803]"
1,centroid,1,579,Xtreme,Xtreme,"[""Xtreme"", ""Gemini"", ""Steel_Wheel"", ""Ilias"", ""Braga""]","[0.9490048885345459, 0.5775516629219055, 0.09775862097740173, 0.02887428179383278, 0.020387694239616394]"
1,centroid,1,580,Xtreme,Xtreme,"[""Xtreme"", ""Gemini"", ""Triton"", ""Mytikas"", ""Ilias""]","[0.8803586959838867, 0.6568248271942139, 0.31666991114616394, 0.310859739780426, 0.23849743604660034]"
1,centroid,1,581,Xtreme,Xtreme,"[""Xtreme"", ""Gemini"", ""Ilias"", ""Denom"", ""Steel_Wheel""]","[0.9441143870353699, 0.7146401405334473, 0.2260112464427948, 0.15022608637809753, 0.1424349993467331]"
1,centroid,1,582,Xtreme,Xtreme,"[""Xtreme"", ""Gemini"", ""Ilias"", ""Nivalis"", ""Denom""]","[0.8714576363563538, 0.5723653435707092, 0.39000529050827026, 0.26388436555862427, 0.2594892084598541]"
1,centroid,1,583,Xtreme,Xtreme,"[""Xtreme"", ""Gemini"", ""Nivalis"", ""Steel_Wheel"", ""Velorum""]","[0.9048550128936768, 0.4424763321876526, 0.19473105669021606, 0.1440805047750473, 0.1367802619934082]"
1,centroid,1,584,Xtreme,Xtreme,"[""Xtreme"", ""Gemini"", ""Velorum"", ""Steel_Wheel"", ""Ilias""]","[0.9200032949447632, 0.5887048244476318, 0.1414366215467453, 0.14143182337284088, 0.13694630563259125]"
1,centroid,1,585,Xtreme,Xtreme,"[""Xtreme"", ""Gemini"", ""Denom"", ""Steel_Wheel"", ""Nivalis""]","[0.9400697946548462, 0.6889494061470032, 0.13062843680381775, 0.10626904666423798, 0.0703694224357605]"
1,centroid,1,586,Xtreme,Xtreme,"[""Xtreme"", ""Gemini"", ""Trius"", ""Braga"", ""Velorum""]","[0.7018110752105713, 0.5651574730873108, 0.4209442436695099, 0.19675587117671967, 0.19004054367542267]"
1,centroid,1,587,Xtreme,Xtreme,"[""Xtreme"", ""Gemini"", ""Mytikas"", ""Ilias"", ""Steel_Wheel""]","[0.8853766918182373, 0.4185721278190613, 0.2670642137527466, 0.16862253844738007, 0.1093067079782486]"
1,centroid,1,588,Xtreme,Xtreme,"[""Xtreme"", ""Gemini"", ""Steel_Wheel"", ""Denom"", ""Hawk""]","[0.9167467355728149, 0.5533781051635742, 0.1746123731136322, 0.021654726937413216, 0.017964772880077362]"
1,centroid,1,589,Xtreme,Xtreme,"[""Xtreme"", ""Gemini"", ""Mytikas"", ""Steel_Wheel"", ""Braga""]","[0.919768214225769, 0.4935676157474518, 0.16847260296344757, 0.15841983258724213, 0.0803043469786644]"
1,centroid,1,590,Xtreme,Xtreme,"[""Xtreme"", ""Gemini"", ""Ilias"", ""Steel_Wheel"", ""Nivalis""]","[0.9438494443893433, 0.5822216272354126, 0.08518865704536438, 0.07933972775936127, 0.034271739423274994]"
1,centroid,1,591,Xtreme,Xtreme,"[""Xtreme"", ""Gemini"", ""Steel_Wheel"", ""Denom"", ""Nivalis""]","[0.9388382434844971, 0.5481808185577393, 0.21876290440559387, 0.16969552636146545, 0.16183434426784515]"
1,centroid,1,592,Xtreme,Xtreme,"[""Xtreme"", ""Gemini"", ""Steel_Wheel"", ""Mytikas"", ""Denom""]","[0.9250946044921875, 0.41375404596328735, 0.1376843899488449, 0.0907367616891861, 0.0832877978682518]"
1,centroid,1,593,Xtreme,Xtreme,"[""Xtreme"", ""Gemini"", ""Steel_Wheel"", ""Ilias"", ""Denom""]","[0.9659819602966309, 0.5934513807296753, 0.13226133584976196, 0.11247115582227707, 0.09665195643901825]"
1,centroid,1,594,Xtreme,Xtreme,"[""Xtreme"", ""Gemini"", ""Steel_Wheel"", ""Ilias"", ""Denom""]","[0.9532891511917114, 0.5088000297546387, 0.20236873626708984, 0.14500638842582703, 0.08829350769519806]"
1,centroid,1,595,Xtreme,Xtreme,"[""Xtreme"", ""Gemini"", ""Denom"", ""Steel_Wheel"", ""Nivalis""]","[0.948254406452179, 0.6967318058013916, 0.28780820965766907, 0.15307603776454926, 0.14491304755210876]"
1,centroid,1,596,Xtreme,Xtreme,"[""Xtreme"", ""Gemini"", ""Ilias"", ""Steel_Wheel"", ""Mytikas""]","[0.9656884074211121, 0.6591718196868896, 0.13033731281757355, 0.1172541007399559, 0.11535566300153732]"
1,centroid,1,597,Xtreme,Xtreme,"[""Xtreme"", ""Gemini"", ""Steel_Wheel"", ""Denom"", ""Ilias""]","[0.9577776789665222, 0.6022249460220337, 0.2309608906507492, 0.16813361644744873, 0.09223994612693787]"
1,centroid,1,598,Xtreme,Xtreme,"[""Xtreme"", ""Gemini"", ""Velorum"", ""Denom"", ""Trius""]","[0.8169993162155151, 0.5305428504943848, 0.2544170320034027, 0.1618797481060028, 0.15265066921710968]"
1,centroid,1,599,Xtreme,Xtreme,"[""Xtreme"", ""Gemini"", ""Steel_Wheel"", ""Nivalis"", ""Denom""]","[0.9224206805229187, 0.5230227708816528, 0.2763884663581848, 0.21639639139175415, 0.20992350578308105]"
1,centroid,1,600,Xtreme,Xtreme,"[""Xtreme"", ""Gemini"", ""Steel_Wheel"", ""Nivalis"", ""Denom""]","[0.9604583978652954, 0.6685576438903809, 0.16899870336055756, 0.07646407186985016, 0.06373536586761475]"
1,centroid,1,601,Xtreme,Xtreme,"[""Xtreme"", ""Gemini"", ""Trius"", ""Mytikas"", ""Steel_Wheel""]","[0.9053787589073181, 0.6547539234161377, 0.20872871577739716, 0.18164367973804474, 0.1773374378681183]"
1,centroid,1,602,Xtreme,Xtreme,"[""Xtreme"", ""Gemini"", ""Ilias"", ""Denom"", ""Steel_Wheel""]","[0.9487897157669067, 0.5680868625640869, 0.16488513350486755, 0.10453936457633972, 0.09533392637968063]"
1,centroid,1,603,Xtreme,Xtreme,"[""Xtreme"", ""Gemini"", ""Steel_Wheel"", ""Denom"", ""Nivalis""]","[0.951646625995636, 0.5260928869247437, 0.17633327841758728, 0.15895530581474304, 0.1254831850528717]"
1,centroid,1,604,Xtreme,Xtreme,"[""Xtreme"", ""Gemini"", ""Steel_Wheel"", ""Nivalis"", ""Mytikas""]","[0.9133281707763672, 0.4398016035556793, 0.2887316346168518, 0.16826316714286804, 0.15520335733890533]"
1,centroid,1,605,Xtreme,Xtreme,"[""Xtreme"", ""Gemini"", ""Braga"", ""Steel_Wheel"", ""Mytikas""]","[0.916874349117279, 0.4820556938648224, 0.13112694025039673, 0.1188165694475174, 0.034020792692899704]"
1,centroid,1,606,Xtreme,Xtreme,"[""Xtreme"", ""Gemini"", ""Steel_Wheel"", ""Nivalis"", ""Denom""]","[0.816277265548706, 0.32257360219955444, 0.23607419431209564, 0.11816324293613434, 0.10422518849372864]"
1,centroid,1,607,Xtreme,Xtreme,"[""Xtreme"", ""Gemini"", ""Steel_Wheel"", ""Ilias"", ""Denom""]","[0.9633339643478394, 0.6110472679138184, 0.21210038661956787, 0.15249596536159515, 0.140069842338562]"
1,centroid,1,608,Xtreme,Xtreme,"[""Xtreme"", ""Gemini"", ""Ilias"", ""Mytikas"", ""Velorum""]","[0.8918337225914001, 0.48988109827041626, 0.2669723629951477, 0.22611920535564423, 0.14521698653697968]"
1,centroid,1,609,Xtreme,Xtreme,"[""Xtreme"", ""Gemini"", ""Ilias"", ""Nivalis"", ""Denom""]","[0.8963788747787476, 0.411262571811676, 0.25532636046409607, 0.1784564107656479, 0.17492499947547913]"
1,centroid,1,610,Xtreme,Xtreme,"[""Xtreme"", ""Gemini"", ""Mytikas"", ""Ilias"", ""Triton""]","[0.8920372724533081, 0.4250486493110657, 0.3245920240879059, 0.17373260855674744, 0.17024095356464386]"
1,centroid,1,611,Xtreme,Xtreme,"[""Xtreme"", ""Gemini"", ""Nivalis"", ""Denom"", ""Steel_Wheel""]","[0.8846647143363953, 0.5883221626281738, 0.280442476272583, 0.17498262226581573, 0.15947747230529785]"
2,centroid,1,0,Alaris,Alaris,"[""Alaris"", ""Alcatras"", ""Hawk"", ""Trius"", ""Braga""]","[0.898983359336853, 0.7061839699745178, 0.545032262802124, 0.5178598165512085, 0.45319709181785583]"
2,centroid,1,1,Alaris,Alaris,"[""Alaris"", ""Alcatras"", ""Trius"", ""Turbine"", ""Braga""]","[0.9432738423347473, 0.7986047863960266, 0.49769410490989685, 0.36425119638442993, 0.3491545617580414]"
2,centroid,1,2,Alaris,Alaris,"[""Alaris"", ""Alcatras"", ""Hawk"", ""Turbine"", ""Mytikas""]","[0.7571918368339539, 0.6270104646682739, 0.47035786509513855, 0.4321420192718506, 0.3132883906364441]"
2,centroid,1,3,Alaris,Alaris,"[""Alaris"", ""Alcatras"", ""Trius"", ""Vega"", ""Hawk""]","[0.8908197283744812, 0.7705368995666504, 0.5979167222976685, 0.4393465518951416, 0.4375765919685364]"
2,centroid,1,4,Alaris,Alaris,"[""Alaris"", ""Alcatras"", ""Vega"", ""Braga"", ""Trius""]","[0.8748122453689575, 0.6120268106460571, 0.6025227904319763, 0.537826657295227, 0.48017618060112]"
2,centroid,1,5,Alaris,Alaris,"[""Alaris"", ""Alcatras"", ""Trius"", ""Braga"", ""Vega""]","[0.8966812491416931, 0.68843674659729, 0.6670353412628174, 0.5501512885093689, 0.5404202938079834]"
2,centroid,1,6,Alaris,Alaris,"[""Alaris"", ""Trius"", ""Braga"", ""Vega"", ""Alcatras""]","[0.8099125623703003, 0.5835004448890686, 0.564635157585144, 0.5547202825546265, 0.506614089012146]"
2,centroid,1,7,Alaris,Alaris,"[""Alaris"", ""Trius"", ""Alcatras"", ""Braga"", ""Triton""]","[0.8551874756813049, 0.7603098154067993, 0.6896741390228271, 0.5971439480781555, 0.47041285037994385]"
2,centroid,1,8,Alaris,Alaris,"[""Alaris"", ""Alcatras"", ""Braga"", ""Vega"", ""Trius""]","[0.9268322587013245, 0.6918826103210449, 0.45701247453689575, 0.44090551137924194, 0.4369683861732483]"
2,centroid,1,9,Alaris,Alaris,"[""Alaris"", ""Alcatras"", ""Turbine"", ""Braga"", ""Hawk""]","[0.9275201559066772, 0.7778754234313965, 0.4921754002571106, 0.46113407611846924, 0.4191237986087799]"
2,centroid,1,10,Alaris,Alaris,"[""Alaris"", ""Trius"", ""Vega"", ""Mytikas"", ""Alcatras""]","[0.5710991621017456, 0.49159014225006104, 0.4171793460845947, 0.3722378611564636, 0.3637261390686035]"
2,centroid,1,11,Alaris,Alaris,"[""Alaris"", ""Alcatras"", ""Trius"", ""Hawk"", ""Braga""]","[0.8861345052719116, 0.7705773115158081, 0.5020475387573242, 0.46933019161224365, 0.3719654083251953]"
2,centroid,1,12,Alaris,Alaris,"[""Alaris"", ""Alcatras"", ""Trius"", ""Braga"", ""Castor""]","[0.9235310554504395, 0.8051800727844238, 0.44871559739112854, 0.41416916251182556, 0.345640629529953]"
2,centroid,1,13,Alaris,Alaris,"[""Alaris"", ""Alcatras"", ""Trius"", ""Braga"", ""Turbine""]","[0.9115373492240906, 0.7277522683143616, 0.4627544581890106, 0.3617728352546692, 0.35763686895370483]"
2,centroid,1,14,Alaris,Alaris,"[""Alaris"", ""Alcatras"", ""Turbine"", ""Vega"", ""Hawk""]","[0.7678172588348389, 0.6941015720367432, 0.4871910810470581, 0.4321068525314331, 0.3887490928173065]"
2,centroid,1,15,Alaris,Alaris,"[""Alaris"", ""Alcatras"", ""Turbine"", ""Castor"", ""Trius""]","[0.8480362892150879, 0.7202966213226318, 0.4698549211025238, 0.3346696197986603, 0.3114234209060669]"
2,centroid,1,16,Alaris,Alaris,"[""Alaris"", ""Alcatras"", ""Vega"", ""Trius"", ""Turbine""]","[0.920576810836792, 0.7532933950424194, 0.4868745505809784, 0.45965754985809326, 0.403403103351593]"
2,centroid,1,17,Alaris,Alaris,"[""Alaris"", ""Alcatras"", ""Braga"", ""Hawk"", ""Turbine""]","[0.9245566129684448, 0.8335733413696289, 0.49663597345352173, 0.4152868390083313, 0.4088922142982483]"
2,centroid,1,18,Alaris,Alaris,"[""Alaris"", ""Alcatras"", ""Trius"", ""Vega"", ""Braga""]","[0.8407304286956787, 0.6481432914733887, 0.48745620250701904, 0.4739290475845337, 0.4361970126628876]"
2,centroid,1,19,Alaris,Alaris,"[""Alaris"", ""Alcatras"", ""Turbine"", ""Hawk"", ""Trius""]","[0.8828518390655518, 0.7116706967353821, 0.504855215549469, 0.4144855737686157, 0.38442856073379517]"
2,centroid,1,20,Alaris,Alcatras,"[""Alcatras"", ""Alaris"", ""Trius"", ""Castor"", ""Triton""]","[0.8977633714675903, 0.8056384921073914, 0.670930802822113, 0.646276593208313, 0.5663235187530518]"
2,centroid,1,21,Alaris,Alaris,"[""Alaris"", ""Alcatras"", ""Braga"", ""Trius"", ""Turbine""]","[0.9230796098709106, 0.8799439668655396, 0.5810993909835815, 0.5418504476547241, 0.48364001512527466]"
2,centroid,1,22,Alaris,Alaris,"[""Alaris"", ""Alcatras"", ""Hawk"", ""Turbine"", ""Vega""]","[0.8246713876724243, 0.6231614351272583, 0.5818997621536255, 0.5229237079620361, 0.3628925085067749]"
2,centroid,1,23,Alaris,Alcatras,"[""Alcatras"", ""Alaris"", ""Trius"", ""Mytikas"", ""Triton""]","[0.8544161319732666, 0.8241575956344604, 0.683290958404541, 0.5170623660087585, 0.48653361201286316]"
2,centroid,1,24,Alaris,Alaris,"[""Alaris"", ""Alcatras"", ""Trius"", ""Turbine"", ""Braga""]","[0.8274197578430176, 0.6560654640197754, 0.5062918663024902, 0.4308382272720337, 0.3928983807563782]"
2,centroid,1,25,Alaris,Alaris,"[""Alaris"", ""Vega"", ""Turbine"", ""Alcatras"", ""Trius""]","[0.8082219958305359, 0.5347052216529846, 0.5241080522537231, 0.5150881409645081, 0.4221683442592621]"
2,centroid,1,26,Alaris,Alaris,"[""Alaris"", ""Alcatras"", ""Vega"", ""Hawk"", ""Trius""]","[0.9131219983100891, 0.6688018441200256, 0.44694051146507263, 0.44595152139663696, 0.44104188680648804]"
2,centroid,1,27,Alaris,Alaris,"[""Alaris"", ""Alcatras"", ""Trius"", ""Turbine"", ""Braga""]","[0.8388716578483582, 0.7471309900283813, 0.6166661381721497, 0.5469052791595459, 0.4807586073875427]"
2,centroid,1,28,Alcatras,Alcatras,"[""Alcatras"", ""Alaris"", ""Castor"", ""Mytikas"", ""Trius""]","[0.8583298921585083, 0.7734146118164062, 0.659940779209137, 0.5244702696800232, 0.5042714476585388]"
2,centroid,1,29,Alcatras,Alcatras,"[""Alcatras"", ""Alaris"", ""Braga"", ""Trius"", ""Mytikas""]","[0.8412982225418091, 0.6278451085090637, 0.5934691429138184, 0.5772445201873779, 0.5160619020462036]"
2,centroid,1,30,Alcatras,Alcatras,"[""Alcatras"", ""Castor"", ""Alaris"", ""Mytikas"", ""Velorum""]","[0.8209593296051025, 0.5691658854484558, 0.5512101054191589, 0.3980637490749359, 0.39658498764038086]"
2,centroid,1,31,Alcatras,Alcatras,"[""Alcatras"", ""Alaris"", ""Braga"", ""Trius"", ""Castor""]","[0.9103479385375977, 0.6885961294174194, 0.5468614101409912, 0.4958638846874237, 0.483228862285614]"
2,centroid,1,32,Alcatras,Alcatras,"[""Alcatras"", ""Alaris"", ""Turbine"", ""Hawk"", ""Braga""]","[0.8486675024032593, 0.7158641219139099, 0.5338037014007568, 0.5296144485473633, 0.5035841464996338]"
2,centroid,1,33,Alcatras,Castor,"[""Castor"", ""Alcatras"", ""Mytikas"", ""Turbine"", ""Triton""]","[0.8248628973960876, 0.7091013789176941, 0.6114710569381714, 0.5995393991470337, 0.590462327003479]"
2,centroid,1,34,Alcatras,Alcatras,"[""Alcatras"", ""Mytikas"", ""Castor"", ""Triton"", ""Trius""]","[0.7921828627586365, 0.76673424243927, 0.7013890147209167, 0.6271642446517944, 0.564450740814209]"
2,centroid,1,35,Alcatras,Alcatras,"[""Alcatras"", ""Alaris"", ""Braga"", ""Castor"", ""Turbine""]","[0.838242769241333, 0.7653669118881226, 0.5359851121902466, 0.5230345726013184, 0.4625833034515381]"
2,centroid,1,36,Alcatras,Alcatras,"[""Alcatras"", ""Castor"", ""Alaris"", ""Turbine"", ""Mytikas""]","[0.8046953082084656, 0.7218502759933472, 0.6671983599662781, 0.6524544954299927, 0.620808482170105]"
2,centroid,1,37,Alcatras,Alcatras,"[""Alcatras"", ""Alaris"", ""Trius"", ""Braga"", ""Castor""]","[0.8732094764709473, 0.7965430021286011, 0.6514371633529663, 0.5851642489433289, 0.48720043897628784]"
2,centroid,1,38,Alcatras,Hawk,"[""Hawk"", ""Alaris"", ""Alcatras"", ""Gemini"", ""Braga""]","[0.5103891491889954, 0.4808937907218933, 0.4203403890132904, 0.41571417450904846, 0.2142273187637329]"
2,centroid,1,39,Alcatras,Castor,"[""Castor"", ""Mytikas"", ""Alcatras"", ""Triton"", ""Velorum""]","[0.7541884183883667, 0.5876426696777344, 0.5625443458557129, 0.44513869285583496, 0.33193477988243103]"
2,centroid,1,40,Alcatras,Alcatras,"[""Alcatras"", ""Alaris"", ""Castor"", ""Trius"", ""Braga""]","[0.9299265742301941, 0.7217413783073425, 0.5527722239494324, 0.5203331708908081, 0.4213831126689911]"
2,centroid,1,41,Alcatras,Alcatras,"[""Alcatras"", ""Alaris"", ""Castor"", ""Mytikas"", ""Braga""]","[0.8681654930114746, 0.6756879687309265, 0.5307502746582031, 0.4914532005786896, 0.4638725519180298]"
2,centroid,1,42,Alcatras,Alcatras,"[""Alcatras"", ""Alaris"", ""Turbine"", ""Braga"", ""Trius""]","[0.7595366835594177, 0.738627016544342, 0.5017399787902832, 0.4470936059951782, 0.3981342613697052]"
2,centroid,1,43,Alcatras,Castor,"[""Castor"", ""Alcatras"", ""Turbine"", ""Triton"", ""Mytikas""]","[0.7326264381408691, 0.7310936450958252, 0.6979055404663086, 0.6238666772842407, 0.6006420850753784]"
2,centroid,1,44,Alcatras,Alcatras,"[""Alcatras"", ""Alaris"", ""Castor"", ""Mytikas"", ""Turbine""]","[0.846609890460968, 0.6402899026870728, 0.6080554127693176, 0.5785898566246033, 0.5529516935348511]"
2,centroid,1,45,Alcatras,Alcatras,"[""Alcatras"", ""Alaris"", ""Mytikas"", ""Castor"", ""Braga""]","[0.8521281480789185, 0.6620333194732666, 0.6440038681030273, 0.6140432953834534, 0.5934243202209473]"
2,centroid,1,46,Alcatras,Alcatras,"[""Alcatras"", ""Alaris"", ""Braga"", ""Castor"", ""Trius""]","[0.8860023021697998, 0.7023295760154724, 0.6416044235229492, 0.5992866158485413, 0.5568437576293945]"
2,centroid,1,47,Alcatras,Castor,"[""Castor"", ""Mytikas"", ""Alcatras"", ""Braga"", ""Triton""]","[0.7986867427825928, 0.7765669822692871, 0.7553146481513977, 0.7197301983833313, 0.69371497631073]"
2,centroid,1,48,Alcatras,Alcatras,"[""Alcatras"", ""Alaris"", ""Castor"", ""Mytikas"", ""Turbine""]","[0.9326839447021484, 0.7462944984436035, 0.6148049831390381, 0.529499888420105, 0.5182141065597534]"
2,centroid,1,49,Alcatras,Alcatras,"[""Alcatras"", ""Alaris"", ""Velorum"", ""Vega"", ""Braga""]","[0.6398031711578369, 0.4769302010536194, 0.3877065181732178, 0.3472222685813904, 0.3381262421607971]"
2,centroid,1,50,Alcatras,Alcatras,"[""Alcatras"", ""Alaris"", ""Braga"", ""Hawk"", ""Castor""]","[0.8367010951042175, 0.801938533782959, 0.4443153142929077, 0.4062710702419281, 0.35834720730781555]"
2,centroid,1,51,Alcatras,Alcatras,"[""Alcatras"", ""Alaris"", ""Castor"", ""Braga"", ""Turbine""]","[0.8829206824302673, 0.7587146759033203, 0.5134574174880981, 0.38617655634880066, 0.3424944281578064]"
2,centroid,1,52,Alcatras,Alcatras,"[""Alcatras"", ""Alaris"", ""Castor"", ""Trius"", ""Mytikas""]","[0.8616982698440552, 0.6086688041687012, 0.5649976134300232, 0.5320409536361694, 0.5252058506011963]"
2,centroid,1,53,Alcatras,Alaris,"[""Alaris"", ""Alcatras"", ""Turbine"", ""Castor"", ""Braga""]","[0.8473601341247559, 0.8394021987915039, 0.5367858409881592, 0.4857458472251892, 0.4199654161930084]"
2,centroid,1,54,Braga,Alaris,"[""Alaris"", ""Braga"", ""Alcatras"", ""Hawk"", ""Castor""]","[0.7629995942115784, 0.7152374982833862, 0.6509221792221069, 0.5505210161209106, 0.532335102558136]"
2,centroid,1,55,Braga,Braga,"[""Braga"", ""Triton"", ""Mytikas"", ""Turbine"", ""Trius""]","[0.8179494738578796, 0.7170928716659546, 0.6433770656585693, 0.6368628740310669, 0.5064561367034912]"
2,centroid,1,56,Braga,Alcatras,"[""Alcatras"", ""Alaris"", ""Braga"", ""Castor"", ""Trius""]","[0.9078081250190735, 0.7843313217163086, 0.6276018023490906, 0.6250068545341492, 0.6237766742706299]"
2,centroid,1,57,Braga,Braga,"[""Braga"", ""Trius"", ""Vega"", ""Gemini"", ""Triton""]","[0.7410677671432495, 0.5074379444122314, 0.49550843238830566, 0.47457078099250793, 0.4736274480819702]"
2,centroid,1,58,Braga,Braga,"[""Braga"", ""Castor"", ""Trius"", ""Alcatras"", ""Triton""]","[0.7641914486885071, 0.7073813676834106, 0.6826921105384827, 0.6795281171798706, 0.645489513874054]"
2,centroid,1,59,Braga,Braga,"[""Braga"", ""Castor"", ""Triton"", ""Alcatras"", ""Trius""]","[0.9133949279785156, 0.7631852030754089, 0.690122127532959, 0.6725345849990845, 0.6645132303237915]"
2,centroid,1,60,Braga,Braga,"[""Braga"", ""Turbine"", ""Hawk"", ""Vega"", ""Gemini""]","[0.8319296836853027, 0.6459458470344543, 0.5583983063697815, 0.4411698281764984, 0.42388197779655457]"
2,centroid,1,61,Braga,Gemini,"[""Gemini"", ""Braga"", ""Xtreme"", ""Vega"", ""Hawk""]","[0.6700944304466248, 0.5967117547988892, 0.5644590854644775, 0.3678986728191376, 0.3113139867782593]"
2,centroid,1,62,Braga,Turbine,"[""Turbine"", ""Braga"", ""Mytikas"", ""Hawk"", ""Castor""]","[0.5532324314117432, 0.4326338469982147, 0.3809613585472107, 0.373924195766449, 0.35793066024780273]"
2,centroid,1,63,Braga,Braga,"[""Braga"", ""Turbine"", ""Alaris"", ""Alcatras"", ""Castor""]","[0.8033781051635742, 0.7396827936172485, 0.7274883389472961, 0.6866146326065063, 0.6217563152313232]"
2,centroid,1,64,Braga,Braga,"[""Braga"", ""Trius"", ""Vega"", ""Gemini"", ""Alcatras""]","[0.9053016901016235, 0.7124004364013672, 0.5830068588256836, 0.5612310171127319, 0.5371497869491577]"
2,centroid,1,65,Braga,Alcatras,"[""Alcatras"", ""Alaris"", ""Turbine"", ""Braga"", ""Castor""]","[0.654707133769989, 0.6072501540184021, 0.6005300879478455, 0.5907976627349854, 0.502983570098877]"
2,centroid,1,66,Braga,Braga,"[""Braga"", ""Trius"", ""Triton"", ""Mytikas"", ""Alcatras""]","[0.8960386514663696, 0.8273993730545044, 0.8008973598480225, 0.6559863090515137, 0.613132655620575]"
2,centroid,1,67,Braga,Braga,"[""Braga"", ""Triton"", ""Trius"", ""Turbine"", ""Alaris""]","[0.8754236698150635, 0.6861019134521484, 0.6532880067825317, 0.6400343179702759, 0.6363531947135925]"
2,centroid,1,68,Braga,Braga,"[""Braga"", ""Castor"", ""Turbine"", ""Alaris"", ""Alcatras""]","[0.8733705282211304, 0.49952059984207153, 0.4648016095161438, 0.4618161916732788, 0.4396767020225525]"
2,centroid,1,69,Braga,Braga,"[""Braga"", ""Trius"", ""Triton"", ""Mytikas"", ""Castor""]","[0.8605111837387085, 0.7308183908462524, 0.7283056974411011, 0.6712156534194946, 0.6579007506370544]"
2,centroid,1,70,Braga,Braga,"[""Braga"", ""Trius"", ""Triton"", ""Mytikas"", ""Alcatras""]","[0.9162511825561523, 0.7516173124313354, 0.7477318048477173, 0.6140546798706055, 0.5238236784934998]"
2,centroid,1,71,Braga,Braga,"[""Braga"", ""Trius"", ""Turbine"", ""Alaris"", ""Triton""]","[0.892970085144043, 0.6781567931175232, 0.6074441075325012, 0.587438702583313, 0.5612802505493164]"
2,centroid,1,72,Braga,Braga,"[""Braga"", ""Triton"", ""Vega"", ""Mytikas"", ""Turbine""]","[0.7358468770980835, 0.630907416343689, 0.5475779175758362, 0.4679614007472992, 0.4512837529182434]"
2,centroid,1,73,Braga,Braga,"[""Braga"", ""Hawk"", ""Vega"", ""Gemini"", ""Triton""]","[0.7277165651321411, 0.6331586837768555, 0.5873174071311951, 0.5026273727416992, 0.40998953580856323]"
2,centroid,1,74,Braga,Braga,"[""Braga"", ""Turbine"", ""Gemini"", ""Hawk"", ""Trius""]","[0.7905207276344299, 0.4983799457550049, 0.4872860312461853, 0.39449355006217957, 0.39245373010635376]"
2,centroid,1,75,Braga,Braga,"[""Braga"", ""Alcatras"", ""Alaris"", ""Castor"", ""Trius""]","[0.7679324150085449, 0.6489080190658569, 0.6140305995941162, 0.4947863221168518, 0.4294429421424866]"
2,centroid,1,76,Braga,Braga,"[""Braga"", ""Trius"", ""Vega"", ""Alaris"", ""Hawk""]","[0.8196215033531189, 0.6411224603652954, 0.5754584670066833, 0.5532418489456177, 0.5191910266876221]"
2,centroid,1,77,Braga,Braga,"[""Braga"", ""Alaris"", ""Trius"", ""Alcatras"", ""Turbine""]","[0.8788676261901855, 0.6571342945098877, 0.5905933380126953, 0.5685261487960815, 0.37328702211380005]"
2,centroid,1,78,Braga,Braga,"[""Braga"", ""Triton"", ""Trius"", ""Mytikas"", ""Hawk""]","[0.8535922765731812, 0.6080677509307861, 0.5826176404953003, 0.5342049598693848, 0.5094296336174011]"
2,centroid,1,79,Braga,Trius,"[""Trius"", ""Triton"", ""Braga"", ""Mytikas"", ""Alcatras""]","[0.867218017578125, 0.8663235306739807, 0.7851396799087524, 0.5992419123649597, 0.5659356117248535]"
2,centroid,1,80,Braga,Braga,"[""Braga"", ""Gemini"", ""Triton"", ""Vega"", ""Trius""]","[0.8013250827789307, 0.60593181848526, 0.5609884858131409, 0.5076808929443359, 0.4424065053462982]"
2,centroid,1,81,Braga,Braga,"[""Braga"", ""Vega"", ""Hawk"", ""Gemini"", ""Turbine""]","[0.7360440492630005, 0.5913175344467163, 0.5704693794250488, 0.45180776715278625, 0.43216922879219055]"
2,centroid,1,82,Braga,Braga,"[""Braga"", ""Trius"", ""Triton"", ""Alcatras"", ""Alaris""]","[0.9417397975921631, 0.7068579196929932, 0.6548188924789429, 0.5513886213302612, 0.5385029315948486]"
2,centroid,1,83,Braga,Braga,"[""Braga"", ""Castor"", ""Mytikas"", ""Triton"", ""Trius""]","[0.8376390933990479, 0.7724162340164185, 0.7055515646934509, 0.687301516532898, 0.6474839448928833]"
2,centroid,1,84,Braga,Castor,"[""Castor"", ""Alcatras"", ""Braga"", ""Mytikas"", ""Triton""]","[0.8021387457847595, 0.7367581129074097, 0.6176953315734863, 0.5917215943336487, 0.5767722129821777]"
2,centroid,1,85,Braga,Braga,"[""Braga"", ""Trius"", ""Triton"", ""Alaris"", ""Castor""]","[0.8421816229820251, 0.7686339616775513, 0.6580784320831299, 0.4996812045574188, 0.4705492854118347]"
2,centroid,1,86,Braga,Braga,"[""Braga"", ""Trius"", ""Gemini"", ""Triton"", ""Alcatras""]","[0.905590295791626, 0.6390664577484131, 0.5585892200469971, 0.5502907633781433, 0.37958967685699463]"
2,centroid,1,87,Braga,Braga,"[""Braga"", ""Triton"", ""Trius"", ""Castor"", ""Alcatras""]","[0.8974384665489197, 0.784807562828064, 0.7232858538627625, 0.6528063416481018, 0.6335907578468323]"
2,centroid,1,88,Braga,Braga,"[""Braga"", ""Turbine"", ""Hawk"", ""Vega"", ""Triton""]","[0.7769640684127808, 0.5981701612472534, 0.5611284971237183, 0.5248737335205078, 0.5094702839851379]"
2,centroid,1,89,Braga,Braga,"[""Braga"", ""Trius"", ""Triton"", ""Gemini"", ""Hawk""]","[0.8191796541213989, 0.486194372177124, 0.47067826986312866, 0.4653446078300476, 0.41774165630340576]"
2,centroid,1,90,Braga,Braga,"[""Braga"", ""Turbine"", ""Castor"", ""Triton"", ""Trius""]","[0.8832245469093323, 0.6185610294342041, 0.5690387487411499, 0.5043900012969971, 0.45197242498397827]"
2,centroid,1,91,Castor,Castor,"[""Castor"", ""Alcatras"", ""Braga"", ""Turbine"", ""Triton""]","[0.8931769132614136, 0.702004075050354, 0.6574949026107788, 0.6512717008590698, 0.5874567031860352]"
2,centroid,1,92,Castor,Castor,"[""Castor"", ""Alcatras"", ""Turbine"", ""Braga"", ""Triton""]","[0.9458272457122803, 0.5101590156555176, 0.47904396057128906, 0.45486441254615784, 0.4132983684539795]"
2,centroid,1,93,Castor,Castor,"[""Castor"", ""Triton"", ""Mytikas"", ""Turbine"", ""Braga""]","[0.8854723572731018, 0.6572661399841309, 0.6329563856124878, 0.5133676528930664, 0.49360015988349915]"
2,centroid,1,94,Castor,Castor,"[""Castor"", ""Braga"", ""Alcatras"", ""Mytikas"", ""Triton""]","[0.8290985822677612, 0.7122708559036255, 0.6505705118179321, 0.647339403629303, 0.5955346822738647]"
2,centroid,1,95,Castor,Castor,"[""Castor"", ""Turbine"", ""Mytikas"", ""Triton"", ""Alcatras""]","[0.8120006918907166, 0.5493597984313965, 0.5082407593727112, 0.4522830843925476, 0.427385151386261]"
2,centroid,1,96,Castor,Castor,"[""Castor"", ""Turbine"", ""Alcatras"", ""Braga"", ""Alaris""]","[0.9349244832992554, 0.6655596494674683, 0.5718050003051758, 0.4812464714050293, 0.39701560139656067]"
2,centroid,1,97,Castor,Castor,"[""Castor"", ""Triton"", ""Velorum"", ""Mytikas"", ""Turbine""]","[0.6882264018058777, 0.5795564651489258, 0.5728378295898438, 0.5440682172775269, 0.43129923939704895]"
2,centroid,1,98,Castor,Castor,"[""Castor"", ""Turbine"", ""Alcatras"", ""Mytikas"", ""Braga""]","[0.9370330572128296, 0.5940324664115906, 0.5090892314910889, 0.4199928939342499, 0.409469336271286]"
2,centroid,1,99,Castor,Castor,"[""Castor"", ""Mytikas"", ""Braga"", ""Triton"", ""Turbine""]","[0.8750612139701843, 0.592752993106842, 0.4788876175880432, 0.45373618602752686, 0.4320964515209198]"
2,centroid,1,100,Castor,Castor,"[""Castor"", ""Alcatras"", ""Turbine"", ""Mytikas"", ""Triton""]","[0.9295464158058167, 0.6185823082923889, 0.49177104234695435, 0.4742346704006195, 0.42799806594848633]"
2,centroid,1,101,Castor,Castor,"[""Castor"", ""Turbine"", ""Alcatras"", ""Mytikas"", ""Braga""]","[0.9605880379676819, 0.5674843788146973, 0.5578409433364868, 0.45843708515167236, 0.4104843735694885]"
2,centroid,1,102,Castor,Castor,"[""Castor"", ""Alcatras"", ""Turbine"", ""Braga"", ""Alaris""]","[0.895013689994812, 0.6350789070129395, 0.5177693963050842, 0.44702500104904175, 0.4357280731201172]"
2,centroid,1,103,Castor,Castor,"[""Castor"", ""Braga"", ""Triton"", ""Alcatras"", ""Mytikas""]","[0.7929266691207886, 0.6300269365310669, 0.5995108485221863, 0.5636720061302185, 0.561255693435669]"
2,centroid,1,104,Castor,Castor,"[""Castor"", ""Alcatras"", ""Turbine"", ""Braga"", ""Mytikas""]","[0.8223952054977417, 0.4925926923751831, 0.47072479128837585, 0.4020395278930664, 0.3660829961299896]"
2,centroid,1,105,Castor,Castor,"[""Castor"", ""Mytikas"", ""Triton"", ""Alcatras"", ""Turbine""]","[0.9079760313034058, 0.6104265451431274, 0.5869293212890625, 0.5826963782310486, 0.5497331619262695]"
2,centroid,1,106,Castor,Castor,"[""Castor"", ""Alcatras"", ""Mytikas"", ""Turbine"", ""Triton""]","[0.9429112076759338, 0.6653227806091309, 0.5697481632232666, 0.5544946789741516, 0.5481857061386108]"
2,centroid,1,107,Castor,Castor,"[""Castor"", ""Alcatras"", ""Triton"", ""Turbine"", ""Mytikas""]","[0.8711545467376709, 0.49114251136779785, 0.4732004702091217, 0.44081223011016846, 0.3856583535671234]"
2,centroid,1,108,Castor,Castor,"[""Castor"", ""Turbine"", ""Alcatras"", ""Mytikas"", ""Braga""]","[0.9270765781402588, 0.5944763422012329, 0.5580131411552429, 0.35648977756500244, 0.35003119707107544]"
2,centroid,1,109,Castor,Castor,"[""Castor"", ""Triton"", ""Braga"", ""Mytikas"", ""Turbine""]","[0.8912567496299744, 0.6466759443283081, 0.6314692497253418, 0.627478837966919, 0.6042391657829285]"
2,centroid,1,110,Castor,Castor,"[""Castor"", ""Turbine"", ""Mytikas"", ""Alcatras"", ""Braga""]","[0.8418741822242737, 0.6459697484970093, 0.5458846092224121, 0.5163167715072632, 0.33499762415885925]"
2,centroid,1,111,Castor,Castor,"[""Castor"", ""Turbine"", ""Alcatras"", ""Braga"", ""Mytikas""]","[0.916925311088562, 0.7395657896995544, 0.6618447303771973, 0.566656231880188, 0.49254292249679565]"
2,centroid,1,112,Castor,Castor,"[""Castor"", ""Alcatras"", ""Turbine"", ""Mytikas"", ""Braga""]","[0.7886117696762085, 0.7256720066070557, 0.5156079530715942, 0.4640670418739319, 0.39961105585098267]"
2,centroid,1,113,Castor,Castor,"[""Castor"", ""Mytikas"", ""Triton"", ""Alcatras"", ""Braga""]","[0.9312599897384644, 0.5746501684188843, 0.5715882778167725, 0.5692324638366699, 0.5072315335273743]"
2,centroid,1,114,Castor,Castor,"[""Castor"", ""Mytikas"", ""Alcatras"", ""Triton"", ""Turbine""]","[0.9112699031829834, 0.6224659085273743, 0.5129659175872803, 0.4909704923629761, 0.42253100872039795]"
2,centroid,1,115,Castor,Castor,"[""Castor"", ""Mytikas"", ""Triton"", ""Alcatras"", ""Braga""]","[0.9389049410820007, 0.6499881744384766, 0.6096360683441162, 0.5609307885169983, 0.5346375703811646]"
2,centroid,1,116,Castor,Castor,"[""Castor"", ""Alcatras"", ""Braga"", ""Turbine"", ""Triton""]","[0.9232074618339539, 0.5590753555297852, 0.5440691709518433, 0.47748205065727234, 0.4748575985431671]"
2,centroid,1,117,Castor,Castor,"[""Castor"", ""Alcatras"", ""Turbine"", ""Braga"", ""Alaris""]","[0.8886134624481201, 0.7090935707092285, 0.47447532415390015, 0.449366956949234, 0.3955417275428772]"
2,centroid,1,118,Castor,Castor,"[""Castor"", ""Alcatras"", ""Braga"", ""Turbine"", ""Mytikas""]","[0.9032002687454224, 0.6206362247467041, 0.5447126030921936, 0.5398769974708557, 0.5282057523727417]"
2,centroid,1,119,Castor,Castor,"[""Castor"", ""Triton"", ""Turbine"", ""Alcatras"", ""Braga""]","[0.9165396690368652, 0.5168637037277222, 0.47521018981933594, 0.474251925945282, 0.43521714210510254]"
2,centroid,1,120,Castor,Castor,"[""Castor"", ""Alcatras"", ""Braga"", ""Mytikas"", ""Triton""]","[0.9196884632110596, 0.6796945929527283, 0.5499614477157593, 0.5379190444946289, 0.5187681913375854]"
2,centroid,1,121,Castor,Castor,"[""Castor"", ""Triton"", ""Braga"", ""Mytikas"", ""Turbine""]","[0.923330545425415, 0.6601526737213135, 0.6424745321273804, 0.608491063117981, 0.5744330286979675]"
2,centroid,1,122,Castor,Castor,"[""Castor"", ""Alcatras"", ""Braga"", ""Mytikas"", ""Turbine""]","[0.8207723498344421, 0.7679520845413208, 0.5925138592720032, 0.5634933114051819, 0.45958274602890015]"
2,centroid,1,123,Denom,Velorum,"[""Velorum"", ""Ilias"", ""Denom"", ""Nivalis"", ""Ratikon""]","[0.8477151989936829, 0.6295867562294006, 0.5056208968162537, 0.47423937916755676, 0.3168831169605255]"
2,centroid,1,124,Denom,Ilias,"[""Ilias"", ""Velorum"", ""Denom"", ""Ratikon"", ""Nivalis""]","[0.6979109644889832, 0.6865803003311157, 0.5839957594871521, 0.47002846002578735, 0.38106849789619446]"
2,centroid,1,125,Denom,Denom,"[""Denom"", ""Ratikon"", ""Nivalis"", ""Ilias"", ""Velorum""]","[0.9455016851425171, 0.7002195119857788, 0.6885658502578735, 0.6036309599876404, 0.3191792964935303]"
2,centroid,1,126,Denom,Denom,"[""Denom"", ""Ratikon"", ""Nivalis"", ""Ilias"", ""Velorum""]","[0.9549603462219238, 0.8135999441146851, 0.744611382484436, 0.5719667077064514, 0.26154160499572754]"
2,centroid,1,127,Denom,Denom,"[""Denom"", ""Nivalis"", ""Xtreme"", ""Ratikon"", ""Ilias""]","[0.7454192638397217, 0.5063446760177612, 0.3638015389442444, 0.35833650827407837, 0.14843378961086273]"
2,centroid,1,128,Denom,Denom,"[""Denom"", ""Ratikon"", ""Ilias"", ""Nivalis"", ""Trius""]","[0.8791138529777527, 0.7495260238647461, 0.5085096955299377, 0.41119837760925293, 0.035911548882722855]"
2,centroid,1,129,Denom,Denom,"[""Denom"", ""Ratikon"", ""Nivalis"", ""Ilias"", ""Velorum""]","[0.9469648599624634, 0.7341345548629761, 0.7263510227203369, 0.4636894166469574, 0.1884513646364212]"
2,centroid,1,130,Denom,Denom,"[""Denom"", ""Nivalis"", ""Ratikon"", ""Ilias"", ""Velorum""]","[0.9314845204353333, 0.6535537242889404, 0.5624330043792725, 0.5125343799591064, 0.3525363504886627]"
2,centroid,1,131,Denom,Denom,"[""Denom"", ""Nivalis"", ""Ratikon"", ""Ilias"", ""Velorum""]","[0.9480003118515015, 0.7921230792999268, 0.7763633728027344, 0.529105544090271, 0.2993570864200592]"
2,centroid,1,132,Denom,Denom,"[""Denom"", ""Ratikon"", ""Nivalis"", ""Ilias"", ""Velorum""]","[0.9000266790390015, 0.7211293578147888, 0.613126814365387, 0.47447696328163147, 0.12750102579593658]"
2,centroid,1,133,Denom,Denom,"[""Denom"", ""Ratikon"", ""Nivalis"", ""Ilias"", ""Vega""]","[0.8365799784660339, 0.731316328048706, 0.6504587531089783, 0.3116998076438904, 0.014950396493077278]"
2,centroid,1,134,Denom,Denom,"[""Denom"", ""Ratikon"", ""Nivalis"", ""Ilias"", ""Velorum""]","[0.824608564376831, 0.7073948383331299, 0.5291866064071655, 0.25027230381965637, 0.03711549937725067]"
2,centroid,1,135,Denom,Ilias,"[""Ilias"", ""Velorum"", ""Denom"", ""Ratikon"", ""Trius""]","[0.6553308963775635, 0.5620090961456299, 0.5540028810501099, 0.31029337644577026, 0.26507213711738586]"
2,centroid,1,136,Denom,Denom,"[""Denom"", ""Nivalis"", ""Ratikon"", ""Ilias"", ""Velorum""]","[0.948314905166626, 0.7625388503074646, 0.6881271600723267, 0.6127675175666809, 0.4009866714477539]"
2,centroid,1,137,Denom,Nivalis,"[""Nivalis"", ""Velorum"", ""Ilias"", ""Denom"", ""Ratikon""]","[0.5363433361053467, 0.5063497424125671, 0.4974813163280487, 0.4116487503051758, 0.38526177406311035]"
2,centroid,1,138,Denom,Ilias,"[""Ilias"", ""Denom"", ""Velorum"", ""Ratikon"", ""Nivalis""]","[0.7336583733558655, 0.6938081979751587, 0.5968490839004517, 0.5662792921066284, 0.4969768226146698]"
2,centroid,1,139,Denom,Denom,"[""Denom"", ""Ratikon"", ""Nivalis"", ""Ilias"", ""Velorum""]","[0.9051018953323364, 0.7243638038635254, 0.6870325803756714, 0.4282689690589905, 0.03334527462720871]"
2,centroid,1,140,Denom,Denom,"[""Denom"", ""Nivalis"", ""Ratikon"", ""Ilias"", ""Velorum""]","[0.9263169765472412, 0.7311108112335205, 0.6829671263694763, 0.5269147157669067, 0.4071640968322754]"
2,centroid,1,141,Denom,Denom,"[""Denom"", ""Ilias"", ""Nivalis"", ""Ratikon"", ""Velorum""]","[0.914230465888977, 0.6491845846176147, 0.6465108394622803, 0.6120180487632751, 0.5205379128456116]"
2,centroid,1,142,Denom,Denom,"[""Denom"", ""Nivalis"", ""Ratikon"", ""Ilias"", ""Velorum""]","[0.8528264760971069, 0.7775194644927979, 0.6881362199783325, 0.5327003002166748, 0.20430614054203033]"
2,centroid,1,143,Denom,Nivalis,"[""Nivalis"", ""Denom"", ""Ratikon"", ""Ilias"", ""Steel_Wheel""]","[0.754149317741394, 0.7155237197875977, 0.522580087184906, 0.33639273047447205, 0.11414134502410889]"
2,centroid,1,144,Denom,Denom,"[""Denom"", ""Ratikon"", ""Nivalis"", ""Ilias"", ""Velorum""]","[0.8473469018936157, 0.8118304014205933, 0.7170586585998535, 0.5375906229019165, 0.22631672024726868]"
2,centroid,1,145,Denom,Denom,"[""Denom"", ""Ratikon"", ""Nivalis"", ""Ilias"", ""Steel_Wheel""]","[0.8881794810295105, 0.55448317527771, 0.5292934775352478, 0.2086036205291748, 0.10708276927471161]"
2,centroid,1,146,Denom,Nivalis,"[""Nivalis"", ""Denom"", ""Ratikon"", ""Ilias"", ""Gemini""]","[0.6939377784729004, 0.6098582744598389, 0.5267840623855591, 0.31680357456207275, 0.18804675340652466]"
2,centroid,1,147,Denom,Denom,"[""Denom"", ""Ratikon"", ""Nivalis"", ""Ilias"", ""Velorum""]","[0.898471474647522, 0.8133629560470581, 0.7386823892593384, 0.6895231008529663, 0.3269990086555481]"
2,centroid,1,148,Denom,Denom,"[""Denom"", ""Nivalis"", ""Ratikon"", ""Ilias"", ""Velorum""]","[0.9231642484664917, 0.6230143904685974, 0.5910115242004395, 0.44231653213500977, 0.3093692660331726]"
2,centroid,1,149,Denom,Denom,"[""Denom"", ""Ratikon"", ""Nivalis"", ""Ilias"", ""Velorum""]","[0.9202123880386353, 0.7670725584030151, 0.6333841681480408, 0.4461855888366699, 0.11981014907360077]"
2,centroid,1,150,Denom,Denom,"[""Denom"", ""Ratikon"", ""Nivalis"", ""Ilias"", ""Alaris""]","[0.850403368473053, 0.7833684086799622, 0.5141671895980835, 0.41183438897132874, 0.022434057667851448]"
2,centroid,1,151,Denom,Denom,"[""Denom"", ""Nivalis"", ""Ratikon"", ""Ilias"", ""Velorum""]","[0.901548445224762, 0.6719778180122375, 0.5892866849899292, 0.5745064616203308, 0.471924751996994]"
2,centroid,1,152,Denom,Denom,"[""Denom"", ""Ratikon"", ""Nivalis"", ""Ilias"", ""Steel_Wheel""]","[0.7352356910705566, 0.7133448719978333, 0.5385498404502869, 0.4008696675300598, 0.16899985074996948]"
2,centroid,1,153,Denom,Denom,"[""Denom"", ""Ratikon"", ""Nivalis"", ""Ilias"", ""Trius""]","[0.6986375451087952, 0.6210452318191528, 0.5861982703208923, 0.5138317346572876, 0.3528202772140503]"
2,centroid,1,154,Denom,Velorum,"[""Velorum"", ""Ilias"", ""Ratikon"", ""Denom"", ""Nivalis""]","[0.8029220700263977, 0.6546840667724609, 0.4839952290058136, 0.42826539278030396, 0.39424607157707214]"
2,centroid,1,155,Denom,Denom,"[""Denom"", ""Ratikon"", ""Nivalis"", ""Velorum"", ""Ilias""]","[0.7877347469329834, 0.6843104362487793, 0.6796702146530151, 0.6769280433654785, 0.64999920129776]"
2,centroid,1,156,Denom,Denom,"[""Denom"", ""Ratikon"", ""Ilias"", ""Nivalis"", ""Alaris""]","[0.7333125472068787, 0.618879497051239, 0.33503398299217224, 0.18576249480247498, 0.026108795776963234]"
2,centroid,1,157,Denom,Denom,"[""Denom"", ""Ratikon"", ""Nivalis"", ""Ilias"", ""Velorum""]","[0.9103622436523438, 0.7508680820465088, 0.6302779912948608, 0.4386037588119507, 0.0917891189455986]"
2,centroid,1,158,Denom,Denom,"[""Denom"", ""Ratikon"", ""Nivalis"", ""Ilias"", ""Velorum""]","[0.9475235342979431, 0.6965877413749695, 0.6548213958740234, 0.40822315216064453, 0.12613658607006073]"
2,centroid,1,159,Denom,Denom,"[""Denom"", ""Nivalis"", ""Ratikon"", ""Ilias"", ""Velorum""]","[0.9388366937637329, 0.6830660104751587, 0.6300919055938721, 0.4702908992767334, 0.3565477430820465]"
2,centroid,1,160,Denom,Denom,"[""Denom"", ""Trius"", ""Ratikon"", ""Nivalis"", ""Alaris""]","[0.6284533143043518, 0.5344995260238647, 0.5220994353294373, 0.49086296558380127, 0.27712076902389526]"
2,centroid,1,161,Gemini,Gemini,"[""Gemini"", ""Xtreme"", ""Vega"", ""Braga"", ""Trius""]","[0.8751832246780396, 0.5879390239715576, 0.3502795100212097, 0.30574363470077515, 0.1851816177368164]"
2,centroid,1,162,Gemini,Gemini,"[""Gemini"", ""Braga"", ""Trius"", ""Vega"", ""Triton""]","[0.8631635308265686, 0.5032164454460144, 0.49551063776016235, 0.4804263114929199, 0.4457290768623352]"
2,centroid,1,163,Gemini,Gemini,"[""Gemini"", ""Trius"", ""Braga"", ""Vega"", ""Xtreme""]","[0.9337905645370483, 0.5273697376251221, 0.3944095969200134, 0.32749637961387634, 0.2715603709220886]"
2,centroid,1,164,Gemini,Vega,"[""Vega"", ""Gemini"", ""Braga"", ""Hawk"", ""Turbine""]","[0.6072388291358948, 0.5447638630867004, 0.4498206377029419, 0.40912410616874695, 0.3898232579231262]"
2,centroid,1,165,Gemini,Gemini,"[""Gemini"", ""Xtreme"", ""Vega"", ""Ilias"", ""Trius""]","[0.885012686252594, 0.6511257886886597, 0.35755079984664917, 0.21961960196495056, 0.15822821855545044]"
2,centroid,1,166,Gemini,Xtreme,"[""Xtreme"", ""Gemini"", ""Nivalis"", ""Ilias"", ""Denom""]","[0.7578624486923218, 0.6667549014091492, 0.3252333998680115, 0.3165702223777771, 0.21481876075267792]"
2,centroid,1,167,Gemini,Gemini,"[""Gemini"", ""Trius"", ""Vega"", ""Ilias"", ""Xtreme""]","[0.8782854080200195, 0.44155386090278625, 0.34538090229034424, 0.29156553745269775, 0.2537096440792084]"
2,centroid,1,168,Gemini,Gemini,"[""Gemini"", ""Vega"", ""Trius"", ""Xtreme"", ""Alaris""]","[0.727013885974884, 0.3704032897949219, 0.3196864128112793, 0.2497379630804062, 0.23283720016479492]"
2,centroid,1,169,Gemini,Gemini,"[""Gemini"", ""Hawk"", ""Vega"", ""Xtreme"", ""Alaris""]","[0.6810373067855835, 0.3745582103729248, 0.31755954027175903, 0.20755904912948608, 0.16751158237457275]"
2,centroid,1,170,Gemini,Gemini,"[""Gemini"", ""Trius"", ""Xtreme"", ""Vega"", ""Braga""]","[0.9003198146820068, 0.3175256550312042, 0.2997756004333496, 0.23314549028873444, 0.18384996056556702]"
2,centroid,1,171,Gemini,Gemini,"[""Gemini"", ""Xtreme"", ""Vega"", ""Braga"", ""Trius""]","[0.900611400604248, 0.5712997913360596, 0.3875529170036316, 0.22410917282104492, 0.09665191173553467]"
2,centroid,1,172,Gemini,Gemini,"[""Gemini"", ""Xtreme"", ""Vega"", ""Ilias"", ""Trius""]","[0.8698019981384277, 0.5117367506027222, 0.181867778301239, 0.1374850571155548, 0.1052326112985611]"
2,centroid,1,173,Gemini,Gemini,"[""Gemini"", ""Trius"", ""Braga"", ""Hawk"", ""Vega""]","[0.7438409924507141, 0.5140790939331055, 0.49874579906463623, 0.4601176083087921, 0.4546247124671936]"
2,centroid,1,174,Gemini,Gemini,"[""Gemini"", ""Vega"", ""Braga"", ""Trius"", ""Hawk""]","[0.854793906211853, 0.6286715269088745, 0.6212425231933594, 0.45554450154304504, 0.2807278633117676]"
2,centroid,1,175,Gemini,Gemini,"[""Gemini"", ""Trius"", ""Braga"", ""Vega"", ""Xtreme""]","[0.8863654136657715, 0.5254186391830444, 0.43940097093582153, 0.4051291048526764, 0.32296353578567505]"
2,centroid,1,176,Gemini,Gemini,"[""Gemini"", ""Xtreme"", ""Hawk"", ""Braga"", ""Alaris""]","[0.7564994096755981, 0.3666643798351288, 0.2691606879234314, 0.22145074605941772, 0.20185162127017975]"
2,centroid,1,177,Gemini,Gemini,"[""Gemini"", ""Xtreme"", ""Trius"", ""Braga"", ""Vega""]","[0.9067797660827637, 0.433663934469223, 0.26828715205192566, 0.2637301981449127, 0.19148263335227966]"
2,centroid,1,178,Gemini,Gemini,"[""Gemini"", ""Xtreme"", ""Steel_Wheel"", ""Hawk"", ""Vega""]","[0.7196911573410034, 0.5226795673370361, 0.11652141809463501, 0.09061726927757263, 0.07906400412321091]"
2,centroid,1,179,Gemini,Gemini,"[""Gemini"", ""Trius"", ""Braga"", ""Triton"", ""Alaris""]","[0.7780536413192749, 0.5305036902427673, 0.22956109046936035, 0.2245713323354721, 0.18595203757286072]"
2,centroid,1,180,Gemini,Gemini,"[""Gemini"", ""Xtreme"", ""Vega"", ""Ilias"", ""Steel_Wheel""]","[0.7993320226669312, 0.6016402840614319, 0.13484276831150055, 0.03753452003002167, 0.024888692423701286]"
2,centroid,1,181,Gemini,Gemini,"[""Gemini"", ""Xtreme"", ""Trius"", ""Braga"", ""Triton""]","[0.8871633410453796, 0.5215615034103394, 0.2652410864830017, 0.23329082131385803, 0.1879344880580902]"
2,centroid,1,182,Gemini,Gemini,"[""Gemini"", ""Braga"", ""Xtreme"", ""Vega"", ""Trius""]","[0.4823719561100006, 0.2964666187763214, 0.27453282475471497, 0.2742152214050293, 0.2367747575044632]"
2,centroid,1,183,Gemini,Gemini,"[""Gemini"", ""Xtreme"", ""Trius"", ""Vega"", ""Denom""]","[0.7998454570770264, 0.31160402297973633, 0.2165757119655609, 0.20104151964187622, 0.14241844415664673]"
2,centroid,1,184,Gemini,Gemini,"[""Gemini"", ""Xtreme"", ""Vega"", ""Trius"", ""Ilias""]","[0.913405179977417, 0.6226608753204346, 0.3243245482444763, 0.19506019353866577, 0.16683429479599]"
2,centroid,1,185,Gemini,Gemini,"[""Gemini"", ""Braga"", ""Trius"", ""Triton"", ""Vega""]","[0.6500752568244934, 0.5953962802886963, 0.517348051071167, 0.3454101085662842, 0.275576114654541]"
2,centroid,1,186,Gemini,Gemini,"[""Gemini"", ""Xtreme"", ""Vega"", ""Braga"", ""Trius""]","[0.8487761616706848, 0.47211840748786926, 0.2778850793838501, 0.12710942327976227, 0.10138978064060211]"
2,centroid,1,187,Gemini,Gemini,"[""Gemini"", ""Vega"", ""Trius"", ""Ilias"", ""Hawk""]","[0.7964065074920654, 0.3551410436630249, 0.2785492241382599, 0.2333507239818573, 0.1947278082370758]"
2,centroid,1,188,Hawk,Hawk,"[""Hawk"", ""Alaris"", ""Vega"", ""Turbine"", ""Braga""]","[0.8999318480491638, 0.5361750721931458, 0.4519253075122833, 0.45102185010910034, 0.41662365198135376]"
2,centroid,1,189,Hawk,Mytikas,"[""Mytikas"", ""Braga"", ""Turbine"", ""Alaris"", ""Alcatras""]","[0.49063003063201904, 0.4661191403865814, 0.4313022494316101, 0.3335404694080353, 0.3277844786643982]"
2,centroid,1,190,Hawk,Hawk,"[""Hawk"", ""Vega"", ""Alaris"", ""Turbine"", ""Alcatras""]","[0.9342976808547974, 0.45782020688056946, 0.333219438791275, 0.2902599573135376, 0.17753097414970398]"
2,centroid,1,191,Hawk,Hawk,"[""Hawk"", ""Alaris"", ""Turbine"", ""Alcatras"", ""Vega""]","[0.9065933227539062, 0.2781218886375427, 0.27167636156082153, 0.26609450578689575, 0.21631093323230743]"
2,centroid,1,192,Hawk,Hawk,"[""Hawk"", ""Turbine"", ""Vega"", ""Gemini"", ""Braga""]","[0.59934002161026, 0.5733358860015869, 0.33517104387283325, 0.3296741247177124, 0.29614096879959106]"
2,centroid,1,193,Hawk,Hawk,"[""Hawk"", ""Vega"", ""Turbine"", ""Braga"", ""Alaris""]","[0.9318647980690002, 0.5228444933891296, 0.36956802010536194, 0.33187130093574524, 0.30421239137649536]"
2,centroid,1,194,Hawk,Hawk,"[""Hawk"", ""Braga"", ""Vega"", ""Alaris"", ""Turbine""]","[0.8366807699203491, 0.6204938888549805, 0.45771166682243347, 0.45074501633644104, 0.3794049918651581]"
2,centroid,1,195,Hawk,Hawk,"[""Hawk"", ""Turbine"", ""Alaris"", ""Vega"", ""Alcatras""]","[0.9602258801460266, 0.4490204453468323, 0.42585909366607666, 0.3848596215248108, 0.3764536380767822]"
2,centroid,1,196,Hawk,Hawk,"[""Hawk"", ""Alaris"", ""Alcatras"", ""Vega"", ""Turbine""]","[0.921635627746582, 0.5019056797027588, 0.43575775623321533, 0.41346660256385803, 0.33085113763809204]"
2,centroid,1,197,Hawk,Hawk,"[""Hawk"", ""Vega"", ""Alaris"", ""Alcatras"", ""Turbine""]","[0.915318489074707, 0.5981724262237549, 0.5233886241912842, 0.4605034589767456, 0.41253364086151123]"
2,centroid,1,198,Hawk,Hawk,"[""Hawk"", ""Turbine"", ""Vega"", ""Braga"", ""Alaris""]","[0.8368431925773621, 0.5181189775466919, 0.36713677644729614, 0.2928391695022583, 0.1515984833240509]"
2,centroid,1,199,Hawk,Turbine,"[""Turbine"", ""Braga"", ""Mytikas"", ""Hawk"", ""Alcatras""]","[0.7527015209197998, 0.6591893434524536, 0.5923409461975098, 0.5568835735321045, 0.5213155746459961]"
2,centroid,1,200,Hawk,Hawk,"[""Hawk"", ""Alaris"", ""Alcatras"", ""Turbine"", ""Velorum""]","[0.8419215679168701, 0.39027637243270874, 0.39019572734832764, 0.33011525869369507, 0.24029003083705902]"
2,centroid,1,201,Hawk,Hawk,"[""Hawk"", ""Turbine"", ""Alaris"", ""Vega"", ""Alcatras""]","[0.9293996095657349, 0.4883437752723694, 0.4773574471473694, 0.44149938225746155, 0.4191809296607971]"
2,centroid,1,202,Hawk,Hawk,"[""Hawk"", ""Vega"", ""Turbine"", ""Alaris"", ""Alcatras""]","[0.9396392107009888, 0.48125579953193665, 0.4197489321231842, 0.34289485216140747, 0.1371868997812271]"
2,centroid,1,203,Hawk,Hawk,"[""Hawk"", ""Alaris"", ""Alcatras"", ""Turbine"", ""Castor""]","[0.8045905232429504, 0.6270079612731934, 0.5841748714447021, 0.40509361028671265, 0.2975589632987976]"
2,centroid,1,204,Hawk,Hawk,"[""Hawk"", ""Vega"", ""Gemini"", ""Turbine"", ""Braga""]","[0.7742701172828674, 0.6466556787490845, 0.4172050356864929, 0.33747345209121704, 0.32156312465667725]"
2,centroid,1,205,Hawk,Hawk,"[""Hawk"", ""Vega"", ""Turbine"", ""Alaris"", ""Braga""]","[0.9648367166519165, 0.4994955062866211, 0.41775649785995483, 0.3906315267086029, 0.29173827171325684]"
2,centroid,1,206,Hawk,Hawk,"[""Hawk"", ""Turbine"", ""Vega"", ""Alaris"", ""Braga""]","[0.9524285793304443, 0.36399972438812256, 0.2945592999458313, 0.2767563760280609, 0.21315406262874603]"
2,centroid,1,207,Hawk,Hawk,"[""Hawk"", ""Vega"", ""Turbine"", ""Alaris"", ""Gemini""]","[0.8707724809646606, 0.4373365640640259, 0.3626716136932373, 0.3032127618789673, 0.2724761366844177]"
2,centroid,1,208,Hawk,Hawk,"[""Hawk"", ""Turbine"", ""Braga"", ""Alcatras"", ""Alaris""]","[0.9218913316726685, 0.3453056216239929, 0.2578980326652527, 0.2562428414821625, 0.24638117849826813]"
2,centroid,1,209,Hawk,Hawk,"[""Hawk"", ""Alaris"", ""Alcatras"", ""Vega"", ""Turbine""]","[0.9108100533485413, 0.5383922457695007, 0.5056707262992859, 0.42573994398117065, 0.42504313588142395]"
2,centroid,1,210,Hawk,Hawk,"[""Hawk"", ""Turbine"", ""Alaris"", ""Vega"", ""Alcatras""]","[0.9430433511734009, 0.5049782991409302, 0.49894070625305176, 0.3978225588798523, 0.3718582093715668]"
2,centroid,1,211,Hawk,Hawk,"[""Hawk"", ""Turbine"", ""Vega"", ""Alcatras"", ""Braga""]","[0.8898262977600098, 0.284700870513916, 0.16810590028762817, 0.1580125242471695, 0.14311446249485016]"
2,centroid,1,212,Hawk,Hawk,"[""Hawk"", ""Vega"", ""Turbine"", ""Gemini"", ""Xtreme""]","[0.8784858584403992, 0.3936556577682495, 0.295663058757782, 0.1778751015663147, 0.1407168209552765]"
2,centroid,1,213,Hawk,Hawk,"[""Hawk"", ""Turbine"", ""Vega"", ""Braga"", ""Alaris""]","[0.8819664716720581, 0.530468225479126, 0.40505272150039673, 0.3876696228981018, 0.3060593605041504]"
2,centroid,1,214,Ilias,Ilias,"[""Ilias"", ""Ratikon"", ""Denom"", ""Nivalis"", ""Velorum""]","[0.7887816429138184, 0.7463735938072205, 0.6903157234191895, 0.4294241666793823, 0.2083328664302826]"
2,centroid,1,215,Ilias,Ilias,"[""Ilias"", ""Ratikon"", ""Denom"", ""Nivalis"", ""Velorum""]","[0.8457496166229248, 0.6886405348777771, 0.5743471384048462, 0.4509054720401764, 0.29066330194473267]"
2,centroid,1,216,Ilias,Ilias,"[""Ilias"", ""Ratikon"", ""Velorum"", ""Denom"", ""Nivalis""]","[0.9285925626754761, 0.6177929043769836, 0.4937479496002197, 0.4331672191619873, 0.41152817010879517]"
2,centroid,1,217,Ilias,Ilias,"[""Ilias"", ""Ratikon"", ""Velorum"", ""Denom"", ""Nivalis""]","[0.9188429117202759, 0.6076133251190186, 0.4620915353298187, 0.3626047968864441, 0.29825857281684875]"
2,centroid,1,218,Ilias,Ilias,"[""Ilias"", ""Ratikon"", ""Velorum"", ""Denom"", ""Nivalis""]","[0.935640275478363, 0.564854085445404, 0.43153703212738037, 0.3869473338127136, 0.36453622579574585]"
2,centroid,1,219,Ilias,Ilias,"[""Ilias"", ""Ratikon"", ""Nivalis"", ""Denom"", ""Velorum""]","[0.9451431632041931, 0.6046172380447388, 0.48662129044532776, 0.45474112033843994, 0.38254427909851074]"
2,centroid,1,220,Ilias,Ilias,"[""Ilias"", ""Velorum"", ""Denom"", ""Ratikon"", ""Nivalis""]","[0.8206781148910522, 0.6289324164390564, 0.49878087639808655, 0.4015123248100281, 0.39201775193214417]"
2,centroid,1,221,Ilias,Ilias,"[""Ilias"", ""Denom"", ""Ratikon"", ""Nivalis"", ""Gemini""]","[0.7966394424438477, 0.5605611801147461, 0.49724388122558594, 0.3886142075061798, 0.34860002994537354]"
2,centroid,1,222,Ilias,Ilias,"[""Ilias"", ""Ratikon"", ""Velorum"", ""Denom"", ""Nivalis""]","[0.9278122186660767, 0.6937211751937866, 0.535589873790741, 0.534177303314209, 0.46836525201797485]"
2,centroid,1,223,Ilias,Ilias,"[""Ilias"", ""Trius"", ""Triton"", ""Ratikon"", ""Velorum""]","[0.6853531002998352, 0.5428072214126587, 0.5108168721199036, 0.47493723034858704, 0.32829201221466064]"
2,centroid,1,224,Ilias,Velorum,"[""Velorum"", ""Ilias"", ""Denom"", ""Ratikon"", ""Nivalis""]","[0.7270370721817017, 0.6860454082489014, 0.6148364543914795, 0.5189080238342285, 0.5094935894012451]"
2,centroid,1,225,Ilias,Ilias,"[""Ilias"", ""Ratikon"", ""Nivalis"", ""Denom"", ""Velorum""]","[0.9263442158699036, 0.7106011509895325, 0.5973230600357056, 0.5433149337768555, 0.44224637746810913]"
2,centroid,1,226,Ilias,Ilias,"[""Ilias"", ""Ratikon"", ""Velorum"", ""Nivalis"", ""Denom""]","[0.7362799048423767, 0.5246695280075073, 0.4865516722202301, 0.43923962116241455, 0.4003210663795471]"
2,centroid,1,227,Ilias,Velorum,"[""Velorum"", ""Ilias"", ""Nivalis"", ""Ratikon"", ""Xtreme""]","[0.7194212675094604, 0.7047131061553955, 0.3665919899940491, 0.2857317328453064, 0.27433693408966064]"
2,centroid,1,228,Ilias,Ilias,"[""Ilias"", ""Ratikon"", ""Nivalis"", ""Denom"", ""Velorum""]","[0.9154186844825745, 0.6925280094146729, 0.5302964448928833, 0.5025728940963745, 0.49353036284446716]"
2,centroid,1,229,Ilias,Ilias,"[""Ilias"", ""Denom"", ""Ratikon"", ""Nivalis"", ""Velorum""]","[0.809127151966095, 0.6769054532051086, 0.5849785208702087, 0.3754854202270508, 0.3708009123802185]"
2,centroid,1,230,Ilias,Turbine,"[""Turbine"", ""Vega"", ""Alaris"", ""Hawk"", ""Alcatras""]","[0.8212980031967163, 0.563567042350769, 0.5516692399978638, 0.4993804395198822, 0.4300227761268616]"
2,centroid,1,231,Ilias,Ilias,"[""Ilias"", ""Ratikon"", ""Denom"", ""Nivalis"", ""Velorum""]","[0.9343337416648865, 0.6327133774757385, 0.5379417538642883, 0.461324006319046, 0.3743622303009033]"
2,centroid,1,232,Ilias,Ilias,"[""Ilias"", ""Ratikon"", ""Denom"", ""Nivalis"", ""Velorum""]","[0.8916378021240234, 0.8340257406234741, 0.7098262310028076, 0.5332175493240356, 0.18341070413589478]"
2,centroid,1,233,Ilias,Ilias,"[""Ilias"", ""Velorum"", ""Denom"", ""Ratikon"", ""Nivalis""]","[0.8041703701019287, 0.5053055286407471, 0.48902201652526855, 0.46581897139549255, 0.3211720883846283]"
2,centroid,1,234,Ilias,Ilias,"[""Ilias"", ""Denom"", ""Ratikon"", ""Nivalis"", ""Xtreme""]","[0.6989948749542236, 0.6912186145782471, 0.628419041633606, 0.4185963571071625, 0.22255563735961914]"
2,centroid,1,235,Ilias,Velorum,"[""Velorum"", ""Ilias"", ""Triton"", ""Denom"", ""Trius""]","[0.729080080986023, 0.6564304828643799, 0.5231178998947144, 0.4635497033596039, 0.46146318316459656]"
2,centroid,1,236,Ilias,Nivalis,"[""Nivalis"", ""Ilias"", ""Ratikon"", ""Denom"", ""Velorum""]","[0.752155601978302, 0.6763398051261902, 0.659320592880249, 0.46485286951065063, 0.41130968928337097]"
2,centroid,1,237,Ilias,Ilias,"[""Ilias"", ""Ratikon"", ""Nivalis"", ""Velorum"", ""Denom""]","[0.9061339497566223, 0.5627419948577881, 0.5411765575408936, 0.4826100468635559, 0.43702882528305054]"
2,centroid,1,238,Ilias,Ilias,"[""Ilias"", ""Ratikon"", ""Velorum"", ""Denom"", ""Nivalis""]","[0.956424355506897, 0.7010829448699951, 0.5922658443450928, 0.5685006976127625, 0.4692823886871338]"
2,centroid,1,239,Ilias,Ratikon,"[""Ratikon"", ""Ilias"", ""Denom"", ""Nivalis"", ""Trius""]","[0.7983784675598145, 0.7377421855926514, 0.7182521820068359, 0.4973628520965576, 0.20596912503242493]"
2,centroid,1,240,Ilias,Ilias,"[""Ilias"", ""Ratikon"", ""Denom"", ""Nivalis"", ""Velorum""]","[0.9268704652786255, 0.6449233293533325, 0.590145468711853, 0.5441589951515198, 0.5227553248405457]"
2,centroid,1,241,Ilias,Ilias,"[""Ilias"", ""Ratikon"", ""Triton"", ""Denom"", ""Nivalis""]","[0.8709327578544617, 0.617812991142273, 0.5379611253738403, 0.40498530864715576, 0.3787538409233093]"
2,centroid,1,242,Ilias,Ilias,"[""Ilias"", ""Ratikon"", ""Denom"", ""Velorum"", ""Nivalis""]","[0.8909896612167358, 0.570717990398407, 0.5492481589317322, 0.3887529969215393, 0.35320478677749634]"
2,centroid,1,243,Mytikas,Mytikas,"[""Mytikas"", ""Triton"", ""Braga"", ""Turbine"", ""Trius""]","[0.776451826095581, 0.5841184854507446, 0.5365063548088074, 0.5146328806877136, 0.4884621798992157]"
2,centroid,1,244,Mytikas,Triton,"[""Triton"", ""Mytikas"", ""Trius"", ""Braga"", ""Gemini""]","[0.7311780452728271, 0.6939524412155151, 0.6571154594421387, 0.5755752325057983, 0.5435903072357178]"
2,centroid,1,245,Mytikas,Triton,"[""Triton"", ""Mytikas"", ""Trius"", ""Castor"", ""Braga""]","[0.8732686042785645, 0.7640805244445801, 0.5929811000823975, 0.37303927540779114, 0.3433989882469177]"
2,centroid,1,246,Mytikas,Mytikas,"[""Mytikas"", ""Triton"", ""Alcatras"", ""Trius"", ""Castor""]","[0.8720331192016602, 0.5459401607513428, 0.3520677089691162, 0.3438929319381714, 0.32472193241119385]"
2,centroid,1,247,Mytikas,Mytikas,"[""Mytikas"", ""Castor"", ""Triton"", ""Trius"", ""Alaris""]","[0.6770176887512207, 0.6033732295036316, 0.5997865200042725, 0.53128981590271, 0.5213414430618286]"
2,centroid,1,248,Mytikas,Mytikas,"[""Mytikas"", ""Triton"", ""Alcatras"", ""Trius"", ""Castor""]","[0.9155963659286499, 0.6320577263832092, 0.6032649278640747, 0.5568243861198425, 0.5406335592269897]"
2,centroid,1,249,Mytikas,Mytikas,"[""Mytikas"", ""Triton"", ""Castor"", ""Braga"", ""Turbine""]","[0.8211239576339722, 0.5499237179756165, 0.3688129186630249, 0.2601621150970459, 0.25664573907852173]"
2,centroid,1,250,Mytikas,Mytikas,"[""Mytikas"", ""Alcatras"", ""Triton"", ""Alaris"", ""Turbine""]","[0.7361734509468079, 0.5168560147285461, 0.4156135618686676, 0.37905529141426086, 0.3720335066318512]"
2,centroid,1,251,Mytikas,Mytikas,"[""Mytikas"", ""Triton"", ""Castor"", ""Braga"", ""Trius""]","[0.871368944644928, 0.8068880438804626, 0.6480797529220581, 0.6313676238059998, 0.5477577447891235]"
2,centroid,1,252,Mytikas,Nivalis,"[""Nivalis"", ""Mytikas"", ""Vega"", ""Gemini"", ""Ratikon""]","[0.4978906512260437, 0.42018160223960876, 0.37660643458366394, 0.27766233682632446, 0.18893902003765106]"
2,centroid,1,253,Mytikas,Trius,"[""Trius"", ""Mytikas"", ""Triton"", ""Braga"", ""Gemini""]","[0.71012282371521, 0.48812124133110046, 0.4583384394645691, 0.43096724152565, 0.4185315668582916]"
2,centroid,1,254,Mytikas,Mytikas,"[""Mytikas"", ""Hawk"", ""Braga"", ""Vega"", ""Trius""]","[0.6745573282241821, 0.5616279244422913, 0.48824000358581543, 0.4539983570575714, 0.41170263290405273]"
2,centroid,1,255,Mytikas,Mytikas,"[""Mytikas"", ""Trius"", ""Triton"", ""Braga"", ""Gemini""]","[0.730778694152832, 0.6215289235115051, 0.46908605098724365, 0.45616936683654785, 0.33021974563598633]"
2,centroid,1,256,Mytikas,Mytikas,"[""Mytikas"", ""Alcatras"", ""Triton"", ""Trius"", ""Braga""]","[0.8784594535827637, 0.6419580578804016, 0.6306536197662354, 0.5607163906097412, 0.530507504940033]"
2,centroid,1,257,Mytikas,Mytikas,"[""Mytikas"", ""Triton"", ""Castor"", ""Trius"", ""Alcatras""]","[0.8872295618057251, 0.8703477382659912, 0.604717493057251, 0.5843147039413452, 0.47482216358184814]"
2,centroid,1,258,Mytikas,Mytikas,"[""Mytikas"", ""Triton"", ""Trius"", ""Turbine"", ""Alcatras""]","[0.8989378213882446, 0.6935838460922241, 0.5337539315223694, 0.47070014476776123, 0.45922619104385376]"
2,centroid,1,259,Mytikas,Mytikas,"[""Mytikas"", ""Triton"", ""Castor"", ""Alcatras"", ""Turbine""]","[0.8024517893791199, 0.688135027885437, 0.6555734872817993, 0.6142582893371582, 0.5095342397689819]"
2,centroid,1,260,Mytikas,Alaris,"[""Alaris"", ""Alcatras"", ""Mytikas"", ""Trius"", ""Braga""]","[0.7714375257492065, 0.7690649032592773, 0.7233659029006958, 0.6534614562988281, 0.6099344491958618]"
2,centroid,1,261,Mytikas,Trius,"[""Trius"", ""Triton"", ""Gemini"", ""Mytikas"", ""Braga""]","[0.7711943984031677, 0.5976780652999878, 0.5807723999023438, 0.5588070154190063, 0.5350369215011597]"
2,centroid,1,262,Mytikas,Triton,"[""Triton"", ""Mytikas"", ""Trius"", ""Turbine"", ""Braga""]","[0.7109617590904236, 0.698542594909668, 0.6305846571922302, 0.6083810329437256, 0.5510618090629578]"
2,centroid,1,263,Mytikas,Mytikas,"[""Mytikas"", ""Triton"", ""Trius"", ""Alcatras"", ""Turbine""]","[0.8824955224990845, 0.7701939344406128, 0.5166399478912354, 0.48467257618904114, 0.4742031991481781]"
2,centroid,1,264,Mytikas,Mytikas,"[""Mytikas"", ""Trius"", ""Triton"", ""Castor"", ""Alcatras""]","[0.7949070930480957, 0.7168528437614441, 0.6668496131896973, 0.6607053875923157, 0.6581650972366333]"
2,centroid,1,265,Mytikas,Mytikas,"[""Mytikas"", ""Triton"", ""Braga"", ""Trius"", ""Castor""]","[0.7271267771720886, 0.712696373462677, 0.6941961050033569, 0.6306741237640381, 0.4794110059738159]"
2,centroid,1,266,Mytikas,Mytikas,"[""Mytikas"", ""Triton"", ""Trius"", ""Braga"", ""Castor""]","[0.8421746492385864, 0.8392951488494873, 0.5861243009567261, 0.496879518032074, 0.43455058336257935]"
2,centroid,1,267,Mytikas,Trius,"[""Trius"", ""Mytikas"", ""Vega"", ""Gemini"", ""Braga""]","[0.5228184461593628, 0.4118254780769348, 0.41158241033554077, 0.4067837595939636, 0.4032108187675476]"
2,centroid,1,268,Mytikas,Mytikas,"[""Mytikas"", ""Triton"", ""Braga"", ""Trius"", ""Velorum""]","[0.8458561301231384, 0.6662812232971191, 0.5107784271240234, 0.4175071120262146, 0.3713013231754303]"
2,centroid,1,269,Mytikas,Castor,"[""Castor"", ""Mytikas"", ""Braga"", ""Triton"", ""Alcatras""]","[0.7969125509262085, 0.76615309715271, 0.7310483455657959, 0.6712773442268372, 0.6649680137634277]"
2,centroid,1,270,Mytikas,Mytikas,"[""Mytikas"", ""Trius"", ""Triton"", ""Velorum"", ""Braga""]","[0.7944483160972595, 0.5628513097763062, 0.4717651903629303, 0.3328869044780731, 0.29231902956962585]"
2,centroid,1,271,Nivalis,Nivalis,"[""Nivalis"", ""Ratikon"", ""Ilias"", ""Denom"", ""Vega""]","[0.743184506893158, 0.5967833995819092, 0.40654420852661133, 0.3909224271774292, 0.3761972486972809]"
2,centroid,1,272,Nivalis,Ratikon,"[""Ratikon"", ""Nivalis"", ""Denom"", ""Ilias"", ""Velorum""]","[0.8060349225997925, 0.7916878461837769, 0.76875901222229, 0.6254308819770813, 0.42759716510772705]"
2,centroid,1,273,Nivalis,Nivalis,"[""Nivalis"", ""Denom"", ""Ratikon"", ""Ilias"", ""Velorum""]","[0.9108715057373047, 0.6764136552810669, 0.629745602607727, 0.5825006365776062, 0.47061845660209656]"
2,centroid,1,274,Nivalis,Nivalis,"[""Nivalis"", ""Denom"", ""Ratikon"", ""Velorum"", ""Ilias""]","[0.7492011785507202, 0.6697885990142822, 0.5474360585212708, 0.4358319938182831, 0.402321457862854]"
2,centroid,1,275,Nivalis,Nivalis,"[""Nivalis"", ""Xtreme"", ""Velorum"", ""Ilias"", ""Denom""]","[0.616052508354187, 0.4423920512199402, 0.4382241368293762, 0.4048087000846863, 0.3347262144088745]"
2,centroid,1,276,Nivalis,Velorum,"[""Velorum"", ""Nivalis"", ""Ilias"", ""Ratikon"", ""Mytikas""]","[0.7037885785102844, 0.6805957555770874, 0.6543081998825073, 0.48458999395370483, 0.43773049116134644]"
2,centroid,1,277,Nivalis,Nivalis,"[""Nivalis"", ""Ilias"", ""Ratikon"", ""Velorum"", ""Denom""]","[0.8562847375869751, 0.6334370970726013, 0.5756528973579407, 0.46680960059165955, 0.3967621922492981]"
2,centroid,1,278,Nivalis,Nivalis,"[""Nivalis"", ""Velorum"", ""Denom"", ""Ilias"", ""Ratikon""]","[0.8248149752616882, 0.6014004945755005, 0.5232365131378174, 0.40838634967803955, 0.3310205340385437]"
2,centroid,1,279,Nivalis,Nivalis,"[""Nivalis"", ""Ratikon"", ""Vega"", ""Denom"", ""Gemini""]","[0.7498480081558228, 0.4620213806629181, 0.4027889370918274, 0.30952057242393494, 0.28331083059310913]"
2,centroid,1,280,Nivalis,Nivalis,"[""Nivalis"", ""Ratikon"", ""Denom"", ""Ilias"", ""Velorum""]","[0.8789230585098267, 0.6734864115715027, 0.5634623169898987, 0.5185701251029968, 0.32824569940567017]"
2,centroid,1,281,Nivalis,Ratikon,"[""Ratikon"", ""Denom"", ""Ilias"", ""Nivalis"", ""Velorum""]","[0.8625823259353638, 0.8218269348144531, 0.7974599599838257, 0.7965191602706909, 0.40627413988113403]"
2,centroid,1,282,Nivalis,Nivalis,"[""Nivalis"", ""Denom"", ""Ilias"", ""Velorum"", ""Ratikon""]","[0.8171478509902954, 0.6119359731674194, 0.4792020916938782, 0.465941846370697, 0.36400794982910156]"
2,centroid,1,283,Nivalis,Nivalis,"[""Nivalis"", ""Ilias"", ""Denom"", ""Ratikon"", ""Velorum""]","[0.8153111338615417, 0.5779621005058289, 0.5718836188316345, 0.5126186013221741, 0.46662864089012146]"
2,centroid,1,284,Nivalis,Nivalis,"[""Nivalis"", ""Velorum"", ""Denom"", ""Ilias"", ""Ratikon""]","[0.7703172564506531, 0.6208053827285767, 0.6147195100784302, 0.44919848442077637, 0.29155993461608887]"
2,centroid,1,285,Nivalis,Denom,"[""Denom"", ""Nivalis"", ""Ratikon"", ""Ilias"", ""Velorum""]","[0.8960094451904297, 0.8352733254432678, 0.7592830061912537, 0.5444537401199341, 0.23461879789829254]"
2,centroid,1,286,Nivalis,Nivalis,"[""Nivalis"", ""Ratikon"", ""Denom"", ""Ilias"", ""Velorum""]","[0.892443060874939, 0.5844311714172363, 0.5367763638496399, 0.5160664916038513, 0.33088845014572144]"
2,centroid,1,287,Nivalis,Nivalis,"[""Nivalis"", ""Ratikon"", ""Denom"", ""Vega"", ""Ilias""]","[0.7862938642501831, 0.3994196057319641, 0.39638251066207886, 0.26549261808395386, 0.1784335821866989]"
2,centroid,1,288,Nivalis,Nivalis,"[""Nivalis"", ""Denom"", ""Ratikon"", ""Ilias"", ""Velorum""]","[0.9156877398490906, 0.6052930355072021, 0.5727051496505737, 0.4290274977684021, 0.378144770860672]"
2,centroid,1,289,Nivalis,Nivalis,"[""Nivalis"", ""Velorum"", ""Ilias"", ""Denom"", ""Ratikon""]","[0.7940394878387451, 0.5817960500717163, 0.48264753818511963, 0.30514785647392273, 0.3010186553001404]"
2,centroid,1,290,Nivalis,Denom,"[""Denom"", ""Ratikon"", ""Nivalis"", ""Ilias"", ""Velorum""]","[0.832099199295044, 0.7994298934936523, 0.6491550207138062, 0.6048846244812012, 0.16382837295532227]"
2,centroid,1,291,Nivalis,Ratikon,"[""Ratikon"", ""Denom"", ""Velorum"", ""Ilias"", ""Nivalis""]","[0.5859066247940063, 0.56676185131073, 0.5496289730072021, 0.5387555956840515, 0.47136133909225464]"
2,centroid,1,292,Nivalis,Nivalis,"[""Nivalis"", ""Velorum"", ""Denom"", ""Ilias"", ""Ratikon""]","[0.8122572898864746, 0.6386241912841797, 0.39027971029281616, 0.319557249546051, 0.2611684799194336]"
2,centroid,1,293,Ratikon,Ratikon,"[""Ratikon"", ""Ilias"", ""Nivalis"", ""Denom"", ""Velorum""]","[0.9093058109283447, 0.7003878355026245, 0.5395431518554688, 0.5353800058364868, 0.22431731224060059]"
2,centroid,1,294,Ratikon,Ratikon,"[""Ratikon"", ""Denom"", ""Nivalis"", ""Ilias"", ""Velorum""]","[0.8561131358146667, 0.7602523565292358, 0.6627095937728882, 0.521342933177948, 0.17835251986980438]"
2,centroid,1,295,Ratikon,Ratikon,"[""Ratikon"", ""Denom"", ""Ilias"", ""Nivalis"", ""Velorum""]","[0.8926399946212769, 0.7562841773033142, 0.6921135187149048, 0.6225706338882446, 0.04298689216375351]"
2,centroid,1,296,Ratikon,Ratikon,"[""Ratikon"", ""Nivalis"", ""Denom"", ""Ilias"", ""Vega""]","[0.6699150204658508, 0.658911943435669, 0.6065789461135864, 0.4871683716773987, 0.3868141174316406]"
2,centroid,1,297,Ratikon,Ratikon,"[""Ratikon"", ""Denom"", ""Ilias"", ""Nivalis"", ""Velorum""]","[0.9363889694213867, 0.7026904821395874, 0.6443296074867249, 0.5620354413986206, 0.2096221148967743]"
2,centroid,1,298,Ratikon,Ratikon,"[""Ratikon"", ""Denom"", ""Nivalis"", ""Ilias"", ""Vega""]","[0.8361607193946838, 0.782568633556366, 0.7199234962463379, 0.4890708923339844, 0.17143456637859344]"
2,centroid,1,299,Ratikon,Ratikon,"[""Ratikon"", ""Denom"", ""Nivalis"", ""Ilias"", ""Velorum""]","[0.9321267604827881, 0.7197002172470093, 0.6282654404640198, 0.5907319784164429, 0.16377036273479462]"
2,centroid,1,300,Ratikon,Denom,"[""Denom"", ""Ratikon"", ""Nivalis"", ""Ilias"", ""Velorum""]","[0.7967051267623901, 0.7739559412002563, 0.7002397775650024, 0.5193116664886475, 0.3713430166244507]"
2,centroid,1,301,Ratikon,Gemini,"[""Gemini"", ""Denom"", ""Nivalis"", ""Trius"", ""Xtreme""]","[0.42219728231430054, 0.32788389921188354, 0.3207019567489624, 0.29726165533065796, 0.2066742479801178]"
2,centroid,1,302,Ratikon,Denom,"[""Denom"", ""Ratikon"", ""Nivalis"", ""Ilias"", ""Velorum""]","[0.8228428363800049, 0.6983988285064697, 0.6305006146430969, 0.49967944622039795, 0.20511764287948608]"
2,centroid,1,303,Ratikon,Ratikon,"[""Ratikon"", ""Denom"", ""Ilias"", ""Nivalis"", ""Velorum""]","[0.8208045363426208, 0.7780593037605286, 0.7545901536941528, 0.6674841642379761, 0.18238505721092224]"
2,centroid,1,304,Ratikon,Ratikon,"[""Ratikon"", ""Nivalis"", ""Denom"", ""Ilias"", ""Velorum""]","[0.8765753507614136, 0.6732186079025269, 0.6245805025100708, 0.5664569139480591, 0.29239422082901]"
2,centroid,1,305,Ratikon,Ratikon,"[""Ratikon"", ""Denom"", ""Nivalis"", ""Ilias"", ""Trius""]","[0.8436400890350342, 0.6661385297775269, 0.5897047519683838, 0.5656005144119263, 0.22081628441810608]"
2,centroid,1,306,Ratikon,Ratikon,"[""Ratikon"", ""Ilias"", ""Nivalis"", ""Denom"", ""Velorum""]","[0.8861624002456665, 0.768803596496582, 0.6708254814147949, 0.6585422158241272, 0.5051441788673401]"
2,centroid,1,307,Ratikon,Ratikon,"[""Ratikon"", ""Ilias"", ""Denom"", ""Nivalis"", ""Velorum""]","[0.9037712812423706, 0.6801853775978088, 0.6313135027885437, 0.49438703060150146, 0.23339469730854034]"
2,centroid,1,308,Ratikon,Ratikon,"[""Ratikon"", ""Denom"", ""Nivalis"", ""Ilias"", ""Velorum""]","[0.851164698600769, 0.8234955668449402, 0.6267645359039307, 0.43498989939689636, 0.04063112661242485]"
2,centroid,1,309,Ratikon,Ratikon,"[""Ratikon"", ""Ilias"", ""Velorum"", ""Nivalis"", ""Denom""]","[0.7768327593803406, 0.7385905981063843, 0.6377134323120117, 0.579548716545105, 0.5622891783714294]"
2,centroid,1,310,Ratikon,Ratikon,"[""Ratikon"", ""Denom"", ""Ilias"", ""Nivalis"", ""Velorum""]","[0.9338911771774292, 0.7744335532188416, 0.7141643762588501, 0.70029616355896, 0.1942344605922699]"
2,centroid,1,311,Ratikon,Ratikon,"[""Ratikon"", ""Denom"", ""Nivalis"", ""Ilias"", ""Velorum""]","[0.9152102470397949, 0.7789078950881958, 0.6880844831466675, 0.5658887624740601, 0.10232041776180267]"
2,centroid,1,312,Ratikon,Ratikon,"[""Ratikon"", ""Denom"", ""Ilias"", ""Nivalis"", ""Velorum""]","[0.9712600111961365, 0.6531600952148438, 0.6340445280075073, 0.5668426752090454, 0.1250516027212143]"
2,centroid,1,313,Ratikon,Ratikon,"[""Ratikon"", ""Ilias"", ""Denom"", ""Nivalis"", ""Velorum""]","[0.8984329700469971, 0.7364805936813354, 0.5294219255447388, 0.4409219026565552, 0.26122617721557617]"
2,centroid,1,314,Ratikon,Ratikon,"[""Ratikon"", ""Ilias"", ""Nivalis"", ""Denom"", ""Vega""]","[0.8592922687530518, 0.724816620349884, 0.6785055994987488, 0.593046247959137, 0.25353682041168213]"
2,centroid,1,315,Ratikon,Ratikon,"[""Ratikon"", ""Denom"", ""Ilias"", ""Nivalis"", ""Trius""]","[0.7197320461273193, 0.6179834604263306, 0.5474345088005066, 0.33790624141693115, 0.14873240888118744]"
2,centroid,1,316,Ratikon,Ilias,"[""Ilias"", ""Denom"", ""Ratikon"", ""Velorum"", ""Nivalis""]","[0.7701676487922668, 0.655832827091217, 0.6530331373214722, 0.4632794260978699, 0.46091172099113464]"
2,centroid,1,317,Ratikon,Denom,"[""Denom"", ""Ratikon"", ""Nivalis"", ""Ilias"", ""Velorum""]","[0.8543558120727539, 0.6943947076797485, 0.5953580141067505, 0.4039399027824402, 0.2691935896873474]"
2,centroid,1,318,Ratikon,Ratikon,"[""Ratikon"", ""Ilias"", ""Nivalis"", ""Denom"", ""Alaris""]","[0.8739819526672363, 0.5706950426101685, 0.4740000367164612, 0.40063321590423584, 0.2416362166404724]"
2,centroid,1,319,Ratikon,Ratikon,"[""Ratikon"", ""Nivalis"", ""Denom"", ""Ilias"", ""Velorum""]","[0.8444945812225342, 0.7829104661941528, 0.6548522710800171, 0.5475627779960632, 0.2272980511188507]"
2,centroid,1,320,Ratikon,Ratikon,"[""Ratikon"", ""Nivalis"", ""Denom"", ""Ilias"", ""Velorum""]","[0.8998171091079712, 0.816380500793457, 0.791171669960022, 0.592715859413147, 0.2241937518119812]"
2,centroid,1,321,Steel_Wheel,Steel_Wheel,"[""Steel_Wheel"", ""Xtreme"", ""Nivalis"", ""Denom"", ""Velorum""]","[0.9680092334747314, 0.050538912415504456, 0.012410803698003292, 0.0035709142684936523, -0.0502714104950428]"
2,centroid,1,322,Steel_Wheel,Steel_Wheel,"[""Steel_Wheel"", ""Xtreme"", ""Nivalis"", ""Hawk"", ""Velorum""]","[0.9617475271224976, 0.07553524523973465, 0.04912791773676872, -0.0035562682896852493, -0.0475289449095726]"
2,centroid,1,323,Steel_Wheel,Steel_Wheel,"[""Steel_Wheel"", ""Xtreme"", ""Alcatras"", ""Mytikas"", ""Nivalis""]","[0.9447158575057983, 0.0556451715528965, 0.028851717710494995, -0.017517607659101486, -0.01922602578997612]"
2,centroid,1,324,Steel_Wheel,Steel_Wheel,"[""Steel_Wheel"", ""Xtreme"", ""Nivalis"", ""Velorum"", ""Denom""]","[0.9549665451049805, 0.13724319636821747, 0.07037847489118576, 0.028980255126953125, -0.017344705760478973]"
2,centroid,1,325,Steel_Wheel,Steel_Wheel,"[""Steel_Wheel"", ""Velorum"", ""Nivalis"", ""Denom"", ""Xtreme""]","[0.8362712860107422, 0.2911568284034729, 0.21117985248565674, 0.1716109812259674, 0.14520691335201263]"
2,centroid,1,326,Steel_Wheel,Steel_Wheel,"[""Steel_Wheel"", ""Nivalis"", ""Xtreme"", ""Velorum"", ""Turbine""]","[0.9364503622055054, 0.1715163290500641, 0.07719571888446808, 0.04084162786602974, 0.020129693672060966]"
2,centroid,1,327,Steel_Wheel,Steel_Wheel,"[""Steel_Wheel"", ""Xtreme"", ""Denom"", ""Nivalis"", ""Hawk""]","[0.8903516530990601, 0.0994286984205246, 0.09494978189468384, 0.0768355131149292, 0.02165268361568451]"
2,centroid,1,328,Steel_Wheel,Steel_Wheel,"[""Steel_Wheel"", ""Denom"", ""Xtreme"", ""Nivalis"", ""Velorum""]","[0.9439906477928162, 0.07217911630868912, 0.03893529623746872, 0.03672003000974655, 0.03484532982110977]"
2,centroid,1,329,Steel_Wheel,Steel_Wheel,"[""Steel_Wheel"", ""Xtreme"", ""Nivalis"", ""Alcatras"", ""Hawk""]","[0.9360605478286743, 0.0905691608786583, 0.04305478185415268, 0.01221233606338501, -0.025266235694289207]"
2,centroid,1,330,Steel_Wheel,Steel_Wheel,"[""Steel_Wheel"", ""Mytikas"", ""Nivalis"", ""Velorum"", ""Xtreme""]","[0.9505663514137268, 0.07402889430522919, 0.04389892518520355, -0.00016712024807929993, -0.011515695601701736]"
2,centroid,1,331,Steel_Wheel,Steel_Wheel,"[""Steel_Wheel"", ""Xtreme"", ""Denom"", ""Nivalis"", ""Gemini""]","[0.9285545349121094, 0.14612005650997162, 0.11920444667339325, 0.049356572329998016, 0.004225468263030052]"
2,centroid,1,332,Steel_Wheel,Steel_Wheel,"[""Steel_Wheel"", ""Nivalis"", ""Xtreme"", ""Velorum"", ""Denom""]","[0.9457976818084717, 0.1395339071750641, 0.10357934236526489, 0.029681434854865074, -0.021954476833343506]"
2,centroid,1,333,Steel_Wheel,Steel_Wheel,"[""Steel_Wheel"", ""Nivalis"", ""Denom"", ""Ratikon"", ""Xtreme""]","[0.9157665967941284, 0.25747644901275635, 0.10935894399881363, 0.08114386349916458, 0.06965266913175583]"
2,centroid,1,334,Steel_Wheel,Steel_Wheel,"[""Steel_Wheel"", ""Xtreme"", ""Nivalis"", ""Castor"", ""Mytikas""]","[0.9648122191429138, 0.14135099947452545, 0.05902504920959473, -0.03733128681778908, -0.037360891699790955]"
2,centroid,1,335,Steel_Wheel,Steel_Wheel,"[""Steel_Wheel"", ""Nivalis"", ""Xtreme"", ""Mytikas"", ""Alcatras""]","[0.9629091620445251, 0.04931114986538887, 0.004964172840118408, -0.008240435272455215, -0.013209364376962185]"
2,centroid,1,336,Steel_Wheel,Steel_Wheel,"[""Steel_Wheel"", ""Nivalis"", ""Xtreme"", ""Denom"", ""Hawk""]","[0.9732229709625244, 0.061022233217954636, 0.04100160300731659, 0.034683190286159515, -0.002557676285505295]"
2,centroid,1,337,Steel_Wheel,Steel_Wheel,"[""Steel_Wheel"", ""Nivalis"", ""Denom"", ""Xtreme"", ""Velorum""]","[0.9596247673034668, 0.15572091937065125, 0.0579012967646122, 0.050836529582738876, 0.02392074279487133]"
2,centroid,1,338,Steel_Wheel,Steel_Wheel,"[""Steel_Wheel"", ""Mytikas"", ""Xtreme"", ""Castor"", ""Alcatras""]","[0.9188699722290039, 0.1841815710067749, 0.11908035725355148, 0.03907676413655281, -0.0009326273575425148]"
2,centroid,1,339,Steel_Wheel,Steel_Wheel,"[""Steel_Wheel"", ""Xtreme"", ""Mytikas"", ""Alcatras"", ""Nivalis""]","[0.9432600736618042, 0.09759167581796646, 0.09743179380893707, 0.04738948494195938, 0.02500280924141407]"
2,centroid,1,340,Steel_Wheel,Steel_Wheel,"[""Steel_Wheel"", ""Denom"", ""Nivalis"", ""Xtreme"", ""Velorum""]","[0.9716126918792725, 0.07908123731613159, 0.0666593462228775, 0.06233375146985054, -0.006277425214648247]"
2,centroid,1,341,Steel_Wheel,Steel_Wheel,"[""Steel_Wheel"", ""Xtreme"", ""Nivalis"", ""Velorum"", ""Denom""]","[0.9459875226020813, 0.1730646789073944, 0.14233598113059998, 0.11319238692522049, -0.003758629783987999]"
2,centroid,1,342,Steel_Wheel,Steel_Wheel,"[""Steel_Wheel"", ""Xtreme"", ""Nivalis"", ""Gemini"", ""Hawk""]","[0.9344645738601685, 0.26034677028656006, 0.14425432682037354, -0.01903660036623478, -0.02392900362610817]"
2,centroid,1,343,Steel_Wheel,Steel_Wheel,"[""Steel_Wheel"", ""Nivalis"", ""Velorum"", ""Xtreme"", ""Denom""]","[0.9421979188919067, 0.18641752004623413, 0.06754347681999207, 0.066202811896801, 0.04059295356273651]"
2,centroid,1,344,Steel_Wheel,Steel_Wheel,"[""Steel_Wheel"", ""Hawk"", ""Alaris"", ""Alcatras"", ""Mytikas""]","[0.9032061100006104, 0.08908158540725708, 0.050756119191646576, 0.04529862478375435, 0.031941454857587814]"
2,centroid,1,345,Steel_Wheel,Steel_Wheel,"[""Steel_Wheel"", ""Xtreme"", ""Nivalis"", ""Velorum"", ""Denom""]","[0.9809060096740723, 0.09664307534694672, 0.07490071654319763, 0.018997998908162117, -0.04371543601155281]"
2,centroid,1,346,Steel_Wheel,Steel_Wheel,"[""Steel_Wheel"", ""Nivalis"", ""Hawk"", ""Xtreme"", ""Denom""]","[0.92612624168396, 0.07486671209335327, 0.052045583724975586, 0.030830297619104385, 0.020966097712516785]"
2,centroid,1,347,Steel_Wheel,Steel_Wheel,"[""Steel_Wheel"", ""Nivalis"", ""Xtreme"", ""Turbine"", ""Castor""]","[0.934823751449585, 0.10235430300235748, 0.06958360970020294, 0.0058307647705078125, -0.07726162672042847]"
2,centroid,1,348,Steel_Wheel,Steel_Wheel,"[""Steel_Wheel"", ""Xtreme"", ""Castor"", ""Mytikas"", ""Turbine""]","[0.9578171372413635, 0.0040770024061203, -0.04554687440395355, -0.07029195129871368, -0.0751238539814949]"
2,centroid,1,349,Steel_Wheel,Steel_Wheel,"[""Steel_Wheel"", ""Xtreme"", ""Nivalis"", ""Vega"", ""Gemini""]","[0.9386307001113892, 0.07701540738344193, 0.07184083759784698, -0.043295927345752716, -0.045382753014564514]"
2,centroid,1,350,Steel_Wheel,Steel_Wheel,"[""Steel_Wheel"", ""Denom"", ""Xtreme"", ""Trius"", ""Nivalis""]","[0.9029620885848999, 0.12535366415977478, 0.02027015946805477, -0.011241625994443893, -0.0310768224298954]"
2,centroid,1,351,Steel_Wheel,Steel_Wheel,"[""Steel_Wheel"", ""Velorum"", ""Nivalis"", ""Mytikas"", ""Xtreme""]","[0.9604452848434448, 0.02894340455532074, 0.019904393702745438, 0.008591067045927048, -0.01587333343923092]"
2,centroid,1,352,Steel_Wheel,Steel_Wheel,"[""Steel_Wheel"", ""Xtreme"", ""Ratikon"", ""Denom"", ""Nivalis""]","[0.9159533977508545, 0.016424793750047684, -0.013938063755631447, -0.020485974848270416, -0.02707294560968876]"
2,centroid,1,353,Steel_Wheel,Steel_Wheel,"[""Steel_Wheel"", ""Xtreme"", ""Nivalis"", ""Denom"", ""Velorum""]","[0.9513054490089417, 0.17641687393188477, 0.0874805599451065, 0.008152134716510773, -0.011244682595133781]"
2,centroid,1,354,Steel_Wheel,Steel_Wheel,"[""Steel_Wheel"", ""Velorum"", ""Castor"", ""Denom"", ""Trius""]","[0.7947509288787842, 0.06812651455402374, 0.05804535001516342, 0.05742082744836807, 0.05383189767599106]"
2,centroid,1,355,Steel_Wheel,Steel_Wheel,"[""Steel_Wheel"", ""Xtreme"", ""Gemini"", ""Hawk"", ""Mytikas""]","[0.9251209497451782, 0.2546148896217346, 0.05506120249629021, -0.01784420944750309, -0.02448371984064579]"
2,centroid,1,356,Triton,Triton,"[""Triton"", ""Trius"", ""Braga"", ""Mytikas"", ""Alcatras""]","[0.9228508472442627, 0.7957043647766113, 0.7023775577545166, 0.6769111752510071, 0.41866621375083923]"
2,centroid,1,357,Triton,Triton,"[""Triton"", ""Trius"", ""Mytikas"", ""Braga"", ""Alcatras""]","[0.9057816863059998, 0.784203052520752, 0.7184672951698303, 0.5912178754806519, 0.46901729702949524]"
2,centroid,1,358,Triton,Triton,"[""Triton"", ""Mytikas"", ""Trius"", ""Velorum"", ""Castor""]","[0.8576494455337524, 0.6777329444885254, 0.6020281314849854, 0.40594014525413513, 0.3926098644733429]"
2,centroid,1,359,Triton,Triton,"[""Triton"", ""Mytikas"", ""Turbine"", ""Castor"", ""Braga""]","[0.7592839002609253, 0.6691146492958069, 0.6087639331817627, 0.6016920804977417, 0.5793042182922363]"
2,centroid,1,360,Triton,Trius,"[""Trius"", ""Triton"", ""Braga"", ""Mytikas"", ""Velorum""]","[0.7692937850952148, 0.7295413017272949, 0.45973432064056396, 0.39402908086776733, 0.30248498916625977]"
2,centroid,1,361,Triton,Triton,"[""Triton"", ""Mytikas"", ""Trius"", ""Braga"", ""Castor""]","[0.8845211863517761, 0.7109005451202393, 0.6635378003120422, 0.624773383140564, 0.6002157330513]"
2,centroid,1,362,Triton,Mytikas,"[""Mytikas"", ""Triton"", ""Trius"", ""Braga"", ""Castor""]","[0.7288946509361267, 0.7227097749710083, 0.646022617816925, 0.618445873260498, 0.5595701932907104]"
2,centroid,1,363,Triton,Trius,"[""Trius"", ""Alcatras"", ""Alaris"", ""Triton"", ""Braga""]","[0.7265469431877136, 0.6438541412353516, 0.6320064663887024, 0.6130867004394531, 0.602591872215271]"
2,centroid,1,364,Triton,Triton,"[""Triton"", ""Mytikas"", ""Trius"", ""Braga"", ""Castor""]","[0.940187931060791, 0.7221241593360901, 0.7035884261131287, 0.6153116226196289, 0.5248809456825256]"
2,centroid,1,365,Triton,Triton,"[""Triton"", ""Mytikas"", ""Trius"", ""Braga"", ""Castor""]","[0.9489275217056274, 0.8262300491333008, 0.7152244448661804, 0.5703610181808472, 0.4474295377731323]"
2,centroid,1,366,Triton,Triton,"[""Triton"", ""Trius"", ""Mytikas"", ""Braga"", ""Castor""]","[0.8714941740036011, 0.7393354177474976, 0.6581653356552124, 0.648917019367218, 0.5632278919219971]"
2,centroid,1,367,Triton,Trius,"[""Trius"", ""Triton"", ""Mytikas"", ""Braga"", ""Castor""]","[0.8081002235412598, 0.7992358207702637, 0.611041784286499, 0.48215752840042114, 0.4637945294380188]"
2,centroid,1,368,Triton,Triton,"[""Triton"", ""Braga"", ""Mytikas"", ""Alcatras"", ""Trius""]","[0.7470247745513916, 0.7410962581634521, 0.7369703054428101, 0.711746096611023, 0.6892337203025818]"
2,centroid,1,369,Triton,Triton,"[""Triton"", ""Mytikas"", ""Braga"", ""Castor"", ""Turbine""]","[0.8574851155281067, 0.7779031991958618, 0.5687059760093689, 0.5451213717460632, 0.5022623538970947]"
2,centroid,1,370,Triton,Triton,"[""Triton"", ""Mytikas"", ""Trius"", ""Castor"", ""Braga""]","[0.8258306980133057, 0.7237091064453125, 0.6744076013565063, 0.6690510511398315, 0.650058388710022]"
2,centroid,1,371,Triton,Triton,"[""Triton"", ""Mytikas"", ""Trius"", ""Braga"", ""Castor""]","[0.8925397396087646, 0.6610008478164673, 0.592278242111206, 0.4331203103065491, 0.3831542730331421]"
2,centroid,1,372,Triton,Triton,"[""Triton"", ""Mytikas"", ""Trius"", ""Braga"", ""Castor""]","[0.9028641581535339, 0.8347139358520508, 0.7458579540252686, 0.7379872798919678, 0.7020455598831177]"
2,centroid,1,373,Triton,Triton,"[""Triton"", ""Trius"", ""Mytikas"", ""Braga"", ""Castor""]","[0.8943473696708679, 0.707123875617981, 0.6460598111152649, 0.5355958342552185, 0.4238901734352112]"
2,centroid,1,374,Triton,Trius,"[""Trius"", ""Braga"", ""Vega"", ""Alaris"", ""Gemini""]","[0.7262665033340454, 0.5065964460372925, 0.5013465285301208, 0.4863107204437256, 0.46872472763061523]"
2,centroid,1,375,Triton,Triton,"[""Triton"", ""Trius"", ""Mytikas"", ""Braga"", ""Castor""]","[0.8672755360603333, 0.8375411033630371, 0.6773160696029663, 0.6085120439529419, 0.5073433518409729]"
2,centroid,1,376,Triton,Triton,"[""Triton"", ""Mytikas"", ""Trius"", ""Velorum"", ""Braga""]","[0.8527282476425171, 0.7635135650634766, 0.6383757591247559, 0.48856037855148315, 0.4756688177585602]"
2,centroid,1,377,Triton,Triton,"[""Triton"", ""Trius"", ""Mytikas"", ""Braga"", ""Castor""]","[0.9231517314910889, 0.7448126077651978, 0.6629844307899475, 0.5496746301651001, 0.45122846961021423]"
2,centroid,1,378,Triton,Mytikas,"[""Mytikas"", ""Trius"", ""Velorum"", ""Gemini"", ""Nivalis""]","[0.43170568346977234, 0.4102020859718323, 0.4060514569282532, 0.35689854621887207, 0.34586068987846375]"
2,centroid,1,379,Triton,Triton,"[""Triton"", ""Mytikas"", ""Trius"", ""Braga"", ""Castor""]","[0.8602533340454102, 0.6370909810066223, 0.5868262052536011, 0.45630043745040894, 0.41722363233566284]"
2,centroid,1,380,Triton,Triton,"[""Triton"", ""Mytikas"", ""Castor"", ""Trius"", ""Braga""]","[0.9268671274185181, 0.7615373134613037, 0.6808247566223145, 0.6347655653953552, 0.5586931109428406]"
2,centroid,1,381,Triton,Triton,"[""Triton"", ""Mytikas"", ""Trius"", ""Castor"", ""Braga""]","[0.8962938785552979, 0.7476118206977844, 0.6262317895889282, 0.5336853265762329, 0.5026368498802185]"
2,centroid,1,382,Triton,Triton,"[""Triton"", ""Mytikas"", ""Trius"", ""Braga"", ""Castor""]","[0.9083002805709839, 0.7514446973800659, 0.718096137046814, 0.5476408004760742, 0.46199488639831543]"
2,centroid,1,383,Triton,Trius,"[""Trius"", ""Triton"", ""Braga"", ""Mytikas"", ""Alcatras""]","[0.7988131642341614, 0.7690891027450562, 0.6411381363868713, 0.5438988208770752, 0.5213021636009216]"
2,centroid,1,384,Triton,Triton,"[""Triton"", ""Trius"", ""Mytikas"", ""Braga"", ""Castor""]","[0.9100940227508545, 0.7653626203536987, 0.6285254955291748, 0.46478283405303955, 0.41335979104042053]"
2,centroid,1,385,Triton,Triton,"[""Triton"", ""Trius"", ""Mytikas"", ""Ilias"", ""Braga""]","[0.8114265203475952, 0.6878811120986938, 0.5978158712387085, 0.41774946451187134, 0.40633055567741394]"
2,centroid,1,386,Triton,Triton,"[""Triton"", ""Mytikas"", ""Trius"", ""Braga"", ""Castor""]","[0.9138668775558472, 0.7352288365364075, 0.599473237991333, 0.5603376626968384, 0.47156089544296265]"
2,centroid,1,387,Triton,Triton,"[""Triton"", ""Trius"", ""Mytikas"", ""Braga"", ""Gemini""]","[0.8887917995452881, 0.7347937822341919, 0.6544194221496582, 0.5869588851928711, 0.2939014434814453]"
2,centroid,1,388,Triton,Trius,"[""Trius"", ""Mytikas"", ""Gemini"", ""Triton"", ""Braga""]","[0.5575979948043823, 0.5511902570724487, 0.3980715274810791, 0.3412676155567169, 0.2714834213256836]"
2,centroid,1,389,Triton,Triton,"[""Triton"", ""Trius"", ""Braga"", ""Mytikas"", ""Alcatras""]","[0.909508228302002, 0.8260465264320374, 0.7584577798843384, 0.7142797112464905, 0.5275794267654419]"
2,centroid,1,390,Triton,Triton,"[""Triton"", ""Trius"", ""Mytikas"", ""Braga"", ""Ilias""]","[0.9039362072944641, 0.6987882852554321, 0.6212193369865417, 0.44687923789024353, 0.4306764304637909]"
2,centroid,1,391,Triton,Triton,"[""Triton"", ""Braga"", ""Trius"", ""Mytikas"", ""Castor""]","[0.9226840734481812, 0.7596707940101624, 0.660946249961853, 0.6542391777038574, 0.5417968034744263]"
2,centroid,1,392,Triton,Triton,"[""Triton"", ""Trius"", ""Braga"", ""Mytikas"", ""Castor""]","[0.8671392798423767, 0.8235836029052734, 0.7007963061332703, 0.5611751675605774, 0.5395873188972473]"
2,centroid,1,393,Triton,Triton,"[""Triton"", ""Mytikas"", ""Castor"", ""Trius"", ""Ilias""]","[0.8348498344421387, 0.5961315631866455, 0.41694825887680054, 0.4163561463356018, 0.3701941967010498]"
2,centroid,1,394,Triton,Castor,"[""Castor"", ""Braga"", ""Turbine"", ""Mytikas"", ""Triton""]","[0.7743922472000122, 0.6731793880462646, 0.6279733180999756, 0.6094546914100647, 0.556221067905426]"
2,centroid,1,395,Triton,Triton,"[""Triton"", ""Mytikas"", ""Braga"", ""Trius"", ""Gemini""]","[0.8157756924629211, 0.6209676265716553, 0.5940767526626587, 0.5747244358062744, 0.4675461947917938]"
2,centroid,1,396,Triton,Triton,"[""Triton"", ""Castor"", ""Trius"", ""Mytikas"", ""Braga""]","[0.8454995155334473, 0.6412291526794434, 0.6344964504241943, 0.619182825088501, 0.48421216011047363]"
2,centroid,1,397,Triton,Triton,"[""Triton"", ""Trius"", ""Braga"", ""Gemini"", ""Mytikas""]","[0.803901195526123, 0.7797836661338806, 0.5833711624145508, 0.5471413731575012, 0.5430747270584106]"
2,centroid,1,398,Triton,Triton,"[""Triton"", ""Mytikas"", ""Trius"", ""Braga"", ""Castor""]","[0.9429278373718262, 0.751714825630188, 0.6717742085456848, 0.6178933382034302, 0.5025347471237183]"
2,centroid,1,399,Triton,Triton,"[""Triton"", ""Mytikas"", ""Braga"", ""Castor"", ""Trius""]","[0.8432892560958862, 0.6293871402740479, 0.5699633359909058, 0.5408188104629517, 0.5265974998474121]"
2,centroid,1,400,Triton,Mytikas,"[""Mytikas"", ""Castor"", ""Triton"", ""Alcatras"", ""Trius""]","[0.6653821468353271, 0.6464862823486328, 0.6452656388282776, 0.6156531572341919, 0.46617943048477173]"
2,centroid,1,401,Triton,Triton,"[""Triton"", ""Mytikas"", ""Trius"", ""Braga"", ""Castor""]","[0.8409472703933716, 0.7468950152397156, 0.6857910752296448, 0.591965913772583, 0.545647382736206]"
2,centroid,1,402,Triton,Triton,"[""Triton"", ""Trius"", ""Castor"", ""Braga"", ""Mytikas""]","[0.7835240364074707, 0.6815260052680969, 0.6516520380973816, 0.6109419465065002, 0.5961911678314209]"
2,centroid,1,403,Triton,Triton,"[""Triton"", ""Mytikas"", ""Trius"", ""Braga"", ""Castor""]","[0.9652565717697144, 0.7245136499404907, 0.7243036031723022, 0.6164166927337646, 0.4934520721435547]"
2,centroid,1,404,Triton,Triton,"[""Triton"", ""Trius"", ""Braga"", ""Mytikas"", ""Castor""]","[0.8920924663543701, 0.6860047578811646, 0.6072371006011963, 0.6028300523757935, 0.47662416100502014]"
2,centroid,1,405,Triton,Triton,"[""Triton"", ""Mytikas"", ""Trius"", ""Velorum"", ""Castor""]","[0.7521092891693115, 0.5809121131896973, 0.5630370378494263, 0.49081405997276306, 0.47801780700683594]"
2,centroid,1,406,Triton,Triton,"[""Triton"", ""Trius"", ""Mytikas"", ""Braga"", ""Castor""]","[0.8083380460739136, 0.6551660299301147, 0.6094805002212524, 0.436359703540802, 0.3997995853424072]"
2,centroid,1,407,Triton,Triton,"[""Triton"", ""Mytikas"", ""Castor"", ""Trius"", ""Braga""]","[0.8341361284255981, 0.6596159934997559, 0.6420536041259766, 0.6177976131439209, 0.43141722679138184]"
2,centroid,1,408,Triton,Triton,"[""Triton"", ""Mytikas"", ""Trius"", ""Braga"", ""Castor""]","[0.9403823018074036, 0.7359031438827515, 0.6636467576026917, 0.5448018312454224, 0.42747530341148376]"
2,centroid,1,409,Trius,Trius,"[""Trius"", ""Triton"", ""Mytikas"", ""Braga"", ""Alcatras""]","[0.8800681829452515, 0.7682919502258301, 0.6411766409873962, 0.5828700065612793, 0.4972546696662903]"
2,centroid,1,410,Trius,Triton,"[""Triton"", ""Braga"", ""Trius"", ""Castor"", ""Turbine""]","[0.7097461223602295, 0.6997347474098206, 0.6332848072052002, 0.5241668224334717, 0.49839189648628235]"
2,centroid,1,411,Trius,Trius,"[""Trius"", ""Triton"", ""Mytikas"", ""Alcatras"", ""Braga""]","[0.805205225944519, 0.7323917150497437, 0.6965682506561279, 0.675051212310791, 0.6662471294403076]"
2,centroid,1,412,Trius,Trius,"[""Trius"", ""Mytikas"", ""Braga"", ""Alcatras"", ""Turbine""]","[0.5906141996383667, 0.5755285024642944, 0.5718008279800415, 0.5246455669403076, 0.4703989624977112]"
2,centroid,1,413,Trius,Trius,"[""Trius"", ""Alcatras"", ""Gemini"", ""Alaris"", ""Triton""]","[0.6827980875968933, 0.5786789059638977, 0.4897693395614624, 0.480646014213562, 0.4123888611793518]"
2,centroid,1,414,Trius,Trius,"[""Trius"", ""Mytikas"", ""Velorum"", ""Gemini"", ""Triton""]","[0.5943285226821899, 0.4296596348285675, 0.41319817304611206, 0.34605854749679565, 0.2898814082145691]"
2,centroid,1,415,Trius,Trius,"[""Trius"", ""Triton"", ""Gemini"", ""Braga"", ""Alaris""]","[0.8539342880249023, 0.6055736541748047, 0.5241321921348572, 0.5047503113746643, 0.4689332842826843]"
2,centroid,1,416,Trius,Braga,"[""Braga"", ""Trius"", ""Gemini"", ""Mytikas"", ""Triton""]","[0.7347021698951721, 0.7037829160690308, 0.5888471603393555, 0.5612086057662964, 0.5034483671188354]"
2,centroid,1,417,Trius,Trius,"[""Trius"", ""Braga"", ""Alcatras"", ""Alaris"", ""Triton""]","[0.8580135107040405, 0.6427056789398193, 0.5729478597640991, 0.5610055327415466, 0.5523614883422852]"
2,centroid,1,418,Trius,Trius,"[""Trius"", ""Triton"", ""Castor"", ""Braga"", ""Mytikas""]","[0.7770221829414368, 0.641201376914978, 0.5191193222999573, 0.5052986145019531, 0.5030561685562134]"
2,centroid,1,419,Trius,Trius,"[""Trius"", ""Braga"", ""Triton"", ""Alaris"", ""Alcatras""]","[0.8340117335319519, 0.7353465557098389, 0.5800689458847046, 0.5619357824325562, 0.4581218361854553]"
2,centroid,1,420,Trius,Alaris,"[""Alaris"", ""Braga"", ""Trius"", ""Alcatras"", ""Hawk""]","[0.7044163942337036, 0.6337053775787354, 0.592536211013794, 0.4819653332233429, 0.4514191448688507]"
2,centroid,1,421,Trius,Castor,"[""Castor"", ""Trius"", ""Alcatras"", ""Mytikas"", ""Triton""]","[0.7710587978363037, 0.6873576045036316, 0.6210713982582092, 0.6051851511001587, 0.5987284779548645]"
2,centroid,1,422,Trius,Trius,"[""Trius"", ""Triton"", ""Braga"", ""Alaris"", ""Mytikas""]","[0.7048107385635376, 0.5740941762924194, 0.455552339553833, 0.34073472023010254, 0.3342808187007904]"
2,centroid,1,423,Trius,Gemini,"[""Gemini"", ""Denom"", ""Xtreme"", ""Nivalis"", ""Vega""]","[0.38253599405288696, 0.3431759476661682, 0.3236424922943115, 0.31644177436828613, 0.21846891939640045]"
2,centroid,1,424,Trius,Trius,"[""Trius"", ""Gemini"", ""Triton"", ""Braga"", ""Alaris""]","[0.8118529319763184, 0.5950020551681519, 0.5449761152267456, 0.4901559352874756, 0.48671892285346985]"
2,centroid,1,425,Trius,Braga,"[""Braga"", ""Trius"", ""Triton"", ""Mytikas"", ""Alaris""]","[0.7466256022453308, 0.7115669250488281, 0.7093309164047241, 0.6792985200881958, 0.49880021810531616]"
2,centroid,1,426,Trius,Trius,"[""Trius"", ""Triton"", ""Braga"", ""Alaris"", ""Alcatras""]","[0.9146189093589783, 0.6586894989013672, 0.5341898202896118, 0.5320796966552734, 0.5040155649185181]"
2,centroid,1,427,Trius,Alaris,"[""Alaris"", ""Alcatras"", ""Trius"", ""Braga"", ""Mytikas""]","[0.6871466636657715, 0.6672050356864929, 0.6371392011642456, 0.6205410957336426, 0.5433449745178223]"
2,centroid,1,428,Trius,Nivalis,"[""Nivalis"", ""Trius"", ""Velorum"", ""Mytikas"", ""Ilias""]","[0.5895750522613525, 0.45516934990882874, 0.40133345127105713, 0.38735389709472656, 0.37681472301483154]"
2,centroid,1,429,Trius,Triton,"[""Triton"", ""Trius"", ""Castor"", ""Braga"", ""Mytikas""]","[0.7912983298301697, 0.7268669605255127, 0.7002816200256348, 0.672605037689209, 0.6548871397972107]"
2,centroid,1,430,Trius,Trius,"[""Trius"", ""Braga"", ""Alaris"", ""Gemini"", ""Turbine""]","[0.5886367559432983, 0.5144335627555847, 0.3583545386791229, 0.33594170212745667, 0.31575411558151245]"
2,centroid,1,431,Trius,Trius,"[""Trius"", ""Triton"", ""Mytikas"", ""Alcatras"", ""Alaris""]","[0.8268131017684937, 0.6792964935302734, 0.6768137216567993, 0.5759016871452332, 0.5665677785873413]"
2,centroid,1,432,Trius,Trius,"[""Trius"", ""Alaris"", ""Braga"", ""Triton"", ""Alcatras""]","[0.8229043483734131, 0.6901851892471313, 0.6889119148254395, 0.5808316469192505, 0.5720630884170532]"
2,centroid,1,433,Trius,Trius,"[""Trius"", ""Mytikas"", ""Braga"", ""Alaris"", ""Vega""]","[0.6702409982681274, 0.38532501459121704, 0.3823710083961487, 0.37950098514556885, 0.3348148763179779]"
2,centroid,1,434,Trius,Trius,"[""Trius"", ""Gemini"", ""Mytikas"", ""Triton"", ""Denom""]","[0.6221814155578613, 0.4305958151817322, 0.29345330595970154, 0.2772983908653259, 0.2740565836429596]"
2,centroid,1,435,Trius,Trius,"[""Trius"", ""Alaris"", ""Braga"", ""Alcatras"", ""Triton""]","[0.7912567853927612, 0.6890811920166016, 0.6794918775558472, 0.6702386140823364, 0.5182095170021057]"
2,centroid,1,436,Trius,Trius,"[""Trius"", ""Triton"", ""Braga"", ""Alaris"", ""Mytikas""]","[0.9240957498550415, 0.7110812067985535, 0.6297205686569214, 0.5305291414260864, 0.5004909038543701]"
2,centroid,1,437,Trius,Trius,"[""Trius"", ""Alaris"", ""Braga"", ""Alcatras"", ""Turbine""]","[0.744173526763916, 0.6356158256530762, 0.5339580178260803, 0.46237850189208984, 0.394153892993927]"
2,centroid,1,438,Trius,Trius,"[""Trius"", ""Velorum"", ""Gemini"", ""Steel_Wheel"", ""Mytikas""]","[0.4893418252468109, 0.3145468533039093, 0.2992326021194458, 0.27764809131622314, 0.2613372802734375]"
2,centroid,1,439,Trius,Trius,"[""Trius"", ""Alaris"", ""Braga"", ""Alcatras"", ""Triton""]","[0.8641895651817322, 0.603804349899292, 0.6008213758468628, 0.521166980266571, 0.5197321176528931]"
2,centroid,1,440,Trius,Trius,"[""Trius"", ""Alcatras"", ""Alaris"", ""Triton"", ""Braga""]","[0.8119546175003052, 0.7497876882553101, 0.7035980224609375, 0.6143802404403687, 0.6099404096603394]"
2,centroid,1,441,Trius,Trius,"[""Trius"", ""Vega"", ""Braga"", ""Mytikas"", ""Gemini""]","[0.6842201948165894, 0.48928606510162354, 0.45966675877571106, 0.4000423848628998, 0.3859376311302185]"
2,centroid,1,442,Trius,Trius,"[""Trius"", ""Mytikas"", ""Alaris"", ""Alcatras"", ""Triton""]","[0.7509719729423523, 0.5377382040023804, 0.48722586035728455, 0.4250375032424927, 0.40281665325164795]"
2,centroid,1,443,Trius,Trius,"[""Trius"", ""Triton"", ""Vega"", ""Alaris"", ""Gemini""]","[0.789810299873352, 0.530869722366333, 0.506420373916626, 0.5024097561836243, 0.4669542908668518]"
2,centroid,1,444,Trius,Trius,"[""Trius"", ""Alaris"", ""Alcatras"", ""Braga"", ""Triton""]","[0.8346821665763855, 0.6569057703018188, 0.5000292062759399, 0.42050737142562866, 0.3856721520423889]"
2,centroid,1,445,Trius,Trius,"[""Trius"", ""Triton"", ""Mytikas"", ""Braga"", ""Gemini""]","[0.8503235578536987, 0.8067865371704102, 0.6026593446731567, 0.504727840423584, 0.32424455881118774]"
2,centroid,1,446,Trius,Trius,"[""Trius"", ""Triton"", ""Alaris"", ""Alcatras"", ""Braga""]","[0.7858203053474426, 0.5161244869232178, 0.3922940492630005, 0.3813766837120056, 0.3714042901992798]"
2,centroid,1,447,Trius,Trius,"[""Trius"", ""Gemini"", ""Braga"", ""Mytikas"", ""Triton""]","[0.7656075954437256, 0.48827701807022095, 0.4657166004180908, 0.4200060963630676, 0.36963918805122375]"
2,centroid,1,448,Trius,Trius,"[""Trius"", ""Braga"", ""Alcatras"", ""Triton"", ""Gemini""]","[0.7747157216072083, 0.722626805305481, 0.5649186968803406, 0.5263562202453613, 0.5120108127593994]"
2,centroid,1,449,Trius,Trius,"[""Trius"", ""Gemini"", ""Braga"", ""Alaris"", ""Triton""]","[0.7371689081192017, 0.4415712356567383, 0.3829842805862427, 0.2657409906387329, 0.24968913197517395]"
2,centroid,1,450,Turbine,Turbine,"[""Turbine"", ""Vega"", ""Hawk"", ""Braga"", ""Castor""]","[0.9253766536712646, 0.411051481962204, 0.41009801626205444, 0.40864020586013794, 0.3805423676967621]"
2,centroid,1,451,Turbine,Alcatras,"[""Alcatras"", ""Mytikas"", ""Castor"", ""Alaris"", ""Turbine""]","[0.8439222574234009, 0.6785187721252441, 0.6500741243362427, 0.6334524154663086, 0.519029974937439]"
2,centroid,1,452,Turbine,Turbine,"[""Turbine"", ""Castor"", ""Braga"", ""Alcatras"", ""Alaris""]","[0.8033875823020935, 0.7506043314933777, 0.6427499055862427, 0.6290938854217529, 0.5147092342376709]"
2,centroid,1,453,Turbine,Turbine,"[""Turbine"", ""Braga"", ""Castor"", ""Hawk"", ""Alcatras""]","[0.8564629554748535, 0.6360131502151489, 0.6035577654838562, 0.5206437110900879, 0.4710184633731842]"
2,centroid,1,454,Turbine,Turbine,"[""Turbine"", ""Braga"", ""Castor"", ""Alcatras"", ""Mytikas""]","[0.7878265380859375, 0.6624479293823242, 0.6215561628341675, 0.5144808888435364, 0.5136456489562988]"
2,centroid,1,455,Turbine,Turbine,"[""Turbine"", ""Hawk"", ""Alaris"", ""Vega"", ""Braga""]","[0.9221612215042114, 0.5741444230079651, 0.49335479736328125, 0.47585928440093994, 0.4350169897079468]"
2,centroid,1,456,Turbine,Turbine,"[""Turbine"", ""Castor"", ""Hawk"", ""Braga"", ""Vega""]","[0.8665688037872314, 0.4401821494102478, 0.4063792824745178, 0.39969921112060547, 0.3943166136741638]"
2,centroid,1,457,Turbine,Turbine,"[""Turbine"", ""Braga"", ""Vega"", ""Hawk"", ""Castor""]","[0.7940181493759155, 0.6138032674789429, 0.5096282958984375, 0.3979771137237549, 0.3225630819797516]"
2,centroid,1,458,Turbine,Turbine,"[""Turbine"", ""Alaris"", ""Castor"", ""Alcatras"", ""Hawk""]","[0.912743091583252, 0.5976715683937073, 0.5820567607879639, 0.5337802171707153, 0.47330808639526367]"
2,centroid,1,459,Turbine,Turbine,"[""Turbine"", ""Hawk"", ""Vega"", ""Castor"", ""Braga""]","[0.9161441326141357, 0.5511370897293091, 0.44811731576919556, 0.38979798555374146, 0.38547229766845703]"
2,centroid,1,460,Turbine,Turbine,"[""Turbine"", ""Hawk"", ""Braga"", ""Vega"", ""Alaris""]","[0.8805692195892334, 0.45416420698165894, 0.4500972032546997, 0.40091240406036377, 0.37037140130996704]"
2,centroid,1,461,Turbine,Turbine,"[""Turbine"", ""Braga"", ""Vega"", ""Castor"", ""Hawk""]","[0.9152166843414307, 0.46532660722732544, 0.4087817370891571, 0.39373522996902466, 0.3844071626663208]"
2,centroid,1,462,Turbine,Turbine,"[""Turbine"", ""Castor"", ""Braga"", ""Alcatras"", ""Triton""]","[0.8469747304916382, 0.7155532240867615, 0.5182397961616516, 0.4395325779914856, 0.41659015417099]"
2,centroid,1,463,Turbine,Turbine,"[""Turbine"", ""Alcatras"", ""Braga"", ""Castor"", ""Alaris""]","[0.7848279476165771, 0.6269785165786743, 0.615760326385498, 0.571129560470581, 0.5485725998878479]"
2,centroid,1,464,Turbine,Turbine,"[""Turbine"", ""Castor"", ""Alcatras"", ""Braga"", ""Alaris""]","[0.8133306503295898, 0.7316250801086426, 0.6036792397499084, 0.5219618082046509, 0.4919241666793823]"
2,centroid,1,465,Turbine,Turbine,"[""Turbine"", ""Castor"", ""Alcatras"", ""Alaris"", ""Braga""]","[0.8056694269180298, 0.7867857217788696, 0.567924439907074, 0.4896312355995178, 0.40197446942329407]"
2,centroid,1,466,Turbine,Turbine,"[""Turbine"", ""Alcatras"", ""Mytikas"", ""Vega"", ""Alaris""]","[0.7633757591247559, 0.6209966540336609, 0.6139761209487915, 0.5868335962295532, 0.5729885697364807]"
2,centroid,1,467,Turbine,Turbine,"[""Turbine"", ""Hawk"", ""Vega"", ""Braga"", ""Gemini""]","[0.7619806528091431, 0.6934278607368469, 0.5171995162963867, 0.42623406648635864, 0.39210808277130127]"
2,centroid,1,468,Turbine,Turbine,"[""Turbine"", ""Castor"", ""Mytikas"", ""Alcatras"", ""Alaris""]","[0.8128470182418823, 0.5389903783798218, 0.4006577730178833, 0.3633490800857544, 0.28847017884254456]"
2,centroid,1,469,Turbine,Braga,"[""Braga"", ""Turbine"", ""Castor"", ""Alcatras"", ""Alaris""]","[0.8266759514808655, 0.6600527763366699, 0.5777846574783325, 0.4975438714027405, 0.4630241394042969]"
2,centroid,1,470,Turbine,Hawk,"[""Hawk"", ""Turbine"", ""Mytikas"", ""Alcatras"", ""Vega""]","[0.8138172626495361, 0.671328604221344, 0.3699970245361328, 0.32926955819129944, 0.31372830271720886]"
2,centroid,1,471,Turbine,Turbine,"[""Turbine"", ""Hawk"", ""Vega"", ""Alcatras"", ""Braga""]","[0.8083032369613647, 0.7340348958969116, 0.4560621380805969, 0.4014133810997009, 0.39385873079299927]"
2,centroid,1,472,Turbine,Turbine,"[""Turbine"", ""Castor"", ""Alcatras"", ""Mytikas"", ""Braga""]","[0.794319212436676, 0.6738077402114868, 0.6480416059494019, 0.5577802062034607, 0.5500005483627319]"
2,centroid,1,473,Turbine,Castor,"[""Castor"", ""Turbine"", ""Mytikas"", ""Braga"", ""Triton""]","[0.857319176197052, 0.7903115749359131, 0.6043179035186768, 0.5152724981307983, 0.503865659236908]"
2,centroid,1,474,Turbine,Castor,"[""Castor"", ""Turbine"", ""Braga"", ""Triton"", ""Mytikas""]","[0.8530102968215942, 0.786446213722229, 0.6743069887161255, 0.6054269075393677, 0.5998514294624329]"
2,centroid,1,475,Turbine,Turbine,"[""Turbine"", ""Vega"", ""Hawk"", ""Braga"", ""Mytikas""]","[0.8276201486587524, 0.6001497507095337, 0.46509891748428345, 0.4512648284435272, 0.33463576436042786]"
2,centroid,1,476,Turbine,Turbine,"[""Turbine"", ""Alaris"", ""Alcatras"", ""Castor"", ""Braga""]","[0.8249460458755493, 0.6077823638916016, 0.5770652294158936, 0.5760884284973145, 0.523578405380249]"
2,centroid,1,477,Turbine,Turbine,"[""Turbine"", ""Castor"", ""Braga"", ""Alcatras"", ""Triton""]","[0.8795706033706665, 0.7513778805732727, 0.41865700483322144, 0.4109302759170532, 0.3735034763813019]"
2,centroid,1,478,Vega,Vega,"[""Vega"", ""Gemini"", ""Hawk"", ""Braga"", ""Nivalis""]","[0.9165531396865845, 0.434744268655777, 0.3844561278820038, 0.3005013167858124, 0.24626334011554718]"
2,centroid,1,479,Vega,Vega,"[""Vega"", ""Alaris"", ""Trius"", ""Alcatras"", ""Braga""]","[0.7455335855484009, 0.6344088315963745, 0.5825761556625366, 0.5765354037284851, 0.5659826397895813]"
2,centroid,1,480,Vega,Vega,"[""Vega"", ""Alaris"", ""Hawk"", ""Braga"", ""Turbine""]","[0.8913966417312622, 0.44027554988861084, 0.4395252466201782, 0.4124450385570526, 0.28276580572128296]"
2,centroid,1,481,Vega,Vega,"[""Vega"", ""Turbine"", ""Braga"", ""Alaris"", ""Hawk""]","[0.8690096139907837, 0.5319995284080505, 0.471540242433548, 0.46247607469558716, 0.42739176750183105]"
2,centroid,1,482,Vega,Vega,"[""Vega"", ""Turbine"", ""Alaris"", ""Braga"", ""Hawk""]","[0.9186610579490662, 0.440622478723526, 0.433597207069397, 0.3835739493370056, 0.3365178108215332]"
2,centroid,1,483,Vega,Vega,"[""Vega"", ""Alaris"", ""Braga"", ""Alcatras"", ""Hawk""]","[0.7227712869644165, 0.5340367555618286, 0.3784483075141907, 0.33535581827163696, 0.2929501235485077]"
2,centroid,1,484,Vega,Vega,"[""Vega"", ""Alaris"", ""Turbine"", ""Braga"", ""Hawk""]","[0.8789165019989014, 0.4604299068450928, 0.39449650049209595, 0.34480082988739014, 0.32899585366249084]"
2,centroid,1,485,Vega,Vega,"[""Vega"", ""Gemini"", ""Hawk"", ""Braga"", ""Nivalis""]","[0.8517543077468872, 0.4756092429161072, 0.23371177911758423, 0.21645870804786682, 0.20864291489124298]"
2,centroid,1,486,Vega,Vega,"[""Vega"", ""Gemini"", ""Braga"", ""Alaris"", ""Trius""]","[0.863287091255188, 0.4786098301410675, 0.4393482208251953, 0.36781221628189087, 0.34444549679756165]"
2,centroid,1,487,Vega,Vega,"[""Vega"", ""Hawk"", ""Gemini"", ""Alaris"", ""Braga""]","[0.8959037065505981, 0.4119914770126343, 0.30029261112213135, 0.2537747323513031, 0.23651902377605438]"
2,centroid,1,488,Vega,Vega,"[""Vega"", ""Alaris"", ""Braga"", ""Turbine"", ""Alcatras""]","[0.9056401252746582, 0.46647900342941284, 0.3810272812843323, 0.36175286769866943, 0.29071930050849915]"
2,centroid,1,489,Vega,Vega,"[""Vega"", ""Hawk"", ""Gemini"", ""Turbine"", ""Braga""]","[0.8608250617980957, 0.5179157853126526, 0.3176274299621582, 0.24200604856014252, 0.1550384759902954]"
2,centroid,1,490,Vega,Vega,"[""Vega"", ""Gemini"", ""Hawk"", ""Alaris"", ""Braga""]","[0.8614358901977539, 0.5350334644317627, 0.38681668043136597, 0.2849418520927429, 0.2605769634246826]"
2,centroid,1,491,Vega,Braga,"[""Braga"", ""Vega"", ""Trius"", ""Hawk"", ""Gemini""]","[0.7297899723052979, 0.6713072657585144, 0.5657048225402832, 0.5147897005081177, 0.4814176559448242]"
2,centroid,1,492,Vega,Vega,"[""Vega"", ""Gemini"", ""Hawk"", ""Braga"", ""Turbine""]","[0.9075191020965576, 0.5252463221549988, 0.315436452627182, 0.23253637552261353, 0.18405844271183014]"
2,centroid,1,493,Vega,Vega,"[""Vega"", ""Alaris"", ""Braga"", ""Turbine"", ""Hawk""]","[0.8718551397323608, 0.6070172190666199, 0.49175623059272766, 0.4807489812374115, 0.453072726726532]"
2,centroid,1,494,Vega,Vega,"[""Vega"", ""Hawk"", ""Braga"", ""Turbine"", ""Gemini""]","[0.8854939937591553, 0.42590466141700745, 0.40155431628227234, 0.3840990662574768, 0.30018341541290283]"
2,centroid,1,495,Vega,Vega,"[""Vega"", ""Turbine"", ""Alaris"", ""Gemini"", ""Braga""]","[0.8715466260910034, 0.4257785975933075, 0.32861506938934326, 0.3062310814857483, 0.30170372128486633]"
2,centroid,1,496,Vega,Vega,"[""Vega"", ""Hawk"", ""Gemini"", ""Braga"", ""Turbine""]","[0.8591551184654236, 0.5730188488960266, 0.33672428131103516, 0.3139793872833252, 0.27419281005859375]"
2,centroid,1,497,Vega,Vega,"[""Vega"", ""Hawk"", ""Alaris"", ""Braga"", ""Turbine""]","[0.913088858127594, 0.5304789543151855, 0.42535266280174255, 0.3352586030960083, 0.29251986742019653]"
2,centroid,1,498,Vega,Vega,"[""Vega"", ""Braga"", ""Alaris"", ""Turbine"", ""Hawk""]","[0.923643946647644, 0.49763596057891846, 0.4951614737510681, 0.4818105399608612, 0.47401148080825806]"
2,centroid,1,499,Vega,Vega,"[""Vega"", ""Hawk"", ""Gemini"", ""Turbine"", ""Nivalis""]","[0.9227110147476196, 0.4116416275501251, 0.3078474700450897, 0.27207353711128235, 0.24613213539123535]"
2,centroid,1,500,Vega,Vega,"[""Vega"", ""Gemini"", ""Hawk"", ""Braga"", ""Alaris""]","[0.9409925937652588, 0.5397515892982483, 0.4088589549064636, 0.3720148801803589, 0.28401386737823486]"
2,centroid,1,501,Vega,Vega,"[""Vega"", ""Hawk"", ""Braga"", ""Gemini"", ""Turbine""]","[0.8232055902481079, 0.5781869888305664, 0.5779855847358704, 0.5546095371246338, 0.3402801752090454]"
2,centroid,1,502,Vega,Vega,"[""Vega"", ""Hawk"", ""Gemini"", ""Braga"", ""Alaris""]","[0.9391044974327087, 0.47821277379989624, 0.45877474546432495, 0.404399037361145, 0.3717990517616272]"
2,centroid,1,503,Vega,Vega,"[""Vega"", ""Alaris"", ""Braga"", ""Hawk"", ""Turbine""]","[0.9175190329551697, 0.5519509315490723, 0.45955008268356323, 0.4220954477787018, 0.35428959131240845]"
2,centroid,1,504,Vega,Vega,"[""Vega"", ""Gemini"", ""Hawk"", ""Braga"", ""Nivalis""]","[0.8924831748008728, 0.5249287486076355, 0.3842583894729614, 0.20180664956569672, 0.1786329597234726]"
2,centroid,1,505,Vega,Vega,"[""Vega"", ""Hawk"", ""Gemini"", ""Nivalis"", ""Turbine""]","[0.8527417182922363, 0.40648752450942993, 0.3573378324508667, 0.35083919763565063, 0.22680531442165375]"
2,centroid,1,506,Vega,Vega,"[""Vega"", ""Alaris"", ""Hawk"", ""Braga"", ""Turbine""]","[0.8389798402786255, 0.6201831102371216, 0.6054430603981018, 0.5767241716384888, 0.5221997499465942]"
2,centroid,1,507,Vega,Vega,"[""Vega"", ""Hawk"", ""Braga"", ""Alaris"", ""Turbine""]","[0.9190890789031982, 0.6193942427635193, 0.4619051516056061, 0.40705054998397827, 0.3765769302845001]"
2,centroid,1,508,Vega,Vega,"[""Vega"", ""Hawk"", ""Alaris"", ""Turbine"", ""Alcatras""]","[0.9115667939186096, 0.5295581817626953, 0.5233432650566101, 0.47930681705474854, 0.3644458055496216]"
2,centroid,1,509,Vega,Vega,"[""Vega"", ""Hawk"", ""Gemini"", ""Turbine"", ""Braga""]","[0.8584449291229248, 0.5856733322143555, 0.4699477255344391, 0.3053746819496155, 0.24810649454593658]"
2,centroid,1,510,Vega,Alcatras,"[""Alcatras"", ""Vega"", ""Alaris"", ""Braga"", ""Hawk""]","[0.4699884355068207, 0.42943471670150757, 0.30522897839546204, 0.12845489382743835, 0.12411496788263321]"
2,centroid,1,511,Vega,Vega,"[""Vega"", ""Braga"", ""Gemini"", ""Alaris"", ""Trius""]","[0.9090186357498169, 0.4750167429447174, 0.4636068344116211, 0.44905880093574524, 0.3474476933479309]"
2,centroid,1,512,Vega,Vega,"[""Vega"", ""Gemini"", ""Hawk"", ""Trius"", ""Braga""]","[0.811734676361084, 0.6708061099052429, 0.49241524934768677, 0.3065127432346344, 0.2724039554595947]"
2,centroid,1,513,Velorum,Velorum,"[""Velorum"", ""Ilias"", ""Triton"", ""Nivalis"", ""Mytikas""]","[0.9455636739730835, 0.5835511088371277, 0.3254126310348511, 0.30449312925338745, 0.24413971602916718]"
2,centroid,1,514,Velorum,Velorum,"[""Velorum"", ""Ilias"", ""Denom"", ""Trius"", ""Triton""]","[0.86955326795578, 0.5513646006584167, 0.32051265239715576, 0.26355403661727905, 0.24270109832286835]"
2,centroid,1,515,Velorum,Velorum,"[""Velorum"", ""Nivalis"", ""Ilias"", ""Denom"", ""Castor""]","[0.9094879627227783, 0.40625572204589844, 0.3370048403739929, 0.3064488470554352, 0.179038405418396]"
2,centroid,1,516,Velorum,Velorum,"[""Velorum"", ""Ilias"", ""Nivalis"", ""Triton"", ""Mytikas""]","[0.9316410422325134, 0.574340283870697, 0.2817426919937134, 0.22279177606105804, 0.20955267548561096]"
2,centroid,1,517,Velorum,Velorum,"[""Velorum"", ""Nivalis"", ""Ilias"", ""Mytikas"", ""Triton""]","[0.915870726108551, 0.4603036642074585, 0.4429682493209839, 0.3016279935836792, 0.1655234843492508]"
2,centroid,1,518,Velorum,Velorum,"[""Velorum"", ""Nivalis"", ""Ilias"", ""Mytikas"", ""Castor""]","[0.83635413646698, 0.3788180351257324, 0.2547653019428253, 0.1729806512594223, 0.12378105521202087]"
2,centroid,1,519,Velorum,Velorum,"[""Velorum"", ""Ilias"", ""Nivalis"", ""Denom"", ""Trius""]","[0.8723191022872925, 0.5472981929779053, 0.5087850093841553, 0.37001746892929077, 0.3280893564224243]"
2,centroid,1,520,Velorum,Velorum,"[""Velorum"", ""Mytikas"", ""Alcatras"", ""Castor"", ""Nivalis""]","[0.8752096891403198, 0.3077739477157593, 0.2994486093521118, 0.2774750888347626, 0.23234891891479492]"
2,centroid,1,521,Velorum,Velorum,"[""Velorum"", ""Mytikas"", ""Nivalis"", ""Castor"", ""Triton""]","[0.7812024354934692, 0.47661978006362915, 0.43824371695518494, 0.3239554464817047, 0.3130118250846863]"
2,centroid,1,522,Velorum,Velorum,"[""Velorum"", ""Ilias"", ""Nivalis"", ""Denom"", ""Xtreme""]","[0.9403762221336365, 0.5627883672714233, 0.44744110107421875, 0.36811885237693787, 0.17495426535606384]"
2,centroid,1,523,Velorum,Velorum,"[""Velorum"", ""Ilias"", ""Nivalis"", ""Denom"", ""Mytikas""]","[0.9516656398773193, 0.5139021873474121, 0.33961397409439087, 0.23954294621944427, 0.1821874976158142]"
2,centroid,1,524,Velorum,Velorum,"[""Velorum"", ""Ilias"", ""Nivalis"", ""Denom"", ""Alcatras""]","[0.8669540882110596, 0.2884654402732849, 0.1827421635389328, 0.14565715193748474, 0.13689327239990234]"
2,centroid,1,525,Velorum,Velorum,"[""Velorum"", ""Nivalis"", ""Ilias"", ""Mytikas"", ""Castor""]","[0.8972423672676086, 0.46336957812309265, 0.30930662155151367, 0.19679144024848938, 0.17307808995246887]"
2,centroid,1,526,Velorum,Velorum,"[""Velorum"", ""Ilias"", ""Nivalis"", ""Denom"", ""Ratikon""]","[0.8874664306640625, 0.5971192121505737, 0.5445767045021057, 0.4883832335472107, 0.3433286249637604]"
2,centroid,1,527,Velorum,Velorum,"[""Velorum"", ""Ilias"", ""Nivalis"", ""Ratikon"", ""Denom""]","[0.9037171006202698, 0.6628199815750122, 0.36193615198135376, 0.33796826004981995, 0.3248283863067627]"
2,centroid,1,528,Velorum,Velorum,"[""Velorum"", ""Ilias"", ""Mytikas"", ""Nivalis"", ""Xtreme""]","[0.8570507764816284, 0.4445149004459381, 0.36165839433670044, 0.27881819009780884, 0.2273053675889969]"
2,centroid,1,529,Velorum,Velorum,"[""Velorum"", ""Ilias"", ""Mytikas"", ""Nivalis"", ""Triton""]","[0.925983190536499, 0.3813096582889557, 0.32541710138320923, 0.2898770570755005, 0.27179017663002014]"
2,centroid,1,530,Velorum,Velorum,"[""Velorum"", ""Ilias"", ""Triton"", ""Mytikas"", ""Nivalis""]","[0.9409542083740234, 0.4793778955936432, 0.35548585653305054, 0.30535438656806946, 0.2695317566394806]"
2,centroid,1,531,Velorum,Velorum,"[""Velorum"", ""Ilias"", ""Nivalis"", ""Denom"", ""Ratikon""]","[0.9262506365776062, 0.4917071461677551, 0.4589464068412781, 0.3007882535457611, 0.2218136489391327]"
2,centroid,1,532,Velorum,Velorum,"[""Velorum"", ""Ilias"", ""Nivalis"", ""Denom"", ""Trius""]","[0.9484124183654785, 0.47520017623901367, 0.40680578351020813, 0.2759847044944763, 0.2565711736679077]"
2,centroid,1,533,Velorum,Velorum,"[""Velorum"", ""Ilias"", ""Nivalis"", ""Ratikon"", ""Denom""]","[0.8994063138961792, 0.5579537749290466, 0.5082550048828125, 0.3033488988876343, 0.3000427484512329]"
2,centroid,1,534,Velorum,Velorum,"[""Velorum"", ""Ilias"", ""Nivalis"", ""Denom"", ""Mytikas""]","[0.9497190713882446, 0.4563062787055969, 0.31054770946502686, 0.23073147237300873, 0.1676047146320343]"
2,centroid,1,535,Velorum,Velorum,"[""Velorum"", ""Ilias"", ""Denom"", ""Trius"", ""Alcatras""]","[0.75886070728302, 0.35001254081726074, 0.3336973190307617, 0.3108397126197815, 0.11725341528654099]"
2,centroid,1,536,Velorum,Velorum,"[""Velorum"", ""Nivalis"", ""Denom"", ""Ilias"", ""Ratikon""]","[0.8365942239761353, 0.5335832238197327, 0.4509551525115967, 0.3211976885795593, 0.2598523497581482]"
2,centroid,1,537,Velorum,Velorum,"[""Velorum"", ""Castor"", ""Ilias"", ""Mytikas"", ""Triton""]","[0.9069308042526245, 0.31257057189941406, 0.2960531711578369, 0.27153390645980835, 0.26516830921173096]"
2,centroid,1,538,Velorum,Velorum,"[""Velorum"", ""Ilias"", ""Nivalis"", ""Hawk"", ""Mytikas""]","[0.7746212482452393, 0.4134022891521454, 0.31201547384262085, 0.25999221205711365, 0.15518851578235626]"
2,centroid,1,539,Velorum,Ilias,"[""Ilias"", ""Ratikon"", ""Denom"", ""Nivalis"", ""Velorum""]","[0.6746394634246826, 0.6617966890335083, 0.5687538385391235, 0.5665108561515808, 0.5184075832366943]"
2,centroid,1,540,Velorum,Velorum,"[""Velorum"", ""Ilias"", ""Nivalis"", ""Denom"", ""Ratikon""]","[0.9079220294952393, 0.5001477003097534, 0.4904973804950714, 0.3655140995979309, 0.16971367597579956]"
2,centroid,1,541,Velorum,Velorum,"[""Velorum"", ""Ilias"", ""Trius"", ""Denom"", ""Triton""]","[0.7566209435462952, 0.4861374795436859, 0.3827381730079651, 0.28786832094192505, 0.2636594772338867]"
2,centroid,1,542,Velorum,Velorum,"[""Velorum"", ""Ilias"", ""Nivalis"", ""Mytikas"", ""Triton""]","[0.9117540121078491, 0.5123744606971741, 0.36608922481536865, 0.35097435116767883, 0.23914408683776855]"
2,centroid,1,543,Velorum,Velorum,"[""Velorum"", ""Ilias"", ""Nivalis"", ""Denom"", ""Triton""]","[0.947843611240387, 0.5974386930465698, 0.3558898866176605, 0.3268222212791443, 0.2500160038471222]"
2,centroid,1,544,Velorum,Velorum,"[""Velorum"", ""Ilias"", ""Nivalis"", ""Ratikon"", ""Triton""]","[0.8611857891082764, 0.6204380393028259, 0.4787079691886902, 0.42026495933532715, 0.32050737738609314]"
2,centroid,1,545,Velorum,Velorum,"[""Velorum"", ""Ilias"", ""Denom"", ""Nivalis"", ""Ratikon""]","[0.9031473398208618, 0.5477782487869263, 0.3425464332103729, 0.2962724566459656, 0.2234058678150177]"
2,centroid,1,546,Velorum,Velorum,"[""Velorum"", ""Ilias"", ""Nivalis"", ""Mytikas"", ""Triton""]","[0.9480116367340088, 0.46404731273651123, 0.27278652787208557, 0.26580849289894104, 0.25350961089134216]"
2,centroid,1,547,Velorum,Velorum,"[""Velorum"", ""Mytikas"", ""Nivalis"", ""Castor"", ""Turbine""]","[0.7499545812606812, 0.47923871874809265, 0.4720425605773926, 0.35678231716156006, 0.3006160259246826]"
2,centroid,1,548,Velorum,Velorum,"[""Velorum"", ""Ilias"", ""Nivalis"", ""Triton"", ""Denom""]","[0.9443724155426025, 0.44920438528060913, 0.4196973443031311, 0.3186682462692261, 0.2523200213909149]"
2,centroid,1,549,Velorum,Velorum,"[""Velorum"", ""Ilias"", ""Mytikas"", ""Nivalis"", ""Hawk""]","[0.8120465278625488, 0.43758541345596313, 0.398183673620224, 0.3062196969985962, 0.29025131464004517]"
2,centroid,1,550,Velorum,Velorum,"[""Velorum"", ""Ilias"", ""Nivalis"", ""Mytikas"", ""Triton""]","[0.9658411145210266, 0.4514278173446655, 0.34330445528030396, 0.29208606481552124, 0.22751103341579437]"
2,centroid,1,551,Velorum,Velorum,"[""Velorum"", ""Ilias"", ""Triton"", ""Trius"", ""Mytikas""]","[0.8315393924713135, 0.4956396222114563, 0.4662189483642578, 0.42047688364982605, 0.3523198366165161]"
2,centroid,1,552,Velorum,Velorum,"[""Velorum"", ""Ilias"", ""Nivalis"", ""Denom"", ""Mytikas""]","[0.9220224618911743, 0.512593686580658, 0.42335304617881775, 0.2531857490539551, 0.16513751447200775]"
2,centroid,1,553,Velorum,Velorum,"[""Velorum"", ""Nivalis"", ""Ilias"", ""Mytikas"", ""Ratikon""]","[0.8635156154632568, 0.45623260736465454, 0.3513657748699188, 0.2548365294933319, 0.15186655521392822]"
2,centroid,1,554,Velorum,Velorum,"[""Velorum"", ""Ilias"", ""Nivalis"", ""Mytikas"", ""Denom""]","[0.930892825126648, 0.6202470064163208, 0.4483664035797119, 0.3181096315383911, 0.31562983989715576]"
2,centroid,1,555,Velorum,Velorum,"[""Velorum"", ""Denom"", ""Nivalis"", ""Ilias"", ""Castor""]","[0.7338809967041016, 0.4034295082092285, 0.2692733705043793, 0.19712834060192108, 0.15619173645973206]"
2,centroid,1,556,Velorum,Velorum,"[""Velorum"", ""Denom"", ""Ilias"", ""Nivalis"", ""Trius""]","[0.8748503923416138, 0.4482124447822571, 0.43652400374412537, 0.35881543159484863, 0.29283276200294495]"
2,centroid,1,557,Velorum,Velorum,"[""Velorum"", ""Ilias"", ""Mytikas"", ""Triton"", ""Nivalis""]","[0.9092051982879639, 0.5130606889724731, 0.28332996368408203, 0.25119537115097046, 0.21375247836112976]"
2,centroid,1,558,Velorum,Velorum,"[""Velorum"", ""Ilias"", ""Denom"", ""Trius"", ""Triton""]","[0.8882883787155151, 0.35135117173194885, 0.218253031373024, 0.17449617385864258, 0.11525214463472366]"
2,centroid,1,559,Velorum,Velorum,"[""Velorum"", ""Nivalis"", ""Ilias"", ""Denom"", ""Ratikon""]","[0.7856677770614624, 0.6591993570327759, 0.6095907092094421, 0.49251917004585266, 0.4610711932182312]"
2,centroid,1,560,Velorum,Velorum,"[""Velorum"", ""Ilias"", ""Denom"", ""Trius"", ""Ratikon""]","[0.6916184425354004, 0.5256956219673157, 0.4226195812225342, 0.3452695310115814, 0.3124803900718689]"
2,centroid,1,561,Velorum,Velorum,"[""Velorum"", ""Ilias"", ""Nivalis"", ""Denom"", ""Ratikon""]","[0.9079220294952393, 0.5001477003097534, 0.4904973804950714, 0.3655140995979309, 0.16971367597579956]"
2,centroid,1,562,Velorum,Velorum,"[""Velorum"", ""Nivalis"", ""Ilias"", ""Denom"", ""Ratikon""]","[0.8582322001457214, 0.5641916394233704, 0.552074670791626, 0.4029350280761719, 0.2809564471244812]"
2,centroid,1,563,Velorum,Velorum,"[""Velorum"", ""Ilias"", ""Denom"", ""Nivalis"", ""Triton""]","[0.909655749797821, 0.5533081293106079, 0.45704564452171326, 0.42939597368240356, 0.23572202026844025]"
2,centroid,1,564,Velorum,Velorum,"[""Velorum"", ""Nivalis"", ""Ilias"", ""Denom"", ""Ratikon""]","[0.7554243206977844, 0.7203325033187866, 0.45723700523376465, 0.4042275547981262, 0.3844941258430481]"
2,centroid,1,565,Velorum,Velorum,"[""Velorum"", ""Mytikas"", ""Nivalis"", ""Ilias"", ""Triton""]","[0.8857262134552002, 0.3999328017234802, 0.35168808698654175, 0.3210488557815552, 0.26020410656929016]"
2,centroid,1,566,Velorum,Velorum,"[""Velorum"", ""Denom"", ""Ilias"", ""Nivalis"", ""Ratikon""]","[0.7224366068840027, 0.6710079908370972, 0.4536226987838745, 0.41289931535720825, 0.356705904006958]"
2,centroid,1,567,Velorum,Velorum,"[""Velorum"", ""Ilias"", ""Nivalis"", ""Mytikas"", ""Castor""]","[0.8941612243652344, 0.4427628517150879, 0.29006868600845337, 0.28718018531799316, 0.20071937143802643]"
2,centroid,1,568,Velorum,Velorum,"[""Velorum"", ""Trius"", ""Xtreme"", ""Denom"", ""Ilias""]","[0.5102723836898804, 0.24347621202468872, 0.21709376573562622, 0.19289976358413696, 0.1868390142917633]"
2,centroid,1,569,Velorum,Velorum,"[""Velorum"", ""Ilias"", ""Nivalis"", ""Xtreme"", ""Triton""]","[0.9080783128738403, 0.41618531942367554, 0.34405621886253357, 0.25847548246383667, 0.24098436534404755]"
2,centroid,1,570,Velorum,Velorum,"[""Velorum"", ""Ilias"", ""Nivalis"", ""Mytikas"", ""Denom""]","[0.9380484819412231, 0.32757166028022766, 0.259127140045166, 0.22083599865436554, 0.11565762758255005]"
2,centroid,1,571,Velorum,Velorum,"[""Velorum"", ""Ilias"", ""Nivalis"", ""Denom"", ""Ratikon""]","[0.9634459614753723, 0.503873348236084, 0.4009527862071991, 0.3077428936958313, 0.1547526717185974]"
2,centroid,1,572,Xtreme,Xtreme,"[""Xtreme"", ""Gemini"", ""Nivalis"", ""Steel_Wheel"", ""Denom""]","[0.9080915451049805, 0.4230840802192688, 0.14178532361984253, 0.13954868912696838, 0.027597419917583466]"
2,centroid,1,573,Xtreme,Xtreme,"[""Xtreme"", ""Gemini"", ""Ilias"", ""Steel_Wheel"", ""Nivalis""]","[0.9275525808334351, 0.4009418785572052, 0.11638574302196503, 0.08973180502653122, 0.056102972477674484]"
2,centroid,1,574,Xtreme,Xtreme,"[""Xtreme"", ""Gemini"", ""Steel_Wheel"", ""Ilias"", ""Nivalis""]","[0.9651182889938354, 0.36408013105392456, 0.04328697547316551, 0.03692061826586723, 0.03096909262239933]"
2,centroid,1,575,Xtreme,Xtreme,"[""Xtreme"", ""Gemini"", ""Velorum"", ""Steel_Wheel"", ""Ilias""]","[0.9532721042633057, 0.28470367193222046, 0.11719653010368347, 0.05493081361055374, 0.02998540736734867]"
2,centroid,1,576,Xtreme,Xtreme,"[""Xtreme"", ""Gemini"", ""Steel_Wheel"", ""Velorum"", ""Nivalis""]","[0.9027991890907288, 0.5750698447227478, 0.05564294010400772, -0.0047052232548594475, -0.017930828034877777]"
2,centroid,1,577,Xtreme,Xtreme,"[""Xtreme"", ""Gemini"", ""Steel_Wheel"", ""Ilias"", ""Nivalis""]","[0.947714626789093, 0.5225974321365356, 0.07077575474977493, -0.0008185515180230141, -0.05558513104915619]"
2,centroid,1,578,Xtreme,Xtreme,"[""Xtreme"", ""Gemini"", ""Steel_Wheel"", ""Ilias"", ""Nivalis""]","[0.961460530757904, 0.41840916872024536, 0.1729065477848053, 0.08367985486984253, 0.07146002352237701]"
2,centroid,1,579,Xtreme,Xtreme,"[""Xtreme"", ""Gemini"", ""Braga"", ""Trius"", ""Triton""]","[0.746782660484314, 0.5803780555725098, 0.34455257654190063, 0.293355792760849, 0.23461571335792542]"
2,centroid,1,580,Xtreme,Xtreme,"[""Xtreme"", ""Gemini"", ""Ilias"", ""Denom"", ""Trius""]","[0.7766352295875549, 0.5975238084793091, 0.41576313972473145, 0.1928684115409851, 0.15752878785133362]"
2,centroid,1,581,Xtreme,Xtreme,"[""Xtreme"", ""Gemini"", ""Steel_Wheel"", ""Velorum"", ""Nivalis""]","[0.9210650324821472, 0.2626393437385559, 0.1927158236503601, 0.016089681535959244, -0.031244251877069473]"
2,centroid,1,582,Xtreme,Xtreme,"[""Xtreme"", ""Gemini"", ""Steel_Wheel"", ""Denom"", ""Hawk""]","[0.9160622358322144, 0.2975003719329834, 0.161976158618927, 0.008860014379024506, 0.00422600656747818]"
2,centroid,1,583,Xtreme,Xtreme,"[""Xtreme"", ""Gemini"", ""Hawk"", ""Velorum"", ""Steel_Wheel""]","[0.9046213626861572, 0.40129759907722473, 0.14545294642448425, 0.08294009417295456, 0.06268534809350967]"
2,centroid,1,584,Xtreme,Xtreme,"[""Xtreme"", ""Gemini"", ""Ilias"", ""Velorum"", ""Hawk""]","[0.9179685115814209, 0.49726417660713196, 0.20683926343917847, 0.08111467957496643, 0.03801894932985306]"
2,centroid,1,585,Xtreme,Gemini,"[""Gemini"", ""Xtreme"", ""Braga"", ""Trius"", ""Mytikas""]","[0.7546383738517761, 0.5095168352127075, 0.477721631526947, 0.43695077300071716, 0.4243488907814026]"
2,centroid,1,586,Xtreme,Xtreme,"[""Xtreme"", ""Gemini"", ""Steel_Wheel"", ""Nivalis"", ""Ilias""]","[0.9571806192398071, 0.44115379452705383, 0.12174725532531738, 0.08486497402191162, 0.06668858975172043]"
2,centroid,1,587,Xtreme,Xtreme,"[""Xtreme"", ""Gemini"", ""Steel_Wheel"", ""Ilias"", ""Braga""]","[0.9558877348899841, 0.5239760875701904, 0.048171378672122955, 0.029081301763653755, -0.021975290030241013]"
2,centroid,1,588,Xtreme,Xtreme,"[""Xtreme"", ""Gemini"", ""Velorum"", ""Steel_Wheel"", ""Ilias""]","[0.957594096660614, 0.31393343210220337, 0.10275959968566895, 0.09682974964380264, -0.00546619389206171]"
2,centroid,1,589,Xtreme,Xtreme,"[""Xtreme"", ""Gemini"", ""Steel_Wheel"", ""Nivalis"", ""Mytikas""]","[0.9201294183731079, 0.3533813953399658, 0.12522447109222412, 0.11242015659809113, 0.07733911275863647]"
2,centroid,1,590,Xtreme,Xtreme,"[""Xtreme"", ""Gemini"", ""Nivalis"", ""Steel_Wheel"", ""Denom""]","[0.9285215139389038, 0.41367244720458984, 0.15058697760105133, 0.0881328135728836, 0.020055226981639862]"
2,centroid,1,591,Xtreme,Xtreme,"[""Xtreme"", ""Gemini"", ""Triton"", ""Braga"", ""Trius""]","[0.6838433742523193, 0.5261240005493164, 0.39454594254493713, 0.37138694524765015, 0.3280600309371948]"
2,centroid,1,592,Xtreme,Xtreme,"[""Xtreme"", ""Gemini"", ""Steel_Wheel"", ""Trius"", ""Braga""]","[0.8438809514045715, 0.6141068935394287, 0.1099567860364914, 0.043059587478637695, 0.03237743675708771]"
2,centroid,1,593,Xtreme,Xtreme,"[""Xtreme"", ""Gemini"", ""Steel_Wheel"", ""Hawk"", ""Ilias""]","[0.9565386772155762, 0.3173213005065918, 0.12509039044380188, -0.031101645901799202, -0.04066815972328186]"
2,centroid,1,594,Xtreme,Xtreme,"[""Xtreme"", ""Gemini"", ""Steel_Wheel"", ""Nivalis"", ""Denom""]","[0.930138349533081, 0.4024043679237366, 0.174882709980011, 0.12694817781448364, 0.0797777846455574]"
2,centroid,1,595,Xtreme,Xtreme,"[""Xtreme"", ""Gemini"", ""Steel_Wheel"", ""Nivalis"", ""Ilias""]","[0.9684325456619263, 0.3709622323513031, 0.14526380598545074, 0.013459324836730957, -0.03910265862941742]"
2,centroid,1,596,Xtreme,Xtreme,"[""Xtreme"", ""Gemini"", ""Ilias"", ""Triton"", ""Mytikas""]","[0.9073059558868408, 0.36009252071380615, 0.17699211835861206, 0.07649942487478256, 0.050004638731479645]"
2,centroid,1,597,Xtreme,Xtreme,"[""Xtreme"", ""Gemini"", ""Ilias"", ""Steel_Wheel"", ""Velorum""]","[0.9370063543319702, 0.468707799911499, 0.1677696406841278, 0.09882444143295288, 0.08585067093372345]"
2,centroid,1,598,Xtreme,Xtreme,"[""Xtreme"", ""Gemini"", ""Hawk"", ""Vega"", ""Velorum""]","[0.8453173041343689, 0.5206598043441772, 0.3355610966682434, 0.0624212846159935, 0.06201276555657387]"
2,centroid,1,599,Xtreme,Xtreme,"[""Xtreme"", ""Gemini"", ""Steel_Wheel"", ""Denom"", ""Ilias""]","[0.9364944696426392, 0.29636430740356445, 0.09814345836639404, 0.08635694533586502, 0.07952016592025757]"
2,centroid,1,600,Xtreme,Xtreme,"[""Xtreme"", ""Gemini"", ""Nivalis"", ""Trius"", ""Steel_Wheel""]","[0.765236496925354, 0.6829938888549805, 0.14875060319900513, 0.12322993576526642, 0.05540275573730469]"
2,centroid,1,601,Xtreme,Xtreme,"[""Xtreme"", ""Gemini"", ""Denom"", ""Ilias"", ""Nivalis""]","[0.9254882335662842, 0.3994525969028473, 0.17819945514202118, 0.1374274492263794, 0.1212095394730568]"
2,centroid,1,602,Xtreme,Xtreme,"[""Xtreme"", ""Gemini"", ""Velorum"", ""Nivalis"", ""Hawk""]","[0.9090160131454468, 0.25773438811302185, 0.05835189297795296, 0.03215418756008148, 0.02345956861972809]"
2,centroid,1,603,Xtreme,Braga,"[""Braga"", ""Triton"", ""Gemini"", ""Trius"", ""Mytikas""]","[0.6808351874351501, 0.5757328271865845, 0.5710299015045166, 0.5482767820358276, 0.4969804584980011]"
2,centroid,1,604,Xtreme,Xtreme,"[""Xtreme"", ""Gemini"", ""Hawk"", ""Braga"", ""Vega""]","[0.8761872053146362, 0.43843334913253784, 0.22773735225200653, 0.08943920582532883, 0.012076225131750107]"
2,centroid,1,605,Xtreme,Gemini,"[""Gemini"", ""Triton"", ""Braga"", ""Trius"", ""Xtreme""]","[0.6059225797653198, 0.5783340930938721, 0.48402222990989685, 0.46732133626937866, 0.4045006334781647]"
2,centroid,1,606,Xtreme,Xtreme,"[""Xtreme"", ""Gemini"", ""Ilias"", ""Braga"", ""Triton""]","[0.8689485788345337, 0.5459052920341492, 0.11551138013601303, 0.0676896795630455, 0.05075192078948021]"
2,centroid,1,607,Xtreme,Xtreme,"[""Xtreme"", ""Gemini"", ""Trius"", ""Denom"", ""Braga""]","[0.48240184783935547, 0.409816712141037, 0.18189162015914917, 0.18115700781345367, 0.14615315198898315]"
2,centroid,1,608,Xtreme,Xtreme,"[""Xtreme"", ""Gemini"", ""Steel_Wheel"", ""Velorum"", ""Ilias""]","[0.9813884496688843, 0.43102842569351196, 0.09399758279323578, 0.009755627252161503, -0.0007914281450212002]"
2,centroid,1,609,Xtreme,Xtreme,"[""Xtreme"", ""Gemini"", ""Velorum"", ""Trius"", ""Braga""]","[0.5998246669769287, 0.4812275767326355, 0.3994947671890259, 0.25506824254989624, 0.23087632656097412]"
3,centroid,1,0,Alaris,Alaris,"[""Alaris"", ""Alcatras"", ""Trius"", ""Turbine"", ""Braga""]","[0.8544214963912964, 0.7747412919998169, 0.5780220031738281, 0.49058669805526733, 0.4719899892807007]"
3,centroid,1,1,Alaris,Alaris,"[""Alaris"", ""Alcatras"", ""Turbine"", ""Trius"", ""Hawk""]","[0.9617893695831299, 0.8131736516952515, 0.5274736285209656, 0.502447783946991, 0.3978210985660553]"
3,centroid,1,2,Alaris,Alaris,"[""Alaris"", ""Alcatras"", ""Hawk"", ""Vega"", ""Trius""]","[0.8498106598854065, 0.7579795122146606, 0.6121662855148315, 0.42129310965538025, 0.35640519857406616]"
3,centroid,1,3,Alaris,Alaris,"[""Alaris"", ""Alcatras"", ""Trius"", ""Braga"", ""Hawk""]","[0.9409661293029785, 0.7795222997665405, 0.5555133819580078, 0.4780181646347046, 0.4624309837818146]"
3,centroid,1,4,Alaris,Alaris,"[""Alaris"", ""Alcatras"", ""Hawk"", ""Turbine"", ""Trius""]","[0.9162330627441406, 0.7919544577598572, 0.494614839553833, 0.4369976818561554, 0.3313825726509094]"
3,centroid,1,5,Alaris,Alaris,"[""Alaris"", ""Alcatras"", ""Hawk"", ""Trius"", ""Vega""]","[0.7528891563415527, 0.6665300130844116, 0.6608884334564209, 0.5291418433189392, 0.3713362216949463]"
3,centroid,1,6,Alaris,Alaris,"[""Alaris"", ""Alcatras"", ""Hawk"", ""Vega"", ""Turbine""]","[0.8524311780929565, 0.6719985008239746, 0.6446866989135742, 0.6343616247177124, 0.42626768350601196]"
3,centroid,1,7,Alaris,Alaris,"[""Alaris"", ""Alcatras"", ""Trius"", ""Vega"", ""Turbine""]","[0.8489603996276855, 0.6577647924423218, 0.5222727656364441, 0.38243502378463745, 0.3001648783683777]"
3,centroid,1,8,Alaris,Alaris,"[""Alaris"", ""Alcatras"", ""Trius"", ""Triton"", ""Vega""]","[0.8798084259033203, 0.7379816770553589, 0.5610692501068115, 0.34684088826179504, 0.33671069145202637]"
3,centroid,1,9,Alaris,Braga,"[""Braga"", ""Alcatras"", ""Gemini"", ""Xtreme"", ""Castor""]","[0.3059123754501343, 0.2917880415916443, 0.2802923321723938, 0.20562700927257538, 0.18619365990161896]"
3,centroid,1,10,Alaris,Alaris,"[""Alaris"", ""Alcatras"", ""Braga"", ""Trius"", ""Hawk""]","[0.8475423455238342, 0.6534923911094666, 0.5509809255599976, 0.5067715644836426, 0.48281732201576233]"
3,centroid,1,11,Alaris,Alcatras,"[""Alcatras"", ""Alaris"", ""Mytikas"", ""Trius"", ""Triton""]","[0.8086702227592468, 0.8041033148765564, 0.6172520518302917, 0.5732430219650269, 0.3885309100151062]"
3,centroid,1,12,Alaris,Triton,"[""Triton"", ""Trius"", ""Mytikas"", ""Castor"", ""Braga""]","[0.8603116273880005, 0.5855159163475037, 0.5659440755844116, 0.5601515769958496, 0.4714062809944153]"
3,centroid,1,13,Alaris,Alaris,"[""Alaris"", ""Alcatras"", ""Trius"", ""Vega"", ""Hawk""]","[0.8417850732803345, 0.6116594672203064, 0.5311176776885986, 0.4149429500102997, 0.39319849014282227]"
3,centroid,1,14,Alaris,Alaris,"[""Alaris"", ""Alcatras"", ""Vega"", ""Braga"", ""Turbine""]","[0.8126388788223267, 0.6052049994468689, 0.40142643451690674, 0.3889418840408325, 0.3486941456794739]"
3,centroid,1,15,Alaris,Alaris,"[""Alaris"", ""Alcatras"", ""Braga"", ""Trius"", ""Turbine""]","[0.8932216167449951, 0.8274292945861816, 0.5147840976715088, 0.5146716237068176, 0.4726051092147827]"
3,centroid,1,16,Alaris,Alaris,"[""Alaris"", ""Alcatras"", ""Trius"", ""Vega"", ""Turbine""]","[0.9567357897758484, 0.7373074293136597, 0.4718635678291321, 0.4241660237312317, 0.3808356523513794]"
3,centroid,1,17,Alaris,Alaris,"[""Alaris"", ""Alcatras"", ""Hawk"", ""Braga"", ""Trius""]","[0.8738784790039062, 0.7365432977676392, 0.5771765112876892, 0.532848060131073, 0.5258861780166626]"
3,centroid,1,18,Alaris,Alaris,"[""Alaris"", ""Alcatras"", ""Turbine"", ""Braga"", ""Trius""]","[0.8099292516708374, 0.7036930322647095, 0.5820196270942688, 0.4591030776500702, 0.4062790870666504]"
3,centroid,1,19,Alaris,Alaris,"[""Alaris"", ""Alcatras"", ""Hawk"", ""Trius"", ""Mytikas""]","[0.8443803787231445, 0.7029925584793091, 0.61439049243927, 0.4715670347213745, 0.3908059597015381]"
3,centroid,1,20,Alaris,Mytikas,"[""Mytikas"", ""Braga"", ""Trius"", ""Hawk"", ""Castor""]","[0.6692842841148376, 0.6235422492027283, 0.5320399403572083, 0.44198232889175415, 0.40409159660339355]"
3,centroid,1,21,Alaris,Alaris,"[""Alaris"", ""Alcatras"", ""Turbine"", ""Hawk"", ""Castor""]","[0.8297150135040283, 0.6200383901596069, 0.47579270601272583, 0.32692188024520874, 0.2567155361175537]"
3,centroid,1,22,Alaris,Alaris,"[""Alaris"", ""Alcatras"", ""Hawk"", ""Trius"", ""Vega""]","[0.8545887470245361, 0.7244225740432739, 0.6295964121818542, 0.4494585394859314, 0.38691991567611694]"
3,centroid,1,23,Alaris,Alaris,"[""Alaris"", ""Trius"", ""Triton"", ""Alcatras"", ""Ilias""]","[0.7570871114730835, 0.6865411996841431, 0.626966118812561, 0.6199623346328735, 0.36764535307884216]"
3,centroid,1,24,Alaris,Alaris,"[""Alaris"", ""Alcatras"", ""Trius"", ""Hawk"", ""Braga""]","[0.9382777214050293, 0.7936998605728149, 0.5898623466491699, 0.5103639960289001, 0.49293166399002075]"
3,centroid,1,25,Alaris,Alcatras,"[""Alcatras"", ""Alaris"", ""Hawk"", ""Turbine"", ""Mytikas""]","[0.6867505311965942, 0.6073447465896606, 0.5843229293823242, 0.49667003750801086, 0.3638632297515869]"
3,centroid,1,26,Alaris,Alaris,"[""Alaris"", ""Alcatras"", ""Trius"", ""Triton"", ""Turbine""]","[0.5229612588882446, 0.4990180432796478, 0.45539039373397827, 0.40687495470046997, 0.4066319465637207]"
3,centroid,1,27,Alcatras,Alcatras,"[""Alcatras"", ""Castor"", ""Alaris"", ""Trius"", ""Mytikas""]","[0.7654884457588196, 0.6383825540542603, 0.5340110063552856, 0.5277760028839111, 0.4895167350769043]"
3,centroid,1,28,Alcatras,Castor,"[""Castor"", ""Mytikas"", ""Braga"", ""Alcatras"", ""Triton""]","[0.8217455148696899, 0.5095250606536865, 0.49261194467544556, 0.46238112449645996, 0.3611155152320862]"
3,centroid,1,29,Alcatras,Alcatras,"[""Alcatras"", ""Alaris"", ""Trius"", ""Castor"", ""Triton""]","[0.8181526064872742, 0.7384836673736572, 0.4904221296310425, 0.4796861708164215, 0.3727686405181885]"
3,centroid,1,30,Alcatras,Alcatras,"[""Alcatras"", ""Alaris"", ""Castor"", ""Braga"", ""Trius""]","[0.8981766700744629, 0.7134690284729004, 0.5276172161102295, 0.4558984041213989, 0.39359545707702637]"
3,centroid,1,31,Alcatras,Alaris,"[""Alaris"", ""Trius"", ""Alcatras"", ""Triton"", ""Mytikas""]","[0.7646077871322632, 0.756740391254425, 0.747869074344635, 0.5634762048721313, 0.5105654001235962]"
3,centroid,1,32,Alcatras,Alcatras,"[""Alcatras"", ""Alaris"", ""Castor"", ""Braga"", ""Hawk""]","[0.8648931980133057, 0.6265068650245667, 0.544231653213501, 0.34617871046066284, 0.3282991647720337]"
3,centroid,1,33,Alcatras,Alcatras,"[""Alcatras"", ""Castor"", ""Alaris"", ""Braga"", ""Trius""]","[0.8455641269683838, 0.676089346408844, 0.5737495422363281, 0.5504968762397766, 0.539974570274353]"
3,centroid,1,34,Alcatras,Alcatras,"[""Alcatras"", ""Alaris"", ""Castor"", ""Hawk"", ""Braga""]","[0.8995333909988403, 0.755873441696167, 0.47790661454200745, 0.47280746698379517, 0.3970717787742615]"
3,centroid,1,35,Alcatras,Alcatras,"[""Alcatras"", ""Alaris"", ""Castor"", ""Braga"", ""Trius""]","[0.8713345527648926, 0.6765836477279663, 0.5489495992660522, 0.47395533323287964, 0.42090293765068054]"
3,centroid,1,36,Alcatras,Alcatras,"[""Alcatras"", ""Alaris"", ""Braga"", ""Castor"", ""Mytikas""]","[0.8687263131141663, 0.6288849115371704, 0.5807314515113831, 0.5520137548446655, 0.522230863571167]"
3,centroid,1,37,Alcatras,Triton,"[""Triton"", ""Mytikas"", ""Trius"", ""Castor"", ""Alcatras""]","[0.8201983571052551, 0.7951325178146362, 0.742982029914856, 0.6251850724220276, 0.5598419308662415]"
3,centroid,1,38,Alcatras,Alcatras,"[""Alcatras"", ""Alaris"", ""Braga"", ""Hawk"", ""Castor""]","[0.8548246026039124, 0.6760228872299194, 0.5434683561325073, 0.5099233984947205, 0.4205794930458069]"
3,centroid,1,39,Alcatras,Alcatras,"[""Alcatras"", ""Alaris"", ""Hawk"", ""Castor"", ""Trius""]","[0.8605536222457886, 0.7392162084579468, 0.42515382170677185, 0.41534218192100525, 0.30938535928726196]"
3,centroid,1,40,Alcatras,Alcatras,"[""Alcatras"", ""Alaris"", ""Castor"", ""Braga"", ""Mytikas""]","[0.9345592856407166, 0.7748371958732605, 0.5207221508026123, 0.4042075276374817, 0.3772292137145996]"
3,centroid,1,41,Alcatras,Alcatras,"[""Alcatras"", ""Braga"", ""Alaris"", ""Hawk"", ""Castor""]","[0.7937273383140564, 0.651594877243042, 0.5605726838111877, 0.46670812368392944, 0.4066178798675537]"
3,centroid,1,42,Alcatras,Alcatras,"[""Alcatras"", ""Alaris"", ""Trius"", ""Castor"", ""Velorum""]","[0.8321090936660767, 0.6678320169448853, 0.5198508501052856, 0.3609372079372406, 0.3446151316165924]"
3,centroid,1,43,Alcatras,Alcatras,"[""Alcatras"", ""Alaris"", ""Trius"", ""Castor"", ""Braga""]","[0.8972076177597046, 0.8629889488220215, 0.5309503078460693, 0.520094633102417, 0.46543648838996887]"
3,centroid,1,44,Alcatras,Castor,"[""Castor"", ""Alcatras"", ""Mytikas"", ""Alaris"", ""Triton""]","[0.8284057974815369, 0.792208194732666, 0.6158713102340698, 0.552654504776001, 0.47783803939819336]"
3,centroid,1,45,Alcatras,Alcatras,"[""Alcatras"", ""Alaris"", ""Castor"", ""Turbine"", ""Mytikas""]","[0.8843554258346558, 0.713853120803833, 0.6635867357254028, 0.39626389741897583, 0.38785988092422485]"
3,centroid,1,46,Alcatras,Alcatras,"[""Alcatras"", ""Alaris"", ""Castor"", ""Hawk"", ""Turbine""]","[0.8517497777938843, 0.779913067817688, 0.4757571220397949, 0.4490160048007965, 0.44168853759765625]"
3,centroid,1,47,Alcatras,Alcatras,"[""Alcatras"", ""Braga"", ""Trius"", ""Alaris"", ""Triton""]","[0.7495773434638977, 0.6450273990631104, 0.6344409584999084, 0.514887273311615, 0.42757052183151245]"
3,centroid,1,48,Alcatras,Alcatras,"[""Alcatras"", ""Alaris"", ""Hawk"", ""Turbine"", ""Castor""]","[0.8749697804450989, 0.8227870464324951, 0.4410644769668579, 0.41502803564071655, 0.4147762060165405]"
3,centroid,1,49,Alcatras,Mytikas,"[""Mytikas"", ""Triton"", ""Castor"", ""Trius"", ""Alcatras""]","[0.7517871856689453, 0.6848956346511841, 0.6210342645645142, 0.593742847442627, 0.5522430539131165]"
3,centroid,1,50,Alcatras,Alcatras,"[""Alcatras"", ""Alaris"", ""Hawk"", ""Trius"", ""Braga""]","[0.8704957962036133, 0.7932699918746948, 0.48278653621673584, 0.43729710578918457, 0.39586830139160156]"
3,centroid,1,51,Alcatras,Alcatras,"[""Alcatras"", ""Alaris"", ""Castor"", ""Hawk"", ""Mytikas""]","[0.8213292360305786, 0.7020244598388672, 0.4539525508880615, 0.39256399869918823, 0.35683876276016235]"
3,centroid,1,52,Alcatras,Vega,"[""Vega"", ""Turbine"", ""Alaris"", ""Hawk"", ""Alcatras""]","[0.6877169609069824, 0.6810331344604492, 0.6114234924316406, 0.5419358015060425, 0.4358104467391968]"
3,centroid,1,53,Braga,Castor,"[""Castor"", ""Braga"", ""Alcatras"", ""Trius"", ""Alaris""]","[0.7770208120346069, 0.7294714450836182, 0.6443229913711548, 0.5186570286750793, 0.5105020999908447]"
3,centroid,1,54,Braga,Braga,"[""Braga"", ""Gemini"", ""Hawk"", ""Vega"", ""Turbine""]","[0.7600600719451904, 0.5431751012802124, 0.5098782777786255, 0.4691691994667053, 0.30963268876075745]"
3,centroid,1,55,Braga,Braga,"[""Braga"", ""Hawk"", ""Alcatras"", ""Mytikas"", ""Turbine""]","[0.7216373682022095, 0.6556008458137512, 0.5468481779098511, 0.4946872889995575, 0.42207103967666626]"
3,centroid,1,56,Braga,Braga,"[""Braga"", ""Alcatras"", ""Castor"", ""Trius"", ""Turbine""]","[0.8315664529800415, 0.5449869632720947, 0.513260543346405, 0.4290009140968323, 0.42808887362480164]"
3,centroid,1,57,Braga,Vega,"[""Vega"", ""Turbine"", ""Hawk"", ""Alaris"", ""Braga""]","[0.8052631616592407, 0.6578787565231323, 0.6157132983207703, 0.42441606521606445, 0.38763880729675293]"
3,centroid,1,58,Braga,Braga,"[""Braga"", ""Alcatras"", ""Castor"", ""Turbine"", ""Alaris""]","[0.7811598181724548, 0.6683053970336914, 0.6103072762489319, 0.6038285493850708, 0.5466110706329346]"
3,centroid,1,59,Braga,Braga,"[""Braga"", ""Castor"", ""Triton"", ""Trius"", ""Gemini""]","[0.860114336013794, 0.5525798797607422, 0.4880759119987488, 0.4262109696865082, 0.3453415036201477]"
3,centroid,1,60,Braga,Braga,"[""Braga"", ""Alcatras"", ""Alaris"", ""Triton"", ""Turbine""]","[0.7988764643669128, 0.6996312141418457, 0.6442779898643494, 0.5881979465484619, 0.5816020965576172]"
3,centroid,1,61,Braga,Braga,"[""Braga"", ""Gemini"", ""Vega"", ""Trius"", ""Triton""]","[0.7382745742797852, 0.520253598690033, 0.44797343015670776, 0.39470431208610535, 0.2557867765426636]"
3,centroid,1,62,Braga,Alaris,"[""Alaris"", ""Alcatras"", ""Turbine"", ""Castor"", ""Trius""]","[0.8260058164596558, 0.6555320620536804, 0.5738304257392883, 0.500728964805603, 0.46279001235961914]"
3,centroid,1,63,Braga,Braga,"[""Braga"", ""Hawk"", ""Alaris"", ""Turbine"", ""Alcatras""]","[0.8613736033439636, 0.5702060461044312, 0.5684769153594971, 0.5215980410575867, 0.5130727291107178]"
3,centroid,1,64,Braga,Triton,"[""Triton"", ""Braga"", ""Trius"", ""Alcatras"", ""Castor""]","[0.7704774737358093, 0.7351469397544861, 0.705194890499115, 0.6531414985656738, 0.626144528388977]"
3,centroid,1,65,Braga,Braga,"[""Braga"", ""Triton"", ""Mytikas"", ""Trius"", ""Castor""]","[0.8497345447540283, 0.5310851335525513, 0.5089768171310425, 0.45255011320114136, 0.3937442898750305]"
3,centroid,1,66,Braga,Braga,"[""Braga"", ""Gemini"", ""Hawk"", ""Trius"", ""Triton""]","[0.846818208694458, 0.5145812034606934, 0.46411606669425964, 0.36094769835472107, 0.3158910572528839]"
3,centroid,1,67,Braga,Braga,"[""Braga"", ""Alaris"", ""Turbine"", ""Alcatras"", ""Trius""]","[0.7964697480201721, 0.7024363279342651, 0.5869983434677124, 0.5780485272407532, 0.5696247816085815]"
3,centroid,1,68,Braga,Braga,"[""Braga"", ""Castor"", ""Turbine"", ""Alcatras"", ""Hawk""]","[0.8112229108810425, 0.6088793277740479, 0.5903019309043884, 0.3469981551170349, 0.34045279026031494]"
3,centroid,1,69,Braga,Braga,"[""Braga"", ""Turbine"", ""Alaris"", ""Castor"", ""Triton""]","[0.6538095474243164, 0.5879316329956055, 0.33309540152549744, 0.32756537199020386, 0.3223702609539032]"
3,centroid,1,70,Braga,Braga,"[""Braga"", ""Vega"", ""Hawk"", ""Turbine"", ""Gemini""]","[0.7572227120399475, 0.6126182675361633, 0.5594277381896973, 0.48233017325401306, 0.3637040853500366]"
3,centroid,1,71,Braga,Braga,"[""Braga"", ""Turbine"", ""Alcatras"", ""Hawk"", ""Vega""]","[0.7213560342788696, 0.5444120168685913, 0.392698734998703, 0.3922647535800934, 0.3768000900745392]"
3,centroid,1,72,Braga,Braga,"[""Braga"", ""Vega"", ""Gemini"", ""Trius"", ""Alaris""]","[0.7214113473892212, 0.7164715528488159, 0.6908436417579651, 0.685434103012085, 0.45593777298927307]"
3,centroid,1,73,Braga,Turbine,"[""Turbine"", ""Braga"", ""Xtreme"", ""Hawk"", ""Castor""]","[0.47752827405929565, 0.4677972197532654, 0.26266512274742126, 0.2201249599456787, 0.1738261580467224]"
3,centroid,1,74,Braga,Braga,"[""Braga"", ""Castor"", ""Triton"", ""Alcatras"", ""Trius""]","[0.7946698069572449, 0.7047465443611145, 0.5088763236999512, 0.4130159616470337, 0.3954402804374695]"
3,centroid,1,75,Braga,Vega,"[""Vega"", ""Gemini"", ""Braga"", ""Trius"", ""Hawk""]","[0.7270669937133789, 0.6930701732635498, 0.596908688545227, 0.5182517170906067, 0.4844018220901489]"
3,centroid,1,76,Braga,Triton,"[""Triton"", ""Braga"", ""Trius"", ""Castor"", ""Gemini""]","[0.7022191286087036, 0.6727578639984131, 0.5837500691413879, 0.5161001682281494, 0.4131444990634918]"
3,centroid,1,77,Braga,Braga,"[""Braga"", ""Castor"", ""Alcatras"", ""Mytikas"", ""Triton""]","[0.8297383785247803, 0.6430767774581909, 0.6191012263298035, 0.5890991687774658, 0.5714929103851318]"
3,centroid,1,78,Braga,Braga,"[""Braga"", ""Alcatras"", ""Trius"", ""Alaris"", ""Triton""]","[0.8524541854858398, 0.6251720190048218, 0.548209011554718, 0.5057195425033569, 0.45794379711151123]"
3,centroid,1,79,Braga,Braga,"[""Braga"", ""Castor"", ""Turbine"", ""Alcatras"", ""Trius""]","[0.8183397054672241, 0.5822330117225647, 0.4692056179046631, 0.2802543640136719, 0.23780371248722076]"
3,centroid,1,80,Braga,Braga,"[""Braga"", ""Alcatras"", ""Castor"", ""Mytikas"", ""Alaris""]","[0.8005859851837158, 0.6873061656951904, 0.6017463207244873, 0.4811009168624878, 0.4731628894805908]"
3,centroid,1,81,Braga,Vega,"[""Vega"", ""Braga"", ""Gemini"", ""Hawk"", ""Alaris""]","[0.651046872138977, 0.5700669288635254, 0.5083720684051514, 0.4618701636791229, 0.30839237570762634]"
3,centroid,1,82,Braga,Braga,"[""Braga"", ""Alcatras"", ""Alaris"", ""Turbine"", ""Castor""]","[0.8265883922576904, 0.657453179359436, 0.6265792846679688, 0.52707839012146, 0.43705177307128906]"
3,centroid,1,83,Braga,Vega,"[""Vega"", ""Braga"", ""Hawk"", ""Gemini"", ""Turbine""]","[0.6964253783226013, 0.6631709337234497, 0.6291135549545288, 0.5384599566459656, 0.39340561628341675]"
3,centroid,1,84,Braga,Braga,"[""Braga"", ""Alcatras"", ""Turbine"", ""Alaris"", ""Hawk""]","[0.7128521203994751, 0.6408793926239014, 0.5387003421783447, 0.4859916567802429, 0.44400709867477417]"
3,centroid,1,85,Braga,Castor,"[""Castor"", ""Alcatras"", ""Mytikas"", ""Braga"", ""Alaris""]","[0.7185757160186768, 0.6932095885276794, 0.6674478054046631, 0.5686766505241394, 0.5565872192382812]"
3,centroid,1,86,Braga,Braga,"[""Braga"", ""Alcatras"", ""Alaris"", ""Trius"", ""Gemini""]","[0.811737060546875, 0.5793371200561523, 0.5084583163261414, 0.4476240277290344, 0.33178478479385376]"
3,centroid,1,87,Braga,Vega,"[""Vega"", ""Gemini"", ""Braga"", ""Trius"", ""Alaris""]","[0.7610664367675781, 0.5890133380889893, 0.4145641326904297, 0.39961129426956177, 0.28256621956825256]"
3,centroid,1,88,Braga,Alaris,"[""Alaris"", ""Braga"", ""Vega"", ""Alcatras"", ""Turbine""]","[0.671276330947876, 0.6255382895469666, 0.5908997058868408, 0.5569617748260498, 0.5262348055839539]"
3,centroid,1,89,Braga,Triton,"[""Triton"", ""Mytikas"", ""Castor"", ""Trius"", ""Braga""]","[0.8427619934082031, 0.7019732594490051, 0.5486089587211609, 0.5325376987457275, 0.502920389175415]"
3,centroid,1,90,Castor,Alcatras,"[""Alcatras"", ""Castor"", ""Turbine"", ""Alaris"", ""Braga""]","[0.7533279657363892, 0.7419365644454956, 0.6752253770828247, 0.6417373418807983, 0.37560686469078064]"
3,centroid,1,91,Castor,Castor,"[""Castor"", ""Mytikas"", ""Triton"", ""Braga"", ""Alcatras""]","[0.9326326847076416, 0.5913833379745483, 0.562163770198822, 0.5071561932563782, 0.47948962450027466]"
3,centroid,1,92,Castor,Castor,"[""Castor"", ""Alcatras"", ""Turbine"", ""Mytikas"", ""Alaris""]","[0.8596372008323669, 0.6529817581176758, 0.5151156783103943, 0.428843230009079, 0.34381556510925293]"
3,centroid,1,93,Castor,Castor,"[""Castor"", ""Turbine"", ""Alcatras"", ""Braga"", ""Mytikas""]","[0.8425154685974121, 0.6685465574264526, 0.4443499743938446, 0.3921639025211334, 0.35385245084762573]"
3,centroid,1,94,Castor,Castor,"[""Castor"", ""Triton"", ""Braga"", ""Trius"", ""Mytikas""]","[0.8144768476486206, 0.4894566237926483, 0.47104328870773315, 0.4238359332084656, 0.36482828855514526]"
3,centroid,1,95,Castor,Castor,"[""Castor"", ""Turbine"", ""Braga"", ""Mytikas"", ""Alcatras""]","[0.8959404230117798, 0.4405984878540039, 0.3607044219970703, 0.3258249759674072, 0.3166024088859558]"
3,centroid,1,96,Castor,Castor,"[""Castor"", ""Alcatras"", ""Braga"", ""Turbine"", ""Triton""]","[0.9427018165588379, 0.4901244044303894, 0.4661165475845337, 0.40644145011901855, 0.4064083397388458]"
3,centroid,1,97,Castor,Castor,"[""Castor"", ""Mytikas"", ""Triton"", ""Alcatras"", ""Trius""]","[0.8803404569625854, 0.6687557101249695, 0.6290541887283325, 0.40689364075660706, 0.3675609827041626]"
3,centroid,1,98,Castor,Castor,"[""Castor"", ""Mytikas"", ""Triton"", ""Velorum"", ""Alcatras""]","[0.6566646099090576, 0.5530436038970947, 0.4827496111392975, 0.4131370186805725, 0.3356049060821533]"
3,centroid,1,99,Castor,Castor,"[""Castor"", ""Turbine"", ""Triton"", ""Alcatras"", ""Mytikas""]","[0.6746588945388794, 0.4138316512107849, 0.3906242847442627, 0.3357037603855133, 0.29602572321891785]"
3,centroid,1,100,Castor,Castor,"[""Castor"", ""Mytikas"", ""Triton"", ""Alcatras"", ""Trius""]","[0.873160719871521, 0.6131387948989868, 0.5307343006134033, 0.4818217158317566, 0.43348002433776855]"
3,centroid,1,101,Castor,Castor,"[""Castor"", ""Turbine"", ""Braga"", ""Alcatras"", ""Mytikas""]","[0.891128420829773, 0.41883766651153564, 0.32459357380867004, 0.3019906282424927, 0.2957109212875366]"
3,centroid,1,102,Castor,Castor,"[""Castor"", ""Alcatras"", ""Turbine"", ""Braga"", ""Mytikas""]","[0.8807404637336731, 0.6085987091064453, 0.5732435584068298, 0.4440845847129822, 0.4396517872810364]"
3,centroid,1,103,Castor,Castor,"[""Castor"", ""Mytikas"", ""Triton"", ""Turbine"", ""Alcatras""]","[0.9434875845909119, 0.5479555130004883, 0.4697653353214264, 0.4648803472518921, 0.4330400228500366]"
3,centroid,1,104,Castor,Castor,"[""Castor"", ""Braga"", ""Mytikas"", ""Triton"", ""Turbine""]","[0.884166955947876, 0.5049453377723694, 0.502162754535675, 0.4142836928367615, 0.3445867896080017]"
3,centroid,1,105,Castor,Castor,"[""Castor"", ""Mytikas"", ""Triton"", ""Braga"", ""Alcatras""]","[0.9309961795806885, 0.48370593786239624, 0.4230605661869049, 0.3530619144439697, 0.34498998522758484]"
3,centroid,1,106,Castor,Castor,"[""Castor"", ""Turbine"", ""Mytikas"", ""Alcatras"", ""Triton""]","[0.9073969125747681, 0.5119152665138245, 0.4034533202648163, 0.39715343713760376, 0.33626437187194824]"
3,centroid,1,107,Castor,Castor,"[""Castor"", ""Mytikas"", ""Turbine"", ""Triton"", ""Braga""]","[0.8820459842681885, 0.5027167797088623, 0.3950117528438568, 0.3463507294654846, 0.3033880591392517]"
3,centroid,1,108,Castor,Castor,"[""Castor"", ""Alcatras"", ""Turbine"", ""Mytikas"", ""Braga""]","[0.9257282018661499, 0.5310179591178894, 0.49513256549835205, 0.43017497658729553, 0.42485111951828003]"
3,centroid,1,109,Castor,Castor,"[""Castor"", ""Mytikas"", ""Turbine"", ""Triton"", ""Alcatras""]","[0.8300426602363586, 0.6823955178260803, 0.4973013997077942, 0.48194602131843567, 0.46823611855506897]"
3,centroid,1,110,Castor,Triton,"[""Triton"", ""Castor"", ""Mytikas"", ""Trius"", ""Velorum""]","[0.6644710302352905, 0.5914011597633362, 0.5219104290008545, 0.3907330632209778, 0.3786156177520752]"
3,centroid,1,111,Castor,Castor,"[""Castor"", ""Turbine"", ""Alcatras"", ""Mytikas"", ""Braga""]","[0.940025806427002, 0.5416704416275024, 0.4831589460372925, 0.43875277042388916, 0.38676002621650696]"
3,centroid,1,112,Castor,Castor,"[""Castor"", ""Turbine"", ""Alcatras"", ""Mytikas"", ""Alaris""]","[0.8639546632766724, 0.5838412046432495, 0.5638548135757446, 0.49677830934524536, 0.3976094424724579]"
3,centroid,1,113,Castor,Castor,"[""Castor"", ""Mytikas"", ""Triton"", ""Braga"", ""Alcatras""]","[0.9188461303710938, 0.6308757066726685, 0.5783291459083557, 0.45340198278427124, 0.4443076252937317]"
3,centroid,1,114,Castor,Castor,"[""Castor"", ""Mytikas"", ""Triton"", ""Alcatras"", ""Turbine""]","[0.8541386127471924, 0.5678434371948242, 0.4817333221435547, 0.4322993755340576, 0.3653964698314667]"
3,centroid,1,115,Castor,Castor,"[""Castor"", ""Mytikas"", ""Alcatras"", ""Triton"", ""Trius""]","[0.8899101614952087, 0.6424394249916077, 0.5833773612976074, 0.4945621192455292, 0.4886555075645447]"
3,centroid,1,116,Castor,Castor,"[""Castor"", ""Turbine"", ""Alcatras"", ""Mytikas"", ""Alaris""]","[0.8834651708602905, 0.5895242094993591, 0.5632190108299255, 0.38777413964271545, 0.38069459795951843]"
3,centroid,1,117,Castor,Castor,"[""Castor"", ""Mytikas"", ""Triton"", ""Braga"", ""Alcatras""]","[0.9076429009437561, 0.4767369031906128, 0.4727364182472229, 0.3659665584564209, 0.27609336376190186]"
3,centroid,1,118,Castor,Castor,"[""Castor"", ""Braga"", ""Mytikas"", ""Alcatras"", ""Triton""]","[0.8502038717269897, 0.6588606834411621, 0.43428027629852295, 0.4338216781616211, 0.4321262836456299]"
3,centroid,1,119,Castor,Castor,"[""Castor"", ""Turbine"", ""Braga"", ""Alcatras"", ""Alaris""]","[0.7075953483581543, 0.5852252840995789, 0.5844981670379639, 0.4650464355945587, 0.3818274140357971]"
3,centroid,1,120,Castor,Castor,"[""Castor"", ""Turbine"", ""Braga"", ""Mytikas"", ""Alcatras""]","[0.8109474182128906, 0.5468012094497681, 0.5090898275375366, 0.3932873010635376, 0.38895097374916077]"
3,centroid,1,121,Castor,Castor,"[""Castor"", ""Mytikas"", ""Turbine"", ""Alcatras"", ""Braga""]","[0.9471901655197144, 0.49323442578315735, 0.48576897382736206, 0.41986680030822754, 0.39204496145248413]"
3,centroid,1,122,Denom,Ratikon,"[""Ratikon"", ""Denom"", ""Nivalis"", ""Ilias"", ""Velorum""]","[0.8776603937149048, 0.8733205795288086, 0.7807044386863708, 0.5994033813476562, 0.4623509645462036]"
3,centroid,1,123,Denom,Denom,"[""Denom"", ""Nivalis"", ""Ratikon"", ""Ilias"", ""Velorum""]","[0.9300975203514099, 0.8551303148269653, 0.8051966428756714, 0.7070512175559998, 0.5485011339187622]"
3,centroid,1,124,Denom,Ratikon,"[""Ratikon"", ""Denom"", ""Nivalis"", ""Ilias"", ""Velorum""]","[0.9077746868133545, 0.8890427947044373, 0.8124186992645264, 0.6179893016815186, 0.35279250144958496]"
3,centroid,1,125,Denom,Denom,"[""Denom"", ""Ratikon"", ""Nivalis"", ""Ilias"", ""Velorum""]","[0.944320797920227, 0.8199231028556824, 0.7644444704055786, 0.6476777791976929, 0.4048537611961365]"
3,centroid,1,126,Denom,Denom,"[""Denom"", ""Ratikon"", ""Nivalis"", ""Ilias"", ""Velorum""]","[0.925403356552124, 0.7673373222351074, 0.725967526435852, 0.4463687539100647, 0.3243683874607086]"
3,centroid,1,127,Denom,Ilias,"[""Ilias"", ""Denom"", ""Ratikon"", ""Nivalis"", ""Velorum""]","[0.7966791391372681, 0.7804392576217651, 0.7648643255233765, 0.6671311855316162, 0.3199629783630371]"
3,centroid,1,128,Denom,Ratikon,"[""Ratikon"", ""Denom"", ""Nivalis"", ""Ilias"", ""Velorum""]","[0.8818091154098511, 0.8568686246871948, 0.7595005631446838, 0.6299008727073669, 0.19222989678382874]"
3,centroid,1,129,Denom,Denom,"[""Denom"", ""Ratikon"", ""Nivalis"", ""Ilias"", ""Velorum""]","[0.956603467464447, 0.8493570685386658, 0.8422921895980835, 0.6094067096710205, 0.4156652092933655]"
3,centroid,1,130,Denom,Denom,"[""Denom"", ""Ratikon"", ""Nivalis"", ""Ilias"", ""Velorum""]","[0.8813910484313965, 0.8701733946800232, 0.7948150634765625, 0.7767915725708008, 0.5738924741744995]"
3,centroid,1,131,Denom,Denom,"[""Denom"", ""Ratikon"", ""Nivalis"", ""Ilias"", ""Velorum""]","[0.9666898250579834, 0.8107333779335022, 0.7675735950469971, 0.5732617378234863, 0.39314162731170654]"
3,centroid,1,132,Denom,Denom,"[""Denom"", ""Ratikon"", ""Nivalis"", ""Ilias"", ""Velorum""]","[0.9274531006813049, 0.8350880146026611, 0.757476806640625, 0.571144700050354, 0.4669340252876282]"
3,centroid,1,133,Denom,Denom,"[""Denom"", ""Ratikon"", ""Ilias"", ""Nivalis"", ""Velorum""]","[0.8862202167510986, 0.7667323350906372, 0.7138120532035828, 0.6461652517318726, 0.3280157446861267]"
3,centroid,1,134,Denom,Ratikon,"[""Ratikon"", ""Denom"", ""Nivalis"", ""Ilias"", ""Velorum""]","[0.8833669424057007, 0.8603351712226868, 0.7651528716087341, 0.6981271505355835, 0.2868466079235077]"
3,centroid,1,135,Denom,Denom,"[""Denom"", ""Ratikon"", ""Nivalis"", ""Ilias"", ""Velorum""]","[0.9092034101486206, 0.8035241365432739, 0.7823946475982666, 0.6965170502662659, 0.6904743313789368]"
3,centroid,1,136,Denom,Denom,"[""Denom"", ""Nivalis"", ""Ratikon"", ""Ilias"", ""Velorum""]","[0.9230028986930847, 0.7272922992706299, 0.7077186107635498, 0.5413753986358643, 0.47730761766433716]"
3,centroid,1,137,Denom,Denom,"[""Denom"", ""Nivalis"", ""Ratikon"", ""Ilias"", ""Velorum""]","[0.9262095093727112, 0.860741376876831, 0.840290367603302, 0.565336287021637, 0.3936261534690857]"
3,centroid,1,138,Denom,Denom,"[""Denom"", ""Ratikon"", ""Nivalis"", ""Ilias"", ""Velorum""]","[0.8557688593864441, 0.7907119989395142, 0.7398771047592163, 0.6805421113967896, 0.4942286014556885]"
3,centroid,1,139,Denom,Denom,"[""Denom"", ""Ratikon"", ""Nivalis"", ""Ilias"", ""Xtreme""]","[0.854417085647583, 0.5567021369934082, 0.5287460088729858, 0.49695971608161926, 0.2722699046134949]"
3,centroid,1,140,Denom,Denom,"[""Denom"", ""Nivalis"", ""Ratikon"", ""Velorum"", ""Ilias""]","[0.8600143194198608, 0.5593507289886475, 0.4923343062400818, 0.4767417907714844, 0.4205280840396881]"
3,centroid,1,141,Denom,Denom,"[""Denom"", ""Ratikon"", ""Nivalis"", ""Ilias"", ""Velorum""]","[0.9221886396408081, 0.7623069286346436, 0.6387449502944946, 0.48252546787261963, 0.3722039461135864]"
3,centroid,1,142,Denom,Denom,"[""Denom"", ""Nivalis"", ""Ratikon"", ""Ilias"", ""Gemini""]","[0.7674517631530762, 0.6620857119560242, 0.6439146995544434, 0.5922608375549316, 0.388674795627594]"
3,centroid,1,143,Denom,Denom,"[""Denom"", ""Ratikon"", ""Nivalis"", ""Ilias"", ""Velorum""]","[0.8748666048049927, 0.851684033870697, 0.6639909744262695, 0.6109237670898438, 0.21729214489459991]"
3,centroid,1,144,Denom,Denom,"[""Denom"", ""Ratikon"", ""Ilias"", ""Nivalis"", ""Velorum""]","[0.9080225229263306, 0.8208250403404236, 0.7278376817703247, 0.6877731084823608, 0.5020262002944946]"
3,centroid,1,145,Denom,Denom,"[""Denom"", ""Ratikon"", ""Nivalis"", ""Ilias"", ""Velorum""]","[0.914749801158905, 0.74152010679245, 0.7283673882484436, 0.6668022871017456, 0.33653002977371216]"
3,centroid,1,146,Denom,Denom,"[""Denom"", ""Velorum"", ""Ratikon"", ""Nivalis"", ""Ilias""]","[0.8209871053695679, 0.7267747521400452, 0.657991886138916, 0.6371906995773315, 0.614923357963562]"
3,centroid,1,147,Denom,Denom,"[""Denom"", ""Ratikon"", ""Nivalis"", ""Ilias"", ""Velorum""]","[0.9006008505821228, 0.7729313373565674, 0.7522088289260864, 0.7027024030685425, 0.3684535622596741]"
3,centroid,1,148,Denom,Denom,"[""Denom"", ""Ratikon"", ""Nivalis"", ""Ilias"", ""Velorum""]","[0.9436299204826355, 0.7968811392784119, 0.7456761598587036, 0.724858283996582, 0.5140193700790405]"
3,centroid,1,149,Denom,Denom,"[""Denom"", ""Ratikon"", ""Nivalis"", ""Ilias"", ""Velorum""]","[0.9156492352485657, 0.8899878263473511, 0.8729851245880127, 0.7077336311340332, 0.44303369522094727]"
3,centroid,1,150,Denom,Denom,"[""Denom"", ""Nivalis"", ""Ratikon"", ""Ilias"", ""Velorum""]","[0.8957896828651428, 0.7788909077644348, 0.7122147083282471, 0.6284297108650208, 0.6158926486968994]"
3,centroid,1,151,Denom,Denom,"[""Denom"", ""Ratikon"", ""Nivalis"", ""Ilias"", ""Velorum""]","[0.9331842064857483, 0.8968465328216553, 0.8683295845985413, 0.6468634605407715, 0.48583871126174927]"
3,centroid,1,152,Denom,Denom,"[""Denom"", ""Ratikon"", ""Nivalis"", ""Ilias"", ""Steel_Wheel""]","[0.8252912163734436, 0.7531498670578003, 0.6279573440551758, 0.3648480772972107, 0.08044062554836273]"
3,centroid,1,153,Denom,Denom,"[""Denom"", ""Nivalis"", ""Ratikon"", ""Ilias"", ""Velorum""]","[0.9188717603683472, 0.8368009328842163, 0.7972443103790283, 0.5718461871147156, 0.4754312336444855]"
3,centroid,1,154,Denom,Denom,"[""Denom"", ""Nivalis"", ""Ratikon"", ""Trius"", ""Ilias""]","[0.8008820414543152, 0.6171119809150696, 0.6145966053009033, 0.5576109290122986, 0.5337404608726501]"
3,centroid,1,155,Denom,Denom,"[""Denom"", ""Nivalis"", ""Ratikon"", ""Velorum"", ""Ilias""]","[0.8696523904800415, 0.7737392783164978, 0.7232082486152649, 0.5271478295326233, 0.508770763874054]"
3,centroid,1,156,Denom,Denom,"[""Denom"", ""Nivalis"", ""Ratikon"", ""Ilias"", ""Velorum""]","[0.9186021089553833, 0.6881162524223328, 0.6460665464401245, 0.6394625902175903, 0.27146103978157043]"
3,centroid,1,157,Denom,Denom,"[""Denom"", ""Ilias"", ""Nivalis"", ""Ratikon"", ""Velorum""]","[0.866809606552124, 0.7525042295455933, 0.6870015859603882, 0.6798992156982422, 0.5714313983917236]"
3,centroid,1,158,Denom,Denom,"[""Denom"", ""Velorum"", ""Ilias"", ""Ratikon"", ""Nivalis""]","[0.7891143560409546, 0.574722945690155, 0.5149007439613342, 0.49915021657943726, 0.486925333738327]"
3,centroid,1,159,Gemini,Gemini,"[""Gemini"", ""Xtreme"", ""Braga"", ""Vega"", ""Hawk""]","[0.7925937175750732, 0.5717099905014038, 0.4603305160999298, 0.32419532537460327, 0.2818463146686554]"
3,centroid,1,160,Gemini,Gemini,"[""Gemini"", ""Xtreme"", ""Hawk"", ""Nivalis"", ""Ilias""]","[0.6440369486808777, 0.45174720883369446, 0.41274282336235046, 0.2556546926498413, 0.2294072061777115]"
3,centroid,1,161,Gemini,Gemini,"[""Gemini"", ""Xtreme"", ""Vega"", ""Trius"", ""Braga""]","[0.9464283585548401, 0.5761758089065552, 0.36045515537261963, 0.29250073432922363, 0.2790483236312866]"
3,centroid,1,162,Gemini,Gemini,"[""Gemini"", ""Trius"", ""Xtreme"", ""Vega"", ""Denom""]","[0.9051035046577454, 0.47616642713546753, 0.45852023363113403, 0.4022093713283539, 0.31824639439582825]"
3,centroid,1,163,Gemini,Gemini,"[""Gemini"", ""Trius"", ""Vega"", ""Alaris"", ""Hawk""]","[0.7239944934844971, 0.5886086225509644, 0.5724160671234131, 0.4660326838493347, 0.39579084515571594]"
3,centroid,1,164,Gemini,Gemini,"[""Gemini"", ""Xtreme"", ""Trius"", ""Vega"", ""Braga""]","[0.952923595905304, 0.5104677677154541, 0.5050535202026367, 0.47986117005348206, 0.45800480246543884]"
3,centroid,1,165,Gemini,Gemini,"[""Gemini"", ""Xtreme"", ""Vega"", ""Trius"", ""Triton""]","[0.8583742380142212, 0.4963032007217407, 0.4522297978401184, 0.4239335060119629, 0.3843042850494385]"
3,centroid,1,166,Gemini,Gemini,"[""Gemini"", ""Vega"", ""Trius"", ""Braga"", ""Triton""]","[0.6750832796096802, 0.5622588992118835, 0.471320241689682, 0.446005642414093, 0.35579714179039]"
3,centroid,1,167,Gemini,Gemini,"[""Gemini"", ""Vega"", ""Xtreme"", ""Trius"", ""Triton""]","[0.8746500611305237, 0.4119413197040558, 0.3953370451927185, 0.3836042284965515, 0.3508111834526062]"
3,centroid,1,168,Gemini,Vega,"[""Vega"", ""Alcatras"", ""Gemini"", ""Braga"", ""Trius""]","[0.6632189750671387, 0.5496752262115479, 0.5479594469070435, 0.5411072373390198, 0.4596751928329468]"
3,centroid,1,169,Gemini,Gemini,"[""Gemini"", ""Xtreme"", ""Braga"", ""Trius"", ""Vega""]","[0.9125477075576782, 0.6578842401504517, 0.5161797404289246, 0.38564223051071167, 0.33959800004959106]"
3,centroid,1,170,Gemini,Gemini,"[""Gemini"", ""Xtreme"", ""Hawk"", ""Braga"", ""Vega""]","[0.8557708263397217, 0.5139210224151611, 0.47955021262168884, 0.45327889919281006, 0.4364486336708069]"
3,centroid,1,171,Gemini,Gemini,"[""Gemini"", ""Xtreme"", ""Braga"", ""Vega"", ""Trius""]","[0.8635572195053101, 0.5897089242935181, 0.42081376910209656, 0.35565823316574097, 0.2707645893096924]"
3,centroid,1,172,Gemini,Gemini,"[""Gemini"", ""Xtreme"", ""Vega"", ""Trius"", ""Hawk""]","[0.8957321047782898, 0.6665534973144531, 0.31512710452079773, 0.2698354125022888, 0.2518891394138336]"
3,centroid,1,173,Gemini,Gemini,"[""Gemini"", ""Xtreme"", ""Braga"", ""Vega"", ""Ilias""]","[0.8434144258499146, 0.5358654260635376, 0.31094419956207275, 0.30376386642456055, 0.3030049204826355]"
3,centroid,1,174,Gemini,Gemini,"[""Gemini"", ""Trius"", ""Vega"", ""Alaris"", ""Triton""]","[0.7277769446372986, 0.6764640808105469, 0.5750558376312256, 0.4486120939254761, 0.40149790048599243]"
3,centroid,1,175,Gemini,Gemini,"[""Gemini"", ""Vega"", ""Nivalis"", ""Xtreme"", ""Ilias""]","[0.7178086042404175, 0.5190905332565308, 0.5032868385314941, 0.402829110622406, 0.3773046135902405]"
3,centroid,1,176,Gemini,Gemini,"[""Gemini"", ""Vega"", ""Xtreme"", ""Hawk"", ""Braga""]","[0.5941759347915649, 0.5510240793228149, 0.42742210626602173, 0.24805225431919098, 0.21037256717681885]"
3,centroid,1,177,Gemini,Gemini,"[""Gemini"", ""Trius"", ""Vega"", ""Alaris"", ""Ilias""]","[0.8214696645736694, 0.6070379614830017, 0.5777961015701294, 0.358286052942276, 0.29845917224884033]"
3,centroid,1,178,Gemini,Gemini,"[""Gemini"", ""Trius"", ""Ilias"", ""Alaris"", ""Alcatras""]","[0.7754206657409668, 0.5547919869422913, 0.4418478310108185, 0.4159102439880371, 0.3964947760105133]"
3,centroid,1,179,Gemini,Gemini,"[""Gemini"", ""Vega"", ""Trius"", ""Xtreme"", ""Triton""]","[0.909656286239624, 0.548195481300354, 0.48418331146240234, 0.35220733284950256, 0.3486946225166321]"
3,centroid,1,180,Gemini,Gemini,"[""Gemini"", ""Trius"", ""Vega"", ""Braga"", ""Hawk""]","[0.7712186574935913, 0.5694212913513184, 0.550021767616272, 0.5317510962486267, 0.2787170708179474]"
3,centroid,1,181,Gemini,Hawk,"[""Hawk"", ""Vega"", ""Gemini"", ""Mytikas"", ""Xtreme""]","[0.5345740914344788, 0.4744679927825928, 0.42002004384994507, 0.3173559904098511, 0.3025612235069275]"
3,centroid,1,182,Gemini,Gemini,"[""Gemini"", ""Hawk"", ""Braga"", ""Xtreme"", ""Vega""]","[0.767760157585144, 0.5632317066192627, 0.5587934255599976, 0.5124632120132446, 0.41498440504074097]"
3,centroid,1,183,Gemini,Gemini,"[""Gemini"", ""Xtreme"", ""Vega"", ""Braga"", ""Trius""]","[0.9033384323120117, 0.639671802520752, 0.4724545478820801, 0.4487735629081726, 0.32072871923446655]"
3,centroid,1,184,Gemini,Gemini,"[""Gemini"", ""Vega"", ""Xtreme"", ""Hawk"", ""Trius""]","[0.9010239839553833, 0.5317429304122925, 0.5104377269744873, 0.277078241109848, 0.2521704435348511]"
3,centroid,1,185,Gemini,Gemini,"[""Gemini"", ""Xtreme"", ""Braga"", ""Vega"", ""Trius""]","[0.8601635694503784, 0.7329626083374023, 0.40090325474739075, 0.32995134592056274, 0.25205641984939575]"
3,centroid,1,186,Hawk,Hawk,"[""Hawk"", ""Braga"", ""Gemini"", ""Turbine"", ""Vega""]","[0.8422042727470398, 0.4962807893753052, 0.3432154059410095, 0.3430781066417694, 0.29969221353530884]"
3,centroid,1,187,Hawk,Hawk,"[""Hawk"", ""Vega"", ""Alaris"", ""Turbine"", ""Braga""]","[0.8380259871482849, 0.581136167049408, 0.5740518569946289, 0.4964507818222046, 0.436955988407135]"
3,centroid,1,188,Hawk,Hawk,"[""Hawk"", ""Turbine"", ""Alaris"", ""Vega"", ""Alcatras""]","[0.9201750755310059, 0.5093324184417725, 0.39866307377815247, 0.39797914028167725, 0.32040685415267944]"
3,centroid,1,189,Hawk,Hawk,"[""Hawk"", ""Alaris"", ""Turbine"", ""Alcatras"", ""Vega""]","[0.9095854163169861, 0.40630510449409485, 0.37275347113609314, 0.3686741590499878, 0.22662872076034546]"
3,centroid,1,190,Hawk,Hawk,"[""Hawk"", ""Alcatras"", ""Alaris"", ""Turbine"", ""Braga""]","[0.7877574563026428, 0.6571263074874878, 0.515546441078186, 0.47509169578552246, 0.37788063287734985]"
3,centroid,1,191,Hawk,Hawk,"[""Hawk"", ""Turbine"", ""Braga"", ""Xtreme"", ""Vega""]","[0.8838870525360107, 0.3470304608345032, 0.2956761121749878, 0.2849791646003723, 0.22765003144741058]"
3,centroid,1,192,Hawk,Hawk,"[""Hawk"", ""Turbine"", ""Alaris"", ""Alcatras"", ""Braga""]","[0.8103101253509521, 0.6229639053344727, 0.5750895142555237, 0.5198054909706116, 0.35244467854499817]"
3,centroid,1,193,Hawk,Hawk,"[""Hawk"", ""Alaris"", ""Vega"", ""Alcatras"", ""Braga""]","[0.9188621044158936, 0.5687769651412964, 0.49847787618637085, 0.4277406632900238, 0.40482616424560547]"
3,centroid,1,194,Hawk,Hawk,"[""Hawk"", ""Alaris"", ""Alcatras"", ""Turbine"", ""Vega""]","[0.8891351222991943, 0.49654263257980347, 0.47803258895874023, 0.4772273302078247, 0.3291472792625427]"
3,centroid,1,195,Hawk,Hawk,"[""Hawk"", ""Turbine"", ""Vega"", ""Alaris"", ""Braga""]","[0.9095430374145508, 0.4499469995498657, 0.4151211977005005, 0.3016979694366455, 0.27256128191947937]"
3,centroid,1,196,Hawk,Hawk,"[""Hawk"", ""Vega"", ""Turbine"", ""Alaris"", ""Gemini""]","[0.861223578453064, 0.686439037322998, 0.4175657033920288, 0.30780279636383057, 0.2552439570426941]"
3,centroid,1,197,Hawk,Hawk,"[""Hawk"", ""Turbine"", ""Alaris"", ""Alcatras"", ""Braga""]","[0.8708509206771851, 0.5588724613189697, 0.5485846400260925, 0.5442014336585999, 0.3956174850463867]"
3,centroid,1,198,Hawk,Hawk,"[""Hawk"", ""Turbine"", ""Alcatras"", ""Alaris"", ""Vega""]","[0.9300887584686279, 0.3548664450645447, 0.3333580493927002, 0.31634318828582764, 0.2751742899417877]"
3,centroid,1,199,Hawk,Hawk,"[""Hawk"", ""Turbine"", ""Xtreme"", ""Vega"", ""Velorum""]","[0.8223081827163696, 0.3274710774421692, 0.19735528528690338, 0.1614168882369995, 0.11653368175029755]"
3,centroid,1,200,Hawk,Hawk,"[""Hawk"", ""Alaris"", ""Vega"", ""Turbine"", ""Alcatras""]","[0.9351091384887695, 0.4583728313446045, 0.4396294951438904, 0.4292314052581787, 0.35565856099128723]"
3,centroid,1,201,Hawk,Hawk,"[""Hawk"", ""Turbine"", ""Alaris"", ""Alcatras"", ""Vega""]","[0.6893810629844666, 0.6458485722541809, 0.6270511150360107, 0.4862973690032959, 0.3746996521949768]"
3,centroid,1,202,Hawk,Hawk,"[""Hawk"", ""Vega"", ""Alaris"", ""Turbine"", ""Alcatras""]","[0.9116385579109192, 0.4974595010280609, 0.47685930132865906, 0.40244898200035095, 0.3247278928756714]"
3,centroid,1,203,Hawk,Hawk,"[""Hawk"", ""Turbine"", ""Vega"", ""Alaris"", ""Alcatras""]","[0.8984463214874268, 0.41168540716171265, 0.39838555455207825, 0.27678555250167847, 0.17788627743721008]"
3,centroid,1,204,Hawk,Hawk,"[""Hawk"", ""Vega"", ""Alaris"", ""Alcatras"", ""Turbine""]","[0.9412274360656738, 0.46028321981430054, 0.427436888217926, 0.39270979166030884, 0.3709380030632019]"
3,centroid,1,205,Hawk,Hawk,"[""Hawk"", ""Turbine"", ""Alcatras"", ""Vega"", ""Braga""]","[0.7913970947265625, 0.4176395833492279, 0.39284199476242065, 0.38421809673309326, 0.3725312054157257]"
3,centroid,1,206,Hawk,Hawk,"[""Hawk"", ""Turbine"", ""Braga"", ""Alcatras"", ""Alaris""]","[0.8551512956619263, 0.5441712141036987, 0.4301607608795166, 0.4001047611236572, 0.38503825664520264]"
3,centroid,1,207,Hawk,Hawk,"[""Hawk"", ""Braga"", ""Turbine"", ""Vega"", ""Xtreme""]","[0.766252875328064, 0.42638227343559265, 0.32320845127105713, 0.32245689630508423, 0.2386407107114792]"
3,centroid,1,208,Hawk,Hawk,"[""Hawk"", ""Turbine"", ""Alcatras"", ""Alaris"", ""Vega""]","[0.8848270773887634, 0.4604060649871826, 0.297125905752182, 0.2766701579093933, 0.18785887956619263]"
3,centroid,1,209,Hawk,Hawk,"[""Hawk"", ""Vega"", ""Alaris"", ""Alcatras"", ""Turbine""]","[0.9328269958496094, 0.46684813499450684, 0.46459251642227173, 0.45535361766815186, 0.33273035287857056]"
3,centroid,1,210,Hawk,Hawk,"[""Hawk"", ""Vega"", ""Turbine"", ""Braga"", ""Alaris""]","[0.7976952791213989, 0.6735462546348572, 0.5299773812294006, 0.3318876326084137, 0.30566415190696716]"
3,centroid,1,211,Ilias,Ratikon,"[""Ratikon"", ""Nivalis"", ""Ilias"", ""Velorum"", ""Denom""]","[0.7734540700912476, 0.6642554998397827, 0.6637493371963501, 0.4320877194404602, 0.3821033239364624]"
3,centroid,1,212,Ilias,Ilias,"[""Ilias"", ""Nivalis"", ""Ratikon"", ""Denom"", ""Velorum""]","[0.8827192783355713, 0.6722400784492493, 0.6609490513801575, 0.6567383408546448, 0.521878182888031]"
3,centroid,1,213,Ilias,Ilias,"[""Ilias"", ""Ratikon"", ""Denom"", ""Nivalis"", ""Triton""]","[0.8806897401809692, 0.7521562576293945, 0.6536743640899658, 0.5311272144317627, 0.3541160821914673]"
3,centroid,1,214,Ilias,Ilias,"[""Ilias"", ""Velorum"", ""Denom"", ""Ratikon"", ""Nivalis""]","[0.8281838297843933, 0.7980433702468872, 0.7832531332969666, 0.7654655575752258, 0.7373788356781006]"
3,centroid,1,215,Ilias,Ilias,"[""Ilias"", ""Ratikon"", ""Triton"", ""Velorum"", ""Nivalis""]","[0.6661956906318665, 0.4360926151275635, 0.3941299021244049, 0.3061610162258148, 0.26508909463882446]"
3,centroid,1,216,Ilias,Ilias,"[""Ilias"", ""Ratikon"", ""Nivalis"", ""Denom"", ""Velorum""]","[0.8426945209503174, 0.7485189437866211, 0.6737302541732788, 0.6072369813919067, 0.5713708400726318]"
3,centroid,1,217,Ilias,Ilias,"[""Ilias"", ""Ratikon"", ""Nivalis"", ""Velorum"", ""Denom""]","[0.904861330986023, 0.7274541854858398, 0.6387654542922974, 0.619515061378479, 0.5899612307548523]"
3,centroid,1,218,Ilias,Ilias,"[""Ilias"", ""Triton"", ""Ratikon"", ""Velorum"", ""Trius""]","[0.6816622018814087, 0.6664884090423584, 0.5452924966812134, 0.5053568482398987, 0.4642667770385742]"
3,centroid,1,219,Ilias,Ilias,"[""Ilias"", ""Ratikon"", ""Denom"", ""Nivalis"", ""Velorum""]","[0.941391110420227, 0.7044075727462769, 0.6138828992843628, 0.6084692478179932, 0.4744768440723419]"
3,centroid,1,220,Ilias,Ilias,"[""Ilias"", ""Velorum"", ""Ratikon"", ""Nivalis"", ""Denom""]","[0.7855141162872314, 0.7805728912353516, 0.7254805564880371, 0.6828457713127136, 0.6777416467666626]"
3,centroid,1,221,Ilias,Ratikon,"[""Ratikon"", ""Denom"", ""Nivalis"", ""Ilias"", ""Velorum""]","[0.8824729919433594, 0.7522827982902527, 0.6904078722000122, 0.6471929550170898, 0.3463110327720642]"
3,centroid,1,222,Ilias,Ilias,"[""Ilias"", ""Ratikon"", ""Nivalis"", ""Denom"", ""Velorum""]","[0.8797915577888489, 0.6791812181472778, 0.6081770658493042, 0.5440987348556519, 0.43305736780166626]"
3,centroid,1,223,Ilias,Ilias,"[""Ilias"", ""Denom"", ""Ratikon"", ""Nivalis"", ""Velorum""]","[0.9175688624382019, 0.6643368005752563, 0.6563483476638794, 0.6177796125411987, 0.5856025218963623]"
3,centroid,1,224,Ilias,Ilias,"[""Ilias"", ""Denom"", ""Ratikon"", ""Nivalis"", ""Gemini""]","[0.8581554889678955, 0.74648118019104, 0.7158281803131104, 0.5292021036148071, 0.3441759943962097]"
3,centroid,1,225,Ilias,Ilias,"[""Ilias"", ""Ratikon"", ""Denom"", ""Triton"", ""Nivalis""]","[0.8645371198654175, 0.7289407253265381, 0.5168130993843079, 0.5150055885314941, 0.5050766468048096]"
3,centroid,1,226,Ilias,Ilias,"[""Ilias"", ""Ratikon"", ""Nivalis"", ""Denom"", ""Velorum""]","[0.9684556722640991, 0.7889600992202759, 0.675911009311676, 0.6525908708572388, 0.5062905550003052]"
3,centroid,1,227,Ilias,Ilias,"[""Ilias"", ""Ratikon"", ""Nivalis"", ""Velorum"", ""Denom""]","[0.8395165205001831, 0.6881020069122314, 0.6402792930603027, 0.6287364363670349, 0.5537977814674377]"
3,centroid,1,228,Ilias,Ilias,"[""Ilias"", ""Ratikon"", ""Nivalis"", ""Denom"", ""Triton""]","[0.7924858927726746, 0.6940865516662598, 0.52591872215271, 0.49237486720085144, 0.33066779375076294]"
3,centroid,1,229,Ilias,Ilias,"[""Ilias"", ""Velorum"", ""Ratikon"", ""Denom"", ""Nivalis""]","[0.8451202511787415, 0.7693796753883362, 0.7348758578300476, 0.7222885489463806, 0.6878920793533325]"
3,centroid,1,230,Ilias,Ilias,"[""Ilias"", ""Ratikon"", ""Denom"", ""Nivalis"", ""Triton""]","[0.9176320433616638, 0.5887722373008728, 0.49375981092453003, 0.4812832176685333, 0.4751673936843872]"
3,centroid,1,231,Ilias,Ilias,"[""Ilias"", ""Ratikon"", ""Denom"", ""Nivalis"", ""Velorum""]","[0.8714197874069214, 0.8567864894866943, 0.8113148212432861, 0.7562094926834106, 0.4223780035972595]"
3,centroid,1,232,Ilias,Ilias,"[""Ilias"", ""Ratikon"", ""Nivalis"", ""Denom"", ""Velorum""]","[0.8850993514060974, 0.8634210824966431, 0.6752285957336426, 0.608088493347168, 0.42597776651382446]"
3,centroid,1,233,Ilias,Ilias,"[""Ilias"", ""Ratikon"", ""Denom"", ""Nivalis"", ""Triton""]","[0.8895573616027832, 0.6036698818206787, 0.485449880361557, 0.4690300226211548, 0.38490039110183716]"
3,centroid,1,234,Ilias,Ilias,"[""Ilias"", ""Nivalis"", ""Ratikon"", ""Velorum"", ""Denom""]","[0.8727072477340698, 0.6598711013793945, 0.6451656818389893, 0.6218813061714172, 0.6166830062866211]"
3,centroid,1,235,Ilias,Ilias,"[""Ilias"", ""Ratikon"", ""Nivalis"", ""Denom"", ""Velorum""]","[0.8816423416137695, 0.6328359842300415, 0.603938102722168, 0.5659358501434326, 0.3274531364440918]"
3,centroid,1,236,Ilias,Ilias,"[""Ilias"", ""Ratikon"", ""Nivalis"", ""Denom"", ""Velorum""]","[0.7919201850891113, 0.7806252241134644, 0.7521668672561646, 0.5183629393577576, 0.48897671699523926]"
3,centroid,1,237,Ilias,Ilias,"[""Ilias"", ""Ratikon"", ""Nivalis"", ""Velorum"", ""Denom""]","[0.8752346634864807, 0.5944476127624512, 0.5944231748580933, 0.5809423923492432, 0.5675906538963318]"
3,centroid,1,238,Ilias,Velorum,"[""Velorum"", ""Ilias"", ""Denom"", ""Nivalis"", ""Ratikon""]","[0.7954282760620117, 0.7258193492889404, 0.6042481660842896, 0.5574102401733398, 0.5165200233459473]"
3,centroid,1,239,Ilias,Ilias,"[""Ilias"", ""Ratikon"", ""Nivalis"", ""Denom"", ""Velorum""]","[0.8566806316375732, 0.7402392029762268, 0.6162062287330627, 0.5835148096084595, 0.291709303855896]"
3,centroid,1,240,Mytikas,Triton,"[""Triton"", ""Castor"", ""Braga"", ""Mytikas"", ""Alcatras""]","[0.6632106304168701, 0.5592668056488037, 0.5331538915634155, 0.4518786370754242, 0.44614261388778687]"
3,centroid,1,241,Mytikas,Mytikas,"[""Mytikas"", ""Trius"", ""Triton"", ""Velorum"", ""Nivalis""]","[0.8660370111465454, 0.5422359108924866, 0.5133373141288757, 0.29140138626098633, 0.26364314556121826]"
3,centroid,1,242,Mytikas,Mytikas,"[""Mytikas"", ""Alcatras"", ""Triton"", ""Trius"", ""Alaris""]","[0.8067886233329773, 0.6738817691802979, 0.5292619466781616, 0.4830315411090851, 0.45431390404701233]"
3,centroid,1,243,Mytikas,Mytikas,"[""Mytikas"", ""Triton"", ""Trius"", ""Velorum"", ""Castor""]","[0.8596299886703491, 0.7543325424194336, 0.6914730072021484, 0.3813513517379761, 0.3500160574913025]"
3,centroid,1,244,Mytikas,Mytikas,"[""Mytikas"", ""Triton"", ""Castor"", ""Alcatras"", ""Trius""]","[0.843834638595581, 0.667853832244873, 0.5962444543838501, 0.5228224992752075, 0.5048037767410278]"
3,centroid,1,245,Mytikas,Triton,"[""Triton"", ""Mytikas"", ""Trius"", ""Alcatras"", ""Braga""]","[0.8646736145019531, 0.7185490727424622, 0.6427242755889893, 0.600042998790741, 0.4827582836151123]"
3,centroid,1,246,Mytikas,Mytikas,"[""Mytikas"", ""Trius"", ""Triton"", ""Braga"", ""Alcatras""]","[0.8537546396255493, 0.4822077751159668, 0.4428402781486511, 0.3645116686820984, 0.30662989616394043]"
3,centroid,1,247,Mytikas,Mytikas,"[""Mytikas"", ""Triton"", ""Trius"", ""Alcatras"", ""Castor""]","[0.9284073710441589, 0.7002764940261841, 0.5736972689628601, 0.45514485239982605, 0.41818565130233765]"
3,centroid,1,248,Mytikas,Mytikas,"[""Mytikas"", ""Castor"", ""Trius"", ""Alcatras"", ""Triton""]","[0.7976232767105103, 0.44383150339126587, 0.39928674697875977, 0.38076356053352356, 0.32656583189964294]"
3,centroid,1,249,Mytikas,Mytikas,"[""Mytikas"", ""Castor"", ""Turbine"", ""Triton"", ""Braga""]","[0.824988842010498, 0.4238242506980896, 0.41522300243377686, 0.4001113176345825, 0.37126219272613525]"
3,centroid,1,250,Mytikas,Triton,"[""Triton"", ""Mytikas"", ""Alcatras"", ""Trius"", ""Castor""]","[0.7885669469833374, 0.7693817615509033, 0.613373339176178, 0.5634844303131104, 0.5088670253753662]"
3,centroid,1,251,Mytikas,Triton,"[""Triton"", ""Mytikas"", ""Trius"", ""Braga"", ""Castor""]","[0.8371930718421936, 0.7864556312561035, 0.5408186912536621, 0.41392782330513, 0.41122159361839294]"
3,centroid,1,252,Mytikas,Triton,"[""Triton"", ""Trius"", ""Mytikas"", ""Braga"", ""Castor""]","[0.672562837600708, 0.5391319394111633, 0.42158955335617065, 0.33450084924697876, 0.31298863887786865]"
3,centroid,1,253,Mytikas,Mytikas,"[""Mytikas"", ""Triton"", ""Alcatras"", ""Castor"", ""Trius""]","[0.8475237488746643, 0.642889678478241, 0.6389765739440918, 0.5560028553009033, 0.47561267018318176]"
3,centroid,1,254,Mytikas,Triton,"[""Triton"", ""Castor"", ""Mytikas"", ""Braga"", ""Trius""]","[0.7648249864578247, 0.7510676383972168, 0.6349847316741943, 0.5015904903411865, 0.4036545753479004]"
3,centroid,1,255,Mytikas,Mytikas,"[""Mytikas"", ""Castor"", ""Turbine"", ""Alcatras"", ""Braga""]","[0.7358605861663818, 0.6599571704864502, 0.5991204977035522, 0.5958129167556763, 0.4836063086986542]"
3,centroid,1,256,Mytikas,Mytikas,"[""Mytikas"", ""Trius"", ""Alcatras"", ""Vega"", ""Alaris""]","[0.6827055215835571, 0.5960811972618103, 0.5301500558853149, 0.4836260676383972, 0.4480307698249817]"
3,centroid,1,257,Mytikas,Triton,"[""Triton"", ""Mytikas"", ""Castor"", ""Trius"", ""Alcatras""]","[0.8252710103988647, 0.7553582787513733, 0.7130581140518188, 0.6576419472694397, 0.6363544464111328]"
3,centroid,1,258,Mytikas,Mytikas,"[""Mytikas"", ""Triton"", ""Castor"", ""Trius"", ""Braga""]","[0.7680918574333191, 0.7657086849212646, 0.6330260038375854, 0.42907312512397766, 0.3729930818080902]"
3,centroid,1,259,Mytikas,Triton,"[""Triton"", ""Mytikas"", ""Castor"", ""Trius"", ""Alcatras""]","[0.8510925769805908, 0.8216623067855835, 0.5989235639572144, 0.5459323525428772, 0.426408976316452]"
3,centroid,1,260,Mytikas,Mytikas,"[""Mytikas"", ""Triton"", ""Braga"", ""Castor"", ""Alcatras""]","[0.7749921679496765, 0.6803925037384033, 0.5491388440132141, 0.4511276185512543, 0.4340120851993561]"
3,centroid,1,261,Mytikas,Mytikas,"[""Mytikas"", ""Triton"", ""Castor"", ""Trius"", ""Braga""]","[0.8543305993080139, 0.7812968492507935, 0.6282825469970703, 0.5697035789489746, 0.4080556035041809]"
3,centroid,1,262,Mytikas,Triton,"[""Triton"", ""Mytikas"", ""Castor"", ""Braga"", ""Trius""]","[0.705007791519165, 0.6840679049491882, 0.39309895038604736, 0.326835572719574, 0.2650967538356781]"
3,centroid,1,263,Mytikas,Mytikas,"[""Mytikas"", ""Alcatras"", ""Braga"", ""Alaris"", ""Triton""]","[0.8360863924026489, 0.6693845987319946, 0.4956715404987335, 0.49502110481262207, 0.4923943877220154]"
3,centroid,1,264,Mytikas,Mytikas,"[""Mytikas"", ""Triton"", ""Braga"", ""Trius"", ""Castor""]","[0.7639108896255493, 0.6770418286323547, 0.610039472579956, 0.5238090753555298, 0.5145912170410156]"
3,centroid,1,265,Mytikas,Mytikas,"[""Mytikas"", ""Triton"", ""Trius"", ""Vega"", ""Braga""]","[0.7476189136505127, 0.4730091691017151, 0.4309595823287964, 0.2845359742641449, 0.2670421898365021]"
3,centroid,1,266,Mytikas,Trius,"[""Trius"", ""Mytikas"", ""Triton"", ""Nivalis"", ""Velorum""]","[0.6739336848258972, 0.5982811450958252, 0.4794764220714569, 0.3086088299751282, 0.2585669755935669]"
3,centroid,1,267,Nivalis,Nivalis,"[""Nivalis"", ""Denom"", ""Ratikon"", ""Ilias"", ""Velorum""]","[0.8684632778167725, 0.6905767917633057, 0.6273074150085449, 0.523378849029541, 0.3580213785171509]"
3,centroid,1,268,Nivalis,Nivalis,"[""Nivalis"", ""Ratikon"", ""Denom"", ""Mytikas"", ""Velorum""]","[0.8137475252151489, 0.5451259613037109, 0.474815309047699, 0.3026834726333618, 0.25640660524368286]"
3,centroid,1,269,Nivalis,Nivalis,"[""Nivalis"", ""Denom"", ""Ratikon"", ""Velorum"", ""Ilias""]","[0.9073412418365479, 0.6802089214324951, 0.649345338344574, 0.5919829607009888, 0.4370884895324707]"
3,centroid,1,270,Nivalis,Nivalis,"[""Nivalis"", ""Ratikon"", ""Denom"", ""Ilias"", ""Velorum""]","[0.8872654438018799, 0.8527109622955322, 0.8154155015945435, 0.738253653049469, 0.6221587061882019]"
3,centroid,1,271,Nivalis,Nivalis,"[""Nivalis"", ""Denom"", ""Ratikon"", ""Velorum"", ""Ilias""]","[0.9069759845733643, 0.6927269101142883, 0.641666054725647, 0.5291517972946167, 0.39763393998146057]"
3,centroid,1,272,Nivalis,Nivalis,"[""Nivalis"", ""Denom"", ""Ratikon"", ""Ilias"", ""Velorum""]","[0.8982969522476196, 0.7567054629325867, 0.7410484552383423, 0.5709128379821777, 0.2555522322654724]"
3,centroid,1,273,Nivalis,Nivalis,"[""Nivalis"", ""Ratikon"", ""Denom"", ""Ilias"", ""Velorum""]","[0.8988679051399231, 0.7393127679824829, 0.7133615612983704, 0.48088976740837097, 0.3940783739089966]"
3,centroid,1,274,Nivalis,Denom,"[""Denom"", ""Nivalis"", ""Velorum"", ""Ratikon"", ""Ilias""]","[0.7924759387969971, 0.7813428640365601, 0.6781557202339172, 0.517029345035553, 0.4421045184135437]"
3,centroid,1,275,Nivalis,Nivalis,"[""Nivalis"", ""Ratikon"", ""Denom"", ""Velorum"", ""Ilias""]","[0.8466253876686096, 0.6263883709907532, 0.5961220264434814, 0.39734965562820435, 0.33993855118751526]"
3,centroid,1,276,Nivalis,Denom,"[""Denom"", ""Nivalis"", ""Ratikon"", ""Ilias"", ""Velorum""]","[0.7795978784561157, 0.7557371854782104, 0.7482378482818604, 0.7413831353187561, 0.7382615804672241]"
3,centroid,1,277,Nivalis,Nivalis,"[""Nivalis"", ""Denom"", ""Ratikon"", ""Ilias"", ""Velorum""]","[0.9442131519317627, 0.7979229688644409, 0.7473284006118774, 0.6430050730705261, 0.5745847225189209]"
3,centroid,1,278,Nivalis,Nivalis,"[""Nivalis"", ""Denom"", ""Ratikon"", ""Ilias"", ""Vega""]","[0.8499900102615356, 0.6091563105583191, 0.5996872186660767, 0.48266929388046265, 0.4083233177661896]"
3,centroid,1,279,Nivalis,Ratikon,"[""Ratikon"", ""Nivalis"", ""Denom"", ""Ilias"", ""Velorum""]","[0.8986126184463501, 0.8362950086593628, 0.8060605525970459, 0.6966110467910767, 0.5611526966094971]"
3,centroid,1,280,Nivalis,Denom,"[""Denom"", ""Nivalis"", ""Ratikon"", ""Ilias"", ""Velorum""]","[0.9402604103088379, 0.8489450216293335, 0.7971063852310181, 0.5824224948883057, 0.3783785104751587]"
3,centroid,1,281,Nivalis,Denom,"[""Denom"", ""Ratikon"", ""Nivalis"", ""Ilias"", ""Velorum""]","[0.8807264566421509, 0.8629105091094971, 0.8513395190238953, 0.5997872352600098, 0.35776299238204956]"
3,centroid,1,282,Nivalis,Nivalis,"[""Nivalis"", ""Ratikon"", ""Denom"", ""Ilias"", ""Velorum""]","[0.8581861257553101, 0.7291560173034668, 0.6238821744918823, 0.5872243642807007, 0.5411310195922852]"
3,centroid,1,283,Nivalis,Nivalis,"[""Nivalis"", ""Ratikon"", ""Denom"", ""Ilias"", ""Velorum""]","[0.9205968379974365, 0.7250944375991821, 0.5936908721923828, 0.5661089420318604, 0.4627770185470581]"
3,centroid,1,284,Nivalis,Nivalis,"[""Nivalis"", ""Ratikon"", ""Denom"", ""Ilias"", ""Mytikas""]","[0.8180087804794312, 0.5690860748291016, 0.5132690668106079, 0.3273492455482483, 0.29903459548950195]"
3,centroid,1,285,Nivalis,Nivalis,"[""Nivalis"", ""Denom"", ""Ratikon"", ""Ilias"", ""Velorum""]","[0.903740406036377, 0.6535429954528809, 0.6319817304611206, 0.4534810483455658, 0.43450409173965454]"
3,centroid,1,286,Nivalis,Nivalis,"[""Nivalis"", ""Denom"", ""Velorum"", ""Ilias"", ""Ratikon""]","[0.8628201484680176, 0.7415788173675537, 0.6689453721046448, 0.6367126703262329, 0.628926157951355]"
3,centroid,1,287,Nivalis,Nivalis,"[""Nivalis"", ""Ratikon"", ""Denom"", ""Ilias"", ""Velorum""]","[0.9164778590202332, 0.7997981309890747, 0.7651799321174622, 0.6319718360900879, 0.5627987384796143]"
3,centroid,1,288,Nivalis,Nivalis,"[""Nivalis"", ""Ratikon"", ""Denom"", ""Vega"", ""Ilias""]","[0.7701618671417236, 0.4902088940143585, 0.40663009881973267, 0.3181602954864502, 0.30699241161346436]"
3,centroid,1,289,Ratikon,Ratikon,"[""Ratikon"", ""Denom"", ""Nivalis"", ""Ilias"", ""Velorum""]","[0.9318245649337769, 0.7647873163223267, 0.7049224376678467, 0.6102544069290161, 0.38586774468421936]"
3,centroid,1,290,Ratikon,Ratikon,"[""Ratikon"", ""Denom"", ""Nivalis"", ""Ilias"", ""Velorum""]","[0.9259923100471497, 0.7632408142089844, 0.6396596431732178, 0.5838533639907837, 0.19778206944465637]"
3,centroid,1,291,Ratikon,Ratikon,"[""Ratikon"", ""Nivalis"", ""Denom"", ""Ilias"", ""Velorum""]","[0.8695284128189087, 0.7966289520263672, 0.736222505569458, 0.6417909264564514, 0.2804100811481476]"
3,centroid,1,292,Ratikon,Nivalis,"[""Nivalis"", ""Ratikon"", ""Denom"", ""Ilias"", ""Velorum""]","[0.8438466191291809, 0.7879930734634399, 0.5631310343742371, 0.5470101237297058, 0.40940529108047485]"
3,centroid,1,293,Ratikon,Ratikon,"[""Ratikon"", ""Denom"", ""Nivalis"", ""Ilias"", ""Velorum""]","[0.8972200155258179, 0.8056661486625671, 0.7440352439880371, 0.642285943031311, 0.44937628507614136]"
3,centroid,1,294,Ratikon,Ratikon,"[""Ratikon"", ""Ilias"", ""Nivalis"", ""Velorum"", ""Denom""]","[0.8291044235229492, 0.793444037437439, 0.7145535349845886, 0.6890266537666321, 0.5818846821784973]"
3,centroid,1,295,Ratikon,Ratikon,"[""Ratikon"", ""Denom"", ""Nivalis"", ""Ilias"", ""Velorum""]","[0.9450711011886597, 0.8306295871734619, 0.7198866009712219, 0.675599217414856, 0.2048344910144806]"
3,centroid,1,296,Ratikon,Ratikon,"[""Ratikon"", ""Ilias"", ""Denom"", ""Nivalis"", ""Triton""]","[0.8012828230857849, 0.6807548999786377, 0.5723437666893005, 0.5688351392745972, 0.3610836863517761]"
3,centroid,1,297,Ratikon,Ratikon,"[""Ratikon"", ""Nivalis"", ""Denom"", ""Ilias"", ""Velorum""]","[0.9085597991943359, 0.7710200548171997, 0.6873027086257935, 0.5863878726959229, 0.22785644233226776]"
3,centroid,1,298,Ratikon,Ratikon,"[""Ratikon"", ""Ilias"", ""Denom"", ""Nivalis"", ""Velorum""]","[0.9203827977180481, 0.824998140335083, 0.7145185470581055, 0.6672382950782776, 0.5155699253082275]"
3,centroid,1,299,Ratikon,Ratikon,"[""Ratikon"", ""Denom"", ""Ilias"", ""Nivalis"", ""Velorum""]","[0.9673933386802673, 0.7664737105369568, 0.7474938035011292, 0.7040603160858154, 0.28167858719825745]"
3,centroid,1,300,Ratikon,Ratikon,"[""Ratikon"", ""Nivalis"", ""Denom"", ""Ilias"", ""Alaris""]","[0.688697099685669, 0.5471712350845337, 0.5266720056533813, 0.28483182191848755, 0.21927249431610107]"
3,centroid,1,301,Ratikon,Ratikon,"[""Ratikon"", ""Denom"", ""Nivalis"", ""Ilias"", ""Velorum""]","[0.9073964357376099, 0.7364792823791504, 0.7000317573547363, 0.6546523571014404, 0.1350220888853073]"
3,centroid,1,302,Ratikon,Ratikon,"[""Ratikon"", ""Ilias"", ""Denom"", ""Nivalis"", ""Velorum""]","[0.824944019317627, 0.7842074036598206, 0.697958767414093, 0.6132795214653015, 0.5508183240890503]"
3,centroid,1,303,Ratikon,Ratikon,"[""Ratikon"", ""Denom"", ""Ilias"", ""Nivalis"", ""Velorum""]","[0.9076172113418579, 0.7653369903564453, 0.6789451837539673, 0.658625602722168, 0.34156379103660583]"
3,centroid,1,304,Ratikon,Ratikon,"[""Ratikon"", ""Nivalis"", ""Ilias"", ""Denom"", ""Velorum""]","[0.924369215965271, 0.6391431093215942, 0.6252443790435791, 0.6247636079788208, 0.31508392095565796]"
3,centroid,1,305,Ratikon,Ratikon,"[""Ratikon"", ""Nivalis"", ""Ilias"", ""Denom"", ""Velorum""]","[0.8973077535629272, 0.7292783260345459, 0.7130515575408936, 0.5584439039230347, 0.28845569491386414]"
3,centroid,1,306,Ratikon,Ratikon,"[""Ratikon"", ""Denom"", ""Ilias"", ""Nivalis"", ""Trius""]","[0.8722223043441772, 0.7354837656021118, 0.7044165134429932, 0.6026346683502197, 0.3638555407524109]"
3,centroid,1,307,Ratikon,Ratikon,"[""Ratikon"", ""Denom"", ""Ilias"", ""Nivalis"", ""Trius""]","[0.858652651309967, 0.6381409764289856, 0.6020287871360779, 0.5998615026473999, 0.241629958152771]"
3,centroid,1,308,Ratikon,Ratikon,"[""Ratikon"", ""Ilias"", ""Nivalis"", ""Denom"", ""Velorum""]","[0.8543359041213989, 0.8116337060928345, 0.5979050397872925, 0.5695488452911377, 0.3456398844718933]"
3,centroid,1,309,Ratikon,Ilias,"[""Ilias"", ""Ratikon"", ""Denom"", ""Nivalis"", ""Velorum""]","[0.8804080486297607, 0.8088055849075317, 0.6501743793487549, 0.6035863161087036, 0.42827415466308594]"
3,centroid,1,310,Ratikon,Ratikon,"[""Ratikon"", ""Nivalis"", ""Denom"", ""Ilias"", ""Velorum""]","[0.9216902256011963, 0.7806364893913269, 0.7090004682540894, 0.5319972634315491, 0.30911511182785034]"
3,centroid,1,311,Ratikon,Ratikon,"[""Ratikon"", ""Denom"", ""Ilias"", ""Nivalis"", ""Velorum""]","[0.767463207244873, 0.7598084807395935, 0.7286827564239502, 0.6912776231765747, 0.45681679248809814]"
3,centroid,1,312,Ratikon,Ratikon,"[""Ratikon"", ""Ilias"", ""Denom"", ""Nivalis"", ""Velorum""]","[0.9249005317687988, 0.8396416902542114, 0.8051285743713379, 0.687145471572876, 0.253200888633728]"
3,centroid,1,313,Ratikon,Ratikon,"[""Ratikon"", ""Nivalis"", ""Ilias"", ""Denom"", ""Velorum""]","[0.9072269201278687, 0.8094692230224609, 0.6775979995727539, 0.6710233688354492, 0.41623377799987793]"
3,centroid,1,314,Ratikon,Ilias,"[""Ilias"", ""Ratikon"", ""Nivalis"", ""Denom"", ""Velorum""]","[0.7888582348823547, 0.7687912583351135, 0.7638801336288452, 0.7251313328742981, 0.4309996962547302]"
3,centroid,1,315,Ratikon,Ilias,"[""Ilias"", ""Ratikon"", ""Denom"", ""Nivalis"", ""Triton""]","[0.8033461570739746, 0.7364439964294434, 0.6487714648246765, 0.6182888746261597, 0.4591142535209656]"
3,centroid,1,316,Ratikon,Ratikon,"[""Ratikon"", ""Nivalis"", ""Denom"", ""Ilias"", ""Velorum""]","[0.8991706371307373, 0.7667598724365234, 0.6310805082321167, 0.549342155456543, 0.3764524459838867]"
3,centroid,1,317,Steel_Wheel,Steel_Wheel,"[""Steel_Wheel"", ""Xtreme"", ""Gemini"", ""Mytikas"", ""Turbine""]","[0.8919210433959961, 0.09395219385623932, 0.07486820220947266, 0.01301158033311367, 0.011451910249888897]"
3,centroid,1,318,Steel_Wheel,Steel_Wheel,"[""Steel_Wheel"", ""Denom"", ""Ratikon"", ""Nivalis"", ""Velorum""]","[0.9352272152900696, 0.15095162391662598, 0.09150591492652893, 0.07792536169290543, 0.05067560449242592]"
3,centroid,1,319,Steel_Wheel,Steel_Wheel,"[""Steel_Wheel"", ""Nivalis"", ""Castor"", ""Mytikas"", ""Denom""]","[0.9387666583061218, 0.055774837732315063, 0.04088549315929413, 0.03929842635989189, -0.003850563894957304]"
3,centroid,1,320,Steel_Wheel,Steel_Wheel,"[""Steel_Wheel"", ""Nivalis"", ""Mytikas"", ""Ratikon"", ""Denom""]","[0.9347516894340515, 0.024774372577667236, 0.015429103747010231, 0.003690446726977825, -0.011047997511923313]"
3,centroid,1,321,Steel_Wheel,Steel_Wheel,"[""Steel_Wheel"", ""Xtreme"", ""Turbine"", ""Hawk"", ""Gemini""]","[0.9307506084442139, 0.11775436997413635, 0.039168961346149445, 0.012095417827367783, 0.0049674734473228455]"
3,centroid,1,322,Steel_Wheel,Steel_Wheel,"[""Steel_Wheel"", ""Nivalis"", ""Denom"", ""Velorum"", ""Xtreme""]","[0.9699537754058838, 0.061646200716495514, 0.05670188367366791, 0.024307571351528168, -0.015013987198472023]"
3,centroid,1,323,Steel_Wheel,Steel_Wheel,"[""Steel_Wheel"", ""Mytikas"", ""Trius"", ""Nivalis"", ""Denom""]","[0.9571163654327393, 0.21851865947246552, 0.15225750207901, 0.10039418935775757, 0.07648330181837082]"
3,centroid,1,324,Steel_Wheel,Steel_Wheel,"[""Steel_Wheel"", ""Mytikas"", ""Nivalis"", ""Xtreme"", ""Alcatras""]","[0.9410384297370911, 0.09341153502464294, 0.06728741526603699, 0.05072985962033272, 0.019942235201597214]"
3,centroid,1,325,Steel_Wheel,Steel_Wheel,"[""Steel_Wheel"", ""Velorum"", ""Nivalis"", ""Mytikas"", ""Denom""]","[0.9367542266845703, 0.0765957236289978, 0.0761536955833435, 0.044255223125219345, 0.035225760191679]"
3,centroid,1,326,Steel_Wheel,Steel_Wheel,"[""Steel_Wheel"", ""Denom"", ""Nivalis"", ""Ratikon"", ""Trius""]","[0.9544970989227295, 0.17950265109539032, 0.1335095316171646, 0.09791110455989838, 0.06825324892997742]"
3,centroid,1,327,Steel_Wheel,Steel_Wheel,"[""Steel_Wheel"", ""Nivalis"", ""Denom"", ""Ratikon"", ""Hawk""]","[0.9279792308807373, 0.17540445923805237, 0.16550934314727783, 0.14220505952835083, 0.11150828003883362]"
3,centroid,1,328,Steel_Wheel,Steel_Wheel,"[""Steel_Wheel"", ""Nivalis"", ""Denom"", ""Xtreme"", ""Gemini""]","[0.9850588440895081, 0.08791710436344147, 0.08489180356264114, 0.07983047515153885, 0.0375383161008358]"
3,centroid,1,329,Steel_Wheel,Steel_Wheel,"[""Steel_Wheel"", ""Xtreme"", ""Mytikas"", ""Castor"", ""Velorum""]","[0.9336700439453125, 0.12587425112724304, 0.11738379299640656, 0.09314069151878357, 0.006289677694439888]"
3,centroid,1,330,Steel_Wheel,Steel_Wheel,"[""Steel_Wheel"", ""Nivalis"", ""Denom"", ""Hawk"", ""Xtreme""]","[0.9214596748352051, 0.22370031476020813, 0.15660792589187622, 0.12329903244972229, 0.12300010025501251]"
3,centroid,1,331,Steel_Wheel,Steel_Wheel,"[""Steel_Wheel"", ""Mytikas"", ""Xtreme"", ""Gemini"", ""Nivalis""]","[0.9670609831809998, 0.07487323135137558, 0.07079024612903595, 0.07044374942779541, 0.06585003435611725]"
3,centroid,1,332,Steel_Wheel,Steel_Wheel,"[""Steel_Wheel"", ""Nivalis"", ""Denom"", ""Ratikon"", ""Xtreme""]","[0.9460186958312988, 0.1375502347946167, 0.13329318165779114, 0.09588076174259186, 0.08871421217918396]"
3,centroid,1,333,Steel_Wheel,Steel_Wheel,"[""Steel_Wheel"", ""Nivalis"", ""Xtreme"", ""Velorum"", ""Mytikas""]","[0.9829115867614746, 0.09534955024719238, 0.06666646152734756, 0.054548271000385284, 0.05358463153243065]"
3,centroid,1,334,Steel_Wheel,Steel_Wheel,"[""Steel_Wheel"", ""Nivalis"", ""Denom"", ""Xtreme"", ""Gemini""]","[0.9608280658721924, 0.17311882972717285, 0.13796097040176392, 0.07130326330661774, 0.06154477596282959]"
3,centroid,1,335,Steel_Wheel,Steel_Wheel,"[""Steel_Wheel"", ""Nivalis"", ""Denom"", ""Ratikon"", ""Ilias""]","[0.9041529893875122, 0.2373061180114746, 0.21802417933940887, 0.17814168334007263, 0.12368829548358917]"
3,centroid,1,336,Steel_Wheel,Steel_Wheel,"[""Steel_Wheel"", ""Nivalis"", ""Denom"", ""Ratikon"", ""Turbine""]","[0.9581209421157837, 0.14829042553901672, 0.10380401462316513, 0.04631611332297325, 0.04371517151594162]"
3,centroid,1,337,Steel_Wheel,Steel_Wheel,"[""Steel_Wheel"", ""Xtreme"", ""Gemini"", ""Mytikas"", ""Alcatras""]","[0.8702494502067566, 0.2621889114379883, 0.17687395215034485, 0.16886016726493835, 0.0637337863445282]"
3,centroid,1,338,Steel_Wheel,Steel_Wheel,"[""Steel_Wheel"", ""Nivalis"", ""Denom"", ""Velorum"", ""Ratikon""]","[0.9460265636444092, 0.17062857747077942, 0.139030322432518, 0.11278639733791351, 0.08502136170864105]"
3,centroid,1,339,Steel_Wheel,Denom,"[""Denom"", ""Ratikon"", ""Nivalis"", ""Ilias"", ""Xtreme""]","[0.635849118232727, 0.3434421718120575, 0.2816309630870819, 0.159333735704422, 0.07196494936943054]"
3,centroid,1,340,Steel_Wheel,Steel_Wheel,"[""Steel_Wheel"", ""Denom"", ""Nivalis"", ""Mytikas"", ""Xtreme""]","[0.9798945188522339, 0.12729516625404358, 0.11694598197937012, 0.055060338228940964, 0.05192575603723526]"
3,centroid,1,341,Steel_Wheel,Steel_Wheel,"[""Steel_Wheel"", ""Mytikas"", ""Nivalis"", ""Trius"", ""Velorum""]","[0.9336685538291931, 0.2812685966491699, 0.12465505301952362, 0.05421264469623566, 0.0407809279859066]"
3,centroid,1,342,Steel_Wheel,Steel_Wheel,"[""Steel_Wheel"", ""Velorum"", ""Nivalis"", ""Denom"", ""Xtreme""]","[0.9508382081985474, 0.2142859399318695, 0.2012077271938324, 0.11667321622371674, 0.11169681698083878]"
3,centroid,1,343,Steel_Wheel,Steel_Wheel,"[""Steel_Wheel"", ""Nivalis"", ""Velorum"", ""Denom"", ""Xtreme""]","[0.9496668577194214, 0.16526567935943604, 0.13482339680194855, 0.12380604445934296, 0.06686057895421982]"
3,centroid,1,344,Steel_Wheel,Steel_Wheel,"[""Steel_Wheel"", ""Mytikas"", ""Turbine"", ""Xtreme"", ""Nivalis""]","[0.9216079711914062, 0.16016370058059692, 0.06117728725075722, 0.05158619210124016, 0.05041998252272606]"
3,centroid,1,345,Steel_Wheel,Steel_Wheel,"[""Steel_Wheel"", ""Xtreme"", ""Mytikas"", ""Turbine"", ""Nivalis""]","[0.8984092473983765, 0.06957154721021652, 0.05308441445231438, 0.019291196018457413, 0.019218914210796356]"
3,centroid,1,346,Steel_Wheel,Steel_Wheel,"[""Steel_Wheel"", ""Nivalis"", ""Denom"", ""Velorum"", ""Ratikon""]","[0.973604679107666, 0.21229253709316254, 0.17889654636383057, 0.16092029213905334, 0.10228878259658813]"
3,centroid,1,347,Steel_Wheel,Steel_Wheel,"[""Steel_Wheel"", ""Nivalis"", ""Velorum"", ""Ratikon"", ""Denom""]","[0.9301061034202576, 0.24471816420555115, 0.20747587084770203, 0.16259828209877014, 0.1557820737361908]"
3,centroid,1,348,Steel_Wheel,Steel_Wheel,"[""Steel_Wheel"", ""Mytikas"", ""Trius"", ""Alaris"", ""Alcatras""]","[0.9430190324783325, 0.1254275143146515, 0.11070244014263153, 0.06382666528224945, 0.06124771013855934]"
3,centroid,1,349,Steel_Wheel,Steel_Wheel,"[""Steel_Wheel"", ""Nivalis"", ""Velorum"", ""Mytikas"", ""Denom""]","[0.9739831686019897, 0.1638873666524887, 0.12864942848682404, 0.07823236286640167, 0.04930391162633896]"
3,centroid,1,350,Steel_Wheel,Steel_Wheel,"[""Steel_Wheel"", ""Mytikas"", ""Hawk"", ""Xtreme"", ""Velorum""]","[0.9188714027404785, 0.14609283208847046, 0.12833179533481598, 0.08581468462944031, 0.04855221137404442]"
3,centroid,1,351,Steel_Wheel,Steel_Wheel,"[""Steel_Wheel"", ""Mytikas"", ""Xtreme"", ""Nivalis"", ""Gemini""]","[0.9600732326507568, 0.17770427465438843, 0.12977683544158936, 0.12498001009225845, 0.08757447451353073]"
3,centroid,1,352,Triton,Triton,"[""Triton"", ""Mytikas"", ""Trius"", ""Ilias"", ""Castor""]","[0.9323717951774597, 0.5599693059921265, 0.544486939907074, 0.4281865954399109, 0.3903251886367798]"
3,centroid,1,353,Triton,Triton,"[""Triton"", ""Trius"", ""Braga"", ""Mytikas"", ""Gemini""]","[0.8531496524810791, 0.5903093814849854, 0.4984126389026642, 0.3345819413661957, 0.3178732395172119]"
3,centroid,1,354,Triton,Triton,"[""Triton"", ""Mytikas"", ""Trius"", ""Castor"", ""Braga""]","[0.9050396680831909, 0.5802409052848816, 0.5689658522605896, 0.5416008234024048, 0.5393990278244019]"
3,centroid,1,355,Triton,Triton,"[""Triton"", ""Trius"", ""Castor"", ""Mytikas"", ""Velorum""]","[0.7878506779670715, 0.44714516401290894, 0.41920483112335205, 0.37959492206573486, 0.2579633891582489]"
3,centroid,1,356,Triton,Triton,"[""Triton"", ""Trius"", ""Mytikas"", ""Castor"", ""Velorum""]","[0.8254164457321167, 0.6146071553230286, 0.5297279357910156, 0.40327295660972595, 0.36704012751579285]"
3,centroid,1,357,Triton,Triton,"[""Triton"", ""Castor"", ""Trius"", ""Mytikas"", ""Braga""]","[0.8065193891525269, 0.5701677203178406, 0.4939466714859009, 0.46609950065612793, 0.44852757453918457]"
3,centroid,1,358,Triton,Triton,"[""Triton"", ""Trius"", ""Braga"", ""Mytikas"", ""Gemini""]","[0.8519644737243652, 0.6256771087646484, 0.5975774526596069, 0.4451979994773865, 0.44032782316207886]"
3,centroid,1,359,Triton,Triton,"[""Triton"", ""Trius"", ""Mytikas"", ""Braga"", ""Castor""]","[0.884505033493042, 0.6505721807479858, 0.4561941623687744, 0.442413330078125, 0.3891226649284363]"
3,centroid,1,360,Triton,Triton,"[""Triton"", ""Trius"", ""Braga"", ""Alcatras"", ""Ilias""]","[0.8191783428192139, 0.5539764761924744, 0.5075723528862, 0.4052553176879883, 0.36350172758102417]"
3,centroid,1,361,Triton,Triton,"[""Triton"", ""Trius"", ""Mytikas"", ""Alcatras"", ""Braga""]","[0.8720477223396301, 0.7487778663635254, 0.7163658142089844, 0.5767693519592285, 0.5326828956604004]"
3,centroid,1,362,Triton,Triton,"[""Triton"", ""Mytikas"", ""Trius"", ""Castor"", ""Alcatras""]","[0.8512275815010071, 0.5642284154891968, 0.5187379121780396, 0.4849732518196106, 0.45834487676620483]"
3,centroid,1,363,Triton,Triton,"[""Triton"", ""Castor"", ""Trius"", ""Mytikas"", ""Braga""]","[0.7846547365188599, 0.48774200677871704, 0.44346165657043457, 0.37276506423950195, 0.3097553849220276]"
3,centroid,1,364,Triton,Triton,"[""Triton"", ""Trius"", ""Braga"", ""Mytikas"", ""Castor""]","[0.8846603035926819, 0.6093320250511169, 0.5122950077056885, 0.442107230424881, 0.40369850397109985]"
3,centroid,1,365,Triton,Alcatras,"[""Alcatras"", ""Alaris"", ""Mytikas"", ""Trius"", ""Triton""]","[0.7627526521682739, 0.6998562216758728, 0.6386762857437134, 0.5949128866195679, 0.5844497084617615]"
3,centroid,1,366,Triton,Triton,"[""Triton"", ""Mytikas"", ""Castor"", ""Ilias"", ""Velorum""]","[0.7822880744934082, 0.6545732021331787, 0.4599483013153076, 0.42628905177116394, 0.39846253395080566]"
3,centroid,1,367,Triton,Triton,"[""Triton"", ""Braga"", ""Mytikas"", ""Trius"", ""Castor""]","[0.8994420170783997, 0.6078262329101562, 0.5950708389282227, 0.5607548952102661, 0.4907112121582031]"
3,centroid,1,368,Triton,Triton,"[""Triton"", ""Trius"", ""Castor"", ""Braga"", ""Mytikas""]","[0.8453211784362793, 0.5352049469947815, 0.48423847556114197, 0.4708111882209778, 0.3971540331840515]"
3,centroid,1,369,Triton,Mytikas,"[""Mytikas"", ""Triton"", ""Trius"", ""Alcatras"", ""Alaris""]","[0.7101650834083557, 0.700513482093811, 0.6132870316505432, 0.5331345796585083, 0.486833393573761]"
3,centroid,1,370,Triton,Triton,"[""Triton"", ""Trius"", ""Mytikas"", ""Braga"", ""Castor""]","[0.9238972663879395, 0.6804007291793823, 0.6019004583358765, 0.5280054807662964, 0.5275826454162598]"
3,centroid,1,371,Triton,Triton,"[""Triton"", ""Braga"", ""Mytikas"", ""Trius"", ""Castor""]","[0.8070809841156006, 0.6856614351272583, 0.48312389850616455, 0.47506898641586304, 0.3894248902797699]"
3,centroid,1,372,Triton,Triton,"[""Triton"", ""Trius"", ""Braga"", ""Mytikas"", ""Castor""]","[0.8824743628501892, 0.7195048332214355, 0.5893033742904663, 0.572855532169342, 0.41050970554351807]"
3,centroid,1,373,Triton,Triton,"[""Triton"", ""Trius"", ""Castor"", ""Mytikas"", ""Alaris""]","[0.8066425323486328, 0.45622074604034424, 0.4391912817955017, 0.4272937774658203, 0.4143308997154236]"
3,centroid,1,374,Triton,Triton,"[""Triton"", ""Trius"", ""Braga"", ""Mytikas"", ""Castor""]","[0.9333786964416504, 0.6761188507080078, 0.529971718788147, 0.46984565258026123, 0.4195637106895447]"
3,centroid,1,375,Triton,Trius,"[""Trius"", ""Braga"", ""Alcatras"", ""Alaris"", ""Mytikas""]","[0.7048425674438477, 0.687620997428894, 0.6832859516143799, 0.6110820770263672, 0.5946841239929199]"
3,centroid,1,376,Triton,Triton,"[""Triton"", ""Trius"", ""Ilias"", ""Ratikon"", ""Mytikas""]","[0.7396451234817505, 0.4832436442375183, 0.4441187381744385, 0.4080096483230591, 0.3476586937904358]"
3,centroid,1,377,Triton,Triton,"[""Triton"", ""Braga"", ""Trius"", ""Alcatras"", ""Mytikas""]","[0.806814432144165, 0.7081209421157837, 0.666236937046051, 0.5425735116004944, 0.5098098516464233]"
3,centroid,1,378,Triton,Triton,"[""Triton"", ""Trius"", ""Braga"", ""Mytikas"", ""Alcatras""]","[0.8744615316390991, 0.6586227416992188, 0.6567962169647217, 0.5515233874320984, 0.3911222219467163]"
3,centroid,1,379,Triton,Triton,"[""Triton"", ""Trius"", ""Braga"", ""Gemini"", ""Castor""]","[0.7448747754096985, 0.4973895847797394, 0.492920458316803, 0.3712500035762787, 0.33210617303848267]"
3,centroid,1,380,Triton,Triton,"[""Triton"", ""Mytikas"", ""Trius"", ""Castor"", ""Alcatras""]","[0.8405089974403381, 0.7092941403388977, 0.6870816946029663, 0.6085102558135986, 0.6005376577377319]"
3,centroid,1,381,Triton,Triton,"[""Triton"", ""Trius"", ""Braga"", ""Alcatras"", ""Alaris""]","[0.8695037961006165, 0.727284848690033, 0.5893027186393738, 0.560827910900116, 0.5251433253288269]"
3,centroid,1,382,Triton,Triton,"[""Triton"", ""Mytikas"", ""Trius"", ""Alcatras"", ""Braga""]","[0.9409111738204956, 0.642786979675293, 0.6164088249206543, 0.4501296579837799, 0.4275219440460205]"
3,centroid,1,383,Triton,Triton,"[""Triton"", ""Mytikas"", ""Trius"", ""Castor"", ""Braga""]","[0.9143549203872681, 0.745868444442749, 0.6553108096122742, 0.5396474003791809, 0.5306354761123657]"
3,centroid,1,384,Triton,Triton,"[""Triton"", ""Trius"", ""Gemini"", ""Ilias"", ""Braga""]","[0.7734864354133606, 0.4664691984653473, 0.4194674491882324, 0.383620947599411, 0.36196693778038025]"
3,centroid,1,385,Triton,Triton,"[""Triton"", ""Castor"", ""Mytikas"", ""Trius"", ""Braga""]","[0.8304537534713745, 0.6735257506370544, 0.5882622599601746, 0.40047693252563477, 0.31622999906539917]"
3,centroid,1,386,Triton,Braga,"[""Braga"", ""Trius"", ""Triton"", ""Alcatras"", ""Castor""]","[0.6946675181388855, 0.6706110835075378, 0.65232914686203, 0.4334913492202759, 0.418699711561203]"
3,centroid,1,387,Triton,Triton,"[""Triton"", ""Trius"", ""Braga"", ""Ilias"", ""Mytikas""]","[0.8721575736999512, 0.5988084673881531, 0.385558545589447, 0.3810718059539795, 0.3531208038330078]"
3,centroid,1,388,Triton,Alcatras,"[""Alcatras"", ""Castor"", ""Triton"", ""Mytikas"", ""Alaris""]","[0.6749446392059326, 0.579766035079956, 0.5684484243392944, 0.5036306381225586, 0.4888633191585541]"
3,centroid,1,389,Triton,Triton,"[""Triton"", ""Mytikas"", ""Trius"", ""Alcatras"", ""Castor""]","[0.8472234010696411, 0.7945523262023926, 0.6539729833602905, 0.48009926080703735, 0.44992250204086304]"
3,centroid,1,390,Triton,Triton,"[""Triton"", ""Trius"", ""Castor"", ""Mytikas"", ""Velorum""]","[0.6152390837669373, 0.4953994154930115, 0.3678852915763855, 0.36209413409233093, 0.32313698530197144]"
3,centroid,1,391,Triton,Triton,"[""Triton"", ""Trius"", ""Mytikas"", ""Braga"", ""Castor""]","[0.9127329587936401, 0.663195013999939, 0.6533746123313904, 0.5621829032897949, 0.5375087857246399]"
3,centroid,1,392,Triton,Triton,"[""Triton"", ""Trius"", ""Mytikas"", ""Braga"", ""Ilias""]","[0.9247642159461975, 0.6376427412033081, 0.4918644428253174, 0.47819799184799194, 0.43117424845695496]"
3,centroid,1,393,Triton,Castor,"[""Castor"", ""Mytikas"", ""Alcatras"", ""Triton"", ""Turbine""]","[0.608199954032898, 0.5921078324317932, 0.5688238143920898, 0.5242124795913696, 0.4820338487625122]"
3,centroid,1,394,Triton,Triton,"[""Triton"", ""Trius"", ""Mytikas"", ""Castor"", ""Braga""]","[0.9115172028541565, 0.5645381212234497, 0.5481702089309692, 0.51655113697052, 0.43983644247055054]"
3,centroid,1,395,Triton,Triton,"[""Triton"", ""Mytikas"", ""Alcatras"", ""Trius"", ""Castor""]","[0.812229573726654, 0.6840054988861084, 0.5617586970329285, 0.5492805242538452, 0.48326438665390015]"
3,centroid,1,396,Triton,Triton,"[""Triton"", ""Mytikas"", ""Braga"", ""Trius"", ""Castor""]","[0.8603388667106628, 0.6555142402648926, 0.607272744178772, 0.5659390091896057, 0.5527905821800232]"
3,centroid,1,397,Triton,Triton,"[""Triton"", ""Mytikas"", ""Braga"", ""Trius"", ""Alcatras""]","[0.8004286885261536, 0.6403233408927917, 0.4727660119533539, 0.4391328692436218, 0.4201810956001282]"
3,centroid,1,398,Triton,Triton,"[""Triton"", ""Trius"", ""Mytikas"", ""Braga"", ""Gemini""]","[0.8202919960021973, 0.5382633805274963, 0.475530207157135, 0.45178458094596863, 0.4032752513885498]"
3,centroid,1,399,Triton,Triton,"[""Triton"", ""Braga"", ""Mytikas"", ""Trius"", ""Gemini""]","[0.7617658376693726, 0.4918709099292755, 0.4198283553123474, 0.34583452343940735, 0.3441462516784668]"
3,centroid,1,400,Triton,Triton,"[""Triton"", ""Trius"", ""Mytikas"", ""Braga"", ""Alcatras""]","[0.872618556022644, 0.5777608156204224, 0.4654325842857361, 0.46391549706459045, 0.431576669216156]"
3,centroid,1,401,Triton,Mytikas,"[""Mytikas"", ""Triton"", ""Trius"", ""Alcatras"", ""Castor""]","[0.7593178749084473, 0.7527153491973877, 0.44252684712409973, 0.43683338165283203, 0.419910192489624]"
3,centroid,1,402,Triton,Triton,"[""Triton"", ""Castor"", ""Braga"", ""Mytikas"", ""Trius""]","[0.7464134693145752, 0.6651514172554016, 0.5714722871780396, 0.47118595242500305, 0.34512925148010254]"
3,centroid,1,403,Triton,Triton,"[""Triton"", ""Braga"", ""Trius"", ""Castor"", ""Velorum""]","[0.7054126262664795, 0.5681543350219727, 0.5352405309677124, 0.4062640368938446, 0.358306348323822]"
3,centroid,1,404,Triton,Triton,"[""Triton"", ""Mytikas"", ""Trius"", ""Castor"", ""Braga""]","[0.8888960480690002, 0.6010646224021912, 0.5042267441749573, 0.4252777695655823, 0.40858298540115356]"
3,centroid,1,405,Trius,Trius,"[""Trius"", ""Alaris"", ""Alcatras"", ""Mytikas"", ""Braga""]","[0.8212055563926697, 0.5297439098358154, 0.480094850063324, 0.4622211456298828, 0.4488316774368286]"
3,centroid,1,406,Trius,Triton,"[""Triton"", ""Trius"", ""Velorum"", ""Ilias"", ""Mytikas""]","[0.7451280355453491, 0.7021089196205139, 0.535014271736145, 0.4496660828590393, 0.4452989995479584]"
3,centroid,1,407,Trius,Trius,"[""Trius"", ""Triton"", ""Mytikas"", ""Gemini"", ""Braga""]","[0.7874829769134521, 0.5085802674293518, 0.5045731067657471, 0.49732136726379395, 0.42100954055786133]"
3,centroid,1,408,Trius,Triton,"[""Triton"", ""Trius"", ""Castor"", ""Mytikas"", ""Braga""]","[0.7207344770431519, 0.7172611951828003, 0.5798428058624268, 0.5601239204406738, 0.48171746730804443]"
3,centroid,1,409,Trius,Trius,"[""Trius"", ""Gemini"", ""Vega"", ""Triton"", ""Denom""]","[0.77656489610672, 0.5640970468521118, 0.41209208965301514, 0.39178842306137085, 0.39170822501182556]"
3,centroid,1,410,Trius,Trius,"[""Trius"", ""Triton"", ""Gemini"", ""Mytikas"", ""Braga""]","[0.6525596976280212, 0.5574535131454468, 0.5153589248657227, 0.5008903741836548, 0.30983081459999084]"
3,centroid,1,411,Trius,Trius,"[""Trius"", ""Triton"", ""Alaris"", ""Alcatras"", ""Mytikas""]","[0.8978052735328674, 0.7159423828125, 0.5703632831573486, 0.5590708255767822, 0.4828217625617981]"
3,centroid,1,412,Trius,Trius,"[""Trius"", ""Braga"", ""Triton"", ""Alaris"", ""Gemini""]","[0.7373290061950684, 0.5018264055252075, 0.4966808259487152, 0.49539417028427124, 0.4798034429550171]"
3,centroid,1,413,Trius,Trius,"[""Trius"", ""Triton"", ""Braga"", ""Mytikas"", ""Alcatras""]","[0.8970476388931274, 0.7786030173301697, 0.6898210048675537, 0.6065680980682373, 0.4801679253578186]"
3,centroid,1,414,Trius,Trius,"[""Trius"", ""Alaris"", ""Triton"", ""Alcatras"", ""Gemini""]","[0.788337230682373, 0.6069581508636475, 0.4712703824043274, 0.46535053849220276, 0.42221224308013916]"
3,centroid,1,415,Trius,Trius,"[""Trius"", ""Alaris"", ""Alcatras"", ""Triton"", ""Ratikon""]","[0.6402416229248047, 0.6362136602401733, 0.5100152492523193, 0.4579486846923828, 0.3805575966835022]"
3,centroid,1,416,Trius,Vega,"[""Vega"", ""Gemini"", ""Trius"", ""Ilias"", ""Ratikon""]","[0.3833112120628357, 0.2833203375339508, 0.28101786971092224, 0.27632468938827515, 0.23444685339927673]"
3,centroid,1,417,Trius,Trius,"[""Trius"", ""Alcatras"", ""Braga"", ""Alaris"", ""Triton""]","[0.7890802621841431, 0.6920583248138428, 0.6649169921875, 0.6001468896865845, 0.5778769254684448]"
3,centroid,1,418,Trius,Trius,"[""Trius"", ""Gemini"", ""Triton"", ""Denom"", ""Mytikas""]","[0.8223918080329895, 0.39670756459236145, 0.3934342861175537, 0.3797164559364319, 0.36081212759017944]"
3,centroid,1,419,Trius,Triton,"[""Triton"", ""Trius"", ""Ilias"", ""Gemini"", ""Velorum""]","[0.7370268106460571, 0.707767128944397, 0.5494329929351807, 0.4562399983406067, 0.4156762659549713]"
3,centroid,1,420,Trius,Trius,"[""Trius"", ""Triton"", ""Alaris"", ""Alcatras"", ""Mytikas""]","[0.9235793948173523, 0.5543791651725769, 0.5219257473945618, 0.521426796913147, 0.49675142765045166]"
3,centroid,1,421,Trius,Trius,"[""Trius"", ""Triton"", ""Mytikas"", ""Alaris"", ""Vega""]","[0.8584060668945312, 0.7168728113174438, 0.5185169577598572, 0.49253204464912415, 0.3813493251800537]"
3,centroid,1,422,Trius,Trius,"[""Trius"", ""Alaris"", ""Alcatras"", ""Braga"", ""Triton""]","[0.8361849784851074, 0.7208837270736694, 0.6502622961997986, 0.5719151496887207, 0.5198408365249634]"
3,centroid,1,423,Trius,Mytikas,"[""Mytikas"", ""Trius"", ""Alaris"", ""Vega"", ""Alcatras""]","[0.5818471908569336, 0.49390336871147156, 0.41613221168518066, 0.404918909072876, 0.40227001905441284]"
3,centroid,1,424,Trius,Trius,"[""Trius"", ""Triton"", ""Mytikas"", ""Alcatras"", ""Braga""]","[0.7513887286186218, 0.7187179327011108, 0.571597695350647, 0.5345065593719482, 0.4761241674423218]"
3,centroid,1,425,Trius,Trius,"[""Trius"", ""Triton"", ""Mytikas"", ""Alaris"", ""Alcatras""]","[0.8625622391700745, 0.7685230374336243, 0.6426937580108643, 0.5675392150878906, 0.5003269910812378]"
3,centroid,1,426,Trius,Trius,"[""Trius"", ""Alaris"", ""Vega"", ""Braga"", ""Triton""]","[0.6604492664337158, 0.48405444622039795, 0.4497595429420471, 0.4480624794960022, 0.4441564679145813]"
3,centroid,1,427,Trius,Trius,"[""Trius"", ""Triton"", ""Velorum"", ""Ilias"", ""Denom""]","[0.7410132884979248, 0.6716793775558472, 0.495796263217926, 0.4641472101211548, 0.4234011769294739]"
3,centroid,1,428,Trius,Triton,"[""Triton"", ""Trius"", ""Mytikas"", ""Ilias"", ""Gemini""]","[0.8749251961708069, 0.7860232591629028, 0.5269222259521484, 0.40903928875923157, 0.38168543577194214]"
3,centroid,1,429,Trius,Trius,"[""Trius"", ""Triton"", ""Alaris"", ""Braga"", ""Alcatras""]","[0.9001646637916565, 0.6584274172782898, 0.6214562654495239, 0.5243611335754395, 0.5097359418869019]"
3,centroid,1,430,Trius,Trius,"[""Trius"", ""Ilias"", ""Gemini"", ""Triton"", ""Braga""]","[0.6302130818367004, 0.5645619630813599, 0.5475183725357056, 0.5343770980834961, 0.42117583751678467]"
3,centroid,1,431,Trius,Trius,"[""Trius"", ""Triton"", ""Ilias"", ""Alaris"", ""Alcatras""]","[0.7551078796386719, 0.6445246934890747, 0.5305637717247009, 0.47268688678741455, 0.43736541271209717]"
3,centroid,1,432,Trius,Trius,"[""Trius"", ""Ilias"", ""Denom"", ""Gemini"", ""Triton""]","[0.6478697061538696, 0.625110924243927, 0.5655773878097534, 0.4726742208003998, 0.46980470418930054]"
3,centroid,1,433,Trius,Trius,"[""Trius"", ""Triton"", ""Alaris"", ""Alcatras"", ""Mytikas""]","[0.7431442737579346, 0.7125564813613892, 0.7056450843811035, 0.6300008296966553, 0.5756928324699402]"
3,centroid,1,434,Trius,Trius,"[""Trius"", ""Triton"", ""Mytikas"", ""Gemini"", ""Alaris""]","[0.8229785561561584, 0.3838176429271698, 0.3703136444091797, 0.3641989529132843, 0.35578396916389465]"
3,centroid,1,435,Trius,Velorum,"[""Velorum"", ""Triton"", ""Mytikas"", ""Castor"", ""Trius""]","[0.6568655967712402, 0.6139110922813416, 0.5743594169616699, 0.5289105772972107, 0.4309329688549042]"
3,centroid,1,436,Trius,Triton,"[""Triton"", ""Trius"", ""Braga"", ""Mytikas"", ""Gemini""]","[0.8076727390289307, 0.7736548185348511, 0.5918667316436768, 0.5335716009140015, 0.4552193880081177]"
3,centroid,1,437,Trius,Trius,"[""Trius"", ""Triton"", ""Alcatras"", ""Alaris"", ""Castor""]","[0.8368278741836548, 0.6129744052886963, 0.5791991949081421, 0.5379592180252075, 0.5297052264213562]"
3,centroid,1,438,Trius,Trius,"[""Trius"", ""Braga"", ""Triton"", ""Mytikas"", ""Gemini""]","[0.8800511360168457, 0.6473048329353333, 0.6074822545051575, 0.5885010957717896, 0.4705749750137329]"
3,centroid,1,439,Trius,Trius,"[""Trius"", ""Braga"", ""Triton"", ""Alaris"", ""Gemini""]","[0.8488498330116272, 0.5926896333694458, 0.549920916557312, 0.5077254176139832, 0.4729319214820862]"
3,centroid,1,440,Trius,Trius,"[""Trius"", ""Mytikas"", ""Gemini"", ""Triton"", ""Alaris""]","[0.8463699817657471, 0.5837128162384033, 0.4925043284893036, 0.4912557005882263, 0.45924580097198486]"
3,centroid,1,441,Trius,Trius,"[""Trius"", ""Triton"", ""Braga"", ""Gemini"", ""Mytikas""]","[0.7393906116485596, 0.7134873867034912, 0.6544621586799622, 0.5743081569671631, 0.5519096851348877]"
3,centroid,1,442,Trius,Braga,"[""Braga"", ""Gemini"", ""Trius"", ""Triton"", ""Xtreme""]","[0.7449266910552979, 0.6855048537254333, 0.5418099164962769, 0.3897896111011505, 0.3367480933666229]"
3,centroid,1,443,Trius,Braga,"[""Braga"", ""Trius"", ""Mytikas"", ""Triton"", ""Alcatras""]","[0.7757983803749084, 0.7240764498710632, 0.7128300666809082, 0.661831259727478, 0.5559784770011902]"
3,centroid,1,444,Trius,Trius,"[""Trius"", ""Denom"", ""Nivalis"", ""Vega"", ""Gemini""]","[0.4952472448348999, 0.3936265707015991, 0.3904165029525757, 0.37390708923339844, 0.295867383480072]"
3,centroid,1,445,Turbine,Turbine,"[""Turbine"", ""Hawk"", ""Castor"", ""Braga"", ""Alaris""]","[0.9100824594497681, 0.39097702503204346, 0.36619168519973755, 0.32561883330345154, 0.23230519890785217]"
3,centroid,1,446,Turbine,Turbine,"[""Turbine"", ""Castor"", ""Alcatras"", ""Alaris"", ""Hawk""]","[0.7606624364852905, 0.4864290952682495, 0.4616492986679077, 0.37494081258773804, 0.34691643714904785]"
3,centroid,1,447,Turbine,Turbine,"[""Turbine"", ""Braga"", ""Hawk"", ""Vega"", ""Trius""]","[0.8132128119468689, 0.5595751404762268, 0.3885668218135834, 0.3526192903518677, 0.352346807718277]"
3,centroid,1,448,Turbine,Turbine,"[""Turbine"", ""Castor"", ""Braga"", ""Alaris"", ""Alcatras""]","[0.7128341794013977, 0.6734373569488525, 0.5256885290145874, 0.48316362500190735, 0.42450088262557983]"
3,centroid,1,449,Turbine,Turbine,"[""Turbine"", ""Vega"", ""Hawk"", ""Braga"", ""Gemini""]","[0.7545323371887207, 0.5606299638748169, 0.5108047723770142, 0.3572705388069153, 0.22916293144226074]"
3,centroid,1,450,Turbine,Turbine,"[""Turbine"", ""Castor"", ""Mytikas"", ""Braga"", ""Trius""]","[0.7065619230270386, 0.6076269149780273, 0.47741982340812683, 0.4740809202194214, 0.4185343384742737]"
3,centroid,1,451,Turbine,Turbine,"[""Turbine"", ""Braga"", ""Vega"", ""Hawk"", ""Alaris""]","[0.8464990854263306, 0.4420493543148041, 0.42406290769577026, 0.37004369497299194, 0.23191185295581818]"
3,centroid,1,452,Turbine,Turbine,"[""Turbine"", ""Hawk"", ""Alaris"", ""Castor"", ""Alcatras""]","[0.8905525803565979, 0.47908031940460205, 0.2919084131717682, 0.2751893997192383, 0.269860178232193]"
3,centroid,1,453,Turbine,Turbine,"[""Turbine"", ""Hawk"", ""Castor"", ""Mytikas"", ""Alcatras""]","[0.8813954591751099, 0.46499723196029663, 0.3576074540615082, 0.28080540895462036, 0.2151341736316681]"
3,centroid,1,454,Turbine,Turbine,"[""Turbine"", ""Braga"", ""Hawk"", ""Castor"", ""Vega""]","[0.9010486006736755, 0.47591057419776917, 0.47531354427337646, 0.3796183466911316, 0.35433563590049744]"
3,centroid,1,455,Turbine,Alcatras,"[""Alcatras"", ""Turbine"", ""Alaris"", ""Castor"", ""Hawk""]","[0.7476900815963745, 0.7456862330436707, 0.6814192533493042, 0.47287166118621826, 0.38720136880874634]"
3,centroid,1,456,Turbine,Turbine,"[""Turbine"", ""Braga"", ""Castor"", ""Hawk"", ""Alcatras""]","[0.9176892638206482, 0.3914651870727539, 0.3893984854221344, 0.3511684536933899, 0.26722413301467896]"
3,centroid,1,457,Turbine,Alcatras,"[""Alcatras"", ""Castor"", ""Turbine"", ""Braga"", ""Alaris""]","[0.7304476499557495, 0.6835474967956543, 0.6493142247200012, 0.583879292011261, 0.5607905387878418]"
3,centroid,1,458,Turbine,Turbine,"[""Turbine"", ""Vega"", ""Braga"", ""Hawk"", ""Gemini""]","[0.692734956741333, 0.4710574448108673, 0.4202284514904022, 0.4174184501171112, 0.334407776594162]"
3,centroid,1,459,Turbine,Turbine,"[""Turbine"", ""Hawk"", ""Velorum"", ""Mytikas"", ""Braga""]","[0.6794422268867493, 0.4798814058303833, 0.2815857529640198, 0.20024582743644714, 0.1637757569551468]"
3,centroid,1,460,Turbine,Turbine,"[""Turbine"", ""Vega"", ""Hawk"", ""Braga"", ""Alaris""]","[0.8705796003341675, 0.4704453945159912, 0.41085177659988403, 0.3431206941604614, 0.32964223623275757]"
3,centroid,1,461,Turbine,Turbine,"[""Turbine"", ""Hawk"", ""Braga"", ""Vega"", ""Castor""]","[0.9296730160713196, 0.45925599336624146, 0.39798885583877563, 0.23589995503425598, 0.23156721889972687]"
3,centroid,1,462,Turbine,Turbine,"[""Turbine"", ""Alaris"", ""Hawk"", ""Alcatras"", ""Braga""]","[0.9486368894577026, 0.42051905393600464, 0.38217929005622864, 0.34499090909957886, 0.27626821398735046]"
3,centroid,1,463,Turbine,Turbine,"[""Turbine"", ""Castor"", ""Alaris"", ""Alcatras"", ""Mytikas""]","[0.7413498163223267, 0.6256592273712158, 0.5747534036636353, 0.4775530695915222, 0.3123384714126587]"
3,centroid,1,464,Turbine,Turbine,"[""Turbine"", ""Castor"", ""Alcatras"", ""Alaris"", ""Mytikas""]","[0.7000128626823425, 0.581247866153717, 0.5218654870986938, 0.41068828105926514, 0.33195388317108154]"
3,centroid,1,465,Turbine,Turbine,"[""Turbine"", ""Braga"", ""Vega"", ""Alaris"", ""Castor""]","[0.7574905753135681, 0.6965605020523071, 0.4635097086429596, 0.4101845622062683, 0.377518892288208]"
3,centroid,1,466,Turbine,Castor,"[""Castor"", ""Braga"", ""Turbine"", ""Triton"", ""Mytikas""]","[0.7549718618392944, 0.7259047031402588, 0.597381591796875, 0.5626275539398193, 0.5417444705963135]"
3,centroid,1,467,Turbine,Castor,"[""Castor"", ""Turbine"", ""Alcatras"", ""Braga"", ""Alaris""]","[0.7596588730812073, 0.7151118516921997, 0.6561126708984375, 0.6423512101173401, 0.5805087685585022]"
3,centroid,1,468,Turbine,Turbine,"[""Turbine"", ""Castor"", ""Alcatras"", ""Alaris"", ""Mytikas""]","[0.7885317802429199, 0.7809749245643616, 0.5638284087181091, 0.47968584299087524, 0.3859557509422302]"
3,centroid,1,469,Turbine,Turbine,"[""Turbine"", ""Hawk"", ""Alaris"", ""Braga"", ""Vega""]","[0.8765828609466553, 0.6383630037307739, 0.3985128402709961, 0.36635100841522217, 0.36456435918807983]"
3,centroid,1,470,Turbine,Turbine,"[""Turbine"", ""Braga"", ""Hawk"", ""Castor"", ""Vega""]","[0.8086234331130981, 0.4448895752429962, 0.31173592805862427, 0.3020712733268738, 0.20192134380340576]"
3,centroid,1,471,Turbine,Turbine,"[""Turbine"", ""Hawk"", ""Vega"", ""Braga"", ""Alaris""]","[0.842446506023407, 0.40248608589172363, 0.3603014051914215, 0.3592871427536011, 0.2217888981103897]"
3,centroid,1,472,Vega,Vega,"[""Vega"", ""Gemini"", ""Braga"", ""Trius"", ""Hawk""]","[0.8836653232574463, 0.5862648487091064, 0.5513547658920288, 0.4527322053909302, 0.42970162630081177]"
3,centroid,1,473,Vega,Vega,"[""Vega"", ""Turbine"", ""Alaris"", ""Braga"", ""Alcatras""]","[0.7661014795303345, 0.5293869972229004, 0.4714978337287903, 0.4421965479850769, 0.4073958694934845]"
3,centroid,1,474,Vega,Vega,"[""Vega"", ""Alaris"", ""Hawk"", ""Turbine"", ""Alcatras""]","[0.8926292657852173, 0.5042724609375, 0.49024146795272827, 0.39580345153808594, 0.21292711794376373]"
3,centroid,1,475,Vega,Vega,"[""Vega"", ""Hawk"", ""Gemini"", ""Alaris"", ""Trius""]","[0.8995890617370605, 0.590874195098877, 0.5367586612701416, 0.3164535164833069, 0.2673094868659973]"
3,centroid,1,476,Vega,Vega,"[""Vega"", ""Hawk"", ""Alaris"", ""Turbine"", ""Gemini""]","[0.9402188062667847, 0.5127307176589966, 0.44165995717048645, 0.36762499809265137, 0.2643298804759979]"
3,centroid,1,477,Vega,Vega,"[""Vega"", ""Hawk"", ""Gemini"", ""Turbine"", ""Alaris""]","[0.8198026418685913, 0.5221236944198608, 0.34534576535224915, 0.27934330701828003, 0.1788252592086792]"
3,centroid,1,478,Vega,Vega,"[""Vega"", ""Alaris"", ""Turbine"", ""Alcatras"", ""Hawk""]","[0.9208027124404907, 0.5213047862052917, 0.3213788866996765, 0.3152116537094116, 0.3068005442619324]"
3,centroid,1,479,Vega,Vega,"[""Vega"", ""Braga"", ""Gemini"", ""Hawk"", ""Trius""]","[0.8282492160797119, 0.5556453466415405, 0.5327437520027161, 0.4188312590122223, 0.31782716512680054]"
3,centroid,1,480,Vega,Vega,"[""Vega"", ""Alaris"", ""Gemini"", ""Hawk"", ""Trius""]","[0.9034627676010132, 0.403658002614975, 0.376519113779068, 0.3005557954311371, 0.19573616981506348]"
3,centroid,1,481,Vega,Vega,"[""Vega"", ""Hawk"", ""Turbine"", ""Alaris"", ""Alcatras""]","[0.7578579187393188, 0.7101855874061584, 0.4484187364578247, 0.40213221311569214, 0.31256911158561707]"
3,centroid,1,482,Vega,Vega,"[""Vega"", ""Gemini"", ""Trius"", ""Hawk"", ""Alaris""]","[0.932563841342926, 0.5063098073005676, 0.40081527829170227, 0.36263978481292725, 0.35731926560401917]"
3,centroid,1,483,Vega,Vega,"[""Vega"", ""Alaris"", ""Hawk"", ""Alcatras"", ""Turbine""]","[0.7898029685020447, 0.7141311168670654, 0.6321828365325928, 0.5169137716293335, 0.4764474630355835]"
3,centroid,1,484,Vega,Vega,"[""Vega"", ""Alaris"", ""Turbine"", ""Braga"", ""Hawk""]","[0.8303638100624084, 0.47716405987739563, 0.3720409870147705, 0.26039010286331177, 0.2486591339111328]"
3,centroid,1,485,Vega,Vega,"[""Vega"", ""Gemini"", ""Alaris"", ""Trius"", ""Nivalis""]","[0.7907090783119202, 0.49976179003715515, 0.23297923803329468, 0.21236230432987213, 0.19930750131607056]"
3,centroid,1,486,Vega,Vega,"[""Vega"", ""Hawk"", ""Alaris"", ""Turbine"", ""Gemini""]","[0.9106320142745972, 0.32898077368736267, 0.28839725255966187, 0.22664731740951538, 0.22513119876384735]"
3,centroid,1,487,Vega,Vega,"[""Vega"", ""Gemini"", ""Hawk"", ""Alaris"", ""Turbine""]","[0.8879871368408203, 0.5319512486457825, 0.5196121335029602, 0.28528106212615967, 0.28323987126350403]"
3,centroid,1,488,Vega,Vega,"[""Vega"", ""Hawk"", ""Alaris"", ""Turbine"", ""Alcatras""]","[0.8797327280044556, 0.5624160766601562, 0.449859619140625, 0.35073399543762207, 0.29232680797576904]"
3,centroid,1,489,Vega,Vega,"[""Vega"", ""Gemini"", ""Hawk"", ""Trius"", ""Alaris""]","[0.9174981117248535, 0.49192336201667786, 0.45383256673812866, 0.3614848852157593, 0.2660277485847473]"
3,centroid,1,490,Vega,Vega,"[""Vega"", ""Alaris"", ""Alcatras"", ""Hawk"", ""Gemini""]","[0.871211051940918, 0.4061347246170044, 0.3579270541667938, 0.35390815138816833, 0.2949265241622925]"
3,centroid,1,491,Vega,Vega,"[""Vega"", ""Gemini"", ""Alaris"", ""Trius"", ""Braga""]","[0.9162355661392212, 0.5000865459442139, 0.4948621690273285, 0.407487690448761, 0.33806073665618896]"
3,centroid,1,492,Vega,Vega,"[""Vega"", ""Gemini"", ""Hawk"", ""Alaris"", ""Trius""]","[0.8342870473861694, 0.5677694082260132, 0.3469417095184326, 0.33747023344039917, 0.296131432056427]"
3,centroid,1,493,Vega,Vega,"[""Vega"", ""Alaris"", ""Hawk"", ""Alcatras"", ""Turbine""]","[0.8967105746269226, 0.5123454332351685, 0.4916832447052002, 0.37796348333358765, 0.31842511892318726]"
3,centroid,1,494,Vega,Vega,"[""Vega"", ""Turbine"", ""Hawk"", ""Alaris"", ""Braga""]","[0.795136570930481, 0.5154892206192017, 0.4982113242149353, 0.40798720717430115, 0.29800015687942505]"
3,centroid,1,495,Vega,Vega,"[""Vega"", ""Alaris"", ""Gemini"", ""Braga"", ""Trius""]","[0.9039899110794067, 0.49622592329978943, 0.45889341831207275, 0.40404844284057617, 0.38504067063331604]"
3,centroid,1,496,Vega,Vega,"[""Vega"", ""Alaris"", ""Turbine"", ""Hawk"", ""Alcatras""]","[0.8247440457344055, 0.44416841864585876, 0.38510364294052124, 0.3552343547344208, 0.2544739246368408]"
3,centroid,1,497,Vega,Vega,"[""Vega"", ""Braga"", ""Hawk"", ""Alaris"", ""Trius""]","[0.6912379264831543, 0.5811081528663635, 0.5222404599189758, 0.4759943187236786, 0.4740186035633087]"
3,centroid,1,498,Vega,Xtreme,"[""Xtreme"", ""Velorum"", ""Gemini"", ""Mytikas"", ""Triton""]","[0.41859063506126404, 0.41241687536239624, 0.37393128871917725, 0.36566030979156494, 0.2962646484375]"
3,centroid,1,499,Vega,Vega,"[""Vega"", ""Alaris"", ""Turbine"", ""Braga"", ""Hawk""]","[0.8232762813568115, 0.41596049070358276, 0.40933704376220703, 0.3251420855522156, 0.28282883763313293]"
3,centroid,1,500,Vega,Vega,"[""Vega"", ""Turbine"", ""Braga"", ""Alaris"", ""Hawk""]","[0.5283226370811462, 0.4757576286792755, 0.32627734541893005, 0.3154122233390808, 0.27933478355407715]"
3,centroid,1,501,Vega,Vega,"[""Vega"", ""Gemini"", ""Trius"", ""Triton"", ""Braga""]","[0.7181189060211182, 0.660129725933075, 0.5050901174545288, 0.4515017569065094, 0.4068862199783325]"
3,centroid,1,502,Vega,Vega,"[""Vega"", ""Alaris"", ""Trius"", ""Hawk"", ""Braga""]","[0.9070106148719788, 0.37823039293289185, 0.31097325682640076, 0.2674577236175537, 0.2607837915420532]"
3,centroid,1,503,Vega,Vega,"[""Vega"", ""Gemini"", ""Alaris"", ""Hawk"", ""Trius""]","[0.9479189515113831, 0.44073235988616943, 0.3922736644744873, 0.3880603015422821, 0.328653484582901]"
3,centroid,1,504,Vega,Vega,"[""Vega"", ""Hawk"", ""Alaris"", ""Turbine"", ""Alcatras""]","[0.8876639008522034, 0.5516930222511292, 0.3429257273674011, 0.3357072174549103, 0.2605459690093994]"
3,centroid,1,505,Vega,Vega,"[""Vega"", ""Hawk"", ""Gemini"", ""Xtreme"", ""Alaris""]","[0.8369874954223633, 0.5379413366317749, 0.4974879026412964, 0.19951295852661133, 0.159592866897583]"
3,centroid,1,506,Vega,Vega,"[""Vega"", ""Hawk"", ""Gemini"", ""Alaris"", ""Turbine""]","[0.8942550420761108, 0.6223421096801758, 0.41364526748657227, 0.2848360538482666, 0.18337993323802948]"
3,centroid,1,507,Velorum,Velorum,"[""Velorum"", ""Ilias"", ""Nivalis"", ""Denom"", ""Ratikon""]","[0.9354995489120483, 0.662091851234436, 0.580506443977356, 0.49628564715385437, 0.4599904716014862]"
3,centroid,1,508,Velorum,Velorum,"[""Velorum"", ""Nivalis"", ""Ilias"", ""Denom"", ""Mytikas""]","[0.8950084447860718, 0.570061445236206, 0.443289577960968, 0.3580622673034668, 0.2613097131252289]"
3,centroid,1,509,Velorum,Velorum,"[""Velorum"", ""Ilias"", ""Nivalis"", ""Denom"", ""Ratikon""]","[0.8895500898361206, 0.641889214515686, 0.5781557559967041, 0.43962204456329346, 0.3988777995109558]"
3,centroid,1,510,Velorum,Velorum,"[""Velorum"", ""Nivalis"", ""Ilias"", ""Ratikon"", ""Denom""]","[0.8853462934494019, 0.5516388416290283, 0.43266505002975464, 0.34864896535873413, 0.30672773718833923]"
3,centroid,1,511,Velorum,Velorum,"[""Velorum"", ""Denom"", ""Ilias"", ""Nivalis"", ""Ratikon""]","[0.9069927930831909, 0.5198076963424683, 0.48522377014160156, 0.396822452545166, 0.3575652837753296]"
3,centroid,1,512,Velorum,Velorum,"[""Velorum"", ""Ilias"", ""Nivalis"", ""Denom"", ""Ratikon""]","[0.9367943406105042, 0.5488695502281189, 0.4294944405555725, 0.28811195492744446, 0.2763460874557495]"
3,centroid,1,513,Velorum,Velorum,"[""Velorum"", ""Ilias"", ""Trius"", ""Triton"", ""Nivalis""]","[0.7890130877494812, 0.5323192477226257, 0.5148606300354004, 0.4876091182231903, 0.36720964312553406]"
3,centroid,1,514,Velorum,Velorum,"[""Velorum"", ""Denom"", ""Nivalis"", ""Ratikon"", ""Ilias""]","[0.8940086364746094, 0.6720480918884277, 0.5603498220443726, 0.5239476561546326, 0.4716913104057312]"
3,centroid,1,515,Velorum,Velorum,"[""Velorum"", ""Denom"", ""Nivalis"", ""Ilias"", ""Ratikon""]","[0.8536599278450012, 0.604617714881897, 0.5747223496437073, 0.45240962505340576, 0.38879990577697754]"
3,centroid,1,516,Velorum,Velorum,"[""Velorum"", ""Ilias"", ""Nivalis"", ""Mytikas"", ""Triton""]","[0.8735764026641846, 0.44289708137512207, 0.4135320782661438, 0.3347661793231964, 0.2937909662723541]"
3,centroid,1,517,Velorum,Velorum,"[""Velorum"", ""Ilias"", ""Denom"", ""Ratikon"", ""Nivalis""]","[0.8416638374328613, 0.7072306871414185, 0.6765367984771729, 0.5652281045913696, 0.5403320789337158]"
3,centroid,1,518,Velorum,Velorum,"[""Velorum"", ""Ilias"", ""Nivalis"", ""Denom"", ""Ratikon""]","[0.963149905204773, 0.5752252340316772, 0.5273360013961792, 0.5045657753944397, 0.48738914728164673]"
3,centroid,1,519,Velorum,Velorum,"[""Velorum"", ""Ilias"", ""Denom"", ""Nivalis"", ""Ratikon""]","[0.8323345184326172, 0.7107154130935669, 0.532634973526001, 0.5279606580734253, 0.46218374371528625]"
3,centroid,1,520,Velorum,Velorum,"[""Velorum"", ""Nivalis"", ""Denom"", ""Ilias"", ""Ratikon""]","[0.8111718893051147, 0.5706811547279358, 0.429347425699234, 0.3993598222732544, 0.32063934206962585]"
3,centroid,1,521,Velorum,Velorum,"[""Velorum"", ""Ilias"", ""Nivalis"", ""Denom"", ""Ratikon""]","[0.9389216899871826, 0.4842541217803955, 0.4720662832260132, 0.3178631067276001, 0.20369918644428253]"
3,centroid,1,522,Velorum,Velorum,"[""Velorum"", ""Ilias"", ""Nivalis"", ""Denom"", ""Ratikon""]","[0.7960026264190674, 0.7418073415756226, 0.5609548091888428, 0.529151439666748, 0.47190362215042114]"
3,centroid,1,523,Velorum,Velorum,"[""Velorum"", ""Ilias"", ""Denom"", ""Nivalis"", ""Xtreme""]","[0.8517860174179077, 0.5074203014373779, 0.4314095973968506, 0.35489505529403687, 0.29916858673095703]"
3,centroid,1,524,Velorum,Velorum,"[""Velorum"", ""Nivalis"", ""Ratikon"", ""Mytikas"", ""Ilias""]","[0.8088240623474121, 0.5530848503112793, 0.35583508014678955, 0.3282870650291443, 0.3031310439109802]"
3,centroid,1,525,Velorum,Velorum,"[""Velorum"", ""Ilias"", ""Denom"", ""Nivalis"", ""Ratikon""]","[0.880196750164032, 0.5867093801498413, 0.47477009892463684, 0.4699247479438782, 0.3240717947483063]"
3,centroid,1,526,Velorum,Velorum,"[""Velorum"", ""Ratikon"", ""Ilias"", ""Nivalis"", ""Denom""]","[0.7549603581428528, 0.7257289886474609, 0.6924890279769897, 0.6714898347854614, 0.6484335660934448]"
3,centroid,1,527,Velorum,Velorum,"[""Velorum"", ""Nivalis"", ""Trius"", ""Ilias"", ""Denom""]","[0.9052301645278931, 0.353667676448822, 0.3465633690357208, 0.34264612197875977, 0.3307090103626251]"
3,centroid,1,528,Velorum,Velorum,"[""Velorum"", ""Nivalis"", ""Ilias"", ""Denom"", ""Ratikon""]","[0.9410374760627747, 0.597529411315918, 0.5539996027946472, 0.4767938256263733, 0.4666539430618286]"
3,centroid,1,529,Velorum,Velorum,"[""Velorum"", ""Denom"", ""Ilias"", ""Nivalis"", ""Ratikon""]","[0.8048081398010254, 0.6737475395202637, 0.6211056113243103, 0.5436604022979736, 0.5018373727798462]"
3,centroid,1,530,Velorum,Velorum,"[""Velorum"", ""Ilias"", ""Nivalis"", ""Denom"", ""Ratikon""]","[0.9505847692489624, 0.5869560837745667, 0.5474109053611755, 0.5329989790916443, 0.4824417233467102]"
3,centroid,1,531,Velorum,Velorum,"[""Velorum"", ""Nivalis"", ""Denom"", ""Ratikon"", ""Ilias""]","[0.841168999671936, 0.7514407634735107, 0.6619760990142822, 0.6049637794494629, 0.4850490093231201]"
3,centroid,1,532,Velorum,Velorum,"[""Velorum"", ""Nivalis"", ""Ilias"", ""Denom"", ""Ratikon""]","[0.912196159362793, 0.6636297106742859, 0.5390536189079285, 0.5223311185836792, 0.4863561987876892]"
3,centroid,1,533,Velorum,Velorum,"[""Velorum"", ""Nivalis"", ""Ratikon"", ""Denom"", ""Ilias""]","[0.9086744785308838, 0.6777236461639404, 0.47489237785339355, 0.4736095070838928, 0.4393156170845032]"
3,centroid,1,534,Velorum,Velorum,"[""Velorum"", ""Ilias"", ""Nivalis"", ""Denom"", ""Xtreme""]","[0.9142089486122131, 0.509440541267395, 0.39311009645462036, 0.3258639872074127, 0.22203487157821655]"
3,centroid,1,535,Velorum,Velorum,"[""Velorum"", ""Nivalis"", ""Ilias"", ""Denom"", ""Ratikon""]","[0.8894762992858887, 0.6417232751846313, 0.5785760879516602, 0.5275227427482605, 0.44940268993377686]"
3,centroid,1,536,Velorum,Velorum,"[""Velorum"", ""Ilias"", ""Nivalis"", ""Ratikon"", ""Triton""]","[0.8653908967971802, 0.6769465804100037, 0.5126464366912842, 0.39932578802108765, 0.3775903582572937]"
3,centroid,1,537,Velorum,Velorum,"[""Velorum"", ""Denom"", ""Ilias"", ""Nivalis"", ""Ratikon""]","[0.9396978616714478, 0.5806787014007568, 0.578078031539917, 0.5253161191940308, 0.5091460943222046]"
3,centroid,1,538,Velorum,Velorum,"[""Velorum"", ""Ilias"", ""Denom"", ""Nivalis"", ""Ratikon""]","[0.8974165916442871, 0.6874444484710693, 0.6395580768585205, 0.5367002487182617, 0.49172812700271606]"
3,centroid,1,539,Velorum,Velorum,"[""Velorum"", ""Ilias"", ""Nivalis"", ""Ratikon"", ""Denom""]","[0.8418723344802856, 0.7661476135253906, 0.5304803848266602, 0.4952487647533417, 0.3989487886428833]"
3,centroid,1,540,Velorum,Velorum,"[""Velorum"", ""Ilias"", ""Nivalis"", ""Denom"", ""Triton""]","[0.816326379776001, 0.5029608011245728, 0.49838703870773315, 0.4132903814315796, 0.4012909531593323]"
3,centroid,1,541,Velorum,Velorum,"[""Velorum"", ""Nivalis"", ""Ilias"", ""Denom"", ""Xtreme""]","[0.8885996341705322, 0.5149593353271484, 0.5006638169288635, 0.3921108841896057, 0.25574058294296265]"
3,centroid,1,542,Velorum,Velorum,"[""Velorum"", ""Ilias"", ""Denom"", ""Trius"", ""Nivalis""]","[0.8324486613273621, 0.48489874601364136, 0.48053473234176636, 0.47524362802505493, 0.3495270609855652]"
3,centroid,1,543,Velorum,Velorum,"[""Velorum"", ""Ilias"", ""Nivalis"", ""Denom"", ""Ratikon""]","[0.9543648362159729, 0.5524570941925049, 0.4360656142234802, 0.32966190576553345, 0.29477208852767944]"
3,centroid,1,544,Velorum,Velorum,"[""Velorum"", ""Ilias"", ""Denom"", ""Nivalis"", ""Ratikon""]","[0.7762317657470703, 0.7072569727897644, 0.6313522458076477, 0.5927062034606934, 0.5825181603431702]"
3,centroid,1,545,Velorum,Velorum,"[""Velorum"", ""Ilias"", ""Nivalis"", ""Denom"", ""Ratikon""]","[0.9306206703186035, 0.508931040763855, 0.4380965232849121, 0.4110669493675232, 0.3759180009365082]"
3,centroid,1,546,Velorum,Velorum,"[""Velorum"", ""Ilias"", ""Nivalis"", ""Ratikon"", ""Denom""]","[0.8778910636901855, 0.5777748227119446, 0.5474158525466919, 0.4325903654098511, 0.3848462700843811]"
3,centroid,1,547,Velorum,Velorum,"[""Velorum"", ""Nivalis"", ""Ilias"", ""Denom"", ""Ratikon""]","[0.931525707244873, 0.4995623230934143, 0.43559181690216064, 0.359802782535553, 0.22452548146247864]"
3,centroid,1,548,Velorum,Velorum,"[""Velorum"", ""Ilias"", ""Nivalis"", ""Ratikon"", ""Denom""]","[0.9140605926513672, 0.7053583264350891, 0.5791443586349487, 0.5643711686134338, 0.5601871609687805]"
3,centroid,1,549,Velorum,Velorum,"[""Velorum"", ""Nivalis"", ""Ilias"", ""Ratikon"", ""Mytikas""]","[0.8743288516998291, 0.553971529006958, 0.4905977249145508, 0.3911011219024658, 0.3478226363658905]"
3,centroid,1,550,Velorum,Velorum,"[""Velorum"", ""Ilias"", ""Nivalis"", ""Denom"", ""Ratikon""]","[0.9153225421905518, 0.5647085905075073, 0.43090906739234924, 0.4031617045402527, 0.2466556429862976]"
3,centroid,1,551,Velorum,Velorum,"[""Velorum"", ""Denom"", ""Ilias"", ""Nivalis"", ""Ratikon""]","[0.811761200428009, 0.6895956993103027, 0.6521586775779724, 0.5932406783103943, 0.5869607925415039]"
3,centroid,1,552,Velorum,Velorum,"[""Velorum"", ""Nivalis"", ""Denom"", ""Ratikon"", ""Ilias""]","[0.8216805458068848, 0.5360753536224365, 0.4317707419395447, 0.2703309655189514, 0.2689751982688904]"
3,centroid,1,553,Velorum,Velorum,"[""Velorum"", ""Denom"", ""Trius"", ""Nivalis"", ""Steel_Wheel""]","[0.7702302932739258, 0.4478573799133301, 0.4460769593715668, 0.34298038482666016, 0.3209255635738373]"
3,centroid,1,554,Velorum,Velorum,"[""Velorum"", ""Nivalis"", ""Ilias"", ""Denom"", ""Ratikon""]","[0.9170149564743042, 0.5602735280990601, 0.4859972596168518, 0.3630562126636505, 0.2638157606124878]"
3,centroid,1,555,Velorum,Velorum,"[""Velorum"", ""Nivalis"", ""Ilias"", ""Ratikon"", ""Denom""]","[0.9155973792076111, 0.6732137203216553, 0.5052319765090942, 0.4642375111579895, 0.45405977964401245]"
3,centroid,1,556,Velorum,Velorum,"[""Velorum"", ""Ilias"", ""Denom"", ""Nivalis"", ""Trius""]","[0.8108780384063721, 0.6105353236198425, 0.5079039335250854, 0.4874686300754547, 0.443179190158844]"
3,centroid,1,557,Velorum,Velorum,"[""Velorum"", ""Ilias"", ""Nivalis"", ""Ratikon"", ""Triton""]","[0.8593943119049072, 0.6699261665344238, 0.46052220463752747, 0.3543826937675476, 0.3338504433631897]"
3,centroid,1,558,Velorum,Ilias,"[""Ilias"", ""Ratikon"", ""Nivalis"", ""Denom"", ""Velorum""]","[0.8286499977111816, 0.6716740131378174, 0.660598874092102, 0.6119814515113831, 0.5391932725906372]"
3,centroid,1,559,Velorum,Velorum,"[""Velorum"", ""Ilias"", ""Denom"", ""Nivalis"", ""Ratikon""]","[0.8645880222320557, 0.6617957949638367, 0.5243099331855774, 0.4726324677467346, 0.42883238196372986]"
3,centroid,1,560,Velorum,Velorum,"[""Velorum"", ""Ilias"", ""Denom"", ""Nivalis"", ""Triton""]","[0.8546438217163086, 0.6852965354919434, 0.565991222858429, 0.5184437036514282, 0.4963524341583252]"
3,centroid,1,561,Velorum,Velorum,"[""Velorum"", ""Nivalis"", ""Denom"", ""Ratikon"", ""Ilias""]","[0.9223774671554565, 0.629534125328064, 0.5031834840774536, 0.3997249901294708, 0.3832550048828125]"
3,centroid,1,562,Velorum,Velorum,"[""Velorum"", ""Ilias"", ""Nivalis"", ""Triton"", ""Ratikon""]","[0.8784084320068359, 0.6266806125640869, 0.4302027225494385, 0.35097402334213257, 0.3226979970932007]"
3,centroid,1,563,Velorum,Velorum,"[""Velorum"", ""Trius"", ""Alcatras"", ""Alaris"", ""Ilias""]","[0.7980736494064331, 0.5337470173835754, 0.47461462020874023, 0.3741208016872406, 0.34624192118644714]"
3,centroid,1,564,Velorum,Velorum,"[""Velorum"", ""Nivalis"", ""Ilias"", ""Denom"", ""Ratikon""]","[0.9180680513381958, 0.5018329620361328, 0.39024198055267334, 0.3433668613433838, 0.2972111701965332]"
3,centroid,1,565,Velorum,Velorum,"[""Velorum"", ""Denom"", ""Nivalis"", ""Ilias"", ""Xtreme""]","[0.8407606482505798, 0.501930832862854, 0.47086524963378906, 0.40830159187316895, 0.2055034637451172]"
3,centroid,1,566,Xtreme,Xtreme,"[""Xtreme"", ""Gemini"", ""Ilias"", ""Vega"", ""Hawk""]","[0.8851932287216187, 0.42969733476638794, 0.06477329134941101, 0.04569127783179283, -0.006902836263179779]"
3,centroid,1,567,Xtreme,Gemini,"[""Gemini"", ""Xtreme"", ""Vega"", ""Nivalis"", ""Denom""]","[0.6496192216873169, 0.6039090156555176, 0.31110233068466187, 0.24262210726737976, 0.24219608306884766]"
3,centroid,1,568,Xtreme,Xtreme,"[""Xtreme"", ""Gemini"", ""Ilias"", ""Nivalis"", ""Triton""]","[0.7553027272224426, 0.48061028122901917, 0.42161083221435547, 0.39209914207458496, 0.1982799768447876]"
3,centroid,1,569,Xtreme,Xtreme,"[""Xtreme"", ""Gemini"", ""Ilias"", ""Nivalis"", ""Triton""]","[0.7923992872238159, 0.5952684879302979, 0.46273118257522583, 0.30452629923820496, 0.24745918810367584]"
3,centroid,1,570,Xtreme,Xtreme,"[""Xtreme"", ""Gemini"", ""Steel_Wheel"", ""Nivalis"", ""Denom""]","[0.9695079922676086, 0.4983363747596741, 0.0848560556769371, 0.03135863319039345, 0.025740133598446846]"
3,centroid,1,571,Xtreme,Xtreme,"[""Xtreme"", ""Gemini"", ""Ilias"", ""Nivalis"", ""Steel_Wheel""]","[0.9752625823020935, 0.4950794279575348, 0.1878453642129898, 0.07270409166812897, 0.06828439980745316]"
3,centroid,1,572,Xtreme,Xtreme,"[""Xtreme"", ""Gemini"", ""Ilias"", ""Denom"", ""Nivalis""]","[0.9488146305084229, 0.5613319873809814, 0.1997753083705902, 0.13094961643218994, 0.04222702234983444]"
3,centroid,1,573,Xtreme,Xtreme,"[""Xtreme"", ""Gemini"", ""Ilias"", ""Nivalis"", ""Denom""]","[0.9603871703147888, 0.6265415549278259, 0.18051975965499878, 0.08133797347545624, 0.06083321571350098]"
3,centroid,1,574,Xtreme,Xtreme,"[""Xtreme"", ""Gemini"", ""Steel_Wheel"", ""Denom"", ""Nivalis""]","[0.9245514869689941, 0.2979773283004761, 0.1520402431488037, 0.12901203334331512, 0.09300865978002548]"
3,centroid,1,575,Xtreme,Xtreme,"[""Xtreme"", ""Gemini"", ""Steel_Wheel"", ""Ilias"", ""Braga""]","[0.9592989683151245, 0.44053366780281067, 0.03470916673541069, 0.025270406156778336, -0.03597034513950348]"
3,centroid,1,576,Xtreme,Xtreme,"[""Xtreme"", ""Gemini"", ""Hawk"", ""Ilias"", ""Denom""]","[0.898138165473938, 0.4637065827846527, 0.2123904973268509, 0.14356932044029236, 0.05075725167989731]"
3,centroid,1,577,Xtreme,Xtreme,"[""Xtreme"", ""Gemini"", ""Braga"", ""Triton"", ""Ilias""]","[0.8715038299560547, 0.5258685350418091, 0.10926845669746399, 0.10375046730041504, 0.07309018075466156]"
3,centroid,1,578,Xtreme,Xtreme,"[""Xtreme"", ""Gemini"", ""Steel_Wheel"", ""Hawk"", ""Velorum""]","[0.9564476013183594, 0.39413928985595703, 0.11340760439634323, 0.06445321440696716, 0.06395241618156433]"
3,centroid,1,579,Xtreme,Xtreme,"[""Xtreme"", ""Gemini"", ""Ilias"", ""Braga"", ""Nivalis""]","[0.9408048391342163, 0.5765353441238403, 0.11979663372039795, 0.07746773958206177, 0.05052066966891289]"
3,centroid,1,580,Xtreme,Xtreme,"[""Xtreme"", ""Gemini"", ""Hawk"", ""Ilias"", ""Steel_Wheel""]","[0.9117170572280884, 0.4575599133968353, 0.22509655356407166, 0.10878388583660126, 0.08046930283308029]"
3,centroid,1,581,Xtreme,Xtreme,"[""Xtreme"", ""Gemini"", ""Ilias"", ""Nivalis"", ""Velorum""]","[0.9056946039199829, 0.5576739311218262, 0.22392834722995758, 0.16416816413402557, 0.0383528508245945]"
3,centroid,1,582,Xtreme,Xtreme,"[""Xtreme"", ""Gemini"", ""Steel_Wheel"", ""Denom"", ""Nivalis""]","[0.9598861336708069, 0.3724765479564667, 0.1206442192196846, 0.10034773498773575, 0.07621258497238159]"
3,centroid,1,583,Xtreme,Xtreme,"[""Xtreme"", ""Gemini"", ""Steel_Wheel"", ""Nivalis"", ""Denom""]","[0.912300705909729, 0.4950201213359833, 0.10117194056510925, 0.09008309245109558, 0.07763315737247467]"
3,centroid,1,584,Xtreme,Xtreme,"[""Xtreme"", ""Gemini"", ""Steel_Wheel"", ""Hawk"", ""Braga""]","[0.9544488191604614, 0.4537889063358307, 0.08280711621046066, 0.05661739408969879, 0.02700873836874962]"
3,centroid,1,585,Xtreme,Xtreme,"[""Xtreme"", ""Gemini"", ""Braga"", ""Ilias"", ""Denom""]","[0.8853780031204224, 0.39103513956069946, 0.1201724112033844, 0.06658449023962021, 0.020155251026153564]"
3,centroid,1,586,Xtreme,Xtreme,"[""Xtreme"", ""Gemini"", ""Ilias"", ""Denom"", ""Steel_Wheel""]","[0.9676928520202637, 0.6297190189361572, 0.10907072573900223, 0.059241585433483124, 0.0445428267121315]"
3,centroid,1,587,Xtreme,Xtreme,"[""Xtreme"", ""Gemini"", ""Steel_Wheel"", ""Braga"", ""Ilias""]","[0.9441672563552856, 0.5420296788215637, 0.12017522752285004, 0.035980645567178726, 0.030078710988163948]"
3,centroid,1,588,Xtreme,Xtreme,"[""Xtreme"", ""Gemini"", ""Hawk"", ""Ilias"", ""Steel_Wheel""]","[0.8987171649932861, 0.26771581172943115, 0.14996618032455444, 0.0072176698595285416, -0.010358418338000774]"
3,centroid,1,589,Xtreme,Xtreme,"[""Xtreme"", ""Gemini"", ""Ilias"", ""Nivalis"", ""Denom""]","[0.9210749268531799, 0.574773371219635, 0.2749139666557312, 0.16280001401901245, 0.054192639887332916]"
3,centroid,1,590,Xtreme,Xtreme,"[""Xtreme"", ""Gemini"", ""Steel_Wheel"", ""Hawk"", ""Velorum""]","[0.9135441184043884, 0.34836268424987793, 0.18469570577144623, 0.15115606784820557, 0.10088279843330383]"
3,centroid,1,591,Xtreme,Xtreme,"[""Xtreme"", ""Gemini"", ""Steel_Wheel"", ""Ilias"", ""Nivalis""]","[0.9570724964141846, 0.4804267883300781, 0.13454043865203857, 0.07193057239055634, 0.048179563134908676]"
3,centroid,1,592,Xtreme,Xtreme,"[""Xtreme"", ""Gemini"", ""Hawk"", ""Braga"", ""Steel_Wheel""]","[0.9353544116020203, 0.5400928258895874, 0.22170214354991913, 0.06900743395090103, 0.0369943305850029]"
3,centroid,1,593,Xtreme,Xtreme,"[""Xtreme"", ""Gemini"", ""Steel_Wheel"", ""Hawk"", ""Ilias""]","[0.9576342105865479, 0.4163339138031006, 0.13479751348495483, 0.12888413667678833, 0.02655215375125408]"
3,centroid,1,594,Xtreme,Xtreme,"[""Xtreme"", ""Gemini"", ""Braga"", ""Triton"", ""Hawk""]","[0.8553749322891235, 0.5722318887710571, 0.2681531608104706, 0.09360603988170624, 0.025294963270425797]"
3,centroid,1,595,Xtreme,Xtreme,"[""Xtreme"", ""Gemini"", ""Hawk"", ""Braga"", ""Ilias""]","[0.9202857613563538, 0.5483849048614502, 0.23791299760341644, 0.044415004551410675, 0.03116137906908989]"
3,centroid,1,596,Xtreme,Xtreme,"[""Xtreme"", ""Gemini"", ""Steel_Wheel"", ""Hawk"", ""Velorum""]","[0.9072624444961548, 0.4170835614204407, 0.16567011177539825, 0.08362387865781784, 0.002612958662211895]"
3,centroid,1,597,Xtreme,Xtreme,"[""Xtreme"", ""Gemini"", ""Braga"", ""Ilias"", ""Steel_Wheel""]","[0.9598194360733032, 0.5447913408279419, 0.017807330936193466, -0.0020108185708522797, -0.0032646432518959045]"
3,centroid,1,598,Xtreme,Xtreme,"[""Xtreme"", ""Gemini"", ""Nivalis"", ""Ilias"", ""Velorum""]","[0.9207146167755127, 0.3562183976173401, 0.18898239731788635, 0.18787917494773865, 0.16003403067588806]"
3,centroid,1,599,Xtreme,Xtreme,"[""Xtreme"", ""Gemini"", ""Steel_Wheel"", ""Hawk"", ""Velorum""]","[0.8544093370437622, 0.23332540690898895, 0.12820346653461456, 0.12752652168273926, 0.06505695730447769]"
3,centroid,1,600,Xtreme,Xtreme,"[""Xtreme"", ""Gemini"", ""Braga"", ""Hawk"", ""Mytikas""]","[0.8517265915870667, 0.39707469940185547, 0.23083937168121338, 0.21403509378433228, 0.03720385581254959]"
3,centroid,1,601,Xtreme,Xtreme,"[""Xtreme"", ""Gemini"", ""Ilias"", ""Denom"", ""Hawk""]","[0.9727514982223511, 0.5171544551849365, 0.09501881897449493, 0.06565344333648682, 0.037328556180000305]"
3,centroid,1,602,Xtreme,Xtreme,"[""Xtreme"", ""Gemini"", ""Braga"", ""Hawk"", ""Denom""]","[0.9019652605056763, 0.4978216886520386, 0.10343475639820099, 0.07751327753067017, 0.03357502445578575]"
3,centroid,1,603,Xtreme,Xtreme,"[""Xtreme"", ""Gemini"", ""Ilias"", ""Denom"", ""Nivalis""]","[0.8561588525772095, 0.5797026753425598, 0.36797887086868286, 0.2745269536972046, 0.1687886118888855]"
4,centroid,1,0,Alaris,Alaris,"[""Alaris"", ""Alcatras"", ""Trius"", ""Triton"", ""Vega""]","[0.6764447093009949, 0.5912551283836365, 0.5064307451248169, 0.3626757562160492, 0.30189353227615356]"
4,centroid,1,1,Alaris,Alaris,"[""Alaris"", ""Alcatras"", ""Vega"", ""Hawk"", ""Turbine""]","[0.9004908800125122, 0.6274336576461792, 0.498686820268631, 0.4882475733757019, 0.47373318672180176]"
4,centroid,1,2,Alaris,Alaris,"[""Alaris"", ""Alcatras"", ""Turbine"", ""Castor"", ""Vega""]","[0.6872784495353699, 0.5434693694114685, 0.46064695715904236, 0.2909511625766754, 0.2900739908218384]"
4,centroid,1,3,Alaris,Alaris,"[""Alaris"", ""Trius"", ""Alcatras"", ""Vega"", ""Ratikon""]","[0.825792670249939, 0.45867422223091125, 0.41823282837867737, 0.2942008972167969, 0.2381678968667984]"
4,centroid,1,4,Alaris,Alaris,"[""Alaris"", ""Alcatras"", ""Trius"", ""Vega"", ""Hawk""]","[0.9290885925292969, 0.7630270719528198, 0.5113251805305481, 0.38565996289253235, 0.3272666931152344]"
4,centroid,1,5,Alaris,Alaris,"[""Alaris"", ""Vega"", ""Turbine"", ""Alcatras"", ""Trius""]","[0.7307817935943604, 0.6579345464706421, 0.4543890357017517, 0.41481971740722656, 0.3845546543598175]"
4,centroid,1,6,Alaris,Alaris,"[""Alaris"", ""Alcatras"", ""Braga"", ""Hawk"", ""Trius""]","[0.8678238987922668, 0.8558262586593628, 0.4987918436527252, 0.4301010072231293, 0.379617303609848]"
4,centroid,1,7,Alaris,Trius,"[""Trius"", ""Triton"", ""Alcatras"", ""Alaris"", ""Gemini""]","[0.7024414539337158, 0.5864766836166382, 0.5198532342910767, 0.5021980404853821, 0.4354827105998993]"
4,centroid,1,8,Alaris,Alaris,"[""Alaris"", ""Alcatras"", ""Hawk"", ""Vega"", ""Braga""]","[0.8388901948928833, 0.7664482593536377, 0.4490096867084503, 0.3576216697692871, 0.27060264348983765]"
4,centroid,1,9,Alaris,Alcatras,"[""Alcatras"", ""Alaris"", ""Trius"", ""Triton"", ""Castor""]","[0.7578015327453613, 0.6693098545074463, 0.6511507034301758, 0.6269171237945557, 0.5063446164131165]"
4,centroid,1,10,Alaris,Alaris,"[""Alaris"", ""Alcatras"", ""Trius"", ""Vega"", ""Hawk""]","[0.8997349739074707, 0.5694985389709473, 0.5510333776473999, 0.3970251977443695, 0.31112781167030334]"
4,centroid,1,11,Alaris,Alaris,"[""Alaris"", ""Trius"", ""Alcatras"", ""Triton"", ""Braga""]","[0.8304942846298218, 0.7159004211425781, 0.6475354433059692, 0.3838914930820465, 0.3481588363647461]"
4,centroid,1,12,Alaris,Alaris,"[""Alaris"", ""Alcatras"", ""Hawk"", ""Vega"", ""Mytikas""]","[0.7812073230743408, 0.6013861298561096, 0.48477399349212646, 0.470803439617157, 0.24641627073287964]"
4,centroid,1,13,Alaris,Alaris,"[""Alaris"", ""Alcatras"", ""Hawk"", ""Vega"", ""Turbine""]","[0.8678313493728638, 0.6760227680206299, 0.629045844078064, 0.3338961601257324, 0.2545589804649353]"
4,centroid,1,14,Alaris,Alcatras,"[""Alcatras"", ""Alaris"", ""Braga"", ""Castor"", ""Trius""]","[0.8711403012275696, 0.8544623255729675, 0.5109037756919861, 0.3890777826309204, 0.38105934858322144]"
4,centroid,1,15,Alaris,Alaris,"[""Alaris"", ""Trius"", ""Vega"", ""Braga"", ""Alcatras""]","[0.8103959560394287, 0.5926855802536011, 0.4424710273742676, 0.42702871561050415, 0.3760998845100403]"
4,centroid,1,16,Alaris,Alaris,"[""Alaris"", ""Hawk"", ""Mytikas"", ""Alcatras"", ""Turbine""]","[0.6195664405822754, 0.5718787908554077, 0.5134103298187256, 0.4960971474647522, 0.30595892667770386]"
4,centroid,1,17,Alaris,Alaris,"[""Alaris"", ""Alcatras"", ""Hawk"", ""Turbine"", ""Vega""]","[0.9306250810623169, 0.698908805847168, 0.3984403610229492, 0.3504434823989868, 0.34300696849823]"
4,centroid,1,18,Alaris,Alaris,"[""Alaris"", ""Alcatras"", ""Trius"", ""Hawk"", ""Braga""]","[0.8650493621826172, 0.6731390953063965, 0.4745846390724182, 0.4505556523799896, 0.3885286748409271]"
4,centroid,1,19,Alaris,Alcatras,"[""Alcatras"", ""Alaris"", ""Hawk"", ""Braga"", ""Castor""]","[0.8615401387214661, 0.7928849458694458, 0.5574455261230469, 0.4500221610069275, 0.41009578108787537]"
4,centroid,1,20,Alaris,Alaris,"[""Alaris"", ""Trius"", ""Alcatras"", ""Triton"", ""Mytikas""]","[0.7636957168579102, 0.6725166440010071, 0.6348524689674377, 0.45287075638771057, 0.4005639851093292]"
4,centroid,1,21,Alaris,Alaris,"[""Alaris"", ""Alcatras"", ""Hawk"", ""Vega"", ""Trius""]","[0.921528697013855, 0.7628450989723206, 0.4708040952682495, 0.3447762727737427, 0.3432621955871582]"
4,centroid,1,22,Alaris,Alcatras,"[""Alcatras"", ""Alaris"", ""Trius"", ""Castor"", ""Turbine""]","[0.7443261742591858, 0.735580563545227, 0.5404045581817627, 0.49866074323654175, 0.344057559967041]"
4,centroid,1,23,Alaris,Trius,"[""Trius"", ""Alaris"", ""Alcatras"", ""Turbine"", ""Braga""]","[0.7023935317993164, 0.6318696737289429, 0.5158819556236267, 0.45498061180114746, 0.39675992727279663]"
4,centroid,1,24,Alaris,Alaris,"[""Alaris"", ""Alcatras"", ""Turbine"", ""Hawk"", ""Castor""]","[0.8831144571304321, 0.8101652264595032, 0.5269415378570557, 0.46190208196640015, 0.43041497468948364]"
4,centroid,1,25,Alaris,Alaris,"[""Alaris"", ""Hawk"", ""Alcatras"", ""Vega"", ""Mytikas""]","[0.8102348446846008, 0.6647204160690308, 0.5480980277061462, 0.41546788811683655, 0.4128829836845398]"
4,centroid,1,26,Alaris,Alaris,"[""Alaris"", ""Alcatras"", ""Trius"", ""Vega"", ""Hawk""]","[0.8634008169174194, 0.5329171419143677, 0.5300684571266174, 0.5127407908439636, 0.35071229934692383]"
4,centroid,1,27,Alcatras,Triton,"[""Triton"", ""Mytikas"", ""Trius"", ""Turbine"", ""Vega""]","[0.6393611431121826, 0.6345264911651611, 0.5016134977340698, 0.4340456426143646, 0.40582969784736633]"
4,centroid,1,28,Alcatras,Alcatras,"[""Alcatras"", ""Alaris"", ""Castor"", ""Trius"", ""Triton""]","[0.8798058032989502, 0.5885182619094849, 0.40718454122543335, 0.33383843302726746, 0.311609148979187]"
4,centroid,1,29,Alcatras,Alcatras,"[""Alcatras"", ""Alaris"", ""Castor"", ""Hawk"", ""Mytikas""]","[0.8073614239692688, 0.6206479668617249, 0.4299318194389343, 0.39602386951446533, 0.2937707006931305]"
4,centroid,1,30,Alcatras,Alcatras,"[""Alcatras"", ""Castor"", ""Mytikas"", ""Alaris"", ""Velorum""]","[0.6916843056678772, 0.5731431841850281, 0.5534037947654724, 0.4278140664100647, 0.4156530499458313]"
4,centroid,1,31,Alcatras,Alcatras,"[""Alcatras"", ""Alaris"", ""Braga"", ""Mytikas"", ""Triton""]","[0.866355836391449, 0.7688506841659546, 0.5165421962738037, 0.4602540135383606, 0.39972952008247375]"
4,centroid,1,32,Alcatras,Alcatras,"[""Alcatras"", ""Alaris"", ""Castor"", ""Braga"", ""Mytikas""]","[0.8911057710647583, 0.6904155015945435, 0.4549814760684967, 0.41242456436157227, 0.29388558864593506]"
4,centroid,1,33,Alcatras,Alcatras,"[""Alcatras"", ""Castor"", ""Mytikas"", ""Braga"", ""Turbine""]","[0.6776032447814941, 0.6533989906311035, 0.6380786895751953, 0.42956817150115967, 0.36826974153518677]"
4,centroid,1,34,Alcatras,Alcatras,"[""Alcatras"", ""Alaris"", ""Castor"", ""Hawk"", ""Mytikas""]","[0.8843957185745239, 0.7069170475006104, 0.3710733652114868, 0.2426140308380127, 0.2209516316652298]"
4,centroid,1,35,Alcatras,Alcatras,"[""Alcatras"", ""Alaris"", ""Castor"", ""Mytikas"", ""Hawk""]","[0.8086614608764648, 0.5360159873962402, 0.5238115787506104, 0.36405429244041443, 0.31920307874679565]"
4,centroid,1,36,Alcatras,Alcatras,"[""Alcatras"", ""Alaris"", ""Braga"", ""Turbine"", ""Mytikas""]","[0.7353511452674866, 0.6391288638114929, 0.45299267768859863, 0.4390564262866974, 0.3545474112033844]"
4,centroid,1,37,Alcatras,Alcatras,"[""Alcatras"", ""Alaris"", ""Mytikas"", ""Hawk"", ""Castor""]","[0.7600433826446533, 0.6524943113327026, 0.409074068069458, 0.31686437129974365, 0.2269541174173355]"
4,centroid,1,38,Alcatras,Triton,"[""Triton"", ""Alcatras"", ""Mytikas"", ""Trius"", ""Castor""]","[0.46010735630989075, 0.44307589530944824, 0.38617026805877686, 0.2999120354652405, 0.26792529225349426]"
4,centroid,1,39,Alcatras,Alcatras,"[""Alcatras"", ""Castor"", ""Alaris"", ""Triton"", ""Braga""]","[0.8609635233879089, 0.5526779890060425, 0.47975343465805054, 0.4616650640964508, 0.4530045986175537]"
4,centroid,1,40,Alcatras,Alcatras,"[""Alcatras"", ""Alaris"", ""Castor"", ""Mytikas"", ""Trius""]","[0.8965168595314026, 0.656385064125061, 0.541366457939148, 0.4041807949542999, 0.3946393132209778]"
4,centroid,1,41,Alcatras,Alcatras,"[""Alcatras"", ""Alaris"", ""Hawk"", ""Castor"", ""Braga""]","[0.8629229664802551, 0.7545953392982483, 0.47878485918045044, 0.4719379246234894, 0.36329999566078186]"
4,centroid,1,42,Alcatras,Alcatras,"[""Alcatras"", ""Alaris"", ""Castor"", ""Mytikas"", ""Hawk""]","[0.8394365310668945, 0.5647016763687134, 0.3841211795806885, 0.351039856672287, 0.19982893764972687]"
4,centroid,1,43,Alcatras,Alcatras,"[""Alcatras"", ""Castor"", ""Alaris"", ""Triton"", ""Braga""]","[0.8361818790435791, 0.6195313334465027, 0.4669700860977173, 0.3894241750240326, 0.3520882725715637]"
4,centroid,1,44,Alcatras,Alcatras,"[""Alcatras"", ""Alaris"", ""Castor"", ""Mytikas"", ""Hawk""]","[0.9009477496147156, 0.7029388546943665, 0.5249323844909668, 0.42192167043685913, 0.33537763357162476]"
4,centroid,1,45,Alcatras,Alaris,"[""Alaris"", ""Alcatras"", ""Hawk"", ""Castor"", ""Braga""]","[0.7032381892204285, 0.6294225454330444, 0.5107371807098389, 0.4887305498123169, 0.3812732994556427]"
4,centroid,1,46,Alcatras,Alcatras,"[""Alcatras"", ""Mytikas"", ""Castor"", ""Alaris"", ""Turbine""]","[0.7759151458740234, 0.5431488156318665, 0.5062592029571533, 0.4770199656486511, 0.4128960072994232]"
4,centroid,1,47,Alcatras,Alcatras,"[""Alcatras"", ""Alaris"", ""Castor"", ""Mytikas"", ""Turbine""]","[0.9077998399734497, 0.6691662669181824, 0.46556419134140015, 0.45048147439956665, 0.4206762909889221]"
4,centroid,1,48,Alcatras,Alcatras,"[""Alcatras"", ""Alaris"", ""Hawk"", ""Castor"", ""Turbine""]","[0.8201531171798706, 0.7412228584289551, 0.4476010203361511, 0.4070635437965393, 0.3044828176498413]"
4,centroid,1,49,Alcatras,Alcatras,"[""Alcatras"", ""Castor"", ""Turbine"", ""Alaris"", ""Triton""]","[0.6699985265731812, 0.64801424741745, 0.49721062183380127, 0.3752395510673523, 0.35529470443725586]"
4,centroid,1,50,Alcatras,Castor,"[""Castor"", ""Alcatras"", ""Turbine"", ""Triton"", ""Mytikas""]","[0.7908377647399902, 0.7275665402412415, 0.6239280700683594, 0.48430556058883667, 0.46561843156814575]"
4,centroid,1,51,Alcatras,Alcatras,"[""Alcatras"", ""Alaris"", ""Braga"", ""Castor"", ""Turbine""]","[0.8945125341415405, 0.7210198640823364, 0.48571115732192993, 0.4692820906639099, 0.27236106991767883]"
4,centroid,1,52,Alcatras,Alcatras,"[""Alcatras"", ""Alaris"", ""Castor"", ""Hawk"", ""Mytikas""]","[0.9151676893234253, 0.6217362880706787, 0.38396164774894714, 0.32958120107650757, 0.29005250334739685]"
4,centroid,1,53,Braga,Braga,"[""Braga"", ""Gemini"", ""Turbine"", ""Hawk"", ""Triton""]","[0.827581524848938, 0.46594393253326416, 0.44572097063064575, 0.42482560873031616, 0.3785253167152405]"
4,centroid,1,54,Braga,Triton,"[""Triton"", ""Braga"", ""Trius"", ""Mytikas"", ""Castor""]","[0.7593480348587036, 0.6836255788803101, 0.6043012142181396, 0.3730885088443756, 0.2945929169654846]"
4,centroid,1,55,Braga,Braga,"[""Braga"", ""Alcatras"", ""Castor"", ""Trius"", ""Alaris""]","[0.8567221164703369, 0.48929765820503235, 0.4538075923919678, 0.44085824489593506, 0.4335949420928955]"
4,centroid,1,56,Braga,Braga,"[""Braga"", ""Alcatras"", ""Alaris"", ""Hawk"", ""Turbine""]","[0.7850128412246704, 0.5036743879318237, 0.42109575867652893, 0.40095460414886475, 0.2938515543937683]"
4,centroid,1,57,Braga,Braga,"[""Braga"", ""Gemini"", ""Vega"", ""Xtreme"", ""Triton""]","[0.7924556732177734, 0.6068519353866577, 0.4109377861022949, 0.32012224197387695, 0.29079538583755493]"
4,centroid,1,58,Braga,Braga,"[""Braga"", ""Triton"", ""Trius"", ""Mytikas"", ""Alcatras""]","[0.7342706918716431, 0.5271723866462708, 0.5259879231452942, 0.48065945506095886, 0.31054481863975525]"
4,centroid,1,59,Braga,Alaris,"[""Alaris"", ""Braga"", ""Alcatras"", ""Trius"", ""Vega""]","[0.7834396362304688, 0.6886205673217773, 0.6624664068222046, 0.5395753383636475, 0.4815196990966797]"
4,centroid,1,60,Braga,Braga,"[""Braga"", ""Triton"", ""Turbine"", ""Gemini"", ""Mytikas""]","[0.6841482520103455, 0.4628225266933441, 0.4154144525527954, 0.3617405295372009, 0.3423782289028168]"
4,centroid,1,61,Braga,Braga,"[""Braga"", ""Turbine"", ""Triton"", ""Vega"", ""Alcatras""]","[0.8177826404571533, 0.5798853635787964, 0.5691531896591187, 0.5163027048110962, 0.4540591239929199]"
4,centroid,1,62,Braga,Braga,"[""Braga"", ""Alcatras"", ""Triton"", ""Mytikas"", ""Castor""]","[0.8161879777908325, 0.537248969078064, 0.43207380175590515, 0.3504667580127716, 0.3363051414489746]"
4,centroid,1,63,Braga,Braga,"[""Braga"", ""Gemini"", ""Vega"", ""Hawk"", ""Turbine""]","[0.7358189225196838, 0.43627089262008667, 0.39136141538619995, 0.384962797164917, 0.31409674882888794]"
4,centroid,1,64,Braga,Braga,"[""Braga"", ""Gemini"", ""Vega"", ""Triton"", ""Xtreme""]","[0.6875050067901611, 0.5850472450256348, 0.43011170625686646, 0.38303375244140625, 0.34380632638931274]"
4,centroid,1,65,Braga,Braga,"[""Braga"", ""Alcatras"", ""Alaris"", ""Hawk"", ""Turbine""]","[0.8438102006912231, 0.7177548408508301, 0.5557669997215271, 0.4579159617424011, 0.42785581946372986]"
4,centroid,1,66,Braga,Braga,"[""Braga"", ""Trius"", ""Alaris"", ""Alcatras"", ""Mytikas""]","[0.7091917991638184, 0.5733894109725952, 0.5428190231323242, 0.47776156663894653, 0.4558373987674713]"
4,centroid,1,67,Braga,Braga,"[""Braga"", ""Gemini"", ""Vega"", ""Mytikas"", ""Triton""]","[0.7337988615036011, 0.4999275207519531, 0.4943160116672516, 0.33000999689102173, 0.32802632451057434]"
4,centroid,1,68,Braga,Braga,"[""Braga"", ""Mytikas"", ""Alcatras"", ""Triton"", ""Castor""]","[0.7509201169013977, 0.4336460828781128, 0.4310781955718994, 0.40539830923080444, 0.39425137639045715]"
4,centroid,1,69,Braga,Braga,"[""Braga"", ""Castor"", ""Alcatras"", ""Turbine"", ""Triton""]","[0.7383178472518921, 0.6287505626678467, 0.5393370389938354, 0.5102343559265137, 0.47799256443977356]"
4,centroid,1,70,Braga,Braga,"[""Braga"", ""Alcatras"", ""Castor"", ""Triton"", ""Mytikas""]","[0.7392234802246094, 0.6535509824752808, 0.607230007648468, 0.5379226207733154, 0.4661110043525696]"
4,centroid,1,71,Braga,Braga,"[""Braga"", ""Alcatras"", ""Alaris"", ""Trius"", ""Hawk""]","[0.7265945672988892, 0.642459511756897, 0.5169530510902405, 0.3448735773563385, 0.2789795994758606]"
4,centroid,1,72,Braga,Braga,"[""Braga"", ""Gemini"", ""Turbine"", ""Vega"", ""Triton""]","[0.7966834306716919, 0.5755577087402344, 0.5071579217910767, 0.4517839550971985, 0.38137367367744446]"
4,centroid,1,73,Braga,Braga,"[""Braga"", ""Triton"", ""Alcatras"", ""Trius"", ""Gemini""]","[0.8651465177536011, 0.5304213762283325, 0.3751452565193176, 0.3668382167816162, 0.3184366822242737]"
4,centroid,1,74,Braga,Braga,"[""Braga"", ""Gemini"", ""Vega"", ""Turbine"", ""Triton""]","[0.8584540486335754, 0.4224356412887573, 0.4038950800895691, 0.3537035584449768, 0.3291071355342865]"
4,centroid,1,75,Braga,Braga,"[""Braga"", ""Gemini"", ""Vega"", ""Triton"", ""Xtreme""]","[0.8404954075813293, 0.6452000737190247, 0.43234843015670776, 0.3306717276573181, 0.32739049196243286]"
4,centroid,1,76,Braga,Vega,"[""Vega"", ""Braga"", ""Gemini"", ""Hawk"", ""Turbine""]","[0.7369827628135681, 0.6780921816825867, 0.6058807373046875, 0.5325535535812378, 0.43254005908966064]"
4,centroid,1,77,Braga,Braga,"[""Braga"", ""Castor"", ""Triton"", ""Trius"", ""Alcatras""]","[0.6547756791114807, 0.6099815368652344, 0.6064605712890625, 0.4820927381515503, 0.3648710548877716]"
4,centroid,1,78,Braga,Braga,"[""Braga"", ""Triton"", ""Turbine"", ""Mytikas"", ""Castor""]","[0.8597853183746338, 0.6185959577560425, 0.5554538369178772, 0.5183131694793701, 0.4474394917488098]"
4,centroid,1,79,Braga,Braga,"[""Braga"", ""Castor"", ""Alcatras"", ""Alaris"", ""Trius""]","[0.703250527381897, 0.6572772264480591, 0.634647011756897, 0.5018599629402161, 0.4678915739059448]"
4,centroid,1,80,Braga,Braga,"[""Braga"", ""Hawk"", ""Gemini"", ""Vega"", ""Turbine""]","[0.7861106395721436, 0.7046548128128052, 0.488506019115448, 0.4022405743598938, 0.3708893656730652]"
4,centroid,1,81,Braga,Braga,"[""Braga"", ""Triton"", ""Trius"", ""Alcatras"", ""Alaris""]","[0.8112465143203735, 0.6179856061935425, 0.5814279317855835, 0.46273550391197205, 0.4504355788230896]"
4,centroid,1,82,Braga,Braga,"[""Braga"", ""Triton"", ""Trius"", ""Mytikas"", ""Turbine""]","[0.7618523836135864, 0.6407631635665894, 0.5376949310302734, 0.4019129276275635, 0.3128533959388733]"
4,centroid,1,83,Braga,Braga,"[""Braga"", ""Vega"", ""Alaris"", ""Hawk"", ""Gemini""]","[0.8508164882659912, 0.5988836288452148, 0.5050050020217896, 0.4902423918247223, 0.47519099712371826]"
4,centroid,1,84,Braga,Braga,"[""Braga"", ""Vega"", ""Gemini"", ""Trius"", ""Turbine""]","[0.8094267249107361, 0.6451953053474426, 0.4800320863723755, 0.44986093044281006, 0.3703097701072693]"
4,centroid,1,85,Braga,Braga,"[""Braga"", ""Alcatras"", ""Alaris"", ""Hawk"", ""Turbine""]","[0.7783703804016113, 0.5630043745040894, 0.5248857140541077, 0.4087163507938385, 0.3954167664051056]"
4,centroid,1,86,Braga,Braga,"[""Braga"", ""Mytikas"", ""Triton"", ""Alcatras"", ""Turbine""]","[0.7826692461967468, 0.5473902225494385, 0.5215708017349243, 0.48936089873313904, 0.4412260353565216]"
4,centroid,1,87,Braga,Braga,"[""Braga"", ""Castor"", ""Turbine"", ""Alcatras"", ""Triton""]","[0.8206446170806885, 0.6592891216278076, 0.631339430809021, 0.6242764592170715, 0.5014591217041016]"
4,centroid,1,88,Braga,Triton,"[""Triton"", ""Braga"", ""Trius"", ""Castor"", ""Mytikas""]","[0.781764805316925, 0.7004508972167969, 0.5681414604187012, 0.5487915277481079, 0.488284170627594]"
4,centroid,1,89,Braga,Braga,"[""Braga"", ""Alcatras"", ""Alaris"", ""Gemini"", ""Hawk""]","[0.7746150493621826, 0.49150413274765015, 0.37325525283813477, 0.3599936366081238, 0.25709268450737]"
4,centroid,1,90,Castor,Castor,"[""Castor"", ""Alcatras"", ""Turbine"", ""Mytikas"", ""Triton""]","[0.9070336818695068, 0.5891619920730591, 0.4087032079696655, 0.374911367893219, 0.3699420690536499]"
4,centroid,1,91,Castor,Castor,"[""Castor"", ""Alcatras"", ""Mytikas"", ""Turbine"", ""Alaris""]","[0.875704288482666, 0.6542972922325134, 0.5185224413871765, 0.41506168246269226, 0.29725533723831177]"
4,centroid,1,92,Castor,Castor,"[""Castor"", ""Turbine"", ""Braga"", ""Alcatras"", ""Triton""]","[0.8861004710197449, 0.46445441246032715, 0.3774350881576538, 0.3614540100097656, 0.2939516305923462]"
4,centroid,1,93,Castor,Castor,"[""Castor"", ""Triton"", ""Mytikas"", ""Turbine"", ""Braga""]","[0.8165061473846436, 0.6343177556991577, 0.5896174311637878, 0.3603161871433258, 0.29861512780189514]"
4,centroid,1,94,Castor,Castor,"[""Castor"", ""Triton"", ""Mytikas"", ""Alcatras"", ""Turbine""]","[0.8884739875793457, 0.5627303123474121, 0.5449267625808716, 0.28878581523895264, 0.25265026092529297]"
4,centroid,1,95,Castor,Castor,"[""Castor"", ""Alcatras"", ""Mytikas"", ""Alaris"", ""Turbine""]","[0.7366392612457275, 0.5208137631416321, 0.4990282654762268, 0.3519858121871948, 0.2605540156364441]"
4,centroid,1,96,Castor,Castor,"[""Castor"", ""Triton"", ""Alcatras"", ""Turbine"", ""Braga""]","[0.8599278926849365, 0.3794444799423218, 0.37372687458992004, 0.25575020909309387, 0.20019306242465973]"
4,centroid,1,97,Castor,Castor,"[""Castor"", ""Turbine"", ""Alcatras"", ""Braga"", ""Hawk""]","[0.8313406109809875, 0.7482501864433289, 0.4600992202758789, 0.362701952457428, 0.28401508927345276]"
4,centroid,1,98,Castor,Castor,"[""Castor"", ""Triton"", ""Turbine"", ""Alcatras"", ""Mytikas""]","[0.8030737042427063, 0.5329028367996216, 0.4399139881134033, 0.4148050546646118, 0.3466312289237976]"
4,centroid,1,99,Castor,Castor,"[""Castor"", ""Alcatras"", ""Triton"", ""Turbine"", ""Mytikas""]","[0.904657781124115, 0.4900188148021698, 0.4492565989494324, 0.37959587574005127, 0.3524380028247833]"
4,centroid,1,100,Castor,Castor,"[""Castor"", ""Turbine"", ""Triton"", ""Mytikas"", ""Braga""]","[0.8217132687568665, 0.5004926919937134, 0.44220417737960815, 0.4405773878097534, 0.41358113288879395]"
4,centroid,1,101,Castor,Castor,"[""Castor"", ""Triton"", ""Braga"", ""Alcatras"", ""Turbine""]","[0.6850363612174988, 0.5130142569541931, 0.4856783151626587, 0.43930113315582275, 0.42146262526512146]"
4,centroid,1,102,Castor,Castor,"[""Castor"", ""Triton"", ""Alcatras"", ""Turbine"", ""Trius""]","[0.869438648223877, 0.3917389214038849, 0.362013041973114, 0.2838258445262909, 0.16550913453102112]"
4,centroid,1,103,Castor,Castor,"[""Castor"", ""Alcatras"", ""Turbine"", ""Alaris"", ""Braga""]","[0.8774559497833252, 0.5096750259399414, 0.503944456577301, 0.18537414073944092, 0.17341183125972748]"
4,centroid,1,104,Castor,Castor,"[""Castor"", ""Triton"", ""Turbine"", ""Mytikas"", ""Alcatras""]","[0.906203031539917, 0.5242449641227722, 0.48201653361320496, 0.4650871753692627, 0.44919300079345703]"
4,centroid,1,105,Castor,Castor,"[""Castor"", ""Turbine"", ""Alcatras"", ""Mytikas"", ""Braga""]","[0.8987261056900024, 0.5421789288520813, 0.5334163904190063, 0.26117458939552307, 0.22502365708351135]"
4,centroid,1,106,Castor,Castor,"[""Castor"", ""Triton"", ""Alcatras"", ""Mytikas"", ""Turbine""]","[0.8719384670257568, 0.672501802444458, 0.5854101181030273, 0.5778037309646606, 0.5503313541412354]"
4,centroid,1,107,Castor,Castor,"[""Castor"", ""Alcatras"", ""Triton"", ""Mytikas"", ""Alaris""]","[0.783203125, 0.37209296226501465, 0.2676016390323639, 0.21211013197898865, 0.07722005248069763]"
4,centroid,1,108,Castor,Steel_Wheel,"[""Steel_Wheel"", ""Hawk"", ""Alaris"", ""Braga"", ""Velorum""]","[0.5885909795761108, 0.14338277280330658, 0.09381324052810669, 0.06461888551712036, 0.055252932012081146]"
4,centroid,1,109,Castor,Castor,"[""Castor"", ""Turbine"", ""Alcatras"", ""Braga"", ""Mytikas""]","[0.8557406663894653, 0.5154387950897217, 0.39858460426330566, 0.33817577362060547, 0.2436254322528839]"
4,centroid,1,110,Castor,Castor,"[""Castor"", ""Triton"", ""Alcatras"", ""Turbine"", ""Trius""]","[0.7986880540847778, 0.36376437544822693, 0.35329997539520264, 0.22056899964809418, 0.1652478128671646]"
4,centroid,1,111,Castor,Castor,"[""Castor"", ""Alcatras"", ""Turbine"", ""Alaris"", ""Mytikas""]","[0.7575440406799316, 0.4907170236110687, 0.4543069005012512, 0.31661397218704224, 0.16031713783740997]"
4,centroid,1,112,Castor,Castor,"[""Castor"", ""Alcatras"", ""Mytikas"", ""Turbine"", ""Braga""]","[0.8223261833190918, 0.542502760887146, 0.5122755169868469, 0.4661312699317932, 0.380553662776947]"
4,centroid,1,113,Castor,Castor,"[""Castor"", ""Turbine"", ""Alcatras"", ""Triton"", ""Mytikas""]","[0.8704768419265747, 0.5037521123886108, 0.4860747456550598, 0.4124806821346283, 0.3786485195159912]"
4,centroid,1,114,Castor,Castor,"[""Castor"", ""Mytikas"", ""Triton"", ""Trius"", ""Alcatras""]","[0.724774956703186, 0.6375089287757874, 0.609034538269043, 0.5462204217910767, 0.49933743476867676]"
4,centroid,1,115,Castor,Castor,"[""Castor"", ""Turbine"", ""Mytikas"", ""Alcatras"", ""Triton""]","[0.9352280497550964, 0.5766781568527222, 0.3892422318458557, 0.37568503618240356, 0.36264121532440186]"
4,centroid,1,116,Castor,Castor,"[""Castor"", ""Alcatras"", ""Turbine"", ""Mytikas"", ""Triton""]","[0.9222604036331177, 0.6163614392280579, 0.4367065727710724, 0.3205551207065582, 0.2504492402076721]"
4,centroid,1,117,Castor,Castor,"[""Castor"", ""Turbine"", ""Alcatras"", ""Braga"", ""Alaris""]","[0.8286238312721252, 0.5032657384872437, 0.471343070268631, 0.44289135932922363, 0.259686142206192]"
4,centroid,1,118,Castor,Castor,"[""Castor"", ""Triton"", ""Mytikas"", ""Alcatras"", ""Trius""]","[0.7286049127578735, 0.5412728786468506, 0.49301666021347046, 0.44999292492866516, 0.32262730598449707]"
4,centroid,1,119,Castor,Castor,"[""Castor"", ""Alcatras"", ""Turbine"", ""Triton"", ""Alaris""]","[0.802478015422821, 0.6255282163619995, 0.3338339924812317, 0.2928633689880371, 0.2757686376571655]"
4,centroid,1,120,Castor,Castor,"[""Castor"", ""Triton"", ""Mytikas"", ""Alcatras"", ""Turbine""]","[0.8098592758178711, 0.7157987356185913, 0.47359609603881836, 0.2878251373767853, 0.26377421617507935]"
4,centroid,1,121,Denom,Denom,"[""Denom"", ""Nivalis"", ""Ratikon"", ""Velorum"", ""Ilias""]","[0.7935112714767456, 0.6971724033355713, 0.5362991690635681, 0.36756283044815063, 0.321789026260376]"
4,centroid,1,122,Denom,Denom,"[""Denom"", ""Ilias"", ""Nivalis"", ""Ratikon"", ""Velorum""]","[0.8634271621704102, 0.781826376914978, 0.7017767429351807, 0.6845393776893616, 0.3354988098144531]"
4,centroid,1,123,Denom,Denom,"[""Denom"", ""Ratikon"", ""Nivalis"", ""Ilias"", ""Gemini""]","[0.9425168037414551, 0.7942345142364502, 0.7493311166763306, 0.5663313865661621, 0.13306942582130432]"
4,centroid,1,124,Denom,Denom,"[""Denom"", ""Nivalis"", ""Ratikon"", ""Velorum"", ""Ilias""]","[0.867868185043335, 0.7649407982826233, 0.6824114918708801, 0.49354302883148193, 0.39519381523132324]"
4,centroid,1,125,Denom,Nivalis,"[""Nivalis"", ""Denom"", ""Ilias"", ""Ratikon"", ""Velorum""]","[0.8137351274490356, 0.804797351360321, 0.7151648998260498, 0.6764590740203857, 0.5309549570083618]"
4,centroid,1,126,Denom,Denom,"[""Denom"", ""Velorum"", ""Ilias"", ""Nivalis"", ""Ratikon""]","[0.6717369556427002, 0.6017930507659912, 0.5610229969024658, 0.5105166435241699, 0.4952203333377838]"
4,centroid,1,127,Denom,Denom,"[""Denom"", ""Ratikon"", ""Nivalis"", ""Ilias"", ""Velorum""]","[0.9177197217941284, 0.7564704418182373, 0.7131962776184082, 0.6591538190841675, 0.17113178968429565]"
4,centroid,1,128,Denom,Denom,"[""Denom"", ""Nivalis"", ""Ratikon"", ""Ilias"", ""Velorum""]","[0.8847922086715698, 0.8027573227882385, 0.7963032722473145, 0.6373257637023926, 0.4675500988960266]"
4,centroid,1,129,Denom,Denom,"[""Denom"", ""Nivalis"", ""Ilias"", ""Velorum"", ""Ratikon""]","[0.8633097410202026, 0.7846993207931519, 0.7325567007064819, 0.6924819350242615, 0.649852991104126]"
4,centroid,1,130,Denom,Denom,"[""Denom"", ""Ratikon"", ""Nivalis"", ""Ilias"", ""Velorum""]","[0.9251116514205933, 0.7614872455596924, 0.7213629484176636, 0.6886947154998779, 0.5095655918121338]"
4,centroid,1,131,Denom,Denom,"[""Denom"", ""Nivalis"", ""Ratikon"", ""Ilias"", ""Velorum""]","[0.9136245250701904, 0.7157055139541626, 0.6890790462493896, 0.5476449131965637, 0.3838295042514801]"
4,centroid,1,132,Denom,Denom,"[""Denom"", ""Nivalis"", ""Ratikon"", ""Ilias"", ""Velorum""]","[0.9455819129943848, 0.7499287128448486, 0.7481355667114258, 0.7248571515083313, 0.31533169746398926]"
4,centroid,1,133,Denom,Denom,"[""Denom"", ""Nivalis"", ""Ratikon"", ""Ilias"", ""Velorum""]","[0.8823295831680298, 0.7756030559539795, 0.7528856992721558, 0.6295348405838013, 0.43823450803756714]"
4,centroid,1,134,Denom,Denom,"[""Denom"", ""Nivalis"", ""Ratikon"", ""Ilias"", ""Velorum""]","[0.8656542301177979, 0.8506749868392944, 0.7628496885299683, 0.6800209283828735, 0.6524571180343628]"
4,centroid,1,135,Denom,Denom,"[""Denom"", ""Ratikon"", ""Nivalis"", ""Ilias"", ""Steel_Wheel""]","[0.799640417098999, 0.5560257434844971, 0.43271398544311523, 0.38056033849716187, 0.136357843875885]"
4,centroid,1,136,Denom,Denom,"[""Denom"", ""Ratikon"", ""Nivalis"", ""Ilias"", ""Xtreme""]","[0.8327558040618896, 0.6208612322807312, 0.5948778390884399, 0.3769240379333496, 0.1027454063296318]"
4,centroid,1,137,Denom,Denom,"[""Denom"", ""Ratikon"", ""Nivalis"", ""Ilias"", ""Velorum""]","[0.8868390321731567, 0.598750114440918, 0.5850043892860413, 0.5208672285079956, 0.33067139983177185]"
4,centroid,1,138,Denom,Denom,"[""Denom"", ""Nivalis"", ""Ilias"", ""Ratikon"", ""Velorum""]","[0.8237121105194092, 0.7521746754646301, 0.7172240614891052, 0.6899585127830505, 0.5878614783287048]"
4,centroid,1,139,Denom,Denom,"[""Denom"", ""Ratikon"", ""Nivalis"", ""Ilias"", ""Velorum""]","[0.929130494594574, 0.6483158469200134, 0.6471143960952759, 0.5230790376663208, 0.20179572701454163]"
4,centroid,1,140,Denom,Denom,"[""Denom"", ""Ratikon"", ""Nivalis"", ""Ilias"", ""Gemini""]","[0.8319075107574463, 0.7066522836685181, 0.5939153432846069, 0.44027745723724365, 0.11883779615163803]"
4,centroid,1,141,Denom,Denom,"[""Denom"", ""Nivalis"", ""Ratikon"", ""Ilias"", ""Velorum""]","[0.8763919472694397, 0.7188321948051453, 0.6120706796646118, 0.5585438013076782, 0.4981849193572998]"
4,centroid,1,142,Denom,Denom,"[""Denom"", ""Velorum"", ""Nivalis"", ""Ilias"", ""Ratikon""]","[0.7877872586250305, 0.7304690480232239, 0.7015135288238525, 0.6441802978515625, 0.6026852130889893]"
4,centroid,1,143,Denom,Denom,"[""Denom"", ""Nivalis"", ""Ilias"", ""Ratikon"", ""Velorum""]","[0.9340367317199707, 0.8091058731079102, 0.7306504249572754, 0.7071347832679749, 0.475419282913208]"
4,centroid,1,144,Denom,Denom,"[""Denom"", ""Ratikon"", ""Nivalis"", ""Ilias"", ""Velorum""]","[0.8951176404953003, 0.6756962537765503, 0.6726917028427124, 0.5965765714645386, 0.24448315799236298]"
4,centroid,1,145,Denom,Denom,"[""Denom"", ""Ratikon"", ""Nivalis"", ""Ilias"", ""Velorum""]","[0.8913953304290771, 0.8189691305160522, 0.7640578746795654, 0.699076771736145, 0.3017573058605194]"
4,centroid,1,146,Denom,Denom,"[""Denom"", ""Nivalis"", ""Ratikon"", ""Vega"", ""Gemini""]","[0.7018951177597046, 0.6803285479545593, 0.5908695459365845, 0.355162113904953, 0.2741543650627136]"
4,centroid,1,147,Denom,Denom,"[""Denom"", ""Ratikon"", ""Nivalis"", ""Ilias"", ""Velorum""]","[0.9201675653457642, 0.7788971662521362, 0.7717159986495972, 0.6870662569999695, 0.469416081905365]"
4,centroid,1,148,Denom,Denom,"[""Denom"", ""Nivalis"", ""Ratikon"", ""Ilias"", ""Velorum""]","[0.8855156898498535, 0.792914628982544, 0.7100757360458374, 0.6798802018165588, 0.4819248914718628]"
4,centroid,1,149,Denom,Denom,"[""Denom"", ""Nivalis"", ""Ratikon"", ""Ilias"", ""Velorum""]","[0.9453946948051453, 0.7985268831253052, 0.7774780988693237, 0.462147980928421, 0.2518410384654999]"
4,centroid,1,150,Denom,Denom,"[""Denom"", ""Ratikon"", ""Nivalis"", ""Ilias"", ""Velorum""]","[0.9474468231201172, 0.7803308963775635, 0.7776210904121399, 0.645189642906189, 0.17607653141021729]"
4,centroid,1,151,Denom,Denom,"[""Denom"", ""Nivalis"", ""Ilias"", ""Ratikon"", ""Velorum""]","[0.9145721197128296, 0.8146553039550781, 0.7474700212478638, 0.7392096519470215, 0.4572732746601105]"
4,centroid,1,152,Denom,Denom,"[""Denom"", ""Nivalis"", ""Ratikon"", ""Ilias"", ""Velorum""]","[0.898556113243103, 0.7665722370147705, 0.6998364925384521, 0.4946897029876709, 0.48207199573516846]"
4,centroid,1,153,Denom,Denom,"[""Denom"", ""Ilias"", ""Ratikon"", ""Nivalis"", ""Velorum""]","[0.6895221471786499, 0.5988950729370117, 0.5599552989006042, 0.517608642578125, 0.448150098323822]"
4,centroid,1,154,Denom,Denom,"[""Denom"", ""Ratikon"", ""Ilias"", ""Nivalis"", ""Gemini""]","[0.8585711717605591, 0.7086560726165771, 0.6615942716598511, 0.6533587574958801, 0.28674083948135376]"
4,centroid,1,155,Denom,Denom,"[""Denom"", ""Ratikon"", ""Ilias"", ""Nivalis"", ""Velorum""]","[0.8882561326026917, 0.8028606176376343, 0.771855354309082, 0.7336574792861938, 0.41923099756240845]"
4,centroid,1,156,Denom,Denom,"[""Denom"", ""Ratikon"", ""Nivalis"", ""Ilias"", ""Velorum""]","[0.9428672194480896, 0.7747300863265991, 0.7208243608474731, 0.647630512714386, 0.32858166098594666]"
4,centroid,1,157,Denom,Denom,"[""Denom"", ""Ratikon"", ""Nivalis"", ""Ilias"", ""Velorum""]","[0.9636942148208618, 0.8308166861534119, 0.7910408973693848, 0.549022376537323, 0.23967990279197693]"
4,centroid,1,158,Gemini,Gemini,"[""Gemini"", ""Trius"", ""Triton"", ""Xtreme"", ""Braga""]","[0.6257912516593933, 0.6051265001296997, 0.4806591272354126, 0.37646040320396423, 0.34250903129577637]"
4,centroid,1,159,Gemini,Gemini,"[""Gemini"", ""Vega"", ""Trius"", ""Xtreme"", ""Braga""]","[0.8828650116920471, 0.4401225447654724, 0.3231329023838043, 0.22854599356651306, 0.20772507786750793]"
4,centroid,1,160,Gemini,Gemini,"[""Gemini"", ""Vega"", ""Xtreme"", ""Braga"", ""Hawk""]","[0.8637603521347046, 0.4940235912799835, 0.43725183606147766, 0.34107860922813416, 0.22951748967170715]"
4,centroid,1,161,Gemini,Gemini,"[""Gemini"", ""Xtreme"", ""Braga"", ""Vega"", ""Trius""]","[0.9413137435913086, 0.5761539936065674, 0.36251020431518555, 0.3243020474910736, 0.30853474140167236]"
4,centroid,1,162,Gemini,Gemini,"[""Gemini"", ""Xtreme"", ""Trius"", ""Braga"", ""Ilias""]","[0.8540117144584656, 0.5575969219207764, 0.31980785727500916, 0.31883883476257324, 0.24735403060913086]"
4,centroid,1,163,Gemini,Gemini,"[""Gemini"", ""Braga"", ""Xtreme"", ""Triton"", ""Mytikas""]","[0.5683327913284302, 0.46619707345962524, 0.4367543160915375, 0.42462968826293945, 0.3030376136302948]"
4,centroid,1,164,Gemini,Gemini,"[""Gemini"", ""Xtreme"", ""Braga"", ""Trius"", ""Vega""]","[0.8958158493041992, 0.6407862901687622, 0.4066949486732483, 0.19009745121002197, 0.18129847943782806]"
4,centroid,1,165,Gemini,Gemini,"[""Gemini"", ""Trius"", ""Vega"", ""Hawk"", ""Xtreme""]","[0.7322797775268555, 0.46221017837524414, 0.45557188987731934, 0.23772411048412323, 0.23428034782409668]"
4,centroid,1,166,Gemini,Gemini,"[""Gemini"", ""Xtreme"", ""Vega"", ""Braga"", ""Hawk""]","[0.9124026298522949, 0.5745259523391724, 0.25692471861839294, 0.19189715385437012, 0.11135341227054596]"
4,centroid,1,167,Gemini,Gemini,"[""Gemini"", ""Xtreme"", ""Braga"", ""Vega"", ""Hawk""]","[0.9373975992202759, 0.6451891660690308, 0.24131831526756287, 0.2256976217031479, 0.11533292382955551]"
4,centroid,1,168,Gemini,Gemini,"[""Gemini"", ""Xtreme"", ""Vega"", ""Hawk"", ""Braga""]","[0.9218524694442749, 0.5839534401893616, 0.2976531386375427, 0.22193819284439087, 0.19868865609169006]"
4,centroid,1,169,Gemini,Trius,"[""Trius"", ""Triton"", ""Gemini"", ""Mytikas"", ""Xtreme""]","[0.6306552290916443, 0.4731482267379761, 0.4495629668235779, 0.4134722948074341, 0.3049103617668152]"
4,centroid,1,170,Gemini,Gemini,"[""Gemini"", ""Xtreme"", ""Vega"", ""Trius"", ""Braga""]","[0.9168915152549744, 0.40025341510772705, 0.3881025016307831, 0.20967356860637665, 0.18943718075752258]"
4,centroid,1,171,Gemini,Mytikas,"[""Mytikas"", ""Xtreme"", ""Gemini"", ""Trius"", ""Ilias""]","[0.4956566095352173, 0.42586812376976013, 0.3711775541305542, 0.3439416289329529, 0.2359468787908554]"
4,centroid,1,172,Gemini,Gemini,"[""Gemini"", ""Xtreme"", ""Trius"", ""Braga"", ""Triton""]","[0.81548011302948, 0.44923102855682373, 0.43413931131362915, 0.40446263551712036, 0.31673431396484375]"
4,centroid,1,173,Gemini,Gemini,"[""Gemini"", ""Braga"", ""Trius"", ""Vega"", ""Triton""]","[0.6885389089584351, 0.6090441942214966, 0.5172785520553589, 0.47197312116622925, 0.29359757900238037]"
4,centroid,1,174,Gemini,Trius,"[""Trius"", ""Gemini"", ""Triton"", ""Vega"", ""Braga""]","[0.7442378997802734, 0.5324915647506714, 0.4976089298725128, 0.48512279987335205, 0.45868802070617676]"
4,centroid,1,175,Gemini,Gemini,"[""Gemini"", ""Xtreme"", ""Braga"", ""Triton"", ""Trius""]","[0.8335800170898438, 0.5297211408615112, 0.44953957200050354, 0.39946606755256653, 0.27716895937919617]"
4,centroid,1,176,Gemini,Gemini,"[""Gemini"", ""Xtreme"", ""Braga"", ""Triton"", ""Vega""]","[0.8842847943305969, 0.636496901512146, 0.37447553873062134, 0.25670045614242554, 0.2312755435705185]"
4,centroid,1,177,Gemini,Gemini,"[""Gemini"", ""Braga"", ""Trius"", ""Vega"", ""Triton""]","[0.7944654226303101, 0.5608011484146118, 0.5536301136016846, 0.5482890009880066, 0.3698630630970001]"
4,centroid,1,178,Gemini,Gemini,"[""Gemini"", ""Xtreme"", ""Vega"", ""Braga"", ""Trius""]","[0.9376460313796997, 0.5054115653038025, 0.47211843729019165, 0.3904672861099243, 0.2796972095966339]"
4,centroid,1,179,Gemini,Gemini,"[""Gemini"", ""Xtreme"", ""Vega"", ""Ilias"", ""Braga""]","[0.9330829381942749, 0.6037932634353638, 0.2908552289009094, 0.11129532009363174, 0.09979234635829926]"
4,centroid,1,180,Gemini,Gemini,"[""Gemini"", ""Braga"", ""Xtreme"", ""Vega"", ""Trius""]","[0.7713112831115723, 0.5387134552001953, 0.33953437209129333, 0.24718019366264343, 0.20678910613059998]"
4,centroid,1,181,Gemini,Gemini,"[""Gemini"", ""Xtreme"", ""Vega"", ""Braga"", ""Hawk""]","[0.9153624773025513, 0.5088438987731934, 0.299062579870224, 0.16969957947731018, 0.12814956903457642]"
4,centroid,1,182,Gemini,Gemini,"[""Gemini"", ""Hawk"", ""Alaris"", ""Vega"", ""Mytikas""]","[0.6127597093582153, 0.4121595323085785, 0.3885863125324249, 0.3865521550178528, 0.36949050426483154]"
4,centroid,1,183,Gemini,Gemini,"[""Gemini"", ""Vega"", ""Braga"", ""Trius"", ""Xtreme""]","[0.8347780704498291, 0.5291378498077393, 0.517924427986145, 0.3400842845439911, 0.3130851686000824]"
4,centroid,1,184,Gemini,Xtreme,"[""Xtreme"", ""Gemini"", ""Braga"", ""Ilias"", ""Hawk""]","[0.7661121487617493, 0.6465080380439758, 0.32838064432144165, 0.12806525826454163, 0.1236814633011818]"
4,centroid,1,185,Hawk,Hawk,"[""Hawk"", ""Alaris"", ""Vega"", ""Alcatras"", ""Velorum""]","[0.8869366645812988, 0.38310563564300537, 0.2995985746383667, 0.24149170517921448, 0.19590437412261963]"
4,centroid,1,186,Hawk,Hawk,"[""Hawk"", ""Braga"", ""Turbine"", ""Alaris"", ""Vega""]","[0.9214849472045898, 0.4742172062397003, 0.3662946820259094, 0.3591732978820801, 0.3567377030849457]"
4,centroid,1,187,Hawk,Hawk,"[""Hawk"", ""Vega"", ""Alaris"", ""Turbine"", ""Alcatras""]","[0.8437122106552124, 0.5175564289093018, 0.5000100135803223, 0.4935697913169861, 0.3373458981513977]"
4,centroid,1,188,Hawk,Hawk,"[""Hawk"", ""Braga"", ""Gemini"", ""Vega"", ""Xtreme""]","[0.8365682363510132, 0.4997878670692444, 0.361843466758728, 0.3061200976371765, 0.2734716534614563]"
4,centroid,1,189,Hawk,Hawk,"[""Hawk"", ""Alaris"", ""Vega"", ""Alcatras"", ""Turbine""]","[0.9468899965286255, 0.46815356612205505, 0.4162673354148865, 0.38772135972976685, 0.3212383985519409]"
4,centroid,1,190,Hawk,Hawk,"[""Hawk"", ""Alaris"", ""Vega"", ""Alcatras"", ""Braga""]","[0.9314241409301758, 0.5237270593643188, 0.49367350339889526, 0.43766292929649353, 0.33295756578445435]"
4,centroid,1,191,Hawk,Hawk,"[""Hawk"", ""Vega"", ""Turbine"", ""Mytikas"", ""Braga""]","[0.7925270795822144, 0.5133017301559448, 0.46416521072387695, 0.29398196935653687, 0.2764677405357361]"
4,centroid,1,192,Hawk,Hawk,"[""Hawk"", ""Alcatras"", ""Alaris"", ""Turbine"", ""Braga""]","[0.7746878266334534, 0.7355993986129761, 0.7030463218688965, 0.41652026772499084, 0.394676148891449]"
4,centroid,1,193,Hawk,Hawk,"[""Hawk"", ""Braga"", ""Alaris"", ""Turbine"", ""Alcatras""]","[0.8922412991523743, 0.541408896446228, 0.5405864715576172, 0.4217609167098999, 0.38056161999702454]"
4,centroid,1,194,Hawk,Hawk,"[""Hawk"", ""Alaris"", ""Alcatras"", ""Vega"", ""Turbine""]","[0.8836033344268799, 0.470194935798645, 0.31944751739501953, 0.31234508752822876, 0.29011601209640503]"
4,centroid,1,195,Hawk,Hawk,"[""Hawk"", ""Vega"", ""Turbine"", ""Alaris"", ""Braga""]","[0.9539254903793335, 0.4686525762081146, 0.3507532477378845, 0.3127368092536926, 0.28913038969039917]"
4,centroid,1,196,Hawk,Hawk,"[""Hawk"", ""Braga"", ""Turbine"", ""Mytikas"", ""Alaris""]","[0.8036969900131226, 0.49788689613342285, 0.37397879362106323, 0.35922491550445557, 0.3397899568080902]"
4,centroid,1,197,Hawk,Hawk,"[""Hawk"", ""Turbine"", ""Braga"", ""Vega"", ""Alaris""]","[0.8749915361404419, 0.5923138856887817, 0.5544295907020569, 0.4705446660518646, 0.40002548694610596]"
4,centroid,1,198,Hawk,Hawk,"[""Hawk"", ""Braga"", ""Vega"", ""Alaris"", ""Turbine""]","[0.935235321521759, 0.4684257209300995, 0.4007018506526947, 0.365494966506958, 0.3515061140060425]"
4,centroid,1,199,Hawk,Hawk,"[""Hawk"", ""Braga"", ""Vega"", ""Turbine"", ""Alaris""]","[0.7653641700744629, 0.7033975124359131, 0.4953230619430542, 0.47299525141716003, 0.46228986978530884]"
4,centroid,1,200,Hawk,Hawk,"[""Hawk"", ""Braga"", ""Vega"", ""Alaris"", ""Gemini""]","[0.9310091733932495, 0.47751426696777344, 0.47716373205184937, 0.44330260157585144, 0.3053381145000458]"
4,centroid,1,201,Hawk,Hawk,"[""Hawk"", ""Vega"", ""Alaris"", ""Braga"", ""Turbine""]","[0.9673949480056763, 0.44806981086730957, 0.40255099534988403, 0.4006037712097168, 0.3413929343223572]"
4,centroid,1,202,Hawk,Hawk,"[""Hawk"", ""Turbine"", ""Alcatras"", ""Alaris"", ""Vega""]","[0.897648811340332, 0.35974904894828796, 0.33646297454833984, 0.3237874209880829, 0.313475638628006]"
4,centroid,1,203,Hawk,Hawk,"[""Hawk"", ""Braga"", ""Vega"", ""Turbine"", ""Alaris""]","[0.9421663284301758, 0.4714678227901459, 0.44641727209091187, 0.43068063259124756, 0.35506218671798706]"
4,centroid,1,204,Hawk,Hawk,"[""Hawk"", ""Vega"", ""Alaris"", ""Braga"", ""Turbine""]","[0.9474899172782898, 0.40082788467407227, 0.4002225995063782, 0.2792333662509918, 0.2539454996585846]"
4,centroid,1,205,Hawk,Hawk,"[""Hawk"", ""Vega"", ""Alaris"", ""Braga"", ""Turbine""]","[0.9225722551345825, 0.4456688165664673, 0.40160655975341797, 0.3758903443813324, 0.30773770809173584]"
4,centroid,1,206,Hawk,Hawk,"[""Hawk"", ""Alcatras"", ""Alaris"", ""Braga"", ""Vega""]","[0.8639054298400879, 0.4745863676071167, 0.37029871344566345, 0.2808862626552582, 0.1861538290977478]"
4,centroid,1,207,Hawk,Hawk,"[""Hawk"", ""Turbine"", ""Braga"", ""Vega"", ""Alaris""]","[0.9381808042526245, 0.5394036769866943, 0.495286762714386, 0.40497151017189026, 0.3364085853099823]"
4,centroid,1,208,Hawk,Hawk,"[""Hawk"", ""Turbine"", ""Alcatras"", ""Alaris"", ""Braga""]","[0.8624576330184937, 0.5035112500190735, 0.4617898464202881, 0.4491823613643646, 0.4039446711540222]"
4,centroid,1,209,Hawk,Hawk,"[""Hawk"", ""Vega"", ""Alaris"", ""Alcatras"", ""Turbine""]","[0.9246582388877869, 0.36190348863601685, 0.35906320810317993, 0.3441639542579651, 0.3242533504962921]"
4,centroid,1,210,Ilias,Ilias,"[""Ilias"", ""Ratikon"", ""Denom"", ""Nivalis"", ""Velorum""]","[0.8877385854721069, 0.7739230990409851, 0.7431025505065918, 0.6626733541488647, 0.34962910413742065]"
4,centroid,1,211,Ilias,Ilias,"[""Ilias"", ""Ratikon"", ""Denom"", ""Nivalis"", ""Velorum""]","[0.8382992744445801, 0.777734637260437, 0.6147280931472778, 0.6144649386405945, 0.4833143353462219]"
4,centroid,1,212,Ilias,Ilias,"[""Ilias"", ""Denom"", ""Ratikon"", ""Nivalis"", ""Velorum""]","[0.8947752714157104, 0.7355406880378723, 0.7298756837844849, 0.7008640766143799, 0.5531073808670044]"
4,centroid,1,213,Ilias,Ilias,"[""Ilias"", ""Ratikon"", ""Denom"", ""Nivalis"", ""Gemini""]","[0.8161530494689941, 0.6389225125312805, 0.5368478894233704, 0.43075698614120483, 0.42887234687805176]"
4,centroid,1,214,Ilias,Ilias,"[""Ilias"", ""Ratikon"", ""Nivalis"", ""Velorum"", ""Denom""]","[0.9472557902336121, 0.5971695184707642, 0.5900480151176453, 0.5347722172737122, 0.5137469172477722]"
4,centroid,1,215,Ilias,Velorum,"[""Velorum"", ""Ilias"", ""Ratikon"", ""Nivalis"", ""Denom""]","[0.7890623807907104, 0.7150460481643677, 0.6512320041656494, 0.6333091259002686, 0.6042336225509644]"
4,centroid,1,216,Ilias,Ilias,"[""Ilias"", ""Ratikon"", ""Velorum"", ""Nivalis"", ""Denom""]","[0.9313746690750122, 0.5287550687789917, 0.49391311407089233, 0.4801643192768097, 0.4231962561607361]"
4,centroid,1,217,Ilias,Ilias,"[""Ilias"", ""Ratikon"", ""Denom"", ""Nivalis"", ""Velorum""]","[0.8987832069396973, 0.7148818969726562, 0.7123741507530212, 0.6234371662139893, 0.31110864877700806]"
4,centroid,1,218,Ilias,Ratikon,"[""Ratikon"", ""Ilias"", ""Denom"", ""Nivalis"", ""Velorum""]","[0.8260202407836914, 0.7320976257324219, 0.5497139692306519, 0.5179324150085449, 0.3212931454181671]"
4,centroid,1,219,Ilias,Ilias,"[""Ilias"", ""Ratikon"", ""Velorum"", ""Nivalis"", ""Denom""]","[0.9220360517501831, 0.6792070865631104, 0.6339554190635681, 0.6309216618537903, 0.6129464507102966]"
4,centroid,1,220,Ilias,Ilias,"[""Ilias"", ""Ratikon"", ""Nivalis"", ""Denom"", ""Velorum""]","[0.935871958732605, 0.7436873316764832, 0.6294655799865723, 0.5923796892166138, 0.38630762696266174]"
4,centroid,1,221,Ilias,Ilias,"[""Ilias"", ""Ratikon"", ""Nivalis"", ""Denom"", ""Velorum""]","[0.9490084648132324, 0.6832507252693176, 0.6121385097503662, 0.6106804609298706, 0.3841179311275482]"
4,centroid,1,222,Ilias,Ilias,"[""Ilias"", ""Nivalis"", ""Denom"", ""Ratikon"", ""Velorum""]","[0.8211567401885986, 0.7583819031715393, 0.749850869178772, 0.7157834768295288, 0.6607629060745239]"
4,centroid,1,223,Ilias,Ilias,"[""Ilias"", ""Nivalis"", ""Ratikon"", ""Denom"", ""Velorum""]","[0.906458854675293, 0.6702668070793152, 0.6307793855667114, 0.5997271537780762, 0.5604925751686096]"
4,centroid,1,224,Ilias,Ilias,"[""Ilias"", ""Ratikon"", ""Denom"", ""Nivalis"", ""Velorum""]","[0.932606041431427, 0.6395772695541382, 0.5624639391899109, 0.5171717405319214, 0.40344929695129395]"
4,centroid,1,225,Ilias,Ilias,"[""Ilias"", ""Ratikon"", ""Denom"", ""Nivalis"", ""Velorum""]","[0.93956059217453, 0.7988353967666626, 0.6777083873748779, 0.6207364797592163, 0.2999914884567261]"
4,centroid,1,226,Ilias,Ilias,"[""Ilias"", ""Denom"", ""Ratikon"", ""Nivalis"", ""Velorum""]","[0.923984944820404, 0.7064559459686279, 0.647540807723999, 0.6062285900115967, 0.5295114517211914]"
4,centroid,1,227,Ilias,Ilias,"[""Ilias"", ""Denom"", ""Ratikon"", ""Nivalis"", ""Gemini""]","[0.8550251722335815, 0.7641675472259521, 0.696642279624939, 0.5842381715774536, 0.2695956826210022]"
4,centroid,1,228,Ilias,Ilias,"[""Ilias"", ""Velorum"", ""Nivalis"", ""Ratikon"", ""Denom""]","[0.9089220762252808, 0.6058962345123291, 0.5966300368309021, 0.582725465297699, 0.5523509979248047]"
4,centroid,1,229,Ilias,Ilias,"[""Ilias"", ""Denom"", ""Nivalis"", ""Velorum"", ""Ratikon""]","[0.8713415861129761, 0.7097708582878113, 0.6991685032844543, 0.6115740537643433, 0.6095425486564636]"
4,centroid,1,230,Ilias,Ilias,"[""Ilias"", ""Denom"", ""Ratikon"", ""Nivalis"", ""Gemini""]","[0.8178791403770447, 0.5766656398773193, 0.5181500315666199, 0.4774085283279419, 0.4108288884162903]"
4,centroid,1,231,Ilias,Ilias,"[""Ilias"", ""Ratikon"", ""Denom"", ""Nivalis"", ""Trius""]","[0.7686232328414917, 0.6476734280586243, 0.6347866058349609, 0.44003018736839294, 0.37452638149261475]"
4,centroid,1,232,Ilias,Ratikon,"[""Ratikon"", ""Ilias"", ""Nivalis"", ""Denom"", ""Velorum""]","[0.8162617683410645, 0.7462997436523438, 0.7373735904693604, 0.6980372667312622, 0.4304788112640381]"
4,centroid,1,233,Ilias,Ilias,"[""Ilias"", ""Ratikon"", ""Nivalis"", ""Velorum"", ""Denom""]","[0.9361790418624878, 0.6190750002861023, 0.5747131705284119, 0.5357367992401123, 0.4895756244659424]"
4,centroid,1,234,Ilias,Ilias,"[""Ilias"", ""Velorum"", ""Ratikon"", ""Nivalis"", ""Denom""]","[0.8687338829040527, 0.6177009344100952, 0.5683826208114624, 0.5320451259613037, 0.4010666608810425]"
4,centroid,1,235,Ilias,Ilias,"[""Ilias"", ""Ratikon"", ""Nivalis"", ""Denom"", ""Velorum""]","[0.7907122373580933, 0.6933268308639526, 0.6608490943908691, 0.6236207485198975, 0.41376563906669617]"
4,centroid,1,236,Ilias,Ilias,"[""Ilias"", ""Ratikon"", ""Denom"", ""Nivalis"", ""Velorum""]","[0.9468992948532104, 0.7281139492988586, 0.6391785144805908, 0.6233162879943848, 0.44259193539619446]"
4,centroid,1,237,Ilias,Ilias,"[""Ilias"", ""Nivalis"", ""Velorum"", ""Ratikon"", ""Denom""]","[0.8819469809532166, 0.6939948797225952, 0.6923894286155701, 0.6784493923187256, 0.6136792302131653]"
4,centroid,1,238,Mytikas,Mytikas,"[""Mytikas"", ""Triton"", ""Trius"", ""Alcatras"", ""Ilias""]","[0.8115922212600708, 0.7895921468734741, 0.43468770384788513, 0.3250928819179535, 0.28337937593460083]"
4,centroid,1,239,Mytikas,Mytikas,"[""Mytikas"", ""Hawk"", ""Castor"", ""Turbine"", ""Triton""]","[0.7755700349807739, 0.290280282497406, 0.25359687209129333, 0.21771953999996185, 0.20234321057796478]"
4,centroid,1,240,Mytikas,Trius,"[""Trius"", ""Mytikas"", ""Gemini"", ""Xtreme"", ""Triton""]","[0.429213285446167, 0.3256436586380005, 0.25281035900115967, 0.18616877496242523, 0.12598417699337006]"
4,centroid,1,241,Mytikas,Mytikas,"[""Mytikas"", ""Triton"", ""Castor"", ""Alcatras"", ""Turbine""]","[0.8385272026062012, 0.6431238651275635, 0.5505255460739136, 0.3537728190422058, 0.28867414593696594]"
4,centroid,1,242,Mytikas,Mytikas,"[""Mytikas"", ""Triton"", ""Trius"", ""Castor"", ""Braga""]","[0.8461645841598511, 0.5207890272140503, 0.5001384019851685, 0.3384080231189728, 0.22042542695999146]"
4,centroid,1,243,Mytikas,Mytikas,"[""Mytikas"", ""Alcatras"", ""Alaris"", ""Castor"", ""Triton""]","[0.772980272769928, 0.6823922395706177, 0.5388083457946777, 0.5374875068664551, 0.5295537710189819]"
4,centroid,1,244,Mytikas,Triton,"[""Triton"", ""Mytikas"", ""Alcatras"", ""Castor"", ""Braga""]","[0.7438383102416992, 0.6576993465423584, 0.4799242615699768, 0.46795785427093506, 0.42471298575401306]"
4,centroid,1,245,Mytikas,Mytikas,"[""Mytikas"", ""Turbine"", ""Castor"", ""Triton"", ""Alcatras""]","[0.7657142877578735, 0.6521378755569458, 0.5723164677619934, 0.45248112082481384, 0.29517248272895813]"
4,centroid,1,246,Mytikas,Mytikas,"[""Mytikas"", ""Triton"", ""Trius"", ""Braga"", ""Castor""]","[0.6989902853965759, 0.5381706953048706, 0.5126435160636902, 0.40721485018730164, 0.24772728979587555]"
4,centroid,1,247,Mytikas,Mytikas,"[""Mytikas"", ""Triton"", ""Castor"", ""Alcatras"", ""Braga""]","[0.8796225786209106, 0.6033540368080139, 0.5971320867538452, 0.48559561371803284, 0.29517653584480286]"
4,centroid,1,248,Mytikas,Triton,"[""Triton"", ""Mytikas"", ""Castor"", ""Turbine"", ""Trius""]","[0.7993615865707397, 0.5826265811920166, 0.5302262902259827, 0.368102490901947, 0.3307611048221588]"
4,centroid,1,249,Mytikas,Mytikas,"[""Mytikas"", ""Triton"", ""Castor"", ""Alcatras"", ""Trius""]","[0.8508658409118652, 0.8480720520019531, 0.550157368183136, 0.5096045136451721, 0.4631232023239136]"
4,centroid,1,250,Mytikas,Mytikas,"[""Mytikas"", ""Castor"", ""Alcatras"", ""Alaris"", ""Hawk""]","[0.5933295488357544, 0.4757859706878662, 0.4119395613670349, 0.3736955523490906, 0.3563595712184906]"
4,centroid,1,251,Mytikas,Triton,"[""Triton"", ""Mytikas"", ""Trius"", ""Castor"", ""Ratikon""]","[0.8116898536682129, 0.6945176720619202, 0.4903154671192169, 0.2785954475402832, 0.1778545379638672]"
4,centroid,1,252,Mytikas,Mytikas,"[""Mytikas"", ""Triton"", ""Trius"", ""Ilias"", ""Ratikon""]","[0.6636322736740112, 0.6288551092147827, 0.6228546500205994, 0.336361289024353, 0.20497453212738037]"
4,centroid,1,253,Mytikas,Castor,"[""Castor"", ""Triton"", ""Mytikas"", ""Alcatras"", ""Braga""]","[0.83295738697052, 0.6253721117973328, 0.5833381414413452, 0.4268495440483093, 0.2882799506187439]"
4,centroid,1,254,Mytikas,Castor,"[""Castor"", ""Triton"", ""Mytikas"", ""Alcatras"", ""Trius""]","[0.7497526407241821, 0.6949630975723267, 0.6492705345153809, 0.39846909046173096, 0.20083317160606384]"
4,centroid,1,255,Mytikas,Mytikas,"[""Mytikas"", ""Castor"", ""Alcatras"", ""Turbine"", ""Triton""]","[0.7838413715362549, 0.7563511729240417, 0.7149054408073425, 0.5435082316398621, 0.47671133279800415]"
4,centroid,1,256,Mytikas,Mytikas,"[""Mytikas"", ""Triton"", ""Castor"", ""Alcatras"", ""Turbine""]","[0.8958163261413574, 0.5669428110122681, 0.5579424500465393, 0.5135116577148438, 0.20911169052124023]"
4,centroid,1,257,Mytikas,Mytikas,"[""Mytikas"", ""Trius"", ""Triton"", ""Gemini"", ""Steel_Wheel""]","[0.5961307287216187, 0.4195805788040161, 0.2628720998764038, 0.2546892762184143, 0.19805209338665009]"
4,centroid,1,258,Mytikas,Mytikas,"[""Mytikas"", ""Triton"", ""Castor"", ""Alcatras"", ""Xtreme""]","[0.8282414674758911, 0.4757470488548279, 0.258707195520401, 0.24383273720741272, 0.21928846836090088]"
4,centroid,1,259,Mytikas,Mytikas,"[""Mytikas"", ""Triton"", ""Castor"", ""Turbine"", ""Alcatras""]","[0.8827601671218872, 0.7207200527191162, 0.6568185091018677, 0.41161322593688965, 0.3914715647697449]"
4,centroid,1,260,Mytikas,Mytikas,"[""Mytikas"", ""Triton"", ""Castor"", ""Turbine"", ""Ilias""]","[0.8074531555175781, 0.6380281448364258, 0.37204787135124207, 0.3068690896034241, 0.27216780185699463]"
4,centroid,1,261,Mytikas,Triton,"[""Triton"", ""Mytikas"", ""Alcatras"", ""Castor"", ""Braga""]","[0.823914110660553, 0.7911074757575989, 0.4983125925064087, 0.4746971130371094, 0.4109784960746765]"
4,centroid,1,262,Mytikas,Mytikas,"[""Mytikas"", ""Triton"", ""Castor"", ""Turbine"", ""Braga""]","[0.8082780838012695, 0.6688106060028076, 0.6502389907836914, 0.4822758138179779, 0.30532699823379517]"
4,centroid,1,263,Mytikas,Mytikas,"[""Mytikas"", ""Triton"", ""Trius"", ""Castor"", ""Alcatras""]","[0.8646095395088196, 0.8594258427619934, 0.4295108914375305, 0.4192139208316803, 0.2913590371608734]"
4,centroid,1,264,Mytikas,Mytikas,"[""Mytikas"", ""Castor"", ""Triton"", ""Alcatras"", ""Alaris""]","[0.852972149848938, 0.5370749235153198, 0.533475399017334, 0.49941468238830566, 0.2940790057182312]"
4,centroid,1,265,Nivalis,Nivalis,"[""Nivalis"", ""Ratikon"", ""Denom"", ""Ilias"", ""Velorum""]","[0.9324065446853638, 0.8536779880523682, 0.8292639255523682, 0.7295552492141724, 0.5184886455535889]"
4,centroid,1,266,Nivalis,Velorum,"[""Velorum"", ""Nivalis"", ""Ilias"", ""Ratikon"", ""Denom""]","[0.7029391527175903, 0.6382842063903809, 0.6293438673019409, 0.5062167048454285, 0.41502678394317627]"
4,centroid,1,267,Nivalis,Nivalis,"[""Nivalis"", ""Ratikon"", ""Denom"", ""Ilias"", ""Vega""]","[0.8339148163795471, 0.594856858253479, 0.5741013288497925, 0.3735205829143524, 0.2547665536403656]"
4,centroid,1,268,Nivalis,Nivalis,"[""Nivalis"", ""Denom"", ""Ratikon"", ""Ilias"", ""Velorum""]","[0.8486331105232239, 0.6270546913146973, 0.5768988728523254, 0.3514910936355591, 0.22757621109485626]"
4,centroid,1,269,Nivalis,Nivalis,"[""Nivalis"", ""Ratikon"", ""Denom"", ""Ilias"", ""Velorum""]","[0.8520543575286865, 0.6331619620323181, 0.6242706775665283, 0.5201982855796814, 0.3492535948753357]"
4,centroid,1,270,Nivalis,Nivalis,"[""Nivalis"", ""Denom"", ""Ratikon"", ""Vega"", ""Velorum""]","[0.721470832824707, 0.5169050693511963, 0.4961305260658264, 0.2398098260164261, 0.2089030146598816]"
4,centroid,1,271,Nivalis,Nivalis,"[""Nivalis"", ""Denom"", ""Ratikon"", ""Velorum"", ""Vega""]","[0.7048047780990601, 0.3861798644065857, 0.37162846326828003, 0.3595465123653412, 0.22806939482688904]"
4,centroid,1,272,Nivalis,Nivalis,"[""Nivalis"", ""Denom"", ""Ratikon"", ""Ilias"", ""Velorum""]","[0.7987080812454224, 0.520553469657898, 0.4538592994213104, 0.40172019600868225, 0.3739433288574219]"
4,centroid,1,273,Nivalis,Nivalis,"[""Nivalis"", ""Denom"", ""Ratikon"", ""Ilias"", ""Velorum""]","[0.9233590364456177, 0.7897000312805176, 0.748968780040741, 0.4709770083427429, 0.34805214405059814]"
4,centroid,1,274,Nivalis,Nivalis,"[""Nivalis"", ""Denom"", ""Ratikon"", ""Ilias"", ""Velorum""]","[0.8835711479187012, 0.7069185376167297, 0.6678141951560974, 0.46480119228363037, 0.4568745493888855]"
4,centroid,1,275,Nivalis,Nivalis,"[""Nivalis"", ""Ratikon"", ""Denom"", ""Ilias"", ""Velorum""]","[0.9577575325965881, 0.8243982195854187, 0.8239763975143433, 0.6803770661354065, 0.5270781517028809]"
4,centroid,1,276,Nivalis,Nivalis,"[""Nivalis"", ""Denom"", ""Ratikon"", ""Ilias"", ""Velorum""]","[0.791426956653595, 0.7517399787902832, 0.7403585314750671, 0.4245366156101227, 0.17716488242149353]"
4,centroid,1,277,Nivalis,Denom,"[""Denom"", ""Nivalis"", ""Ratikon"", ""Ilias"", ""Velorum""]","[0.8064064979553223, 0.7584473490715027, 0.7388616800308228, 0.6126739978790283, 0.5376887321472168]"
4,centroid,1,278,Nivalis,Ratikon,"[""Ratikon"", ""Nivalis"", ""Denom"", ""Ilias"", ""Velorum""]","[0.852601170539856, 0.8426063060760498, 0.8026235699653625, 0.7870103120803833, 0.49999967217445374]"
4,centroid,1,279,Nivalis,Nivalis,"[""Nivalis"", ""Denom"", ""Ratikon"", ""Velorum"", ""Ilias""]","[0.900418758392334, 0.6970123052597046, 0.5497154593467712, 0.5274278521537781, 0.4766908288002014]"
4,centroid,1,280,Nivalis,Nivalis,"[""Nivalis"", ""Ratikon"", ""Velorum"", ""Ilias"", ""Mytikas""]","[0.5719802975654602, 0.4949057102203369, 0.4743175506591797, 0.41755640506744385, 0.2674505114555359]"
4,centroid,1,281,Nivalis,Nivalis,"[""Nivalis"", ""Denom"", ""Ratikon"", ""Ilias"", ""Vega""]","[0.8439474105834961, 0.6392905712127686, 0.5648514032363892, 0.43559426069259644, 0.28099489212036133]"
4,centroid,1,282,Nivalis,Nivalis,"[""Nivalis"", ""Denom"", ""Ratikon"", ""Ilias"", ""Velorum""]","[0.9120205044746399, 0.6672959327697754, 0.6558969616889954, 0.5331848859786987, 0.3506140112876892]"
4,centroid,1,283,Nivalis,Nivalis,"[""Nivalis"", ""Denom"", ""Ratikon"", ""Ilias"", ""Velorum""]","[0.8367034196853638, 0.6647191047668457, 0.6362687945365906, 0.48082369565963745, 0.45330721139907837]"
4,centroid,1,284,Nivalis,Nivalis,"[""Nivalis"", ""Velorum"", ""Denom"", ""Ratikon"", ""Ilias""]","[0.7305195331573486, 0.5731534957885742, 0.4129248857498169, 0.28185397386550903, 0.19969294965267181]"
4,centroid,1,285,Nivalis,Nivalis,"[""Nivalis"", ""Denom"", ""Ratikon"", ""Velorum"", ""Ilias""]","[0.7728210687637329, 0.5534787774085999, 0.45384320616722107, 0.3365030288696289, 0.30200910568237305]"
4,centroid,1,286,Nivalis,Nivalis,"[""Nivalis"", ""Vega"", ""Ratikon"", ""Denom"", ""Ilias""]","[0.6066677570343018, 0.5207316875457764, 0.5000021457672119, 0.4412834942340851, 0.32531020045280457]"
4,centroid,1,287,Ratikon,Ratikon,"[""Ratikon"", ""Denom"", ""Nivalis"", ""Ilias"", ""Velorum""]","[0.9408943057060242, 0.7685501575469971, 0.6903502941131592, 0.583611011505127, 0.10297125577926636]"
4,centroid,1,288,Ratikon,Denom,"[""Denom"", ""Ratikon"", ""Nivalis"", ""Ilias"", ""Velorum""]","[0.8650072813034058, 0.8042471408843994, 0.6856480836868286, 0.540985643863678, 0.42373573780059814]"
4,centroid,1,289,Ratikon,Ratikon,"[""Ratikon"", ""Denom"", ""Nivalis"", ""Ilias"", ""Velorum""]","[0.9060391187667847, 0.8107162117958069, 0.6639187335968018, 0.6502930521965027, 0.2574348449707031]"
4,centroid,1,290,Ratikon,Ratikon,"[""Ratikon"", ""Denom"", ""Nivalis"", ""Ilias"", ""Velorum""]","[0.961262583732605, 0.7698010802268982, 0.7219885587692261, 0.575607180595398, 0.2113913893699646]"
4,centroid,1,291,Ratikon,Ratikon,"[""Ratikon"", ""Ilias"", ""Denom"", ""Nivalis"", ""Velorum""]","[0.9075666666030884, 0.7977826595306396, 0.7424482107162476, 0.6198226809501648, 0.24961477518081665]"
4,centroid,1,292,Ratikon,Ratikon,"[""Ratikon"", ""Denom"", ""Nivalis"", ""Ilias"", ""Velorum""]","[0.813725471496582, 0.6876431107521057, 0.6402541995048523, 0.5529818534851074, 0.30745574831962585]"
4,centroid,1,293,Ratikon,Ratikon,"[""Ratikon"", ""Denom"", ""Nivalis"", ""Ilias"", ""Vega""]","[0.8575093746185303, 0.6242519617080688, 0.5447933077812195, 0.4855625033378601, 0.3437647223472595]"
4,centroid,1,294,Ratikon,Ratikon,"[""Ratikon"", ""Denom"", ""Nivalis"", ""Ilias"", ""Velorum""]","[0.9277530312538147, 0.7203599214553833, 0.7006937265396118, 0.5520614981651306, 0.1345512717962265]"
4,centroid,1,295,Ratikon,Ratikon,"[""Ratikon"", ""Ilias"", ""Denom"", ""Nivalis"", ""Velorum""]","[0.9080855250358582, 0.8140273094177246, 0.7495329976081848, 0.6313871145248413, 0.2809681296348572]"
4,centroid,1,296,Ratikon,Ratikon,"[""Ratikon"", ""Denom"", ""Nivalis"", ""Ilias"", ""Velorum""]","[0.9398441910743713, 0.7836664319038391, 0.7030112147331238, 0.5826524496078491, 0.1737295389175415]"
4,centroid,1,297,Ratikon,Ratikon,"[""Ratikon"", ""Ilias"", ""Nivalis"", ""Denom"", ""Velorum""]","[0.9056565761566162, 0.7539580464363098, 0.6732804775238037, 0.6227025985717773, 0.2720012664794922]"
4,centroid,1,298,Ratikon,Ratikon,"[""Ratikon"", ""Denom"", ""Ilias"", ""Nivalis"", ""Steel_Wheel""]","[0.8674757480621338, 0.712781548500061, 0.6591153144836426, 0.5797382593154907, 0.17294186353683472]"
4,centroid,1,299,Ratikon,Ratikon,"[""Ratikon"", ""Ilias"", ""Nivalis"", ""Velorum"", ""Denom""]","[0.8255141973495483, 0.7944958209991455, 0.6758847832679749, 0.636778712272644, 0.6023038625717163]"
4,centroid,1,300,Ratikon,Ratikon,"[""Ratikon"", ""Denom"", ""Nivalis"", ""Ilias"", ""Velorum""]","[0.957172691822052, 0.8192933201789856, 0.7785670161247253, 0.6419730186462402, 0.3873855769634247]"
4,centroid,1,301,Ratikon,Ratikon,"[""Ratikon"", ""Denom"", ""Nivalis"", ""Ilias"", ""Vega""]","[0.9205816984176636, 0.7638914585113525, 0.6119668483734131, 0.5904483795166016, 0.10595476627349854]"
4,centroid,1,302,Ratikon,Ratikon,"[""Ratikon"", ""Ilias"", ""Denom"", ""Nivalis"", ""Gemini""]","[0.9026719331741333, 0.7885674238204956, 0.7100862264633179, 0.622850239276886, 0.16974449157714844]"
4,centroid,1,303,Ratikon,Ratikon,"[""Ratikon"", ""Denom"", ""Ilias"", ""Nivalis"", ""Velorum""]","[0.7144006490707397, 0.6204789876937866, 0.56951904296875, 0.48042207956314087, 0.31258875131607056]"
4,centroid,1,304,Ratikon,Ratikon,"[""Ratikon"", ""Denom"", ""Nivalis"", ""Ilias"", ""Vega""]","[0.9080044627189636, 0.6635036468505859, 0.544991135597229, 0.5116256475448608, 0.0863412618637085]"
4,centroid,1,305,Ratikon,Ratikon,"[""Ratikon"", ""Ilias"", ""Denom"", ""Nivalis"", ""Velorum""]","[0.8224958181381226, 0.7840257883071899, 0.7044287919998169, 0.5729148387908936, 0.3385055661201477]"
4,centroid,1,306,Ratikon,Ratikon,"[""Ratikon"", ""Denom"", ""Nivalis"", ""Ilias"", ""Velorum""]","[0.8838051557540894, 0.827326238155365, 0.6305599212646484, 0.6007187366485596, 0.07300756126642227]"
4,centroid,1,307,Ratikon,Ratikon,"[""Ratikon"", ""Denom"", ""Nivalis"", ""Ilias"", ""Velorum""]","[0.9430568814277649, 0.7161791324615479, 0.6828513145446777, 0.5583680868148804, 0.23720140755176544]"
4,centroid,1,308,Ratikon,Ratikon,"[""Ratikon"", ""Denom"", ""Nivalis"", ""Ilias"", ""Velorum""]","[0.8148922920227051, 0.723811149597168, 0.5435429811477661, 0.5348397493362427, 0.07286141812801361]"
4,centroid,1,309,Ratikon,Nivalis,"[""Nivalis"", ""Ratikon"", ""Denom"", ""Velorum"", ""Ilias""]","[0.8864065408706665, 0.810434877872467, 0.8057100772857666, 0.5958957672119141, 0.5661776661872864]"
4,centroid,1,310,Ratikon,Ratikon,"[""Ratikon"", ""Denom"", ""Nivalis"", ""Ilias"", ""Vega""]","[0.8756800889968872, 0.6705566644668579, 0.6459566950798035, 0.5434262156486511, 0.18384045362472534]"
4,centroid,1,311,Ratikon,Ratikon,"[""Ratikon"", ""Denom"", ""Nivalis"", ""Ilias"", ""Velorum""]","[0.8556010723114014, 0.8396841287612915, 0.629572331905365, 0.4800875782966614, 0.03278489038348198]"
4,centroid,1,312,Ratikon,Ratikon,"[""Ratikon"", ""Denom"", ""Nivalis"", ""Ilias"", ""Velorum""]","[0.9383783340454102, 0.7204129695892334, 0.7133692502975464, 0.5774694681167603, 0.19865670800209045]"
4,centroid,1,313,Ratikon,Ratikon,"[""Ratikon"", ""Denom"", ""Ilias"", ""Nivalis"", ""Vega""]","[0.8892276287078857, 0.645402729511261, 0.613092303276062, 0.5360647439956665, 0.30761346220970154]"
4,centroid,1,314,Steel_Wheel,Steel_Wheel,"[""Steel_Wheel"", ""Nivalis"", ""Denom"", ""Xtreme"", ""Ratikon""]","[0.9813888072967529, 0.0760364681482315, 0.016188988462090492, -0.02855532243847847, -0.049930229783058167]"
4,centroid,1,315,Steel_Wheel,Steel_Wheel,"[""Steel_Wheel"", ""Nivalis"", ""Velorum"", ""Denom"", ""Xtreme""]","[0.9412567019462585, 0.1941397786140442, 0.16008847951889038, 0.02430173009634018, 0.014572866261005402]"
4,centroid,1,316,Steel_Wheel,Steel_Wheel,"[""Steel_Wheel"", ""Nivalis"", ""Velorum"", ""Denom"", ""Turbine""]","[0.925514280796051, 0.17575296759605408, 0.0800359696149826, 0.037456512451171875, -0.0013454202562570572]"
4,centroid,1,317,Steel_Wheel,Steel_Wheel,"[""Steel_Wheel"", ""Denom"", ""Nivalis"", ""Ratikon"", ""Ilias""]","[0.9317356944084167, 0.21224434673786163, 0.1938956379890442, 0.09510356187820435, -0.04470588639378548]"
4,centroid,1,318,Steel_Wheel,Steel_Wheel,"[""Steel_Wheel"", ""Nivalis"", ""Xtreme"", ""Denom"", ""Velorum""]","[0.959697961807251, 0.19220943748950958, 0.06682539731264114, 0.05865967273712158, 0.042752284556627274]"
4,centroid,1,319,Steel_Wheel,Steel_Wheel,"[""Steel_Wheel"", ""Xtreme"", ""Nivalis"", ""Castor"", ""Velorum""]","[0.9559212923049927, 0.0727640837430954, 0.05618179589509964, -0.06957025080919266, -0.070638507604599]"
4,centroid,1,320,Steel_Wheel,Steel_Wheel,"[""Steel_Wheel"", ""Xtreme"", ""Gemini"", ""Nivalis"", ""Denom""]","[0.9081287384033203, 0.15793722867965698, 0.1260971873998642, 0.09210631251335144, 0.02387949451804161]"
4,centroid,1,321,Steel_Wheel,Steel_Wheel,"[""Steel_Wheel"", ""Xtreme"", ""Nivalis"", ""Denom"", ""Gemini""]","[0.9625151753425598, 0.10524088144302368, -0.0017951484769582748, -0.06633828580379486, -0.09083190560340881]"
4,centroid,1,322,Steel_Wheel,Steel_Wheel,"[""Steel_Wheel"", ""Alaris"", ""Trius"", ""Mytikas"", ""Hawk""]","[0.8779005408287048, 0.04342583194375038, 0.015436816960573196, -0.015109878033399582, -0.04220310598611832]"
4,centroid,1,323,Steel_Wheel,Steel_Wheel,"[""Steel_Wheel"", ""Gemini"", ""Xtreme"", ""Turbine"", ""Vega""]","[0.9028366208076477, 0.10555411875247955, 0.021874448284506798, 0.013153543695807457, 0.01169451791793108]"
4,centroid,1,324,Steel_Wheel,Steel_Wheel,"[""Steel_Wheel"", ""Nivalis"", ""Denom"", ""Ratikon"", ""Xtreme""]","[0.9715893268585205, 0.13769985735416412, 0.09220516681671143, -0.0056015122681856155, -0.03621286898851395]"
4,centroid,1,325,Steel_Wheel,Steel_Wheel,"[""Steel_Wheel"", ""Nivalis"", ""Denom"", ""Xtreme"", ""Ratikon""]","[0.9466103315353394, 0.1284489929676056, 0.11955752223730087, 0.047009531408548355, 0.034126847982406616]"
4,centroid,1,326,Steel_Wheel,Steel_Wheel,"[""Steel_Wheel"", ""Nivalis"", ""Velorum"", ""Denom"", ""Ratikon""]","[0.9365407228469849, 0.14279881119728088, 0.1345909833908081, 0.05786789953708649, 0.05279120057821274]"
4,centroid,1,327,Steel_Wheel,Steel_Wheel,"[""Steel_Wheel"", ""Nivalis"", ""Denom"", ""Ratikon"", ""Xtreme""]","[0.8857334852218628, 0.19147853553295135, 0.14411494135856628, 0.11542516946792603, 0.058293990790843964]"
4,centroid,1,328,Steel_Wheel,Steel_Wheel,"[""Steel_Wheel"", ""Xtreme"", ""Nivalis"", ""Turbine"", ""Gemini""]","[0.9153572916984558, 0.0956273227930069, -0.009511231444776058, -0.021232489496469498, -0.030736200511455536]"
4,centroid,1,329,Steel_Wheel,Steel_Wheel,"[""Steel_Wheel"", ""Nivalis"", ""Denom"", ""Xtreme"", ""Velorum""]","[0.9757232666015625, 0.07489887624979019, 0.03597142547369003, -0.023613397032022476, -0.02537476271390915]"
4,centroid,1,330,Steel_Wheel,Steel_Wheel,"[""Steel_Wheel"", ""Nivalis"", ""Velorum"", ""Denom"", ""Xtreme""]","[0.96751868724823, 0.1145784929394722, 0.07141251116991043, 0.0546732135117054, -0.026380859315395355]"
4,centroid,1,331,Steel_Wheel,Steel_Wheel,"[""Steel_Wheel"", ""Nivalis"", ""Velorum"", ""Castor"", ""Ilias""]","[0.9494659900665283, -0.015436144545674324, -0.019060589373111725, -0.05730810761451721, -0.05885537341237068]"
4,centroid,1,332,Steel_Wheel,Steel_Wheel,"[""Steel_Wheel"", ""Nivalis"", ""Xtreme"", ""Denom"", ""Gemini""]","[0.9509079456329346, 0.10298247635364532, 0.017264388501644135, 0.005991458892822266, -0.04216104373335838]"
4,centroid,1,333,Steel_Wheel,Steel_Wheel,"[""Steel_Wheel"", ""Xtreme"", ""Nivalis"", ""Gemini"", ""Hawk""]","[0.8916950225830078, 0.08366301655769348, 0.04461411386728287, 0.017903057858347893, -0.008781883865594864]"
4,centroid,1,334,Steel_Wheel,Steel_Wheel,"[""Steel_Wheel"", ""Nivalis"", ""Turbine"", ""Mytikas"", ""Denom""]","[0.9198378324508667, 0.13141554594039917, 0.019617103040218353, 0.014911407604813576, 0.012268267571926117]"
4,centroid,1,335,Steel_Wheel,Steel_Wheel,"[""Steel_Wheel"", ""Nivalis"", ""Xtreme"", ""Hawk"", ""Velorum""]","[0.9416889548301697, 0.0871688649058342, 0.02169034257531166, 0.0044458359479904175, -0.011774159967899323]"
4,centroid,1,336,Steel_Wheel,Steel_Wheel,"[""Steel_Wheel"", ""Nivalis"", ""Velorum"", ""Denom"", ""Ratikon""]","[0.9752306938171387, 0.1176552027463913, 0.08373294770717621, 0.07685575634241104, 0.02681061439216137]"
4,centroid,1,337,Steel_Wheel,Steel_Wheel,"[""Steel_Wheel"", ""Nivalis"", ""Denom"", ""Xtreme"", ""Ratikon""]","[0.9611440896987915, 0.17906498908996582, 0.10271227359771729, 0.06582765281200409, 0.03777807950973511]"
4,centroid,1,338,Steel_Wheel,Steel_Wheel,"[""Steel_Wheel"", ""Nivalis"", ""Denom"", ""Xtreme"", ""Velorum""]","[0.965224027633667, 0.10127945244312286, 0.04584302753210068, 0.007815517485141754, -0.043393563479185104]"
4,centroid,1,339,Steel_Wheel,Steel_Wheel,"[""Steel_Wheel"", ""Nivalis"", ""Xtreme"", ""Denom"", ""Hawk""]","[0.9310098886489868, 0.15671992301940918, 0.04907660186290741, 0.04527099430561066, -0.03328458219766617]"
4,centroid,1,340,Steel_Wheel,Steel_Wheel,"[""Steel_Wheel"", ""Xtreme"", ""Nivalis"", ""Denom"", ""Vega""]","[0.9225174784660339, 0.07619309425354004, 0.07016066461801529, 0.016671989113092422, -0.02254507690668106]"
4,centroid,1,341,Steel_Wheel,Steel_Wheel,"[""Steel_Wheel"", ""Nivalis"", ""Denom"", ""Xtreme"", ""Velorum""]","[0.940009593963623, 0.18860721588134766, 0.11517025530338287, 0.07143320143222809, 0.05814843252301216]"
4,centroid,1,342,Steel_Wheel,Steel_Wheel,"[""Steel_Wheel"", ""Nivalis"", ""Mytikas"", ""Turbine"", ""Denom""]","[0.9077470302581787, 0.12610936164855957, 0.04698191583156586, 0.03769882768392563, 0.006880223751068115]"
4,centroid,1,343,Steel_Wheel,Steel_Wheel,"[""Steel_Wheel"", ""Nivalis"", ""Velorum"", ""Xtreme"", ""Denom""]","[0.9609835147857666, 0.07625138014554977, 0.06765016168355942, 0.005256314761936665, -0.01676172763109207]"
4,centroid,1,344,Steel_Wheel,Steel_Wheel,"[""Steel_Wheel"", ""Denom"", ""Nivalis"", ""Velorum"", ""Xtreme""]","[0.9453892111778259, 0.10436003655195236, 0.09241405129432678, -0.014901556074619293, -0.026187030598521233]"
4,centroid,1,345,Steel_Wheel,Steel_Wheel,"[""Steel_Wheel"", ""Nivalis"", ""Denom"", ""Xtreme"", ""Vega""]","[0.8917794227600098, 0.1483532190322876, 0.07674717158079147, 0.07515662163496017, 0.0015085069462656975]"
4,centroid,1,346,Steel_Wheel,Steel_Wheel,"[""Steel_Wheel"", ""Xtreme"", ""Nivalis"", ""Turbine"", ""Hawk""]","[0.9365300536155701, 0.09712490439414978, 0.006029373034834862, -0.001911792904138565, -0.022673960775136948]"
4,centroid,1,347,Steel_Wheel,Steel_Wheel,"[""Steel_Wheel"", ""Nivalis"", ""Xtreme"", ""Denom"", ""Alaris""]","[0.9668862819671631, 0.06560886651277542, -0.0007850434631109238, -0.014853935688734055, -0.05224386975169182]"
4,centroid,1,348,Steel_Wheel,Steel_Wheel,"[""Steel_Wheel"", ""Nivalis"", ""Xtreme"", ""Gemini"", ""Vega""]","[0.9696327447891235, 0.026673007756471634, 0.01201389729976654, -0.030048783868551254, -0.06220689043402672]"
4,centroid,1,349,Triton,Triton,"[""Triton"", ""Trius"", ""Mytikas"", ""Ilias"", ""Gemini""]","[0.8358074426651001, 0.7292317748069763, 0.5606427192687988, 0.4196931719779968, 0.2769913077354431]"
4,centroid,1,350,Triton,Triton,"[""Triton"", ""Mytikas"", ""Trius"", ""Braga"", ""Ilias""]","[0.8071765303611755, 0.43908488750457764, 0.29175472259521484, 0.2787044048309326, 0.2510577142238617]"
4,centroid,1,351,Triton,Triton,"[""Triton"", ""Trius"", ""Ilias"", ""Mytikas"", ""Braga""]","[0.7805616855621338, 0.5410428047180176, 0.5043166875839233, 0.37873655557632446, 0.3054637014865875]"
4,centroid,1,352,Triton,Triton,"[""Triton"", ""Trius"", ""Mytikas"", ""Braga"", ""Castor""]","[0.8694868683815002, 0.7183703184127808, 0.49734723567962646, 0.4809572100639343, 0.3320463299751282]"
4,centroid,1,353,Triton,Triton,"[""Triton"", ""Trius"", ""Alcatras"", ""Mytikas"", ""Ilias""]","[0.7997252941131592, 0.5401690006256104, 0.39620262384414673, 0.36075836420059204, 0.34492728114128113]"
4,centroid,1,354,Triton,Mytikas,"[""Mytikas"", ""Triton"", ""Castor"", ""Turbine"", ""Braga""]","[0.769477128982544, 0.7638155221939087, 0.633315920829773, 0.46362584829330444, 0.46033257246017456]"
4,centroid,1,355,Triton,Triton,"[""Triton"", ""Mytikas"", ""Trius"", ""Ilias"", ""Castor""]","[0.8640786409378052, 0.5781051516532898, 0.5019000172615051, 0.26954948902130127, 0.23926353454589844]"
4,centroid,1,356,Triton,Triton,"[""Triton"", ""Trius"", ""Mytikas"", ""Castor"", ""Ilias""]","[0.830532431602478, 0.5827562808990479, 0.4962241053581238, 0.41563206911087036, 0.32337796688079834]"
4,centroid,1,357,Triton,Triton,"[""Triton"", ""Trius"", ""Castor"", ""Mytikas"", ""Braga""]","[0.8841574192047119, 0.672069787979126, 0.500377893447876, 0.4726802408695221, 0.46660590171813965]"
4,centroid,1,358,Triton,Triton,"[""Triton"", ""Castor"", ""Braga"", ""Mytikas"", ""Trius""]","[0.785906195640564, 0.5160967111587524, 0.44337791204452515, 0.43105387687683105, 0.3959415555000305]"
4,centroid,1,359,Triton,Triton,"[""Triton"", ""Mytikas"", ""Trius"", ""Castor"", ""Turbine""]","[0.9142779111862183, 0.6108303070068359, 0.4978175759315491, 0.43729639053344727, 0.29879042506217957]"
4,centroid,1,360,Triton,Triton,"[""Triton"", ""Mytikas"", ""Trius"", ""Castor"", ""Ilias""]","[0.9256888628005981, 0.6840488910675049, 0.5447778701782227, 0.348321795463562, 0.31935015320777893]"
4,centroid,1,361,Triton,Triton,"[""Triton"", ""Mytikas"", ""Braga"", ""Ilias"", ""Turbine""]","[0.7221212983131409, 0.3903845548629761, 0.32093942165374756, 0.2730751633644104, 0.24853043258190155]"
4,centroid,1,362,Triton,Triton,"[""Triton"", ""Trius"", ""Mytikas"", ""Ilias"", ""Gemini""]","[0.8251306414604187, 0.664152979850769, 0.6300487518310547, 0.46247434616088867, 0.33201920986175537]"
4,centroid,1,363,Triton,Triton,"[""Triton"", ""Mytikas"", ""Trius"", ""Castor"", ""Braga""]","[0.8554381132125854, 0.713547945022583, 0.6577391028404236, 0.45586496591567993, 0.36086827516555786]"
4,centroid,1,364,Triton,Castor,"[""Castor"", ""Triton"", ""Trius"", ""Mytikas"", ""Alcatras""]","[0.7175474166870117, 0.7095984816551208, 0.5315160751342773, 0.42875954508781433, 0.33177128434181213]"
4,centroid,1,365,Triton,Alaris,"[""Alaris"", ""Braga"", ""Gemini"", ""Alcatras"", ""Trius""]","[0.5829340815544128, 0.5032458305358887, 0.48911547660827637, 0.4760250151157379, 0.4663470387458801]"
4,centroid,1,366,Triton,Triton,"[""Triton"", ""Mytikas"", ""Castor"", ""Trius"", ""Alcatras""]","[0.9040777683258057, 0.6031538844108582, 0.5029149055480957, 0.4036216139793396, 0.29075998067855835]"
4,centroid,1,367,Triton,Alaris,"[""Alaris"", ""Ilias"", ""Mytikas"", ""Alcatras"", ""Triton""]","[0.5329794883728027, 0.39749813079833984, 0.3968217074871063, 0.3866350054740906, 0.35607481002807617]"
4,centroid,1,368,Triton,Triton,"[""Triton"", ""Ilias"", ""Mytikas"", ""Trius"", ""Castor""]","[0.6933501362800598, 0.5772851705551147, 0.44162583351135254, 0.35612237453460693, 0.24567177891731262]"
4,centroid,1,369,Triton,Triton,"[""Triton"", ""Mytikas"", ""Braga"", ""Trius"", ""Castor""]","[0.8069412708282471, 0.5924493670463562, 0.3650434613227844, 0.3213077187538147, 0.3068552613258362]"
4,centroid,1,370,Triton,Ratikon,"[""Ratikon"", ""Trius"", ""Alaris"", ""Ilias"", ""Vega""]","[0.446280300617218, 0.4415197968482971, 0.4216744303703308, 0.38661110401153564, 0.30129674077033997]"
4,centroid,1,371,Triton,Triton,"[""Triton"", ""Castor"", ""Mytikas"", ""Turbine"", ""Braga""]","[0.7781513333320618, 0.7460752725601196, 0.6756216287612915, 0.49443554878234863, 0.4353271722793579]"
4,centroid,1,372,Triton,Triton,"[""Triton"", ""Mytikas"", ""Castor"", ""Alcatras"", ""Braga""]","[0.7867220044136047, 0.6161510944366455, 0.49424946308135986, 0.4639102518558502, 0.41592103242874146]"
4,centroid,1,373,Triton,Triton,"[""Triton"", ""Trius"", ""Castor"", ""Mytikas"", ""Alcatras""]","[0.8309592008590698, 0.5872725248336792, 0.5047366619110107, 0.3868747353553772, 0.2919509708881378]"
4,centroid,1,374,Triton,Triton,"[""Triton"", ""Trius"", ""Mytikas"", ""Castor"", ""Alcatras""]","[0.8373766541481018, 0.6653240919113159, 0.6501829028129578, 0.5287513732910156, 0.46065816283226013]"
4,centroid,1,375,Triton,Triton,"[""Triton"", ""Mytikas"", ""Trius"", ""Castor"", ""Ilias""]","[0.8757997751235962, 0.5172246098518372, 0.45996761322021484, 0.3532382845878601, 0.3315865993499756]"
4,centroid,1,376,Triton,Triton,"[""Triton"", ""Trius"", ""Braga"", ""Castor"", ""Ilias""]","[0.664743185043335, 0.5559102296829224, 0.3465135097503662, 0.26491254568099976, 0.2054777294397354]"
4,centroid,1,377,Triton,Triton,"[""Triton"", ""Mytikas"", ""Trius"", ""Gemini"", ""Braga""]","[0.7976259589195251, 0.5934053659439087, 0.4360038638114929, 0.3748440146446228, 0.3691227436065674]"
4,centroid,1,378,Triton,Triton,"[""Triton"", ""Trius"", ""Mytikas"", ""Castor"", ""Braga""]","[0.8903576135635376, 0.5972105860710144, 0.392514705657959, 0.3303341865539551, 0.3084222078323364]"
4,centroid,1,379,Triton,Trius,"[""Trius"", ""Alaris"", ""Mytikas"", ""Triton"", ""Braga""]","[0.6137480735778809, 0.5114336013793945, 0.3822493553161621, 0.30734720826148987, 0.29868370294570923]"
4,centroid,1,380,Triton,Triton,"[""Triton"", ""Mytikas"", ""Trius"", ""Castor"", ""Velorum""]","[0.8611962795257568, 0.5359756946563721, 0.38356995582580566, 0.3696318566799164, 0.2820134460926056]"
4,centroid,1,381,Triton,Castor,"[""Castor"", ""Mytikas"", ""Triton"", ""Alcatras"", ""Turbine""]","[0.7202528715133667, 0.6962321996688843, 0.6319863796234131, 0.5303449630737305, 0.39501452445983887]"
4,centroid,1,382,Triton,Triton,"[""Triton"", ""Castor"", ""Trius"", ""Mytikas"", ""Alcatras""]","[0.8577561378479004, 0.6044948697090149, 0.4867514967918396, 0.45741620659828186, 0.4164921045303345]"
4,centroid,1,383,Triton,Alcatras,"[""Alcatras"", ""Triton"", ""Alaris"", ""Ilias"", ""Velorum""]","[0.5948262214660645, 0.5556455850601196, 0.42070573568344116, 0.40316832065582275, 0.388265997171402]"
4,centroid,1,384,Triton,Triton,"[""Triton"", ""Trius"", ""Mytikas"", ""Alcatras"", ""Castor""]","[0.8889384269714355, 0.649091362953186, 0.5973219871520996, 0.3293910324573517, 0.30719271302223206]"
4,centroid,1,385,Triton,Triton,"[""Triton"", ""Mytikas"", ""Trius"", ""Castor"", ""Alcatras""]","[0.8312350511550903, 0.6582291126251221, 0.52678382396698, 0.4670698046684265, 0.4057621657848358]"
4,centroid,1,386,Triton,Triton,"[""Triton"", ""Braga"", ""Mytikas"", ""Trius"", ""Vega""]","[0.6848273277282715, 0.5076814293861389, 0.45197898149490356, 0.4180588126182556, 0.3277510702610016]"
4,centroid,1,387,Triton,Triton,"[""Triton"", ""Trius"", ""Mytikas"", ""Castor"", ""Braga""]","[0.8906590938568115, 0.5490994453430176, 0.5429679155349731, 0.46220868825912476, 0.3665330111980438]"
4,centroid,1,388,Triton,Trius,"[""Trius"", ""Vega"", ""Gemini"", ""Denom"", ""Ratikon""]","[0.6276098489761353, 0.4046316146850586, 0.38971519470214844, 0.3215760886669159, 0.3190240263938904]"
4,centroid,1,389,Triton,Triton,"[""Triton"", ""Alcatras"", ""Trius"", ""Mytikas"", ""Braga""]","[0.850094735622406, 0.5868123769760132, 0.5734344124794006, 0.49676191806793213, 0.44543302059173584]"
4,centroid,1,390,Triton,Triton,"[""Triton"", ""Trius"", ""Mytikas"", ""Castor"", ""Braga""]","[0.9046152830123901, 0.6363533735275269, 0.4728716015815735, 0.34012970328330994, 0.2868522107601166]"
4,centroid,1,391,Triton,Triton,"[""Triton"", ""Mytikas"", ""Trius"", ""Castor"", ""Braga""]","[0.8586733341217041, 0.7301682233810425, 0.5449559688568115, 0.5062406063079834, 0.45476600527763367]"
4,centroid,1,392,Triton,Triton,"[""Triton"", ""Mytikas"", ""Trius"", ""Braga"", ""Castor""]","[0.8567739725112915, 0.6305149793624878, 0.4945077896118164, 0.4750821888446808, 0.36842814087867737]"
4,centroid,1,393,Triton,Triton,"[""Triton"", ""Mytikas"", ""Trius"", ""Braga"", ""Alcatras""]","[0.8330740332603455, 0.6874876022338867, 0.4698328375816345, 0.3342572748661041, 0.2879384160041809]"
4,centroid,1,394,Triton,Triton,"[""Triton"", ""Castor"", ""Mytikas"", ""Trius"", ""Braga""]","[0.8118022680282593, 0.4780910015106201, 0.4360465705394745, 0.30900275707244873, 0.2709507346153259]"
4,centroid,1,395,Triton,Triton,"[""Triton"", ""Trius"", ""Mytikas"", ""Ilias"", ""Braga""]","[0.7891245484352112, 0.4910849332809448, 0.47602391242980957, 0.35200586915016174, 0.3000359535217285]"
4,centroid,1,396,Triton,Triton,"[""Triton"", ""Mytikas"", ""Trius"", ""Castor"", ""Velorum""]","[0.855676531791687, 0.6437889337539673, 0.488212525844574, 0.4550709128379822, 0.357230544090271]"
4,centroid,1,397,Triton,Triton,"[""Triton"", ""Mytikas"", ""Trius"", ""Braga"", ""Ilias""]","[0.7626441717147827, 0.6790161728858948, 0.42038393020629883, 0.23922498524188995, 0.22563576698303223]"
4,centroid,1,398,Triton,Mytikas,"[""Mytikas"", ""Triton"", ""Alcatras"", ""Hawk"", ""Braga""]","[0.5040063858032227, 0.48299920558929443, 0.40258681774139404, 0.38818326592445374, 0.38767009973526]"
4,centroid,1,399,Triton,Triton,"[""Triton"", ""Mytikas"", ""Castor"", ""Trius"", ""Braga""]","[0.9214223623275757, 0.7151573896408081, 0.41719526052474976, 0.3569961488246918, 0.3347494602203369]"
4,centroid,1,400,Triton,Triton,"[""Triton"", ""Mytikas"", ""Trius"", ""Braga"", ""Turbine""]","[0.8181885480880737, 0.5200919508934021, 0.5084724426269531, 0.4532702565193176, 0.41873517632484436]"
4,centroid,1,401,Triton,Triton,"[""Triton"", ""Mytikas"", ""Turbine"", ""Ilias"", ""Trius""]","[0.74701327085495, 0.42015397548675537, 0.29514366388320923, 0.29000985622406006, 0.27920982241630554]"
4,centroid,1,402,Trius,Triton,"[""Triton"", ""Trius"", ""Mytikas"", ""Braga"", ""Ilias""]","[0.6729101538658142, 0.48826444149017334, 0.422599732875824, 0.39494699239730835, 0.34799861907958984]"
4,centroid,1,403,Trius,Gemini,"[""Gemini"", ""Trius"", ""Braga"", ""Mytikas"", ""Vega""]","[0.6534510850906372, 0.5750033855438232, 0.35512810945510864, 0.3199225664138794, 0.2865793704986572]"
4,centroid,1,404,Trius,Triton,"[""Triton"", ""Trius"", ""Braga"", ""Alcatras"", ""Mytikas""]","[0.6893780827522278, 0.670085608959198, 0.6309340000152588, 0.5349760055541992, 0.5286696553230286]"
4,centroid,1,405,Trius,Triton,"[""Triton"", ""Mytikas"", ""Trius"", ""Alcatras"", ""Castor""]","[0.8647488355636597, 0.6676714420318604, 0.6580556631088257, 0.48564255237579346, 0.45274847745895386]"
4,centroid,1,406,Trius,Trius,"[""Trius"", ""Alcatras"", ""Alaris"", ""Triton"", ""Braga""]","[0.5697273015975952, 0.5327600240707397, 0.4311903715133667, 0.41276583075523376, 0.3863409161567688]"
4,centroid,1,407,Trius,Trius,"[""Trius"", ""Gemini"", ""Mytikas"", ""Triton"", ""Nivalis""]","[0.5707329511642456, 0.43619418144226074, 0.3762158155441284, 0.229390487074852, 0.19896766543388367]"
4,centroid,1,408,Trius,Trius,"[""Trius"", ""Mytikas"", ""Gemini"", ""Triton"", ""Alaris""]","[0.7310399413108826, 0.3754608929157257, 0.26385489106178284, 0.25463029742240906, 0.2073395848274231]"
4,centroid,1,409,Trius,Trius,"[""Trius"", ""Alaris"", ""Alcatras"", ""Velorum"", ""Mytikas""]","[0.7060559988021851, 0.6287500858306885, 0.47446954250335693, 0.2432241290807724, 0.1729150116443634]"
4,centroid,1,410,Trius,Trius,"[""Trius"", ""Triton"", ""Ilias"", ""Mytikas"", ""Denom""]","[0.7745277881622314, 0.5719308257102966, 0.5348273515701294, 0.29160451889038086, 0.2862560749053955]"
4,centroid,1,411,Trius,Braga,"[""Braga"", ""Trius"", ""Gemini"", ""Alaris"", ""Alcatras""]","[0.6514207720756531, 0.6217867136001587, 0.46895214915275574, 0.44386357069015503, 0.40992972254753113]"
4,centroid,1,412,Trius,Trius,"[""Trius"", ""Triton"", ""Mytikas"", ""Gemini"", ""Braga""]","[0.6040136814117432, 0.5415322780609131, 0.4654918611049652, 0.3470275402069092, 0.2962133288383484]"
4,centroid,1,413,Trius,Trius,"[""Trius"", ""Mytikas"", ""Vega"", ""Triton"", ""Alaris""]","[0.669426679611206, 0.6372018456459045, 0.52945476770401, 0.44954514503479004, 0.34413233399391174]"
4,centroid,1,414,Trius,Trius,"[""Trius"", ""Triton"", ""Mytikas"", ""Castor"", ""Vega""]","[0.5408598184585571, 0.3429013788700104, 0.3120286464691162, 0.26356756687164307, 0.19030943512916565]"
4,centroid,1,415,Trius,Trius,"[""Trius"", ""Triton"", ""Braga"", ""Alaris"", ""Mytikas""]","[0.8605214953422546, 0.5093832015991211, 0.4990742802619934, 0.39624762535095215, 0.30997514724731445]"
4,centroid,1,416,Trius,Braga,"[""Braga"", ""Trius"", ""Triton"", ""Alaris"", ""Alcatras""]","[0.7293083071708679, 0.6974656581878662, 0.6060322523117065, 0.5439467430114746, 0.49555104970932007]"
4,centroid,1,417,Trius,Trius,"[""Trius"", ""Mytikas"", ""Triton"", ""Castor"", ""Alaris""]","[0.7145168781280518, 0.5618172883987427, 0.4168093502521515, 0.3488912582397461, 0.3268212378025055]"
4,centroid,1,418,Trius,Trius,"[""Trius"", ""Alaris"", ""Triton"", ""Braga"", ""Alcatras""]","[0.7763775587081909, 0.40064460039138794, 0.3196869492530823, 0.22726866602897644, 0.19062331318855286]"
4,centroid,1,419,Trius,Trius,"[""Trius"", ""Triton"", ""Vega"", ""Mytikas"", ""Gemini""]","[0.8214677572250366, 0.48983222246170044, 0.4138498902320862, 0.3756246268749237, 0.3190157115459442]"
4,centroid,1,420,Trius,Trius,"[""Trius"", ""Velorum"", ""Gemini"", ""Alaris"", ""Triton""]","[0.7930466532707214, 0.2780877351760864, 0.2629258930683136, 0.24129614233970642, 0.22019749879837036]"
4,centroid,1,421,Trius,Trius,"[""Trius"", ""Triton"", ""Alaris"", ""Braga"", ""Alcatras""]","[0.8805603384971619, 0.49578091502189636, 0.4837070107460022, 0.3390160799026489, 0.3116493821144104]"
4,centroid,1,422,Trius,Trius,"[""Trius"", ""Triton"", ""Braga"", ""Alcatras"", ""Alaris""]","[0.7295325994491577, 0.6244176626205444, 0.44846150279045105, 0.4442761242389679, 0.43602198362350464]"
4,centroid,1,423,Trius,Trius,"[""Trius"", ""Triton"", ""Ilias"", ""Mytikas"", ""Gemini""]","[0.771264910697937, 0.7187109589576721, 0.44871196150779724, 0.3757737874984741, 0.27396830916404724]"
4,centroid,1,424,Trius,Trius,"[""Trius"", ""Triton"", ""Mytikas"", ""Alaris"", ""Alcatras""]","[0.7955252528190613, 0.5522193908691406, 0.5279051065444946, 0.4860333204269409, 0.30086231231689453]"
4,centroid,1,425,Trius,Trius,"[""Trius"", ""Alaris"", ""Braga"", ""Mytikas"", ""Alcatras""]","[0.7915500402450562, 0.4269905090332031, 0.34628987312316895, 0.2777521014213562, 0.2729055881500244]"
4,centroid,1,426,Trius,Mytikas,"[""Mytikas"", ""Triton"", ""Trius"", ""Gemini"", ""Castor""]","[0.7117778062820435, 0.5653632283210754, 0.4924356937408447, 0.17837265133857727, 0.13086439669132233]"
4,centroid,1,427,Trius,Triton,"[""Triton"", ""Trius"", ""Mytikas"", ""Alcatras"", ""Ilias""]","[0.6799423694610596, 0.5683962106704712, 0.38412290811538696, 0.24534070491790771, 0.21949204802513123]"
4,centroid,1,428,Trius,Trius,"[""Trius"", ""Triton"", ""Braga"", ""Alaris"", ""Mytikas""]","[0.9308763742446899, 0.6256723403930664, 0.37417376041412354, 0.31428420543670654, 0.280129075050354]"
4,centroid,1,429,Trius,Trius,"[""Trius"", ""Gemini"", ""Vega"", ""Mytikas"", ""Triton""]","[0.6589628458023071, 0.47297897934913635, 0.38297712802886963, 0.3123725354671478, 0.28659188747406006]"
4,centroid,1,430,Trius,Gemini,"[""Gemini"", ""Vega"", ""Braga"", ""Trius"", ""Denom""]","[0.31648531556129456, 0.3110579252243042, 0.26767706871032715, 0.24757671356201172, 0.12955385446548462]"
4,centroid,1,431,Trius,Trius,"[""Trius"", ""Triton"", ""Braga"", ""Mytikas"", ""Gemini""]","[0.8355597257614136, 0.6292439699172974, 0.39040607213974, 0.3253336250782013, 0.19874879717826843]"
4,centroid,1,432,Trius,Trius,"[""Trius"", ""Triton"", ""Alaris"", ""Ilias"", ""Alcatras""]","[0.8084651231765747, 0.6069316267967224, 0.376320481300354, 0.353879451751709, 0.3394268751144409]"
4,centroid,1,433,Trius,Braga,"[""Braga"", ""Mytikas"", ""Trius"", ""Hawk"", ""Gemini""]","[0.712296724319458, 0.4306787848472595, 0.38294166326522827, 0.3652964234352112, 0.3608604073524475]"
4,centroid,1,434,Trius,Gemini,"[""Gemini"", ""Braga"", ""Trius"", ""Vega"", ""Xtreme""]","[0.6370157599449158, 0.4302394688129425, 0.42627912759780884, 0.405007928609848, 0.22886662185192108]"
4,centroid,1,435,Trius,Trius,"[""Trius"", ""Alaris"", ""Triton"", ""Braga"", ""Alcatras""]","[0.8577330112457275, 0.4784390330314636, 0.46135082840919495, 0.3338041305541992, 0.28295791149139404]"
4,centroid,1,436,Trius,Trius,"[""Trius"", ""Triton"", ""Mytikas"", ""Velorum"", ""Ilias""]","[0.685943603515625, 0.659961462020874, 0.3899978995323181, 0.370501309633255, 0.3071652054786682]"
4,centroid,1,437,Trius,Trius,"[""Trius"", ""Braga"", ""Gemini"", ""Triton"", ""Xtreme""]","[0.6235461831092834, 0.44792187213897705, 0.44095930457115173, 0.38647907972335815, 0.16502515971660614]"
4,centroid,1,438,Trius,Trius,"[""Trius"", ""Triton"", ""Braga"", ""Alaris"", ""Alcatras""]","[0.809160590171814, 0.6515257954597473, 0.5307250022888184, 0.4707247316837311, 0.4423995018005371]"
4,centroid,1,439,Trius,Trius,"[""Trius"", ""Triton"", ""Castor"", ""Alcatras"", ""Ilias""]","[0.5662243366241455, 0.5282118320465088, 0.27706974744796753, 0.25260046124458313, 0.24134376645088196]"
4,centroid,1,440,Trius,Trius,"[""Trius"", ""Alaris"", ""Alcatras"", ""Triton"", ""Mytikas""]","[0.7539633512496948, 0.6802142858505249, 0.5498580932617188, 0.43086618185043335, 0.33839333057403564]"
4,centroid,1,441,Trius,Triton,"[""Triton"", ""Trius"", ""Mytikas"", ""Braga"", ""Ilias""]","[0.8123471736907959, 0.7676206827163696, 0.6173903942108154, 0.3575431704521179, 0.25309285521507263]"
4,centroid,1,442,Turbine,Turbine,"[""Turbine"", ""Hawk"", ""Braga"", ""Vega"", ""Castor""]","[0.8767229318618774, 0.5218080282211304, 0.519980788230896, 0.3698985278606415, 0.22652393579483032]"
4,centroid,1,443,Turbine,Turbine,"[""Turbine"", ""Alaris"", ""Mytikas"", ""Hawk"", ""Alcatras""]","[0.7985332012176514, 0.4717860817909241, 0.4643913209438324, 0.46043550968170166, 0.45234429836273193]"
4,centroid,1,444,Turbine,Turbine,"[""Turbine"", ""Hawk"", ""Braga"", ""Vega"", ""Alaris""]","[0.8984474539756775, 0.48146361112594604, 0.46545904874801636, 0.46275094151496887, 0.3888757526874542]"
4,centroid,1,445,Turbine,Turbine,"[""Turbine"", ""Hawk"", ""Braga"", ""Castor"", ""Vega""]","[0.8672689199447632, 0.5890517234802246, 0.41914069652557373, 0.3725517690181732, 0.3116437494754791]"
4,centroid,1,446,Turbine,Alcatras,"[""Alcatras"", ""Turbine"", ""Alaris"", ""Castor"", ""Hawk""]","[0.6822410821914673, 0.6515069007873535, 0.617673397064209, 0.5323217511177063, 0.4874117374420166]"
4,centroid,1,447,Turbine,Turbine,"[""Turbine"", ""Alaris"", ""Castor"", ""Hawk"", ""Alcatras""]","[0.8507968187332153, 0.4618339538574219, 0.4471476376056671, 0.3983815312385559, 0.3777058720588684]"
4,centroid,1,448,Turbine,Turbine,"[""Turbine"", ""Braga"", ""Castor"", ""Hawk"", ""Mytikas""]","[0.9327424764633179, 0.5554308295249939, 0.5134958028793335, 0.4325024485588074, 0.3456362187862396]"
4,centroid,1,449,Turbine,Turbine,"[""Turbine"", ""Hawk"", ""Braga"", ""Vega"", ""Alaris""]","[0.7732053995132446, 0.6682499051094055, 0.6509902477264404, 0.6079928874969482, 0.38119322061538696]"
4,centroid,1,450,Turbine,Turbine,"[""Turbine"", ""Castor"", ""Braga"", ""Alcatras"", ""Mytikas""]","[0.8416113257408142, 0.7342694997787476, 0.5437432527542114, 0.4498637318611145, 0.33448007702827454]"
4,centroid,1,451,Turbine,Castor,"[""Castor"", ""Turbine"", ""Triton"", ""Mytikas"", ""Alcatras""]","[0.8219594955444336, 0.5133596062660217, 0.3184289336204529, 0.2778335213661194, 0.20165951550006866]"
4,centroid,1,452,Turbine,Turbine,"[""Turbine"", ""Vega"", ""Alaris"", ""Hawk"", ""Alcatras""]","[0.7112078666687012, 0.5212541818618774, 0.5043653845787048, 0.4924021065235138, 0.42609673738479614]"
4,centroid,1,453,Turbine,Turbine,"[""Turbine"", ""Hawk"", ""Mytikas"", ""Vega"", ""Alaris""]","[0.6538389921188354, 0.5592526197433472, 0.4931992292404175, 0.4172046184539795, 0.3651590347290039]"
4,centroid,1,454,Turbine,Castor,"[""Castor"", ""Turbine"", ""Alcatras"", ""Triton"", ""Trius""]","[0.7784463167190552, 0.5642353892326355, 0.38292521238327026, 0.3032478094100952, 0.25649595260620117]"
4,centroid,1,455,Turbine,Turbine,"[""Turbine"", ""Castor"", ""Braga"", ""Triton"", ""Alcatras""]","[0.6486735939979553, 0.5969855785369873, 0.44352877140045166, 0.17428737878799438, 0.16646531224250793]"
4,centroid,1,456,Turbine,Turbine,"[""Turbine"", ""Castor"", ""Alaris"", ""Vega"", ""Hawk""]","[0.8939954042434692, 0.48751115798950195, 0.4746275246143341, 0.47301438450813293, 0.45349323749542236]"
4,centroid,1,457,Turbine,Turbine,"[""Turbine"", ""Hawk"", ""Vega"", ""Braga"", ""Mytikas""]","[0.8836207389831543, 0.5315555334091187, 0.407747745513916, 0.3919663429260254, 0.37799447774887085]"
4,centroid,1,458,Turbine,Turbine,"[""Turbine"", ""Braga"", ""Castor"", ""Hawk"", ""Mytikas""]","[0.925850510597229, 0.5489655137062073, 0.46777868270874023, 0.344399094581604, 0.33621618151664734]"
4,centroid,1,459,Turbine,Turbine,"[""Turbine"", ""Castor"", ""Alcatras"", ""Alaris"", ""Hawk""]","[0.8050071001052856, 0.600501537322998, 0.5972830057144165, 0.5498191118240356, 0.4568856358528137]"
4,centroid,1,460,Turbine,Turbine,"[""Turbine"", ""Hawk"", ""Braga"", ""Vega"", ""Alaris""]","[0.8798380494117737, 0.5666837692260742, 0.48605239391326904, 0.44548535346984863, 0.3766167163848877]"
4,centroid,1,461,Turbine,Turbine,"[""Turbine"", ""Castor"", ""Alcatras"", ""Mytikas"", ""Triton""]","[0.8129629492759705, 0.6075552105903625, 0.38162344694137573, 0.33116477727890015, 0.2627066671848297]"
4,centroid,1,462,Turbine,Turbine,"[""Turbine"", ""Braga"", ""Hawk"", ""Vega"", ""Castor""]","[0.885329008102417, 0.5003646612167358, 0.385517954826355, 0.3800196647644043, 0.20205804705619812]"
4,centroid,1,463,Turbine,Turbine,"[""Turbine"", ""Braga"", ""Castor"", ""Triton"", ""Vega""]","[0.7641790509223938, 0.7343382835388184, 0.527118980884552, 0.4049255847930908, 0.28558290004730225]"
4,centroid,1,464,Turbine,Turbine,"[""Turbine"", ""Hawk"", ""Alaris"", ""Alcatras"", ""Braga""]","[0.7380163669586182, 0.44455939531326294, 0.4422389268875122, 0.3883454203605652, 0.3439289331436157]"
4,centroid,1,465,Turbine,Castor,"[""Castor"", ""Turbine"", ""Alcatras"", ""Alaris"", ""Braga""]","[0.8405372500419617, 0.7188574075698853, 0.5491140484809875, 0.41456687450408936, 0.376816987991333]"
4,centroid,1,466,Turbine,Alaris,"[""Alaris"", ""Alcatras"", ""Turbine"", ""Vega"", ""Trius""]","[0.6252962350845337, 0.5654382705688477, 0.5149998068809509, 0.4991925060749054, 0.434151828289032]"
4,centroid,1,467,Turbine,Turbine,"[""Turbine"", ""Braga"", ""Hawk"", ""Castor"", ""Vega""]","[0.9027080535888672, 0.5683643817901611, 0.4044421315193176, 0.3653349280357361, 0.26164713501930237]"
4,centroid,1,468,Turbine,Turbine,"[""Turbine"", ""Castor"", ""Hawk"", ""Alaris"", ""Vega""]","[0.8860526084899902, 0.4466691315174103, 0.4262819290161133, 0.4045165181159973, 0.40257787704467773]"
4,centroid,1,469,Vega,Vega,"[""Vega"", ""Hawk"", ""Turbine"", ""Mytikas"", ""Braga""]","[0.737969160079956, 0.6324272155761719, 0.5610969066619873, 0.5228889584541321, 0.5189269185066223]"
4,centroid,1,470,Vega,Vega,"[""Vega"", ""Alaris"", ""Trius"", ""Gemini"", ""Braga""]","[0.7962164878845215, 0.45143866539001465, 0.4351167678833008, 0.37629806995391846, 0.37485936284065247]"
4,centroid,1,471,Vega,Vega,"[""Vega"", ""Hawk"", ""Turbine"", ""Braga"", ""Alaris""]","[0.9026018381118774, 0.5091204643249512, 0.4752768576145172, 0.4598810374736786, 0.45228517055511475]"
4,centroid,1,472,Vega,Vega,"[""Vega"", ""Gemini"", ""Braga"", ""Alaris"", ""Hawk""]","[0.8751254081726074, 0.49918293952941895, 0.4092091917991638, 0.33987802267074585, 0.2983807325363159]"
4,centroid,1,473,Vega,Vega,"[""Vega"", ""Braga"", ""Hawk"", ""Turbine"", ""Alaris""]","[0.9091663956642151, 0.5367791652679443, 0.4343991279602051, 0.4213372766971588, 0.41543203592300415]"
4,centroid,1,474,Vega,Vega,"[""Vega"", ""Alaris"", ""Turbine"", ""Hawk"", ""Braga""]","[0.9083553552627563, 0.4809468388557434, 0.4698966145515442, 0.45439475774765015, 0.3801562488079071]"
4,centroid,1,475,Vega,Vega,"[""Vega"", ""Turbine"", ""Hawk"", ""Alaris"", ""Braga""]","[0.8803719282150269, 0.5211396217346191, 0.40186506509780884, 0.3193071484565735, 0.2340756207704544]"
4,centroid,1,476,Vega,Vega,"[""Vega"", ""Gemini"", ""Braga"", ""Hawk"", ""Alaris""]","[0.775221586227417, 0.6491783857345581, 0.6125591397285461, 0.41279125213623047, 0.2272714376449585]"
4,centroid,1,477,Vega,Vega,"[""Vega"", ""Alcatras"", ""Hawk"", ""Alaris"", ""Braga""]","[0.8769868612289429, 0.39954710006713867, 0.3909757137298584, 0.36501309275627136, 0.3240293264389038]"
4,centroid,1,478,Vega,Vega,"[""Vega"", ""Turbine"", ""Hawk"", ""Gemini"", ""Braga""]","[0.8056623935699463, 0.4713936448097229, 0.3620765805244446, 0.286806583404541, 0.22241008281707764]"
4,centroid,1,479,Vega,Vega,"[""Vega"", ""Braga"", ""Hawk"", ""Alaris"", ""Turbine""]","[0.9125458002090454, 0.5791444778442383, 0.5783834457397461, 0.5228004455566406, 0.417205810546875]"
4,centroid,1,480,Vega,Vega,"[""Vega"", ""Hawk"", ""Gemini"", ""Turbine"", ""Braga""]","[0.9387190937995911, 0.4944215416908264, 0.48682981729507446, 0.33365103602409363, 0.3285873532295227]"
4,centroid,1,481,Vega,Vega,"[""Vega"", ""Gemini"", ""Hawk"", ""Braga"", ""Xtreme""]","[0.7193335294723511, 0.6923571825027466, 0.4002147316932678, 0.3541378080844879, 0.3433258533477783]"
4,centroid,1,482,Vega,Vega,"[""Vega"", ""Hawk"", ""Braga"", ""Alaris"", ""Gemini""]","[0.943466067314148, 0.4966185390949249, 0.43508344888687134, 0.411610871553421, 0.3983302712440491]"
4,centroid,1,483,Vega,Vega,"[""Vega"", ""Gemini"", ""Braga"", ""Turbine"", ""Hawk""]","[0.9272266626358032, 0.49944740533828735, 0.42659467458724976, 0.30062058568000793, 0.2508341073989868]"
4,centroid,1,484,Vega,Vega,"[""Vega"", ""Braga"", ""Turbine"", ""Gemini"", ""Hawk""]","[0.810235857963562, 0.5430431962013245, 0.4609124958515167, 0.4449700713157654, 0.1957302838563919]"
4,centroid,1,485,Vega,Vega,"[""Vega"", ""Gemini"", ""Braga"", ""Hawk"", ""Trius""]","[0.8982483744621277, 0.5815173387527466, 0.33624565601348877, 0.3257308900356293, 0.14383941888809204]"
4,centroid,1,486,Vega,Vega,"[""Vega"", ""Gemini"", ""Braga"", ""Alaris"", ""Hawk""]","[0.9086439609527588, 0.5391066074371338, 0.4111374318599701, 0.3885751962661743, 0.3809989392757416]"
4,centroid,1,487,Vega,Vega,"[""Vega"", ""Braga"", ""Turbine"", ""Hawk"", ""Alcatras""]","[0.805799126625061, 0.6085901260375977, 0.5254070162773132, 0.4926692843437195, 0.27771639823913574]"
4,centroid,1,488,Vega,Vega,"[""Vega"", ""Gemini"", ""Hawk"", ""Braga"", ""Alaris""]","[0.9289740324020386, 0.4898940920829773, 0.4411085546016693, 0.3313022255897522, 0.254072904586792]"
4,centroid,1,489,Vega,Vega,"[""Vega"", ""Turbine"", ""Hawk"", ""Alaris"", ""Alcatras""]","[0.7978160381317139, 0.4602625370025635, 0.3797762989997864, 0.3546677827835083, 0.2781956195831299]"
4,centroid,1,490,Vega,Vega,"[""Vega"", ""Braga"", ""Alaris"", ""Gemini"", ""Turbine""]","[0.8716229200363159, 0.4261762797832489, 0.4243927001953125, 0.32434725761413574, 0.2908899784088135]"
4,centroid,1,491,Vega,Vega,"[""Vega"", ""Gemini"", ""Hawk"", ""Braga"", ""Turbine""]","[0.9469032287597656, 0.5012144446372986, 0.4913914203643799, 0.4468485116958618, 0.33367156982421875]"
4,centroid,1,492,Vega,Vega,"[""Vega"", ""Braga"", ""Hawk"", ""Turbine"", ""Gemini""]","[0.8923318982124329, 0.5520838499069214, 0.5352104902267456, 0.44271522760391235, 0.3954152762889862]"
4,centroid,1,493,Vega,Vega,"[""Vega"", ""Gemini"", ""Turbine"", ""Hawk"", ""Braga""]","[0.8135462999343872, 0.3497651517391205, 0.31806495785713196, 0.28173571825027466, 0.2451726645231247]"
4,centroid,1,494,Vega,Vega,"[""Vega"", ""Hawk"", ""Turbine"", ""Braga"", ""Gemini""]","[0.8957098722457886, 0.5199075937271118, 0.5037052631378174, 0.4227156639099121, 0.39908820390701294]"
4,centroid,1,495,Vega,Vega,"[""Vega"", ""Alaris"", ""Turbine"", ""Hawk"", ""Braga""]","[0.7275503277778625, 0.5952073931694031, 0.500450611114502, 0.4997255206108093, 0.3909720778465271]"
4,centroid,1,496,Vega,Vega,"[""Vega"", ""Gemini"", ""Braga"", ""Turbine"", ""Hawk""]","[0.7934598326683044, 0.6582786440849304, 0.3923037350177765, 0.38551414012908936, 0.31941941380500793]"
4,centroid,1,497,Vega,Vega,"[""Vega"", ""Gemini"", ""Alaris"", ""Ratikon"", ""Braga""]","[0.862952709197998, 0.2744215726852417, 0.2514660358428955, 0.18248745799064636, 0.13523562252521515]"
4,centroid,1,498,Vega,Vega,"[""Vega"", ""Hawk"", ""Braga"", ""Gemini"", ""Turbine""]","[0.8459341526031494, 0.5572778582572937, 0.5473760962486267, 0.5074203014373779, 0.3278505206108093]"
4,centroid,1,499,Vega,Vega,"[""Vega"", ""Gemini"", ""Trius"", ""Alaris"", ""Turbine""]","[0.8510186672210693, 0.38126522302627563, 0.3057820200920105, 0.2763511836528778, 0.27406778931617737]"
4,centroid,1,500,Vega,Vega,"[""Vega"", ""Hawk"", ""Gemini"", ""Braga"", ""Alaris""]","[0.9385780096054077, 0.4416438043117523, 0.3903087377548218, 0.3424797058105469, 0.2974305748939514]"
4,centroid,1,501,Vega,Vega,"[""Vega"", ""Gemini"", ""Hawk"", ""Turbine"", ""Braga""]","[0.8876195549964905, 0.46812936663627625, 0.26459136605262756, 0.24701492488384247, 0.1664389669895172]"
4,centroid,1,502,Vega,Vega,"[""Vega"", ""Hawk"", ""Turbine"", ""Braga"", ""Gemini""]","[0.8955038785934448, 0.6564313173294067, 0.40008002519607544, 0.3748345375061035, 0.3429292142391205]"
4,centroid,1,503,Vega,Vega,"[""Vega"", ""Hawk"", ""Gemini"", ""Alaris"", ""Braga""]","[0.9631562232971191, 0.4708823561668396, 0.4310886859893799, 0.40546488761901855, 0.3830208480358124]"
4,centroid,1,504,Velorum,Velorum,"[""Velorum"", ""Nivalis"", ""Ilias"", ""Denom"", ""Ratikon""]","[0.9270634055137634, 0.5761205554008484, 0.573542594909668, 0.40478426218032837, 0.3236021399497986]"
4,centroid,1,505,Velorum,Velorum,"[""Velorum"", ""Ilias"", ""Triton"", ""Nivalis"", ""Castor""]","[0.9115282297134399, 0.39602985978126526, 0.25992363691329956, 0.2595565915107727, 0.11273638904094696]"
4,centroid,1,506,Velorum,Velorum,"[""Velorum"", ""Ilias"", ""Nivalis"", ""Ratikon"", ""Triton""]","[0.8179970979690552, 0.6105990409851074, 0.5249132513999939, 0.3738043010234833, 0.35774701833724976]"
4,centroid,1,507,Velorum,Velorum,"[""Velorum"", ""Ilias"", ""Nivalis"", ""Denom"", ""Ratikon""]","[0.8245611190795898, 0.6430709362030029, 0.5364778637886047, 0.4118462800979614, 0.37255793809890747]"
4,centroid,1,508,Velorum,Velorum,"[""Velorum"", ""Nivalis"", ""Ilias"", ""Denom"", ""Ratikon""]","[0.9417827129364014, 0.5999761819839478, 0.49375906586647034, 0.41037726402282715, 0.3527321219444275]"
4,centroid,1,509,Velorum,Velorum,"[""Velorum"", ""Ilias"", ""Nivalis"", ""Denom"", ""Ratikon""]","[0.9206869602203369, 0.42839545011520386, 0.4021149277687073, 0.33841273188591003, 0.15579664707183838]"
4,centroid,1,510,Velorum,Velorum,"[""Velorum"", ""Nivalis"", ""Ilias"", ""Denom"", ""Ratikon""]","[0.9511680006980896, 0.6042777299880981, 0.5169157385826111, 0.44396641850471497, 0.28915560245513916]"
4,centroid,1,511,Velorum,Velorum,"[""Velorum"", ""Ilias"", ""Nivalis"", ""Denom"", ""Triton""]","[0.8140356540679932, 0.7025043964385986, 0.5079723596572876, 0.4039827585220337, 0.39042332768440247]"
4,centroid,1,512,Velorum,Velorum,"[""Velorum"", ""Nivalis"", ""Ilias"", ""Ratikon"", ""Mytikas""]","[0.8784887790679932, 0.4524767994880676, 0.4230164587497711, 0.18040290474891663, 0.17900456488132477]"
4,centroid,1,513,Velorum,Velorum,"[""Velorum"", ""Nivalis"", ""Ilias"", ""Denom"", ""Ratikon""]","[0.7547533512115479, 0.5879914164543152, 0.5570412874221802, 0.3033275604248047, 0.26237624883651733]"
4,centroid,1,514,Velorum,Velorum,"[""Velorum"", ""Ilias"", ""Nivalis"", ""Denom"", ""Ratikon""]","[0.9307520389556885, 0.5349662899971008, 0.4599829912185669, 0.27595055103302, 0.22862833738327026]"
4,centroid,1,515,Velorum,Velorum,"[""Velorum"", ""Ilias"", ""Denom"", ""Nivalis"", ""Ratikon""]","[0.7188353538513184, 0.7138708233833313, 0.5571279525756836, 0.5069156289100647, 0.46576547622680664]"
4,centroid,1,516,Velorum,Velorum,"[""Velorum"", ""Ilias"", ""Nivalis"", ""Triton"", ""Denom""]","[0.9162020683288574, 0.49818676710128784, 0.37828925251960754, 0.22522690892219543, 0.18227872252464294]"
4,centroid,1,517,Velorum,Velorum,"[""Velorum"", ""Ilias"", ""Nivalis"", ""Denom"", ""Ratikon""]","[0.9303381443023682, 0.5854091048240662, 0.3922111988067627, 0.2785950303077698, 0.2500375807285309]"
4,centroid,1,518,Velorum,Denom,"[""Denom"", ""Ratikon"", ""Trius"", ""Ilias"", ""Alaris""]","[0.47182101011276245, 0.3873492479324341, 0.30466219782829285, 0.24740272760391235, 0.1549428403377533]"
4,centroid,1,519,Velorum,Velorum,"[""Velorum"", ""Ilias"", ""Nivalis"", ""Denom"", ""Trius""]","[0.9162539839744568, 0.4007650315761566, 0.34546422958374023, 0.30098456144332886, 0.11531002819538116]"
4,centroid,1,520,Velorum,Velorum,"[""Velorum"", ""Ilias"", ""Nivalis"", ""Triton"", ""Ratikon""]","[0.8786819577217102, 0.6096843481063843, 0.3651133179664612, 0.32681047916412354, 0.2676028311252594]"
4,centroid,1,521,Velorum,Velorum,"[""Velorum"", ""Ilias"", ""Triton"", ""Mytikas"", ""Nivalis""]","[0.8380736112594604, 0.6109322905540466, 0.45467960834503174, 0.28641027212142944, 0.27751022577285767]"
4,centroid,1,522,Velorum,Velorum,"[""Velorum"", ""Nivalis"", ""Ilias"", ""Ratikon"", ""Mytikas""]","[0.747742235660553, 0.5711377859115601, 0.43103912472724915, 0.37626177072525024, 0.2621725797653198]"
4,centroid,1,523,Velorum,Velorum,"[""Velorum"", ""Ilias"", ""Trius"", ""Denom"", ""Triton""]","[0.8160152435302734, 0.39158108830451965, 0.27803587913513184, 0.17715606093406677, 0.16844412684440613]"
4,centroid,1,524,Velorum,Velorum,"[""Velorum"", ""Ilias"", ""Nivalis"", ""Triton"", ""Ratikon""]","[0.8750048875808716, 0.550369918346405, 0.4996500611305237, 0.2796040177345276, 0.25827860832214355]"
4,centroid,1,525,Velorum,Velorum,"[""Velorum"", ""Denom"", ""Nivalis"", ""Ilias"", ""Ratikon""]","[0.8171595335006714, 0.6074726581573486, 0.5557339191436768, 0.5284572839736938, 0.4696258008480072]"
4,centroid,1,526,Velorum,Velorum,"[""Velorum"", ""Ilias"", ""Nivalis"", ""Denom"", ""Ratikon""]","[0.9195576906204224, 0.6493856310844421, 0.4843490719795227, 0.36213600635528564, 0.3478271961212158]"
4,centroid,1,527,Velorum,Velorum,"[""Velorum"", ""Nivalis"", ""Ilias"", ""Denom"", ""Ratikon""]","[0.9186456203460693, 0.6121643781661987, 0.5945910215377808, 0.49988245964050293, 0.4656103253364563]"
4,centroid,1,528,Velorum,Velorum,"[""Velorum"", ""Ilias"", ""Denom"", ""Nivalis"", ""Ratikon""]","[0.8646615147590637, 0.662260115146637, 0.6462699770927429, 0.5811992287635803, 0.49058830738067627]"
4,centroid,1,529,Velorum,Velorum,"[""Velorum"", ""Ilias"", ""Nivalis"", ""Triton"", ""Denom""]","[0.8372801542282104, 0.7087311744689941, 0.40139418840408325, 0.3294540047645569, 0.2785811722278595]"
4,centroid,1,530,Velorum,Velorum,"[""Velorum"", ""Ilias"", ""Nivalis"", ""Ratikon"", ""Denom""]","[0.9280277490615845, 0.5076477527618408, 0.4541609287261963, 0.33547189831733704, 0.27324578166007996]"
4,centroid,1,531,Velorum,Velorum,"[""Velorum"", ""Ilias"", ""Nivalis"", ""Ratikon"", ""Denom""]","[0.8498861789703369, 0.6406819820404053, 0.51780104637146, 0.41785183548927307, 0.4163311719894409]"
4,centroid,1,532,Velorum,Velorum,"[""Velorum"", ""Ilias"", ""Nivalis"", ""Ratikon"", ""Denom""]","[0.8698053359985352, 0.6576411724090576, 0.5114001035690308, 0.47903966903686523, 0.4270017147064209]"
4,centroid,1,533,Velorum,Velorum,"[""Velorum"", ""Nivalis"", ""Ilias"", ""Ratikon"", ""Castor""]","[0.8393492698669434, 0.3971477746963501, 0.3449428677558899, 0.1371491402387619, 0.12357304990291595]"
4,centroid,1,534,Velorum,Velorum,"[""Velorum"", ""Ilias"", ""Triton"", ""Mytikas"", ""Nivalis""]","[0.7230122089385986, 0.4318449795246124, 0.3230828642845154, 0.29192328453063965, 0.28720787167549133]"
4,centroid,1,535,Velorum,Alcatras,"[""Alcatras"", ""Velorum"", ""Castor"", ""Alaris"", ""Ratikon""]","[0.4646746814250946, 0.45385682582855225, 0.4301932454109192, 0.2746877372264862, 0.26027417182922363]"
4,centroid,1,536,Velorum,Velorum,"[""Velorum"", ""Ilias"", ""Nivalis"", ""Alcatras"", ""Denom""]","[0.901965320110321, 0.509552001953125, 0.3103684186935425, 0.24731475114822388, 0.20566073060035706]"
4,centroid,1,537,Velorum,Velorum,"[""Velorum"", ""Nivalis"", ""Denom"", ""Ilias"", ""Ratikon""]","[0.8969599008560181, 0.3937903046607971, 0.35020071268081665, 0.348843514919281, 0.24171383678913116]"
4,centroid,1,538,Velorum,Velorum,"[""Velorum"", ""Ilias"", ""Nivalis"", ""Denom"", ""Ratikon""]","[0.8598923087120056, 0.6851946115493774, 0.5717477798461914, 0.5164591073989868, 0.5134028196334839]"
4,centroid,1,539,Velorum,Velorum,"[""Velorum"", ""Nivalis"", ""Ilias"", ""Ratikon"", ""Mytikas""]","[0.8020850419998169, 0.5083611011505127, 0.36417967081069946, 0.2490396499633789, 0.23365771770477295]"
4,centroid,1,540,Velorum,Velorum,"[""Velorum"", ""Ilias"", ""Nivalis"", ""Triton"", ""Denom""]","[0.925399124622345, 0.519784152507782, 0.4245228171348572, 0.2676383852958679, 0.2296803891658783]"
4,centroid,1,541,Velorum,Velorum,"[""Velorum"", ""Ilias"", ""Nivalis"", ""Denom"", ""Ratikon""]","[0.9171212911605835, 0.6403725147247314, 0.6342360973358154, 0.3919069170951843, 0.38268041610717773]"
4,centroid,1,542,Velorum,Velorum,"[""Velorum"", ""Nivalis"", ""Ilias"", ""Ratikon"", ""Denom""]","[0.8961364030838013, 0.4796282649040222, 0.4480776786804199, 0.42086708545684814, 0.3983190357685089]"
4,centroid,1,543,Velorum,Velorum,"[""Velorum"", ""Nivalis"", ""Ilias"", ""Ratikon"", ""Denom""]","[0.8836673498153687, 0.5624431371688843, 0.43896758556365967, 0.3059252202510834, 0.26243308186531067]"
4,centroid,1,544,Velorum,Velorum,"[""Velorum"", ""Ilias"", ""Nivalis"", ""Castor"", ""Triton""]","[0.9190243482589722, 0.3562905192375183, 0.29714474081993103, 0.23855668306350708, 0.20795579254627228]"
4,centroid,1,545,Velorum,Velorum,"[""Velorum"", ""Ilias"", ""Triton"", ""Nivalis"", ""Castor""]","[0.885482668876648, 0.4501614570617676, 0.2910405397415161, 0.2507195770740509, 0.24947312474250793]"
4,centroid,1,546,Velorum,Velorum,"[""Velorum"", ""Nivalis"", ""Ilias"", ""Denom"", ""Ratikon""]","[0.9525786638259888, 0.5996589064598083, 0.5200261473655701, 0.4659227728843689, 0.3757767975330353]"
4,centroid,1,547,Velorum,Velorum,"[""Velorum"", ""Ilias"", ""Nivalis"", ""Triton"", ""Denom""]","[0.9132187366485596, 0.5129578709602356, 0.3098294138908386, 0.26510632038116455, 0.1882384717464447]"
4,centroid,1,548,Velorum,Velorum,"[""Velorum"", ""Nivalis"", ""Denom"", ""Ilias"", ""Ratikon""]","[0.9124000072479248, 0.6053560972213745, 0.4848708510398865, 0.4542156457901001, 0.34719178080558777]"
4,centroid,1,549,Velorum,Velorum,"[""Velorum"", ""Ilias"", ""Triton"", ""Trius"", ""Nivalis""]","[0.776100754737854, 0.5091344714164734, 0.37040165066719055, 0.35912394523620605, 0.23749703168869019]"
4,centroid,1,550,Velorum,Velorum,"[""Velorum"", ""Ilias"", ""Nivalis"", ""Denom"", ""Ratikon""]","[0.9524519443511963, 0.5448403358459473, 0.5103801488876343, 0.30196624994277954, 0.28074297308921814]"
4,centroid,1,551,Velorum,Velorum,"[""Velorum"", ""Ilias"", ""Nivalis"", ""Triton"", ""Denom""]","[0.8895771503448486, 0.4154875576496124, 0.26615822315216064, 0.19043070077896118, 0.18760257959365845]"
4,centroid,1,552,Velorum,Velorum,"[""Velorum"", ""Ilias"", ""Nivalis"", ""Xtreme"", ""Denom""]","[0.8337786197662354, 0.37453436851501465, 0.2691134214401245, 0.1643243432044983, 0.15825524926185608]"
4,centroid,1,553,Velorum,Velorum,"[""Velorum"", ""Ilias"", ""Nivalis"", ""Denom"", ""Ratikon""]","[0.8640018701553345, 0.5942538976669312, 0.40571868419647217, 0.3837326169013977, 0.32722121477127075]"
4,centroid,1,554,Velorum,Velorum,"[""Velorum"", ""Ilias"", ""Nivalis"", ""Triton"", ""Denom""]","[0.9171707630157471, 0.4642074406147003, 0.381992906332016, 0.2906090319156647, 0.1847197413444519]"
4,centroid,1,555,Velorum,Velorum,"[""Velorum"", ""Ilias"", ""Triton"", ""Castor"", ""Alcatras""]","[0.8094018697738647, 0.3888162672519684, 0.376947283744812, 0.33916884660720825, 0.2737165093421936]"
4,centroid,1,556,Velorum,Velorum,"[""Velorum"", ""Ilias"", ""Nivalis"", ""Triton"", ""Xtreme""]","[0.9065834879875183, 0.46987542510032654, 0.43263018131256104, 0.22469408810138702, 0.18124884366989136]"
4,centroid,1,557,Velorum,Velorum,"[""Velorum"", ""Ilias"", ""Nivalis"", ""Ratikon"", ""Denom""]","[0.9376989603042603, 0.5944851636886597, 0.515036940574646, 0.3228389620780945, 0.31531524658203125]"
4,centroid,1,558,Velorum,Velorum,"[""Velorum"", ""Ilias"", ""Nivalis"", ""Triton"", ""Denom""]","[0.9206328988075256, 0.5166497826576233, 0.3415856659412384, 0.25801098346710205, 0.2314903438091278]"
4,centroid,1,559,Velorum,Velorum,"[""Velorum"", ""Nivalis"", ""Ilias"", ""Denom"", ""Ratikon""]","[0.9462916851043701, 0.5719316005706787, 0.5172168612480164, 0.4021413326263428, 0.27230554819107056]"
4,centroid,1,560,Velorum,Velorum,"[""Velorum"", ""Nivalis"", ""Ilias"", ""Denom"", ""Ratikon""]","[0.941717267036438, 0.6154181361198425, 0.6083621382713318, 0.46389928460121155, 0.37388965487480164]"
4,centroid,1,561,Velorum,Velorum,"[""Velorum"", ""Ilias"", ""Nivalis"", ""Ratikon"", ""Denom""]","[0.838209867477417, 0.6312369704246521, 0.625995397567749, 0.5406889915466309, 0.442257821559906]"
4,centroid,1,562,Velorum,Velorum,"[""Velorum"", ""Ilias"", ""Nivalis"", ""Denom"", ""Ratikon""]","[0.8456655740737915, 0.7444934844970703, 0.5664833784103394, 0.5331642627716064, 0.5229147672653198]"
4,centroid,1,563,Xtreme,Xtreme,"[""Xtreme"", ""Gemini"", ""Braga"", ""Steel_Wheel"", ""Triton""]","[0.8952875137329102, 0.51682049036026, 0.07297057658433914, 0.05328776687383652, 0.05030424892902374]"
4,centroid,1,564,Xtreme,Xtreme,"[""Xtreme"", ""Velorum"", ""Triton"", ""Nivalis"", ""Denom""]","[0.6055790185928345, 0.3332841992378235, 0.23447956144809723, 0.21674510836601257, 0.10959974676370621]"
4,centroid,1,565,Xtreme,Xtreme,"[""Xtreme"", ""Gemini"", ""Ilias"", ""Nivalis"", ""Steel_Wheel""]","[0.9652256965637207, 0.45893773436546326, 0.15397483110427856, 0.11226250976324081, 0.049601808190345764]"
4,centroid,1,566,Xtreme,Xtreme,"[""Xtreme"", ""Gemini"", ""Ilias"", ""Nivalis"", ""Braga""]","[0.96123206615448, 0.4242101013660431, 0.14239516854286194, 0.06009415537118912, 0.006789564620703459]"
4,centroid,1,567,Xtreme,Xtreme,"[""Xtreme"", ""Gemini"", ""Denom"", ""Nivalis"", ""Ilias""]","[0.7131280899047852, 0.4601796567440033, 0.28864574432373047, 0.25466135144233704, 0.17687667906284332]"
4,centroid,1,568,Xtreme,Xtreme,"[""Xtreme"", ""Gemini"", ""Ilias"", ""Nivalis"", ""Triton""]","[0.9044466614723206, 0.5235669016838074, 0.2511826157569885, 0.17570437490940094, 0.09641985595226288]"
4,centroid,1,569,Xtreme,Xtreme,"[""Xtreme"", ""Gemini"", ""Ilias"", ""Nivalis"", ""Steel_Wheel""]","[0.9393520355224609, 0.597762405872345, 0.12385131418704987, 0.09823773056268692, 0.0676187202334404]"
4,centroid,1,570,Xtreme,Xtreme,"[""Xtreme"", ""Gemini"", ""Nivalis"", ""Ilias"", ""Denom""]","[0.9526380300521851, 0.4522075653076172, 0.2010456621646881, 0.1104590892791748, 0.10403209924697876]"
4,centroid,1,571,Xtreme,Xtreme,"[""Xtreme"", ""Gemini"", ""Steel_Wheel"", ""Nivalis"", ""Mytikas""]","[0.6608376502990723, 0.4843284785747528, 0.20866122841835022, 0.18391966819763184, 0.125302255153656]"
4,centroid,1,572,Xtreme,Xtreme,"[""Xtreme"", ""Gemini"", ""Ilias"", ""Nivalis"", ""Denom""]","[0.9691998958587646, 0.46361982822418213, 0.17753225564956665, 0.11491671949625015, 0.056533679366111755]"
4,centroid,1,573,Xtreme,Xtreme,"[""Xtreme"", ""Gemini"", ""Mytikas"", ""Hawk"", ""Alcatras""]","[0.73915034532547, 0.44345664978027344, 0.2730029821395874, 0.18821391463279724, 0.13605695962905884]"
4,centroid,1,574,Xtreme,Xtreme,"[""Xtreme"", ""Gemini"", ""Ilias"", ""Nivalis"", ""Denom""]","[0.9328168630599976, 0.4929162859916687, 0.24459804594516754, 0.12662248313426971, 0.1039273664355278]"
4,centroid,1,575,Xtreme,Xtreme,"[""Xtreme"", ""Gemini"", ""Ilias"", ""Nivalis"", ""Denom""]","[0.888465404510498, 0.4859328866004944, 0.36084356904029846, 0.14334428310394287, 0.09923338890075684]"
4,centroid,1,576,Xtreme,Xtreme,"[""Xtreme"", ""Gemini"", ""Steel_Wheel"", ""Hawk"", ""Braga""]","[0.9139595031738281, 0.3572724461555481, 0.14241091907024384, 0.06110411509871483, 0.03080233931541443]"
4,centroid,1,577,Xtreme,Xtreme,"[""Xtreme"", ""Gemini"", ""Braga"", ""Ilias"", ""Triton""]","[0.9153472185134888, 0.5868201851844788, 0.2054535448551178, 0.1761203110218048, 0.12502893805503845]"
4,centroid,1,578,Xtreme,Xtreme,"[""Xtreme"", ""Castor"", ""Braga"", ""Gemini"", ""Hawk""]","[0.7090332508087158, 0.19352835416793823, 0.1922895908355713, 0.17445066571235657, 0.15299886465072632]"
4,centroid,1,579,Xtreme,Xtreme,"[""Xtreme"", ""Gemini"", ""Mytikas"", ""Braga"", ""Triton""]","[0.7024663686752319, 0.5289797782897949, 0.3864504098892212, 0.22993001341819763, 0.20422929525375366]"
4,centroid,1,580,Xtreme,Xtreme,"[""Xtreme"", ""Hawk"", ""Braga"", ""Gemini"", ""Mytikas""]","[0.5972999930381775, 0.44005367159843445, 0.4327400326728821, 0.34501850605010986, 0.3095027506351471]"
4,centroid,1,581,Xtreme,Xtreme,"[""Xtreme"", ""Gemini"", ""Hawk"", ""Braga"", ""Ilias""]","[0.9163542985916138, 0.5207871198654175, 0.15986475348472595, 0.12473583221435547, 0.04644029214978218]"
4,centroid,1,582,Xtreme,Xtreme,"[""Xtreme"", ""Gemini"", ""Ilias"", ""Nivalis"", ""Denom""]","[0.943845272064209, 0.34833773970603943, 0.19758340716362, 0.19681864976882935, 0.1241789236664772]"
4,centroid,1,583,Xtreme,Xtreme,"[""Xtreme"", ""Gemini"", ""Ilias"", ""Nivalis"", ""Braga""]","[0.9639956951141357, 0.5547716021537781, 0.06575392186641693, 0.05463189631700516, 0.018212057650089264]"
4,centroid,1,584,Xtreme,Xtreme,"[""Xtreme"", ""Gemini"", ""Ilias"", ""Nivalis"", ""Steel_Wheel""]","[0.974621057510376, 0.5515114068984985, 0.12910595536231995, 0.09502770006656647, 0.016655143350362778]"
4,centroid,1,585,Xtreme,Xtreme,"[""Xtreme"", ""Gemini"", ""Ilias"", ""Velorum"", ""Nivalis""]","[0.9270889759063721, 0.3802796006202698, 0.20345959067344666, 0.11197690665721893, 0.08070409297943115]"
4,centroid,1,586,Xtreme,Xtreme,"[""Xtreme"", ""Gemini"", ""Ilias"", ""Nivalis"", ""Steel_Wheel""]","[0.8860933780670166, 0.3989737629890442, 0.13874709606170654, 0.0675385594367981, 0.06283789873123169]"
4,centroid,1,587,Xtreme,Xtreme,"[""Xtreme"", ""Gemini"", ""Ilias"", ""Nivalis"", ""Triton""]","[0.8658415675163269, 0.5282889604568481, 0.3170659840106964, 0.2577144503593445, 0.21826845407485962]"
4,centroid,1,588,Xtreme,Xtreme,"[""Xtreme"", ""Gemini"", ""Ilias"", ""Nivalis"", ""Steel_Wheel""]","[0.964661717414856, 0.4521929919719696, 0.051364704966545105, 0.02864551916718483, 0.02589349076151848]"
4,centroid,1,589,Xtreme,Xtreme,"[""Xtreme"", ""Gemini"", ""Ilias"", ""Nivalis"", ""Steel_Wheel""]","[0.9595869779586792, 0.543509840965271, 0.055350515991449356, 0.0294666588306427, 0.02504948154091835]"
4,centroid,1,590,Xtreme,Xtreme,"[""Xtreme"", ""Gemini"", ""Ilias"", ""Nivalis"", ""Velorum""]","[0.9442999362945557, 0.3764416575431824, 0.2136361300945282, 0.09310311824083328, 0.06401558220386505]"
4,centroid,1,591,Xtreme,Xtreme,"[""Xtreme"", ""Gemini"", ""Ilias"", ""Nivalis"", ""Denom""]","[0.9110568165779114, 0.44167548418045044, 0.27470871806144714, 0.22723793983459473, 0.16652870178222656]"
4,centroid,1,592,Xtreme,Xtreme,"[""Xtreme"", ""Gemini"", ""Ilias"", ""Hawk"", ""Nivalis""]","[0.9442808032035828, 0.4908062219619751, 0.06581118702888489, 0.06125694513320923, 0.015307592228055]"
4,centroid,1,593,Xtreme,Xtreme,"[""Xtreme"", ""Gemini"", ""Ilias"", ""Denom"", ""Nivalis""]","[0.8598110675811768, 0.4417325258255005, 0.17816786468029022, 0.13144269585609436, 0.10024454444646835]"
4,centroid,1,594,Xtreme,Xtreme,"[""Xtreme"", ""Gemini"", ""Ilias"", ""Nivalis"", ""Steel_Wheel""]","[0.9661275148391724, 0.48756295442581177, 0.07368210703134537, 0.06832639873027802, 0.03004443645477295]"
4,centroid,1,595,Xtreme,Xtreme,"[""Xtreme"", ""Gemini"", ""Braga"", ""Hawk"", ""Vega""]","[0.9250436425209045, 0.6580102443695068, 0.20944438874721527, 0.1512080729007721, 0.015065915882587433]"
4,centroid,1,596,Xtreme,Xtreme,"[""Xtreme"", ""Gemini"", ""Hawk"", ""Steel_Wheel"", ""Ilias""]","[0.9245178699493408, 0.5651060342788696, 0.21400389075279236, 0.03131923824548721, 0.005672515369951725]"
4,centroid,1,597,Xtreme,Xtreme,"[""Xtreme"", ""Gemini"", ""Ilias"", ""Nivalis"", ""Velorum""]","[0.9172185063362122, 0.37270790338516235, 0.25917139649391174, 0.194496288895607, 0.1496778279542923]"
4,centroid,1,598,Xtreme,Xtreme,"[""Xtreme"", ""Gemini"", ""Nivalis"", ""Ilias"", ""Denom""]","[0.9307441711425781, 0.5528504252433777, 0.2128024399280548, 0.14889422059059143, 0.07337896525859833]"
4,centroid,1,599,Xtreme,Xtreme,"[""Xtreme"", ""Gemini"", ""Denom"", ""Nivalis"", ""Ilias""]","[0.7431532144546509, 0.3903108835220337, 0.32399284839630127, 0.26579174399375916, 0.05598210543394089]"
4,centroid,1,600,Xtreme,Xtreme,"[""Xtreme"", ""Gemini"", ""Ilias"", ""Velorum"", ""Nivalis""]","[0.923200249671936, 0.38313397765159607, 0.25293564796447754, 0.07426371425390244, 0.02132181078195572]"
