fold,retrieval_mode,topn,query_index,true_label,top1_predicted_label,top_k_labels,top_k_scores
0,centroid,1,0,Alaris,Alaris,"[""Alaris"", ""Alcatras"", ""Braga"", ""Hawk"", ""Trius""]","[0.7355968952178955, 0.6094295382499695, 0.5325076580047607, 0.47799015045166016, 0.45901060104370117]"
0,centroid,1,1,Alaris,Alaris,"[""Alaris"", ""Alcatras"", ""Trius"", ""Vega"", ""Triton""]","[0.9124149084091187, 0.6625899076461792, 0.6227560043334961, 0.4395621418952942, 0.4259834289550781]"
0,centroid,1,2,Alaris,Alcatras,"[""Alcatras"", ""Alaris"", ""Castor"", ""Trius"", ""Mytikas""]","[0.8385108113288879, 0.7170126438140869, 0.678681492805481, 0.509818434715271, 0.5069961547851562]"
0,centroid,1,3,Alaris,Alaris,"[""Alaris"", ""Alcatras"", ""Hawk"", ""Turbine"", ""Braga""]","[0.6241661310195923, 0.47580528259277344, 0.37881630659103394, 0.2752990424633026, 0.2729572653770447]"
0,centroid,1,4,Alaris,Alaris,"[""Alaris"", ""Alcatras"", ""Vega"", ""Hawk"", ""Trius""]","[0.9234763383865356, 0.6342201828956604, 0.40212076902389526, 0.3924536406993866, 0.3640098571777344]"
0,centroid,1,5,Alaris,Alaris,"[""Alaris"", ""Alcatras"", ""Trius"", ""Braga"", ""Hawk""]","[0.9122722148895264, 0.7715909481048584, 0.5232424139976501, 0.513988733291626, 0.45436298847198486]"
0,centroid,1,6,Alaris,Alaris,"[""Alaris"", ""Alcatras"", ""Trius"", ""Vega"", ""Turbine""]","[0.8702703714370728, 0.5172213315963745, 0.5040381550788879, 0.41774439811706543, 0.4143988788127899]"
0,centroid,1,7,Alaris,Alaris,"[""Alaris"", ""Alcatras"", ""Trius"", ""Vega"", ""Hawk""]","[0.9053068161010742, 0.5662258863449097, 0.42131274938583374, 0.41272419691085815, 0.2970108687877655]"
0,centroid,1,8,Alaris,Alaris,"[""Alaris"", ""Braga"", ""Alcatras"", ""Trius"", ""Mytikas""]","[0.7564401626586914, 0.7295258045196533, 0.7147624492645264, 0.5254388451576233, 0.34090089797973633]"
0,centroid,1,9,Alaris,Alaris,"[""Alaris"", ""Alcatras"", ""Trius"", ""Braga"", ""Hawk""]","[0.92291259765625, 0.8156114816665649, 0.5266942977905273, 0.3557840585708618, 0.35488224029541016]"
0,centroid,1,10,Alaris,Alaris,"[""Alaris"", ""Alcatras"", ""Trius"", ""Braga"", ""Vega""]","[0.8802167177200317, 0.7227498292922974, 0.6114680767059326, 0.5417190194129944, 0.4569399356842041]"
0,centroid,1,11,Alaris,Alcatras,"[""Alcatras"", ""Alaris"", ""Braga"", ""Castor"", ""Trius""]","[0.8976463675498962, 0.6537109017372131, 0.5669577121734619, 0.5233578681945801, 0.4157905578613281]"
0,centroid,1,12,Alaris,Alcatras,"[""Alcatras"", ""Mytikas"", ""Trius"", ""Castor"", ""Triton""]","[0.6353265643119812, 0.5768445730209351, 0.5165911912918091, 0.49615103006362915, 0.49592456221580505]"
0,centroid,1,13,Alaris,Braga,"[""Braga"", ""Hawk"", ""Alcatras"", ""Castor"", ""Alaris""]","[0.5429842472076416, 0.524346113204956, 0.4906734824180603, 0.4459242820739746, 0.43517595529556274]"
0,centroid,1,14,Alaris,Triton,"[""Triton"", ""Mytikas"", ""Trius"", ""Alcatras"", ""Braga""]","[0.7159660458564758, 0.659624457359314, 0.6519296169281006, 0.6307773590087891, 0.5819084644317627]"
0,centroid,1,15,Alaris,Alcatras,"[""Alcatras"", ""Alaris"", ""Trius"", ""Braga"", ""Hawk""]","[0.8522100448608398, 0.8377482891082764, 0.42590975761413574, 0.3949703872203827, 0.35821855068206787]"
0,centroid,1,16,Alaris,Alaris,"[""Alaris"", ""Alcatras"", ""Trius"", ""Vega"", ""Hawk""]","[0.9288846254348755, 0.6873111128807068, 0.4969578981399536, 0.4256417155265808, 0.40978896617889404]"
0,centroid,1,17,Alaris,Alaris,"[""Alaris"", ""Trius"", ""Triton"", ""Braga"", ""Alcatras""]","[0.7985560894012451, 0.648910641670227, 0.49918192625045776, 0.4959150552749634, 0.4554883539676666]"
0,centroid,1,18,Alaris,Alaris,"[""Alaris"", ""Alcatras"", ""Turbine"", ""Trius"", ""Vega""]","[0.9156234264373779, 0.6764277219772339, 0.3806930482387543, 0.3755000829696655, 0.3356249928474426]"
0,centroid,1,19,Alaris,Alaris,"[""Alaris"", ""Alcatras"", ""Braga"", ""Trius"", ""Castor""]","[0.7594906091690063, 0.7107584476470947, 0.5932760238647461, 0.5649176836013794, 0.41820377111434937]"
0,centroid,1,20,Alaris,Trius,"[""Trius"", ""Alcatras"", ""Braga"", ""Alaris"", ""Triton""]","[0.6907384395599365, 0.6871846914291382, 0.6751192808151245, 0.6580815315246582, 0.3244149684906006]"
0,centroid,1,21,Alaris,Alaris,"[""Alaris"", ""Vega"", ""Alcatras"", ""Trius"", ""Triton""]","[0.7717157602310181, 0.5758410692214966, 0.4736860990524292, 0.43452703952789307, 0.21502713859081268]"
0,centroid,1,22,Alaris,Alaris,"[""Alaris"", ""Trius"", ""Alcatras"", ""Braga"", ""Triton""]","[0.7595771551132202, 0.710810661315918, 0.5549545288085938, 0.49854913353919983, 0.45994579792022705]"
0,centroid,1,23,Alaris,Mytikas,"[""Mytikas"", ""Trius"", ""Alaris"", ""Turbine"", ""Vega""]","[0.575368344783783, 0.5712292790412903, 0.5700491666793823, 0.5065892934799194, 0.4619480073451996]"
0,centroid,1,24,Alaris,Alaris,"[""Alaris"", ""Alcatras"", ""Trius"", ""Gemini"", ""Vega""]","[0.83035808801651, 0.6132965087890625, 0.4217553734779358, 0.19555780291557312, 0.18822993338108063]"
0,centroid,1,25,Alaris,Alaris,"[""Alaris"", ""Alcatras"", ""Trius"", ""Turbine"", ""Vega""]","[0.9078798294067383, 0.6601300835609436, 0.42806264758110046, 0.4277472496032715, 0.40726715326309204]"
0,centroid,1,26,Alaris,Alaris,"[""Alaris"", ""Trius"", ""Alcatras"", ""Turbine"", ""Vega""]","[0.9023542404174805, 0.5345767140388489, 0.487735390663147, 0.3969109058380127, 0.3642576038837433]"
0,centroid,1,27,Alaris,Alaris,"[""Alaris"", ""Alcatras"", ""Vega"", ""Turbine"", ""Hawk""]","[0.7504509687423706, 0.5680943727493286, 0.5308834314346313, 0.28958573937416077, 0.2800578474998474]"
0,centroid,1,28,Alcatras,Alcatras,"[""Alcatras"", ""Alaris"", ""Braga"", ""Castor"", ""Trius""]","[0.8589044213294983, 0.5807528495788574, 0.5305432677268982, 0.4898252487182617, 0.34569674730300903]"
0,centroid,1,29,Alcatras,Alcatras,"[""Alcatras"", ""Trius"", ""Alaris"", ""Castor"", ""Triton""]","[0.7956622838973999, 0.7423229217529297, 0.5690375566482544, 0.49253296852111816, 0.4861795902252197]"
0,centroid,1,30,Alcatras,Alcatras,"[""Alcatras"", ""Alaris"", ""Castor"", ""Trius"", ""Vega""]","[0.8776612877845764, 0.7277429103851318, 0.40145283937454224, 0.34034714102745056, 0.30188891291618347]"
0,centroid,1,31,Alcatras,Alcatras,"[""Alcatras"", ""Alaris"", ""Turbine"", ""Castor"", ""Vega""]","[0.714666485786438, 0.6711071133613586, 0.5579502582550049, 0.48345813155174255, 0.3329710364341736]"
0,centroid,1,32,Alcatras,Alcatras,"[""Alcatras"", ""Alaris"", ""Castor"", ""Braga"", ""Hawk""]","[0.8830534219741821, 0.7318323850631714, 0.4176751971244812, 0.3745492100715637, 0.349648654460907]"
0,centroid,1,33,Alcatras,Castor,"[""Castor"", ""Alcatras"", ""Trius"", ""Alaris"", ""Turbine""]","[0.7735722064971924, 0.736122727394104, 0.520470142364502, 0.5109356641769409, 0.5065852403640747]"
0,centroid,1,34,Alcatras,Alcatras,"[""Alcatras"", ""Alaris"", ""Castor"", ""Trius"", ""Braga""]","[0.9313147068023682, 0.7633967399597168, 0.5523729920387268, 0.5030514001846313, 0.4114704132080078]"
0,centroid,1,35,Alcatras,Alcatras,"[""Alcatras"", ""Alaris"", ""Braga"", ""Hawk"", ""Trius""]","[0.7817825078964233, 0.5481365919113159, 0.46707314252853394, 0.3705989718437195, 0.36456847190856934]"
0,centroid,1,36,Alcatras,Alaris,"[""Alaris"", ""Alcatras"", ""Turbine"", ""Vega"", ""Hawk""]","[0.7337580919265747, 0.6664237976074219, 0.6021161079406738, 0.5026953220367432, 0.4150717258453369]"
0,centroid,1,37,Alcatras,Alcatras,"[""Alcatras"", ""Castor"", ""Braga"", ""Alaris"", ""Trius""]","[0.7998040914535522, 0.6655488014221191, 0.6208124160766602, 0.5214502811431885, 0.5129952430725098]"
0,centroid,1,38,Alcatras,Alcatras,"[""Alcatras"", ""Alaris"", ""Castor"", ""Hawk"", ""Vega""]","[0.8466918468475342, 0.6227926015853882, 0.4358677864074707, 0.3715961277484894, 0.26771923899650574]"
0,centroid,1,39,Alcatras,Alcatras,"[""Alcatras"", ""Alaris"", ""Turbine"", ""Castor"", ""Braga""]","[0.8231517672538757, 0.7866366505622864, 0.4596242308616638, 0.44974279403686523, 0.4055047035217285]"
0,centroid,1,40,Alcatras,Alcatras,"[""Alcatras"", ""Castor"", ""Mytikas"", ""Triton"", ""Alaris""]","[0.7626570463180542, 0.6068446636199951, 0.5453981161117554, 0.48548364639282227, 0.4639836251735687]"
0,centroid,1,41,Alcatras,Alcatras,"[""Alcatras"", ""Alaris"", ""Braga"", ""Trius"", ""Triton""]","[0.8963947296142578, 0.6488752365112305, 0.5978283882141113, 0.5728576183319092, 0.5578476190567017]"
0,centroid,1,42,Alcatras,Castor,"[""Castor"", ""Alcatras"", ""Mytikas"", ""Triton"", ""Turbine""]","[0.73850417137146, 0.6292109489440918, 0.5953578352928162, 0.4685906171798706, 0.45537787675857544]"
0,centroid,1,43,Alcatras,Castor,"[""Castor"", ""Triton"", ""Trius"", ""Turbine"", ""Mytikas""]","[0.6272737979888916, 0.5873886942863464, 0.568668007850647, 0.5336558818817139, 0.512436032295227]"
0,centroid,1,44,Alcatras,Alcatras,"[""Alcatras"", ""Alaris"", ""Castor"", ""Trius"", ""Mytikas""]","[0.736709713935852, 0.6869373917579651, 0.6867395639419556, 0.587945818901062, 0.5170823931694031]"
0,centroid,1,45,Alcatras,Braga,"[""Braga"", ""Castor"", ""Alcatras"", ""Mytikas"", ""Triton""]","[0.7260963916778564, 0.6950224041938782, 0.6672366857528687, 0.6189039945602417, 0.6144492626190186]"
0,centroid,1,46,Alcatras,Alcatras,"[""Alcatras"", ""Alaris"", ""Castor"", ""Mytikas"", ""Turbine""]","[0.6558797955513, 0.6032016277313232, 0.46561458706855774, 0.4349066913127899, 0.3943136930465698]"
0,centroid,1,47,Alcatras,Alcatras,"[""Alcatras"", ""Alaris"", ""Braga"", ""Castor"", ""Hawk""]","[0.8764103651046753, 0.7039767503738403, 0.5914214253425598, 0.46671062707901, 0.4058406949043274]"
0,centroid,1,48,Alcatras,Alcatras,"[""Alcatras"", ""Alaris"", ""Trius"", ""Braga"", ""Castor""]","[0.9195916652679443, 0.6618555188179016, 0.5858677625656128, 0.566657543182373, 0.5578244924545288]"
0,centroid,1,49,Alcatras,Alcatras,"[""Alcatras"", ""Alaris"", ""Castor"", ""Hawk"", ""Braga""]","[0.8919731378555298, 0.6589967012405396, 0.4516698718070984, 0.33343788981437683, 0.29445165395736694]"
0,centroid,1,50,Alcatras,Alcatras,"[""Alcatras"", ""Braga"", ""Mytikas"", ""Castor"", ""Trius""]","[0.8098100423812866, 0.7019572257995605, 0.6682635545730591, 0.6615467071533203, 0.6614176630973816]"
0,centroid,1,51,Alcatras,Alaris,"[""Alaris"", ""Alcatras"", ""Hawk"", ""Mytikas"", ""Turbine""]","[0.6293895840644836, 0.5591775178909302, 0.4740411639213562, 0.265648752450943, 0.18920119106769562]"
0,centroid,1,52,Alcatras,Alcatras,"[""Alcatras"", ""Braga"", ""Castor"", ""Mytikas"", ""Alaris""]","[0.7102069854736328, 0.5597073435783386, 0.5407918095588684, 0.5186948776245117, 0.498709499835968]"
0,centroid,1,53,Alcatras,Alcatras,"[""Alcatras"", ""Alaris"", ""Braga"", ""Hawk"", ""Mytikas""]","[0.7696845531463623, 0.5957114100456238, 0.4880678653717041, 0.44557568430900574, 0.43517398834228516]"
0,centroid,1,54,Braga,Braga,"[""Braga"", ""Turbine"", ""Alcatras"", ""Trius"", ""Hawk""]","[0.9058029651641846, 0.40319013595581055, 0.3748113512992859, 0.30650579929351807, 0.28059208393096924]"
0,centroid,1,55,Braga,Braga,"[""Braga"", ""Mytikas"", ""Castor"", ""Hawk"", ""Triton""]","[0.5873298645019531, 0.5372195243835449, 0.4329819083213806, 0.3181076645851135, 0.27741214632987976]"
0,centroid,1,56,Braga,Braga,"[""Braga"", ""Hawk"", ""Alcatras"", ""Alaris"", ""Turbine""]","[0.8576862812042236, 0.5791912078857422, 0.5014059543609619, 0.4568018317222595, 0.41424161195755005]"
0,centroid,1,57,Braga,Braga,"[""Braga"", ""Trius"", ""Triton"", ""Alaris"", ""Alcatras""]","[0.9171196222305298, 0.4808337986469269, 0.41898876428604126, 0.38326752185821533, 0.3806876540184021]"
0,centroid,1,58,Braga,Braga,"[""Braga"", ""Vega"", ""Hawk"", ""Turbine"", ""Gemini""]","[0.7754148244857788, 0.5680481195449829, 0.5372387766838074, 0.4826151728630066, 0.44216156005859375]"
0,centroid,1,59,Braga,Braga,"[""Braga"", ""Vega"", ""Trius"", ""Triton"", ""Alcatras""]","[0.7768808603286743, 0.6023042798042297, 0.5608518123626709, 0.5556944608688354, 0.5227799415588379]"
0,centroid,1,60,Braga,Braga,"[""Braga"", ""Gemini"", ""Xtreme"", ""Vega"", ""Turbine""]","[0.7419193387031555, 0.3914662003517151, 0.37446296215057373, 0.229097381234169, 0.20330369472503662]"
0,centroid,1,61,Braga,Mytikas,"[""Mytikas"", ""Triton"", ""Turbine"", ""Braga"", ""Castor""]","[0.7146966457366943, 0.7098796367645264, 0.6151736378669739, 0.5719040036201477, 0.5701097249984741]"
0,centroid,1,62,Braga,Braga,"[""Braga"", ""Alcatras"", ""Castor"", ""Turbine"", ""Trius""]","[0.7251062393188477, 0.598749041557312, 0.5247354507446289, 0.4320124387741089, 0.3180273175239563]"
0,centroid,1,63,Braga,Braga,"[""Braga"", ""Turbine"", ""Triton"", ""Trius"", ""Castor""]","[0.8813538551330566, 0.45835745334625244, 0.4201548099517822, 0.35987985134124756, 0.3358760476112366]"
0,centroid,1,64,Braga,Braga,"[""Braga"", ""Triton"", ""Alcatras"", ""Trius"", ""Mytikas""]","[0.9282301664352417, 0.5465570092201233, 0.5217356085777283, 0.5102143883705139, 0.483683705329895]"
0,centroid,1,65,Braga,Braga,"[""Braga"", ""Trius"", ""Triton"", ""Mytikas"", ""Alcatras""]","[0.9232444763183594, 0.5701302886009216, 0.5582661032676697, 0.4992428719997406, 0.4364577829837799]"
0,centroid,1,66,Braga,Braga,"[""Braga"", ""Trius"", ""Triton"", ""Alcatras"", ""Mytikas""]","[0.8611653447151184, 0.6382883787155151, 0.6215914487838745, 0.40878140926361084, 0.38499611616134644]"
0,centroid,1,67,Braga,Braga,"[""Braga"", ""Alcatras"", ""Alaris"", ""Trius"", ""Castor""]","[0.7558886408805847, 0.6931127905845642, 0.5402563810348511, 0.49283626675605774, 0.4408441185951233]"
0,centroid,1,68,Braga,Braga,"[""Braga"", ""Triton"", ""Trius"", ""Mytikas"", ""Alcatras""]","[0.86451256275177, 0.6715211272239685, 0.6573474407196045, 0.44439932703971863, 0.3838195204734802]"
0,centroid,1,69,Braga,Braga,"[""Braga"", ""Triton"", ""Castor"", ""Mytikas"", ""Trius""]","[0.7648477554321289, 0.578406810760498, 0.5673750638961792, 0.4018568694591522, 0.3806077241897583]"
0,centroid,1,70,Braga,Braga,"[""Braga"", ""Trius"", ""Triton"", ""Mytikas"", ""Alcatras""]","[0.8659474849700928, 0.6909947395324707, 0.5099413394927979, 0.435014009475708, 0.40335574746131897]"
0,centroid,1,71,Braga,Braga,"[""Braga"", ""Castor"", ""Alcatras"", ""Turbine"", ""Mytikas""]","[0.8066349625587463, 0.5310578346252441, 0.4840134382247925, 0.4796912372112274, 0.46614620089530945]"
0,centroid,1,72,Braga,Braga,"[""Braga"", ""Turbine"", ""Gemini"", ""Triton"", ""Trius""]","[0.6446467638015747, 0.5372059345245361, 0.3844528794288635, 0.36404407024383545, 0.3538445830345154]"
0,centroid,1,73,Braga,Braga,"[""Braga"", ""Castor"", ""Turbine"", ""Alcatras"", ""Hawk""]","[0.6880345940589905, 0.6672019958496094, 0.5075535178184509, 0.41390329599380493, 0.3873450756072998]"
0,centroid,1,74,Braga,Braga,"[""Braga"", ""Trius"", ""Triton"", ""Vega"", ""Gemini""]","[0.8497337698936462, 0.42300301790237427, 0.4097275733947754, 0.4061551094055176, 0.36644792556762695]"
0,centroid,1,75,Braga,Trius,"[""Trius"", ""Braga"", ""Triton"", ""Mytikas"", ""Gemini""]","[0.7536993026733398, 0.6926087141036987, 0.6851457357406616, 0.5739859938621521, 0.524253249168396]"
0,centroid,1,76,Braga,Triton,"[""Triton"", ""Mytikas"", ""Trius"", ""Castor"", ""Alcatras""]","[0.8448712825775146, 0.7478852272033691, 0.7187017798423767, 0.5829418897628784, 0.5311994552612305]"
0,centroid,1,77,Braga,Triton,"[""Triton"", ""Mytikas"", ""Ilias"", ""Trius"", ""Velorum""]","[0.7467190027236938, 0.6760784387588501, 0.4497622847557068, 0.44791361689567566, 0.3735661506652832]"
0,centroid,1,78,Braga,Braga,"[""Braga"", ""Triton"", ""Trius"", ""Alcatras"", ""Castor""]","[0.925951361656189, 0.5072526335716248, 0.4864042103290558, 0.402898907661438, 0.3876110911369324]"
0,centroid,1,79,Braga,Braga,"[""Braga"", ""Hawk"", ""Turbine"", ""Alcatras"", ""Gemini""]","[0.7655231952667236, 0.6875016093254089, 0.4464910626411438, 0.35287246108055115, 0.3408930003643036]"
0,centroid,1,80,Braga,Braga,"[""Braga"", ""Triton"", ""Trius"", ""Mytikas"", ""Castor""]","[0.8605846166610718, 0.6430796384811401, 0.5834842324256897, 0.5345866680145264, 0.5077341198921204]"
0,centroid,1,81,Braga,Braga,"[""Braga"", ""Triton"", ""Trius"", ""Mytikas"", ""Alcatras""]","[0.811617374420166, 0.6524749398231506, 0.5664459466934204, 0.5564270615577698, 0.40752220153808594]"
0,centroid,1,82,Braga,Braga,"[""Braga"", ""Alcatras"", ""Castor"", ""Hawk"", ""Trius""]","[0.9207116365432739, 0.5871164798736572, 0.4132903218269348, 0.2948508560657501, 0.2919355034828186]"
0,centroid,1,83,Braga,Vega,"[""Vega"", ""Triton"", ""Trius"", ""Braga"", ""Gemini""]","[0.5177921652793884, 0.36535823345184326, 0.33228033781051636, 0.3282472491264343, 0.3012080192565918]"
0,centroid,1,84,Braga,Braga,"[""Braga"", ""Turbine"", ""Alaris"", ""Vega"", ""Alcatras""]","[0.7478194236755371, 0.661065936088562, 0.6089329719543457, 0.5411789417266846, 0.5389807820320129]"
0,centroid,1,85,Braga,Braga,"[""Braga"", ""Hawk"", ""Triton"", ""Trius"", ""Gemini""]","[0.8322484493255615, 0.4667980670928955, 0.4142572581768036, 0.40887337923049927, 0.26544469594955444]"
0,centroid,1,86,Braga,Braga,"[""Braga"", ""Turbine"", ""Alcatras"", ""Alaris"", ""Castor""]","[0.8820348978042603, 0.46605297923088074, 0.4618169665336609, 0.43816831707954407, 0.4183877110481262]"
0,centroid,1,87,Braga,Braga,"[""Braga"", ""Hawk"", ""Turbine"", ""Vega"", ""Gemini""]","[0.7348875403404236, 0.5602037906646729, 0.4904969334602356, 0.4702185094356537, 0.3087078928947449]"
0,centroid,1,88,Braga,Braga,"[""Braga"", ""Triton"", ""Turbine"", ""Trius"", ""Castor""]","[0.8210157752037048, 0.5900549292564392, 0.5726892352104187, 0.526578426361084, 0.46718963980674744]"
0,centroid,1,89,Braga,Braga,"[""Braga"", ""Trius"", ""Triton"", ""Turbine"", ""Alcatras""]","[0.9445831775665283, 0.5369539260864258, 0.47753939032554626, 0.44191282987594604, 0.43742603063583374]"
0,centroid,1,90,Braga,Braga,"[""Braga"", ""Trius"", ""Triton"", ""Gemini"", ""Alaris""]","[0.8736860752105713, 0.5411872267723083, 0.4365869164466858, 0.37463030219078064, 0.3431578278541565]"
0,centroid,1,91,Braga,Braga,"[""Braga"", ""Turbine"", ""Hawk"", ""Triton"", ""Mytikas""]","[0.8153629302978516, 0.5257176160812378, 0.5139575600624084, 0.4738442599773407, 0.3742639422416687]"
0,centroid,1,92,Castor,Castor,"[""Castor"", ""Mytikas"", ""Triton"", ""Trius"", ""Alcatras""]","[0.8627381920814514, 0.699472188949585, 0.5910053849220276, 0.3564360737800598, 0.3467656373977661]"
0,centroid,1,93,Castor,Castor,"[""Castor"", ""Triton"", ""Alcatras"", ""Braga"", ""Mytikas""]","[0.8754185438156128, 0.6543103456497192, 0.46281108260154724, 0.4474170506000519, 0.4089609384536743]"
0,centroid,1,94,Castor,Castor,"[""Castor"", ""Alcatras"", ""Mytikas"", ""Braga"", ""Triton""]","[0.8916366100311279, 0.6119163036346436, 0.5742236375808716, 0.5567963719367981, 0.5539500117301941]"
0,centroid,1,95,Castor,Castor,"[""Castor"", ""Turbine"", ""Triton"", ""Mytikas"", ""Alcatras""]","[0.8709366321563721, 0.45203134417533875, 0.2299928367137909, 0.16279619932174683, 0.15324151515960693]"
0,centroid,1,96,Castor,Castor,"[""Castor"", ""Alcatras"", ""Turbine"", ""Alaris"", ""Mytikas""]","[0.8005216717720032, 0.639296293258667, 0.5716660022735596, 0.4275895357131958, 0.25917619466781616]"
0,centroid,1,97,Castor,Castor,"[""Castor"", ""Turbine"", ""Alcatras"", ""Triton"", ""Mytikas""]","[0.9095786809921265, 0.4367922842502594, 0.43221545219421387, 0.41705989837646484, 0.3641923666000366]"
0,centroid,1,98,Castor,Castor,"[""Castor"", ""Triton"", ""Alcatras"", ""Turbine"", ""Trius""]","[0.8769073486328125, 0.4780272841453552, 0.3815757632255554, 0.32999876141548157, 0.31315159797668457]"
0,centroid,1,99,Castor,Castor,"[""Castor"", ""Braga"", ""Alcatras"", ""Triton"", ""Mytikas""]","[0.9057319760322571, 0.5906572341918945, 0.5521790981292725, 0.48229432106018066, 0.4646926820278168]"
0,centroid,1,100,Castor,Castor,"[""Castor"", ""Alcatras"", ""Braga"", ""Alaris"", ""Turbine""]","[0.6717573404312134, 0.6020355820655823, 0.5378069281578064, 0.4971097409725189, 0.477368026971817]"
0,centroid,1,101,Castor,Alcatras,"[""Alcatras"", ""Castor"", ""Braga"", ""Alaris"", ""Mytikas""]","[0.8678194284439087, 0.6594598293304443, 0.4849887490272522, 0.4489526152610779, 0.40532124042510986]"
0,centroid,1,102,Castor,Castor,"[""Castor"", ""Triton"", ""Mytikas"", ""Trius"", ""Turbine""]","[0.8457236289978027, 0.564551830291748, 0.546405553817749, 0.3236231803894043, 0.1863657534122467]"
0,centroid,1,103,Castor,Castor,"[""Castor"", ""Triton"", ""Turbine"", ""Trius"", ""Mytikas""]","[0.8362991213798523, 0.3773344159126282, 0.3707217276096344, 0.2667950391769409, 0.2517785429954529]"
0,centroid,1,104,Castor,Castor,"[""Castor"", ""Alcatras"", ""Braga"", ""Trius"", ""Alaris""]","[0.803362250328064, 0.7384672164916992, 0.5736759901046753, 0.48389559984207153, 0.4014040529727936]"
0,centroid,1,105,Castor,Castor,"[""Castor"", ""Alcatras"", ""Triton"", ""Braga"", ""Mytikas""]","[0.8119996786117554, 0.5651782155036926, 0.36161157488822937, 0.3441634476184845, 0.3309754431247711]"
0,centroid,1,106,Castor,Alcatras,"[""Alcatras"", ""Castor"", ""Braga"", ""Alaris"", ""Trius""]","[0.8797848224639893, 0.7910606861114502, 0.5525878071784973, 0.5420405864715576, 0.40678277611732483]"
0,centroid,1,107,Castor,Castor,"[""Castor"", ""Mytikas"", ""Alcatras"", ""Triton"", ""Braga""]","[0.8691449165344238, 0.5805450677871704, 0.5709406137466431, 0.537634015083313, 0.5232661962509155]"
0,centroid,1,108,Castor,Castor,"[""Castor"", ""Triton"", ""Braga"", ""Trius"", ""Mytikas""]","[0.8132320642471313, 0.6613247394561768, 0.5490201711654663, 0.40591537952423096, 0.39622408151626587]"
0,centroid,1,109,Castor,Castor,"[""Castor"", ""Turbine"", ""Alcatras"", ""Mytikas"", ""Braga""]","[0.8511592149734497, 0.3534609377384186, 0.3425200581550598, 0.2277783900499344, 0.21748363971710205]"
0,centroid,1,110,Castor,Castor,"[""Castor"", ""Alcatras"", ""Velorum"", ""Triton"", ""Mytikas""]","[0.85779869556427, 0.5326830148696899, 0.4654821753501892, 0.4024858772754669, 0.3981706500053406]"
0,centroid,1,111,Castor,Castor,"[""Castor"", ""Alcatras"", ""Triton"", ""Mytikas"", ""Turbine""]","[0.8348360061645508, 0.5953480005264282, 0.5378931164741516, 0.46424272656440735, 0.365257203578949]"
0,centroid,1,112,Castor,Castor,"[""Castor"", ""Alcatras"", ""Mytikas"", ""Trius"", ""Triton""]","[0.8835510611534119, 0.5539374947547913, 0.4665391147136688, 0.46563535928726196, 0.4469403028488159]"
0,centroid,1,113,Castor,Castor,"[""Castor"", ""Mytikas"", ""Alcatras"", ""Triton"", ""Braga""]","[0.8647652268409729, 0.5866590738296509, 0.5239614248275757, 0.40288639068603516, 0.33945679664611816]"
0,centroid,1,114,Castor,Castor,"[""Castor"", ""Alcatras"", ""Braga"", ""Turbine"", ""Triton""]","[0.9007425308227539, 0.43983060121536255, 0.3644496202468872, 0.2830580174922943, 0.25664156675338745]"
0,centroid,1,115,Castor,Castor,"[""Castor"", ""Alcatras"", ""Alaris"", ""Braga"", ""Triton""]","[0.8492891192436218, 0.5776094198226929, 0.38604944944381714, 0.37728357315063477, 0.24637719988822937]"
0,centroid,1,116,Castor,Castor,"[""Castor"", ""Mytikas"", ""Triton"", ""Alcatras"", ""Trius""]","[0.8408737778663635, 0.5244325995445251, 0.5172616243362427, 0.3302391469478607, 0.3165309429168701]"
0,centroid,1,117,Castor,Castor,"[""Castor"", ""Turbine"", ""Alcatras"", ""Braga"", ""Triton""]","[0.8902577757835388, 0.6669370532035828, 0.4502025544643402, 0.43302515149116516, 0.27532708644866943]"
0,centroid,1,118,Castor,Castor,"[""Castor"", ""Triton"", ""Mytikas"", ""Alcatras"", ""Velorum""]","[0.8675033450126648, 0.5534437894821167, 0.4319615364074707, 0.365458220243454, 0.30645105242729187]"
0,centroid,1,119,Castor,Castor,"[""Castor"", ""Alcatras"", ""Triton"", ""Turbine"", ""Mytikas""]","[0.9303733110427856, 0.5037184357643127, 0.41666147112846375, 0.33354663848876953, 0.2980162501335144]"
0,centroid,1,120,Castor,Castor,"[""Castor"", ""Alcatras"", ""Turbine"", ""Mytikas"", ""Triton""]","[0.8492558002471924, 0.5897026062011719, 0.5138431787490845, 0.3399520516395569, 0.33628779649734497]"
0,centroid,1,121,Castor,Castor,"[""Castor"", ""Triton"", ""Mytikas"", ""Alcatras"", ""Turbine""]","[0.9779055118560791, 0.510535717010498, 0.4714115858078003, 0.4639073610305786, 0.3926546573638916]"
0,centroid,1,122,Castor,Castor,"[""Castor"", ""Turbine"", ""Alcatras"", ""Braga"", ""Triton""]","[0.914223313331604, 0.5721979141235352, 0.5119232535362244, 0.3381768763065338, 0.2415856122970581]"
0,centroid,1,123,Castor,Castor,"[""Castor"", ""Alcatras"", ""Turbine"", ""Triton"", ""Mytikas""]","[0.8968464136123657, 0.6345942616462708, 0.4883737564086914, 0.3754541873931885, 0.35567864775657654]"
0,centroid,1,124,Denom,Denom,"[""Denom"", ""Ilias"", ""Velorum"", ""Nivalis"", ""Ratikon""]","[0.7418099641799927, 0.6900038123130798, 0.5844112634658813, 0.5447548627853394, 0.49015548825263977]"
0,centroid,1,125,Denom,Denom,"[""Denom"", ""Ratikon"", ""Ilias"", ""Nivalis"", ""Velorum""]","[0.954789936542511, 0.7048773765563965, 0.6786524057388306, 0.6203575730323792, 0.3090630769729614]"
0,centroid,1,126,Denom,Denom,"[""Denom"", ""Ratikon"", ""Nivalis"", ""Ilias"", ""Velorum""]","[0.9647650122642517, 0.675492525100708, 0.6319007873535156, 0.6099298000335693, 0.41168487071990967]"
0,centroid,1,127,Denom,Denom,"[""Denom"", ""Nivalis"", ""Ratikon"", ""Ilias"", ""Velorum""]","[0.8511497378349304, 0.8031152486801147, 0.6543642282485962, 0.645796537399292, 0.4251830577850342]"
0,centroid,1,128,Denom,Denom,"[""Denom"", ""Ilias"", ""Ratikon"", ""Nivalis"", ""Velorum""]","[0.925493061542511, 0.7394036054611206, 0.7218949794769287, 0.6241843104362488, 0.25389814376831055]"
0,centroid,1,129,Denom,Denom,"[""Denom"", ""Ratikon"", ""Nivalis"", ""Ilias"", ""Velorum""]","[0.9101940989494324, 0.4740886986255646, 0.45738449692726135, 0.3794833719730377, 0.2648925483226776]"
0,centroid,1,130,Denom,Ratikon,"[""Ratikon"", ""Denom"", ""Steel_Wheel"", ""Nivalis"", ""Ilias""]","[0.5562248229980469, 0.4600149393081665, 0.4316577613353729, 0.3258262872695923, 0.30579233169555664]"
0,centroid,1,131,Denom,Denom,"[""Denom"", ""Nivalis"", ""Ratikon"", ""Ilias"", ""Velorum""]","[0.8817355036735535, 0.7449946403503418, 0.7136008739471436, 0.5496389865875244, 0.3914995789527893]"
0,centroid,1,132,Denom,Denom,"[""Denom"", ""Ratikon"", ""Nivalis"", ""Ilias"", ""Velorum""]","[0.8750033974647522, 0.6763705015182495, 0.4234744608402252, 0.42185553908348083, 0.1332974135875702]"
0,centroid,1,133,Denom,Denom,"[""Denom"", ""Ilias"", ""Ratikon"", ""Nivalis"", ""Velorum""]","[0.8967423439025879, 0.6871908903121948, 0.6807395219802856, 0.6119198799133301, 0.37358877062797546]"
0,centroid,1,134,Denom,Denom,"[""Denom"", ""Velorum"", ""Ilias"", ""Nivalis"", ""Ratikon""]","[0.7477449178695679, 0.5488717555999756, 0.5062651634216309, 0.2982112765312195, 0.29224807024002075]"
0,centroid,1,135,Denom,Denom,"[""Denom"", ""Ratikon"", ""Nivalis"", ""Ilias"", ""Velorum""]","[0.8896440267562866, 0.6456159353256226, 0.5263766050338745, 0.4869668185710907, 0.13159964978694916]"
0,centroid,1,136,Denom,Ratikon,"[""Ratikon"", ""Denom"", ""Nivalis"", ""Ilias"", ""Gemini""]","[0.7349767684936523, 0.7304364442825317, 0.5572806596755981, 0.458935409784317, 0.1285409778356552]"
0,centroid,1,137,Denom,Denom,"[""Denom"", ""Ratikon"", ""Ilias"", ""Velorum"", ""Nivalis""]","[0.8380076885223389, 0.7349448204040527, 0.6951121091842651, 0.5377222299575806, 0.5080545544624329]"
0,centroid,1,138,Denom,Denom,"[""Denom"", ""Ratikon"", ""Ilias"", ""Nivalis"", ""Velorum""]","[0.9006096124649048, 0.7220781445503235, 0.6525204181671143, 0.6392427086830139, 0.47192704677581787]"
0,centroid,1,139,Denom,Denom,"[""Denom"", ""Ratikon"", ""Ilias"", ""Nivalis"", ""Velorum""]","[0.8473030924797058, 0.5903750658035278, 0.531792402267456, 0.4729909300804138, 0.3426972031593323]"
0,centroid,1,140,Denom,Denom,"[""Denom"", ""Ratikon"", ""Nivalis"", ""Ilias"", ""Velorum""]","[0.9252427220344543, 0.766217052936554, 0.6815263628959656, 0.6479674577713013, 0.1597307026386261]"
0,centroid,1,141,Denom,Denom,"[""Denom"", ""Ilias"", ""Ratikon"", ""Nivalis"", ""Velorum""]","[0.9414569735527039, 0.6336342096328735, 0.5502752065658569, 0.43142634630203247, 0.36647284030914307]"
0,centroid,1,142,Denom,Denom,"[""Denom"", ""Ratikon"", ""Nivalis"", ""Ilias"", ""Velorum""]","[0.9516552686691284, 0.6319363713264465, 0.581195056438446, 0.4649193584918976, 0.20037953555583954]"
0,centroid,1,143,Denom,Denom,"[""Denom"", ""Ratikon"", ""Nivalis"", ""Ilias"", ""Velorum""]","[0.8809249401092529, 0.5725923776626587, 0.5049050450325012, 0.409084677696228, 0.1930980682373047]"
0,centroid,1,144,Denom,Denom,"[""Denom"", ""Ratikon"", ""Ilias"", ""Nivalis"", ""Gemini""]","[0.9410147666931152, 0.655245840549469, 0.5530529022216797, 0.4368879199028015, 0.14180850982666016]"
0,centroid,1,145,Denom,Denom,"[""Denom"", ""Ratikon"", ""Ilias"", ""Nivalis"", ""Velorum""]","[0.8706893920898438, 0.660705029964447, 0.5471117496490479, 0.4837801456451416, 0.12452273070812225]"
0,centroid,1,146,Denom,Denom,"[""Denom"", ""Ilias"", ""Nivalis"", ""Ratikon"", ""Velorum""]","[0.9394633173942566, 0.5987842082977295, 0.5603816509246826, 0.5560380816459656, 0.4619581401348114]"
0,centroid,1,147,Denom,Ratikon,"[""Ratikon"", ""Ilias"", ""Nivalis"", ""Denom"", ""Velorum""]","[0.7005875110626221, 0.7000585794448853, 0.6873497366905212, 0.6678394079208374, 0.6515942215919495]"
0,centroid,1,148,Denom,Denom,"[""Denom"", ""Ratikon"", ""Nivalis"", ""Ilias"", ""Vega""]","[0.7944948673248291, 0.7576524019241333, 0.5202374458312988, 0.4090289771556854, 0.008080828934907913]"
0,centroid,1,149,Denom,Denom,"[""Denom"", ""Nivalis"", ""Ratikon"", ""Ilias"", ""Velorum""]","[0.8594498038291931, 0.7712656259536743, 0.6002105474472046, 0.46969956159591675, 0.3237927258014679]"
0,centroid,1,150,Denom,Denom,"[""Denom"", ""Ilias"", ""Ratikon"", ""Nivalis"", ""Velorum""]","[0.9209696650505066, 0.6587675213813782, 0.6565708518028259, 0.6010467410087585, 0.25937309861183167]"
0,centroid,1,151,Denom,Denom,"[""Denom"", ""Nivalis"", ""Ilias"", ""Ratikon"", ""Velorum""]","[0.7978527545928955, 0.4445245563983917, 0.4285202920436859, 0.4250030219554901, 0.35450026392936707]"
0,centroid,1,152,Denom,Denom,"[""Denom"", ""Ilias"", ""Ratikon"", ""Nivalis"", ""Velorum""]","[0.8425803184509277, 0.7873951196670532, 0.7364827394485474, 0.7057830691337585, 0.6087675094604492]"
0,centroid,1,153,Denom,Denom,"[""Denom"", ""Ilias"", ""Nivalis"", ""Ratikon"", ""Velorum""]","[0.8354319334030151, 0.6323891878128052, 0.5919904112815857, 0.4934501647949219, 0.40137726068496704]"
0,centroid,1,154,Denom,Denom,"[""Denom"", ""Ilias"", ""Ratikon"", ""Nivalis"", ""Velorum""]","[0.9427764415740967, 0.6769706606864929, 0.6138392686843872, 0.6116048097610474, 0.4561724364757538]"
0,centroid,1,155,Denom,Denom,"[""Denom"", ""Ratikon"", ""Ilias"", ""Nivalis"", ""Gemini""]","[0.8406327962875366, 0.6660045981407166, 0.5234687924385071, 0.36323776841163635, 0.16142015159130096]"
0,centroid,1,156,Denom,Denom,"[""Denom"", ""Ratikon"", ""Nivalis"", ""Ilias"", ""Velorum""]","[0.9177823066711426, 0.6585362553596497, 0.5315787196159363, 0.47684186697006226, 0.31560635566711426]"
0,centroid,1,157,Denom,Denom,"[""Denom"", ""Nivalis"", ""Ratikon"", ""Ilias"", ""Velorum""]","[0.8593396544456482, 0.6220329999923706, 0.5805436372756958, 0.5079159736633301, 0.4160045385360718]"
0,centroid,1,158,Denom,Denom,"[""Denom"", ""Nivalis"", ""Velorum"", ""Ratikon"", ""Ilias""]","[0.8651367425918579, 0.6545127630233765, 0.5409961938858032, 0.45829397439956665, 0.42331284284591675]"
0,centroid,1,159,Denom,Denom,"[""Denom"", ""Ratikon"", ""Ilias"", ""Velorum"", ""Nivalis""]","[0.8504040241241455, 0.7149178981781006, 0.6687218546867371, 0.5908288359642029, 0.5886940956115723]"
0,centroid,1,160,Denom,Denom,"[""Denom"", ""Ratikon"", ""Nivalis"", ""Ilias"", ""Velorum""]","[0.963486909866333, 0.6627125144004822, 0.6008877158164978, 0.5948460102081299, 0.2609372138977051]"
0,centroid,1,161,Denom,Denom,"[""Denom"", ""Ratikon"", ""Nivalis"", ""Ilias"", ""Velorum""]","[0.9211968183517456, 0.695847749710083, 0.5841304063796997, 0.40983402729034424, 0.16682395339012146]"
0,centroid,1,162,Gemini,Gemini,"[""Gemini"", ""Xtreme"", ""Trius"", ""Vega"", ""Ilias""]","[0.8061679601669312, 0.4965131878852844, 0.4341726303100586, 0.3671424388885498, 0.3124814033508301]"
0,centroid,1,163,Gemini,Gemini,"[""Gemini"", ""Xtreme"", ""Vega"", ""Hawk"", ""Ilias""]","[0.8265471458435059, 0.5304756760597229, 0.2350698709487915, 0.189167782664299, 0.05508340895175934]"
0,centroid,1,164,Gemini,Mytikas,"[""Mytikas"", ""Gemini"", ""Alaris"", ""Alcatras"", ""Hawk""]","[0.5855912566184998, 0.48947298526763916, 0.48212313652038574, 0.473082572221756, 0.4686416983604431]"
0,centroid,1,165,Gemini,Gemini,"[""Gemini"", ""Xtreme"", ""Braga"", ""Trius"", ""Ilias""]","[0.8872086405754089, 0.6786572933197021, 0.21811646223068237, 0.13640402257442474, 0.09573836624622345]"
0,centroid,1,166,Gemini,Gemini,"[""Gemini"", ""Vega"", ""Xtreme"", ""Braga"", ""Hawk""]","[0.8333492875099182, 0.5248018503189087, 0.39856821298599243, 0.2003389298915863, 0.17884191870689392]"
0,centroid,1,167,Gemini,Alaris,"[""Alaris"", ""Gemini"", ""Alcatras"", ""Braga"", ""Hawk""]","[0.6133582592010498, 0.5267268419265747, 0.49936628341674805, 0.48889702558517456, 0.4239461421966553]"
0,centroid,1,168,Gemini,Gemini,"[""Gemini"", ""Xtreme"", ""Vega"", ""Ilias"", ""Hawk""]","[0.9097844362258911, 0.4266124367713928, 0.3020775020122528, 0.1990860104560852, 0.17491517961025238]"
0,centroid,1,169,Gemini,Gemini,"[""Gemini"", ""Vega"", ""Trius"", ""Braga"", ""Mytikas""]","[0.7251068353652954, 0.5012694597244263, 0.4308016896247864, 0.320311576128006, 0.21002037823200226]"
0,centroid,1,170,Gemini,Gemini,"[""Gemini"", ""Vega"", ""Hawk"", ""Alaris"", ""Xtreme""]","[0.698238730430603, 0.42264431715011597, 0.34530800580978394, 0.27952349185943604, 0.266015887260437]"
0,centroid,1,171,Gemini,Gemini,"[""Gemini"", ""Xtreme"", ""Vega"", ""Trius"", ""Braga""]","[0.748849630355835, 0.5813947319984436, 0.45721063017845154, 0.2635490298271179, 0.22343072295188904]"
0,centroid,1,172,Gemini,Gemini,"[""Gemini"", ""Xtreme"", ""Vega"", ""Trius"", ""Hawk""]","[0.8933670520782471, 0.3871477246284485, 0.2582855820655823, 0.19607815146446228, 0.1915050595998764]"
0,centroid,1,173,Gemini,Gemini,"[""Gemini"", ""Vega"", ""Braga"", ""Trius"", ""Alaris""]","[0.8087151050567627, 0.6645326018333435, 0.3356945216655731, 0.3264647126197815, 0.32265210151672363]"
0,centroid,1,174,Gemini,Gemini,"[""Gemini"", ""Trius"", ""Braga"", ""Vega"", ""Xtreme""]","[0.8570553064346313, 0.5629967451095581, 0.5237594246864319, 0.4615343511104584, 0.3176620900630951]"
0,centroid,1,175,Gemini,Gemini,"[""Gemini"", ""Xtreme"", ""Vega"", ""Hawk"", ""Braga""]","[0.9025670886039734, 0.4875444769859314, 0.2704192101955414, 0.23463572561740875, 0.20154431462287903]"
0,centroid,1,176,Gemini,Gemini,"[""Gemini"", ""Xtreme"", ""Mytikas"", ""Trius"", ""Steel_Wheel""]","[0.6925209164619446, 0.5673109292984009, 0.4574678838253021, 0.42470312118530273, 0.3117717504501343]"
0,centroid,1,177,Gemini,Gemini,"[""Gemini"", ""Xtreme"", ""Hawk"", ""Denom"", ""Braga""]","[0.772940993309021, 0.505647599697113, 0.2387678474187851, 0.22183223068714142, 0.21332545578479767]"
0,centroid,1,178,Gemini,Gemini,"[""Gemini"", ""Trius"", ""Triton"", ""Xtreme"", ""Braga""]","[0.7397874593734741, 0.6531164646148682, 0.4956735074520111, 0.48025840520858765, 0.40815988183021545]"
0,centroid,1,179,Gemini,Gemini,"[""Gemini"", ""Xtreme"", ""Ilias"", ""Denom"", ""Trius""]","[0.7252411842346191, 0.6440753936767578, 0.48009049892425537, 0.2984165549278259, 0.26217907667160034]"
0,centroid,1,180,Gemini,Gemini,"[""Gemini"", ""Xtreme"", ""Trius"", ""Triton"", ""Braga""]","[0.7566952705383301, 0.593633770942688, 0.4988163709640503, 0.3951250910758972, 0.3233482241630554]"
0,centroid,1,181,Gemini,Gemini,"[""Gemini"", ""Xtreme"", ""Braga"", ""Trius"", ""Vega""]","[0.8918741345405579, 0.5058515071868896, 0.3810575008392334, 0.3257635831832886, 0.31487950682640076]"
0,centroid,1,182,Gemini,Gemini,"[""Gemini"", ""Xtreme"", ""Braga"", ""Trius"", ""Triton""]","[0.8691964745521545, 0.5496338605880737, 0.4809474050998688, 0.46182966232299805, 0.3840191960334778]"
0,centroid,1,183,Gemini,Gemini,"[""Gemini"", ""Xtreme"", ""Vega"", ""Trius"", ""Ilias""]","[0.9345834255218506, 0.5757757425308228, 0.21040579676628113, 0.19436505436897278, 0.16501674056053162]"
0,centroid,1,184,Gemini,Gemini,"[""Gemini"", ""Trius"", ""Xtreme"", ""Ilias"", ""Braga""]","[0.9230777025222778, 0.4221169352531433, 0.42062559723854065, 0.26095524430274963, 0.24199587106704712]"
0,centroid,1,185,Gemini,Gemini,"[""Gemini"", ""Xtreme"", ""Vega"", ""Hawk"", ""Ilias""]","[0.9176938533782959, 0.558040201663971, 0.23426084220409393, 0.21639932692050934, 0.17582042515277863]"
0,centroid,1,186,Gemini,Gemini,"[""Gemini"", ""Xtreme"", ""Braga"", ""Trius"", ""Vega""]","[0.7974591255187988, 0.5291614532470703, 0.30214953422546387, 0.277726411819458, 0.25400128960609436]"
0,centroid,1,187,Gemini,Gemini,"[""Gemini"", ""Braga"", ""Vega"", ""Trius"", ""Xtreme""]","[0.7919158935546875, 0.4637921154499054, 0.46008968353271484, 0.3719862699508667, 0.3197157084941864]"
0,centroid,1,188,Gemini,Gemini,"[""Gemini"", ""Xtreme"", ""Ilias"", ""Trius"", ""Hawk""]","[0.8763669729232788, 0.5291023254394531, 0.1762663573026657, 0.1706729680299759, 0.15919792652130127]"
0,centroid,1,189,Gemini,Gemini,"[""Gemini"", ""Xtreme"", ""Mytikas"", ""Trius"", ""Triton""]","[0.7717622518539429, 0.570298433303833, 0.4082762598991394, 0.40066754817962646, 0.32249441742897034]"
0,centroid,1,190,Hawk,Hawk,"[""Hawk"", ""Mytikas"", ""Velorum"", ""Turbine"", ""Alaris""]","[0.7747253179550171, 0.3664736747741699, 0.36034882068634033, 0.3451557159423828, 0.32720375061035156]"
0,centroid,1,191,Hawk,Hawk,"[""Hawk"", ""Turbine"", ""Alaris"", ""Vega"", ""Braga""]","[0.9432912468910217, 0.5470758676528931, 0.4654894471168518, 0.3390263319015503, 0.33063527941703796]"
0,centroid,1,192,Hawk,Hawk,"[""Hawk"", ""Alcatras"", ""Alaris"", ""Vega"", ""Braga""]","[0.9037015438079834, 0.5670081377029419, 0.5164134502410889, 0.4216260015964508, 0.35494351387023926]"
0,centroid,1,193,Hawk,Hawk,"[""Hawk"", ""Mytikas"", ""Turbine"", ""Alaris"", ""Triton""]","[0.7190731763839722, 0.5002819895744324, 0.39647138118743896, 0.168116495013237, 0.1496869921684265]"
0,centroid,1,194,Hawk,Hawk,"[""Hawk"", ""Alaris"", ""Turbine"", ""Alcatras"", ""Castor""]","[0.8022950887680054, 0.6324062347412109, 0.53509122133255, 0.5111145377159119, 0.2879303991794586]"
0,centroid,1,195,Hawk,Hawk,"[""Hawk"", ""Vega"", ""Turbine"", ""Alaris"", ""Mytikas""]","[0.743358314037323, 0.5750383138656616, 0.30710524320602417, 0.2866310477256775, 0.15355125069618225]"
0,centroid,1,196,Hawk,Hawk,"[""Hawk"", ""Turbine"", ""Vega"", ""Alaris"", ""Braga""]","[0.819062352180481, 0.3237426280975342, 0.23842287063598633, 0.20581066608428955, 0.12439610064029694]"
0,centroid,1,197,Hawk,Hawk,"[""Hawk"", ""Alcatras"", ""Alaris"", ""Vega"", ""Turbine""]","[0.8641480207443237, 0.6160195469856262, 0.567837119102478, 0.3937687277793884, 0.30138254165649414]"
0,centroid,1,198,Hawk,Hawk,"[""Hawk"", ""Alcatras"", ""Alaris"", ""Turbine"", ""Vega""]","[0.9095809459686279, 0.3704897463321686, 0.3290506601333618, 0.32623475790023804, 0.24227140843868256]"
0,centroid,1,199,Hawk,Hawk,"[""Hawk"", ""Alcatras"", ""Braga"", ""Alaris"", ""Turbine""]","[0.934528112411499, 0.3764020800590515, 0.3200224041938782, 0.31743261218070984, 0.29805630445480347]"
0,centroid,1,200,Hawk,Alcatras,"[""Alcatras"", ""Alaris"", ""Hawk"", ""Trius"", ""Braga""]","[0.7635258436203003, 0.6530245542526245, 0.6196013689041138, 0.594886302947998, 0.47387877106666565]"
0,centroid,1,201,Hawk,Hawk,"[""Hawk"", ""Vega"", ""Alaris"", ""Turbine"", ""Alcatras""]","[0.8137452006340027, 0.6339346170425415, 0.484610378742218, 0.3461386561393738, 0.1968078315258026]"
0,centroid,1,202,Hawk,Hawk,"[""Hawk"", ""Vega"", ""Alaris"", ""Turbine"", ""Gemini""]","[0.9403383731842041, 0.4167819023132324, 0.3691064417362213, 0.29990866780281067, 0.1819208264350891]"
0,centroid,1,203,Hawk,Hawk,"[""Hawk"", ""Alaris"", ""Alcatras"", ""Turbine"", ""Braga""]","[0.9210895299911499, 0.4594728946685791, 0.36352139711380005, 0.32004880905151367, 0.23197460174560547]"
0,centroid,1,204,Hawk,Hawk,"[""Hawk"", ""Alaris"", ""Alcatras"", ""Turbine"", ""Vega""]","[0.8967957496643066, 0.6431540250778198, 0.45318251848220825, 0.4171672463417053, 0.40383395552635193]"
0,centroid,1,205,Hawk,Hawk,"[""Hawk"", ""Turbine"", ""Vega"", ""Alaris"", ""Mytikas""]","[0.9087219834327698, 0.3411862552165985, 0.28322896361351013, 0.27267754077911377, 0.15565136075019836]"
0,centroid,1,206,Hawk,Hawk,"[""Hawk"", ""Turbine"", ""Braga"", ""Mytikas"", ""Alaris""]","[0.8747742176055908, 0.3843728303909302, 0.2796947956085205, 0.13858704268932343, 0.1309681236743927]"
0,centroid,1,207,Hawk,Hawk,"[""Hawk"", ""Turbine"", ""Alaris"", ""Vega"", ""Alcatras""]","[0.9520145058631897, 0.3624359369277954, 0.29204320907592773, 0.270214319229126, 0.24304211139678955]"
0,centroid,1,208,Hawk,Hawk,"[""Hawk"", ""Braga"", ""Turbine"", ""Gemini"", ""Vega""]","[0.9376716017723083, 0.3479730188846588, 0.2564380168914795, 0.23914259672164917, 0.22213810682296753]"
0,centroid,1,209,Hawk,Hawk,"[""Hawk"", ""Alaris"", ""Vega"", ""Turbine"", ""Alcatras""]","[0.8951743841171265, 0.42025235295295715, 0.3951144218444824, 0.27190595865249634, 0.2519780993461609]"
0,centroid,1,210,Hawk,Hawk,"[""Hawk"", ""Alaris"", ""Mytikas"", ""Alcatras"", ""Braga""]","[0.5546563863754272, 0.4295167326927185, 0.40975022315979004, 0.3842526078224182, 0.3151416778564453]"
0,centroid,1,211,Hawk,Hawk,"[""Hawk"", ""Vega"", ""Turbine"", ""Gemini"", ""Alaris""]","[0.9022630453109741, 0.34171122312545776, 0.25036391615867615, 0.22114108502864838, 0.2186976671218872]"
0,centroid,1,212,Hawk,Hawk,"[""Hawk"", ""Turbine"", ""Vega"", ""Braga"", ""Alaris""]","[0.9100031852722168, 0.4326236844062805, 0.30517852306365967, 0.2567519545555115, 0.24441316723823547]"
0,centroid,1,213,Hawk,Hawk,"[""Hawk"", ""Turbine"", ""Braga"", ""Xtreme"", ""Vega""]","[0.8182401061058044, 0.45570361614227295, 0.27996477484703064, 0.26105451583862305, 0.184851735830307]"
0,centroid,1,214,Hawk,Hawk,"[""Hawk"", ""Vega"", ""Turbine"", ""Alaris"", ""Gemini""]","[0.7687614560127258, 0.6006797552108765, 0.44811373949050903, 0.44398757815361023, 0.15311454236507416]"
0,centroid,1,215,Hawk,Hawk,"[""Hawk"", ""Turbine"", ""Vega"", ""Braga"", ""Mytikas""]","[0.8906221985816956, 0.42633676528930664, 0.369011253118515, 0.35536012053489685, 0.3309512138366699]"
0,centroid,1,216,Ilias,Ilias,"[""Ilias"", ""Velorum"", ""Denom"", ""Nivalis"", ""Ratikon""]","[0.8583412766456604, 0.5994225740432739, 0.5231849551200867, 0.4766015410423279, 0.37156906723976135]"
0,centroid,1,217,Ilias,Ilias,"[""Ilias"", ""Ratikon"", ""Denom"", ""Velorum"", ""Nivalis""]","[0.9190794229507446, 0.6578689813613892, 0.48601365089416504, 0.37828347086906433, 0.3508695363998413]"
0,centroid,1,218,Ilias,Ilias,"[""Ilias"", ""Ratikon"", ""Nivalis"", ""Denom"", ""Velorum""]","[0.8176324367523193, 0.6229008436203003, 0.45672276616096497, 0.4518290162086487, 0.3360428512096405]"
0,centroid,1,219,Ilias,Ilias,"[""Ilias"", ""Ratikon"", ""Denom"", ""Nivalis"", ""Velorum""]","[0.8684018850326538, 0.6181331872940063, 0.5794681310653687, 0.4427846074104309, 0.2703639268875122]"
0,centroid,1,220,Ilias,Ilias,"[""Ilias"", ""Ratikon"", ""Denom"", ""Nivalis"", ""Triton""]","[0.907128095626831, 0.700657844543457, 0.5852686166763306, 0.501402735710144, 0.3612373471260071]"
0,centroid,1,221,Ilias,Ilias,"[""Ilias"", ""Velorum"", ""Nivalis"", ""Ratikon"", ""Denom""]","[0.8088839650154114, 0.7941648960113525, 0.5707838535308838, 0.46272027492523193, 0.43983936309814453]"
0,centroid,1,222,Ilias,Ilias,"[""Ilias"", ""Velorum"", ""Ratikon"", ""Nivalis"", ""Denom""]","[0.883126974105835, 0.5461798310279846, 0.5046112537384033, 0.41802722215652466, 0.3723437190055847]"
0,centroid,1,223,Ilias,Ilias,"[""Ilias"", ""Ratikon"", ""Denom"", ""Velorum"", ""Nivalis""]","[0.8921217918395996, 0.49109235405921936, 0.432861328125, 0.38872748613357544, 0.3528503477573395]"
0,centroid,1,224,Ilias,Ilias,"[""Ilias"", ""Denom"", ""Velorum"", ""Ratikon"", ""Gemini""]","[0.8494360446929932, 0.6197495460510254, 0.6128042936325073, 0.44973140954971313, 0.39666321873664856]"
0,centroid,1,225,Ilias,Ilias,"[""Ilias"", ""Ratikon"", ""Denom"", ""Nivalis"", ""Velorum""]","[0.7781943082809448, 0.6470454931259155, 0.5103816986083984, 0.503995954990387, 0.4441239833831787]"
0,centroid,1,226,Ilias,Ilias,"[""Ilias"", ""Velorum"", ""Denom"", ""Nivalis"", ""Ratikon""]","[0.8531831502914429, 0.6956310272216797, 0.547895073890686, 0.5156892538070679, 0.40064606070518494]"
0,centroid,1,227,Ilias,Velorum,"[""Velorum"", ""Ilias"", ""Mytikas"", ""Triton"", ""Hawk""]","[0.5346096158027649, 0.5259971618652344, 0.38398998975753784, 0.30041950941085815, 0.2806665003299713]"
0,centroid,1,228,Ilias,Ilias,"[""Ilias"", ""Velorum"", ""Triton"", ""Ratikon"", ""Nivalis""]","[0.8893836140632629, 0.6689708232879639, 0.5236127376556396, 0.39850330352783203, 0.3932773172855377]"
0,centroid,1,229,Ilias,Ilias,"[""Ilias"", ""Ratikon"", ""Denom"", ""Nivalis"", ""Gemini""]","[0.8510932922363281, 0.7378219366073608, 0.7089481949806213, 0.5215123891830444, 0.22142307460308075]"
0,centroid,1,230,Ilias,Ilias,"[""Ilias"", ""Ratikon"", ""Denom"", ""Nivalis"", ""Velorum""]","[0.9001940488815308, 0.5554040670394897, 0.4142695665359497, 0.40758979320526123, 0.40398645401000977]"
0,centroid,1,231,Ilias,Ratikon,"[""Ratikon"", ""Ilias"", ""Velorum"", ""Nivalis"", ""Denom""]","[0.6242347955703735, 0.6142675280570984, 0.5284243822097778, 0.4653935432434082, 0.46510809659957886]"
0,centroid,1,232,Ilias,Ilias,"[""Ilias"", ""Denom"", ""Ratikon"", ""Nivalis"", ""Velorum""]","[0.847272515296936, 0.8177332282066345, 0.816977858543396, 0.5397053956985474, 0.24462032318115234]"
0,centroid,1,233,Ilias,Ilias,"[""Ilias"", ""Denom"", ""Velorum"", ""Nivalis"", ""Ratikon""]","[0.9338831901550293, 0.6273173689842224, 0.6101336479187012, 0.512607216835022, 0.49216270446777344]"
0,centroid,1,234,Ilias,Denom,"[""Denom"", ""Ilias"", ""Ratikon"", ""Nivalis"", ""Velorum""]","[0.8438205122947693, 0.7515759468078613, 0.6874872446060181, 0.5091457366943359, 0.4383270740509033]"
0,centroid,1,235,Ilias,Ilias,"[""Ilias"", ""Ratikon"", ""Velorum"", ""Denom"", ""Nivalis""]","[0.894917368888855, 0.6109732389450073, 0.4609951674938202, 0.4534696936607361, 0.4319135248661041]"
0,centroid,1,236,Ilias,Ilias,"[""Ilias"", ""Velorum"", ""Nivalis"", ""Ratikon"", ""Denom""]","[0.7972794771194458, 0.7507361173629761, 0.4744155704975128, 0.40089789032936096, 0.3607795238494873]"
0,centroid,1,237,Ilias,Ilias,"[""Ilias"", ""Ratikon"", ""Nivalis"", ""Velorum"", ""Denom""]","[0.7920712828636169, 0.6922727227210999, 0.6190201044082642, 0.607926070690155, 0.444649875164032]"
0,centroid,1,238,Ilias,Ilias,"[""Ilias"", ""Ratikon"", ""Denom"", ""Velorum"", ""Nivalis""]","[0.9330919981002808, 0.7203056812286377, 0.6331822872161865, 0.4615756571292877, 0.41333484649658203]"
0,centroid,1,239,Ilias,Ilias,"[""Ilias"", ""Velorum"", ""Triton"", ""Ratikon"", ""Trius""]","[0.73477703332901, 0.5990865230560303, 0.5845113396644592, 0.539370059967041, 0.4586259722709656]"
0,centroid,1,240,Ilias,Ilias,"[""Ilias"", ""Ratikon"", ""Denom"", ""Triton"", ""Nivalis""]","[0.819442629814148, 0.6592191457748413, 0.612670361995697, 0.47782087326049805, 0.4713704288005829]"
0,centroid,1,241,Ilias,Ilias,"[""Ilias"", ""Ratikon"", ""Denom"", ""Nivalis"", ""Gemini""]","[0.8222545981407166, 0.5374255776405334, 0.5053713321685791, 0.32166916131973267, 0.23599457740783691]"
0,centroid,1,242,Ilias,Ilias,"[""Ilias"", ""Nivalis"", ""Ratikon"", ""Denom"", ""Velorum""]","[0.8910025358200073, 0.6726163625717163, 0.6465739011764526, 0.5908287167549133, 0.566755473613739]"
0,centroid,1,243,Ilias,Ilias,"[""Ilias"", ""Velorum"", ""Denom"", ""Nivalis"", ""Ratikon""]","[0.8914023637771606, 0.6509579420089722, 0.5499071478843689, 0.5420859456062317, 0.5020205974578857]"
0,centroid,1,244,Ilias,Ilias,"[""Ilias"", ""Ratikon"", ""Denom"", ""Velorum"", ""Nivalis""]","[0.91936856508255, 0.56180739402771, 0.518418550491333, 0.4142650365829468, 0.3980509638786316]"
0,centroid,1,245,Mytikas,Mytikas,"[""Mytikas"", ""Triton"", ""Nivalis"", ""Trius"", ""Vega""]","[0.736971914768219, 0.289490282535553, 0.2517852187156677, 0.20235991477966309, 0.1752694547176361]"
0,centroid,1,246,Mytikas,Mytikas,"[""Mytikas"", ""Alcatras"", ""Triton"", ""Alaris"", ""Braga""]","[0.732070803642273, 0.5736083984375, 0.5541824102401733, 0.5506376028060913, 0.4985312819480896]"
0,centroid,1,247,Mytikas,Mytikas,"[""Mytikas"", ""Triton"", ""Gemini"", ""Turbine"", ""Trius""]","[0.6629174947738647, 0.4191984534263611, 0.3667665719985962, 0.288579523563385, 0.2679128348827362]"
0,centroid,1,248,Mytikas,Triton,"[""Triton"", ""Mytikas"", ""Castor"", ""Trius"", ""Velorum""]","[0.7848127484321594, 0.6485744118690491, 0.5143033266067505, 0.4692040681838989, 0.42740482091903687]"
0,centroid,1,249,Mytikas,Mytikas,"[""Mytikas"", ""Castor"", ""Alcatras"", ""Triton"", ""Turbine""]","[0.7452760338783264, 0.7038297653198242, 0.6437397003173828, 0.5762353539466858, 0.47212469577789307]"
0,centroid,1,250,Mytikas,Triton,"[""Triton"", ""Mytikas"", ""Trius"", ""Alcatras"", ""Castor""]","[0.8546139001846313, 0.8313206434249878, 0.6833310723304749, 0.43972671031951904, 0.4092133641242981]"
0,centroid,1,251,Mytikas,Triton,"[""Triton"", ""Mytikas"", ""Trius"", ""Castor"", ""Braga""]","[0.8962497711181641, 0.8505815267562866, 0.5813512206077576, 0.564078688621521, 0.3476823568344116]"
0,centroid,1,252,Mytikas,Mytikas,"[""Mytikas"", ""Triton"", ""Castor"", ""Alcatras"", ""Ilias""]","[0.7133685946464539, 0.5421355366706848, 0.38074901700019836, 0.30617305636405945, 0.28264304995536804]"
0,centroid,1,253,Mytikas,Mytikas,"[""Mytikas"", ""Triton"", ""Castor"", ""Trius"", ""Nivalis""]","[0.7502678036689758, 0.36080753803253174, 0.30399149656295776, 0.24567438662052155, 0.23283430933952332]"
0,centroid,1,254,Mytikas,Mytikas,"[""Mytikas"", ""Trius"", ""Triton"", ""Castor"", ""Alcatras""]","[0.8735737800598145, 0.6305056810379028, 0.5447050333023071, 0.4513866901397705, 0.34938275814056396]"
0,centroid,1,255,Mytikas,Mytikas,"[""Mytikas"", ""Triton"", ""Castor"", ""Alcatras"", ""Velorum""]","[0.8232405185699463, 0.6213789582252502, 0.48730987310409546, 0.33260980248451233, 0.28743016719818115]"
0,centroid,1,256,Mytikas,Mytikas,"[""Mytikas"", ""Triton"", ""Trius"", ""Alcatras"", ""Braga""]","[0.9074137210845947, 0.6458572149276733, 0.6180613040924072, 0.616265058517456, 0.46007466316223145]"
0,centroid,1,257,Mytikas,Mytikas,"[""Mytikas"", ""Trius"", ""Triton"", ""Nivalis"", ""Gemini""]","[0.7452031373977661, 0.42791086435317993, 0.29681122303009033, 0.26677435636520386, 0.24984058737754822]"
0,centroid,1,258,Mytikas,Mytikas,"[""Mytikas"", ""Trius"", ""Triton"", ""Gemini"", ""Braga""]","[0.7762430906295776, 0.5684700012207031, 0.4669147729873657, 0.39696064591407776, 0.3732820153236389]"
0,centroid,1,259,Mytikas,Mytikas,"[""Mytikas"", ""Castor"", ""Triton"", ""Alcatras"", ""Trius""]","[0.8180650472640991, 0.698897659778595, 0.6341202259063721, 0.3533572554588318, 0.3283267915248871]"
0,centroid,1,260,Mytikas,Mytikas,"[""Mytikas"", ""Alcatras"", ""Triton"", ""Trius"", ""Castor""]","[0.8457968235015869, 0.7227479815483093, 0.5535228848457336, 0.5383257269859314, 0.4773615002632141]"
0,centroid,1,261,Mytikas,Mytikas,"[""Mytikas"", ""Triton"", ""Trius"", ""Velorum"", ""Turbine""]","[0.7820185422897339, 0.4396130442619324, 0.35887235403060913, 0.3369927704334259, 0.30596160888671875]"
0,centroid,1,262,Mytikas,Mytikas,"[""Mytikas"", ""Castor"", ""Xtreme"", ""Triton"", ""Trius""]","[0.7063132524490356, 0.4508967101573944, 0.4284036457538605, 0.33011195063591003, 0.29255735874176025]"
0,centroid,1,263,Mytikas,Mytikas,"[""Mytikas"", ""Triton"", ""Braga"", ""Castor"", ""Trius""]","[0.8153829574584961, 0.6341147422790527, 0.5923590064048767, 0.5072165727615356, 0.5011678338050842]"
0,centroid,1,264,Mytikas,Mytikas,"[""Mytikas"", ""Triton"", ""Castor"", ""Turbine"", ""Trius""]","[0.7531416416168213, 0.5923491716384888, 0.3126209080219269, 0.28817126154899597, 0.22730574011802673]"
0,centroid,1,265,Mytikas,Triton,"[""Triton"", ""Mytikas"", ""Trius"", ""Castor"", ""Alcatras""]","[0.763442873954773, 0.758739709854126, 0.7026663422584534, 0.3002702593803406, 0.2908130884170532]"
0,centroid,1,266,Mytikas,Mytikas,"[""Mytikas"", ""Triton"", ""Castor"", ""Alcatras"", ""Trius""]","[0.9256990551948547, 0.6403068900108337, 0.6112151145935059, 0.5142242908477783, 0.4586809575557709]"
0,centroid,1,267,Mytikas,Mytikas,"[""Mytikas"", ""Triton"", ""Trius"", ""Castor"", ""Alcatras""]","[0.8899251222610474, 0.7570813894271851, 0.6347931623458862, 0.5485882759094238, 0.5271704196929932]"
0,centroid,1,268,Mytikas,Mytikas,"[""Mytikas"", ""Triton"", ""Trius"", ""Castor"", ""Alcatras""]","[0.7965171337127686, 0.4890688955783844, 0.3031861186027527, 0.26554298400878906, 0.25691288709640503]"
0,centroid,1,269,Mytikas,Mytikas,"[""Mytikas"", ""Triton"", ""Trius"", ""Gemini"", ""Ilias""]","[0.8604422807693481, 0.5967951416969299, 0.5699968934059143, 0.32276713848114014, 0.2928743362426758]"
0,centroid,1,270,Mytikas,Triton,"[""Triton"", ""Trius"", ""Mytikas"", ""Alaris"", ""Castor""]","[0.7837461233139038, 0.6906877756118774, 0.6798940300941467, 0.570088803768158, 0.5072004199028015]"
0,centroid,1,271,Mytikas,Mytikas,"[""Mytikas"", ""Castor"", ""Alcatras"", ""Triton"", ""Trius""]","[0.8320571184158325, 0.6065080165863037, 0.5937502384185791, 0.4912451207637787, 0.4175395965576172]"
0,centroid,1,272,Mytikas,Triton,"[""Triton"", ""Mytikas"", ""Trius"", ""Braga"", ""Castor""]","[0.7934073209762573, 0.7374789714813232, 0.6823420524597168, 0.3532717823982239, 0.304752916097641]"
0,centroid,1,273,Nivalis,Nivalis,"[""Nivalis"", ""Ilias"", ""Denom"", ""Ratikon"", ""Velorum""]","[0.7948557734489441, 0.544450581073761, 0.4511628746986389, 0.41776686906814575, 0.31079229712486267]"
0,centroid,1,274,Nivalis,Nivalis,"[""Nivalis"", ""Velorum"", ""Ratikon"", ""Denom"", ""Ilias""]","[0.8867524862289429, 0.3667948842048645, 0.323630154132843, 0.3060162663459778, 0.30546194314956665]"
0,centroid,1,275,Nivalis,Nivalis,"[""Nivalis"", ""Denom"", ""Ratikon"", ""Ilias"", ""Steel_Wheel""]","[0.7365087270736694, 0.7252832651138306, 0.7172434329986572, 0.2765517234802246, 0.15354403853416443]"
0,centroid,1,276,Nivalis,Nivalis,"[""Nivalis"", ""Denom"", ""Ratikon"", ""Ilias"", ""Velorum""]","[0.9096295833587646, 0.6581587195396423, 0.5744344592094421, 0.5611400604248047, 0.3011395335197449]"
0,centroid,1,277,Nivalis,Nivalis,"[""Nivalis"", ""Ratikon"", ""Denom"", ""Ilias"", ""Vega""]","[0.8189496397972107, 0.4990728795528412, 0.4272996187210083, 0.3540932536125183, 0.14313334226608276]"
0,centroid,1,278,Nivalis,Nivalis,"[""Nivalis"", ""Ratikon"", ""Ilias"", ""Velorum"", ""Denom""]","[0.8243134617805481, 0.4458604156970978, 0.43475204706192017, 0.28916019201278687, 0.24646684527397156]"
0,centroid,1,279,Nivalis,Nivalis,"[""Nivalis"", ""Denom"", ""Ratikon"", ""Steel_Wheel"", ""Xtreme""]","[0.6568610072135925, 0.5629329085350037, 0.37828484177589417, 0.12819381058216095, 0.0625457689166069]"
0,centroid,1,280,Nivalis,Mytikas,"[""Mytikas"", ""Velorum"", ""Ilias"", ""Nivalis"", ""Trius""]","[0.5536520481109619, 0.53476482629776, 0.5167912244796753, 0.4420081377029419, 0.44105765223503113]"
0,centroid,1,281,Nivalis,Denom,"[""Denom"", ""Ratikon"", ""Nivalis"", ""Ilias"", ""Velorum""]","[0.8443340063095093, 0.6753049492835999, 0.6690219640731812, 0.5349142551422119, 0.38456806540489197]"
0,centroid,1,282,Nivalis,Nivalis,"[""Nivalis"", ""Ratikon"", ""Ilias"", ""Vega"", ""Denom""]","[0.6731199026107788, 0.5489183664321899, 0.38148465752601624, 0.38088855147361755, 0.2533436119556427]"
0,centroid,1,283,Nivalis,Nivalis,"[""Nivalis"", ""Ilias"", ""Ratikon"", ""Denom"", ""Gemini""]","[0.8506553769111633, 0.5696123838424683, 0.5614650249481201, 0.5553696155548096, 0.22397470474243164]"
0,centroid,1,284,Nivalis,Nivalis,"[""Nivalis"", ""Velorum"", ""Denom"", ""Ilias"", ""Ratikon""]","[0.8852366209030151, 0.6265849471092224, 0.5719037055969238, 0.5231661200523376, 0.4717199206352234]"
0,centroid,1,285,Nivalis,Ilias,"[""Ilias"", ""Nivalis"", ""Velorum"", ""Xtreme"", ""Triton""]","[0.6064039468765259, 0.6052937507629395, 0.35270559787750244, 0.2668335437774658, 0.23062941431999207]"
0,centroid,1,286,Nivalis,Nivalis,"[""Nivalis"", ""Velorum"", ""Denom"", ""Ilias"", ""Ratikon""]","[0.8095707893371582, 0.6733443737030029, 0.6105036735534668, 0.47767308354377747, 0.43518221378326416]"
0,centroid,1,287,Nivalis,Nivalis,"[""Nivalis"", ""Ilias"", ""Denom"", ""Ratikon"", ""Vega""]","[0.713802695274353, 0.5300806760787964, 0.43952807784080505, 0.4378442168235779, 0.33053773641586304]"
0,centroid,1,288,Nivalis,Nivalis,"[""Nivalis"", ""Denom"", ""Gemini"", ""Ratikon"", ""Ilias""]","[0.6725032329559326, 0.47900429368019104, 0.4350152015686035, 0.42034217715263367, 0.3892265260219574]"
0,centroid,1,289,Nivalis,Nivalis,"[""Nivalis"", ""Ratikon"", ""Denom"", ""Ilias"", ""Velorum""]","[0.893425703048706, 0.45360374450683594, 0.35182929039001465, 0.20537914335727692, 0.12193265557289124]"
0,centroid,1,290,Nivalis,Nivalis,"[""Nivalis"", ""Denom"", ""Velorum"", ""Ilias"", ""Ratikon""]","[0.7897460460662842, 0.7512481808662415, 0.5317424535751343, 0.5223101377487183, 0.4506579339504242]"
0,centroid,1,291,Nivalis,Nivalis,"[""Nivalis"", ""Velorum"", ""Ratikon"", ""Denom"", ""Steel_Wheel""]","[0.7371364235877991, 0.5322668552398682, 0.4332749843597412, 0.41143277287483215, 0.2725641131401062]"
0,centroid,1,292,Nivalis,Nivalis,"[""Nivalis"", ""Ilias"", ""Ratikon"", ""Denom"", ""Velorum""]","[0.9323843717575073, 0.5131797194480896, 0.47731322050094604, 0.44192054867744446, 0.3813689351081848]"
0,centroid,1,293,Nivalis,Denom,"[""Denom"", ""Ilias"", ""Ratikon"", ""Nivalis"", ""Triton""]","[0.702833354473114, 0.5565997362136841, 0.5065091848373413, 0.49124133586883545, 0.3311115503311157]"
0,centroid,1,294,Nivalis,Nivalis,"[""Nivalis"", ""Ratikon"", ""Denom"", ""Ilias"", ""Velorum""]","[0.8474188446998596, 0.5186682343482971, 0.5177643299102783, 0.344875305891037, 0.3288799524307251]"
0,centroid,1,295,Nivalis,Nivalis,"[""Nivalis"", ""Denom"", ""Ratikon"", ""Ilias"", ""Velorum""]","[0.8765805959701538, 0.6873183846473694, 0.5613674521446228, 0.362937331199646, 0.3263900876045227]"
0,centroid,1,296,Ratikon,Ratikon,"[""Ratikon"", ""Ilias"", ""Nivalis"", ""Denom"", ""Vega""]","[0.8988433480262756, 0.6591259241104126, 0.638099193572998, 0.5642648339271545, 0.10762719810009003]"
0,centroid,1,297,Ratikon,Ratikon,"[""Ratikon"", ""Ilias"", ""Denom"", ""Nivalis"", ""Alaris""]","[0.8963942527770996, 0.49808502197265625, 0.467616468667984, 0.43039920926094055, 0.20603367686271667]"
0,centroid,1,298,Ratikon,Ilias,"[""Ilias"", ""Ratikon"", ""Denom"", ""Nivalis"", ""Velorum""]","[0.8489335775375366, 0.8093881011009216, 0.6944948434829712, 0.669466495513916, 0.35056930780410767]"
0,centroid,1,299,Ratikon,Ratikon,"[""Ratikon"", ""Ilias"", ""Denom"", ""Nivalis"", ""Velorum""]","[0.8835872411727905, 0.8277240991592407, 0.6194941997528076, 0.5496807098388672, 0.4443761110305786]"
0,centroid,1,300,Ratikon,Ratikon,"[""Ratikon"", ""Denom"", ""Ilias"", ""Nivalis"", ""Velorum""]","[0.9066151976585388, 0.8016034364700317, 0.6493628621101379, 0.6095141768455505, 0.08950367569923401]"
0,centroid,1,301,Ratikon,Ratikon,"[""Ratikon"", ""Ilias"", ""Denom"", ""Nivalis"", ""Alaris""]","[0.8683452010154724, 0.6631854772567749, 0.5322140455245972, 0.342922180891037, 0.22567132115364075]"
0,centroid,1,302,Ratikon,Ratikon,"[""Ratikon"", ""Denom"", ""Nivalis"", ""Ilias"", ""Steel_Wheel""]","[0.7855793833732605, 0.4887765049934387, 0.4540710747241974, 0.420842707157135, 0.3418479561805725]"
0,centroid,1,303,Ratikon,Ratikon,"[""Ratikon"", ""Denom"", ""Nivalis"", ""Ilias"", ""Velorum""]","[0.9336107969284058, 0.7102900147438049, 0.6553018093109131, 0.5753605365753174, 0.09237122535705566]"
0,centroid,1,304,Ratikon,Ratikon,"[""Ratikon"", ""Ilias"", ""Denom"", ""Nivalis"", ""Velorum""]","[0.8763777017593384, 0.7797805070877075, 0.7107218503952026, 0.5211089849472046, 0.4848891496658325]"
0,centroid,1,305,Ratikon,Ratikon,"[""Ratikon"", ""Ilias"", ""Denom"", ""Nivalis"", ""Velorum""]","[0.865257740020752, 0.6109676361083984, 0.5511160492897034, 0.5319249629974365, 0.10432960093021393]"
0,centroid,1,306,Ratikon,Ratikon,"[""Ratikon"", ""Denom"", ""Ilias"", ""Nivalis"", ""Triton""]","[0.8402776122093201, 0.5727795362472534, 0.5613183975219727, 0.40356504917144775, 0.32607319951057434]"
0,centroid,1,307,Ratikon,Ratikon,"[""Ratikon"", ""Nivalis"", ""Denom"", ""Ilias"", ""Velorum""]","[0.8452098965644836, 0.7996925115585327, 0.7020407319068909, 0.5298138856887817, 0.4258914589881897]"
0,centroid,1,308,Ratikon,Ratikon,"[""Ratikon"", ""Nivalis"", ""Denom"", ""Ilias"", ""Velorum""]","[0.8294103145599365, 0.8040130734443665, 0.5896012783050537, 0.49207717180252075, 0.36114346981048584]"
0,centroid,1,309,Ratikon,Ratikon,"[""Ratikon"", ""Ilias"", ""Denom"", ""Nivalis"", ""Triton""]","[0.9063926339149475, 0.7242421507835388, 0.561307966709137, 0.47933217883110046, 0.19947004318237305]"
0,centroid,1,310,Ratikon,Ratikon,"[""Ratikon"", ""Denom"", ""Nivalis"", ""Ilias"", ""Alaris""]","[0.9249706268310547, 0.702264666557312, 0.5806970596313477, 0.478585422039032, 0.027834858745336533]"
0,centroid,1,311,Ratikon,Ilias,"[""Ilias"", ""Ratikon"", ""Nivalis"", ""Denom"", ""Velorum""]","[0.8284772634506226, 0.8142696619033813, 0.6598228216171265, 0.642877995967865, 0.4967324733734131]"
0,centroid,1,312,Ratikon,Ratikon,"[""Ratikon"", ""Ilias"", ""Denom"", ""Nivalis"", ""Velorum""]","[0.894872784614563, 0.7990410327911377, 0.7821490168571472, 0.5782670974731445, 0.21329663693904877]"
0,centroid,1,313,Ratikon,Ratikon,"[""Ratikon"", ""Ilias"", ""Denom"", ""Nivalis"", ""Velorum""]","[0.7963776588439941, 0.7009472846984863, 0.5103732347488403, 0.5071388483047485, 0.47480177879333496]"
0,centroid,1,314,Ratikon,Ratikon,"[""Ratikon"", ""Ilias"", ""Nivalis"", ""Denom"", ""Velorum""]","[0.8374634981155396, 0.709596574306488, 0.5553987622261047, 0.53153395652771, 0.17634354531764984]"
0,centroid,1,315,Ratikon,Ratikon,"[""Ratikon"", ""Ilias"", ""Denom"", ""Nivalis"", ""Velorum""]","[0.7967122197151184, 0.6888868808746338, 0.6210640668869019, 0.4251756966114044, 0.13591066002845764]"
0,centroid,1,316,Ratikon,Ratikon,"[""Ratikon"", ""Ilias"", ""Denom"", ""Nivalis"", ""Vega""]","[0.9054330587387085, 0.5684927701950073, 0.49833765625953674, 0.4908745288848877, 0.3036949634552002]"
0,centroid,1,317,Ratikon,Ratikon,"[""Ratikon"", ""Ilias"", ""Nivalis"", ""Denom"", ""Velorum""]","[0.9162774085998535, 0.7953802347183228, 0.6415610313415527, 0.6364599466323853, 0.19215475022792816]"
0,centroid,1,318,Ratikon,Ratikon,"[""Ratikon"", ""Denom"", ""Ilias"", ""Nivalis"", ""Velorum""]","[0.9082818031311035, 0.7465113997459412, 0.667670488357544, 0.543045163154602, 0.06509041786193848]"
0,centroid,1,319,Ratikon,Ratikon,"[""Ratikon"", ""Denom"", ""Nivalis"", ""Ilias"", ""Velorum""]","[0.9080048203468323, 0.8517394065856934, 0.736053466796875, 0.7283943891525269, 0.2771287262439728]"
0,centroid,1,320,Ratikon,Ratikon,"[""Ratikon"", ""Denom"", ""Ilias"", ""Nivalis"", ""Velorum""]","[0.9135497212409973, 0.8032712936401367, 0.782980740070343, 0.5757204294204712, 0.2587909400463104]"
0,centroid,1,321,Ratikon,Ratikon,"[""Ratikon"", ""Denom"", ""Ilias"", ""Nivalis"", ""Vega""]","[0.8782433271408081, 0.6189441680908203, 0.6160348057746887, 0.5472579002380371, 0.1780293732881546]"
0,centroid,1,322,Ratikon,Ratikon,"[""Ratikon"", ""Denom"", ""Ilias"", ""Nivalis"", ""Velorum""]","[0.8421103954315186, 0.7878170013427734, 0.6789156198501587, 0.5865854024887085, 0.556624174118042]"
0,centroid,1,323,Ratikon,Ratikon,"[""Ratikon"", ""Denom"", ""Ilias"", ""Nivalis"", ""Alaris""]","[0.8513778448104858, 0.7550865411758423, 0.5057088732719421, 0.43770667910575867, 0.05603233352303505]"
0,centroid,1,324,Steel_Wheel,Steel_Wheel,"[""Steel_Wheel"", ""Nivalis"", ""Xtreme"", ""Mytikas"", ""Hawk""]","[0.9329878091812134, 0.009855551645159721, -0.01359468698501587, -0.030509181320667267, -0.05852391943335533]"
0,centroid,1,325,Steel_Wheel,Steel_Wheel,"[""Steel_Wheel"", ""Xtreme"", ""Mytikas"", ""Alcatras"", ""Gemini""]","[0.9613150358200073, 0.09294845163822174, 0.010098977014422417, 0.007751483470201492, -0.007906373590230942]"
0,centroid,1,326,Steel_Wheel,Steel_Wheel,"[""Steel_Wheel"", ""Mytikas"", ""Xtreme"", ""Castor"", ""Nivalis""]","[0.9543906450271606, 0.09237054735422134, 0.012746334075927734, 0.005658233538269997, -0.028815606608986855]"
0,centroid,1,327,Steel_Wheel,Steel_Wheel,"[""Steel_Wheel"", ""Nivalis"", ""Xtreme"", ""Velorum"", ""Castor""]","[0.8530629277229309, 0.15770471096038818, 0.12294424325227737, 0.1221981942653656, 0.026437513530254364]"
0,centroid,1,328,Steel_Wheel,Steel_Wheel,"[""Steel_Wheel"", ""Alcatras"", ""Velorum"", ""Nivalis"", ""Alaris""]","[0.9592776894569397, 0.06110148876905441, 0.057149738073349, 0.02765854448080063, 0.01769564300775528]"
0,centroid,1,329,Steel_Wheel,Steel_Wheel,"[""Steel_Wheel"", ""Xtreme"", ""Gemini"", ""Nivalis"", ""Mytikas""]","[0.9404553174972534, 0.0663926750421524, 0.058247022330760956, 0.012324258685112, 0.010043267160654068]"
0,centroid,1,330,Steel_Wheel,Steel_Wheel,"[""Steel_Wheel"", ""Nivalis"", ""Xtreme"", ""Denom"", ""Gemini""]","[0.9187529683113098, 0.16130439937114716, 0.03381766378879547, -0.017775945365428925, -0.05006393790245056]"
0,centroid,1,331,Steel_Wheel,Steel_Wheel,"[""Steel_Wheel"", ""Xtreme"", ""Gemini"", ""Mytikas"", ""Nivalis""]","[0.9763847589492798, 0.0818297490477562, 0.04316556453704834, -0.04443517327308655, -0.05473833531141281]"
0,centroid,1,332,Steel_Wheel,Steel_Wheel,"[""Steel_Wheel"", ""Mytikas"", ""Gemini"", ""Alaris"", ""Xtreme""]","[0.9558756947517395, 0.08696116507053375, 0.02105129510164261, -0.00012943893671035767, -0.011993654072284698]"
0,centroid,1,333,Steel_Wheel,Steel_Wheel,"[""Steel_Wheel"", ""Xtreme"", ""Gemini"", ""Trius"", ""Alcatras""]","[0.9602135419845581, 0.07585950940847397, 0.06941667199134827, 0.010709267109632492, 0.004371803253889084]"
0,centroid,1,334,Steel_Wheel,Steel_Wheel,"[""Steel_Wheel"", ""Castor"", ""Mytikas"", ""Xtreme"", ""Alcatras""]","[0.9532325267791748, 0.06730195879936218, -0.03298533335328102, -0.041621770709753036, -0.057785600423812866]"
0,centroid,1,335,Steel_Wheel,Steel_Wheel,"[""Steel_Wheel"", ""Mytikas"", ""Velorum"", ""Xtreme"", ""Nivalis""]","[0.9468482732772827, 0.14713835716247559, 0.10549110174179077, 0.06298170983791351, 0.04582207649946213]"
0,centroid,1,336,Steel_Wheel,Steel_Wheel,"[""Steel_Wheel"", ""Xtreme"", ""Gemini"", ""Nivalis"", ""Velorum""]","[0.9614077806472778, 0.08031760901212692, 0.042497240006923676, 0.03737121447920799, 0.009761922061443329]"
0,centroid,1,337,Steel_Wheel,Steel_Wheel,"[""Steel_Wheel"", ""Nivalis"", ""Turbine"", ""Castor"", ""Mytikas""]","[0.8953224420547485, 0.01142524927854538, -0.015134744346141815, -0.039329543709754944, -0.05044045299291611]"
0,centroid,1,338,Steel_Wheel,Steel_Wheel,"[""Steel_Wheel"", ""Nivalis"", ""Xtreme"", ""Ratikon"", ""Velorum""]","[0.9757484197616577, 0.16037677228450775, 0.06125722825527191, 0.02427060902118683, 0.020950209349393845]"
0,centroid,1,339,Steel_Wheel,Steel_Wheel,"[""Steel_Wheel"", ""Xtreme"", ""Mytikas"", ""Nivalis"", ""Velorum""]","[0.9741159677505493, 0.08415830880403519, 0.04186522215604782, 0.0053426288068294525, -0.04178768768906593]"
0,centroid,1,340,Steel_Wheel,Steel_Wheel,"[""Steel_Wheel"", ""Xtreme"", ""Nivalis"", ""Denom"", ""Mytikas""]","[0.968282163143158, 0.07160928100347519, 0.051513075828552246, 0.016336407512426376, -0.013347232714295387]"
0,centroid,1,341,Steel_Wheel,Steel_Wheel,"[""Steel_Wheel"", ""Xtreme"", ""Nivalis"", ""Castor"", ""Mytikas""]","[0.9221802353858948, 0.06429646909236908, 0.021911587566137314, -0.047230541706085205, -0.06255465745925903]"
0,centroid,1,342,Steel_Wheel,Steel_Wheel,"[""Steel_Wheel"", ""Nivalis"", ""Xtreme"", ""Turbine"", ""Mytikas""]","[0.9224885702133179, -0.010980278253555298, -0.018583670258522034, -0.040190473198890686, -0.053525179624557495]"
0,centroid,1,343,Steel_Wheel,Steel_Wheel,"[""Steel_Wheel"", ""Mytikas"", ""Xtreme"", ""Castor"", ""Nivalis""]","[0.9516996145248413, 0.11385173350572586, 0.06940287351608276, -0.006028220057487488, -0.026370838284492493]"
0,centroid,1,344,Steel_Wheel,Steel_Wheel,"[""Steel_Wheel"", ""Velorum"", ""Alcatras"", ""Castor"", ""Xtreme""]","[0.9392019510269165, 0.04555261880159378, 0.044679462909698486, 0.0331619456410408, -0.006319448351860046]"
0,centroid,1,345,Steel_Wheel,Steel_Wheel,"[""Steel_Wheel"", ""Castor"", ""Mytikas"", ""Xtreme"", ""Alcatras""]","[0.9550888538360596, 0.05904687941074371, 0.03168109804391861, 0.01274639368057251, 0.0051199328154325485]"
0,centroid,1,346,Steel_Wheel,Steel_Wheel,"[""Steel_Wheel"", ""Xtreme"", ""Velorum"", ""Ilias"", ""Nivalis""]","[0.9373040199279785, 0.07854895293712616, 0.06843804568052292, 0.056497786194086075, 0.013258587568998337]"
0,centroid,1,347,Steel_Wheel,Steel_Wheel,"[""Steel_Wheel"", ""Mytikas"", ""Xtreme"", ""Nivalis"", ""Castor""]","[0.9421514272689819, 0.03313284367322922, 0.02257853001356125, -0.016379477456212044, -0.08209554105997086]"
0,centroid,1,348,Steel_Wheel,Steel_Wheel,"[""Steel_Wheel"", ""Mytikas"", ""Castor"", ""Nivalis"", ""Denom""]","[0.9528919458389282, 0.06447223573923111, 0.005915924906730652, -0.002477874979376793, -0.027344100177288055]"
0,centroid,1,349,Steel_Wheel,Steel_Wheel,"[""Steel_Wheel"", ""Castor"", ""Xtreme"", ""Turbine"", ""Alcatras""]","[0.9353747963905334, 0.12287066876888275, -0.0004572272300720215, -0.03403015807271004, -0.06130511313676834]"
0,centroid,1,350,Steel_Wheel,Steel_Wheel,"[""Steel_Wheel"", ""Mytikas"", ""Nivalis"", ""Castor"", ""Denom""]","[0.9352959990501404, 0.08583492040634155, 0.055820658802986145, -0.04506727680563927, -0.051478542387485504]"
0,centroid,1,351,Steel_Wheel,Steel_Wheel,"[""Steel_Wheel"", ""Ratikon"", ""Ilias"", ""Nivalis"", ""Denom""]","[0.9477499723434448, 0.15611091256141663, 0.0691480040550232, 0.052644893527030945, 0.038412537425756454]"
0,centroid,1,352,Steel_Wheel,Steel_Wheel,"[""Steel_Wheel"", ""Mytikas"", ""Velorum"", ""Nivalis"", ""Xtreme""]","[0.9597787857055664, 0.032106224447488785, 0.023255322128534317, 0.01854235678911209, 0.00907599925994873]"
0,centroid,1,353,Steel_Wheel,Steel_Wheel,"[""Steel_Wheel"", ""Gemini"", ""Xtreme"", ""Ilias"", ""Nivalis""]","[0.9129182696342468, 0.2541409730911255, 0.1682930737733841, 0.03160242736339569, -0.002517160028219223]"
0,centroid,1,354,Steel_Wheel,Steel_Wheel,"[""Steel_Wheel"", ""Mytikas"", ""Gemini"", ""Xtreme"", ""Nivalis""]","[0.963802695274353, 0.08462505042552948, 0.04119490087032318, 0.039616867899894714, -0.04092677682638168]"
0,centroid,1,355,Steel_Wheel,Steel_Wheel,"[""Steel_Wheel"", ""Ratikon"", ""Nivalis"", ""Denom"", ""Mytikas""]","[0.8821184635162354, 0.2528337836265564, 0.18699419498443604, 0.17315351963043213, 0.09602085500955582]"
0,centroid,1,356,Steel_Wheel,Steel_Wheel,"[""Steel_Wheel"", ""Denom"", ""Nivalis"", ""Ratikon"", ""Velorum""]","[0.9699497222900391, 0.05321205407381058, 0.05127168446779251, 0.010103028267621994, -0.03211425989866257]"
0,centroid,1,357,Steel_Wheel,Steel_Wheel,"[""Steel_Wheel"", ""Nivalis"", ""Xtreme"", ""Mytikas"", ""Denom""]","[0.9469876885414124, 0.024147121235728264, -0.0050158314406871796, -0.005520133301615715, -0.053280286490917206]"
0,centroid,1,358,Steel_Wheel,Steel_Wheel,"[""Steel_Wheel"", ""Ratikon"", ""Nivalis"", ""Denom"", ""Xtreme""]","[0.9771536588668823, 0.04277704283595085, 0.015388770028948784, 0.0003096349537372589, -0.05638632923364639]"
0,centroid,1,359,Steel_Wheel,Steel_Wheel,"[""Steel_Wheel"", ""Xtreme"", ""Gemini"", ""Castor"", ""Nivalis""]","[0.859503984451294, 0.19121217727661133, 0.016765564680099487, -0.06845523416996002, -0.08962185680866241]"
0,centroid,1,360,Triton,Triton,"[""Triton"", ""Trius"", ""Braga"", ""Mytikas"", ""Alcatras""]","[0.8411639928817749, 0.6103930473327637, 0.4557001292705536, 0.3928948640823364, 0.3415735960006714]"
0,centroid,1,361,Triton,Mytikas,"[""Mytikas"", ""Triton"", ""Trius"", ""Castor"", ""Alcatras""]","[0.830299437046051, 0.8298118114471436, 0.6493179798126221, 0.5799980163574219, 0.5625556111335754]"
0,centroid,1,362,Triton,Triton,"[""Triton"", ""Mytikas"", ""Trius"", ""Braga"", ""Castor""]","[0.9370697140693665, 0.7585051655769348, 0.5946858525276184, 0.4269688129425049, 0.3363613784313202]"
0,centroid,1,363,Triton,Triton,"[""Triton"", ""Trius"", ""Mytikas"", ""Ilias"", ""Castor""]","[0.8563541173934937, 0.6586215496063232, 0.602008581161499, 0.3381677269935608, 0.3246959447860718]"
0,centroid,1,364,Triton,Braga,"[""Braga"", ""Trius"", ""Mytikas"", ""Triton"", ""Gemini""]","[0.6511837244033813, 0.6064188480377197, 0.5433497428894043, 0.5224630236625671, 0.3595393896102905]"
0,centroid,1,365,Triton,Trius,"[""Trius"", ""Triton"", ""Castor"", ""Mytikas"", ""Braga""]","[0.7476317882537842, 0.7050328254699707, 0.6342037916183472, 0.558074414730072, 0.5570772886276245]"
0,centroid,1,366,Triton,Triton,"[""Triton"", ""Trius"", ""Mytikas"", ""Braga"", ""Ilias""]","[0.9532561898231506, 0.660781979560852, 0.6089463233947754, 0.44091880321502686, 0.33428508043289185]"
0,centroid,1,367,Triton,Triton,"[""Triton"", ""Trius"", ""Mytikas"", ""Braga"", ""Castor""]","[0.9574795961380005, 0.661778450012207, 0.6029269695281982, 0.45710378885269165, 0.4433809518814087]"
0,centroid,1,368,Triton,Triton,"[""Triton"", ""Mytikas"", ""Trius"", ""Braga"", ""Castor""]","[0.7306098937988281, 0.5875771045684814, 0.4726674258708954, 0.4620618224143982, 0.31423503160476685]"
0,centroid,1,369,Triton,Triton,"[""Triton"", ""Trius"", ""Mytikas"", ""Braga"", ""Alaris""]","[0.8980006575584412, 0.8183541297912598, 0.5859386920928955, 0.48350757360458374, 0.35954320430755615]"
0,centroid,1,370,Triton,Triton,"[""Triton"", ""Trius"", ""Mytikas"", ""Castor"", ""Braga""]","[0.9011038541793823, 0.7221489548683167, 0.5607763528823853, 0.466280996799469, 0.4507567584514618]"
0,centroid,1,371,Triton,Triton,"[""Triton"", ""Trius"", ""Mytikas"", ""Ilias"", ""Braga""]","[0.8452082872390747, 0.6175026893615723, 0.456005334854126, 0.4054184556007385, 0.35941991209983826]"
0,centroid,1,372,Triton,Triton,"[""Triton"", ""Trius"", ""Mytikas"", ""Braga"", ""Xtreme""]","[0.7192596197128296, 0.671417772769928, 0.5480798482894897, 0.4346296489238739, 0.383928507566452]"
0,centroid,1,373,Triton,Triton,"[""Triton"", ""Trius"", ""Mytikas"", ""Ilias"", ""Braga""]","[0.9143095016479492, 0.6012531518936157, 0.5908871293067932, 0.4073036313056946, 0.3588010370731354]"
0,centroid,1,374,Triton,Triton,"[""Triton"", ""Trius"", ""Mytikas"", ""Alaris"", ""Alcatras""]","[0.7522467374801636, 0.7501087784767151, 0.5613548159599304, 0.4888909161090851, 0.44989702105522156]"
0,centroid,1,375,Triton,Triton,"[""Triton"", ""Trius"", ""Mytikas"", ""Ilias"", ""Alcatras""]","[0.8343468904495239, 0.610270082950592, 0.6065084934234619, 0.4957125186920166, 0.3698676824569702]"
0,centroid,1,376,Triton,Triton,"[""Triton"", ""Mytikas"", ""Trius"", ""Ilias"", ""Braga""]","[0.8727905750274658, 0.5218172669410706, 0.464800089597702, 0.44079798460006714, 0.30548661947250366]"
0,centroid,1,377,Triton,Triton,"[""Triton"", ""Trius"", ""Mytikas"", ""Castor"", ""Alcatras""]","[0.7845841646194458, 0.7038508653640747, 0.6840696334838867, 0.6163218021392822, 0.5839691758155823]"
0,centroid,1,378,Triton,Triton,"[""Triton"", ""Trius"", ""Mytikas"", ""Ilias"", ""Braga""]","[0.879910945892334, 0.6299900412559509, 0.4414844512939453, 0.33681750297546387, 0.29175618290901184]"
0,centroid,1,379,Triton,Triton,"[""Triton"", ""Mytikas"", ""Trius"", ""Braga"", ""Castor""]","[0.919330358505249, 0.730946958065033, 0.6758427619934082, 0.6120256185531616, 0.4587961435317993]"
0,centroid,1,380,Triton,Triton,"[""Triton"", ""Trius"", ""Mytikas"", ""Braga"", ""Gemini""]","[0.8761856555938721, 0.7923707962036133, 0.577979326248169, 0.5109100341796875, 0.4095132648944855]"
0,centroid,1,381,Triton,Triton,"[""Triton"", ""Mytikas"", ""Trius"", ""Braga"", ""Castor""]","[0.9079734086990356, 0.6080873012542725, 0.551085889339447, 0.5509167909622192, 0.4756658375263214]"
0,centroid,1,382,Triton,Triton,"[""Triton"", ""Ilias"", ""Velorum"", ""Trius"", ""Mytikas""]","[0.7506605982780457, 0.6108547449111938, 0.548412024974823, 0.45847153663635254, 0.4417773485183716]"
0,centroid,1,383,Triton,Triton,"[""Triton"", ""Trius"", ""Mytikas"", ""Braga"", ""Alcatras""]","[0.9050174951553345, 0.7304559350013733, 0.7165714502334595, 0.4841204583644867, 0.43118172883987427]"
0,centroid,1,384,Triton,Triton,"[""Triton"", ""Mytikas"", ""Ilias"", ""Trius"", ""Ratikon""]","[0.7425600290298462, 0.48159053921699524, 0.4132135808467865, 0.2575850188732147, 0.2043851763010025]"
0,centroid,1,385,Triton,Ilias,"[""Ilias"", ""Alaris"", ""Ratikon"", ""Velorum"", ""Alcatras""]","[0.6398029923439026, 0.5128589272499084, 0.3989320695400238, 0.3924426734447479, 0.33654913306236267]"
0,centroid,1,386,Triton,Triton,"[""Triton"", ""Mytikas"", ""Trius"", ""Velorum"", ""Ilias""]","[0.8416106700897217, 0.6087324619293213, 0.5389255285263062, 0.4806346297264099, 0.43229109048843384]"
0,centroid,1,387,Triton,Triton,"[""Triton"", ""Trius"", ""Mytikas"", ""Ilias"", ""Braga""]","[0.8715969324111938, 0.6338436603546143, 0.4536525011062622, 0.3650113046169281, 0.30432814359664917]"
0,centroid,1,388,Triton,Triton,"[""Triton"", ""Trius"", ""Mytikas"", ""Castor"", ""Alaris""]","[0.8743332624435425, 0.6961814761161804, 0.5444679260253906, 0.5273270606994629, 0.41361403465270996]"
0,centroid,1,389,Triton,Triton,"[""Triton"", ""Trius"", ""Mytikas"", ""Castor"", ""Braga""]","[0.9146203994750977, 0.7052573561668396, 0.6945711374282837, 0.5290046334266663, 0.40998899936676025]"
0,centroid,1,390,Triton,Triton,"[""Triton"", ""Mytikas"", ""Castor"", ""Trius"", ""Braga""]","[0.8993820548057556, 0.7065291404724121, 0.5472124218940735, 0.524991512298584, 0.47153306007385254]"
0,centroid,1,391,Triton,Triton,"[""Triton"", ""Trius"", ""Mytikas"", ""Ilias"", ""Alcatras""]","[0.9027466177940369, 0.654217004776001, 0.5878179669380188, 0.5164613723754883, 0.3595890998840332]"
0,centroid,1,392,Triton,Triton,"[""Triton"", ""Mytikas"", ""Trius"", ""Castor"", ""Braga""]","[0.9125511050224304, 0.7620043158531189, 0.6648765802383423, 0.5393064618110657, 0.4793824851512909]"
0,centroid,1,393,Triton,Triton,"[""Triton"", ""Trius"", ""Mytikas"", ""Ilias"", ""Velorum""]","[0.8114306330680847, 0.7228269577026367, 0.5822864770889282, 0.5560788512229919, 0.41854214668273926]"
0,centroid,1,394,Triton,Triton,"[""Triton"", ""Mytikas"", ""Trius"", ""Castor"", ""Velorum""]","[0.8927056789398193, 0.6891134977340698, 0.5940505266189575, 0.43172767758369446, 0.35095757246017456]"
0,centroid,1,395,Triton,Triton,"[""Triton"", ""Mytikas"", ""Trius"", ""Braga"", ""Castor""]","[0.847915768623352, 0.5781277418136597, 0.43949398398399353, 0.3851199746131897, 0.3686034083366394]"
0,centroid,1,396,Triton,Triton,"[""Triton"", ""Trius"", ""Mytikas"", ""Velorum"", ""Ilias""]","[0.7627636790275574, 0.6776632070541382, 0.6383764743804932, 0.5673684477806091, 0.48163682222366333]"
0,centroid,1,397,Triton,Triton,"[""Triton"", ""Trius"", ""Mytikas"", ""Ilias"", ""Castor""]","[0.8901601433753967, 0.7022656798362732, 0.6443277597427368, 0.38561540842056274, 0.3458594083786011]"
0,centroid,1,398,Triton,Triton,"[""Triton"", ""Mytikas"", ""Trius"", ""Ilias"", ""Alcatras""]","[0.756403923034668, 0.6140155792236328, 0.5182228088378906, 0.46157485246658325, 0.39408737421035767]"
0,centroid,1,399,Triton,Triton,"[""Triton"", ""Braga"", ""Castor"", ""Mytikas"", ""Trius""]","[0.8622210025787354, 0.6777637004852295, 0.6448455452919006, 0.6231346130371094, 0.5986403226852417]"
0,centroid,1,400,Triton,Triton,"[""Triton"", ""Braga"", ""Mytikas"", ""Trius"", ""Castor""]","[0.8450073003768921, 0.671118974685669, 0.6427300572395325, 0.5980096459388733, 0.43794769048690796]"
0,centroid,1,401,Triton,Triton,"[""Triton"", ""Trius"", ""Mytikas"", ""Castor"", ""Braga""]","[0.9160985946655273, 0.6056166887283325, 0.5452712774276733, 0.5025266408920288, 0.43948012590408325]"
0,centroid,1,402,Triton,Triton,"[""Triton"", ""Trius"", ""Mytikas"", ""Ilias"", ""Alaris""]","[0.8650718927383423, 0.5887452363967896, 0.5070677995681763, 0.438989520072937, 0.3573319911956787]"
0,centroid,1,403,Triton,Triton,"[""Triton"", ""Trius"", ""Vega"", ""Alaris"", ""Ilias""]","[0.6018180847167969, 0.5681943297386169, 0.5042791366577148, 0.4972507059574127, 0.4622858762741089]"
0,centroid,1,404,Triton,Triton,"[""Triton"", ""Trius"", ""Ilias"", ""Mytikas"", ""Ratikon""]","[0.8335630893707275, 0.6140511631965637, 0.4082069993019104, 0.4003986418247223, 0.32348933815956116]"
0,centroid,1,405,Triton,Triton,"[""Triton"", ""Trius"", ""Ilias"", ""Ratikon"", ""Denom""]","[0.7585546970367432, 0.5509236454963684, 0.5498870611190796, 0.45847755670547485, 0.381305456161499]"
0,centroid,1,406,Triton,Triton,"[""Triton"", ""Mytikas"", ""Trius"", ""Castor"", ""Velorum""]","[0.9375292062759399, 0.6666650772094727, 0.6113646626472473, 0.43430063128471375, 0.37340879440307617]"
0,centroid,1,407,Triton,Triton,"[""Triton"", ""Trius"", ""Mytikas"", ""Braga"", ""Alcatras""]","[0.905319094657898, 0.6944088935852051, 0.682293176651001, 0.5791797637939453, 0.37953272461891174]"
0,centroid,1,408,Triton,Triton,"[""Triton"", ""Trius"", ""Braga"", ""Mytikas"", ""Castor""]","[0.8269914388656616, 0.6653789281845093, 0.6519359350204468, 0.6215907335281372, 0.513409435749054]"
0,centroid,1,409,Triton,Triton,"[""Triton"", ""Mytikas"", ""Trius"", ""Braga"", ""Ilias""]","[0.8368186950683594, 0.5387851595878601, 0.5385103225708008, 0.5096359252929688, 0.27230513095855713]"
0,centroid,1,410,Triton,Triton,"[""Triton"", ""Mytikas"", ""Braga"", ""Castor"", ""Trius""]","[0.8283600807189941, 0.7657763361930847, 0.4722898006439209, 0.469305157661438, 0.46739357709884644]"
0,centroid,1,411,Triton,Triton,"[""Triton"", ""Trius"", ""Mytikas"", ""Ilias"", ""Braga""]","[0.904272198677063, 0.7442110776901245, 0.4750077724456787, 0.3977598547935486, 0.35095852613449097]"
0,centroid,1,412,Triton,Triton,"[""Triton"", ""Mytikas"", ""Trius"", ""Velorum"", ""Braga""]","[0.6945449709892273, 0.6714794635772705, 0.6511691212654114, 0.3915545344352722, 0.370319128036499]"
0,centroid,1,413,Triton,Triton,"[""Triton"", ""Mytikas"", ""Trius"", ""Castor"", ""Braga""]","[0.9072218537330627, 0.6133867502212524, 0.5090597867965698, 0.4741610884666443, 0.3067821264266968]"
0,centroid,1,414,Trius,Alcatras,"[""Alcatras"", ""Alaris"", ""Trius"", ""Triton"", ""Braga""]","[0.7207672595977783, 0.6649044752120972, 0.6177701950073242, 0.42219507694244385, 0.36659225821495056]"
0,centroid,1,415,Trius,Trius,"[""Trius"", ""Triton"", ""Braga"", ""Mytikas"", ""Alcatras""]","[0.914442777633667, 0.7196028232574463, 0.653657078742981, 0.5429484844207764, 0.3894088864326477]"
0,centroid,1,416,Trius,Trius,"[""Trius"", ""Alaris"", ""Triton"", ""Vega"", ""Alcatras""]","[0.8456456065177917, 0.6454784274101257, 0.45537346601486206, 0.41940099000930786, 0.3829966187477112]"
0,centroid,1,417,Trius,Trius,"[""Trius"", ""Alaris"", ""Alcatras"", ""Triton"", ""Castor""]","[0.6232166290283203, 0.5824700593948364, 0.5183879733085632, 0.5035354495048523, 0.49498334527015686]"
0,centroid,1,418,Trius,Braga,"[""Braga"", ""Trius"", ""Triton"", ""Alcatras"", ""Mytikas""]","[0.8007102608680725, 0.7819149494171143, 0.46421122550964355, 0.45110586285591125, 0.4208390414714813]"
0,centroid,1,419,Trius,Trius,"[""Trius"", ""Alaris"", ""Alcatras"", ""Triton"", ""Braga""]","[0.8271240592002869, 0.7479003667831421, 0.5423322916030884, 0.46367335319519043, 0.42739617824554443]"
0,centroid,1,420,Trius,Trius,"[""Trius"", ""Mytikas"", ""Gemini"", ""Vega"", ""Alcatras""]","[0.625519871711731, 0.39833536744117737, 0.237440824508667, 0.20649780333042145, 0.20166827738285065]"
0,centroid,1,421,Trius,Trius,"[""Trius"", ""Triton"", ""Mytikas"", ""Alaris"", ""Braga""]","[0.8714980483055115, 0.7809232473373413, 0.5901528596878052, 0.5038702487945557, 0.49913346767425537]"
0,centroid,1,422,Trius,Braga,"[""Braga"", ""Trius"", ""Alcatras"", ""Mytikas"", ""Alaris""]","[0.7725315690040588, 0.7113348841667175, 0.4192200303077698, 0.4035279154777527, 0.38685905933380127]"
0,centroid,1,423,Trius,Trius,"[""Trius"", ""Mytikas"", ""Vega"", ""Triton"", ""Alaris""]","[0.7100560665130615, 0.5574395060539246, 0.49487388134002686, 0.426796555519104, 0.3757132291793823]"
0,centroid,1,424,Trius,Trius,"[""Trius"", ""Triton"", ""Alcatras"", ""Braga"", ""Velorum""]","[0.7552556991577148, 0.46960651874542236, 0.3455604612827301, 0.3038318157196045, 0.29444408416748047]"
0,centroid,1,425,Trius,Trius,"[""Trius"", ""Triton"", ""Braga"", ""Mytikas"", ""Castor""]","[0.8446846008300781, 0.6571594476699829, 0.48126012086868286, 0.4791640043258667, 0.41821378469467163]"
0,centroid,1,426,Trius,Trius,"[""Trius"", ""Mytikas"", ""Gemini"", ""Braga"", ""Triton""]","[0.7938787937164307, 0.5964319705963135, 0.5322483777999878, 0.5141218900680542, 0.49822697043418884]"
0,centroid,1,427,Trius,Trius,"[""Trius"", ""Mytikas"", ""Triton"", ""Gemini"", ""Vega""]","[0.8387624025344849, 0.6666253805160522, 0.5667524337768555, 0.4758928418159485, 0.34340137243270874]"
0,centroid,1,428,Trius,Trius,"[""Trius"", ""Triton"", ""Mytikas"", ""Gemini"", ""Braga""]","[0.7499924302101135, 0.47224313020706177, 0.46746110916137695, 0.4508820176124573, 0.31569328904151917]"
0,centroid,1,429,Trius,Trius,"[""Trius"", ""Triton"", ""Alaris"", ""Ilias"", ""Vega""]","[0.7838120460510254, 0.4620460867881775, 0.4259227514266968, 0.41970014572143555, 0.3193459212779999]"
0,centroid,1,430,Trius,Trius,"[""Trius"", ""Mytikas"", ""Gemini"", ""Velorum"", ""Braga""]","[0.5990297198295593, 0.4563141167163849, 0.4450972080230713, 0.36842331290245056, 0.3582978844642639]"
0,centroid,1,431,Trius,Trius,"[""Trius"", ""Braga"", ""Mytikas"", ""Triton"", ""Gemini""]","[0.8712185025215149, 0.6842817068099976, 0.6219006180763245, 0.614305317401886, 0.48495638370513916]"
0,centroid,1,432,Trius,Trius,"[""Trius"", ""Gemini"", ""Mytikas"", ""Triton"", ""Braga""]","[0.738477349281311, 0.4253140091896057, 0.3468396067619324, 0.24740496277809143, 0.16859084367752075]"
0,centroid,1,433,Trius,Trius,"[""Trius"", ""Triton"", ""Mytikas"", ""Vega"", ""Alaris""]","[0.849714994430542, 0.6338456869125366, 0.47596457600593567, 0.3718639612197876, 0.3595553934574127]"
0,centroid,1,434,Trius,Ilias,"[""Ilias"", ""Triton"", ""Ratikon"", ""Trius"", ""Mytikas""]","[0.6861016750335693, 0.61895751953125, 0.5002869367599487, 0.4563800096511841, 0.4049276113510132]"
0,centroid,1,435,Trius,Trius,"[""Trius"", ""Braga"", ""Triton"", ""Mytikas"", ""Alaris""]","[0.8600289225578308, 0.6343375444412231, 0.6341090798377991, 0.5783782005310059, 0.5386015176773071]"
0,centroid,1,436,Trius,Trius,"[""Trius"", ""Triton"", ""Alaris"", ""Ilias"", ""Vega""]","[0.7382574081420898, 0.5576976537704468, 0.509239673614502, 0.4956153333187103, 0.46942806243896484]"
0,centroid,1,437,Trius,Trius,"[""Trius"", ""Triton"", ""Braga"", ""Mytikas"", ""Alcatras""]","[0.7753326296806335, 0.6589716672897339, 0.6320315599441528, 0.5240437984466553, 0.47911590337753296]"
0,centroid,1,438,Trius,Trius,"[""Trius"", ""Braga"", ""Triton"", ""Alcatras"", ""Mytikas""]","[0.8090688586235046, 0.7185715436935425, 0.6534302830696106, 0.4916464686393738, 0.4803135097026825]"
0,centroid,1,439,Trius,Trius,"[""Trius"", ""Triton"", ""Braga"", ""Alcatras"", ""Gemini""]","[0.8119188547134399, 0.6595889329910278, 0.5838819742202759, 0.5126681327819824, 0.47377750277519226]"
0,centroid,1,440,Trius,Trius,"[""Trius"", ""Triton"", ""Gemini"", ""Ilias"", ""Mytikas""]","[0.8234047889709473, 0.577284574508667, 0.5542817115783691, 0.3506060540676117, 0.34766650199890137]"
0,centroid,1,441,Trius,Trius,"[""Trius"", ""Vega"", ""Alaris"", ""Gemini"", ""Alcatras""]","[0.6202110648155212, 0.43837040662765503, 0.3929866850376129, 0.3703548312187195, 0.32224997878074646]"
0,centroid,1,442,Trius,Trius,"[""Trius"", ""Velorum"", ""Gemini"", ""Alcatras"", ""Alaris""]","[0.6334166526794434, 0.3697086572647095, 0.3189157247543335, 0.31036117672920227, 0.26296254992485046]"
0,centroid,1,443,Trius,Trius,"[""Trius"", ""Velorum"", ""Alcatras"", ""Alaris"", ""Vega""]","[0.5505852699279785, 0.34598344564437866, 0.3441349267959595, 0.32705849409103394, 0.1973322331905365]"
0,centroid,1,444,Trius,Trius,"[""Trius"", ""Alaris"", ""Alcatras"", ""Velorum"", ""Mytikas""]","[0.6603348255157471, 0.5246632695198059, 0.4760611057281494, 0.42409855127334595, 0.37059077620506287]"
0,centroid,1,445,Trius,Trius,"[""Trius"", ""Mytikas"", ""Gemini"", ""Triton"", ""Vega""]","[0.632861316204071, 0.5415158271789551, 0.4645697772502899, 0.33503490686416626, 0.25954946875572205]"
0,centroid,1,446,Trius,Gemini,"[""Gemini"", ""Trius"", ""Ilias"", ""Hawk"", ""Vega""]","[0.5767734050750732, 0.5147404074668884, 0.31692469120025635, 0.29851436614990234, 0.29602381587028503]"
0,centroid,1,447,Trius,Trius,"[""Trius"", ""Alaris"", ""Gemini"", ""Braga"", ""Alcatras""]","[0.7561953067779541, 0.6104960441589355, 0.5640876889228821, 0.521976888179779, 0.42175906896591187]"
0,centroid,1,448,Trius,Trius,"[""Trius"", ""Braga"", ""Triton"", ""Mytikas"", ""Alcatras""]","[0.7774960994720459, 0.6625616550445557, 0.5501264929771423, 0.5321994423866272, 0.4525206387042999]"
0,centroid,1,449,Trius,Trius,"[""Trius"", ""Braga"", ""Alaris"", ""Alcatras"", ""Mytikas""]","[0.6990401744842529, 0.6810821294784546, 0.5279268622398376, 0.49546071887016296, 0.4419171214103699]"
0,centroid,1,450,Trius,Trius,"[""Trius"", ""Triton"", ""Alaris"", ""Mytikas"", ""Gemini""]","[0.8398304581642151, 0.5387634038925171, 0.5110905170440674, 0.5050472021102905, 0.4754786193370819]"
0,centroid,1,451,Trius,Trius,"[""Trius"", ""Gemini"", ""Triton"", ""Braga"", ""Ilias""]","[0.8165557384490967, 0.5244927406311035, 0.5091639161109924, 0.48724448680877686, 0.34367483854293823]"
0,centroid,1,452,Trius,Trius,"[""Trius"", ""Triton"", ""Alaris"", ""Mytikas"", ""Gemini""]","[0.830725371837616, 0.6342421770095825, 0.5080984234809875, 0.41659945249557495, 0.368929386138916]"
0,centroid,1,453,Trius,Trius,"[""Trius"", ""Triton"", ""Mytikas"", ""Gemini"", ""Vega""]","[0.6042408347129822, 0.49691179394721985, 0.4716348350048065, 0.4639328122138977, 0.3302419185638428]"
0,centroid,1,454,Trius,Trius,"[""Trius"", ""Alaris"", ""Steel_Wheel"", ""Gemini"", ""Alcatras""]","[0.5334643125534058, 0.29648223519325256, 0.2688378393650055, 0.22700688242912292, 0.17268097400665283]"
0,centroid,1,455,Turbine,Alcatras,"[""Alcatras"", ""Castor"", ""Braga"", ""Trius"", ""Turbine""]","[0.6928374171257019, 0.6060183644294739, 0.5524424910545349, 0.432257741689682, 0.35230493545532227]"
0,centroid,1,456,Turbine,Turbine,"[""Turbine"", ""Castor"", ""Hawk"", ""Mytikas"", ""Braga""]","[0.8659710884094238, 0.5172211527824402, 0.4309690296649933, 0.3774673342704773, 0.3077313005924225]"
0,centroid,1,457,Turbine,Turbine,"[""Turbine"", ""Alaris"", ""Vega"", ""Hawk"", ""Trius""]","[0.8385250568389893, 0.3555793762207031, 0.3378489017486572, 0.29806655645370483, 0.15482006967067719]"
0,centroid,1,458,Turbine,Turbine,"[""Turbine"", ""Alaris"", ""Castor"", ""Trius"", ""Alcatras""]","[0.8900333642959595, 0.42864835262298584, 0.42743343114852905, 0.35953396558761597, 0.35555118322372437]"
0,centroid,1,459,Turbine,Turbine,"[""Turbine"", ""Hawk"", ""Vega"", ""Braga"", ""Gemini""]","[0.724273145198822, 0.34405070543289185, 0.20663152635097504, 0.20625674724578857, 0.1722477674484253]"
0,centroid,1,460,Turbine,Turbine,"[""Turbine"", ""Castor"", ""Alaris"", ""Alcatras"", ""Hawk""]","[0.7830061912536621, 0.3487282693386078, 0.3319770395755768, 0.22750025987625122, 0.1912270188331604]"
0,centroid,1,461,Turbine,Turbine,"[""Turbine"", ""Castor"", ""Alcatras"", ""Alaris"", ""Mytikas""]","[0.7976987957954407, 0.7679576873779297, 0.48585787415504456, 0.4138239324092865, 0.3789863884449005]"
0,centroid,1,462,Turbine,Turbine,"[""Turbine"", ""Vega"", ""Hawk"", ""Triton"", ""Braga""]","[0.816277027130127, 0.39447021484375, 0.3405364751815796, 0.15849776566028595, 0.1380927562713623]"
0,centroid,1,463,Turbine,Turbine,"[""Turbine"", ""Hawk"", ""Braga"", ""Vega"", ""Alaris""]","[0.8311097025871277, 0.4900420606136322, 0.3864138722419739, 0.26278990507125854, 0.2118808776140213]"
0,centroid,1,464,Turbine,Castor,"[""Castor"", ""Turbine"", ""Mytikas"", ""Triton"", ""Alcatras""]","[0.7604948878288269, 0.7064952850341797, 0.45637503266334534, 0.3898705840110779, 0.2361176311969757]"
0,centroid,1,465,Turbine,Turbine,"[""Turbine"", ""Hawk"", ""Castor"", ""Vega"", ""Mytikas""]","[0.9216660261154175, 0.3621457517147064, 0.3611898720264435, 0.2426702380180359, 0.1657211184501648]"
0,centroid,1,466,Turbine,Turbine,"[""Turbine"", ""Castor"", ""Triton"", ""Alcatras"", ""Braga""]","[0.8356071710586548, 0.5345059633255005, 0.34251877665519714, 0.3218696117401123, 0.31191733479499817]"
0,centroid,1,467,Turbine,Turbine,"[""Turbine"", ""Hawk"", ""Vega"", ""Braga"", ""Alaris""]","[0.8546774983406067, 0.5073494911193848, 0.47383642196655273, 0.23587390780448914, 0.1823125183582306]"
0,centroid,1,468,Turbine,Turbine,"[""Turbine"", ""Hawk"", ""Alaris"", ""Vega"", ""Mytikas""]","[0.8460512757301331, 0.29458367824554443, 0.2896997928619385, 0.2866199314594269, 0.1836959272623062]"
0,centroid,1,469,Turbine,Turbine,"[""Turbine"", ""Hawk"", ""Vega"", ""Braga"", ""Alcatras""]","[0.8206123113632202, 0.5760021209716797, 0.3986748456954956, 0.39668112993240356, 0.3951670825481415]"
0,centroid,1,470,Turbine,Turbine,"[""Turbine"", ""Hawk"", ""Vega"", ""Castor"", ""Braga""]","[0.9157419204711914, 0.4165675640106201, 0.3451553285121918, 0.3163263201713562, 0.27134808897972107]"
0,centroid,1,471,Turbine,Turbine,"[""Turbine"", ""Vega"", ""Braga"", ""Hawk"", ""Gemini""]","[0.5719424486160278, 0.40678125619888306, 0.2798474431037903, 0.26828014850616455, 0.17538979649543762]"
0,centroid,1,472,Turbine,Turbine,"[""Turbine"", ""Castor"", ""Alcatras"", ""Trius"", ""Mytikas""]","[0.7057715654373169, 0.6783953905105591, 0.4826865494251251, 0.4609231948852539, 0.4268757104873657]"
0,centroid,1,473,Turbine,Turbine,"[""Turbine"", ""Hawk"", ""Braga"", ""Triton"", ""Vega""]","[0.6499862670898438, 0.45218634605407715, 0.45023179054260254, 0.43406397104263306, 0.3508927822113037]"
0,centroid,1,474,Turbine,Turbine,"[""Turbine"", ""Hawk"", ""Vega"", ""Alaris"", ""Castor""]","[0.8716895580291748, 0.48001155257225037, 0.38052886724472046, 0.14002245664596558, 0.08217880874872208]"
0,centroid,1,475,Turbine,Mytikas,"[""Mytikas"", ""Castor"", ""Turbine"", ""Triton"", ""Alcatras""]","[0.7354925870895386, 0.6158742904663086, 0.48308947682380676, 0.39779049158096313, 0.3187117874622345]"
0,centroid,1,476,Turbine,Turbine,"[""Turbine"", ""Castor"", ""Triton"", ""Mytikas"", ""Alcatras""]","[0.6912776827812195, 0.6619727611541748, 0.4828008711338043, 0.46640729904174805, 0.4368423819541931]"
0,centroid,1,477,Turbine,Turbine,"[""Turbine"", ""Hawk"", ""Vega"", ""Castor"", ""Alaris""]","[0.8968906402587891, 0.36822789907455444, 0.2107527256011963, 0.15454086661338806, 0.11741307377815247]"
0,centroid,1,478,Turbine,Turbine,"[""Turbine"", ""Hawk"", ""Castor"", ""Braga"", ""Vega""]","[0.8809281587600708, 0.416426420211792, 0.3391132056713104, 0.2856261432170868, 0.07069553434848785]"
0,centroid,1,479,Turbine,Turbine,"[""Turbine"", ""Castor"", ""Vega"", ""Braga"", ""Trius""]","[0.8490089178085327, 0.39875075221061707, 0.3854835033416748, 0.3335859179496765, 0.3016321659088135]"
0,centroid,1,480,Turbine,Turbine,"[""Turbine"", ""Hawk"", ""Castor"", ""Alcatras"", ""Alaris""]","[0.7694702744483948, 0.5552711486816406, 0.5264517068862915, 0.5057417154312134, 0.49469155073165894]"
0,centroid,1,481,Turbine,Turbine,"[""Turbine"", ""Alaris"", ""Castor"", ""Alcatras"", ""Hawk""]","[0.8636776804924011, 0.43593645095825195, 0.4242054224014282, 0.4211658835411072, 0.3153393268585205]"
0,centroid,1,482,Turbine,Turbine,"[""Turbine"", ""Castor"", ""Alcatras"", ""Alaris"", ""Hawk""]","[0.723958432674408, 0.44302165508270264, 0.39748114347457886, 0.36279600858688354, 0.3150826692581177]"
0,centroid,1,483,Vega,Vega,"[""Vega"", ""Alaris"", ""Turbine"", ""Hawk"", ""Braga""]","[0.8931270837783813, 0.5686522126197815, 0.421507865190506, 0.33759745955467224, 0.3066733777523041]"
0,centroid,1,484,Vega,Vega,"[""Vega"", ""Hawk"", ""Alaris"", ""Turbine"", ""Mytikas""]","[0.8909293413162231, 0.23873856663703918, 0.23084186017513275, 0.21201500296592712, 0.15537673234939575]"
0,centroid,1,485,Vega,Vega,"[""Vega"", ""Turbine"", ""Alaris"", ""Hawk"", ""Braga""]","[0.8759310245513916, 0.36792314052581787, 0.26512423157691956, 0.2196427285671234, 0.14316603541374207]"
0,centroid,1,486,Vega,Vega,"[""Vega"", ""Braga"", ""Hawk"", ""Alaris"", ""Alcatras""]","[0.8643826246261597, 0.43418675661087036, 0.41694289445877075, 0.3193114995956421, 0.2973283529281616]"
0,centroid,1,487,Vega,Vega,"[""Vega"", ""Hawk"", ""Alaris"", ""Gemini"", ""Turbine""]","[0.9091676473617554, 0.27966904640197754, 0.24405771493911743, 0.237921804189682, 0.17280299961566925]"
0,centroid,1,488,Vega,Vega,"[""Vega"", ""Turbine"", ""Braga"", ""Alaris"", ""Trius""]","[0.8345515727996826, 0.5228785276412964, 0.3176279067993164, 0.22781074047088623, 0.2125493288040161]"
0,centroid,1,489,Vega,Vega,"[""Vega"", ""Alaris"", ""Turbine"", ""Hawk"", ""Trius""]","[0.9290725588798523, 0.48957425355911255, 0.4182094633579254, 0.29837727546691895, 0.25316059589385986]"
0,centroid,1,490,Vega,Vega,"[""Vega"", ""Gemini"", ""Hawk"", ""Alaris"", ""Turbine""]","[0.895354688167572, 0.29685288667678833, 0.2086418718099594, 0.20711065828800201, 0.12833234667778015]"
0,centroid,1,491,Vega,Vega,"[""Vega"", ""Turbine"", ""Hawk"", ""Alaris"", ""Braga""]","[0.9159116744995117, 0.3581927418708801, 0.3278731107711792, 0.3123399615287781, 0.18967808783054352]"
0,centroid,1,492,Vega,Vega,"[""Vega"", ""Nivalis"", ""Gemini"", ""Braga"", ""Turbine""]","[0.7220003604888916, 0.21663129329681396, 0.09507843852043152, 0.04903292655944824, 0.03408694639801979]"
0,centroid,1,493,Vega,Vega,"[""Vega"", ""Alaris"", ""Hawk"", ""Turbine"", ""Alcatras""]","[0.9449185132980347, 0.4768105149269104, 0.2979263663291931, 0.2912929356098175, 0.27728191018104553]"
0,centroid,1,494,Vega,Vega,"[""Vega"", ""Alaris"", ""Alcatras"", ""Hawk"", ""Braga""]","[0.8941551446914673, 0.4888112545013428, 0.25265228748321533, 0.20657320320606232, 0.20501795411109924]"
0,centroid,1,495,Vega,Vega,"[""Vega"", ""Gemini"", ""Hawk"", ""Braga"", ""Mytikas""]","[0.7900739908218384, 0.5185778141021729, 0.4449005126953125, 0.3234015703201294, 0.3162541389465332]"
0,centroid,1,496,Vega,Vega,"[""Vega"", ""Gemini"", ""Triton"", ""Hawk"", ""Trius""]","[0.7366887331008911, 0.306224524974823, 0.27572768926620483, 0.19358447194099426, 0.18030782043933868]"
0,centroid,1,497,Vega,Vega,"[""Vega"", ""Gemini"", ""Hawk"", ""Alaris"", ""Braga""]","[0.9234498739242554, 0.4726419150829315, 0.3922511339187622, 0.33340978622436523, 0.10981149971485138]"
0,centroid,1,498,Vega,Vega,"[""Vega"", ""Hawk"", ""Turbine"", ""Alaris"", ""Braga""]","[0.8950163125991821, 0.34110480546951294, 0.3256782591342926, 0.3219704329967499, 0.16384419798851013]"
0,centroid,1,499,Vega,Vega,"[""Vega"", ""Gemini"", ""Hawk"", ""Alaris"", ""Turbine""]","[0.8437464237213135, 0.38636916875839233, 0.36609983444213867, 0.32407087087631226, 0.2939295470714569]"
0,centroid,1,500,Vega,Vega,"[""Vega"", ""Alcatras"", ""Alaris"", ""Braga"", ""Hawk""]","[0.8624736666679382, 0.5422319173812866, 0.4691641330718994, 0.40416958928108215, 0.3790751099586487]"
0,centroid,1,501,Vega,Vega,"[""Vega"", ""Hawk"", ""Gemini"", ""Alaris"", ""Turbine""]","[0.8307607769966125, 0.607539713382721, 0.21362252533435822, 0.18576541543006897, 0.15412718057632446]"
0,centroid,1,502,Vega,Vega,"[""Vega"", ""Hawk"", ""Gemini"", ""Turbine"", ""Alaris""]","[0.8938512802124023, 0.21962971985340118, 0.14868807792663574, 0.1396963894367218, 0.12196497619152069]"
0,centroid,1,503,Vega,Vega,"[""Vega"", ""Hawk"", ""Gemini"", ""Turbine"", ""Braga""]","[0.6869619488716125, 0.6342285871505737, 0.23697806894779205, 0.19915249943733215, 0.14656931161880493]"
0,centroid,1,504,Vega,Vega,"[""Vega"", ""Turbine"", ""Hawk"", ""Alaris"", ""Braga""]","[0.9558621644973755, 0.3320494294166565, 0.32636359333992004, 0.3152245283126831, 0.22627194225788116]"
0,centroid,1,505,Vega,Vega,"[""Vega"", ""Hawk"", ""Gemini"", ""Alaris"", ""Turbine""]","[0.9169603586196899, 0.29854440689086914, 0.2533268928527832, 0.24508965015411377, 0.1504339575767517]"
0,centroid,1,506,Vega,Vega,"[""Vega"", ""Alaris"", ""Braga"", ""Alcatras"", ""Trius""]","[0.8073837161064148, 0.6657717227935791, 0.5273116827011108, 0.5059765577316284, 0.42644453048706055]"
0,centroid,1,507,Vega,Vega,"[""Vega"", ""Hawk"", ""Gemini"", ""Alaris"", ""Braga""]","[0.9211022853851318, 0.3216293752193451, 0.31111472845077515, 0.2629157602787018, 0.21981504559516907]"
0,centroid,1,508,Vega,Vega,"[""Vega"", ""Hawk"", ""Braga"", ""Gemini"", ""Turbine""]","[0.8268365859985352, 0.42577654123306274, 0.32701998949050903, 0.2626979947090149, 0.19869694113731384]"
0,centroid,1,509,Vega,Vega,"[""Vega"", ""Alaris"", ""Turbine"", ""Gemini"", ""Hawk""]","[0.8837249279022217, 0.38860970735549927, 0.34322816133499146, 0.276117742061615, 0.2676120400428772]"
0,centroid,1,510,Vega,Vega,"[""Vega"", ""Alaris"", ""Turbine"", ""Hawk"", ""Gemini""]","[0.9249379634857178, 0.38463619351387024, 0.28315508365631104, 0.28234174847602844, 0.1674865484237671]"
0,centroid,1,511,Vega,Vega,"[""Vega"", ""Braga"", ""Gemini"", ""Turbine"", ""Alaris""]","[0.8810011148452759, 0.305124968290329, 0.27949291467666626, 0.2386608123779297, 0.22567491233348846]"
0,centroid,1,512,Vega,Vega,"[""Vega"", ""Hawk"", ""Alaris"", ""Turbine"", ""Gemini""]","[0.9337211847305298, 0.30346250534057617, 0.26747217774391174, 0.2077115774154663, 0.1798326075077057]"
0,centroid,1,513,Vega,Vega,"[""Vega"", ""Alaris"", ""Hawk"", ""Alcatras"", ""Gemini""]","[0.9259188175201416, 0.5695666074752808, 0.4121738076210022, 0.278132826089859, 0.24520345032215118]"
0,centroid,1,514,Vega,Vega,"[""Vega"", ""Alaris"", ""Trius"", ""Alcatras"", ""Braga""]","[0.7664337158203125, 0.6742162108421326, 0.5705740451812744, 0.46234506368637085, 0.4600433111190796]"
0,centroid,1,515,Vega,Vega,"[""Vega"", ""Alaris"", ""Trius"", ""Turbine"", ""Hawk""]","[0.8881347179412842, 0.5479340553283691, 0.3665817081928253, 0.36114558577537537, 0.3258102536201477]"
0,centroid,1,516,Vega,Vega,"[""Vega"", ""Alaris"", ""Turbine"", ""Hawk"", ""Braga""]","[0.8791649341583252, 0.3270564675331116, 0.2650499939918518, 0.26337969303131104, 0.15617243945598602]"
0,centroid,1,517,Vega,Vega,"[""Vega"", ""Nivalis"", ""Hawk"", ""Gemini"", ""Ratikon""]","[0.7973211407661438, 0.27515244483947754, 0.10609720647335052, 0.10055121779441833, 0.023927895352244377]"
0,centroid,1,518,Vega,Vega,"[""Vega"", ""Gemini"", ""Hawk"", ""Braga"", ""Alaris""]","[0.848863959312439, 0.45095735788345337, 0.4072932302951813, 0.2988576591014862, 0.09746617078781128]"
0,centroid,1,519,Velorum,Velorum,"[""Velorum"", ""Nivalis"", ""Denom"", ""Ilias"", ""Triton""]","[0.909536600112915, 0.28199803829193115, 0.27814024686813354, 0.2537161707878113, 0.19847622513771057]"
0,centroid,1,520,Velorum,Velorum,"[""Velorum"", ""Mytikas"", ""Castor"", ""Trius"", ""Triton""]","[0.8145290613174438, 0.42211276292800903, 0.3214920461177826, 0.30437374114990234, 0.2687922716140747]"
0,centroid,1,521,Velorum,Velorum,"[""Velorum"", ""Ilias"", ""Triton"", ""Trius"", ""Nivalis""]","[0.9280438423156738, 0.5295118093490601, 0.3873969316482544, 0.32426345348358154, 0.3185344338417053]"
0,centroid,1,522,Velorum,Velorum,"[""Velorum"", ""Denom"", ""Ilias"", ""Nivalis"", ""Trius""]","[0.8999878168106079, 0.4182211458683014, 0.4063902795314789, 0.35685664415359497, 0.32225650548934937]"
0,centroid,1,523,Velorum,Velorum,"[""Velorum"", ""Denom"", ""Triton"", ""Ilias"", ""Ratikon""]","[0.7352689504623413, 0.41757720708847046, 0.3920254707336426, 0.30053436756134033, 0.27055686712265015]"
0,centroid,1,524,Velorum,Velorum,"[""Velorum"", ""Ilias"", ""Denom"", ""Nivalis"", ""Alcatras""]","[0.8562899827957153, 0.4258207082748413, 0.31986990571022034, 0.25308671593666077, 0.2389267534017563]"
0,centroid,1,525,Velorum,Velorum,"[""Velorum"", ""Nivalis"", ""Ilias"", ""Denom"", ""Castor""]","[0.9218974709510803, 0.41080760955810547, 0.24561835825443268, 0.2246156930923462, 0.20974713563919067]"
0,centroid,1,526,Velorum,Velorum,"[""Velorum"", ""Ilias"", ""Denom"", ""Nivalis"", ""Xtreme""]","[0.9067131280899048, 0.44801783561706543, 0.33516353368759155, 0.31001344323158264, 0.29571807384490967]"
0,centroid,1,527,Velorum,Velorum,"[""Velorum"", ""Nivalis"", ""Ilias"", ""Denom"", ""Ratikon""]","[0.8528192043304443, 0.5733547210693359, 0.3078158497810364, 0.21234512329101562, 0.14273710548877716]"
0,centroid,1,528,Velorum,Velorum,"[""Velorum"", ""Ilias"", ""Nivalis"", ""Denom"", ""Xtreme""]","[0.9353266954421997, 0.5589277148246765, 0.47684693336486816, 0.3313791751861572, 0.23336157202720642]"
0,centroid,1,529,Velorum,Velorum,"[""Velorum"", ""Nivalis"", ""Ilias"", ""Mytikas"", ""Triton""]","[0.8285852670669556, 0.5319165587425232, 0.42432358860969543, 0.312531977891922, 0.3039856553077698]"
0,centroid,1,530,Velorum,Velorum,"[""Velorum"", ""Ilias"", ""Castor"", ""Denom"", ""Nivalis""]","[0.8508799076080322, 0.34381651878356934, 0.29785439372062683, 0.25773584842681885, 0.212096706032753]"
0,centroid,1,531,Velorum,Velorum,"[""Velorum"", ""Denom"", ""Ilias"", ""Nivalis"", ""Ratikon""]","[0.9282255172729492, 0.45447057485580444, 0.4167734980583191, 0.3870101273059845, 0.1620837301015854]"
0,centroid,1,532,Velorum,Velorum,"[""Velorum"", ""Nivalis"", ""Ilias"", ""Denom"", ""Triton""]","[0.9129818081855774, 0.5191906690597534, 0.49714019894599915, 0.2782517969608307, 0.20074062049388885]"
0,centroid,1,533,Velorum,Velorum,"[""Velorum"", ""Ilias"", ""Denom"", ""Nivalis"", ""Ratikon""]","[0.8896521925926208, 0.7025743126869202, 0.6519531607627869, 0.5533623099327087, 0.4499891996383667]"
0,centroid,1,534,Velorum,Velorum,"[""Velorum"", ""Castor"", ""Alcatras"", ""Triton"", ""Mytikas""]","[0.8195364475250244, 0.39885014295578003, 0.30452537536621094, 0.26124441623687744, 0.20841075479984283]"
0,centroid,1,535,Velorum,Velorum,"[""Velorum"", ""Nivalis"", ""Denom"", ""Ilias"", ""Ratikon""]","[0.8974298238754272, 0.5659893751144409, 0.5257948637008667, 0.40332117676734924, 0.3275226354598999]"
0,centroid,1,536,Velorum,Velorum,"[""Velorum"", ""Triton"", ""Ilias"", ""Mytikas"", ""Nivalis""]","[0.7854684591293335, 0.4827001690864563, 0.3557474613189697, 0.324022501707077, 0.2736666202545166]"
0,centroid,1,537,Velorum,Velorum,"[""Velorum"", ""Nivalis"", ""Ilias"", ""Denom"", ""Ratikon""]","[0.8685840964317322, 0.5747461318969727, 0.47193843126296997, 0.3246563673019409, 0.1993272453546524]"
0,centroid,1,538,Velorum,Velorum,"[""Velorum"", ""Triton"", ""Castor"", ""Trius"", ""Mytikas""]","[0.8067243099212646, 0.3891593813896179, 0.3674725294113159, 0.33224406838417053, 0.3205190896987915]"
0,centroid,1,539,Velorum,Velorum,"[""Velorum"", ""Ilias"", ""Nivalis"", ""Denom"", ""Trius""]","[0.937506914138794, 0.36519020795822144, 0.27927255630493164, 0.2740171253681183, 0.2695765793323517]"
0,centroid,1,540,Velorum,Velorum,"[""Velorum"", ""Nivalis"", ""Denom"", ""Ilias"", ""Ratikon""]","[0.9225989580154419, 0.6320303082466125, 0.583304226398468, 0.5771447420120239, 0.3935566246509552]"
0,centroid,1,541,Velorum,Velorum,"[""Velorum"", ""Ilias"", ""Denom"", ""Nivalis"", ""Ratikon""]","[0.9170379638671875, 0.5080724358558655, 0.40690726041793823, 0.3100486993789673, 0.22351574897766113]"
0,centroid,1,542,Velorum,Velorum,"[""Velorum"", ""Denom"", ""Nivalis"", ""Ilias"", ""Alcatras""]","[0.8351076245307922, 0.4107936918735504, 0.3014106750488281, 0.18192756175994873, 0.1672353446483612]"
0,centroid,1,543,Velorum,Velorum,"[""Velorum"", ""Ilias"", ""Nivalis"", ""Denom"", ""Castor""]","[0.9238719940185547, 0.32927414774894714, 0.3085786700248718, 0.29842257499694824, 0.19999997317790985]"
0,centroid,1,544,Velorum,Velorum,"[""Velorum"", ""Ilias"", ""Trius"", ""Triton"", ""Gemini""]","[0.6767908334732056, 0.6362371444702148, 0.4998830556869507, 0.40606456995010376, 0.3800530433654785]"
0,centroid,1,545,Velorum,Velorum,"[""Velorum"", ""Ilias"", ""Triton"", ""Mytikas"", ""Trius""]","[0.8939993977546692, 0.45912450551986694, 0.44556301832199097, 0.3585233688354492, 0.3207716941833496]"
0,centroid,1,546,Velorum,Velorum,"[""Velorum"", ""Ilias"", ""Nivalis"", ""Triton"", ""Denom""]","[0.9740979671478271, 0.48437559604644775, 0.3425038456916809, 0.2816566824913025, 0.23026886582374573]"
0,centroid,1,547,Velorum,Velorum,"[""Velorum"", ""Ilias"", ""Nivalis"", ""Alcatras"", ""Triton""]","[0.8567296266555786, 0.5452265739440918, 0.3900749087333679, 0.22599762678146362, 0.20929092168807983]"
0,centroid,1,548,Velorum,Velorum,"[""Velorum"", ""Ilias"", ""Nivalis"", ""Denom"", ""Ratikon""]","[0.9260897636413574, 0.6438487768173218, 0.5032989382743835, 0.4688054323196411, 0.26192706823349]"
0,centroid,1,549,Velorum,Velorum,"[""Velorum"", ""Denom"", ""Ilias"", ""Ratikon"", ""Nivalis""]","[0.8563493490219116, 0.571645200252533, 0.43632593750953674, 0.36071887612342834, 0.3468210697174072]"
0,centroid,1,550,Velorum,Velorum,"[""Velorum"", ""Ilias"", ""Denom"", ""Nivalis"", ""Ratikon""]","[0.7033064961433411, 0.5494575500488281, 0.4752141535282135, 0.3642803430557251, 0.34921586513519287]"
0,centroid,1,551,Velorum,Velorum,"[""Velorum"", ""Nivalis"", ""Ilias"", ""Castor"", ""Triton""]","[0.8752725124359131, 0.45711538195610046, 0.2984490692615509, 0.2542312741279602, 0.2149510532617569]"
0,centroid,1,552,Velorum,Velorum,"[""Velorum"", ""Ilias"", ""Denom"", ""Triton"", ""Ratikon""]","[0.8233400583267212, 0.6774883270263672, 0.5209638476371765, 0.42969146370887756, 0.40400707721710205]"
0,centroid,1,553,Velorum,Velorum,"[""Velorum"", ""Ilias"", ""Denom"", ""Triton"", ""Trius""]","[0.8319157361984253, 0.5240730047225952, 0.42528605461120605, 0.4163169860839844, 0.3420952558517456]"
0,centroid,1,554,Velorum,Velorum,"[""Velorum"", ""Ilias"", ""Denom"", ""Triton"", ""Nivalis""]","[0.9036705493927002, 0.5283953547477722, 0.3800578713417053, 0.3740164041519165, 0.3526460528373718]"
0,centroid,1,555,Velorum,Velorum,"[""Velorum"", ""Nivalis"", ""Ilias"", ""Ratikon"", ""Denom""]","[0.7633551359176636, 0.5399556159973145, 0.3524346947669983, 0.18899649381637573, 0.09667541086673737]"
0,centroid,1,556,Velorum,Velorum,"[""Velorum"", ""Denom"", ""Ilias"", ""Triton"", ""Nivalis""]","[0.8088556528091431, 0.5037176012992859, 0.4855964779853821, 0.41339653730392456, 0.3998870849609375]"
0,centroid,1,557,Velorum,Velorum,"[""Velorum"", ""Ilias"", ""Nivalis"", ""Denom"", ""Ratikon""]","[0.7791427373886108, 0.6065939664840698, 0.5824167132377625, 0.28531280159950256, 0.2754460275173187]"
0,centroid,1,558,Velorum,Velorum,"[""Velorum"", ""Ilias"", ""Triton"", ""Trius"", ""Alcatras""]","[0.8523217439651489, 0.6147360801696777, 0.37116432189941406, 0.3602246046066284, 0.3371741771697998]"
0,centroid,1,559,Velorum,Velorum,"[""Velorum"", ""Ilias"", ""Alcatras"", ""Nivalis"", ""Hawk""]","[0.9062219858169556, 0.3408007323741913, 0.25106948614120483, 0.18498603999614716, 0.15544584393501282]"
0,centroid,1,560,Velorum,Velorum,"[""Velorum"", ""Ilias"", ""Denom"", ""Trius"", ""Triton""]","[0.9016913175582886, 0.5496171116828918, 0.45273375511169434, 0.40207090973854065, 0.31235986948013306]"
0,centroid,1,561,Velorum,Velorum,"[""Velorum"", ""Ilias"", ""Nivalis"", ""Triton"", ""Mytikas""]","[0.9601162672042847, 0.4689132869243622, 0.3427142798900604, 0.2639314830303192, 0.261893093585968]"
0,centroid,1,562,Velorum,Velorum,"[""Velorum"", ""Ilias"", ""Alcatras"", ""Triton"", ""Trius""]","[0.874401330947876, 0.45465829968452454, 0.43284204602241516, 0.3557804524898529, 0.32170289754867554]"
0,centroid,1,563,Velorum,Velorum,"[""Velorum"", ""Mytikas"", ""Ilias"", ""Trius"", ""Alcatras""]","[0.90573650598526, 0.25803667306900024, 0.24906694889068604, 0.2389717400074005, 0.23689240217208862]"
0,centroid,1,564,Velorum,Velorum,"[""Velorum"", ""Ilias"", ""Xtreme"", ""Triton"", ""Nivalis""]","[0.9142583012580872, 0.5049786567687988, 0.31711074709892273, 0.2756454348564148, 0.2336575984954834]"
0,centroid,1,565,Velorum,Velorum,"[""Velorum"", ""Nivalis"", ""Ilias"", ""Triton"", ""Mytikas""]","[0.9012723565101624, 0.46004217863082886, 0.4151788353919983, 0.2664352059364319, 0.24321231245994568]"
0,centroid,1,566,Velorum,Velorum,"[""Velorum"", ""Ilias"", ""Denom"", ""Nivalis"", ""Ratikon""]","[0.9100037217140198, 0.6842315793037415, 0.5127754807472229, 0.44248682260513306, 0.35931867361068726]"
0,centroid,1,567,Velorum,Velorum,"[""Velorum"", ""Ilias"", ""Trius"", ""Triton"", ""Mytikas""]","[0.9128150343894958, 0.4159688353538513, 0.35136544704437256, 0.3505304455757141, 0.2896038293838501]"
0,centroid,1,568,Velorum,Velorum,"[""Velorum"", ""Ilias"", ""Nivalis"", ""Triton"", ""Denom""]","[0.9214320778846741, 0.4476116895675659, 0.4372047185897827, 0.22606715559959412, 0.22414043545722961]"
0,centroid,1,569,Velorum,Velorum,"[""Velorum"", ""Ilias"", ""Nivalis"", ""Denom"", ""Triton""]","[0.9386444687843323, 0.6295449137687683, 0.43035387992858887, 0.40995877981185913, 0.3796938955783844]"
0,centroid,1,570,Velorum,Velorum,"[""Velorum"", ""Triton"", ""Ilias"", ""Trius"", ""Alcatras""]","[0.6935189962387085, 0.5679486989974976, 0.5379353165626526, 0.47786498069763184, 0.46686282753944397]"
0,centroid,1,571,Velorum,Velorum,"[""Velorum"", ""Xtreme"", ""Triton"", ""Mytikas"", ""Ilias""]","[0.8325311541557312, 0.40589287877082825, 0.3317265212535858, 0.30734020471572876, 0.28872349858283997]"
0,centroid,1,572,Velorum,Velorum,"[""Velorum"", ""Ilias"", ""Nivalis"", ""Denom"", ""Mytikas""]","[0.8544756174087524, 0.5539350509643555, 0.5045501589775085, 0.3708646297454834, 0.2829236388206482]"
0,centroid,1,573,Velorum,Velorum,"[""Velorum"", ""Nivalis"", ""Ilias"", ""Denom"", ""Ratikon""]","[0.8807184100151062, 0.6205945014953613, 0.5257583260536194, 0.5071595907211304, 0.3170948028564453]"
0,centroid,1,574,Velorum,Velorum,"[""Velorum"", ""Ilias"", ""Nivalis"", ""Ratikon"", ""Denom""]","[0.8618206977844238, 0.5356969237327576, 0.45842868089675903, 0.38469070196151733, 0.27090680599212646]"
0,centroid,1,575,Velorum,Velorum,"[""Velorum"", ""Nivalis"", ""Denom"", ""Ilias"", ""Xtreme""]","[0.9319619536399841, 0.4364018142223358, 0.3059731721878052, 0.2968888580799103, 0.12096374481916428]"
0,centroid,1,576,Velorum,Velorum,"[""Velorum"", ""Ilias"", ""Nivalis"", ""Denom"", ""Ratikon""]","[0.9640885591506958, 0.5407750606536865, 0.45211857557296753, 0.411379873752594, 0.28486478328704834]"
0,centroid,1,577,Velorum,Velorum,"[""Velorum"", ""Denom"", ""Nivalis"", ""Ilias"", ""Ratikon""]","[0.828681230545044, 0.4279954135417938, 0.38054436445236206, 0.2962207496166229, 0.17338669300079346]"
0,centroid,1,578,Velorum,Velorum,"[""Velorum"", ""Nivalis"", ""Denom"", ""Ilias"", ""Mytikas""]","[0.8119843006134033, 0.48126021027565, 0.26155897974967957, 0.14996980130672455, 0.13954541087150574]"
0,centroid,1,579,Xtreme,Xtreme,"[""Xtreme"", ""Gemini"", ""Ilias"", ""Hawk"", ""Denom""]","[0.9154584407806396, 0.5697460174560547, 0.07656047493219376, 0.06374992430210114, 0.05571574717760086]"
0,centroid,1,580,Xtreme,Xtreme,"[""Xtreme"", ""Gemini"", ""Braga"", ""Triton"", ""Denom""]","[0.8178018927574158, 0.5718323588371277, 0.2014114111661911, 0.20057174563407898, 0.16639210283756256]"
0,centroid,1,581,Xtreme,Xtreme,"[""Xtreme"", ""Gemini"", ""Braga"", ""Hawk"", ""Trius""]","[0.9225163459777832, 0.6393709182739258, 0.22471883893013, 0.1151590347290039, 0.0674273744225502]"
0,centroid,1,582,Xtreme,Xtreme,"[""Xtreme"", ""Gemini"", ""Braga"", ""Triton"", ""Trius""]","[0.7962883710861206, 0.5942312479019165, 0.31950852274894714, 0.27446019649505615, 0.2697194218635559]"
0,centroid,1,583,Xtreme,Xtreme,"[""Xtreme"", ""Gemini"", ""Braga"", ""Mytikas"", ""Hawk""]","[0.8656481504440308, 0.3806441128253937, 0.16072902083396912, 0.10686510801315308, 0.06665659695863724]"
0,centroid,1,584,Xtreme,Xtreme,"[""Xtreme"", ""Gemini"", ""Denom"", ""Nivalis"", ""Ilias""]","[0.9267992377281189, 0.41793859004974365, 0.13863760232925415, 0.13694345951080322, 0.07145492732524872]"
0,centroid,1,585,Xtreme,Xtreme,"[""Xtreme"", ""Gemini"", ""Ilias"", ""Denom"", ""Braga""]","[0.9502904415130615, 0.6216234564781189, 0.1721183955669403, 0.07741902768611908, 0.02412259951233864]"
0,centroid,1,586,Xtreme,Xtreme,"[""Xtreme"", ""Gemini"", ""Velorum"", ""Denom"", ""Ilias""]","[0.8475239872932434, 0.5574569702148438, 0.1469033807516098, 0.1426599770784378, 0.12313307076692581]"
0,centroid,1,587,Xtreme,Xtreme,"[""Xtreme"", ""Gemini"", ""Nivalis"", ""Ilias"", ""Denom""]","[0.9472237825393677, 0.4227606952190399, 0.14154773950576782, 0.11898408830165863, 0.10826373100280762]"
0,centroid,1,588,Xtreme,Xtreme,"[""Xtreme"", ""Gemini"", ""Ilias"", ""Velorum"", ""Denom""]","[0.9133216142654419, 0.5382281541824341, 0.056199073791503906, 0.05593622848391533, 0.05462920665740967]"
0,centroid,1,589,Xtreme,Xtreme,"[""Xtreme"", ""Gemini"", ""Denom"", ""Ilias"", ""Hawk""]","[0.8898366689682007, 0.5829368829727173, 0.15389132499694824, 0.13113385438919067, 0.0715520828962326]"
0,centroid,1,590,Xtreme,Xtreme,"[""Xtreme"", ""Gemini"", ""Braga"", ""Mytikas"", ""Ilias""]","[0.9658055305480957, 0.46564602851867676, 0.06663448363542557, 0.060749560594558716, 0.029907479882240295]"
0,centroid,1,591,Xtreme,Xtreme,"[""Xtreme"", ""Gemini"", ""Hawk"", ""Denom"", ""Ilias""]","[0.9394625425338745, 0.48077163100242615, 0.0530974380671978, 0.02119901031255722, -0.0033480674028396606]"
0,centroid,1,592,Xtreme,Xtreme,"[""Xtreme"", ""Gemini"", ""Braga"", ""Triton"", ""Mytikas""]","[0.8891960382461548, 0.5769628286361694, 0.2797629237174988, 0.2201845943927765, 0.1617491990327835]"
0,centroid,1,593,Xtreme,Xtreme,"[""Xtreme"", ""Gemini"", ""Ilias"", ""Nivalis"", ""Velorum""]","[0.8769024014472961, 0.3173215091228485, 0.2778567671775818, 0.26939794421195984, 0.2671160399913788]"
0,centroid,1,594,Xtreme,Xtreme,"[""Xtreme"", ""Gemini"", ""Velorum"", ""Denom"", ""Ilias""]","[0.9115153551101685, 0.24105848371982574, 0.14172929525375366, 0.09892187267541885, 0.02072492241859436]"
0,centroid,1,595,Xtreme,Xtreme,"[""Xtreme"", ""Gemini"", ""Velorum"", ""Steel_Wheel"", ""Hawk""]","[0.9341716170310974, 0.3222775459289551, 0.07668806612491608, 0.07375508546829224, 0.04430849105119705]"
0,centroid,1,596,Xtreme,Xtreme,"[""Xtreme"", ""Gemini"", ""Ilias"", ""Velorum"", ""Hawk""]","[0.9673534631729126, 0.48805439472198486, 0.14120468497276306, 0.10700107365846634, 0.06511124968528748]"
0,centroid,1,597,Xtreme,Xtreme,"[""Xtreme"", ""Gemini"", ""Braga"", ""Triton"", ""Mytikas""]","[0.8762242197990417, 0.49201518297195435, 0.35025709867477417, 0.27110612392425537, 0.2459886521100998]"
0,centroid,1,598,Xtreme,Xtreme,"[""Xtreme"", ""Gemini"", ""Hawk"", ""Denom"", ""Steel_Wheel""]","[0.8965330123901367, 0.5300647020339966, 0.09420396387577057, 0.0390145406126976, 0.025914568454027176]"
0,centroid,1,599,Xtreme,Xtreme,"[""Xtreme"", ""Gemini"", ""Velorum"", ""Nivalis"", ""Hawk""]","[0.9223480820655823, 0.34263473749160767, 0.2117764949798584, 0.08174548298120499, 0.07203865051269531]"
0,centroid,1,600,Xtreme,Xtreme,"[""Xtreme"", ""Gemini"", ""Steel_Wheel"", ""Ilias"", ""Denom""]","[0.9501447677612305, 0.40529510378837585, 0.047694116830825806, 0.01810990273952484, -0.0037295594811439514]"
0,centroid,1,601,Xtreme,Xtreme,"[""Xtreme"", ""Gemini"", ""Hawk"", ""Braga"", ""Ilias""]","[0.8701690435409546, 0.2913004755973816, 0.2166060209274292, 0.029190361499786377, 0.018142826855182648]"
0,centroid,1,602,Xtreme,Xtreme,"[""Xtreme"", ""Gemini"", ""Braga"", ""Ilias"", ""Triton""]","[0.9667381644248962, 0.4529727101325989, 0.1307404339313507, 0.07611339539289474, 0.07221052050590515]"
0,centroid,1,603,Xtreme,Xtreme,"[""Xtreme"", ""Gemini"", ""Braga"", ""Denom"", ""Hawk""]","[0.9535312056541443, 0.5329892635345459, 0.12083546817302704, 0.07015752047300339, 0.038163695484399796]"
0,centroid,1,604,Xtreme,Xtreme,"[""Xtreme"", ""Gemini"", ""Braga"", ""Trius"", ""Triton""]","[0.8423314690589905, 0.5672475099563599, 0.3814394176006317, 0.2022082507610321, 0.19354133307933807]"
0,centroid,1,605,Xtreme,Xtreme,"[""Xtreme"", ""Gemini"", ""Denom"", ""Ilias"", ""Nivalis""]","[0.886937141418457, 0.5754490494728088, 0.1787177473306656, 0.16068504750728607, 0.04378355294466019]"
0,centroid,1,606,Xtreme,Xtreme,"[""Xtreme"", ""Ilias"", ""Gemini"", ""Triton"", ""Denom""]","[0.7809873223304749, 0.4569251239299774, 0.40659716725349426, 0.3313479423522949, 0.2783393859863281]"
0,centroid,1,607,Xtreme,Xtreme,"[""Xtreme"", ""Gemini"", ""Hawk"", ""Mytikas"", ""Braga""]","[0.8944313526153564, 0.3857935667037964, 0.1848265528678894, 0.11789724230766296, 0.09024952352046967]"
0,centroid,1,608,Xtreme,Xtreme,"[""Xtreme"", ""Gemini"", ""Braga"", ""Steel_Wheel"", ""Denom""]","[0.9296485185623169, 0.4700023829936981, 0.10307112336158752, 0.07951565086841583, 0.0517062172293663]"
0,centroid,1,609,Xtreme,Xtreme,"[""Xtreme"", ""Gemini"", ""Braga"", ""Hawk"", ""Velorum""]","[0.9392628073692322, 0.43662792444229126, 0.19973677396774292, 0.11888720095157623, 0.06870637834072113]"
0,centroid,1,610,Xtreme,Xtreme,"[""Xtreme"", ""Gemini"", ""Ilias"", ""Trius"", ""Denom""]","[0.9043781757354736, 0.7044298648834229, 0.1786436289548874, 0.14664803445339203, 0.11580857634544373]"
0,centroid,1,611,Xtreme,Xtreme,"[""Xtreme"", ""Gemini"", ""Velorum"", ""Steel_Wheel"", ""Ilias""]","[0.9412500858306885, 0.3630053997039795, 0.12521053850650787, 0.12261416018009186, 0.021487191319465637]"
0,centroid,1,612,Xtreme,Xtreme,"[""Xtreme"", ""Gemini"", ""Ilias"", ""Denom"", ""Nivalis""]","[0.9487128257751465, 0.5128343105316162, 0.1243060752749443, 0.0771409273147583, 0.04982147738337517]"
0,centroid,1,613,Xtreme,Xtreme,"[""Xtreme"", ""Gemini"", ""Velorum"", ""Braga"", ""Steel_Wheel""]","[0.9397808313369751, 0.299548476934433, 0.050089120864868164, 0.026381609961390495, 0.01480410248041153]"
0,centroid,1,614,Xtreme,Xtreme,"[""Xtreme"", ""Gemini"", ""Velorum"", ""Mytikas"", ""Ilias""]","[0.9670119881629944, 0.4686439335346222, 0.18139716982841492, 0.16145676374435425, 0.1591343879699707]"
0,centroid,1,615,Xtreme,Xtreme,"[""Xtreme"", ""Gemini"", ""Ilias"", ""Denom"", ""Triton""]","[0.9231311082839966, 0.4881512224674225, 0.15417495369911194, 0.14134246110916138, 0.08535892516374588]"
0,centroid,1,616,Xtreme,Xtreme,"[""Xtreme"", ""Gemini"", ""Braga"", ""Triton"", ""Ilias""]","[0.911819338798523, 0.5991965532302856, 0.3021133542060852, 0.2056148499250412, 0.12846508622169495]"
