fold,retrieval_mode,topn,query_index,true_label,top1_predicted_label,top_k_labels,top_k_scores
0,centroid,1,0,Alaris,Alaris,"[""Alaris"", ""Alcatras"", ""Hawk"", ""Braga"", ""Trius""]","[0.70457923412323, 0.575230598449707, 0.4394168257713318, 0.4365153908729553, 0.3544467091560364]"
0,centroid,1,1,Alaris,Alaris,"[""Alaris"", ""Alcatras"", ""Trius"", ""Triton"", ""Braga""]","[0.8655097484588623, 0.5976157784461975, 0.5433801412582397, 0.37272992730140686, 0.3080028295516968]"
0,centroid,1,2,Alaris,Alcatras,"[""Alcatras"", ""Castor"", ""Alaris"", ""Mytikas"", ""Braga""]","[0.8100812435150146, 0.6563676595687866, 0.6260726451873779, 0.47547173500061035, 0.4600646495819092]"
0,centroid,1,3,Alaris,Alaris,"[""Alaris"", ""Alcatras"", ""Steel_Wheel"", ""Turbine"", ""Hawk""]","[0.5957412719726562, 0.3459976315498352, 0.3188318610191345, 0.312313437461853, 0.28487396240234375]"
0,centroid,1,4,Alaris,Alaris,"[""Alaris"", ""Alcatras"", ""Vega"", ""Trius"", ""Hawk""]","[0.90671306848526, 0.5587582588195801, 0.3022835850715637, 0.24510863423347473, 0.22921207547187805]"
0,centroid,1,5,Alaris,Alaris,"[""Alaris"", ""Alcatras"", ""Trius"", ""Braga"", ""Vega""]","[0.8947165012359619, 0.726737380027771, 0.44156837463378906, 0.44086194038391113, 0.34281131625175476]"
0,centroid,1,6,Alaris,Alaris,"[""Alaris"", ""Trius"", ""Alcatras"", ""Vega"", ""Turbine""]","[0.8165180683135986, 0.5494363903999329, 0.5125341415405273, 0.321506142616272, 0.27582746744155884]"
0,centroid,1,7,Alaris,Alaris,"[""Alaris"", ""Alcatras"", ""Vega"", ""Hawk"", ""Trius""]","[0.8903182744979858, 0.4968450665473938, 0.36837247014045715, 0.2741616368293762, 0.20883320271968842]"
0,centroid,1,8,Alaris,Alaris,"[""Alaris"", ""Braga"", ""Alcatras"", ""Trius"", ""Mytikas""]","[0.7485852241516113, 0.6615076661109924, 0.6377937197685242, 0.43191075325012207, 0.25541093945503235]"
0,centroid,1,9,Alaris,Alaris,"[""Alaris"", ""Alcatras"", ""Trius"", ""Castor"", ""Braga""]","[0.8884696960449219, 0.7468767762184143, 0.3815656304359436, 0.2920553982257843, 0.17341890931129456]"
0,centroid,1,10,Alaris,Alaris,"[""Alaris"", ""Alcatras"", ""Trius"", ""Braga"", ""Vega""]","[0.8269780874252319, 0.6963369846343994, 0.5565850138664246, 0.5347815752029419, 0.39188945293426514]"
0,centroid,1,11,Alaris,Alcatras,"[""Alcatras"", ""Alaris"", ""Braga"", ""Castor"", ""Trius""]","[0.8474323153495789, 0.622565507888794, 0.5154496431350708, 0.4178650379180908, 0.2587692141532898]"
0,centroid,1,12,Alaris,Alcatras,"[""Alcatras"", ""Castor"", ""Mytikas"", ""Triton"", ""Trius""]","[0.6274970769882202, 0.5941905975341797, 0.49494487047195435, 0.4249066114425659, 0.4142340123653412]"
0,centroid,1,13,Alaris,Hawk,"[""Hawk"", ""Braga"", ""Alcatras"", ""Alaris"", ""Trius""]","[0.5161239504814148, 0.39656585454940796, 0.2602412700653076, 0.25739216804504395, 0.21200793981552124]"
0,centroid,1,14,Alaris,Mytikas,"[""Mytikas"", ""Triton"", ""Alcatras"", ""Trius"", ""Braga""]","[0.5951665639877319, 0.5774860382080078, 0.49043846130371094, 0.4041454493999481, 0.3883766233921051]"
0,centroid,1,15,Alaris,Alaris,"[""Alaris"", ""Alcatras"", ""Hawk"", ""Trius"", ""Braga""]","[0.8438581228256226, 0.7997108697891235, 0.32153838872909546, 0.27901408076286316, 0.25723427534103394]"
0,centroid,1,16,Alaris,Alaris,"[""Alaris"", ""Alcatras"", ""Trius"", ""Hawk"", ""Turbine""]","[0.8991425037384033, 0.5559334754943848, 0.34505489468574524, 0.3104346990585327, 0.2835097312927246]"
0,centroid,1,17,Alaris,Alaris,"[""Alaris"", ""Trius"", ""Braga"", ""Triton"", ""Alcatras""]","[0.7122114896774292, 0.565483570098877, 0.4355258345603943, 0.41837039589881897, 0.34464338421821594]"
0,centroid,1,18,Alaris,Alaris,"[""Alaris"", ""Alcatras"", ""Turbine"", ""Hawk"", ""Vega""]","[0.8906484842300415, 0.6168164014816284, 0.31226295232772827, 0.23523187637329102, 0.20503532886505127]"
0,centroid,1,19,Alaris,Alaris,"[""Alaris"", ""Alcatras"", ""Braga"", ""Trius"", ""Hawk""]","[0.6428658962249756, 0.6194731593132019, 0.5362219214439392, 0.4168534576892853, 0.37306955456733704]"
0,centroid,1,20,Alaris,Trius,"[""Trius"", ""Alaris"", ""Alcatras"", ""Braga"", ""Mytikas""]","[0.6668924689292908, 0.6332069635391235, 0.6160228252410889, 0.5905381441116333, 0.28343743085861206]"
0,centroid,1,21,Alaris,Alaris,"[""Alaris"", ""Vega"", ""Alcatras"", ""Trius"", ""Ratikon""]","[0.7743492126464844, 0.4162429869174957, 0.39933204650878906, 0.35382044315338135, 0.12406069040298462]"
0,centroid,1,22,Alaris,Alaris,"[""Alaris"", ""Trius"", ""Alcatras"", ""Braga"", ""Vega""]","[0.7129663228988647, 0.5982915163040161, 0.4748260974884033, 0.4096323251724243, 0.3058399260044098]"
0,centroid,1,23,Alaris,Mytikas,"[""Mytikas"", ""Trius"", ""Alaris"", ""Vega"", ""Turbine""]","[0.5924063920974731, 0.5447527170181274, 0.48512154817581177, 0.43778425455093384, 0.43058907985687256]"
0,centroid,1,24,Alaris,Alaris,"[""Alaris"", ""Alcatras"", ""Trius"", ""Ratikon"", ""Ilias""]","[0.7933982610702515, 0.5172884464263916, 0.3136630058288574, 0.18972747027873993, 0.14807884395122528]"
0,centroid,1,25,Alaris,Alaris,"[""Alaris"", ""Alcatras"", ""Turbine"", ""Trius"", ""Vega""]","[0.8528028726577759, 0.5640510320663452, 0.38523805141448975, 0.29800599813461304, 0.24266833066940308]"
0,centroid,1,26,Alaris,Alaris,"[""Alaris"", ""Trius"", ""Alcatras"", ""Turbine"", ""Vega""]","[0.8533453345298767, 0.5116274356842041, 0.4104400873184204, 0.26825642585754395, 0.23522089421749115]"
0,centroid,1,27,Alaris,Alaris,"[""Alaris"", ""Alcatras"", ""Vega"", ""Turbine"", ""Hawk""]","[0.7441408038139343, 0.4998355507850647, 0.4540541172027588, 0.25376054644584656, 0.2352401316165924]"
0,centroid,1,28,Alcatras,Alcatras,"[""Alcatras"", ""Alaris"", ""Braga"", ""Castor"", ""Hawk""]","[0.8258417844772339, 0.5084741115570068, 0.41581058502197266, 0.391457200050354, 0.2788618803024292]"
0,centroid,1,29,Alcatras,Alcatras,"[""Alcatras"", ""Trius"", ""Alaris"", ""Velorum"", ""Castor""]","[0.6947121620178223, 0.6262452006340027, 0.4578079581260681, 0.40426403284072876, 0.37678006291389465]"
0,centroid,1,30,Alcatras,Alcatras,"[""Alcatras"", ""Alaris"", ""Castor"", ""Hawk"", ""Vega""]","[0.847724974155426, 0.6732832193374634, 0.28925958275794983, 0.2558532953262329, 0.23896904289722443]"
0,centroid,1,31,Alcatras,Alcatras,"[""Alcatras"", ""Alaris"", ""Turbine"", ""Castor"", ""Vega""]","[0.6929268836975098, 0.583222508430481, 0.493022084236145, 0.47641682624816895, 0.22683048248291016]"
0,centroid,1,32,Alcatras,Alcatras,"[""Alcatras"", ""Alaris"", ""Hawk"", ""Castor"", ""Braga""]","[0.8732514977455139, 0.6978395581245422, 0.3489344120025635, 0.3246779441833496, 0.26564228534698486]"
0,centroid,1,33,Alcatras,Castor,"[""Castor"", ""Alcatras"", ""Trius"", ""Mytikas"", ""Turbine""]","[0.7585450410842896, 0.7034999132156372, 0.51378333568573, 0.44412583112716675, 0.44402021169662476]"
0,centroid,1,34,Alcatras,Alcatras,"[""Alcatras"", ""Alaris"", ""Castor"", ""Braga"", ""Trius""]","[0.936396598815918, 0.6788167953491211, 0.479145884513855, 0.3735228180885315, 0.3462202847003937]"
0,centroid,1,35,Alcatras,Alcatras,"[""Alcatras"", ""Alaris"", ""Hawk"", ""Gemini"", ""Braga""]","[0.7261778116226196, 0.565367579460144, 0.45371341705322266, 0.40754905343055725, 0.4012347459793091]"
0,centroid,1,36,Alcatras,Alaris,"[""Alaris"", ""Alcatras"", ""Turbine"", ""Vega"", ""Hawk""]","[0.6958804726600647, 0.6914015412330627, 0.5241343379020691, 0.4051526188850403, 0.34446167945861816]"
0,centroid,1,37,Alcatras,Alcatras,"[""Alcatras"", ""Castor"", ""Braga"", ""Alaris"", ""Trius""]","[0.748155951499939, 0.5621599555015564, 0.5158442258834839, 0.47403693199157715, 0.44384342432022095]"
0,centroid,1,38,Alcatras,Alcatras,"[""Alcatras"", ""Alaris"", ""Hawk"", ""Castor"", ""Vega""]","[0.8061643242835999, 0.5780123472213745, 0.36808058619499207, 0.3165585994720459, 0.2725887894630432]"
0,centroid,1,39,Alcatras,Alaris,"[""Alaris"", ""Alcatras"", ""Turbine"", ""Castor"", ""Braga""]","[0.7498631477355957, 0.734174370765686, 0.4378408193588257, 0.3424776792526245, 0.26206013560295105]"
0,centroid,1,40,Alcatras,Alcatras,"[""Alcatras"", ""Alaris"", ""Castor"", ""Braga"", ""Mytikas""]","[0.7768311500549316, 0.46610724925994873, 0.45819056034088135, 0.41604161262512207, 0.4040127992630005]"
0,centroid,1,41,Alcatras,Alcatras,"[""Alcatras"", ""Alaris"", ""Braga"", ""Trius"", ""Triton""]","[0.864654541015625, 0.590749204158783, 0.5625874996185303, 0.4583083987236023, 0.3887336552143097]"
0,centroid,1,42,Alcatras,Castor,"[""Castor"", ""Alcatras"", ""Mytikas"", ""Turbine"", ""Triton""]","[0.7765321731567383, 0.6102521419525146, 0.4362538158893585, 0.3931129276752472, 0.33019399642944336]"
0,centroid,1,43,Alcatras,Castor,"[""Castor"", ""Triton"", ""Mytikas"", ""Trius"", ""Turbine""]","[0.6832467913627625, 0.5325052738189697, 0.4985736608505249, 0.4701923429965973, 0.4472352862358093]"
0,centroid,1,44,Alcatras,Alcatras,"[""Alcatras"", ""Castor"", ""Alaris"", ""Trius"", ""Mytikas""]","[0.7052423357963562, 0.6839097738265991, 0.5868258476257324, 0.546442985534668, 0.4337218999862671]"
0,centroid,1,45,Alcatras,Braga,"[""Braga"", ""Castor"", ""Mytikas"", ""Triton"", ""Alcatras""]","[0.674690842628479, 0.6292091012001038, 0.6114135980606079, 0.5681748390197754, 0.5634185671806335]"
0,centroid,1,46,Alcatras,Alcatras,"[""Alcatras"", ""Alaris"", ""Castor"", ""Turbine"", ""Mytikas""]","[0.5709482431411743, 0.4675973653793335, 0.4268166422843933, 0.35942965745925903, 0.3571596145629883]"
0,centroid,1,47,Alcatras,Alcatras,"[""Alcatras"", ""Alaris"", ""Braga"", ""Castor"", ""Mytikas""]","[0.8533434271812439, 0.6789790391921997, 0.5983165502548218, 0.4004669189453125, 0.3986307978630066]"
0,centroid,1,48,Alcatras,Alcatras,"[""Alcatras"", ""Alaris"", ""Trius"", ""Braga"", ""Castor""]","[0.8982490301132202, 0.6626939177513123, 0.5161169767379761, 0.5088973045349121, 0.4376645088195801]"
0,centroid,1,49,Alcatras,Alcatras,"[""Alcatras"", ""Alaris"", ""Castor"", ""Hawk"", ""Braga""]","[0.8600461483001709, 0.594142496585846, 0.362076997756958, 0.3313028812408447, 0.20004591345787048]"
0,centroid,1,50,Alcatras,Alcatras,"[""Alcatras"", ""Mytikas"", ""Braga"", ""Castor"", ""Trius""]","[0.7639620900154114, 0.6638829708099365, 0.6352863311767578, 0.629702627658844, 0.5827590227127075]"
0,centroid,1,51,Alcatras,Alaris,"[""Alaris"", ""Alcatras"", ""Hawk"", ""Steel_Wheel"", ""Vega""]","[0.6333993077278137, 0.5638211965560913, 0.4666517972946167, 0.27363818883895874, 0.17299067974090576]"
0,centroid,1,52,Alcatras,Alcatras,"[""Alcatras"", ""Braga"", ""Mytikas"", ""Castor"", ""Alaris""]","[0.6031513810157776, 0.43451812863349915, 0.4084039628505707, 0.4067629873752594, 0.3756569027900696]"
0,centroid,1,53,Alcatras,Alcatras,"[""Alcatras"", ""Alaris"", ""Hawk"", ""Braga"", ""Mytikas""]","[0.7340062856674194, 0.5653283596038818, 0.46170905232429504, 0.438714861869812, 0.3049957752227783]"
0,centroid,1,54,Braga,Braga,"[""Braga"", ""Turbine"", ""Hawk"", ""Alcatras"", ""Vega""]","[0.8965240120887756, 0.35741275548934937, 0.3463113605976105, 0.32059693336486816, 0.3041287660598755]"
0,centroid,1,55,Braga,Mytikas,"[""Mytikas"", ""Braga"", ""Castor"", ""Triton"", ""Hawk""]","[0.6412844061851501, 0.6371402740478516, 0.3980303704738617, 0.34928539395332336, 0.3317130506038666]"
0,centroid,1,56,Braga,Braga,"[""Braga"", ""Hawk"", ""Alcatras"", ""Alaris"", ""Turbine""]","[0.8093384504318237, 0.5999690294265747, 0.41178926825523376, 0.35404089093208313, 0.3119593560695648]"
0,centroid,1,57,Braga,Braga,"[""Braga"", ""Trius"", ""Triton"", ""Vega"", ""Gemini""]","[0.885409951210022, 0.32730141282081604, 0.32373833656311035, 0.2695932686328888, 0.24131989479064941]"
0,centroid,1,58,Braga,Braga,"[""Braga"", ""Hawk"", ""Vega"", ""Gemini"", ""Turbine""]","[0.7061081528663635, 0.6215502023696899, 0.5951166152954102, 0.43089133501052856, 0.41484323143959045]"
0,centroid,1,59,Braga,Braga,"[""Braga"", ""Vega"", ""Alcatras"", ""Trius"", ""Triton""]","[0.7910588383674622, 0.5927979946136475, 0.48219528794288635, 0.46377798914909363, 0.4541366696357727]"
0,centroid,1,60,Braga,Braga,"[""Braga"", ""Xtreme"", ""Gemini"", ""Vega"", ""Turbine""]","[0.7240773439407349, 0.4310617446899414, 0.3754346966743469, 0.26510941982269287, 0.18385566771030426]"
0,centroid,1,61,Braga,Mytikas,"[""Mytikas"", ""Triton"", ""Castor"", ""Turbine"", ""Braga""]","[0.7081112861633301, 0.671972930431366, 0.6253284811973572, 0.5563169121742249, 0.5460477471351624]"
0,centroid,1,62,Braga,Braga,"[""Braga"", ""Alcatras"", ""Castor"", ""Turbine"", ""Trius""]","[0.7023399472236633, 0.49153321981430054, 0.4783630073070526, 0.45834821462631226, 0.23371243476867676]"
0,centroid,1,63,Braga,Braga,"[""Braga"", ""Turbine"", ""Triton"", ""Mytikas"", ""Vega""]","[0.8596749305725098, 0.4747467339038849, 0.41584962606430054, 0.34330955147743225, 0.2979586124420166]"
0,centroid,1,64,Braga,Braga,"[""Braga"", ""Triton"", ""Alcatras"", ""Mytikas"", ""Castor""]","[0.9014194011688232, 0.5098534226417542, 0.4630504846572876, 0.45201176404953003, 0.42320919036865234]"
0,centroid,1,65,Braga,Braga,"[""Braga"", ""Trius"", ""Triton"", ""Mytikas"", ""Alcatras""]","[0.9072407484054565, 0.5065195560455322, 0.5016417503356934, 0.49164873361587524, 0.3417547047138214]"
0,centroid,1,66,Braga,Braga,"[""Braga"", ""Trius"", ""Triton"", ""Alcatras"", ""Mytikas""]","[0.836450457572937, 0.539825975894928, 0.521614134311676, 0.30494531989097595, 0.285234272480011]"
0,centroid,1,67,Braga,Braga,"[""Braga"", ""Alcatras"", ""Alaris"", ""Trius"", ""Mytikas""]","[0.6524755954742432, 0.5932288765907288, 0.5129536390304565, 0.39675965905189514, 0.3517345190048218]"
0,centroid,1,68,Braga,Braga,"[""Braga"", ""Triton"", ""Trius"", ""Mytikas"", ""Alcatras""]","[0.8669277429580688, 0.6295627355575562, 0.591327428817749, 0.3881639540195465, 0.27547234296798706]"
0,centroid,1,69,Braga,Braga,"[""Braga"", ""Castor"", ""Triton"", ""Turbine"", ""Mytikas""]","[0.7122086882591248, 0.5541042685508728, 0.4891224205493927, 0.3452712297439575, 0.31054723262786865]"
0,centroid,1,70,Braga,Braga,"[""Braga"", ""Trius"", ""Triton"", ""Mytikas"", ""Castor""]","[0.8390772342681885, 0.6008836030960083, 0.3828427791595459, 0.3638573884963989, 0.2684716284275055]"
0,centroid,1,71,Braga,Braga,"[""Braga"", ""Turbine"", ""Castor"", ""Mytikas"", ""Alcatras""]","[0.7437225580215454, 0.4912374019622803, 0.45851758122444153, 0.45206478238105774, 0.34474027156829834]"
0,centroid,1,72,Braga,Braga,"[""Braga"", ""Turbine"", ""Gemini"", ""Triton"", ""Xtreme""]","[0.6053643226623535, 0.4439214766025543, 0.31725427508354187, 0.22695912420749664, 0.22375717759132385]"
0,centroid,1,73,Braga,Braga,"[""Braga"", ""Castor"", ""Turbine"", ""Alcatras"", ""Mytikas""]","[0.6985990405082703, 0.6037280559539795, 0.4950719475746155, 0.3879924416542053, 0.3840784430503845]"
0,centroid,1,74,Braga,Braga,"[""Braga"", ""Vega"", ""Gemini"", ""Hawk"", ""Turbine""]","[0.8244391679763794, 0.4467540383338928, 0.3574928045272827, 0.34606337547302246, 0.27549320459365845]"
0,centroid,1,75,Braga,Trius,"[""Trius"", ""Triton"", ""Braga"", ""Mytikas"", ""Gemini""]","[0.7415884733200073, 0.6915218830108643, 0.5797340869903564, 0.5589325428009033, 0.42550432682037354]"
0,centroid,1,76,Braga,Triton,"[""Triton"", ""Mytikas"", ""Trius"", ""Castor"", ""Alcatras""]","[0.7901862263679504, 0.6463578343391418, 0.6454640626907349, 0.5407464504241943, 0.48233434557914734]"
0,centroid,1,77,Braga,Triton,"[""Triton"", ""Mytikas"", ""Trius"", ""Ilias"", ""Velorum""]","[0.7500488758087158, 0.709633469581604, 0.43358826637268066, 0.41901326179504395, 0.4074707627296448]"
0,centroid,1,78,Braga,Braga,"[""Braga"", ""Triton"", ""Trius"", ""Mytikas"", ""Castor""]","[0.9102749824523926, 0.5028236508369446, 0.4647408127784729, 0.3591964542865753, 0.3196769952774048]"
0,centroid,1,79,Braga,Braga,"[""Braga"", ""Hawk"", ""Vega"", ""Turbine"", ""Gemini""]","[0.7371491193771362, 0.719291090965271, 0.42491599917411804, 0.3794703185558319, 0.3657970428466797]"
0,centroid,1,80,Braga,Braga,"[""Braga"", ""Triton"", ""Mytikas"", ""Trius"", ""Castor""]","[0.8292497396469116, 0.6213468313217163, 0.5304783582687378, 0.5208412408828735, 0.5143970251083374]"
0,centroid,1,81,Braga,Braga,"[""Braga"", ""Triton"", ""Mytikas"", ""Trius"", ""Alcatras""]","[0.745168149471283, 0.5902009606361389, 0.5194854736328125, 0.4849761426448822, 0.2173134982585907]"
0,centroid,1,82,Braga,Braga,"[""Braga"", ""Alcatras"", ""Hawk"", ""Castor"", ""Vega""]","[0.9159720540046692, 0.5341931581497192, 0.3309739828109741, 0.3073761761188507, 0.2956210970878601]"
0,centroid,1,83,Braga,Vega,"[""Vega"", ""Triton"", ""Trius"", ""Braga"", ""Gemini""]","[0.3724402189254761, 0.32257044315338135, 0.3088986575603485, 0.3012202978134155, 0.2757081985473633]"
0,centroid,1,84,Braga,Braga,"[""Braga"", ""Turbine"", ""Alaris"", ""Alcatras"", ""Vega""]","[0.7408313751220703, 0.6058162450790405, 0.5474103689193726, 0.5100207328796387, 0.47484859824180603]"
0,centroid,1,85,Braga,Braga,"[""Braga"", ""Hawk"", ""Trius"", ""Triton"", ""Gemini""]","[0.8076300024986267, 0.48469316959381104, 0.33599311113357544, 0.32306745648384094, 0.2634517550468445]"
0,centroid,1,86,Braga,Braga,"[""Braga"", ""Turbine"", ""Alcatras"", ""Castor"", ""Alaris""]","[0.8281890749931335, 0.4673716425895691, 0.3863829970359802, 0.38207340240478516, 0.377328097820282]"
0,centroid,1,87,Braga,Braga,"[""Braga"", ""Hawk"", ""Vega"", ""Turbine"", ""Gemini""]","[0.6904464960098267, 0.5213379859924316, 0.49845677614212036, 0.42742329835891724, 0.31131789088249207]"
0,centroid,1,88,Braga,Braga,"[""Braga"", ""Triton"", ""Turbine"", ""Trius"", ""Castor""]","[0.763744592666626, 0.5458903312683105, 0.5249457359313965, 0.4484562277793884, 0.40146201848983765]"
0,centroid,1,89,Braga,Braga,"[""Braga"", ""Triton"", ""Trius"", ""Turbine"", ""Alcatras""]","[0.8917207717895508, 0.4463040828704834, 0.4400445520877838, 0.40645352005958557, 0.3454211950302124]"
0,centroid,1,90,Braga,Braga,"[""Braga"", ""Trius"", ""Triton"", ""Gemini"", ""Turbine""]","[0.8457164764404297, 0.43413305282592773, 0.37633559107780457, 0.24035188555717468, 0.20682168006896973]"
0,centroid,1,91,Braga,Braga,"[""Braga"", ""Hawk"", ""Turbine"", ""Triton"", ""Vega""]","[0.7980349063873291, 0.5159957408905029, 0.49907535314559937, 0.34836283326148987, 0.285232812166214]"
0,centroid,1,92,Castor,Castor,"[""Castor"", ""Mytikas"", ""Triton"", ""Trius"", ""Braga""]","[0.8508749008178711, 0.6810529828071594, 0.5551186800003052, 0.29198604822158813, 0.29063355922698975]"
0,centroid,1,93,Castor,Castor,"[""Castor"", ""Triton"", ""Mytikas"", ""Braga"", ""Alcatras""]","[0.8378056287765503, 0.5875800848007202, 0.39170318841934204, 0.34252071380615234, 0.2904280424118042]"
0,centroid,1,94,Castor,Castor,"[""Castor"", ""Mytikas"", ""Triton"", ""Braga"", ""Alcatras""]","[0.8991860151290894, 0.5549087524414062, 0.524933934211731, 0.48568034172058105, 0.4828895628452301]"
0,centroid,1,95,Castor,Castor,"[""Castor"", ""Turbine"", ""Triton"", ""Mytikas"", ""Braga""]","[0.8802743554115295, 0.41496890783309937, 0.15821033716201782, 0.14058054983615875, 0.07625587284564972]"
0,centroid,1,96,Castor,Castor,"[""Castor"", ""Alcatras"", ""Turbine"", ""Alaris"", ""Mytikas""]","[0.7980704307556152, 0.6440174579620361, 0.5857201218605042, 0.3621910810470581, 0.270900160074234]"
0,centroid,1,97,Castor,Castor,"[""Castor"", ""Turbine"", ""Alcatras"", ""Triton"", ""Mytikas""]","[0.9226056337356567, 0.3902359902858734, 0.3680414855480194, 0.36343860626220703, 0.3617209196090698]"
0,centroid,1,98,Castor,Castor,"[""Castor"", ""Triton"", ""Turbine"", ""Trius"", ""Alcatras""]","[0.8428807854652405, 0.39833417534828186, 0.26331204175949097, 0.23137803375720978, 0.21817061305046082]"
0,centroid,1,99,Castor,Castor,"[""Castor"", ""Braga"", ""Alcatras"", ""Mytikas"", ""Triton""]","[0.9294933080673218, 0.4686998724937439, 0.4360830783843994, 0.41773736476898193, 0.4153885841369629]"
0,centroid,1,100,Castor,Castor,"[""Castor"", ""Turbine"", ""Braga"", ""Alcatras"", ""Alaris""]","[0.6226910948753357, 0.5140694379806519, 0.49483877420425415, 0.46501150727272034, 0.3796897232532501]"
0,centroid,1,101,Castor,Alcatras,"[""Alcatras"", ""Castor"", ""Alaris"", ""Braga"", ""Mytikas""]","[0.8212317228317261, 0.6010743379592896, 0.40566328167915344, 0.3763061761856079, 0.3388957381248474]"
0,centroid,1,102,Castor,Castor,"[""Castor"", ""Triton"", ""Mytikas"", ""Trius"", ""Braga""]","[0.831001877784729, 0.5468589663505554, 0.5059404373168945, 0.29777127504348755, 0.16208043694496155]"
0,centroid,1,103,Castor,Castor,"[""Castor"", ""Triton"", ""Turbine"", ""Mytikas"", ""Trius""]","[0.8387399315834045, 0.33277902007102966, 0.3094114065170288, 0.2539735436439514, 0.18295806646347046]"
0,centroid,1,104,Castor,Castor,"[""Castor"", ""Alcatras"", ""Braga"", ""Turbine"", ""Trius""]","[0.8053444027900696, 0.5612000823020935, 0.5187934637069702, 0.34951406717300415, 0.3195536136627197]"
0,centroid,1,105,Castor,Castor,"[""Castor"", ""Alcatras"", ""Turbine"", ""Triton"", ""Mytikas""]","[0.7732770442962646, 0.4070216417312622, 0.30750155448913574, 0.29590749740600586, 0.2903202772140503]"
0,centroid,1,106,Castor,Castor,"[""Castor"", ""Alcatras"", ""Braga"", ""Alaris"", ""Mytikas""]","[0.8182801008224487, 0.8176935911178589, 0.4696095585823059, 0.42501890659332275, 0.3784677982330322]"
0,centroid,1,107,Castor,Castor,"[""Castor"", ""Mytikas"", ""Triton"", ""Turbine"", ""Alcatras""]","[0.817003607749939, 0.5499175786972046, 0.4858867824077606, 0.45912158489227295, 0.44832903146743774]"
0,centroid,1,108,Castor,Castor,"[""Castor"", ""Triton"", ""Braga"", ""Mytikas"", ""Trius""]","[0.7559099197387695, 0.6399885416030884, 0.4820592999458313, 0.4121097922325134, 0.36772483587265015]"
0,centroid,1,109,Castor,Castor,"[""Castor"", ""Turbine"", ""Alcatras"", ""Mytikas"", ""Braga""]","[0.8764448165893555, 0.3327523469924927, 0.3051976263523102, 0.25422337651252747, 0.2074478566646576]"
0,centroid,1,110,Castor,Castor,"[""Castor"", ""Velorum"", ""Alcatras"", ""Mytikas"", ""Triton""]","[0.8543378710746765, 0.4329342842102051, 0.4188191294670105, 0.3880006670951843, 0.34777605533599854]"
0,centroid,1,111,Castor,Castor,"[""Castor"", ""Alcatras"", ""Triton"", ""Mytikas"", ""Turbine""]","[0.739262580871582, 0.4672299921512604, 0.4322729706764221, 0.40644800662994385, 0.30995315313339233]"
0,centroid,1,112,Castor,Castor,"[""Castor"", ""Mytikas"", ""Trius"", ""Alcatras"", ""Triton""]","[0.8617959022521973, 0.4498401880264282, 0.421977162361145, 0.40558987855911255, 0.39583560824394226]"
0,centroid,1,113,Castor,Castor,"[""Castor"", ""Mytikas"", ""Alcatras"", ""Triton"", ""Braga""]","[0.8736842274665833, 0.6097387075424194, 0.4607193171977997, 0.3966212868690491, 0.31484389305114746]"
0,centroid,1,114,Castor,Castor,"[""Castor"", ""Braga"", ""Alcatras"", ""Turbine"", ""Triton""]","[0.8488811254501343, 0.36765098571777344, 0.33135730028152466, 0.25215643644332886, 0.11003691703081131]"
0,centroid,1,115,Castor,Castor,"[""Castor"", ""Alcatras"", ""Braga"", ""Alaris"", ""Turbine""]","[0.79280686378479, 0.5325137376785278, 0.3377761244773865, 0.2958090007305145, 0.17012177407741547]"
0,centroid,1,116,Castor,Castor,"[""Castor"", ""Mytikas"", ""Triton"", ""Trius"", ""Alcatras""]","[0.8198014497756958, 0.4757416844367981, 0.47180676460266113, 0.2896631956100464, 0.27910178899765015]"
0,centroid,1,117,Castor,Castor,"[""Castor"", ""Turbine"", ""Alcatras"", ""Braga"", ""Triton""]","[0.8473426103591919, 0.7002124786376953, 0.3840028643608093, 0.365177720785141, 0.16656309366226196]"
0,centroid,1,118,Castor,Castor,"[""Castor"", ""Triton"", ""Mytikas"", ""Velorum"", ""Alcatras""]","[0.859805703163147, 0.505211591720581, 0.4162479639053345, 0.27492082118988037, 0.25935038924217224]"
0,centroid,1,119,Castor,Castor,"[""Castor"", ""Alcatras"", ""Triton"", ""Turbine"", ""Mytikas""]","[0.9249316453933716, 0.4347021281719208, 0.33407074213027954, 0.31202518939971924, 0.24825125932693481]"
0,centroid,1,120,Castor,Castor,"[""Castor"", ""Turbine"", ""Alcatras"", ""Mytikas"", ""Triton""]","[0.8385607600212097, 0.5559878349304199, 0.4757452607154846, 0.26797589659690857, 0.2414618879556656]"
0,centroid,1,121,Castor,Castor,"[""Castor"", ""Triton"", ""Mytikas"", ""Alcatras"", ""Turbine""]","[0.9708648920059204, 0.4584052562713623, 0.4392218589782715, 0.4061740040779114, 0.35430657863616943]"
0,centroid,1,122,Castor,Castor,"[""Castor"", ""Turbine"", ""Alcatras"", ""Braga"", ""Mytikas""]","[0.9016633629798889, 0.6114175319671631, 0.4287380576133728, 0.2613796591758728, 0.16002312302589417]"
0,centroid,1,123,Castor,Castor,"[""Castor"", ""Alcatras"", ""Turbine"", ""Mytikas"", ""Triton""]","[0.9111549854278564, 0.5086540579795837, 0.49013766646385193, 0.33358627557754517, 0.3172317147254944]"
0,centroid,1,124,Denom,Denom,"[""Denom"", ""Ilias"", ""Velorum"", ""Nivalis"", ""Ratikon""]","[0.7666074633598328, 0.7075591683387756, 0.6419191360473633, 0.5553882718086243, 0.5044516324996948]"
0,centroid,1,125,Denom,Denom,"[""Denom"", ""Ilias"", ""Ratikon"", ""Nivalis"", ""Velorum""]","[0.9590765237808228, 0.6970459818840027, 0.6969619393348694, 0.6528431177139282, 0.3786270022392273]"
0,centroid,1,126,Denom,Denom,"[""Denom"", ""Nivalis"", ""Ratikon"", ""Ilias"", ""Velorum""]","[0.9682380557060242, 0.6781161427497864, 0.6670773029327393, 0.6196125149726868, 0.45668458938598633]"
0,centroid,1,127,Denom,Nivalis,"[""Nivalis"", ""Denom"", ""Ratikon"", ""Ilias"", ""Velorum""]","[0.8496965169906616, 0.8213889002799988, 0.6492552757263184, 0.6285661458969116, 0.41325896978378296]"
0,centroid,1,128,Denom,Denom,"[""Denom"", ""Ilias"", ""Ratikon"", ""Nivalis"", ""Velorum""]","[0.924354076385498, 0.7706528902053833, 0.728445827960968, 0.6605638861656189, 0.2914905548095703]"
0,centroid,1,129,Denom,Denom,"[""Denom"", ""Nivalis"", ""Ratikon"", ""Ilias"", ""Velorum""]","[0.8968745470046997, 0.500322699546814, 0.4735513925552368, 0.3908091187477112, 0.3030107617378235]"
0,centroid,1,130,Denom,Steel_Wheel,"[""Steel_Wheel"", ""Ratikon"", ""Denom"", ""Gemini"", ""Nivalis""]","[0.49550193548202515, 0.48180580139160156, 0.4214608073234558, 0.3924580216407776, 0.3126404881477356]"
0,centroid,1,131,Denom,Denom,"[""Denom"", ""Nivalis"", ""Ratikon"", ""Ilias"", ""Velorum""]","[0.8515253067016602, 0.8293929696083069, 0.7213171124458313, 0.542434573173523, 0.44303828477859497]"
0,centroid,1,132,Denom,Denom,"[""Denom"", ""Ratikon"", ""Nivalis"", ""Ilias"", ""Velorum""]","[0.869297206401825, 0.6842097043991089, 0.4776584208011627, 0.44024893641471863, 0.16761088371276855]"
0,centroid,1,133,Denom,Denom,"[""Denom"", ""Ilias"", ""Ratikon"", ""Nivalis"", ""Velorum""]","[0.8861192464828491, 0.6535453200340271, 0.6230763792991638, 0.5539822578430176, 0.38846656680107117]"
0,centroid,1,134,Denom,Denom,"[""Denom"", ""Velorum"", ""Ilias"", ""Nivalis"", ""Ratikon""]","[0.7378022074699402, 0.5697129368782043, 0.5087583661079407, 0.3073272705078125, 0.26098108291625977]"
0,centroid,1,135,Denom,Denom,"[""Denom"", ""Ratikon"", ""Nivalis"", ""Ilias"", ""Xtreme""]","[0.8869719505310059, 0.5771236419677734, 0.5320522785186768, 0.4730786085128784, 0.20582985877990723]"
0,centroid,1,136,Denom,Ratikon,"[""Ratikon"", ""Denom"", ""Nivalis"", ""Ilias"", ""Gemini""]","[0.7625531554222107, 0.7127312421798706, 0.5865484476089478, 0.4887002110481262, 0.1286551058292389]"
0,centroid,1,137,Denom,Denom,"[""Denom"", ""Ilias"", ""Ratikon"", ""Nivalis"", ""Velorum""]","[0.7983677387237549, 0.6952624320983887, 0.6940678358078003, 0.500845193862915, 0.48828446865081787]"
0,centroid,1,138,Denom,Denom,"[""Denom"", ""Ratikon"", ""Nivalis"", ""Ilias"", ""Velorum""]","[0.8632960319519043, 0.7141251564025879, 0.6689009070396423, 0.6303272843360901, 0.495977520942688]"
0,centroid,1,139,Denom,Denom,"[""Denom"", ""Ilias"", ""Ratikon"", ""Nivalis"", ""Velorum""]","[0.8489396572113037, 0.5732353329658508, 0.5595677495002747, 0.5138130784034729, 0.4266928732395172]"
0,centroid,1,140,Denom,Denom,"[""Denom"", ""Ratikon"", ""Nivalis"", ""Ilias"", ""Velorum""]","[0.9344185590744019, 0.7485876679420471, 0.7056905031204224, 0.6562936902046204, 0.23515117168426514]"
0,centroid,1,141,Denom,Denom,"[""Denom"", ""Ilias"", ""Ratikon"", ""Nivalis"", ""Velorum""]","[0.9356335997581482, 0.6785540580749512, 0.5385135412216187, 0.47956913709640503, 0.42624926567077637]"
0,centroid,1,142,Denom,Denom,"[""Denom"", ""Ratikon"", ""Nivalis"", ""Ilias"", ""Velorum""]","[0.9528158903121948, 0.6318238973617554, 0.6220721006393433, 0.5032475590705872, 0.273448646068573]"
0,centroid,1,143,Denom,Denom,"[""Denom"", ""Ratikon"", ""Nivalis"", ""Ilias"", ""Velorum""]","[0.8725659847259521, 0.6326223611831665, 0.5219429731369019, 0.43617016077041626, 0.22758731245994568]"
0,centroid,1,144,Denom,Denom,"[""Denom"", ""Ratikon"", ""Ilias"", ""Nivalis"", ""Gemini""]","[0.9236135482788086, 0.6384416818618774, 0.5795384645462036, 0.47191092371940613, 0.18870824575424194]"
0,centroid,1,145,Denom,Denom,"[""Denom"", ""Ratikon"", ""Ilias"", ""Nivalis"", ""Xtreme""]","[0.8252995014190674, 0.6493212580680847, 0.550317645072937, 0.4666186273097992, 0.16718675196170807]"
0,centroid,1,146,Denom,Denom,"[""Denom"", ""Nivalis"", ""Ilias"", ""Ratikon"", ""Velorum""]","[0.926490306854248, 0.6296560168266296, 0.6139185428619385, 0.5604085922241211, 0.4931097626686096]"
0,centroid,1,147,Denom,Ratikon,"[""Ratikon"", ""Nivalis"", ""Denom"", ""Ilias"", ""Velorum""]","[0.7305238842964172, 0.7266312837600708, 0.7171619534492493, 0.6764998435974121, 0.6540917158126831]"
0,centroid,1,148,Denom,Denom,"[""Denom"", ""Ratikon"", ""Nivalis"", ""Ilias"", ""Steel_Wheel""]","[0.7892376780509949, 0.7728654742240906, 0.5346511602401733, 0.4226802587509155, -0.011003533378243446]"
0,centroid,1,149,Denom,Denom,"[""Denom"", ""Nivalis"", ""Ratikon"", ""Ilias"", ""Velorum""]","[0.854702889919281, 0.7762193083763123, 0.5894609689712524, 0.4927546977996826, 0.3992907404899597]"
0,centroid,1,150,Denom,Denom,"[""Denom"", ""Ilias"", ""Ratikon"", ""Nivalis"", ""Velorum""]","[0.9157842397689819, 0.6596730947494507, 0.63694828748703, 0.5940393209457397, 0.3209308087825775]"
0,centroid,1,151,Denom,Denom,"[""Denom"", ""Velorum"", ""Ilias"", ""Nivalis"", ""Ratikon""]","[0.8151834011077881, 0.47371554374694824, 0.4427163004875183, 0.43208688497543335, 0.41929566860198975]"
0,centroid,1,152,Denom,Denom,"[""Denom"", ""Ilias"", ""Nivalis"", ""Ratikon"", ""Velorum""]","[0.8427090048789978, 0.805270791053772, 0.7493758201599121, 0.7325592041015625, 0.6268954873085022]"
0,centroid,1,153,Denom,Denom,"[""Denom"", ""Nivalis"", ""Ilias"", ""Ratikon"", ""Velorum""]","[0.8372170925140381, 0.6502330303192139, 0.6348947882652283, 0.5272548794746399, 0.40201902389526367]"
0,centroid,1,154,Denom,Denom,"[""Denom"", ""Ilias"", ""Nivalis"", ""Ratikon"", ""Velorum""]","[0.9330991506576538, 0.7005372047424316, 0.6229275465011597, 0.5791021585464478, 0.5298694372177124]"
0,centroid,1,155,Denom,Denom,"[""Denom"", ""Ratikon"", ""Ilias"", ""Nivalis"", ""Gemini""]","[0.8223621845245361, 0.6043557524681091, 0.5089492797851562, 0.35236069560050964, 0.22534798085689545]"
0,centroid,1,156,Denom,Denom,"[""Denom"", ""Ratikon"", ""Nivalis"", ""Ilias"", ""Velorum""]","[0.9161123037338257, 0.6185144782066345, 0.537126898765564, 0.4731079638004303, 0.35479453206062317]"
0,centroid,1,157,Denom,Denom,"[""Denom"", ""Nivalis"", ""Ratikon"", ""Ilias"", ""Velorum""]","[0.8306528329849243, 0.6426717042922974, 0.5775073170661926, 0.521275520324707, 0.4222351908683777]"
0,centroid,1,158,Denom,Denom,"[""Denom"", ""Nivalis"", ""Velorum"", ""Ratikon"", ""Ilias""]","[0.8805993795394897, 0.6707075834274292, 0.5731154680252075, 0.46764037013053894, 0.4661293625831604]"
0,centroid,1,159,Denom,Denom,"[""Denom"", ""Ratikon"", ""Nivalis"", ""Ilias"", ""Velorum""]","[0.8655807375907898, 0.70613694190979, 0.6494320631027222, 0.6486467123031616, 0.6150019764900208]"
0,centroid,1,160,Denom,Denom,"[""Denom"", ""Ratikon"", ""Ilias"", ""Nivalis"", ""Velorum""]","[0.9487446546554565, 0.6724130511283875, 0.6319807767868042, 0.6165001392364502, 0.2980878949165344]"
0,centroid,1,161,Denom,Denom,"[""Denom"", ""Ratikon"", ""Nivalis"", ""Ilias"", ""Velorum""]","[0.900240421295166, 0.6973848342895508, 0.6229656934738159, 0.41750094294548035, 0.20883949100971222]"
0,centroid,1,162,Gemini,Gemini,"[""Gemini"", ""Xtreme"", ""Ilias"", ""Velorum"", ""Vega""]","[0.8114482760429382, 0.6296603679656982, 0.3947538733482361, 0.35270148515701294, 0.34869301319122314]"
0,centroid,1,163,Gemini,Gemini,"[""Gemini"", ""Xtreme"", ""Vega"", ""Hawk"", ""Ilias""]","[0.8261668682098389, 0.5799994468688965, 0.26159578561782837, 0.18325138092041016, 0.11463909596204758]"
0,centroid,1,164,Gemini,Alaris,"[""Alaris"", ""Gemini"", ""Mytikas"", ""Hawk"", ""Alcatras""]","[0.4461374580860138, 0.42670637369155884, 0.42427489161491394, 0.39663970470428467, 0.3932958245277405]"
0,centroid,1,165,Gemini,Gemini,"[""Gemini"", ""Xtreme"", ""Braga"", ""Ilias"", ""Denom""]","[0.8900171518325806, 0.7311224341392517, 0.1799316704273224, 0.15483960509300232, 0.08544684946537018]"
0,centroid,1,166,Gemini,Gemini,"[""Gemini"", ""Vega"", ""Xtreme"", ""Hawk"", ""Braga""]","[0.807977557182312, 0.5541808605194092, 0.4518124759197235, 0.17724862694740295, 0.12432125210762024]"
0,centroid,1,167,Gemini,Gemini,"[""Gemini"", ""Alaris"", ""Hawk"", ""Braga"", ""Alcatras""]","[0.52083820104599, 0.5051109790802002, 0.40824201703071594, 0.3857194185256958, 0.3185746669769287]"
0,centroid,1,168,Gemini,Gemini,"[""Gemini"", ""Xtreme"", ""Vega"", ""Ilias"", ""Hawk""]","[0.8992815017700195, 0.49486684799194336, 0.362764447927475, 0.2018248587846756, 0.19983303546905518]"
0,centroid,1,169,Gemini,Gemini,"[""Gemini"", ""Vega"", ""Trius"", ""Braga"", ""Xtreme""]","[0.7278693914413452, 0.5419237613677979, 0.40838053822517395, 0.3345023989677429, 0.3221898078918457]"
0,centroid,1,170,Gemini,Gemini,"[""Gemini"", ""Vega"", ""Xtreme"", ""Hawk"", ""Alaris""]","[0.7368703484535217, 0.48154884576797485, 0.34184181690216064, 0.2626652419567108, 0.24566002190113068]"
0,centroid,1,171,Gemini,Gemini,"[""Gemini"", ""Xtreme"", ""Vega"", ""Trius"", ""Ilias""]","[0.7930587530136108, 0.6496281623840332, 0.42387843132019043, 0.28175896406173706, 0.2575626075267792]"
0,centroid,1,172,Gemini,Gemini,"[""Gemini"", ""Xtreme"", ""Vega"", ""Hawk"", ""Braga""]","[0.870619535446167, 0.4192860722541809, 0.25364816188812256, 0.2139403223991394, 0.07700183987617493]"
0,centroid,1,173,Gemini,Gemini,"[""Gemini"", ""Vega"", ""Xtreme"", ""Braga"", ""Trius""]","[0.7908085584640503, 0.5874927043914795, 0.40767744183540344, 0.29875433444976807, 0.19182227551937103]"
0,centroid,1,174,Gemini,Gemini,"[""Gemini"", ""Trius"", ""Vega"", ""Xtreme"", ""Braga""]","[0.8534032702445984, 0.4635540843009949, 0.4481387734413147, 0.4259757399559021, 0.4252491891384125]"
0,centroid,1,175,Gemini,Gemini,"[""Gemini"", ""Xtreme"", ""Vega"", ""Hawk"", ""Braga""]","[0.9061961770057678, 0.550125241279602, 0.29910027980804443, 0.26432862877845764, 0.13897474110126495]"
0,centroid,1,176,Gemini,Gemini,"[""Gemini"", ""Xtreme"", ""Mytikas"", ""Trius"", ""Steel_Wheel""]","[0.700649082660675, 0.6100495457649231, 0.4895816445350647, 0.4433417320251465, 0.36248064041137695]"
0,centroid,1,177,Gemini,Gemini,"[""Gemini"", ""Xtreme"", ""Hawk"", ""Denom"", ""Braga""]","[0.7705217599868774, 0.5447096228599548, 0.267220139503479, 0.24073630571365356, 0.13315093517303467]"
0,centroid,1,178,Gemini,Gemini,"[""Gemini"", ""Xtreme"", ""Trius"", ""Triton"", ""Braga""]","[0.7475366592407227, 0.5644243955612183, 0.5640125870704651, 0.4098219871520996, 0.3255345821380615]"
0,centroid,1,179,Gemini,Gemini,"[""Gemini"", ""Xtreme"", ""Ilias"", ""Denom"", ""Triton""]","[0.7147952914237976, 0.6592570543289185, 0.5301911234855652, 0.34929800033569336, 0.2830565571784973]"
0,centroid,1,180,Gemini,Gemini,"[""Gemini"", ""Xtreme"", ""Trius"", ""Triton"", ""Braga""]","[0.7170325517654419, 0.5956583023071289, 0.46084094047546387, 0.35152360796928406, 0.24077072739601135]"
0,centroid,1,181,Gemini,Gemini,"[""Gemini"", ""Xtreme"", ""Vega"", ""Braga"", ""Ilias""]","[0.9174896478652954, 0.6458512544631958, 0.3637624680995941, 0.3364067077636719, 0.2953961491584778]"
0,centroid,1,182,Gemini,Gemini,"[""Gemini"", ""Xtreme"", ""Braga"", ""Ilias"", ""Trius""]","[0.864226222038269, 0.6263332366943359, 0.3721899390220642, 0.345656156539917, 0.3139688968658447]"
0,centroid,1,183,Gemini,Gemini,"[""Gemini"", ""Xtreme"", ""Vega"", ""Ilias"", ""Trius""]","[0.9359342455863953, 0.648847222328186, 0.23664097487926483, 0.20897504687309265, 0.06933514028787613]"
0,centroid,1,184,Gemini,Gemini,"[""Gemini"", ""Xtreme"", ""Trius"", ""Ilias"", ""Denom""]","[0.9108264446258545, 0.49125978350639343, 0.3024374544620514, 0.28924351930618286, 0.18122681975364685]"
0,centroid,1,185,Gemini,Gemini,"[""Gemini"", ""Xtreme"", ""Vega"", ""Hawk"", ""Ilias""]","[0.921612024307251, 0.6126015782356262, 0.3174879550933838, 0.2465868592262268, 0.20428334176540375]"
0,centroid,1,186,Gemini,Gemini,"[""Gemini"", ""Xtreme"", ""Vega"", ""Braga"", ""Hawk""]","[0.7683649063110352, 0.5414946675300598, 0.4301704168319702, 0.28880417346954346, 0.23857446014881134]"
0,centroid,1,187,Gemini,Gemini,"[""Gemini"", ""Vega"", ""Xtreme"", ""Braga"", ""Trius""]","[0.7979104518890381, 0.48538699746131897, 0.4581359028816223, 0.43570196628570557, 0.2454300820827484]"
0,centroid,1,188,Gemini,Gemini,"[""Gemini"", ""Xtreme"", ""Ilias"", ""Hawk"", ""Vega""]","[0.8773503303527832, 0.5489680171012878, 0.20465733110904694, 0.20168372988700867, 0.12101057916879654]"
0,centroid,1,189,Gemini,Gemini,"[""Gemini"", ""Xtreme"", ""Mytikas"", ""Trius"", ""Braga""]","[0.7919861078262329, 0.6424558162689209, 0.28243130445480347, 0.24063751101493835, 0.22614984214305878]"
0,centroid,1,190,Hawk,Hawk,"[""Hawk"", ""Velorum"", ""Vega"", ""Alcatras"", ""Alaris""]","[0.7570756673812866, 0.4426961839199066, 0.3879241943359375, 0.3602738380432129, 0.33766815066337585]"
0,centroid,1,191,Hawk,Hawk,"[""Hawk"", ""Turbine"", ""Alaris"", ""Vega"", ""Braga""]","[0.951543390750885, 0.46734023094177246, 0.3491953909397125, 0.3193216323852539, 0.27409762144088745]"
0,centroid,1,192,Hawk,Hawk,"[""Hawk"", ""Alcatras"", ""Alaris"", ""Vega"", ""Braga""]","[0.9005393385887146, 0.551693320274353, 0.46160370111465454, 0.450092077255249, 0.31093066930770874]"
0,centroid,1,193,Hawk,Hawk,"[""Hawk"", ""Mytikas"", ""Turbine"", ""Velorum"", ""Castor""]","[0.6630890965461731, 0.46658214926719666, 0.4369605481624603, 0.17542409896850586, 0.0893622562289238]"
0,centroid,1,194,Hawk,Hawk,"[""Hawk"", ""Alaris"", ""Alcatras"", ""Turbine"", ""Castor""]","[0.7754529118537903, 0.5447229743003845, 0.5249101519584656, 0.4948355555534363, 0.25171178579330444]"
0,centroid,1,195,Hawk,Hawk,"[""Hawk"", ""Vega"", ""Turbine"", ""Alaris"", ""Gemini""]","[0.7281247973442078, 0.5463306903839111, 0.29473015666007996, 0.24312260746955872, 0.1581759750843048]"
0,centroid,1,196,Hawk,Hawk,"[""Hawk"", ""Turbine"", ""Vega"", ""Alaris"", ""Braga""]","[0.7839730381965637, 0.24355179071426392, 0.21761873364448547, 0.07117927074432373, 0.037515800446271896]"
0,centroid,1,197,Hawk,Hawk,"[""Hawk"", ""Alcatras"", ""Alaris"", ""Vega"", ""Turbine""]","[0.826896071434021, 0.639945387840271, 0.5456181764602661, 0.4017865061759949, 0.2074548900127411]"
0,centroid,1,198,Hawk,Hawk,"[""Hawk"", ""Alcatras"", ""Alaris"", ""Vega"", ""Turbine""]","[0.9118651151657104, 0.3688599467277527, 0.30816227197647095, 0.2976818084716797, 0.24641454219818115]"
0,centroid,1,199,Hawk,Hawk,"[""Hawk"", ""Alcatras"", ""Braga"", ""Vega"", ""Alaris""]","[0.9440938234329224, 0.37560513615608215, 0.3085865378379822, 0.299136757850647, 0.2608855366706848]"
0,centroid,1,200,Hawk,Alcatras,"[""Alcatras"", ""Hawk"", ""Alaris"", ""Trius"", ""Braga""]","[0.707849383354187, 0.5920892953872681, 0.5712471008300781, 0.4791208505630493, 0.32795965671539307]"
0,centroid,1,201,Hawk,Hawk,"[""Hawk"", ""Vega"", ""Alaris"", ""Turbine"", ""Alcatras""]","[0.812535285949707, 0.6522434949874878, 0.42831385135650635, 0.3001159429550171, 0.19684657454490662]"
0,centroid,1,202,Hawk,Hawk,"[""Hawk"", ""Vega"", ""Alaris"", ""Gemini"", ""Turbine""]","[0.9436542987823486, 0.41547322273254395, 0.30717039108276367, 0.21310271322727203, 0.19281667470932007]"
0,centroid,1,203,Hawk,Hawk,"[""Hawk"", ""Alaris"", ""Alcatras"", ""Turbine"", ""Braga""]","[0.9065321683883667, 0.3954755663871765, 0.33529597520828247, 0.23182439804077148, 0.22341524064540863]"
0,centroid,1,204,Hawk,Hawk,"[""Hawk"", ""Alaris"", ""Alcatras"", ""Vega"", ""Turbine""]","[0.8973784446716309, 0.568385124206543, 0.4188711643218994, 0.41253289580345154, 0.31630051136016846]"
0,centroid,1,205,Hawk,Hawk,"[""Hawk"", ""Turbine"", ""Vega"", ""Alaris"", ""Alcatras""]","[0.9004241824150085, 0.2677561342716217, 0.24966759979724884, 0.24011217057704926, 0.13937637209892273]"
0,centroid,1,206,Hawk,Hawk,"[""Hawk"", ""Turbine"", ""Braga"", ""Vega"", ""Mytikas""]","[0.8894847631454468, 0.3361051380634308, 0.28629231452941895, 0.12266127020120621, 0.07774237543344498]"
0,centroid,1,207,Hawk,Hawk,"[""Hawk"", ""Turbine"", ""Vega"", ""Alaris"", ""Alcatras""]","[0.9447104930877686, 0.33093610405921936, 0.2979733347892761, 0.25279292464256287, 0.2484024316072464]"
0,centroid,1,208,Hawk,Hawk,"[""Hawk"", ""Braga"", ""Gemini"", ""Vega"", ""Xtreme""]","[0.9332020878791809, 0.3373233675956726, 0.2864897847175598, 0.2515350580215454, 0.2437232881784439]"
0,centroid,1,209,Hawk,Hawk,"[""Hawk"", ""Alaris"", ""Vega"", ""Alcatras"", ""Turbine""]","[0.8885576725006104, 0.3910200595855713, 0.3766510784626007, 0.25786328315734863, 0.17140249907970428]"
0,centroid,1,210,Hawk,Hawk,"[""Hawk"", ""Alaris"", ""Alcatras"", ""Mytikas"", ""Turbine""]","[0.5329407453536987, 0.42431965470314026, 0.34274822473526, 0.33365583419799805, 0.33058813214302063]"
0,centroid,1,211,Hawk,Hawk,"[""Hawk"", ""Vega"", ""Gemini"", ""Braga"", ""Turbine""]","[0.9064982533454895, 0.36507248878479004, 0.28483718633651733, 0.19479641318321228, 0.15474915504455566]"
0,centroid,1,212,Hawk,Hawk,"[""Hawk"", ""Turbine"", ""Vega"", ""Braga"", ""Gemini""]","[0.8812069296836853, 0.4024246335029602, 0.33128225803375244, 0.2516109347343445, 0.1611921340227127]"
0,centroid,1,213,Hawk,Hawk,"[""Hawk"", ""Turbine"", ""Braga"", ""Xtreme"", ""Vega""]","[0.8239713907241821, 0.4750382900238037, 0.3504721522331238, 0.2726017236709595, 0.26414334774017334]"
0,centroid,1,214,Hawk,Hawk,"[""Hawk"", ""Vega"", ""Alaris"", ""Turbine"", ""Gemini""]","[0.7741948366165161, 0.5820075869560242, 0.37629249691963196, 0.3585940897464752, 0.18472005426883698]"
0,centroid,1,215,Hawk,Hawk,"[""Hawk"", ""Turbine"", ""Vega"", ""Braga"", ""Mytikas""]","[0.8613168001174927, 0.33975672721862793, 0.33904409408569336, 0.3052791953086853, 0.2976488471031189]"
0,centroid,1,216,Ilias,Ilias,"[""Ilias"", ""Velorum"", ""Denom"", ""Nivalis"", ""Ratikon""]","[0.8636090755462646, 0.6542128324508667, 0.5717417597770691, 0.5096675157546997, 0.412486732006073]"
0,centroid,1,217,Ilias,Ilias,"[""Ilias"", ""Ratikon"", ""Denom"", ""Nivalis"", ""Velorum""]","[0.9178454875946045, 0.6639913320541382, 0.5043003559112549, 0.40544402599334717, 0.38615602254867554]"
0,centroid,1,218,Ilias,Ilias,"[""Ilias"", ""Ratikon"", ""Nivalis"", ""Denom"", ""Velorum""]","[0.8489265441894531, 0.6411187648773193, 0.515558123588562, 0.479949951171875, 0.32899022102355957]"
0,centroid,1,219,Ilias,Ilias,"[""Ilias"", ""Ratikon"", ""Denom"", ""Nivalis"", ""Velorum""]","[0.8792175054550171, 0.6205507516860962, 0.5745306015014648, 0.46602165699005127, 0.3223493993282318]"
0,centroid,1,220,Ilias,Ilias,"[""Ilias"", ""Ratikon"", ""Denom"", ""Nivalis"", ""Triton""]","[0.9209951758384705, 0.7384439706802368, 0.573838472366333, 0.5693203806877136, 0.3856571614742279]"
0,centroid,1,221,Ilias,Ilias,"[""Ilias"", ""Velorum"", ""Nivalis"", ""Denom"", ""Ratikon""]","[0.8275362253189087, 0.7511366605758667, 0.6586910486221313, 0.5195986032485962, 0.5140007734298706]"
0,centroid,1,222,Ilias,Ilias,"[""Ilias"", ""Ratikon"", ""Velorum"", ""Nivalis"", ""Denom""]","[0.8817116022109985, 0.5229494571685791, 0.4807608425617218, 0.4457482695579529, 0.37863242626190186]"
0,centroid,1,223,Ilias,Ilias,"[""Ilias"", ""Ratikon"", ""Denom"", ""Nivalis"", ""Velorum""]","[0.879165768623352, 0.4898512661457062, 0.4560898542404175, 0.4040372967720032, 0.3956965506076813]"
0,centroid,1,224,Ilias,Ilias,"[""Ilias"", ""Denom"", ""Velorum"", ""Ratikon"", ""Nivalis""]","[0.8783082962036133, 0.6693732142448425, 0.618554949760437, 0.5070371031761169, 0.5036997199058533]"
0,centroid,1,225,Ilias,Ilias,"[""Ilias"", ""Ratikon"", ""Denom"", ""Velorum"", ""Nivalis""]","[0.7185513973236084, 0.5529881119728088, 0.5365181565284729, 0.5280182361602783, 0.49606257677078247]"
0,centroid,1,226,Ilias,Ilias,"[""Ilias"", ""Velorum"", ""Denom"", ""Nivalis"", ""Ratikon""]","[0.8551154732704163, 0.7328928709030151, 0.5580424070358276, 0.5471229553222656, 0.4018454849720001]"
0,centroid,1,227,Ilias,Velorum,"[""Velorum"", ""Ilias"", ""Ratikon"", ""Mytikas"", ""Triton""]","[0.5972248315811157, 0.5580683946609497, 0.32435786724090576, 0.28239062428474426, 0.2484068125486374]"
0,centroid,1,228,Ilias,Ilias,"[""Ilias"", ""Velorum"", ""Triton"", ""Ratikon"", ""Nivalis""]","[0.8997273445129395, 0.6593915820121765, 0.562230110168457, 0.481560081243515, 0.46752727031707764]"
0,centroid,1,229,Ilias,Ilias,"[""Ilias"", ""Denom"", ""Ratikon"", ""Nivalis"", ""Gemini""]","[0.8689663410186768, 0.7031663656234741, 0.6940731406211853, 0.522304356098175, 0.3610684275627136]"
0,centroid,1,230,Ilias,Ilias,"[""Ilias"", ""Ratikon"", ""Nivalis"", ""Denom"", ""Velorum""]","[0.9107567071914673, 0.5880783200263977, 0.4880397319793701, 0.45155811309814453, 0.4307623505592346]"
0,centroid,1,231,Ilias,Velorum,"[""Velorum"", ""Ilias"", ""Nivalis"", ""Ratikon"", ""Denom""]","[0.6286165714263916, 0.5857554078102112, 0.5550332069396973, 0.5323561429977417, 0.4490600824356079]"
0,centroid,1,232,Ilias,Ilias,"[""Ilias"", ""Denom"", ""Ratikon"", ""Nivalis"", ""Velorum""]","[0.8609265089035034, 0.8160151243209839, 0.8135476112365723, 0.5762831568717957, 0.3052978217601776]"
0,centroid,1,233,Ilias,Ilias,"[""Ilias"", ""Velorum"", ""Denom"", ""Nivalis"", ""Ratikon""]","[0.9312185049057007, 0.6695824265480042, 0.6691609621047974, 0.5733332633972168, 0.5127477049827576]"
0,centroid,1,234,Ilias,Denom,"[""Denom"", ""Ilias"", ""Ratikon"", ""Nivalis"", ""Velorum""]","[0.817035973072052, 0.7385616898536682, 0.7091996669769287, 0.5750604867935181, 0.4092511236667633]"
0,centroid,1,235,Ilias,Ilias,"[""Ilias"", ""Ratikon"", ""Velorum"", ""Denom"", ""Nivalis""]","[0.9073032140731812, 0.6185563802719116, 0.49819737672805786, 0.4772922694683075, 0.4663199484348297]"
0,centroid,1,236,Ilias,Ilias,"[""Ilias"", ""Velorum"", ""Nivalis"", ""Ratikon"", ""Denom""]","[0.8178112506866455, 0.7626611590385437, 0.5734727382659912, 0.4695119559764862, 0.4677172899246216]"
0,centroid,1,237,Ilias,Ilias,"[""Ilias"", ""Ratikon"", ""Nivalis"", ""Velorum"", ""Denom""]","[0.7903457880020142, 0.7113889455795288, 0.690771222114563, 0.5935888290405273, 0.4925382137298584]"
0,centroid,1,238,Ilias,Ilias,"[""Ilias"", ""Ratikon"", ""Denom"", ""Nivalis"", ""Velorum""]","[0.9380707144737244, 0.7592401504516602, 0.7028545141220093, 0.5155833959579468, 0.443953275680542]"
0,centroid,1,239,Ilias,Ilias,"[""Ilias"", ""Velorum"", ""Ratikon"", ""Triton"", ""Nivalis""]","[0.758003294467926, 0.6564304828643799, 0.5819488763809204, 0.5813140273094177, 0.46868598461151123]"
0,centroid,1,240,Ilias,Ilias,"[""Ilias"", ""Denom"", ""Ratikon"", ""Triton"", ""Nivalis""]","[0.745965838432312, 0.5761701464653015, 0.52476567029953, 0.48375269770622253, 0.43441224098205566]"
0,centroid,1,241,Ilias,Ilias,"[""Ilias"", ""Ratikon"", ""Denom"", ""Nivalis"", ""Gemini""]","[0.8713787198066711, 0.5713040232658386, 0.529635488986969, 0.38164299726486206, 0.2884747385978699]"
0,centroid,1,242,Ilias,Ilias,"[""Ilias"", ""Nivalis"", ""Ratikon"", ""Denom"", ""Velorum""]","[0.8653053045272827, 0.7458608746528625, 0.7057168483734131, 0.6744505167007446, 0.5592314004898071]"
0,centroid,1,243,Ilias,Ilias,"[""Ilias"", ""Velorum"", ""Nivalis"", ""Denom"", ""Ratikon""]","[0.8969109654426575, 0.6784083843231201, 0.5715479850769043, 0.5592080950737, 0.49848732352256775]"
0,centroid,1,244,Ilias,Ilias,"[""Ilias"", ""Ratikon"", ""Denom"", ""Nivalis"", ""Velorum""]","[0.9333680272102356, 0.5924736261367798, 0.5166306495666504, 0.45412683486938477, 0.4200333058834076]"
0,centroid,1,245,Mytikas,Mytikas,"[""Mytikas"", ""Nivalis"", ""Triton"", ""Xtreme"", ""Steel_Wheel""]","[0.7621708512306213, 0.3470184803009033, 0.2620508074760437, 0.22486892342567444, 0.1997588574886322]"
0,centroid,1,246,Mytikas,Mytikas,"[""Mytikas"", ""Braga"", ""Alcatras"", ""Triton"", ""Alaris""]","[0.7205030918121338, 0.5433244109153748, 0.5231914520263672, 0.4928058385848999, 0.46191591024398804]"
0,centroid,1,247,Mytikas,Mytikas,"[""Mytikas"", ""Triton"", ""Gemini"", ""Turbine"", ""Xtreme""]","[0.5731953382492065, 0.3117450475692749, 0.2472456693649292, 0.21676096320152283, 0.1694139540195465]"
0,centroid,1,248,Mytikas,Triton,"[""Triton"", ""Mytikas"", ""Castor"", ""Trius"", ""Velorum""]","[0.7658929824829102, 0.6904220581054688, 0.48855137825012207, 0.43929052352905273, 0.40183401107788086]"
0,centroid,1,249,Mytikas,Mytikas,"[""Mytikas"", ""Castor"", ""Alcatras"", ""Triton"", ""Turbine""]","[0.7595936059951782, 0.6686921715736389, 0.5346435308456421, 0.47416478395462036, 0.4709511399269104]"
0,centroid,1,250,Mytikas,Triton,"[""Triton"", ""Mytikas"", ""Trius"", ""Velorum"", ""Castor""]","[0.8529182076454163, 0.8122296333312988, 0.6185421943664551, 0.36493492126464844, 0.35557207465171814]"
0,centroid,1,251,Mytikas,Triton,"[""Triton"", ""Mytikas"", ""Castor"", ""Trius"", ""Braga""]","[0.9067822694778442, 0.8270164728164673, 0.5341562628746033, 0.5183226466178894, 0.2958614230155945]"
0,centroid,1,252,Mytikas,Mytikas,"[""Mytikas"", ""Triton"", ""Castor"", ""Ilias"", ""Alcatras""]","[0.6533036828041077, 0.4673859477043152, 0.35280901193618774, 0.2804696559906006, 0.25985491275787354]"
0,centroid,1,253,Mytikas,Mytikas,"[""Mytikas"", ""Triton"", ""Castor"", ""Nivalis"", ""Trius""]","[0.807376503944397, 0.3808826208114624, 0.3374701142311096, 0.31712237000465393, 0.27911290526390076]"
0,centroid,1,254,Mytikas,Mytikas,"[""Mytikas"", ""Trius"", ""Triton"", ""Castor"", ""Alcatras""]","[0.8647365570068359, 0.6420514583587646, 0.47517129778862, 0.41176632046699524, 0.3498495817184448]"
0,centroid,1,255,Mytikas,Mytikas,"[""Mytikas"", ""Triton"", ""Castor"", ""Alcatras"", ""Velorum""]","[0.8185157775878906, 0.6024866104125977, 0.49344712495803833, 0.34217962622642517, 0.27740710973739624]"
0,centroid,1,256,Mytikas,Mytikas,"[""Mytikas"", ""Triton"", ""Trius"", ""Alcatras"", ""Castor""]","[0.9138164520263672, 0.5872833728790283, 0.5649288892745972, 0.5322112441062927, 0.399611234664917]"
0,centroid,1,257,Mytikas,Mytikas,"[""Mytikas"", ""Nivalis"", ""Trius"", ""Triton"", ""Steel_Wheel""]","[0.8227865695953369, 0.3873276114463806, 0.3746832013130188, 0.32538139820098877, 0.2510472536087036]"
0,centroid,1,258,Mytikas,Mytikas,"[""Mytikas"", ""Trius"", ""Triton"", ""Gemini"", ""Braga""]","[0.7590501308441162, 0.5030854344367981, 0.3893054723739624, 0.31993356347084045, 0.31086188554763794]"
0,centroid,1,259,Mytikas,Mytikas,"[""Mytikas"", ""Castor"", ""Triton"", ""Alcatras"", ""Trius""]","[0.8094198703765869, 0.7175816297531128, 0.628436803817749, 0.3225168287754059, 0.26136913895606995]"
0,centroid,1,260,Mytikas,Mytikas,"[""Mytikas"", ""Alcatras"", ""Triton"", ""Trius"", ""Castor""]","[0.8447301983833313, 0.6934318542480469, 0.5115216374397278, 0.5015355348587036, 0.4394906759262085]"
0,centroid,1,261,Mytikas,Mytikas,"[""Mytikas"", ""Triton"", ""Turbine"", ""Trius"", ""Velorum""]","[0.8225530385971069, 0.45892030000686646, 0.36774808168411255, 0.3596098721027374, 0.343044638633728]"
0,centroid,1,262,Mytikas,Mytikas,"[""Mytikas"", ""Castor"", ""Xtreme"", ""Velorum"", ""Alcatras""]","[0.6704674959182739, 0.4465835690498352, 0.4118979573249817, 0.2766491174697876, 0.26044467091560364]"
0,centroid,1,263,Mytikas,Mytikas,"[""Mytikas"", ""Triton"", ""Braga"", ""Castor"", ""Trius""]","[0.8297507762908936, 0.697990894317627, 0.5372649431228638, 0.45590171217918396, 0.45348161458969116]"
0,centroid,1,264,Mytikas,Mytikas,"[""Mytikas"", ""Triton"", ""Castor"", ""Turbine"", ""Trius""]","[0.749699592590332, 0.559994101524353, 0.2654746174812317, 0.26141202449798584, 0.16839176416397095]"
0,centroid,1,265,Mytikas,Mytikas,"[""Mytikas"", ""Triton"", ""Trius"", ""Ilias"", ""Velorum""]","[0.7822813987731934, 0.7251268625259399, 0.6467251181602478, 0.2815878391265869, 0.27628427743911743]"
0,centroid,1,266,Mytikas,Mytikas,"[""Mytikas"", ""Triton"", ""Castor"", ""Alcatras"", ""Trius""]","[0.9297913312911987, 0.6240228414535522, 0.5667368173599243, 0.4416593015193939, 0.39596349000930786]"
0,centroid,1,267,Mytikas,Mytikas,"[""Mytikas"", ""Triton"", ""Trius"", ""Castor"", ""Alcatras""]","[0.9001786708831787, 0.6994487643241882, 0.5706678032875061, 0.4705078601837158, 0.4399913549423218]"
0,centroid,1,268,Mytikas,Mytikas,"[""Mytikas"", ""Triton"", ""Ratikon"", ""Castor"", ""Nivalis""]","[0.7414544224739075, 0.39493584632873535, 0.2930753231048584, 0.2255425751209259, 0.22117823362350464]"
0,centroid,1,269,Mytikas,Mytikas,"[""Mytikas"", ""Triton"", ""Trius"", ""Ilias"", ""Nivalis""]","[0.86867356300354, 0.6113952398300171, 0.5092174410820007, 0.35570764541625977, 0.2562907636165619]"
0,centroid,1,270,Mytikas,Triton,"[""Triton"", ""Mytikas"", ""Trius"", ""Alaris"", ""Alcatras""]","[0.7399497032165527, 0.6584520936012268, 0.6451753377914429, 0.47451847791671753, 0.4446347951889038]"
0,centroid,1,271,Mytikas,Mytikas,"[""Mytikas"", ""Castor"", ""Alcatras"", ""Triton"", ""Trius""]","[0.8320252299308777, 0.5788163542747498, 0.5676285028457642, 0.42426925897598267, 0.405816912651062]"
0,centroid,1,272,Mytikas,Triton,"[""Triton"", ""Mytikas"", ""Trius"", ""Ilias"", ""Braga""]","[0.7150777578353882, 0.6601197123527527, 0.5926213264465332, 0.33151549100875854, 0.22596821188926697]"
0,centroid,1,273,Nivalis,Nivalis,"[""Nivalis"", ""Ilias"", ""Denom"", ""Velorum"", ""Ratikon""]","[0.7674272656440735, 0.5687686204910278, 0.4976671636104584, 0.4307364225387573, 0.3968876600265503]"
0,centroid,1,274,Nivalis,Nivalis,"[""Nivalis"", ""Velorum"", ""Ilias"", ""Ratikon"", ""Denom""]","[0.9107698798179626, 0.44855964183807373, 0.42878758907318115, 0.4138176441192627, 0.3955446481704712]"
0,centroid,1,275,Nivalis,Ratikon,"[""Ratikon"", ""Denom"", ""Nivalis"", ""Ilias"", ""Steel_Wheel""]","[0.7272676229476929, 0.7050842046737671, 0.6968798637390137, 0.28912264108657837, 0.2355983704328537]"
0,centroid,1,276,Nivalis,Nivalis,"[""Nivalis"", ""Denom"", ""Ilias"", ""Ratikon"", ""Velorum""]","[0.9082870483398438, 0.6845000982284546, 0.6028491258621216, 0.5770650506019592, 0.3704749643802643]"
0,centroid,1,277,Nivalis,Nivalis,"[""Nivalis"", ""Ratikon"", ""Denom"", ""Ilias"", ""Vega""]","[0.8088871240615845, 0.5186200141906738, 0.44124138355255127, 0.40508538484573364, 0.11158481985330582]"
0,centroid,1,278,Nivalis,Nivalis,"[""Nivalis"", ""Ratikon"", ""Ilias"", ""Denom"", ""Velorum""]","[0.8480136394500732, 0.5591750144958496, 0.5106671452522278, 0.34150946140289307, 0.3328498899936676]"
0,centroid,1,279,Nivalis,Nivalis,"[""Nivalis"", ""Denom"", ""Ratikon"", ""Steel_Wheel"", ""Xtreme""]","[0.660326361656189, 0.5620920658111572, 0.38733598589897156, 0.20032469928264618, 0.1326894462108612]"
0,centroid,1,280,Nivalis,Ilias,"[""Ilias"", ""Velorum"", ""Nivalis"", ""Mytikas"", ""Denom""]","[0.6064966917037964, 0.537773072719574, 0.527885377407074, 0.5222001075744629, 0.42750078439712524]"
0,centroid,1,281,Nivalis,Denom,"[""Denom"", ""Nivalis"", ""Ratikon"", ""Velorum"", ""Ilias""]","[0.834750235080719, 0.7330986261367798, 0.6534886360168457, 0.5629778504371643, 0.5563332438468933]"
0,centroid,1,282,Nivalis,Nivalis,"[""Nivalis"", ""Ratikon"", ""Ilias"", ""Vega"", ""Denom""]","[0.7085635662078857, 0.5948472023010254, 0.46085622906684875, 0.31578999757766724, 0.3115217685699463]"
0,centroid,1,283,Nivalis,Nivalis,"[""Nivalis"", ""Ilias"", ""Denom"", ""Ratikon"", ""Xtreme""]","[0.8527920246124268, 0.650397777557373, 0.620987057685852, 0.5893236994743347, 0.3809286653995514]"
0,centroid,1,284,Nivalis,Nivalis,"[""Nivalis"", ""Velorum"", ""Denom"", ""Ilias"", ""Ratikon""]","[0.8945697546005249, 0.622531533241272, 0.5950248837471008, 0.5241803526878357, 0.5003035068511963]"
0,centroid,1,285,Nivalis,Ilias,"[""Ilias"", ""Nivalis"", ""Velorum"", ""Xtreme"", ""Gemini""]","[0.6577008962631226, 0.5909136533737183, 0.3761235177516937, 0.3646504878997803, 0.31529808044433594]"
0,centroid,1,286,Nivalis,Nivalis,"[""Nivalis"", ""Velorum"", ""Denom"", ""Ilias"", ""Ratikon""]","[0.8183929920196533, 0.7051881551742554, 0.6610958576202393, 0.5306209325790405, 0.45287024974823]"
0,centroid,1,287,Nivalis,Nivalis,"[""Nivalis"", ""Ilias"", ""Ratikon"", ""Denom"", ""Gemini""]","[0.7106754779815674, 0.6114527583122253, 0.48629289865493774, 0.46452412009239197, 0.357524037361145]"
0,centroid,1,288,Nivalis,Nivalis,"[""Nivalis"", ""Gemini"", ""Ilias"", ""Denom"", ""Ratikon""]","[0.6957048773765564, 0.5335036516189575, 0.4854946732521057, 0.4805874824523926, 0.4555237293243408]"
0,centroid,1,289,Nivalis,Nivalis,"[""Nivalis"", ""Ratikon"", ""Denom"", ""Ilias"", ""Velorum""]","[0.914785623550415, 0.5214399695396423, 0.42657530307769775, 0.3256087005138397, 0.24169762432575226]"
0,centroid,1,290,Nivalis,Nivalis,"[""Nivalis"", ""Denom"", ""Ilias"", ""Velorum"", ""Ratikon""]","[0.8346158266067505, 0.7588021755218506, 0.600852370262146, 0.5630373954772949, 0.5070786476135254]"
0,centroid,1,291,Nivalis,Nivalis,"[""Nivalis"", ""Velorum"", ""Ratikon"", ""Denom"", ""Steel_Wheel""]","[0.7068260312080383, 0.5326729416847229, 0.46783381700515747, 0.44022154808044434, 0.37922394275665283]"
0,centroid,1,292,Nivalis,Nivalis,"[""Nivalis"", ""Ilias"", ""Ratikon"", ""Denom"", ""Velorum""]","[0.9468445777893066, 0.6067354679107666, 0.5733487010002136, 0.5336790084838867, 0.46097666025161743]"
0,centroid,1,293,Nivalis,Denom,"[""Denom"", ""Ilias"", ""Nivalis"", ""Ratikon"", ""Triton""]","[0.7014621496200562, 0.6153572201728821, 0.5632189512252808, 0.5050963759422302, 0.37481069564819336]"
0,centroid,1,294,Nivalis,Nivalis,"[""Nivalis"", ""Ratikon"", ""Denom"", ""Ilias"", ""Velorum""]","[0.8790751099586487, 0.5777561664581299, 0.5734642744064331, 0.4104348123073578, 0.3356846570968628]"
0,centroid,1,295,Nivalis,Nivalis,"[""Nivalis"", ""Denom"", ""Ratikon"", ""Ilias"", ""Velorum""]","[0.896624743938446, 0.6940000057220459, 0.5898114442825317, 0.4301706552505493, 0.3759062886238098]"
0,centroid,1,296,Ratikon,Ratikon,"[""Ratikon"", ""Ilias"", ""Nivalis"", ""Denom"", ""Velorum""]","[0.9208186864852905, 0.7060285806655884, 0.675963819026947, 0.6027273535728455, 0.13201481103897095]"
0,centroid,1,297,Ratikon,Ratikon,"[""Ratikon"", ""Ilias"", ""Denom"", ""Nivalis"", ""Alaris""]","[0.8733364939689636, 0.4608096778392792, 0.4325670897960663, 0.4046363830566406, 0.12799370288848877]"
0,centroid,1,298,Ratikon,Ilias,"[""Ilias"", ""Ratikon"", ""Denom"", ""Nivalis"", ""Velorum""]","[0.8755274415016174, 0.8197672367095947, 0.7192851901054382, 0.6939610242843628, 0.39173945784568787]"
0,centroid,1,299,Ratikon,Ratikon,"[""Ratikon"", ""Ilias"", ""Denom"", ""Nivalis"", ""Velorum""]","[0.8614479303359985, 0.8206068277359009, 0.6391046643257141, 0.5910965204238892, 0.5043946504592896]"
0,centroid,1,300,Ratikon,Ratikon,"[""Ratikon"", ""Denom"", ""Ilias"", ""Nivalis"", ""Velorum""]","[0.8993501663208008, 0.8317367434501648, 0.682373583316803, 0.6517984867095947, 0.18423610925674438]"
0,centroid,1,301,Ratikon,Ratikon,"[""Ratikon"", ""Ilias"", ""Denom"", ""Nivalis"", ""Triton""]","[0.8674544095993042, 0.6631794571876526, 0.5104706287384033, 0.3989134430885315, 0.23135510087013245]"
0,centroid,1,302,Ratikon,Ratikon,"[""Ratikon"", ""Nivalis"", ""Denom"", ""Ilias"", ""Steel_Wheel""]","[0.7869484424591064, 0.5182961821556091, 0.49564260244369507, 0.43032413721084595, 0.368563175201416]"
0,centroid,1,303,Ratikon,Ratikon,"[""Ratikon"", ""Denom"", ""Nivalis"", ""Ilias"", ""Steel_Wheel""]","[0.9312027096748352, 0.712671160697937, 0.7034811973571777, 0.5656452178955078, 0.17179568111896515]"
0,centroid,1,304,Ratikon,Ratikon,"[""Ratikon"", ""Ilias"", ""Denom"", ""Nivalis"", ""Velorum""]","[0.8690444231033325, 0.7624412775039673, 0.7463518977165222, 0.5315784215927124, 0.4997832179069519]"
0,centroid,1,305,Ratikon,Ratikon,"[""Ratikon"", ""Ilias"", ""Nivalis"", ""Denom"", ""Velorum""]","[0.8657941818237305, 0.6453750133514404, 0.5961800813674927, 0.5528819561004639, 0.20547893643379211]"
0,centroid,1,306,Ratikon,Ratikon,"[""Ratikon"", ""Denom"", ""Ilias"", ""Nivalis"", ""Triton""]","[0.8419514894485474, 0.5882124304771423, 0.5732706189155579, 0.4834097623825073, 0.24678438901901245]"
0,centroid,1,307,Ratikon,Ratikon,"[""Ratikon"", ""Nivalis"", ""Denom"", ""Ilias"", ""Velorum""]","[0.8440995216369629, 0.7891970872879028, 0.7013523578643799, 0.5361968278884888, 0.41711992025375366]"
0,centroid,1,308,Ratikon,Ratikon,"[""Ratikon"", ""Nivalis"", ""Denom"", ""Ilias"", ""Velorum""]","[0.8492724299430847, 0.7921492457389832, 0.592220664024353, 0.5286519527435303, 0.32306969165802]"
0,centroid,1,309,Ratikon,Ratikon,"[""Ratikon"", ""Ilias"", ""Denom"", ""Nivalis"", ""Triton""]","[0.9085946083068848, 0.7487217783927917, 0.5700474381446838, 0.5064268112182617, 0.19833654165267944]"
0,centroid,1,310,Ratikon,Ratikon,"[""Ratikon"", ""Denom"", ""Nivalis"", ""Ilias"", ""Steel_Wheel""]","[0.9299447536468506, 0.6954623460769653, 0.6057965755462646, 0.48351752758026123, 0.09000536054372787]"
0,centroid,1,311,Ratikon,Ilias,"[""Ilias"", ""Ratikon"", ""Nivalis"", ""Denom"", ""Velorum""]","[0.8512325286865234, 0.7896825075149536, 0.6659573316574097, 0.607935905456543, 0.5251312255859375]"
0,centroid,1,312,Ratikon,Ratikon,"[""Ratikon"", ""Ilias"", ""Denom"", ""Nivalis"", ""Velorum""]","[0.8687983751296997, 0.8410779237747192, 0.7917871475219727, 0.6267664432525635, 0.3081038296222687]"
0,centroid,1,313,Ratikon,Ratikon,"[""Ratikon"", ""Ilias"", ""Nivalis"", ""Denom"", ""Velorum""]","[0.7937701344490051, 0.6993533372879028, 0.5412960052490234, 0.5347810387611389, 0.5254467725753784]"
0,centroid,1,314,Ratikon,Ratikon,"[""Ratikon"", ""Ilias"", ""Nivalis"", ""Denom"", ""Velorum""]","[0.8554258346557617, 0.7022385597229004, 0.6262015104293823, 0.5434240102767944, 0.22231438755989075]"
0,centroid,1,315,Ratikon,Ratikon,"[""Ratikon"", ""Ilias"", ""Denom"", ""Nivalis"", ""Velorum""]","[0.80550217628479, 0.7132251262664795, 0.6127633452415466, 0.5000664591789246, 0.16873344779014587]"
0,centroid,1,316,Ratikon,Ratikon,"[""Ratikon"", ""Ilias"", ""Nivalis"", ""Denom"", ""Vega""]","[0.9027559161186218, 0.5570946931838989, 0.5243399143218994, 0.5199810266494751, 0.2548495829105377]"
0,centroid,1,317,Ratikon,Ratikon,"[""Ratikon"", ""Ilias"", ""Nivalis"", ""Denom"", ""Velorum""]","[0.895145833492279, 0.832892894744873, 0.6632183194160461, 0.6452395915985107, 0.2753874659538269]"
0,centroid,1,318,Ratikon,Ratikon,"[""Ratikon"", ""Denom"", ""Ilias"", ""Nivalis"", ""Velorum""]","[0.9159651398658752, 0.7511699199676514, 0.6835935711860657, 0.6513819694519043, 0.15412691235542297]"
0,centroid,1,319,Ratikon,Ratikon,"[""Ratikon"", ""Denom"", ""Nivalis"", ""Ilias"", ""Velorum""]","[0.8979231119155884, 0.866701602935791, 0.7539328336715698, 0.7437548637390137, 0.33407503366470337]"
0,centroid,1,320,Ratikon,Ratikon,"[""Ratikon"", ""Denom"", ""Ilias"", ""Nivalis"", ""Velorum""]","[0.8965924978256226, 0.8270983695983887, 0.8090447187423706, 0.6178289651870728, 0.3534216284751892]"
0,centroid,1,321,Ratikon,Ratikon,"[""Ratikon"", ""Ilias"", ""Denom"", ""Nivalis"", ""Vega""]","[0.8975948095321655, 0.6266592144966125, 0.6094344854354858, 0.5678342580795288, 0.12224441766738892]"
0,centroid,1,322,Ratikon,Ratikon,"[""Ratikon"", ""Denom"", ""Ilias"", ""Nivalis"", ""Velorum""]","[0.8511135578155518, 0.775618851184845, 0.650344967842102, 0.6417078971862793, 0.5389522314071655]"
0,centroid,1,323,Ratikon,Ratikon,"[""Ratikon"", ""Denom"", ""Ilias"", ""Nivalis"", ""Steel_Wheel""]","[0.879197359085083, 0.7117816209793091, 0.5103986859321594, 0.48939943313598633, 0.03899969160556793]"
0,centroid,1,324,Steel_Wheel,Steel_Wheel,"[""Steel_Wheel"", ""Nivalis"", ""Mytikas"", ""Xtreme"", ""Hawk""]","[0.9289447069168091, 0.1119748204946518, 0.07307896018028259, 0.06556908786296844, 0.0042867958545684814]"
0,centroid,1,325,Steel_Wheel,Steel_Wheel,"[""Steel_Wheel"", ""Xtreme"", ""Mytikas"", ""Gemini"", ""Alcatras""]","[0.9604897499084473, 0.22501954436302185, 0.12053348124027252, 0.0950322151184082, 0.0944814458489418]"
0,centroid,1,326,Steel_Wheel,Steel_Wheel,"[""Steel_Wheel"", ""Mytikas"", ""Alcatras"", ""Nivalis"", ""Xtreme""]","[0.9533002376556396, 0.18284228444099426, 0.09135294705629349, 0.08704159408807755, 0.07101817429065704]"
0,centroid,1,327,Steel_Wheel,Steel_Wheel,"[""Steel_Wheel"", ""Nivalis"", ""Xtreme"", ""Velorum"", ""Denom""]","[0.8572200536727905, 0.2812233567237854, 0.22559961676597595, 0.17746207118034363, 0.09338130056858063]"
0,centroid,1,328,Steel_Wheel,Steel_Wheel,"[""Steel_Wheel"", ""Velorum"", ""Alcatras"", ""Nivalis"", ""Xtreme""]","[0.9519076943397522, 0.18522194027900696, 0.17804816365242004, 0.10872330516576767, 0.09470600634813309]"
0,centroid,1,329,Steel_Wheel,Steel_Wheel,"[""Steel_Wheel"", ""Xtreme"", ""Gemini"", ""Nivalis"", ""Mytikas""]","[0.9401306509971619, 0.1908906102180481, 0.1360447108745575, 0.12760792672634125, 0.09508033841848373]"
0,centroid,1,330,Steel_Wheel,Steel_Wheel,"[""Steel_Wheel"", ""Nivalis"", ""Xtreme"", ""Denom"", ""Gemini""]","[0.9047139883041382, 0.2512543201446533, 0.11554461717605591, 0.08833693712949753, 0.03946198895573616]"
0,centroid,1,331,Steel_Wheel,Steel_Wheel,"[""Steel_Wheel"", ""Xtreme"", ""Gemini"", ""Nivalis"", ""Mytikas""]","[0.9701154232025146, 0.1801854819059372, 0.1002034917473793, 0.04865024983882904, 0.04768632352352142]"
0,centroid,1,332,Steel_Wheel,Steel_Wheel,"[""Steel_Wheel"", ""Mytikas"", ""Xtreme"", ""Gemini"", ""Alaris""]","[0.9381303787231445, 0.13439802825450897, 0.07551109790802002, 0.07329283654689789, 0.03905491158366203]"
0,centroid,1,333,Steel_Wheel,Steel_Wheel,"[""Steel_Wheel"", ""Xtreme"", ""Gemini"", ""Alcatras"", ""Trius""]","[0.9584478139877319, 0.17113634943962097, 0.10526972264051437, 0.1047784835100174, 0.07183154672384262]"
0,centroid,1,334,Steel_Wheel,Steel_Wheel,"[""Steel_Wheel"", ""Castor"", ""Xtreme"", ""Mytikas"", ""Velorum""]","[0.9528444409370422, 0.08745893836021423, 0.07395252585411072, 0.06994155049324036, 0.017543647438287735]"
0,centroid,1,335,Steel_Wheel,Steel_Wheel,"[""Steel_Wheel"", ""Mytikas"", ""Xtreme"", ""Velorum"", ""Nivalis""]","[0.9605586528778076, 0.22050999104976654, 0.18148967623710632, 0.15290051698684692, 0.10546904802322388]"
0,centroid,1,336,Steel_Wheel,Steel_Wheel,"[""Steel_Wheel"", ""Xtreme"", ""Nivalis"", ""Velorum"", ""Gemini""]","[0.9646619558334351, 0.17778614163398743, 0.15383762121200562, 0.1334933638572693, 0.11180766671895981]"
0,centroid,1,337,Steel_Wheel,Steel_Wheel,"[""Steel_Wheel"", ""Nivalis"", ""Mytikas"", ""Turbine"", ""Xtreme""]","[0.8861172199249268, 0.10804952681064606, 0.09057863056659698, 0.07625360041856766, 0.03164517879486084]"
0,centroid,1,338,Steel_Wheel,Steel_Wheel,"[""Steel_Wheel"", ""Nivalis"", ""Xtreme"", ""Velorum"", ""Denom""]","[0.9735696315765381, 0.24718144536018372, 0.18376117944717407, 0.14705419540405273, 0.08684688806533813]"
0,centroid,1,339,Steel_Wheel,Steel_Wheel,"[""Steel_Wheel"", ""Xtreme"", ""Nivalis"", ""Mytikas"", ""Velorum""]","[0.9737868905067444, 0.22524113953113556, 0.1718308925628662, 0.16067387163639069, 0.0987803116440773]"
0,centroid,1,340,Steel_Wheel,Steel_Wheel,"[""Steel_Wheel"", ""Nivalis"", ""Xtreme"", ""Denom"", ""Velorum""]","[0.9655888080596924, 0.19512143731117249, 0.17766107618808746, 0.12708324193954468, 0.11862511187791824]"
0,centroid,1,341,Steel_Wheel,Steel_Wheel,"[""Steel_Wheel"", ""Xtreme"", ""Nivalis"", ""Mytikas"", ""Castor""]","[0.914530873298645, 0.173759326338768, 0.1599356234073639, 0.10831018537282944, 0.030283018946647644]"
0,centroid,1,342,Steel_Wheel,Steel_Wheel,"[""Steel_Wheel"", ""Nivalis"", ""Xtreme"", ""Mytikas"", ""Gemini""]","[0.9120690226554871, 0.13533397018909454, 0.08097869902849197, 0.03817811608314514, 0.027544477954506874]"
0,centroid,1,343,Steel_Wheel,Steel_Wheel,"[""Steel_Wheel"", ""Mytikas"", ""Xtreme"", ""Nivalis"", ""Alcatras""]","[0.9478473663330078, 0.2147788554430008, 0.15683947503566742, 0.10043095052242279, 0.05778580904006958]"
0,centroid,1,344,Steel_Wheel,Steel_Wheel,"[""Steel_Wheel"", ""Velorum"", ""Alcatras"", ""Castor"", ""Xtreme""]","[0.9328535795211792, 0.12049862742424011, 0.10727997124195099, 0.09849977493286133, 0.08879148215055466]"
0,centroid,1,345,Steel_Wheel,Steel_Wheel,"[""Steel_Wheel"", ""Mytikas"", ""Castor"", ""Xtreme"", ""Alcatras""]","[0.951343297958374, 0.11982346326112747, 0.08537076413631439, 0.07562892138957977, 0.0670490711927414]"
0,centroid,1,346,Steel_Wheel,Steel_Wheel,"[""Steel_Wheel"", ""Xtreme"", ""Velorum"", ""Nivalis"", ""Ilias""]","[0.9410115480422974, 0.20585757493972778, 0.1563727706670761, 0.1023884266614914, 0.07890737056732178]"
0,centroid,1,347,Steel_Wheel,Steel_Wheel,"[""Steel_Wheel"", ""Nivalis"", ""Xtreme"", ""Mytikas"", ""Denom""]","[0.9408986568450928, 0.10819248855113983, 0.10231801867485046, 0.08583822846412659, -0.034856539219617844]"
0,centroid,1,348,Steel_Wheel,Steel_Wheel,"[""Steel_Wheel"", ""Mytikas"", ""Nivalis"", ""Trius"", ""Denom""]","[0.9466333389282227, 0.15694954991340637, 0.08742847293615341, 0.0531715527176857, 0.04361448809504509]"
0,centroid,1,349,Steel_Wheel,Steel_Wheel,"[""Steel_Wheel"", ""Castor"", ""Xtreme"", ""Mytikas"", ""Alcatras""]","[0.9457186460494995, 0.1629316508769989, 0.10005316883325577, 0.07030414044857025, 0.006160838529467583]"
0,centroid,1,350,Steel_Wheel,Steel_Wheel,"[""Steel_Wheel"", ""Mytikas"", ""Nivalis"", ""Trius"", ""Xtreme""]","[0.9296633005142212, 0.2128789722919464, 0.1358770728111267, 0.03715600073337555, 0.01867905631661415]"
0,centroid,1,351,Steel_Wheel,Steel_Wheel,"[""Steel_Wheel"", ""Ratikon"", ""Nivalis"", ""Denom"", ""Ilias""]","[0.9443293809890747, 0.18306204676628113, 0.1548185646533966, 0.1066901683807373, 0.09854775667190552]"
0,centroid,1,352,Steel_Wheel,Steel_Wheel,"[""Steel_Wheel"", ""Velorum"", ""Xtreme"", ""Mytikas"", ""Nivalis""]","[0.9543110132217407, 0.14702734351158142, 0.1459624022245407, 0.12748417258262634, 0.10126787424087524]"
0,centroid,1,353,Steel_Wheel,Steel_Wheel,"[""Steel_Wheel"", ""Gemini"", ""Xtreme"", ""Ilias"", ""Nivalis""]","[0.8870537281036377, 0.29091978073120117, 0.2776143252849579, 0.14118051528930664, 0.12870119512081146]"
0,centroid,1,354,Steel_Wheel,Steel_Wheel,"[""Steel_Wheel"", ""Mytikas"", ""Xtreme"", ""Gemini"", ""Nivalis""]","[0.9544024467468262, 0.184362530708313, 0.18138538300991058, 0.1319139003753662, 0.06418265402317047]"
0,centroid,1,355,Steel_Wheel,Steel_Wheel,"[""Steel_Wheel"", ""Ratikon"", ""Nivalis"", ""Denom"", ""Mytikas""]","[0.889532208442688, 0.24688757956027985, 0.19216057658195496, 0.18652309477329254, 0.17354783415794373]"
0,centroid,1,356,Steel_Wheel,Steel_Wheel,"[""Steel_Wheel"", ""Nivalis"", ""Denom"", ""Velorum"", ""Xtreme""]","[0.9687404632568359, 0.10861636698246002, 0.10431765019893646, 0.05759785324335098, 0.04062642902135849]"
0,centroid,1,357,Steel_Wheel,Steel_Wheel,"[""Steel_Wheel"", ""Nivalis"", ""Mytikas"", ""Xtreme"", ""Denom""]","[0.9424430131912231, 0.1533743143081665, 0.12748190760612488, 0.08466842770576477, 0.016933593899011612]"
0,centroid,1,358,Steel_Wheel,Steel_Wheel,"[""Steel_Wheel"", ""Xtreme"", ""Nivalis"", ""Ratikon"", ""Denom""]","[0.9729604125022888, 0.08420020341873169, 0.0648232251405716, 0.043942514806985855, 0.04390849173069]"
0,centroid,1,359,Steel_Wheel,Steel_Wheel,"[""Steel_Wheel"", ""Xtreme"", ""Gemini"", ""Nivalis"", ""Braga""]","[0.862740159034729, 0.27787184715270996, 0.14534831047058105, 0.019749825820326805, -0.014361022040247917]"
0,centroid,1,360,Triton,Triton,"[""Triton"", ""Trius"", ""Braga"", ""Ilias"", ""Mytikas""]","[0.8130613565444946, 0.552729070186615, 0.4929930865764618, 0.3621821999549866, 0.3499656319618225]"
0,centroid,1,361,Triton,Mytikas,"[""Mytikas"", ""Triton"", ""Trius"", ""Alcatras"", ""Castor""]","[0.8253581523895264, 0.7878662943840027, 0.5882194638252258, 0.47983354330062866, 0.4789058566093445]"
0,centroid,1,362,Triton,Triton,"[""Triton"", ""Mytikas"", ""Trius"", ""Braga"", ""Ilias""]","[0.9195971488952637, 0.7134717702865601, 0.49168288707733154, 0.3205983340740204, 0.27792590856552124]"
0,centroid,1,363,Triton,Triton,"[""Triton"", ""Mytikas"", ""Trius"", ""Ilias"", ""Xtreme""]","[0.8116946220397949, 0.5475095510482788, 0.5364755988121033, 0.3794630467891693, 0.2799983024597168]"
0,centroid,1,364,Triton,Braga,"[""Braga"", ""Trius"", ""Mytikas"", ""Triton"", ""Gemini""]","[0.6586136221885681, 0.6307708024978638, 0.5726534128189087, 0.5155333876609802, 0.3087324798107147]"
0,centroid,1,365,Triton,Trius,"[""Trius"", ""Triton"", ""Castor"", ""Mytikas"", ""Braga""]","[0.7078700661659241, 0.6866015195846558, 0.5776348114013672, 0.5111581683158875, 0.5045575499534607]"
0,centroid,1,366,Triton,Triton,"[""Triton"", ""Mytikas"", ""Trius"", ""Ilias"", ""Braga""]","[0.9388807415962219, 0.6204724311828613, 0.5902976393699646, 0.4008024334907532, 0.3749421536922455]"
0,centroid,1,367,Triton,Triton,"[""Triton"", ""Trius"", ""Mytikas"", ""Braga"", ""Ilias""]","[0.9164621829986572, 0.5918087959289551, 0.5129566192626953, 0.3623585104942322, 0.3336249589920044]"
0,centroid,1,368,Triton,Triton,"[""Triton"", ""Mytikas"", ""Trius"", ""Braga"", ""Castor""]","[0.6816240549087524, 0.5266226530075073, 0.3654898405075073, 0.3607432246208191, 0.30731287598609924]"
0,centroid,1,369,Triton,Triton,"[""Triton"", ""Trius"", ""Mytikas"", ""Braga"", ""Ilias""]","[0.8757277727127075, 0.794403612613678, 0.5659658908843994, 0.5052540302276611, 0.2986132800579071]"
0,centroid,1,370,Triton,Triton,"[""Triton"", ""Trius"", ""Mytikas"", ""Velorum"", ""Castor""]","[0.8842740058898926, 0.6281129121780396, 0.5111080408096313, 0.41245850920677185, 0.3917444050312042]"
0,centroid,1,371,Triton,Triton,"[""Triton"", ""Trius"", ""Mytikas"", ""Ilias"", ""Braga""]","[0.8518326282501221, 0.5899721384048462, 0.4425496757030487, 0.39834028482437134, 0.3799979090690613]"
0,centroid,1,372,Triton,Triton,"[""Triton"", ""Trius"", ""Xtreme"", ""Mytikas"", ""Braga""]","[0.6648721694946289, 0.6121198534965515, 0.4309316873550415, 0.3746306300163269, 0.373951256275177]"
0,centroid,1,373,Triton,Triton,"[""Triton"", ""Trius"", ""Mytikas"", ""Ilias"", ""Braga""]","[0.8915468454360962, 0.5622787475585938, 0.5524728894233704, 0.46782076358795166, 0.30945640802383423]"
0,centroid,1,374,Triton,Triton,"[""Triton"", ""Trius"", ""Mytikas"", ""Alaris"", ""Alcatras""]","[0.6296707391738892, 0.6132112741470337, 0.49840134382247925, 0.42914798855781555, 0.3171250820159912]"
0,centroid,1,375,Triton,Triton,"[""Triton"", ""Ilias"", ""Mytikas"", ""Trius"", ""Ratikon""]","[0.7938710451126099, 0.5635133385658264, 0.5198558568954468, 0.5120091438293457, 0.1981656849384308]"
0,centroid,1,376,Triton,Triton,"[""Triton"", ""Ilias"", ""Mytikas"", ""Trius"", ""Braga""]","[0.8722606897354126, 0.48825234174728394, 0.4436371326446533, 0.37093108892440796, 0.24554629623889923]"
0,centroid,1,377,Triton,Triton,"[""Triton"", ""Mytikas"", ""Trius"", ""Castor"", ""Alcatras""]","[0.7444507479667664, 0.6411726474761963, 0.5868527889251709, 0.5520185232162476, 0.4697844982147217]"
0,centroid,1,378,Triton,Triton,"[""Triton"", ""Trius"", ""Ilias"", ""Mytikas"", ""Braga""]","[0.8626492619514465, 0.501352071762085, 0.37719592452049255, 0.3731894791126251, 0.2505508363246918]"
0,centroid,1,379,Triton,Triton,"[""Triton"", ""Mytikas"", ""Trius"", ""Braga"", ""Castor""]","[0.8918547034263611, 0.7212719917297363, 0.5538110733032227, 0.4972298741340637, 0.4083399772644043]"
0,centroid,1,380,Triton,Triton,"[""Triton"", ""Trius"", ""Mytikas"", ""Braga"", ""Ilias""]","[0.8703056573867798, 0.7502195239067078, 0.5418998599052429, 0.45656639337539673, 0.40935343503952026]"
0,centroid,1,381,Triton,Triton,"[""Triton"", ""Mytikas"", ""Braga"", ""Trius"", ""Castor""]","[0.9065039157867432, 0.5778485536575317, 0.45167291164398193, 0.4330218434333801, 0.37801480293273926]"
0,centroid,1,382,Triton,Triton,"[""Triton"", ""Ilias"", ""Velorum"", ""Mytikas"", ""Trius""]","[0.7655705213546753, 0.6333408355712891, 0.5632818937301636, 0.43186408281326294, 0.40962520241737366]"
0,centroid,1,383,Triton,Triton,"[""Triton"", ""Mytikas"", ""Trius"", ""Ilias"", ""Braga""]","[0.9207103848457336, 0.71071857213974, 0.6441051363945007, 0.4491238594055176, 0.3592800796031952]"
0,centroid,1,384,Triton,Triton,"[""Triton"", ""Mytikas"", ""Ilias"", ""Ratikon"", ""Xtreme""]","[0.7805696725845337, 0.49412259459495544, 0.4333992004394531, 0.20497959852218628, 0.19586654007434845]"
0,centroid,1,385,Triton,Ilias,"[""Ilias"", ""Alaris"", ""Ratikon"", ""Velorum"", ""Denom""]","[0.666059672832489, 0.44154050946235657, 0.41680407524108887, 0.352668821811676, 0.2522960901260376]"
0,centroid,1,386,Triton,Triton,"[""Triton"", ""Mytikas"", ""Ilias"", ""Velorum"", ""Trius""]","[0.8374181985855103, 0.5890474319458008, 0.5233791470527649, 0.5163226127624512, 0.4275433123111725]"
0,centroid,1,387,Triton,Triton,"[""Triton"", ""Trius"", ""Mytikas"", ""Ilias"", ""Braga""]","[0.8655523061752319, 0.6255207657814026, 0.4153520464897156, 0.4050273001194, 0.25481563806533813]"
0,centroid,1,388,Triton,Triton,"[""Triton"", ""Trius"", ""Mytikas"", ""Castor"", ""Alcatras""]","[0.8361064195632935, 0.6351815462112427, 0.48850294947624207, 0.40261080861091614, 0.21505184471607208]"
0,centroid,1,389,Triton,Triton,"[""Triton"", ""Mytikas"", ""Trius"", ""Castor"", ""Braga""]","[0.9190384149551392, 0.6591982245445251, 0.6284129619598389, 0.43700307607650757, 0.35943305492401123]"
0,centroid,1,390,Triton,Triton,"[""Triton"", ""Mytikas"", ""Castor"", ""Braga"", ""Trius""]","[0.861173152923584, 0.7097234725952148, 0.5353864431381226, 0.3632686138153076, 0.3486649990081787]"
0,centroid,1,391,Triton,Triton,"[""Triton"", ""Trius"", ""Mytikas"", ""Ilias"", ""Velorum""]","[0.8962259292602539, 0.6276934146881104, 0.5776492357254028, 0.5324651598930359, 0.3046102523803711]"
0,centroid,1,392,Triton,Triton,"[""Triton"", ""Mytikas"", ""Trius"", ""Castor"", ""Braga""]","[0.9114888906478882, 0.6886544227600098, 0.6373628377914429, 0.40959349274635315, 0.40030115842819214]"
0,centroid,1,393,Triton,Triton,"[""Triton"", ""Trius"", ""Ilias"", ""Mytikas"", ""Velorum""]","[0.7792497873306274, 0.6629025936126709, 0.6289791464805603, 0.5344796180725098, 0.488588809967041]"
0,centroid,1,394,Triton,Triton,"[""Triton"", ""Mytikas"", ""Trius"", ""Castor"", ""Velorum""]","[0.9000363945960999, 0.6779156923294067, 0.5083110332489014, 0.4568731486797333, 0.36901387572288513]"
0,centroid,1,395,Triton,Triton,"[""Triton"", ""Mytikas"", ""Trius"", ""Braga"", ""Xtreme""]","[0.8522412776947021, 0.5281065106391907, 0.3441868722438812, 0.33770549297332764, 0.32855600118637085]"
0,centroid,1,396,Triton,Triton,"[""Triton"", ""Trius"", ""Velorum"", ""Mytikas"", ""Ilias""]","[0.717201292514801, 0.6578017473220825, 0.5936044454574585, 0.5891208648681641, 0.4661789536476135]"
0,centroid,1,397,Triton,Triton,"[""Triton"", ""Trius"", ""Mytikas"", ""Ilias"", ""Castor""]","[0.8793476819992065, 0.6451983451843262, 0.6062828302383423, 0.4054470658302307, 0.3046253025531769]"
0,centroid,1,398,Triton,Triton,"[""Triton"", ""Mytikas"", ""Ilias"", ""Trius"", ""Alcatras""]","[0.7699698209762573, 0.6174718141555786, 0.47121039032936096, 0.4556388556957245, 0.3323822617530823]"
0,centroid,1,399,Triton,Triton,"[""Triton"", ""Castor"", ""Braga"", ""Mytikas"", ""Trius""]","[0.8551669120788574, 0.594528317451477, 0.5899060964584351, 0.580752968788147, 0.47605252265930176]"
0,centroid,1,400,Triton,Triton,"[""Triton"", ""Mytikas"", ""Braga"", ""Trius"", ""Castor""]","[0.8522876501083374, 0.6056356430053711, 0.5997557640075684, 0.5210419297218323, 0.3638952970504761]"
0,centroid,1,401,Triton,Triton,"[""Triton"", ""Mytikas"", ""Trius"", ""Castor"", ""Braga""]","[0.909782886505127, 0.5116183757781982, 0.5078446269035339, 0.4138246476650238, 0.32181721925735474]"
0,centroid,1,402,Triton,Triton,"[""Triton"", ""Trius"", ""Mytikas"", ""Ilias"", ""Ratikon""]","[0.8633016347885132, 0.5385210514068604, 0.4948064982891083, 0.461731880903244, 0.24476978182792664]"
0,centroid,1,403,Triton,Triton,"[""Triton"", ""Ilias"", ""Trius"", ""Vega"", ""Mytikas""]","[0.5865306854248047, 0.5443218946456909, 0.5184276103973389, 0.42366427183151245, 0.4004901349544525]"
0,centroid,1,404,Triton,Triton,"[""Triton"", ""Trius"", ""Ilias"", ""Mytikas"", ""Ratikon""]","[0.8509376049041748, 0.557313084602356, 0.4095936417579651, 0.3795706629753113, 0.28103718161582947]"
0,centroid,1,405,Triton,Triton,"[""Triton"", ""Ilias"", ""Ratikon"", ""Trius"", ""Denom""]","[0.6975126266479492, 0.5332667827606201, 0.43265658617019653, 0.4083649814128876, 0.3912392854690552]"
0,centroid,1,406,Triton,Triton,"[""Triton"", ""Mytikas"", ""Trius"", ""Castor"", ""Velorum""]","[0.9191213250160217, 0.5515157580375671, 0.5216143727302551, 0.4461163878440857, 0.38802653551101685]"
0,centroid,1,407,Triton,Triton,"[""Triton"", ""Mytikas"", ""Trius"", ""Braga"", ""Ilias""]","[0.8928446173667908, 0.6460576057434082, 0.57448410987854, 0.4695022702217102, 0.40491703152656555]"
0,centroid,1,408,Triton,Triton,"[""Triton"", ""Mytikas"", ""Trius"", ""Braga"", ""Castor""]","[0.8025883436203003, 0.5523166656494141, 0.46276000142097473, 0.43373358249664307, 0.41268301010131836]"
0,centroid,1,409,Triton,Triton,"[""Triton"", ""Mytikas"", ""Trius"", ""Braga"", ""Ilias""]","[0.8149456977844238, 0.5124944448471069, 0.48935848474502563, 0.43999290466308594, 0.31518131494522095]"
0,centroid,1,410,Triton,Triton,"[""Triton"", ""Mytikas"", ""Braga"", ""Castor"", ""Trius""]","[0.8038221597671509, 0.7232422828674316, 0.3681315779685974, 0.3596538305282593, 0.32527026534080505]"
0,centroid,1,411,Triton,Triton,"[""Triton"", ""Trius"", ""Ilias"", ""Mytikas"", ""Velorum""]","[0.8922765851020813, 0.6388875842094421, 0.4496530294418335, 0.4061664342880249, 0.2581671178340912]"
0,centroid,1,412,Triton,Triton,"[""Triton"", ""Mytikas"", ""Trius"", ""Velorum"", ""Braga""]","[0.7240890264511108, 0.6949436664581299, 0.666759729385376, 0.4297265112400055, 0.3823508620262146]"
0,centroid,1,413,Triton,Triton,"[""Triton"", ""Mytikas"", ""Castor"", ""Trius"", ""Ilias""]","[0.8658698797225952, 0.5185187458992004, 0.44349315762519836, 0.35649457573890686, 0.26801031827926636]"
0,centroid,1,414,Trius,Alaris,"[""Alaris"", ""Alcatras"", ""Trius"", ""Triton"", ""Braga""]","[0.6396500468254089, 0.6219537854194641, 0.521851658821106, 0.30226874351501465, 0.2827783524990082]"
0,centroid,1,415,Trius,Trius,"[""Trius"", ""Triton"", ""Braga"", ""Mytikas"", ""Alcatras""]","[0.8778078556060791, 0.67267906665802, 0.6262608766555786, 0.49835115671157837, 0.30200594663619995]"
0,centroid,1,416,Trius,Trius,"[""Trius"", ""Alaris"", ""Triton"", ""Vega"", ""Mytikas""]","[0.8575395345687866, 0.555672287940979, 0.31450074911117554, 0.2990458607673645, 0.27018800377845764]"
0,centroid,1,417,Trius,Trius,"[""Trius"", ""Alaris"", ""Castor"", ""Alcatras"", ""Triton""]","[0.4522398114204407, 0.45134419202804565, 0.3972606658935547, 0.3555923104286194, 0.3073487877845764]"
0,centroid,1,418,Trius,Trius,"[""Trius"", ""Braga"", ""Gemini"", ""Mytikas"", ""Triton""]","[0.7429690957069397, 0.7075203061103821, 0.3645245432853699, 0.3540559411048889, 0.30620133876800537]"
0,centroid,1,419,Trius,Trius,"[""Trius"", ""Alaris"", ""Alcatras"", ""Braga"", ""Triton""]","[0.7997435331344604, 0.6396732330322266, 0.41013213992118835, 0.376475989818573, 0.32177016139030457]"
0,centroid,1,420,Trius,Trius,"[""Trius"", ""Mytikas"", ""Gemini"", ""Vega"", ""Alcatras""]","[0.6178693771362305, 0.4116555452346802, 0.22511684894561768, 0.20103269815444946, 0.19493356347084045]"
0,centroid,1,421,Trius,Trius,"[""Trius"", ""Triton"", ""Braga"", ""Mytikas"", ""Alaris""]","[0.9010611176490784, 0.6948056817054749, 0.5039055943489075, 0.4970235526561737, 0.448483407497406]"
0,centroid,1,422,Trius,Braga,"[""Braga"", ""Trius"", ""Mytikas"", ""Turbine"", ""Alaris""]","[0.7086186408996582, 0.6438379287719727, 0.4020746350288391, 0.3298861086368561, 0.28796839714050293]"
0,centroid,1,423,Trius,Trius,"[""Trius"", ""Vega"", ""Mytikas"", ""Alaris"", ""Triton""]","[0.6836044788360596, 0.5012561678886414, 0.49949949979782104, 0.37990429997444153, 0.3190816342830658]"
0,centroid,1,424,Trius,Trius,"[""Trius"", ""Triton"", ""Castor"", ""Velorum"", ""Alcatras""]","[0.6962189674377441, 0.37475329637527466, 0.27586865425109863, 0.22406020760536194, 0.17762869596481323]"
0,centroid,1,425,Trius,Trius,"[""Trius"", ""Triton"", ""Mytikas"", ""Braga"", ""Castor""]","[0.8531157970428467, 0.5783690810203552, 0.4304802119731903, 0.41468489170074463, 0.26439788937568665]"
0,centroid,1,426,Trius,Trius,"[""Trius"", ""Mytikas"", ""Gemini"", ""Triton"", ""Braga""]","[0.7474043369293213, 0.5647292137145996, 0.39462268352508545, 0.3801579773426056, 0.3332725763320923]"
0,centroid,1,427,Trius,Trius,"[""Trius"", ""Mytikas"", ""Triton"", ""Gemini"", ""Braga""]","[0.8513966202735901, 0.6904636025428772, 0.5255233645439148, 0.3755335211753845, 0.31887608766555786]"
0,centroid,1,428,Trius,Trius,"[""Trius"", ""Mytikas"", ""Triton"", ""Gemini"", ""Braga""]","[0.7421091198921204, 0.4359288513660431, 0.42332321405410767, 0.3683479130268097, 0.2894660234451294]"
0,centroid,1,429,Trius,Trius,"[""Trius"", ""Ilias"", ""Triton"", ""Alaris"", ""Ratikon""]","[0.7330600619316101, 0.4542584717273712, 0.3496522307395935, 0.34491539001464844, 0.30801910161972046]"
0,centroid,1,430,Trius,Trius,"[""Trius"", ""Velorum"", ""Mytikas"", ""Gemini"", ""Xtreme""]","[0.5645669102668762, 0.4921896457672119, 0.41808509826660156, 0.3926153779029846, 0.3691951632499695]"
0,centroid,1,431,Trius,Trius,"[""Trius"", ""Braga"", ""Mytikas"", ""Triton"", ""Gemini""]","[0.8449918031692505, 0.6066636443138123, 0.5776228904724121, 0.4956268072128296, 0.407306432723999]"
0,centroid,1,432,Trius,Trius,"[""Trius"", ""Mytikas"", ""Gemini"", ""Denom"", ""Steel_Wheel""]","[0.7325412034988403, 0.3065008521080017, 0.3003871738910675, 0.17936751246452332, 0.1437467336654663]"
0,centroid,1,433,Trius,Trius,"[""Trius"", ""Triton"", ""Mytikas"", ""Ilias"", ""Braga""]","[0.8587355613708496, 0.5951770544052124, 0.4751734435558319, 0.3627721071243286, 0.3106178045272827]"
0,centroid,1,434,Trius,Ilias,"[""Ilias"", ""Triton"", ""Ratikon"", ""Mytikas"", ""Trius""]","[0.6873078346252441, 0.6545470356941223, 0.47826334834098816, 0.4474135637283325, 0.4367927312850952]"
0,centroid,1,435,Trius,Trius,"[""Trius"", ""Braga"", ""Triton"", ""Mytikas"", ""Alaris""]","[0.8295810222625732, 0.6200584173202515, 0.49601298570632935, 0.45811784267425537, 0.4134346842765808]"
0,centroid,1,436,Trius,Trius,"[""Trius"", ""Triton"", ""Ilias"", ""Alaris"", ""Gemini""]","[0.7463760375976562, 0.5382756590843201, 0.4742477238178253, 0.4574511647224426, 0.3898874521255493]"
0,centroid,1,437,Trius,Trius,"[""Trius"", ""Braga"", ""Triton"", ""Mytikas"", ""Alcatras""]","[0.6755395531654358, 0.6489130258560181, 0.5803125500679016, 0.36917704343795776, 0.3432462811470032]"
0,centroid,1,438,Trius,Trius,"[""Trius"", ""Braga"", ""Triton"", ""Alcatras"", ""Mytikas""]","[0.7713152170181274, 0.6446956992149353, 0.5823516845703125, 0.4380756616592407, 0.4350918233394623]"
0,centroid,1,439,Trius,Trius,"[""Trius"", ""Triton"", ""Braga"", ""Gemini"", ""Alcatras""]","[0.7234381437301636, 0.5498068332672119, 0.4919111728668213, 0.4307393431663513, 0.29443836212158203]"
0,centroid,1,440,Trius,Trius,"[""Trius"", ""Gemini"", ""Triton"", ""Ilias"", ""Velorum""]","[0.7055929899215698, 0.465224027633667, 0.39767366647720337, 0.38048166036605835, 0.25484973192214966]"
0,centroid,1,441,Trius,Trius,"[""Trius"", ""Vega"", ""Alaris"", ""Alcatras"", ""Gemini""]","[0.4766284227371216, 0.45601457357406616, 0.3464553952217102, 0.27161794900894165, 0.24476918578147888]"
0,centroid,1,442,Trius,Trius,"[""Trius"", ""Velorum"", ""Alaris"", ""Gemini"", ""Denom""]","[0.6149724721908569, 0.32056570053100586, 0.2412663698196411, 0.19553141295909882, 0.17694991827011108]"
0,centroid,1,443,Trius,Trius,"[""Trius"", ""Velorum"", ""Alcatras"", ""Alaris"", ""Steel_Wheel""]","[0.5056791305541992, 0.2883356809616089, 0.2859780192375183, 0.2824978828430176, 0.26551228761672974]"
0,centroid,1,444,Trius,Trius,"[""Trius"", ""Velorum"", ""Alaris"", ""Alcatras"", ""Ilias""]","[0.650861382484436, 0.4897943139076233, 0.43871626257896423, 0.3912530243396759, 0.3219674229621887]"
0,centroid,1,445,Trius,Trius,"[""Trius"", ""Mytikas"", ""Gemini"", ""Nivalis"", ""Velorum""]","[0.6240185499191284, 0.5762046575546265, 0.3842729330062866, 0.29731443524360657, 0.27528145909309387]"
0,centroid,1,446,Trius,Gemini,"[""Gemini"", ""Trius"", ""Ilias"", ""Velorum"", ""Vega""]","[0.4764012396335602, 0.39728039503097534, 0.29959768056869507, 0.23618623614311218, 0.2262895703315735]"
0,centroid,1,447,Trius,Trius,"[""Trius"", ""Gemini"", ""Alaris"", ""Braga"", ""Hawk""]","[0.6505452394485474, 0.543574333190918, 0.47515183687210083, 0.43695908784866333, 0.2814788520336151]"
0,centroid,1,448,Trius,Trius,"[""Trius"", ""Braga"", ""Mytikas"", ""Triton"", ""Gemini""]","[0.7390773296356201, 0.5578517913818359, 0.4413946270942688, 0.42606645822525024, 0.3777052164077759]"
0,centroid,1,449,Trius,Braga,"[""Braga"", ""Trius"", ""Alaris"", ""Mytikas"", ""Alcatras""]","[0.6292556524276733, 0.6167283654212952, 0.47024697065353394, 0.4327157139778137, 0.4030676782131195]"
0,centroid,1,450,Trius,Trius,"[""Trius"", ""Alaris"", ""Mytikas"", ""Triton"", ""Gemini""]","[0.7970656156539917, 0.45500117540359497, 0.4337044954299927, 0.4090452790260315, 0.31481462717056274]"
0,centroid,1,451,Trius,Trius,"[""Trius"", ""Gemini"", ""Braga"", ""Triton"", ""Ilias""]","[0.781201958656311, 0.4731312096118927, 0.43061211705207825, 0.4172039330005646, 0.34723788499832153]"
0,centroid,1,452,Trius,Trius,"[""Trius"", ""Triton"", ""Alaris"", ""Mytikas"", ""Braga""]","[0.7991166114807129, 0.5697894096374512, 0.40825146436691284, 0.35557639598846436, 0.31763023138046265]"
0,centroid,1,453,Trius,Trius,"[""Trius"", ""Mytikas"", ""Triton"", ""Gemini"", ""Vega""]","[0.5672680735588074, 0.510027289390564, 0.46172982454299927, 0.42637136578559875, 0.2677457928657532]"
0,centroid,1,454,Trius,Trius,"[""Trius"", ""Steel_Wheel"", ""Alaris"", ""Gemini"", ""Alcatras""]","[0.564085841178894, 0.35705626010894775, 0.3007369041442871, 0.1722327470779419, 0.15579582750797272]"
0,centroid,1,455,Turbine,Castor,"[""Castor"", ""Alcatras"", ""Braga"", ""Trius"", ""Turbine""]","[0.5994827747344971, 0.5358359813690186, 0.4893109202384949, 0.3755227327346802, 0.35544389486312866]"
0,centroid,1,456,Turbine,Turbine,"[""Turbine"", ""Castor"", ""Mytikas"", ""Hawk"", ""Braga""]","[0.7982007265090942, 0.5359670519828796, 0.3497345745563507, 0.22783391177654266, 0.21791429817676544]"
0,centroid,1,457,Turbine,Turbine,"[""Turbine"", ""Vega"", ""Hawk"", ""Alaris"", ""Braga""]","[0.799957275390625, 0.39536574482917786, 0.3634830117225647, 0.29798194766044617, 0.05179193615913391]"
0,centroid,1,458,Turbine,Turbine,"[""Turbine"", ""Alaris"", ""Castor"", ""Alcatras"", ""Trius""]","[0.8861613273620605, 0.34609174728393555, 0.34184014797210693, 0.3158142566680908, 0.29710859060287476]"
0,centroid,1,459,Turbine,Turbine,"[""Turbine"", ""Hawk"", ""Vega"", ""Braga"", ""Gemini""]","[0.7472231388092041, 0.3736898899078369, 0.251131147146225, 0.24456273019313812, 0.15847721695899963]"
0,centroid,1,460,Turbine,Turbine,"[""Turbine"", ""Castor"", ""Alcatras"", ""Alaris"", ""Mytikas""]","[0.7863814830780029, 0.39097172021865845, 0.21815644204616547, 0.16653315722942352, 0.14739736914634705]"
0,centroid,1,461,Turbine,Turbine,"[""Turbine"", ""Castor"", ""Alcatras"", ""Mytikas"", ""Alaris""]","[0.8112646341323853, 0.741120457649231, 0.46596628427505493, 0.37326958775520325, 0.3027651607990265]"
0,centroid,1,462,Turbine,Turbine,"[""Turbine"", ""Vega"", ""Hawk"", ""Mytikas"", ""Triton""]","[0.8128414154052734, 0.32205522060394287, 0.2788863778114319, 0.14639362692832947, 0.10375000536441803]"
0,centroid,1,463,Turbine,Turbine,"[""Turbine"", ""Hawk"", ""Braga"", ""Vega"", ""Castor""]","[0.8424568176269531, 0.4016047716140747, 0.37344273924827576, 0.24756160378456116, 0.19019638001918793]"
0,centroid,1,464,Turbine,Castor,"[""Castor"", ""Turbine"", ""Mytikas"", ""Triton"", ""Alcatras""]","[0.7432869076728821, 0.6544712781906128, 0.36872273683547974, 0.30996429920196533, 0.12928806245326996]"
0,centroid,1,465,Turbine,Turbine,"[""Turbine"", ""Castor"", ""Hawk"", ""Vega"", ""Mytikas""]","[0.9227369427680969, 0.36782926321029663, 0.33324944972991943, 0.24153564870357513, 0.18643048405647278]"
0,centroid,1,466,Turbine,Turbine,"[""Turbine"", ""Castor"", ""Triton"", ""Alcatras"", ""Mytikas""]","[0.8171874284744263, 0.5178143978118896, 0.2295261025428772, 0.22705549001693726, 0.216218039393425]"
0,centroid,1,467,Turbine,Turbine,"[""Turbine"", ""Vega"", ""Hawk"", ""Braga"", ""Alaris""]","[0.7990531921386719, 0.42375510931015015, 0.4061843156814575, 0.10592591762542725, 0.08869563788175583]"
0,centroid,1,468,Turbine,Turbine,"[""Turbine"", ""Hawk"", ""Vega"", ""Alaris"", ""Alcatras""]","[0.8314048647880554, 0.33518683910369873, 0.329445481300354, 0.2562640905380249, 0.1492500901222229]"
0,centroid,1,469,Turbine,Turbine,"[""Turbine"", ""Hawk"", ""Vega"", ""Alcatras"", ""Braga""]","[0.8343077898025513, 0.5528234839439392, 0.37815916538238525, 0.36637789011001587, 0.3234569728374481]"
0,centroid,1,470,Turbine,Turbine,"[""Turbine"", ""Hawk"", ""Vega"", ""Castor"", ""Braga""]","[0.9050213098526001, 0.380514919757843, 0.30720648169517517, 0.29848599433898926, 0.2834973931312561]"
0,centroid,1,471,Turbine,Turbine,"[""Turbine"", ""Vega"", ""Braga"", ""Hawk"", ""Gemini""]","[0.6322174668312073, 0.43754756450653076, 0.30072441697120667, 0.2672308087348938, 0.14716081321239471]"
0,centroid,1,472,Turbine,Turbine,"[""Turbine"", ""Castor"", ""Alcatras"", ""Trius"", ""Mytikas""]","[0.7015753388404846, 0.6320106983184814, 0.45435911417007446, 0.4418724477291107, 0.4395586848258972]"
0,centroid,1,473,Turbine,Turbine,"[""Turbine"", ""Braga"", ""Hawk"", ""Vega"", ""Triton""]","[0.5976477861404419, 0.43658843636512756, 0.38389334082603455, 0.3319724500179291, 0.3086059093475342]"
0,centroid,1,474,Turbine,Turbine,"[""Turbine"", ""Hawk"", ""Vega"", ""Castor"", ""Mytikas""]","[0.8789545297622681, 0.4148811101913452, 0.27755939960479736, 0.09789251536130905, 0.0711250752210617]"
0,centroid,1,475,Turbine,Mytikas,"[""Mytikas"", ""Castor"", ""Turbine"", ""Triton"", ""Alcatras""]","[0.7384060025215149, 0.5885636210441589, 0.3698858618736267, 0.3565548062324524, 0.25035756826400757]"
0,centroid,1,476,Turbine,Turbine,"[""Turbine"", ""Castor"", ""Mytikas"", ""Triton"", ""Velorum""]","[0.6820452213287354, 0.6791881918907166, 0.46106767654418945, 0.4139750003814697, 0.37233415246009827]"
0,centroid,1,477,Turbine,Turbine,"[""Turbine"", ""Hawk"", ""Castor"", ""Vega"", ""Braga""]","[0.9053585529327393, 0.3418053388595581, 0.16298064589500427, 0.15588617324829102, 0.12605467438697815]"
0,centroid,1,478,Turbine,Turbine,"[""Turbine"", ""Castor"", ""Hawk"", ""Braga"", ""Mytikas""]","[0.8611783981323242, 0.3427327275276184, 0.3251892924308777, 0.24170444905757904, 0.0265438761562109]"
0,centroid,1,479,Turbine,Turbine,"[""Turbine"", ""Castor"", ""Braga"", ""Vega"", ""Trius""]","[0.7868341207504272, 0.411318838596344, 0.3683546781539917, 0.26613757014274597, 0.2501974105834961]"
0,centroid,1,480,Turbine,Turbine,"[""Turbine"", ""Hawk"", ""Castor"", ""Alcatras"", ""Alaris""]","[0.7241525650024414, 0.49615147709846497, 0.45037126541137695, 0.4163690209388733, 0.3524746894836426]"
0,centroid,1,481,Turbine,Turbine,"[""Turbine"", ""Castor"", ""Alcatras"", ""Alaris"", ""Braga""]","[0.8387401700019836, 0.43295618891716003, 0.3904471695423126, 0.35647672414779663, 0.17480701208114624]"
0,centroid,1,482,Turbine,Turbine,"[""Turbine"", ""Castor"", ""Alcatras"", ""Alaris"", ""Mytikas""]","[0.7503969073295593, 0.44112667441368103, 0.33115285634994507, 0.25127163529396057, 0.24965263903141022]"
0,centroid,1,483,Vega,Vega,"[""Vega"", ""Alaris"", ""Hawk"", ""Turbine"", ""Braga""]","[0.889432966709137, 0.5268751978874207, 0.3716679811477661, 0.3433142304420471, 0.3373771905899048]"
0,centroid,1,484,Vega,Vega,"[""Vega"", ""Hawk"", ""Alaris"", ""Mytikas"", ""Alcatras""]","[0.8724087476730347, 0.29109489917755127, 0.2310221791267395, 0.23022568225860596, 0.20583541691303253]"
0,centroid,1,485,Vega,Vega,"[""Vega"", ""Turbine"", ""Hawk"", ""Braga"", ""Alaris""]","[0.851887583732605, 0.3244495987892151, 0.2385227531194687, 0.22495687007904053, 0.21443018317222595]"
0,centroid,1,486,Vega,Vega,"[""Vega"", ""Hawk"", ""Braga"", ""Alcatras"", ""Gemini""]","[0.8498231172561646, 0.4478325843811035, 0.43498674035072327, 0.306274950504303, 0.2749514877796173]"
0,centroid,1,487,Vega,Vega,"[""Vega"", ""Hawk"", ""Gemini"", ""Alaris"", ""Braga""]","[0.8965746164321899, 0.2954559624195099, 0.2929101586341858, 0.2359091341495514, 0.14523909986019135]"
0,centroid,1,488,Vega,Vega,"[""Vega"", ""Turbine"", ""Braga"", ""Hawk"", ""Alaris""]","[0.8288207650184631, 0.4838603734970093, 0.31845206022262573, 0.20959684252738953, 0.18205353617668152]"
0,centroid,1,489,Vega,Vega,"[""Vega"", ""Alaris"", ""Hawk"", ""Turbine"", ""Gemini""]","[0.9322720170021057, 0.38129258155822754, 0.31989675760269165, 0.27794623374938965, 0.2651136815547943]"
0,centroid,1,490,Vega,Vega,"[""Vega"", ""Gemini"", ""Hawk"", ""Alaris"", ""Ilias""]","[0.892581045627594, 0.380535364151001, 0.253529816865921, 0.2004539966583252, 0.1581254005432129]"
0,centroid,1,491,Vega,Vega,"[""Vega"", ""Hawk"", ""Turbine"", ""Alaris"", ""Braga""]","[0.9015381932258606, 0.34996944665908813, 0.27709877490997314, 0.2401690036058426, 0.19438587129116058]"
0,centroid,1,492,Vega,Vega,"[""Vega"", ""Nivalis"", ""Gemini"", ""Braga"", ""Turbine""]","[0.7025959491729736, 0.23500344157218933, 0.11957808583974838, 0.03782004490494728, 0.03404863551259041]"
0,centroid,1,493,Vega,Vega,"[""Vega"", ""Alaris"", ""Alcatras"", ""Braga"", ""Hawk""]","[0.9204659461975098, 0.4664175510406494, 0.2785932719707489, 0.25886839628219604, 0.24904170632362366]"
0,centroid,1,494,Vega,Vega,"[""Vega"", ""Alaris"", ""Alcatras"", ""Braga"", ""Hawk""]","[0.8627885580062866, 0.4937904477119446, 0.2590522766113281, 0.20242400467395782, 0.1888771802186966]"
0,centroid,1,495,Vega,Vega,"[""Vega"", ""Gemini"", ""Hawk"", ""Braga"", ""Mytikas""]","[0.7788188457489014, 0.5588001608848572, 0.4960975646972656, 0.3062584400177002, 0.27157461643218994]"
0,centroid,1,496,Vega,Vega,"[""Vega"", ""Gemini"", ""Triton"", ""Xtreme"", ""Nivalis""]","[0.6503283977508545, 0.38168346881866455, 0.24296054244041443, 0.18230760097503662, 0.16698691248893738]"
0,centroid,1,497,Vega,Vega,"[""Vega"", ""Gemini"", ""Hawk"", ""Alaris"", ""Braga""]","[0.8949207067489624, 0.5720765590667725, 0.4547666907310486, 0.3356333374977112, 0.12358685582876205]"
0,centroid,1,498,Vega,Vega,"[""Vega"", ""Turbine"", ""Hawk"", ""Alaris"", ""Braga""]","[0.8498843908309937, 0.3473498523235321, 0.3123403787612915, 0.2925723195075989, 0.15907995402812958]"
0,centroid,1,499,Vega,Vega,"[""Vega"", ""Hawk"", ""Gemini"", ""Braga"", ""Alaris""]","[0.8528047800064087, 0.5048589110374451, 0.42270389199256897, 0.32650506496429443, 0.30496716499328613]"
0,centroid,1,500,Vega,Vega,"[""Vega"", ""Alcatras"", ""Alaris"", ""Hawk"", ""Braga""]","[0.8761601448059082, 0.514451265335083, 0.43798449635505676, 0.4050789177417755, 0.37189382314682007]"
0,centroid,1,501,Vega,Vega,"[""Vega"", ""Hawk"", ""Gemini"", ""Alaris"", ""Braga""]","[0.8204801082611084, 0.6699297428131104, 0.29284870624542236, 0.15828335285186768, 0.11857044696807861]"
0,centroid,1,502,Vega,Vega,"[""Vega"", ""Hawk"", ""Gemini"", ""Turbine"", ""Nivalis""]","[0.8884438276290894, 0.29968157410621643, 0.23206937313079834, 0.08008596301078796, 0.07914325594902039]"
0,centroid,1,503,Vega,Vega,"[""Vega"", ""Hawk"", ""Gemini"", ""Braga"", ""Turbine""]","[0.7075940370559692, 0.6402723789215088, 0.2962319254875183, 0.18385031819343567, 0.1777014434337616]"
0,centroid,1,504,Vega,Vega,"[""Vega"", ""Hawk"", ""Turbine"", ""Alaris"", ""Gemini""]","[0.9600668549537659, 0.33138686418533325, 0.29209521412849426, 0.2893809974193573, 0.26584768295288086]"
0,centroid,1,505,Vega,Vega,"[""Vega"", ""Hawk"", ""Gemini"", ""Alaris"", ""Braga""]","[0.9263289570808411, 0.33992183208465576, 0.330016553401947, 0.27202722430229187, 0.1389099359512329]"
0,centroid,1,506,Vega,Vega,"[""Vega"", ""Alaris"", ""Braga"", ""Alcatras"", ""Hawk""]","[0.8037996888160706, 0.6449523568153381, 0.5123804807662964, 0.48819249868392944, 0.38900259137153625]"
0,centroid,1,507,Vega,Vega,"[""Vega"", ""Gemini"", ""Hawk"", ""Alaris"", ""Braga""]","[0.9199063777923584, 0.37956008315086365, 0.366870641708374, 0.2661377787590027, 0.2531173825263977]"
0,centroid,1,508,Vega,Vega,"[""Vega"", ""Hawk"", ""Braga"", ""Gemini"", ""Turbine""]","[0.8218106627464294, 0.45148637890815735, 0.2777273654937744, 0.23995894193649292, 0.1678733229637146]"
0,centroid,1,509,Vega,Vega,"[""Vega"", ""Alaris"", ""Gemini"", ""Hawk"", ""Braga""]","[0.8857098817825317, 0.3322647213935852, 0.3220953345298767, 0.30719831585884094, 0.27628642320632935]"
0,centroid,1,510,Vega,Vega,"[""Vega"", ""Alaris"", ""Hawk"", ""Gemini"", ""Turbine""]","[0.9279550313949585, 0.3534061908721924, 0.34415966272354126, 0.22660569846630096, 0.19020944833755493]"
0,centroid,1,511,Vega,Vega,"[""Vega"", ""Gemini"", ""Braga"", ""Hawk"", ""Turbine""]","[0.891963005065918, 0.3289387822151184, 0.3221750855445862, 0.2478179633617401, 0.24650749564170837]"
0,centroid,1,512,Vega,Vega,"[""Vega"", ""Hawk"", ""Alaris"", ""Gemini"", ""Turbine""]","[0.9196162223815918, 0.30992352962493896, 0.2568335235118866, 0.25536927580833435, 0.18528160452842712]"
0,centroid,1,513,Vega,Vega,"[""Vega"", ""Alaris"", ""Hawk"", ""Gemini"", ""Braga""]","[0.9198715686798096, 0.5047846436500549, 0.40108656883239746, 0.24875232577323914, 0.23864129185676575]"
0,centroid,1,514,Vega,Vega,"[""Vega"", ""Alaris"", ""Braga"", ""Alcatras"", ""Trius""]","[0.7442705631256104, 0.6392292976379395, 0.4380283057689667, 0.4355570375919342, 0.4312450587749481]"
0,centroid,1,515,Vega,Vega,"[""Vega"", ""Alaris"", ""Trius"", ""Alcatras"", ""Turbine""]","[0.8182867765426636, 0.5049619674682617, 0.3576872944831848, 0.34641051292419434, 0.33046817779541016]"
0,centroid,1,516,Vega,Vega,"[""Vega"", ""Alaris"", ""Turbine"", ""Hawk"", ""Braga""]","[0.8389922976493835, 0.3692890405654907, 0.28343579173088074, 0.221574604511261, 0.10735869407653809]"
0,centroid,1,517,Vega,Vega,"[""Vega"", ""Nivalis"", ""Gemini"", ""Hawk"", ""Alaris""]","[0.8100929260253906, 0.28241410851478577, 0.23744827508926392, 0.11963746696710587, 0.07080346345901489]"
0,centroid,1,518,Vega,Vega,"[""Vega"", ""Gemini"", ""Hawk"", ""Braga"", ""Xtreme""]","[0.8316529989242554, 0.5536098480224609, 0.4631667137145996, 0.3174631595611572, 0.26125094294548035]"
0,centroid,1,519,Velorum,Velorum,"[""Velorum"", ""Nivalis"", ""Denom"", ""Ilias"", ""Alcatras""]","[0.9211346507072449, 0.3484964370727539, 0.31203511357307434, 0.3059157133102417, 0.22016532719135284]"
0,centroid,1,520,Velorum,Velorum,"[""Velorum"", ""Mytikas"", ""Trius"", ""Castor"", ""Alcatras""]","[0.8045188188552856, 0.3406997323036194, 0.31850242614746094, 0.28587818145751953, 0.22861015796661377]"
0,centroid,1,521,Velorum,Velorum,"[""Velorum"", ""Ilias"", ""Nivalis"", ""Triton"", ""Denom""]","[0.9161597490310669, 0.6221470832824707, 0.40929779410362244, 0.39469224214553833, 0.37514829635620117]"
0,centroid,1,522,Velorum,Velorum,"[""Velorum"", ""Denom"", ""Ilias"", ""Nivalis"", ""Trius""]","[0.9126617908477783, 0.42293375730514526, 0.4033166766166687, 0.384610652923584, 0.2786685526371002]"
0,centroid,1,523,Velorum,Velorum,"[""Velorum"", ""Denom"", ""Nivalis"", ""Triton"", ""Ilias""]","[0.7579301595687866, 0.42834213376045227, 0.30234289169311523, 0.2921381890773773, 0.24347910284996033]"
0,centroid,1,524,Velorum,Velorum,"[""Velorum"", ""Ilias"", ""Denom"", ""Nivalis"", ""Xtreme""]","[0.8543834090232849, 0.442405104637146, 0.41169223189353943, 0.33673882484436035, 0.27962207794189453]"
0,centroid,1,525,Velorum,Velorum,"[""Velorum"", ""Nivalis"", ""Ilias"", ""Denom"", ""Alcatras""]","[0.9242305755615234, 0.48968058824539185, 0.3247511088848114, 0.29007256031036377, 0.22658592462539673]"
0,centroid,1,526,Velorum,Velorum,"[""Velorum"", ""Ilias"", ""Denom"", ""Nivalis"", ""Xtreme""]","[0.9144290685653687, 0.5154266953468323, 0.4232461452484131, 0.39968299865722656, 0.352584570646286]"
0,centroid,1,527,Velorum,Velorum,"[""Velorum"", ""Nivalis"", ""Ilias"", ""Denom"", ""Mytikas""]","[0.8555608987808228, 0.636872410774231, 0.4082578718662262, 0.3137909173965454, 0.25603288412094116]"
0,centroid,1,528,Velorum,Velorum,"[""Velorum"", ""Ilias"", ""Nivalis"", ""Denom"", ""Xtreme""]","[0.9493219256401062, 0.6309719681739807, 0.530492901802063, 0.4156467318534851, 0.29366162419319153]"
0,centroid,1,529,Velorum,Velorum,"[""Velorum"", ""Nivalis"", ""Ilias"", ""Triton"", ""Mytikas""]","[0.8010804653167725, 0.622712254524231, 0.5134254097938538, 0.37422269582748413, 0.360154390335083]"
0,centroid,1,530,Velorum,Velorum,"[""Velorum"", ""Ilias"", ""Castor"", ""Denom"", ""Nivalis""]","[0.7975488305091858, 0.3611143231391907, 0.3294699192047119, 0.329079806804657, 0.32803982496261597]"
0,centroid,1,531,Velorum,Velorum,"[""Velorum"", ""Denom"", ""Nivalis"", ""Ilias"", ""Trius""]","[0.9069508910179138, 0.4825763702392578, 0.37908798456192017, 0.36288052797317505, 0.2111944705247879]"
0,centroid,1,532,Velorum,Velorum,"[""Velorum"", ""Nivalis"", ""Ilias"", ""Denom"", ""Triton""]","[0.9209719300270081, 0.589828610420227, 0.5670272707939148, 0.3940863013267517, 0.2602617144584656]"
0,centroid,1,533,Velorum,Velorum,"[""Velorum"", ""Ilias"", ""Denom"", ""Nivalis"", ""Ratikon""]","[0.8974789977073669, 0.7330226898193359, 0.7035824060440063, 0.5988290309906006, 0.4722900390625]"
0,centroid,1,534,Velorum,Velorum,"[""Velorum"", ""Castor"", ""Alcatras"", ""Denom"", ""Nivalis""]","[0.8053895235061646, 0.3974815011024475, 0.24660344421863556, 0.18841183185577393, 0.1543382704257965]"
0,centroid,1,535,Velorum,Velorum,"[""Velorum"", ""Nivalis"", ""Denom"", ""Ilias"", ""Ratikon""]","[0.9119603633880615, 0.5902543663978577, 0.5320892333984375, 0.4422139525413513, 0.3150385618209839]"
0,centroid,1,536,Velorum,Velorum,"[""Velorum"", ""Triton"", ""Ilias"", ""Mytikas"", ""Nivalis""]","[0.7948426604270935, 0.49590927362442017, 0.3999759554862976, 0.3753682076931, 0.33598998188972473]"
0,centroid,1,537,Velorum,Velorum,"[""Velorum"", ""Nivalis"", ""Ilias"", ""Denom"", ""Ratikon""]","[0.9008869528770447, 0.6017463803291321, 0.5343799591064453, 0.38315823674201965, 0.2506527304649353]"
0,centroid,1,538,Velorum,Velorum,"[""Velorum"", ""Denom"", ""Castor"", ""Mytikas"", ""Trius""]","[0.8318620920181274, 0.31922098994255066, 0.283109575510025, 0.2720101773738861, 0.2684355080127716]"
0,centroid,1,539,Velorum,Velorum,"[""Velorum"", ""Ilias"", ""Denom"", ""Nivalis"", ""Mytikas""]","[0.9147979021072388, 0.4186690151691437, 0.33640676736831665, 0.33589038252830505, 0.3208564519882202]"
0,centroid,1,540,Velorum,Velorum,"[""Velorum"", ""Nivalis"", ""Ilias"", ""Denom"", ""Ratikon""]","[0.9395052790641785, 0.6310787200927734, 0.6164882183074951, 0.5752708911895752, 0.4141419231891632]"
0,centroid,1,541,Velorum,Velorum,"[""Velorum"", ""Ilias"", ""Denom"", ""Nivalis"", ""Mytikas""]","[0.9188162088394165, 0.4782385528087616, 0.40772444009780884, 0.31094491481781006, 0.2550814151763916]"
0,centroid,1,542,Velorum,Velorum,"[""Velorum"", ""Denom"", ""Nivalis"", ""Ilias"", ""Alcatras""]","[0.8243266344070435, 0.5023269057273865, 0.4287399649620056, 0.20491410791873932, 0.18504665791988373]"
0,centroid,1,543,Velorum,Velorum,"[""Velorum"", ""Nivalis"", ""Denom"", ""Ilias"", ""Triton""]","[0.9222311973571777, 0.3620907664299011, 0.3471670150756836, 0.34145858883857727, 0.18903207778930664]"
0,centroid,1,544,Velorum,Velorum,"[""Velorum"", ""Ilias"", ""Trius"", ""Denom"", ""Triton""]","[0.7344013452529907, 0.5853221416473389, 0.42996954917907715, 0.3535020351409912, 0.3351122736930847]"
0,centroid,1,545,Velorum,Velorum,"[""Velorum"", ""Ilias"", ""Triton"", ""Mytikas"", ""Trius""]","[0.8895493149757385, 0.4464850425720215, 0.3940112590789795, 0.3125080466270447, 0.2783363461494446]"
0,centroid,1,546,Velorum,Velorum,"[""Velorum"", ""Ilias"", ""Nivalis"", ""Triton"", ""Denom""]","[0.9738211631774902, 0.5503281950950623, 0.4301389455795288, 0.3422994613647461, 0.32284730672836304]"
0,centroid,1,547,Velorum,Velorum,"[""Velorum"", ""Ilias"", ""Nivalis"", ""Alcatras"", ""Denom""]","[0.8575725555419922, 0.5638736486434937, 0.43548351526260376, 0.23253922164440155, 0.2228809893131256]"
0,centroid,1,548,Velorum,Velorum,"[""Velorum"", ""Ilias"", ""Nivalis"", ""Denom"", ""Ratikon""]","[0.9303858280181885, 0.6864477396011353, 0.5928310751914978, 0.5420725345611572, 0.3232257664203644]"
0,centroid,1,549,Velorum,Velorum,"[""Velorum"", ""Denom"", ""Nivalis"", ""Ilias"", ""Ratikon""]","[0.8617832660675049, 0.5601046085357666, 0.39566463232040405, 0.3802160918712616, 0.3236953914165497]"
0,centroid,1,550,Velorum,Velorum,"[""Velorum"", ""Denom"", ""Ilias"", ""Nivalis"", ""Ratikon""]","[0.6959124803543091, 0.4525945484638214, 0.43630552291870117, 0.30523478984832764, 0.23372109234333038]"
0,centroid,1,551,Velorum,Velorum,"[""Velorum"", ""Nivalis"", ""Ilias"", ""Castor"", ""Ratikon""]","[0.8453782200813293, 0.5216255187988281, 0.37962043285369873, 0.2666422724723816, 0.2590290904045105]"
0,centroid,1,552,Velorum,Velorum,"[""Velorum"", ""Ilias"", ""Denom"", ""Nivalis"", ""Ratikon""]","[0.7713779807090759, 0.7377887964248657, 0.5751775503158569, 0.4982870817184448, 0.4680442810058594]"
0,centroid,1,553,Velorum,Velorum,"[""Velorum"", ""Ilias"", ""Denom"", ""Nivalis"", ""Triton""]","[0.8564580678939819, 0.5894902348518372, 0.547112226486206, 0.4495614469051361, 0.33853772282600403]"
0,centroid,1,554,Velorum,Velorum,"[""Velorum"", ""Ilias"", ""Nivalis"", ""Triton"", ""Denom""]","[0.8925325274467468, 0.5208764672279358, 0.39438989758491516, 0.39380964636802673, 0.3825281262397766]"
0,centroid,1,555,Velorum,Velorum,"[""Velorum"", ""Nivalis"", ""Ilias"", ""Ratikon"", ""Denom""]","[0.8071910738945007, 0.5876214504241943, 0.4414871037006378, 0.26225095987319946, 0.21745577454566956]"
0,centroid,1,556,Velorum,Velorum,"[""Velorum"", ""Denom"", ""Nivalis"", ""Ilias"", ""Triton""]","[0.8400412797927856, 0.5528666973114014, 0.5065688490867615, 0.5049789547920227, 0.36673417687416077]"
0,centroid,1,557,Velorum,Velorum,"[""Velorum"", ""Ilias"", ""Nivalis"", ""Denom"", ""Ratikon""]","[0.7953846454620361, 0.6850019693374634, 0.6419602632522583, 0.3839857280254364, 0.352864146232605]"
0,centroid,1,558,Velorum,Velorum,"[""Velorum"", ""Ilias"", ""Trius"", ""Triton"", ""Alcatras""]","[0.873799741268158, 0.5919671654701233, 0.39168912172317505, 0.3691176176071167, 0.3345613479614258]"
0,centroid,1,559,Velorum,Velorum,"[""Velorum"", ""Ilias"", ""Alcatras"", ""Turbine"", ""Nivalis""]","[0.8954205513000488, 0.3519495129585266, 0.2555789351463318, 0.1729097068309784, 0.1666153073310852]"
0,centroid,1,560,Velorum,Velorum,"[""Velorum"", ""Ilias"", ""Denom"", ""Trius"", ""Nivalis""]","[0.901516854763031, 0.5550515651702881, 0.4761739671230316, 0.4365330636501312, 0.35553669929504395]"
0,centroid,1,561,Velorum,Velorum,"[""Velorum"", ""Ilias"", ""Nivalis"", ""Mytikas"", ""Triton""]","[0.9482667446136475, 0.5351614952087402, 0.39143887162208557, 0.30393022298812866, 0.3036532402038574]"
0,centroid,1,562,Velorum,Velorum,"[""Velorum"", ""Ilias"", ""Alcatras"", ""Triton"", ""Mytikas""]","[0.8740191459655762, 0.47776898741722107, 0.4324386715888977, 0.34711456298828125, 0.3056148886680603]"
0,centroid,1,563,Velorum,Velorum,"[""Velorum"", ""Mytikas"", ""Alcatras"", ""Trius"", ""Ilias""]","[0.8900929689407349, 0.3232726752758026, 0.2943543791770935, 0.2787601351737976, 0.2691012918949127]"
0,centroid,1,564,Velorum,Velorum,"[""Velorum"", ""Ilias"", ""Xtreme"", ""Triton"", ""Nivalis""]","[0.9271026849746704, 0.5534027218818665, 0.3702769875526428, 0.3342660069465637, 0.3136451840400696]"
0,centroid,1,565,Velorum,Velorum,"[""Velorum"", ""Nivalis"", ""Ilias"", ""Triton"", ""Denom""]","[0.9015663862228394, 0.5209025740623474, 0.4790763556957245, 0.27988189458847046, 0.2647620737552643]"
0,centroid,1,566,Velorum,Velorum,"[""Velorum"", ""Ilias"", ""Denom"", ""Nivalis"", ""Ratikon""]","[0.9039664268493652, 0.6989927887916565, 0.5233801007270813, 0.4772632122039795, 0.38703203201293945]"
0,centroid,1,567,Velorum,Velorum,"[""Velorum"", ""Ilias"", ""Trius"", ""Triton"", ""Mytikas""]","[0.8968045115470886, 0.46055173873901367, 0.3932815194129944, 0.34234941005706787, 0.3232279419898987]"
0,centroid,1,568,Velorum,Velorum,"[""Velorum"", ""Nivalis"", ""Ilias"", ""Denom"", ""Mytikas""]","[0.9319037199020386, 0.48515623807907104, 0.47897666692733765, 0.30638155341148376, 0.29372143745422363]"
0,centroid,1,569,Velorum,Velorum,"[""Velorum"", ""Ilias"", ""Nivalis"", ""Denom"", ""Triton""]","[0.932892918586731, 0.6617563962936401, 0.4876291751861572, 0.48286521434783936, 0.3815420866012573]"
0,centroid,1,570,Velorum,Velorum,"[""Velorum"", ""Ilias"", ""Triton"", ""Trius"", ""Alcatras""]","[0.7118130326271057, 0.5155162215232849, 0.39238661527633667, 0.3650808334350586, 0.31186094880104065]"
0,centroid,1,571,Velorum,Velorum,"[""Velorum"", ""Triton"", ""Mytikas"", ""Ilias"", ""Xtreme""]","[0.8280059099197388, 0.4206361174583435, 0.41703057289123535, 0.3750770092010498, 0.3745681643486023]"
0,centroid,1,572,Velorum,Velorum,"[""Velorum"", ""Ilias"", ""Nivalis"", ""Mytikas"", ""Denom""]","[0.8501143455505371, 0.5938861966133118, 0.5069460272789001, 0.42403027415275574, 0.39077144861221313]"
0,centroid,1,573,Velorum,Velorum,"[""Velorum"", ""Nivalis"", ""Denom"", ""Ilias"", ""Ratikon""]","[0.878970742225647, 0.6847028732299805, 0.5505036115646362, 0.5410799980163574, 0.3746483325958252]"
0,centroid,1,574,Velorum,Velorum,"[""Velorum"", ""Ilias"", ""Nivalis"", ""Ratikon"", ""Mytikas""]","[0.8236088752746582, 0.5751897096633911, 0.49425479769706726, 0.43576550483703613, 0.32564616203308105]"
0,centroid,1,575,Velorum,Velorum,"[""Velorum"", ""Nivalis"", ""Denom"", ""Ilias"", ""Xtreme""]","[0.9258800745010376, 0.5000134110450745, 0.3809678554534912, 0.35227298736572266, 0.21188323199748993]"
0,centroid,1,576,Velorum,Velorum,"[""Velorum"", ""Ilias"", ""Nivalis"", ""Denom"", ""Ratikon""]","[0.957212507724762, 0.5970826148986816, 0.5338153839111328, 0.47698748111724854, 0.3340609073638916]"
0,centroid,1,577,Velorum,Velorum,"[""Velorum"", ""Denom"", ""Nivalis"", ""Ilias"", ""Ratikon""]","[0.8428752422332764, 0.48758575320243835, 0.47291699051856995, 0.341930091381073, 0.20389671623706818]"
0,centroid,1,578,Velorum,Velorum,"[""Velorum"", ""Nivalis"", ""Denom"", ""Ilias"", ""Mytikas""]","[0.8034710884094238, 0.5704782605171204, 0.3256096839904785, 0.2337234765291214, 0.2011290192604065]"
0,centroid,1,579,Xtreme,Xtreme,"[""Xtreme"", ""Gemini"", ""Ilias"", ""Denom"", ""Nivalis""]","[0.9116122722625732, 0.6552187204360962, 0.18063361942768097, 0.1402830332517624, 0.12963376939296722]"
0,centroid,1,580,Xtreme,Xtreme,"[""Xtreme"", ""Gemini"", ""Braga"", ""Denom"", ""Ilias""]","[0.8515960574150085, 0.604820966720581, 0.2762487530708313, 0.20847508311271667, 0.20523637533187866]"
0,centroid,1,581,Xtreme,Xtreme,"[""Xtreme"", ""Gemini"", ""Braga"", ""Hawk"", ""Steel_Wheel""]","[0.9116730093955994, 0.7302470207214355, 0.2458520233631134, 0.1759217083454132, 0.08131174743175507]"
0,centroid,1,582,Xtreme,Xtreme,"[""Xtreme"", ""Gemini"", ""Braga"", ""Triton"", ""Trius""]","[0.8424257040023804, 0.647316575050354, 0.32717037200927734, 0.25053322315216064, 0.23404115438461304]"
0,centroid,1,583,Xtreme,Xtreme,"[""Xtreme"", ""Gemini"", ""Braga"", ""Ilias"", ""Hawk""]","[0.8534502983093262, 0.4659990072250366, 0.22714412212371826, 0.1729755699634552, 0.15077459812164307]"
0,centroid,1,584,Xtreme,Xtreme,"[""Xtreme"", ""Gemini"", ""Nivalis"", ""Denom"", ""Ilias""]","[0.9321287870407104, 0.541546106338501, 0.25599387288093567, 0.21861013770103455, 0.1693475991487503]"
0,centroid,1,585,Xtreme,Xtreme,"[""Xtreme"", ""Gemini"", ""Ilias"", ""Denom"", ""Nivalis""]","[0.9506046772003174, 0.711102306842804, 0.2715640366077423, 0.17557428777217865, 0.12544602155685425]"
0,centroid,1,586,Xtreme,Xtreme,"[""Xtreme"", ""Gemini"", ""Denom"", ""Ilias"", ""Velorum""]","[0.8298649787902832, 0.6557544469833374, 0.20507296919822693, 0.16328617930412292, 0.13043783605098724]"
0,centroid,1,587,Xtreme,Xtreme,"[""Xtreme"", ""Gemini"", ""Nivalis"", ""Ilias"", ""Denom""]","[0.9585220217704773, 0.5382359027862549, 0.2798653542995453, 0.23493346571922302, 0.1827213019132614]"
0,centroid,1,588,Xtreme,Xtreme,"[""Xtreme"", ""Gemini"", ""Denom"", ""Steel_Wheel"", ""Ilias""]","[0.9007464647293091, 0.6545778512954712, 0.13592834770679474, 0.1353834569454193, 0.13436971604824066]"
0,centroid,1,589,Xtreme,Xtreme,"[""Xtreme"", ""Gemini"", ""Ilias"", ""Denom"", ""Hawk""]","[0.8833733797073364, 0.6731770038604736, 0.19790774583816528, 0.19404977560043335, 0.1778513491153717]"
0,centroid,1,590,Xtreme,Xtreme,"[""Xtreme"", ""Gemini"", ""Ilias"", ""Denom"", ""Braga""]","[0.9697729349136353, 0.5649335384368896, 0.15264461934566498, 0.1038881465792656, 0.09969675540924072]"
0,centroid,1,591,Xtreme,Xtreme,"[""Xtreme"", ""Gemini"", ""Hawk"", ""Ilias"", ""Denom""]","[0.9319631457328796, 0.595169186592102, 0.13290727138519287, 0.09694162011146545, 0.09112243354320526]"
0,centroid,1,592,Xtreme,Xtreme,"[""Xtreme"", ""Gemini"", ""Braga"", ""Triton"", ""Ilias""]","[0.9119421243667603, 0.6375768184661865, 0.2943926453590393, 0.2357851266860962, 0.2307293862104416]"
0,centroid,1,593,Xtreme,Xtreme,"[""Xtreme"", ""Gemini"", ""Ilias"", ""Nivalis"", ""Velorum""]","[0.8920301198959351, 0.45565247535705566, 0.40097400546073914, 0.39339521527290344, 0.2908097505569458]"
0,centroid,1,594,Xtreme,Xtreme,"[""Xtreme"", ""Gemini"", ""Denom"", ""Velorum"", ""Nivalis""]","[0.9114960432052612, 0.3654378652572632, 0.2288946509361267, 0.19368839263916016, 0.1804235726594925]"
0,centroid,1,595,Xtreme,Xtreme,"[""Xtreme"", ""Gemini"", ""Steel_Wheel"", ""Velorum"", ""Hawk""]","[0.9409105777740479, 0.4881148934364319, 0.20050352811813354, 0.1721293032169342, 0.15392199158668518]"
0,centroid,1,596,Xtreme,Xtreme,"[""Xtreme"", ""Gemini"", ""Ilias"", ""Velorum"", ""Steel_Wheel""]","[0.9673329591751099, 0.5863230228424072, 0.2712172269821167, 0.20653338730335236, 0.16216841340065002]"
0,centroid,1,597,Xtreme,Xtreme,"[""Xtreme"", ""Gemini"", ""Braga"", ""Triton"", ""Mytikas""]","[0.8830996751785278, 0.5878185033798218, 0.33159375190734863, 0.25709664821624756, 0.21493686735630035]"
0,centroid,1,598,Xtreme,Xtreme,"[""Xtreme"", ""Gemini"", ""Steel_Wheel"", ""Hawk"", ""Denom""]","[0.894605815410614, 0.6384541988372803, 0.151568204164505, 0.15081365406513214, 0.12572918832302094]"
0,centroid,1,599,Xtreme,Xtreme,"[""Xtreme"", ""Gemini"", ""Velorum"", ""Nivalis"", ""Ilias""]","[0.9379353523254395, 0.4821659326553345, 0.268389493227005, 0.22695223987102509, 0.21383848786354065]"
0,centroid,1,600,Xtreme,Xtreme,"[""Xtreme"", ""Gemini"", ""Steel_Wheel"", ""Ilias"", ""Denom""]","[0.9562376737594604, 0.528364360332489, 0.15290313959121704, 0.15004277229309082, 0.10240663588047028]"
0,centroid,1,601,Xtreme,Xtreme,"[""Xtreme"", ""Gemini"", ""Hawk"", ""Ilias"", ""Steel_Wheel""]","[0.8699386119842529, 0.44071587920188904, 0.2135068029165268, 0.15277090668678284, 0.13014551997184753]"
0,centroid,1,602,Xtreme,Xtreme,"[""Xtreme"", ""Gemini"", ""Braga"", ""Ilias"", ""Triton""]","[0.9600483179092407, 0.5785375833511353, 0.19503426551818848, 0.15163111686706543, 0.07329064607620239]"
0,centroid,1,603,Xtreme,Xtreme,"[""Xtreme"", ""Gemini"", ""Braga"", ""Denom"", ""Hawk""]","[0.9333874583244324, 0.6334887146949768, 0.18847660720348358, 0.14304521679878235, 0.13103434443473816]"
0,centroid,1,604,Xtreme,Xtreme,"[""Xtreme"", ""Gemini"", ""Braga"", ""Trius"", ""Triton""]","[0.8650770783424377, 0.6193801164627075, 0.3948718309402466, 0.17266997694969177, 0.14994266629219055]"
0,centroid,1,605,Xtreme,Xtreme,"[""Xtreme"", ""Gemini"", ""Denom"", ""Ilias"", ""Nivalis""]","[0.8931103348731995, 0.6688706874847412, 0.22861671447753906, 0.22594144940376282, 0.11908845603466034]"
0,centroid,1,606,Xtreme,Xtreme,"[""Xtreme"", ""Ilias"", ""Gemini"", ""Denom"", ""Nivalis""]","[0.8315324187278748, 0.5283920168876648, 0.5094883441925049, 0.363476037979126, 0.3483262062072754]"
0,centroid,1,607,Xtreme,Xtreme,"[""Xtreme"", ""Gemini"", ""Hawk"", ""Steel_Wheel"", ""Braga""]","[0.8721539974212646, 0.4572305381298065, 0.22822357714176178, 0.18829026818275452, 0.12361888587474823]"
0,centroid,1,608,Xtreme,Xtreme,"[""Xtreme"", ""Gemini"", ""Steel_Wheel"", ""Braga"", ""Denom""]","[0.9340747594833374, 0.5957008600234985, 0.18540358543395996, 0.1526503562927246, 0.15029720962047577]"
0,centroid,1,609,Xtreme,Xtreme,"[""Xtreme"", ""Gemini"", ""Braga"", ""Velorum"", ""Hawk""]","[0.9414622187614441, 0.5467492341995239, 0.2276286482810974, 0.18464462459087372, 0.17363515496253967]"
0,centroid,1,610,Xtreme,Xtreme,"[""Xtreme"", ""Gemini"", ""Ilias"", ""Denom"", ""Trius""]","[0.9204863905906677, 0.7310890555381775, 0.2917959988117218, 0.18303370475769043, 0.17108821868896484]"
0,centroid,1,611,Xtreme,Xtreme,"[""Xtreme"", ""Gemini"", ""Steel_Wheel"", ""Velorum"", ""Ilias""]","[0.9530763626098633, 0.5123075842857361, 0.21217776834964752, 0.19470740854740143, 0.14027832448482513]"
0,centroid,1,612,Xtreme,Xtreme,"[""Xtreme"", ""Gemini"", ""Ilias"", ""Nivalis"", ""Denom""]","[0.9497240781784058, 0.6356233954429626, 0.24091950058937073, 0.18704187870025635, 0.17377683520317078]"
0,centroid,1,613,Xtreme,Xtreme,"[""Xtreme"", ""Gemini"", ""Ilias"", ""Velorum"", ""Steel_Wheel""]","[0.9582411050796509, 0.4681875705718994, 0.14577478170394897, 0.13860060274600983, 0.13408951461315155]"
0,centroid,1,614,Xtreme,Xtreme,"[""Xtreme"", ""Gemini"", ""Ilias"", ""Velorum"", ""Mytikas""]","[0.9624833464622498, 0.5752918720245361, 0.29287803173065186, 0.2396378517150879, 0.19753731787204742]"
0,centroid,1,615,Xtreme,Xtreme,"[""Xtreme"", ""Gemini"", ""Ilias"", ""Nivalis"", ""Denom""]","[0.9324214458465576, 0.5528604984283447, 0.2748120427131653, 0.20270821452140808, 0.19295993447303772]"
0,centroid,1,616,Xtreme,Xtreme,"[""Xtreme"", ""Gemini"", ""Ilias"", ""Braga"", ""Triton""]","[0.9175701141357422, 0.6361076831817627, 0.28415244817733765, 0.22877830266952515, 0.21399587392807007]"
1,centroid,1,0,Alaris,Alaris,"[""Alaris"", ""Alcatras"", ""Braga"", ""Trius"", ""Hawk""]","[0.9145899415016174, 0.7903369069099426, 0.6343229413032532, 0.6100070476531982, 0.5082982182502747]"
1,centroid,1,1,Alaris,Alaris,"[""Alaris"", ""Alcatras"", ""Vega"", ""Trius"", ""Mytikas""]","[0.7457805275917053, 0.7244951725006104, 0.5414029359817505, 0.5038700103759766, 0.48992401361465454]"
1,centroid,1,2,Alaris,Alaris,"[""Alaris"", ""Alcatras"", ""Braga"", ""Trius"", ""Hawk""]","[0.8849551677703857, 0.8641916513442993, 0.645146906375885, 0.6140369176864624, 0.49287891387939453]"
1,centroid,1,3,Alaris,Alaris,"[""Alaris"", ""Alcatras"", ""Braga"", ""Hawk"", ""Trius""]","[0.9125041961669922, 0.8635544776916504, 0.5818598866462708, 0.5529351830482483, 0.4884069263935089]"
1,centroid,1,4,Alaris,Alaris,"[""Alaris"", ""Alcatras"", ""Hawk"", ""Trius"", ""Vega""]","[0.8706938028335571, 0.6769840717315674, 0.5010825395584106, 0.46264559030532837, 0.3531797230243683]"
1,centroid,1,5,Alaris,Alaris,"[""Alaris"", ""Braga"", ""Trius"", ""Triton"", ""Alcatras""]","[0.7184040546417236, 0.7074388265609741, 0.6956245303153992, 0.6835055351257324, 0.6476665735244751]"
1,centroid,1,6,Alaris,Alaris,"[""Alaris"", ""Alcatras"", ""Hawk"", ""Vega"", ""Braga""]","[0.8432421684265137, 0.7607285976409912, 0.5975353717803955, 0.5526504516601562, 0.403437077999115]"
1,centroid,1,7,Alaris,Alaris,"[""Alaris"", ""Trius"", ""Alcatras"", ""Triton"", ""Braga""]","[0.8372848033905029, 0.7228835821151733, 0.6785598993301392, 0.6109225749969482, 0.47173795104026794]"
1,centroid,1,8,Alaris,Alaris,"[""Alaris"", ""Vega"", ""Alcatras"", ""Trius"", ""Braga""]","[0.8906386494636536, 0.6561038494110107, 0.6385274529457092, 0.595352292060852, 0.5587376356124878]"
1,centroid,1,9,Alaris,Alaris,"[""Alaris"", ""Alcatras"", ""Trius"", ""Braga"", ""Hawk""]","[0.9329580068588257, 0.764008104801178, 0.655072033405304, 0.5843423008918762, 0.5778019428253174]"
1,centroid,1,10,Alaris,Alaris,"[""Alaris"", ""Trius"", ""Alcatras"", ""Vega"", ""Hawk""]","[0.8328584432601929, 0.699232816696167, 0.5050144195556641, 0.4652930796146393, 0.40933069586753845]"
1,centroid,1,11,Alaris,Alcatras,"[""Alcatras"", ""Alaris"", ""Castor"", ""Braga"", ""Mytikas""]","[0.8035256266593933, 0.7578770518302917, 0.7062243819236755, 0.6680358648300171, 0.5504733324050903]"
1,centroid,1,12,Alaris,Alaris,"[""Alaris"", ""Alcatras"", ""Hawk"", ""Trius"", ""Braga""]","[0.8795744180679321, 0.7218999862670898, 0.5936522483825684, 0.46433407068252563, 0.441678911447525]"
1,centroid,1,13,Alaris,Alaris,"[""Alaris"", ""Alcatras"", ""Hawk"", ""Braga"", ""Vega""]","[0.9093723297119141, 0.7608883380889893, 0.6447757482528687, 0.5466887950897217, 0.4944540560245514]"
1,centroid,1,14,Alaris,Alaris,"[""Alaris"", ""Alcatras"", ""Hawk"", ""Braga"", ""Turbine""]","[0.9061728119850159, 0.7489172220230103, 0.5364592671394348, 0.5330583453178406, 0.48505839705467224]"
1,centroid,1,15,Alaris,Alaris,"[""Alaris"", ""Alcatras"", ""Braga"", ""Trius"", ""Castor""]","[0.8938400745391846, 0.8558475971221924, 0.5778634548187256, 0.5568114519119263, 0.49626362323760986]"
1,centroid,1,16,Alaris,Triton,"[""Triton"", ""Mytikas"", ""Alcatras"", ""Alaris"", ""Trius""]","[0.7164514064788818, 0.6270790100097656, 0.5668606162071228, 0.4999484419822693, 0.4925181567668915]"
1,centroid,1,17,Alaris,Gemini,"[""Gemini"", ""Braga"", ""Trius"", ""Alaris"", ""Vega""]","[0.7732315063476562, 0.7575168013572693, 0.7194237112998962, 0.6730680465698242, 0.6262573599815369]"
1,centroid,1,18,Alaris,Alaris,"[""Alaris"", ""Alcatras"", ""Trius"", ""Braga"", ""Vega""]","[0.9404933452606201, 0.7250257134437561, 0.6056475639343262, 0.5554976463317871, 0.36340487003326416]"
1,centroid,1,19,Alaris,Alaris,"[""Alaris"", ""Alcatras"", ""Trius"", ""Vega"", ""Braga""]","[0.9350624680519104, 0.70289146900177, 0.6370236873626709, 0.6230926513671875, 0.56104576587677]"
1,centroid,1,20,Alaris,Alaris,"[""Alaris"", ""Alcatras"", ""Hawk"", ""Trius"", ""Vega""]","[0.8152069449424744, 0.6248952150344849, 0.5089194774627686, 0.4881526827812195, 0.4361380338668823]"
1,centroid,1,21,Alaris,Alaris,"[""Alaris"", ""Alcatras"", ""Hawk"", ""Braga"", ""Trius""]","[0.8412340879440308, 0.7206623554229736, 0.550685703754425, 0.4627184271812439, 0.46169090270996094]"
1,centroid,1,22,Alaris,Alcatras,"[""Alcatras"", ""Alaris"", ""Braga"", ""Castor"", ""Hawk""]","[0.8618419170379639, 0.8412286639213562, 0.5518922805786133, 0.5113619565963745, 0.5092945694923401]"
1,centroid,1,23,Alaris,Alaris,"[""Alaris"", ""Braga"", ""Alcatras"", ""Trius"", ""Hawk""]","[0.9242275357246399, 0.7226370573043823, 0.7081608176231384, 0.6067489385604858, 0.5836934447288513]"
1,centroid,1,24,Alaris,Alaris,"[""Alaris"", ""Alcatras"", ""Hawk"", ""Turbine"", ""Braga""]","[0.8362079858779907, 0.711348831653595, 0.4477574825286865, 0.3373368978500366, 0.3334178030490875]"
1,centroid,1,25,Alaris,Alaris,"[""Alaris"", ""Vega"", ""Hawk"", ""Trius"", ""Braga""]","[0.6841655373573303, 0.6668429374694824, 0.6458935737609863, 0.5914789438247681, 0.5339860320091248]"
1,centroid,1,26,Alaris,Alaris,"[""Alaris"", ""Alcatras"", ""Vega"", ""Hawk"", ""Turbine""]","[0.8458943367004395, 0.7390492558479309, 0.538238525390625, 0.49569171667099, 0.4711169898509979]"
1,centroid,1,27,Alaris,Alaris,"[""Alaris"", ""Alcatras"", ""Vega"", ""Trius"", ""Braga""]","[0.9133840799331665, 0.7038872241973877, 0.6136176586151123, 0.5756222009658813, 0.49970749020576477]"
1,centroid,1,28,Alcatras,Alcatras,"[""Alcatras"", ""Alaris"", ""Castor"", ""Braga"", ""Hawk""]","[0.9712802171707153, 0.7855968475341797, 0.6180734634399414, 0.5301035642623901, 0.43299025297164917]"
1,centroid,1,29,Alcatras,Alaris,"[""Alaris"", ""Alcatras"", ""Braga"", ""Trius"", ""Vega""]","[0.8280266523361206, 0.6553023457527161, 0.6125472784042358, 0.507759690284729, 0.42573609948158264]"
1,centroid,1,30,Alcatras,Alcatras,"[""Alcatras"", ""Castor"", ""Alaris"", ""Braga"", ""Trius""]","[0.8257497549057007, 0.7776296734809875, 0.6545534729957581, 0.5475397706031799, 0.5239675641059875]"
1,centroid,1,31,Alcatras,Alaris,"[""Alaris"", ""Alcatras"", ""Trius"", ""Triton"", ""Braga""]","[0.8404287695884705, 0.7954750061035156, 0.6307049989700317, 0.514400839805603, 0.4478897154331207]"
1,centroid,1,32,Alcatras,Alcatras,"[""Alcatras"", ""Alaris"", ""Braga"", ""Castor"", ""Trius""]","[0.8700783252716064, 0.7899903059005737, 0.5419045090675354, 0.4634250998497009, 0.4212793707847595]"
1,centroid,1,33,Alcatras,Alcatras,"[""Alcatras"", ""Velorum"", ""Alaris"", ""Ilias"", ""Hawk""]","[0.49386221170425415, 0.4750146269798279, 0.42632418870925903, 0.2172604203224182, 0.19283458590507507]"
1,centroid,1,34,Alcatras,Alcatras,"[""Alcatras"", ""Alaris"", ""Castor"", ""Trius"", ""Braga""]","[0.9351614713668823, 0.8697269558906555, 0.614839494228363, 0.6137316226959229, 0.5918099880218506]"
1,centroid,1,35,Alcatras,Alcatras,"[""Alcatras"", ""Alaris"", ""Braga"", ""Castor"", ""Trius""]","[0.8520891666412354, 0.8182313442230225, 0.7710625529289246, 0.6428266167640686, 0.618865966796875]"
1,centroid,1,36,Alcatras,Alcatras,"[""Alcatras"", ""Braga"", ""Triton"", ""Mytikas"", ""Alaris""]","[0.7837178111076355, 0.62104731798172, 0.6007628440856934, 0.5985984802246094, 0.5833466053009033]"
1,centroid,1,37,Alcatras,Alcatras,"[""Alcatras"", ""Alaris"", ""Braga"", ""Hawk"", ""Castor""]","[0.8623509407043457, 0.7869541645050049, 0.5900894403457642, 0.5580747127532959, 0.45924627780914307]"
1,centroid,1,38,Alcatras,Alcatras,"[""Alcatras"", ""Alaris"", ""Turbine"", ""Castor"", ""Hawk""]","[0.8472078442573547, 0.6606622934341431, 0.5902740955352783, 0.5140271782875061, 0.4278230667114258]"
1,centroid,1,39,Alcatras,Alcatras,"[""Alcatras"", ""Turbine"", ""Alaris"", ""Hawk"", ""Triton""]","[0.6398962736129761, 0.5859413146972656, 0.5462917685508728, 0.48314446210861206, 0.4829244315624237]"
1,centroid,1,40,Alcatras,Alcatras,"[""Alcatras"", ""Braga"", ""Alaris"", ""Hawk"", ""Castor""]","[0.827087938785553, 0.8181543946266174, 0.8162712454795837, 0.6447158455848694, 0.637565553188324]"
1,centroid,1,41,Alcatras,Alcatras,"[""Alcatras"", ""Castor"", ""Mytikas"", ""Alaris"", ""Triton""]","[0.850836455821991, 0.8256385922431946, 0.5958451628684998, 0.528336226940155, 0.5109841823577881]"
1,centroid,1,42,Alcatras,Castor,"[""Castor"", ""Braga"", ""Alcatras"", ""Mytikas"", ""Triton""]","[0.7029032707214355, 0.6697875261306763, 0.667580246925354, 0.6534481048583984, 0.6085878610610962]"
1,centroid,1,43,Alcatras,Alcatras,"[""Alcatras"", ""Alaris"", ""Braga"", ""Castor"", ""Hawk""]","[0.8023499250411987, 0.7715423107147217, 0.5585174560546875, 0.47506266832351685, 0.4239312410354614]"
1,centroid,1,44,Alcatras,Alcatras,"[""Alcatras"", ""Braga"", ""Alaris"", ""Castor"", ""Mytikas""]","[0.9201910495758057, 0.7503822445869446, 0.7450510263442993, 0.6067444086074829, 0.5379010438919067]"
1,centroid,1,45,Alcatras,Alcatras,"[""Alcatras"", ""Braga"", ""Alaris"", ""Trius"", ""Mytikas""]","[0.7220181226730347, 0.6943659782409668, 0.6839455366134644, 0.6709144115447998, 0.44800347089767456]"
1,centroid,1,46,Alcatras,Alcatras,"[""Alcatras"", ""Castor"", ""Braga"", ""Alaris"", ""Mytikas""]","[0.9013386964797974, 0.7406310439109802, 0.6084109544754028, 0.5960492491722107, 0.5460193157196045]"
1,centroid,1,47,Alcatras,Alcatras,"[""Alcatras"", ""Braga"", ""Alaris"", ""Triton"", ""Turbine""]","[0.8081053495407104, 0.7228188514709473, 0.7025738954544067, 0.6404143571853638, 0.6122809052467346]"
1,centroid,1,48,Alcatras,Alcatras,"[""Alcatras"", ""Braga"", ""Alaris"", ""Castor"", ""Trius""]","[0.8638331890106201, 0.7327171564102173, 0.7109675407409668, 0.6427669525146484, 0.4932821989059448]"
1,centroid,1,49,Alcatras,Alcatras,"[""Alcatras"", ""Alaris"", ""Castor"", ""Braga"", ""Hawk""]","[0.9245318174362183, 0.7850061058998108, 0.6297210454940796, 0.4845423698425293, 0.47313761711120605]"
1,centroid,1,50,Alcatras,Alcatras,"[""Alcatras"", ""Alaris"", ""Braga"", ""Castor"", ""Trius""]","[0.8872157335281372, 0.8649524450302124, 0.7118617296218872, 0.6446771025657654, 0.5863373875617981]"
1,centroid,1,51,Alcatras,Alcatras,"[""Alcatras"", ""Alaris"", ""Braga"", ""Castor"", ""Mytikas""]","[0.9170529842376709, 0.7191491723060608, 0.6274328827857971, 0.5814793705940247, 0.5168240666389465]"
1,centroid,1,52,Alcatras,Alcatras,"[""Alcatras"", ""Alaris"", ""Braga"", ""Castor"", ""Mytikas""]","[0.9163709878921509, 0.8025953769683838, 0.6689642667770386, 0.5420811176300049, 0.5025835037231445]"
1,centroid,1,53,Alcatras,Alcatras,"[""Alcatras"", ""Alaris"", ""Braga"", ""Castor"", ""Mytikas""]","[0.9060601592063904, 0.7424653768539429, 0.6059973835945129, 0.578528106212616, 0.458895742893219]"
1,centroid,1,54,Braga,Braga,"[""Braga"", ""Vega"", ""Triton"", ""Mytikas"", ""Turbine""]","[0.796913206577301, 0.6840499639511108, 0.6134395599365234, 0.5554205179214478, 0.5104749202728271]"
1,centroid,1,55,Braga,Braga,"[""Braga"", ""Alaris"", ""Alcatras"", ""Castor"", ""Triton""]","[0.9567931294441223, 0.7194926738739014, 0.6520825624465942, 0.6199126839637756, 0.6057347059249878]"
1,centroid,1,56,Braga,Braga,"[""Braga"", ""Gemini"", ""Alaris"", ""Triton"", ""Alcatras""]","[0.9119316339492798, 0.6147575378417969, 0.6000444889068604, 0.5416037440299988, 0.5153015851974487]"
1,centroid,1,57,Braga,Braga,"[""Braga"", ""Hawk"", ""Castor"", ""Alcatras"", ""Turbine""]","[0.8669500350952148, 0.5588626265525818, 0.546707272529602, 0.5273600816726685, 0.5234907865524292]"
1,centroid,1,58,Braga,Braga,"[""Braga"", ""Triton"", ""Mytikas"", ""Vega"", ""Alcatras""]","[0.8010272979736328, 0.6961818933486938, 0.5846914052963257, 0.5767119526863098, 0.5131474137306213]"
1,centroid,1,59,Braga,Castor,"[""Castor"", ""Braga"", ""Alcatras"", ""Mytikas"", ""Triton""]","[0.8316375613212585, 0.7918107509613037, 0.6483845114707947, 0.564848780632019, 0.5613682866096497]"
1,centroid,1,60,Braga,Braga,"[""Braga"", ""Gemini"", ""Hawk"", ""Vega"", ""Triton""]","[0.7467172145843506, 0.6920108795166016, 0.4907032251358032, 0.443942129611969, 0.33631545305252075]"
1,centroid,1,61,Braga,Braga,"[""Braga"", ""Alaris"", ""Alcatras"", ""Hawk"", ""Vega""]","[0.8377777338027954, 0.789607048034668, 0.7513564229011536, 0.5557525157928467, 0.5519318580627441]"
1,centroid,1,62,Braga,Braga,"[""Braga"", ""Alcatras"", ""Alaris"", ""Castor"", ""Triton""]","[0.9195002317428589, 0.6861834526062012, 0.647395133972168, 0.5801764726638794, 0.49886003136634827]"
1,centroid,1,63,Braga,Braga,"[""Braga"", ""Alaris"", ""Alcatras"", ""Castor"", ""Trius""]","[0.9079807996749878, 0.7171487808227539, 0.681108832359314, 0.5554675459861755, 0.5428748726844788]"
1,centroid,1,64,Braga,Braga,"[""Braga"", ""Castor"", ""Triton"", ""Alcatras"", ""Alaris""]","[0.8660210371017456, 0.731176495552063, 0.7077337503433228, 0.6799241900444031, 0.6273719668388367]"
1,centroid,1,65,Braga,Triton,"[""Triton"", ""Braga"", ""Trius"", ""Mytikas"", ""Castor""]","[0.7955954670906067, 0.7808820605278015, 0.6739940643310547, 0.4887900948524475, 0.4738937020301819]"
1,centroid,1,66,Braga,Braga,"[""Braga"", ""Alaris"", ""Hawk"", ""Alcatras"", ""Vega""]","[0.8795191049575806, 0.7351876497268677, 0.7297613620758057, 0.6788907051086426, 0.6552031636238098]"
1,centroid,1,67,Braga,Braga,"[""Braga"", ""Vega"", ""Triton"", ""Mytikas"", ""Hawk""]","[0.8549108505249023, 0.6114309430122375, 0.5804075002670288, 0.5019780397415161, 0.47760552167892456]"
1,centroid,1,68,Braga,Triton,"[""Triton"", ""Braga"", ""Mytikas"", ""Castor"", ""Alcatras""]","[0.8264065980911255, 0.7535792589187622, 0.6859859228134155, 0.5583382844924927, 0.4490605592727661]"
1,centroid,1,69,Braga,Braga,"[""Braga"", ""Vega"", ""Alaris"", ""Hawk"", ""Gemini""]","[0.8279809355735779, 0.7362504005432129, 0.6359250545501709, 0.635614275932312, 0.5583019256591797]"
1,centroid,1,70,Braga,Braga,"[""Braga"", ""Alaris"", ""Alcatras"", ""Trius"", ""Gemini""]","[0.8579388856887817, 0.6397207975387573, 0.5067023038864136, 0.5033479928970337, 0.4804638922214508]"
1,centroid,1,71,Braga,Braga,"[""Braga"", ""Alcatras"", ""Triton"", ""Castor"", ""Turbine""]","[0.8637529611587524, 0.624469518661499, 0.57825767993927, 0.561692476272583, 0.5377370715141296]"
1,centroid,1,72,Braga,Braga,"[""Braga"", ""Vega"", ""Hawk"", ""Alaris"", ""Turbine""]","[0.8360745906829834, 0.7439452409744263, 0.6697088479995728, 0.53886878490448, 0.49814343452453613]"
1,centroid,1,73,Braga,Braga,"[""Braga"", ""Trius"", ""Castor"", ""Triton"", ""Alaris""]","[0.9056791067123413, 0.6410515904426575, 0.6305521726608276, 0.6188204288482666, 0.60633385181427]"
1,centroid,1,74,Braga,Braga,"[""Braga"", ""Triton"", ""Trius"", ""Alaris"", ""Alcatras""]","[0.861666202545166, 0.694793164730072, 0.6203020811080933, 0.5814234614372253, 0.5474830865859985]"
1,centroid,1,75,Braga,Braga,"[""Braga"", ""Alaris"", ""Alcatras"", ""Castor"", ""Trius""]","[0.905393123626709, 0.7512161731719971, 0.7084965705871582, 0.5724388957023621, 0.53992760181427]"
1,centroid,1,76,Braga,Braga,"[""Braga"", ""Alaris"", ""Trius"", ""Triton"", ""Alcatras""]","[0.8795833587646484, 0.6436976790428162, 0.6147289276123047, 0.5844826698303223, 0.5742142200469971]"
1,centroid,1,77,Braga,Braga,"[""Braga"", ""Alcatras"", ""Alaris"", ""Turbine"", ""Castor""]","[0.7731573581695557, 0.6597625017166138, 0.6357347369194031, 0.5560630559921265, 0.5486781001091003]"
1,centroid,1,78,Braga,Braga,"[""Braga"", ""Triton"", ""Alaris"", ""Trius"", ""Castor""]","[0.8376287221908569, 0.7428961992263794, 0.6988179087638855, 0.627953827381134, 0.6046985387802124]"
1,centroid,1,79,Braga,Braga,"[""Braga"", ""Triton"", ""Mytikas"", ""Trius"", ""Castor""]","[0.8838337659835815, 0.7410362958908081, 0.6413832902908325, 0.5811536312103271, 0.5649276971817017]"
1,centroid,1,80,Braga,Braga,"[""Braga"", ""Trius"", ""Triton"", ""Mytikas"", ""Castor""]","[0.7788757085800171, 0.6331514120101929, 0.5531725883483887, 0.531241774559021, 0.5045554637908936]"
1,centroid,1,81,Braga,Turbine,"[""Turbine"", ""Alcatras"", ""Hawk"", ""Mytikas"", ""Castor""]","[0.6471432447433472, 0.49463510513305664, 0.44417548179626465, 0.37279725074768066, 0.3327479660511017]"
1,centroid,1,82,Braga,Braga,"[""Braga"", ""Hawk"", ""Vega"", ""Gemini"", ""Trius""]","[0.6303774118423462, 0.6122092008590698, 0.6036391258239746, 0.4480401277542114, 0.3107684850692749]"
1,centroid,1,83,Braga,Braga,"[""Braga"", ""Alaris"", ""Alcatras"", ""Castor"", ""Triton""]","[0.897317111492157, 0.7661833763122559, 0.7255778312683105, 0.7147293090820312, 0.6723395586013794]"
1,centroid,1,84,Braga,Braga,"[""Braga"", ""Triton"", ""Alaris"", ""Trius"", ""Turbine""]","[0.9220994710922241, 0.6139436364173889, 0.5803862810134888, 0.5710569620132446, 0.5123662948608398]"
1,centroid,1,85,Braga,Braga,"[""Braga"", ""Vega"", ""Alaris"", ""Gemini"", ""Hawk""]","[0.9250890016555786, 0.6520313024520874, 0.5715410709381104, 0.5322185754776001, 0.5309572815895081]"
1,centroid,1,86,Braga,Braga,"[""Braga"", ""Triton"", ""Trius"", ""Alaris"", ""Turbine""]","[0.8933446407318115, 0.6370422840118408, 0.6007431745529175, 0.5446454882621765, 0.49949291348457336]"
1,centroid,1,87,Braga,Hawk,"[""Hawk"", ""Braga"", ""Vega"", ""Gemini"", ""Turbine""]","[0.7215322852134705, 0.6960270404815674, 0.6643388271331787, 0.529127836227417, 0.44737011194229126]"
1,centroid,1,88,Braga,Braga,"[""Braga"", ""Hawk"", ""Turbine"", ""Alaris"", ""Vega""]","[0.8624255657196045, 0.690691351890564, 0.5773367881774902, 0.5375564098358154, 0.5192815065383911]"
1,centroid,1,89,Braga,Braga,"[""Braga"", ""Hawk"", ""Gemini"", ""Vega"", ""Alaris""]","[0.7479914426803589, 0.6486064195632935, 0.624719500541687, 0.5585988163948059, 0.5359523892402649]"
1,centroid,1,90,Braga,Braga,"[""Braga"", ""Trius"", ""Triton"", ""Alaris"", ""Mytikas""]","[0.8862351179122925, 0.7499032616615295, 0.6981416344642639, 0.6847306489944458, 0.5664917230606079]"
1,centroid,1,91,Braga,Braga,"[""Braga"", ""Vega"", ""Trius"", ""Gemini"", ""Alaris""]","[0.7579204440116882, 0.740059494972229, 0.6520702242851257, 0.6198034286499023, 0.580409049987793]"
1,centroid,1,92,Castor,Castor,"[""Castor"", ""Triton"", ""Braga"", ""Alcatras"", ""Turbine""]","[0.8747471570968628, 0.5226097106933594, 0.5009608864784241, 0.478168249130249, 0.47599300742149353]"
1,centroid,1,93,Castor,Castor,"[""Castor"", ""Triton"", ""Mytikas"", ""Alcatras"", ""Braga""]","[0.8445334434509277, 0.5440188646316528, 0.5027210116386414, 0.41074299812316895, 0.3193209171295166]"
1,centroid,1,94,Castor,Castor,"[""Castor"", ""Alcatras"", ""Braga"", ""Triton"", ""Turbine""]","[0.8935753703117371, 0.577224612236023, 0.54392409324646, 0.5252519845962524, 0.4332732558250427]"
1,centroid,1,95,Castor,Castor,"[""Castor"", ""Turbine"", ""Triton"", ""Alcatras"", ""Braga""]","[0.8545130491256714, 0.6773836612701416, 0.5987502336502075, 0.5762790441513062, 0.5021229982376099]"
1,centroid,1,96,Castor,Alcatras,"[""Alcatras"", ""Castor"", ""Mytikas"", ""Alaris"", ""Trius""]","[0.7069428563117981, 0.6793011426925659, 0.6741514205932617, 0.5685408115386963, 0.5006058216094971]"
1,centroid,1,97,Castor,Castor,"[""Castor"", ""Mytikas"", ""Triton"", ""Alcatras"", ""Turbine""]","[0.7931710481643677, 0.7328517436981201, 0.577446699142456, 0.5018125176429749, 0.3742099404335022]"
1,centroid,1,98,Castor,Castor,"[""Castor"", ""Turbine"", ""Alcatras"", ""Mytikas"", ""Triton""]","[0.9063377380371094, 0.6470563411712646, 0.5838582515716553, 0.48556646704673767, 0.4093916416168213]"
1,centroid,1,99,Castor,Castor,"[""Castor"", ""Alcatras"", ""Braga"", ""Mytikas"", ""Triton""]","[0.8752143383026123, 0.7374812364578247, 0.6041069626808167, 0.5867800712585449, 0.5242014527320862]"
1,centroid,1,100,Castor,Castor,"[""Castor"", ""Turbine"", ""Alcatras"", ""Braga"", ""Triton""]","[0.8648589849472046, 0.686571478843689, 0.5167600512504578, 0.44717344641685486, 0.3838178217411041]"
1,centroid,1,101,Castor,Alaris,"[""Alaris"", ""Alcatras"", ""Braga"", ""Hawk"", ""Castor""]","[0.7984297275543213, 0.7429245710372925, 0.6621485352516174, 0.6593578457832336, 0.47278594970703125]"
1,centroid,1,102,Castor,Castor,"[""Castor"", ""Alcatras"", ""Turbine"", ""Mytikas"", ""Braga""]","[0.9003082513809204, 0.6963781118392944, 0.5886024236679077, 0.5041477680206299, 0.4306770861148834]"
1,centroid,1,103,Castor,Castor,"[""Castor"", ""Mytikas"", ""Alcatras"", ""Turbine"", ""Triton""]","[0.8715946078300476, 0.5523284077644348, 0.5385636687278748, 0.46603143215179443, 0.4316059350967407]"
1,centroid,1,104,Castor,Castor,"[""Castor"", ""Alcatras"", ""Mytikas"", ""Braga"", ""Turbine""]","[0.9365648031234741, 0.7697585821151733, 0.6062039732933044, 0.5716884136199951, 0.47923383116722107]"
1,centroid,1,105,Castor,Castor,"[""Castor"", ""Braga"", ""Alcatras"", ""Triton"", ""Mytikas""]","[0.7986798882484436, 0.5976769924163818, 0.5975345373153687, 0.585509181022644, 0.5494787096977234]"
1,centroid,1,106,Castor,Castor,"[""Castor"", ""Mytikas"", ""Alcatras"", ""Turbine"", ""Braga""]","[0.9219604730606079, 0.5901883244514465, 0.5822659730911255, 0.5662824511528015, 0.5209692716598511]"
1,centroid,1,107,Castor,Castor,"[""Castor"", ""Alcatras"", ""Braga"", ""Mytikas"", ""Triton""]","[0.950088381767273, 0.6072258949279785, 0.5507618188858032, 0.5263461470603943, 0.43327969312667847]"
1,centroid,1,108,Castor,Castor,"[""Castor"", ""Mytikas"", ""Triton"", ""Alcatras"", ""Braga""]","[0.8538663387298584, 0.6808840036392212, 0.6405792236328125, 0.600308895111084, 0.46791204810142517]"
1,centroid,1,109,Castor,Castor,"[""Castor"", ""Triton"", ""Mytikas"", ""Braga"", ""Alcatras""]","[0.80180424451828, 0.7502752542495728, 0.6676978468894958, 0.6308647394180298, 0.6113486289978027]"
1,centroid,1,110,Castor,Castor,"[""Castor"", ""Mytikas"", ""Alcatras"", ""Triton"", ""Trius""]","[0.7912645936012268, 0.7810423374176025, 0.6009697914123535, 0.5217892527580261, 0.3794432282447815]"
1,centroid,1,111,Castor,Castor,"[""Castor"", ""Mytikas"", ""Triton"", ""Braga"", ""Alcatras""]","[0.8473508358001709, 0.6803058981895447, 0.6577239036560059, 0.5247313976287842, 0.5124174952507019]"
1,centroid,1,112,Castor,Castor,"[""Castor"", ""Alcatras"", ""Turbine"", ""Braga"", ""Triton""]","[0.8983497619628906, 0.6508498787879944, 0.6463140249252319, 0.6283775568008423, 0.5226971507072449]"
1,centroid,1,113,Castor,Castor,"[""Castor"", ""Alcatras"", ""Mytikas"", ""Braga"", ""Triton""]","[0.9157438278198242, 0.7976803183555603, 0.5602579116821289, 0.5519121885299683, 0.4784635901451111]"
1,centroid,1,114,Castor,Castor,"[""Castor"", ""Mytikas"", ""Triton"", ""Alcatras"", ""Turbine""]","[0.9162053465843201, 0.5578596591949463, 0.5043329000473022, 0.5017287731170654, 0.4869183897972107]"
1,centroid,1,115,Castor,Castor,"[""Castor"", ""Mytikas"", ""Alcatras"", ""Braga"", ""Triton""]","[0.908543586730957, 0.6378964185714722, 0.6060229539871216, 0.5196399092674255, 0.4918566644191742]"
1,centroid,1,116,Castor,Castor,"[""Castor"", ""Alcatras"", ""Braga"", ""Turbine"", ""Mytikas""]","[0.9261453151702881, 0.7081289291381836, 0.7011070251464844, 0.5529758930206299, 0.5334857702255249]"
1,centroid,1,117,Castor,Castor,"[""Castor"", ""Alcatras"", ""Mytikas"", ""Triton"", ""Braga""]","[0.938335657119751, 0.6810643672943115, 0.6586965322494507, 0.5934033393859863, 0.5853611826896667]"
1,centroid,1,118,Castor,Castor,"[""Castor"", ""Alcatras"", ""Triton"", ""Mytikas"", ""Turbine""]","[0.9321044087409973, 0.6365711688995361, 0.5882281064987183, 0.5858864784240723, 0.5771288871765137]"
1,centroid,1,119,Castor,Alcatras,"[""Alcatras"", ""Alaris"", ""Trius"", ""Mytikas"", ""Hawk""]","[0.8518389463424683, 0.8331934213638306, 0.5454849004745483, 0.5330991744995117, 0.5227177143096924]"
1,centroid,1,120,Castor,Castor,"[""Castor"", ""Triton"", ""Mytikas"", ""Trius"", ""Alcatras""]","[0.7487095594406128, 0.6113380193710327, 0.587739884853363, 0.5784982442855835, 0.4724615216255188]"
1,centroid,1,121,Castor,Castor,"[""Castor"", ""Alcatras"", ""Mytikas"", ""Turbine"", ""Braga""]","[0.9458250999450684, 0.6545271873474121, 0.5226066708564758, 0.4620707333087921, 0.451752245426178]"
1,centroid,1,122,Castor,Castor,"[""Castor"", ""Alcatras"", ""Turbine"", ""Triton"", ""Alaris""]","[0.8415323495864868, 0.7485976815223694, 0.6540321707725525, 0.5960016250610352, 0.5952000617980957]"
1,centroid,1,123,Castor,Castor,"[""Castor"", ""Mytikas"", ""Triton"", ""Alcatras"", ""Turbine""]","[0.8438323736190796, 0.6678282022476196, 0.5732414722442627, 0.43287211656570435, 0.36773180961608887]"
1,centroid,1,124,Denom,Denom,"[""Denom"", ""Ratikon"", ""Nivalis"", ""Steel_Wheel"", ""Vega""]","[0.7275058031082153, 0.4360497295856476, 0.3399454951286316, 0.0808747261762619, 0.04652414470911026]"
1,centroid,1,125,Denom,Denom,"[""Denom"", ""Nivalis"", ""Ratikon"", ""Velorum"", ""Ilias""]","[0.8334506750106812, 0.5512464642524719, 0.5394010543823242, 0.4331325888633728, 0.3625367283821106]"
1,centroid,1,126,Denom,Denom,"[""Denom"", ""Nivalis"", ""Ratikon"", ""Ilias"", ""Velorum""]","[0.9087412357330322, 0.7116246223449707, 0.6841201782226562, 0.39882194995880127, 0.2780766487121582]"
1,centroid,1,127,Denom,Denom,"[""Denom"", ""Ratikon"", ""Nivalis"", ""Ilias"", ""Velorum""]","[0.915424108505249, 0.5109209418296814, 0.5040199756622314, 0.30486658215522766, 0.14376570284366608]"
1,centroid,1,128,Denom,Denom,"[""Denom"", ""Trius"", ""Ratikon"", ""Gemini"", ""Ilias""]","[0.7618988752365112, 0.3762128949165344, 0.37188637256622314, 0.3569462299346924, 0.34681206941604614]"
1,centroid,1,129,Denom,Denom,"[""Denom"", ""Ratikon"", ""Nivalis"", ""Ilias"", ""Gemini""]","[0.9605908989906311, 0.6509385704994202, 0.5270231366157532, 0.4462200999259949, 0.05866935849189758]"
1,centroid,1,130,Denom,Denom,"[""Denom"", ""Ratikon"", ""Nivalis"", ""Ilias"", ""Gemini""]","[0.9320627450942993, 0.7675907611846924, 0.6030726432800293, 0.5393583178520203, -0.02095138654112816]"
1,centroid,1,131,Denom,Denom,"[""Denom"", ""Ratikon"", ""Nivalis"", ""Trius"", ""Ilias""]","[0.8506671190261841, 0.6329084634780884, 0.5297874212265015, 0.33581966161727905, 0.28959569334983826]"
1,centroid,1,132,Denom,Ratikon,"[""Ratikon"", ""Denom"", ""Ilias"", ""Nivalis"", ""Velorum""]","[0.8580750226974487, 0.8359968066215515, 0.6041013598442078, 0.5919315218925476, 0.236592099070549]"
1,centroid,1,133,Denom,Denom,"[""Denom"", ""Nivalis"", ""Ratikon"", ""Ilias"", ""Velorum""]","[0.9394124746322632, 0.727637767791748, 0.6752915382385254, 0.3532238006591797, 0.163082093000412]"
1,centroid,1,134,Denom,Denom,"[""Denom"", ""Velorum"", ""Trius"", ""Nivalis"", ""Ilias""]","[0.636002779006958, 0.42520105838775635, 0.3583574891090393, 0.22192232310771942, 0.19634020328521729]"
1,centroid,1,135,Denom,Denom,"[""Denom"", ""Ratikon"", ""Ilias"", ""Nivalis"", ""Velorum""]","[0.7371205687522888, 0.6965118050575256, 0.6072409152984619, 0.41525864601135254, 0.29212015867233276]"
1,centroid,1,136,Denom,Ratikon,"[""Ratikon"", ""Denom"", ""Nivalis"", ""Ilias"", ""Velorum""]","[0.865687370300293, 0.8521803617477417, 0.677844762802124, 0.6398234963417053, 0.039109356701374054]"
1,centroid,1,137,Denom,Steel_Wheel,"[""Steel_Wheel"", ""Castor"", ""Turbine"", ""Braga"", ""Hawk""]","[0.4387977719306946, 0.3584747612476349, 0.3050975203514099, 0.2524893283843994, 0.17109861969947815]"
1,centroid,1,138,Denom,Denom,"[""Denom"", ""Nivalis"", ""Ratikon"", ""Steel_Wheel"", ""Ilias""]","[0.840089738368988, 0.6689801812171936, 0.6386469602584839, 0.11667495220899582, 0.11645451933145523]"
1,centroid,1,139,Denom,Denom,"[""Denom"", ""Ratikon"", ""Ilias"", ""Nivalis"", ""Velorum""]","[0.9206418991088867, 0.7612736821174622, 0.5267822742462158, 0.5003629326820374, 0.23107175529003143]"
1,centroid,1,140,Denom,Denom,"[""Denom"", ""Ratikon"", ""Ilias"", ""Nivalis"", ""Gemini""]","[0.902396023273468, 0.5993179082870483, 0.564821183681488, 0.4347078204154968, 0.14519581198692322]"
1,centroid,1,141,Denom,Ratikon,"[""Ratikon"", ""Denom"", ""Ilias"", ""Nivalis"", ""Velorum""]","[0.8768889904022217, 0.7454299926757812, 0.7234309315681458, 0.5538840889930725, -0.002631647512316704]"
1,centroid,1,142,Denom,Ratikon,"[""Ratikon"", ""Ilias"", ""Denom"", ""Nivalis"", ""Velorum""]","[0.855783224105835, 0.7522723078727722, 0.6868784427642822, 0.49540841579437256, 0.3930749297142029]"
1,centroid,1,143,Denom,Denom,"[""Denom"", ""Nivalis"", ""Ratikon"", ""Ilias"", ""Xtreme""]","[0.9512446522712708, 0.6681236624717712, 0.6092997789382935, 0.30842432379722595, 0.04825741797685623]"
1,centroid,1,144,Denom,Denom,"[""Denom"", ""Ratikon"", ""Nivalis"", ""Ilias"", ""Velorum""]","[0.9134861826896667, 0.6286427974700928, 0.6004554629325867, 0.5475307703018188, 0.120040163397789]"
1,centroid,1,145,Denom,Denom,"[""Denom"", ""Ratikon"", ""Ilias"", ""Nivalis"", ""Gemini""]","[0.7700790166854858, 0.44146043062210083, 0.3077910840511322, 0.30518805980682373, 0.23661381006240845]"
1,centroid,1,146,Denom,Denom,"[""Denom"", ""Ratikon"", ""Nivalis"", ""Ilias"", ""Steel_Wheel""]","[0.8822005987167358, 0.6984367370605469, 0.5770053863525391, 0.322476863861084, 0.1545659750699997]"
1,centroid,1,147,Denom,Denom,"[""Denom"", ""Ratikon"", ""Ilias"", ""Nivalis"", ""Gemini""]","[0.9218063354492188, 0.6285685896873474, 0.44981348514556885, 0.39399731159210205, 0.11376844346523285]"
1,centroid,1,148,Denom,Denom,"[""Denom"", ""Ratikon"", ""Ilias"", ""Alaris"", ""Nivalis""]","[0.6404305696487427, 0.55023193359375, 0.3181200623512268, 0.1861109733581543, 0.09519635885953903]"
1,centroid,1,149,Denom,Denom,"[""Denom"", ""Ratikon"", ""Nivalis"", ""Ilias"", ""Velorum""]","[0.9625871181488037, 0.594162106513977, 0.5844415426254272, 0.4547508955001831, 0.20876377820968628]"
1,centroid,1,150,Denom,Denom,"[""Denom"", ""Nivalis"", ""Ratikon"", ""Ilias"", ""Velorum""]","[0.9220540523529053, 0.5919773578643799, 0.5906143188476562, 0.5055774450302124, 0.14592352509498596]"
1,centroid,1,151,Denom,Ratikon,"[""Ratikon"", ""Denom"", ""Ilias"", ""Nivalis"", ""Velorum""]","[0.8476520776748657, 0.7483325600624084, 0.6943198442459106, 0.411907434463501, 0.08780818432569504]"
1,centroid,1,152,Denom,Denom,"[""Denom"", ""Ratikon"", ""Nivalis"", ""Ilias"", ""Velorum""]","[0.8925621509552002, 0.8145087957382202, 0.7258750200271606, 0.4515551030635834, 0.10607317090034485]"
1,centroid,1,153,Denom,Trius,"[""Trius"", ""Denom"", ""Gemini"", ""Alaris"", ""Steel_Wheel""]","[0.6208882331848145, 0.5370551347732544, 0.3843839168548584, 0.2431826889514923, 0.23625171184539795]"
1,centroid,1,154,Denom,Denom,"[""Denom"", ""Nivalis"", ""Xtreme"", ""Ilias"", ""Velorum""]","[0.6686151027679443, 0.34639114141464233, 0.2961801290512085, 0.2660227417945862, 0.2461499720811844]"
1,centroid,1,155,Denom,Denom,"[""Denom"", ""Ratikon"", ""Nivalis"", ""Ilias"", ""Xtreme""]","[0.8653185367584229, 0.5400619506835938, 0.48686736822128296, 0.259821355342865, 0.18389520049095154]"
1,centroid,1,156,Denom,Denom,"[""Denom"", ""Nivalis"", ""Ratikon"", ""Ilias"", ""Velorum""]","[0.9522507190704346, 0.7679375410079956, 0.6669250130653381, 0.3754822611808777, 0.1934458464384079]"
1,centroid,1,157,Denom,Denom,"[""Denom"", ""Ratikon"", ""Nivalis"", ""Ilias"", ""Alaris""]","[0.8111346960067749, 0.7951856851577759, 0.5313265919685364, 0.35660597681999207, 0.0064644524827599525]"
1,centroid,1,158,Denom,Denom,"[""Denom"", ""Ratikon"", ""Nivalis"", ""Ilias"", ""Vega""]","[0.9070151448249817, 0.7980595827102661, 0.6233173608779907, 0.484957754611969, 0.06533142924308777]"
1,centroid,1,159,Denom,Denom,"[""Denom"", ""Nivalis"", ""Ratikon"", ""Ilias"", ""Steel_Wheel""]","[0.9250568151473999, 0.6955799460411072, 0.5907070636749268, 0.24471303820610046, 0.1459915041923523]"
1,centroid,1,160,Denom,Denom,"[""Denom"", ""Ilias"", ""Ratikon"", ""Triton"", ""Trius""]","[0.6500983238220215, 0.4729881286621094, 0.4717831015586853, 0.35835039615631104, 0.34169405698776245]"
1,centroid,1,161,Denom,Denom,"[""Denom"", ""Ratikon"", ""Nivalis"", ""Ilias"", ""Velorum""]","[0.9083298444747925, 0.6834562420845032, 0.6228524446487427, 0.45941221714019775, 0.08103927224874496]"
1,centroid,1,162,Gemini,Gemini,"[""Gemini"", ""Xtreme"", ""Trius"", ""Braga"", ""Vega""]","[0.9382306337356567, 0.661923885345459, 0.3286066949367523, 0.2760857939720154, 0.26612353324890137]"
1,centroid,1,163,Gemini,Denom,"[""Denom"", ""Xtreme"", ""Ilias"", ""Trius"", ""Gemini""]","[0.3846350908279419, 0.33174318075180054, 0.24587567150592804, 0.24331456422805786, 0.2161678522825241]"
1,centroid,1,164,Gemini,Vega,"[""Vega"", ""Alaris"", ""Gemini"", ""Trius"", ""Braga""]","[0.5673848390579224, 0.5401771068572998, 0.5310192108154297, 0.3923315703868866, 0.3307528495788574]"
1,centroid,1,165,Gemini,Gemini,"[""Gemini"", ""Xtreme"", ""Vega"", ""Braga"", ""Trius""]","[0.8855229020118713, 0.5645133256912231, 0.5358542799949646, 0.2082643061876297, 0.19488239288330078]"
1,centroid,1,166,Gemini,Gemini,"[""Gemini"", ""Trius"", ""Xtreme"", ""Triton"", ""Braga""]","[0.829106330871582, 0.46073248982429504, 0.44339585304260254, 0.4334421753883362, 0.36647382378578186]"
1,centroid,1,167,Gemini,Gemini,"[""Gemini"", ""Trius"", ""Braga"", ""Triton"", ""Vega""]","[0.6544524431228638, 0.6457149982452393, 0.561068058013916, 0.45034363865852356, 0.385071337223053]"
1,centroid,1,168,Gemini,Gemini,"[""Gemini"", ""Trius"", ""Vega"", ""Braga"", ""Alaris""]","[0.7756401300430298, 0.586533784866333, 0.43241578340530396, 0.34890300035476685, 0.3064689338207245]"
1,centroid,1,169,Gemini,Gemini,"[""Gemini"", ""Vega"", ""Trius"", ""Braga"", ""Alaris""]","[0.8821805715560913, 0.6172244548797607, 0.5988066792488098, 0.5678631067276001, 0.5143471956253052]"
1,centroid,1,170,Gemini,Gemini,"[""Gemini"", ""Braga"", ""Trius"", ""Vega"", ""Alaris""]","[0.8104963302612305, 0.6224898099899292, 0.6155601143836975, 0.5395050048828125, 0.5019989609718323]"
1,centroid,1,171,Gemini,Gemini,"[""Gemini"", ""Triton"", ""Braga"", ""Trius"", ""Mytikas""]","[0.7081462740898132, 0.6105918884277344, 0.5404499173164368, 0.49120867252349854, 0.49015629291534424]"
1,centroid,1,172,Gemini,Gemini,"[""Gemini"", ""Trius"", ""Xtreme"", ""Braga"", ""Vega""]","[0.9606137871742249, 0.5261898040771484, 0.5260330438613892, 0.5243811011314392, 0.45353588461875916]"
1,centroid,1,173,Gemini,Gemini,"[""Gemini"", ""Trius"", ""Alaris"", ""Vega"", ""Braga""]","[0.7451186180114746, 0.69196617603302, 0.645549476146698, 0.6101519465446472, 0.6030513048171997]"
1,centroid,1,174,Gemini,Gemini,"[""Gemini"", ""Xtreme"", ""Vega"", ""Trius"", ""Hawk""]","[0.8718150854110718, 0.4627402722835541, 0.4337459206581116, 0.23984864354133606, 0.23768550157546997]"
1,centroid,1,175,Gemini,Trius,"[""Trius"", ""Gemini"", ""Alaris"", ""Braga"", ""Vega""]","[0.7552967667579651, 0.6709316968917847, 0.639808177947998, 0.5514364838600159, 0.4790327548980713]"
1,centroid,1,176,Gemini,Gemini,"[""Gemini"", ""Vega"", ""Xtreme"", ""Braga"", ""Trius""]","[0.853735625743866, 0.5485622882843018, 0.4629797339439392, 0.3734327554702759, 0.22784475982189178]"
1,centroid,1,177,Gemini,Gemini,"[""Gemini"", ""Trius"", ""Vega"", ""Braga"", ""Xtreme""]","[0.7990467548370361, 0.4668623208999634, 0.4498829245567322, 0.33094680309295654, 0.30064857006073]"
1,centroid,1,178,Gemini,Gemini,"[""Gemini"", ""Xtreme"", ""Vega"", ""Alaris"", ""Hawk""]","[0.8266525864601135, 0.45359694957733154, 0.40833333134651184, 0.3398246169090271, 0.3187001943588257]"
1,centroid,1,179,Gemini,Gemini,"[""Gemini"", ""Xtreme"", ""Vega"", ""Braga"", ""Hawk""]","[0.8429557085037231, 0.5742254257202148, 0.3889802098274231, 0.17167603969573975, 0.1137310117483139]"
1,centroid,1,180,Gemini,Gemini,"[""Gemini"", ""Vega"", ""Xtreme"", ""Trius"", ""Braga""]","[0.9037420749664307, 0.5159069895744324, 0.3779129981994629, 0.3233206272125244, 0.2526426315307617]"
1,centroid,1,181,Gemini,Gemini,"[""Gemini"", ""Alaris"", ""Trius"", ""Braga"", ""Alcatras""]","[0.7422268390655518, 0.6891486048698425, 0.6271582841873169, 0.6131093502044678, 0.6019096970558167]"
1,centroid,1,182,Gemini,Gemini,"[""Gemini"", ""Xtreme"", ""Trius"", ""Braga"", ""Alaris""]","[0.8943926692008972, 0.5597672462463379, 0.49671733379364014, 0.3223808705806732, 0.2692694664001465]"
1,centroid,1,183,Gemini,Gemini,"[""Gemini"", ""Xtreme"", ""Vega"", ""Braga"", ""Trius""]","[0.914216160774231, 0.5608686208724976, 0.3783513307571411, 0.2806223928928375, 0.2598726153373718]"
1,centroid,1,184,Gemini,Gemini,"[""Gemini"", ""Vega"", ""Xtreme"", ""Trius"", ""Braga""]","[0.9279871582984924, 0.4955994486808777, 0.422580361366272, 0.3804721236228943, 0.2811007797718048]"
1,centroid,1,185,Gemini,Gemini,"[""Gemini"", ""Vega"", ""Xtreme"", ""Trius"", ""Braga""]","[0.9289202690124512, 0.4366469979286194, 0.4185824692249298, 0.39214080572128296, 0.3630126118659973]"
1,centroid,1,186,Gemini,Gemini,"[""Gemini"", ""Xtreme"", ""Braga"", ""Vega"", ""Hawk""]","[0.8491571545600891, 0.7117468118667603, 0.29703450202941895, 0.25465264916419983, 0.1690840721130371]"
1,centroid,1,187,Gemini,Gemini,"[""Gemini"", ""Xtreme"", ""Vega"", ""Braga"", ""Trius""]","[0.9117709398269653, 0.6941611766815186, 0.29379016160964966, 0.23125560581684113, 0.22145330905914307]"
1,centroid,1,188,Gemini,Gemini,"[""Gemini"", ""Vega"", ""Xtreme"", ""Hawk"", ""Braga""]","[0.7152822017669678, 0.5796236991882324, 0.42424625158309937, 0.2849947512149811, 0.2099175751209259]"
1,centroid,1,189,Hawk,Hawk,"[""Hawk"", ""Vega"", ""Turbine"", ""Braga"", ""Alaris""]","[0.8883500099182129, 0.6129474639892578, 0.549480676651001, 0.4857928156852722, 0.34702110290527344]"
1,centroid,1,190,Hawk,Hawk,"[""Hawk"", ""Vega"", ""Braga"", ""Alcatras"", ""Alaris""]","[0.9291844367980957, 0.5199779272079468, 0.46702420711517334, 0.4013834595680237, 0.3993375301361084]"
1,centroid,1,191,Hawk,Hawk,"[""Hawk"", ""Alaris"", ""Alcatras"", ""Braga"", ""Vega""]","[0.8465721607208252, 0.6242204308509827, 0.5544328689575195, 0.5299755930900574, 0.5202022194862366]"
1,centroid,1,192,Hawk,Hawk,"[""Hawk"", ""Vega"", ""Alaris"", ""Alcatras"", ""Braga""]","[0.8741394281387329, 0.4819478988647461, 0.45937901735305786, 0.4056777358055115, 0.3409155607223511]"
1,centroid,1,193,Hawk,Hawk,"[""Hawk"", ""Vega"", ""Alaris"", ""Braga"", ""Alcatras""]","[0.93055260181427, 0.5518817901611328, 0.34047842025756836, 0.3173479437828064, 0.30880388617515564]"
1,centroid,1,194,Hawk,Hawk,"[""Hawk"", ""Turbine"", ""Vega"", ""Braga"", ""Alaris""]","[0.8428642153739929, 0.6384005546569824, 0.4485609531402588, 0.38527995347976685, 0.16764001548290253]"
1,centroid,1,195,Hawk,Hawk,"[""Hawk"", ""Vega"", ""Turbine"", ""Braga"", ""Alaris""]","[0.7512385845184326, 0.671795129776001, 0.6615386605262756, 0.5842562913894653, 0.3952484130859375]"
1,centroid,1,196,Hawk,Hawk,"[""Hawk"", ""Vega"", ""Gemini"", ""Braga"", ""Xtreme""]","[0.6625129580497742, 0.625901997089386, 0.6022632122039795, 0.4127812385559082, 0.3495385944843292]"
1,centroid,1,197,Hawk,Hawk,"[""Hawk"", ""Braga"", ""Vega"", ""Alaris"", ""Gemini""]","[0.7938526272773743, 0.6885175704956055, 0.6341124176979065, 0.4644947052001953, 0.3773301839828491]"
1,centroid,1,198,Hawk,Hawk,"[""Hawk"", ""Vega"", ""Turbine"", ""Alaris"", ""Alcatras""]","[0.8842775821685791, 0.667721688747406, 0.5025470852851868, 0.37129127979278564, 0.2811572551727295]"
1,centroid,1,199,Hawk,Hawk,"[""Hawk"", ""Vega"", ""Alcatras"", ""Turbine"", ""Braga""]","[0.8853391408920288, 0.3939955532550812, 0.35244041681289673, 0.34371355175971985, 0.3413103520870209]"
1,centroid,1,200,Hawk,Hawk,"[""Hawk"", ""Vega"", ""Alaris"", ""Alcatras"", ""Turbine""]","[0.9143181443214417, 0.5326369404792786, 0.5068620443344116, 0.3830301761627197, 0.37388864159584045]"
1,centroid,1,201,Hawk,Hawk,"[""Hawk"", ""Velorum"", ""Ilias"", ""Alaris"", ""Mytikas""]","[0.5361927151679993, 0.3153933584690094, 0.1857280433177948, 0.162785604596138, 0.16226905584335327]"
1,centroid,1,202,Hawk,Hawk,"[""Hawk"", ""Turbine"", ""Vega"", ""Alaris"", ""Alcatras""]","[0.9129244089126587, 0.5587981939315796, 0.5422787666320801, 0.5281213521957397, 0.4235016405582428]"
1,centroid,1,203,Hawk,Hawk,"[""Hawk"", ""Vega"", ""Braga"", ""Alaris"", ""Turbine""]","[0.9389485120773315, 0.46442970633506775, 0.43060728907585144, 0.4105645716190338, 0.386089026927948]"
1,centroid,1,204,Hawk,Hawk,"[""Hawk"", ""Alaris"", ""Alcatras"", ""Vega"", ""Braga""]","[0.8146271705627441, 0.6896060705184937, 0.5550161600112915, 0.47856709361076355, 0.46919748187065125]"
1,centroid,1,205,Hawk,Braga,"[""Braga"", ""Hawk"", ""Turbine"", ""Castor"", ""Alcatras""]","[0.7371932864189148, 0.6481817364692688, 0.589413583278656, 0.529799222946167, 0.525822639465332]"
1,centroid,1,206,Hawk,Hawk,"[""Hawk"", ""Braga"", ""Vega"", ""Alaris"", ""Turbine""]","[0.8541631698608398, 0.5876505374908447, 0.46840715408325195, 0.40247881412506104, 0.3980645537376404]"
1,centroid,1,207,Hawk,Hawk,"[""Hawk"", ""Turbine"", ""Braga"", ""Vega"", ""Gemini""]","[0.7276767492294312, 0.47611844539642334, 0.41780877113342285, 0.39060166478157043, 0.21680250763893127]"
1,centroid,1,208,Hawk,Hawk,"[""Hawk"", ""Vega"", ""Turbine"", ""Alaris"", ""Braga""]","[0.9570920467376709, 0.5984445810317993, 0.5188000798225403, 0.43149465322494507, 0.42384660243988037]"
1,centroid,1,209,Hawk,Hawk,"[""Hawk"", ""Vega"", ""Alaris"", ""Turbine"", ""Alcatras""]","[0.9117867946624756, 0.5445089340209961, 0.5321778655052185, 0.38653475046157837, 0.3484565019607544]"
1,centroid,1,210,Hawk,Hawk,"[""Hawk"", ""Alaris"", ""Braga"", ""Vega"", ""Gemini""]","[0.7705161571502686, 0.6120207905769348, 0.5170997381210327, 0.5102056264877319, 0.4944562017917633]"
1,centroid,1,211,Hawk,Hawk,"[""Hawk"", ""Alcatras"", ""Alaris"", ""Braga"", ""Vega""]","[0.8379343748092651, 0.5484347343444824, 0.5316839814186096, 0.5185794830322266, 0.43793749809265137]"
1,centroid,1,212,Hawk,Hawk,"[""Hawk"", ""Vega"", ""Turbine"", ""Alaris"", ""Braga""]","[0.937247633934021, 0.6369865536689758, 0.5459707975387573, 0.465492844581604, 0.4007037580013275]"
1,centroid,1,213,Hawk,Hawk,"[""Hawk"", ""Alaris"", ""Alcatras"", ""Vega"", ""Turbine""]","[0.9406169652938843, 0.538966178894043, 0.4848936200141907, 0.48216021060943604, 0.44373688101768494]"
1,centroid,1,214,Hawk,Hawk,"[""Hawk"", ""Vega"", ""Braga"", ""Turbine"", ""Gemini""]","[0.7808962464332581, 0.6455516815185547, 0.5225307941436768, 0.4422123432159424, 0.3150174617767334]"
1,centroid,1,215,Ilias,Ilias,"[""Ilias"", ""Ratikon"", ""Denom"", ""Nivalis"", ""Gemini""]","[0.8442431092262268, 0.5676370859146118, 0.36995673179626465, 0.2327112853527069, 0.230180025100708]"
1,centroid,1,216,Ilias,Ilias,"[""Ilias"", ""Ratikon"", ""Denom"", ""Velorum"", ""Nivalis""]","[0.8715249300003052, 0.5516252517700195, 0.34012895822525024, 0.20134301483631134, 0.16625764966011047]"
1,centroid,1,217,Ilias,Ilias,"[""Ilias"", ""Ratikon"", ""Velorum"", ""Nivalis"", ""Denom""]","[0.8640106320381165, 0.6694268584251404, 0.4077996015548706, 0.36623257398605347, 0.3496111035346985]"
1,centroid,1,218,Ilias,Ilias,"[""Ilias"", ""Ratikon"", ""Triton"", ""Nivalis"", ""Velorum""]","[0.7747083902359009, 0.41125401854515076, 0.36902666091918945, 0.3629978895187378, 0.3508928418159485]"
1,centroid,1,219,Ilias,Ilias,"[""Ilias"", ""Denom"", ""Ratikon"", ""Velorum"", ""Trius""]","[0.7077059745788574, 0.6336237192153931, 0.5548406839370728, 0.5050127506256104, 0.3067157566547394]"
1,centroid,1,220,Ilias,Ilias,"[""Ilias"", ""Velorum"", ""Ratikon"", ""Denom"", ""Triton""]","[0.7487218379974365, 0.44659167528152466, 0.4312564432621002, 0.42512351274490356, 0.4063815474510193]"
1,centroid,1,221,Ilias,Ilias,"[""Ilias"", ""Denom"", ""Ratikon"", ""Nivalis"", ""Velorum""]","[0.8824301958084106, 0.5730497241020203, 0.5268772840499878, 0.4103676974773407, 0.32333898544311523]"
1,centroid,1,222,Ilias,Ilias,"[""Ilias"", ""Ratikon"", ""Denom"", ""Velorum"", ""Nivalis""]","[0.7419785261154175, 0.6457536816596985, 0.5473350882530212, 0.5007418394088745, 0.3139524459838867]"
1,centroid,1,223,Ilias,Ilias,"[""Ilias"", ""Ratikon"", ""Nivalis"", ""Denom"", ""Triton""]","[0.8123628497123718, 0.5835995078086853, 0.4016985297203064, 0.35941487550735474, 0.3544366955757141]"
1,centroid,1,224,Ilias,Ilias,"[""Ilias"", ""Denom"", ""Ratikon"", ""Nivalis"", ""Velorum""]","[0.7874150276184082, 0.7449027299880981, 0.6426413059234619, 0.5033448934555054, 0.36700519919395447]"
1,centroid,1,225,Ilias,Ilias,"[""Ilias"", ""Ratikon"", ""Denom"", ""Velorum"", ""Nivalis""]","[0.9138616323471069, 0.46486562490463257, 0.32759010791778564, 0.2165556401014328, 0.19102761149406433]"
1,centroid,1,226,Ilias,Ratikon,"[""Ratikon"", ""Ilias"", ""Nivalis"", ""Denom"", ""Velorum""]","[0.6905858516693115, 0.6793879270553589, 0.6413291692733765, 0.635050892829895, 0.4636005461215973]"
1,centroid,1,227,Ilias,Ilias,"[""Ilias"", ""Denom"", ""Ratikon"", ""Nivalis"", ""Velorum""]","[0.7872912883758545, 0.7088338136672974, 0.5952624082565308, 0.4690147042274475, 0.3471488654613495]"
1,centroid,1,228,Ilias,Ilias,"[""Ilias"", ""Nivalis"", ""Denom"", ""Ratikon"", ""Xtreme""]","[0.7769408226013184, 0.5660379528999329, 0.5608853697776794, 0.5360733270645142, 0.21829529106616974]"
1,centroid,1,229,Ilias,Ilias,"[""Ilias"", ""Denom"", ""Velorum"", ""Ratikon"", ""Nivalis""]","[0.7917669415473938, 0.6128064393997192, 0.5848701000213623, 0.5620125532150269, 0.3668798506259918]"
1,centroid,1,230,Ilias,Ilias,"[""Ilias"", ""Denom"", ""Ratikon"", ""Nivalis"", ""Trius""]","[0.7890504598617554, 0.7314531803131104, 0.6786263585090637, 0.5011367797851562, 0.17917954921722412]"
1,centroid,1,231,Ilias,Ilias,"[""Ilias"", ""Ratikon"", ""Velorum"", ""Triton"", ""Trius""]","[0.8086085915565491, 0.4403724670410156, 0.4305259883403778, 0.42473268508911133, 0.39013251662254333]"
1,centroid,1,232,Ilias,Ilias,"[""Ilias"", ""Ratikon"", ""Denom"", ""Nivalis"", ""Velorum""]","[0.8915035724639893, 0.6605523228645325, 0.5090689659118652, 0.4545590281486511, 0.4118984639644623]"
1,centroid,1,233,Ilias,Ilias,"[""Ilias"", ""Denom"", ""Trius"", ""Ratikon"", ""Velorum""]","[0.6392660737037659, 0.5572495460510254, 0.5196929574012756, 0.39597707986831665, 0.3512575924396515]"
1,centroid,1,234,Ilias,Ilias,"[""Ilias"", ""Ratikon"", ""Velorum"", ""Denom"", ""Nivalis""]","[0.7663301229476929, 0.5403438806533813, 0.49859970808029175, 0.3718869686126709, 0.08688728511333466]"
1,centroid,1,235,Ilias,Ilias,"[""Ilias"", ""Denom"", ""Ratikon"", ""Velorum"", ""Nivalis""]","[0.8731865882873535, 0.48286962509155273, 0.40963298082351685, 0.40159010887145996, 0.25841963291168213]"
1,centroid,1,236,Ilias,Ilias,"[""Ilias"", ""Ratikon"", ""Denom"", ""Nivalis"", ""Triton""]","[0.884546160697937, 0.6251665353775024, 0.5198432207107544, 0.4319881498813629, 0.20929944515228271]"
1,centroid,1,237,Ilias,Ilias,"[""Ilias"", ""Ratikon"", ""Denom"", ""Velorum"", ""Nivalis""]","[0.9114735126495361, 0.5264621376991272, 0.48792389035224915, 0.3876269459724426, 0.24426618218421936]"
1,centroid,1,238,Ilias,Ilias,"[""Ilias"", ""Velorum"", ""Ratikon"", ""Denom"", ""Trius""]","[0.8830246925354004, 0.5414972305297852, 0.48807305097579956, 0.2861897349357605, 0.23564016819000244]"
1,centroid,1,239,Ilias,Ilias,"[""Ilias"", ""Ratikon"", ""Velorum"", ""Denom"", ""Nivalis""]","[0.7533428072929382, 0.7398228049278259, 0.5737806558609009, 0.562345027923584, 0.5187175273895264]"
1,centroid,1,240,Ilias,Ilias,"[""Ilias"", ""Ratikon"", ""Velorum"", ""Denom"", ""Nivalis""]","[0.8095346689224243, 0.5555956363677979, 0.443146288394928, 0.3061964213848114, 0.26933956146240234]"
1,centroid,1,241,Ilias,Ilias,"[""Ilias"", ""Ratikon"", ""Triton"", ""Denom"", ""Trius""]","[0.5697283744812012, 0.4943353533744812, 0.4834688901901245, 0.4826607406139374, 0.3295084238052368]"
1,centroid,1,242,Ilias,Ilias,"[""Ilias"", ""Ratikon"", ""Denom"", ""Nivalis"", ""Velorum""]","[0.8607528209686279, 0.5285521745681763, 0.39366450905799866, 0.3583593964576721, 0.34558752179145813]"
1,centroid,1,243,Ilias,Ilias,"[""Ilias"", ""Ratikon"", ""Velorum"", ""Denom"", ""Nivalis""]","[0.789726734161377, 0.5781503319740295, 0.4985395669937134, 0.3383013606071472, 0.24745485186576843]"
1,centroid,1,244,Mytikas,Mytikas,"[""Mytikas"", ""Triton"", ""Trius"", ""Braga"", ""Turbine""]","[0.7391406297683716, 0.7109003067016602, 0.35483816266059875, 0.30554893612861633, 0.30226048827171326]"
1,centroid,1,245,Mytikas,Mytikas,"[""Mytikas"", ""Triton"", ""Trius"", ""Braga"", ""Gemini""]","[0.7035907506942749, 0.6842163801193237, 0.6841390132904053, 0.5224184393882751, 0.3708171248435974]"
1,centroid,1,246,Mytikas,Mytikas,"[""Mytikas"", ""Trius"", ""Braga"", ""Vega"", ""Gemini""]","[0.7033190727233887, 0.5947654247283936, 0.5341200232505798, 0.4403936564922333, 0.42044544219970703]"
1,centroid,1,247,Mytikas,Mytikas,"[""Mytikas"", ""Trius"", ""Vega"", ""Braga"", ""Gemini""]","[0.6940100193023682, 0.5586247444152832, 0.524411678314209, 0.5215977430343628, 0.5069572925567627]"
1,centroid,1,248,Mytikas,Mytikas,"[""Mytikas"", ""Alcatras"", ""Castor"", ""Braga"", ""Triton""]","[0.7838892340660095, 0.7449705004692078, 0.7434399127960205, 0.7091882228851318, 0.6976906061172485]"
1,centroid,1,249,Mytikas,Mytikas,"[""Mytikas"", ""Triton"", ""Castor"", ""Braga"", ""Alcatras""]","[0.9220423698425293, 0.5934392213821411, 0.4262508749961853, 0.4176945984363556, 0.36477553844451904]"
1,centroid,1,250,Mytikas,Mytikas,"[""Mytikas"", ""Castor"", ""Steel_Wheel"", ""Triton"", ""Braga""]","[0.6254842281341553, 0.5676624774932861, 0.3175048828125, 0.22009652853012085, 0.19970998167991638]"
1,centroid,1,251,Mytikas,Mytikas,"[""Mytikas"", ""Triton"", ""Castor"", ""Turbine"", ""Alcatras""]","[0.817764163017273, 0.5220011472702026, 0.27836573123931885, 0.23016467690467834, 0.1879381239414215]"
1,centroid,1,252,Mytikas,Trius,"[""Trius"", ""Mytikas"", ""Braga"", ""Triton"", ""Alcatras""]","[0.724218487739563, 0.7240861654281616, 0.5749374628067017, 0.5737262964248657, 0.48174041509628296]"
1,centroid,1,253,Mytikas,Mytikas,"[""Mytikas"", ""Triton"", ""Alcatras"", ""Trius"", ""Castor""]","[0.8492979407310486, 0.761772871017456, 0.7190738320350647, 0.5933034420013428, 0.5912190675735474]"
1,centroid,1,254,Mytikas,Triton,"[""Triton"", ""Mytikas"", ""Castor"", ""Alcatras"", ""Braga""]","[0.8745890855789185, 0.678024411201477, 0.6161283254623413, 0.5812714099884033, 0.5371555089950562]"
1,centroid,1,255,Mytikas,Mytikas,"[""Mytikas"", ""Alcatras"", ""Triton"", ""Castor"", ""Braga""]","[0.9050679206848145, 0.6196080446243286, 0.5281217694282532, 0.5139447450637817, 0.46101173758506775]"
1,centroid,1,256,Mytikas,Triton,"[""Triton"", ""Turbine"", ""Mytikas"", ""Braga"", ""Trius""]","[0.6921377182006836, 0.5409551858901978, 0.5352861881256104, 0.45870935916900635, 0.42465049028396606]"
1,centroid,1,257,Mytikas,Mytikas,"[""Mytikas"", ""Vega"", ""Triton"", ""Braga"", ""Trius""]","[0.7108147144317627, 0.5650164484977722, 0.4943390190601349, 0.45816269516944885, 0.4183312654495239]"
1,centroid,1,258,Mytikas,Mytikas,"[""Mytikas"", ""Alcatras"", ""Triton"", ""Braga"", ""Turbine""]","[0.7944214344024658, 0.6442689299583435, 0.5585556030273438, 0.5130152702331543, 0.5085371136665344]"
1,centroid,1,259,Mytikas,Mytikas,"[""Mytikas"", ""Triton"", ""Trius"", ""Hawk"", ""Vega""]","[0.81939697265625, 0.5246199369430542, 0.3761517405509949, 0.37079304456710815, 0.36973318457603455]"
1,centroid,1,260,Mytikas,Mytikas,"[""Mytikas"", ""Triton"", ""Trius"", ""Alcatras"", ""Steel_Wheel""]","[0.7095537185668945, 0.2853010296821594, 0.17634160816669464, 0.16487646102905273, 0.14443103969097137]"
1,centroid,1,261,Mytikas,Triton,"[""Triton"", ""Mytikas"", ""Castor"", ""Braga"", ""Alcatras""]","[0.7249910235404968, 0.6953227519989014, 0.6294152140617371, 0.6285728216171265, 0.5013383626937866]"
1,centroid,1,262,Mytikas,Mytikas,"[""Mytikas"", ""Trius"", ""Triton"", ""Braga"", ""Alaris""]","[0.8083420991897583, 0.48824402689933777, 0.41795462369918823, 0.3781172037124634, 0.31037387251853943]"
1,centroid,1,263,Mytikas,Mytikas,"[""Mytikas"", ""Castor"", ""Alcatras"", ""Triton"", ""Turbine""]","[0.8527398109436035, 0.6746997237205505, 0.6704911589622498, 0.493513286113739, 0.3998486399650574]"
1,centroid,1,264,Mytikas,Mytikas,"[""Mytikas"", ""Alcatras"", ""Castor"", ""Triton"", ""Braga""]","[0.8199707269668579, 0.5305605530738831, 0.5208379030227661, 0.3995569348335266, 0.3289012312889099]"
1,centroid,1,265,Mytikas,Trius,"[""Trius"", ""Triton"", ""Mytikas"", ""Braga"", ""Castor""]","[0.715283215045929, 0.6828526258468628, 0.6341871023178101, 0.3998638391494751, 0.3168089985847473]"
1,centroid,1,266,Mytikas,Mytikas,"[""Mytikas"", ""Triton"", ""Alcatras"", ""Castor"", ""Turbine""]","[0.8361730575561523, 0.48891061544418335, 0.3915669322013855, 0.36880412697792053, 0.24818123877048492]"
1,centroid,1,267,Mytikas,Mytikas,"[""Mytikas"", ""Triton"", ""Trius"", ""Braga"", ""Alcatras""]","[0.8497798442840576, 0.8237877488136292, 0.49367350339889526, 0.42879122495651245, 0.41047000885009766]"
1,centroid,1,268,Mytikas,Mytikas,"[""Mytikas"", ""Triton"", ""Alcatras"", ""Braga"", ""Castor""]","[0.8497594594955444, 0.6627723574638367, 0.4266607463359833, 0.3837493658065796, 0.3369564116001129]"
1,centroid,1,269,Mytikas,Mytikas,"[""Mytikas"", ""Castor"", ""Triton"", ""Alcatras"", ""Turbine""]","[0.6693118810653687, 0.5791616439819336, 0.5432126522064209, 0.5073193311691284, 0.4359973073005676]"
1,centroid,1,270,Mytikas,Mytikas,"[""Mytikas"", ""Turbine"", ""Alcatras"", ""Hawk"", ""Braga""]","[0.6353237628936768, 0.2995873987674713, 0.26004284620285034, 0.23396097123622894, 0.23143711686134338]"
1,centroid,1,271,Mytikas,Mytikas,"[""Mytikas"", ""Triton"", ""Alcatras"", ""Castor"", ""Hawk""]","[0.8195508718490601, 0.565329909324646, 0.5566928386688232, 0.437684565782547, 0.39171189069747925]"
1,centroid,1,272,Nivalis,Nivalis,"[""Nivalis"", ""Ratikon"", ""Denom"", ""Vega"", ""Ilias""]","[0.8791218996047974, 0.445311963558197, 0.3230832815170288, 0.2549811601638794, 0.21914511919021606]"
1,centroid,1,273,Nivalis,Denom,"[""Denom"", ""Nivalis"", ""Ratikon"", ""Ilias"", ""Steel_Wheel""]","[0.7725098729133606, 0.663347601890564, 0.5332882404327393, 0.2211775779724121, 0.10322384536266327]"
1,centroid,1,274,Nivalis,Denom,"[""Denom"", ""Nivalis"", ""Ratikon"", ""Velorum"", ""Ilias""]","[0.699142336845398, 0.6922311782836914, 0.6700099110603333, 0.3092304468154907, 0.27507486939430237]"
1,centroid,1,275,Nivalis,Nivalis,"[""Nivalis"", ""Ratikon"", ""Denom"", ""Ilias"", ""Velorum""]","[0.8925033807754517, 0.4462665319442749, 0.40812867879867554, 0.13196024298667908, 0.11995086818933487]"
1,centroid,1,276,Nivalis,Nivalis,"[""Nivalis"", ""Denom"", ""Ratikon"", ""Ilias"", ""Velorum""]","[0.9185996055603027, 0.7089074850082397, 0.5830239653587341, 0.3412419557571411, 0.3122992515563965]"
1,centroid,1,277,Nivalis,Nivalis,"[""Nivalis"", ""Denom"", ""Ratikon"", ""Ilias"", ""Velorum""]","[0.7577085494995117, 0.707032322883606, 0.6930033564567566, 0.4107533097267151, 0.13766758143901825]"
1,centroid,1,278,Nivalis,Nivalis,"[""Nivalis"", ""Velorum"", ""Denom"", ""Vega"", ""Turbine""]","[0.6639329791069031, 0.2730141580104828, 0.22272400557994843, 0.1535494178533554, 0.07577875256538391]"
1,centroid,1,279,Nivalis,Denom,"[""Denom"", ""Ratikon"", ""Nivalis"", ""Ilias"", ""Velorum""]","[0.8405320644378662, 0.7558209896087646, 0.7406305074691772, 0.45636922121047974, 0.2099563330411911]"
1,centroid,1,280,Nivalis,Nivalis,"[""Nivalis"", ""Denom"", ""Velorum"", ""Ratikon"", ""Ilias""]","[0.7831775546073914, 0.4424257278442383, 0.3640517592430115, 0.29760080575942993, 0.01004461944103241]"
1,centroid,1,281,Nivalis,Nivalis,"[""Nivalis"", ""Denom"", ""Ratikon"", ""Ilias"", ""Vega""]","[0.9046984910964966, 0.43790727853775024, 0.42960232496261597, 0.25058579444885254, 0.11028805375099182]"
1,centroid,1,282,Nivalis,Ratikon,"[""Ratikon"", ""Denom"", ""Nivalis"", ""Ilias"", ""Steel_Wheel""]","[0.8642463684082031, 0.7499909400939941, 0.6815146207809448, 0.5176709294319153, 0.10775183141231537]"
1,centroid,1,283,Nivalis,Nivalis,"[""Nivalis"", ""Denom"", ""Ratikon"", ""Ilias"", ""Xtreme""]","[0.850470781326294, 0.611437976360321, 0.47882795333862305, 0.4472910761833191, 0.18733151257038116]"
1,centroid,1,284,Nivalis,Nivalis,"[""Nivalis"", ""Denom"", ""Ratikon"", ""Vega"", ""Mytikas""]","[0.8276193141937256, 0.2848506569862366, 0.25841009616851807, 0.2163166105747223, 0.15006205439567566]"
1,centroid,1,285,Nivalis,Nivalis,"[""Nivalis"", ""Vega"", ""Mytikas"", ""Turbine"", ""Hawk""]","[0.4442504346370697, 0.2735547423362732, 0.26959457993507385, 0.24641269445419312, 0.14790405333042145]"
1,centroid,1,286,Nivalis,Nivalis,"[""Nivalis"", ""Velorum"", ""Denom"", ""Triton"", ""Ilias""]","[0.6130801439285278, 0.47399792075157166, 0.40003401041030884, 0.21677444875240326, 0.1787167340517044]"
1,centroid,1,287,Nivalis,Nivalis,"[""Nivalis"", ""Denom"", ""Gemini"", ""Vega"", ""Ratikon""]","[0.740500807762146, 0.29021039605140686, 0.24893218278884888, 0.2050282061100006, 0.18636132776737213]"
1,centroid,1,288,Nivalis,Ratikon,"[""Ratikon"", ""Denom"", ""Nivalis"", ""Ilias"", ""Steel_Wheel""]","[0.8031889200210571, 0.7378109693527222, 0.7216752171516418, 0.45315131545066833, 0.16609539091587067]"
1,centroid,1,289,Nivalis,Nivalis,"[""Nivalis"", ""Denom"", ""Ratikon"", ""Ilias"", ""Velorum""]","[0.8515488505363464, 0.7655177712440491, 0.6017099618911743, 0.20300179719924927, 0.1578332930803299]"
1,centroid,1,290,Nivalis,Denom,"[""Denom"", ""Nivalis"", ""Ratikon"", ""Ilias"", ""Velorum""]","[0.7504063844680786, 0.73049396276474, 0.6087483167648315, 0.4716545045375824, 0.3820122480392456]"
1,centroid,1,291,Nivalis,Nivalis,"[""Nivalis"", ""Denom"", ""Ratikon"", ""Ilias"", ""Velorum""]","[0.7559468746185303, 0.670778751373291, 0.6639113426208496, 0.5015823245048523, 0.4090521037578583]"
1,centroid,1,292,Nivalis,Nivalis,"[""Nivalis"", ""Ilias"", ""Denom"", ""Gemini"", ""Ratikon""]","[0.6970028877258301, 0.42902225255966187, 0.40056443214416504, 0.3678473234176636, 0.34340769052505493]"
1,centroid,1,293,Nivalis,Nivalis,"[""Nivalis"", ""Denom"", ""Vega"", ""Ratikon"", ""Velorum""]","[0.7871596813201904, 0.3029380738735199, 0.29632627964019775, 0.20529228448867798, 0.18025493621826172]"
1,centroid,1,294,Ratikon,Ratikon,"[""Ratikon"", ""Denom"", ""Nivalis"", ""Ilias"", ""Vega""]","[0.7751725912094116, 0.7487341165542603, 0.7479770183563232, 0.47704654932022095, 0.13306394219398499]"
1,centroid,1,295,Ratikon,Ratikon,"[""Ratikon"", ""Ilias"", ""Denom"", ""Nivalis"", ""Vega""]","[0.8649117946624756, 0.6057111620903015, 0.5237570405006409, 0.506893515586853, 0.3007032871246338]"
1,centroid,1,296,Ratikon,Ratikon,"[""Ratikon"", ""Ilias"", ""Denom"", ""Nivalis"", ""Trius""]","[0.8482487797737122, 0.7414708137512207, 0.4948338270187378, 0.23997679352760315, 0.19387203454971313]"
1,centroid,1,297,Ratikon,Ratikon,"[""Ratikon"", ""Ilias"", ""Denom"", ""Nivalis"", ""Velorum""]","[0.9177631735801697, 0.8121389150619507, 0.6459932327270508, 0.4625299274921417, 0.2251618206501007]"
1,centroid,1,298,Ratikon,Ratikon,"[""Ratikon"", ""Ilias"", ""Nivalis"", ""Denom"", ""Triton""]","[0.8555853962898254, 0.5154348611831665, 0.4582233428955078, 0.38561853766441345, 0.16122287511825562]"
1,centroid,1,299,Ratikon,Ratikon,"[""Ratikon"", ""Denom"", ""Ilias"", ""Nivalis"", ""Vega""]","[0.900429904460907, 0.48154914379119873, 0.4798372685909271, 0.41545814275741577, 0.1586208939552307]"
1,centroid,1,300,Ratikon,Ratikon,"[""Ratikon"", ""Ilias"", ""Denom"", ""Nivalis"", ""Vega""]","[0.8197012543678284, 0.7934278249740601, 0.7649110555648804, 0.48238664865493774, 0.0951884388923645]"
1,centroid,1,301,Ratikon,Ratikon,"[""Ratikon"", ""Denom"", ""Nivalis"", ""Ilias"", ""Vega""]","[0.8574808835983276, 0.6673136949539185, 0.6151729822158813, 0.45767343044281006, 0.25936928391456604]"
1,centroid,1,302,Ratikon,Ratikon,"[""Ratikon"", ""Nivalis"", ""Ilias"", ""Denom"", ""Velorum""]","[0.8824911117553711, 0.7034072279930115, 0.6151763200759888, 0.6117033958435059, 0.37267813086509705]"
1,centroid,1,303,Ratikon,Ratikon,"[""Ratikon"", ""Denom"", ""Ilias"", ""Nivalis"", ""Velorum""]","[0.8918412327766418, 0.7377475500106812, 0.5315606594085693, 0.44612592458724976, 0.14260202646255493]"
1,centroid,1,304,Ratikon,Ratikon,"[""Ratikon"", ""Denom"", ""Nivalis"", ""Ilias"", ""Vega""]","[0.914731502532959, 0.7676248550415039, 0.6587127447128296, 0.5230465531349182, 0.03303004056215286]"
1,centroid,1,305,Ratikon,Ratikon,"[""Ratikon"", ""Ilias"", ""Denom"", ""Velorum"", ""Trius""]","[0.48365241289138794, 0.4534962475299835, 0.41603896021842957, 0.41186991333961487, 0.3519273102283478]"
1,centroid,1,306,Ratikon,Ratikon,"[""Ratikon"", ""Ilias"", ""Denom"", ""Nivalis"", ""Vega""]","[0.8818711042404175, 0.7070491313934326, 0.6670140027999878, 0.477069616317749, 0.18693853914737701]"
1,centroid,1,307,Ratikon,Ratikon,"[""Ratikon"", ""Denom"", ""Ilias"", ""Nivalis"", ""Alaris""]","[0.8054132461547852, 0.5135499835014343, 0.4232848882675171, 0.3837679624557495, 0.18491864204406738]"
1,centroid,1,308,Ratikon,Ratikon,"[""Ratikon"", ""Denom"", ""Nivalis"", ""Ilias"", ""Velorum""]","[0.8155689239501953, 0.8045511245727539, 0.6074992418289185, 0.4677927792072296, 0.26327836513519287]"
1,centroid,1,309,Ratikon,Ratikon,"[""Ratikon"", ""Ilias"", ""Nivalis"", ""Denom"", ""Velorum""]","[0.9202778339385986, 0.7568559646606445, 0.5438947081565857, 0.5112561583518982, 0.2832016348838806]"
1,centroid,1,310,Ratikon,Ratikon,"[""Ratikon"", ""Denom"", ""Ilias"", ""Nivalis"", ""Triton""]","[0.887195348739624, 0.69927978515625, 0.6600297689437866, 0.6099016070365906, 0.06091879680752754]"
1,centroid,1,311,Ratikon,Ratikon,"[""Ratikon"", ""Denom"", ""Nivalis"", ""Ilias"", ""Vega""]","[0.9586269855499268, 0.6666280031204224, 0.6044840812683105, 0.583531379699707, 0.08050807565450668]"
1,centroid,1,312,Ratikon,Ratikon,"[""Ratikon"", ""Nivalis"", ""Denom"", ""Ilias"", ""Velorum""]","[0.8696416020393372, 0.6759624481201172, 0.602674663066864, 0.5070021152496338, 0.1038229912519455]"
1,centroid,1,313,Ratikon,Denom,"[""Denom"", ""Nivalis"", ""Ratikon"", ""Ilias"", ""Velorum""]","[0.7907969951629639, 0.7177718877792358, 0.7127850651741028, 0.4501887559890747, 0.17912885546684265]"
1,centroid,1,314,Ratikon,Ratikon,"[""Ratikon"", ""Denom"", ""Ilias"", ""Nivalis"", ""Vega""]","[0.8788394927978516, 0.7087893486022949, 0.5673614144325256, 0.5285078883171082, 0.1616545021533966]"
1,centroid,1,315,Ratikon,Ratikon,"[""Ratikon"", ""Denom"", ""Ilias"", ""Nivalis"", ""Trius""]","[0.8213657140731812, 0.6153488159179688, 0.47501155734062195, 0.3811887502670288, 0.3495519757270813]"
1,centroid,1,316,Ratikon,Ratikon,"[""Ratikon"", ""Ilias"", ""Denom"", ""Nivalis"", ""Velorum""]","[0.7984495162963867, 0.6432671546936035, 0.6155734062194824, 0.5845199227333069, 0.24303627014160156]"
1,centroid,1,317,Ratikon,Ratikon,"[""Ratikon"", ""Denom"", ""Ilias"", ""Nivalis"", ""Velorum""]","[0.8850891590118408, 0.8127649426460266, 0.7735229134559631, 0.47078806161880493, 0.20627492666244507]"
1,centroid,1,318,Ratikon,Ratikon,"[""Ratikon"", ""Denom"", ""Ilias"", ""Nivalis"", ""Trius""]","[0.8632032871246338, 0.7907016277313232, 0.680903971195221, 0.46720293164253235, 0.22700250148773193]"
1,centroid,1,319,Ratikon,Ratikon,"[""Ratikon"", ""Denom"", ""Nivalis"", ""Vega"", ""Ilias""]","[0.8054606914520264, 0.6255486011505127, 0.5428134202957153, 0.4224244952201843, 0.39946991205215454]"
1,centroid,1,320,Ratikon,Ratikon,"[""Ratikon"", ""Nivalis"", ""Denom"", ""Ilias"", ""Steel_Wheel""]","[0.7643109560012817, 0.695317268371582, 0.6939966678619385, 0.4952956438064575, 0.00026271864771842957]"
1,centroid,1,321,Ratikon,Ratikon,"[""Ratikon"", ""Denom"", ""Ilias"", ""Nivalis"", ""Trius""]","[0.8371763229370117, 0.6489262580871582, 0.5585569143295288, 0.5043894052505493, 0.12655985355377197]"
1,centroid,1,322,Steel_Wheel,Steel_Wheel,"[""Steel_Wheel"", ""Xtreme"", ""Nivalis"", ""Ratikon"", ""Denom""]","[0.9778479337692261, 0.11015335470438004, 0.08928152918815613, 0.03573475405573845, 0.023815549910068512]"
1,centroid,1,323,Steel_Wheel,Steel_Wheel,"[""Steel_Wheel"", ""Xtreme"", ""Denom"", ""Trius"", ""Nivalis""]","[0.9490416049957275, 0.18143300712108612, 0.1290067732334137, 0.04493919759988785, 0.029371127486228943]"
1,centroid,1,324,Steel_Wheel,Steel_Wheel,"[""Steel_Wheel"", ""Mytikas"", ""Xtreme"", ""Nivalis"", ""Turbine""]","[0.944316565990448, 0.09689909219741821, 0.06660057604312897, 0.007584400475025177, -0.0009166132658720016]"
1,centroid,1,325,Steel_Wheel,Steel_Wheel,"[""Steel_Wheel"", ""Xtreme"", ""Vega"", ""Nivalis"", ""Gemini""]","[0.9454066753387451, 0.09770670533180237, 0.06778696924448013, 0.06730309873819351, -0.013903414830565453]"
1,centroid,1,326,Steel_Wheel,Steel_Wheel,"[""Steel_Wheel"", ""Denom"", ""Nivalis"", ""Xtreme"", ""Ratikon""]","[0.9471743702888489, 0.07608449459075928, 0.05760151147842407, 0.05512685328722, 0.03945222869515419]"
1,centroid,1,327,Steel_Wheel,Steel_Wheel,"[""Steel_Wheel"", ""Xtreme"", ""Nivalis"", ""Ratikon"", ""Vega""]","[0.9472134113311768, 0.08673115819692612, 0.051938045769929886, -0.0020738858729600906, -0.028011443093419075]"
1,centroid,1,328,Steel_Wheel,Steel_Wheel,"[""Steel_Wheel"", ""Nivalis"", ""Xtreme"", ""Mytikas"", ""Denom""]","[0.9695471525192261, 0.12653599679470062, 0.09450004994869232, 0.005628578364849091, -0.003128955140709877]"
1,centroid,1,329,Steel_Wheel,Steel_Wheel,"[""Steel_Wheel"", ""Ratikon"", ""Denom"", ""Xtreme"", ""Nivalis""]","[0.9432860016822815, 0.07879381626844406, 0.06466826796531677, -0.000976763665676117, -0.02087368629872799]"
1,centroid,1,330,Steel_Wheel,Steel_Wheel,"[""Steel_Wheel"", ""Mytikas"", ""Xtreme"", ""Nivalis"", ""Trius""]","[0.9641062021255493, 0.08894117176532745, 0.02570289373397827, 0.012488603591918945, -0.001201588660478592]"
1,centroid,1,331,Steel_Wheel,Steel_Wheel,"[""Steel_Wheel"", ""Xtreme"", ""Velorum"", ""Denom"", ""Nivalis""]","[0.5878450870513916, 0.3053584694862366, 0.2052234262228012, 0.10416071116924286, -0.018265798687934875]"
1,centroid,1,332,Steel_Wheel,Steel_Wheel,"[""Steel_Wheel"", ""Nivalis"", ""Xtreme"", ""Ratikon"", ""Vega""]","[0.9605675339698792, 0.09486735612154007, 0.022153083235025406, 0.019209252670407295, 0.010268129408359528]"
1,centroid,1,333,Steel_Wheel,Steel_Wheel,"[""Steel_Wheel"", ""Xtreme"", ""Nivalis"", ""Mytikas"", ""Velorum""]","[0.9380711913108826, 0.16309811174869537, 0.06279636174440384, -0.0133658517152071, -0.03252981975674629]"
1,centroid,1,334,Steel_Wheel,Steel_Wheel,"[""Steel_Wheel"", ""Xtreme"", ""Nivalis"", ""Mytikas"", ""Hawk""]","[0.9478887915611267, 0.10754608362913132, 0.09325462579727173, 0.016441110521554947, -0.024006370455026627]"
1,centroid,1,335,Steel_Wheel,Steel_Wheel,"[""Steel_Wheel"", ""Xtreme"", ""Castor"", ""Mytikas"", ""Nivalis""]","[0.9297714233398438, 0.06813794374465942, 0.06469227373600006, 0.05382799357175827, 0.020703990012407303]"
1,centroid,1,336,Steel_Wheel,Steel_Wheel,"[""Steel_Wheel"", ""Xtreme"", ""Denom"", ""Trius"", ""Ratikon""]","[0.9098737239837646, 0.10752905905246735, 0.09029696881771088, 0.005017921328544617, 0.002710774540901184]"
1,centroid,1,337,Steel_Wheel,Steel_Wheel,"[""Steel_Wheel"", ""Nivalis"", ""Xtreme"", ""Velorum"", ""Ratikon""]","[0.9522479772567749, 0.11307315528392792, 0.030510075390338898, -0.007482018321752548, -0.015425380319356918]"
1,centroid,1,338,Steel_Wheel,Steel_Wheel,"[""Steel_Wheel"", ""Mytikas"", ""Xtreme"", ""Ratikon"", ""Trius""]","[0.9397891759872437, 0.13863396644592285, 0.09146423637866974, -0.001795344054698944, -0.0031026266515254974]"
1,centroid,1,339,Steel_Wheel,Steel_Wheel,"[""Steel_Wheel"", ""Nivalis"", ""Ratikon"", ""Velorum"", ""Ilias""]","[0.9230505228042603, 0.07385002076625824, 0.053328678011894226, -0.009726242162287235, -0.02093859389424324]"
1,centroid,1,340,Steel_Wheel,Steel_Wheel,"[""Steel_Wheel"", ""Xtreme"", ""Mytikas"", ""Trius"", ""Nivalis""]","[0.9555079936981201, 0.19635213911533356, 0.0391092523932457, 0.02239447459578514, 0.02167283371090889]"
1,centroid,1,341,Steel_Wheel,Steel_Wheel,"[""Steel_Wheel"", ""Xtreme"", ""Nivalis"", ""Denom"", ""Mytikas""]","[0.9788542985916138, 0.12263833731412888, 0.07334768027067184, -0.04930310696363449, -0.055609092116355896]"
1,centroid,1,342,Steel_Wheel,Steel_Wheel,"[""Steel_Wheel"", ""Nivalis"", ""Xtreme"", ""Denom"", ""Ratikon""]","[0.9722471237182617, 0.05979127436876297, 0.007324833422899246, 0.0034110471606254578, 0.0030210688710212708]"
1,centroid,1,343,Steel_Wheel,Steel_Wheel,"[""Steel_Wheel"", ""Nivalis"", ""Xtreme"", ""Velorum"", ""Hawk""]","[0.944382905960083, 0.11169404536485672, 0.0677037462592125, 0.014003999531269073, -0.07848335802555084]"
1,centroid,1,344,Steel_Wheel,Steel_Wheel,"[""Steel_Wheel"", ""Mytikas"", ""Xtreme"", ""Ratikon"", ""Ilias""]","[0.9073090553283691, 0.13594606518745422, 0.12358066439628601, 0.06002197414636612, 0.04980747401714325]"
1,centroid,1,345,Steel_Wheel,Steel_Wheel,"[""Steel_Wheel"", ""Xtreme"", ""Gemini"", ""Trius"", ""Denom""]","[0.8228768110275269, 0.3510543704032898, 0.14845730364322662, 0.09984245896339417, 0.0885879248380661]"
1,centroid,1,346,Steel_Wheel,Steel_Wheel,"[""Steel_Wheel"", ""Xtreme"", ""Mytikas"", ""Castor"", ""Trius""]","[0.9148246645927429, 0.19366921484470367, 0.14021548628807068, 0.13010665774345398, 0.04732757434248924]"
1,centroid,1,347,Steel_Wheel,Steel_Wheel,"[""Steel_Wheel"", ""Mytikas"", ""Castor"", ""Velorum"", ""Nivalis""]","[0.9161515235900879, -0.006847430020570755, -0.011330172419548035, -0.02752077579498291, -0.04563569650053978]"
1,centroid,1,348,Steel_Wheel,Steel_Wheel,"[""Steel_Wheel"", ""Ratikon"", ""Denom"", ""Turbine"", ""Nivalis""]","[0.8664469718933105, 0.07701310515403748, 0.05426222085952759, -0.02097488008439541, -0.023238331079483032]"
1,centroid,1,349,Steel_Wheel,Steel_Wheel,"[""Steel_Wheel"", ""Denom"", ""Ratikon"", ""Nivalis"", ""Mytikas""]","[0.8812392950057983, 0.18264494836330414, 0.1132555827498436, 0.07960003614425659, 0.07790205627679825]"
1,centroid,1,350,Steel_Wheel,Steel_Wheel,"[""Steel_Wheel"", ""Denom"", ""Nivalis"", ""Xtreme"", ""Ratikon""]","[0.9523587226867676, 0.18158075213432312, 0.14086221158504486, 0.08529817312955856, 0.05916386842727661]"
1,centroid,1,351,Steel_Wheel,Steel_Wheel,"[""Steel_Wheel"", ""Hawk"", ""Turbine"", ""Denom"", ""Xtreme""]","[0.9293843507766724, -0.0006155781447887421, -0.026560258120298386, -0.029604436829686165, -0.030208736658096313]"
1,centroid,1,352,Steel_Wheel,Steel_Wheel,"[""Steel_Wheel"", ""Nivalis"", ""Ratikon"", ""Alaris"", ""Xtreme""]","[0.9427651166915894, 0.056350093334913254, 0.01471807062625885, 0.014597102999687195, 0.013274524360895157]"
1,centroid,1,353,Steel_Wheel,Steel_Wheel,"[""Steel_Wheel"", ""Xtreme"", ""Nivalis"", ""Hawk"", ""Vega""]","[0.9556971192359924, 0.16371947526931763, -0.004605680704116821, -0.03994739428162575, -0.06396965682506561]"
1,centroid,1,354,Steel_Wheel,Steel_Wheel,"[""Steel_Wheel"", ""Nivalis"", ""Mytikas"", ""Xtreme"", ""Denom""]","[0.9695702195167542, 0.13773295283317566, 0.09065695852041245, 0.08457958698272705, 0.06344927847385406]"
1,centroid,1,355,Steel_Wheel,Steel_Wheel,"[""Steel_Wheel"", ""Xtreme"", ""Mytikas"", ""Nivalis"", ""Castor""]","[0.9737153649330139, 0.11089293658733368, 0.0347512848675251, -0.019500955939292908, -0.025683581829071045]"
1,centroid,1,356,Steel_Wheel,Steel_Wheel,"[""Steel_Wheel"", ""Mytikas"", ""Xtreme"", ""Ratikon"", ""Triton""]","[0.8684630990028381, 0.24432717263698578, 0.05052371695637703, 0.027552492916584015, 0.024460431188344955]"
1,centroid,1,357,Triton,Triton,"[""Triton"", ""Mytikas"", ""Braga"", ""Castor"", ""Alcatras""]","[0.8568562865257263, 0.6683429479598999, 0.5149025917053223, 0.5080741047859192, 0.48798173666000366]"
1,centroid,1,358,Triton,Triton,"[""Triton"", ""Mytikas"", ""Castor"", ""Trius"", ""Braga""]","[0.814965009689331, 0.6875944137573242, 0.620384693145752, 0.55321204662323, 0.5410963296890259]"
1,centroid,1,359,Triton,Triton,"[""Triton"", ""Braga"", ""Trius"", ""Mytikas"", ""Gemini""]","[0.8683243989944458, 0.6188108921051025, 0.5828412175178528, 0.5685361623764038, 0.3929266333580017]"
1,centroid,1,360,Triton,Triton,"[""Triton"", ""Mytikas"", ""Velorum"", ""Trius"", ""Ratikon""]","[0.460188627243042, 0.441350519657135, 0.3386392593383789, 0.28816044330596924, 0.25620970129966736]"
1,centroid,1,361,Triton,Triton,"[""Triton"", ""Mytikas"", ""Trius"", ""Castor"", ""Braga""]","[0.9051613807678223, 0.7483876347541809, 0.44502657651901245, 0.41318729519844055, 0.38723599910736084]"
1,centroid,1,362,Triton,Triton,"[""Triton"", ""Mytikas"", ""Braga"", ""Trius"", ""Castor""]","[0.8974384069442749, 0.5516747832298279, 0.5433490872383118, 0.4888570308685303, 0.4400785565376282]"
1,centroid,1,363,Triton,Triton,"[""Triton"", ""Braga"", ""Mytikas"", ""Trius"", ""Gemini""]","[0.9029226303100586, 0.6227802038192749, 0.5174605846405029, 0.44463950395584106, 0.37809860706329346]"
1,centroid,1,364,Triton,Triton,"[""Triton"", ""Mytikas"", ""Trius"", ""Castor"", ""Braga""]","[0.8737006783485413, 0.663830041885376, 0.6612206101417542, 0.5914733409881592, 0.559687614440918]"
1,centroid,1,365,Triton,Triton,"[""Triton"", ""Mytikas"", ""Braga"", ""Trius"", ""Gemini""]","[0.8240578174591064, 0.5697904825210571, 0.5538878440856934, 0.5243337750434875, 0.3799818456172943]"
1,centroid,1,366,Triton,Triton,"[""Triton"", ""Braga"", ""Mytikas"", ""Castor"", ""Trius""]","[0.8540588617324829, 0.5416603684425354, 0.5066925287246704, 0.4751475751399994, 0.46209925413131714]"
1,centroid,1,367,Triton,Triton,"[""Triton"", ""Mytikas"", ""Trius"", ""Castor"", ""Braga""]","[0.9087000489234924, 0.7439802885055542, 0.5182983875274658, 0.4624423384666443, 0.4577769637107849]"
1,centroid,1,368,Triton,Triton,"[""Triton"", ""Braga"", ""Mytikas"", ""Castor"", ""Alcatras""]","[0.9141240119934082, 0.6820369958877563, 0.6602582335472107, 0.5802810192108154, 0.4676642119884491]"
1,centroid,1,369,Triton,Triton,"[""Triton"", ""Ilias"", ""Mytikas"", ""Trius"", ""Velorum""]","[0.8117289543151855, 0.5426804423332214, 0.48025327920913696, 0.47382867336273193, 0.32911866903305054]"
1,centroid,1,370,Triton,Triton,"[""Triton"", ""Mytikas"", ""Braga"", ""Castor"", ""Trius""]","[0.8802310824394226, 0.6244175434112549, 0.582485556602478, 0.48793479800224304, 0.30763810873031616]"
1,centroid,1,371,Triton,Triton,"[""Triton"", ""Braga"", ""Mytikas"", ""Trius"", ""Castor""]","[0.8156446218490601, 0.5492207407951355, 0.5345408320426941, 0.3831808567047119, 0.38115108013153076]"
1,centroid,1,372,Triton,Triton,"[""Triton"", ""Mytikas"", ""Braga"", ""Trius"", ""Castor""]","[0.8521565198898315, 0.6897148489952087, 0.5193203687667847, 0.4213268756866455, 0.3962355852127075]"
1,centroid,1,373,Triton,Triton,"[""Triton"", ""Mytikas"", ""Castor"", ""Braga"", ""Trius""]","[0.7270572185516357, 0.5093700289726257, 0.42651018500328064, 0.42000043392181396, 0.3217955231666565]"
1,centroid,1,374,Triton,Triton,"[""Triton"", ""Braga"", ""Trius"", ""Mytikas"", ""Gemini""]","[0.876096248626709, 0.6792059540748596, 0.4993011951446533, 0.44217097759246826, 0.40719372034072876]"
1,centroid,1,375,Triton,Trius,"[""Trius"", ""Alaris"", ""Triton"", ""Alcatras"", ""Braga""]","[0.80447918176651, 0.7568822503089905, 0.7311307191848755, 0.7064945697784424, 0.6032977104187012]"
1,centroid,1,376,Triton,Triton,"[""Triton"", ""Trius"", ""Braga"", ""Mytikas"", ""Gemini""]","[0.9141912460327148, 0.6731798648834229, 0.6711662411689758, 0.6214160323143005, 0.44667744636535645]"
1,centroid,1,377,Triton,Triton,"[""Triton"", ""Mytikas"", ""Trius"", ""Braga"", ""Ilias""]","[0.7715150713920593, 0.5937850475311279, 0.5719141960144043, 0.46194058656692505, 0.34873324632644653]"
1,centroid,1,378,Triton,Triton,"[""Triton"", ""Braga"", ""Trius"", ""Mytikas"", ""Alaris""]","[0.8862811326980591, 0.6839735507965088, 0.6822226047515869, 0.5652114152908325, 0.5277403593063354]"
1,centroid,1,379,Triton,Triton,"[""Triton"", ""Braga"", ""Trius"", ""Mytikas"", ""Alcatras""]","[0.9139333963394165, 0.6851019263267517, 0.6625850200653076, 0.6448294520378113, 0.5470452308654785]"
1,centroid,1,380,Triton,Triton,"[""Triton"", ""Mytikas"", ""Trius"", ""Braga"", ""Castor""]","[0.8747117519378662, 0.6400712132453918, 0.5030337572097778, 0.4771401584148407, 0.4657023251056671]"
1,centroid,1,381,Triton,Triton,"[""Triton"", ""Mytikas"", ""Braga"", ""Trius"", ""Alcatras""]","[0.8900742530822754, 0.6351019144058228, 0.6082507967948914, 0.5300977826118469, 0.5048215985298157]"
1,centroid,1,382,Triton,Triton,"[""Triton"", ""Mytikas"", ""Braga"", ""Alcatras"", ""Trius""]","[0.8500174880027771, 0.7147204875946045, 0.5683866143226624, 0.5378313064575195, 0.492941677570343]"
1,centroid,1,383,Triton,Triton,"[""Triton"", ""Mytikas"", ""Turbine"", ""Alcatras"", ""Castor""]","[0.6439907550811768, 0.5547093749046326, 0.5002242922782898, 0.49305474758148193, 0.4586639404296875]"
1,centroid,1,384,Triton,Triton,"[""Triton"", ""Trius"", ""Gemini"", ""Braga"", ""Mytikas""]","[0.7829263210296631, 0.606277346611023, 0.47964346408843994, 0.47889137268066406, 0.3587304651737213]"
1,centroid,1,385,Triton,Triton,"[""Triton"", ""Braga"", ""Mytikas"", ""Trius"", ""Castor""]","[0.8665531873703003, 0.7012065649032593, 0.6903935670852661, 0.5500684380531311, 0.4628923535346985]"
1,centroid,1,386,Triton,Triton,"[""Triton"", ""Mytikas"", ""Braga"", ""Castor"", ""Alcatras""]","[0.8144891262054443, 0.6984786987304688, 0.5837079286575317, 0.5493198037147522, 0.5451833605766296]"
1,centroid,1,387,Triton,Triton,"[""Triton"", ""Trius"", ""Braga"", ""Mytikas"", ""Alcatras""]","[0.82916659116745, 0.7280716896057129, 0.688794732093811, 0.6326256394386292, 0.4965444803237915]"
1,centroid,1,388,Triton,Triton,"[""Triton"", ""Braga"", ""Trius"", ""Mytikas"", ""Alaris""]","[0.9218343496322632, 0.7026203870773315, 0.6345007419586182, 0.6081954836845398, 0.4766733646392822]"
1,centroid,1,389,Triton,Triton,"[""Triton"", ""Mytikas"", ""Trius"", ""Braga"", ""Castor""]","[0.9460617303848267, 0.6272119283676147, 0.6072810888290405, 0.5098870992660522, 0.3866978883743286]"
1,centroid,1,390,Triton,Triton,"[""Triton"", ""Mytikas"", ""Trius"", ""Braga"", ""Gemini""]","[0.8908999562263489, 0.6385372877120972, 0.5029864311218262, 0.49869829416275024, 0.32651323080062866]"
1,centroid,1,391,Triton,Triton,"[""Triton"", ""Trius"", ""Mytikas"", ""Velorum"", ""Braga""]","[0.8210034966468811, 0.6732090711593628, 0.4813916087150574, 0.4175403416156769, 0.4082963466644287]"
1,centroid,1,392,Triton,Triton,"[""Triton"", ""Trius"", ""Braga"", ""Alaris"", ""Mytikas""]","[0.8786687850952148, 0.7480421662330627, 0.5591422915458679, 0.5485482811927795, 0.5236798524856567]"
1,centroid,1,393,Triton,Triton,"[""Triton"", ""Mytikas"", ""Castor"", ""Trius"", ""Velorum""]","[0.6015316843986511, 0.4675622880458832, 0.3975399136543274, 0.3837183713912964, 0.31195661425590515]"
1,centroid,1,394,Triton,Triton,"[""Triton"", ""Mytikas"", ""Trius"", ""Braga"", ""Ilias""]","[0.8839576244354248, 0.5936647057533264, 0.48135560750961304, 0.450935959815979, 0.34519845247268677]"
1,centroid,1,395,Triton,Braga,"[""Braga"", ""Triton"", ""Castor"", ""Alcatras"", ""Mytikas""]","[0.7353807687759399, 0.7063345909118652, 0.6541518568992615, 0.6101294755935669, 0.5999367237091064]"
1,centroid,1,396,Triton,Triton,"[""Triton"", ""Mytikas"", ""Castor"", ""Alcatras"", ""Braga""]","[0.8425137996673584, 0.5977255702018738, 0.5180138349533081, 0.4432098865509033, 0.37192344665527344]"
1,centroid,1,397,Triton,Mytikas,"[""Mytikas"", ""Trius"", ""Triton"", ""Xtreme"", ""Gemini""]","[0.6180980801582336, 0.5481616854667664, 0.5263452529907227, 0.4306655526161194, 0.41653478145599365]"
1,centroid,1,398,Triton,Mytikas,"[""Mytikas"", ""Alcatras"", ""Ratikon"", ""Alaris"", ""Castor""]","[0.5408504605293274, 0.41174790263175964, 0.3208303153514862, 0.28660744428634644, 0.2745506167411804]"
1,centroid,1,399,Triton,Triton,"[""Triton"", ""Trius"", ""Braga"", ""Mytikas"", ""Gemini""]","[0.9054285883903503, 0.6872740983963013, 0.579454243183136, 0.549237847328186, 0.39842984080314636]"
1,centroid,1,400,Triton,Triton,"[""Triton"", ""Braga"", ""Trius"", ""Mytikas"", ""Castor""]","[0.8701622486114502, 0.7306353449821472, 0.6524176597595215, 0.6067322492599487, 0.4273664951324463]"
1,centroid,1,401,Triton,Triton,"[""Triton"", ""Mytikas"", ""Trius"", ""Braga"", ""Castor""]","[0.8926007151603699, 0.6316587328910828, 0.4534945785999298, 0.4354917109012604, 0.378637433052063]"
1,centroid,1,402,Triton,Triton,"[""Triton"", ""Mytikas"", ""Braga"", ""Trius"", ""Gemini""]","[0.8223950266838074, 0.6322135925292969, 0.6211501359939575, 0.489011287689209, 0.45763444900512695]"
1,centroid,1,403,Triton,Triton,"[""Triton"", ""Trius"", ""Braga"", ""Mytikas"", ""Alaris""]","[0.83966064453125, 0.7370035648345947, 0.7202373743057251, 0.6175992488861084, 0.533311665058136]"
1,centroid,1,404,Triton,Trius,"[""Trius"", ""Braga"", ""Triton"", ""Mytikas"", ""Gemini""]","[0.6057665348052979, 0.47264981269836426, 0.4681133031845093, 0.4293476343154907, 0.4043884873390198]"
1,centroid,1,405,Triton,Triton,"[""Triton"", ""Trius"", ""Mytikas"", ""Ilias"", ""Braga""]","[0.8428638577461243, 0.5922878384590149, 0.4415731430053711, 0.43742358684539795, 0.34711799025535583]"
1,centroid,1,406,Triton,Mytikas,"[""Mytikas"", ""Triton"", ""Castor"", ""Braga"", ""Trius""]","[0.7626214027404785, 0.676303505897522, 0.544021725654602, 0.4765755534172058, 0.42224007844924927]"
1,centroid,1,407,Triton,Triton,"[""Triton"", ""Trius"", ""Mytikas"", ""Braga"", ""Castor""]","[0.6938514113426208, 0.5992326736450195, 0.41961604356765747, 0.3823869526386261, 0.3369987905025482]"
1,centroid,1,408,Triton,Triton,"[""Triton"", ""Trius"", ""Mytikas"", ""Alaris"", ""Ilias""]","[0.8256415128707886, 0.5918617248535156, 0.5008053779602051, 0.334982693195343, 0.3198739290237427]"
1,centroid,1,409,Triton,Triton,"[""Triton"", ""Mytikas"", ""Trius"", ""Braga"", ""Castor""]","[0.8405951261520386, 0.618025004863739, 0.556428074836731, 0.48725494742393494, 0.3986501097679138]"
1,centroid,1,410,Triton,Triton,"[""Triton"", ""Mytikas"", ""Castor"", ""Alcatras"", ""Braga""]","[0.8413739204406738, 0.7283083200454712, 0.5399888157844543, 0.5353534817695618, 0.48661431670188904]"
1,centroid,1,411,Trius,Mytikas,"[""Mytikas"", ""Trius"", ""Triton"", ""Castor"", ""Velorum""]","[0.6970410346984863, 0.6121727824211121, 0.45761483907699585, 0.285436749458313, 0.28504133224487305]"
1,centroid,1,412,Trius,Alaris,"[""Alaris"", ""Trius"", ""Braga"", ""Alcatras"", ""Castor""]","[0.765400767326355, 0.7218611240386963, 0.6630735397338867, 0.5795860290527344, 0.36819174885749817]"
1,centroid,1,413,Trius,Trius,"[""Trius"", ""Gemini"", ""Triton"", ""Alaris"", ""Braga""]","[0.8723666667938232, 0.5453385710716248, 0.5280438661575317, 0.479536771774292, 0.465707004070282]"
1,centroid,1,414,Trius,Trius,"[""Trius"", ""Vega"", ""Alaris"", ""Triton"", ""Gemini""]","[0.8227589130401611, 0.6181271076202393, 0.5648574233055115, 0.5231853723526001, 0.489212304353714]"
1,centroid,1,415,Trius,Trius,"[""Trius"", ""Gemini"", ""Triton"", ""Vega"", ""Braga""]","[0.8179891109466553, 0.5568153858184814, 0.4575190544128418, 0.370007187128067, 0.3170349895954132]"
1,centroid,1,416,Trius,Denom,"[""Denom"", ""Ratikon"", ""Trius"", ""Nivalis"", ""Mytikas""]","[0.5914804339408875, 0.43443554639816284, 0.41863226890563965, 0.41210201382637024, 0.17117537558078766]"
1,centroid,1,417,Trius,Triton,"[""Triton"", ""Braga"", ""Mytikas"", ""Trius"", ""Alcatras""]","[0.7828581929206848, 0.7468652725219727, 0.7397741675376892, 0.6614341735839844, 0.5706619620323181]"
1,centroid,1,418,Trius,Triton,"[""Triton"", ""Trius"", ""Braga"", ""Alaris"", ""Gemini""]","[0.7939987182617188, 0.7553930878639221, 0.7286946773529053, 0.6099145412445068, 0.5863714218139648]"
1,centroid,1,419,Trius,Trius,"[""Trius"", ""Alaris"", ""Braga"", ""Triton"", ""Alcatras""]","[0.822686493396759, 0.778946042060852, 0.7262415885925293, 0.5846320986747742, 0.5462452173233032]"
1,centroid,1,420,Trius,Trius,"[""Trius"", ""Denom"", ""Gemini"", ""Mytikas"", ""Alaris""]","[0.6481649279594421, 0.4085302948951721, 0.3442050814628601, 0.2485828846693039, 0.2207278609275818]"
1,centroid,1,421,Trius,Vega,"[""Vega"", ""Mytikas"", ""Trius"", ""Triton"", ""Ratikon""]","[0.6059834957122803, 0.42781373858451843, 0.38139501214027405, 0.3539850115776062, 0.3345412611961365]"
1,centroid,1,422,Trius,Triton,"[""Triton"", ""Trius"", ""Braga"", ""Mytikas"", ""Castor""]","[0.7718800902366638, 0.7451562881469727, 0.6524930000305176, 0.5783296823501587, 0.5754038095474243]"
1,centroid,1,423,Trius,Triton,"[""Triton"", ""Braga"", ""Trius"", ""Mytikas"", ""Alaris""]","[0.8582704663276672, 0.7116174697875977, 0.6630163192749023, 0.6123998761177063, 0.4402630925178528]"
1,centroid,1,424,Trius,Trius,"[""Trius"", ""Alaris"", ""Velorum"", ""Alcatras"", ""Gemini""]","[0.714008092880249, 0.4716489911079407, 0.32878315448760986, 0.29126811027526855, 0.23070144653320312]"
1,centroid,1,425,Trius,Trius,"[""Trius"", ""Denom"", ""Triton"", ""Ratikon"", ""Mytikas""]","[0.5504389405250549, 0.5146329998970032, 0.29061949253082275, 0.2843528091907501, 0.2396271526813507]"
1,centroid,1,426,Trius,Trius,"[""Trius"", ""Alaris"", ""Braga"", ""Triton"", ""Alcatras""]","[0.8990607261657715, 0.760965883731842, 0.6983824372291565, 0.57178795337677, 0.5422027111053467]"
1,centroid,1,427,Trius,Trius,"[""Trius"", ""Alaris"", ""Braga"", ""Triton"", ""Alcatras""]","[0.9158141613006592, 0.6891257762908936, 0.5575057864189148, 0.4449366629123688, 0.4081333875656128]"
1,centroid,1,428,Trius,Trius,"[""Trius"", ""Alaris"", ""Vega"", ""Gemini"", ""Braga""]","[0.8450887203216553, 0.6377187371253967, 0.6324584484100342, 0.6222913861274719, 0.6138709783554077]"
1,centroid,1,429,Trius,Trius,"[""Trius"", ""Alaris"", ""Gemini"", ""Triton"", ""Braga""]","[0.8964672088623047, 0.49176251888275146, 0.4425908923149109, 0.3484022319316864, 0.32136473059654236]"
1,centroid,1,430,Trius,Trius,"[""Trius"", ""Alaris"", ""Braga"", ""Triton"", ""Alcatras""]","[0.8587874174118042, 0.7821552157402039, 0.7434199452400208, 0.616637647151947, 0.5229798555374146]"
1,centroid,1,431,Trius,Trius,"[""Trius"", ""Triton"", ""Vega"", ""Mytikas"", ""Braga""]","[0.6816593408584595, 0.6223940253257751, 0.6046196818351746, 0.5118467807769775, 0.4442421793937683]"
1,centroid,1,432,Trius,Trius,"[""Trius"", ""Triton"", ""Mytikas"", ""Braga"", ""Alaris""]","[0.8666131496429443, 0.8070663213729858, 0.7018213868141174, 0.6076211333274841, 0.4954533576965332]"
1,centroid,1,433,Trius,Trius,"[""Trius"", ""Alaris"", ""Braga"", ""Gemini"", ""Triton""]","[0.8797388076782227, 0.6607446074485779, 0.6135467886924744, 0.566786527633667, 0.4920809864997864]"
1,centroid,1,434,Trius,Trius,"[""Trius"", ""Gemini"", ""Alaris"", ""Braga"", ""Triton""]","[0.7405296564102173, 0.6010716557502747, 0.5957783460617065, 0.46343955397605896, 0.4542974531650543]"
1,centroid,1,435,Trius,Trius,"[""Trius"", ""Braga"", ""Alaris"", ""Gemini"", ""Vega""]","[0.85423743724823, 0.7724506855010986, 0.6392923593521118, 0.633664608001709, 0.5465911626815796]"
1,centroid,1,436,Trius,Trius,"[""Trius"", ""Triton"", ""Alaris"", ""Braga"", ""Alcatras""]","[0.9011061191558838, 0.692207932472229, 0.6580570936203003, 0.5288952589035034, 0.506426215171814]"
1,centroid,1,437,Trius,Alaris,"[""Alaris"", ""Trius"", ""Braga"", ""Alcatras"", ""Triton""]","[0.8767091631889343, 0.8558502197265625, 0.673002302646637, 0.6626711487770081, 0.5499060750007629]"
1,centroid,1,438,Trius,Trius,"[""Trius"", ""Triton"", ""Alaris"", ""Mytikas"", ""Braga""]","[0.8305861353874207, 0.7762367725372314, 0.6452030539512634, 0.64042067527771, 0.5783932209014893]"
1,centroid,1,439,Trius,Trius,"[""Trius"", ""Triton"", ""Alaris"", ""Braga"", ""Alcatras""]","[0.8932207822799683, 0.7129783034324646, 0.6379906535148621, 0.5634439587593079, 0.46365466713905334]"
1,centroid,1,440,Trius,Alaris,"[""Alaris"", ""Braga"", ""Trius"", ""Alcatras"", ""Triton""]","[0.8567788600921631, 0.7083679437637329, 0.6652184724807739, 0.6605064868927002, 0.5341135263442993]"
1,centroid,1,441,Trius,Trius,"[""Trius"", ""Alaris"", ""Triton"", ""Braga"", ""Gemini""]","[0.9045518040657043, 0.645675778388977, 0.620708703994751, 0.5455172061920166, 0.450737327337265]"
1,centroid,1,442,Trius,Trius,"[""Trius"", ""Alcatras"", ""Braga"", ""Alaris"", ""Triton""]","[0.7676346898078918, 0.6466032862663269, 0.6317574381828308, 0.6248021125793457, 0.5702685117721558]"
1,centroid,1,443,Trius,Mytikas,"[""Mytikas"", ""Braga"", ""Gemini"", ""Trius"", ""Triton""]","[0.6990591287612915, 0.6316698789596558, 0.6287193298339844, 0.6024196147918701, 0.6011611223220825]"
1,centroid,1,444,Trius,Trius,"[""Trius"", ""Mytikas"", ""Triton"", ""Alaris"", ""Braga""]","[0.8246349692344666, 0.6774538159370422, 0.5381245613098145, 0.44406455755233765, 0.4114497900009155]"
1,centroid,1,445,Trius,Trius,"[""Trius"", ""Triton"", ""Mytikas"", ""Alaris"", ""Castor""]","[0.6800069808959961, 0.6219418048858643, 0.5304615497589111, 0.5247772336006165, 0.5006511211395264]"
1,centroid,1,446,Trius,Trius,"[""Trius"", ""Alaris"", ""Braga"", ""Vega"", ""Gemini""]","[0.8886792659759521, 0.7607352137565613, 0.46926426887512207, 0.4443456530570984, 0.4403122067451477]"
1,centroid,1,447,Trius,Trius,"[""Trius"", ""Alaris"", ""Triton"", ""Vega"", ""Ilias""]","[0.7886684536933899, 0.5906388759613037, 0.5134192705154419, 0.38713330030441284, 0.34840595722198486]"
1,centroid,1,448,Trius,Trius,"[""Trius"", ""Triton"", ""Mytikas"", ""Braga"", ""Gemini""]","[0.8242695331573486, 0.6577190160751343, 0.5046257972717285, 0.4740747809410095, 0.4353749454021454]"
1,centroid,1,449,Trius,Trius,"[""Trius"", ""Mytikas"", ""Triton"", ""Braga"", ""Gemini""]","[0.7464067935943604, 0.6130300760269165, 0.5220562815666199, 0.511874794960022, 0.41703182458877563]"
1,centroid,1,450,Trius,Triton,"[""Triton"", ""Trius"", ""Braga"", ""Alaris"", ""Mytikas""]","[0.8379725217819214, 0.798880934715271, 0.7648153305053711, 0.6785721778869629, 0.6313491463661194]"
1,centroid,1,451,Trius,Trius,"[""Trius"", ""Triton"", ""Alaris"", ""Braga"", ""Castor""]","[0.7573930025100708, 0.6471623182296753, 0.6179304718971252, 0.5935360193252563, 0.5867359638214111]"
1,centroid,1,452,Turbine,Castor,"[""Castor"", ""Turbine"", ""Braga"", ""Alcatras"", ""Triton""]","[0.8748359680175781, 0.6475925445556641, 0.5117258429527283, 0.4731154441833496, 0.470968633890152]"
1,centroid,1,453,Turbine,Turbine,"[""Turbine"", ""Hawk"", ""Castor"", ""Alcatras"", ""Vega""]","[0.9244593381881714, 0.7228798866271973, 0.4155980348587036, 0.3774694800376892, 0.36238163709640503]"
1,centroid,1,454,Turbine,Turbine,"[""Turbine"", ""Alaris"", ""Alcatras"", ""Vega"", ""Braga""]","[0.7870916128158569, 0.5391625761985779, 0.5249623656272888, 0.5102256536483765, 0.5101304054260254]"
1,centroid,1,455,Turbine,Turbine,"[""Turbine"", ""Vega"", ""Braga"", ""Hawk"", ""Gemini""]","[0.7087138891220093, 0.5748401880264282, 0.5518128871917725, 0.5142433643341064, 0.44980794191360474]"
1,centroid,1,456,Turbine,Turbine,"[""Turbine"", ""Vega"", ""Hawk"", ""Braga"", ""Alaris""]","[0.8493941426277161, 0.5703923106193542, 0.562196671962738, 0.4291532337665558, 0.34273776412010193]"
1,centroid,1,457,Turbine,Turbine,"[""Turbine"", ""Hawk"", ""Alcatras"", ""Vega"", ""Castor""]","[0.9048691391944885, 0.6471774578094482, 0.5285610556602478, 0.5161306262016296, 0.4917764365673065]"
1,centroid,1,458,Turbine,Turbine,"[""Turbine"", ""Hawk"", ""Vega"", ""Castor"", ""Alcatras""]","[0.906295120716095, 0.6330345869064331, 0.49259090423583984, 0.47239434719085693, 0.4621930718421936]"
1,centroid,1,459,Turbine,Turbine,"[""Turbine"", ""Vega"", ""Braga"", ""Hawk"", ""Alaris""]","[0.819161593914032, 0.6807301044464111, 0.6672539710998535, 0.6421480178833008, 0.4623093605041504]"
1,centroid,1,460,Turbine,Turbine,"[""Turbine"", ""Triton"", ""Alcatras"", ""Braga"", ""Castor""]","[0.6758749485015869, 0.5823413133621216, 0.4941248595714569, 0.4914059638977051, 0.4219585955142975]"
1,centroid,1,461,Turbine,Turbine,"[""Turbine"", ""Hawk"", ""Vega"", ""Braga"", ""Alaris""]","[0.8784075975418091, 0.7037485837936401, 0.5905357599258423, 0.5668854713439941, 0.45120084285736084]"
1,centroid,1,462,Turbine,Turbine,"[""Turbine"", ""Castor"", ""Triton"", ""Braga"", ""Alcatras""]","[0.743130087852478, 0.6875676512718201, 0.6459455490112305, 0.6272847652435303, 0.6173455715179443]"
1,centroid,1,463,Turbine,Turbine,"[""Turbine"", ""Hawk"", ""Mytikas"", ""Braga"", ""Triton""]","[0.6123453378677368, 0.5317063927650452, 0.36456388235092163, 0.23804499208927155, 0.1714576780796051]"
1,centroid,1,464,Turbine,Turbine,"[""Turbine"", ""Braga"", ""Castor"", ""Hawk"", ""Alaris""]","[0.8821341395378113, 0.5639330148696899, 0.5494129657745361, 0.437538206577301, 0.35190513730049133]"
1,centroid,1,465,Turbine,Turbine,"[""Turbine"", ""Hawk"", ""Alcatras"", ""Castor"", ""Alaris""]","[0.9042885303497314, 0.6508872509002686, 0.5063101053237915, 0.46675077080726624, 0.3987009525299072]"
1,centroid,1,466,Turbine,Turbine,"[""Turbine"", ""Hawk"", ""Vega"", ""Braga"", ""Castor""]","[0.8939361572265625, 0.5141997337341309, 0.49548983573913574, 0.37279051542282104, 0.3722758889198303]"
1,centroid,1,467,Turbine,Hawk,"[""Hawk"", ""Turbine"", ""Vega"", ""Braga"", ""Alaris""]","[0.7824058532714844, 0.780824601650238, 0.645950436592102, 0.4415903091430664, 0.36587202548980713]"
1,centroid,1,468,Turbine,Turbine,"[""Turbine"", ""Castor"", ""Alcatras"", ""Hawk"", ""Braga""]","[0.8380656838417053, 0.5659507513046265, 0.555466890335083, 0.5053451657295227, 0.49450746178627014]"
1,centroid,1,469,Turbine,Trius,"[""Trius"", ""Braga"", ""Turbine"", ""Castor"", ""Mytikas""]","[0.5467817187309265, 0.5335472226142883, 0.5086656808853149, 0.4399222135543823, 0.42723315954208374]"
1,centroid,1,470,Turbine,Turbine,"[""Turbine"", ""Hawk"", ""Castor"", ""Braga"", ""Alaris""]","[0.9633389711380005, 0.4920526444911957, 0.38916105031967163, 0.3680703639984131, 0.3365316092967987]"
1,centroid,1,471,Turbine,Turbine,"[""Turbine"", ""Braga"", ""Castor"", ""Triton"", ""Hawk""]","[0.8263496160507202, 0.44805026054382324, 0.40990951657295227, 0.39113420248031616, 0.38184258341789246]"
1,centroid,1,472,Turbine,Turbine,"[""Turbine"", ""Braga"", ""Hawk"", ""Castor"", ""Trius""]","[0.7271296381950378, 0.5691227316856384, 0.5437335968017578, 0.513138473033905, 0.4277208149433136]"
1,centroid,1,473,Turbine,Turbine,"[""Turbine"", ""Alaris"", ""Vega"", ""Alcatras"", ""Braga""]","[0.7432985305786133, 0.567432165145874, 0.5637599229812622, 0.5486180782318115, 0.5163325071334839]"
1,centroid,1,474,Turbine,Turbine,"[""Turbine"", ""Braga"", ""Castor"", ""Hawk"", ""Alaris""]","[0.8449772596359253, 0.6223268508911133, 0.5510202646255493, 0.4586026668548584, 0.4314822554588318]"
1,centroid,1,475,Turbine,Turbine,"[""Turbine"", ""Hawk"", ""Castor"", ""Alcatras"", ""Mytikas""]","[0.812462568283081, 0.6359676122665405, 0.5280067920684814, 0.46743708848953247, 0.4532860517501831]"
1,centroid,1,476,Turbine,Turbine,"[""Turbine"", ""Castor"", ""Braga"", ""Alcatras"", ""Alaris""]","[0.8611376881599426, 0.6181358098983765, 0.5285161137580872, 0.5092387199401855, 0.4352242648601532]"
1,centroid,1,477,Turbine,Turbine,"[""Turbine"", ""Castor"", ""Alcatras"", ""Braga"", ""Alaris""]","[0.9027753472328186, 0.5551552772521973, 0.4373204708099365, 0.3804806172847748, 0.3528475761413574]"
1,centroid,1,478,Turbine,Turbine,"[""Turbine"", ""Hawk"", ""Vega"", ""Alcatras"", ""Alaris""]","[0.6896653175354004, 0.6619093418121338, 0.49647825956344604, 0.3166612386703491, 0.3074936866760254]"
1,centroid,1,479,Turbine,Turbine,"[""Turbine"", ""Hawk"", ""Vega"", ""Alcatras"", ""Alaris""]","[0.8557741641998291, 0.6171875596046448, 0.5297720432281494, 0.43348923325538635, 0.41690969467163086]"
1,centroid,1,480,Vega,Vega,"[""Vega"", ""Hawk"", ""Alaris"", ""Braga"", ""Alcatras""]","[0.9445644617080688, 0.6826043725013733, 0.6645020246505737, 0.5150104761123657, 0.468488872051239]"
1,centroid,1,481,Vega,Vega,"[""Vega"", ""Turbine"", ""Hawk"", ""Braga"", ""Alaris""]","[0.9103068113327026, 0.44435083866119385, 0.4437171220779419, 0.39313820004463196, 0.3279420733451843]"
1,centroid,1,482,Vega,Vega,"[""Vega"", ""Gemini"", ""Hawk"", ""Alaris"", ""Trius""]","[0.9270430207252502, 0.47214752435684204, 0.37174490094184875, 0.3347073793411255, 0.3116295039653778]"
1,centroid,1,483,Vega,Vega,"[""Vega"", ""Alaris"", ""Turbine"", ""Alcatras"", ""Hawk""]","[0.7695832252502441, 0.573380708694458, 0.4213603138923645, 0.4137367308139801, 0.41202837228775024]"
1,centroid,1,484,Vega,Vega,"[""Vega"", ""Turbine"", ""Gemini"", ""Braga"", ""Hawk""]","[0.7732629179954529, 0.4117695689201355, 0.3888109028339386, 0.3214738965034485, 0.32086238265037537]"
1,centroid,1,485,Vega,Vega,"[""Vega"", ""Alaris"", ""Hawk"", ""Braga"", ""Alcatras""]","[0.9062368869781494, 0.6261826753616333, 0.5913951992988586, 0.5651569366455078, 0.5508339405059814]"
1,centroid,1,486,Vega,Vega,"[""Vega"", ""Trius"", ""Triton"", ""Braga"", ""Alaris""]","[0.8648738265037537, 0.5193559527397156, 0.4798000454902649, 0.43733125925064087, 0.42677390575408936]"
1,centroid,1,487,Vega,Vega,"[""Vega"", ""Hawk"", ""Gemini"", ""Turbine"", ""Braga""]","[0.8699591159820557, 0.6115635633468628, 0.38924670219421387, 0.35058316588401794, 0.3197457492351532]"
1,centroid,1,488,Vega,Vega,"[""Vega"", ""Gemini"", ""Braga"", ""Hawk"", ""Alaris""]","[0.8296657800674438, 0.6184136271476746, 0.4077613055706024, 0.40711113810539246, 0.3889636993408203]"
1,centroid,1,489,Vega,Vega,"[""Vega"", ""Gemini"", ""Trius"", ""Hawk"", ""Braga""]","[0.9061015844345093, 0.6307685375213623, 0.5126467347145081, 0.4694196581840515, 0.43224936723709106]"
1,centroid,1,490,Vega,Vega,"[""Vega"", ""Hawk"", ""Gemini"", ""Braga"", ""Turbine""]","[0.8895751237869263, 0.48522505164146423, 0.4289938807487488, 0.3130895495414734, 0.2866556942462921]"
1,centroid,1,491,Vega,Vega,"[""Vega"", ""Hawk"", ""Braga"", ""Alaris"", ""Gemini""]","[0.9500398635864258, 0.5339599847793579, 0.4465738832950592, 0.406132310628891, 0.38362398743629456]"
1,centroid,1,492,Vega,Mytikas,"[""Mytikas"", ""Trius"", ""Triton"", ""Alcatras"", ""Alaris""]","[0.719261109828949, 0.6007795333862305, 0.5003609657287598, 0.4222497344017029, 0.3623231053352356]"
1,centroid,1,493,Vega,Vega,"[""Vega"", ""Hawk"", ""Braga"", ""Alaris"", ""Trius""]","[0.941901683807373, 0.5790027976036072, 0.5142141580581665, 0.49132710695266724, 0.457025945186615]"
1,centroid,1,494,Vega,Vega,"[""Vega"", ""Turbine"", ""Hawk"", ""Alcatras"", ""Braga""]","[0.7863296270370483, 0.5455068349838257, 0.5007548928260803, 0.32169193029403687, 0.31010815501213074]"
1,centroid,1,495,Vega,Vega,"[""Vega"", ""Gemini"", ""Hawk"", ""Alaris"", ""Braga""]","[0.9116660356521606, 0.595558762550354, 0.45374828577041626, 0.4422008693218231, 0.42953670024871826]"
1,centroid,1,496,Vega,Vega,"[""Vega"", ""Turbine"", ""Hawk"", ""Alaris"", ""Alcatras""]","[0.777621865272522, 0.6798359155654907, 0.6551352739334106, 0.6127399802207947, 0.5620803833007812]"
1,centroid,1,497,Vega,Vega,"[""Vega"", ""Gemini"", ""Braga"", ""Alaris"", ""Trius""]","[0.7441004514694214, 0.6346648931503296, 0.38199520111083984, 0.34723132848739624, 0.2984622120857239]"
1,centroid,1,498,Vega,Vega,"[""Vega"", ""Braga"", ""Gemini"", ""Trius"", ""Triton""]","[0.7926081418991089, 0.610490083694458, 0.4848496913909912, 0.45732247829437256, 0.4251079857349396]"
1,centroid,1,499,Vega,Vega,"[""Vega"", ""Turbine"", ""Triton"", ""Mytikas"", ""Hawk""]","[0.666128396987915, 0.5708898305892944, 0.41168391704559326, 0.4018285870552063, 0.3875134587287903]"
1,centroid,1,500,Vega,Vega,"[""Vega"", ""Gemini"", ""Braga"", ""Alaris"", ""Hawk""]","[0.925360918045044, 0.6463946104049683, 0.6167032718658447, 0.5286703705787659, 0.5183773636817932]"
1,centroid,1,501,Vega,Vega,"[""Vega"", ""Hawk"", ""Alaris"", ""Braga"", ""Turbine""]","[0.8169972896575928, 0.6449337005615234, 0.6097156405448914, 0.6016455888748169, 0.5795907378196716]"
1,centroid,1,502,Vega,Vega,"[""Vega"", ""Hawk"", ""Gemini"", ""Braga"", ""Alaris""]","[0.919837474822998, 0.5389587879180908, 0.40351390838623047, 0.36620283126831055, 0.3311079144477844]"
1,centroid,1,503,Vega,Vega,"[""Vega"", ""Gemini"", ""Hawk"", ""Braga"", ""Turbine""]","[0.8321223258972168, 0.7199399471282959, 0.4729463458061218, 0.39333292841911316, 0.3061860501766205]"
1,centroid,1,504,Vega,Vega,"[""Vega"", ""Hawk"", ""Gemini"", ""Braga"", ""Turbine""]","[0.8394210338592529, 0.511019229888916, 0.3257419168949127, 0.3200451731681824, 0.26412367820739746]"
1,centroid,1,505,Vega,Vega,"[""Vega"", ""Alaris"", ""Hawk"", ""Braga"", ""Turbine""]","[0.8907384276390076, 0.6283779740333557, 0.6202529668807983, 0.5947656631469727, 0.5337942838668823]"
1,centroid,1,506,Vega,Vega,"[""Vega"", ""Gemini"", ""Braga"", ""Alaris"", ""Hawk""]","[0.9234086871147156, 0.655579686164856, 0.5059995651245117, 0.47929853200912476, 0.4604749083518982]"
1,centroid,1,507,Vega,Vega,"[""Vega"", ""Hawk"", ""Alaris"", ""Braga"", ""Alcatras""]","[0.8929219245910645, 0.6257712244987488, 0.592003345489502, 0.4686700701713562, 0.4612293839454651]"
1,centroid,1,508,Vega,Vega,"[""Vega"", ""Alaris"", ""Turbine"", ""Hawk"", ""Trius""]","[0.6988186836242676, 0.4581899046897888, 0.44449955224990845, 0.3937862515449524, 0.33637747168540955]"
1,centroid,1,509,Vega,Vega,"[""Vega"", ""Alaris"", ""Trius"", ""Hawk"", ""Braga""]","[0.8839237689971924, 0.6100795269012451, 0.5324471592903137, 0.4468095898628235, 0.4220365285873413]"
1,centroid,1,510,Vega,Vega,"[""Vega"", ""Trius"", ""Gemini"", ""Alaris"", ""Hawk""]","[0.8353062868118286, 0.5219719409942627, 0.48271051049232483, 0.39245888590812683, 0.3252938389778137]"
1,centroid,1,511,Vega,Vega,"[""Vega"", ""Alaris"", ""Hawk"", ""Turbine"", ""Alcatras""]","[0.8756921291351318, 0.5467123985290527, 0.5096235275268555, 0.47173792123794556, 0.346433162689209]"
1,centroid,1,512,Vega,Vega,"[""Vega"", ""Hawk"", ""Alaris"", ""Braga"", ""Trius""]","[0.9374914169311523, 0.602016806602478, 0.5851849913597107, 0.47653526067733765, 0.42699259519577026]"
1,centroid,1,513,Vega,Vega,"[""Vega"", ""Gemini"", ""Alaris"", ""Hawk"", ""Trius""]","[0.9645602107048035, 0.5233749151229858, 0.5203535556793213, 0.4973583519458771, 0.44933679699897766]"
1,centroid,1,514,Vega,Vega,"[""Vega"", ""Hawk"", ""Gemini"", ""Braga"", ""Alaris""]","[0.872156023979187, 0.7267212867736816, 0.5209326148033142, 0.40833497047424316, 0.3329329490661621]"
1,centroid,1,515,Velorum,Velorum,"[""Velorum"", ""Ilias"", ""Trius"", ""Triton"", ""Ratikon""]","[0.8250108957290649, 0.5531277656555176, 0.3268728256225586, 0.266276478767395, 0.23020601272583008]"
1,centroid,1,516,Velorum,Velorum,"[""Velorum"", ""Triton"", ""Mytikas"", ""Castor"", ""Nivalis""]","[0.8205248117446899, 0.2676648199558258, 0.14050740003585815, 0.13047519326210022, 0.09461413323879242]"
1,centroid,1,517,Velorum,Velorum,"[""Velorum"", ""Denom"", ""Ratikon"", ""Nivalis"", ""Ilias""]","[0.7732319831848145, 0.6312979459762573, 0.5365644097328186, 0.4235207736492157, 0.418779194355011]"
1,centroid,1,518,Velorum,Velorum,"[""Velorum"", ""Mytikas"", ""Alcatras"", ""Ilias"", ""Triton""]","[0.8445006608963013, 0.20000126957893372, 0.1937071979045868, 0.16586700081825256, 0.13513852655887604]"
1,centroid,1,519,Velorum,Velorum,"[""Velorum"", ""Nivalis"", ""Denom"", ""Ilias"", ""Xtreme""]","[0.7155939936637878, 0.33644020557403564, 0.22440212965011597, 0.13567222654819489, 0.07136020809412003]"
1,centroid,1,520,Velorum,Velorum,"[""Velorum"", ""Alcatras"", ""Nivalis"", ""Castor"", ""Mytikas""]","[0.880864143371582, 0.06343936920166016, 0.053514279425144196, 0.029446199536323547, 0.015030842274427414]"
1,centroid,1,521,Velorum,Velorum,"[""Velorum"", ""Ratikon"", ""Denom"", ""Nivalis"", ""Ilias""]","[0.7951009273529053, 0.42809706926345825, 0.4138997793197632, 0.40794381499290466, 0.3616061210632324]"
1,centroid,1,522,Velorum,Velorum,"[""Velorum"", ""Trius"", ""Alcatras"", ""Alaris"", ""Hawk""]","[0.8757104277610779, 0.3060743808746338, 0.17907489836215973, 0.11525578796863556, 0.11425696313381195]"
1,centroid,1,523,Velorum,Velorum,"[""Velorum"", ""Triton"", ""Nivalis"", ""Mytikas"", ""Ilias""]","[0.8710803389549255, 0.2869807779788971, 0.18554827570915222, 0.1751326620578766, 0.15769262611865997]"
1,centroid,1,524,Velorum,Velorum,"[""Velorum"", ""Trius"", ""Alaris"", ""Alcatras"", ""Ilias""]","[0.7913520336151123, 0.3755245506763458, 0.3442665636539459, 0.271476686000824, 0.12413845211267471]"
1,centroid,1,525,Velorum,Velorum,"[""Velorum"", ""Denom"", ""Ilias"", ""Nivalis"", ""Ratikon""]","[0.8054952621459961, 0.3842613995075226, 0.24429374933242798, 0.22291487455368042, 0.14330658316612244]"
1,centroid,1,526,Velorum,Velorum,"[""Velorum"", ""Trius"", ""Castor"", ""Alcatras"", ""Triton""]","[0.8502899408340454, 0.24282711744308472, 0.2059405893087387, 0.16481396555900574, 0.157803475856781]"
1,centroid,1,527,Velorum,Velorum,"[""Velorum"", ""Ilias"", ""Nivalis"", ""Ratikon"", ""Denom""]","[0.8843338489532471, 0.3357026278972626, 0.2526060938835144, 0.20854631066322327, 0.12319834530353546]"
1,centroid,1,528,Velorum,Velorum,"[""Velorum"", ""Ilias"", ""Trius"", ""Ratikon"", ""Triton""]","[0.8835357427597046, 0.39487311244010925, 0.30198004841804504, 0.2861321270465851, 0.2430092841386795]"
1,centroid,1,529,Velorum,Velorum,"[""Velorum"", ""Trius"", ""Ilias"", ""Nivalis"", ""Denom""]","[0.8961805105209351, 0.37887072563171387, 0.2111399620771408, 0.14452695846557617, 0.10519281774759293]"
1,centroid,1,530,Velorum,Velorum,"[""Velorum"", ""Trius"", ""Mytikas"", ""Triton"", ""Castor""]","[0.8755003213882446, 0.23186516761779785, 0.15754002332687378, 0.14719854295253754, 0.09862078726291656]"
1,centroid,1,531,Velorum,Velorum,"[""Velorum"", ""Nivalis"", ""Alcatras"", ""Castor"", ""Mytikas""]","[0.7536687850952148, 0.2455926537513733, 0.1346207708120346, 0.09368135035037994, 0.01074231043457985]"
1,centroid,1,532,Velorum,Velorum,"[""Velorum"", ""Nivalis"", ""Denom"", ""Trius"", ""Alcatras""]","[0.8379517793655396, 0.3531446158885956, 0.14342638850212097, 0.0997697040438652, 0.05940800905227661]"
1,centroid,1,533,Velorum,Velorum,"[""Velorum"", ""Nivalis"", ""Ilias"", ""Ratikon"", ""Denom""]","[0.8703781962394714, 0.4273427128791809, 0.2777280807495117, 0.2638843059539795, 0.2245148867368698]"
1,centroid,1,534,Velorum,Velorum,"[""Velorum"", ""Nivalis"", ""Ilias"", ""Ratikon"", ""Denom""]","[0.7954020500183105, 0.3988545536994934, 0.14986510574817657, 0.14704640209674835, 0.10342611372470856]"
1,centroid,1,535,Velorum,Velorum,"[""Velorum"", ""Mytikas"", ""Triton"", ""Ilias"", ""Trius""]","[0.7355924844741821, 0.43127360939979553, 0.41982701420783997, 0.3633878827095032, 0.2352626919746399]"
1,centroid,1,536,Velorum,Velorum,"[""Velorum"", ""Turbine"", ""Alcatras"", ""Alaris"", ""Hawk""]","[0.6752991676330566, 0.27516359090805054, 0.16500142216682434, 0.15355560183525085, 0.1111985594034195]"
1,centroid,1,537,Velorum,Velorum,"[""Velorum"", ""Nivalis"", ""Denom"", ""Ilias"", ""Ratikon""]","[0.7294411659240723, 0.47599127888679504, 0.3834396004676819, 0.2002921998500824, 0.19946414232254028]"
1,centroid,1,538,Velorum,Velorum,"[""Velorum"", ""Nivalis"", ""Ilias"", ""Denom"", ""Trius""]","[0.9071917533874512, 0.32943999767303467, 0.31247249245643616, 0.2329172044992447, 0.1429729461669922]"
1,centroid,1,539,Velorum,Velorum,"[""Velorum"", ""Denom"", ""Nivalis"", ""Steel_Wheel"", ""Ilias""]","[0.8226162791252136, 0.20154449343681335, 0.14577330648899078, 0.019736461341381073, 0.0010573584586381912]"
1,centroid,1,540,Velorum,Velorum,"[""Velorum"", ""Ilias"", ""Triton"", ""Trius"", ""Nivalis""]","[0.8880499005317688, 0.27899402379989624, 0.1768176555633545, 0.11415141075849533, 0.0905115157365799]"
1,centroid,1,541,Velorum,Velorum,"[""Velorum"", ""Ratikon"", ""Denom"", ""Ilias"", ""Trius""]","[0.7286861538887024, 0.31147345900535583, 0.3055127263069153, 0.288377046585083, 0.2608731985092163]"
1,centroid,1,542,Velorum,Velorum,"[""Velorum"", ""Denom"", ""Ilias"", ""Ratikon"", ""Trius""]","[0.44599923491477966, 0.4394955337047577, 0.37688514590263367, 0.3479553461074829, 0.13157926499843597]"
1,centroid,1,543,Velorum,Velorum,"[""Velorum"", ""Nivalis"", ""Denom"", ""Ratikon"", ""Ilias""]","[0.8094131946563721, 0.5088093280792236, 0.44589710235595703, 0.24269671738147736, 0.1900934875011444]"
1,centroid,1,544,Velorum,Velorum,"[""Velorum"", ""Trius"", ""Ilias"", ""Triton"", ""Denom""]","[0.9364315271377563, 0.262342631816864, 0.15793302655220032, 0.15755508840084076, 0.12572215497493744]"
1,centroid,1,545,Velorum,Velorum,"[""Velorum"", ""Nivalis"", ""Denom"", ""Ilias"", ""Ratikon""]","[0.8498849272727966, 0.4493311941623688, 0.3378676772117615, 0.326415091753006, 0.20318275690078735]"
1,centroid,1,546,Velorum,Velorum,"[""Velorum"", ""Nivalis"", ""Denom"", ""Ratikon"", ""Ilias""]","[0.819491982460022, 0.4570048153400421, 0.15767377614974976, 0.11127413809299469, 0.041559651494026184]"
1,centroid,1,547,Velorum,Velorum,"[""Velorum"", ""Ilias"", ""Denom"", ""Nivalis"", ""Ratikon""]","[0.6819336414337158, 0.570939838886261, 0.5645732879638672, 0.40968963503837585, 0.39403191208839417]"
1,centroid,1,548,Velorum,Velorum,"[""Velorum"", ""Nivalis"", ""Denom"", ""Ilias"", ""Ratikon""]","[0.6931939721107483, 0.5353130102157593, 0.3191680312156677, 0.13725897669792175, 0.07943777740001678]"
1,centroid,1,549,Velorum,Velorum,"[""Velorum"", ""Alcatras"", ""Ilias"", ""Nivalis"", ""Trius""]","[0.934718906879425, 0.16902080178260803, 0.14384326338768005, 0.1320006251335144, 0.10634532570838928]"
1,centroid,1,550,Velorum,Velorum,"[""Velorum"", ""Alcatras"", ""Hawk"", ""Castor"", ""Nivalis""]","[0.8477523326873779, 0.20685750246047974, 0.1395062506198883, 0.10863945633172989, 0.10674306005239487]"
1,centroid,1,551,Velorum,Velorum,"[""Velorum"", ""Ilias"", ""Nivalis"", ""Ratikon"", ""Hawk""]","[0.921521782875061, 0.18271443247795105, 0.1700775921344757, -0.011089526116847992, -0.03284662961959839]"
1,centroid,1,552,Velorum,Velorum,"[""Velorum"", ""Nivalis"", ""Ilias"", ""Denom"", ""Ratikon""]","[0.8633956909179688, 0.3614450693130493, 0.2656480371952057, 0.24220532178878784, 0.10648538172245026]"
1,centroid,1,553,Velorum,Velorum,"[""Velorum"", ""Triton"", ""Alcatras"", ""Castor"", ""Mytikas""]","[0.8167150616645813, 0.4054643511772156, 0.32514381408691406, 0.2854813039302826, 0.21021749079227448]"
1,centroid,1,554,Velorum,Velorum,"[""Velorum"", ""Ilias"", ""Triton"", ""Trius"", ""Denom""]","[0.8191571235656738, 0.3688312768936157, 0.26862671971321106, 0.2638795077800751, 0.25550782680511475]"
1,centroid,1,555,Velorum,Velorum,"[""Velorum"", ""Alcatras"", ""Castor"", ""Trius"", ""Alaris""]","[0.7906104326248169, 0.39521121978759766, 0.30609866976737976, 0.3057941198348999, 0.2810966968536377]"
1,centroid,1,556,Velorum,Velorum,"[""Velorum"", ""Ilias"", ""Alcatras"", ""Ratikon"", ""Alaris""]","[0.9035654067993164, 0.25113052129745483, 0.19495880603790283, 0.15835537016391754, 0.12351768463850021]"
1,centroid,1,557,Velorum,Velorum,"[""Velorum"", ""Nivalis"", ""Castor"", ""Mytikas"", ""Triton""]","[0.7554631233215332, 0.1897510439157486, 0.17125612497329712, 0.14677372574806213, 0.11931917071342468]"
1,centroid,1,558,Velorum,Velorum,"[""Velorum"", ""Denom"", ""Ilias"", ""Ratikon"", ""Trius""]","[0.7046694755554199, 0.37774768471717834, 0.3224793076515198, 0.2427736520767212, 0.2183862179517746]"
1,centroid,1,559,Velorum,Velorum,"[""Velorum"", ""Nivalis"", ""Ilias"", ""Mytikas"", ""Triton""]","[0.8881444931030273, 0.1729409396648407, 0.13183976709842682, -0.0064381323754787445, -0.030021563172340393]"
1,centroid,1,560,Velorum,Velorum,"[""Velorum"", ""Trius"", ""Triton"", ""Mytikas"", ""Alcatras""]","[0.7831839919090271, 0.4569184184074402, 0.3710828423500061, 0.3422269821166992, 0.3384696841239929]"
1,centroid,1,561,Velorum,Velorum,"[""Velorum"", ""Trius"", ""Ilias"", ""Alcatras"", ""Mytikas""]","[0.8306095004081726, 0.25447729229927063, 0.218298077583313, 0.18646001815795898, 0.1571749597787857]"
1,centroid,1,562,Velorum,Velorum,"[""Velorum"", ""Denom"", ""Ilias"", ""Nivalis"", ""Ratikon""]","[0.8467257022857666, 0.3682270646095276, 0.27941417694091797, 0.20285487174987793, 0.20284400880336761]"
1,centroid,1,563,Velorum,Velorum,"[""Velorum"", ""Ratikon"", ""Trius"", ""Triton"", ""Ilias""]","[0.8582667708396912, 0.278499960899353, 0.23254874348640442, 0.2308902144432068, 0.1807577759027481]"
1,centroid,1,564,Velorum,Velorum,"[""Velorum"", ""Nivalis"", ""Ilias"", ""Denom"", ""Steel_Wheel""]","[0.8560428619384766, 0.2599468231201172, 0.16005662083625793, 0.12515850365161896, 0.0018045082688331604]"
1,centroid,1,565,Velorum,Velorum,"[""Velorum"", ""Trius"", ""Triton"", ""Ilias"", ""Mytikas""]","[0.8907922506332397, 0.2774161398410797, 0.26289862394332886, 0.18120166659355164, 0.12505634129047394]"
1,centroid,1,566,Velorum,Velorum,"[""Velorum"", ""Nivalis"", ""Denom"", ""Steel_Wheel"", ""Alcatras""]","[0.7393655776977539, 0.3894224762916565, 0.1515609323978424, 0.09122378379106522, -0.009713545441627502]"
1,centroid,1,567,Velorum,Velorum,"[""Velorum"", ""Trius"", ""Alaris"", ""Alcatras"", ""Ilias""]","[0.7913520336151123, 0.3755245506763458, 0.3442665636539459, 0.271476686000824, 0.12413845211267471]"
1,centroid,1,568,Velorum,Velorum,"[""Velorum"", ""Ilias"", ""Castor"", ""Denom"", ""Ratikon""]","[0.9235853552818298, 0.09734037518501282, 0.05444696545600891, 0.05206288397312164, 0.04342774301767349]"
1,centroid,1,569,Velorum,Velorum,"[""Velorum"", ""Trius"", ""Denom"", ""Ilias"", ""Nivalis""]","[0.8023231625556946, 0.17927120625972748, 0.14739643037319183, 0.05021943897008896, 0.04753483086824417]"
1,centroid,1,570,Velorum,Velorum,"[""Velorum"", ""Ilias"", ""Denom"", ""Nivalis"", ""Ratikon""]","[0.7926486134529114, 0.6205218434333801, 0.5752003192901611, 0.5728646516799927, 0.5673940181732178]"
1,centroid,1,571,Velorum,Velorum,"[""Velorum"", ""Nivalis"", ""Hawk"", ""Turbine"", ""Castor""]","[0.845429539680481, 0.07790977507829666, 0.055334098637104034, 0.018937133252620697, 0.008445214480161667]"
1,centroid,1,572,Velorum,Velorum,"[""Velorum"", ""Triton"", ""Nivalis"", ""Mytikas"", ""Trius""]","[0.8325349688529968, 0.2903805673122406, 0.2899717092514038, 0.2456730157136917, 0.16609525680541992]"
1,centroid,1,573,Velorum,Castor,"[""Castor"", ""Velorum"", ""Alcatras"", ""Mytikas"", ""Trius""]","[0.608191192150116, 0.49883556365966797, 0.3989764153957367, 0.34587913751602173, 0.274192750453949]"
1,centroid,1,574,Xtreme,Xtreme,"[""Xtreme"", ""Gemini"", ""Steel_Wheel"", ""Mytikas"", ""Braga""]","[0.931929349899292, 0.37081122398376465, 0.26217371225357056, -0.026255367323756218, -0.04085685312747955]"
1,centroid,1,575,Xtreme,Xtreme,"[""Xtreme"", ""Gemini"", ""Braga"", ""Denom"", ""Steel_Wheel""]","[0.9541059732437134, 0.6239317655563354, 0.046816930174827576, 0.04339185357093811, 0.024624139070510864]"
1,centroid,1,576,Xtreme,Xtreme,"[""Xtreme"", ""Gemini"", ""Hawk"", ""Braga"", ""Steel_Wheel""]","[0.846005916595459, 0.5089019536972046, 0.22105804085731506, 0.1821625977754593, 0.1264873743057251]"
1,centroid,1,577,Xtreme,Xtreme,"[""Xtreme"", ""Braga"", ""Gemini"", ""Castor"", ""Mytikas""]","[0.7212916612625122, 0.4794226884841919, 0.39109236001968384, 0.36959829926490784, 0.35041308403015137]"
1,centroid,1,578,Xtreme,Xtreme,"[""Xtreme"", ""Gemini"", ""Steel_Wheel"", ""Denom"", ""Ilias""]","[0.9366514086723328, 0.4543161392211914, 0.16177348792552948, 0.06453736871480942, -0.04600989818572998]"
1,centroid,1,579,Xtreme,Xtreme,"[""Xtreme"", ""Gemini"", ""Braga"", ""Steel_Wheel"", ""Alcatras""]","[0.9379698038101196, 0.4930458664894104, 0.09249451756477356, 0.08770566433668137, -0.010766502469778061]"
1,centroid,1,580,Xtreme,Xtreme,"[""Xtreme"", ""Gemini"", ""Triton"", ""Braga"", ""Mytikas""]","[0.8892694711685181, 0.5776857137680054, 0.22638052701950073, 0.2200724482536316, 0.20602156221866608]"
1,centroid,1,581,Xtreme,Xtreme,"[""Xtreme"", ""Gemini"", ""Steel_Wheel"", ""Ilias"", ""Vega""]","[0.9382863640785217, 0.6229224801063538, 0.0971173644065857, 0.048709362745285034, -0.011598982848227024]"
1,centroid,1,582,Xtreme,Xtreme,"[""Xtreme"", ""Gemini"", ""Ilias"", ""Steel_Wheel"", ""Nivalis""]","[0.8115499019622803, 0.36342060565948486, 0.15954868495464325, 0.06450556963682175, 0.058415431529283524]"
1,centroid,1,583,Xtreme,Xtreme,"[""Xtreme"", ""Gemini"", ""Steel_Wheel"", ""Braga"", ""Nivalis""]","[0.8608894944190979, 0.38685908913612366, 0.0942263975739479, 0.03220114856958389, -0.024683753028512]"
1,centroid,1,584,Xtreme,Xtreme,"[""Xtreme"", ""Gemini"", ""Braga"", ""Trius"", ""Steel_Wheel""]","[0.9192969799041748, 0.6052670478820801, 0.13912704586982727, 0.10093314945697784, 0.07464049011468887]"
1,centroid,1,585,Xtreme,Xtreme,"[""Xtreme"", ""Gemini"", ""Steel_Wheel"", ""Braga"", ""Vega""]","[0.9285478591918945, 0.6193262338638306, 0.07790936529636383, 0.05454004555940628, -0.0004952410236001015]"
1,centroid,1,586,Xtreme,Gemini,"[""Gemini"", ""Xtreme"", ""Trius"", ""Braga"", ""Alaris""]","[0.6594021320343018, 0.6541310548782349, 0.49334830045700073, 0.41085124015808105, 0.2990579903125763]"
1,centroid,1,587,Xtreme,Xtreme,"[""Xtreme"", ""Gemini"", ""Mytikas"", ""Steel_Wheel"", ""Braga""]","[0.8617783784866333, 0.29236918687820435, 0.1478540599346161, 0.08990167081356049, 0.021470606327056885]"
1,centroid,1,588,Xtreme,Xtreme,"[""Xtreme"", ""Gemini"", ""Steel_Wheel"", ""Hawk"", ""Braga""]","[0.8934220671653748, 0.5233067274093628, 0.11018957197666168, 0.06867921352386475, 0.0008553303778171539]"
1,centroid,1,589,Xtreme,Xtreme,"[""Xtreme"", ""Gemini"", ""Steel_Wheel"", ""Braga"", ""Mytikas""]","[0.8956330418586731, 0.4191809892654419, 0.13095270097255707, 0.1292617917060852, 0.062342144548892975]"
1,centroid,1,590,Xtreme,Xtreme,"[""Xtreme"", ""Gemini"", ""Braga"", ""Steel_Wheel"", ""Vega""]","[0.9366859197616577, 0.5531542301177979, 0.07796160876750946, 0.056938737630844116, -0.0024650758132338524]"
1,centroid,1,591,Xtreme,Xtreme,"[""Xtreme"", ""Gemini"", ""Steel_Wheel"", ""Nivalis"", ""Denom""]","[0.8968216180801392, 0.36311209201812744, 0.20413488149642944, 0.0001413179561495781, -0.027002517133951187]"
1,centroid,1,592,Xtreme,Xtreme,"[""Xtreme"", ""Gemini"", ""Steel_Wheel"", ""Braga"", ""Mytikas""]","[0.917702853679657, 0.3313663601875305, 0.11838678270578384, 0.00795530155301094, -0.015701783820986748]"
1,centroid,1,593,Xtreme,Xtreme,"[""Xtreme"", ""Gemini"", ""Steel_Wheel"", ""Braga"", ""Denom""]","[0.9595656394958496, 0.5431545972824097, 0.0885440856218338, -0.018720675259828568, -0.06395511329174042]"
1,centroid,1,594,Xtreme,Xtreme,"[""Xtreme"", ""Gemini"", ""Steel_Wheel"", ""Braga"", ""Ilias""]","[0.9464542865753174, 0.4223504960536957, 0.15071779489517212, -0.04084062948822975, -0.04455749690532684]"
1,centroid,1,595,Xtreme,Xtreme,"[""Xtreme"", ""Gemini"", ""Denom"", ""Steel_Wheel"", ""Nivalis""]","[0.9437833428382874, 0.5929485559463501, 0.13583539426326752, 0.12910237908363342, -0.02995869889855385]"
1,centroid,1,596,Xtreme,Xtreme,"[""Xtreme"", ""Gemini"", ""Braga"", ""Steel_Wheel"", ""Mytikas""]","[0.9641540050506592, 0.6174508333206177, 0.11394299566745758, 0.07540249079465866, 0.02539929375052452]"
1,centroid,1,597,Xtreme,Xtreme,"[""Xtreme"", ""Gemini"", ""Steel_Wheel"", ""Denom"", ""Nivalis""]","[0.9492377638816833, 0.5414382219314575, 0.16998054087162018, 0.03343624994158745, -0.0872902199625969]"
1,centroid,1,598,Xtreme,Xtreme,"[""Xtreme"", ""Gemini"", ""Braga"", ""Hawk"", ""Trius""]","[0.8025929927825928, 0.46473604440689087, 0.1343303918838501, 0.053358230739831924, 0.051927268505096436]"
1,centroid,1,599,Xtreme,Xtreme,"[""Xtreme"", ""Gemini"", ""Steel_Wheel"", ""Nivalis"", ""Denom""]","[0.9180998802185059, 0.39677202701568604, 0.24465325474739075, 0.04107777774333954, 0.01387721300125122]"
1,centroid,1,600,Xtreme,Xtreme,"[""Xtreme"", ""Gemini"", ""Steel_Wheel"", ""Braga"", ""Vega""]","[0.9512999653816223, 0.6396076679229736, 0.1175602525472641, 0.07660767436027527, 0.01107749529182911]"
1,centroid,1,601,Xtreme,Xtreme,"[""Xtreme"", ""Gemini"", ""Mytikas"", ""Steel_Wheel"", ""Trius""]","[0.8832985758781433, 0.4711834192276001, 0.17213565111160278, 0.15029989182949066, 0.10341298580169678]"
1,centroid,1,602,Xtreme,Xtreme,"[""Xtreme"", ""Gemini"", ""Steel_Wheel"", ""Braga"", ""Ilias""]","[0.9320793151855469, 0.48217326402664185, 0.052998654544353485, 0.009618032723665237, -0.025739746168255806]"
1,centroid,1,603,Xtreme,Xtreme,"[""Xtreme"", ""Gemini"", ""Steel_Wheel"", ""Denom"", ""Nivalis""]","[0.9408944845199585, 0.37698623538017273, 0.14751079678535461, -0.03346389904618263, -0.08224362134933472]"
1,centroid,1,604,Xtreme,Xtreme,"[""Xtreme"", ""Gemini"", ""Steel_Wheel"", ""Nivalis"", ""Mytikas""]","[0.886422872543335, 0.28793737292289734, 0.28661078214645386, -0.0015657572075724602, -0.010543754324316978]"
1,centroid,1,605,Xtreme,Xtreme,"[""Xtreme"", ""Gemini"", ""Braga"", ""Hawk"", ""Steel_Wheel""]","[0.903786838054657, 0.4726153016090393, 0.21269004046916962, 0.10547588765621185, 0.08862848579883575]"
1,centroid,1,606,Xtreme,Xtreme,"[""Xtreme"", ""Gemini"", ""Steel_Wheel"", ""Alcatras"", ""Hawk""]","[0.8017725944519043, 0.33982324600219727, 0.18474186956882477, 0.0013619735836982727, -0.024144675582647324]"
1,centroid,1,607,Xtreme,Xtreme,"[""Xtreme"", ""Gemini"", ""Steel_Wheel"", ""Ilias"", ""Denom""]","[0.9432170391082764, 0.5146449208259583, 0.15874357521533966, -0.03702365607023239, -0.03899180516600609]"
1,centroid,1,608,Xtreme,Xtreme,"[""Xtreme"", ""Gemini"", ""Mytikas"", ""Steel_Wheel"", ""Ilias""]","[0.8363678455352783, 0.37614119052886963, 0.0707298144698143, 0.06820643693208694, 0.05146314576268196]"
1,centroid,1,609,Xtreme,Xtreme,"[""Xtreme"", ""Gemini"", ""Steel_Wheel"", ""Ilias"", ""Nivalis""]","[0.8398926854133606, 0.2431032955646515, 0.11925318092107773, 0.020948829129338264, -0.03928322717547417]"
1,centroid,1,610,Xtreme,Xtreme,"[""Xtreme"", ""Gemini"", ""Mytikas"", ""Steel_Wheel"", ""Triton""]","[0.8860487937927246, 0.3393588662147522, 0.2541709244251251, 0.14445838332176208, 0.03394695371389389]"
1,centroid,1,611,Xtreme,Xtreme,"[""Xtreme"", ""Gemini"", ""Steel_Wheel"", ""Nivalis"", ""Vega""]","[0.8630183935165405, 0.49467018246650696, 0.12020771205425262, 0.08180618286132812, -0.04709123075008392]"
2,centroid,1,0,Alaris,Alaris,"[""Alaris"", ""Alcatras"", ""Hawk"", ""Vega"", ""Trius""]","[0.8861498832702637, 0.6424729824066162, 0.5273965001106262, 0.4541699290275574, 0.44339504837989807]"
2,centroid,1,1,Alaris,Alaris,"[""Alaris"", ""Alcatras"", ""Trius"", ""Hawk"", ""Turbine""]","[0.9570028781890869, 0.8257694840431213, 0.4607645571231842, 0.39336854219436646, 0.34402191638946533]"
2,centroid,1,2,Alaris,Alaris,"[""Alaris"", ""Alcatras"", ""Turbine"", ""Hawk"", ""Ratikon""]","[0.7128757238388062, 0.5114363431930542, 0.41818565130233765, 0.41336172819137573, 0.3186917304992676]"
2,centroid,1,3,Alaris,Alaris,"[""Alaris"", ""Alcatras"", ""Trius"", ""Hawk"", ""Vega""]","[0.899849534034729, 0.7656431198120117, 0.5271443724632263, 0.48453229665756226, 0.4321170449256897]"
2,centroid,1,4,Alaris,Alaris,"[""Alaris"", ""Vega"", ""Alcatras"", ""Hawk"", ""Turbine""]","[0.8692701458930969, 0.6284039616584778, 0.6016826629638672, 0.4882467985153198, 0.4021473526954651]"
2,centroid,1,5,Alaris,Alaris,"[""Alaris"", ""Alcatras"", ""Trius"", ""Vega"", ""Braga""]","[0.9072915315628052, 0.7000836730003357, 0.6693859696388245, 0.5327414870262146, 0.4985140264034271]"
2,centroid,1,6,Alaris,Alaris,"[""Alaris"", ""Trius"", ""Vega"", ""Braga"", ""Alcatras""]","[0.7739473581314087, 0.5583624839782715, 0.5267547369003296, 0.46545955538749695, 0.4621615409851074]"
2,centroid,1,7,Alaris,Alaris,"[""Alaris"", ""Alcatras"", ""Trius"", ""Vega"", ""Braga""]","[0.8760334253311157, 0.6501824855804443, 0.6275330781936646, 0.5148394107818604, 0.4614591598510742]"
2,centroid,1,8,Alaris,Alaris,"[""Alaris"", ""Alcatras"", ""Vega"", ""Trius"", ""Turbine""]","[0.9331799745559692, 0.6951979398727417, 0.5035150647163391, 0.38719433546066284, 0.3610055446624756]"
2,centroid,1,9,Alaris,Alaris,"[""Alaris"", ""Alcatras"", ""Hawk"", ""Turbine"", ""Braga""]","[0.9106776714324951, 0.7699414491653442, 0.447099894285202, 0.4284393787384033, 0.3475149869918823]"
2,centroid,1,10,Alaris,Alaris,"[""Alaris"", ""Vega"", ""Hawk"", ""Alcatras"", ""Trius""]","[0.6541276574134827, 0.4810512065887451, 0.4306858777999878, 0.41380733251571655, 0.39056113362312317]"
2,centroid,1,11,Alaris,Alaris,"[""Alaris"", ""Alcatras"", ""Hawk"", ""Trius"", ""Vega""]","[0.8903374671936035, 0.781778872013092, 0.4888514280319214, 0.4592456817626953, 0.3624897599220276]"
2,centroid,1,12,Alaris,Alaris,"[""Alaris"", ""Alcatras"", ""Trius"", ""Braga"", ""Vega""]","[0.9198598861694336, 0.8052780628204346, 0.37870705127716064, 0.3150027394294739, 0.27160847187042236]"
2,centroid,1,13,Alaris,Alaris,"[""Alaris"", ""Alcatras"", ""Trius"", ""Hawk"", ""Vega""]","[0.9318225383758545, 0.7435494661331177, 0.4258953928947449, 0.4104155898094177, 0.38062816858291626]"
2,centroid,1,14,Alaris,Alaris,"[""Alaris"", ""Alcatras"", ""Turbine"", ""Hawk"", ""Vega""]","[0.7374204397201538, 0.6616595983505249, 0.4391518831253052, 0.40387648344039917, 0.3890569806098938]"
2,centroid,1,15,Alaris,Alaris,"[""Alaris"", ""Alcatras"", ""Turbine"", ""Vega"", ""Trius""]","[0.8814149498939514, 0.7593846321105957, 0.46498847007751465, 0.35367560386657715, 0.28563958406448364]"
2,centroid,1,16,Alaris,Alaris,"[""Alaris"", ""Alcatras"", ""Vega"", ""Turbine"", ""Hawk""]","[0.917413592338562, 0.7571293115615845, 0.5059387683868408, 0.39620357751846313, 0.3961019217967987]"
2,centroid,1,17,Alaris,Alaris,"[""Alaris"", ""Alcatras"", ""Hawk"", ""Braga"", ""Turbine""]","[0.9030706286430359, 0.830159604549408, 0.45666804909706116, 0.41366177797317505, 0.3386189639568329]"
2,centroid,1,18,Alaris,Alaris,"[""Alaris"", ""Alcatras"", ""Trius"", ""Vega"", ""Hawk""]","[0.8670519590377808, 0.6747992038726807, 0.44847172498703003, 0.44305574893951416, 0.43431058526039124]"
2,centroid,1,19,Alaris,Alaris,"[""Alaris"", ""Alcatras"", ""Turbine"", ""Hawk"", ""Vega""]","[0.8644887208938599, 0.7068581581115723, 0.4713459610939026, 0.4511392116546631, 0.34176501631736755]"
2,centroid,1,20,Alaris,Alcatras,"[""Alcatras"", ""Alaris"", ""Castor"", ""Trius"", ""Mytikas""]","[0.8833056688308716, 0.7862361669540405, 0.6095709800720215, 0.5445746183395386, 0.5028553009033203]"
2,centroid,1,21,Alaris,Alaris,"[""Alaris"", ""Alcatras"", ""Braga"", ""Trius"", ""Vega""]","[0.9173917770385742, 0.8874984979629517, 0.540848433971405, 0.4874281883239746, 0.4765986204147339]"
2,centroid,1,22,Alaris,Alaris,"[""Alaris"", ""Alcatras"", ""Hawk"", ""Turbine"", ""Vega""]","[0.8226505517959595, 0.6495232582092285, 0.6134694218635559, 0.5107786655426025, 0.3773733377456665]"
2,centroid,1,23,Alaris,Alcatras,"[""Alcatras"", ""Alaris"", ""Trius"", ""Mytikas"", ""Braga""]","[0.856787919998169, 0.8345638513565063, 0.615502119064331, 0.46207180619239807, 0.35747230052948]"
2,centroid,1,24,Alaris,Alaris,"[""Alaris"", ""Alcatras"", ""Trius"", ""Turbine"", ""Braga""]","[0.8300578594207764, 0.64356529712677, 0.4139973223209381, 0.360870361328125, 0.2458019256591797]"
2,centroid,1,25,Alaris,Alaris,"[""Alaris"", ""Vega"", ""Turbine"", ""Alcatras"", ""Trius""]","[0.7872642874717712, 0.5767616033554077, 0.5068514943122864, 0.4828292727470398, 0.35681095719337463]"
2,centroid,1,26,Alaris,Alaris,"[""Alaris"", ""Alcatras"", ""Vega"", ""Hawk"", ""Trius""]","[0.934832751750946, 0.6847034692764282, 0.4772961735725403, 0.4622281789779663, 0.4335702359676361]"
2,centroid,1,27,Alaris,Alaris,"[""Alaris"", ""Alcatras"", ""Trius"", ""Turbine"", ""Vega""]","[0.8252121210098267, 0.7303552627563477, 0.5028456449508667, 0.48063594102859497, 0.3817322850227356]"
2,centroid,1,28,Alcatras,Alcatras,"[""Alcatras"", ""Alaris"", ""Castor"", ""Trius"", ""Mytikas""]","[0.8293445110321045, 0.7869424819946289, 0.5406981706619263, 0.4501193165779114, 0.4494350850582123]"
2,centroid,1,29,Alcatras,Alcatras,"[""Alcatras"", ""Alaris"", ""Braga"", ""Trius"", ""Hawk""]","[0.8592345714569092, 0.6259434223175049, 0.5352211594581604, 0.4535676836967468, 0.4399468004703522]"
2,centroid,1,30,Alcatras,Alcatras,"[""Alcatras"", ""Castor"", ""Alaris"", ""Mytikas"", ""Velorum""]","[0.8235424757003784, 0.5398467779159546, 0.5387679934501648, 0.38082578778266907, 0.3049091696739197]"
2,centroid,1,31,Alcatras,Alcatras,"[""Alcatras"", ""Alaris"", ""Braga"", ""Castor"", ""Trius""]","[0.9091319441795349, 0.6640021204948425, 0.5310243964195251, 0.48377156257629395, 0.47038108110427856]"
2,centroid,1,32,Alcatras,Alcatras,"[""Alcatras"", ""Alaris"", ""Hawk"", ""Turbine"", ""Braga""]","[0.8470491766929626, 0.6781818270683289, 0.5418627858161926, 0.4807418882846832, 0.46336349844932556]"
2,centroid,1,33,Alcatras,Castor,"[""Castor"", ""Alcatras"", ""Turbine"", ""Braga"", ""Mytikas""]","[0.8079224824905396, 0.6438767910003662, 0.6011037826538086, 0.5055505633354187, 0.5031971335411072]"
2,centroid,1,34,Alcatras,Alcatras,"[""Alcatras"", ""Mytikas"", ""Castor"", ""Alaris"", ""Triton""]","[0.7621653079986572, 0.6993430852890015, 0.5943663120269775, 0.5776785612106323, 0.5345323085784912]"
2,centroid,1,35,Alcatras,Alcatras,"[""Alcatras"", ""Alaris"", ""Braga"", ""Castor"", ""Hawk""]","[0.8815624117851257, 0.7848606109619141, 0.5719995498657227, 0.47851788997650146, 0.46737784147262573]"
2,centroid,1,36,Alcatras,Alcatras,"[""Alcatras"", ""Alaris"", ""Turbine"", ""Castor"", ""Mytikas""]","[0.7006667852401733, 0.6672766208648682, 0.6161041259765625, 0.5983596444129944, 0.5052587389945984]"
2,centroid,1,37,Alcatras,Alcatras,"[""Alcatras"", ""Alaris"", ""Trius"", ""Braga"", ""Castor""]","[0.8695127964019775, 0.7748739123344421, 0.6080451011657715, 0.49759626388549805, 0.4519416093826294]"
2,centroid,1,38,Alcatras,Alaris,"[""Alaris"", ""Hawk"", ""Alcatras"", ""Gemini"", ""Vega""]","[0.6178104281425476, 0.5580190420150757, 0.48058250546455383, 0.3938201069831848, 0.23408563435077667]"
2,centroid,1,39,Alcatras,Castor,"[""Castor"", ""Mytikas"", ""Alcatras"", ""Triton"", ""Turbine""]","[0.6915565729141235, 0.5684447288513184, 0.5118645429611206, 0.4266522526741028, 0.20497769117355347]"
2,centroid,1,40,Alcatras,Alcatras,"[""Alcatras"", ""Alaris"", ""Castor"", ""Trius"", ""Mytikas""]","[0.918893575668335, 0.6870132684707642, 0.51714026927948, 0.466522216796875, 0.3850412368774414]"
2,centroid,1,41,Alcatras,Alcatras,"[""Alcatras"", ""Alaris"", ""Mytikas"", ""Braga"", ""Castor""]","[0.9013655781745911, 0.7152013778686523, 0.5017982721328735, 0.49923262000083923, 0.47641634941101074]"
2,centroid,1,42,Alcatras,Alcatras,"[""Alcatras"", ""Alaris"", ""Turbine"", ""Braga"", ""Vega""]","[0.7393982410430908, 0.7063934803009033, 0.4783238470554352, 0.30797329545021057, 0.3053002655506134]"
2,centroid,1,43,Alcatras,Alcatras,"[""Alcatras"", ""Castor"", ""Turbine"", ""Mytikas"", ""Alaris""]","[0.7671467661857605, 0.7188042402267456, 0.6643277406692505, 0.561484694480896, 0.5505849123001099]"
2,centroid,1,44,Alcatras,Alcatras,"[""Alcatras"", ""Alaris"", ""Castor"", ""Turbine"", ""Mytikas""]","[0.8284014463424683, 0.6738752126693726, 0.5297834873199463, 0.514487624168396, 0.508766770362854]"
2,centroid,1,45,Alcatras,Alcatras,"[""Alcatras"", ""Mytikas"", ""Alaris"", ""Castor"", ""Braga""]","[0.8646500110626221, 0.6442030668258667, 0.6298980712890625, 0.5617683529853821, 0.5468095541000366]"
2,centroid,1,46,Alcatras,Alcatras,"[""Alcatras"", ""Alaris"", ""Braga"", ""Castor"", ""Trius""]","[0.8640587329864502, 0.6513186097145081, 0.6371375322341919, 0.5774333477020264, 0.5114998817443848]"
2,centroid,1,47,Alcatras,Mytikas,"[""Mytikas"", ""Castor"", ""Alcatras"", ""Triton"", ""Braga""]","[0.79680335521698, 0.7609624266624451, 0.7192661762237549, 0.6819025278091431, 0.6689714193344116]"
2,centroid,1,48,Alcatras,Alcatras,"[""Alcatras"", ""Alaris"", ""Castor"", ""Mytikas"", ""Turbine""]","[0.9448217153549194, 0.722571611404419, 0.6156103610992432, 0.5667924284934998, 0.5186458826065063]"
2,centroid,1,49,Alcatras,Alcatras,"[""Alcatras"", ""Alaris"", ""Vega"", ""Hawk"", ""Velorum""]","[0.6205521821975708, 0.4914340376853943, 0.38827234506607056, 0.30321648716926575, 0.22469696402549744]"
2,centroid,1,50,Alcatras,Alcatras,"[""Alcatras"", ""Alaris"", ""Hawk"", ""Vega"", ""Braga""]","[0.8227162957191467, 0.7831284999847412, 0.41911405324935913, 0.3983881175518036, 0.3910141587257385]"
2,centroid,1,51,Alcatras,Alcatras,"[""Alcatras"", ""Alaris"", ""Castor"", ""Braga"", ""Hawk""]","[0.8974220752716064, 0.7528766989707947, 0.4466720223426819, 0.3995583951473236, 0.36520612239837646]"
2,centroid,1,52,Alcatras,Alcatras,"[""Alcatras"", ""Alaris"", ""Mytikas"", ""Castor"", ""Trius""]","[0.8615781664848328, 0.6180996894836426, 0.5170701742172241, 0.5150741934776306, 0.4984317421913147]"
2,centroid,1,53,Alcatras,Alcatras,"[""Alcatras"", ""Alaris"", ""Turbine"", ""Castor"", ""Hawk""]","[0.8569265007972717, 0.8348335027694702, 0.461128830909729, 0.38771429657936096, 0.3158589005470276]"
2,centroid,1,54,Braga,Braga,"[""Braga"", ""Alaris"", ""Alcatras"", ""Hawk"", ""Castor""]","[0.7280898094177246, 0.7120825052261353, 0.6149468421936035, 0.48272526264190674, 0.4663236439228058]"
2,centroid,1,55,Braga,Braga,"[""Braga"", ""Triton"", ""Mytikas"", ""Turbine"", ""Castor""]","[0.8002459406852722, 0.6388751268386841, 0.5839748382568359, 0.5453556180000305, 0.38099414110183716]"
2,centroid,1,56,Braga,Alcatras,"[""Alcatras"", ""Alaris"", ""Castor"", ""Braga"", ""Trius""]","[0.8889684081077576, 0.7281615734100342, 0.6078994274139404, 0.6050209999084473, 0.5752058625221252]"
2,centroid,1,57,Braga,Braga,"[""Braga"", ""Vega"", ""Trius"", ""Gemini"", ""Triton""]","[0.6428667306900024, 0.41467398405075073, 0.35216519236564636, 0.34272676706314087, 0.31026095151901245]"
2,centroid,1,58,Braga,Braga,"[""Braga"", ""Castor"", ""Trius"", ""Alcatras"", ""Triton""]","[0.7567490339279175, 0.664010763168335, 0.6001050472259521, 0.5930519104003906, 0.562833309173584]"
2,centroid,1,59,Braga,Braga,"[""Braga"", ""Castor"", ""Alcatras"", ""Trius"", ""Triton""]","[0.9120974540710449, 0.6398705840110779, 0.5762072205543518, 0.5731492638587952, 0.5687685012817383]"
2,centroid,1,60,Braga,Braga,"[""Braga"", ""Turbine"", ""Hawk"", ""Vega"", ""Gemini""]","[0.7783489227294922, 0.5687053203582764, 0.5578385591506958, 0.4853973388671875, 0.4387701451778412]"
2,centroid,1,61,Braga,Gemini,"[""Gemini"", ""Xtreme"", ""Braga"", ""Vega"", ""Hawk""]","[0.6951216459274292, 0.5853572487831116, 0.5492275357246399, 0.3518483638763428, 0.318172812461853]"
2,centroid,1,62,Braga,Turbine,"[""Turbine"", ""Braga"", ""Hawk"", ""Castor"", ""Mytikas""]","[0.4455725848674774, 0.3787749409675598, 0.3504428565502167, 0.29671764373779297, 0.2965676784515381]"
2,centroid,1,63,Braga,Braga,"[""Braga"", ""Alcatras"", ""Alaris"", ""Turbine"", ""Castor""]","[0.7259742021560669, 0.7235040664672852, 0.7218003869056702, 0.6886348724365234, 0.5389847755432129]"
2,centroid,1,64,Braga,Braga,"[""Braga"", ""Trius"", ""Vega"", ""Gemini"", ""Alaris""]","[0.8960740566253662, 0.6365318298339844, 0.5804962515830994, 0.5443792939186096, 0.487323522567749]"
2,centroid,1,65,Braga,Alcatras,"[""Alcatras"", ""Alaris"", ""Hawk"", ""Braga"", ""Turbine""]","[0.6700035333633423, 0.6108935475349426, 0.49276334047317505, 0.46181005239486694, 0.4102581739425659]"
2,centroid,1,66,Braga,Braga,"[""Braga"", ""Trius"", ""Triton"", ""Mytikas"", ""Alcatras""]","[0.875457763671875, 0.7299824953079224, 0.6789842844009399, 0.5827968120574951, 0.5775173306465149]"
2,centroid,1,67,Braga,Braga,"[""Braga"", ""Turbine"", ""Castor"", ""Triton"", ""Alcatras""]","[0.8523796796798706, 0.6096184253692627, 0.5837841033935547, 0.5636270642280579, 0.5475331544876099]"
2,centroid,1,68,Braga,Braga,"[""Braga"", ""Castor"", ""Alcatras"", ""Turbine"", ""Alaris""]","[0.9101095795631409, 0.4497193694114685, 0.4123092293739319, 0.40010398626327515, 0.3923587203025818]"
2,centroid,1,69,Braga,Braga,"[""Braga"", ""Trius"", ""Triton"", ""Castor"", ""Mytikas""]","[0.8172770738601685, 0.6480906009674072, 0.6348212957382202, 0.6187471151351929, 0.607627272605896]"
2,centroid,1,70,Braga,Braga,"[""Braga"", ""Triton"", ""Trius"", ""Mytikas"", ""Alcatras""]","[0.8888447284698486, 0.6611727476119995, 0.653610348701477, 0.5483213663101196, 0.4660683870315552]"
2,centroid,1,71,Braga,Braga,"[""Braga"", ""Trius"", ""Turbine"", ""Alaris"", ""Hawk""]","[0.8680713176727295, 0.5422323942184448, 0.496585875749588, 0.4120638966560364, 0.40113818645477295]"
2,centroid,1,72,Braga,Braga,"[""Braga"", ""Vega"", ""Triton"", ""Mytikas"", ""Trius""]","[0.6870665550231934, 0.6006374955177307, 0.5804122686386108, 0.48494023084640503, 0.4131828546524048]"
2,centroid,1,73,Braga,Braga,"[""Braga"", ""Vega"", ""Hawk"", ""Gemini"", ""Turbine""]","[0.6948200464248657, 0.6237661242485046, 0.6146801114082336, 0.5497883558273315, 0.3976483941078186]"
2,centroid,1,74,Braga,Braga,"[""Braga"", ""Gemini"", ""Hawk"", ""Turbine"", ""Alcatras""]","[0.7329708933830261, 0.4693014919757843, 0.4134935140609741, 0.37115728855133057, 0.3067190647125244]"
2,centroid,1,75,Braga,Braga,"[""Braga"", ""Alcatras"", ""Alaris"", ""Castor"", ""Trius""]","[0.7759584784507751, 0.6422543525695801, 0.5742208957672119, 0.4260779619216919, 0.4002310037612915]"
2,centroid,1,76,Braga,Braga,"[""Braga"", ""Vega"", ""Hawk"", ""Alaris"", ""Trius""]","[0.7163965702056885, 0.6275763511657715, 0.542474627494812, 0.5087957382202148, 0.4755559265613556]"
2,centroid,1,77,Braga,Braga,"[""Braga"", ""Alaris"", ""Alcatras"", ""Trius"", ""Gemini""]","[0.8676037788391113, 0.6073899865150452, 0.5329239368438721, 0.5193549394607544, 0.31383728981018066]"
2,centroid,1,78,Braga,Braga,"[""Braga"", ""Triton"", ""Hawk"", ""Trius"", ""Mytikas""]","[0.8276015520095825, 0.4918539524078369, 0.48952847719192505, 0.4444711208343506, 0.4018302857875824]"
2,centroid,1,79,Braga,Triton,"[""Triton"", ""Trius"", ""Braga"", ""Mytikas"", ""Alcatras""]","[0.8296446800231934, 0.8139368295669556, 0.7139770984649658, 0.5350179672241211, 0.5274038910865784]"
2,centroid,1,80,Braga,Braga,"[""Braga"", ""Gemini"", ""Triton"", ""Vega"", ""Mytikas""]","[0.769382119178772, 0.5578914880752563, 0.4782222807407379, 0.4698428511619568, 0.3559000790119171]"
2,centroid,1,81,Braga,Braga,"[""Braga"", ""Hawk"", ""Vega"", ""Gemini"", ""Turbine""]","[0.6657539010047913, 0.553229570388794, 0.5361052751541138, 0.39784711599349976, 0.33791932463645935]"
2,centroid,1,82,Braga,Braga,"[""Braga"", ""Trius"", ""Triton"", ""Alcatras"", ""Alaris""]","[0.9380780458450317, 0.6398844718933105, 0.5228690505027771, 0.5208191871643066, 0.5141685009002686]"
2,centroid,1,83,Braga,Braga,"[""Braga"", ""Castor"", ""Triton"", ""Mytikas"", ""Trius""]","[0.8274859189987183, 0.6650305986404419, 0.6137856245040894, 0.572304904460907, 0.5405951738357544]"
2,centroid,1,84,Braga,Alcatras,"[""Alcatras"", ""Castor"", ""Alaris"", ""Braga"", ""Turbine""]","[0.7144209742546082, 0.6546196937561035, 0.6484748721122742, 0.6420671343803406, 0.5633429288864136]"
2,centroid,1,85,Braga,Braga,"[""Braga"", ""Trius"", ""Triton"", ""Castor"", ""Alaris""]","[0.7678025960922241, 0.7129772901535034, 0.5343146324157715, 0.36129167675971985, 0.34999045729637146]"
2,centroid,1,86,Braga,Braga,"[""Braga"", ""Trius"", ""Gemini"", ""Triton"", ""Alcatras""]","[0.9040167331695557, 0.5417325496673584, 0.48775702714920044, 0.41861605644226074, 0.29458898305892944]"
2,centroid,1,87,Braga,Braga,"[""Braga"", ""Triton"", ""Castor"", ""Trius"", ""Mytikas""]","[0.867485523223877, 0.7173886299133301, 0.6277742981910706, 0.6261125802993774, 0.5589995384216309]"
2,centroid,1,88,Braga,Braga,"[""Braga"", ""Hawk"", ""Turbine"", ""Vega"", ""Gemini""]","[0.6933973431587219, 0.5451915264129639, 0.5414360165596008, 0.5107945799827576, 0.4160187840461731]"
2,centroid,1,89,Braga,Braga,"[""Braga"", ""Gemini"", ""Hawk"", ""Triton"", ""Trius""]","[0.7291707992553711, 0.4086664915084839, 0.3735809624195099, 0.31620681285858154, 0.3122546970844269]"
2,centroid,1,90,Braga,Braga,"[""Braga"", ""Castor"", ""Turbine"", ""Triton"", ""Trius""]","[0.8762926459312439, 0.5108289122581482, 0.5077217817306519, 0.39399591088294983, 0.338534951210022]"
2,centroid,1,91,Castor,Castor,"[""Castor"", ""Alcatras"", ""Braga"", ""Turbine"", ""Triton""]","[0.8804828524589539, 0.6227872371673584, 0.610974907875061, 0.6013766527175903, 0.491804838180542]"
2,centroid,1,92,Castor,Castor,"[""Castor"", ""Alcatras"", ""Turbine"", ""Braga"", ""Mytikas""]","[0.9499518871307373, 0.4900779128074646, 0.445095956325531, 0.4236694872379303, 0.38723325729370117]"
2,centroid,1,93,Castor,Castor,"[""Castor"", ""Triton"", ""Mytikas"", ""Braga"", ""Turbine""]","[0.8660153150558472, 0.6572070121765137, 0.5849358439445496, 0.4318179190158844, 0.4287561774253845]"
2,centroid,1,94,Castor,Castor,"[""Castor"", ""Mytikas"", ""Braga"", ""Alcatras"", ""Triton""]","[0.8236737251281738, 0.6667400598526001, 0.6594350934028625, 0.5945549011230469, 0.554295003414154]"
2,centroid,1,95,Castor,Castor,"[""Castor"", ""Turbine"", ""Mytikas"", ""Alcatras"", ""Triton""]","[0.8089704513549805, 0.5579930543899536, 0.5470989942550659, 0.4765012860298157, 0.44446346163749695]"
2,centroid,1,96,Castor,Castor,"[""Castor"", ""Turbine"", ""Alcatras"", ""Braga"", ""Mytikas""]","[0.9370081424713135, 0.6265913844108582, 0.5554401278495789, 0.4430524706840515, 0.3994845151901245]"
2,centroid,1,97,Castor,Castor,"[""Castor"", ""Triton"", ""Mytikas"", ""Turbine"", ""Velorum""]","[0.6562139987945557, 0.5500637292861938, 0.4021478593349457, 0.39325690269470215, 0.29471173882484436]"
2,centroid,1,98,Castor,Castor,"[""Castor"", ""Turbine"", ""Alcatras"", ""Mytikas"", ""Braga""]","[0.9381400346755981, 0.5668163895606995, 0.4787818193435669, 0.4251510500907898, 0.35032036900520325]"
2,centroid,1,99,Castor,Castor,"[""Castor"", ""Mytikas"", ""Triton"", ""Braga"", ""Turbine""]","[0.8779199123382568, 0.617847204208374, 0.4862549901008606, 0.46370136737823486, 0.3646700978279114]"
2,centroid,1,100,Castor,Castor,"[""Castor"", ""Alcatras"", ""Turbine"", ""Mytikas"", ""Triton""]","[0.9281048774719238, 0.572655200958252, 0.461822509765625, 0.45388734340667725, 0.39558881521224976]"
2,centroid,1,101,Castor,Castor,"[""Castor"", ""Turbine"", ""Alcatras"", ""Mytikas"", ""Triton""]","[0.9645156860351562, 0.5165759921073914, 0.5055567026138306, 0.4345737099647522, 0.3464037775993347]"
2,centroid,1,102,Castor,Castor,"[""Castor"", ""Alcatras"", ""Turbine"", ""Mytikas"", ""Braga""]","[0.8791024684906006, 0.6049959659576416, 0.4510531723499298, 0.3993038237094879, 0.3944379687309265]"
2,centroid,1,103,Castor,Castor,"[""Castor"", ""Braga"", ""Triton"", ""Turbine"", ""Alcatras""]","[0.6896965503692627, 0.4981354773044586, 0.49187591671943665, 0.48185762763023376, 0.3952609896659851]"
2,centroid,1,104,Castor,Castor,"[""Castor"", ""Alcatras"", ""Turbine"", ""Mytikas"", ""Braga""]","[0.7882025241851807, 0.5869758129119873, 0.4361491799354553, 0.4323849678039551, 0.38258105516433716]"
2,centroid,1,105,Castor,Castor,"[""Castor"", ""Triton"", ""Mytikas"", ""Alcatras"", ""Turbine""]","[0.8863883018493652, 0.587553858757019, 0.5630423426628113, 0.4908449947834015, 0.4811463952064514]"
2,centroid,1,106,Castor,Castor,"[""Castor"", ""Alcatras"", ""Mytikas"", ""Turbine"", ""Triton""]","[0.9308900833129883, 0.6471076011657715, 0.5514906048774719, 0.4877789616584778, 0.4409029483795166]"
2,centroid,1,107,Castor,Castor,"[""Castor"", ""Alcatras"", ""Turbine"", ""Triton"", ""Mytikas""]","[0.8383438587188721, 0.37325894832611084, 0.3483925759792328, 0.31680041551589966, 0.23996329307556152]"
2,centroid,1,108,Castor,Castor,"[""Castor"", ""Turbine"", ""Alcatras"", ""Mytikas"", ""Braga""]","[0.9411156177520752, 0.5722631216049194, 0.5540375709533691, 0.39671027660369873, 0.35492193698883057]"
2,centroid,1,109,Castor,Castor,"[""Castor"", ""Triton"", ""Mytikas"", ""Braga"", ""Turbine""]","[0.8610628843307495, 0.6820340156555176, 0.6161038279533386, 0.5581244230270386, 0.5215533971786499]"
2,centroid,1,110,Castor,Castor,"[""Castor"", ""Turbine"", ""Mytikas"", ""Alcatras"", ""Braga""]","[0.8324683904647827, 0.6115046739578247, 0.5760499835014343, 0.5577338933944702, 0.2996422052383423]"
2,centroid,1,111,Castor,Castor,"[""Castor"", ""Turbine"", ""Alcatras"", ""Braga"", ""Mytikas""]","[0.9017728567123413, 0.6940138936042786, 0.6045022010803223, 0.5321128368377686, 0.45445960760116577]"
2,centroid,1,112,Castor,Castor,"[""Castor"", ""Alcatras"", ""Turbine"", ""Mytikas"", ""Alaris""]","[0.7455979585647583, 0.7108842134475708, 0.45017898082733154, 0.40614068508148193, 0.35317397117614746]"
2,centroid,1,113,Castor,Castor,"[""Castor"", ""Mytikas"", ""Alcatras"", ""Triton"", ""Braga""]","[0.9265227317810059, 0.575115442276001, 0.5482950210571289, 0.5411938428878784, 0.49774613976478577]"
2,centroid,1,114,Castor,Castor,"[""Castor"", ""Mytikas"", ""Alcatras"", ""Triton"", ""Braga""]","[0.884411633014679, 0.6209582090377808, 0.48960649967193604, 0.4077558219432831, 0.33492743968963623]"
2,centroid,1,115,Castor,Castor,"[""Castor"", ""Triton"", ""Mytikas"", ""Braga"", ""Alcatras""]","[0.904746413230896, 0.6374319791793823, 0.63225919008255, 0.5107705593109131, 0.45789557695388794]"
2,centroid,1,116,Castor,Castor,"[""Castor"", ""Alcatras"", ""Braga"", ""Mytikas"", ""Turbine""]","[0.9005913734436035, 0.464646577835083, 0.4591878652572632, 0.41349130868911743, 0.38651731610298157]"
2,centroid,1,117,Castor,Castor,"[""Castor"", ""Alcatras"", ""Turbine"", ""Braga"", ""Mytikas""]","[0.846574068069458, 0.6992250680923462, 0.3919876515865326, 0.38951602578163147, 0.3621585965156555]"
2,centroid,1,118,Castor,Castor,"[""Castor"", ""Alcatras"", ""Mytikas"", ""Turbine"", ""Braga""]","[0.8783277273178101, 0.5551120042800903, 0.48042282462120056, 0.456321120262146, 0.4431229531764984]"
2,centroid,1,119,Castor,Castor,"[""Castor"", ""Triton"", ""Mytikas"", ""Turbine"", ""Braga""]","[0.9104195833206177, 0.488381564617157, 0.3957322835922241, 0.38474640250205994, 0.3756074905395508]"
2,centroid,1,120,Castor,Castor,"[""Castor"", ""Alcatras"", ""Braga"", ""Mytikas"", ""Triton""]","[0.9245511293411255, 0.5907129049301147, 0.502472460269928, 0.43352437019348145, 0.4105963110923767]"
2,centroid,1,121,Castor,Castor,"[""Castor"", ""Triton"", ""Mytikas"", ""Braga"", ""Turbine""]","[0.9119758605957031, 0.633287250995636, 0.6002203226089478, 0.5538169145584106, 0.5179669857025146]"
2,centroid,1,122,Castor,Castor,"[""Castor"", ""Alcatras"", ""Braga"", ""Mytikas"", ""Turbine""]","[0.7976815700531006, 0.7308046817779541, 0.5836560726165771, 0.528897762298584, 0.3649490475654602]"
2,centroid,1,123,Denom,Velorum,"[""Velorum"", ""Ilias"", ""Denom"", ""Nivalis"", ""Ratikon""]","[0.805162787437439, 0.6239076256752014, 0.5115965604782104, 0.4284566044807434, 0.3263593018054962]"
2,centroid,1,124,Denom,Ilias,"[""Ilias"", ""Denom"", ""Velorum"", ""Ratikon"", ""Nivalis""]","[0.7008243799209595, 0.6298971176147461, 0.5781427025794983, 0.5220575332641602, 0.3311622738838196]"
2,centroid,1,125,Denom,Denom,"[""Denom"", ""Ratikon"", ""Nivalis"", ""Ilias"", ""Velorum""]","[0.9467059373855591, 0.7008712887763977, 0.6904729008674622, 0.6177765130996704, 0.308948814868927]"
2,centroid,1,126,Denom,Denom,"[""Denom"", ""Ratikon"", ""Nivalis"", ""Ilias"", ""Velorum""]","[0.9606534242630005, 0.7992095947265625, 0.7234175205230713, 0.5526460409164429, 0.17431306838989258]"
2,centroid,1,127,Denom,Denom,"[""Denom"", ""Nivalis"", ""Ratikon"", ""Xtreme"", ""Gemini""]","[0.7711869478225708, 0.5794509649276733, 0.4071483314037323, 0.3763706386089325, 0.23376837372779846]"
2,centroid,1,128,Denom,Denom,"[""Denom"", ""Ratikon"", ""Ilias"", ""Nivalis"", ""Trius""]","[0.8837701082229614, 0.7532022595405579, 0.5284440517425537, 0.4328460097312927, 0.07122328877449036]"
2,centroid,1,129,Denom,Denom,"[""Denom"", ""Nivalis"", ""Ratikon"", ""Ilias"", ""Velorum""]","[0.9278042316436768, 0.7315737009048462, 0.7088946104049683, 0.4273834824562073, 0.11677560955286026]"
2,centroid,1,130,Denom,Denom,"[""Denom"", ""Nivalis"", ""Ratikon"", ""Ilias"", ""Velorum""]","[0.9311758875846863, 0.6441987156867981, 0.5427901744842529, 0.5025421380996704, 0.32888707518577576]"
2,centroid,1,131,Denom,Denom,"[""Denom"", ""Nivalis"", ""Ratikon"", ""Ilias"", ""Velorum""]","[0.9483531713485718, 0.7942054271697998, 0.7812207937240601, 0.5413052439689636, 0.19062602519989014]"
2,centroid,1,132,Denom,Denom,"[""Denom"", ""Ratikon"", ""Nivalis"", ""Ilias"", ""Velorum""]","[0.9091886281967163, 0.7627851963043213, 0.6688356399536133, 0.5078060030937195, 0.1337805688381195]"
2,centroid,1,133,Denom,Denom,"[""Denom"", ""Ratikon"", ""Nivalis"", ""Ilias"", ""Vega""]","[0.8520671129226685, 0.7538020610809326, 0.7067315578460693, 0.3665921688079834, 0.13347220420837402]"
2,centroid,1,134,Denom,Denom,"[""Denom"", ""Ratikon"", ""Nivalis"", ""Ilias"", ""Steel_Wheel""]","[0.8390523195266724, 0.7098926305770874, 0.581771731376648, 0.25049591064453125, 0.07180318981409073]"
2,centroid,1,135,Denom,Ilias,"[""Ilias"", ""Denom"", ""Ratikon"", ""Velorum"", ""Gemini""]","[0.690066933631897, 0.5937086343765259, 0.39595234394073486, 0.3633119761943817, 0.20415443181991577]"
2,centroid,1,136,Denom,Denom,"[""Denom"", ""Nivalis"", ""Ratikon"", ""Ilias"", ""Velorum""]","[0.9536728858947754, 0.752233624458313, 0.6353136301040649, 0.5602058172225952, 0.3483577370643616]"
2,centroid,1,137,Denom,Nivalis,"[""Nivalis"", ""Ratikon"", ""Denom"", ""Ilias"", ""Velorum""]","[0.6175123453140259, 0.5920420289039612, 0.5718998312950134, 0.5372694730758667, 0.2903139591217041]"
2,centroid,1,138,Denom,Ilias,"[""Ilias"", ""Denom"", ""Velorum"", ""Ratikon"", ""Nivalis""]","[0.695156991481781, 0.669632077217102, 0.5578561425209045, 0.5031418800354004, 0.42486265301704407]"
2,centroid,1,139,Denom,Denom,"[""Denom"", ""Ratikon"", ""Nivalis"", ""Ilias"", ""Gemini""]","[0.9174655675888062, 0.7262545824050903, 0.7139511108398438, 0.4739583432674408, 0.049338024109601974]"
2,centroid,1,140,Denom,Denom,"[""Denom"", ""Nivalis"", ""Ratikon"", ""Ilias"", ""Velorum""]","[0.9384163022041321, 0.7195988893508911, 0.6554931402206421, 0.5077789425849915, 0.36077749729156494]"
2,centroid,1,141,Denom,Denom,"[""Denom"", ""Nivalis"", ""Ilias"", ""Ratikon"", ""Velorum""]","[0.8999425172805786, 0.6369267702102661, 0.6330631375312805, 0.5885486602783203, 0.4827513098716736]"
2,centroid,1,142,Denom,Denom,"[""Denom"", ""Nivalis"", ""Ratikon"", ""Ilias"", ""Velorum""]","[0.8537501096725464, 0.7716702818870544, 0.6611515283584595, 0.4747891426086426, 0.11048354208469391]"
2,centroid,1,143,Denom,Nivalis,"[""Nivalis"", ""Denom"", ""Ratikon"", ""Ilias"", ""Velorum""]","[0.7744124531745911, 0.7430660128593445, 0.4791439473628998, 0.31725820899009705, 0.1536182314157486]"
2,centroid,1,144,Denom,Denom,"[""Denom"", ""Ratikon"", ""Nivalis"", ""Ilias"", ""Velorum""]","[0.8789807558059692, 0.7686572074890137, 0.7121362090110779, 0.5189416408538818, 0.22539028525352478]"
2,centroid,1,145,Denom,Denom,"[""Denom"", ""Ratikon"", ""Nivalis"", ""Ilias"", ""Steel_Wheel""]","[0.8984055519104004, 0.6311493515968323, 0.6172618269920349, 0.30777832865715027, 0.079604372382164]"
2,centroid,1,146,Denom,Nivalis,"[""Nivalis"", ""Denom"", ""Ratikon"", ""Ilias"", ""Xtreme""]","[0.7251510620117188, 0.6335513591766357, 0.4953761696815491, 0.2784428596496582, 0.15076285600662231]"
2,centroid,1,147,Denom,Denom,"[""Denom"", ""Ratikon"", ""Nivalis"", ""Ilias"", ""Velorum""]","[0.9096407890319824, 0.802276074886322, 0.7555164098739624, 0.6655683517456055, 0.28643685579299927]"
2,centroid,1,148,Denom,Denom,"[""Denom"", ""Nivalis"", ""Ratikon"", ""Ilias"", ""Velorum""]","[0.9295629262924194, 0.5929372310638428, 0.5593947172164917, 0.41020408272743225, 0.22322788834571838]"
2,centroid,1,149,Denom,Denom,"[""Denom"", ""Ratikon"", ""Nivalis"", ""Ilias"", ""Velorum""]","[0.8944429159164429, 0.7313855290412903, 0.6157996654510498, 0.4241056442260742, 0.0464022234082222]"
2,centroid,1,150,Denom,Denom,"[""Denom"", ""Ratikon"", ""Nivalis"", ""Ilias"", ""Alaris""]","[0.873172402381897, 0.8221277594566345, 0.5590376853942871, 0.46774640679359436, 0.13747356832027435]"
2,centroid,1,151,Denom,Denom,"[""Denom"", ""Nivalis"", ""Ratikon"", ""Ilias"", ""Velorum""]","[0.8983175158500671, 0.6440993547439575, 0.5509146451950073, 0.5505845546722412, 0.4189479351043701]"
2,centroid,1,152,Denom,Denom,"[""Denom"", ""Ratikon"", ""Nivalis"", ""Ilias"", ""Steel_Wheel""]","[0.7966383695602417, 0.753934383392334, 0.6026815176010132, 0.47211766242980957, 0.181746706366539]"
2,centroid,1,153,Denom,Denom,"[""Denom"", ""Ratikon"", ""Nivalis"", ""Ilias"", ""Trius""]","[0.6656501293182373, 0.6503781080245972, 0.5743086934089661, 0.495968222618103, 0.2677439749240875]"
2,centroid,1,154,Denom,Velorum,"[""Velorum"", ""Ilias"", ""Ratikon"", ""Denom"", ""Nivalis""]","[0.6935579776763916, 0.6408870220184326, 0.5177909135818481, 0.31565168499946594, 0.28513187170028687]"
2,centroid,1,155,Denom,Denom,"[""Denom"", ""Ratikon"", ""Nivalis"", ""Ilias"", ""Velorum""]","[0.7971857190132141, 0.7010723352432251, 0.6506593823432922, 0.6455937027931213, 0.5688239932060242]"
2,centroid,1,156,Denom,Denom,"[""Denom"", ""Ratikon"", ""Ilias"", ""Nivalis"", ""Alaris""]","[0.749716579914093, 0.6733719110488892, 0.3811347484588623, 0.23446230590343475, 0.15064865350723267]"
2,centroid,1,157,Denom,Denom,"[""Denom"", ""Ratikon"", ""Nivalis"", ""Ilias"", ""Velorum""]","[0.9048441052436829, 0.7392181754112244, 0.649841845035553, 0.41532039642333984, 0.06641331315040588]"
2,centroid,1,158,Denom,Denom,"[""Denom"", ""Ratikon"", ""Nivalis"", ""Ilias"", ""Velorum""]","[0.9530398845672607, 0.6971163153648376, 0.6867097616195679, 0.4358941912651062, 0.1104506328701973]"
2,centroid,1,159,Denom,Denom,"[""Denom"", ""Nivalis"", ""Ratikon"", ""Ilias"", ""Velorum""]","[0.9473077058792114, 0.6798202991485596, 0.6138783693313599, 0.4804328680038452, 0.3150342106819153]"
2,centroid,1,160,Denom,Denom,"[""Denom"", ""Ratikon"", ""Trius"", ""Nivalis"", ""Alaris""]","[0.5640674829483032, 0.525337815284729, 0.5180596113204956, 0.4516139328479767, 0.30469316244125366]"
2,centroid,1,161,Gemini,Gemini,"[""Gemini"", ""Xtreme"", ""Vega"", ""Braga"", ""Trius""]","[0.8713879585266113, 0.5882512331008911, 0.4763748049736023, 0.38693952560424805, 0.25544679164886475]"
2,centroid,1,162,Gemini,Gemini,"[""Gemini"", ""Trius"", ""Braga"", ""Vega"", ""Xtreme""]","[0.8778318166732788, 0.5455229878425598, 0.48579543828964233, 0.4453510642051697, 0.4324217438697815]"
2,centroid,1,163,Gemini,Gemini,"[""Gemini"", ""Trius"", ""Xtreme"", ""Braga"", ""Vega""]","[0.9344147443771362, 0.5400519967079163, 0.391370564699173, 0.356548935174942, 0.32231059670448303]"
2,centroid,1,164,Gemini,Vega,"[""Vega"", ""Gemini"", ""Hawk"", ""Turbine"", ""Braga""]","[0.6570286750793457, 0.5951062440872192, 0.46124550700187683, 0.38639456033706665, 0.36455345153808594]"
2,centroid,1,165,Gemini,Gemini,"[""Gemini"", ""Xtreme"", ""Vega"", ""Trius"", ""Ilias""]","[0.9107605218887329, 0.6864434480667114, 0.4057961702346802, 0.21923395991325378, 0.20900952816009521]"
2,centroid,1,166,Gemini,Xtreme,"[""Xtreme"", ""Gemini"", ""Ilias"", ""Nivalis"", ""Denom""]","[0.7614352703094482, 0.7230449914932251, 0.30963361263275146, 0.2927609384059906, 0.2762835919857025]"
2,centroid,1,167,Gemini,Gemini,"[""Gemini"", ""Trius"", ""Vega"", ""Xtreme"", ""Ilias""]","[0.8834268450737, 0.3985211253166199, 0.39467576146125793, 0.3349320590496063, 0.26453661918640137]"
2,centroid,1,168,Gemini,Gemini,"[""Gemini"", ""Vega"", ""Alaris"", ""Trius"", ""Alcatras""]","[0.7261243462562561, 0.44934552907943726, 0.4369874596595764, 0.4138958156108856, 0.34642869234085083]"
2,centroid,1,169,Gemini,Gemini,"[""Gemini"", ""Hawk"", ""Vega"", ""Alaris"", ""Xtreme""]","[0.7702319622039795, 0.4756539463996887, 0.42124539613723755, 0.4013841152191162, 0.31972670555114746]"
2,centroid,1,170,Gemini,Gemini,"[""Gemini"", ""Trius"", ""Xtreme"", ""Vega"", ""Braga""]","[0.9357753992080688, 0.42904603481292725, 0.38389092683792114, 0.32868173718452454, 0.25689154863357544]"
2,centroid,1,171,Gemini,Gemini,"[""Gemini"", ""Xtreme"", ""Vega"", ""Braga"", ""Trius""]","[0.9241111278533936, 0.5969153046607971, 0.44634711742401123, 0.2694507837295532, 0.18004465103149414]"
2,centroid,1,172,Gemini,Gemini,"[""Gemini"", ""Xtreme"", ""Vega"", ""Hawk"", ""Trius""]","[0.8904995322227478, 0.5607417821884155, 0.2632339894771576, 0.19922269880771637, 0.18509088456630707]"
2,centroid,1,173,Gemini,Gemini,"[""Gemini"", ""Hawk"", ""Trius"", ""Vega"", ""Braga""]","[0.7224107980728149, 0.4938811957836151, 0.444568932056427, 0.3784003257751465, 0.35485124588012695]"
2,centroid,1,174,Gemini,Gemini,"[""Gemini"", ""Vega"", ""Braga"", ""Hawk"", ""Trius""]","[0.8758904933929443, 0.6997642517089844, 0.480541467666626, 0.4019542336463928, 0.37522977590560913]"
2,centroid,1,175,Gemini,Gemini,"[""Gemini"", ""Trius"", ""Vega"", ""Xtreme"", ""Braga""]","[0.9161543250083923, 0.5466080904006958, 0.46519017219543457, 0.3652300238609314, 0.3565046787261963]"
2,centroid,1,176,Gemini,Gemini,"[""Gemini"", ""Xtreme"", ""Hawk"", ""Alaris"", ""Alcatras""]","[0.7555834054946899, 0.4767525792121887, 0.3588780164718628, 0.3477185070514679, 0.25353971123695374]"
2,centroid,1,177,Gemini,Gemini,"[""Gemini"", ""Xtreme"", ""Trius"", ""Braga"", ""Vega""]","[0.9154678583145142, 0.47450727224349976, 0.3032831847667694, 0.2522004246711731, 0.25026795268058777]"
2,centroid,1,178,Gemini,Gemini,"[""Gemini"", ""Xtreme"", ""Hawk"", ""Vega"", ""Steel_Wheel""]","[0.7846813201904297, 0.5580281615257263, 0.23626264929771423, 0.18819144368171692, 0.14829762279987335]"
2,centroid,1,179,Gemini,Gemini,"[""Gemini"", ""Trius"", ""Alaris"", ""Xtreme"", ""Vega""]","[0.7985354661941528, 0.6079161763191223, 0.28994840383529663, 0.2379741668701172, 0.23285874724388123]"
2,centroid,1,180,Gemini,Gemini,"[""Gemini"", ""Xtreme"", ""Vega"", ""Trius"", ""Ilias""]","[0.861676037311554, 0.6508753299713135, 0.25920915603637695, 0.11875830590724945, 0.118242546916008]"
2,centroid,1,181,Gemini,Gemini,"[""Gemini"", ""Xtreme"", ""Trius"", ""Braga"", ""Triton""]","[0.9028224945068359, 0.583461582660675, 0.3807811141014099, 0.26984703540802, 0.20149125158786774]"
2,centroid,1,182,Gemini,Gemini,"[""Gemini"", ""Xtreme"", ""Vega"", ""Trius"", ""Denom""]","[0.564305305480957, 0.3107956647872925, 0.3000091314315796, 0.2714555263519287, 0.24296444654464722]"
2,centroid,1,183,Gemini,Gemini,"[""Gemini"", ""Xtreme"", ""Vega"", ""Trius"", ""Denom""]","[0.8392952680587769, 0.3611704111099243, 0.3073960244655609, 0.29765063524246216, 0.18545401096343994]"
2,centroid,1,184,Gemini,Gemini,"[""Gemini"", ""Xtreme"", ""Vega"", ""Trius"", ""Ilias""]","[0.9332557320594788, 0.6671338081359863, 0.3583340644836426, 0.2579058110713959, 0.14954112470149994]"
2,centroid,1,185,Gemini,Gemini,"[""Gemini"", ""Braga"", ""Trius"", ""Vega"", ""Xtreme""]","[0.6286329627037048, 0.4570009112358093, 0.40037333965301514, 0.30173054337501526, 0.22737590968608856]"
2,centroid,1,186,Gemini,Gemini,"[""Gemini"", ""Xtreme"", ""Vega"", ""Trius"", ""Braga""]","[0.8907197713851929, 0.48575958609580994, 0.352428138256073, 0.23605850338935852, 0.17265841364860535]"
2,centroid,1,187,Gemini,Gemini,"[""Gemini"", ""Vega"", ""Xtreme"", ""Trius"", ""Hawk""]","[0.8557051420211792, 0.3521594703197479, 0.320883572101593, 0.3192403018474579, 0.31915757060050964]"
2,centroid,1,188,Hawk,Hawk,"[""Hawk"", ""Alaris"", ""Vega"", ""Turbine"", ""Alcatras""]","[0.914361298084259, 0.5364944338798523, 0.49973636865615845, 0.40471893548965454, 0.3470560312271118]"
2,centroid,1,189,Hawk,Mytikas,"[""Mytikas"", ""Braga"", ""Turbine"", ""Alaris"", ""Alcatras""]","[0.5373798608779907, 0.4869472086429596, 0.44986429810523987, 0.39083898067474365, 0.36729663610458374]"
2,centroid,1,190,Hawk,Hawk,"[""Hawk"", ""Vega"", ""Alaris"", ""Turbine"", ""Gemini""]","[0.9398015141487122, 0.4757425785064697, 0.3534826636314392, 0.3234005868434906, 0.22765326499938965]"
2,centroid,1,191,Hawk,Hawk,"[""Hawk"", ""Alaris"", ""Alcatras"", ""Turbine"", ""Vega""]","[0.8929990530014038, 0.3699568510055542, 0.36610519886016846, 0.2537582218647003, 0.22120410203933716]"
2,centroid,1,192,Hawk,Hawk,"[""Hawk"", ""Turbine"", ""Gemini"", ""Vega"", ""Braga""]","[0.5763165950775146, 0.47357529401779175, 0.3826870918273926, 0.37953680753707886, 0.09013772010803223]"
2,centroid,1,193,Hawk,Hawk,"[""Hawk"", ""Vega"", ""Turbine"", ""Gemini"", ""Alaris""]","[0.9424324035644531, 0.5090516805648804, 0.36612439155578613, 0.31917721033096313, 0.2816131114959717]"
2,centroid,1,194,Hawk,Hawk,"[""Hawk"", ""Braga"", ""Vega"", ""Alaris"", ""Turbine""]","[0.8515653610229492, 0.5836306810379028, 0.48888397216796875, 0.43612802028656006, 0.3801209330558777]"
2,centroid,1,195,Hawk,Hawk,"[""Hawk"", ""Alaris"", ""Turbine"", ""Alcatras"", ""Vega""]","[0.9541032910346985, 0.4530067443847656, 0.45174968242645264, 0.4380511939525604, 0.3714293837547302]"
2,centroid,1,196,Hawk,Hawk,"[""Hawk"", ""Alaris"", ""Alcatras"", ""Vega"", ""Turbine""]","[0.9227591753005981, 0.5868584513664246, 0.5444425940513611, 0.45684483647346497, 0.3661535084247589]"
2,centroid,1,197,Hawk,Hawk,"[""Hawk"", ""Vega"", ""Alaris"", ""Alcatras"", ""Turbine""]","[0.909723162651062, 0.5907946825027466, 0.5309005975723267, 0.4619166851043701, 0.4130820333957672]"
2,centroid,1,198,Hawk,Hawk,"[""Hawk"", ""Vega"", ""Turbine"", ""Gemini"", ""Braga""]","[0.8153314590454102, 0.4056612253189087, 0.4016720652580261, 0.1525351107120514, 0.06662940979003906]"
2,centroid,1,199,Hawk,Turbine,"[""Turbine"", ""Braga"", ""Hawk"", ""Mytikas"", ""Vega""]","[0.7431665062904358, 0.5978243947029114, 0.5972130298614502, 0.5192068815231323, 0.5189645290374756]"
2,centroid,1,200,Hawk,Hawk,"[""Hawk"", ""Alaris"", ""Alcatras"", ""Turbine"", ""Vega""]","[0.8342576622962952, 0.46776098012924194, 0.37065571546554565, 0.29079538583755493, 0.24152755737304688]"
2,centroid,1,201,Hawk,Hawk,"[""Hawk"", ""Turbine"", ""Alaris"", ""Alcatras"", ""Vega""]","[0.9243059158325195, 0.4392111301422119, 0.43351101875305176, 0.39966511726379395, 0.37530720233917236]"
2,centroid,1,202,Hawk,Hawk,"[""Hawk"", ""Vega"", ""Turbine"", ""Alaris"", ""Alcatras""]","[0.9290060997009277, 0.517180323600769, 0.4334395229816437, 0.37913715839385986, 0.17120471596717834]"
2,centroid,1,203,Hawk,Hawk,"[""Hawk"", ""Alaris"", ""Alcatras"", ""Turbine"", ""Vega""]","[0.8272850513458252, 0.667271614074707, 0.5568752288818359, 0.4066062867641449, 0.34343963861465454]"
2,centroid,1,204,Hawk,Hawk,"[""Hawk"", ""Vega"", ""Gemini"", ""Turbine"", ""Alaris""]","[0.7466341257095337, 0.6113256216049194, 0.43853580951690674, 0.30540668964385986, 0.21032874286174774]"
2,centroid,1,205,Hawk,Hawk,"[""Hawk"", ""Vega"", ""Alaris"", ""Turbine"", ""Alcatras""]","[0.9636954069137573, 0.4860537648200989, 0.4112602472305298, 0.37184393405914307, 0.30389752984046936]"
2,centroid,1,206,Hawk,Hawk,"[""Hawk"", ""Turbine"", ""Vega"", ""Alaris"", ""Alcatras""]","[0.9424149990081787, 0.30923905968666077, 0.30452975630760193, 0.23841078579425812, 0.1599765568971634]"
2,centroid,1,207,Hawk,Hawk,"[""Hawk"", ""Vega"", ""Gemini"", ""Turbine"", ""Alaris""]","[0.8397276401519775, 0.38326334953308105, 0.317045122385025, 0.2793482840061188, 0.22574076056480408]"
2,centroid,1,208,Hawk,Hawk,"[""Hawk"", ""Alcatras"", ""Turbine"", ""Alaris"", ""Braga""]","[0.9085221290588379, 0.3230864107608795, 0.3219371438026428, 0.28491079807281494, 0.2718658447265625]"
2,centroid,1,209,Hawk,Hawk,"[""Hawk"", ""Alaris"", ""Alcatras"", ""Vega"", ""Turbine""]","[0.906632661819458, 0.5560301542282104, 0.5163141489028931, 0.4591718912124634, 0.4154818058013916]"
2,centroid,1,210,Hawk,Hawk,"[""Hawk"", ""Turbine"", ""Alaris"", ""Vega"", ""Alcatras""]","[0.944430947303772, 0.445878267288208, 0.43867018818855286, 0.3693813383579254, 0.3328443169593811]"
2,centroid,1,211,Hawk,Hawk,"[""Hawk"", ""Gemini"", ""Turbine"", ""Xtreme"", ""Alcatras""]","[0.8471202850341797, 0.2504211962223053, 0.249622642993927, 0.2244267463684082, 0.21113763749599457]"
2,centroid,1,212,Hawk,Hawk,"[""Hawk"", ""Vega"", ""Gemini"", ""Turbine"", ""Xtreme""]","[0.8711851239204407, 0.42113733291625977, 0.3003293573856354, 0.28621548414230347, 0.17171035706996918]"
2,centroid,1,213,Hawk,Hawk,"[""Hawk"", ""Turbine"", ""Vega"", ""Braga"", ""Alaris""]","[0.8644179105758667, 0.5436732172966003, 0.40073710680007935, 0.3163342773914337, 0.2528974413871765]"
2,centroid,1,214,Ilias,Ilias,"[""Ilias"", ""Ratikon"", ""Denom"", ""Nivalis"", ""Trius""]","[0.8230351805686951, 0.7483706474304199, 0.6883513927459717, 0.36403799057006836, 0.1472126841545105]"
2,centroid,1,215,Ilias,Ilias,"[""Ilias"", ""Ratikon"", ""Denom"", ""Nivalis"", ""Gemini""]","[0.8343056440353394, 0.6904548406600952, 0.5653175711631775, 0.3986451029777527, 0.2745671272277832]"
2,centroid,1,216,Ilias,Ilias,"[""Ilias"", ""Ratikon"", ""Denom"", ""Velorum"", ""Nivalis""]","[0.9274783134460449, 0.5885109901428223, 0.4551401138305664, 0.4139960706233978, 0.3684878945350647]"
2,centroid,1,217,Ilias,Ilias,"[""Ilias"", ""Ratikon"", ""Velorum"", ""Denom"", ""Nivalis""]","[0.9185346364974976, 0.5969225764274597, 0.44722747802734375, 0.3827438950538635, 0.24338558316230774]"
2,centroid,1,218,Ilias,Ilias,"[""Ilias"", ""Ratikon"", ""Denom"", ""Velorum"", ""Nivalis""]","[0.9245032072067261, 0.5578781366348267, 0.3947184085845947, 0.3606046438217163, 0.2866453528404236]"
2,centroid,1,219,Ilias,Ilias,"[""Ilias"", ""Ratikon"", ""Denom"", ""Nivalis"", ""Velorum""]","[0.9243800044059753, 0.5525565147399902, 0.4429531693458557, 0.3935224413871765, 0.27967122197151184]"
2,centroid,1,220,Ilias,Ilias,"[""Ilias"", ""Velorum"", ""Denom"", ""Ratikon"", ""Nivalis""]","[0.7408822774887085, 0.6399023532867432, 0.4924296736717224, 0.30028629302978516, 0.2829374074935913]"
2,centroid,1,221,Ilias,Ilias,"[""Ilias"", ""Denom"", ""Ratikon"", ""Xtreme"", ""Nivalis""]","[0.8166897296905518, 0.5913255214691162, 0.5364468097686768, 0.3663116693496704, 0.3654543459415436]"
2,centroid,1,222,Ilias,Ilias,"[""Ilias"", ""Ratikon"", ""Denom"", ""Velorum"", ""Nivalis""]","[0.9034937620162964, 0.6661760807037354, 0.49898645281791687, 0.44244182109832764, 0.32576778531074524]"
2,centroid,1,223,Ilias,Ilias,"[""Ilias"", ""Ratikon"", ""Trius"", ""Triton"", ""Alaris""]","[0.6852471828460693, 0.5650112628936768, 0.4207007884979248, 0.36599278450012207, 0.329653799533844]"
2,centroid,1,224,Ilias,Ilias,"[""Ilias"", ""Velorum"", ""Denom"", ""Ratikon"", ""Nivalis""]","[0.729426920413971, 0.6484220027923584, 0.5893775224685669, 0.5782332420349121, 0.49638354778289795]"
2,centroid,1,225,Ilias,Ilias,"[""Ilias"", ""Ratikon"", ""Denom"", ""Nivalis"", ""Velorum""]","[0.930759072303772, 0.7186989784240723, 0.5318270921707153, 0.49377232789993286, 0.3638250231742859]"
2,centroid,1,226,Ilias,Ilias,"[""Ilias"", ""Ratikon"", ""Velorum"", ""Denom"", ""Nivalis""]","[0.7310368418693542, 0.5371308326721191, 0.3941638171672821, 0.3638122081756592, 0.33418527245521545]"
2,centroid,1,227,Ilias,Ilias,"[""Ilias"", ""Velorum"", ""Ratikon"", ""Nivalis"", ""Xtreme""]","[0.6779067516326904, 0.5235287547111511, 0.34145092964172363, 0.27939707040786743, 0.21779866516590118]"
2,centroid,1,228,Ilias,Ilias,"[""Ilias"", ""Ratikon"", ""Denom"", ""Nivalis"", ""Velorum""]","[0.9225288033485413, 0.6911934614181519, 0.5319715142250061, 0.5098020434379578, 0.48279839754104614]"
2,centroid,1,229,Ilias,Ilias,"[""Ilias"", ""Denom"", ""Ratikon"", ""Velorum"", ""Nivalis""]","[0.8214053511619568, 0.6603748798370361, 0.5506012439727783, 0.3975571393966675, 0.32897108793258667]"
2,centroid,1,230,Ilias,Turbine,"[""Turbine"", ""Vega"", ""Alaris"", ""Hawk"", ""Alcatras""]","[0.814592182636261, 0.6148598194122314, 0.5899409055709839, 0.568124532699585, 0.4604063630104065]"
2,centroid,1,231,Ilias,Ilias,"[""Ilias"", ""Ratikon"", ""Denom"", ""Nivalis"", ""Velorum""]","[0.911810040473938, 0.6043775677680969, 0.5589895248413086, 0.42696914076805115, 0.28620168566703796]"
2,centroid,1,232,Ilias,Ilias,"[""Ilias"", ""Ratikon"", ""Denom"", ""Nivalis"", ""Velorum""]","[0.9134001731872559, 0.8308157920837402, 0.7337472438812256, 0.5274350643157959, 0.1281280219554901]"
2,centroid,1,233,Ilias,Ilias,"[""Ilias"", ""Denom"", ""Ratikon"", ""Velorum"", ""Nivalis""]","[0.7824849486351013, 0.513848066329956, 0.46022674441337585, 0.45059365034103394, 0.23763848841190338]"
2,centroid,1,234,Ilias,Ilias,"[""Ilias"", ""Denom"", ""Ratikon"", ""Nivalis"", ""Gemini""]","[0.737028956413269, 0.6608760952949524, 0.6396251320838928, 0.3864031136035919, 0.24585117399692535]"
2,centroid,1,235,Ilias,Ilias,"[""Ilias"", ""Velorum"", ""Triton"", ""Denom"", ""Ratikon""]","[0.6474382877349854, 0.5694537162780762, 0.4390825629234314, 0.40477222204208374, 0.3896886706352234]"
2,centroid,1,236,Ilias,Nivalis,"[""Nivalis"", ""Ratikon"", ""Ilias"", ""Denom"", ""Velorum""]","[0.6987400054931641, 0.6581840515136719, 0.6135298013687134, 0.4741276800632477, 0.2706335783004761]"
2,centroid,1,237,Ilias,Ilias,"[""Ilias"", ""Ratikon"", ""Denom"", ""Nivalis"", ""Velorum""]","[0.8812477588653564, 0.48756688833236694, 0.44479691982269287, 0.42273569107055664, 0.37169864773750305]"
2,centroid,1,238,Ilias,Ilias,"[""Ilias"", ""Ratikon"", ""Denom"", ""Velorum"", ""Nivalis""]","[0.9428366422653198, 0.6630007028579712, 0.5489064455032349, 0.5190117955207825, 0.376451313495636]"
2,centroid,1,239,Ilias,Ratikon,"[""Ratikon"", ""Ilias"", ""Denom"", ""Nivalis"", ""Gemini""]","[0.8350361585617065, 0.7659995555877686, 0.7186291217803955, 0.53608238697052, 0.10753893107175827]"
2,centroid,1,240,Ilias,Ilias,"[""Ilias"", ""Ratikon"", ""Denom"", ""Nivalis"", ""Velorum""]","[0.9286942481994629, 0.6687210202217102, 0.614859938621521, 0.5267398357391357, 0.46530038118362427]"
2,centroid,1,241,Ilias,Ilias,"[""Ilias"", ""Ratikon"", ""Triton"", ""Denom"", ""Nivalis""]","[0.8715143203735352, 0.62162184715271, 0.45764198899269104, 0.4194287061691284, 0.3268580436706543]"
2,centroid,1,242,Ilias,Ilias,"[""Ilias"", ""Ratikon"", ""Denom"", ""Velorum"", ""Nivalis""]","[0.9031410217285156, 0.5430641770362854, 0.5337175130844116, 0.33465835452079773, 0.27462178468704224]"
2,centroid,1,243,Mytikas,Mytikas,"[""Mytikas"", ""Triton"", ""Braga"", ""Turbine"", ""Trius""]","[0.7526923418045044, 0.6224634647369385, 0.5203990936279297, 0.47502538561820984, 0.47152209281921387]"
2,centroid,1,244,Mytikas,Triton,"[""Triton"", ""Mytikas"", ""Trius"", ""Gemini"", ""Braga""]","[0.7156914472579956, 0.6507375836372375, 0.5783544778823853, 0.5179121494293213, 0.49993985891342163]"
2,centroid,1,245,Mytikas,Triton,"[""Triton"", ""Mytikas"", ""Trius"", ""Castor"", ""Ilias""]","[0.8129410147666931, 0.7078943252563477, 0.4479852318763733, 0.28898853063583374, 0.2655363380908966]"
2,centroid,1,246,Mytikas,Mytikas,"[""Mytikas"", ""Triton"", ""Alcatras"", ""Trius"", ""Castor""]","[0.8725781440734863, 0.5167874693870544, 0.41702204942703247, 0.30793941020965576, 0.2553706765174866]"
2,centroid,1,247,Mytikas,Mytikas,"[""Mytikas"", ""Castor"", ""Alaris"", ""Alcatras"", ""Triton""]","[0.6158861517906189, 0.4995137155056, 0.46335408091545105, 0.42454609274864197, 0.41297048330307007]"
2,centroid,1,248,Mytikas,Mytikas,"[""Mytikas"", ""Alcatras"", ""Castor"", ""Triton"", ""Braga""]","[0.9068725109100342, 0.6075693964958191, 0.5575334429740906, 0.5458323955535889, 0.4763144850730896]"
2,centroid,1,249,Mytikas,Mytikas,"[""Mytikas"", ""Triton"", ""Castor"", ""Alcatras"", ""Nivalis""]","[0.8299626111984253, 0.4994799494743347, 0.3111351430416107, 0.26517635583877563, 0.20326118171215057]"
2,centroid,1,250,Mytikas,Mytikas,"[""Mytikas"", ""Alcatras"", ""Alaris"", ""Turbine"", ""Triton""]","[0.72442626953125, 0.6096904277801514, 0.4507448077201843, 0.3647158145904541, 0.3199382722377777]"
2,centroid,1,251,Mytikas,Mytikas,"[""Mytikas"", ""Triton"", ""Castor"", ""Braga"", ""Turbine""]","[0.8366344571113586, 0.7149233222007751, 0.5755757093429565, 0.5659660696983337, 0.46979624032974243]"
2,centroid,1,252,Mytikas,Mytikas,"[""Mytikas"", ""Nivalis"", ""Vega"", ""Gemini"", ""Ratikon""]","[0.5386947393417358, 0.5084490776062012, 0.4484074115753174, 0.29904425144195557, 0.24848893284797668]"
2,centroid,1,253,Mytikas,Trius,"[""Trius"", ""Mytikas"", ""Triton"", ""Gemini"", ""Braga""]","[0.6454842686653137, 0.4079878330230713, 0.3555160164833069, 0.3427644968032837, 0.29338333010673523]"
2,centroid,1,254,Mytikas,Mytikas,"[""Mytikas"", ""Hawk"", ""Vega"", ""Alaris"", ""Braga""]","[0.6781233549118042, 0.5591858625411987, 0.43868911266326904, 0.352263867855072, 0.3522222936153412]"
2,centroid,1,255,Mytikas,Mytikas,"[""Mytikas"", ""Trius"", ""Triton"", ""Braga"", ""Castor""]","[0.7387421131134033, 0.6130971312522888, 0.4609478712081909, 0.44909727573394775, 0.3071819543838501]"
2,centroid,1,256,Mytikas,Mytikas,"[""Mytikas"", ""Alcatras"", ""Triton"", ""Braga"", ""Trius""]","[0.8718100786209106, 0.6271926164627075, 0.5337268114089966, 0.47206181287765503, 0.4262795150279999]"
2,centroid,1,257,Mytikas,Mytikas,"[""Mytikas"", ""Triton"", ""Castor"", ""Trius"", ""Alcatras""]","[0.883522629737854, 0.8437762260437012, 0.6133780479431152, 0.4755571186542511, 0.4501842260360718]"
2,centroid,1,258,Mytikas,Mytikas,"[""Mytikas"", ""Triton"", ""Turbine"", ""Alcatras"", ""Trius""]","[0.8900263905525208, 0.6052789092063904, 0.4358671307563782, 0.4088352918624878, 0.38525113463401794]"
2,centroid,1,259,Mytikas,Mytikas,"[""Mytikas"", ""Triton"", ""Alcatras"", ""Castor"", ""Alaris""]","[0.8342440724372864, 0.6271827220916748, 0.6097569465637207, 0.5516135096549988, 0.4460497796535492]"
2,centroid,1,260,Mytikas,Alaris,"[""Alaris"", ""Mytikas"", ""Alcatras"", ""Trius"", ""Triton""]","[0.6911817789077759, 0.6777812242507935, 0.607549786567688, 0.5344442129135132, 0.4891541004180908]"
2,centroid,1,261,Mytikas,Trius,"[""Trius"", ""Triton"", ""Gemini"", ""Mytikas"", ""Vega""]","[0.676615297794342, 0.5174776315689087, 0.47704464197158813, 0.4704621136188507, 0.44353562593460083]"
2,centroid,1,262,Mytikas,Mytikas,"[""Mytikas"", ""Turbine"", ""Triton"", ""Alaris"", ""Vega""]","[0.6266049146652222, 0.5977534055709839, 0.5829287171363831, 0.4754222631454468, 0.47487902641296387]"
2,centroid,1,263,Mytikas,Mytikas,"[""Mytikas"", ""Triton"", ""Alcatras"", ""Turbine"", ""Castor""]","[0.8772097826004028, 0.7164567708969116, 0.4712247848510742, 0.45126837491989136, 0.39897119998931885]"
2,centroid,1,264,Mytikas,Mytikas,"[""Mytikas"", ""Trius"", ""Alcatras"", ""Triton"", ""Castor""]","[0.7685214877128601, 0.6717045903205872, 0.6347757577896118, 0.6315582990646362, 0.605164647102356]"
2,centroid,1,265,Mytikas,Triton,"[""Triton"", ""Mytikas"", ""Braga"", ""Trius"", ""Castor""]","[0.7241734266281128, 0.6647385358810425, 0.6044161915779114, 0.47498583793640137, 0.41619351506233215]"
2,centroid,1,266,Mytikas,Mytikas,"[""Mytikas"", ""Triton"", ""Trius"", ""Castor"", ""Alcatras""]","[0.8132311105728149, 0.7730681300163269, 0.3899180591106415, 0.36496400833129883, 0.3036402463912964]"
2,centroid,1,267,Mytikas,Trius,"[""Trius"", ""Vega"", ""Mytikas"", ""Turbine"", ""Braga""]","[0.4682499170303345, 0.4224901497364044, 0.406083881855011, 0.3803479075431824, 0.3209211230278015]"
2,centroid,1,268,Mytikas,Mytikas,"[""Mytikas"", ""Triton"", ""Braga"", ""Alcatras"", ""Hawk""]","[0.8019642233848572, 0.510535478591919, 0.36973902583122253, 0.3236006498336792, 0.224383145570755]"
2,centroid,1,269,Mytikas,Mytikas,"[""Mytikas"", ""Castor"", ""Alcatras"", ""Braga"", ""Triton""]","[0.7784806489944458, 0.769365131855011, 0.6847087144851685, 0.6691098213195801, 0.592536211013794]"
2,centroid,1,270,Mytikas,Mytikas,"[""Mytikas"", ""Trius"", ""Triton"", ""Castor"", ""Alcatras""]","[0.7894183397293091, 0.4812411367893219, 0.42901116609573364, 0.2602929472923279, 0.22067710757255554]"
2,centroid,1,271,Nivalis,Nivalis,"[""Nivalis"", ""Ratikon"", ""Denom"", ""Ilias"", ""Vega""]","[0.7466739416122437, 0.6072016954421997, 0.4023391604423523, 0.38178157806396484, 0.3446056544780731]"
2,centroid,1,272,Nivalis,Nivalis,"[""Nivalis"", ""Ratikon"", ""Denom"", ""Ilias"", ""Velorum""]","[0.7993499636650085, 0.7855370044708252, 0.7801508903503418, 0.602371096611023, 0.40605050325393677]"
2,centroid,1,273,Nivalis,Nivalis,"[""Nivalis"", ""Denom"", ""Ratikon"", ""Ilias"", ""Velorum""]","[0.9149901866912842, 0.7045129537582397, 0.6031297445297241, 0.5239484310150146, 0.4204210638999939]"
2,centroid,1,274,Nivalis,Nivalis,"[""Nivalis"", ""Denom"", ""Ratikon"", ""Velorum"", ""Ilias""]","[0.7519634962081909, 0.6881005764007568, 0.5260732173919678, 0.4169772267341614, 0.3659979999065399]"
2,centroid,1,275,Nivalis,Nivalis,"[""Nivalis"", ""Xtreme"", ""Velorum"", ""Gemini"", ""Denom""]","[0.5226503610610962, 0.46026289463043213, 0.27811652421951294, 0.24681398272514343, 0.24579301476478577]"
2,centroid,1,276,Nivalis,Velorum,"[""Velorum"", ""Nivalis"", ""Ilias"", ""Ratikon"", ""Mytikas""]","[0.6054527759552002, 0.5797464847564697, 0.5466799736022949, 0.4196954071521759, 0.3757043480873108]"
2,centroid,1,277,Nivalis,Nivalis,"[""Nivalis"", ""Ratikon"", ""Ilias"", ""Denom"", ""Velorum""]","[0.8590421676635742, 0.5618385076522827, 0.5618354678153992, 0.42237740755081177, 0.36657822132110596]"
2,centroid,1,278,Nivalis,Nivalis,"[""Nivalis"", ""Velorum"", ""Denom"", ""Ilias"", ""Ratikon""]","[0.7686635255813599, 0.6141408681869507, 0.5315210223197937, 0.33864665031433105, 0.2849205434322357]"
2,centroid,1,279,Nivalis,Nivalis,"[""Nivalis"", ""Ratikon"", ""Vega"", ""Denom"", ""Ilias""]","[0.7621574401855469, 0.5355163812637329, 0.46404793858528137, 0.3773684501647949, 0.2789090871810913]"
2,centroid,1,280,Nivalis,Nivalis,"[""Nivalis"", ""Ratikon"", ""Denom"", ""Ilias"", ""Vega""]","[0.8480240702629089, 0.600204348564148, 0.5597227811813354, 0.34954187273979187, 0.22572314739227295]"
2,centroid,1,281,Nivalis,Denom,"[""Denom"", ""Ratikon"", ""Nivalis"", ""Ilias"", ""Velorum""]","[0.8550643920898438, 0.8376764059066772, 0.8139408826828003, 0.7654433846473694, 0.34365934133529663]"
2,centroid,1,282,Nivalis,Nivalis,"[""Nivalis"", ""Denom"", ""Ilias"", ""Ratikon"", ""Velorum""]","[0.8335567712783813, 0.6115631461143494, 0.46871885657310486, 0.3853089511394501, 0.3236149251461029]"
2,centroid,1,283,Nivalis,Nivalis,"[""Nivalis"", ""Denom"", ""Ratikon"", ""Ilias"", ""Velorum""]","[0.7925835847854614, 0.5814051628112793, 0.5644951462745667, 0.5322306752204895, 0.24507743120193481]"
2,centroid,1,284,Nivalis,Nivalis,"[""Nivalis"", ""Denom"", ""Velorum"", ""Xtreme"", ""Ilias""]","[0.6989396214485168, 0.5652202367782593, 0.4644380211830139, 0.2720576822757721, 0.23518872261047363]"
2,centroid,1,285,Nivalis,Denom,"[""Denom"", ""Nivalis"", ""Ratikon"", ""Ilias"", ""Velorum""]","[0.8883986473083496, 0.8407647013664246, 0.7399861216545105, 0.5202075839042664, 0.13532790541648865]"
2,centroid,1,286,Nivalis,Nivalis,"[""Nivalis"", ""Ratikon"", ""Denom"", ""Ilias"", ""Vega""]","[0.881862223148346, 0.5701277256011963, 0.5276839137077332, 0.44326072931289673, 0.18622642755508423]"
2,centroid,1,287,Nivalis,Nivalis,"[""Nivalis"", ""Denom"", ""Ratikon"", ""Vega"", ""Steel_Wheel""]","[0.7791653871536255, 0.4047369062900543, 0.3989841341972351, 0.30327075719833374, 0.17958813905715942]"
2,centroid,1,288,Nivalis,Nivalis,"[""Nivalis"", ""Denom"", ""Ratikon"", ""Ilias"", ""Steel_Wheel""]","[0.8906058073043823, 0.5928336381912231, 0.5538239479064941, 0.36241841316223145, 0.28701919317245483]"
2,centroid,1,289,Nivalis,Nivalis,"[""Nivalis"", ""Velorum"", ""Ilias"", ""Denom"", ""Ratikon""]","[0.719761848449707, 0.44231826066970825, 0.2611539363861084, 0.23195406794548035, 0.1486833691596985]"
2,centroid,1,290,Nivalis,Denom,"[""Denom"", ""Ratikon"", ""Nivalis"", ""Ilias"", ""Velorum""]","[0.8629747629165649, 0.8054436445236206, 0.7134004235267639, 0.6389530897140503, 0.14648665487766266]"
2,centroid,1,291,Nivalis,Ratikon,"[""Ratikon"", ""Denom"", ""Ilias"", ""Nivalis"", ""Velorum""]","[0.6457363963127136, 0.5501714944839478, 0.4823620319366455, 0.42110103368759155, 0.37081384658813477]"
2,centroid,1,292,Nivalis,Nivalis,"[""Nivalis"", ""Velorum"", ""Denom"", ""Ratikon"", ""Steel_Wheel""]","[0.7376265525817871, 0.5274343490600586, 0.3157566785812378, 0.11318255215883255, 0.10571640729904175]"
2,centroid,1,293,Ratikon,Ratikon,"[""Ratikon"", ""Ilias"", ""Denom"", ""Nivalis"", ""Velorum""]","[0.9165465831756592, 0.7330390810966492, 0.5722233057022095, 0.5453194379806519, 0.1969887614250183]"
2,centroid,1,294,Ratikon,Ratikon,"[""Ratikon"", ""Denom"", ""Nivalis"", ""Ilias"", ""Velorum""]","[0.859842836856842, 0.7264622449874878, 0.662925660610199, 0.5129765272140503, 0.058291856199502945]"
2,centroid,1,295,Ratikon,Ratikon,"[""Ratikon"", ""Denom"", ""Ilias"", ""Nivalis"", ""Vega""]","[0.917845606803894, 0.7875028252601624, 0.7207634449005127, 0.6565393209457397, 0.17148996889591217]"
2,centroid,1,296,Ratikon,Ratikon,"[""Ratikon"", ""Denom"", ""Nivalis"", ""Vega"", ""Ilias""]","[0.7284355163574219, 0.6324666738510132, 0.6233818531036377, 0.49725571274757385, 0.48590439558029175]"
2,centroid,1,297,Ratikon,Ratikon,"[""Ratikon"", ""Denom"", ""Ilias"", ""Nivalis"", ""Alaris""]","[0.9394149780273438, 0.7137209177017212, 0.6508594155311584, 0.5441625118255615, 0.2525315284729004]"
2,centroid,1,298,Ratikon,Ratikon,"[""Ratikon"", ""Denom"", ""Nivalis"", ""Ilias"", ""Vega""]","[0.8118597269058228, 0.7979506850242615, 0.7223914861679077, 0.4412410855293274, 0.2565854489803314]"
2,centroid,1,299,Ratikon,Ratikon,"[""Ratikon"", ""Denom"", ""Ilias"", ""Nivalis"", ""Alaris""]","[0.9290011525154114, 0.7118133306503296, 0.6263142228126526, 0.6093920469284058, 0.1246328204870224]"
2,centroid,1,300,Ratikon,Ratikon,"[""Ratikon"", ""Denom"", ""Nivalis"", ""Ilias"", ""Velorum""]","[0.7968127727508545, 0.7916833758354187, 0.6429979205131531, 0.5530074834823608, 0.2971620261669159]"
2,centroid,1,301,Ratikon,Gemini,"[""Gemini"", ""Trius"", ""Denom"", ""Nivalis"", ""Xtreme""]","[0.4263458251953125, 0.33669495582580566, 0.3260786533355713, 0.31412211060523987, 0.23947513103485107]"
2,centroid,1,302,Ratikon,Denom,"[""Denom"", ""Ratikon"", ""Nivalis"", ""Ilias"", ""Velorum""]","[0.7806096076965332, 0.7346187829971313, 0.6683957576751709, 0.5029846429824829, 0.15602171421051025]"
2,centroid,1,303,Ratikon,Ratikon,"[""Ratikon"", ""Denom"", ""Ilias"", ""Nivalis"", ""Velorum""]","[0.8170294761657715, 0.8003159761428833, 0.7438770532608032, 0.64931321144104, 0.1264740526676178]"
2,centroid,1,304,Ratikon,Ratikon,"[""Ratikon"", ""Nivalis"", ""Denom"", ""Ilias"", ""Velorum""]","[0.9079831838607788, 0.6695877909660339, 0.6578961610794067, 0.5602146983146667, 0.2008827179670334]"
2,centroid,1,305,Ratikon,Ratikon,"[""Ratikon"", ""Denom"", ""Nivalis"", ""Ilias"", ""Trius""]","[0.8545185327529907, 0.6958323121070862, 0.5903664827346802, 0.5869640707969666, 0.2512015700340271]"
2,centroid,1,306,Ratikon,Ratikon,"[""Ratikon"", ""Ilias"", ""Denom"", ""Nivalis"", ""Velorum""]","[0.8520816564559937, 0.7731828093528748, 0.7035519480705261, 0.6803105473518372, 0.49865102767944336]"
2,centroid,1,307,Ratikon,Ratikon,"[""Ratikon"", ""Ilias"", ""Denom"", ""Nivalis"", ""Vega""]","[0.8983194231987, 0.6745903491973877, 0.6314268112182617, 0.47389596700668335, 0.2220611274242401]"
2,centroid,1,308,Ratikon,Ratikon,"[""Ratikon"", ""Denom"", ""Nivalis"", ""Ilias"", ""Vega""]","[0.8793193101882935, 0.8379402756690979, 0.6921023726463318, 0.5186640024185181, 0.1330660581588745]"
2,centroid,1,309,Ratikon,Ratikon,"[""Ratikon"", ""Ilias"", ""Denom"", ""Velorum"", ""Nivalis""]","[0.7940435409545898, 0.7037806510925293, 0.5800104141235352, 0.5491502285003662, 0.5416384935379028]"
2,centroid,1,310,Ratikon,Ratikon,"[""Ratikon"", ""Denom"", ""Ilias"", ""Nivalis"", ""Vega""]","[0.9211730360984802, 0.7727859020233154, 0.7139277458190918, 0.6759212017059326, 0.1452954113483429]"
2,centroid,1,311,Ratikon,Ratikon,"[""Ratikon"", ""Denom"", ""Nivalis"", ""Ilias"", ""Velorum""]","[0.9114727973937988, 0.7753334045410156, 0.6807699203491211, 0.5699146389961243, 0.07247026264667511]"
2,centroid,1,312,Ratikon,Ratikon,"[""Ratikon"", ""Ilias"", ""Denom"", ""Nivalis"", ""Alaris""]","[0.9755237698554993, 0.655849814414978, 0.6503126621246338, 0.5822064876556396, 0.13062527775764465]"
2,centroid,1,313,Ratikon,Ratikon,"[""Ratikon"", ""Ilias"", ""Denom"", ""Nivalis"", ""Velorum""]","[0.8834038972854614, 0.7403963208198547, 0.5205047130584717, 0.41006213426589966, 0.23877879977226257]"
2,centroid,1,314,Ratikon,Ratikon,"[""Ratikon"", ""Ilias"", ""Nivalis"", ""Denom"", ""Vega""]","[0.8627150058746338, 0.699876070022583, 0.6458874940872192, 0.5872536897659302, 0.315105140209198]"
2,centroid,1,315,Ratikon,Ratikon,"[""Ratikon"", ""Denom"", ""Ilias"", ""Nivalis"", ""Steel_Wheel""]","[0.7523404359817505, 0.6104680299758911, 0.5555431246757507, 0.2890356779098511, 0.15750432014465332]"
2,centroid,1,316,Ratikon,Ilias,"[""Ilias"", ""Ratikon"", ""Denom"", ""Nivalis"", ""Velorum""]","[0.8206287026405334, 0.7184876799583435, 0.6702011227607727, 0.45310473442077637, 0.377155601978302]"
2,centroid,1,317,Ratikon,Denom,"[""Denom"", ""Ratikon"", ""Nivalis"", ""Ilias"", ""Trius""]","[0.8502328395843506, 0.6434774398803711, 0.533809244632721, 0.3307582139968872, 0.27338844537734985]"
2,centroid,1,318,Ratikon,Ratikon,"[""Ratikon"", ""Ilias"", ""Nivalis"", ""Denom"", ""Alaris""]","[0.869992196559906, 0.558896541595459, 0.462185800075531, 0.3878588080406189, 0.3091810941696167]"
2,centroid,1,319,Ratikon,Ratikon,"[""Ratikon"", ""Nivalis"", ""Denom"", ""Ilias"", ""Velorum""]","[0.8733929991722107, 0.7761840224266052, 0.6534777283668518, 0.5898149013519287, 0.19986429810523987]"
2,centroid,1,320,Ratikon,Ratikon,"[""Ratikon"", ""Denom"", ""Nivalis"", ""Ilias"", ""Velorum""]","[0.8823155164718628, 0.7888164520263672, 0.7876855134963989, 0.5307948589324951, 0.12405363470315933]"
2,centroid,1,321,Steel_Wheel,Steel_Wheel,"[""Steel_Wheel"", ""Xtreme"", ""Nivalis"", ""Denom"", ""Alaris""]","[0.9694457650184631, 0.07359038293361664, 0.01679864525794983, 0.011258375830948353, -0.0358039066195488]"
2,centroid,1,322,Steel_Wheel,Steel_Wheel,"[""Steel_Wheel"", ""Xtreme"", ""Nivalis"", ""Alaris"", ""Hawk""]","[0.9515427947044373, 0.07706769555807114, 0.06955161690711975, 0.029198117554187775, 0.022237662225961685]"
2,centroid,1,323,Steel_Wheel,Steel_Wheel,"[""Steel_Wheel"", ""Alcatras"", ""Alaris"", ""Xtreme"", ""Mytikas""]","[0.9433708190917969, 0.12698593735694885, 0.08951422572135925, 0.07313841581344604, 0.06823691725730896]"
2,centroid,1,324,Steel_Wheel,Steel_Wheel,"[""Steel_Wheel"", ""Xtreme"", ""Alcatras"", ""Mytikas"", ""Nivalis""]","[0.9503328800201416, 0.12485150992870331, 0.04644882678985596, 0.03811239078640938, 0.031848374754190445]"
2,centroid,1,325,Steel_Wheel,Steel_Wheel,"[""Steel_Wheel"", ""Xtreme"", ""Velorum"", ""Nivalis"", ""Denom""]","[0.8375250101089478, 0.18054267764091492, 0.1434413492679596, 0.1409241259098053, 0.10573519766330719]"
2,centroid,1,326,Steel_Wheel,Steel_Wheel,"[""Steel_Wheel"", ""Nivalis"", ""Turbine"", ""Mytikas"", ""Velorum""]","[0.9170103073120117, 0.15961450338363647, 0.03970210626721382, 0.034359004348516464, 0.010440630838274956]"
2,centroid,1,327,Steel_Wheel,Steel_Wheel,"[""Steel_Wheel"", ""Xtreme"", ""Nivalis"", ""Denom"", ""Alaris""]","[0.8870599269866943, 0.09392108023166656, 0.08850710093975067, 0.06621172279119492, 0.06536786258220673]"
2,centroid,1,328,Steel_Wheel,Steel_Wheel,"[""Steel_Wheel"", ""Denom"", ""Velorum"", ""Xtreme"", ""Ratikon""]","[0.9204813241958618, 0.035854440182447433, 0.0324086993932724, 0.02598705142736435, 0.025517866015434265]"
2,centroid,1,329,Steel_Wheel,Steel_Wheel,"[""Steel_Wheel"", ""Alcatras"", ""Xtreme"", ""Nivalis"", ""Alaris""]","[0.9360193014144897, 0.12045125663280487, 0.0909535139799118, 0.05133504047989845, 0.049915969371795654]"
2,centroid,1,330,Steel_Wheel,Steel_Wheel,"[""Steel_Wheel"", ""Mytikas"", ""Nivalis"", ""Ratikon"", ""Xtreme""]","[0.9545795917510986, 0.13758274912834167, 0.05612703412771225, -2.026185393333435e-05, -0.008395031094551086]"
2,centroid,1,331,Steel_Wheel,Steel_Wheel,"[""Steel_Wheel"", ""Xtreme"", ""Denom"", ""Gemini"", ""Nivalis""]","[0.9079931974411011, 0.16387328505516052, 0.09407467395067215, 0.05045771598815918, -0.02800600975751877]"
2,centroid,1,332,Steel_Wheel,Steel_Wheel,"[""Steel_Wheel"", ""Xtreme"", ""Nivalis"", ""Turbine"", ""Hawk""]","[0.9366445541381836, 0.0683462843298912, 0.06814585626125336, -0.02333865687251091, -0.042835354804992676]"
2,centroid,1,333,Steel_Wheel,Steel_Wheel,"[""Steel_Wheel"", ""Nivalis"", ""Ratikon"", ""Turbine"", ""Denom""]","[0.9035130739212036, 0.24439923465251923, 0.1288897544145584, 0.061955906450748444, 0.058489590883255005]"
2,centroid,1,334,Steel_Wheel,Steel_Wheel,"[""Steel_Wheel"", ""Xtreme"", ""Mytikas"", ""Nivalis"", ""Castor""]","[0.9600354433059692, 0.10707776248455048, 0.06824782490730286, 0.03373771160840988, 0.02687065862119198]"
2,centroid,1,335,Steel_Wheel,Steel_Wheel,"[""Steel_Wheel"", ""Alcatras"", ""Mytikas"", ""Nivalis"", ""Alaris""]","[0.9673266410827637, 0.06373978406190872, 0.058240629732608795, 0.055838387459516525, 0.035216860473155975]"
2,centroid,1,336,Steel_Wheel,Steel_Wheel,"[""Steel_Wheel"", ""Nivalis"", ""Denom"", ""Xtreme"", ""Hawk""]","[0.9725017547607422, 0.055783651769161224, 0.04842938482761383, 0.03942570090293884, 0.0007304772734642029]"
2,centroid,1,337,Steel_Wheel,Steel_Wheel,"[""Steel_Wheel"", ""Nivalis"", ""Denom"", ""Ratikon"", ""Xtreme""]","[0.9448757171630859, 0.17103862762451172, 0.06626799702644348, 0.05150904506444931, 0.02544976770877838]"
2,centroid,1,338,Steel_Wheel,Steel_Wheel,"[""Steel_Wheel"", ""Mytikas"", ""Xtreme"", ""Alcatras"", ""Castor""]","[0.9170732498168945, 0.2907215356826782, 0.12244163453578949, 0.1107899397611618, 0.06305072456598282]"
2,centroid,1,339,Steel_Wheel,Steel_Wheel,"[""Steel_Wheel"", ""Mytikas"", ""Alcatras"", ""Xtreme"", ""Alaris""]","[0.9401798248291016, 0.18441259860992432, 0.14658397436141968, 0.10466432571411133, 0.047900326550006866]"
2,centroid,1,340,Steel_Wheel,Steel_Wheel,"[""Steel_Wheel"", ""Xtreme"", ""Denom"", ""Nivalis"", ""Velorum""]","[0.9649831056594849, 0.10659439861774445, 0.10500530153512955, 0.07777704298496246, -0.020504148676991463]"
2,centroid,1,341,Steel_Wheel,Steel_Wheel,"[""Steel_Wheel"", ""Nivalis"", ""Xtreme"", ""Velorum"", ""Hawk""]","[0.925467848777771, 0.1651897132396698, 0.1588156372308731, 0.10908849537372589, 0.010431088507175446]"
2,centroid,1,342,Steel_Wheel,Steel_Wheel,"[""Steel_Wheel"", ""Xtreme"", ""Nivalis"", ""Mytikas"", ""Hawk""]","[0.9437963962554932, 0.1661939173936844, 0.1550443470478058, 0.04573452100157738, -0.016900544986128807]"
2,centroid,1,343,Steel_Wheel,Steel_Wheel,"[""Steel_Wheel"", ""Nivalis"", ""Xtreme"", ""Hawk"", ""Velorum""]","[0.9243104457855225, 0.1624860167503357, 0.032698944211006165, 0.02847171761095524, 0.01751537248492241]"
2,centroid,1,344,Steel_Wheel,Steel_Wheel,"[""Steel_Wheel"", ""Alaris"", ""Hawk"", ""Mytikas"", ""Alcatras""]","[0.8941618204116821, 0.13075962662696838, 0.09788364917039871, 0.07690804451704025, 0.07202835381031036]"
2,centroid,1,345,Steel_Wheel,Steel_Wheel,"[""Steel_Wheel"", ""Xtreme"", ""Nivalis"", ""Mytikas"", ""Velorum""]","[0.970921516418457, 0.08870530873537064, 0.0868285521864891, 0.07153913378715515, 0.016400199383497238]"
2,centroid,1,346,Steel_Wheel,Steel_Wheel,"[""Steel_Wheel"", ""Hawk"", ""Nivalis"", ""Xtreme"", ""Alaris""]","[0.9204276204109192, 0.12513723969459534, 0.09385828673839569, 0.0633278638124466, 0.06100884824991226]"
2,centroid,1,347,Steel_Wheel,Steel_Wheel,"[""Steel_Wheel"", ""Nivalis"", ""Turbine"", ""Mytikas"", ""Castor""]","[0.9251923561096191, 0.09684746712446213, 0.08816561102867126, 0.05695623904466629, 0.04918394610285759]"
2,centroid,1,348,Steel_Wheel,Steel_Wheel,"[""Steel_Wheel"", ""Mytikas"", ""Castor"", ""Xtreme"", ""Alcatras""]","[0.9462268352508545, 0.02875499613583088, 0.01732548698782921, 0.015036236494779587, 0.002857290208339691]"
2,centroid,1,349,Steel_Wheel,Steel_Wheel,"[""Steel_Wheel"", ""Nivalis"", ""Ratikon"", ""Turbine"", ""Vega""]","[0.9340928792953491, 0.11097326874732971, 0.06913796812295914, 0.04121836647391319, 0.03587076812982559]"
2,centroid,1,350,Steel_Wheel,Steel_Wheel,"[""Steel_Wheel"", ""Denom"", ""Alaris"", ""Trius"", ""Xtreme""]","[0.9049777388572693, 0.13400354981422424, 0.13276883959770203, 0.1166670173406601, 0.0729760155081749]"
2,centroid,1,351,Steel_Wheel,Steel_Wheel,"[""Steel_Wheel"", ""Mytikas"", ""Nivalis"", ""Velorum"", ""Xtreme""]","[0.9562653303146362, 0.10580876469612122, 0.0016480926424264908, 0.0008698180317878723, 5.83454966545105e-05]"
2,centroid,1,352,Steel_Wheel,Steel_Wheel,"[""Steel_Wheel"", ""Ratikon"", ""Alaris"", ""Alcatras"", ""Denom""]","[0.8856021761894226, 0.1711978018283844, 0.16364730894565582, 0.09751249849796295, 0.059521473944187164]"
2,centroid,1,353,Steel_Wheel,Steel_Wheel,"[""Steel_Wheel"", ""Xtreme"", ""Nivalis"", ""Alcatras"", ""Denom""]","[0.9486889839172363, 0.15526928007602692, 0.09556716680526733, 0.013746367767453194, 0.009834754280745983]"
2,centroid,1,354,Steel_Wheel,Steel_Wheel,"[""Steel_Wheel"", ""Castor"", ""Xtreme"", ""Denom"", ""Braga""]","[0.7738635540008545, 0.03235239535570145, 0.00045462697744369507, -0.001975760795176029, -0.015684667974710464]"
2,centroid,1,355,Steel_Wheel,Steel_Wheel,"[""Steel_Wheel"", ""Xtreme"", ""Mytikas"", ""Gemini"", ""Trius""]","[0.916152834892273, 0.24308714270591736, 0.05856136605143547, 0.03524964675307274, -0.02410435676574707]"
2,centroid,1,356,Triton,Triton,"[""Triton"", ""Trius"", ""Braga"", ""Mytikas"", ""Alcatras""]","[0.8955632448196411, 0.6933813691139221, 0.6205452680587769, 0.5654627680778503, 0.30541181564331055]"
2,centroid,1,357,Triton,Triton,"[""Triton"", ""Mytikas"", ""Trius"", ""Braga"", ""Alcatras""]","[0.9065609574317932, 0.7195839285850525, 0.7034437656402588, 0.48747265338897705, 0.4162319302558899]"
2,centroid,1,358,Triton,Triton,"[""Triton"", ""Mytikas"", ""Trius"", ""Castor"", ""Velorum""]","[0.8099066019058228, 0.5492063760757446, 0.4699607491493225, 0.33066433668136597, 0.23451969027519226]"
2,centroid,1,359,Triton,Triton,"[""Triton"", ""Mytikas"", ""Castor"", ""Turbine"", ""Braga""]","[0.7086960673332214, 0.6244187951087952, 0.5160151124000549, 0.48972469568252563, 0.4232421815395355]"
2,centroid,1,360,Triton,Trius,"[""Trius"", ""Triton"", ""Braga"", ""Gemini"", ""Mytikas""]","[0.6947362422943115, 0.6736950874328613, 0.27821916341781616, 0.19112513959407806, 0.18562252819538116]"
2,centroid,1,361,Triton,Triton,"[""Triton"", ""Mytikas"", ""Trius"", ""Castor"", ""Braga""]","[0.8817355632781982, 0.6307371854782104, 0.5422121286392212, 0.5133082270622253, 0.441567599773407]"
2,centroid,1,362,Triton,Triton,"[""Triton"", ""Mytikas"", ""Braga"", ""Castor"", ""Trius""]","[0.6940470337867737, 0.6836853623390198, 0.5525466203689575, 0.5208669900894165, 0.5208547711372375]"
2,centroid,1,363,Triton,Alcatras,"[""Alcatras"", ""Alaris"", ""Trius"", ""Mytikas"", ""Triton""]","[0.6835474371910095, 0.6673812866210938, 0.628914475440979, 0.4885636270046234, 0.4818558394908905]"
2,centroid,1,364,Triton,Triton,"[""Triton"", ""Mytikas"", ""Trius"", ""Braga"", ""Castor""]","[0.9106176495552063, 0.6219528317451477, 0.6147888898849487, 0.4679552912712097, 0.35349470376968384]"
2,centroid,1,365,Triton,Triton,"[""Triton"", ""Mytikas"", ""Trius"", ""Braga"", ""Castor""]","[0.9443816542625427, 0.7543059587478638, 0.6135095357894897, 0.45390933752059937, 0.3257449269294739]"
2,centroid,1,366,Triton,Triton,"[""Triton"", ""Trius"", ""Braga"", ""Mytikas"", ""Castor""]","[0.8697765469551086, 0.6735944151878357, 0.605305552482605, 0.5859047770500183, 0.47147250175476074]"
2,centroid,1,367,Triton,Triton,"[""Triton"", ""Trius"", ""Mytikas"", ""Braga"", ""Castor""]","[0.8336455821990967, 0.792365550994873, 0.5177168846130371, 0.42904824018478394, 0.3876906633377075]"
2,centroid,1,368,Triton,Alcatras,"[""Alcatras"", ""Braga"", ""Mytikas"", ""Triton"", ""Trius""]","[0.6857418417930603, 0.6838711500167847, 0.6740827560424805, 0.6597571969032288, 0.53050696849823]"
2,centroid,1,369,Triton,Triton,"[""Triton"", ""Mytikas"", ""Braga"", ""Castor"", ""Turbine""]","[0.8327322006225586, 0.7300889492034912, 0.5196903944015503, 0.48990142345428467, 0.4811065196990967]"
2,centroid,1,370,Triton,Triton,"[""Triton"", ""Mytikas"", ""Castor"", ""Braga"", ""Trius""]","[0.7888824939727783, 0.6514663696289062, 0.5959328413009644, 0.556979775428772, 0.5555582046508789]"
2,centroid,1,371,Triton,Triton,"[""Triton"", ""Mytikas"", ""Trius"", ""Castor"", ""Xtreme""]","[0.8537838459014893, 0.5810419917106628, 0.4191373586654663, 0.26240310072898865, 0.25426870584487915]"
2,centroid,1,372,Triton,Triton,"[""Triton"", ""Mytikas"", ""Castor"", ""Braga"", ""Trius""]","[0.8816763162612915, 0.8562352657318115, 0.640229344367981, 0.6160909533500671, 0.6013653874397278]"
2,centroid,1,373,Triton,Triton,"[""Triton"", ""Trius"", ""Mytikas"", ""Braga"", ""Castor""]","[0.86026531457901, 0.5600816011428833, 0.5105867385864258, 0.37857842445373535, 0.3412076234817505]"
2,centroid,1,374,Triton,Trius,"[""Trius"", ""Gemini"", ""Vega"", ""Braga"", ""Alaris""]","[0.7663441300392151, 0.6359130144119263, 0.5802091360092163, 0.5452698469161987, 0.5350472927093506]"
2,centroid,1,375,Triton,Triton,"[""Triton"", ""Trius"", ""Mytikas"", ""Braga"", ""Castor""]","[0.886905312538147, 0.8298546075820923, 0.5888797044754028, 0.540658712387085, 0.3936957120895386]"
2,centroid,1,376,Triton,Triton,"[""Triton"", ""Mytikas"", ""Trius"", ""Castor"", ""Velorum""]","[0.8337869644165039, 0.669529914855957, 0.46634000539779663, 0.360533744096756, 0.31843140721321106]"
2,centroid,1,377,Triton,Triton,"[""Triton"", ""Trius"", ""Mytikas"", ""Castor"", ""Braga""]","[0.8960461616516113, 0.626218855381012, 0.5263212323188782, 0.3864910304546356, 0.38015463948249817]"
2,centroid,1,378,Triton,Mytikas,"[""Mytikas"", ""Trius"", ""Gemini"", ""Nivalis"", ""Vega""]","[0.37486574053764343, 0.3337661027908325, 0.3319096565246582, 0.24422848224639893, 0.20292213559150696]"
2,centroid,1,379,Triton,Triton,"[""Triton"", ""Mytikas"", ""Trius"", ""Castor"", ""Braga""]","[0.8548587560653687, 0.6032748222351074, 0.5086714029312134, 0.3880283534526825, 0.36374813318252563]"
2,centroid,1,380,Triton,Triton,"[""Triton"", ""Mytikas"", ""Castor"", ""Trius"", ""Braga""]","[0.8838576674461365, 0.6598566770553589, 0.6573178768157959, 0.45684805512428284, 0.3888215124607086]"
2,centroid,1,381,Triton,Triton,"[""Triton"", ""Mytikas"", ""Castor"", ""Trius"", ""Braga""]","[0.8842880725860596, 0.6203238368034363, 0.4923602342605591, 0.48643195629119873, 0.3791602849960327]"
2,centroid,1,382,Triton,Triton,"[""Triton"", ""Mytikas"", ""Trius"", ""Braga"", ""Castor""]","[0.8643346428871155, 0.7189028859138489, 0.5782435536384583, 0.43173569440841675, 0.4166412949562073]"
2,centroid,1,383,Triton,Trius,"[""Trius"", ""Triton"", ""Braga"", ""Alcatras"", ""Mytikas""]","[0.7103217244148254, 0.6906341314315796, 0.5336047410964966, 0.5218539237976074, 0.5049813985824585]"
2,centroid,1,384,Triton,Triton,"[""Triton"", ""Trius"", ""Mytikas"", ""Castor"", ""Braga""]","[0.9113222360610962, 0.6729549169540405, 0.5303332805633545, 0.33790305256843567, 0.33103397488594055]"
2,centroid,1,385,Triton,Triton,"[""Triton"", ""Trius"", ""Mytikas"", ""Ilias"", ""Alaris""]","[0.816612958908081, 0.6190663576126099, 0.5804175734519958, 0.3023883104324341, 0.28063881397247314]"
2,centroid,1,386,Triton,Triton,"[""Triton"", ""Mytikas"", ""Braga"", ""Trius"", ""Castor""]","[0.8797601461410522, 0.6839853525161743, 0.42282870411872864, 0.4118867516517639, 0.3852730393409729]"
2,centroid,1,387,Triton,Triton,"[""Triton"", ""Trius"", ""Mytikas"", ""Braga"", ""Gemini""]","[0.8666983842849731, 0.6364797949790955, 0.5501267910003662, 0.4660905599594116, 0.20631587505340576]"
2,centroid,1,388,Triton,Trius,"[""Trius"", ""Mytikas"", ""Gemini"", ""Steel_Wheel"", ""Triton""]","[0.526129424571991, 0.4809589385986328, 0.3465631604194641, 0.3099317252635956, 0.24509349465370178]"
2,centroid,1,389,Triton,Triton,"[""Triton"", ""Trius"", ""Mytikas"", ""Braga"", ""Alcatras""]","[0.8778069019317627, 0.7657538652420044, 0.7175946235656738, 0.6583693027496338, 0.4672392010688782]"
2,centroid,1,390,Triton,Triton,"[""Triton"", ""Trius"", ""Mytikas"", ""Ilias"", ""Braga""]","[0.8954585194587708, 0.6235877871513367, 0.5477450489997864, 0.3619104325771332, 0.2740550637245178]"
2,centroid,1,391,Triton,Triton,"[""Triton"", ""Braga"", ""Mytikas"", ""Trius"", ""Castor""]","[0.9156644940376282, 0.6510742902755737, 0.6025117039680481, 0.5636065006256104, 0.4546322226524353]"
2,centroid,1,392,Triton,Triton,"[""Triton"", ""Trius"", ""Braga"", ""Mytikas"", ""Castor""]","[0.8016104698181152, 0.743466854095459, 0.5737651586532593, 0.43928512930870056, 0.4070964455604553]"
2,centroid,1,393,Triton,Triton,"[""Triton"", ""Mytikas"", ""Trius"", ""Castor"", ""Ilias""]","[0.8407825231552124, 0.4838780164718628, 0.31603342294692993, 0.31018272042274475, 0.30461281538009644]"
2,centroid,1,394,Triton,Castor,"[""Castor"", ""Braga"", ""Mytikas"", ""Turbine"", ""Alcatras""]","[0.7359435558319092, 0.6584809422492981, 0.6087750196456909, 0.5644072890281677, 0.524570882320404]"
2,centroid,1,395,Triton,Triton,"[""Triton"", ""Mytikas"", ""Trius"", ""Braga"", ""Gemini""]","[0.7761915922164917, 0.5778005123138428, 0.4710177183151245, 0.4206051826477051, 0.37934109568595886]"
2,centroid,1,396,Triton,Triton,"[""Triton"", ""Castor"", ""Trius"", ""Mytikas"", ""Braga""]","[0.8437920808792114, 0.4901328682899475, 0.48055073618888855, 0.4261649250984192, 0.30104348063468933]"
2,centroid,1,397,Triton,Triton,"[""Triton"", ""Trius"", ""Braga"", ""Gemini"", ""Mytikas""]","[0.7588671445846558, 0.7448129057884216, 0.5182845592498779, 0.5045520067214966, 0.44321128726005554]"
2,centroid,1,398,Triton,Triton,"[""Triton"", ""Mytikas"", ""Trius"", ""Braga"", ""Castor""]","[0.9383763074874878, 0.7127996683120728, 0.5719723701477051, 0.5175825953483582, 0.42986994981765747]"
2,centroid,1,399,Triton,Triton,"[""Triton"", ""Mytikas"", ""Castor"", ""Braga"", ""Turbine""]","[0.7578442096710205, 0.45127731561660767, 0.4310463070869446, 0.38292986154556274, 0.3563871681690216]"
2,centroid,1,400,Triton,Triton,"[""Triton"", ""Mytikas"", ""Castor"", ""Alcatras"", ""Trius""]","[0.64961177110672, 0.6071577072143555, 0.5739585161209106, 0.564422070980072, 0.47252342104911804]"
2,centroid,1,401,Triton,Triton,"[""Triton"", ""Mytikas"", ""Trius"", ""Castor"", ""Braga""]","[0.8004417419433594, 0.6268336772918701, 0.5515187978744507, 0.4806593060493469, 0.4137524962425232]"
2,centroid,1,402,Triton,Triton,"[""Triton"", ""Castor"", ""Trius"", ""Mytikas"", ""Braga""]","[0.7188138961791992, 0.5610710978507996, 0.5536848306655884, 0.4708324074745178, 0.46251851320266724]"
2,centroid,1,403,Triton,Triton,"[""Triton"", ""Mytikas"", ""Trius"", ""Braga"", ""Castor""]","[0.9399685263633728, 0.6085248589515686, 0.606304943561554, 0.46939900517463684, 0.42037248611450195]"
2,centroid,1,404,Triton,Triton,"[""Triton"", ""Trius"", ""Mytikas"", ""Braga"", ""Castor""]","[0.8728507161140442, 0.534403920173645, 0.5029505491256714, 0.48922199010849, 0.36055439710617065]"
2,centroid,1,405,Triton,Triton,"[""Triton"", ""Trius"", ""Mytikas"", ""Castor"", ""Braga""]","[0.7873818874359131, 0.5221537351608276, 0.4676932692527771, 0.37875252962112427, 0.2855934202671051]"
2,centroid,1,406,Triton,Triton,"[""Triton"", ""Mytikas"", ""Trius"", ""Castor"", ""Braga""]","[0.8049741387367249, 0.5644811987876892, 0.45686405897140503, 0.32314783334732056, 0.30147621035575867]"
2,centroid,1,407,Triton,Triton,"[""Triton"", ""Mytikas"", ""Trius"", ""Castor"", ""Alcatras""]","[0.8357192277908325, 0.5838552117347717, 0.5779067277908325, 0.5297845602035522, 0.3165048360824585]"
2,centroid,1,408,Triton,Triton,"[""Triton"", ""Mytikas"", ""Trius"", ""Braga"", ""Castor""]","[0.9480642080307007, 0.6936796307563782, 0.5928331613540649, 0.44863414764404297, 0.40232494473457336]"
2,centroid,1,409,Trius,Trius,"[""Trius"", ""Triton"", ""Braga"", ""Mytikas"", ""Gemini""]","[0.8172088861465454, 0.641333281993866, 0.47710976004600525, 0.45061197876930237, 0.4271238446235657]"
2,centroid,1,410,Trius,Triton,"[""Triton"", ""Braga"", ""Trius"", ""Castor"", ""Turbine""]","[0.6369256973266602, 0.5909970998764038, 0.5281999111175537, 0.398740291595459, 0.37837809324264526]"
2,centroid,1,411,Trius,Trius,"[""Trius"", ""Triton"", ""Braga"", ""Alcatras"", ""Mytikas""]","[0.7728097438812256, 0.6811609268188477, 0.6700550317764282, 0.5941048264503479, 0.5888861417770386]"
2,centroid,1,412,Trius,Trius,"[""Trius"", ""Braga"", ""Mytikas"", ""Alcatras"", ""Vega""]","[0.6867876648902893, 0.6324522495269775, 0.5381954908370972, 0.5151419043540955, 0.4619450867176056]"
2,centroid,1,413,Trius,Trius,"[""Trius"", ""Alcatras"", ""Gemini"", ""Alaris"", ""Triton""]","[0.7279753088951111, 0.5974148511886597, 0.5227261781692505, 0.5191954970359802, 0.3772846460342407]"
2,centroid,1,414,Trius,Trius,"[""Trius"", ""Mytikas"", ""Gemini"", ""Velorum"", ""Alcatras""]","[0.5911400318145752, 0.4426783323287964, 0.3142026960849762, 0.2914302945137024, 0.27083009481430054]"
2,centroid,1,415,Trius,Trius,"[""Trius"", ""Triton"", ""Gemini"", ""Alaris"", ""Braga""]","[0.8689601421356201, 0.5495322942733765, 0.53477942943573, 0.3897972106933594, 0.3503860533237457]"
2,centroid,1,416,Trius,Trius,"[""Trius"", ""Braga"", ""Gemini"", ""Mytikas"", ""Triton""]","[0.7390346527099609, 0.689534068107605, 0.5722979307174683, 0.5394959449768066, 0.4492771625518799]"
2,centroid,1,417,Trius,Trius,"[""Trius"", ""Braga"", ""Alcatras"", ""Alaris"", ""Mytikas""]","[0.810483455657959, 0.545249342918396, 0.5079619884490967, 0.47557398676872253, 0.4489683508872986]"
2,centroid,1,418,Trius,Trius,"[""Trius"", ""Triton"", ""Braga"", ""Castor"", ""Mytikas""]","[0.7813193202018738, 0.595684826374054, 0.44821250438690186, 0.4200494885444641, 0.3645208477973938]"
2,centroid,1,419,Trius,Trius,"[""Trius"", ""Braga"", ""Alaris"", ""Triton"", ""Vega""]","[0.7838809490203857, 0.6808888912200928, 0.4902939200401306, 0.42184698581695557, 0.3489712178707123]"
2,centroid,1,420,Trius,Alaris,"[""Alaris"", ""Trius"", ""Braga"", ""Alcatras"", ""Hawk""]","[0.6159428954124451, 0.5990512371063232, 0.5505540370941162, 0.38169199228286743, 0.36502543091773987]"
2,centroid,1,421,Trius,Trius,"[""Trius"", ""Castor"", ""Triton"", ""Alcatras"", ""Braga""]","[0.7206133604049683, 0.6679534316062927, 0.6018397808074951, 0.5621480345726013, 0.5595953464508057]"
2,centroid,1,422,Trius,Trius,"[""Trius"", ""Triton"", ""Alaris"", ""Vega"", ""Braga""]","[0.6673253774642944, 0.42368772625923157, 0.2878356873989105, 0.27562808990478516, 0.26704782247543335]"
2,centroid,1,423,Trius,Denom,"[""Denom"", ""Gemini"", ""Nivalis"", ""Xtreme"", ""Vega""]","[0.4192734956741333, 0.35504037141799927, 0.34852349758148193, 0.3138309419155121, 0.24334293603897095]"
2,centroid,1,424,Trius,Trius,"[""Trius"", ""Gemini"", ""Triton"", ""Alaris"", ""Vega""]","[0.8385622501373291, 0.563334584236145, 0.49774235486984253, 0.4780013859272003, 0.43506893515586853]"
2,centroid,1,425,Trius,Trius,"[""Trius"", ""Braga"", ""Mytikas"", ""Triton"", ""Alaris""]","[0.677851676940918, 0.6748466491699219, 0.6397692561149597, 0.6343754529953003, 0.5106542110443115]"
2,centroid,1,426,Trius,Trius,"[""Trius"", ""Triton"", ""Alaris"", ""Braga"", ""Gemini""]","[0.9244929552078247, 0.5923725366592407, 0.5007143020629883, 0.4388299286365509, 0.40887096524238586]"
2,centroid,1,427,Trius,Trius,"[""Trius"", ""Alaris"", ""Vega"", ""Alcatras"", ""Braga""]","[0.6939734816551208, 0.6575552225112915, 0.5755353569984436, 0.5682026147842407, 0.4915284216403961]"
2,centroid,1,428,Trius,Nivalis,"[""Nivalis"", ""Vega"", ""Trius"", ""Gemini"", ""Denom""]","[0.5261775255203247, 0.4349657893180847, 0.3920822739601135, 0.3383599519729614, 0.2561664581298828]"
2,centroid,1,429,Trius,Triton,"[""Triton"", ""Trius"", ""Mytikas"", ""Braga"", ""Castor""]","[0.8423197269439697, 0.7422678470611572, 0.5474637746810913, 0.5012093186378479, 0.49470221996307373]"
2,centroid,1,430,Trius,Trius,"[""Trius"", ""Braga"", ""Alaris"", ""Alcatras"", ""Gemini""]","[0.5131699442863464, 0.4180758595466614, 0.4053293764591217, 0.3438396453857422, 0.2920345366001129]"
2,centroid,1,431,Trius,Trius,"[""Trius"", ""Mytikas"", ""Triton"", ""Alcatras"", ""Alaris""]","[0.7554492950439453, 0.6363331079483032, 0.6280097961425781, 0.558869481086731, 0.5277006030082703]"
2,centroid,1,432,Trius,Trius,"[""Trius"", ""Alaris"", ""Alcatras"", ""Braga"", ""Mytikas""]","[0.7876927852630615, 0.703223705291748, 0.5794018507003784, 0.5606983304023743, 0.405863881111145]"
2,centroid,1,433,Trius,Trius,"[""Trius"", ""Alaris"", ""Vega"", ""Mytikas"", ""Braga""]","[0.6846094131469727, 0.4121730327606201, 0.36250561475753784, 0.32955053448677063, 0.2712400257587433]"
2,centroid,1,434,Trius,Trius,"[""Trius"", ""Gemini"", ""Steel_Wheel"", ""Mytikas"", ""Triton""]","[0.6382570266723633, 0.42975038290023804, 0.2859468460083008, 0.27797359228134155, 0.23513658344745636]"
2,centroid,1,435,Trius,Trius,"[""Trius"", ""Alaris"", ""Alcatras"", ""Braga"", ""Hawk""]","[0.7764481902122498, 0.7170373201370239, 0.6193729639053345, 0.5689555406570435, 0.4426741302013397]"
2,centroid,1,436,Trius,Trius,"[""Trius"", ""Triton"", ""Braga"", ""Alaris"", ""Mytikas""]","[0.9046352505683899, 0.6340206265449524, 0.5072988867759705, 0.4271892011165619, 0.39081263542175293]"
2,centroid,1,437,Trius,Trius,"[""Trius"", ""Alaris"", ""Braga"", ""Vega"", ""Alcatras""]","[0.6840647459030151, 0.5692166090011597, 0.41449275612831116, 0.36903735995292664, 0.3504370450973511]"
2,centroid,1,438,Trius,Trius,"[""Trius"", ""Gemini"", ""Steel_Wheel"", ""Xtreme"", ""Mytikas""]","[0.4890836775302887, 0.35401129722595215, 0.2930872142314911, 0.28030258417129517, 0.23807935416698456]"
2,centroid,1,439,Trius,Trius,"[""Trius"", ""Alaris"", ""Braga"", ""Alcatras"", ""Triton""]","[0.82747483253479, 0.4806562066078186, 0.4599040150642395, 0.4001225531101227, 0.36687007546424866]"
2,centroid,1,440,Trius,Trius,"[""Trius"", ""Alaris"", ""Alcatras"", ""Braga"", ""Triton""]","[0.7769848108291626, 0.7432547807693481, 0.6567896604537964, 0.5469558835029602, 0.4492111802101135]"
2,centroid,1,441,Trius,Trius,"[""Trius"", ""Vega"", ""Gemini"", ""Alaris"", ""Braga""]","[0.6436667442321777, 0.5288158059120178, 0.37308138608932495, 0.35548636317253113, 0.2972070872783661]"
2,centroid,1,442,Trius,Trius,"[""Trius"", ""Alaris"", ""Mytikas"", ""Alcatras"", ""Braga""]","[0.6984282732009888, 0.5443204641342163, 0.5375882387161255, 0.4850301742553711, 0.32428401708602905]"
2,centroid,1,443,Trius,Trius,"[""Trius"", ""Vega"", ""Alaris"", ""Gemini"", ""Triton""]","[0.7945703268051147, 0.5410923957824707, 0.508563756942749, 0.48101988434791565, 0.45238563418388367]"
2,centroid,1,444,Trius,Trius,"[""Trius"", ""Alaris"", ""Alcatras"", ""Gemini"", ""Braga""]","[0.8527399301528931, 0.6311550140380859, 0.4616810977458954, 0.38324660062789917, 0.31564098596572876]"
2,centroid,1,445,Trius,Trius,"[""Trius"", ""Triton"", ""Mytikas"", ""Braga"", ""Gemini""]","[0.8026703596115112, 0.7687824964523315, 0.49051403999328613, 0.35589149594306946, 0.21258796751499176]"
2,centroid,1,446,Trius,Trius,"[""Trius"", ""Gemini"", ""Triton"", ""Alaris"", ""Alcatras""]","[0.7310819625854492, 0.34729301929473877, 0.3348870277404785, 0.32063761353492737, 0.27219080924987793]"
2,centroid,1,447,Trius,Trius,"[""Trius"", ""Gemini"", ""Braga"", ""Vega"", ""Mytikas""]","[0.7558441758155823, 0.505908727645874, 0.4469125270843506, 0.40421217679977417, 0.32185932993888855]"
2,centroid,1,448,Trius,Trius,"[""Trius"", ""Braga"", ""Alcatras"", ""Gemini"", ""Triton""]","[0.7161142826080322, 0.707263708114624, 0.504639744758606, 0.4833748936653137, 0.43528416752815247]"
2,centroid,1,449,Trius,Trius,"[""Trius"", ""Gemini"", ""Braga"", ""Vega"", ""Alaris""]","[0.6904634237289429, 0.45753416419029236, 0.2380412220954895, 0.2009720802307129, 0.19770118594169617]"
2,centroid,1,450,Turbine,Turbine,"[""Turbine"", ""Vega"", ""Hawk"", ""Castor"", ""Alaris""]","[0.9030019640922546, 0.41510748863220215, 0.40732264518737793, 0.29777792096138, 0.28419819474220276]"
2,centroid,1,451,Turbine,Alcatras,"[""Alcatras"", ""Alaris"", ""Mytikas"", ""Castor"", ""Turbine""]","[0.8263369798660278, 0.6342127323150635, 0.6061588525772095, 0.5759525299072266, 0.48902854323387146]"
2,centroid,1,452,Turbine,Turbine,"[""Turbine"", ""Castor"", ""Alcatras"", ""Braga"", ""Alaris""]","[0.7889721393585205, 0.6944425106048584, 0.6128836274147034, 0.5205854773521423, 0.45131784677505493]"
2,centroid,1,453,Turbine,Turbine,"[""Turbine"", ""Hawk"", ""Braga"", ""Castor"", ""Alcatras""]","[0.8168172240257263, 0.5292965769767761, 0.5140508413314819, 0.46467816829681396, 0.44685429334640503]"
2,centroid,1,454,Turbine,Turbine,"[""Turbine"", ""Braga"", ""Castor"", ""Hawk"", ""Mytikas""]","[0.7380318641662598, 0.6120538115501404, 0.5222522020339966, 0.4737240672111511, 0.45396190881729126]"
2,centroid,1,455,Turbine,Turbine,"[""Turbine"", ""Hawk"", ""Vega"", ""Alaris"", ""Braga""]","[0.9289926886558533, 0.5585504770278931, 0.5038551688194275, 0.47670698165893555, 0.3967025578022003]"
2,centroid,1,456,Turbine,Turbine,"[""Turbine"", ""Vega"", ""Hawk"", ""Castor"", ""Braga""]","[0.8424315452575684, 0.3837410509586334, 0.364493727684021, 0.3604065179824829, 0.32527849078178406]"
2,centroid,1,457,Turbine,Turbine,"[""Turbine"", ""Vega"", ""Braga"", ""Hawk"", ""Alaris""]","[0.7551470994949341, 0.5956884622573853, 0.5480095744132996, 0.4310076832771301, 0.3081270158290863]"
2,centroid,1,458,Turbine,Turbine,"[""Turbine"", ""Alaris"", ""Alcatras"", ""Castor"", ""Hawk""]","[0.9061056971549988, 0.5919750928878784, 0.5165880918502808, 0.47825658321380615, 0.4514573812484741]"
2,centroid,1,459,Turbine,Turbine,"[""Turbine"", ""Hawk"", ""Vega"", ""Castor"", ""Alaris""]","[0.9249391555786133, 0.5152347683906555, 0.4546501040458679, 0.33227622509002686, 0.2938344180583954]"
2,centroid,1,460,Turbine,Turbine,"[""Turbine"", ""Hawk"", ""Vega"", ""Braga"", ""Alaris""]","[0.8258377313613892, 0.44313371181488037, 0.42280322313308716, 0.29800012707710266, 0.2668566405773163]"
2,centroid,1,461,Turbine,Turbine,"[""Turbine"", ""Vega"", ""Hawk"", ""Braga"", ""Castor""]","[0.8857988119125366, 0.3947129249572754, 0.322752445936203, 0.2802286148071289, 0.2575802803039551]"
2,centroid,1,462,Turbine,Turbine,"[""Turbine"", ""Castor"", ""Braga"", ""Alcatras"", ""Alaris""]","[0.8110390901565552, 0.6364532709121704, 0.3859672546386719, 0.37870368361473083, 0.2743564546108246]"
2,centroid,1,463,Turbine,Turbine,"[""Turbine"", ""Alcatras"", ""Braga"", ""Castor"", ""Alaris""]","[0.7428154349327087, 0.6182063817977905, 0.5621456503868103, 0.5116524696350098, 0.49047619104385376]"
2,centroid,1,464,Turbine,Turbine,"[""Turbine"", ""Castor"", ""Alcatras"", ""Alaris"", ""Braga""]","[0.7963953614234924, 0.6339133977890015, 0.5235733985900879, 0.3809751272201538, 0.3510153591632843]"
2,centroid,1,465,Turbine,Turbine,"[""Turbine"", ""Castor"", ""Alcatras"", ""Alaris"", ""Mytikas""]","[0.8034170866012573, 0.7369725704193115, 0.5947182178497314, 0.4840291440486908, 0.3855366110801697]"
2,centroid,1,466,Turbine,Turbine,"[""Turbine"", ""Alcatras"", ""Mytikas"", ""Alaris"", ""Vega""]","[0.7740205526351929, 0.602319061756134, 0.5873438119888306, 0.5286688804626465, 0.5168431997299194]"
2,centroid,1,467,Turbine,Turbine,"[""Turbine"", ""Hawk"", ""Vega"", ""Gemini"", ""Braga""]","[0.768102765083313, 0.6897209882736206, 0.5762488842010498, 0.4169161319732666, 0.38402995467185974]"
2,centroid,1,468,Turbine,Turbine,"[""Turbine"", ""Castor"", ""Mytikas"", ""Alcatras"", ""Hawk""]","[0.8079591393470764, 0.5148758292198181, 0.382664293050766, 0.350311279296875, 0.29102426767349243]"
2,centroid,1,469,Turbine,Braga,"[""Braga"", ""Turbine"", ""Castor"", ""Alcatras"", ""Alaris""]","[0.7641324996948242, 0.6342620253562927, 0.43946391344070435, 0.37084895372390747, 0.3562181890010834]"
2,centroid,1,470,Turbine,Hawk,"[""Hawk"", ""Turbine"", ""Vega"", ""Mytikas"", ""Alaris""]","[0.81090247631073, 0.6865007877349854, 0.4463953971862793, 0.347485214471817, 0.3376431465148926]"
2,centroid,1,471,Turbine,Turbine,"[""Turbine"", ""Hawk"", ""Vega"", ""Alaris"", ""Alcatras""]","[0.7839207649230957, 0.7507001757621765, 0.5234167575836182, 0.4838331937789917, 0.4806251525878906]"
2,centroid,1,472,Turbine,Turbine,"[""Turbine"", ""Castor"", ""Alcatras"", ""Mytikas"", ""Braga""]","[0.7791656851768494, 0.6463725566864014, 0.5471605062484741, 0.41472703218460083, 0.3886479139328003]"
2,centroid,1,473,Turbine,Castor,"[""Castor"", ""Turbine"", ""Mytikas"", ""Braga"", ""Triton""]","[0.8124978542327881, 0.8062169551849365, 0.5368916988372803, 0.41142570972442627, 0.407412588596344]"
2,centroid,1,474,Turbine,Castor,"[""Castor"", ""Turbine"", ""Braga"", ""Mytikas"", ""Triton""]","[0.8680213689804077, 0.678408682346344, 0.5731596946716309, 0.5585750341415405, 0.5358320474624634]"
2,centroid,1,475,Turbine,Turbine,"[""Turbine"", ""Vega"", ""Hawk"", ""Gemini"", ""Alaris""]","[0.8043655157089233, 0.6320090293884277, 0.5051915645599365, 0.26876693964004517, 0.26511168479919434]"
2,centroid,1,476,Turbine,Turbine,"[""Turbine"", ""Alaris"", ""Alcatras"", ""Castor"", ""Braga""]","[0.7964818477630615, 0.5807689428329468, 0.5646789073944092, 0.44982582330703735, 0.4045015871524811]"
2,centroid,1,477,Turbine,Turbine,"[""Turbine"", ""Castor"", ""Alcatras"", ""Braga"", ""Alaris""]","[0.8628617525100708, 0.7387306690216064, 0.38555604219436646, 0.32340899109840393, 0.2637174725532532]"
2,centroid,1,478,Vega,Vega,"[""Vega"", ""Gemini"", ""Hawk"", ""Nivalis"", ""Turbine""]","[0.9206802845001221, 0.44934993982315063, 0.38047540187835693, 0.2258356213569641, 0.16553032398223877]"
2,centroid,1,479,Vega,Vega,"[""Vega"", ""Alaris"", ""Alcatras"", ""Trius"", ""Turbine""]","[0.8057816028594971, 0.6561970710754395, 0.5783401131629944, 0.5072102546691895, 0.5029513835906982]"
2,centroid,1,480,Vega,Vega,"[""Vega"", ""Alaris"", ""Hawk"", ""Braga"", ""Ratikon""]","[0.9104865193367004, 0.48070746660232544, 0.42942014336586, 0.3971096873283386, 0.34942910075187683]"
2,centroid,1,481,Vega,Vega,"[""Vega"", ""Turbine"", ""Braga"", ""Alaris"", ""Hawk""]","[0.8661248683929443, 0.5245938301086426, 0.4313054084777832, 0.4274497628211975, 0.37177780270576477]"
2,centroid,1,482,Vega,Vega,"[""Vega"", ""Turbine"", ""Alaris"", ""Hawk"", ""Gemini""]","[0.9268320798873901, 0.4420827627182007, 0.43694573640823364, 0.3663902282714844, 0.3343161940574646]"
2,centroid,1,483,Vega,Vega,"[""Vega"", ""Alaris"", ""Alcatras"", ""Braga"", ""Trius""]","[0.7908304929733276, 0.5264275670051575, 0.3213241696357727, 0.2928873300552368, 0.28586044907569885]"
2,centroid,1,484,Vega,Vega,"[""Vega"", ""Alaris"", ""Turbine"", ""Hawk"", ""Alcatras""]","[0.8806202411651611, 0.47508829832077026, 0.3787565529346466, 0.33618035912513733, 0.2807193994522095]"
2,centroid,1,485,Vega,Vega,"[""Vega"", ""Gemini"", ""Nivalis"", ""Hawk"", ""Alaris""]","[0.8681697249412537, 0.5047604441642761, 0.27379846572875977, 0.23650605976581573, 0.16264744102954865]"
2,centroid,1,486,Vega,Vega,"[""Vega"", ""Gemini"", ""Alaris"", ""Braga"", ""Trius""]","[0.8958742618560791, 0.4734921455383301, 0.3778972327709198, 0.36114609241485596, 0.3301692008972168]"
2,centroid,1,487,Vega,Vega,"[""Vega"", ""Hawk"", ""Gemini"", ""Alaris"", ""Turbine""]","[0.9224874973297119, 0.42029884457588196, 0.37482303380966187, 0.3174832761287689, 0.24333035945892334]"
2,centroid,1,488,Vega,Vega,"[""Vega"", ""Alaris"", ""Turbine"", ""Gemini"", ""Braga""]","[0.9155259132385254, 0.4922478199005127, 0.4336787164211273, 0.378104567527771, 0.3428440988063812]"
2,centroid,1,489,Vega,Vega,"[""Vega"", ""Hawk"", ""Gemini"", ""Turbine"", ""Alaris""]","[0.8909248113632202, 0.4853837192058563, 0.41093674302101135, 0.3574536442756653, 0.24881289899349213]"
2,centroid,1,490,Vega,Vega,"[""Vega"", ""Gemini"", ""Hawk"", ""Alaris"", ""Braga""]","[0.8761481046676636, 0.6405227780342102, 0.44355344772338867, 0.30556899309158325, 0.18087735772132874]"
2,centroid,1,491,Vega,Vega,"[""Vega"", ""Braga"", ""Gemini"", ""Trius"", ""Hawk""]","[0.7663965821266174, 0.6597365140914917, 0.5551912188529968, 0.550511360168457, 0.412875771522522]"
2,centroid,1,492,Vega,Vega,"[""Vega"", ""Gemini"", ""Hawk"", ""Braga"", ""Alaris""]","[0.9394694566726685, 0.5893681049346924, 0.3325050473213196, 0.27210211753845215, 0.2656272053718567]"
2,centroid,1,493,Vega,Vega,"[""Vega"", ""Alaris"", ""Turbine"", ""Braga"", ""Hawk""]","[0.8638649582862854, 0.5955691933631897, 0.5169772505760193, 0.48051077127456665, 0.4241919219493866]"
2,centroid,1,494,Vega,Vega,"[""Vega"", ""Hawk"", ""Turbine"", ""Braga"", ""Nivalis""]","[0.8421136140823364, 0.4033357501029968, 0.38987797498703003, 0.3104550242424011, 0.23588745296001434]"
2,centroid,1,495,Vega,Vega,"[""Vega"", ""Turbine"", ""Gemini"", ""Alaris"", ""Hawk""]","[0.8738705515861511, 0.4529092609882355, 0.3580778241157532, 0.32140040397644043, 0.21101778745651245]"
2,centroid,1,496,Vega,Vega,"[""Vega"", ""Hawk"", ""Gemini"", ""Braga"", ""Turbine""]","[0.8546493053436279, 0.5766515731811523, 0.3620854914188385, 0.2856385111808777, 0.24572980403900146]"
2,centroid,1,497,Vega,Vega,"[""Vega"", ""Hawk"", ""Alaris"", ""Gemini"", ""Turbine""]","[0.9287722110748291, 0.49912554025650024, 0.4006839394569397, 0.37438684701919556, 0.27258700132369995]"
2,centroid,1,498,Vega,Vega,"[""Vega"", ""Hawk"", ""Turbine"", ""Alaris"", ""Gemini""]","[0.9231811165809631, 0.5056540966033936, 0.5016617774963379, 0.48046985268592834, 0.4652400314807892]"
2,centroid,1,499,Vega,Vega,"[""Vega"", ""Hawk"", ""Gemini"", ""Turbine"", ""Alaris""]","[0.9384974837303162, 0.42817434668540955, 0.31691455841064453, 0.2968329191207886, 0.2671946883201599]"
2,centroid,1,500,Vega,Vega,"[""Vega"", ""Gemini"", ""Hawk"", ""Braga"", ""Alaris""]","[0.9427518844604492, 0.5498875379562378, 0.45682522654533386, 0.3349151611328125, 0.29751908779144287]"
2,centroid,1,501,Vega,Vega,"[""Vega"", ""Gemini"", ""Hawk"", ""Braga"", ""Turbine""]","[0.8572571873664856, 0.5913958549499512, 0.5518840551376343, 0.4996383786201477, 0.34449413418769836]"
2,centroid,1,502,Vega,Vega,"[""Vega"", ""Gemini"", ""Hawk"", ""Alaris"", ""Turbine""]","[0.9312195777893066, 0.5173196196556091, 0.42285019159317017, 0.34009915590286255, 0.3193318843841553]"
2,centroid,1,503,Vega,Vega,"[""Vega"", ""Alaris"", ""Hawk"", ""Braga"", ""Gemini""]","[0.9328474998474121, 0.5797524452209473, 0.4930756688117981, 0.4452662467956543, 0.42454993724823]"
2,centroid,1,504,Vega,Vega,"[""Vega"", ""Gemini"", ""Hawk"", ""Alaris"", ""Nivalis""]","[0.9060847759246826, 0.5546750426292419, 0.35571813583374023, 0.2359122633934021, 0.19084835052490234]"
2,centroid,1,505,Vega,Vega,"[""Vega"", ""Nivalis"", ""Hawk"", ""Gemini"", ""Turbine""]","[0.8460503816604614, 0.37169304490089417, 0.37029802799224854, 0.3494766652584076, 0.17064964771270752]"
2,centroid,1,506,Vega,Vega,"[""Vega"", ""Alaris"", ""Hawk"", ""Turbine"", ""Gemini""]","[0.8581900596618652, 0.6968449354171753, 0.6092575788497925, 0.519777774810791, 0.45527148246765137]"
2,centroid,1,507,Vega,Vega,"[""Vega"", ""Hawk"", ""Braga"", ""Gemini"", ""Alaris""]","[0.9178074598312378, 0.6242228746414185, 0.5002763271331787, 0.4490979313850403, 0.43482622504234314]"
2,centroid,1,508,Vega,Vega,"[""Vega"", ""Alaris"", ""Hawk"", ""Turbine"", ""Alcatras""]","[0.9211485385894775, 0.6031539440155029, 0.5561255216598511, 0.5219002962112427, 0.45577794313430786]"
2,centroid,1,509,Vega,Vega,"[""Vega"", ""Hawk"", ""Gemini"", ""Alaris"", ""Turbine""]","[0.8653697967529297, 0.5413246154785156, 0.5304064750671387, 0.27412712574005127, 0.237457737326622]"
2,centroid,1,510,Vega,Alcatras,"[""Alcatras"", ""Vega"", ""Alaris"", ""Hawk"", ""Braga""]","[0.5104665756225586, 0.5014506578445435, 0.3594740033149719, 0.20749816298484802, 0.20213580131530762]"
2,centroid,1,511,Vega,Vega,"[""Vega"", ""Gemini"", ""Alaris"", ""Braga"", ""Trius""]","[0.9318674802780151, 0.5092047452926636, 0.423829585313797, 0.4069371223449707, 0.34057196974754333]"
2,centroid,1,512,Vega,Vega,"[""Vega"", ""Gemini"", ""Hawk"", ""Alaris"", ""Trius""]","[0.8544224500656128, 0.6692836284637451, 0.5575251579284668, 0.37821468710899353, 0.3483172655105591]"
2,centroid,1,513,Velorum,Velorum,"[""Velorum"", ""Ilias"", ""Triton"", ""Nivalis"", ""Denom""]","[0.9361166954040527, 0.4468393921852112, 0.186301589012146, 0.17149393260478973, 0.1586679220199585]"
2,centroid,1,514,Velorum,Velorum,"[""Velorum"", ""Ilias"", ""Denom"", ""Ratikon"", ""Trius""]","[0.7921704053878784, 0.4820058047771454, 0.23857200145721436, 0.20607127249240875, 0.18086737394332886]"
2,centroid,1,515,Velorum,Velorum,"[""Velorum"", ""Nivalis"", ""Denom"", ""Ilias"", ""Castor""]","[0.9034261107444763, 0.26937639713287354, 0.25308024883270264, 0.18215219676494598, 0.09263749420642853]"
2,centroid,1,516,Velorum,Velorum,"[""Velorum"", ""Ilias"", ""Xtreme"", ""Nivalis"", ""Triton""]","[0.9101265668869019, 0.4449608623981476, 0.20271335542201996, 0.12281149625778198, 0.09580451995134354]"
2,centroid,1,517,Velorum,Velorum,"[""Velorum"", ""Nivalis"", ""Ilias"", ""Mytikas"", ""Denom""]","[0.8921908140182495, 0.35213443636894226, 0.28321218490600586, 0.16229993104934692, 0.08660110831260681]"
2,centroid,1,518,Velorum,Velorum,"[""Velorum"", ""Nivalis"", ""Castor"", ""Ilias"", ""Mytikas""]","[0.7845049500465393, 0.21697761118412018, 0.07366292178630829, 0.0710323303937912, 0.04023747891187668]"
2,centroid,1,519,Velorum,Velorum,"[""Velorum"", ""Ilias"", ""Nivalis"", ""Denom"", ""Ratikon""]","[0.8295496702194214, 0.41845273971557617, 0.37471580505371094, 0.322557270526886, 0.13413584232330322]"
2,centroid,1,520,Velorum,Velorum,"[""Velorum"", ""Alcatras"", ""Mytikas"", ""Castor"", ""Nivalis""]","[0.8266829252243042, 0.2219623625278473, 0.19017167389392853, 0.1897185742855072, 0.14741545915603638]"
2,centroid,1,521,Velorum,Velorum,"[""Velorum"", ""Mytikas"", ""Nivalis"", ""Castor"", ""Triton""]","[0.710111141204834, 0.36620670557022095, 0.3565654754638672, 0.266038715839386, 0.19248296320438385]"
2,centroid,1,522,Velorum,Velorum,"[""Velorum"", ""Ilias"", ""Nivalis"", ""Denom"", ""Xtreme""]","[0.9315409660339355, 0.38961946964263916, 0.2876071333885193, 0.28597086668014526, 0.18398752808570862]"
2,centroid,1,523,Velorum,Velorum,"[""Velorum"", ""Ilias"", ""Nivalis"", ""Denom"", ""Xtreme""]","[0.9250488877296448, 0.36026531457901, 0.14692942798137665, 0.12920674681663513, 0.026681259274482727]"
2,centroid,1,524,Velorum,Velorum,"[""Velorum"", ""Xtreme"", ""Ilias"", ""Alcatras"", ""Denom""]","[0.8236135840415955, 0.1923268586397171, 0.12214988470077515, 0.07280198484659195, 0.061132095754146576]"
2,centroid,1,525,Velorum,Velorum,"[""Velorum"", ""Nivalis"", ""Ilias"", ""Denom"", ""Castor""]","[0.8936494588851929, 0.3731478452682495, 0.15365295112133026, 0.15296496450901031, 0.12456487119197845]"
2,centroid,1,526,Velorum,Velorum,"[""Velorum"", ""Ilias"", ""Nivalis"", ""Denom"", ""Ratikon""]","[0.8954830169677734, 0.5099941492080688, 0.45517873764038086, 0.44576549530029297, 0.2721012830734253]"
2,centroid,1,527,Velorum,Velorum,"[""Velorum"", ""Ilias"", ""Denom"", ""Ratikon"", ""Nivalis""]","[0.8965071439743042, 0.5624060034751892, 0.2968137860298157, 0.25355562567710876, 0.25338077545166016]"
2,centroid,1,528,Velorum,Velorum,"[""Velorum"", ""Ilias"", ""Mytikas"", ""Xtreme"", ""Nivalis""]","[0.8299513459205627, 0.3028069734573364, 0.2814624011516571, 0.25015199184417725, 0.13568705320358276]"
2,centroid,1,529,Velorum,Velorum,"[""Velorum"", ""Ilias"", ""Mytikas"", ""Triton"", ""Nivalis""]","[0.883381724357605, 0.22065860033035278, 0.2003897726535797, 0.17809879779815674, 0.1261519193649292]"
2,centroid,1,530,Velorum,Velorum,"[""Velorum"", ""Ilias"", ""Triton"", ""Mytikas"", ""Nivalis""]","[0.9125192165374756, 0.3156839907169342, 0.18695446848869324, 0.12080837786197662, 0.10557138919830322]"
2,centroid,1,531,Velorum,Velorum,"[""Velorum"", ""Ilias"", ""Nivalis"", ""Denom"", ""Ratikon""]","[0.9374467730522156, 0.3208335340023041, 0.2955766022205353, 0.2490643560886383, 0.0675233006477356]"
2,centroid,1,532,Velorum,Velorum,"[""Velorum"", ""Ilias"", ""Nivalis"", ""Denom"", ""Trius""]","[0.9465309977531433, 0.2976161539554596, 0.2652188539505005, 0.2020423412322998, 0.037420064210891724]"
2,centroid,1,533,Velorum,Velorum,"[""Velorum"", ""Ilias"", ""Nivalis"", ""Denom"", ""Ratikon""]","[0.9185258150100708, 0.4260045289993286, 0.40045177936553955, 0.28411126136779785, 0.20445576310157776]"
2,centroid,1,534,Velorum,Velorum,"[""Velorum"", ""Ilias"", ""Nivalis"", ""Denom"", ""Steel_Wheel""]","[0.9235268831253052, 0.3108530044555664, 0.12716370820999146, 0.1147204115986824, 0.015320498496294022]"
2,centroid,1,535,Velorum,Velorum,"[""Velorum"", ""Trius"", ""Denom"", ""Ilias"", ""Gemini""]","[0.6688709855079651, 0.27887797355651855, 0.27304837107658386, 0.23337876796722412, 0.14431527256965637]"
2,centroid,1,536,Velorum,Velorum,"[""Velorum"", ""Nivalis"", ""Denom"", ""Ilias"", ""Ratikon""]","[0.8219221830368042, 0.39750635623931885, 0.3645578622817993, 0.11953359842300415, 0.08989711850881577]"
2,centroid,1,537,Velorum,Velorum,"[""Velorum"", ""Castor"", ""Ilias"", ""Triton"", ""Mytikas""]","[0.8940863013267517, 0.22041729092597961, 0.14552699029445648, 0.10718399286270142, 0.07752469182014465]"
2,centroid,1,538,Velorum,Velorum,"[""Velorum"", ""Hawk"", ""Ilias"", ""Nivalis"", ""Denom""]","[0.7426453828811646, 0.27448779344558716, 0.26794853806495667, 0.20341703295707703, 0.08043721318244934]"
2,centroid,1,539,Velorum,Ilias,"[""Ilias"", ""Ratikon"", ""Nivalis"", ""Denom"", ""Velorum""]","[0.6322499513626099, 0.5950663089752197, 0.5152627825737, 0.5145077109336853, 0.4852706789970398]"
2,centroid,1,540,Velorum,Velorum,"[""Velorum"", ""Nivalis"", ""Ilias"", ""Denom"", ""Xtreme""]","[0.8907642364501953, 0.36806559562683105, 0.36432895064353943, 0.32324525713920593, 0.10385097563266754]"
2,centroid,1,541,Velorum,Velorum,"[""Velorum"", ""Ilias"", ""Trius"", ""Denom"", ""Triton""]","[0.6610691547393799, 0.3979776203632355, 0.32842957973480225, 0.2447214424610138, 0.18392325937747955]"
2,centroid,1,542,Velorum,Velorum,"[""Velorum"", ""Ilias"", ""Mytikas"", ""Nivalis"", ""Triton""]","[0.8765944242477417, 0.3665328621864319, 0.24619930982589722, 0.16608768701553345, 0.13552558422088623]"
2,centroid,1,543,Velorum,Velorum,"[""Velorum"", ""Ilias"", ""Denom"", ""Nivalis"", ""Triton""]","[0.9485645294189453, 0.42806845903396606, 0.23362332582473755, 0.20000964403152466, 0.07383403927087784]"
2,centroid,1,544,Velorum,Velorum,"[""Velorum"", ""Ilias"", ""Ratikon"", ""Nivalis"", ""Denom""]","[0.7703146934509277, 0.5006579160690308, 0.33862966299057007, 0.3265502154827118, 0.17025017738342285]"
2,centroid,1,545,Velorum,Velorum,"[""Velorum"", ""Ilias"", ""Denom"", ""Nivalis"", ""Ratikon""]","[0.8571884036064148, 0.4768313467502594, 0.312553733587265, 0.18842250108718872, 0.18213628232479095]"
2,centroid,1,546,Velorum,Velorum,"[""Velorum"", ""Ilias"", ""Xtreme"", ""Mytikas"", ""Nivalis""]","[0.9314342737197876, 0.30208712816238403, 0.12251929938793182, 0.1145511344075203, 0.11299276351928711]"
2,centroid,1,547,Velorum,Velorum,"[""Velorum"", ""Mytikas"", ""Nivalis"", ""Castor"", ""Triton""]","[0.646347165107727, 0.382182776927948, 0.34269583225250244, 0.32114309072494507, 0.1536889672279358]"
2,centroid,1,548,Velorum,Velorum,"[""Velorum"", ""Ilias"", ""Nivalis"", ""Denom"", ""Xtreme""]","[0.9329051971435547, 0.2879885733127594, 0.22321300208568573, 0.16156819462776184, 0.13218480348587036]"
2,centroid,1,549,Velorum,Velorum,"[""Velorum"", ""Ilias"", ""Hawk"", ""Mytikas"", ""Nivalis""]","[0.7233719825744629, 0.3039137125015259, 0.2966775894165039, 0.2700396776199341, 0.154132679104805]"
2,centroid,1,550,Velorum,Velorum,"[""Velorum"", ""Ilias"", ""Nivalis"", ""Mytikas"", ""Xtreme""]","[0.9471161365509033, 0.23306894302368164, 0.16615548729896545, 0.13144059479236603, 0.0818188413977623]"
2,centroid,1,551,Velorum,Velorum,"[""Velorum"", ""Ilias"", ""Triton"", ""Nivalis"", ""Ratikon""]","[0.6892880797386169, 0.37618520855903625, 0.3088114261627197, 0.19547417759895325, 0.19161735475063324]"
2,centroid,1,552,Velorum,Velorum,"[""Velorum"", ""Ilias"", ""Nivalis"", ""Denom"", ""Xtreme""]","[0.9037821292877197, 0.3619670867919922, 0.27454674243927, 0.16028225421905518, 0.12405619025230408]"
2,centroid,1,553,Velorum,Velorum,"[""Velorum"", ""Nivalis"", ""Ilias"", ""Mytikas"", ""Denom""]","[0.8451125621795654, 0.34958693385124207, 0.2223789393901825, 0.16192041337490082, 0.09018250554800034]"
2,centroid,1,554,Velorum,Velorum,"[""Velorum"", ""Ilias"", ""Nivalis"", ""Denom"", ""Mytikas""]","[0.9168198704719543, 0.5086545944213867, 0.34333449602127075, 0.26819908618927, 0.24499139189720154]"
2,centroid,1,555,Velorum,Velorum,"[""Velorum"", ""Denom"", ""Nivalis"", ""Ilias"", ""Xtreme""]","[0.7458263039588928, 0.38637030124664307, 0.19994938373565674, 0.07686609029769897, 0.07582221925258636]"
2,centroid,1,556,Velorum,Velorum,"[""Velorum"", ""Denom"", ""Ilias"", ""Ratikon"", ""Nivalis""]","[0.8064537048339844, 0.407558411359787, 0.3968260884284973, 0.2690109610557556, 0.2575550079345703]"
2,centroid,1,557,Velorum,Velorum,"[""Velorum"", ""Ilias"", ""Xtreme"", ""Denom"", ""Mytikas""]","[0.8995153307914734, 0.36833229660987854, 0.19852109253406525, 0.14987820386886597, 0.14012113213539124]"
2,centroid,1,558,Velorum,Velorum,"[""Velorum"", ""Ilias"", ""Denom"", ""Castor"", ""Triton""]","[0.8908587694168091, 0.2515711486339569, 0.1222560852766037, -0.020742136985063553, -0.027699563652276993]"
2,centroid,1,559,Velorum,Velorum,"[""Velorum"", ""Nivalis"", ""Ilias"", ""Denom"", ""Ratikon""]","[0.7574270963668823, 0.6040921211242676, 0.5135384798049927, 0.47748875617980957, 0.40774375200271606]"
2,centroid,1,560,Velorum,Velorum,"[""Velorum"", ""Ilias"", ""Denom"", ""Trius"", ""Ratikon""]","[0.64048171043396, 0.40752679109573364, 0.3452301621437073, 0.25830912590026855, 0.255649209022522]"
2,centroid,1,561,Velorum,Velorum,"[""Velorum"", ""Nivalis"", ""Ilias"", ""Denom"", ""Xtreme""]","[0.8907642364501953, 0.36806559562683105, 0.36432895064353943, 0.32324525713920593, 0.10385097563266754]"
2,centroid,1,562,Velorum,Velorum,"[""Velorum"", ""Nivalis"", ""Denom"", ""Ilias"", ""Steel_Wheel""]","[0.8212212324142456, 0.3855454921722412, 0.3324666917324066, 0.2989020347595215, 0.11679361760616302]"
2,centroid,1,563,Velorum,Velorum,"[""Velorum"", ""Ilias"", ""Denom"", ""Nivalis"", ""Ratikon""]","[0.8972151875495911, 0.4458972215652466, 0.3788066506385803, 0.2561967074871063, 0.09996135532855988]"
2,centroid,1,564,Velorum,Nivalis,"[""Nivalis"", ""Velorum"", ""Denom"", ""Ratikon"", ""Ilias""]","[0.6718529462814331, 0.6666293740272522, 0.39231574535369873, 0.34009748697280884, 0.3227991461753845]"
2,centroid,1,565,Velorum,Velorum,"[""Velorum"", ""Mytikas"", ""Nivalis"", ""Castor"", ""Ilias""]","[0.837222695350647, 0.33049502968788147, 0.2342250943183899, 0.1956959217786789, 0.18263110518455505]"
2,centroid,1,566,Velorum,Velorum,"[""Velorum"", ""Denom"", ""Nivalis"", ""Ilias"", ""Ratikon""]","[0.7150735855102539, 0.6724257469177246, 0.38863232731819153, 0.38712701201438904, 0.31743013858795166]"
2,centroid,1,567,Velorum,Velorum,"[""Velorum"", ""Ilias"", ""Nivalis"", ""Mytikas"", ""Turbine""]","[0.8137084245681763, 0.35711178183555603, 0.15020236372947693, 0.12958472967147827, 0.07818297296762466]"
2,centroid,1,568,Velorum,Velorum,"[""Velorum"", ""Xtreme"", ""Alcatras"", ""Trius"", ""Gemini""]","[0.38311585783958435, 0.2673909068107605, 0.1967257708311081, 0.16976335644721985, 0.1679142713546753]"
2,centroid,1,569,Velorum,Velorum,"[""Velorum"", ""Xtreme"", ""Ilias"", ""Nivalis"", ""Denom""]","[0.8695468902587891, 0.2669144868850708, 0.24189971387386322, 0.1467030942440033, 0.11456337571144104]"
2,centroid,1,570,Velorum,Velorum,"[""Velorum"", ""Ilias"", ""Nivalis"", ""Hawk"", ""Mytikas""]","[0.9067604541778564, 0.13550759851932526, 0.0981685146689415, 0.07907762378454208, 0.04199236258864403]"
2,centroid,1,571,Velorum,Velorum,"[""Velorum"", ""Ilias"", ""Nivalis"", ""Denom"", ""Ratikon""]","[0.965295135974884, 0.34631749987602234, 0.25745925307273865, 0.21575500071048737, 0.0312693789601326]"
2,centroid,1,572,Xtreme,Xtreme,"[""Xtreme"", ""Gemini"", ""Nivalis"", ""Steel_Wheel"", ""Denom""]","[0.9128648042678833, 0.48679202795028687, 0.18501423299312592, 0.12857702374458313, 0.08449623733758926]"
2,centroid,1,573,Xtreme,Xtreme,"[""Xtreme"", ""Gemini"", ""Hawk"", ""Mytikas"", ""Ilias""]","[0.9334543943405151, 0.4524187445640564, 0.12788930535316467, 0.10950265824794769, 0.10939424484968185]"
2,centroid,1,574,Xtreme,Xtreme,"[""Xtreme"", ""Gemini"", ""Steel_Wheel"", ""Ilias"", ""Nivalis""]","[0.9612042903900146, 0.3761346936225891, 0.05374778434634209, 0.023978035897016525, 0.0019250675104558468]"
2,centroid,1,575,Xtreme,Xtreme,"[""Xtreme"", ""Gemini"", ""Velorum"", ""Steel_Wheel"", ""Hawk""]","[0.9424237012863159, 0.31619468331336975, 0.0790841206908226, 0.05763717740774155, 0.05507756769657135]"
2,centroid,1,576,Xtreme,Xtreme,"[""Xtreme"", ""Gemini"", ""Hawk"", ""Steel_Wheel"", ""Velorum""]","[0.8969480991363525, 0.6241535544395447, 0.09431342780590057, 0.041097160428762436, -0.006418444216251373]"
2,centroid,1,577,Xtreme,Xtreme,"[""Xtreme"", ""Gemini"", ""Steel_Wheel"", ""Ilias"", ""Hawk""]","[0.9534024000167847, 0.6152555346488953, 0.07326938211917877, 0.06910733878612518, 0.017175430431962013]"
2,centroid,1,578,Xtreme,Xtreme,"[""Xtreme"", ""Gemini"", ""Steel_Wheel"", ""Ilias"", ""Velorum""]","[0.96393221616745, 0.42380809783935547, 0.13605046272277832, 0.020800592377781868, -0.0014624670147895813]"
2,centroid,1,579,Xtreme,Xtreme,"[""Xtreme"", ""Gemini"", ""Trius"", ""Braga"", ""Triton""]","[0.780857503414154, 0.5662120580673218, 0.3564395308494568, 0.3560119867324829, 0.29883748292922974]"
2,centroid,1,580,Xtreme,Xtreme,"[""Xtreme"", ""Gemini"", ""Ilias"", ""Denom"", ""Trius""]","[0.7931810617446899, 0.5916500687599182, 0.40701210498809814, 0.25187236070632935, 0.19715066254138947]"
2,centroid,1,581,Xtreme,Xtreme,"[""Xtreme"", ""Gemini"", ""Steel_Wheel"", ""Velorum"", ""Ilias""]","[0.9320439696311951, 0.3692399859428406, 0.16385424137115479, 0.01532675325870514, -0.03940540552139282]"
2,centroid,1,582,Xtreme,Xtreme,"[""Xtreme"", ""Gemini"", ""Steel_Wheel"", ""Hawk"", ""Denom""]","[0.9399441480636597, 0.4414105713367462, 0.1469382643699646, 0.10969283431768417, 0.016510510817170143]"
2,centroid,1,583,Xtreme,Xtreme,"[""Xtreme"", ""Gemini"", ""Hawk"", ""Velorum"", ""Steel_Wheel""]","[0.8811975717544556, 0.44341468811035156, 0.22812563180923462, 0.14902327954769135, 0.06416095793247223]"
2,centroid,1,584,Xtreme,Xtreme,"[""Xtreme"", ""Gemini"", ""Ilias"", ""Hawk"", ""Velorum""]","[0.931159257888794, 0.5096912384033203, 0.20416966080665588, 0.08058056235313416, 0.06744086742401123]"
2,centroid,1,585,Xtreme,Gemini,"[""Gemini"", ""Xtreme"", ""Braga"", ""Triton"", ""Mytikas""]","[0.7161380648612976, 0.5500637292861938, 0.48892396688461304, 0.4778073728084564, 0.4601026773452759]"
2,centroid,1,586,Xtreme,Xtreme,"[""Xtreme"", ""Gemini"", ""Steel_Wheel"", ""Ilias"", ""Nivalis""]","[0.9524677991867065, 0.4848545491695404, 0.11523266136646271, 0.11122119426727295, 0.09560231864452362]"
2,centroid,1,587,Xtreme,Xtreme,"[""Xtreme"", ""Gemini"", ""Steel_Wheel"", ""Ilias"", ""Braga""]","[0.9497181177139282, 0.5553083419799805, 0.06866689026355743, 0.0367996022105217, 0.02165386453270912]"
2,centroid,1,588,Xtreme,Xtreme,"[""Xtreme"", ""Gemini"", ""Velorum"", ""Steel_Wheel"", ""Hawk""]","[0.9562608003616333, 0.37689197063446045, 0.09637358784675598, 0.07746241986751556, 0.028670020401477814]"
2,centroid,1,589,Xtreme,Xtreme,"[""Xtreme"", ""Gemini"", ""Mytikas"", ""Steel_Wheel"", ""Triton""]","[0.919161319732666, 0.3896501064300537, 0.15066559612751007, 0.13632728159427643, 0.07788930833339691]"
2,centroid,1,590,Xtreme,Xtreme,"[""Xtreme"", ""Gemini"", ""Steel_Wheel"", ""Nivalis"", ""Denom""]","[0.9292628765106201, 0.40645724534988403, 0.10080410540103912, 0.0572047159075737, 0.04038757085800171]"
2,centroid,1,591,Xtreme,Xtreme,"[""Xtreme"", ""Gemini"", ""Braga"", ""Triton"", ""Mytikas""]","[0.7483228445053101, 0.48255303502082825, 0.26538944244384766, 0.2640787363052368, 0.24334245920181274]"
2,centroid,1,592,Xtreme,Xtreme,"[""Xtreme"", ""Gemini"", ""Trius"", ""Steel_Wheel"", ""Braga""]","[0.8762220144271851, 0.6678658127784729, 0.10915014892816544, 0.05121387913823128, 0.03417911008000374]"
2,centroid,1,593,Xtreme,Xtreme,"[""Xtreme"", ""Gemini"", ""Steel_Wheel"", ""Hawk"", ""Denom""]","[0.9556784629821777, 0.3717948794364929, 0.09162895381450653, 0.042693547904491425, -0.0005713198333978653]"
2,centroid,1,594,Xtreme,Xtreme,"[""Xtreme"", ""Gemini"", ""Steel_Wheel"", ""Hawk"", ""Nivalis""]","[0.9290478229522705, 0.44851914048194885, 0.13773463666439056, 0.07486806064844131, 0.047033313661813736]"
2,centroid,1,595,Xtreme,Xtreme,"[""Xtreme"", ""Gemini"", ""Steel_Wheel"", ""Nivalis"", ""Ilias""]","[0.9546605944633484, 0.40160486102104187, 0.11347281187772751, 0.01658540591597557, -0.012682497501373291]"
2,centroid,1,596,Xtreme,Xtreme,"[""Xtreme"", ""Gemini"", ""Ilias"", ""Mytikas"", ""Triton""]","[0.8875926733016968, 0.3702176511287689, 0.19666168093681335, 0.15080150961875916, 0.09245923161506653]"
2,centroid,1,597,Xtreme,Xtreme,"[""Xtreme"", ""Gemini"", ""Ilias"", ""Steel_Wheel"", ""Denom""]","[0.9529403448104858, 0.48273730278015137, 0.13135488331317902, 0.0715881735086441, 0.070919930934906]"
2,centroid,1,598,Xtreme,Xtreme,"[""Xtreme"", ""Gemini"", ""Hawk"", ""Velorum"", ""Steel_Wheel""]","[0.8498923778533936, 0.5337563157081604, 0.35227155685424805, 0.05880744010210037, 0.05603045970201492]"
2,centroid,1,599,Xtreme,Xtreme,"[""Xtreme"", ""Gemini"", ""Ilias"", ""Denom"", ""Steel_Wheel""]","[0.9531318545341492, 0.35697102546691895, 0.13849720358848572, 0.1073010265827179, 0.07018595933914185]"
2,centroid,1,600,Xtreme,Xtreme,"[""Xtreme"", ""Gemini"", ""Trius"", ""Nivalis"", ""Vega""]","[0.7350150942802429, 0.7173852920532227, 0.24132028222084045, 0.16842614114284515, 0.15164066851139069]"
2,centroid,1,601,Xtreme,Xtreme,"[""Xtreme"", ""Gemini"", ""Denom"", ""Ilias"", ""Nivalis""]","[0.935168981552124, 0.4217865467071533, 0.17991605401039124, 0.10205921530723572, 0.06979162245988846]"
2,centroid,1,602,Xtreme,Xtreme,"[""Xtreme"", ""Gemini"", ""Hawk"", ""Mytikas"", ""Ilias""]","[0.8969677090644836, 0.29312819242477417, 0.10443484783172607, 0.0756523460149765, 0.02553017996251583]"
2,centroid,1,603,Xtreme,Braga,"[""Braga"", ""Triton"", ""Xtreme"", ""Gemini"", ""Mytikas""]","[0.65349942445755, 0.5503477454185486, 0.5470679998397827, 0.5342278480529785, 0.5240111947059631]"
2,centroid,1,604,Xtreme,Xtreme,"[""Xtreme"", ""Gemini"", ""Hawk"", ""Vega"", ""Braga""]","[0.8583191633224487, 0.5310669541358948, 0.27177101373672485, 0.12158189713954926, 0.04979671910405159]"
2,centroid,1,605,Xtreme,Gemini,"[""Gemini"", ""Triton"", ""Xtreme"", ""Braga"", ""Trius""]","[0.5999951362609863, 0.4421478807926178, 0.4169505834579468, 0.3578208386898041, 0.34631526470184326]"
2,centroid,1,606,Xtreme,Xtreme,"[""Xtreme"", ""Gemini"", ""Ilias"", ""Trius"", ""Braga""]","[0.899598240852356, 0.6012344360351562, 0.09492295980453491, 0.011282473802566528, 0.00604264996945858]"
2,centroid,1,607,Xtreme,Gemini,"[""Gemini"", ""Xtreme"", ""Trius"", ""Denom"", ""Braga""]","[0.5253980159759521, 0.5045642852783203, 0.38936686515808105, 0.29607200622558594, 0.2385266125202179]"
2,centroid,1,608,Xtreme,Xtreme,"[""Xtreme"", ""Gemini"", ""Steel_Wheel"", ""Ilias"", ""Hawk""]","[0.9775433540344238, 0.4739781320095062, 0.058598242700099945, 0.010074174031615257, 0.0022687185555696487]"
2,centroid,1,609,Xtreme,Xtreme,"[""Xtreme"", ""Gemini"", ""Velorum"", ""Hawk"", ""Braga""]","[0.6045956611633301, 0.5448306798934937, 0.2441478818655014, 0.19797766208648682, 0.18033543229103088]"
3,centroid,1,0,Alaris,Alaris,"[""Alaris"", ""Alcatras"", ""Braga"", ""Trius"", ""Hawk""]","[0.8528684377670288, 0.7725611925125122, 0.5406508445739746, 0.5403274297714233, 0.494147390127182]"
3,centroid,1,1,Alaris,Alaris,"[""Alaris"", ""Alcatras"", ""Turbine"", ""Hawk"", ""Trius""]","[0.958503007888794, 0.7761487364768982, 0.4636307954788208, 0.4520477056503296, 0.44811269640922546]"
3,centroid,1,2,Alaris,Alaris,"[""Alaris"", ""Alcatras"", ""Hawk"", ""Vega"", ""Trius""]","[0.8442502617835999, 0.7698782682418823, 0.6023299694061279, 0.39961570501327515, 0.3727806806564331]"
3,centroid,1,3,Alaris,Alaris,"[""Alaris"", ""Alcatras"", ""Trius"", ""Braga"", ""Hawk""]","[0.9452576637268066, 0.7573776841163635, 0.5668696165084839, 0.5254917144775391, 0.4864349365234375]"
3,centroid,1,4,Alaris,Alaris,"[""Alaris"", ""Alcatras"", ""Hawk"", ""Turbine"", ""Braga""]","[0.8967834711074829, 0.7511585354804993, 0.5265649557113647, 0.3615686893463135, 0.31511932611465454]"
3,centroid,1,5,Alaris,Alaris,"[""Alaris"", ""Alcatras"", ""Hawk"", ""Trius"", ""Mytikas""]","[0.7513446807861328, 0.69171142578125, 0.6381087899208069, 0.5497393608093262, 0.4214843809604645]"
3,centroid,1,6,Alaris,Alaris,"[""Alaris"", ""Alcatras"", ""Hawk"", ""Vega"", ""Turbine""]","[0.8525105118751526, 0.680363655090332, 0.6752627491950989, 0.6364864110946655, 0.4440982937812805]"
3,centroid,1,7,Alaris,Alaris,"[""Alaris"", ""Alcatras"", ""Trius"", ""Castor"", ""Vega""]","[0.8425993323326111, 0.638852059841156, 0.5181351900100708, 0.302827388048172, 0.21435889601707458]"
3,centroid,1,8,Alaris,Alaris,"[""Alaris"", ""Alcatras"", ""Trius"", ""Triton"", ""Braga""]","[0.8581628799438477, 0.7403575778007507, 0.5885992050170898, 0.41323718428611755, 0.2778019607067108]"
3,centroid,1,9,Alaris,Braga,"[""Braga"", ""Alcatras"", ""Gemini"", ""Castor"", ""Alaris""]","[0.4539386034011841, 0.40606367588043213, 0.32582372426986694, 0.31625398993492126, 0.2792728543281555]"
3,centroid,1,10,Alaris,Alaris,"[""Alaris"", ""Braga"", ""Alcatras"", ""Hawk"", ""Trius""]","[0.8241112232208252, 0.6664837002754211, 0.6585943698883057, 0.5560288429260254, 0.5252764225006104]"
3,centroid,1,11,Alaris,Alaris,"[""Alaris"", ""Alcatras"", ""Mytikas"", ""Trius"", ""Castor""]","[0.8298577666282654, 0.8163461685180664, 0.6036871075630188, 0.5386273264884949, 0.4182867407798767]"
3,centroid,1,12,Alaris,Triton,"[""Triton"", ""Trius"", ""Mytikas"", ""Castor"", ""Braga""]","[0.8652471303939819, 0.6687755584716797, 0.6155192852020264, 0.6131571531295776, 0.5546603202819824]"
3,centroid,1,13,Alaris,Alaris,"[""Alaris"", ""Alcatras"", ""Trius"", ""Hawk"", ""Turbine""]","[0.824709415435791, 0.5725797414779663, 0.4364374876022339, 0.41483616828918457, 0.2976122498512268]"
3,centroid,1,14,Alaris,Alaris,"[""Alaris"", ""Alcatras"", ""Braga"", ""Vega"", ""Hawk""]","[0.8082254528999329, 0.6071633100509644, 0.45415180921554565, 0.4034779667854309, 0.3749871253967285]"
3,centroid,1,15,Alaris,Alaris,"[""Alaris"", ""Alcatras"", ""Trius"", ""Braga"", ""Castor""]","[0.902448296546936, 0.8071078062057495, 0.57163006067276, 0.5489716529846191, 0.48165658116340637]"
3,centroid,1,16,Alaris,Alaris,"[""Alaris"", ""Alcatras"", ""Trius"", ""Braga"", ""Hawk""]","[0.9535953402519226, 0.7094846963882446, 0.5069001317024231, 0.3729894161224365, 0.37076336145401]"
3,centroid,1,17,Alaris,Alaris,"[""Alaris"", ""Alcatras"", ""Braga"", ""Hawk"", ""Trius""]","[0.8676798343658447, 0.7236249446868896, 0.6028048992156982, 0.5759257078170776, 0.5616145133972168]"
3,centroid,1,18,Alaris,Alaris,"[""Alaris"", ""Alcatras"", ""Turbine"", ""Braga"", ""Hawk""]","[0.8486355543136597, 0.7516893148422241, 0.5669576525688171, 0.5141222476959229, 0.4135178327560425]"
3,centroid,1,19,Alaris,Alaris,"[""Alaris"", ""Alcatras"", ""Hawk"", ""Trius"", ""Mytikas""]","[0.8328653573989868, 0.7162556648254395, 0.6068690419197083, 0.5614981055259705, 0.5423575639724731]"
3,centroid,1,20,Alaris,Mytikas,"[""Mytikas"", ""Braga"", ""Trius"", ""Hawk"", ""Castor""]","[0.7202368974685669, 0.7028082609176636, 0.6106626987457275, 0.5428404808044434, 0.5343773365020752]"
3,centroid,1,21,Alaris,Alaris,"[""Alaris"", ""Alcatras"", ""Turbine"", ""Hawk"", ""Castor""]","[0.8033155202865601, 0.6067929267883301, 0.38949161767959595, 0.3688391447067261, 0.26653751730918884]"
3,centroid,1,22,Alaris,Alaris,"[""Alaris"", ""Alcatras"", ""Hawk"", ""Trius"", ""Mytikas""]","[0.8467785120010376, 0.7384817004203796, 0.6242401599884033, 0.539577841758728, 0.5152453184127808]"
3,centroid,1,23,Alaris,Trius,"[""Trius"", ""Alaris"", ""Triton"", ""Alcatras"", ""Mytikas""]","[0.7319084405899048, 0.718856692314148, 0.6826109290122986, 0.5897798538208008, 0.4279150068759918]"
3,centroid,1,24,Alaris,Alaris,"[""Alaris"", ""Alcatras"", ""Trius"", ""Braga"", ""Hawk""]","[0.9485169649124146, 0.7672313451766968, 0.6460650563240051, 0.5400021076202393, 0.5056749582290649]"
3,centroid,1,25,Alaris,Alcatras,"[""Alcatras"", ""Hawk"", ""Alaris"", ""Turbine"", ""Mytikas""]","[0.6690183877944946, 0.6470378637313843, 0.5659652948379517, 0.4787623882293701, 0.3275710642337799]"
3,centroid,1,26,Alaris,Triton,"[""Triton"", ""Trius"", ""Braga"", ""Alcatras"", ""Alaris""]","[0.5666787624359131, 0.5283442139625549, 0.5208703875541687, 0.4778834879398346, 0.47371602058410645]"
3,centroid,1,27,Alcatras,Alcatras,"[""Alcatras"", ""Castor"", ""Trius"", ""Braga"", ""Alaris""]","[0.7937302589416504, 0.7459441423416138, 0.6143167018890381, 0.6069097518920898, 0.5739773511886597]"
3,centroid,1,28,Alcatras,Castor,"[""Castor"", ""Braga"", ""Mytikas"", ""Triton"", ""Alcatras""]","[0.868617057800293, 0.5810282230377197, 0.5631648302078247, 0.5244495272636414, 0.5211644172668457]"
3,centroid,1,29,Alcatras,Alcatras,"[""Alcatras"", ""Alaris"", ""Castor"", ""Trius"", ""Triton""]","[0.820002555847168, 0.7191336154937744, 0.590096116065979, 0.5419579744338989, 0.4289734959602356]"
3,centroid,1,30,Alcatras,Alcatras,"[""Alcatras"", ""Alaris"", ""Castor"", ""Braga"", ""Hawk""]","[0.9154402613639832, 0.7556999921798706, 0.5807052850723267, 0.5131800174713135, 0.42725932598114014]"
3,centroid,1,31,Alcatras,Alaris,"[""Alaris"", ""Trius"", ""Alcatras"", ""Triton"", ""Mytikas""]","[0.7804374098777771, 0.7651407718658447, 0.7556688785552979, 0.6067600250244141, 0.5321993231773376]"
3,centroid,1,32,Alcatras,Alcatras,"[""Alcatras"", ""Alaris"", ""Castor"", ""Hawk"", ""Braga""]","[0.8870196342468262, 0.6597010493278503, 0.590498685836792, 0.4311181902885437, 0.42575401067733765]"
3,centroid,1,33,Alcatras,Alcatras,"[""Alcatras"", ""Castor"", ""Alaris"", ""Trius"", ""Triton""]","[0.8697773218154907, 0.7589711546897888, 0.6256552934646606, 0.6245131492614746, 0.5827835202217102]"
3,centroid,1,34,Alcatras,Alcatras,"[""Alcatras"", ""Alaris"", ""Hawk"", ""Castor"", ""Braga""]","[0.8854252099990845, 0.7555392980575562, 0.5220808982849121, 0.5164685249328613, 0.5045818090438843]"
3,centroid,1,35,Alcatras,Alcatras,"[""Alcatras"", ""Alaris"", ""Castor"", ""Braga"", ""Trius""]","[0.8857595920562744, 0.6849507689476013, 0.6545830965042114, 0.5701243877410889, 0.5053156018257141]"
3,centroid,1,36,Alcatras,Alcatras,"[""Alcatras"", ""Alaris"", ""Braga"", ""Castor"", ""Mytikas""]","[0.8761838674545288, 0.6685425043106079, 0.6345731019973755, 0.5568410158157349, 0.49216651916503906]"
3,centroid,1,37,Alcatras,Triton,"[""Triton"", ""Trius"", ""Mytikas"", ""Castor"", ""Alcatras""]","[0.8520855903625488, 0.8154346942901611, 0.7943236231803894, 0.6470205783843994, 0.6090328693389893]"
3,centroid,1,38,Alcatras,Alcatras,"[""Alcatras"", ""Alaris"", ""Braga"", ""Hawk"", ""Castor""]","[0.8414952158927917, 0.6615358591079712, 0.6353451013565063, 0.5715079307556152, 0.5596033930778503]"
3,centroid,1,39,Alcatras,Alcatras,"[""Alcatras"", ""Alaris"", ""Hawk"", ""Castor"", ""Trius""]","[0.8707928657531738, 0.7646845579147339, 0.48120200634002686, 0.4643484652042389, 0.3480449914932251]"
3,centroid,1,40,Alcatras,Alcatras,"[""Alcatras"", ""Alaris"", ""Castor"", ""Braga"", ""Hawk""]","[0.9422247409820557, 0.7819303870201111, 0.5760568380355835, 0.4763663113117218, 0.3906198740005493]"
3,centroid,1,41,Alcatras,Alcatras,"[""Alcatras"", ""Braga"", ""Alaris"", ""Hawk"", ""Castor""]","[0.8428173661231995, 0.7233338952064514, 0.6256383657455444, 0.5670729279518127, 0.522946834564209]"
3,centroid,1,42,Alcatras,Alcatras,"[""Alcatras"", ""Alaris"", ""Trius"", ""Triton"", ""Castor""]","[0.8246297836303711, 0.6136712431907654, 0.532378613948822, 0.42287564277648926, 0.4131486415863037]"
3,centroid,1,43,Alcatras,Alcatras,"[""Alcatras"", ""Alaris"", ""Castor"", ""Braga"", ""Trius""]","[0.8907008171081543, 0.8780213594436646, 0.5387659072875977, 0.494240403175354, 0.4927601218223572]"
3,centroid,1,44,Alcatras,Castor,"[""Castor"", ""Alcatras"", ""Mytikas"", ""Braga"", ""Triton""]","[0.8742663860321045, 0.8128893971443176, 0.6580761671066284, 0.5806224346160889, 0.5793737769126892]"
3,centroid,1,45,Alcatras,Alcatras,"[""Alcatras"", ""Alaris"", ""Castor"", ""Braga"", ""Hawk""]","[0.8997520208358765, 0.7468843460083008, 0.7138814330101013, 0.4586280882358551, 0.4323159456253052]"
3,centroid,1,46,Alcatras,Alcatras,"[""Alcatras"", ""Alaris"", ""Castor"", ""Hawk"", ""Turbine""]","[0.826418399810791, 0.7673869132995605, 0.4955088496208191, 0.4460710287094116, 0.3499402701854706]"
3,centroid,1,47,Alcatras,Alcatras,"[""Alcatras"", ""Braga"", ""Trius"", ""Alaris"", ""Triton""]","[0.8052425384521484, 0.6753925085067749, 0.6495345234870911, 0.5721621513366699, 0.5175330638885498]"
3,centroid,1,48,Alcatras,Alcatras,"[""Alcatras"", ""Alaris"", ""Hawk"", ""Castor"", ""Turbine""]","[0.8693978786468506, 0.808411180973053, 0.47916027903556824, 0.42589902877807617, 0.359677791595459]"
3,centroid,1,49,Alcatras,Triton,"[""Triton"", ""Mytikas"", ""Trius"", ""Castor"", ""Alcatras""]","[0.729134202003479, 0.7248996496200562, 0.6711891293525696, 0.6504771709442139, 0.6195716857910156]"
3,centroid,1,50,Alcatras,Alcatras,"[""Alcatras"", ""Alaris"", ""Hawk"", ""Braga"", ""Castor""]","[0.8992973566055298, 0.8133813142776489, 0.5058205127716064, 0.48772305250167847, 0.4445931315422058]"
3,centroid,1,51,Alcatras,Alcatras,"[""Alcatras"", ""Alaris"", ""Castor"", ""Hawk"", ""Mytikas""]","[0.8447599411010742, 0.7100640535354614, 0.500221848487854, 0.42686647176742554, 0.39485979080200195]"
3,centroid,1,52,Alcatras,Turbine,"[""Turbine"", ""Vega"", ""Alaris"", ""Hawk"", ""Alcatras""]","[0.641405463218689, 0.6214853525161743, 0.5332913398742676, 0.4900608956813812, 0.3514668941497803]"
3,centroid,1,53,Braga,Braga,"[""Braga"", ""Castor"", ""Alcatras"", ""Trius"", ""Triton""]","[0.8282368779182434, 0.7982542514801025, 0.6986178159713745, 0.646222710609436, 0.614294171333313]"
3,centroid,1,54,Braga,Braga,"[""Braga"", ""Gemini"", ""Hawk"", ""Vega"", ""Turbine""]","[0.8352960348129272, 0.5886551141738892, 0.5639111995697021, 0.5024899244308472, 0.39948350191116333]"
3,centroid,1,55,Braga,Braga,"[""Braga"", ""Hawk"", ""Alcatras"", ""Turbine"", ""Mytikas""]","[0.82011878490448, 0.7277098894119263, 0.6221100687980652, 0.5486560463905334, 0.5157725214958191]"
3,centroid,1,56,Braga,Braga,"[""Braga"", ""Castor"", ""Alcatras"", ""Triton"", ""Trius""]","[0.8831964731216431, 0.5822256207466125, 0.5699423551559448, 0.49468526244163513, 0.45088934898376465]"
3,centroid,1,57,Braga,Vega,"[""Vega"", ""Turbine"", ""Hawk"", ""Braga"", ""Alaris""]","[0.7446422576904297, 0.7010658979415894, 0.6193137764930725, 0.4674617052078247, 0.3269435167312622]"
3,centroid,1,58,Braga,Braga,"[""Braga"", ""Alcatras"", ""Castor"", ""Triton"", ""Turbine""]","[0.8535894155502319, 0.7152870297431946, 0.6641415357589722, 0.5786492824554443, 0.557853102684021]"
3,centroid,1,59,Braga,Braga,"[""Braga"", ""Castor"", ""Triton"", ""Trius"", ""Alcatras""]","[0.8946860432624817, 0.6602892875671387, 0.5468170642852783, 0.47278234362602234, 0.44031256437301636]"
3,centroid,1,60,Braga,Braga,"[""Braga"", ""Alcatras"", ""Triton"", ""Alaris"", ""Trius""]","[0.8784354329109192, 0.661125898361206, 0.6233969926834106, 0.6036337614059448, 0.5910854339599609]"
3,centroid,1,61,Braga,Braga,"[""Braga"", ""Gemini"", ""Trius"", ""Vega"", ""Triton""]","[0.7831158638000488, 0.47919777035713196, 0.4083857238292694, 0.38618004322052, 0.3601049780845642]"
3,centroid,1,62,Braga,Alaris,"[""Alaris"", ""Alcatras"", ""Castor"", ""Turbine"", ""Trius""]","[0.7433887720108032, 0.6335153579711914, 0.6104931831359863, 0.5221664905548096, 0.46947091817855835]"
3,centroid,1,63,Braga,Braga,"[""Braga"", ""Hawk"", ""Alaris"", ""Turbine"", ""Alcatras""]","[0.8854601383209229, 0.6263875961303711, 0.5980397462844849, 0.5541694164276123, 0.5532578229904175]"
3,centroid,1,64,Braga,Triton,"[""Triton"", ""Trius"", ""Braga"", ""Alcatras"", ""Castor""]","[0.8150705695152283, 0.8077025413513184, 0.724542498588562, 0.693691611289978, 0.6518148183822632]"
3,centroid,1,65,Braga,Braga,"[""Braga"", ""Triton"", ""Mytikas"", ""Trius"", ""Alcatras""]","[0.8923236131668091, 0.6092141270637512, 0.553592324256897, 0.5141964554786682, 0.488086998462677]"
3,centroid,1,66,Braga,Braga,"[""Braga"", ""Gemini"", ""Hawk"", ""Triton"", ""Castor""]","[0.8978650569915771, 0.5317230820655823, 0.508023738861084, 0.44304031133651733, 0.42931193113327026]"
3,centroid,1,67,Braga,Braga,"[""Braga"", ""Alaris"", ""Hawk"", ""Trius"", ""Turbine""]","[0.8924052715301514, 0.6358866691589355, 0.5880123376846313, 0.5865027904510498, 0.5786293745040894]"
3,centroid,1,68,Braga,Braga,"[""Braga"", ""Castor"", ""Turbine"", ""Alcatras"", ""Hawk""]","[0.8781546950340271, 0.673261284828186, 0.6662112474441528, 0.46685656905174255, 0.43860509991645813]"
3,centroid,1,69,Braga,Braga,"[""Braga"", ""Turbine"", ""Castor"", ""Triton"", ""Alaris""]","[0.7261425256729126, 0.6178224086761475, 0.4357725977897644, 0.348754346370697, 0.3225642442703247]"
3,centroid,1,70,Braga,Braga,"[""Braga"", ""Vega"", ""Hawk"", ""Turbine"", ""Gemini""]","[0.8217414617538452, 0.6463280916213989, 0.6013644337654114, 0.5035377740859985, 0.44694530963897705]"
3,centroid,1,71,Braga,Braga,"[""Braga"", ""Turbine"", ""Hawk"", ""Alcatras"", ""Vega""]","[0.8113832473754883, 0.5337336659431458, 0.4834018349647522, 0.466836154460907, 0.4114571213722229]"
3,centroid,1,72,Braga,Braga,"[""Braga"", ""Trius"", ""Gemini"", ""Vega"", ""Triton""]","[0.7606704235076904, 0.733177661895752, 0.713775098323822, 0.6680926084518433, 0.5198782086372375]"
3,centroid,1,73,Braga,Turbine,"[""Turbine"", ""Braga"", ""Xtreme"", ""Hawk"", ""Vega""]","[0.5437262058258057, 0.5287046432495117, 0.3677399158477783, 0.320440411567688, 0.2661451995372772]"
3,centroid,1,74,Braga,Braga,"[""Braga"", ""Castor"", ""Triton"", ""Trius"", ""Alcatras""]","[0.8591660261154175, 0.6808987855911255, 0.562605619430542, 0.45293885469436646, 0.44099244475364685]"
3,centroid,1,75,Braga,Vega,"[""Vega"", ""Braga"", ""Gemini"", ""Trius"", ""Hawk""]","[0.6927335262298584, 0.6633450984954834, 0.657439649105072, 0.5667461156845093, 0.5359251499176025]"
3,centroid,1,76,Braga,Triton,"[""Triton"", ""Braga"", ""Trius"", ""Castor"", ""Gemini""]","[0.7544685006141663, 0.7483851909637451, 0.6809006333351135, 0.5912719368934631, 0.5334193706512451]"
3,centroid,1,77,Braga,Braga,"[""Braga"", ""Alcatras"", ""Castor"", ""Triton"", ""Mytikas""]","[0.8772008419036865, 0.6444444060325623, 0.6411222219467163, 0.6151024699211121, 0.612456202507019]"
3,centroid,1,78,Braga,Braga,"[""Braga"", ""Alcatras"", ""Trius"", ""Triton"", ""Alaris""]","[0.8895748853683472, 0.6840091943740845, 0.5762144327163696, 0.5607852935791016, 0.5532534718513489]"
3,centroid,1,79,Braga,Braga,"[""Braga"", ""Castor"", ""Turbine"", ""Alcatras"", ""Hawk""]","[0.8387861251831055, 0.633467435836792, 0.5414365530014038, 0.317111074924469, 0.3087477684020996]"
3,centroid,1,80,Braga,Braga,"[""Braga"", ""Alcatras"", ""Castor"", ""Hawk"", ""Alaris""]","[0.8810703754425049, 0.7246814966201782, 0.6173041462898254, 0.5607200264930725, 0.5504966974258423]"
3,centroid,1,81,Braga,Vega,"[""Vega"", ""Braga"", ""Hawk"", ""Gemini"", ""Alaris""]","[0.6432561874389648, 0.599891722202301, 0.5535617470741272, 0.4189029932022095, 0.3448145389556885]"
3,centroid,1,82,Braga,Braga,"[""Braga"", ""Alcatras"", ""Alaris"", ""Turbine"", ""Castor""]","[0.8819066286087036, 0.6854788661003113, 0.6490771770477295, 0.5212710499763489, 0.5074566602706909]"
3,centroid,1,83,Braga,Braga,"[""Braga"", ""Vega"", ""Hawk"", ""Gemini"", ""Turbine""]","[0.7329679727554321, 0.6840250492095947, 0.6552174091339111, 0.5922819375991821, 0.4852450489997864]"
3,centroid,1,84,Braga,Braga,"[""Braga"", ""Alcatras"", ""Turbine"", ""Hawk"", ""Alaris""]","[0.7557868957519531, 0.6646877527236938, 0.5535056591033936, 0.5371324419975281, 0.5009427070617676]"
3,centroid,1,85,Braga,Alcatras,"[""Alcatras"", ""Castor"", ""Mytikas"", ""Braga"", ""Trius""]","[0.7349807024002075, 0.7271472215652466, 0.7050129771232605, 0.6280080080032349, 0.6072984933853149]"
3,centroid,1,86,Braga,Braga,"[""Braga"", ""Alcatras"", ""Alaris"", ""Trius"", ""Hawk""]","[0.8641797304153442, 0.6364609599113464, 0.5633558034896851, 0.470605731010437, 0.41725069284439087]"
3,centroid,1,87,Braga,Vega,"[""Vega"", ""Gemini"", ""Braga"", ""Trius"", ""Alaris""]","[0.7512314319610596, 0.5808433890342712, 0.35349762439727783, 0.3079369068145752, 0.21629106998443604]"
3,centroid,1,88,Braga,Braga,"[""Braga"", ""Alaris"", ""Alcatras"", ""Vega"", ""Trius""]","[0.7329085469245911, 0.6376327872276306, 0.6055716276168823, 0.5921399593353271, 0.569609522819519]"
3,centroid,1,89,Braga,Triton,"[""Triton"", ""Mytikas"", ""Trius"", ""Braga"", ""Castor""]","[0.841293454170227, 0.7574809789657593, 0.594987690448761, 0.592341959476471, 0.588472306728363]"
3,centroid,1,90,Castor,Castor,"[""Castor"", ""Alcatras"", ""Turbine"", ""Alaris"", ""Braga""]","[0.7870514392852783, 0.706464946269989, 0.5968191623687744, 0.5680409669876099, 0.44746777415275574]"
3,centroid,1,91,Castor,Castor,"[""Castor"", ""Triton"", ""Mytikas"", ""Trius"", ""Braga""]","[0.9025025367736816, 0.6636942028999329, 0.624285101890564, 0.5918453335762024, 0.5745471715927124]"
3,centroid,1,92,Castor,Castor,"[""Castor"", ""Alcatras"", ""Turbine"", ""Mytikas"", ""Braga""]","[0.8837782144546509, 0.6697558164596558, 0.5029556155204773, 0.4219994843006134, 0.39085519313812256]"
3,centroid,1,93,Castor,Castor,"[""Castor"", ""Turbine"", ""Alcatras"", ""Braga"", ""Mytikas""]","[0.9114880561828613, 0.6418327689170837, 0.5285207033157349, 0.5093070268630981, 0.44794440269470215]"
3,centroid,1,94,Castor,Castor,"[""Castor"", ""Braga"", ""Trius"", ""Triton"", ""Alcatras""]","[0.7631186842918396, 0.6023439168930054, 0.5562652349472046, 0.5388072729110718, 0.3718404769897461]"
3,centroid,1,95,Castor,Castor,"[""Castor"", ""Turbine"", ""Braga"", ""Alcatras"", ""Mytikas""]","[0.9077810645103455, 0.48797017335891724, 0.45242834091186523, 0.3878908157348633, 0.35936760902404785]"
3,centroid,1,96,Castor,Castor,"[""Castor"", ""Alcatras"", ""Braga"", ""Turbine"", ""Triton""]","[0.9394038915634155, 0.4873582422733307, 0.48006322979927063, 0.42401158809661865, 0.40894949436187744]"
3,centroid,1,97,Castor,Castor,"[""Castor"", ""Triton"", ""Mytikas"", ""Trius"", ""Alcatras""]","[0.8772351741790771, 0.7060841917991638, 0.6777700781822205, 0.5000268220901489, 0.4690367579460144]"
3,centroid,1,98,Castor,Castor,"[""Castor"", ""Triton"", ""Mytikas"", ""Alcatras"", ""Trius""]","[0.7791391611099243, 0.6105494499206543, 0.5650737285614014, 0.40566301345825195, 0.3766895532608032]"
3,centroid,1,99,Castor,Castor,"[""Castor"", ""Turbine"", ""Triton"", ""Alcatras"", ""Mytikas""]","[0.6874828934669495, 0.4105350375175476, 0.38006269931793213, 0.3055676221847534, 0.2724810242652893]"
3,centroid,1,100,Castor,Castor,"[""Castor"", ""Triton"", ""Mytikas"", ""Trius"", ""Alcatras""]","[0.8724865317344666, 0.6496533751487732, 0.6213685274124146, 0.5805445909500122, 0.48656195402145386]"
3,centroid,1,101,Castor,Castor,"[""Castor"", ""Turbine"", ""Braga"", ""Triton"", ""Mytikas""]","[0.9076718688011169, 0.4587240219116211, 0.4114229679107666, 0.3518400192260742, 0.3471188545227051]"
3,centroid,1,102,Castor,Castor,"[""Castor"", ""Alcatras"", ""Turbine"", ""Braga"", ""Alaris""]","[0.9017050266265869, 0.6507217884063721, 0.535820722579956, 0.5268633961677551, 0.43639498949050903]"
3,centroid,1,103,Castor,Castor,"[""Castor"", ""Mytikas"", ""Triton"", ""Turbine"", ""Alcatras""]","[0.9320997595787048, 0.5327959060668945, 0.5238985419273376, 0.45023199915885925, 0.427529513835907]"
3,centroid,1,104,Castor,Castor,"[""Castor"", ""Braga"", ""Mytikas"", ""Triton"", ""Alcatras""]","[0.9165051579475403, 0.6496989727020264, 0.547511875629425, 0.5280411243438721, 0.4673631489276886]"
3,centroid,1,105,Castor,Castor,"[""Castor"", ""Mytikas"", ""Triton"", ""Braga"", ""Alcatras""]","[0.9389289617538452, 0.519131064414978, 0.5184720158576965, 0.43488097190856934, 0.4216020107269287]"
3,centroid,1,106,Castor,Castor,"[""Castor"", ""Turbine"", ""Alcatras"", ""Braga"", ""Mytikas""]","[0.9005315899848938, 0.5016632676124573, 0.39186185598373413, 0.36528632044792175, 0.34956565499305725]"
3,centroid,1,107,Castor,Castor,"[""Castor"", ""Mytikas"", ""Triton"", ""Turbine"", ""Braga""]","[0.8802891969680786, 0.5246455073356628, 0.447124183177948, 0.44549164175987244, 0.4272187352180481]"
3,centroid,1,108,Castor,Castor,"[""Castor"", ""Alcatras"", ""Turbine"", ""Braga"", ""Mytikas""]","[0.9260832667350769, 0.5672553777694702, 0.5583420991897583, 0.5423290729522705, 0.42781269550323486]"
3,centroid,1,109,Castor,Castor,"[""Castor"", ""Mytikas"", ""Triton"", ""Alcatras"", ""Trius""]","[0.8394608497619629, 0.708636462688446, 0.5984601378440857, 0.5549384951591492, 0.4853314161300659]"
3,centroid,1,110,Castor,Triton,"[""Triton"", ""Castor"", ""Trius"", ""Mytikas"", ""Velorum""]","[0.7254139184951782, 0.5917668342590332, 0.5051056146621704, 0.49632543325424194, 0.3579535484313965]"
3,centroid,1,111,Castor,Castor,"[""Castor"", ""Alcatras"", ""Turbine"", ""Braga"", ""Mytikas""]","[0.946513831615448, 0.5361913442611694, 0.5288262367248535, 0.4615263342857361, 0.4384762942790985]"
3,centroid,1,112,Castor,Castor,"[""Castor"", ""Alcatras"", ""Turbine"", ""Mytikas"", ""Alaris""]","[0.8336080312728882, 0.5450841188430786, 0.5401850938796997, 0.4450068175792694, 0.37807008624076843]"
3,centroid,1,113,Castor,Castor,"[""Castor"", ""Triton"", ""Mytikas"", ""Braga"", ""Alcatras""]","[0.9159379005432129, 0.684597373008728, 0.6324599981307983, 0.5509887337684631, 0.5257396697998047]"
3,centroid,1,114,Castor,Castor,"[""Castor"", ""Triton"", ""Mytikas"", ""Alcatras"", ""Turbine""]","[0.8599646687507629, 0.5825427770614624, 0.5813649892807007, 0.5018934607505798, 0.34940406680107117]"
3,centroid,1,115,Castor,Castor,"[""Castor"", ""Mytikas"", ""Trius"", ""Alcatras"", ""Triton""]","[0.8662716150283813, 0.6545110940933228, 0.630234956741333, 0.606974720954895, 0.574659526348114]"
3,centroid,1,116,Castor,Castor,"[""Castor"", ""Alcatras"", ""Turbine"", ""Braga"", ""Alaris""]","[0.8776137828826904, 0.5977085828781128, 0.5903985500335693, 0.5313690900802612, 0.42128366231918335]"
3,centroid,1,117,Castor,Castor,"[""Castor"", ""Triton"", ""Mytikas"", ""Braga"", ""Trius""]","[0.9137464761734009, 0.6104627847671509, 0.5152796506881714, 0.4731847643852234, 0.4079694449901581]"
3,centroid,1,118,Castor,Castor,"[""Castor"", ""Braga"", ""Triton"", ""Alcatras"", ""Mytikas""]","[0.8946939706802368, 0.7398497462272644, 0.5518215894699097, 0.5153638124465942, 0.5001586079597473]"
3,centroid,1,119,Castor,Castor,"[""Castor"", ""Braga"", ""Alcatras"", ""Turbine"", ""Triton""]","[0.8017668724060059, 0.6621782779693604, 0.6184942722320557, 0.5901367664337158, 0.5157831907272339]"
3,centroid,1,120,Castor,Castor,"[""Castor"", ""Braga"", ""Turbine"", ""Alcatras"", ""Mytikas""]","[0.8215428590774536, 0.6081315279006958, 0.5383313894271851, 0.415457546710968, 0.35774385929107666]"
3,centroid,1,121,Castor,Castor,"[""Castor"", ""Turbine"", ""Mytikas"", ""Alcatras"", ""Braga""]","[0.9497010707855225, 0.5186657905578613, 0.5024475455284119, 0.45885682106018066, 0.4485176205635071]"
3,centroid,1,122,Denom,Denom,"[""Denom"", ""Ratikon"", ""Nivalis"", ""Ilias"", ""Velorum""]","[0.8494160175323486, 0.8428863286972046, 0.7603821158409119, 0.524574875831604, 0.36595433950424194]"
3,centroid,1,123,Denom,Denom,"[""Denom"", ""Nivalis"", ""Ratikon"", ""Ilias"", ""Velorum""]","[0.9098160266876221, 0.8464730978012085, 0.7845937013626099, 0.6624432802200317, 0.47827601432800293]"
3,centroid,1,124,Denom,Denom,"[""Denom"", ""Ratikon"", ""Nivalis"", ""Ilias"", ""Velorum""]","[0.8921502828598022, 0.8898056149482727, 0.7969330549240112, 0.5728816986083984, 0.22188228368759155]"
3,centroid,1,125,Denom,Denom,"[""Denom"", ""Ratikon"", ""Nivalis"", ""Ilias"", ""Velorum""]","[0.9405955076217651, 0.814591109752655, 0.7829568386077881, 0.6407798528671265, 0.3530144691467285]"
3,centroid,1,126,Denom,Denom,"[""Denom"", ""Ratikon"", ""Nivalis"", ""Ilias"", ""Velorum""]","[0.918875515460968, 0.7347255945205688, 0.6971570253372192, 0.3626862168312073, 0.20072099566459656]"
3,centroid,1,127,Denom,Ilias,"[""Ilias"", ""Denom"", ""Ratikon"", ""Nivalis"", ""Gemini""]","[0.7943487167358398, 0.745457112789154, 0.720228374004364, 0.670387864112854, 0.28510189056396484]"
3,centroid,1,128,Denom,Ratikon,"[""Ratikon"", ""Denom"", ""Nivalis"", ""Ilias"", ""Vega""]","[0.8799303770065308, 0.8439253568649292, 0.7498660087585449, 0.5759868621826172, 0.05063844472169876]"
3,centroid,1,129,Denom,Denom,"[""Denom"", ""Nivalis"", ""Ratikon"", ""Ilias"", ""Velorum""]","[0.9628737568855286, 0.8400008082389832, 0.8082281351089478, 0.603980541229248, 0.317327618598938]"
3,centroid,1,130,Denom,Denom,"[""Denom"", ""Ratikon"", ""Nivalis"", ""Ilias"", ""Velorum""]","[0.8480675220489502, 0.818732738494873, 0.7640910148620605, 0.6683386564254761, 0.41034653782844543]"
3,centroid,1,131,Denom,Denom,"[""Denom"", ""Ratikon"", ""Nivalis"", ""Ilias"", ""Velorum""]","[0.9643064737319946, 0.7987468242645264, 0.7490560412406921, 0.5240636467933655, 0.2344408482313156]"
3,centroid,1,132,Denom,Denom,"[""Denom"", ""Ratikon"", ""Nivalis"", ""Ilias"", ""Velorum""]","[0.9277310371398926, 0.8201169371604919, 0.7807198762893677, 0.5037364959716797, 0.3428250551223755]"
3,centroid,1,133,Denom,Denom,"[""Denom"", ""Ratikon"", ""Ilias"", ""Nivalis"", ""Velorum""]","[0.9013085961341858, 0.7930561900138855, 0.6967416405677795, 0.668887734413147, 0.2555517554283142]"
3,centroid,1,134,Denom,Ratikon,"[""Ratikon"", ""Denom"", ""Nivalis"", ""Ilias"", ""Velorum""]","[0.869398832321167, 0.8496527671813965, 0.7701345682144165, 0.657953143119812, 0.18905115127563477]"
3,centroid,1,135,Denom,Denom,"[""Denom"", ""Ratikon"", ""Nivalis"", ""Ilias"", ""Velorum""]","[0.9049235582351685, 0.7257915735244751, 0.7214195728302002, 0.6220906972885132, 0.5846513509750366]"
3,centroid,1,136,Denom,Denom,"[""Denom"", ""Nivalis"", ""Ratikon"", ""Ilias"", ""Velorum""]","[0.9105337858200073, 0.6901560425758362, 0.666741669178009, 0.46592360734939575, 0.36070987582206726]"
3,centroid,1,137,Denom,Denom,"[""Denom"", ""Nivalis"", ""Ratikon"", ""Ilias"", ""Velorum""]","[0.8957985639572144, 0.8702710270881653, 0.8164461851119995, 0.5026741027832031, 0.24621233344078064]"
3,centroid,1,138,Denom,Denom,"[""Denom"", ""Ratikon"", ""Nivalis"", ""Ilias"", ""Velorum""]","[0.8451645374298096, 0.7502627968788147, 0.7342466115951538, 0.5854259133338928, 0.3624945282936096]"
3,centroid,1,139,Denom,Denom,"[""Denom"", ""Ratikon"", ""Nivalis"", ""Ilias"", ""Xtreme""]","[0.8582276105880737, 0.5365750789642334, 0.4996953010559082, 0.486196905374527, 0.23304252326488495]"
3,centroid,1,140,Denom,Denom,"[""Denom"", ""Nivalis"", ""Ratikon"", ""Velorum"", ""Ilias""]","[0.8428657054901123, 0.4524136781692505, 0.39373689889907837, 0.32859838008880615, 0.2855561077594757]"
3,centroid,1,141,Denom,Denom,"[""Denom"", ""Ratikon"", ""Nivalis"", ""Ilias"", ""Velorum""]","[0.9078242182731628, 0.7309433221817017, 0.5968674421310425, 0.4330407381057739, 0.24620568752288818]"
3,centroid,1,142,Denom,Denom,"[""Denom"", ""Nivalis"", ""Ratikon"", ""Ilias"", ""Gemini""]","[0.7446261048316956, 0.6319277286529541, 0.5996936559677124, 0.5388277769088745, 0.2983277440071106]"
3,centroid,1,143,Denom,Ratikon,"[""Ratikon"", ""Denom"", ""Nivalis"", ""Ilias"", ""Velorum""]","[0.8713715076446533, 0.8611583709716797, 0.6482732892036438, 0.6007799506187439, 0.1250753551721573]"
3,centroid,1,144,Denom,Denom,"[""Denom"", ""Ratikon"", ""Ilias"", ""Nivalis"", ""Velorum""]","[0.9077118635177612, 0.7310985326766968, 0.6582887768745422, 0.6099309921264648, 0.42384886741638184]"
3,centroid,1,145,Denom,Denom,"[""Denom"", ""Ratikon"", ""Nivalis"", ""Ilias"", ""Velorum""]","[0.9187085628509521, 0.7000906467437744, 0.6968492269515991, 0.6334993839263916, 0.25708889961242676]"
3,centroid,1,146,Denom,Denom,"[""Denom"", ""Velorum"", ""Ilias"", ""Ratikon"", ""Nivalis""]","[0.743777334690094, 0.6094704866409302, 0.5310280919075012, 0.5294650197029114, 0.4873233139514923]"
3,centroid,1,147,Denom,Denom,"[""Denom"", ""Ratikon"", ""Nivalis"", ""Ilias"", ""Velorum""]","[0.9021309018135071, 0.7509346008300781, 0.7110794186592102, 0.6621196866035461, 0.26329976320266724]"
3,centroid,1,148,Denom,Denom,"[""Denom"", ""Ratikon"", ""Ilias"", ""Nivalis"", ""Velorum""]","[0.9014937877655029, 0.706301212310791, 0.6721952557563782, 0.663242757320404, 0.4128955006599426]"
3,centroid,1,149,Denom,Denom,"[""Denom"", ""Ratikon"", ""Nivalis"", ""Ilias"", ""Velorum""]","[0.8891839385032654, 0.8774157762527466, 0.8562536835670471, 0.6704143285751343, 0.3131093382835388]"
3,centroid,1,150,Denom,Denom,"[""Denom"", ""Nivalis"", ""Ratikon"", ""Ilias"", ""Velorum""]","[0.8695148229598999, 0.7461375594139099, 0.6443105936050415, 0.5598045587539673, 0.5432261228561401]"
3,centroid,1,151,Denom,Denom,"[""Denom"", ""Ratikon"", ""Nivalis"", ""Ilias"", ""Velorum""]","[0.8982991576194763, 0.8879901170730591, 0.8686035871505737, 0.5911887884140015, 0.34210026264190674]"
3,centroid,1,152,Denom,Denom,"[""Denom"", ""Ratikon"", ""Nivalis"", ""Ilias"", ""Steel_Wheel""]","[0.7858635783195496, 0.7190349102020264, 0.5618967413902283, 0.26390329003334045, 0.020202284678816795]"
3,centroid,1,153,Denom,Denom,"[""Denom"", ""Nivalis"", ""Ratikon"", ""Ilias"", ""Velorum""]","[0.9006297588348389, 0.8227603435516357, 0.7548667192459106, 0.5030331611633301, 0.3454310894012451]"
3,centroid,1,154,Denom,Denom,"[""Denom"", ""Ratikon"", ""Trius"", ""Ilias"", ""Nivalis""]","[0.6945846080780029, 0.5320920944213867, 0.5052076578140259, 0.4555211663246155, 0.45393139123916626]"
3,centroid,1,155,Denom,Denom,"[""Denom"", ""Nivalis"", ""Ratikon"", ""Ilias"", ""Velorum""]","[0.8284882307052612, 0.7973513603210449, 0.6826920509338379, 0.42458707094192505, 0.406181663274765]"
3,centroid,1,156,Denom,Denom,"[""Denom"", ""Nivalis"", ""Ratikon"", ""Ilias"", ""Velorum""]","[0.9172166585922241, 0.669173002243042, 0.5996688604354858, 0.5787520408630371, 0.1926959604024887]"
3,centroid,1,157,Denom,Denom,"[""Denom"", ""Ilias"", ""Nivalis"", ""Ratikon"", ""Velorum""]","[0.8320976495742798, 0.6830360889434814, 0.5859602689743042, 0.565916121006012, 0.4989124536514282]"
3,centroid,1,158,Denom,Denom,"[""Denom"", ""Velorum"", ""Ilias"", ""Ratikon"", ""Nivalis""]","[0.7598580121994019, 0.4757193624973297, 0.42364752292633057, 0.4014253616333008, 0.3854338526725769]"
3,centroid,1,159,Gemini,Gemini,"[""Gemini"", ""Xtreme"", ""Braga"", ""Hawk"", ""Vega""]","[0.7266887426376343, 0.566467821598053, 0.5368462204933167, 0.43430253863334656, 0.3654348850250244]"
3,centroid,1,160,Gemini,Gemini,"[""Gemini"", ""Xtreme"", ""Hawk"", ""Ilias"", ""Vega""]","[0.6170481443405151, 0.5139592289924622, 0.44174155592918396, 0.23433583974838257, 0.21457020938396454]"
3,centroid,1,161,Gemini,Gemini,"[""Gemini"", ""Xtreme"", ""Vega"", ""Braga"", ""Trius""]","[0.9354022741317749, 0.5770964026451111, 0.3486572504043579, 0.33418458700180054, 0.28317880630493164]"
3,centroid,1,162,Gemini,Gemini,"[""Gemini"", ""Trius"", ""Xtreme"", ""Vega"", ""Braga""]","[0.9106152057647705, 0.4945818781852722, 0.44973325729370117, 0.4314226508140564, 0.34603118896484375]"
3,centroid,1,163,Gemini,Gemini,"[""Gemini"", ""Trius"", ""Vega"", ""Alaris"", ""Hawk""]","[0.7412041425704956, 0.607693612575531, 0.5714982151985168, 0.4134991765022278, 0.40713608264923096]"
3,centroid,1,164,Gemini,Gemini,"[""Gemini"", ""Trius"", ""Braga"", ""Xtreme"", ""Vega""]","[0.9400247931480408, 0.5675549507141113, 0.5450114011764526, 0.5230675935745239, 0.4511049687862396]"
3,centroid,1,165,Gemini,Gemini,"[""Gemini"", ""Xtreme"", ""Vega"", ""Triton"", ""Trius""]","[0.8399072289466858, 0.5689835548400879, 0.45888790488243103, 0.4431554675102234, 0.4392688572406769]"
3,centroid,1,166,Gemini,Gemini,"[""Gemini"", ""Vega"", ""Braga"", ""Trius"", ""Hawk""]","[0.7330096960067749, 0.6138901710510254, 0.46924933791160583, 0.4284055829048157, 0.38851040601730347]"
3,centroid,1,167,Gemini,Gemini,"[""Gemini"", ""Xtreme"", ""Trius"", ""Triton"", ""Vega""]","[0.890587568283081, 0.48423337936401367, 0.4116918444633484, 0.4073265790939331, 0.3988609313964844]"
3,centroid,1,168,Gemini,Alcatras,"[""Alcatras"", ""Braga"", ""Vega"", ""Gemini"", ""Trius""]","[0.6307895183563232, 0.6272047758102417, 0.6200262308120728, 0.5734686851501465, 0.5120774507522583]"
3,centroid,1,169,Gemini,Gemini,"[""Gemini"", ""Xtreme"", ""Braga"", ""Trius"", ""Hawk""]","[0.917770266532898, 0.6800482273101807, 0.599392294883728, 0.44162440299987793, 0.409543514251709]"
3,centroid,1,170,Gemini,Gemini,"[""Gemini"", ""Xtreme"", ""Hawk"", ""Braga"", ""Trius""]","[0.8394069075584412, 0.5562363862991333, 0.538811206817627, 0.5184276103973389, 0.4578373432159424]"
3,centroid,1,171,Gemini,Gemini,"[""Gemini"", ""Xtreme"", ""Braga"", ""Vega"", ""Trius""]","[0.8635140657424927, 0.562278687953949, 0.558327317237854, 0.37364187836647034, 0.36659181118011475]"
3,centroid,1,172,Gemini,Gemini,"[""Gemini"", ""Xtreme"", ""Trius"", ""Ilias"", ""Hawk""]","[0.890746533870697, 0.6984943151473999, 0.28536486625671387, 0.2797783315181732, 0.26918214559555054]"
3,centroid,1,173,Gemini,Gemini,"[""Gemini"", ""Xtreme"", ""Braga"", ""Triton"", ""Trius""]","[0.8383504748344421, 0.5923231244087219, 0.32835298776626587, 0.3266907334327698, 0.2845768928527832]"
3,centroid,1,174,Gemini,Gemini,"[""Gemini"", ""Trius"", ""Vega"", ""Braga"", ""Triton""]","[0.7101211547851562, 0.7000718116760254, 0.5181569457054138, 0.40580371022224426, 0.40368446707725525]"
3,centroid,1,175,Gemini,Gemini,"[""Gemini"", ""Vega"", ""Nivalis"", ""Xtreme"", ""Ilias""]","[0.6882029175758362, 0.527673065662384, 0.47764742374420166, 0.43842482566833496, 0.3374873399734497]"
3,centroid,1,176,Gemini,Vega,"[""Vega"", ""Gemini"", ""Xtreme"", ""Hawk"", ""Braga""]","[0.5819435715675354, 0.4947887063026428, 0.40661272406578064, 0.3898862898349762, 0.3469351828098297]"
3,centroid,1,177,Gemini,Gemini,"[""Gemini"", ""Trius"", ""Vega"", ""Alaris"", ""Triton""]","[0.7926797270774841, 0.6341055631637573, 0.5260549783706665, 0.3046657145023346, 0.30172985792160034]"
3,centroid,1,178,Gemini,Gemini,"[""Gemini"", ""Trius"", ""Alaris"", ""Alcatras"", ""Triton""]","[0.7713141441345215, 0.581695020198822, 0.4309646189212799, 0.42954111099243164, 0.4224851727485657]"
3,centroid,1,179,Gemini,Gemini,"[""Gemini"", ""Vega"", ""Trius"", ""Xtreme"", ""Triton""]","[0.8950439095497131, 0.4907105565071106, 0.46686387062072754, 0.4053501486778259, 0.3699430525302887]"
3,centroid,1,180,Gemini,Gemini,"[""Gemini"", ""Braga"", ""Vega"", ""Trius"", ""Hawk""]","[0.7797038555145264, 0.5860520601272583, 0.5463006496429443, 0.5375458598136902, 0.33544471859931946]"
3,centroid,1,181,Gemini,Hawk,"[""Hawk"", ""Vega"", ""Gemini"", ""Mytikas"", ""Xtreme""]","[0.6160910129547119, 0.6109650731086731, 0.47551119327545166, 0.3750937581062317, 0.3749905228614807]"
3,centroid,1,182,Gemini,Gemini,"[""Gemini"", ""Hawk"", ""Braga"", ""Xtreme"", ""Alcatras""]","[0.8032379150390625, 0.6092939376831055, 0.6063605546951294, 0.6026378870010376, 0.4668945372104645]"
3,centroid,1,183,Gemini,Gemini,"[""Gemini"", ""Xtreme"", ""Braga"", ""Vega"", ""Trius""]","[0.8997198343276978, 0.6918119192123413, 0.5527619123458862, 0.4798857867717743, 0.40035292506217957]"
3,centroid,1,184,Gemini,Gemini,"[""Gemini"", ""Xtreme"", ""Vega"", ""Hawk"", ""Trius""]","[0.8815464973449707, 0.5705071687698364, 0.47128942608833313, 0.32819807529449463, 0.24684417247772217]"
3,centroid,1,185,Gemini,Gemini,"[""Gemini"", ""Xtreme"", ""Braga"", ""Vega"", ""Triton""]","[0.8744701147079468, 0.7729334831237793, 0.470664381980896, 0.35202455520629883, 0.3497163951396942]"
3,centroid,1,186,Hawk,Hawk,"[""Hawk"", ""Braga"", ""Turbine"", ""Vega"", ""Gemini""]","[0.884294331073761, 0.61420738697052, 0.5326852798461914, 0.4026702642440796, 0.3479834198951721]"
3,centroid,1,187,Hawk,Hawk,"[""Hawk"", ""Alaris"", ""Vega"", ""Braga"", ""Alcatras""]","[0.8322362899780273, 0.6055899262428284, 0.5996677279472351, 0.5765670537948608, 0.4706416726112366]"
3,centroid,1,188,Hawk,Hawk,"[""Hawk"", ""Turbine"", ""Vega"", ""Alaris"", ""Alcatras""]","[0.9088946580886841, 0.5193791389465332, 0.43866679072380066, 0.3829917907714844, 0.3455280661582947]"
3,centroid,1,189,Hawk,Hawk,"[""Hawk"", ""Alcatras"", ""Alaris"", ""Turbine"", ""Vega""]","[0.9106032252311707, 0.4170885980129242, 0.4169352948665619, 0.3708454370498657, 0.26228463649749756]"
3,centroid,1,190,Hawk,Hawk,"[""Hawk"", ""Alcatras"", ""Alaris"", ""Mytikas"", ""Braga""]","[0.7806252837181091, 0.7300585508346558, 0.5352158546447754, 0.4754738509654999, 0.47208502888679504]"
3,centroid,1,191,Hawk,Hawk,"[""Hawk"", ""Turbine"", ""Braga"", ""Xtreme"", ""Vega""]","[0.9237592220306396, 0.4727599024772644, 0.42823100090026855, 0.38916462659835815, 0.3500825762748718]"
3,centroid,1,192,Hawk,Hawk,"[""Hawk"", ""Turbine"", ""Alaris"", ""Alcatras"", ""Braga""]","[0.8363567590713501, 0.6726442575454712, 0.5759778022766113, 0.543639063835144, 0.4111911654472351]"
3,centroid,1,193,Hawk,Hawk,"[""Hawk"", ""Alaris"", ""Vega"", ""Braga"", ""Alcatras""]","[0.931972861289978, 0.5903316736221313, 0.5327086448669434, 0.5173563957214355, 0.48454272747039795]"
3,centroid,1,194,Hawk,Hawk,"[""Hawk"", ""Alcatras"", ""Alaris"", ""Turbine"", ""Vega""]","[0.900794267654419, 0.5244332551956177, 0.48275989294052124, 0.4699863791465759, 0.38054290413856506]"
3,centroid,1,195,Hawk,Hawk,"[""Hawk"", ""Turbine"", ""Vega"", ""Braga"", ""Alaris""]","[0.9284827709197998, 0.5666694641113281, 0.4770301580429077, 0.40153059363365173, 0.3531796634197235]"
3,centroid,1,196,Hawk,Hawk,"[""Hawk"", ""Vega"", ""Turbine"", ""Braga"", ""Alaris""]","[0.8590763807296753, 0.7216098308563232, 0.48172950744628906, 0.31004756689071655, 0.29455506801605225]"
3,centroid,1,197,Hawk,Hawk,"[""Hawk"", ""Turbine"", ""Alcatras"", ""Alaris"", ""Braga""]","[0.8920531868934631, 0.6065891981124878, 0.5993403792381287, 0.5703911781311035, 0.4956648647785187]"
3,centroid,1,198,Hawk,Hawk,"[""Hawk"", ""Alcatras"", ""Turbine"", ""Alaris"", ""Vega""]","[0.9255353808403015, 0.4216814637184143, 0.3828881084918976, 0.36203762888908386, 0.2983521521091461]"
3,centroid,1,199,Hawk,Hawk,"[""Hawk"", ""Turbine"", ""Xtreme"", ""Vega"", ""Alcatras""]","[0.829902172088623, 0.4190630316734314, 0.2754594087600708, 0.20741021633148193, 0.15306636691093445]"
3,centroid,1,200,Hawk,Hawk,"[""Hawk"", ""Vega"", ""Alaris"", ""Turbine"", ""Alcatras""]","[0.9377107620239258, 0.4687958359718323, 0.4537149667739868, 0.4416009783744812, 0.3927838206291199]"
3,centroid,1,201,Hawk,Hawk,"[""Hawk"", ""Alaris"", ""Turbine"", ""Alcatras"", ""Vega""]","[0.6586893796920776, 0.5884951949119568, 0.5591549873352051, 0.4962913691997528, 0.28560709953308105]"
3,centroid,1,202,Hawk,Hawk,"[""Hawk"", ""Vega"", ""Turbine"", ""Alaris"", ""Braga""]","[0.9399183988571167, 0.5318463444709778, 0.5176517963409424, 0.5113663077354431, 0.40510842204093933]"
3,centroid,1,203,Hawk,Hawk,"[""Hawk"", ""Vega"", ""Turbine"", ""Braga"", ""Alaris""]","[0.906213641166687, 0.48890382051467896, 0.43345919251441956, 0.3217316269874573, 0.30340903997421265]"
3,centroid,1,204,Hawk,Hawk,"[""Hawk"", ""Vega"", ""Alcatras"", ""Alaris"", ""Turbine""]","[0.9549729228019714, 0.4895656406879425, 0.46043309569358826, 0.455746054649353, 0.410454124212265]"
3,centroid,1,205,Hawk,Hawk,"[""Hawk"", ""Turbine"", ""Braga"", ""Alcatras"", ""Vega""]","[0.8417650461196899, 0.5092250108718872, 0.45722314715385437, 0.4554654359817505, 0.4166772961616516]"
3,centroid,1,206,Hawk,Hawk,"[""Hawk"", ""Turbine"", ""Braga"", ""Alcatras"", ""Alaris""]","[0.9012565016746521, 0.599612832069397, 0.577723503112793, 0.543333888053894, 0.48281413316726685]"
3,centroid,1,207,Hawk,Hawk,"[""Hawk"", ""Braga"", ""Vega"", ""Turbine"", ""Xtreme""]","[0.8136711716651917, 0.5314330458641052, 0.4777364730834961, 0.4539050757884979, 0.31464824080467224]"
3,centroid,1,208,Hawk,Hawk,"[""Hawk"", ""Turbine"", ""Alcatras"", ""Alaris"", ""Vega""]","[0.9005672335624695, 0.5009368062019348, 0.3721054494380951, 0.31234416365623474, 0.30581021308898926]"
3,centroid,1,209,Hawk,Hawk,"[""Hawk"", ""Alcatras"", ""Alaris"", ""Vega"", ""Braga""]","[0.9405053853988647, 0.5453200340270996, 0.49977007508277893, 0.45136886835098267, 0.42870351672172546]"
3,centroid,1,210,Hawk,Hawk,"[""Hawk"", ""Vega"", ""Turbine"", ""Braga"", ""Alaris""]","[0.8375942707061768, 0.6970316171646118, 0.591254711151123, 0.4815894365310669, 0.3104860782623291]"
3,centroid,1,211,Ilias,Ratikon,"[""Ratikon"", ""Nivalis"", ""Ilias"", ""Velorum"", ""Denom""]","[0.7379791736602783, 0.6231069564819336, 0.5531154870986938, 0.3425275385379791, 0.27327385544776917]"
3,centroid,1,212,Ilias,Ilias,"[""Ilias"", ""Nivalis"", ""Ratikon"", ""Denom"", ""Velorum""]","[0.8949902057647705, 0.6422028541564941, 0.6408048868179321, 0.6089316606521606, 0.49078184366226196]"
3,centroid,1,213,Ilias,Ilias,"[""Ilias"", ""Ratikon"", ""Denom"", ""Nivalis"", ""Triton""]","[0.889259397983551, 0.7507368326187134, 0.6431424617767334, 0.5373491048812866, 0.31575751304626465]"
3,centroid,1,214,Ilias,Ilias,"[""Ilias"", ""Denom"", ""Ratikon"", ""Velorum"", ""Nivalis""]","[0.8233534097671509, 0.8001729249954224, 0.712273359298706, 0.700980544090271, 0.6863923072814941]"
3,centroid,1,215,Ilias,Ilias,"[""Ilias"", ""Triton"", ""Ratikon"", ""Mytikas"", ""Gemini""]","[0.5520994067192078, 0.3752535879611969, 0.33396652340888977, 0.28776097297668457, 0.1756090521812439]"
3,centroid,1,216,Ilias,Ilias,"[""Ilias"", ""Ratikon"", ""Nivalis"", ""Denom"", ""Velorum""]","[0.8346381187438965, 0.6674506068229675, 0.569179892539978, 0.5550122261047363, 0.5137783288955688]"
3,centroid,1,217,Ilias,Ilias,"[""Ilias"", ""Ratikon"", ""Nivalis"", ""Velorum"", ""Denom""]","[0.9091664552688599, 0.6624005436897278, 0.5775866508483887, 0.57329261302948, 0.49206382036209106]"
3,centroid,1,218,Ilias,Triton,"[""Triton"", ""Ilias"", ""Trius"", ""Ratikon"", ""Alcatras""]","[0.7004636526107788, 0.6489726901054382, 0.5318670272827148, 0.4611216187477112, 0.44659289717674255]"
3,centroid,1,219,Ilias,Ilias,"[""Ilias"", ""Ratikon"", ""Nivalis"", ""Denom"", ""Velorum""]","[0.939010500907898, 0.6642023921012878, 0.5896461009979248, 0.4973088800907135, 0.4631931483745575]"
3,centroid,1,220,Ilias,Ilias,"[""Ilias"", ""Velorum"", ""Ratikon"", ""Nivalis"", ""Denom""]","[0.7337506413459778, 0.7189728021621704, 0.698476254940033, 0.6589449048042297, 0.6366193294525146]"
3,centroid,1,221,Ilias,Ratikon,"[""Ratikon"", ""Denom"", ""Nivalis"", ""Ilias"", ""Velorum""]","[0.8128039836883545, 0.7638422250747681, 0.6134535074234009, 0.5528504848480225, 0.2060796320438385]"
3,centroid,1,222,Ilias,Ilias,"[""Ilias"", ""Ratikon"", ""Nivalis"", ""Denom"", ""Velorum""]","[0.8834903240203857, 0.6270182132720947, 0.5578931570053101, 0.4852648675441742, 0.386796236038208]"
3,centroid,1,223,Ilias,Ilias,"[""Ilias"", ""Ratikon"", ""Denom"", ""Velorum"", ""Nivalis""]","[0.906643807888031, 0.6018187999725342, 0.6015226244926453, 0.569876492023468, 0.5560769438743591]"
3,centroid,1,224,Ilias,Ilias,"[""Ilias"", ""Denom"", ""Ratikon"", ""Nivalis"", ""Gemini""]","[0.8193118572235107, 0.7569530606269836, 0.6863467693328857, 0.50887531042099, 0.3151063919067383]"
3,centroid,1,225,Ilias,Ilias,"[""Ilias"", ""Ratikon"", ""Triton"", ""Nivalis"", ""Denom""]","[0.8515353798866272, 0.7215943336486816, 0.4860009253025055, 0.4852358102798462, 0.47576600313186646]"
3,centroid,1,226,Ilias,Ilias,"[""Ilias"", ""Ratikon"", ""Nivalis"", ""Denom"", ""Velorum""]","[0.9662015438079834, 0.7854613065719604, 0.692594051361084, 0.6161850094795227, 0.4609077274799347]"
3,centroid,1,227,Ilias,Ilias,"[""Ilias"", ""Ratikon"", ""Velorum"", ""Nivalis"", ""Denom""]","[0.8396520614624023, 0.6314244270324707, 0.5786541700363159, 0.5657300353050232, 0.47102081775665283]"
3,centroid,1,228,Ilias,Ilias,"[""Ilias"", ""Ratikon"", ""Nivalis"", ""Denom"", ""Triton""]","[0.8153697848320007, 0.758216142654419, 0.5809733867645264, 0.552417516708374, 0.26508933305740356]"
3,centroid,1,229,Ilias,Ilias,"[""Ilias"", ""Ratikon"", ""Velorum"", ""Denom"", ""Nivalis""]","[0.8301397562026978, 0.6854507327079773, 0.6769661903381348, 0.6511318683624268, 0.5964271426200867]"
3,centroid,1,230,Ilias,Ilias,"[""Ilias"", ""Ratikon"", ""Triton"", ""Denom"", ""Nivalis""]","[0.9184701442718506, 0.5366613864898682, 0.49718886613845825, 0.44325757026672363, 0.4273751974105835]"
3,centroid,1,231,Ilias,Ilias,"[""Ilias"", ""Ratikon"", ""Nivalis"", ""Denom"", ""Velorum""]","[0.9102267622947693, 0.8415262699127197, 0.755149245262146, 0.7475172281265259, 0.37807974219322205]"
3,centroid,1,232,Ilias,Ilias,"[""Ilias"", ""Ratikon"", ""Nivalis"", ""Denom"", ""Velorum""]","[0.8630759119987488, 0.8255308866500854, 0.628059983253479, 0.4869639575481415, 0.33999431133270264]"
3,centroid,1,233,Ilias,Ilias,"[""Ilias"", ""Ratikon"", ""Nivalis"", ""Denom"", ""Xtreme""]","[0.890282928943634, 0.636444091796875, 0.5131673812866211, 0.4674447774887085, 0.36434242129325867]"
3,centroid,1,234,Ilias,Ilias,"[""Ilias"", ""Nivalis"", ""Ratikon"", ""Denom"", ""Velorum""]","[0.8355637192726135, 0.6692260503768921, 0.6187909841537476, 0.5855059623718262, 0.5727906227111816]"
3,centroid,1,235,Ilias,Ilias,"[""Ilias"", ""Ratikon"", ""Nivalis"", ""Denom"", ""Velorum""]","[0.8537697196006775, 0.5967636108398438, 0.5679545402526855, 0.5442428588867188, 0.2766159772872925]"
3,centroid,1,236,Ilias,Ilias,"[""Ilias"", ""Ratikon"", ""Nivalis"", ""Denom"", ""Velorum""]","[0.7460764050483704, 0.7451924085617065, 0.7234007716178894, 0.4072897434234619, 0.39221322536468506]"
3,centroid,1,237,Ilias,Ilias,"[""Ilias"", ""Velorum"", ""Nivalis"", ""Denom"", ""Ratikon""]","[0.8673980236053467, 0.590456485748291, 0.5744670629501343, 0.5536195635795593, 0.5436583757400513]"
3,centroid,1,238,Ilias,Ilias,"[""Ilias"", ""Velorum"", ""Denom"", ""Triton"", ""Ratikon""]","[0.7319971323013306, 0.7028992176055908, 0.5311902761459351, 0.49846798181533813, 0.4527239203453064]"
3,centroid,1,239,Ilias,Ilias,"[""Ilias"", ""Ratikon"", ""Nivalis"", ""Denom"", ""Xtreme""]","[0.8567626476287842, 0.7567992210388184, 0.6201422810554504, 0.5505024194717407, 0.2782970368862152]"
3,centroid,1,240,Mytikas,Triton,"[""Triton"", ""Castor"", ""Braga"", ""Mytikas"", ""Alcatras""]","[0.738439679145813, 0.6296732425689697, 0.6125928163528442, 0.5245972871780396, 0.5238919258117676]"
3,centroid,1,241,Mytikas,Mytikas,"[""Mytikas"", ""Triton"", ""Trius"", ""Gemini"", ""Alcatras""]","[0.8688013553619385, 0.5198436975479126, 0.5145023465156555, 0.33030420541763306, 0.26663246750831604]"
3,centroid,1,242,Mytikas,Mytikas,"[""Mytikas"", ""Alcatras"", ""Triton"", ""Trius"", ""Alaris""]","[0.8176946043968201, 0.6821112632751465, 0.5197579264640808, 0.4635128974914551, 0.4448806941509247]"
3,centroid,1,243,Mytikas,Mytikas,"[""Mytikas"", ""Triton"", ""Trius"", ""Alcatras"", ""Braga""]","[0.8891758918762207, 0.7640609741210938, 0.7137330770492554, 0.3591344952583313, 0.3497415781021118]"
3,centroid,1,244,Mytikas,Mytikas,"[""Mytikas"", ""Triton"", ""Castor"", ""Alcatras"", ""Trius""]","[0.8456708788871765, 0.711275577545166, 0.6081727147102356, 0.5484486818313599, 0.5064761638641357]"
3,centroid,1,245,Mytikas,Triton,"[""Triton"", ""Mytikas"", ""Trius"", ""Alcatras"", ""Castor""]","[0.8956362009048462, 0.7966570258140564, 0.6843019723892212, 0.6301469802856445, 0.5328569412231445]"
3,centroid,1,246,Mytikas,Mytikas,"[""Mytikas"", ""Triton"", ""Trius"", ""Braga"", ""Alcatras""]","[0.8875454068183899, 0.5019890666007996, 0.4790000021457672, 0.3952823877334595, 0.3629887104034424]"
3,centroid,1,247,Mytikas,Mytikas,"[""Mytikas"", ""Triton"", ""Trius"", ""Alcatras"", ""Castor""]","[0.94618821144104, 0.7286512851715088, 0.583300769329071, 0.499369740486145, 0.42049121856689453]"
3,centroid,1,248,Mytikas,Mytikas,"[""Mytikas"", ""Trius"", ""Castor"", ""Alcatras"", ""Triton""]","[0.8325306177139282, 0.4632209539413452, 0.45176267623901367, 0.41621291637420654, 0.4126114547252655]"
3,centroid,1,249,Mytikas,Mytikas,"[""Mytikas"", ""Triton"", ""Turbine"", ""Castor"", ""Braga""]","[0.8678920269012451, 0.4909540116786957, 0.4196552038192749, 0.41728711128234863, 0.41403791308403015]"
3,centroid,1,250,Mytikas,Mytikas,"[""Mytikas"", ""Triton"", ""Alcatras"", ""Trius"", ""Castor""]","[0.8490612506866455, 0.7881051301956177, 0.6681931018829346, 0.5963199138641357, 0.5635687708854675]"
3,centroid,1,251,Mytikas,Triton,"[""Triton"", ""Mytikas"", ""Trius"", ""Braga"", ""Alcatras""]","[0.851861834526062, 0.8320642113685608, 0.629732072353363, 0.4715847969055176, 0.4614531993865967]"
3,centroid,1,252,Mytikas,Trius,"[""Trius"", ""Triton"", ""Braga"", ""Mytikas"", ""Castor""]","[0.6635146141052246, 0.6426771283149719, 0.4952290654182434, 0.43051677942276, 0.37430518865585327]"
3,centroid,1,253,Mytikas,Mytikas,"[""Mytikas"", ""Triton"", ""Alcatras"", ""Castor"", ""Trius""]","[0.8701794147491455, 0.7143945097923279, 0.6803686618804932, 0.5649814605712891, 0.5375616550445557]"
3,centroid,1,254,Mytikas,Triton,"[""Triton"", ""Castor"", ""Mytikas"", ""Braga"", ""Trius""]","[0.8055615425109863, 0.784104585647583, 0.6419914960861206, 0.5477989912033081, 0.4887813925743103]"
3,centroid,1,255,Mytikas,Mytikas,"[""Mytikas"", ""Castor"", ""Alcatras"", ""Turbine"", ""Braga""]","[0.781098484992981, 0.6449682712554932, 0.5846199989318848, 0.5595260858535767, 0.5304960012435913]"
3,centroid,1,256,Mytikas,Mytikas,"[""Mytikas"", ""Trius"", ""Alcatras"", ""Vega"", ""Alaris""]","[0.6944189667701721, 0.6276960372924805, 0.5368466377258301, 0.48862966895103455, 0.4643954634666443]"
3,centroid,1,257,Mytikas,Triton,"[""Triton"", ""Mytikas"", ""Castor"", ""Braga"", ""Trius""]","[0.8668918609619141, 0.7550427913665771, 0.7234482765197754, 0.6910109519958496, 0.6803638935089111]"
3,centroid,1,258,Mytikas,Mytikas,"[""Mytikas"", ""Triton"", ""Castor"", ""Trius"", ""Braga""]","[0.7957136034965515, 0.7738354802131653, 0.7025542259216309, 0.4471505582332611, 0.440768837928772]"
3,centroid,1,259,Mytikas,Triton,"[""Triton"", ""Mytikas"", ""Castor"", ""Trius"", ""Alcatras""]","[0.8882927298545837, 0.839882493019104, 0.6090080738067627, 0.5830460786819458, 0.44995778799057007]"
3,centroid,1,260,Mytikas,Mytikas,"[""Mytikas"", ""Triton"", ""Braga"", ""Alcatras"", ""Castor""]","[0.8006827235221863, 0.7523123025894165, 0.6238390803337097, 0.5058032870292664, 0.47916698455810547]"
3,centroid,1,261,Mytikas,Mytikas,"[""Mytikas"", ""Triton"", ""Castor"", ""Trius"", ""Braga""]","[0.8736748695373535, 0.807424783706665, 0.645140528678894, 0.5942986011505127, 0.4992949962615967]"
3,centroid,1,262,Mytikas,Triton,"[""Triton"", ""Mytikas"", ""Castor"", ""Braga"", ""Trius""]","[0.7703008055686951, 0.7317161560058594, 0.4601118564605713, 0.45443814992904663, 0.3447691798210144]"
3,centroid,1,263,Mytikas,Mytikas,"[""Mytikas"", ""Alcatras"", ""Turbine"", ""Braga"", ""Alaris""]","[0.8285801410675049, 0.7088217735290527, 0.5414500832557678, 0.5349714756011963, 0.5175867080688477]"
3,centroid,1,264,Mytikas,Mytikas,"[""Mytikas"", ""Triton"", ""Braga"", ""Trius"", ""Alcatras""]","[0.8368099331855774, 0.727120041847229, 0.714870035648346, 0.5971229076385498, 0.5625574588775635]"
3,centroid,1,265,Mytikas,Mytikas,"[""Mytikas"", ""Triton"", ""Trius"", ""Hawk"", ""Vega""]","[0.7994732856750488, 0.4710283577442169, 0.45035022497177124, 0.3882058262825012, 0.3708378076553345]"
3,centroid,1,266,Mytikas,Trius,"[""Trius"", ""Mytikas"", ""Triton"", ""Castor"", ""Alcatras""]","[0.6895062923431396, 0.6173948049545288, 0.5044564008712769, 0.30006784200668335, 0.22689859569072723]"
3,centroid,1,267,Nivalis,Nivalis,"[""Nivalis"", ""Denom"", ""Ratikon"", ""Ilias"", ""Velorum""]","[0.8632203340530396, 0.6282210350036621, 0.5946331024169922, 0.4212647080421448, 0.22706884145736694]"
3,centroid,1,268,Nivalis,Nivalis,"[""Nivalis"", ""Ratikon"", ""Denom"", ""Mytikas"", ""Steel_Wheel""]","[0.7862833142280579, 0.5183436274528503, 0.42169860005378723, 0.19882680475711823, 0.14732442796230316]"
3,centroid,1,269,Nivalis,Nivalis,"[""Nivalis"", ""Denom"", ""Ratikon"", ""Velorum"", ""Ilias""]","[0.8776564598083496, 0.6064311861991882, 0.5899533033370972, 0.5226303935050964, 0.37273478507995605]"
3,centroid,1,270,Nivalis,Nivalis,"[""Nivalis"", ""Ratikon"", ""Ilias"", ""Denom"", ""Velorum""]","[0.8868018388748169, 0.8249655961990356, 0.748534083366394, 0.748528003692627, 0.5372272729873657]"
3,centroid,1,271,Nivalis,Nivalis,"[""Nivalis"", ""Denom"", ""Ratikon"", ""Velorum"", ""Ilias""]","[0.894781231880188, 0.6512883901596069, 0.6266261339187622, 0.38181111216545105, 0.3216206729412079]"
3,centroid,1,272,Nivalis,Nivalis,"[""Nivalis"", ""Denom"", ""Ratikon"", ""Ilias"", ""Velorum""]","[0.9132270812988281, 0.7635143995285034, 0.7394362688064575, 0.5212063193321228, 0.18013796210289001]"
3,centroid,1,273,Nivalis,Nivalis,"[""Nivalis"", ""Ratikon"", ""Denom"", ""Ilias"", ""Velorum""]","[0.8743994235992432, 0.708855390548706, 0.6390049457550049, 0.40873825550079346, 0.29515427350997925]"
3,centroid,1,274,Nivalis,Denom,"[""Denom"", ""Nivalis"", ""Velorum"", ""Ratikon"", ""Ilias""]","[0.7817198634147644, 0.7376226186752319, 0.6253133416175842, 0.4629756808280945, 0.3999532163143158]"
3,centroid,1,275,Nivalis,Nivalis,"[""Nivalis"", ""Ratikon"", ""Denom"", ""Ilias"", ""Velorum""]","[0.8211416006088257, 0.5923800468444824, 0.5873156785964966, 0.20896141231060028, 0.2083701193332672]"
3,centroid,1,276,Nivalis,Ilias,"[""Ilias"", ""Nivalis"", ""Ratikon"", ""Velorum"", ""Denom""]","[0.7298989295959473, 0.699833333492279, 0.6857816576957703, 0.6835069060325623, 0.6764507293701172]"
3,centroid,1,277,Nivalis,Nivalis,"[""Nivalis"", ""Denom"", ""Ratikon"", ""Ilias"", ""Velorum""]","[0.9467215538024902, 0.7353907823562622, 0.7283735275268555, 0.6351513862609863, 0.509996771812439]"
3,centroid,1,278,Nivalis,Nivalis,"[""Nivalis"", ""Ratikon"", ""Denom"", ""Ilias"", ""Vega""]","[0.8297382593154907, 0.5605834722518921, 0.5515604019165039, 0.38779282569885254, 0.3411182165145874]"
3,centroid,1,279,Nivalis,Ratikon,"[""Ratikon"", ""Nivalis"", ""Denom"", ""Ilias"", ""Velorum""]","[0.884077787399292, 0.82317054271698, 0.7700073719024658, 0.6681854724884033, 0.4717489182949066]"
3,centroid,1,280,Nivalis,Denom,"[""Denom"", ""Nivalis"", ""Ratikon"", ""Ilias"", ""Velorum""]","[0.9004481434822083, 0.8493492603302002, 0.7701945900917053, 0.48762762546539307, 0.24269501864910126]"
3,centroid,1,281,Nivalis,Denom,"[""Denom"", ""Ratikon"", ""Nivalis"", ""Ilias"", ""Velorum""]","[0.865046501159668, 0.831810474395752, 0.8269863128662109, 0.5167754888534546, 0.22701139748096466]"
3,centroid,1,282,Nivalis,Nivalis,"[""Nivalis"", ""Ratikon"", ""Denom"", ""Ilias"", ""Velorum""]","[0.8626611232757568, 0.7196818590164185, 0.5796489715576172, 0.5148487091064453, 0.39028728008270264]"
3,centroid,1,283,Nivalis,Nivalis,"[""Nivalis"", ""Ratikon"", ""Denom"", ""Ilias"", ""Velorum""]","[0.9124735593795776, 0.7064218521118164, 0.5473712682723999, 0.49021947383880615, 0.2717059850692749]"
3,centroid,1,284,Nivalis,Nivalis,"[""Nivalis"", ""Ratikon"", ""Denom"", ""Ilias"", ""Mytikas""]","[0.8206855058670044, 0.5756040811538696, 0.4630175232887268, 0.31249696016311646, 0.2299920618534088]"
3,centroid,1,285,Nivalis,Nivalis,"[""Nivalis"", ""Denom"", ""Ratikon"", ""Ilias"", ""Velorum""]","[0.9017313122749329, 0.6508040428161621, 0.6261383295059204, 0.391417920589447, 0.273889422416687]"
3,centroid,1,286,Nivalis,Nivalis,"[""Nivalis"", ""Denom"", ""Velorum"", ""Ilias"", ""Ratikon""]","[0.8320633172988892, 0.6720114946365356, 0.6219726800918579, 0.6060038805007935, 0.5723589658737183]"
3,centroid,1,287,Nivalis,Nivalis,"[""Nivalis"", ""Ratikon"", ""Denom"", ""Ilias"", ""Velorum""]","[0.9127431511878967, 0.7591489553451538, 0.6941002011299133, 0.5569953918457031, 0.4157799482345581]"
3,centroid,1,288,Nivalis,Nivalis,"[""Nivalis"", ""Ratikon"", ""Denom"", ""Vega"", ""Ilias""]","[0.7504133582115173, 0.47685134410858154, 0.3656822144985199, 0.32434991002082825, 0.23303860425949097]"
3,centroid,1,289,Ratikon,Ratikon,"[""Ratikon"", ""Denom"", ""Nivalis"", ""Ilias"", ""Velorum""]","[0.9207614660263062, 0.7017167806625366, 0.6774861812591553, 0.535933256149292, 0.2564678490161896]"
3,centroid,1,290,Ratikon,Ratikon,"[""Ratikon"", ""Denom"", ""Nivalis"", ""Ilias"", ""Vega""]","[0.9195330142974854, 0.7081311941146851, 0.6327705383300781, 0.5452028512954712, 0.12528860569000244]"
3,centroid,1,291,Ratikon,Ratikon,"[""Ratikon"", ""Nivalis"", ""Denom"", ""Ilias"", ""Triton""]","[0.8416117429733276, 0.7607012987136841, 0.655356764793396, 0.576958417892456, 0.17975744605064392]"
3,centroid,1,292,Ratikon,Nivalis,"[""Nivalis"", ""Ratikon"", ""Denom"", ""Ilias"", ""Velorum""]","[0.7910590171813965, 0.7304801940917969, 0.4447517693042755, 0.43932783603668213, 0.26315203309059143]"
3,centroid,1,293,Ratikon,Ratikon,"[""Ratikon"", ""Denom"", ""Nivalis"", ""Ilias"", ""Velorum""]","[0.890164315700531, 0.7552778720855713, 0.7026775479316711, 0.5877546072006226, 0.28232428431510925]"
3,centroid,1,294,Ratikon,Ratikon,"[""Ratikon"", ""Ilias"", ""Velorum"", ""Nivalis"", ""Denom""]","[0.7742722034454346, 0.7501325607299805, 0.664732038974762, 0.6585181951522827, 0.49581968784332275]"
3,centroid,1,295,Ratikon,Ratikon,"[""Ratikon"", ""Denom"", ""Nivalis"", ""Ilias"", ""Vega""]","[0.9318333864212036, 0.8051087856292725, 0.7060246467590332, 0.6254706382751465, 0.10359203815460205]"
3,centroid,1,296,Ratikon,Ratikon,"[""Ratikon"", ""Ilias"", ""Nivalis"", ""Denom"", ""Triton""]","[0.8172338008880615, 0.701156735420227, 0.5686395168304443, 0.5431748032569885, 0.29465919733047485]"
3,centroid,1,297,Ratikon,Ratikon,"[""Ratikon"", ""Nivalis"", ""Denom"", ""Ilias"", ""Velorum""]","[0.9112646579742432, 0.7913457155227661, 0.6506784558296204, 0.5721733570098877, 0.1503434032201767]"
3,centroid,1,298,Ratikon,Ratikon,"[""Ratikon"", ""Ilias"", ""Denom"", ""Nivalis"", ""Velorum""]","[0.9113749861717224, 0.8151227831840515, 0.6648668050765991, 0.6471148729324341, 0.43008822202682495]"
3,centroid,1,299,Ratikon,Ratikon,"[""Ratikon"", ""Denom"", ""Nivalis"", ""Ilias"", ""Velorum""]","[0.9637866020202637, 0.7637702822685242, 0.6902358531951904, 0.6882073283195496, 0.1528089940547943]"
3,centroid,1,300,Ratikon,Ratikon,"[""Ratikon"", ""Nivalis"", ""Denom"", ""Alaris"", ""Steel_Wheel""]","[0.6485394239425659, 0.5036616325378418, 0.4152909219264984, 0.170948326587677, 0.17002764344215393]"
3,centroid,1,301,Ratikon,Ratikon,"[""Ratikon"", ""Denom"", ""Nivalis"", ""Ilias"", ""Velorum""]","[0.9167386293411255, 0.7240811586380005, 0.7027101516723633, 0.621332049369812, 0.045748792588710785]"
3,centroid,1,302,Ratikon,Ratikon,"[""Ratikon"", ""Ilias"", ""Denom"", ""Nivalis"", ""Velorum""]","[0.779390275478363, 0.736037015914917, 0.6567153930664062, 0.5335811972618103, 0.4585322141647339]"
3,centroid,1,303,Ratikon,Ratikon,"[""Ratikon"", ""Denom"", ""Nivalis"", ""Ilias"", ""Velorum""]","[0.9023861289024353, 0.7417507767677307, 0.6284743547439575, 0.6237871646881104, 0.22689828276634216]"
3,centroid,1,304,Ratikon,Ratikon,"[""Ratikon"", ""Nivalis"", ""Ilias"", ""Denom"", ""Velorum""]","[0.9314377903938293, 0.6545681953430176, 0.6028584241867065, 0.5634555816650391, 0.17663361132144928]"
3,centroid,1,305,Ratikon,Ratikon,"[""Ratikon"", ""Nivalis"", ""Ilias"", ""Denom"", ""Velorum""]","[0.9267449975013733, 0.7369822263717651, 0.6887809038162231, 0.5616156458854675, 0.17917385697364807]"
3,centroid,1,306,Ratikon,Ratikon,"[""Ratikon"", ""Denom"", ""Ilias"", ""Nivalis"", ""Trius""]","[0.7878344058990479, 0.6528631448745728, 0.5531221032142639, 0.4667813181877136, 0.3372560739517212]"
3,centroid,1,307,Ratikon,Ratikon,"[""Ratikon"", ""Denom"", ""Nivalis"", ""Ilias"", ""Mytikas""]","[0.8512279987335205, 0.5965405702590942, 0.5899754762649536, 0.549706220626831, 0.1901368945837021]"
3,centroid,1,308,Ratikon,Ratikon,"[""Ratikon"", ""Ilias"", ""Nivalis"", ""Denom"", ""Velorum""]","[0.8524443507194519, 0.8023906946182251, 0.5965942740440369, 0.5037539601325989, 0.26390355825424194]"
3,centroid,1,309,Ratikon,Ilias,"[""Ilias"", ""Ratikon"", ""Denom"", ""Nivalis"", ""Velorum""]","[0.8818806409835815, 0.8193255662918091, 0.6211142539978027, 0.6210430860519409, 0.3751855492591858]"
3,centroid,1,310,Ratikon,Ratikon,"[""Ratikon"", ""Nivalis"", ""Denom"", ""Ilias"", ""Velorum""]","[0.8950003981590271, 0.7562884092330933, 0.6305313110351562, 0.42539459466934204, 0.14515320956707]"
3,centroid,1,311,Ratikon,Ratikon,"[""Ratikon"", ""Denom"", ""Nivalis"", ""Ilias"", ""Velorum""]","[0.8119640350341797, 0.7594751119613647, 0.704187273979187, 0.6830965280532837, 0.36232417821884155]"
3,centroid,1,312,Ratikon,Ratikon,"[""Ratikon"", ""Ilias"", ""Denom"", ""Nivalis"", ""Velorum""]","[0.9276825189590454, 0.7964165806770325, 0.7947105169296265, 0.6983020901679993, 0.151972234249115]"
3,centroid,1,313,Ratikon,Ratikon,"[""Ratikon"", ""Nivalis"", ""Ilias"", ""Denom"", ""Velorum""]","[0.8884316086769104, 0.7696784734725952, 0.5833578109741211, 0.5697544813156128, 0.2544560730457306]"
3,centroid,1,314,Ratikon,Ratikon,"[""Ratikon"", ""Ilias"", ""Nivalis"", ""Denom"", ""Velorum""]","[0.8100153207778931, 0.8063342571258545, 0.7299858331680298, 0.6779017448425293, 0.32149699330329895]"
3,centroid,1,315,Ratikon,Ilias,"[""Ilias"", ""Ratikon"", ""Denom"", ""Nivalis"", ""Triton""]","[0.8266482353210449, 0.7309755682945251, 0.6222344636917114, 0.586396336555481, 0.4117238521575928]"
3,centroid,1,316,Ratikon,Ratikon,"[""Ratikon"", ""Nivalis"", ""Denom"", ""Ilias"", ""Velorum""]","[0.9060590863227844, 0.7687298655509949, 0.5895158052444458, 0.5182244181632996, 0.24978920817375183]"
3,centroid,1,317,Steel_Wheel,Steel_Wheel,"[""Steel_Wheel"", ""Turbine"", ""Xtreme"", ""Mytikas"", ""Hawk""]","[0.8782539963722229, 0.13149580359458923, 0.12173900008201599, 0.0763728991150856, 0.047439202666282654]"
3,centroid,1,318,Steel_Wheel,Steel_Wheel,"[""Steel_Wheel"", ""Hawk"", ""Xtreme"", ""Turbine"", ""Mytikas""]","[0.9396165609359741, 0.11872781813144684, 0.0865747481584549, 0.07821919769048691, 0.031215611845254898]"
3,centroid,1,319,Steel_Wheel,Steel_Wheel,"[""Steel_Wheel"", ""Castor"", ""Mytikas"", ""Turbine"", ""Nivalis""]","[0.9379570484161377, 0.12418702244758606, 0.04098987579345703, 0.005775694735348225, 0.0035302992910146713]"
3,centroid,1,320,Steel_Wheel,Steel_Wheel,"[""Steel_Wheel"", ""Castor"", ""Turbine"", ""Mytikas"", ""Xtreme""]","[0.9335125684738159, 0.057412244379520416, 0.05434320867061615, 0.0445721372961998, 0.017819762229919434]"
3,centroid,1,321,Steel_Wheel,Steel_Wheel,"[""Steel_Wheel"", ""Xtreme"", ""Hawk"", ""Turbine"", ""Alcatras""]","[0.9243439435958862, 0.14703552424907684, 0.13237249851226807, 0.10722751915454865, -0.02715509943664074]"
3,centroid,1,322,Steel_Wheel,Steel_Wheel,"[""Steel_Wheel"", ""Hawk"", ""Denom"", ""Nivalis"", ""Castor""]","[0.9577787518501282, 0.018053490668535233, 0.014486461877822876, 0.01310298778116703, 0.0004613921046257019]"
3,centroid,1,323,Steel_Wheel,Steel_Wheel,"[""Steel_Wheel"", ""Mytikas"", ""Trius"", ""Nivalis"", ""Denom""]","[0.9501373767852783, 0.23360127210617065, 0.12664051353931427, 0.053746096789836884, 0.038345564156770706]"
3,centroid,1,324,Steel_Wheel,Steel_Wheel,"[""Steel_Wheel"", ""Xtreme"", ""Mytikas"", ""Nivalis"", ""Castor""]","[0.9443854093551636, 0.12048722058534622, 0.09528547525405884, 0.044382110238075256, 0.012287653982639313]"
3,centroid,1,325,Steel_Wheel,Steel_Wheel,"[""Steel_Wheel"", ""Mytikas"", ""Velorum"", ""Xtreme"", ""Castor""]","[0.9476151466369629, 0.05882041156291962, 0.04534325376152992, 0.030476901680231094, 0.017402462661266327]"
3,centroid,1,326,Steel_Wheel,Steel_Wheel,"[""Steel_Wheel"", ""Denom"", ""Xtreme"", ""Nivalis"", ""Trius""]","[0.9507529139518738, 0.15745997428894043, 0.10915248095989227, 0.10550659149885178, 0.07642025500535965]"
3,centroid,1,327,Steel_Wheel,Steel_Wheel,"[""Steel_Wheel"", ""Hawk"", ""Nivalis"", ""Turbine"", ""Denom""]","[0.9308400750160217, 0.18111461400985718, 0.09167778491973877, 0.08051124215126038, 0.04841940104961395]"
3,centroid,1,328,Steel_Wheel,Steel_Wheel,"[""Steel_Wheel"", ""Xtreme"", ""Mytikas"", ""Nivalis"", ""Hawk""]","[0.9844700694084167, 0.08420233428478241, 0.038371920585632324, 0.03467995300889015, 0.033924318850040436]"
3,centroid,1,329,Steel_Wheel,Steel_Wheel,"[""Steel_Wheel"", ""Mytikas"", ""Castor"", ""Xtreme"", ""Alcatras""]","[0.9484909772872925, 0.188242569565773, 0.16139663755893707, 0.15490417182445526, 0.06886643171310425]"
3,centroid,1,330,Steel_Wheel,Steel_Wheel,"[""Steel_Wheel"", ""Hawk"", ""Nivalis"", ""Xtreme"", ""Denom""]","[0.9266787767410278, 0.2011355310678482, 0.1903771609067917, 0.11226813495159149, 0.09894593060016632]"
3,centroid,1,331,Steel_Wheel,Steel_Wheel,"[""Steel_Wheel"", ""Xtreme"", ""Mytikas"", ""Gemini"", ""Nivalis""]","[0.9662090539932251, 0.10713370144367218, 0.0951496809720993, 0.013620443642139435, 0.006066616624593735]"
3,centroid,1,332,Steel_Wheel,Steel_Wheel,"[""Steel_Wheel"", ""Xtreme"", ""Nivalis"", ""Denom"", ""Velorum""]","[0.956180989742279, 0.1313657909631729, 0.09017053991556168, 0.07506980746984482, 0.049141064286231995]"
3,centroid,1,333,Steel_Wheel,Steel_Wheel,"[""Steel_Wheel"", ""Xtreme"", ""Mytikas"", ""Nivalis"", ""Denom""]","[0.9820181131362915, 0.08963081240653992, 0.08913436532020569, 0.05661740526556969, 0.01108325645327568]"
3,centroid,1,334,Steel_Wheel,Steel_Wheel,"[""Steel_Wheel"", ""Nivalis"", ""Denom"", ""Xtreme"", ""Velorum""]","[0.9560494422912598, 0.1291460245847702, 0.11254265904426575, 0.06910040229558945, 0.007852345705032349]"
3,centroid,1,335,Steel_Wheel,Steel_Wheel,"[""Steel_Wheel"", ""Nivalis"", ""Xtreme"", ""Denom"", ""Ratikon""]","[0.9086599349975586, 0.19197463989257812, 0.18305927515029907, 0.12370028346776962, 0.09711885452270508]"
3,centroid,1,336,Steel_Wheel,Steel_Wheel,"[""Steel_Wheel"", ""Hawk"", ""Nivalis"", ""Turbine"", ""Denom""]","[0.9435566067695618, 0.12767069041728973, 0.11997383832931519, 0.07301756739616394, 0.06714574992656708]"
3,centroid,1,337,Steel_Wheel,Steel_Wheel,"[""Steel_Wheel"", ""Xtreme"", ""Mytikas"", ""Gemini"", ""Hawk""]","[0.8714975118637085, 0.3113715350627899, 0.2485952377319336, 0.20521539449691772, 0.15424484014511108]"
3,centroid,1,338,Steel_Wheel,Steel_Wheel,"[""Steel_Wheel"", ""Nivalis"", ""Hawk"", ""Denom"", ""Xtreme""]","[0.9494642615318298, 0.11219722032546997, 0.08107570558786392, 0.05653649568557739, 0.044055357575416565]"
3,centroid,1,339,Steel_Wheel,Denom,"[""Denom"", ""Ratikon"", ""Nivalis"", ""Steel_Wheel"", ""Ilias""]","[0.5574548244476318, 0.2764691114425659, 0.2641329765319824, 0.13096001744270325, -0.002834971994161606]"
3,centroid,1,340,Steel_Wheel,Steel_Wheel,"[""Steel_Wheel"", ""Mytikas"", ""Nivalis"", ""Denom"", ""Xtreme""]","[0.9781541228294373, 0.12175588309764862, 0.09731891751289368, 0.08934032171964645, 0.0862908661365509]"
3,centroid,1,341,Steel_Wheel,Steel_Wheel,"[""Steel_Wheel"", ""Mytikas"", ""Turbine"", ""Hawk"", ""Nivalis""]","[0.9350374937057495, 0.28330808877944946, 0.10334117710590363, 0.09816911816596985, 0.07579270005226135]"
3,centroid,1,342,Steel_Wheel,Steel_Wheel,"[""Steel_Wheel"", ""Velorum"", ""Xtreme"", ""Nivalis"", ""Denom""]","[0.9504039883613586, 0.1855025589466095, 0.15764540433883667, 0.1564512550830841, 0.08290322870016098]"
3,centroid,1,343,Steel_Wheel,Steel_Wheel,"[""Steel_Wheel"", ""Nivalis"", ""Velorum"", ""Denom"", ""Xtreme""]","[0.9441877007484436, 0.16638395190238953, 0.12109843641519547, 0.10401096940040588, 0.08551008999347687]"
3,centroid,1,344,Steel_Wheel,Steel_Wheel,"[""Steel_Wheel"", ""Mytikas"", ""Turbine"", ""Xtreme"", ""Castor""]","[0.9133502840995789, 0.1820993423461914, 0.1639571636915207, 0.07652215659618378, 0.0345260426402092]"
3,centroid,1,345,Steel_Wheel,Steel_Wheel,"[""Steel_Wheel"", ""Turbine"", ""Mytikas"", ""Xtreme"", ""Hawk""]","[0.8918402791023254, 0.1303074061870575, 0.12510570883750916, 0.11551615595817566, 0.03769291192293167]"
3,centroid,1,346,Steel_Wheel,Steel_Wheel,"[""Steel_Wheel"", ""Nivalis"", ""Denom"", ""Velorum"", ""Mytikas""]","[0.970657467842102, 0.17887277901172638, 0.14089903235435486, 0.1357114464044571, 0.11714578419923782]"
3,centroid,1,347,Steel_Wheel,Steel_Wheel,"[""Steel_Wheel"", ""Nivalis"", ""Velorum"", ""Ratikon"", ""Denom""]","[0.92474365234375, 0.22638720273971558, 0.19229522347450256, 0.1232067123055458, 0.12206261605024338]"
3,centroid,1,348,Steel_Wheel,Steel_Wheel,"[""Steel_Wheel"", ""Mytikas"", ""Trius"", ""Alaris"", ""Alcatras""]","[0.948472797870636, 0.1632644534111023, 0.12845616042613983, 0.10905658453702927, 0.10757234692573547]"
3,centroid,1,349,Steel_Wheel,Steel_Wheel,"[""Steel_Wheel"", ""Nivalis"", ""Velorum"", ""Xtreme"", ""Mytikas""]","[0.9723469614982605, 0.1590336263179779, 0.10381335020065308, 0.08279035985469818, 0.05121087282896042]"
3,centroid,1,350,Steel_Wheel,Steel_Wheel,"[""Steel_Wheel"", ""Hawk"", ""Mytikas"", ""Xtreme"", ""Turbine""]","[0.9165600538253784, 0.2545807659626007, 0.22979065775871277, 0.1342136263847351, 0.12775295972824097]"
3,centroid,1,351,Steel_Wheel,Steel_Wheel,"[""Steel_Wheel"", ""Mytikas"", ""Xtreme"", ""Nivalis"", ""Gemini""]","[0.9602623581886292, 0.18838874995708466, 0.1551278829574585, 0.07863656431436539, 0.0752997025847435]"
3,centroid,1,352,Triton,Triton,"[""Triton"", ""Mytikas"", ""Trius"", ""Castor"", ""Ilias""]","[0.9498197436332703, 0.6289355754852295, 0.6130106449127197, 0.4581260681152344, 0.4260265827178955]"
3,centroid,1,353,Triton,Triton,"[""Triton"", ""Trius"", ""Braga"", ""Mytikas"", ""Castor""]","[0.871721625328064, 0.617316722869873, 0.5818037390708923, 0.4418313503265381, 0.3982982635498047]"
3,centroid,1,354,Triton,Triton,"[""Triton"", ""Trius"", ""Mytikas"", ""Braga"", ""Castor""]","[0.9248464107513428, 0.6367379426956177, 0.6333006620407104, 0.605778694152832, 0.5787056088447571]"
3,centroid,1,355,Triton,Triton,"[""Triton"", ""Castor"", ""Trius"", ""Mytikas"", ""Ilias""]","[0.7860139608383179, 0.47561177611351013, 0.4320569634437561, 0.39528167247772217, 0.28138673305511475]"
3,centroid,1,356,Triton,Triton,"[""Triton"", ""Trius"", ""Mytikas"", ""Castor"", ""Braga""]","[0.8914951086044312, 0.6820908188819885, 0.5994047522544861, 0.5486165285110474, 0.38642191886901855]"
3,centroid,1,357,Triton,Triton,"[""Triton"", ""Castor"", ""Trius"", ""Braga"", ""Mytikas""]","[0.8465263247489929, 0.612083911895752, 0.580499529838562, 0.5229640007019043, 0.49846503138542175]"
3,centroid,1,358,Triton,Triton,"[""Triton"", ""Trius"", ""Braga"", ""Gemini"", ""Mytikas""]","[0.8797938823699951, 0.6991839408874512, 0.6492456793785095, 0.560598611831665, 0.5246915221214294]"
3,centroid,1,359,Triton,Triton,"[""Triton"", ""Trius"", ""Mytikas"", ""Castor"", ""Braga""]","[0.9016111493110657, 0.610197901725769, 0.554375171661377, 0.5020898580551147, 0.4649481773376465]"
3,centroid,1,360,Triton,Triton,"[""Triton"", ""Braga"", ""Trius"", ""Alcatras"", ""Castor""]","[0.847015380859375, 0.5902745723724365, 0.5627930164337158, 0.46806079149246216, 0.444857120513916]"
3,centroid,1,361,Triton,Triton,"[""Triton"", ""Mytikas"", ""Trius"", ""Braga"", ""Alcatras""]","[0.9083704352378845, 0.7742806673049927, 0.7386780381202698, 0.6362924575805664, 0.6117219924926758]"
3,centroid,1,362,Triton,Triton,"[""Triton"", ""Mytikas"", ""Trius"", ""Castor"", ""Braga""]","[0.9135481119155884, 0.6336409449577332, 0.578362226486206, 0.5170360803604126, 0.5015267729759216]"
3,centroid,1,363,Triton,Triton,"[""Triton"", ""Trius"", ""Castor"", ""Mytikas"", ""Braga""]","[0.8187075257301331, 0.539591908454895, 0.5294168591499329, 0.41370365023612976, 0.3709588944911957]"
3,centroid,1,364,Triton,Triton,"[""Triton"", ""Trius"", ""Braga"", ""Mytikas"", ""Castor""]","[0.9236255884170532, 0.6599538922309875, 0.5515445470809937, 0.5512543320655823, 0.518962562084198]"
3,centroid,1,365,Triton,Alcatras,"[""Alcatras"", ""Alaris"", ""Mytikas"", ""Trius"", ""Triton""]","[0.7682355046272278, 0.7205872535705566, 0.682341992855072, 0.6694765090942383, 0.6527140140533447]"
3,centroid,1,366,Triton,Triton,"[""Triton"", ""Mytikas"", ""Castor"", ""Trius"", ""Ilias""]","[0.8599430322647095, 0.7336353063583374, 0.48034775257110596, 0.46224039793014526, 0.42331066727638245]"
3,centroid,1,367,Triton,Triton,"[""Triton"", ""Mytikas"", ""Braga"", ""Trius"", ""Castor""]","[0.9073431491851807, 0.7042833566665649, 0.6816333532333374, 0.6003841757774353, 0.581289529800415]"
3,centroid,1,368,Triton,Triton,"[""Triton"", ""Castor"", ""Trius"", ""Braga"", ""Mytikas""]","[0.885751485824585, 0.5703681707382202, 0.5698896050453186, 0.5201002359390259, 0.47894638776779175]"
3,centroid,1,369,Triton,Mytikas,"[""Mytikas"", ""Triton"", ""Trius"", ""Alcatras"", ""Alaris""]","[0.7636609077453613, 0.7349120378494263, 0.6781887412071228, 0.5785995721817017, 0.4795933961868286]"
3,centroid,1,370,Triton,Triton,"[""Triton"", ""Trius"", ""Mytikas"", ""Braga"", ""Castor""]","[0.9379562735557556, 0.7369670867919922, 0.6443524360656738, 0.5492855906486511, 0.5104070901870728]"
3,centroid,1,371,Triton,Triton,"[""Triton"", ""Braga"", ""Mytikas"", ""Trius"", ""Castor""]","[0.8246444463729858, 0.7721312642097473, 0.5614479780197144, 0.55589759349823, 0.506753146648407]"
3,centroid,1,372,Triton,Triton,"[""Triton"", ""Trius"", ""Braga"", ""Mytikas"", ""Castor""]","[0.90267014503479, 0.7518278956413269, 0.6741757392883301, 0.6344704627990723, 0.5258381366729736]"
3,centroid,1,373,Triton,Triton,"[""Triton"", ""Trius"", ""Mytikas"", ""Castor"", ""Braga""]","[0.8519574403762817, 0.5329472422599792, 0.5169409513473511, 0.4652757942676544, 0.4185152053833008]"
3,centroid,1,374,Triton,Triton,"[""Triton"", ""Trius"", ""Braga"", ""Mytikas"", ""Castor""]","[0.9572842717170715, 0.722413182258606, 0.5923789143562317, 0.580517590045929, 0.5077862739562988]"
3,centroid,1,375,Triton,Braga,"[""Braga"", ""Trius"", ""Alcatras"", ""Triton"", ""Mytikas""]","[0.7507040500640869, 0.7438855767250061, 0.7418962121009827, 0.7207698822021484, 0.6922038793563843]"
3,centroid,1,376,Triton,Triton,"[""Triton"", ""Trius"", ""Mytikas"", ""Ilias"", ""Castor""]","[0.7681560516357422, 0.5872527360916138, 0.41468796133995056, 0.39589667320251465, 0.35829615592956543]"
3,centroid,1,377,Triton,Triton,"[""Triton"", ""Braga"", ""Trius"", ""Mytikas"", ""Alcatras""]","[0.8425487875938416, 0.7328134179115295, 0.7056071758270264, 0.6027389764785767, 0.5940896272659302]"
3,centroid,1,378,Triton,Triton,"[""Triton"", ""Braga"", ""Trius"", ""Mytikas"", ""Castor""]","[0.9127700328826904, 0.6942800283432007, 0.6813020706176758, 0.6504724025726318, 0.533084511756897]"
3,centroid,1,379,Triton,Triton,"[""Triton"", ""Braga"", ""Trius"", ""Castor"", ""Gemini""]","[0.8065394759178162, 0.5719283223152161, 0.5542803406715393, 0.46122363209724426, 0.38771215081214905]"
3,centroid,1,380,Triton,Triton,"[""Triton"", ""Trius"", ""Mytikas"", ""Castor"", ""Alcatras""]","[0.929607629776001, 0.7879716157913208, 0.7001974582672119, 0.6002166271209717, 0.5677571892738342]"
3,centroid,1,381,Triton,Triton,"[""Triton"", ""Trius"", ""Braga"", ""Mytikas"", ""Alcatras""]","[0.8594918251037598, 0.7224071025848389, 0.6860629916191101, 0.6241628527641296, 0.6196085810661316]"
3,centroid,1,382,Triton,Triton,"[""Triton"", ""Mytikas"", ""Trius"", ""Alcatras"", ""Braga""]","[0.9472208619117737, 0.7210336327552795, 0.6585125923156738, 0.513204038143158, 0.48957762122154236]"
3,centroid,1,383,Triton,Triton,"[""Triton"", ""Mytikas"", ""Trius"", ""Braga"", ""Alcatras""]","[0.9070552587509155, 0.784386396408081, 0.6811218857765198, 0.6443377137184143, 0.5958629846572876]"
3,centroid,1,384,Triton,Triton,"[""Triton"", ""Trius"", ""Braga"", ""Gemini"", ""Mytikas""]","[0.8085765838623047, 0.488572895526886, 0.4510340392589569, 0.44662201404571533, 0.43344008922576904]"
3,centroid,1,385,Triton,Triton,"[""Triton"", ""Castor"", ""Mytikas"", ""Trius"", ""Braga""]","[0.8786079287528992, 0.7067237496376038, 0.639771044254303, 0.5082377195358276, 0.39386993646621704]"
3,centroid,1,386,Triton,Braga,"[""Braga"", ""Triton"", ""Trius"", ""Castor"", ""Alcatras""]","[0.7430669665336609, 0.6557294130325317, 0.584057092666626, 0.4904087781906128, 0.4242124855518341]"
3,centroid,1,387,Triton,Triton,"[""Triton"", ""Trius"", ""Mytikas"", ""Ilias"", ""Braga""]","[0.8741574287414551, 0.641464114189148, 0.4409022629261017, 0.41150739789009094, 0.4049513041973114]"
3,centroid,1,388,Triton,Alcatras,"[""Alcatras"", ""Triton"", ""Braga"", ""Mytikas"", ""Alaris""]","[0.768728494644165, 0.6855708360671997, 0.6149040460586548, 0.5894293785095215, 0.5758476257324219]"
3,centroid,1,389,Triton,Triton,"[""Triton"", ""Mytikas"", ""Trius"", ""Braga"", ""Alcatras""]","[0.8772260546684265, 0.8531440496444702, 0.71550452709198, 0.5311932563781738, 0.5110508799552917]"
3,centroid,1,390,Triton,Triton,"[""Triton"", ""Trius"", ""Braga"", ""Castor"", ""Mytikas""]","[0.6834317445755005, 0.5872888565063477, 0.3942705988883972, 0.39199966192245483, 0.34619206190109253]"
3,centroid,1,391,Triton,Triton,"[""Triton"", ""Mytikas"", ""Trius"", ""Castor"", ""Braga""]","[0.9546220302581787, 0.7315300107002258, 0.7051123976707458, 0.6021978855133057, 0.5672648549079895]"
3,centroid,1,392,Triton,Triton,"[""Triton"", ""Trius"", ""Mytikas"", ""Braga"", ""Ilias""]","[0.9489386081695557, 0.6760018467903137, 0.5882053375244141, 0.483741819858551, 0.48033392429351807]"
3,centroid,1,393,Triton,Castor,"[""Castor"", ""Alcatras"", ""Mytikas"", ""Triton"", ""Turbine""]","[0.6810462474822998, 0.6289591789245605, 0.6243690848350525, 0.5897212028503418, 0.5270630121231079]"
3,centroid,1,394,Triton,Triton,"[""Triton"", ""Mytikas"", ""Castor"", ""Trius"", ""Braga""]","[0.9216400384902954, 0.6143652200698853, 0.6081140637397766, 0.5741954445838928, 0.48337772488594055]"
3,centroid,1,395,Triton,Triton,"[""Triton"", ""Mytikas"", ""Trius"", ""Alcatras"", ""Castor""]","[0.8572174310684204, 0.7362362146377563, 0.6068772077560425, 0.5693265199661255, 0.5109875798225403]"
3,centroid,1,396,Triton,Triton,"[""Triton"", ""Mytikas"", ""Braga"", ""Trius"", ""Castor""]","[0.9170750379562378, 0.7231754064559937, 0.6603199243545532, 0.6533464193344116, 0.6111902594566345]"
3,centroid,1,397,Triton,Triton,"[""Triton"", ""Mytikas"", ""Braga"", ""Alcatras"", ""Castor""]","[0.8190015554428101, 0.687605619430542, 0.5828769207000732, 0.5585869550704956, 0.49430763721466064]"
3,centroid,1,398,Triton,Triton,"[""Triton"", ""Trius"", ""Mytikas"", ""Braga"", ""Gemini""]","[0.8317986726760864, 0.5878280997276306, 0.5666539669036865, 0.5446355938911438, 0.5119518637657166]"
3,centroid,1,399,Triton,Triton,"[""Triton"", ""Mytikas"", ""Braga"", ""Castor"", ""Gemini""]","[0.7699341177940369, 0.544157087802887, 0.5429487228393555, 0.41388940811157227, 0.3901905119419098]"
3,centroid,1,400,Triton,Triton,"[""Triton"", ""Trius"", ""Mytikas"", ""Braga"", ""Alcatras""]","[0.9226988554000854, 0.6635298728942871, 0.5917882323265076, 0.495708703994751, 0.4467076063156128]"
3,centroid,1,401,Triton,Triton,"[""Triton"", ""Mytikas"", ""Trius"", ""Castor"", ""Alcatras""]","[0.8068653345108032, 0.801547646522522, 0.4687172472476959, 0.43513816595077515, 0.42654693126678467]"
3,centroid,1,402,Triton,Castor,"[""Castor"", ""Triton"", ""Braga"", ""Mytikas"", ""Trius""]","[0.7771939039230347, 0.7653058171272278, 0.5983114242553711, 0.563684344291687, 0.3795119524002075]"
3,centroid,1,403,Triton,Triton,"[""Triton"", ""Braga"", ""Castor"", ""Trius"", ""Mytikas""]","[0.7007341384887695, 0.6574714779853821, 0.5332691669464111, 0.5196531414985657, 0.3600040674209595]"
3,centroid,1,404,Triton,Triton,"[""Triton"", ""Mytikas"", ""Castor"", ""Trius"", ""Braga""]","[0.9167091846466064, 0.6905539631843567, 0.5482752919197083, 0.5411778688430786, 0.4944326877593994]"
3,centroid,1,405,Trius,Trius,"[""Trius"", ""Alaris"", ""Braga"", ""Alcatras"", ""Mytikas""]","[0.83278888463974, 0.602257251739502, 0.5275324583053589, 0.5020266771316528, 0.40372300148010254]"
3,centroid,1,406,Trius,Triton,"[""Triton"", ""Trius"", ""Velorum"", ""Mytikas"", ""Ilias""]","[0.7229203581809998, 0.7119941711425781, 0.5411800146102905, 0.41505616903305054, 0.401618093252182]"
3,centroid,1,407,Trius,Trius,"[""Trius"", ""Mytikas"", ""Gemini"", ""Triton"", ""Vega""]","[0.7833290696144104, 0.4985538423061371, 0.49654078483581543, 0.4737614691257477, 0.4592646360397339]"
3,centroid,1,408,Trius,Trius,"[""Trius"", ""Triton"", ""Castor"", ""Braga"", ""Mytikas""]","[0.7727514505386353, 0.7458928227424622, 0.6243056654930115, 0.577728271484375, 0.5301456451416016]"
3,centroid,1,409,Trius,Trius,"[""Trius"", ""Gemini"", ""Triton"", ""Vega"", ""Mytikas""]","[0.7968094348907471, 0.5337716937065125, 0.46675431728363037, 0.37186160683631897, 0.3576597273349762]"
3,centroid,1,410,Trius,Trius,"[""Trius"", ""Mytikas"", ""Triton"", ""Gemini"", ""Braga""]","[0.7019866704940796, 0.6236860156059265, 0.6225326061248779, 0.5695292949676514, 0.36823153495788574]"
3,centroid,1,411,Trius,Trius,"[""Trius"", ""Triton"", ""Alaris"", ""Mytikas"", ""Alcatras""]","[0.9167685508728027, 0.7032970786094666, 0.5220932960510254, 0.5022436380386353, 0.4914931356906891]"
3,centroid,1,412,Trius,Trius,"[""Trius"", ""Alaris"", ""Braga"", ""Triton"", ""Alcatras""]","[0.7729119658470154, 0.5596193075180054, 0.5546900629997253, 0.525037407875061, 0.4362980127334595]"
3,centroid,1,413,Trius,Trius,"[""Trius"", ""Triton"", ""Braga"", ""Mytikas"", ""Gemini""]","[0.9403355717658997, 0.8069450855255127, 0.6496497392654419, 0.6188349723815918, 0.5180398225784302]"
3,centroid,1,414,Trius,Trius,"[""Trius"", ""Alaris"", ""Triton"", ""Braga"", ""Alcatras""]","[0.8006145358085632, 0.5672650337219238, 0.4798024296760559, 0.46327969431877136, 0.4119884669780731]"
3,centroid,1,415,Trius,Trius,"[""Trius"", ""Alaris"", ""Triton"", ""Alcatras"", ""Braga""]","[0.6537253856658936, 0.6026637554168701, 0.5023596286773682, 0.44685274362564087, 0.40249282121658325]"
3,centroid,1,416,Trius,Mytikas,"[""Mytikas"", ""Vega"", ""Gemini"", ""Triton"", ""Trius""]","[0.40090411901474, 0.361838698387146, 0.3264278471469879, 0.3156352639198303, 0.3148251175880432]"
3,centroid,1,417,Trius,Trius,"[""Trius"", ""Braga"", ""Alcatras"", ""Triton"", ""Alaris""]","[0.8085604906082153, 0.7221937775611877, 0.6921349763870239, 0.6843117475509644, 0.6217719316482544]"
3,centroid,1,418,Trius,Trius,"[""Trius"", ""Triton"", ""Mytikas"", ""Gemini"", ""Alaris""]","[0.8420002460479736, 0.4263138473033905, 0.4066184163093567, 0.40123695135116577, 0.37366849184036255]"
3,centroid,1,419,Trius,Trius,"[""Trius"", ""Triton"", ""Gemini"", ""Ilias"", ""Braga""]","[0.7484194040298462, 0.7095866203308105, 0.5144630670547485, 0.49465465545654297, 0.4183555543422699]"
3,centroid,1,420,Trius,Trius,"[""Trius"", ""Triton"", ""Mytikas"", ""Alaris"", ""Alcatras""]","[0.9383926391601562, 0.5936633348464966, 0.5274678468704224, 0.5059882402420044, 0.4862139821052551]"
3,centroid,1,421,Trius,Trius,"[""Trius"", ""Triton"", ""Mytikas"", ""Alaris"", ""Gemini""]","[0.8765649795532227, 0.7107911109924316, 0.5852471590042114, 0.42975443601608276, 0.385577529668808]"
3,centroid,1,422,Trius,Trius,"[""Trius"", ""Alaris"", ""Alcatras"", ""Braga"", ""Triton""]","[0.8332078456878662, 0.716921329498291, 0.6292424201965332, 0.595445454120636, 0.5214035511016846]"
3,centroid,1,423,Trius,Mytikas,"[""Mytikas"", ""Trius"", ""Alaris"", ""Vega"", ""Alcatras""]","[0.6106448769569397, 0.5030628442764282, 0.48721662163734436, 0.46898555755615234, 0.4392801523208618]"
3,centroid,1,424,Trius,Trius,"[""Trius"", ""Triton"", ""Alcatras"", ""Mytikas"", ""Braga""]","[0.7747076153755188, 0.7511097192764282, 0.5853825807571411, 0.5632230043411255, 0.55692458152771]"
3,centroid,1,425,Trius,Trius,"[""Trius"", ""Triton"", ""Mytikas"", ""Alaris"", ""Braga""]","[0.9066565632820129, 0.7861831784248352, 0.6793827414512634, 0.5186684131622314, 0.5021271109580994]"
3,centroid,1,426,Trius,Trius,"[""Trius"", ""Triton"", ""Braga"", ""Vega"", ""Alaris""]","[0.6685929894447327, 0.45438089966773987, 0.434423565864563, 0.43165123462677, 0.4277679920196533]"
3,centroid,1,427,Trius,Trius,"[""Trius"", ""Triton"", ""Mytikas"", ""Castor"", ""Velorum""]","[0.7509721517562866, 0.7223465442657471, 0.4846670627593994, 0.45196986198425293, 0.4455723762512207]"
3,centroid,1,428,Trius,Triton,"[""Triton"", ""Trius"", ""Mytikas"", ""Gemini"", ""Braga""]","[0.8952472805976868, 0.8059753179550171, 0.6226640939712524, 0.3921586871147156, 0.38660186529159546]"
3,centroid,1,429,Trius,Trius,"[""Trius"", ""Triton"", ""Braga"", ""Alaris"", ""Alcatras""]","[0.916507363319397, 0.6404972076416016, 0.6031177639961243, 0.5994235277175903, 0.5182441473007202]"
3,centroid,1,430,Trius,Trius,"[""Trius"", ""Gemini"", ""Ilias"", ""Triton"", ""Alcatras""]","[0.6194596290588379, 0.5933126211166382, 0.518980085849762, 0.5010125637054443, 0.4262598156929016]"
3,centroid,1,431,Trius,Trius,"[""Trius"", ""Triton"", ""Ilias"", ""Gemini"", ""Braga""]","[0.7391718626022339, 0.7003495693206787, 0.4821648895740509, 0.4357808828353882, 0.4057804346084595]"
3,centroid,1,432,Trius,Trius,"[""Trius"", ""Gemini"", ""Ilias"", ""Denom"", ""Triton""]","[0.5776719450950623, 0.5117101669311523, 0.5003569722175598, 0.42143645882606506, 0.4047240614891052]"
3,centroid,1,433,Trius,Trius,"[""Trius"", ""Triton"", ""Mytikas"", ""Alaris"", ""Castor""]","[0.7910983562469482, 0.7417505383491516, 0.6543738842010498, 0.618141233921051, 0.5834600925445557]"
3,centroid,1,434,Trius,Trius,"[""Trius"", ""Triton"", ""Alaris"", ""Mytikas"", ""Gemini""]","[0.8582587242126465, 0.4477836489677429, 0.41373199224472046, 0.3950244188308716, 0.38816940784454346]"
3,centroid,1,435,Trius,Triton,"[""Triton"", ""Velorum"", ""Mytikas"", ""Castor"", ""Trius""]","[0.6656901836395264, 0.5956392288208008, 0.5689764022827148, 0.5628708600997925, 0.47672039270401]"
3,centroid,1,436,Trius,Triton,"[""Triton"", ""Trius"", ""Braga"", ""Mytikas"", ""Gemini""]","[0.8304380178451538, 0.8095499277114868, 0.6018320322036743, 0.5884555578231812, 0.48047006130218506]"
3,centroid,1,437,Trius,Trius,"[""Trius"", ""Triton"", ""Castor"", ""Alcatras"", ""Braga""]","[0.851131796836853, 0.6311166882514954, 0.5756974220275879, 0.5330983996391296, 0.5311343669891357]"
3,centroid,1,438,Trius,Trius,"[""Trius"", ""Braga"", ""Triton"", ""Mytikas"", ""Gemini""]","[0.9013215899467468, 0.6733014583587646, 0.6425761580467224, 0.6184766292572021, 0.5370731353759766]"
3,centroid,1,439,Trius,Trius,"[""Trius"", ""Braga"", ""Triton"", ""Alaris"", ""Gemini""]","[0.8572516441345215, 0.6923083066940308, 0.5603801012039185, 0.5530494451522827, 0.5278305411338806]"
3,centroid,1,440,Trius,Trius,"[""Trius"", ""Mytikas"", ""Triton"", ""Gemini"", ""Alaris""]","[0.8364324569702148, 0.6033898591995239, 0.5060423612594604, 0.4960121214389801, 0.3985311985015869]"
3,centroid,1,441,Trius,Trius,"[""Trius"", ""Triton"", ""Braga"", ""Mytikas"", ""Gemini""]","[0.781956672668457, 0.7596085071563721, 0.6593500971794128, 0.6383038759231567, 0.6327849626541138]"
3,centroid,1,442,Trius,Braga,"[""Braga"", ""Gemini"", ""Trius"", ""Triton"", ""Alcatras""]","[0.7856627702713013, 0.6861281991004944, 0.5475218296051025, 0.42112529277801514, 0.4098660945892334]"
3,centroid,1,443,Trius,Braga,"[""Braga"", ""Mytikas"", ""Trius"", ""Triton"", ""Alcatras""]","[0.847307562828064, 0.7423648238182068, 0.7138846516609192, 0.6866830587387085, 0.6364418864250183]"
3,centroid,1,444,Trius,Trius,"[""Trius"", ""Nivalis"", ""Mytikas"", ""Gemini"", ""Denom""]","[0.47514989972114563, 0.3741152286529541, 0.36098864674568176, 0.3514757752418518, 0.3482730984687805]"
3,centroid,1,445,Turbine,Turbine,"[""Turbine"", ""Hawk"", ""Castor"", ""Braga"", ""Alcatras""]","[0.9006950855255127, 0.385240375995636, 0.37308281660079956, 0.3205755054950714, 0.12303054332733154]"
3,centroid,1,446,Turbine,Turbine,"[""Turbine"", ""Castor"", ""Alcatras"", ""Hawk"", ""Alaris""]","[0.7261983752250671, 0.4693847596645355, 0.4325886368751526, 0.3780246376991272, 0.31442585587501526]"
3,centroid,1,447,Turbine,Turbine,"[""Turbine"", ""Braga"", ""Hawk"", ""Vega"", ""Trius""]","[0.8052345514297485, 0.5668373703956604, 0.39948946237564087, 0.3878270387649536, 0.36387568712234497]"
3,centroid,1,448,Turbine,Castor,"[""Castor"", ""Turbine"", ""Braga"", ""Alaris"", ""Mytikas""]","[0.728122353553772, 0.7268105745315552, 0.5790095329284668, 0.46908631920814514, 0.45745939016342163]"
3,centroid,1,449,Turbine,Turbine,"[""Turbine"", ""Hawk"", ""Vega"", ""Braga"", ""Gemini""]","[0.7830504179000854, 0.5348165035247803, 0.5317249298095703, 0.34751126170158386, 0.19819912314414978]"
3,centroid,1,450,Turbine,Turbine,"[""Turbine"", ""Castor"", ""Braga"", ""Mytikas"", ""Trius""]","[0.725942075252533, 0.6156903505325317, 0.4932086765766144, 0.4551754891872406, 0.4036669135093689]"
3,centroid,1,451,Turbine,Turbine,"[""Turbine"", ""Braga"", ""Vega"", ""Hawk"", ""Alaris""]","[0.8568905591964722, 0.4143454432487488, 0.4123106598854065, 0.4083804786205292, 0.14030300080776215]"
3,centroid,1,452,Turbine,Turbine,"[""Turbine"", ""Hawk"", ""Castor"", ""Alcatras"", ""Vega""]","[0.87592613697052, 0.4859553575515747, 0.3131329417228699, 0.2003268450498581, 0.1685289591550827]"
3,centroid,1,453,Turbine,Turbine,"[""Turbine"", ""Hawk"", ""Castor"", ""Mytikas"", ""Vega""]","[0.882562518119812, 0.4971126317977905, 0.3667198717594147, 0.30462145805358887, 0.25544336438179016]"
3,centroid,1,454,Turbine,Turbine,"[""Turbine"", ""Hawk"", ""Braga"", ""Vega"", ""Castor""]","[0.9298323392868042, 0.5412847995758057, 0.5298565626144409, 0.40653735399246216, 0.40325048565864563]"
3,centroid,1,455,Turbine,Turbine,"[""Turbine"", ""Alcatras"", ""Alaris"", ""Hawk"", ""Castor""]","[0.7413508892059326, 0.6971343755722046, 0.6334365010261536, 0.47742217779159546, 0.45512714982032776]"
3,centroid,1,456,Turbine,Turbine,"[""Turbine"", ""Castor"", ""Hawk"", ""Braga"", ""Alcatras""]","[0.9251319169998169, 0.4085603356361389, 0.4072897434234619, 0.39368826150894165, 0.2782052159309387]"
3,centroid,1,457,Turbine,Alcatras,"[""Alcatras"", ""Castor"", ""Turbine"", ""Alaris"", ""Braga""]","[0.794574499130249, 0.675108790397644, 0.674465537071228, 0.6289296746253967, 0.5916018486022949]"
3,centroid,1,458,Turbine,Turbine,"[""Turbine"", ""Vega"", ""Hawk"", ""Braga"", ""Gemini""]","[0.679108738899231, 0.4850059747695923, 0.46227437257766724, 0.45859915018081665, 0.42224743962287903]"
3,centroid,1,459,Turbine,Turbine,"[""Turbine"", ""Hawk"", ""Braga"", ""Mytikas"", ""Velorum""]","[0.6831223964691162, 0.4321586489677429, 0.19246545433998108, 0.18426623940467834, 0.16220861673355103]"
3,centroid,1,460,Turbine,Turbine,"[""Turbine"", ""Vega"", ""Hawk"", ""Braga"", ""Alaris""]","[0.8463521599769592, 0.508569598197937, 0.4698450565338135, 0.36426103115081787, 0.2001841962337494]"
3,centroid,1,461,Turbine,Turbine,"[""Turbine"", ""Hawk"", ""Braga"", ""Vega"", ""Castor""]","[0.9366617798805237, 0.49499768018722534, 0.43027904629707336, 0.2754843235015869, 0.267342746257782]"
3,centroid,1,462,Turbine,Turbine,"[""Turbine"", ""Hawk"", ""Alaris"", ""Braga"", ""Vega""]","[0.9429429769515991, 0.4257376194000244, 0.32749128341674805, 0.28050321340560913, 0.25732117891311646]"
3,centroid,1,463,Turbine,Turbine,"[""Turbine"", ""Castor"", ""Alaris"", ""Alcatras"", ""Triton""]","[0.7098565101623535, 0.6292989253997803, 0.46113502979278564, 0.3932167589664459, 0.32794737815856934]"
3,centroid,1,464,Turbine,Turbine,"[""Turbine"", ""Castor"", ""Alcatras"", ""Alaris"", ""Braga""]","[0.7144919633865356, 0.6696387529373169, 0.5482550859451294, 0.3738226890563965, 0.34475114941596985]"
3,centroid,1,465,Turbine,Turbine,"[""Turbine"", ""Braga"", ""Vega"", ""Hawk"", ""Alaris""]","[0.8026155233383179, 0.738422155380249, 0.5136622190475464, 0.48053255677223206, 0.42035242915153503]"
3,centroid,1,466,Turbine,Castor,"[""Castor"", ""Braga"", ""Triton"", ""Trius"", ""Alcatras""]","[0.7813770771026611, 0.7718439698219299, 0.6880795955657959, 0.625419020652771, 0.5900183916091919]"
3,centroid,1,467,Turbine,Castor,"[""Castor"", ""Braga"", ""Turbine"", ""Alcatras"", ""Triton""]","[0.8278727531433105, 0.6970250606536865, 0.6901487112045288, 0.6256169080734253, 0.5000359416007996]"
3,centroid,1,468,Turbine,Castor,"[""Castor"", ""Turbine"", ""Alcatras"", ""Alaris"", ""Braga""]","[0.7889758944511414, 0.7664742469787598, 0.524928867816925, 0.40379399061203003, 0.38807743787765503]"
3,centroid,1,469,Turbine,Turbine,"[""Turbine"", ""Hawk"", ""Braga"", ""Vega"", ""Alaris""]","[0.882325291633606, 0.5841162800788879, 0.40031319856643677, 0.38065528869628906, 0.2996804118156433]"
3,centroid,1,470,Turbine,Turbine,"[""Turbine"", ""Braga"", ""Hawk"", ""Castor"", ""Vega""]","[0.8150429725646973, 0.4376465082168579, 0.32963335514068604, 0.3273079991340637, 0.17106351256370544]"
3,centroid,1,471,Turbine,Turbine,"[""Turbine"", ""Hawk"", ""Vega"", ""Braga"", ""Alaris""]","[0.8512161374092102, 0.4392610192298889, 0.3917683959007263, 0.3265848755836487, 0.146683007478714]"
3,centroid,1,472,Vega,Vega,"[""Vega"", ""Braga"", ""Gemini"", ""Hawk"", ""Trius""]","[0.8661103248596191, 0.6127170324325562, 0.5916054248809814, 0.48826712369918823, 0.4817093312740326]"
3,centroid,1,473,Vega,Vega,"[""Vega"", ""Turbine"", ""Hawk"", ""Braga"", ""Alcatras""]","[0.7609784007072449, 0.5683268904685974, 0.5056276321411133, 0.4965100586414337, 0.4139306843280792]"
3,centroid,1,474,Vega,Vega,"[""Vega"", ""Hawk"", ""Alaris"", ""Turbine"", ""Trius""]","[0.868801474571228, 0.4838920533657074, 0.4015124440193176, 0.39860549569129944, 0.13317127525806427]"
3,centroid,1,475,Vega,Vega,"[""Vega"", ""Hawk"", ""Gemini"", ""Braga"", ""Alaris""]","[0.8887929916381836, 0.6586382389068604, 0.4506015181541443, 0.295357882976532, 0.2792879045009613]"
3,centroid,1,476,Vega,Vega,"[""Vega"", ""Hawk"", ""Turbine"", ""Alaris"", ""Braga""]","[0.9417185187339783, 0.5212829113006592, 0.38631075620651245, 0.3733838200569153, 0.2868310213088989]"
3,centroid,1,477,Vega,Vega,"[""Vega"", ""Hawk"", ""Gemini"", ""Turbine"", ""Braga""]","[0.7942343950271606, 0.5847377181053162, 0.31184256076812744, 0.3069080114364624, 0.16391998529434204]"
3,centroid,1,478,Vega,Vega,"[""Vega"", ""Alaris"", ""Hawk"", ""Alcatras"", ""Turbine""]","[0.9079550504684448, 0.4864215850830078, 0.3668436110019684, 0.30927371978759766, 0.29712724685668945]"
3,centroid,1,479,Vega,Vega,"[""Vega"", ""Braga"", ""Gemini"", ""Hawk"", ""Alaris""]","[0.8106381893157959, 0.6333825588226318, 0.5295206308364868, 0.4831097722053528, 0.33770453929901123]"
3,centroid,1,480,Vega,Vega,"[""Vega"", ""Gemini"", ""Hawk"", ""Alaris"", ""Nivalis""]","[0.8551305532455444, 0.31329333782196045, 0.29891443252563477, 0.29121676087379456, 0.09644486010074615]"
3,centroid,1,481,Vega,Vega,"[""Vega"", ""Hawk"", ""Turbine"", ""Alaris"", ""Alcatras""]","[0.751251220703125, 0.740362286567688, 0.44837507605552673, 0.3565847873687744, 0.32261526584625244]"
3,centroid,1,482,Vega,Vega,"[""Vega"", ""Gemini"", ""Trius"", ""Alaris"", ""Hawk""]","[0.9270519018173218, 0.4712328314781189, 0.4270361065864563, 0.41212770342826843, 0.40868186950683594]"
3,centroid,1,483,Vega,Vega,"[""Vega"", ""Hawk"", ""Alaris"", ""Alcatras"", ""Turbine""]","[0.7919729948043823, 0.6655029058456421, 0.6603425145149231, 0.5017383694648743, 0.4208023250102997]"
3,centroid,1,484,Vega,Vega,"[""Vega"", ""Alaris"", ""Turbine"", ""Braga"", ""Hawk""]","[0.7979989647865295, 0.41301581263542175, 0.36229902505874634, 0.3109159469604492, 0.25455212593078613]"
3,centroid,1,485,Vega,Vega,"[""Vega"", ""Gemini"", ""Nivalis"", ""Ratikon"", ""Alaris""]","[0.7216815948486328, 0.40677279233932495, 0.20829173922538757, 0.18818162381649017, 0.15898269414901733]"
3,centroid,1,486,Vega,Vega,"[""Vega"", ""Hawk"", ""Alaris"", ""Turbine"", ""Gemini""]","[0.8961795568466187, 0.31676337122917175, 0.2369959056377411, 0.22916100919246674, 0.1510186493396759]"
3,centroid,1,487,Vega,Vega,"[""Vega"", ""Hawk"", ""Gemini"", ""Braga"", ""Turbine""]","[0.9022549390792847, 0.578253984451294, 0.5377611517906189, 0.31380462646484375, 0.29562848806381226]"
3,centroid,1,488,Vega,Vega,"[""Vega"", ""Hawk"", ""Alaris"", ""Turbine"", ""Alcatras""]","[0.8851410150527954, 0.6126645803451538, 0.4109598398208618, 0.3499816060066223, 0.29819437861442566]"
3,centroid,1,489,Vega,Vega,"[""Vega"", ""Gemini"", ""Hawk"", ""Trius"", ""Braga""]","[0.917559027671814, 0.500698447227478, 0.46226203441619873, 0.3844144940376282, 0.33071863651275635]"
3,centroid,1,490,Vega,Vega,"[""Vega"", ""Hawk"", ""Alcatras"", ""Alaris"", ""Braga""]","[0.8319144248962402, 0.4510383605957031, 0.3502812385559082, 0.3480122685432434, 0.24336107075214386]"
3,centroid,1,491,Vega,Vega,"[""Vega"", ""Alaris"", ""Gemini"", ""Hawk"", ""Braga""]","[0.8967024087905884, 0.49867093563079834, 0.4733191728591919, 0.39294084906578064, 0.37808769941329956]"
3,centroid,1,492,Vega,Vega,"[""Vega"", ""Gemini"", ""Hawk"", ""Alaris"", ""Trius""]","[0.7964646816253662, 0.5280711054801941, 0.32562774419784546, 0.30381113290786743, 0.27708694338798523]"
3,centroid,1,493,Vega,Vega,"[""Vega"", ""Hawk"", ""Alaris"", ""Alcatras"", ""Braga""]","[0.897040069103241, 0.515268862247467, 0.4913296401500702, 0.39353513717651367, 0.3048912584781647]"
3,centroid,1,494,Vega,Vega,"[""Vega"", ""Turbine"", ""Hawk"", ""Alaris"", ""Braga""]","[0.7947200536727905, 0.5204301476478577, 0.5064291954040527, 0.34555211663246155, 0.3254227340221405]"
3,centroid,1,495,Vega,Vega,"[""Vega"", ""Alaris"", ""Gemini"", ""Braga"", ""Trius""]","[0.8888634443283081, 0.46433696150779724, 0.4410160779953003, 0.43869614601135254, 0.3425280451774597]"
3,centroid,1,496,Vega,Vega,"[""Vega"", ""Hawk"", ""Turbine"", ""Alaris"", ""Alcatras""]","[0.7881585359573364, 0.37093040347099304, 0.3676256835460663, 0.34992849826812744, 0.19511908292770386]"
3,centroid,1,497,Vega,Braga,"[""Braga"", ""Vega"", ""Gemini"", ""Trius"", ""Hawk""]","[0.6791747212409973, 0.6528140306472778, 0.5760412216186523, 0.5628676414489746, 0.5508898496627808]"
3,centroid,1,498,Vega,Mytikas,"[""Mytikas"", ""Xtreme"", ""Gemini"", ""Triton"", ""Alcatras""]","[0.49957695603370667, 0.4485432803630829, 0.3859018087387085, 0.3697469234466553, 0.3315504789352417]"
3,centroid,1,499,Vega,Vega,"[""Vega"", ""Turbine"", ""Alaris"", ""Braga"", ""Hawk""]","[0.7948771715164185, 0.4398946166038513, 0.43580543994903564, 0.39246976375579834, 0.34062159061431885]"
3,centroid,1,500,Vega,Braga,"[""Braga"", ""Vega"", ""Turbine"", ""Hawk"", ""Alcatras""]","[0.5153588056564331, 0.5009390115737915, 0.42748311161994934, 0.40830719470977783, 0.38287052512168884]"
3,centroid,1,501,Vega,Gemini,"[""Gemini"", ""Vega"", ""Triton"", ""Trius"", ""Braga""]","[0.6386382579803467, 0.6364715099334717, 0.5255676507949829, 0.5011906623840332, 0.47171688079833984]"
3,centroid,1,502,Vega,Vega,"[""Vega"", ""Alaris"", ""Braga"", ""Hawk"", ""Turbine""]","[0.9200749397277832, 0.35489997267723083, 0.3300457000732422, 0.3276937007904053, 0.284578800201416]"
3,centroid,1,503,Vega,Vega,"[""Vega"", ""Hawk"", ""Gemini"", ""Alaris"", ""Braga""]","[0.9412422180175781, 0.4210922122001648, 0.4114159643650055, 0.34371232986450195, 0.31982502341270447]"
3,centroid,1,504,Vega,Vega,"[""Vega"", ""Hawk"", ""Turbine"", ""Alaris"", ""Braga""]","[0.8860738277435303, 0.5699155330657959, 0.3658289313316345, 0.30045947432518005, 0.29419761896133423]"
3,centroid,1,505,Vega,Vega,"[""Vega"", ""Hawk"", ""Gemini"", ""Xtreme"", ""Braga""]","[0.7970993518829346, 0.5545154213905334, 0.43341219425201416, 0.28769439458847046, 0.16872163116931915]"
3,centroid,1,506,Vega,Vega,"[""Vega"", ""Hawk"", ""Gemini"", ""Turbine"", ""Alaris""]","[0.9019883871078491, 0.6170496940612793, 0.41318970918655396, 0.22356075048446655, 0.19942432641983032]"
3,centroid,1,507,Velorum,Velorum,"[""Velorum"", ""Ilias"", ""Nivalis"", ""Denom"", ""Ratikon""]","[0.9163936376571655, 0.6637436747550964, 0.46914035081863403, 0.4066498279571533, 0.35279685258865356]"
3,centroid,1,508,Velorum,Velorum,"[""Velorum"", ""Nivalis"", ""Ilias"", ""Denom"", ""Mytikas""]","[0.910564661026001, 0.4720690846443176, 0.384647011756897, 0.2921009063720703, 0.14376169443130493]"
3,centroid,1,509,Velorum,Velorum,"[""Velorum"", ""Ilias"", ""Nivalis"", ""Denom"", ""Ratikon""]","[0.8618996143341064, 0.6434754133224487, 0.5162984132766724, 0.3860546350479126, 0.35149329900741577]"
3,centroid,1,510,Velorum,Velorum,"[""Velorum"", ""Nivalis"", ""Ilias"", ""Ratikon"", ""Denom""]","[0.8315145969390869, 0.5625033378601074, 0.4087280035018921, 0.33769211173057556, 0.2842859625816345]"
3,centroid,1,511,Velorum,Velorum,"[""Velorum"", ""Denom"", ""Ilias"", ""Nivalis"", ""Ratikon""]","[0.8899316787719727, 0.4632469117641449, 0.44238191843032837, 0.27897733449935913, 0.24927395582199097]"
3,centroid,1,512,Velorum,Velorum,"[""Velorum"", ""Ilias"", ""Nivalis"", ""Denom"", ""Ratikon""]","[0.9358606338500977, 0.4665304124355316, 0.3449282944202423, 0.2124781310558319, 0.17886723577976227]"
3,centroid,1,513,Velorum,Velorum,"[""Velorum"", ""Trius"", ""Ilias"", ""Triton"", ""Mytikas""]","[0.7956580519676208, 0.465168297290802, 0.44447091221809387, 0.43515312671661377, 0.24970242381095886]"
3,centroid,1,514,Velorum,Velorum,"[""Velorum"", ""Denom"", ""Nivalis"", ""Ilias"", ""Ratikon""]","[0.8827431201934814, 0.5907979011535645, 0.42144715785980225, 0.39835965633392334, 0.3805835247039795]"
3,centroid,1,515,Velorum,Velorum,"[""Velorum"", ""Denom"", ""Nivalis"", ""Ilias"", ""Ratikon""]","[0.8292711973190308, 0.5683932304382324, 0.50523841381073, 0.4030229449272156, 0.28886890411376953]"
3,centroid,1,516,Velorum,Velorum,"[""Velorum"", ""Ilias"", ""Triton"", ""Mytikas"", ""Nivalis""]","[0.8749630451202393, 0.4035564959049225, 0.3045923113822937, 0.2610771954059601, 0.24148337543010712]"
3,centroid,1,517,Velorum,Velorum,"[""Velorum"", ""Ilias"", ""Denom"", ""Ratikon"", ""Nivalis""]","[0.7641681432723999, 0.6423578262329102, 0.547858476638794, 0.41613560914993286, 0.36433154344558716]"
3,centroid,1,518,Velorum,Velorum,"[""Velorum"", ""Ilias"", ""Denom"", ""Nivalis"", ""Ratikon""]","[0.9609659314155579, 0.5476685762405396, 0.36897534132003784, 0.3620213568210602, 0.3266361951828003]"
3,centroid,1,519,Velorum,Velorum,"[""Velorum"", ""Ilias"", ""Denom"", ""Triton"", ""Trius""]","[0.793529748916626, 0.6804673671722412, 0.46084046363830566, 0.3926503360271454, 0.38384175300598145]"
3,centroid,1,520,Velorum,Velorum,"[""Velorum"", ""Nivalis"", ""Denom"", ""Ilias"", ""Ratikon""]","[0.7456022500991821, 0.5137335062026978, 0.38213062286376953, 0.2689347267150879, 0.25159308314323425]"
3,centroid,1,521,Velorum,Velorum,"[""Velorum"", ""Ilias"", ""Nivalis"", ""Denom"", ""Ratikon""]","[0.9647104740142822, 0.49907857179641724, 0.42428678274154663, 0.29610538482666016, 0.17436948418617249]"
3,centroid,1,522,Velorum,Velorum,"[""Velorum"", ""Ilias"", ""Nivalis"", ""Denom"", ""Ratikon""]","[0.7878800630569458, 0.7259705066680908, 0.4455283582210541, 0.4396322965621948, 0.3792489767074585]"
3,centroid,1,523,Velorum,Velorum,"[""Velorum"", ""Ilias"", ""Denom"", ""Xtreme"", ""Nivalis""]","[0.8653875589370728, 0.4788341224193573, 0.3996930718421936, 0.3053452968597412, 0.27321213483810425]"
3,centroid,1,524,Velorum,Velorum,"[""Velorum"", ""Nivalis"", ""Ratikon"", ""Ilias"", ""Mytikas""]","[0.7103077173233032, 0.4791056513786316, 0.2786239981651306, 0.2292206883430481, 0.17945367097854614]"
3,centroid,1,525,Velorum,Velorum,"[""Velorum"", ""Ilias"", ""Denom"", ""Nivalis"", ""Trius""]","[0.8621869087219238, 0.5014767646789551, 0.3845883011817932, 0.3069201707839966, 0.24867364764213562]"
3,centroid,1,526,Velorum,Velorum,"[""Velorum"", ""Ilias"", ""Ratikon"", ""Nivalis"", ""Denom""]","[0.7260756492614746, 0.6552039384841919, 0.6393622159957886, 0.6041731238365173, 0.5150564312934875]"
3,centroid,1,527,Velorum,Velorum,"[""Velorum"", ""Trius"", ""Triton"", ""Mytikas"", ""Ilias""]","[0.8478171229362488, 0.37936729192733765, 0.28307339549064636, 0.2792319059371948, 0.2590869665145874]"
3,centroid,1,528,Velorum,Velorum,"[""Velorum"", ""Ilias"", ""Nivalis"", ""Denom"", ""Ratikon""]","[0.9280378818511963, 0.49803102016448975, 0.47773614525794983, 0.37171030044555664, 0.3600979149341583]"
3,centroid,1,529,Velorum,Velorum,"[""Velorum"", ""Ilias"", ""Denom"", ""Trius"", ""Nivalis""]","[0.7322081327438354, 0.6245945692062378, 0.6055055260658264, 0.43113595247268677, 0.4262109398841858]"
3,centroid,1,530,Velorum,Velorum,"[""Velorum"", ""Ilias"", ""Nivalis"", ""Denom"", ""Ratikon""]","[0.9483656287193298, 0.5514077544212341, 0.4131920337677002, 0.4089677929878235, 0.36751073598861694]"
3,centroid,1,531,Velorum,Velorum,"[""Velorum"", ""Nivalis"", ""Denom"", ""Ratikon"", ""Ilias""]","[0.8202834129333496, 0.6787993311882019, 0.6021403670310974, 0.514295220375061, 0.4445185959339142]"
3,centroid,1,532,Velorum,Velorum,"[""Velorum"", ""Nivalis"", ""Ilias"", ""Denom"", ""Ratikon""]","[0.8605101108551025, 0.6403632164001465, 0.47471123933792114, 0.4654574394226074, 0.4078575372695923]"
3,centroid,1,533,Velorum,Velorum,"[""Velorum"", ""Nivalis"", ""Denom"", ""Ratikon"", ""Ilias""]","[0.8655726909637451, 0.605852484703064, 0.4020385146141052, 0.37479251623153687, 0.3540802597999573]"
3,centroid,1,534,Velorum,Velorum,"[""Velorum"", ""Ilias"", ""Nivalis"", ""Denom"", ""Xtreme""]","[0.9506470561027527, 0.5273846387863159, 0.36203110218048096, 0.30647754669189453, 0.23911654949188232]"
3,centroid,1,535,Velorum,Velorum,"[""Velorum"", ""Nivalis"", ""Ilias"", ""Denom"", ""Ratikon""]","[0.8546501398086548, 0.5771311521530151, 0.4973064959049225, 0.49510371685028076, 0.3996258080005646]"
3,centroid,1,536,Velorum,Velorum,"[""Velorum"", ""Ilias"", ""Triton"", ""Nivalis"", ""Ratikon""]","[0.8475617170333862, 0.6532570123672485, 0.39789360761642456, 0.3842240571975708, 0.28886115550994873]"
3,centroid,1,537,Velorum,Velorum,"[""Velorum"", ""Ilias"", ""Denom"", ""Nivalis"", ""Ratikon""]","[0.9242668151855469, 0.4899712800979614, 0.48799920082092285, 0.3579184412956238, 0.3430975079536438]"
3,centroid,1,538,Velorum,Velorum,"[""Velorum"", ""Ilias"", ""Denom"", ""Nivalis"", ""Ratikon""]","[0.8638052344322205, 0.6688319444656372, 0.5610935688018799, 0.412460058927536, 0.36583876609802246]"
3,centroid,1,539,Velorum,Velorum,"[""Velorum"", ""Ilias"", ""Nivalis"", ""Ratikon"", ""Denom""]","[0.8180437088012695, 0.7339698076248169, 0.39360275864601135, 0.36461591720581055, 0.28972333669662476]"
3,centroid,1,540,Velorum,Velorum,"[""Velorum"", ""Ilias"", ""Triton"", ""Nivalis"", ""Denom""]","[0.7661510705947876, 0.4552886486053467, 0.4053524434566498, 0.3929828405380249, 0.34687089920043945]"
3,centroid,1,541,Velorum,Velorum,"[""Velorum"", ""Ilias"", ""Nivalis"", ""Denom"", ""Xtreme""]","[0.9045494198799133, 0.48711878061294556, 0.4769401550292969, 0.3729163408279419, 0.21088925004005432]"
3,centroid,1,542,Velorum,Velorum,"[""Velorum"", ""Trius"", ""Denom"", ""Ilias"", ""Triton""]","[0.7886195778846741, 0.4270460605621338, 0.39410918951034546, 0.3801915645599365, 0.22810573875904083]"
3,centroid,1,543,Velorum,Velorum,"[""Velorum"", ""Ilias"", ""Nivalis"", ""Denom"", ""Ratikon""]","[0.96989905834198, 0.5474438667297363, 0.40085530281066895, 0.29615315794944763, 0.2605462372303009]"
3,centroid,1,544,Velorum,Velorum,"[""Velorum"", ""Ilias"", ""Trius"", ""Triton"", ""Denom""]","[0.7340220212936401, 0.658233106136322, 0.5475783348083496, 0.5130572319030762, 0.49535372853279114]"
3,centroid,1,545,Velorum,Velorum,"[""Velorum"", ""Ilias"", ""Denom"", ""Nivalis"", ""Ratikon""]","[0.9238759875297546, 0.45588576793670654, 0.30371034145355225, 0.28387266397476196, 0.2149633765220642]"
3,centroid,1,546,Velorum,Velorum,"[""Velorum"", ""Nivalis"", ""Ilias"", ""Ratikon"", ""Denom""]","[0.8222811222076416, 0.5435055494308472, 0.5073946714401245, 0.3838745653629303, 0.3673345446586609]"
3,centroid,1,547,Velorum,Velorum,"[""Velorum"", ""Nivalis"", ""Ilias"", ""Denom"", ""Ratikon""]","[0.9180862307548523, 0.4380459189414978, 0.37114447355270386, 0.285862535238266, 0.1467612385749817]"
3,centroid,1,548,Velorum,Velorum,"[""Velorum"", ""Ilias"", ""Denom"", ""Nivalis"", ""Ratikon""]","[0.9038747549057007, 0.6587379574775696, 0.4457084536552429, 0.4401426315307617, 0.4118453860282898]"
3,centroid,1,549,Velorum,Velorum,"[""Velorum"", ""Nivalis"", ""Ilias"", ""Ratikon"", ""Mytikas""]","[0.8100651502609253, 0.49123281240463257, 0.4617636799812317, 0.3124275803565979, 0.30563169717788696]"
3,centroid,1,550,Velorum,Velorum,"[""Velorum"", ""Ilias"", ""Denom"", ""Nivalis"", ""Ratikon""]","[0.9334002733230591, 0.534636914730072, 0.3901548981666565, 0.3809141516685486, 0.18555931746959686]"
3,centroid,1,551,Velorum,Velorum,"[""Velorum"", ""Denom"", ""Ilias"", ""Nivalis"", ""Ratikon""]","[0.7905685901641846, 0.6243895888328552, 0.6009520292282104, 0.46488451957702637, 0.4582754373550415]"
3,centroid,1,552,Velorum,Velorum,"[""Velorum"", ""Nivalis"", ""Denom"", ""Ilias"", ""Ratikon""]","[0.8486596941947937, 0.47251689434051514, 0.3741692304611206, 0.3393041491508484, 0.21465295553207397]"
3,centroid,1,553,Velorum,Velorum,"[""Velorum"", ""Trius"", ""Denom"", ""Triton"", ""Steel_Wheel""]","[0.7412356734275818, 0.4569021165370941, 0.36830782890319824, 0.29505234956741333, 0.25654351711273193]"
3,centroid,1,554,Velorum,Velorum,"[""Velorum"", ""Nivalis"", ""Ilias"", ""Denom"", ""Ratikon""]","[0.9075832366943359, 0.5078403949737549, 0.404018372297287, 0.3221224844455719, 0.19951042532920837]"
3,centroid,1,555,Velorum,Velorum,"[""Velorum"", ""Nivalis"", ""Ilias"", ""Ratikon"", ""Denom""]","[0.8630810976028442, 0.6487666368484497, 0.43449866771698, 0.41342684626579285, 0.40882039070129395]"
3,centroid,1,556,Velorum,Velorum,"[""Velorum"", ""Ilias"", ""Triton"", ""Trius"", ""Denom""]","[0.7316713333129883, 0.6124985218048096, 0.49800580739974976, 0.4426546096801758, 0.32043254375457764]"
3,centroid,1,557,Velorum,Velorum,"[""Velorum"", ""Ilias"", ""Nivalis"", ""Ratikon"", ""Triton""]","[0.8767293691635132, 0.6417608261108398, 0.37675732374191284, 0.29165714979171753, 0.26577556133270264]"
3,centroid,1,558,Velorum,Ilias,"[""Ilias"", ""Ratikon"", ""Nivalis"", ""Denom"", ""Velorum""]","[0.7741178870201111, 0.6439483165740967, 0.6382446885108948, 0.535460352897644, 0.5240468978881836]"
3,centroid,1,559,Velorum,Velorum,"[""Velorum"", ""Ilias"", ""Denom"", ""Nivalis"", ""Trius""]","[0.8232142925262451, 0.6579254269599915, 0.4516897201538086, 0.36805450916290283, 0.33468541502952576]"
3,centroid,1,560,Velorum,Velorum,"[""Velorum"", ""Ilias"", ""Triton"", ""Denom"", ""Trius""]","[0.8391196727752686, 0.6649289131164551, 0.4661676287651062, 0.45070311427116394, 0.4408539831638336]"
3,centroid,1,561,Velorum,Velorum,"[""Velorum"", ""Nivalis"", ""Denom"", ""Ratikon"", ""Ilias""]","[0.8444576859474182, 0.5370796918869019, 0.41337254643440247, 0.2767799198627472, 0.24232465028762817]"
3,centroid,1,562,Velorum,Velorum,"[""Velorum"", ""Ilias"", ""Triton"", ""Nivalis"", ""Ratikon""]","[0.8749986886978149, 0.5992294549942017, 0.38844358921051025, 0.3084019124507904, 0.20097850263118744]"
3,centroid,1,563,Velorum,Velorum,"[""Velorum"", ""Trius"", ""Alcatras"", ""Alaris"", ""Triton""]","[0.7553048133850098, 0.521062970161438, 0.35841894149780273, 0.27937251329421997, 0.26831233501434326]"
3,centroid,1,564,Velorum,Velorum,"[""Velorum"", ""Nivalis"", ""Ilias"", ""Denom"", ""Ratikon""]","[0.9002892374992371, 0.45861971378326416, 0.36337146162986755, 0.2680206298828125, 0.24219882488250732]"
3,centroid,1,565,Velorum,Velorum,"[""Velorum"", ""Denom"", ""Nivalis"", ""Ilias"", ""Xtreme""]","[0.8097261190414429, 0.4345906674861908, 0.35067200660705566, 0.3352961540222168, 0.16318784654140472]"
3,centroid,1,566,Xtreme,Xtreme,"[""Xtreme"", ""Gemini"", ""Ilias"", ""Hawk"", ""Vega""]","[0.8899335861206055, 0.42103704810142517, 0.13753485679626465, 0.12259584665298462, 0.10973687469959259]"
3,centroid,1,567,Xtreme,Gemini,"[""Gemini"", ""Xtreme"", ""Vega"", ""Trius"", ""Mytikas""]","[0.6990064978599548, 0.5831606388092041, 0.4111770987510681, 0.28691840171813965, 0.23953500390052795]"
3,centroid,1,568,Xtreme,Xtreme,"[""Xtreme"", ""Ilias"", ""Gemini"", ""Nivalis"", ""Triton""]","[0.7702381610870361, 0.5061973333358765, 0.4868208169937134, 0.3952186405658722, 0.22877851128578186]"
3,centroid,1,569,Xtreme,Xtreme,"[""Xtreme"", ""Gemini"", ""Ilias"", ""Triton"", ""Nivalis""]","[0.8038897514343262, 0.6242859363555908, 0.5424330234527588, 0.3045892119407654, 0.27385056018829346]"
3,centroid,1,570,Xtreme,Xtreme,"[""Xtreme"", ""Gemini"", ""Steel_Wheel"", ""Ilias"", ""Nivalis""]","[0.9630694389343262, 0.5215615034103394, 0.1234624832868576, 0.10575342923402786, 0.0763074979186058]"
3,centroid,1,571,Xtreme,Xtreme,"[""Xtreme"", ""Gemini"", ""Ilias"", ""Triton"", ""Hawk""]","[0.9720944166183472, 0.5383893251419067, 0.31095558404922485, 0.12459541112184525, 0.11106771230697632]"
3,centroid,1,572,Xtreme,Xtreme,"[""Xtreme"", ""Gemini"", ""Ilias"", ""Velorum"", ""Triton""]","[0.9587540030479431, 0.5971022248268127, 0.28779909014701843, 0.12156302481889725, 0.12038429826498032]"
3,centroid,1,573,Xtreme,Xtreme,"[""Xtreme"", ""Gemini"", ""Ilias"", ""Hawk"", ""Nivalis""]","[0.9611713886260986, 0.6455550193786621, 0.24574792385101318, 0.14485666155815125, 0.11228467524051666]"
3,centroid,1,574,Xtreme,Xtreme,"[""Xtreme"", ""Gemini"", ""Ilias"", ""Steel_Wheel"", ""Nivalis""]","[0.9297780990600586, 0.33202481269836426, 0.18111731112003326, 0.18039250373840332, 0.1398923099040985]"
3,centroid,1,575,Xtreme,Xtreme,"[""Xtreme"", ""Gemini"", ""Ilias"", ""Braga"", ""Triton""]","[0.9585776329040527, 0.5071536302566528, 0.149613156914711, 0.13313782215118408, 0.12787030637264252]"
3,centroid,1,576,Xtreme,Xtreme,"[""Xtreme"", ""Gemini"", ""Hawk"", ""Ilias"", ""Braga""]","[0.9080955386161804, 0.4869614243507385, 0.34459584951400757, 0.24317555129528046, 0.10925395041704178]"
3,centroid,1,577,Xtreme,Xtreme,"[""Xtreme"", ""Gemini"", ""Triton"", ""Braga"", ""Ilias""]","[0.8788217306137085, 0.5389707088470459, 0.23566719889640808, 0.1820034682750702, 0.14053399860858917]"
3,centroid,1,578,Xtreme,Xtreme,"[""Xtreme"", ""Gemini"", ""Hawk"", ""Velorum"", ""Steel_Wheel""]","[0.9542309045791626, 0.43019169569015503, 0.22601817548274994, 0.14457131922245026, 0.1429593563079834]"
3,centroid,1,579,Xtreme,Xtreme,"[""Xtreme"", ""Gemini"", ""Ilias"", ""Braga"", ""Triton""]","[0.9420048594474792, 0.6173316240310669, 0.25100985169410706, 0.17058518528938293, 0.13986767828464508]"
3,centroid,1,580,Xtreme,Xtreme,"[""Xtreme"", ""Gemini"", ""Hawk"", ""Ilias"", ""Velorum""]","[0.9194779396057129, 0.4839089512825012, 0.3346324861049652, 0.20295609533786774, 0.1472644954919815]"
3,centroid,1,581,Xtreme,Xtreme,"[""Xtreme"", ""Gemini"", ""Ilias"", ""Nivalis"", ""Triton""]","[0.8936789035797119, 0.5494189262390137, 0.32309192419052124, 0.20451730489730835, 0.1293519139289856]"
3,centroid,1,582,Xtreme,Xtreme,"[""Xtreme"", ""Gemini"", ""Ilias"", ""Nivalis"", ""Steel_Wheel""]","[0.9385190010070801, 0.37258726358413696, 0.20325949788093567, 0.17568200826644897, 0.1679539680480957]"
3,centroid,1,583,Xtreme,Xtreme,"[""Xtreme"", ""Gemini"", ""Ilias"", ""Hawk"", ""Nivalis""]","[0.9219528436660767, 0.5035785436630249, 0.1480749398469925, 0.14127510786056519, 0.13485568761825562]"
3,centroid,1,584,Xtreme,Xtreme,"[""Xtreme"", ""Gemini"", ""Hawk"", ""Braga"", ""Steel_Wheel""]","[0.9425227046012878, 0.48641887307167053, 0.25140905380249023, 0.23536060750484467, 0.12069893628358841]"
3,centroid,1,585,Xtreme,Xtreme,"[""Xtreme"", ""Gemini"", ""Hawk"", ""Ilias"", ""Braga""]","[0.9010332822799683, 0.4526073932647705, 0.23274290561676025, 0.20947712659835815, 0.17836704850196838]"
3,centroid,1,586,Xtreme,Xtreme,"[""Xtreme"", ""Gemini"", ""Ilias"", ""Hawk"", ""Velorum""]","[0.9599183797836304, 0.6515308618545532, 0.2162272185087204, 0.12069370597600937, 0.07807967811822891]"
3,centroid,1,587,Xtreme,Xtreme,"[""Xtreme"", ""Gemini"", ""Braga"", ""Steel_Wheel"", ""Mytikas""]","[0.9564308524131775, 0.5593420267105103, 0.17583909630775452, 0.17495621740818024, 0.11568030714988708]"
3,centroid,1,588,Xtreme,Xtreme,"[""Xtreme"", ""Gemini"", ""Hawk"", ""Mytikas"", ""Ilias""]","[0.9159636497497559, 0.3379613757133484, 0.2632277011871338, 0.18717223405838013, 0.11886017769575119]"
3,centroid,1,589,Xtreme,Xtreme,"[""Xtreme"", ""Gemini"", ""Ilias"", ""Nivalis"", ""Mytikas""]","[0.9153586626052856, 0.619521975517273, 0.4113309979438782, 0.22180531919002533, 0.16068358719348907]"
3,centroid,1,590,Xtreme,Xtreme,"[""Xtreme"", ""Gemini"", ""Hawk"", ""Steel_Wheel"", ""Velorum""]","[0.9009482860565186, 0.313230037689209, 0.29212623834609985, 0.2070128619670868, 0.16611872613430023]"
3,centroid,1,591,Xtreme,Xtreme,"[""Xtreme"", ""Gemini"", ""Velorum"", ""Ilias"", ""Steel_Wheel""]","[0.9449446797370911, 0.45948535203933716, 0.1556388884782791, 0.152214914560318, 0.1469724029302597]"
3,centroid,1,592,Xtreme,Xtreme,"[""Xtreme"", ""Gemini"", ""Hawk"", ""Braga"", ""Vega""]","[0.9406781196594238, 0.6195645928382874, 0.3940321207046509, 0.28200072050094604, 0.12852829694747925]"
3,centroid,1,593,Xtreme,Xtreme,"[""Xtreme"", ""Gemini"", ""Hawk"", ""Steel_Wheel"", ""Ilias""]","[0.9354152679443359, 0.38796359300613403, 0.29385852813720703, 0.1644715815782547, 0.08710917830467224]"
3,centroid,1,594,Xtreme,Xtreme,"[""Xtreme"", ""Gemini"", ""Braga"", ""Hawk"", ""Triton""]","[0.8880126476287842, 0.6360540986061096, 0.4490516781806946, 0.28003010153770447, 0.2642400562763214]"
3,centroid,1,595,Xtreme,Xtreme,"[""Xtreme"", ""Gemini"", ""Hawk"", ""Braga"", ""Ilias""]","[0.9188299179077148, 0.5666863918304443, 0.42382150888442993, 0.21053914725780487, 0.10644035786390305]"
3,centroid,1,596,Xtreme,Xtreme,"[""Xtreme"", ""Gemini"", ""Steel_Wheel"", ""Hawk"", ""Velorum""]","[0.9155304431915283, 0.4309874176979065, 0.20910939574241638, 0.20847296714782715, 0.13782349228858948]"
3,centroid,1,597,Xtreme,Xtreme,"[""Xtreme"", ""Gemini"", ""Triton"", ""Braga"", ""Ilias""]","[0.9582425355911255, 0.5951284170150757, 0.1604432463645935, 0.15749740600585938, 0.13483385741710663]"
3,centroid,1,598,Xtreme,Xtreme,"[""Xtreme"", ""Gemini"", ""Ilias"", ""Nivalis"", ""Hawk""]","[0.911291241645813, 0.3570786714553833, 0.25117433071136475, 0.21644921600818634, 0.18136462569236755]"
3,centroid,1,599,Xtreme,Xtreme,"[""Xtreme"", ""Gemini"", ""Hawk"", ""Braga"", ""Castor""]","[0.8702603578567505, 0.316658079624176, 0.3126167953014374, 0.26076650619506836, 0.2077462077140808]"
3,centroid,1,600,Xtreme,Xtreme,"[""Xtreme"", ""Gemini"", ""Braga"", ""Hawk"", ""Mytikas""]","[0.8971617221832275, 0.5525555610656738, 0.41165024042129517, 0.3456401526927948, 0.2596418261528015]"
3,centroid,1,601,Xtreme,Xtreme,"[""Xtreme"", ""Gemini"", ""Ilias"", ""Hawk"", ""Braga""]","[0.9741209745407104, 0.5675978064537048, 0.21375811100006104, 0.1876334846019745, 0.12663249671459198]"
3,centroid,1,602,Xtreme,Xtreme,"[""Xtreme"", ""Gemini"", ""Braga"", ""Hawk"", ""Ilias""]","[0.9110732078552246, 0.5692647099494934, 0.2984999418258667, 0.23927748203277588, 0.09433059394359589]"
3,centroid,1,603,Xtreme,Xtreme,"[""Xtreme"", ""Gemini"", ""Ilias"", ""Velorum"", ""Denom""]","[0.8370416164398193, 0.6021931171417236, 0.4932740330696106, 0.24681849777698517, 0.24149158596992493]"
4,centroid,1,0,Alaris,Alaris,"[""Alaris"", ""Alcatras"", ""Trius"", ""Turbine"", ""Hawk""]","[0.6208893656730652, 0.5451248288154602, 0.3327791094779968, 0.2558135986328125, 0.24252882599830627]"
4,centroid,1,1,Alaris,Alaris,"[""Alaris"", ""Alcatras"", ""Hawk"", ""Vega"", ""Turbine""]","[0.8806722164154053, 0.5062604546546936, 0.5059168338775635, 0.4923301637172699, 0.4466630220413208]"
4,centroid,1,2,Alaris,Alaris,"[""Alaris"", ""Alcatras"", ""Turbine"", ""Castor"", ""Hawk""]","[0.7403822541236877, 0.5673444867134094, 0.47395408153533936, 0.2874259948730469, 0.23641756176948547]"
4,centroid,1,3,Alaris,Alaris,"[""Alaris"", ""Trius"", ""Alcatras"", ""Vega"", ""Turbine""]","[0.8441323637962341, 0.4897146224975586, 0.37975013256073, 0.28714895248413086, 0.1988046020269394]"
4,centroid,1,4,Alaris,Alaris,"[""Alaris"", ""Alcatras"", ""Trius"", ""Vega"", ""Hawk""]","[0.8839825391769409, 0.7358400225639343, 0.497107595205307, 0.33023807406425476, 0.2824486792087555]"
4,centroid,1,5,Alaris,Alaris,"[""Alaris"", ""Vega"", ""Turbine"", ""Alcatras"", ""Trius""]","[0.7156329154968262, 0.6349730491638184, 0.3876853585243225, 0.31251126527786255, 0.30495432019233704]"
4,centroid,1,6,Alaris,Alaris,"[""Alaris"", ""Alcatras"", ""Braga"", ""Hawk"", ""Vega""]","[0.8569971919059753, 0.8326312899589539, 0.49977198243141174, 0.44404512643814087, 0.40091902017593384]"
4,centroid,1,7,Alaris,Trius,"[""Trius"", ""Alcatras"", ""Alaris"", ""Triton"", ""Gemini""]","[0.7035341262817383, 0.468283474445343, 0.42333176732063293, 0.3879602551460266, 0.346638560295105]"
4,centroid,1,8,Alaris,Alaris,"[""Alaris"", ""Alcatras"", ""Hawk"", ""Vega"", ""Trius""]","[0.8500534296035767, 0.7797728180885315, 0.4090226888656616, 0.3557162880897522, 0.31702250242233276]"
4,centroid,1,9,Alaris,Alcatras,"[""Alcatras"", ""Trius"", ""Triton"", ""Castor"", ""Alaris""]","[0.6464983224868774, 0.6033643484115601, 0.597122073173523, 0.5759342908859253, 0.5001521706581116]"
4,centroid,1,10,Alaris,Alaris,"[""Alaris"", ""Trius"", ""Alcatras"", ""Vega"", ""Hawk""]","[0.8800631165504456, 0.48116499185562134, 0.4652504622936249, 0.3992675542831421, 0.30455419421195984]"
4,centroid,1,11,Alaris,Alaris,"[""Alaris"", ""Trius"", ""Alcatras"", ""Hawk"", ""Vega""]","[0.8063324689865112, 0.6528696417808533, 0.5831324458122253, 0.21421293914318085, 0.18427373468875885]"
4,centroid,1,12,Alaris,Alaris,"[""Alaris"", ""Alcatras"", ""Hawk"", ""Vega"", ""Mytikas""]","[0.8389941453933716, 0.6054522395133972, 0.4829602837562561, 0.48156172037124634, 0.2224496304988861]"
4,centroid,1,13,Alaris,Alaris,"[""Alaris"", ""Alcatras"", ""Hawk"", ""Turbine"", ""Vega""]","[0.8950636386871338, 0.6565698385238647, 0.6089128255844116, 0.349750816822052, 0.33798083662986755]"
4,centroid,1,14,Alaris,Alcatras,"[""Alcatras"", ""Alaris"", ""Braga"", ""Castor"", ""Turbine""]","[0.841555118560791, 0.8220558762550354, 0.4534338712692261, 0.3899754583835602, 0.3452623188495636]"
4,centroid,1,15,Alaris,Alaris,"[""Alaris"", ""Vega"", ""Trius"", ""Hawk"", ""Braga""]","[0.7722775936126709, 0.5391525626182556, 0.506489098072052, 0.42643046379089355, 0.3689061105251312]"
4,centroid,1,16,Alaris,Mytikas,"[""Mytikas"", ""Alaris"", ""Hawk"", ""Alcatras"", ""Turbine""]","[0.5974662899971008, 0.5436398386955261, 0.5161973834037781, 0.4305393099784851, 0.3964987099170685]"
4,centroid,1,17,Alaris,Alaris,"[""Alaris"", ""Alcatras"", ""Hawk"", ""Turbine"", ""Vega""]","[0.9337719678878784, 0.6364080309867859, 0.4194718599319458, 0.36296480894088745, 0.33888164162635803]"
4,centroid,1,18,Alaris,Alaris,"[""Alaris"", ""Alcatras"", ""Hawk"", ""Trius"", ""Braga""]","[0.8262798190116882, 0.5636798143386841, 0.5190994739532471, 0.4147912263870239, 0.38128551840782166]"
4,centroid,1,19,Alaris,Alcatras,"[""Alcatras"", ""Alaris"", ""Hawk"", ""Castor"", ""Braga""]","[0.8660145998001099, 0.792439341545105, 0.5127000212669373, 0.3848666548728943, 0.3389011025428772]"
4,centroid,1,20,Alaris,Alaris,"[""Alaris"", ""Trius"", ""Alcatras"", ""Mytikas"", ""Castor""]","[0.6872957944869995, 0.6025000810623169, 0.5896190404891968, 0.4204932451248169, 0.36077919602394104]"
4,centroid,1,21,Alaris,Alaris,"[""Alaris"", ""Alcatras"", ""Hawk"", ""Vega"", ""Trius""]","[0.9167218804359436, 0.6983876824378967, 0.42188531160354614, 0.3213157653808594, 0.31471145153045654]"
4,centroid,1,22,Alaris,Alaris,"[""Alaris"", ""Alcatras"", ""Trius"", ""Hawk"", ""Castor""]","[0.688593327999115, 0.6776946783065796, 0.5107949376106262, 0.41268280148506165, 0.37603360414505005]"
4,centroid,1,23,Alaris,Trius,"[""Trius"", ""Alaris"", ""Alcatras"", ""Turbine"", ""Braga""]","[0.6798328161239624, 0.6151248216629028, 0.4664156436920166, 0.4089585244655609, 0.3081321120262146]"
4,centroid,1,24,Alaris,Alaris,"[""Alaris"", ""Alcatras"", ""Turbine"", ""Vega"", ""Hawk""]","[0.892901599407196, 0.7301966547966003, 0.47575318813323975, 0.44941240549087524, 0.4363047778606415]"
4,centroid,1,25,Alaris,Alaris,"[""Alaris"", ""Hawk"", ""Alcatras"", ""Vega"", ""Mytikas""]","[0.770179033279419, 0.6136258244514465, 0.40996381640434265, 0.38242194056510925, 0.3796192407608032]"
4,centroid,1,26,Alaris,Alaris,"[""Alaris"", ""Vega"", ""Alcatras"", ""Trius"", ""Hawk""]","[0.8362279534339905, 0.5581690669059753, 0.4301202595233917, 0.41920292377471924, 0.4045112729072571]"
4,centroid,1,27,Alcatras,Mytikas,"[""Mytikas"", ""Alcatras"", ""Castor"", ""Triton"", ""Turbine""]","[0.5770568251609802, 0.4889608323574066, 0.3947907090187073, 0.37887123227119446, 0.37395888566970825]"
4,centroid,1,28,Alcatras,Alcatras,"[""Alcatras"", ""Alaris"", ""Castor"", ""Trius"", ""Velorum""]","[0.8965924382209778, 0.5372132062911987, 0.4377160668373108, 0.23996928334236145, 0.19704362750053406]"
4,centroid,1,29,Alcatras,Alcatras,"[""Alcatras"", ""Alaris"", ""Castor"", ""Hawk"", ""Turbine""]","[0.8607883453369141, 0.6393715143203735, 0.48847055435180664, 0.31567779183387756, 0.28722262382507324]"
4,centroid,1,30,Alcatras,Alcatras,"[""Alcatras"", ""Castor"", ""Mytikas"", ""Alaris"", ""Velorum""]","[0.7048150300979614, 0.48842471837997437, 0.47987279295921326, 0.42934584617614746, 0.40997040271759033]"
4,centroid,1,31,Alcatras,Alcatras,"[""Alcatras"", ""Alaris"", ""Braga"", ""Castor"", ""Mytikas""]","[0.8515766859054565, 0.7461249828338623, 0.4463120102882385, 0.36339282989501953, 0.3328085243701935]"
4,centroid,1,32,Alcatras,Alcatras,"[""Alcatras"", ""Alaris"", ""Castor"", ""Braga"", ""Mytikas""]","[0.8665027618408203, 0.6312174797058105, 0.46945348381996155, 0.34160083532333374, 0.24226748943328857]"
4,centroid,1,33,Alcatras,Alcatras,"[""Alcatras"", ""Castor"", ""Mytikas"", ""Braga"", ""Turbine""]","[0.6990247964859009, 0.6592841148376465, 0.6487616896629333, 0.4391966164112091, 0.3360523581504822]"
4,centroid,1,34,Alcatras,Alcatras,"[""Alcatras"", ""Alaris"", ""Castor"", ""Hawk"", ""Velorum""]","[0.8713597059249878, 0.6700375080108643, 0.36731207370758057, 0.1717265248298645, 0.16229143738746643]"
4,centroid,1,35,Alcatras,Alcatras,"[""Alcatras"", ""Castor"", ""Alaris"", ""Mytikas"", ""Velorum""]","[0.79109787940979, 0.5669846534729004, 0.45620831847190857, 0.3869289755821228, 0.2703818082809448]"
4,centroid,1,36,Alcatras,Alcatras,"[""Alcatras"", ""Alaris"", ""Turbine"", ""Braga"", ""Castor""]","[0.7619827389717102, 0.6465201377868652, 0.340894877910614, 0.32728779315948486, 0.30399200320243835]"
4,centroid,1,37,Alcatras,Alcatras,"[""Alcatras"", ""Alaris"", ""Mytikas"", ""Hawk"", ""Castor""]","[0.7917492389678955, 0.6320673227310181, 0.47085776925086975, 0.31765928864479065, 0.2993979752063751]"
4,centroid,1,38,Alcatras,Alcatras,"[""Alcatras"", ""Triton"", ""Mytikas"", ""Castor"", ""Trius""]","[0.5990623235702515, 0.48296523094177246, 0.41954684257507324, 0.35337352752685547, 0.21734285354614258]"
4,centroid,1,39,Alcatras,Alcatras,"[""Alcatras"", ""Castor"", ""Braga"", ""Triton"", ""Alaris""]","[0.8476958274841309, 0.5070889592170715, 0.4172368049621582, 0.3948470950126648, 0.37181273102760315]"
4,centroid,1,40,Alcatras,Alcatras,"[""Alcatras"", ""Castor"", ""Alaris"", ""Mytikas"", ""Trius""]","[0.8687870502471924, 0.5709692239761353, 0.54329514503479, 0.4436085820198059, 0.3348954916000366]"
4,centroid,1,41,Alcatras,Alcatras,"[""Alcatras"", ""Alaris"", ""Hawk"", ""Castor"", ""Turbine""]","[0.8506827354431152, 0.7199183702468872, 0.45156294107437134, 0.4067082405090332, 0.2159830778837204]"
4,centroid,1,42,Alcatras,Alcatras,"[""Alcatras"", ""Alaris"", ""Castor"", ""Mytikas"", ""Turbine""]","[0.8554399013519287, 0.5346006751060486, 0.4387902617454529, 0.3541351556777954, 0.18156641721725464]"
4,centroid,1,43,Alcatras,Alcatras,"[""Alcatras"", ""Castor"", ""Alaris"", ""Velorum"", ""Braga""]","[0.8236952424049377, 0.6386027336120605, 0.36192643642425537, 0.3287052512168884, 0.3007194399833679]"
4,centroid,1,44,Alcatras,Alcatras,"[""Alcatras"", ""Alaris"", ""Castor"", ""Mytikas"", ""Turbine""]","[0.9170004725456238, 0.6808209419250488, 0.5748327374458313, 0.44353699684143066, 0.31167346239089966]"
4,centroid,1,45,Alcatras,Alaris,"[""Alaris"", ""Alcatras"", ""Hawk"", ""Castor"", ""Turbine""]","[0.7651973366737366, 0.6705003976821899, 0.5248303413391113, 0.4755716919898987, 0.3585914373397827]"
4,centroid,1,46,Alcatras,Alcatras,"[""Alcatras"", ""Mytikas"", ""Castor"", ""Alaris"", ""Turbine""]","[0.7532671093940735, 0.543681800365448, 0.534908652305603, 0.4150177836418152, 0.3798242211341858]"
4,centroid,1,47,Alcatras,Alcatras,"[""Alcatras"", ""Alaris"", ""Castor"", ""Mytikas"", ""Turbine""]","[0.9072824716567993, 0.5945309400558472, 0.4860815405845642, 0.419497549533844, 0.3956325054168701]"
4,centroid,1,48,Alcatras,Alcatras,"[""Alcatras"", ""Alaris"", ""Castor"", ""Hawk"", ""Turbine""]","[0.846936821937561, 0.7238985300064087, 0.45249828696250916, 0.37484967708587646, 0.3297603726387024]"
4,centroid,1,49,Alcatras,Alcatras,"[""Alcatras"", ""Castor"", ""Turbine"", ""Alaris"", ""Mytikas""]","[0.7394962310791016, 0.612433910369873, 0.3716092109680176, 0.36923274397850037, 0.1828261911869049]"
4,centroid,1,50,Alcatras,Alcatras,"[""Alcatras"", ""Castor"", ""Turbine"", ""Alaris"", ""Mytikas""]","[0.7870375514030457, 0.6555842161178589, 0.5179039835929871, 0.4908379912376404, 0.2567795217037201]"
4,centroid,1,51,Alcatras,Alcatras,"[""Alcatras"", ""Alaris"", ""Castor"", ""Braga"", ""Trius""]","[0.8954660892486572, 0.6792569756507874, 0.512495756149292, 0.3591999411582947, 0.2522105574607849]"
4,centroid,1,52,Alcatras,Alcatras,"[""Alcatras"", ""Alaris"", ""Castor"", ""Hawk"", ""Mytikas""]","[0.9195290803909302, 0.5899723768234253, 0.3662988543510437, 0.2808276414871216, 0.25522083044052124]"
4,centroid,1,53,Braga,Braga,"[""Braga"", ""Gemini"", ""Hawk"", ""Turbine"", ""Vega""]","[0.8291009068489075, 0.514716386795044, 0.43600425124168396, 0.3310127258300781, 0.330329954624176]"
4,centroid,1,54,Braga,Triton,"[""Triton"", ""Braga"", ""Trius"", ""Castor"", ""Mytikas""]","[0.7370501756668091, 0.6909235119819641, 0.5002061724662781, 0.26843175292015076, 0.2633724808692932]"
4,centroid,1,55,Braga,Braga,"[""Braga"", ""Hawk"", ""Castor"", ""Triton"", ""Trius""]","[0.8890836238861084, 0.38303685188293457, 0.3729306161403656, 0.3644004762172699, 0.35301536321640015]"
4,centroid,1,56,Braga,Braga,"[""Braga"", ""Alcatras"", ""Hawk"", ""Alaris"", ""Turbine""]","[0.8213415741920471, 0.5104624032974243, 0.40242308378219604, 0.3907780349254608, 0.30266204476356506]"
4,centroid,1,57,Braga,Braga,"[""Braga"", ""Gemini"", ""Vega"", ""Xtreme"", ""Hawk""]","[0.8284876346588135, 0.5244661569595337, 0.4201081395149231, 0.22936856746673584, 0.22454331815242767]"
4,centroid,1,58,Braga,Braga,"[""Braga"", ""Triton"", ""Trius"", ""Mytikas"", ""Alcatras""]","[0.7230675220489502, 0.4059372544288635, 0.39461052417755127, 0.3674495220184326, 0.2595522403717041]"
4,centroid,1,59,Braga,Alaris,"[""Alaris"", ""Braga"", ""Alcatras"", ""Trius"", ""Vega""]","[0.7191982269287109, 0.6748217344284058, 0.5523396730422974, 0.5502225160598755, 0.5080211758613586]"
4,centroid,1,60,Braga,Braga,"[""Braga"", ""Triton"", ""Turbine"", ""Mytikas"", ""Vega""]","[0.7305530905723572, 0.473781943321228, 0.354606032371521, 0.3371700346469879, 0.2966184616088867]"
4,centroid,1,61,Braga,Braga,"[""Braga"", ""Turbine"", ""Triton"", ""Vega"", ""Alcatras""]","[0.8450967073440552, 0.5391736626625061, 0.5018649101257324, 0.47362571954727173, 0.3026100993156433]"
4,centroid,1,62,Braga,Braga,"[""Braga"", ""Alcatras"", ""Triton"", ""Castor"", ""Mytikas""]","[0.8045352697372437, 0.5258276462554932, 0.4015539288520813, 0.34088051319122314, 0.31786179542541504]"
4,centroid,1,63,Braga,Braga,"[""Braga"", ""Gemini"", ""Hawk"", ""Vega"", ""Alaris""]","[0.742323637008667, 0.43654000759124756, 0.3785656690597534, 0.34865647554397583, 0.281039834022522]"
4,centroid,1,64,Braga,Braga,"[""Braga"", ""Gemini"", ""Triton"", ""Vega"", ""Xtreme""]","[0.785785436630249, 0.44393348693847656, 0.4104834198951721, 0.35400035977363586, 0.2588347792625427]"
4,centroid,1,65,Braga,Braga,"[""Braga"", ""Alcatras"", ""Alaris"", ""Hawk"", ""Vega""]","[0.8475984334945679, 0.6750351190567017, 0.4682472348213196, 0.41518354415893555, 0.37000954151153564]"
4,centroid,1,66,Braga,Braga,"[""Braga"", ""Trius"", ""Alaris"", ""Triton"", ""Alcatras""]","[0.7170522212982178, 0.5629259943962097, 0.4808974266052246, 0.43775510787963867, 0.40824541449546814]"
4,centroid,1,67,Braga,Braga,"[""Braga"", ""Vega"", ""Gemini"", ""Triton"", ""Mytikas""]","[0.8027656078338623, 0.4979858100414276, 0.3923206627368927, 0.38968777656555176, 0.3555440902709961]"
4,centroid,1,68,Braga,Braga,"[""Braga"", ""Alcatras"", ""Castor"", ""Mytikas"", ""Triton""]","[0.7423909902572632, 0.40468698740005493, 0.39029502868652344, 0.38995712995529175, 0.3884996175765991]"
4,centroid,1,69,Braga,Braga,"[""Braga"", ""Castor"", ""Alcatras"", ""Turbine"", ""Triton""]","[0.7281138896942139, 0.6578412055969238, 0.515977144241333, 0.444738507270813, 0.4158700406551361]"
4,centroid,1,70,Braga,Braga,"[""Braga"", ""Alcatras"", ""Castor"", ""Triton"", ""Mytikas""]","[0.7458177208900452, 0.6319369673728943, 0.6161380410194397, 0.5135964155197144, 0.46801578998565674]"
4,centroid,1,71,Braga,Braga,"[""Braga"", ""Alcatras"", ""Alaris"", ""Trius"", ""Castor""]","[0.7179594039916992, 0.6219449043273926, 0.4168722629547119, 0.29463911056518555, 0.2907244563102722]"
4,centroid,1,72,Braga,Braga,"[""Braga"", ""Gemini"", ""Turbine"", ""Vega"", ""Triton""]","[0.8022366166114807, 0.5261015892028809, 0.4416006803512573, 0.4292508363723755, 0.31248050928115845]"
4,centroid,1,73,Braga,Braga,"[""Braga"", ""Triton"", ""Alcatras"", ""Trius"", ""Castor""]","[0.8525412082672119, 0.5089792609214783, 0.346919983625412, 0.3210504651069641, 0.3196394145488739]"
4,centroid,1,74,Braga,Braga,"[""Braga"", ""Gemini"", ""Vega"", ""Triton"", ""Turbine""]","[0.8706499338150024, 0.4082144498825073, 0.3872682452201843, 0.30899447202682495, 0.2796103060245514]"
4,centroid,1,75,Braga,Braga,"[""Braga"", ""Gemini"", ""Vega"", ""Triton"", ""Hawk""]","[0.8691415190696716, 0.5706129670143127, 0.44760486483573914, 0.30788734555244446, 0.26695287227630615]"
4,centroid,1,76,Braga,Vega,"[""Vega"", ""Braga"", ""Gemini"", ""Hawk"", ""Turbine""]","[0.7637284994125366, 0.6870769262313843, 0.5520082712173462, 0.5332437753677368, 0.4541393220424652]"
4,centroid,1,77,Braga,Braga,"[""Braga"", ""Triton"", ""Castor"", ""Trius"", ""Alcatras""]","[0.6667250394821167, 0.6149033308029175, 0.5746259689331055, 0.37524133920669556, 0.3038334250450134]"
4,centroid,1,78,Braga,Braga,"[""Braga"", ""Triton"", ""Mytikas"", ""Turbine"", ""Castor""]","[0.8488402962684631, 0.5820675492286682, 0.5010020136833191, 0.4599772095680237, 0.38547924160957336]"
4,centroid,1,79,Braga,Braga,"[""Braga"", ""Castor"", ""Alcatras"", ""Alaris"", ""Trius""]","[0.7304070591926575, 0.5801998376846313, 0.5728029608726501, 0.4271327555179596, 0.40989282727241516]"
4,centroid,1,80,Braga,Braga,"[""Braga"", ""Hawk"", ""Gemini"", ""Vega"", ""Turbine""]","[0.7944542169570923, 0.690003514289856, 0.5336798429489136, 0.4843817353248596, 0.38043180108070374]"
4,centroid,1,81,Braga,Braga,"[""Braga"", ""Triton"", ""Trius"", ""Alcatras"", ""Alaris""]","[0.805591344833374, 0.5232652425765991, 0.47724851965904236, 0.441461443901062, 0.4026433229446411]"
4,centroid,1,82,Braga,Braga,"[""Braga"", ""Triton"", ""Trius"", ""Turbine"", ""Hawk""]","[0.7832024693489075, 0.5600451231002808, 0.4417378306388855, 0.330671101808548, 0.31326818466186523]"
4,centroid,1,83,Braga,Braga,"[""Braga"", ""Vega"", ""Alaris"", ""Hawk"", ""Gemini""]","[0.8774162530899048, 0.5901845693588257, 0.45698246359825134, 0.4493795931339264, 0.43440425395965576]"
4,centroid,1,84,Braga,Braga,"[""Braga"", ""Vega"", ""Gemini"", ""Trius"", ""Hawk""]","[0.8234049677848816, 0.6369186639785767, 0.5258450508117676, 0.3877061903476715, 0.3518112897872925]"
4,centroid,1,85,Braga,Braga,"[""Braga"", ""Alcatras"", ""Alaris"", ""Castor"", ""Hawk""]","[0.8070546388626099, 0.5077400207519531, 0.42683154344558716, 0.399782657623291, 0.3824954926967621]"
4,centroid,1,86,Braga,Braga,"[""Braga"", ""Mytikas"", ""Triton"", ""Alcatras"", ""Turbine""]","[0.7962863445281982, 0.4909246563911438, 0.4843801259994507, 0.4464101791381836, 0.39454758167266846]"
4,centroid,1,87,Braga,Braga,"[""Braga"", ""Alcatras"", ""Castor"", ""Turbine"", ""Alaris""]","[0.8285318613052368, 0.6172536015510559, 0.607905387878418, 0.5497221350669861, 0.4314558207988739]"
4,centroid,1,88,Braga,Triton,"[""Triton"", ""Braga"", ""Castor"", ""Alcatras"", ""Trius""]","[0.7415434122085571, 0.7079336643218994, 0.5561366081237793, 0.47503861784935, 0.4281598627567291]"
4,centroid,1,89,Braga,Braga,"[""Braga"", ""Alcatras"", ""Gemini"", ""Alaris"", ""Vega""]","[0.7758225202560425, 0.4912832975387573, 0.34395232796669006, 0.32459932565689087, 0.26211515069007874]"
4,centroid,1,90,Castor,Castor,"[""Castor"", ""Alcatras"", ""Turbine"", ""Mytikas"", ""Triton""]","[0.9198366403579712, 0.6058117151260376, 0.41836047172546387, 0.3364138603210449, 0.29140686988830566]"
4,centroid,1,91,Castor,Castor,"[""Castor"", ""Alcatras"", ""Mytikas"", ""Turbine"", ""Braga""]","[0.8743221163749695, 0.6705172061920166, 0.49514079093933105, 0.37214910984039307, 0.28531256318092346]"
4,centroid,1,92,Castor,Castor,"[""Castor"", ""Turbine"", ""Braga"", ""Alcatras"", ""Triton""]","[0.8889742493629456, 0.4153324067592621, 0.4117558002471924, 0.36431533098220825, 0.3070404529571533]"
4,centroid,1,93,Castor,Castor,"[""Castor"", ""Triton"", ""Mytikas"", ""Braga"", ""Turbine""]","[0.7945863008499146, 0.6731539964675903, 0.5364820957183838, 0.28872019052505493, 0.23530864715576172]"
4,centroid,1,94,Castor,Castor,"[""Castor"", ""Triton"", ""Mytikas"", ""Alcatras"", ""Braga""]","[0.875230073928833, 0.61346036195755, 0.4260598421096802, 0.21901512145996094, 0.16261804103851318]"
4,centroid,1,95,Castor,Castor,"[""Castor"", ""Alcatras"", ""Mytikas"", ""Alaris"", ""Turbine""]","[0.7056988477706909, 0.5930972099304199, 0.5096855163574219, 0.42253533005714417, 0.2626570463180542]"
4,centroid,1,96,Castor,Castor,"[""Castor"", ""Alcatras"", ""Triton"", ""Braga"", ""Turbine""]","[0.8470304012298584, 0.36409687995910645, 0.34854793548583984, 0.1878426969051361, 0.1483486145734787]"
4,centroid,1,97,Castor,Castor,"[""Castor"", ""Turbine"", ""Alcatras"", ""Braga"", ""Hawk""]","[0.8400277495384216, 0.7343649864196777, 0.5032836198806763, 0.3470213711261749, 0.27388274669647217]"
4,centroid,1,98,Castor,Castor,"[""Castor"", ""Alcatras"", ""Triton"", ""Velorum"", ""Turbine""]","[0.8259391188621521, 0.4303998053073883, 0.42490649223327637, 0.34787988662719727, 0.32976579666137695]"
4,centroid,1,99,Castor,Castor,"[""Castor"", ""Alcatras"", ""Triton"", ""Turbine"", ""Mytikas""]","[0.9433004856109619, 0.5170360803604126, 0.43952274322509766, 0.3910028636455536, 0.3765906095504761]"
4,centroid,1,100,Castor,Castor,"[""Castor"", ""Triton"", ""Turbine"", ""Mytikas"", ""Braga""]","[0.8352710008621216, 0.5140665769577026, 0.47546103596687317, 0.4699898064136505, 0.44518232345581055]"
4,centroid,1,101,Castor,Castor,"[""Castor"", ""Braga"", ""Triton"", ""Turbine"", ""Alcatras""]","[0.6079838275909424, 0.4884280264377594, 0.44643059372901917, 0.4128042459487915, 0.24497008323669434]"
4,centroid,1,102,Castor,Castor,"[""Castor"", ""Alcatras"", ""Triton"", ""Turbine"", ""Mytikas""]","[0.884624183177948, 0.3740661144256592, 0.31799161434173584, 0.21783943474292755, 0.0874699205160141]"
4,centroid,1,103,Castor,Castor,"[""Castor"", ""Alcatras"", ""Turbine"", ""Alaris"", ""Braga""]","[0.8724544644355774, 0.5362513065338135, 0.39716899394989014, 0.18148860335350037, 0.15714170038700104]"
4,centroid,1,104,Castor,Castor,"[""Castor"", ""Triton"", ""Alcatras"", ""Mytikas"", ""Turbine""]","[0.8928267955780029, 0.5206010341644287, 0.49060148000717163, 0.47758251428604126, 0.47071123123168945]"
4,centroid,1,105,Castor,Castor,"[""Castor"", ""Alcatras"", ""Turbine"", ""Mytikas"", ""Alaris""]","[0.904116153717041, 0.5783234238624573, 0.5257710814476013, 0.26892638206481934, 0.22488249838352203]"
4,centroid,1,106,Castor,Castor,"[""Castor"", ""Triton"", ""Braga"", ""Mytikas"", ""Turbine""]","[0.7706508636474609, 0.6795064806938171, 0.5957159996032715, 0.5728527903556824, 0.5223203897476196]"
4,centroid,1,107,Castor,Castor,"[""Castor"", ""Triton"", ""Alcatras"", ""Mytikas"", ""Trius""]","[0.8220545053482056, 0.4046984910964966, 0.38242703676223755, 0.19068658351898193, 0.050911031663417816]"
4,centroid,1,108,Castor,Steel_Wheel,"[""Steel_Wheel"", ""Alcatras"", ""Velorum"", ""Alaris"", ""Castor""]","[0.5915088653564453, 0.27746379375457764, 0.24688661098480225, 0.23406487703323364, 0.213145911693573]"
4,centroid,1,109,Castor,Castor,"[""Castor"", ""Turbine"", ""Alcatras"", ""Braga"", ""Mytikas""]","[0.889815092086792, 0.484397828578949, 0.48438534140586853, 0.33670124411582947, 0.2643975615501404]"
4,centroid,1,110,Castor,Castor,"[""Castor"", ""Triton"", ""Alcatras"", ""Turbine"", ""Trius""]","[0.7612218856811523, 0.3362902104854584, 0.2782432436943054, 0.13300348818302155, 0.08520245552062988]"
4,centroid,1,111,Castor,Castor,"[""Castor"", ""Alcatras"", ""Turbine"", ""Alaris"", ""Mytikas""]","[0.7489880323410034, 0.5001954436302185, 0.4706534147262573, 0.32562726736068726, 0.15174949169158936]"
4,centroid,1,112,Castor,Castor,"[""Castor"", ""Alcatras"", ""Mytikas"", ""Turbine"", ""Alaris""]","[0.7638033628463745, 0.5188968777656555, 0.5129438042640686, 0.42903655767440796, 0.3778926134109497]"
4,centroid,1,113,Castor,Castor,"[""Castor"", ""Alcatras"", ""Turbine"", ""Triton"", ""Mytikas""]","[0.8848471641540527, 0.5153095722198486, 0.43252450227737427, 0.4171006977558136, 0.3791554570198059]"
4,centroid,1,114,Castor,Castor,"[""Castor"", ""Mytikas"", ""Triton"", ""Alcatras"", ""Trius""]","[0.6848974227905273, 0.5916042327880859, 0.5571206212043762, 0.5549525618553162, 0.46082502603530884]"
4,centroid,1,115,Castor,Castor,"[""Castor"", ""Turbine"", ""Alcatras"", ""Mytikas"", ""Triton""]","[0.9449343085289001, 0.5269277095794678, 0.41899776458740234, 0.3882639706134796, 0.30983537435531616]"
4,centroid,1,116,Castor,Castor,"[""Castor"", ""Alcatras"", ""Turbine"", ""Mytikas"", ""Braga""]","[0.9159324169158936, 0.6095492243766785, 0.3625926375389099, 0.2935723066329956, 0.21325820684432983]"
4,centroid,1,117,Castor,Castor,"[""Castor"", ""Alcatras"", ""Turbine"", ""Braga"", ""Alaris""]","[0.8478546142578125, 0.5338188409805298, 0.48347702622413635, 0.46251001954078674, 0.21201935410499573]"
4,centroid,1,118,Castor,Castor,"[""Castor"", ""Triton"", ""Alcatras"", ""Mytikas"", ""Trius""]","[0.6631055474281311, 0.5666670799255371, 0.41568541526794434, 0.40206384658813477, 0.3114911913871765]"
4,centroid,1,119,Castor,Castor,"[""Castor"", ""Alcatras"", ""Alaris"", ""Velorum"", ""Turbine""]","[0.7518494129180908, 0.6989854574203491, 0.33147647976875305, 0.25276824831962585, 0.22748415172100067]"
4,centroid,1,120,Castor,Castor,"[""Castor"", ""Triton"", ""Mytikas"", ""Alcatras"", ""Braga""]","[0.7960209846496582, 0.6819033622741699, 0.3945784568786621, 0.23498716950416565, 0.2050006240606308]"
4,centroid,1,121,Denom,Denom,"[""Denom"", ""Nivalis"", ""Ratikon"", ""Velorum"", ""Ilias""]","[0.7802937626838684, 0.6728368997573853, 0.555954098701477, 0.403024286031723, 0.4005957245826721]"
4,centroid,1,122,Denom,Denom,"[""Denom"", ""Ilias"", ""Nivalis"", ""Ratikon"", ""Velorum""]","[0.8278110027313232, 0.7484682202339172, 0.5990740656852722, 0.5913703441619873, 0.33554378151893616]"
4,centroid,1,123,Denom,Denom,"[""Denom"", ""Ratikon"", ""Nivalis"", ""Ilias"", ""Velorum""]","[0.9391823410987854, 0.7270466089248657, 0.6941865086555481, 0.45461729168891907, 0.11695487052202225]"
4,centroid,1,124,Denom,Denom,"[""Denom"", ""Nivalis"", ""Ratikon"", ""Velorum"", ""Ilias""]","[0.8568161725997925, 0.7586773037910461, 0.6813658475875854, 0.5531261563301086, 0.3872525095939636]"
4,centroid,1,125,Denom,Nivalis,"[""Nivalis"", ""Denom"", ""Ilias"", ""Ratikon"", ""Velorum""]","[0.7984035015106201, 0.7918844819068909, 0.6973872184753418, 0.668927013874054, 0.5740574598312378]"
4,centroid,1,126,Denom,Denom,"[""Denom"", ""Velorum"", ""Ilias"", ""Ratikon"", ""Nivalis""]","[0.7075568437576294, 0.594552218914032, 0.57817542552948, 0.5511540174484253, 0.4069754481315613]"
4,centroid,1,127,Denom,Denom,"[""Denom"", ""Ratikon"", ""Ilias"", ""Nivalis"", ""Velorum""]","[0.9077038168907166, 0.7127598524093628, 0.6226760149002075, 0.616472601890564, 0.1671658158302307]"
4,centroid,1,128,Denom,Denom,"[""Denom"", ""Ratikon"", ""Nivalis"", ""Ilias"", ""Velorum""]","[0.8662294149398804, 0.7340264916419983, 0.7285952568054199, 0.6293863654136658, 0.5151063799858093]"
4,centroid,1,129,Denom,Denom,"[""Denom"", ""Nivalis"", ""Ilias"", ""Velorum"", ""Ratikon""]","[0.8705993890762329, 0.7179737687110901, 0.7042050957679749, 0.6685283184051514, 0.6185351014137268]"
4,centroid,1,130,Denom,Denom,"[""Denom"", ""Ratikon"", ""Ilias"", ""Nivalis"", ""Velorum""]","[0.9104564189910889, 0.7583531141281128, 0.695918083190918, 0.6364710330963135, 0.5081505179405212]"
4,centroid,1,131,Denom,Denom,"[""Denom"", ""Ratikon"", ""Nivalis"", ""Ilias"", ""Velorum""]","[0.9009469747543335, 0.654037594795227, 0.6112624406814575, 0.532511293888092, 0.4192841649055481]"
4,centroid,1,132,Denom,Denom,"[""Denom"", ""Ratikon"", ""Ilias"", ""Nivalis"", ""Velorum""]","[0.9436893463134766, 0.7142606377601624, 0.6626403331756592, 0.6408807039260864, 0.27698230743408203]"
4,centroid,1,133,Denom,Denom,"[""Denom"", ""Nivalis"", ""Ratikon"", ""Ilias"", ""Velorum""]","[0.8640048503875732, 0.7355279326438904, 0.7246909737586975, 0.6083056926727295, 0.4725067913532257]"
4,centroid,1,134,Denom,Denom,"[""Denom"", ""Nivalis"", ""Ratikon"", ""Velorum"", ""Ilias""]","[0.8344167470932007, 0.7642925977706909, 0.7149991989135742, 0.7092429399490356, 0.6467322111129761]"
4,centroid,1,135,Denom,Denom,"[""Denom"", ""Ratikon"", ""Ilias"", ""Nivalis"", ""Velorum""]","[0.786048173904419, 0.5402806997299194, 0.39321407675743103, 0.3541474938392639, 0.21819767355918884]"
4,centroid,1,136,Denom,Denom,"[""Denom"", ""Ratikon"", ""Nivalis"", ""Ilias"", ""Trius""]","[0.7979744672775269, 0.5483301877975464, 0.5323044061660767, 0.3209005892276764, 0.2233661264181137]"
4,centroid,1,137,Denom,Denom,"[""Denom"", ""Ratikon"", ""Ilias"", ""Nivalis"", ""Velorum""]","[0.8801469802856445, 0.5896689891815186, 0.516166090965271, 0.4968196451663971, 0.2958109378814697]"
4,centroid,1,138,Denom,Denom,"[""Denom"", ""Ilias"", ""Nivalis"", ""Velorum"", ""Ratikon""]","[0.7940978407859802, 0.7404821515083313, 0.7090435028076172, 0.6686072945594788, 0.6566896438598633]"
4,centroid,1,139,Denom,Denom,"[""Denom"", ""Ratikon"", ""Nivalis"", ""Ilias"", ""Velorum""]","[0.926562488079071, 0.6374309062957764, 0.5699756145477295, 0.5194994211196899, 0.21731984615325928]"
4,centroid,1,140,Denom,Denom,"[""Denom"", ""Ratikon"", ""Nivalis"", ""Ilias"", ""Alaris""]","[0.7597389221191406, 0.6306232810020447, 0.5193521976470947, 0.3504480719566345, 0.12353760004043579]"
4,centroid,1,141,Denom,Denom,"[""Denom"", ""Nivalis"", ""Ratikon"", ""Ilias"", ""Velorum""]","[0.8623530268669128, 0.7186448574066162, 0.5965443253517151, 0.5863189697265625, 0.4982866048812866]"
4,centroid,1,142,Denom,Denom,"[""Denom"", ""Velorum"", ""Nivalis"", ""Ilias"", ""Ratikon""]","[0.8051226735115051, 0.7155112028121948, 0.6721656322479248, 0.6669139266014099, 0.5999638438224792]"
4,centroid,1,143,Denom,Denom,"[""Denom"", ""Ilias"", ""Nivalis"", ""Ratikon"", ""Velorum""]","[0.9116303324699402, 0.7163747549057007, 0.7089390754699707, 0.6408829092979431, 0.4577464461326599]"
4,centroid,1,144,Denom,Denom,"[""Denom"", ""Ratikon"", ""Nivalis"", ""Ilias"", ""Velorum""]","[0.913038969039917, 0.667521595954895, 0.6174616813659668, 0.5437374114990234, 0.2565598487854004]"
4,centroid,1,145,Denom,Denom,"[""Denom"", ""Ratikon"", ""Nivalis"", ""Ilias"", ""Velorum""]","[0.9049606323242188, 0.7969487905502319, 0.6459337472915649, 0.5946420431137085, 0.3160164952278137]"
4,centroid,1,146,Denom,Denom,"[""Denom"", ""Nivalis"", ""Ratikon"", ""Vega"", ""Ilias""]","[0.7089143395423889, 0.6359423398971558, 0.5325846672058105, 0.32068315148353577, 0.20654043555259705]"
4,centroid,1,147,Denom,Denom,"[""Denom"", ""Ratikon"", ""Nivalis"", ""Ilias"", ""Velorum""]","[0.9109942317008972, 0.752936601638794, 0.6532149910926819, 0.61820387840271, 0.38660728931427]"
4,centroid,1,148,Denom,Denom,"[""Denom"", ""Nivalis"", ""Ilias"", ""Ratikon"", ""Velorum""]","[0.8372360467910767, 0.7388167381286621, 0.6429092884063721, 0.6181254982948303, 0.4611814022064209]"
4,centroid,1,149,Denom,Denom,"[""Denom"", ""Nivalis"", ""Ratikon"", ""Ilias"", ""Velorum""]","[0.9418479204177856, 0.7710733413696289, 0.7562270164489746, 0.4045109450817108, 0.2693241238594055]"
4,centroid,1,150,Denom,Denom,"[""Denom"", ""Ratikon"", ""Nivalis"", ""Ilias"", ""Velorum""]","[0.9173301458358765, 0.6889134049415588, 0.6786860227584839, 0.5482196807861328, 0.10205117613077164]"
4,centroid,1,151,Denom,Denom,"[""Denom"", ""Nivalis"", ""Ilias"", ""Ratikon"", ""Velorum""]","[0.9116979837417603, 0.730374813079834, 0.729641318321228, 0.6780592203140259, 0.44820666313171387]"
4,centroid,1,152,Denom,Denom,"[""Denom"", ""Ratikon"", ""Nivalis"", ""Velorum"", ""Ilias""]","[0.8936648368835449, 0.6950154900550842, 0.6902415752410889, 0.5170886516571045, 0.48535415530204773]"
4,centroid,1,153,Denom,Denom,"[""Denom"", ""Ilias"", ""Ratikon"", ""Velorum"", ""Nivalis""]","[0.6131085157394409, 0.526864767074585, 0.4842098355293274, 0.48032039403915405, 0.4552183449268341]"
4,centroid,1,154,Denom,Denom,"[""Denom"", ""Ratikon"", ""Ilias"", ""Nivalis"", ""Trius""]","[0.8409342169761658, 0.6184874176979065, 0.5723118782043457, 0.5191636085510254, 0.2019173949956894]"
4,centroid,1,155,Denom,Denom,"[""Denom"", ""Ratikon"", ""Ilias"", ""Nivalis"", ""Velorum""]","[0.8938547372817993, 0.788110613822937, 0.7573690414428711, 0.6771281957626343, 0.5068516731262207]"
4,centroid,1,156,Denom,Denom,"[""Denom"", ""Ratikon"", ""Ilias"", ""Nivalis"", ""Velorum""]","[0.9079161882400513, 0.7205843925476074, 0.6412408351898193, 0.58995121717453, 0.3133190870285034]"
4,centroid,1,157,Denom,Denom,"[""Denom"", ""Ratikon"", ""Nivalis"", ""Ilias"", ""Velorum""]","[0.9629470705986023, 0.8310679197311401, 0.7494876384735107, 0.5459041595458984, 0.28244441747665405]"
4,centroid,1,158,Gemini,Trius,"[""Trius"", ""Gemini"", ""Triton"", ""Xtreme"", ""Braga""]","[0.6088385581970215, 0.5822142362594604, 0.46300995349884033, 0.34152281284332275, 0.337429404258728]"
4,centroid,1,159,Gemini,Gemini,"[""Gemini"", ""Vega"", ""Trius"", ""Xtreme"", ""Braga""]","[0.8932739496231079, 0.4615437686443329, 0.3014938235282898, 0.23448313772678375, 0.19972330331802368]"
4,centroid,1,160,Gemini,Gemini,"[""Gemini"", ""Vega"", ""Braga"", ""Xtreme"", ""Hawk""]","[0.8343127965927124, 0.568337082862854, 0.4013761281967163, 0.3711288571357727, 0.35077518224716187]"
4,centroid,1,161,Gemini,Gemini,"[""Gemini"", ""Xtreme"", ""Braga"", ""Vega"", ""Trius""]","[0.9441435933113098, 0.5742137432098389, 0.2867838740348816, 0.27514979243278503, 0.2224191129207611]"
4,centroid,1,162,Gemini,Gemini,"[""Gemini"", ""Xtreme"", ""Trius"", ""Braga"", ""Ilias""]","[0.8690664768218994, 0.5916162729263306, 0.2695019841194153, 0.19702483713626862, 0.1684020757675171]"
4,centroid,1,163,Gemini,Gemini,"[""Gemini"", ""Braga"", ""Xtreme"", ""Triton"", ""Trius""]","[0.5370938777923584, 0.5343953967094421, 0.43316853046417236, 0.3839908242225647, 0.20499421656131744]"
4,centroid,1,164,Gemini,Gemini,"[""Gemini"", ""Xtreme"", ""Braga"", ""Vega"", ""Trius""]","[0.9038236737251282, 0.6187964677810669, 0.3770298957824707, 0.175043523311615, 0.14416681230068207]"
4,centroid,1,165,Gemini,Gemini,"[""Gemini"", ""Trius"", ""Xtreme"", ""Vega"", ""Hawk""]","[0.7615197896957397, 0.39817917346954346, 0.3592528700828552, 0.3441595435142517, 0.3093639612197876]"
4,centroid,1,166,Gemini,Gemini,"[""Gemini"", ""Xtreme"", ""Vega"", ""Braga"", ""Hawk""]","[0.9172873497009277, 0.5729008913040161, 0.2252156287431717, 0.17487362027168274, 0.15319982171058655]"
4,centroid,1,167,Gemini,Gemini,"[""Gemini"", ""Xtreme"", ""Vega"", ""Hawk"", ""Braga""]","[0.944133460521698, 0.6953247785568237, 0.24684886634349823, 0.22836530208587646, 0.18983867764472961]"
4,centroid,1,168,Gemini,Gemini,"[""Gemini"", ""Xtreme"", ""Vega"", ""Hawk"", ""Braga""]","[0.9375479221343994, 0.5929574966430664, 0.27915602922439575, 0.2540292739868164, 0.19279345870018005]"
4,centroid,1,169,Gemini,Trius,"[""Trius"", ""Gemini"", ""Triton"", ""Mytikas"", ""Xtreme""]","[0.6331431865692139, 0.4440760612487793, 0.4305053949356079, 0.3326628804206848, 0.28494107723236084]"
4,centroid,1,170,Gemini,Gemini,"[""Gemini"", ""Vega"", ""Xtreme"", ""Hawk"", ""Trius""]","[0.9250461459159851, 0.39900046586990356, 0.387706995010376, 0.2868629992008209, 0.2194254845380783]"
4,centroid,1,171,Gemini,Xtreme,"[""Xtreme"", ""Mytikas"", ""Gemini"", ""Steel_Wheel"", ""Trius""]","[0.4728054702281952, 0.4720059037208557, 0.386032372713089, 0.34771448373794556, 0.2771955132484436]"
4,centroid,1,172,Gemini,Gemini,"[""Gemini"", ""Xtreme"", ""Trius"", ""Braga"", ""Triton""]","[0.848901629447937, 0.4477923512458801, 0.3920742869377136, 0.31417062878608704, 0.17972691357135773]"
4,centroid,1,173,Gemini,Gemini,"[""Gemini"", ""Braga"", ""Vega"", ""Trius"", ""Triton""]","[0.6413477659225464, 0.6304453611373901, 0.4548777937889099, 0.44621309638023376, 0.1933497041463852]"
4,centroid,1,174,Gemini,Trius,"[""Trius"", ""Braga"", ""Gemini"", ""Vega"", ""Triton""]","[0.6776431202888489, 0.4780080318450928, 0.4525286853313446, 0.4480295777320862, 0.37986302375793457]"
4,centroid,1,175,Gemini,Gemini,"[""Gemini"", ""Xtreme"", ""Braga"", ""Triton"", ""Trius""]","[0.7763568162918091, 0.4876618981361389, 0.457880437374115, 0.4220554530620575, 0.2663252353668213]"
4,centroid,1,176,Gemini,Gemini,"[""Gemini"", ""Xtreme"", ""Braga"", ""Trius"", ""Vega""]","[0.8984537720680237, 0.576265811920166, 0.34459632635116577, 0.23305901885032654, 0.23018965125083923]"
4,centroid,1,177,Gemini,Gemini,"[""Gemini"", ""Braga"", ""Vega"", ""Trius"", ""Triton""]","[0.7071281671524048, 0.5602412223815918, 0.5192846059799194, 0.4858025312423706, 0.27338477969169617]"
4,centroid,1,178,Gemini,Gemini,"[""Gemini"", ""Xtreme"", ""Vega"", ""Braga"", ""Trius""]","[0.9240845441818237, 0.4841421842575073, 0.43864089250564575, 0.32923227548599243, 0.24843761324882507]"
4,centroid,1,179,Gemini,Gemini,"[""Gemini"", ""Xtreme"", ""Vega"", ""Hawk"", ""Braga""]","[0.909145712852478, 0.6191632747650146, 0.21368400752544403, 0.10622578859329224, 0.023402821272611618]"
4,centroid,1,180,Gemini,Gemini,"[""Gemini"", ""Braga"", ""Xtreme"", ""Vega"", ""Hawk""]","[0.7948194146156311, 0.5326721668243408, 0.3691036105155945, 0.24818670749664307, 0.1815890371799469]"
4,centroid,1,181,Gemini,Gemini,"[""Gemini"", ""Xtreme"", ""Vega"", ""Hawk"", ""Braga""]","[0.9224550724029541, 0.5400731563568115, 0.2504977583885193, 0.1910754144191742, 0.16361139714717865]"
4,centroid,1,182,Gemini,Gemini,"[""Gemini"", ""Hawk"", ""Alaris"", ""Mytikas"", ""Vega""]","[0.5809803605079651, 0.4555741250514984, 0.39510416984558105, 0.35918310284614563, 0.336267352104187]"
4,centroid,1,183,Gemini,Gemini,"[""Gemini"", ""Braga"", ""Vega"", ""Hawk"", ""Trius""]","[0.7829289436340332, 0.5294454097747803, 0.5172654986381531, 0.304887056350708, 0.28714901208877563]"
4,centroid,1,184,Gemini,Xtreme,"[""Xtreme"", ""Gemini"", ""Braga"", ""Hawk"", ""Ilias""]","[0.7620582580566406, 0.6816959381103516, 0.2346450388431549, 0.14986397325992584, 0.10374809801578522]"
4,centroid,1,185,Hawk,Hawk,"[""Hawk"", ""Alaris"", ""Vega"", ""Alcatras"", ""Turbine""]","[0.9120315313339233, 0.459842711687088, 0.3752634525299072, 0.27902013063430786, 0.2688058316707611]"
4,centroid,1,186,Hawk,Hawk,"[""Hawk"", ""Braga"", ""Vega"", ""Turbine"", ""Alaris""]","[0.9230270981788635, 0.459346741437912, 0.4152107834815979, 0.35711222887039185, 0.35687750577926636]"
4,centroid,1,187,Hawk,Hawk,"[""Hawk"", ""Alaris"", ""Turbine"", ""Vega"", ""Mytikas""]","[0.8338766694068909, 0.5489029884338379, 0.5330499410629272, 0.5024693608283997, 0.3048243820667267]"
4,centroid,1,188,Hawk,Hawk,"[""Hawk"", ""Braga"", ""Gemini"", ""Vega"", ""Turbine""]","[0.8506966829299927, 0.526832103729248, 0.3675408959388733, 0.34607380628585815, 0.3142239451408386]"
4,centroid,1,189,Hawk,Hawk,"[""Hawk"", ""Alaris"", ""Vega"", ""Turbine"", ""Alcatras""]","[0.9496897459030151, 0.49533650279045105, 0.45746615529060364, 0.3943919837474823, 0.38051730394363403]"
4,centroid,1,190,Hawk,Hawk,"[""Hawk"", ""Alaris"", ""Vega"", ""Alcatras"", ""Braga""]","[0.9278165102005005, 0.5718610882759094, 0.529991865158081, 0.4657292366027832, 0.372685968875885]"
4,centroid,1,191,Hawk,Hawk,"[""Hawk"", ""Vega"", ""Turbine"", ""Mytikas"", ""Alaris""]","[0.8044729232788086, 0.48005637526512146, 0.4625781178474426, 0.2896728515625, 0.22344139218330383]"
4,centroid,1,192,Hawk,Hawk,"[""Hawk"", ""Alaris"", ""Alcatras"", ""Turbine"", ""Vega""]","[0.7336610555648804, 0.7214705944061279, 0.714252233505249, 0.3882157504558563, 0.3707369267940521]"
4,centroid,1,193,Hawk,Hawk,"[""Hawk"", ""Alaris"", ""Braga"", ""Vega"", ""Turbine""]","[0.913711428642273, 0.5165292024612427, 0.5109348297119141, 0.4656814932823181, 0.4131356179714203]"
4,centroid,1,194,Hawk,Hawk,"[""Hawk"", ""Alaris"", ""Turbine"", ""Vega"", ""Alcatras""]","[0.8959876298904419, 0.540644109249115, 0.3917219638824463, 0.36672133207321167, 0.350302517414093]"
4,centroid,1,195,Hawk,Hawk,"[""Hawk"", ""Vega"", ""Turbine"", ""Alaris"", ""Braga""]","[0.968543529510498, 0.5292158722877502, 0.42833060026168823, 0.3845480680465698, 0.32465818524360657]"
4,centroid,1,196,Hawk,Hawk,"[""Hawk"", ""Braga"", ""Mytikas"", ""Turbine"", ""Vega""]","[0.7863789796829224, 0.562934160232544, 0.45788902044296265, 0.41634348034858704, 0.3745049834251404]"
4,centroid,1,197,Hawk,Hawk,"[""Hawk"", ""Braga"", ""Turbine"", ""Vega"", ""Alaris""]","[0.8779040575027466, 0.566989541053772, 0.5560152530670166, 0.49447375535964966, 0.3457998037338257]"
4,centroid,1,198,Hawk,Hawk,"[""Hawk"", ""Vega"", ""Braga"", ""Turbine"", ""Alaris""]","[0.9339758157730103, 0.48441433906555176, 0.4657748341560364, 0.39740362763404846, 0.35702040791511536]"
4,centroid,1,199,Hawk,Hawk,"[""Hawk"", ""Braga"", ""Vega"", ""Turbine"", ""Alaris""]","[0.8089572787284851, 0.669107973575592, 0.5803888440132141, 0.515504002571106, 0.481894850730896]"
4,centroid,1,200,Hawk,Hawk,"[""Hawk"", ""Vega"", ""Braga"", ""Alaris"", ""Gemini""]","[0.9294267892837524, 0.5125858783721924, 0.49129408597946167, 0.3670893907546997, 0.3583301901817322]"
4,centroid,1,201,Hawk,Hawk,"[""Hawk"", ""Vega"", ""Braga"", ""Turbine"", ""Alaris""]","[0.9681530594825745, 0.5225481390953064, 0.4846847653388977, 0.43917620182037354, 0.43135449290275574]"
4,centroid,1,202,Hawk,Hawk,"[""Hawk"", ""Turbine"", ""Alaris"", ""Alcatras"", ""Vega""]","[0.9100748300552368, 0.46763235330581665, 0.38067102432250977, 0.37860262393951416, 0.35126733779907227]"
4,centroid,1,203,Hawk,Hawk,"[""Hawk"", ""Vega"", ""Braga"", ""Turbine"", ""Alaris""]","[0.955498218536377, 0.5032578706741333, 0.498469740152359, 0.48152655363082886, 0.3705451786518097]"
4,centroid,1,204,Hawk,Hawk,"[""Hawk"", ""Vega"", ""Alaris"", ""Turbine"", ""Braga""]","[0.9425197243690491, 0.4664754867553711, 0.43128955364227295, 0.318933367729187, 0.2988044023513794]"
4,centroid,1,205,Hawk,Hawk,"[""Hawk"", ""Vega"", ""Braga"", ""Alaris"", ""Turbine""]","[0.9347243309020996, 0.49509769678115845, 0.4020301401615143, 0.4018529951572418, 0.37842851877212524]"
4,centroid,1,206,Hawk,Hawk,"[""Hawk"", ""Alcatras"", ""Alaris"", ""Braga"", ""Turbine""]","[0.8565076589584351, 0.5340998768806458, 0.4310360252857208, 0.34176182746887207, 0.27093416452407837]"
4,centroid,1,207,Hawk,Hawk,"[""Hawk"", ""Turbine"", ""Vega"", ""Braga"", ""Alaris""]","[0.9377049207687378, 0.5392534136772156, 0.4640849828720093, 0.4391438961029053, 0.3423175811767578]"
4,centroid,1,208,Hawk,Hawk,"[""Hawk"", ""Alaris"", ""Turbine"", ""Alcatras"", ""Vega""]","[0.871839165687561, 0.5119200944900513, 0.5032529830932617, 0.4724404215812683, 0.46647197008132935]"
4,centroid,1,209,Hawk,Hawk,"[""Hawk"", ""Vega"", ""Alaris"", ""Turbine"", ""Alcatras""]","[0.9330916404724121, 0.4599149227142334, 0.40431204438209534, 0.4006854295730591, 0.37321940064430237]"
4,centroid,1,210,Ilias,Ilias,"[""Ilias"", ""Denom"", ""Ratikon"", ""Nivalis"", ""Velorum""]","[0.8614909648895264, 0.7316682934761047, 0.693894624710083, 0.5784127712249756, 0.391977459192276]"
4,centroid,1,211,Ilias,Ilias,"[""Ilias"", ""Ratikon"", ""Denom"", ""Nivalis"", ""Velorum""]","[0.8305100798606873, 0.7505359649658203, 0.5556057691574097, 0.5011601448059082, 0.4356674551963806]"
4,centroid,1,212,Ilias,Ilias,"[""Ilias"", ""Denom"", ""Ratikon"", ""Nivalis"", ""Velorum""]","[0.8762724995613098, 0.6965368390083313, 0.6905031204223633, 0.61833256483078, 0.5401132106781006]"
4,centroid,1,213,Ilias,Ilias,"[""Ilias"", ""Ratikon"", ""Denom"", ""Gemini"", ""Vega""]","[0.761542797088623, 0.5118192434310913, 0.45913320779800415, 0.3234384059906006, 0.2773502469062805]"
4,centroid,1,214,Ilias,Ilias,"[""Ilias"", ""Ratikon"", ""Nivalis"", ""Velorum"", ""Denom""]","[0.9283402562141418, 0.5407477617263794, 0.5162261128425598, 0.5137369632720947, 0.45989590883255005]"
4,centroid,1,215,Ilias,Velorum,"[""Velorum"", ""Ilias"", ""Ratikon"", ""Denom"", ""Nivalis""]","[0.7618818283081055, 0.6995660066604614, 0.6559151411056519, 0.6322510838508606, 0.5380054712295532]"
4,centroid,1,216,Ilias,Ilias,"[""Ilias"", ""Velorum"", ""Ratikon"", ""Denom"", ""Nivalis""]","[0.9323352575302124, 0.533378005027771, 0.4789363145828247, 0.41268372535705566, 0.37810200452804565]"
4,centroid,1,217,Ilias,Ilias,"[""Ilias"", ""Denom"", ""Ratikon"", ""Nivalis"", ""Velorum""]","[0.8822517395019531, 0.6583682298660278, 0.6526460647583008, 0.48491865396499634, 0.29282063245773315]"
4,centroid,1,218,Ilias,Ilias,"[""Ilias"", ""Ratikon"", ""Denom"", ""Velorum"", ""Nivalis""]","[0.7579560875892639, 0.7019631862640381, 0.42669910192489624, 0.3673073649406433, 0.27676618099212646]"
4,centroid,1,219,Ilias,Ilias,"[""Ilias"", ""Ratikon"", ""Velorum"", ""Denom"", ""Nivalis""]","[0.9277929067611694, 0.6591041088104248, 0.6135204434394836, 0.5758887529373169, 0.5095476508140564]"
4,centroid,1,220,Ilias,Ilias,"[""Ilias"", ""Ratikon"", ""Denom"", ""Nivalis"", ""Velorum""]","[0.9223790764808655, 0.7053573727607727, 0.5388917922973633, 0.48089873790740967, 0.3048912286758423]"
4,centroid,1,221,Ilias,Ilias,"[""Ilias"", ""Ratikon"", ""Denom"", ""Nivalis"", ""Velorum""]","[0.9304808974266052, 0.5686172842979431, 0.5176563262939453, 0.43154746294021606, 0.33699023723602295]"
4,centroid,1,222,Ilias,Ilias,"[""Ilias"", ""Denom"", ""Velorum"", ""Ratikon"", ""Nivalis""]","[0.81874680519104, 0.6931217908859253, 0.6915996074676514, 0.6363632082939148, 0.6296900510787964]"
4,centroid,1,223,Ilias,Ilias,"[""Ilias"", ""Nivalis"", ""Velorum"", ""Ratikon"", ""Denom""]","[0.8691282272338867, 0.564617931842804, 0.5641908645629883, 0.5262235403060913, 0.5005204081535339]"
4,centroid,1,224,Ilias,Ilias,"[""Ilias"", ""Ratikon"", ""Denom"", ""Nivalis"", ""Velorum""]","[0.9482875466346741, 0.6041265726089478, 0.5740652084350586, 0.417619526386261, 0.3814440369606018]"
4,centroid,1,225,Ilias,Ilias,"[""Ilias"", ""Ratikon"", ""Denom"", ""Nivalis"", ""Velorum""]","[0.9229421615600586, 0.7205305695533752, 0.6232243776321411, 0.4778900146484375, 0.21922791004180908]"
4,centroid,1,226,Ilias,Ilias,"[""Ilias"", ""Denom"", ""Ratikon"", ""Velorum"", ""Nivalis""]","[0.9296254515647888, 0.6765824556350708, 0.6211051940917969, 0.5242167711257935, 0.4969500005245209]"
4,centroid,1,227,Ilias,Ilias,"[""Ilias"", ""Denom"", ""Ratikon"", ""Nivalis"", ""Gemini""]","[0.8201859593391418, 0.6914491653442383, 0.6184189915657043, 0.4041609764099121, 0.12847782671451569]"
4,centroid,1,228,Ilias,Ilias,"[""Ilias"", ""Velorum"", ""Ratikon"", ""Denom"", ""Nivalis""]","[0.881122350692749, 0.5836067795753479, 0.51732337474823, 0.5118457078933716, 0.48735249042510986]"
4,centroid,1,229,Ilias,Ilias,"[""Ilias"", ""Denom"", ""Nivalis"", ""Velorum"", ""Ratikon""]","[0.8491030335426331, 0.6763659119606018, 0.6639647483825684, 0.6118696331977844, 0.5376965999603271]"
4,centroid,1,230,Ilias,Ilias,"[""Ilias"", ""Denom"", ""Ratikon"", ""Gemini"", ""Nivalis""]","[0.7629319429397583, 0.48554128408432007, 0.400338351726532, 0.2440977692604065, 0.22589147090911865]"
4,centroid,1,231,Ilias,Ilias,"[""Ilias"", ""Ratikon"", ""Denom"", ""Nivalis"", ""Trius""]","[0.7242847681045532, 0.6285889744758606, 0.5911762118339539, 0.23405854403972626, 0.22852766513824463]"
4,centroid,1,232,Ilias,Ilias,"[""Ilias"", ""Ratikon"", ""Nivalis"", ""Denom"", ""Velorum""]","[0.7471620440483093, 0.7447504997253418, 0.6464210748672485, 0.6021740436553955, 0.5050547122955322]"
4,centroid,1,233,Ilias,Ilias,"[""Ilias"", ""Ratikon"", ""Velorum"", ""Nivalis"", ""Denom""]","[0.9230412840843201, 0.5361521244049072, 0.5326997637748718, 0.4663674831390381, 0.39735788106918335]"
4,centroid,1,234,Ilias,Ilias,"[""Ilias"", ""Velorum"", ""Ratikon"", ""Nivalis"", ""Denom""]","[0.873104453086853, 0.583516001701355, 0.5155069231987, 0.4474528133869171, 0.3347848057746887]"
4,centroid,1,235,Ilias,Ilias,"[""Ilias"", ""Ratikon"", ""Denom"", ""Nivalis"", ""Velorum""]","[0.7418727874755859, 0.656325101852417, 0.5742128491401672, 0.5008031129837036, 0.3270188271999359]"
4,centroid,1,236,Ilias,Ilias,"[""Ilias"", ""Ratikon"", ""Denom"", ""Nivalis"", ""Velorum""]","[0.9498957991600037, 0.6762569546699524, 0.593561589717865, 0.5035675764083862, 0.397339403629303]"
4,centroid,1,237,Ilias,Ilias,"[""Ilias"", ""Velorum"", ""Ratikon"", ""Nivalis"", ""Denom""]","[0.8924188613891602, 0.6483047604560852, 0.6084276437759399, 0.5819901823997498, 0.5563719868659973]"
4,centroid,1,238,Mytikas,Mytikas,"[""Mytikas"", ""Triton"", ""Trius"", ""Alcatras"", ""Turbine""]","[0.8150068521499634, 0.6618260741233826, 0.30582374334335327, 0.23419414460659027, 0.14843609929084778]"
4,centroid,1,239,Mytikas,Mytikas,"[""Mytikas"", ""Castor"", ""Turbine"", ""Hawk"", ""Triton""]","[0.8465176820755005, 0.3226386308670044, 0.2638164758682251, 0.2620503306388855, 0.22292259335517883]"
4,centroid,1,240,Mytikas,Trius,"[""Trius"", ""Gemini"", ""Xtreme"", ""Mytikas"", ""Steel_Wheel""]","[0.4632154703140259, 0.41372066736221313, 0.26867103576660156, 0.1608104705810547, 0.11186646670103073]"
4,centroid,1,241,Mytikas,Mytikas,"[""Mytikas"", ""Triton"", ""Castor"", ""Alcatras"", ""Turbine""]","[0.8328008651733398, 0.6010173559188843, 0.5630925893783569, 0.30922967195510864, 0.19273659586906433]"
4,centroid,1,242,Mytikas,Mytikas,"[""Mytikas"", ""Triton"", ""Trius"", ""Castor"", ""Alcatras""]","[0.8760174512863159, 0.5026605129241943, 0.4968683123588562, 0.36704182624816895, 0.251550555229187]"
4,centroid,1,243,Mytikas,Mytikas,"[""Mytikas"", ""Alcatras"", ""Triton"", ""Castor"", ""Alaris""]","[0.8401223421096802, 0.5684792399406433, 0.5571810007095337, 0.4746580123901367, 0.3976851999759674]"
4,centroid,1,244,Mytikas,Triton,"[""Triton"", ""Mytikas"", ""Alcatras"", ""Castor"", ""Braga""]","[0.740407407283783, 0.6161426305770874, 0.4204672574996948, 0.40156280994415283, 0.3924751281738281]"
4,centroid,1,245,Mytikas,Mytikas,"[""Mytikas"", ""Turbine"", ""Castor"", ""Triton"", ""Alcatras""]","[0.797394335269928, 0.5911198854446411, 0.5148922204971313, 0.3847045600414276, 0.2674434781074524]"
4,centroid,1,246,Mytikas,Mytikas,"[""Mytikas"", ""Triton"", ""Trius"", ""Braga"", ""Castor""]","[0.7458427548408508, 0.5452398061752319, 0.47611409425735474, 0.39830800890922546, 0.2380937933921814]"
4,centroid,1,247,Mytikas,Mytikas,"[""Mytikas"", ""Triton"", ""Castor"", ""Alcatras"", ""Braga""]","[0.913569450378418, 0.6386217474937439, 0.5643033981323242, 0.4220695197582245, 0.28001129627227783]"
4,centroid,1,248,Mytikas,Triton,"[""Triton"", ""Mytikas"", ""Castor"", ""Turbine"", ""Braga""]","[0.7290267944335938, 0.42424505949020386, 0.4140666723251343, 0.3095729947090149, 0.23451179265975952]"
4,centroid,1,249,Mytikas,Mytikas,"[""Mytikas"", ""Triton"", ""Castor"", ""Alcatras"", ""Braga""]","[0.8320955038070679, 0.7792004346847534, 0.5213634967803955, 0.45986437797546387, 0.36019113659858704]"
4,centroid,1,250,Mytikas,Mytikas,"[""Mytikas"", ""Castor"", ""Alcatras"", ""Turbine"", ""Alaris""]","[0.5758649706840515, 0.4886707067489624, 0.405340313911438, 0.31776517629623413, 0.3112710118293762]"
4,centroid,1,251,Mytikas,Triton,"[""Triton"", ""Mytikas"", ""Trius"", ""Castor"", ""Braga""]","[0.8077072501182556, 0.691877007484436, 0.42214295268058777, 0.287087619304657, 0.12662991881370544]"
4,centroid,1,252,Mytikas,Mytikas,"[""Mytikas"", ""Triton"", ""Trius"", ""Ilias"", ""Alcatras""]","[0.6600992679595947, 0.6540488004684448, 0.5476811528205872, 0.22942417860031128, 0.13795699179172516]"
4,centroid,1,253,Mytikas,Castor,"[""Castor"", ""Triton"", ""Mytikas"", ""Alcatras"", ""Braga""]","[0.8207242488861084, 0.5665260553359985, 0.5087630748748779, 0.3912850022315979, 0.24586297571659088]"
4,centroid,1,254,Mytikas,Triton,"[""Triton"", ""Castor"", ""Mytikas"", ""Alcatras"", ""Velorum""]","[0.7110038995742798, 0.7079751491546631, 0.5747150182723999, 0.3543614149093628, 0.1213490217924118]"
4,centroid,1,255,Mytikas,Mytikas,"[""Mytikas"", ""Alcatras"", ""Castor"", ""Alaris"", ""Turbine""]","[0.7648323774337769, 0.7256983518600464, 0.693583607673645, 0.4865264892578125, 0.4863976836204529]"
4,centroid,1,256,Mytikas,Mytikas,"[""Mytikas"", ""Castor"", ""Triton"", ""Alcatras"", ""Turbine""]","[0.9244261384010315, 0.5689964294433594, 0.553290605545044, 0.47334468364715576, 0.18109838664531708]"
4,centroid,1,257,Mytikas,Mytikas,"[""Mytikas"", ""Trius"", ""Steel_Wheel"", ""Triton"", ""Gemini""]","[0.5879567861557007, 0.507990837097168, 0.37651297450065613, 0.2807800769805908, 0.2392817735671997]"
4,centroid,1,258,Mytikas,Mytikas,"[""Mytikas"", ""Triton"", ""Castor"", ""Alcatras"", ""Xtreme""]","[0.8620139956474304, 0.445750892162323, 0.2728724479675293, 0.2698957920074463, 0.21598650515079498]"
4,centroid,1,259,Mytikas,Mytikas,"[""Mytikas"", ""Triton"", ""Castor"", ""Alcatras"", ""Turbine""]","[0.8979047536849976, 0.7242258191108704, 0.6173536777496338, 0.34419894218444824, 0.3281046748161316]"
4,centroid,1,260,Mytikas,Mytikas,"[""Mytikas"", ""Triton"", ""Castor"", ""Turbine"", ""Alcatras""]","[0.818993330001831, 0.5105553269386292, 0.3866170644760132, 0.30520740151405334, 0.252921462059021]"
4,centroid,1,261,Mytikas,Mytikas,"[""Mytikas"", ""Triton"", ""Alcatras"", ""Castor"", ""Braga""]","[0.7996577024459839, 0.7178587913513184, 0.4217541217803955, 0.35216835141181946, 0.33793938159942627]"
4,centroid,1,262,Mytikas,Mytikas,"[""Mytikas"", ""Castor"", ""Triton"", ""Turbine"", ""Alcatras""]","[0.7826746702194214, 0.6855781078338623, 0.5792592763900757, 0.40820521116256714, 0.2848188877105713]"
4,centroid,1,263,Mytikas,Mytikas,"[""Mytikas"", ""Triton"", ""Castor"", ""Alcatras"", ""Trius""]","[0.8719237446784973, 0.7856237888336182, 0.4680176377296448, 0.2924802899360657, 0.2725686728954315]"
4,centroid,1,264,Mytikas,Mytikas,"[""Mytikas"", ""Castor"", ""Alcatras"", ""Triton"", ""Alaris""]","[0.8635796904563904, 0.4936385750770569, 0.4785345792770386, 0.44869115948677063, 0.2816837430000305]"
4,centroid,1,265,Nivalis,Nivalis,"[""Nivalis"", ""Denom"", ""Ratikon"", ""Ilias"", ""Velorum""]","[0.923155665397644, 0.7758415341377258, 0.7645256519317627, 0.5915999412536621, 0.4853702783584595]"
4,centroid,1,266,Nivalis,Velorum,"[""Velorum"", ""Nivalis"", ""Ilias"", ""Ratikon"", ""Denom""]","[0.7343865633010864, 0.6702921390533447, 0.650760293006897, 0.5112959146499634, 0.4321172833442688]"
4,centroid,1,267,Nivalis,Nivalis,"[""Nivalis"", ""Denom"", ""Ratikon"", ""Ilias"", ""Vega""]","[0.7957731485366821, 0.45939135551452637, 0.4462604224681854, 0.1901370882987976, 0.17130012810230255]"
4,centroid,1,268,Nivalis,Nivalis,"[""Nivalis"", ""Denom"", ""Ratikon"", ""Ilias"", ""Velorum""]","[0.7861684560775757, 0.48644691705703735, 0.38309189677238464, 0.18258075416088104, 0.15872669219970703]"
4,centroid,1,269,Nivalis,Nivalis,"[""Nivalis"", ""Denom"", ""Ratikon"", ""Ilias"", ""Velorum""]","[0.8286696672439575, 0.5877090692520142, 0.5513613224029541, 0.4473632276058197, 0.3490547835826874]"
4,centroid,1,270,Nivalis,Nivalis,"[""Nivalis"", ""Denom"", ""Ratikon"", ""Velorum"", ""Vega""]","[0.6753798723220825, 0.423753559589386, 0.3381645679473877, 0.1891709715127945, 0.18154563009738922]"
4,centroid,1,271,Nivalis,Nivalis,"[""Nivalis"", ""Velorum"", ""Denom"", ""Ratikon"", ""Gemini""]","[0.6926436424255371, 0.3946096897125244, 0.28400707244873047, 0.23985962569713593, 0.19386768341064453]"
4,centroid,1,272,Nivalis,Nivalis,"[""Nivalis"", ""Denom"", ""Velorum"", ""Ilias"", ""Ratikon""]","[0.8037180304527283, 0.47397178411483765, 0.37203168869018555, 0.3186793327331543, 0.2951297163963318]"
4,centroid,1,273,Nivalis,Nivalis,"[""Nivalis"", ""Denom"", ""Ratikon"", ""Velorum"", ""Ilias""]","[0.8922176361083984, 0.6248095631599426, 0.5210975408554077, 0.3393273949623108, 0.23352359235286713]"
4,centroid,1,274,Nivalis,Nivalis,"[""Nivalis"", ""Denom"", ""Velorum"", ""Ratikon"", ""Ilias""]","[0.8474130630493164, 0.5409851670265198, 0.45976030826568604, 0.4472050368785858, 0.251676082611084]"
4,centroid,1,275,Nivalis,Nivalis,"[""Nivalis"", ""Denom"", ""Ratikon"", ""Ilias"", ""Velorum""]","[0.9437335729598999, 0.7705669403076172, 0.7210463881492615, 0.6356650590896606, 0.5292325019836426]"
4,centroid,1,276,Nivalis,Denom,"[""Denom"", ""Ratikon"", ""Nivalis"", ""Ilias"", ""Velorum""]","[0.7221564054489136, 0.707384467124939, 0.6974705457687378, 0.37286466360092163, 0.11126130819320679]"
4,centroid,1,277,Nivalis,Denom,"[""Denom"", ""Ratikon"", ""Nivalis"", ""Ilias"", ""Velorum""]","[0.8139791488647461, 0.7519672513008118, 0.6552197933197021, 0.6111846566200256, 0.5089988112449646]"
4,centroid,1,278,Nivalis,Ratikon,"[""Ratikon"", ""Nivalis"", ""Denom"", ""Ilias"", ""Velorum""]","[0.7944389581680298, 0.784674882888794, 0.7265289425849915, 0.7141011953353882, 0.5220827460289001]"
4,centroid,1,279,Nivalis,Nivalis,"[""Nivalis"", ""Denom"", ""Velorum"", ""Ratikon"", ""Ilias""]","[0.8803955912590027, 0.6616822481155396, 0.481425940990448, 0.46024090051651, 0.38819509744644165]"
4,centroid,1,280,Nivalis,Nivalis,"[""Nivalis"", ""Velorum"", ""Ratikon"", ""Alaris"", ""Mytikas""]","[0.4775092601776123, 0.39431676268577576, 0.37441420555114746, 0.3050152659416199, 0.30064424872398376]"
4,centroid,1,281,Nivalis,Nivalis,"[""Nivalis"", ""Denom"", ""Ratikon"", ""Ilias"", ""Velorum""]","[0.7725468277931213, 0.515825092792511, 0.3819959759712219, 0.30689260363578796, 0.20837612450122833]"
4,centroid,1,282,Nivalis,Nivalis,"[""Nivalis"", ""Denom"", ""Ratikon"", ""Ilias"", ""Velorum""]","[0.8930596113204956, 0.5849200487136841, 0.5261157751083374, 0.4400665760040283, 0.36358922719955444]"
4,centroid,1,283,Nivalis,Nivalis,"[""Nivalis"", ""Denom"", ""Ratikon"", ""Velorum"", ""Ilias""]","[0.8653073310852051, 0.5927176475524902, 0.47208860516548157, 0.46592095494270325, 0.33375996351242065]"
4,centroid,1,284,Nivalis,Nivalis,"[""Nivalis"", ""Velorum"", ""Denom"", ""Steel_Wheel"", ""Ratikon""]","[0.730460524559021, 0.6612206697463989, 0.37895870208740234, 0.15239113569259644, 0.1409231722354889]"
4,centroid,1,285,Nivalis,Nivalis,"[""Nivalis"", ""Denom"", ""Ratikon"", ""Velorum"", ""Vega""]","[0.7453086972236633, 0.5231904983520508, 0.32280614972114563, 0.27926310896873474, 0.2496473342180252]"
4,centroid,1,286,Nivalis,Nivalis,"[""Nivalis"", ""Vega"", ""Ratikon"", ""Denom"", ""Gemini""]","[0.5608527660369873, 0.47021085023880005, 0.3572835624217987, 0.35292625427246094, 0.19020412862300873]"
4,centroid,1,287,Ratikon,Ratikon,"[""Ratikon"", ""Denom"", ""Nivalis"", ""Ilias"", ""Velorum""]","[0.9154603481292725, 0.725225031375885, 0.5711666345596313, 0.47641438245773315, 0.018244577571749687]"
4,centroid,1,288,Ratikon,Denom,"[""Denom"", ""Ratikon"", ""Nivalis"", ""Ilias"", ""Velorum""]","[0.8347791433334351, 0.7683565616607666, 0.5449971556663513, 0.5005342364311218, 0.45577603578567505]"
4,centroid,1,289,Ratikon,Ratikon,"[""Ratikon"", ""Denom"", ""Ilias"", ""Nivalis"", ""Velorum""]","[0.8787484169006348, 0.7593671083450317, 0.5707087516784668, 0.4851304888725281, 0.23076960444450378]"
4,centroid,1,290,Ratikon,Ratikon,"[""Ratikon"", ""Denom"", ""Nivalis"", ""Ilias"", ""Velorum""]","[0.9592707753181458, 0.7374728322029114, 0.6409016251564026, 0.5066861510276794, 0.21462133526802063]"
4,centroid,1,291,Ratikon,Ratikon,"[""Ratikon"", ""Ilias"", ""Denom"", ""Nivalis"", ""Velorum""]","[0.8855698108673096, 0.7407469749450684, 0.6837620735168457, 0.4160463809967041, 0.22196942567825317]"
4,centroid,1,292,Ratikon,Ratikon,"[""Ratikon"", ""Denom"", ""Nivalis"", ""Ilias"", ""Velorum""]","[0.7675012946128845, 0.632117509841919, 0.5390353798866272, 0.4315904378890991, 0.27735021710395813]"
4,centroid,1,293,Ratikon,Ratikon,"[""Ratikon"", ""Denom"", ""Ilias"", ""Nivalis"", ""Vega""]","[0.8331536650657654, 0.5427910685539246, 0.41207632422447205, 0.3644043207168579, 0.29657191038131714]"
4,centroid,1,294,Ratikon,Ratikon,"[""Ratikon"", ""Denom"", ""Nivalis"", ""Ilias"", ""Velorum""]","[0.8875622153282166, 0.648996114730835, 0.6064277291297913, 0.44226282835006714, 0.13311085104942322]"
4,centroid,1,295,Ratikon,Ratikon,"[""Ratikon"", ""Ilias"", ""Denom"", ""Nivalis"", ""Velorum""]","[0.88946133852005, 0.7529130578041077, 0.6974066495895386, 0.4334278106689453, 0.25448426604270935]"
4,centroid,1,296,Ratikon,Ratikon,"[""Ratikon"", ""Denom"", ""Nivalis"", ""Ilias"", ""Velorum""]","[0.9063060283660889, 0.7289894819259644, 0.615405797958374, 0.5029104948043823, 0.24691790342330933]"
4,centroid,1,297,Ratikon,Ratikon,"[""Ratikon"", ""Ilias"", ""Denom"", ""Nivalis"", ""Velorum""]","[0.8956114053726196, 0.685084342956543, 0.5803432464599609, 0.511619508266449, 0.24650351703166962]"
4,centroid,1,298,Ratikon,Ratikon,"[""Ratikon"", ""Denom"", ""Ilias"", ""Nivalis"", ""Steel_Wheel""]","[0.8488622903823853, 0.6782513856887817, 0.5881019830703735, 0.5006291270256042, 0.1766434609889984]"
4,centroid,1,299,Ratikon,Ratikon,"[""Ratikon"", ""Ilias"", ""Denom"", ""Velorum"", ""Nivalis""]","[0.8469294905662537, 0.7680034637451172, 0.6071733236312866, 0.6047579050064087, 0.5822833776473999]"
4,centroid,1,300,Ratikon,Ratikon,"[""Ratikon"", ""Denom"", ""Nivalis"", ""Ilias"", ""Velorum""]","[0.9539185762405396, 0.7265494465827942, 0.6518352031707764, 0.574670672416687, 0.3778771162033081]"
4,centroid,1,301,Ratikon,Ratikon,"[""Ratikon"", ""Denom"", ""Ilias"", ""Nivalis"", ""Vega""]","[0.8954050540924072, 0.691706120967865, 0.5397913455963135, 0.4204060733318329, 0.08071018755435944]"
4,centroid,1,302,Ratikon,Ratikon,"[""Ratikon"", ""Ilias"", ""Denom"", ""Nivalis"", ""Velorum""]","[0.8963994979858398, 0.7190878391265869, 0.6629091501235962, 0.46604037284851074, 0.08578106760978699]"
4,centroid,1,303,Ratikon,Ratikon,"[""Ratikon"", ""Denom"", ""Ilias"", ""Nivalis"", ""Velorum""]","[0.6869838237762451, 0.5826336145401001, 0.48801761865615845, 0.4077547788619995, 0.31305772066116333]"
4,centroid,1,304,Ratikon,Ratikon,"[""Ratikon"", ""Denom"", ""Ilias"", ""Nivalis"", ""Turbine""]","[0.8844881653785706, 0.5792349576950073, 0.40022021532058716, 0.3556889295578003, -0.014595091342926025]"
4,centroid,1,305,Ratikon,Ratikon,"[""Ratikon"", ""Denom"", ""Ilias"", ""Nivalis"", ""Velorum""]","[0.8725324869155884, 0.7487008571624756, 0.7314928770065308, 0.48357006907463074, 0.43904000520706177]"
4,centroid,1,306,Ratikon,Ratikon,"[""Ratikon"", ""Denom"", ""Ilias"", ""Nivalis"", ""Velorum""]","[0.8457455635070801, 0.785193681716919, 0.5259972810745239, 0.480801522731781, 0.04593045264482498]"
4,centroid,1,307,Ratikon,Ratikon,"[""Ratikon"", ""Denom"", ""Nivalis"", ""Ilias"", ""Velorum""]","[0.9316813945770264, 0.6757835149765015, 0.6075677871704102, 0.47060972452163696, 0.25721824169158936]"
4,centroid,1,308,Ratikon,Ratikon,"[""Ratikon"", ""Denom"", ""Ilias"", ""Nivalis"", ""Steel_Wheel""]","[0.8011066317558289, 0.7049176096916199, 0.5082876086235046, 0.4867097735404968, 0.13434918224811554]"
4,centroid,1,309,Ratikon,Nivalis,"[""Nivalis"", ""Ratikon"", ""Denom"", ""Velorum"", ""Ilias""]","[0.8442129492759705, 0.7793155908584595, 0.7604922652244568, 0.603995144367218, 0.48221221566200256]"
4,centroid,1,310,Ratikon,Ratikon,"[""Ratikon"", ""Denom"", ""Nivalis"", ""Ilias"", ""Vega""]","[0.8466670513153076, 0.6127442121505737, 0.5343723297119141, 0.4262028932571411, 0.10411041229963303]"
4,centroid,1,311,Ratikon,Ratikon,"[""Ratikon"", ""Denom"", ""Nivalis"", ""Ilias"", ""Velorum""]","[0.8271077275276184, 0.7985681295394897, 0.46283912658691406, 0.4167938828468323, 0.022597193717956543]"
4,centroid,1,312,Ratikon,Ratikon,"[""Ratikon"", ""Denom"", ""Nivalis"", ""Ilias"", ""Velorum""]","[0.9047659635543823, 0.6677065491676331, 0.6142290830612183, 0.39673495292663574, 0.19590100646018982]"
4,centroid,1,313,Ratikon,Ratikon,"[""Ratikon"", ""Denom"", ""Ilias"", ""Nivalis"", ""Vega""]","[0.8758609294891357, 0.5997673273086548, 0.523827314376831, 0.36067646741867065, 0.2482251077890396]"
4,centroid,1,314,Steel_Wheel,Steel_Wheel,"[""Steel_Wheel"", ""Nivalis"", ""Xtreme"", ""Velorum"", ""Denom""]","[0.9788480997085571, 0.20604102313518524, 0.1309618055820465, 0.08476310968399048, 0.05152370035648346]"
4,centroid,1,315,Steel_Wheel,Steel_Wheel,"[""Steel_Wheel"", ""Nivalis"", ""Velorum"", ""Xtreme"", ""Mytikas""]","[0.9537045955657959, 0.26460951566696167, 0.22886940836906433, 0.18511179089546204, 0.13958138227462769]"
4,centroid,1,316,Steel_Wheel,Steel_Wheel,"[""Steel_Wheel"", ""Nivalis"", ""Velorum"", ""Xtreme"", ""Mytikas""]","[0.9211267828941345, 0.3015926778316498, 0.17799276113510132, 0.17779061198234558, 0.09298526495695114]"
4,centroid,1,317,Steel_Wheel,Steel_Wheel,"[""Steel_Wheel"", ""Nivalis"", ""Denom"", ""Ratikon"", ""Velorum""]","[0.918573260307312, 0.2819656431674957, 0.23107996582984924, 0.09785479307174683, 0.09623649716377258]"
4,centroid,1,318,Steel_Wheel,Steel_Wheel,"[""Steel_Wheel"", ""Nivalis"", ""Xtreme"", ""Mytikas"", ""Velorum""]","[0.9482228755950928, 0.25246790051460266, 0.24810563027858734, 0.18391495943069458, 0.11308886855840683]"
4,centroid,1,319,Steel_Wheel,Steel_Wheel,"[""Steel_Wheel"", ""Xtreme"", ""Nivalis"", ""Castor"", ""Mytikas""]","[0.9492766261100769, 0.21480801701545715, 0.17068758606910706, 0.08663618564605713, 0.0692267194390297]"
4,centroid,1,320,Steel_Wheel,Steel_Wheel,"[""Steel_Wheel"", ""Xtreme"", ""Gemini"", ""Nivalis"", ""Turbine""]","[0.9152863025665283, 0.3306475281715393, 0.2366718053817749, 0.13748788833618164, 0.028632622212171555]"
4,centroid,1,321,Steel_Wheel,Steel_Wheel,"[""Steel_Wheel"", ""Xtreme"", ""Nivalis"", ""Gemini"", ""Castor""]","[0.964455783367157, 0.2703225314617157, 0.09827382117509842, -0.00022742897272109985, -0.003078484907746315]"
4,centroid,1,322,Steel_Wheel,Steel_Wheel,"[""Steel_Wheel"", ""Mytikas"", ""Trius"", ""Xtreme"", ""Gemini""]","[0.8744816184043884, 0.15195304155349731, 0.15112565457820892, 0.10656590014696121, 0.07278265058994293]"
4,centroid,1,323,Steel_Wheel,Steel_Wheel,"[""Steel_Wheel"", ""Gemini"", ""Xtreme"", ""Turbine"", ""Mytikas""]","[0.898181676864624, 0.22813944518566132, 0.2014296054840088, 0.06804908812046051, 0.007484756410121918]"
4,centroid,1,324,Steel_Wheel,Steel_Wheel,"[""Steel_Wheel"", ""Nivalis"", ""Xtreme"", ""Denom"", ""Mytikas""]","[0.9724989533424377, 0.2487923949956894, 0.1204664334654808, 0.09229013323783875, 0.034471165388822556]"
4,centroid,1,325,Steel_Wheel,Steel_Wheel,"[""Steel_Wheel"", ""Nivalis"", ""Xtreme"", ""Denom"", ""Ilias""]","[0.9175354838371277, 0.2530709505081177, 0.21472516655921936, 0.2068689912557602, 0.14776554703712463]"
4,centroid,1,326,Steel_Wheel,Steel_Wheel,"[""Steel_Wheel"", ""Velorum"", ""Nivalis"", ""Xtreme"", ""Denom""]","[0.954270601272583, 0.2655733823776245, 0.24284370243549347, 0.14606475830078125, 0.13404473662376404]"
4,centroid,1,327,Steel_Wheel,Steel_Wheel,"[""Steel_Wheel"", ""Mytikas"", ""Nivalis"", ""Xtreme"", ""Denom""]","[0.8883663415908813, 0.26941394805908203, 0.2620871663093567, 0.1851481795310974, 0.1329437643289566]"
4,centroid,1,328,Steel_Wheel,Steel_Wheel,"[""Steel_Wheel"", ""Xtreme"", ""Castor"", ""Gemini"", ""Mytikas""]","[0.903458833694458, 0.27761706709861755, 0.1097293272614479, 0.09566747397184372, 0.06760907173156738]"
4,centroid,1,329,Steel_Wheel,Steel_Wheel,"[""Steel_Wheel"", ""Nivalis"", ""Xtreme"", ""Velorum"", ""Denom""]","[0.9609544277191162, 0.19097772240638733, 0.14527061581611633, 0.07596313208341599, 0.07289847731590271]"
4,centroid,1,330,Steel_Wheel,Steel_Wheel,"[""Steel_Wheel"", ""Nivalis"", ""Velorum"", ""Xtreme"", ""Denom""]","[0.9594971537590027, 0.19633319973945618, 0.16218459606170654, 0.16164442896842957, 0.05160949006676674]"
4,centroid,1,331,Steel_Wheel,Steel_Wheel,"[""Steel_Wheel"", ""Xtreme"", ""Velorum"", ""Mytikas"", ""Nivalis""]","[0.9459169507026672, 0.1411210000514984, 0.07738102972507477, 0.07383844256401062, 0.06818592548370361]"
4,centroid,1,332,Steel_Wheel,Steel_Wheel,"[""Steel_Wheel"", ""Xtreme"", ""Nivalis"", ""Mytikas"", ""Gemini""]","[0.9479978680610657, 0.20463329553604126, 0.15263178944587708, 0.059857726097106934, 0.05285431817173958]"
4,centroid,1,333,Steel_Wheel,Steel_Wheel,"[""Steel_Wheel"", ""Xtreme"", ""Nivalis"", ""Gemini"", ""Denom""]","[0.9062596559524536, 0.24545976519584656, 0.2041441798210144, 0.09329169988632202, 0.037074100226163864]"
4,centroid,1,334,Steel_Wheel,Steel_Wheel,"[""Steel_Wheel"", ""Nivalis"", ""Mytikas"", ""Xtreme"", ""Velorum""]","[0.9245622158050537, 0.2482193559408188, 0.20722424983978271, 0.1502363383769989, 0.08700255304574966]"
4,centroid,1,335,Steel_Wheel,Steel_Wheel,"[""Steel_Wheel"", ""Mytikas"", ""Xtreme"", ""Nivalis"", ""Castor""]","[0.9386752843856812, 0.2237873673439026, 0.2034004181623459, 0.1728411614894867, 0.07864458858966827]"
4,centroid,1,336,Steel_Wheel,Steel_Wheel,"[""Steel_Wheel"", ""Nivalis"", ""Velorum"", ""Denom"", ""Xtreme""]","[0.9739092588424683, 0.210362046957016, 0.18694502115249634, 0.10193197429180145, 0.09521761536598206]"
4,centroid,1,337,Steel_Wheel,Steel_Wheel,"[""Steel_Wheel"", ""Nivalis"", ""Xtreme"", ""Denom"", ""Gemini""]","[0.9633304476737976, 0.2863529324531555, 0.22379091382026672, 0.12772032618522644, 0.05251646786928177]"
4,centroid,1,338,Steel_Wheel,Steel_Wheel,"[""Steel_Wheel"", ""Nivalis"", ""Xtreme"", ""Velorum"", ""Denom""]","[0.9540122151374817, 0.2430591881275177, 0.17521226406097412, 0.11678776144981384, 0.05194339156150818]"
4,centroid,1,339,Steel_Wheel,Steel_Wheel,"[""Steel_Wheel"", ""Xtreme"", ""Mytikas"", ""Nivalis"", ""Gemini""]","[0.9169292449951172, 0.24064971506595612, 0.20588648319244385, 0.20110031962394714, 0.07298333197832108]"
4,centroid,1,340,Steel_Wheel,Steel_Wheel,"[""Steel_Wheel"", ""Xtreme"", ""Nivalis"", ""Denom"", ""Gemini""]","[0.9248044490814209, 0.23214583098888397, 0.17411008477210999, 0.0640433207154274, 0.06262341141700745]"
4,centroid,1,341,Steel_Wheel,Steel_Wheel,"[""Steel_Wheel"", ""Nivalis"", ""Xtreme"", ""Velorum"", ""Denom""]","[0.9330369830131531, 0.34961795806884766, 0.25923609733581543, 0.1662767231464386, 0.13229039311408997]"
4,centroid,1,342,Steel_Wheel,Steel_Wheel,"[""Steel_Wheel"", ""Mytikas"", ""Nivalis"", ""Xtreme"", ""Turbine""]","[0.9135690927505493, 0.2359408140182495, 0.234942227602005, 0.14530421793460846, 0.11182061582803726]"
4,centroid,1,343,Steel_Wheel,Steel_Wheel,"[""Steel_Wheel"", ""Xtreme"", ""Velorum"", ""Nivalis"", ""Alcatras""]","[0.954118013381958, 0.19691455364227295, 0.1799006462097168, 0.16916945576667786, 0.0028567640110850334]"
4,centroid,1,344,Steel_Wheel,Steel_Wheel,"[""Steel_Wheel"", ""Xtreme"", ""Nivalis"", ""Denom"", ""Trius""]","[0.9185791015625, 0.15951523184776306, 0.1594529002904892, 0.13568320870399475, 0.09950759261846542]"
4,centroid,1,345,Steel_Wheel,Steel_Wheel,"[""Steel_Wheel"", ""Nivalis"", ""Xtreme"", ""Denom"", ""Mytikas""]","[0.8828495740890503, 0.2922287583351135, 0.20297132432460785, 0.11091547459363937, 0.06645917892456055]"
4,centroid,1,346,Steel_Wheel,Steel_Wheel,"[""Steel_Wheel"", ""Xtreme"", ""Nivalis"", ""Mytikas"", ""Turbine""]","[0.9352965950965881, 0.2411329299211502, 0.0804058313369751, 0.064837247133255, 0.04069926589727402]"
4,centroid,1,347,Steel_Wheel,Steel_Wheel,"[""Steel_Wheel"", ""Xtreme"", ""Nivalis"", ""Mytikas"", ""Velorum""]","[0.9503883123397827, 0.17602406442165375, 0.16905124485492706, 0.1125841811299324, -0.012225169688463211]"
4,centroid,1,348,Steel_Wheel,Steel_Wheel,"[""Steel_Wheel"", ""Xtreme"", ""Nivalis"", ""Gemini"", ""Velorum""]","[0.9616636037826538, 0.17915165424346924, 0.10232846438884735, 0.08334994316101074, -0.0033919215202331543]"
4,centroid,1,349,Triton,Triton,"[""Triton"", ""Trius"", ""Mytikas"", ""Ilias"", ""Braga""]","[0.7778914570808411, 0.6418107151985168, 0.4538673460483551, 0.3059622347354889, 0.1845494508743286]"
4,centroid,1,350,Triton,Triton,"[""Triton"", ""Mytikas"", ""Braga"", ""Trius"", ""Xtreme""]","[0.8352047801017761, 0.3361019790172577, 0.2444189488887787, 0.22356712818145752, 0.19310539960861206]"
4,centroid,1,351,Triton,Triton,"[""Triton"", ""Ilias"", ""Trius"", ""Braga"", ""Mytikas""]","[0.7540175914764404, 0.44415536522865295, 0.4305177927017212, 0.26975107192993164, 0.21465660631656647]"
4,centroid,1,352,Triton,Triton,"[""Triton"", ""Trius"", ""Braga"", ""Mytikas"", ""Castor""]","[0.8020349740982056, 0.6398457884788513, 0.4081226587295532, 0.3515426814556122, 0.277120977640152]"
4,centroid,1,353,Triton,Triton,"[""Triton"", ""Trius"", ""Mytikas"", ""Ilias"", ""Alcatras""]","[0.7922042608261108, 0.3821784257888794, 0.29555875062942505, 0.2952207922935486, 0.25668856501579285]"
4,centroid,1,354,Triton,Castor,"[""Castor"", ""Mytikas"", ""Triton"", ""Braga"", ""Turbine""]","[0.6717694997787476, 0.6630358099937439, 0.6098239421844482, 0.4564083516597748, 0.4085376262664795]"
4,centroid,1,355,Triton,Triton,"[""Triton"", ""Mytikas"", ""Trius"", ""Castor"", ""Braga""]","[0.8668738603591919, 0.5347937941551208, 0.36759498715400696, 0.20752805471420288, 0.180527463555336]"
4,centroid,1,356,Triton,Triton,"[""Triton"", ""Trius"", ""Mytikas"", ""Castor"", ""Ilias""]","[0.863507866859436, 0.4332435727119446, 0.4129874110221863, 0.37711912393569946, 0.2477041482925415]"
4,centroid,1,357,Triton,Triton,"[""Triton"", ""Trius"", ""Castor"", ""Braga"", ""Mytikas""]","[0.8738275766372681, 0.49792465567588806, 0.42968976497650146, 0.40066826343536377, 0.36701536178588867]"
4,centroid,1,358,Triton,Triton,"[""Triton"", ""Castor"", ""Braga"", ""Mytikas"", ""Alcatras""]","[0.8109204769134521, 0.5123629570007324, 0.4573144316673279, 0.42443275451660156, 0.2672564387321472]"
4,centroid,1,359,Triton,Triton,"[""Triton"", ""Mytikas"", ""Castor"", ""Trius"", ""Turbine""]","[0.865736722946167, 0.503167986869812, 0.38411444425582886, 0.36712971329689026, 0.21011382341384888]"
4,centroid,1,360,Triton,Triton,"[""Triton"", ""Mytikas"", ""Trius"", ""Castor"", ""Ilias""]","[0.9314383864402771, 0.6499788761138916, 0.40078362822532654, 0.37062638998031616, 0.18793688714504242]"
4,centroid,1,361,Triton,Triton,"[""Triton"", ""Braga"", ""Mytikas"", ""Ilias"", ""Turbine""]","[0.6357498168945312, 0.3069072365760803, 0.17825987935066223, 0.1599617749452591, 0.10670999437570572]"
4,centroid,1,362,Triton,Triton,"[""Triton"", ""Trius"", ""Mytikas"", ""Ilias"", ""Gemini""]","[0.7134060859680176, 0.6138292551040649, 0.5412735939025879, 0.32318615913391113, 0.18895438313484192]"
4,centroid,1,363,Triton,Triton,"[""Triton"", ""Mytikas"", ""Trius"", ""Braga"", ""Castor""]","[0.8307695388793945, 0.7067512273788452, 0.5699852705001831, 0.39329177141189575, 0.3865017294883728]"
4,centroid,1,364,Triton,Triton,"[""Triton"", ""Castor"", ""Trius"", ""Mytikas"", ""Alcatras""]","[0.7398995161056519, 0.6730327606201172, 0.42323407530784607, 0.37958788871765137, 0.2055487334728241]"
4,centroid,1,365,Triton,Alaris,"[""Alaris"", ""Alcatras"", ""Trius"", ""Braga"", ""Gemini""]","[0.5417222380638123, 0.45833587646484375, 0.42765432596206665, 0.4192279279232025, 0.39951860904693604]"
4,centroid,1,366,Triton,Triton,"[""Triton"", ""Mytikas"", ""Castor"", ""Trius"", ""Alcatras""]","[0.9085153937339783, 0.5265424251556396, 0.4804674983024597, 0.3268047571182251, 0.19533392786979675]"
4,centroid,1,367,Triton,Alaris,"[""Alaris"", ""Alcatras"", ""Turbine"", ""Mytikas"", ""Ilias""]","[0.5777135491371155, 0.3836231529712677, 0.3351284861564636, 0.31669318675994873, 0.2148580402135849]"
4,centroid,1,368,Triton,Triton,"[""Triton"", ""Ilias"", ""Mytikas"", ""Trius"", ""Velorum""]","[0.6394302845001221, 0.48995381593704224, 0.3022753596305847, 0.16526588797569275, 0.11161989718675613]"
4,centroid,1,369,Triton,Triton,"[""Triton"", ""Mytikas"", ""Braga"", ""Castor"", ""Xtreme""]","[0.8041837215423584, 0.5038274526596069, 0.3528304100036621, 0.243376225233078, 0.23354551196098328]"
4,centroid,1,370,Triton,Ratikon,"[""Ratikon"", ""Ilias"", ""Denom"", ""Trius"", ""Alaris""]","[0.48540031909942627, 0.44642138481140137, 0.3935773968696594, 0.38199499249458313, 0.30344289541244507]"
4,centroid,1,371,Triton,Triton,"[""Triton"", ""Castor"", ""Mytikas"", ""Turbine"", ""Braga""]","[0.7930396199226379, 0.7427293062210083, 0.6284050941467285, 0.411598801612854, 0.40125834941864014]"
4,centroid,1,372,Triton,Triton,"[""Triton"", ""Castor"", ""Mytikas"", ""Alcatras"", ""Braga""]","[0.7500770688056946, 0.5449904203414917, 0.524110734462738, 0.44443807005882263, 0.3801330327987671]"
4,centroid,1,373,Triton,Triton,"[""Triton"", ""Castor"", ""Trius"", ""Mytikas"", ""Alcatras""]","[0.8689765930175781, 0.4973424971103668, 0.4451181888580322, 0.3631693720817566, 0.215398371219635]"
4,centroid,1,374,Triton,Triton,"[""Triton"", ""Mytikas"", ""Trius"", ""Castor"", ""Alcatras""]","[0.8443355560302734, 0.607231616973877, 0.574568510055542, 0.46997928619384766, 0.2882627248764038]"
4,centroid,1,375,Triton,Triton,"[""Triton"", ""Mytikas"", ""Trius"", ""Castor"", ""Ilias""]","[0.85547935962677, 0.43826407194137573, 0.3565698266029358, 0.30301421880722046, 0.2059415876865387]"
4,centroid,1,376,Triton,Triton,"[""Triton"", ""Trius"", ""Braga"", ""Castor"", ""Ilias""]","[0.6602498292922974, 0.4517679810523987, 0.24303443729877472, 0.2364104837179184, 0.17595037817955017]"
4,centroid,1,377,Triton,Triton,"[""Triton"", ""Mytikas"", ""Trius"", ""Braga"", ""Gemini""]","[0.7512205839157104, 0.44126421213150024, 0.3869943916797638, 0.2661834955215454, 0.22080305218696594]"
4,centroid,1,378,Triton,Triton,"[""Triton"", ""Trius"", ""Braga"", ""Castor"", ""Mytikas""]","[0.827499508857727, 0.38813847303390503, 0.25184059143066406, 0.2349969446659088, 0.2198421061038971]"
4,centroid,1,379,Triton,Trius,"[""Trius"", ""Alaris"", ""Braga"", ""Mytikas"", ""Castor""]","[0.5143263936042786, 0.4433307647705078, 0.39577263593673706, 0.309746652841568, 0.28034764528274536]"
4,centroid,1,380,Triton,Triton,"[""Triton"", ""Mytikas"", ""Castor"", ""Braga"", ""Trius""]","[0.8607428073883057, 0.5279765129089355, 0.3923432528972626, 0.2827914357185364, 0.217713862657547]"
4,centroid,1,381,Triton,Castor,"[""Castor"", ""Mytikas"", ""Triton"", ""Alcatras"", ""Turbine""]","[0.7192636728286743, 0.698249876499176, 0.611655592918396, 0.5242063403129578, 0.3519473671913147]"
4,centroid,1,382,Triton,Triton,"[""Triton"", ""Castor"", ""Mytikas"", ""Trius"", ""Braga""]","[0.8765110969543457, 0.622565507888794, 0.4095500707626343, 0.28914809226989746, 0.27922776341438293]"
4,centroid,1,383,Triton,Alcatras,"[""Alcatras"", ""Velorum"", ""Triton"", ""Alaris"", ""Ilias""]","[0.5437395572662354, 0.4801609516143799, 0.46116986870765686, 0.31229647994041443, 0.2973513901233673]"
4,centroid,1,384,Triton,Triton,"[""Triton"", ""Trius"", ""Mytikas"", ""Braga"", ""Alcatras""]","[0.8348666429519653, 0.5049704313278198, 0.4628126621246338, 0.22883248329162598, 0.213665172457695]"
4,centroid,1,385,Triton,Triton,"[""Triton"", ""Mytikas"", ""Trius"", ""Castor"", ""Alcatras""]","[0.8198332190513611, 0.560386061668396, 0.4425033926963806, 0.4349297881126404, 0.3550158143043518]"
4,centroid,1,386,Triton,Triton,"[""Triton"", ""Braga"", ""Mytikas"", ""Trius"", ""Vega""]","[0.6755175590515137, 0.5157864093780518, 0.4009319543838501, 0.35156095027923584, 0.21191707253456116]"
4,centroid,1,387,Triton,Triton,"[""Triton"", ""Mytikas"", ""Braga"", ""Trius"", ""Castor""]","[0.8740800619125366, 0.42850762605667114, 0.38775861263275146, 0.3732512891292572, 0.3566453456878662]"
4,centroid,1,388,Triton,Trius,"[""Trius"", ""Vega"", ""Gemini"", ""Denom"", ""Alaris""]","[0.6588785648345947, 0.3422086238861084, 0.2694089710712433, 0.245522603392601, 0.22820784151554108]"
4,centroid,1,389,Triton,Triton,"[""Triton"", ""Alcatras"", ""Castor"", ""Trius"", ""Braga""]","[0.8160336017608643, 0.508131206035614, 0.45912349224090576, 0.4163546562194824, 0.41194823384284973]"
4,centroid,1,390,Triton,Triton,"[""Triton"", ""Trius"", ""Mytikas"", ""Castor"", ""Braga""]","[0.8528134822845459, 0.5261918306350708, 0.32603347301483154, 0.2406114637851715, 0.22901733219623566]"
4,centroid,1,391,Triton,Triton,"[""Triton"", ""Mytikas"", ""Castor"", ""Braga"", ""Trius""]","[0.82989501953125, 0.6662504076957703, 0.4507855176925659, 0.4101603627204895, 0.3680495023727417]"
4,centroid,1,392,Triton,Triton,"[""Triton"", ""Mytikas"", ""Trius"", ""Braga"", ""Castor""]","[0.795347273349762, 0.5386650562286377, 0.46489402651786804, 0.4299014210700989, 0.3067036271095276]"
4,centroid,1,393,Triton,Triton,"[""Triton"", ""Mytikas"", ""Trius"", ""Braga"", ""Alcatras""]","[0.8142746686935425, 0.6053463220596313, 0.37267085909843445, 0.26928216218948364, 0.18506158888339996]"
4,centroid,1,394,Triton,Triton,"[""Triton"", ""Castor"", ""Mytikas"", ""Braga"", ""Trius""]","[0.8361129760742188, 0.4880948066711426, 0.34041905403137207, 0.2676602602005005, 0.237729012966156]"
4,centroid,1,395,Triton,Triton,"[""Triton"", ""Mytikas"", ""Trius"", ""Braga"", ""Ilias""]","[0.7308306694030762, 0.36479049921035767, 0.34292173385620117, 0.22301079332828522, 0.18738529086112976]"
4,centroid,1,396,Triton,Triton,"[""Triton"", ""Mytikas"", ""Castor"", ""Trius"", ""Velorum""]","[0.8598138093948364, 0.5838961005210876, 0.4063206613063812, 0.3658708333969116, 0.3074927031993866]"
4,centroid,1,397,Triton,Triton,"[""Triton"", ""Mytikas"", ""Trius"", ""Braga"", ""Castor""]","[0.768502414226532, 0.6337085366249084, 0.33963608741760254, 0.18907761573791504, 0.12585192918777466]"
4,centroid,1,398,Triton,Mytikas,"[""Mytikas"", ""Hawk"", ""Velorum"", ""Triton"", ""Alcatras""]","[0.4312441945075989, 0.3766404688358307, 0.3546689450740814, 0.3397405743598938, 0.33343589305877686]"
4,centroid,1,399,Triton,Triton,"[""Triton"", ""Mytikas"", ""Castor"", ""Braga"", ""Trius""]","[0.905678927898407, 0.6627501249313354, 0.40802285075187683, 0.3150285482406616, 0.2036827802658081]"
4,centroid,1,400,Triton,Triton,"[""Triton"", ""Mytikas"", ""Braga"", ""Turbine"", ""Trius""]","[0.7894861698150635, 0.47111356258392334, 0.42651844024658203, 0.3763752579689026, 0.3628435432910919]"
4,centroid,1,401,Triton,Triton,"[""Triton"", ""Mytikas"", ""Ilias"", ""Turbine"", ""Castor""]","[0.6590509414672852, 0.30152833461761475, 0.18431168794631958, 0.17318721115589142, 0.1667550951242447]"
4,centroid,1,402,Trius,Triton,"[""Triton"", ""Trius"", ""Mytikas"", ""Braga"", ""Velorum""]","[0.6747431755065918, 0.39668604731559753, 0.3750537633895874, 0.3689380884170532, 0.3221662938594818]"
4,centroid,1,403,Trius,Trius,"[""Trius"", ""Gemini"", ""Mytikas"", ""Triton"", ""Xtreme""]","[0.6133832335472107, 0.517669677734375, 0.32938697934150696, 0.28845980763435364, 0.2347482442855835]"
4,centroid,1,404,Trius,Triton,"[""Triton"", ""Trius"", ""Braga"", ""Mytikas"", ""Alcatras""]","[0.7084075212478638, 0.6174924373626709, 0.5575845837593079, 0.4646070897579193, 0.46078231930732727]"
4,centroid,1,405,Trius,Triton,"[""Triton"", ""Trius"", ""Mytikas"", ""Alcatras"", ""Braga""]","[0.8003625869750977, 0.6200768947601318, 0.5471947193145752, 0.4009547233581543, 0.3911595940589905]"
4,centroid,1,406,Trius,Alcatras,"[""Alcatras"", ""Trius"", ""Alaris"", ""Braga"", ""Gemini""]","[0.5066695213317871, 0.47274282574653625, 0.364933580160141, 0.34010717272758484, 0.32829147577285767]"
4,centroid,1,407,Trius,Trius,"[""Trius"", ""Gemini"", ""Mytikas"", ""Triton"", ""Xtreme""]","[0.6185126900672913, 0.41767144203186035, 0.3450530767440796, 0.20775172114372253, 0.1348506659269333]"
4,centroid,1,408,Trius,Trius,"[""Trius"", ""Mytikas"", ""Gemini"", ""Alaris"", ""Triton""]","[0.728744626045227, 0.3987860083580017, 0.2347593605518341, 0.23141074180603027, 0.22264544665813446]"
4,centroid,1,409,Trius,Trius,"[""Trius"", ""Alaris"", ""Alcatras"", ""Velorum"", ""Hawk""]","[0.6831303834915161, 0.6068567633628845, 0.41777902841567993, 0.2327629029750824, 0.22161945700645447]"
4,centroid,1,410,Trius,Trius,"[""Trius"", ""Triton"", ""Ilias"", ""Denom"", ""Velorum""]","[0.7234586477279663, 0.5404763221740723, 0.4471869468688965, 0.31727689504623413, 0.23962682485580444]"
4,centroid,1,411,Trius,Trius,"[""Trius"", ""Braga"", ""Gemini"", ""Vega"", ""Alaris""]","[0.6104116439819336, 0.6027103662490845, 0.4016769528388977, 0.35000336170196533, 0.33585816621780396]"
4,centroid,1,412,Trius,Trius,"[""Trius"", ""Triton"", ""Mytikas"", ""Gemini"", ""Braga""]","[0.5138825178146362, 0.46392396092414856, 0.4316691756248474, 0.2912263870239258, 0.2631421983242035]"
4,centroid,1,413,Trius,Trius,"[""Trius"", ""Mytikas"", ""Vega"", ""Alaris"", ""Triton""]","[0.6723521947860718, 0.5764343738555908, 0.4587421715259552, 0.35305166244506836, 0.3015996813774109]"
4,centroid,1,414,Trius,Trius,"[""Trius"", ""Mytikas"", ""Triton"", ""Castor"", ""Steel_Wheel""]","[0.49659591913223267, 0.21459078788757324, 0.20656554400920868, 0.16318300366401672, 0.038496047258377075]"
4,centroid,1,415,Trius,Trius,"[""Trius"", ""Triton"", ""Braga"", ""Mytikas"", ""Alaris""]","[0.7745205760002136, 0.5302213430404663, 0.5156416893005371, 0.2831057906150818, 0.21486710011959076]"
4,centroid,1,416,Trius,Braga,"[""Braga"", ""Trius"", ""Triton"", ""Alaris"", ""Alcatras""]","[0.7108749747276306, 0.6562387943267822, 0.512945830821991, 0.48286333680152893, 0.458947092294693]"
4,centroid,1,417,Trius,Trius,"[""Trius"", ""Mytikas"", ""Alaris"", ""Triton"", ""Vega""]","[0.6983405947685242, 0.5410228371620178, 0.33453622460365295, 0.2818799912929535, 0.24207094311714172]"
4,centroid,1,418,Trius,Trius,"[""Trius"", ""Alaris"", ""Triton"", ""Braga"", ""Alcatras""]","[0.7780508995056152, 0.37291187047958374, 0.2308252900838852, 0.1804305911064148, 0.14900830388069153]"
4,centroid,1,419,Trius,Trius,"[""Trius"", ""Triton"", ""Mytikas"", ""Vega"", ""Gemini""]","[0.7670460343360901, 0.4075319766998291, 0.2743096947669983, 0.2725518047809601, 0.2371717244386673]"
4,centroid,1,420,Trius,Trius,"[""Trius"", ""Velorum"", ""Gemini"", ""Denom"", ""Alaris""]","[0.7551891803741455, 0.2915002703666687, 0.23633147776126862, 0.19212433695793152, 0.17809349298477173]"
4,centroid,1,421,Trius,Trius,"[""Trius"", ""Triton"", ""Alaris"", ""Braga"", ""Alcatras""]","[0.9042600393295288, 0.47742635011672974, 0.4116186499595642, 0.34691059589385986, 0.24856874346733093]"
4,centroid,1,422,Trius,Trius,"[""Trius"", ""Triton"", ""Braga"", ""Alcatras"", ""Alaris""]","[0.7347877025604248, 0.5261764526367188, 0.3722035586833954, 0.28498131036758423, 0.2798874080181122]"
4,centroid,1,423,Trius,Trius,"[""Trius"", ""Triton"", ""Ilias"", ""Mytikas"", ""Gemini""]","[0.6792458295822144, 0.6570882797241211, 0.4045511782169342, 0.2968801259994507, 0.21082249283790588]"
4,centroid,1,424,Trius,Trius,"[""Trius"", ""Mytikas"", ""Triton"", ""Alaris"", ""Alcatras""]","[0.8082937598228455, 0.4555680453777313, 0.43446284532546997, 0.3850916028022766, 0.1565883755683899]"
4,centroid,1,425,Trius,Trius,"[""Trius"", ""Braga"", ""Alaris"", ""Mytikas"", ""Gemini""]","[0.7907534837722778, 0.38137286901474, 0.37748074531555176, 0.360907644033432, 0.27840155363082886]"
4,centroid,1,426,Trius,Mytikas,"[""Mytikas"", ""Triton"", ""Trius"", ""Castor"", ""Steel_Wheel""]","[0.7125660181045532, 0.5832821130752563, 0.49407559633255005, 0.17722633481025696, 0.1735173910856247]"
4,centroid,1,427,Trius,Trius,"[""Trius"", ""Triton"", ""Alcatras"", ""Mytikas"", ""Ratikon""]","[0.5734472274780273, 0.5198497772216797, 0.23306497931480408, 0.224309504032135, 0.1626320779323578]"
4,centroid,1,428,Trius,Trius,"[""Trius"", ""Triton"", ""Braga"", ""Alcatras"", ""Alaris""]","[0.9073701500892639, 0.5979944467544556, 0.33872219920158386, 0.21292829513549805, 0.19568535685539246]"
4,centroid,1,429,Trius,Trius,"[""Trius"", ""Gemini"", ""Mytikas"", ""Vega"", ""Triton""]","[0.6083061695098877, 0.38268324732780457, 0.35530179738998413, 0.30185526609420776, 0.238764688372612]"
4,centroid,1,430,Trius,Gemini,"[""Gemini"", ""Vega"", ""Braga"", ""Trius"", ""Hawk""]","[0.40388840436935425, 0.37321093678474426, 0.34880244731903076, 0.3188133239746094, 0.15700596570968628]"
4,centroid,1,431,Trius,Trius,"[""Trius"", ""Triton"", ""Braga"", ""Mytikas"", ""Gemini""]","[0.8351444005966187, 0.6027452945709229, 0.2837696671485901, 0.22543393075466156, 0.16995853185653687]"
4,centroid,1,432,Trius,Trius,"[""Trius"", ""Triton"", ""Alaris"", ""Alcatras"", ""Ilias""]","[0.8146133422851562, 0.5481041669845581, 0.26587623357772827, 0.22801846265792847, 0.2212401032447815]"
4,centroid,1,433,Trius,Braga,"[""Braga"", ""Mytikas"", ""Trius"", ""Gemini"", ""Hawk""]","[0.6925226449966431, 0.437597393989563, 0.3862069249153137, 0.3442000150680542, 0.34220582246780396]"
4,centroid,1,434,Trius,Gemini,"[""Gemini"", ""Braga"", ""Trius"", ""Alaris"", ""Vega""]","[0.5767384767532349, 0.4755517244338989, 0.44891226291656494, 0.29997962713241577, 0.2998313009738922]"
4,centroid,1,435,Trius,Trius,"[""Trius"", ""Alaris"", ""Triton"", ""Braga"", ""Gemini""]","[0.8183501362800598, 0.42082852125167847, 0.3550501763820648, 0.3275214433670044, 0.26221099495887756]"
4,centroid,1,436,Trius,Trius,"[""Trius"", ""Triton"", ""Mytikas"", ""Velorum"", ""Ilias""]","[0.603105902671814, 0.5972458720207214, 0.3284708559513092, 0.32679691910743713, 0.23495398461818695]"
4,centroid,1,437,Trius,Trius,"[""Trius"", ""Braga"", ""Gemini"", ""Triton"", ""Xtreme""]","[0.6032861471176147, 0.4324214458465576, 0.40508395433425903, 0.2905628979206085, 0.14863932132720947]"
4,centroid,1,438,Trius,Trius,"[""Trius"", ""Triton"", ""Braga"", ""Alcatras"", ""Mytikas""]","[0.768337070941925, 0.624577522277832, 0.5128077864646912, 0.36558669805526733, 0.33530813455581665]"
4,centroid,1,439,Trius,Trius,"[""Trius"", ""Triton"", ""Castor"", ""Alcatras"", ""Ilias""]","[0.6034126281738281, 0.5213871002197266, 0.19592182338237762, 0.1300913393497467, 0.12764649093151093]"
4,centroid,1,440,Trius,Trius,"[""Trius"", ""Alaris"", ""Alcatras"", ""Triton"", ""Mytikas""]","[0.7975870370864868, 0.6113844513893127, 0.4463016986846924, 0.37474292516708374, 0.33616960048675537]"
4,centroid,1,441,Trius,Trius,"[""Trius"", ""Triton"", ""Mytikas"", ""Braga"", ""Ilias""]","[0.7459974884986877, 0.6914057731628418, 0.4509194493293762, 0.28196296095848083, 0.10763171315193176]"
4,centroid,1,442,Turbine,Turbine,"[""Turbine"", ""Hawk"", ""Braga"", ""Vega"", ""Castor""]","[0.8992812633514404, 0.4801158308982849, 0.4800401031970978, 0.3380950689315796, 0.2431555539369583]"
4,centroid,1,443,Turbine,Turbine,"[""Turbine"", ""Alaris"", ""Hawk"", ""Alcatras"", ""Mytikas""]","[0.7834522724151611, 0.5365055203437805, 0.48483094573020935, 0.44238489866256714, 0.3935253918170929]"
4,centroid,1,444,Turbine,Turbine,"[""Turbine"", ""Hawk"", ""Braga"", ""Alaris"", ""Vega""]","[0.912655234336853, 0.44015032052993774, 0.40141963958740234, 0.38869160413742065, 0.3743516802787781]"
4,centroid,1,445,Turbine,Turbine,"[""Turbine"", ""Hawk"", ""Braga"", ""Castor"", ""Vega""]","[0.8932837247848511, 0.5632967948913574, 0.3865153193473816, 0.37060099840164185, 0.28768596053123474]"
4,centroid,1,446,Turbine,Alaris,"[""Alaris"", ""Alcatras"", ""Turbine"", ""Castor"", ""Hawk""]","[0.663076639175415, 0.6547905802726746, 0.62394118309021, 0.48847347497940063, 0.4457218050956726]"
4,centroid,1,447,Turbine,Turbine,"[""Turbine"", ""Alaris"", ""Hawk"", ""Vega"", ""Alcatras""]","[0.8720413446426392, 0.48860132694244385, 0.43321293592453003, 0.35737019777297974, 0.3203209936618805]"
4,centroid,1,448,Turbine,Turbine,"[""Turbine"", ""Braga"", ""Castor"", ""Hawk"", ""Mytikas""]","[0.9434616565704346, 0.5282076597213745, 0.5034358501434326, 0.42827874422073364, 0.3322707414627075]"
4,centroid,1,449,Turbine,Turbine,"[""Turbine"", ""Hawk"", ""Braga"", ""Vega"", ""Alaris""]","[0.8039714097976685, 0.6602226495742798, 0.6436628103256226, 0.5920689105987549, 0.34453487396240234]"
4,centroid,1,450,Turbine,Turbine,"[""Turbine"", ""Castor"", ""Braga"", ""Alcatras"", ""Hawk""]","[0.8446797728538513, 0.6558431386947632, 0.5030064582824707, 0.3866596817970276, 0.2997799813747406]"
4,centroid,1,451,Turbine,Castor,"[""Castor"", ""Turbine"", ""Alcatras"", ""Triton"", ""Mytikas""]","[0.8133002519607544, 0.4723378121852875, 0.3038821518421173, 0.27824363112449646, 0.25346601009368896]"
4,centroid,1,452,Turbine,Turbine,"[""Turbine"", ""Hawk"", ""Vega"", ""Alaris"", ""Alcatras""]","[0.7252870202064514, 0.5137379169464111, 0.5051806569099426, 0.4913474917411804, 0.3904518783092499]"
4,centroid,1,453,Turbine,Turbine,"[""Turbine"", ""Hawk"", ""Mytikas"", ""Alaris"", ""Vega""]","[0.7276051640510559, 0.531352162361145, 0.47995108366012573, 0.38948535919189453, 0.3720320165157318]"
4,centroid,1,454,Turbine,Castor,"[""Castor"", ""Turbine"", ""Alcatras"", ""Braga"", ""Trius""]","[0.7664639949798584, 0.531020998954773, 0.3508906960487366, 0.19098198413848877, 0.17976003885269165]"
4,centroid,1,455,Turbine,Turbine,"[""Turbine"", ""Castor"", ""Braga"", ""Alcatras"", ""Triton""]","[0.6550481915473938, 0.6250507235527039, 0.46841666102409363, 0.27181869745254517, 0.1909925788640976]"
4,centroid,1,456,Turbine,Turbine,"[""Turbine"", ""Castor"", ""Alaris"", ""Hawk"", ""Braga""]","[0.9248772859573364, 0.5177826285362244, 0.4167874753475189, 0.40786054730415344, 0.37767964601516724]"
4,centroid,1,457,Turbine,Turbine,"[""Turbine"", ""Hawk"", ""Vega"", ""Mytikas"", ""Braga""]","[0.9152413606643677, 0.5145688056945801, 0.36753708124160767, 0.36242273449897766, 0.3381505012512207]"
4,centroid,1,458,Turbine,Turbine,"[""Turbine"", ""Braga"", ""Hawk"", ""Castor"", ""Mytikas""]","[0.911160945892334, 0.4875822067260742, 0.403064101934433, 0.36010703444480896, 0.22049370408058167]"
4,centroid,1,459,Turbine,Turbine,"[""Turbine"", ""Castor"", ""Alcatras"", ""Alaris"", ""Hawk""]","[0.7920387387275696, 0.5788978338241577, 0.5566574931144714, 0.5403562188148499, 0.4098581373691559]"
4,centroid,1,460,Turbine,Turbine,"[""Turbine"", ""Hawk"", ""Castor"", ""Braga"", ""Alcatras""]","[0.8948900103569031, 0.4794142246246338, 0.3901457190513611, 0.38606035709381104, 0.34065526723861694]"
4,centroid,1,461,Turbine,Turbine,"[""Turbine"", ""Castor"", ""Alcatras"", ""Mytikas"", ""Alaris""]","[0.8393422365188599, 0.5781196355819702, 0.33961212635040283, 0.3330380916595459, 0.20031461119651794]"
4,centroid,1,462,Turbine,Turbine,"[""Turbine"", ""Braga"", ""Hawk"", ""Vega"", ""Gemini""]","[0.8694823980331421, 0.4526402950286865, 0.43021920323371887, 0.3614402115345001, 0.1695282757282257]"
4,centroid,1,463,Turbine,Turbine,"[""Turbine"", ""Braga"", ""Castor"", ""Triton"", ""Hawk""]","[0.6863101720809937, 0.6633188724517822, 0.4683738946914673, 0.2612040638923645, 0.2310844510793686]"
4,centroid,1,464,Turbine,Turbine,"[""Turbine"", ""Hawk"", ""Alaris"", ""Alcatras"", ""Braga""]","[0.7201496958732605, 0.4938972294330597, 0.4636407196521759, 0.4244983494281769, 0.2851540446281433]"
4,centroid,1,465,Turbine,Castor,"[""Castor"", ""Turbine"", ""Alcatras"", ""Alaris"", ""Braga""]","[0.7906962633132935, 0.7032877802848816, 0.5571792125701904, 0.39718180894851685, 0.30539852380752563]"
4,centroid,1,466,Turbine,Alaris,"[""Alaris"", ""Vega"", ""Turbine"", ""Alcatras"", ""Hawk""]","[0.5623992681503296, 0.5563880205154419, 0.49148643016815186, 0.4429408311843872, 0.4362318813800812]"
4,centroid,1,467,Turbine,Turbine,"[""Turbine"", ""Braga"", ""Hawk"", ""Castor"", ""Vega""]","[0.9106270670890808, 0.5232490301132202, 0.3926580250263214, 0.37065836787223816, 0.23291075229644775]"
4,centroid,1,468,Turbine,Turbine,"[""Turbine"", ""Castor"", ""Alaris"", ""Mytikas"", ""Hawk""]","[0.894138514995575, 0.4429530203342438, 0.4054809808731079, 0.38151124119758606, 0.3554328680038452]"
4,centroid,1,469,Vega,Vega,"[""Vega"", ""Hawk"", ""Turbine"", ""Braga"", ""Mytikas""]","[0.7510961890220642, 0.6523831486701965, 0.5503460168838501, 0.4852311611175537, 0.4795759916305542]"
4,centroid,1,470,Vega,Vega,"[""Vega"", ""Trius"", ""Alaris"", ""Braga"", ""Gemini""]","[0.7596433162689209, 0.4599350094795227, 0.42854219675064087, 0.4109189808368683, 0.27179524302482605]"
4,centroid,1,471,Vega,Vega,"[""Vega"", ""Hawk"", ""Alaris"", ""Braga"", ""Turbine""]","[0.8865957260131836, 0.5171955227851868, 0.5060408115386963, 0.4957602620124817, 0.46543288230895996]"
4,centroid,1,472,Vega,Vega,"[""Vega"", ""Braga"", ""Gemini"", ""Hawk"", ""Alaris""]","[0.8863108158111572, 0.45312783122062683, 0.3999844193458557, 0.3689461946487427, 0.3497135043144226]"
4,centroid,1,473,Vega,Vega,"[""Vega"", ""Hawk"", ""Braga"", ""Alaris"", ""Turbine""]","[0.9104292988777161, 0.46884140372276306, 0.45482730865478516, 0.39187830686569214, 0.3686589002609253]"
4,centroid,1,474,Vega,Vega,"[""Vega"", ""Hawk"", ""Alaris"", ""Turbine"", ""Braga""]","[0.9246630668640137, 0.4751353859901428, 0.43077003955841064, 0.42163774371147156, 0.36871927976608276]"
4,centroid,1,475,Vega,Vega,"[""Vega"", ""Turbine"", ""Hawk"", ""Alaris"", ""Braga""]","[0.8612308502197266, 0.5225988030433655, 0.4444425702095032, 0.39205217361450195, 0.24745053052902222]"
4,centroid,1,476,Vega,Vega,"[""Vega"", ""Braga"", ""Gemini"", ""Hawk"", ""Alaris""]","[0.8150554895401001, 0.6453005075454712, 0.5442207455635071, 0.45661452412605286, 0.22899773716926575]"
4,centroid,1,477,Vega,Vega,"[""Vega"", ""Alcatras"", ""Hawk"", ""Alaris"", ""Braga""]","[0.865767240524292, 0.46269869804382324, 0.44076013565063477, 0.4362761378288269, 0.35685911774635315]"
4,centroid,1,478,Vega,Vega,"[""Vega"", ""Turbine"", ""Hawk"", ""Braga"", ""Gemini""]","[0.7917823195457458, 0.4859180152416229, 0.44195181131362915, 0.26713329553604126, 0.2595561146736145]"
4,centroid,1,479,Vega,Vega,"[""Vega"", ""Hawk"", ""Braga"", ""Alaris"", ""Gemini""]","[0.9386202096939087, 0.584761381149292, 0.556015133857727, 0.435421347618103, 0.39186954498291016]"
4,centroid,1,480,Vega,Vega,"[""Vega"", ""Hawk"", ""Gemini"", ""Braga"", ""Turbine""]","[0.9178265333175659, 0.5151985883712769, 0.40673261880874634, 0.31209370493888855, 0.29450559616088867]"
4,centroid,1,481,Vega,Vega,"[""Vega"", ""Gemini"", ""Hawk"", ""Xtreme"", ""Braga""]","[0.7196048498153687, 0.6609497666358948, 0.4917897880077362, 0.3751901686191559, 0.33194631338119507]"
4,centroid,1,482,Vega,Vega,"[""Vega"", ""Hawk"", ""Braga"", ""Alaris"", ""Gemini""]","[0.9480564594268799, 0.5291540622711182, 0.4691016972064972, 0.40957117080688477, 0.36951011419296265]"
4,centroid,1,483,Vega,Vega,"[""Vega"", ""Braga"", ""Gemini"", ""Turbine"", ""Hawk""]","[0.9298849701881409, 0.4551790952682495, 0.42466968297958374, 0.2979770600795746, 0.29332005977630615]"
4,centroid,1,484,Vega,Vega,"[""Vega"", ""Braga"", ""Turbine"", ""Gemini"", ""Hawk""]","[0.8315255641937256, 0.5547342300415039, 0.4688407778739929, 0.36114153265953064, 0.3234158158302307]"
4,centroid,1,485,Vega,Vega,"[""Vega"", ""Gemini"", ""Braga"", ""Hawk"", ""Trius""]","[0.8782176971435547, 0.5288012027740479, 0.3742526173591614, 0.35746994614601135, 0.18085414171218872]"
4,centroid,1,486,Vega,Vega,"[""Vega"", ""Gemini"", ""Hawk"", ""Braga"", ""Alaris""]","[0.8938496112823486, 0.44572749733924866, 0.41578999161720276, 0.4148249626159668, 0.3460958003997803]"
4,centroid,1,487,Vega,Vega,"[""Vega"", ""Braga"", ""Hawk"", ""Turbine"", ""Alaris""]","[0.8464325666427612, 0.6384785175323486, 0.6150609254837036, 0.4910987615585327, 0.37920063734054565]"
4,centroid,1,488,Vega,Vega,"[""Vega"", ""Hawk"", ""Gemini"", ""Braga"", ""Alaris""]","[0.9104982614517212, 0.48770612478256226, 0.38451576232910156, 0.373741090297699, 0.22739534080028534]"
4,centroid,1,489,Vega,Vega,"[""Vega"", ""Hawk"", ""Turbine"", ""Alaris"", ""Gemini""]","[0.7394673824310303, 0.4266969561576843, 0.38518816232681274, 0.2663986384868622, 0.19352975487709045]"
4,centroid,1,490,Vega,Vega,"[""Vega"", ""Braga"", ""Alaris"", ""Alcatras"", ""Turbine""]","[0.8573732376098633, 0.49441978335380554, 0.44971704483032227, 0.32112234830856323, 0.29554224014282227]"
4,centroid,1,491,Vega,Vega,"[""Vega"", ""Hawk"", ""Braga"", ""Gemini"", ""Turbine""]","[0.9434481263160706, 0.5301056504249573, 0.4877321124076843, 0.42664819955825806, 0.3306882381439209]"
4,centroid,1,492,Vega,Vega,"[""Vega"", ""Braga"", ""Hawk"", ""Turbine"", ""Gemini""]","[0.9207314848899841, 0.53606116771698, 0.5286164879798889, 0.4211198091506958, 0.3251338303089142]"
4,centroid,1,493,Vega,Vega,"[""Vega"", ""Hawk"", ""Gemini"", ""Turbine"", ""Braga""]","[0.8194279670715332, 0.35137373208999634, 0.28379079699516296, 0.2818700969219208, 0.20601311326026917]"
4,centroid,1,494,Vega,Vega,"[""Vega"", ""Hawk"", ""Turbine"", ""Braga"", ""Gemini""]","[0.9243053793907166, 0.5390884280204773, 0.4686554968357086, 0.4352705180644989, 0.3464775085449219]"
4,centroid,1,495,Vega,Vega,"[""Vega"", ""Alaris"", ""Hawk"", ""Turbine"", ""Braga""]","[0.6954872608184814, 0.5939901471138, 0.5450615882873535, 0.5053949356079102, 0.3689764142036438]"
4,centroid,1,496,Vega,Vega,"[""Vega"", ""Gemini"", ""Hawk"", ""Turbine"", ""Braga""]","[0.8018299341201782, 0.59942626953125, 0.4103821814060211, 0.39286231994628906, 0.3814547657966614]"
4,centroid,1,497,Vega,Vega,"[""Vega"", ""Alaris"", ""Braga"", ""Gemini"", ""Hawk""]","[0.8727192282676697, 0.2833927869796753, 0.1967150866985321, 0.19298268854618073, 0.17572709918022156]"
4,centroid,1,498,Vega,Vega,"[""Vega"", ""Braga"", ""Hawk"", ""Gemini"", ""Turbine""]","[0.8570798635482788, 0.6306853294372559, 0.5533530116081238, 0.4239453971385956, 0.3569033443927765]"
4,centroid,1,499,Vega,Vega,"[""Vega"", ""Gemini"", ""Trius"", ""Braga"", ""Alaris""]","[0.8421549201011658, 0.2988366484642029, 0.2550719976425171, 0.24148814380168915, 0.23487508296966553]"
4,centroid,1,500,Vega,Vega,"[""Vega"", ""Hawk"", ""Braga"", ""Alaris"", ""Gemini""]","[0.9352495074272156, 0.4766666889190674, 0.3851547837257385, 0.362194299697876, 0.3577389121055603]"
4,centroid,1,501,Vega,Vega,"[""Vega"", ""Gemini"", ""Hawk"", ""Turbine"", ""Braga""]","[0.8678959608078003, 0.41797319054603577, 0.3200286030769348, 0.18301472067832947, 0.12095064669847488]"
4,centroid,1,502,Vega,Vega,"[""Vega"", ""Hawk"", ""Turbine"", ""Braga"", ""Alaris""]","[0.9046515822410583, 0.6909962296485901, 0.46158552169799805, 0.43692928552627563, 0.35960274934768677]"
4,centroid,1,503,Vega,Vega,"[""Vega"", ""Hawk"", ""Alaris"", ""Braga"", ""Turbine""]","[0.959416925907135, 0.4634409546852112, 0.45308417081832886, 0.42914706468582153, 0.3304508924484253]"
4,centroid,1,504,Velorum,Velorum,"[""Velorum"", ""Nivalis"", ""Ilias"", ""Denom"", ""Ratikon""]","[0.9411537647247314, 0.5728982090950012, 0.5519638061523438, 0.44766905903816223, 0.3275997042655945]"
4,centroid,1,505,Velorum,Velorum,"[""Velorum"", ""Ilias"", ""Nivalis"", ""Triton"", ""Denom""]","[0.9291477203369141, 0.3903472423553467, 0.2985762357711792, 0.2519870102405548, 0.20088884234428406]"
4,centroid,1,506,Velorum,Velorum,"[""Velorum"", ""Ilias"", ""Nivalis"", ""Triton"", ""Ratikon""]","[0.8481045961380005, 0.5024754405021667, 0.4402098059654236, 0.28205716609954834, 0.2570558190345764]"
4,centroid,1,507,Velorum,Velorum,"[""Velorum"", ""Ilias"", ""Nivalis"", ""Denom"", ""Ratikon""]","[0.7462501525878906, 0.6692174673080444, 0.45361438393592834, 0.37526899576187134, 0.35348695516586304]"
4,centroid,1,508,Velorum,Velorum,"[""Velorum"", ""Nivalis"", ""Ilias"", ""Denom"", ""Ratikon""]","[0.9323074817657471, 0.664635181427002, 0.48497670888900757, 0.4415189027786255, 0.37951189279556274]"
4,centroid,1,509,Velorum,Velorum,"[""Velorum"", ""Ilias"", ""Nivalis"", ""Denom"", ""Ratikon""]","[0.9233251810073853, 0.4606590270996094, 0.424102783203125, 0.378335177898407, 0.18370534479618073]"
4,centroid,1,510,Velorum,Velorum,"[""Velorum"", ""Nivalis"", ""Ilias"", ""Denom"", ""Ratikon""]","[0.9579579830169678, 0.5985063314437866, 0.4885309338569641, 0.40372592210769653, 0.23113656044006348]"
4,centroid,1,511,Velorum,Velorum,"[""Velorum"", ""Ilias"", ""Denom"", ""Nivalis"", ""Triton""]","[0.803514838218689, 0.6826949119567871, 0.4644438624382019, 0.46320840716362, 0.3875959515571594]"
4,centroid,1,512,Velorum,Velorum,"[""Velorum"", ""Nivalis"", ""Ilias"", ""Mytikas"", ""Ratikon""]","[0.8529824614524841, 0.49183887243270874, 0.3821220099925995, 0.19270548224449158, 0.17765212059020996]"
4,centroid,1,513,Velorum,Velorum,"[""Velorum"", ""Ilias"", ""Nivalis"", ""Xtreme"", ""Triton""]","[0.6951639652252197, 0.46306589245796204, 0.43591421842575073, 0.30925673246383667, 0.21866127848625183]"
4,centroid,1,514,Velorum,Velorum,"[""Velorum"", ""Ilias"", ""Nivalis"", ""Denom"", ""Ratikon""]","[0.940601110458374, 0.5144118070602417, 0.4647755026817322, 0.3113815188407898, 0.242713063955307]"
4,centroid,1,515,Velorum,Velorum,"[""Velorum"", ""Ilias"", ""Denom"", ""Ratikon"", ""Nivalis""]","[0.7185724973678589, 0.6518667340278625, 0.5247431397438049, 0.40925848484039307, 0.32562482357025146]"
4,centroid,1,516,Velorum,Velorum,"[""Velorum"", ""Ilias"", ""Nivalis"", ""Denom"", ""Ratikon""]","[0.9392468333244324, 0.4919279217720032, 0.43083152174949646, 0.2735692858695984, 0.22122573852539062]"
4,centroid,1,517,Velorum,Velorum,"[""Velorum"", ""Ilias"", ""Nivalis"", ""Denom"", ""Ratikon""]","[0.9394127726554871, 0.554747462272644, 0.37675976753234863, 0.30592721700668335, 0.24872350692749023]"
4,centroid,1,518,Velorum,Denom,"[""Denom"", ""Trius"", ""Ratikon"", ""Ilias"", ""Velorum""]","[0.4942302107810974, 0.3952174186706543, 0.37779486179351807, 0.31979745626449585, 0.23060321807861328]"
4,centroid,1,519,Velorum,Velorum,"[""Velorum"", ""Ilias"", ""Nivalis"", ""Denom"", ""Ratikon""]","[0.9395287036895752, 0.5063226222991943, 0.3897995352745056, 0.3866956830024719, 0.2292363941669464]"
4,centroid,1,520,Velorum,Velorum,"[""Velorum"", ""Ilias"", ""Nivalis"", ""Ratikon"", ""Denom""]","[0.8639602065086365, 0.6446187496185303, 0.34820789098739624, 0.31568780541419983, 0.2774321436882019]"
4,centroid,1,521,Velorum,Velorum,"[""Velorum"", ""Ilias"", ""Triton"", ""Nivalis"", ""Ratikon""]","[0.8805997967720032, 0.6091991066932678, 0.3032737076282501, 0.28943708539009094, 0.27187737822532654]"
4,centroid,1,522,Velorum,Velorum,"[""Velorum"", ""Nivalis"", ""Ilias"", ""Ratikon"", ""Mytikas""]","[0.7351245880126953, 0.5519586801528931, 0.3567327857017517, 0.306719034910202, 0.2729858160018921]"
4,centroid,1,523,Velorum,Velorum,"[""Velorum"", ""Ilias"", ""Denom"", ""Trius"", ""Ratikon""]","[0.7981458306312561, 0.3857249915599823, 0.2436181902885437, 0.21223203837871552, 0.18753476440906525]"
4,centroid,1,524,Velorum,Velorum,"[""Velorum"", ""Ilias"", ""Nivalis"", ""Triton"", ""Ratikon""]","[0.8813742399215698, 0.4892958998680115, 0.4702654778957367, 0.2178989052772522, 0.17343175411224365]"
4,centroid,1,525,Velorum,Velorum,"[""Velorum"", ""Denom"", ""Ratikon"", ""Ilias"", ""Nivalis""]","[0.7184955477714539, 0.6407766938209534, 0.4933728873729706, 0.4271344542503357, 0.41167768836021423]"
4,centroid,1,526,Velorum,Velorum,"[""Velorum"", ""Ilias"", ""Nivalis"", ""Denom"", ""Ratikon""]","[0.9203466176986694, 0.6692032217979431, 0.4662668704986572, 0.43863341212272644, 0.3936800956726074]"
4,centroid,1,527,Velorum,Velorum,"[""Velorum"", ""Nivalis"", ""Ilias"", ""Denom"", ""Ratikon""]","[0.9233629703521729, 0.600722074508667, 0.5734790563583374, 0.5013512372970581, 0.4485771059989929]"
4,centroid,1,528,Velorum,Velorum,"[""Velorum"", ""Denom"", ""Ilias"", ""Nivalis"", ""Ratikon""]","[0.8795359134674072, 0.6572778820991516, 0.6405108571052551, 0.5223489999771118, 0.5057501196861267]"
4,centroid,1,529,Velorum,Velorum,"[""Velorum"", ""Ilias"", ""Nivalis"", ""Denom"", ""Ratikon""]","[0.8562724590301514, 0.6996520757675171, 0.3562609553337097, 0.3125457167625427, 0.23852261900901794]"
4,centroid,1,530,Velorum,Velorum,"[""Velorum"", ""Ilias"", ""Nivalis"", ""Ratikon"", ""Denom""]","[0.938551127910614, 0.5504211783409119, 0.4463346600532532, 0.36470431089401245, 0.3278677761554718]"
4,centroid,1,531,Velorum,Velorum,"[""Velorum"", ""Ilias"", ""Nivalis"", ""Ratikon"", ""Denom""]","[0.8146920204162598, 0.6156777739524841, 0.4090985953807831, 0.40016818046569824, 0.39366742968559265]"
4,centroid,1,532,Velorum,Velorum,"[""Velorum"", ""Ilias"", ""Ratikon"", ""Nivalis"", ""Denom""]","[0.8504227995872498, 0.7369120121002197, 0.548194169998169, 0.4837763011455536, 0.4780644178390503]"
4,centroid,1,533,Velorum,Velorum,"[""Velorum"", ""Nivalis"", ""Ilias"", ""Castor"", ""Alcatras""]","[0.7871080636978149, 0.34811389446258545, 0.27537915110588074, 0.18382543325424194, 0.16882877051830292]"
4,centroid,1,534,Velorum,Velorum,"[""Velorum"", ""Ilias"", ""Ratikon"", ""Nivalis"", ""Denom""]","[0.7561996579170227, 0.43566447496414185, 0.3526884615421295, 0.3058381676673889, 0.23802907764911652]"
4,centroid,1,535,Velorum,Alcatras,"[""Alcatras"", ""Castor"", ""Velorum"", ""Alaris"", ""Ratikon""]","[0.4880421459674835, 0.4693313539028168, 0.4669387936592102, 0.22953759133815765, 0.19450809061527252]"
4,centroid,1,536,Velorum,Velorum,"[""Velorum"", ""Ilias"", ""Alcatras"", ""Nivalis"", ""Denom""]","[0.8809041976928711, 0.5351893901824951, 0.2956240773200989, 0.2555426359176636, 0.23829302191734314]"
4,centroid,1,537,Velorum,Velorum,"[""Velorum"", ""Denom"", ""Nivalis"", ""Ilias"", ""Ratikon""]","[0.9025868773460388, 0.3698573410511017, 0.35412681102752686, 0.3520687520503998, 0.2593567371368408]"
4,centroid,1,538,Velorum,Velorum,"[""Velorum"", ""Ilias"", ""Ratikon"", ""Denom"", ""Nivalis""]","[0.8425695300102234, 0.6791055202484131, 0.5242446064949036, 0.4907163381576538, 0.46281808614730835]"
4,centroid,1,539,Velorum,Velorum,"[""Velorum"", ""Nivalis"", ""Ilias"", ""Mytikas"", ""Castor""]","[0.783298909664154, 0.49400216341018677, 0.2919579744338989, 0.24285712838172913, 0.21476174890995026]"
4,centroid,1,540,Velorum,Velorum,"[""Velorum"", ""Ilias"", ""Nivalis"", ""Denom"", ""Ratikon""]","[0.9146623611450195, 0.5228173732757568, 0.4524999260902405, 0.24483582377433777, 0.22603388130664825]"
4,centroid,1,541,Velorum,Velorum,"[""Velorum"", ""Nivalis"", ""Ilias"", ""Denom"", ""Ratikon""]","[0.9053773283958435, 0.6390164494514465, 0.6049020886421204, 0.40328818559646606, 0.3454807996749878]"
4,centroid,1,542,Velorum,Velorum,"[""Velorum"", ""Denom"", ""Nivalis"", ""Ratikon"", ""Ilias""]","[0.8742673397064209, 0.4848705530166626, 0.4753495156764984, 0.4407152831554413, 0.3878595232963562]"
4,centroid,1,543,Velorum,Velorum,"[""Velorum"", ""Nivalis"", ""Ilias"", ""Ratikon"", ""Denom""]","[0.8519829511642456, 0.5686594247817993, 0.4271538257598877, 0.28422707319259644, 0.23580075800418854]"
4,centroid,1,544,Velorum,Velorum,"[""Velorum"", ""Ilias"", ""Nivalis"", ""Castor"", ""Denom""]","[0.9208793044090271, 0.3372544050216675, 0.2659008800983429, 0.25268495082855225, 0.23566702008247375]"
4,centroid,1,545,Velorum,Velorum,"[""Velorum"", ""Ilias"", ""Triton"", ""Castor"", ""Nivalis""]","[0.8687433004379272, 0.49360623955726624, 0.28064340353012085, 0.21828627586364746, 0.17687568068504333]"
4,centroid,1,546,Velorum,Velorum,"[""Velorum"", ""Nivalis"", ""Ilias"", ""Denom"", ""Ratikon""]","[0.959721028804779, 0.6320838928222656, 0.5638434886932373, 0.5036146640777588, 0.410025417804718]"
4,centroid,1,547,Velorum,Velorum,"[""Velorum"", ""Ilias"", ""Nivalis"", ""Denom"", ""Triton""]","[0.9035786390304565, 0.5327892303466797, 0.2771199941635132, 0.2397584319114685, 0.1683751940727234]"
4,centroid,1,548,Velorum,Velorum,"[""Velorum"", ""Nivalis"", ""Denom"", ""Ilias"", ""Ratikon""]","[0.9186965227127075, 0.6283367872238159, 0.5078505873680115, 0.430339515209198, 0.4036690592765808]"
4,centroid,1,549,Velorum,Velorum,"[""Velorum"", ""Ilias"", ""Triton"", ""Trius"", ""Denom""]","[0.7661827206611633, 0.49720966815948486, 0.39115995168685913, 0.2584475576877594, 0.17715653777122498]"
4,centroid,1,550,Velorum,Velorum,"[""Velorum"", ""Ilias"", ""Nivalis"", ""Denom"", ""Ratikon""]","[0.9482465982437134, 0.5237040519714355, 0.5008682012557983, 0.2875294089317322, 0.2556101083755493]"
4,centroid,1,551,Velorum,Velorum,"[""Velorum"", ""Ilias"", ""Denom"", ""Nivalis"", ""Ratikon""]","[0.904212474822998, 0.4486203193664551, 0.2953893542289734, 0.2953616976737976, 0.20857752859592438]"
4,centroid,1,552,Velorum,Velorum,"[""Velorum"", ""Ilias"", ""Nivalis"", ""Denom"", ""Triton""]","[0.8543118834495544, 0.5142322778701782, 0.3056916892528534, 0.2927308678627014, 0.2583847939968109]"
4,centroid,1,553,Velorum,Velorum,"[""Velorum"", ""Ilias"", ""Denom"", ""Ratikon"", ""Nivalis""]","[0.8516311645507812, 0.5232922434806824, 0.4289662837982178, 0.35891371965408325, 0.35760417580604553]"
4,centroid,1,554,Velorum,Velorum,"[""Velorum"", ""Ilias"", ""Nivalis"", ""Triton"", ""Denom""]","[0.9110212922096252, 0.5171353220939636, 0.3992156386375427, 0.2882167398929596, 0.2453363835811615]"
4,centroid,1,555,Velorum,Velorum,"[""Velorum"", ""Ilias"", ""Triton"", ""Castor"", ""Alcatras""]","[0.8494772911071777, 0.3941425681114197, 0.27433574199676514, 0.270721971988678, 0.26301413774490356]"
4,centroid,1,556,Velorum,Velorum,"[""Velorum"", ""Nivalis"", ""Ilias"", ""Xtreme"", ""Denom""]","[0.8959109783172607, 0.4645662307739258, 0.39606428146362305, 0.19828727841377258, 0.16781574487686157]"
4,centroid,1,557,Velorum,Velorum,"[""Velorum"", ""Ilias"", ""Nivalis"", ""Denom"", ""Ratikon""]","[0.945366382598877, 0.5452942848205566, 0.4721187353134155, 0.29952043294906616, 0.27667033672332764]"
4,centroid,1,558,Velorum,Velorum,"[""Velorum"", ""Ilias"", ""Nivalis"", ""Denom"", ""Xtreme""]","[0.9355247616767883, 0.5344327688217163, 0.4018732011318207, 0.29258543252944946, 0.2003157138824463]"
4,centroid,1,559,Velorum,Velorum,"[""Velorum"", ""Nivalis"", ""Ilias"", ""Denom"", ""Ratikon""]","[0.9378832578659058, 0.5918781757354736, 0.5475998520851135, 0.39706236124038696, 0.2634586691856384]"
4,centroid,1,560,Velorum,Velorum,"[""Velorum"", ""Nivalis"", ""Ilias"", ""Denom"", ""Ratikon""]","[0.9086878299713135, 0.6386679410934448, 0.5807614326477051, 0.449602335691452, 0.3448030948638916]"
4,centroid,1,561,Velorum,Velorum,"[""Velorum"", ""Ilias"", ""Nivalis"", ""Ratikon"", ""Denom""]","[0.8676727414131165, 0.6549614667892456, 0.5978904962539673, 0.49763742089271545, 0.4381607174873352]"
4,centroid,1,562,Velorum,Velorum,"[""Velorum"", ""Ilias"", ""Denom"", ""Ratikon"", ""Nivalis""]","[0.8475111126899719, 0.685701310634613, 0.5060043334960938, 0.47624140977859497, 0.4311378598213196]"
4,centroid,1,563,Xtreme,Xtreme,"[""Xtreme"", ""Gemini"", ""Steel_Wheel"", ""Triton"", ""Braga""]","[0.8573613166809082, 0.4632309377193451, 0.29090699553489685, 0.025743572041392326, -0.004803916439414024]"
4,centroid,1,564,Xtreme,Xtreme,"[""Xtreme"", ""Velorum"", ""Triton"", ""Nivalis"", ""Ilias""]","[0.6347211599349976, 0.4130339026451111, 0.2863115668296814, 0.2386997640132904, 0.18342801928520203]"
4,centroid,1,565,Xtreme,Xtreme,"[""Xtreme"", ""Gemini"", ""Steel_Wheel"", ""Ilias"", ""Nivalis""]","[0.9542820453643799, 0.441108375787735, 0.2371065318584442, 0.1260899156332016, 0.09756606072187424]"
4,centroid,1,566,Xtreme,Xtreme,"[""Xtreme"", ""Gemini"", ""Steel_Wheel"", ""Ilias"", ""Nivalis""]","[0.951518177986145, 0.4162902235984802, 0.19868528842926025, 0.1364942193031311, 0.05220816656947136]"
4,centroid,1,567,Xtreme,Xtreme,"[""Xtreme"", ""Gemini"", ""Denom"", ""Trius"", ""Nivalis""]","[0.6964106559753418, 0.43267449736595154, 0.18475143611431122, 0.18354539573192596, 0.15562301874160767]"
4,centroid,1,568,Xtreme,Xtreme,"[""Xtreme"", ""Gemini"", ""Ilias"", ""Triton"", ""Nivalis""]","[0.8861187696456909, 0.4421166777610779, 0.19194471836090088, 0.1575397402048111, 0.10550320148468018]"
4,centroid,1,569,Xtreme,Xtreme,"[""Xtreme"", ""Gemini"", ""Steel_Wheel"", ""Hawk"", ""Ilias""]","[0.9305152893066406, 0.6126199960708618, 0.19363218545913696, 0.10439321398735046, 0.1035456508398056]"
4,centroid,1,570,Xtreme,Xtreme,"[""Xtreme"", ""Gemini"", ""Steel_Wheel"", ""Nivalis"", ""Ilias""]","[0.9552791118621826, 0.45875322818756104, 0.2152470052242279, 0.20997530221939087, 0.11847439408302307]"
4,centroid,1,571,Xtreme,Xtreme,"[""Xtreme"", ""Gemini"", ""Steel_Wheel"", ""Nivalis"", ""Trius""]","[0.6627651453018188, 0.46344244480133057, 0.3395150303840637, 0.17617705464363098, 0.033998239785432816]"
4,centroid,1,572,Xtreme,Xtreme,"[""Xtreme"", ""Gemini"", ""Steel_Wheel"", ""Ilias"", ""Nivalis""]","[0.9620384573936462, 0.4988322854042053, 0.22301620244979858, 0.15413443744182587, 0.11681726574897766]"
4,centroid,1,573,Xtreme,Xtreme,"[""Xtreme"", ""Gemini"", ""Mytikas"", ""Alcatras"", ""Hawk""]","[0.7277740240097046, 0.37583890557289124, 0.31827735900878906, 0.1739351451396942, 0.1672194004058838]"
4,centroid,1,574,Xtreme,Xtreme,"[""Xtreme"", ""Gemini"", ""Ilias"", ""Steel_Wheel"", ""Nivalis""]","[0.9183049201965332, 0.46271926164627075, 0.20985732972621918, 0.1959141194820404, 0.09156610071659088]"
4,centroid,1,575,Xtreme,Xtreme,"[""Xtreme"", ""Gemini"", ""Ilias"", ""Steel_Wheel"", ""Nivalis""]","[0.8619593977928162, 0.47702378034591675, 0.35997313261032104, 0.21311499178409576, 0.0909963995218277]"
4,centroid,1,576,Xtreme,Xtreme,"[""Xtreme"", ""Gemini"", ""Steel_Wheel"", ""Braga"", ""Hawk""]","[0.920430064201355, 0.388138085603714, 0.30889153480529785, 0.04997231811285019, 0.042065154761075974]"
4,centroid,1,577,Xtreme,Xtreme,"[""Xtreme"", ""Gemini"", ""Braga"", ""Ilias"", ""Triton""]","[0.9056678414344788, 0.5956600904464722, 0.21183672547340393, 0.14643558859825134, 0.11439239233732224]"
4,centroid,1,578,Xtreme,Xtreme,"[""Xtreme"", ""Castor"", ""Gemini"", ""Mytikas"", ""Steel_Wheel""]","[0.7425166964530945, 0.2505858838558197, 0.2024298757314682, 0.18155816197395325, 0.17500275373458862]"
4,centroid,1,579,Xtreme,Xtreme,"[""Xtreme"", ""Gemini"", ""Mytikas"", ""Steel_Wheel"", ""Hawk""]","[0.7130936980247498, 0.5380115509033203, 0.35840854048728943, 0.17185521125793457, 0.11592493951320648]"
4,centroid,1,580,Xtreme,Xtreme,"[""Xtreme"", ""Braga"", ""Hawk"", ""Gemini"", ""Mytikas""]","[0.6294145584106445, 0.5196471214294434, 0.49304598569869995, 0.39337801933288574, 0.32059815526008606]"
4,centroid,1,581,Xtreme,Xtreme,"[""Xtreme"", ""Gemini"", ""Hawk"", ""Braga"", ""Steel_Wheel""]","[0.9204931259155273, 0.5470583438873291, 0.17719560861587524, 0.14021506905555725, 0.1334419697523117]"
4,centroid,1,582,Xtreme,Xtreme,"[""Xtreme"", ""Gemini"", ""Steel_Wheel"", ""Nivalis"", ""Ilias""]","[0.9325170516967773, 0.3604929447174072, 0.2674267888069153, 0.21278172731399536, 0.18372946977615356]"
4,centroid,1,583,Xtreme,Xtreme,"[""Xtreme"", ""Gemini"", ""Steel_Wheel"", ""Nivalis"", ""Ilias""]","[0.9696854948997498, 0.5438389182090759, 0.14019377529621124, 0.09306428581476212, 0.06295180320739746]"
4,centroid,1,584,Xtreme,Xtreme,"[""Xtreme"", ""Gemini"", ""Steel_Wheel"", ""Nivalis"", ""Ilias""]","[0.9702611565589905, 0.5330295562744141, 0.220054030418396, 0.1506698727607727, 0.13325181603431702]"
4,centroid,1,585,Xtreme,Xtreme,"[""Xtreme"", ""Gemini"", ""Steel_Wheel"", ""Ilias"", ""Velorum""]","[0.9260011315345764, 0.42292124032974243, 0.20257365703582764, 0.166831836104393, 0.1414119303226471]"
4,centroid,1,586,Xtreme,Xtreme,"[""Xtreme"", ""Gemini"", ""Steel_Wheel"", ""Ilias"", ""Nivalis""]","[0.8772900104522705, 0.40151023864746094, 0.24798434972763062, 0.08646001666784286, 0.07567095011472702]"
4,centroid,1,587,Xtreme,Xtreme,"[""Xtreme"", ""Gemini"", ""Ilias"", ""Nivalis"", ""Triton""]","[0.8400681614875793, 0.45358869433403015, 0.24614867568016052, 0.21177509427070618, 0.16002537310123444]"
4,centroid,1,588,Xtreme,Xtreme,"[""Xtreme"", ""Gemini"", ""Steel_Wheel"", ""Ilias"", ""Nivalis""]","[0.9497086405754089, 0.45435479283332825, 0.2536287009716034, 0.061226923018693924, 0.011887073516845703]"
4,centroid,1,589,Xtreme,Xtreme,"[""Xtreme"", ""Gemini"", ""Steel_Wheel"", ""Ilias"", ""Nivalis""]","[0.9601409435272217, 0.556922197341919, 0.21168862283229828, 0.05824456363916397, 0.0516090914607048]"
4,centroid,1,590,Xtreme,Xtreme,"[""Xtreme"", ""Gemini"", ""Steel_Wheel"", ""Ilias"", ""Velorum""]","[0.9363993406295776, 0.40181535482406616, 0.2231680154800415, 0.22009459137916565, 0.05262328311800957]"
4,centroid,1,591,Xtreme,Xtreme,"[""Xtreme"", ""Gemini"", ""Ilias"", ""Steel_Wheel"", ""Nivalis""]","[0.8911489844322205, 0.42560040950775146, 0.19701185822486877, 0.15523730218410492, 0.1542356312274933]"
4,centroid,1,592,Xtreme,Xtreme,"[""Xtreme"", ""Gemini"", ""Steel_Wheel"", ""Hawk"", ""Ilias""]","[0.9438939690589905, 0.49899590015411377, 0.2191023826599121, 0.09044064581394196, 0.07289863377809525]"
4,centroid,1,593,Xtreme,Xtreme,"[""Xtreme"", ""Gemini"", ""Ilias"", ""Steel_Wheel"", ""Denom""]","[0.8719758987426758, 0.4743705689907074, 0.20027127861976624, 0.1600048542022705, 0.11552220582962036]"
4,centroid,1,594,Xtreme,Xtreme,"[""Xtreme"", ""Gemini"", ""Steel_Wheel"", ""Ilias"", ""Nivalis""]","[0.9607184529304504, 0.5213682651519775, 0.20717424154281616, 0.06588714569807053, 0.06341002881526947]"
4,centroid,1,595,Xtreme,Xtreme,"[""Xtreme"", ""Gemini"", ""Braga"", ""Hawk"", ""Steel_Wheel""]","[0.9341980814933777, 0.6551567316055298, 0.2060287743806839, 0.15970611572265625, 0.04509657993912697]"
4,centroid,1,596,Xtreme,Xtreme,"[""Xtreme"", ""Gemini"", ""Hawk"", ""Steel_Wheel"", ""Ilias""]","[0.9283665418624878, 0.5897954702377319, 0.26953092217445374, 0.17693717777729034, 0.02715415321290493]"
4,centroid,1,597,Xtreme,Xtreme,"[""Xtreme"", ""Gemini"", ""Ilias"", ""Velorum"", ""Nivalis""]","[0.8808481693267822, 0.36341357231140137, 0.29604724049568176, 0.2096738964319229, 0.17909309267997742]"
4,centroid,1,598,Xtreme,Xtreme,"[""Xtreme"", ""Gemini"", ""Steel_Wheel"", ""Nivalis"", ""Ilias""]","[0.931555986404419, 0.5301852822303772, 0.17501285672187805, 0.15823949873447418, 0.04992971569299698]"
4,centroid,1,599,Xtreme,Xtreme,"[""Xtreme"", ""Gemini"", ""Denom"", ""Steel_Wheel"", ""Nivalis""]","[0.7235019207000732, 0.42369112372398376, 0.2321757823228836, 0.21152569353580475, 0.18440121412277222]"
4,centroid,1,600,Xtreme,Xtreme,"[""Xtreme"", ""Gemini"", ""Ilias"", ""Steel_Wheel"", ""Velorum""]","[0.9032213091850281, 0.375623881816864, 0.2693817615509033, 0.20976854860782623, 0.1527060717344284]"
