fold,retrieval_mode,topn,query_index,true_label,top1_predicted_label,top_k_labels,top_k_scores
2,centroid,1,0,Alaris,Alaris,"[""Alaris"", ""Alcatras"", ""Hawk"", ""Trius"", ""Braga""]","[0.898983359336853, 0.7061839699745178, 0.545032262802124, 0.5178598165512085, 0.45319709181785583]"
2,centroid,1,1,Alaris,Alaris,"[""Alaris"", ""Alcatras"", ""Trius"", ""Turbine"", ""Braga""]","[0.9432738423347473, 0.7986047863960266, 0.49769410490989685, 0.36425119638442993, 0.3491545617580414]"
2,centroid,1,2,Alaris,Alaris,"[""Alaris"", ""Alcatras"", ""Hawk"", ""Turbine"", ""Mytikas""]","[0.7571918368339539, 0.6270104646682739, 0.47035786509513855, 0.4321420192718506, 0.3132883906364441]"
2,centroid,1,3,Alaris,Alaris,"[""Alaris"", ""Alcatras"", ""Trius"", ""Vega"", ""Hawk""]","[0.8908197283744812, 0.7705368995666504, 0.5979167222976685, 0.4393465518951416, 0.4375765919685364]"
2,centroid,1,4,Alaris,Alaris,"[""Alaris"", ""Alcatras"", ""Vega"", ""Braga"", ""Trius""]","[0.8748122453689575, 0.6120268106460571, 0.6025227904319763, 0.537826657295227, 0.48017618060112]"
2,centroid,1,5,Alaris,Alaris,"[""Alaris"", ""Alcatras"", ""Trius"", ""Braga"", ""Vega""]","[0.8966812491416931, 0.68843674659729, 0.6670353412628174, 0.5501512885093689, 0.5404202938079834]"
2,centroid,1,6,Alaris,Alaris,"[""Alaris"", ""Trius"", ""Braga"", ""Vega"", ""Alcatras""]","[0.8099125623703003, 0.5835004448890686, 0.564635157585144, 0.5547202825546265, 0.506614089012146]"
2,centroid,1,7,Alaris,Alaris,"[""Alaris"", ""Trius"", ""Alcatras"", ""Braga"", ""Triton""]","[0.8551874756813049, 0.7603098154067993, 0.6896741390228271, 0.5971439480781555, 0.47041285037994385]"
2,centroid,1,8,Alaris,Alaris,"[""Alaris"", ""Alcatras"", ""Braga"", ""Vega"", ""Trius""]","[0.9268322587013245, 0.6918826103210449, 0.45701247453689575, 0.44090551137924194, 0.4369683861732483]"
2,centroid,1,9,Alaris,Alaris,"[""Alaris"", ""Alcatras"", ""Turbine"", ""Braga"", ""Hawk""]","[0.9275201559066772, 0.7778754234313965, 0.4921754002571106, 0.46113407611846924, 0.4191237986087799]"
2,centroid,1,10,Alaris,Alaris,"[""Alaris"", ""Trius"", ""Vega"", ""Mytikas"", ""Alcatras""]","[0.5710991621017456, 0.49159014225006104, 0.4171793460845947, 0.3722378611564636, 0.3637261390686035]"
2,centroid,1,11,Alaris,Alaris,"[""Alaris"", ""Alcatras"", ""Trius"", ""Hawk"", ""Braga""]","[0.8861345052719116, 0.7705773115158081, 0.5020475387573242, 0.46933019161224365, 0.3719654083251953]"
2,centroid,1,12,Alaris,Alaris,"[""Alaris"", ""Alcatras"", ""Trius"", ""Braga"", ""Castor""]","[0.9235310554504395, 0.8051800727844238, 0.44871559739112854, 0.41416916251182556, 0.345640629529953]"
2,centroid,1,13,Alaris,Alaris,"[""Alaris"", ""Alcatras"", ""Trius"", ""Braga"", ""Turbine""]","[0.9115373492240906, 0.7277522683143616, 0.4627544581890106, 0.3617728352546692, 0.35763686895370483]"
2,centroid,1,14,Alaris,Alaris,"[""Alaris"", ""Alcatras"", ""Turbine"", ""Vega"", ""Hawk""]","[0.7678172588348389, 0.6941015720367432, 0.4871910810470581, 0.4321068525314331, 0.3887490928173065]"
2,centroid,1,15,Alaris,Alaris,"[""Alaris"", ""Alcatras"", ""Turbine"", ""Castor"", ""Trius""]","[0.8480362892150879, 0.7202966213226318, 0.4698549211025238, 0.3346696197986603, 0.3114234209060669]"
2,centroid,1,16,Alaris,Alaris,"[""Alaris"", ""Alcatras"", ""Vega"", ""Trius"", ""Turbine""]","[0.920576810836792, 0.7532933950424194, 0.4868745505809784, 0.45965754985809326, 0.403403103351593]"
2,centroid,1,17,Alaris,Alaris,"[""Alaris"", ""Alcatras"", ""Braga"", ""Hawk"", ""Turbine""]","[0.9245566129684448, 0.8335733413696289, 0.49663597345352173, 0.4152868390083313, 0.4088922142982483]"
2,centroid,1,18,Alaris,Alaris,"[""Alaris"", ""Alcatras"", ""Trius"", ""Vega"", ""Braga""]","[0.8407304286956787, 0.6481432914733887, 0.48745620250701904, 0.4739290475845337, 0.4361970126628876]"
2,centroid,1,19,Alaris,Alaris,"[""Alaris"", ""Alcatras"", ""Turbine"", ""Hawk"", ""Trius""]","[0.8828518390655518, 0.7116706967353821, 0.504855215549469, 0.4144855737686157, 0.38442856073379517]"
2,centroid,1,20,Alaris,Alcatras,"[""Alcatras"", ""Alaris"", ""Trius"", ""Castor"", ""Triton""]","[0.8977633714675903, 0.8056384921073914, 0.670930802822113, 0.646276593208313, 0.5663235187530518]"
2,centroid,1,21,Alaris,Alaris,"[""Alaris"", ""Alcatras"", ""Braga"", ""Trius"", ""Turbine""]","[0.9230796098709106, 0.8799439668655396, 0.5810993909835815, 0.5418504476547241, 0.48364001512527466]"
2,centroid,1,22,Alaris,Alaris,"[""Alaris"", ""Alcatras"", ""Hawk"", ""Turbine"", ""Vega""]","[0.8246713876724243, 0.6231614351272583, 0.5818997621536255, 0.5229237079620361, 0.3628925085067749]"
2,centroid,1,23,Alaris,Alcatras,"[""Alcatras"", ""Alaris"", ""Trius"", ""Mytikas"", ""Triton""]","[0.8544161319732666, 0.8241575956344604, 0.683290958404541, 0.5170623660087585, 0.48653361201286316]"
2,centroid,1,24,Alaris,Alaris,"[""Alaris"", ""Alcatras"", ""Trius"", ""Turbine"", ""Braga""]","[0.8274197578430176, 0.6560654640197754, 0.5062918663024902, 0.4308382272720337, 0.3928983807563782]"
2,centroid,1,25,Alaris,Alaris,"[""Alaris"", ""Vega"", ""Turbine"", ""Alcatras"", ""Trius""]","[0.8082219958305359, 0.5347052216529846, 0.5241080522537231, 0.5150881409645081, 0.4221683442592621]"
2,centroid,1,26,Alaris,Alaris,"[""Alaris"", ""Alcatras"", ""Vega"", ""Hawk"", ""Trius""]","[0.9131219983100891, 0.6688018441200256, 0.44694051146507263, 0.44595152139663696, 0.44104188680648804]"
2,centroid,1,27,Alaris,Alaris,"[""Alaris"", ""Alcatras"", ""Trius"", ""Turbine"", ""Braga""]","[0.8388716578483582, 0.7471309900283813, 0.6166661381721497, 0.5469052791595459, 0.4807586073875427]"
2,centroid,1,28,Alcatras,Alcatras,"[""Alcatras"", ""Alaris"", ""Castor"", ""Mytikas"", ""Trius""]","[0.8583298921585083, 0.7734146118164062, 0.659940779209137, 0.5244702696800232, 0.5042714476585388]"
2,centroid,1,29,Alcatras,Alcatras,"[""Alcatras"", ""Alaris"", ""Braga"", ""Trius"", ""Mytikas""]","[0.8412982225418091, 0.6278451085090637, 0.5934691429138184, 0.5772445201873779, 0.5160619020462036]"
2,centroid,1,30,Alcatras,Alcatras,"[""Alcatras"", ""Castor"", ""Alaris"", ""Mytikas"", ""Velorum""]","[0.8209593296051025, 0.5691658854484558, 0.5512101054191589, 0.3980637490749359, 0.39658498764038086]"
2,centroid,1,31,Alcatras,Alcatras,"[""Alcatras"", ""Alaris"", ""Braga"", ""Trius"", ""Castor""]","[0.9103479385375977, 0.6885961294174194, 0.5468614101409912, 0.4958638846874237, 0.483228862285614]"
2,centroid,1,32,Alcatras,Alcatras,"[""Alcatras"", ""Alaris"", ""Turbine"", ""Hawk"", ""Braga""]","[0.8486675024032593, 0.7158641219139099, 0.5338037014007568, 0.5296144485473633, 0.5035841464996338]"
2,centroid,1,33,Alcatras,Castor,"[""Castor"", ""Alcatras"", ""Mytikas"", ""Turbine"", ""Triton""]","[0.8248628973960876, 0.7091013789176941, 0.6114710569381714, 0.5995393991470337, 0.590462327003479]"
2,centroid,1,34,Alcatras,Alcatras,"[""Alcatras"", ""Mytikas"", ""Castor"", ""Triton"", ""Trius""]","[0.7921828627586365, 0.76673424243927, 0.7013890147209167, 0.6271642446517944, 0.564450740814209]"
2,centroid,1,35,Alcatras,Alcatras,"[""Alcatras"", ""Alaris"", ""Braga"", ""Castor"", ""Turbine""]","[0.838242769241333, 0.7653669118881226, 0.5359851121902466, 0.5230345726013184, 0.4625833034515381]"
2,centroid,1,36,Alcatras,Alcatras,"[""Alcatras"", ""Castor"", ""Alaris"", ""Turbine"", ""Mytikas""]","[0.8046953082084656, 0.7218502759933472, 0.6671983599662781, 0.6524544954299927, 0.620808482170105]"
2,centroid,1,37,Alcatras,Alcatras,"[""Alcatras"", ""Alaris"", ""Trius"", ""Braga"", ""Castor""]","[0.8732094764709473, 0.7965430021286011, 0.6514371633529663, 0.5851642489433289, 0.48720043897628784]"
2,centroid,1,38,Alcatras,Hawk,"[""Hawk"", ""Alaris"", ""Alcatras"", ""Gemini"", ""Braga""]","[0.5103891491889954, 0.4808937907218933, 0.4203403890132904, 0.41571417450904846, 0.2142273187637329]"
2,centroid,1,39,Alcatras,Castor,"[""Castor"", ""Mytikas"", ""Alcatras"", ""Triton"", ""Velorum""]","[0.7541884183883667, 0.5876426696777344, 0.5625443458557129, 0.44513869285583496, 0.33193477988243103]"
2,centroid,1,40,Alcatras,Alcatras,"[""Alcatras"", ""Alaris"", ""Castor"", ""Trius"", ""Braga""]","[0.9299265742301941, 0.7217413783073425, 0.5527722239494324, 0.5203331708908081, 0.4213831126689911]"
2,centroid,1,41,Alcatras,Alcatras,"[""Alcatras"", ""Alaris"", ""Castor"", ""Mytikas"", ""Braga""]","[0.8681654930114746, 0.6756879687309265, 0.5307502746582031, 0.4914532005786896, 0.4638725519180298]"
2,centroid,1,42,Alcatras,Alcatras,"[""Alcatras"", ""Alaris"", ""Turbine"", ""Braga"", ""Trius""]","[0.7595366835594177, 0.738627016544342, 0.5017399787902832, 0.4470936059951782, 0.3981342613697052]"
2,centroid,1,43,Alcatras,Castor,"[""Castor"", ""Alcatras"", ""Turbine"", ""Triton"", ""Mytikas""]","[0.7326264381408691, 0.7310936450958252, 0.6979055404663086, 0.6238666772842407, 0.6006420850753784]"
2,centroid,1,44,Alcatras,Alcatras,"[""Alcatras"", ""Alaris"", ""Castor"", ""Mytikas"", ""Turbine""]","[0.846609890460968, 0.6402899026870728, 0.6080554127693176, 0.5785898566246033, 0.5529516935348511]"
2,centroid,1,45,Alcatras,Alcatras,"[""Alcatras"", ""Alaris"", ""Mytikas"", ""Castor"", ""Braga""]","[0.8521281480789185, 0.6620333194732666, 0.6440038681030273, 0.6140432953834534, 0.5934243202209473]"
2,centroid,1,46,Alcatras,Alcatras,"[""Alcatras"", ""Alaris"", ""Braga"", ""Castor"", ""Trius""]","[0.8860023021697998, 0.7023295760154724, 0.6416044235229492, 0.5992866158485413, 0.5568437576293945]"
2,centroid,1,47,Alcatras,Castor,"[""Castor"", ""Mytikas"", ""Alcatras"", ""Braga"", ""Triton""]","[0.7986867427825928, 0.7765669822692871, 0.7553146481513977, 0.7197301983833313, 0.69371497631073]"
2,centroid,1,48,Alcatras,Alcatras,"[""Alcatras"", ""Alaris"", ""Castor"", ""Mytikas"", ""Turbine""]","[0.9326839447021484, 0.7462944984436035, 0.6148049831390381, 0.529499888420105, 0.5182141065597534]"
2,centroid,1,49,Alcatras,Alcatras,"[""Alcatras"", ""Alaris"", ""Velorum"", ""Vega"", ""Braga""]","[0.6398031711578369, 0.4769302010536194, 0.3877065181732178, 0.3472222685813904, 0.3381262421607971]"
2,centroid,1,50,Alcatras,Alcatras,"[""Alcatras"", ""Alaris"", ""Braga"", ""Hawk"", ""Castor""]","[0.8367010951042175, 0.801938533782959, 0.4443153142929077, 0.4062710702419281, 0.35834720730781555]"
2,centroid,1,51,Alcatras,Alcatras,"[""Alcatras"", ""Alaris"", ""Castor"", ""Braga"", ""Turbine""]","[0.8829206824302673, 0.7587146759033203, 0.5134574174880981, 0.38617655634880066, 0.3424944281578064]"
2,centroid,1,52,Alcatras,Alcatras,"[""Alcatras"", ""Alaris"", ""Castor"", ""Trius"", ""Mytikas""]","[0.8616982698440552, 0.6086688041687012, 0.5649976134300232, 0.5320409536361694, 0.5252058506011963]"
2,centroid,1,53,Alcatras,Alaris,"[""Alaris"", ""Alcatras"", ""Turbine"", ""Castor"", ""Braga""]","[0.8473601341247559, 0.8394021987915039, 0.5367858409881592, 0.4857458472251892, 0.4199654161930084]"
2,centroid,1,54,Braga,Alaris,"[""Alaris"", ""Braga"", ""Alcatras"", ""Hawk"", ""Castor""]","[0.7629995942115784, 0.7152374982833862, 0.6509221792221069, 0.5505210161209106, 0.532335102558136]"
2,centroid,1,55,Braga,Braga,"[""Braga"", ""Triton"", ""Mytikas"", ""Turbine"", ""Trius""]","[0.8179494738578796, 0.7170928716659546, 0.6433770656585693, 0.6368628740310669, 0.5064561367034912]"
2,centroid,1,56,Braga,Alcatras,"[""Alcatras"", ""Alaris"", ""Braga"", ""Castor"", ""Trius""]","[0.9078081250190735, 0.7843313217163086, 0.6276018023490906, 0.6250068545341492, 0.6237766742706299]"
2,centroid,1,57,Braga,Braga,"[""Braga"", ""Trius"", ""Vega"", ""Gemini"", ""Triton""]","[0.7410677671432495, 0.5074379444122314, 0.49550843238830566, 0.47457078099250793, 0.4736274480819702]"
2,centroid,1,58,Braga,Braga,"[""Braga"", ""Castor"", ""Trius"", ""Alcatras"", ""Triton""]","[0.7641914486885071, 0.7073813676834106, 0.6826921105384827, 0.6795281171798706, 0.645489513874054]"
2,centroid,1,59,Braga,Braga,"[""Braga"", ""Castor"", ""Triton"", ""Alcatras"", ""Trius""]","[0.9133949279785156, 0.7631852030754089, 0.690122127532959, 0.6725345849990845, 0.6645132303237915]"
2,centroid,1,60,Braga,Braga,"[""Braga"", ""Turbine"", ""Hawk"", ""Vega"", ""Gemini""]","[0.8319296836853027, 0.6459458470344543, 0.5583983063697815, 0.4411698281764984, 0.42388197779655457]"
2,centroid,1,61,Braga,Gemini,"[""Gemini"", ""Braga"", ""Xtreme"", ""Vega"", ""Hawk""]","[0.6700944304466248, 0.5967117547988892, 0.5644590854644775, 0.3678986728191376, 0.3113139867782593]"
2,centroid,1,62,Braga,Turbine,"[""Turbine"", ""Braga"", ""Mytikas"", ""Hawk"", ""Castor""]","[0.5532324314117432, 0.4326338469982147, 0.3809613585472107, 0.373924195766449, 0.35793066024780273]"
2,centroid,1,63,Braga,Braga,"[""Braga"", ""Turbine"", ""Alaris"", ""Alcatras"", ""Castor""]","[0.8033781051635742, 0.7396827936172485, 0.7274883389472961, 0.6866146326065063, 0.6217563152313232]"
2,centroid,1,64,Braga,Braga,"[""Braga"", ""Trius"", ""Vega"", ""Gemini"", ""Alcatras""]","[0.9053016901016235, 0.7124004364013672, 0.5830068588256836, 0.5612310171127319, 0.5371497869491577]"
2,centroid,1,65,Braga,Alcatras,"[""Alcatras"", ""Alaris"", ""Turbine"", ""Braga"", ""Castor""]","[0.654707133769989, 0.6072501540184021, 0.6005300879478455, 0.5907976627349854, 0.502983570098877]"
2,centroid,1,66,Braga,Braga,"[""Braga"", ""Trius"", ""Triton"", ""Mytikas"", ""Alcatras""]","[0.8960386514663696, 0.8273993730545044, 0.8008973598480225, 0.6559863090515137, 0.613132655620575]"
2,centroid,1,67,Braga,Braga,"[""Braga"", ""Triton"", ""Trius"", ""Turbine"", ""Alaris""]","[0.8754236698150635, 0.6861019134521484, 0.6532880067825317, 0.6400343179702759, 0.6363531947135925]"
2,centroid,1,68,Braga,Braga,"[""Braga"", ""Castor"", ""Turbine"", ""Alaris"", ""Alcatras""]","[0.8733705282211304, 0.49952059984207153, 0.4648016095161438, 0.4618161916732788, 0.4396767020225525]"
2,centroid,1,69,Braga,Braga,"[""Braga"", ""Trius"", ""Triton"", ""Mytikas"", ""Castor""]","[0.8605111837387085, 0.7308183908462524, 0.7283056974411011, 0.6712156534194946, 0.6579007506370544]"
2,centroid,1,70,Braga,Braga,"[""Braga"", ""Trius"", ""Triton"", ""Mytikas"", ""Alcatras""]","[0.9162511825561523, 0.7516173124313354, 0.7477318048477173, 0.6140546798706055, 0.5238236784934998]"
2,centroid,1,71,Braga,Braga,"[""Braga"", ""Trius"", ""Turbine"", ""Alaris"", ""Triton""]","[0.892970085144043, 0.6781567931175232, 0.6074441075325012, 0.587438702583313, 0.5612802505493164]"
2,centroid,1,72,Braga,Braga,"[""Braga"", ""Triton"", ""Vega"", ""Mytikas"", ""Turbine""]","[0.7358468770980835, 0.630907416343689, 0.5475779175758362, 0.4679614007472992, 0.4512837529182434]"
2,centroid,1,73,Braga,Braga,"[""Braga"", ""Hawk"", ""Vega"", ""Gemini"", ""Triton""]","[0.7277165651321411, 0.6331586837768555, 0.5873174071311951, 0.5026273727416992, 0.40998953580856323]"
2,centroid,1,74,Braga,Braga,"[""Braga"", ""Turbine"", ""Gemini"", ""Hawk"", ""Trius""]","[0.7905207276344299, 0.4983799457550049, 0.4872860312461853, 0.39449355006217957, 0.39245373010635376]"
2,centroid,1,75,Braga,Braga,"[""Braga"", ""Alcatras"", ""Alaris"", ""Castor"", ""Trius""]","[0.7679324150085449, 0.6489080190658569, 0.6140305995941162, 0.4947863221168518, 0.4294429421424866]"
2,centroid,1,76,Braga,Braga,"[""Braga"", ""Trius"", ""Vega"", ""Alaris"", ""Hawk""]","[0.8196215033531189, 0.6411224603652954, 0.5754584670066833, 0.5532418489456177, 0.5191910266876221]"
2,centroid,1,77,Braga,Braga,"[""Braga"", ""Alaris"", ""Trius"", ""Alcatras"", ""Turbine""]","[0.8788676261901855, 0.6571342945098877, 0.5905933380126953, 0.5685261487960815, 0.37328702211380005]"
2,centroid,1,78,Braga,Braga,"[""Braga"", ""Triton"", ""Trius"", ""Mytikas"", ""Hawk""]","[0.8535922765731812, 0.6080677509307861, 0.5826176404953003, 0.5342049598693848, 0.5094296336174011]"
2,centroid,1,79,Braga,Trius,"[""Trius"", ""Triton"", ""Braga"", ""Mytikas"", ""Alcatras""]","[0.867218017578125, 0.8663235306739807, 0.7851396799087524, 0.5992419123649597, 0.5659356117248535]"
2,centroid,1,80,Braga,Braga,"[""Braga"", ""Gemini"", ""Triton"", ""Vega"", ""Trius""]","[0.8013250827789307, 0.60593181848526, 0.5609884858131409, 0.5076808929443359, 0.4424065053462982]"
2,centroid,1,81,Braga,Braga,"[""Braga"", ""Vega"", ""Hawk"", ""Gemini"", ""Turbine""]","[0.7360440492630005, 0.5913175344467163, 0.5704693794250488, 0.45180776715278625, 0.43216922879219055]"
2,centroid,1,82,Braga,Braga,"[""Braga"", ""Trius"", ""Triton"", ""Alcatras"", ""Alaris""]","[0.9417397975921631, 0.7068579196929932, 0.6548188924789429, 0.5513886213302612, 0.5385029315948486]"
2,centroid,1,83,Braga,Braga,"[""Braga"", ""Castor"", ""Mytikas"", ""Triton"", ""Trius""]","[0.8376390933990479, 0.7724162340164185, 0.7055515646934509, 0.687301516532898, 0.6474839448928833]"
2,centroid,1,84,Braga,Castor,"[""Castor"", ""Alcatras"", ""Braga"", ""Mytikas"", ""Triton""]","[0.8021387457847595, 0.7367581129074097, 0.6176953315734863, 0.5917215943336487, 0.5767722129821777]"
2,centroid,1,85,Braga,Braga,"[""Braga"", ""Trius"", ""Triton"", ""Alaris"", ""Castor""]","[0.8421816229820251, 0.7686339616775513, 0.6580784320831299, 0.4996812045574188, 0.4705492854118347]"
2,centroid,1,86,Braga,Braga,"[""Braga"", ""Trius"", ""Gemini"", ""Triton"", ""Alcatras""]","[0.905590295791626, 0.6390664577484131, 0.5585892200469971, 0.5502907633781433, 0.37958967685699463]"
2,centroid,1,87,Braga,Braga,"[""Braga"", ""Triton"", ""Trius"", ""Castor"", ""Alcatras""]","[0.8974384665489197, 0.784807562828064, 0.7232858538627625, 0.6528063416481018, 0.6335907578468323]"
2,centroid,1,88,Braga,Braga,"[""Braga"", ""Turbine"", ""Hawk"", ""Vega"", ""Triton""]","[0.7769640684127808, 0.5981701612472534, 0.5611284971237183, 0.5248737335205078, 0.5094702839851379]"
2,centroid,1,89,Braga,Braga,"[""Braga"", ""Trius"", ""Triton"", ""Gemini"", ""Hawk""]","[0.8191796541213989, 0.486194372177124, 0.47067826986312866, 0.4653446078300476, 0.41774165630340576]"
2,centroid,1,90,Braga,Braga,"[""Braga"", ""Turbine"", ""Castor"", ""Triton"", ""Trius""]","[0.8832245469093323, 0.6185610294342041, 0.5690387487411499, 0.5043900012969971, 0.45197242498397827]"
2,centroid,1,91,Castor,Castor,"[""Castor"", ""Alcatras"", ""Braga"", ""Turbine"", ""Triton""]","[0.8931769132614136, 0.702004075050354, 0.6574949026107788, 0.6512717008590698, 0.5874567031860352]"
2,centroid,1,92,Castor,Castor,"[""Castor"", ""Alcatras"", ""Turbine"", ""Braga"", ""Triton""]","[0.9458272457122803, 0.5101590156555176, 0.47904396057128906, 0.45486441254615784, 0.4132983684539795]"
2,centroid,1,93,Castor,Castor,"[""Castor"", ""Triton"", ""Mytikas"", ""Turbine"", ""Braga""]","[0.8854723572731018, 0.6572661399841309, 0.6329563856124878, 0.5133676528930664, 0.49360015988349915]"
2,centroid,1,94,Castor,Castor,"[""Castor"", ""Braga"", ""Alcatras"", ""Mytikas"", ""Triton""]","[0.8290985822677612, 0.7122708559036255, 0.6505705118179321, 0.647339403629303, 0.5955346822738647]"
2,centroid,1,95,Castor,Castor,"[""Castor"", ""Turbine"", ""Mytikas"", ""Triton"", ""Alcatras""]","[0.8120006918907166, 0.5493597984313965, 0.5082407593727112, 0.4522830843925476, 0.427385151386261]"
2,centroid,1,96,Castor,Castor,"[""Castor"", ""Turbine"", ""Alcatras"", ""Braga"", ""Alaris""]","[0.9349244832992554, 0.6655596494674683, 0.5718050003051758, 0.4812464714050293, 0.39701560139656067]"
2,centroid,1,97,Castor,Castor,"[""Castor"", ""Triton"", ""Velorum"", ""Mytikas"", ""Turbine""]","[0.6882264018058777, 0.5795564651489258, 0.5728378295898438, 0.5440682172775269, 0.43129923939704895]"
2,centroid,1,98,Castor,Castor,"[""Castor"", ""Turbine"", ""Alcatras"", ""Mytikas"", ""Braga""]","[0.9370330572128296, 0.5940324664115906, 0.5090892314910889, 0.4199928939342499, 0.409469336271286]"
2,centroid,1,99,Castor,Castor,"[""Castor"", ""Mytikas"", ""Braga"", ""Triton"", ""Turbine""]","[0.8750612139701843, 0.592752993106842, 0.4788876175880432, 0.45373618602752686, 0.4320964515209198]"
2,centroid,1,100,Castor,Castor,"[""Castor"", ""Alcatras"", ""Turbine"", ""Mytikas"", ""Triton""]","[0.9295464158058167, 0.6185823082923889, 0.49177104234695435, 0.4742346704006195, 0.42799806594848633]"
2,centroid,1,101,Castor,Castor,"[""Castor"", ""Turbine"", ""Alcatras"", ""Mytikas"", ""Braga""]","[0.9605880379676819, 0.5674843788146973, 0.5578409433364868, 0.45843708515167236, 0.4104843735694885]"
2,centroid,1,102,Castor,Castor,"[""Castor"", ""Alcatras"", ""Turbine"", ""Braga"", ""Alaris""]","[0.895013689994812, 0.6350789070129395, 0.5177693963050842, 0.44702500104904175, 0.4357280731201172]"
2,centroid,1,103,Castor,Castor,"[""Castor"", ""Braga"", ""Triton"", ""Alcatras"", ""Mytikas""]","[0.7929266691207886, 0.6300269365310669, 0.5995108485221863, 0.5636720061302185, 0.561255693435669]"
2,centroid,1,104,Castor,Castor,"[""Castor"", ""Alcatras"", ""Turbine"", ""Braga"", ""Mytikas""]","[0.8223952054977417, 0.4925926923751831, 0.47072479128837585, 0.4020395278930664, 0.3660829961299896]"
2,centroid,1,105,Castor,Castor,"[""Castor"", ""Mytikas"", ""Triton"", ""Alcatras"", ""Turbine""]","[0.9079760313034058, 0.6104265451431274, 0.5869293212890625, 0.5826963782310486, 0.5497331619262695]"
2,centroid,1,106,Castor,Castor,"[""Castor"", ""Alcatras"", ""Mytikas"", ""Turbine"", ""Triton""]","[0.9429112076759338, 0.6653227806091309, 0.5697481632232666, 0.5544946789741516, 0.5481857061386108]"
2,centroid,1,107,Castor,Castor,"[""Castor"", ""Alcatras"", ""Triton"", ""Turbine"", ""Mytikas""]","[0.8711545467376709, 0.49114251136779785, 0.4732004702091217, 0.44081223011016846, 0.3856583535671234]"
2,centroid,1,108,Castor,Castor,"[""Castor"", ""Turbine"", ""Alcatras"", ""Mytikas"", ""Braga""]","[0.9270765781402588, 0.5944763422012329, 0.5580131411552429, 0.35648977756500244, 0.35003119707107544]"
2,centroid,1,109,Castor,Castor,"[""Castor"", ""Triton"", ""Braga"", ""Mytikas"", ""Turbine""]","[0.8912567496299744, 0.6466759443283081, 0.6314692497253418, 0.627478837966919, 0.6042391657829285]"
2,centroid,1,110,Castor,Castor,"[""Castor"", ""Turbine"", ""Mytikas"", ""Alcatras"", ""Braga""]","[0.8418741822242737, 0.6459697484970093, 0.5458846092224121, 0.5163167715072632, 0.33499762415885925]"
2,centroid,1,111,Castor,Castor,"[""Castor"", ""Turbine"", ""Alcatras"", ""Braga"", ""Mytikas""]","[0.916925311088562, 0.7395657896995544, 0.6618447303771973, 0.566656231880188, 0.49254292249679565]"
2,centroid,1,112,Castor,Castor,"[""Castor"", ""Alcatras"", ""Turbine"", ""Mytikas"", ""Braga""]","[0.7886117696762085, 0.7256720066070557, 0.5156079530715942, 0.4640670418739319, 0.39961105585098267]"
2,centroid,1,113,Castor,Castor,"[""Castor"", ""Mytikas"", ""Triton"", ""Alcatras"", ""Braga""]","[0.9312599897384644, 0.5746501684188843, 0.5715882778167725, 0.5692324638366699, 0.5072315335273743]"
2,centroid,1,114,Castor,Castor,"[""Castor"", ""Mytikas"", ""Alcatras"", ""Triton"", ""Turbine""]","[0.9112699031829834, 0.6224659085273743, 0.5129659175872803, 0.4909704923629761, 0.42253100872039795]"
2,centroid,1,115,Castor,Castor,"[""Castor"", ""Mytikas"", ""Triton"", ""Alcatras"", ""Braga""]","[0.9389049410820007, 0.6499881744384766, 0.6096360683441162, 0.5609307885169983, 0.5346375703811646]"
2,centroid,1,116,Castor,Castor,"[""Castor"", ""Alcatras"", ""Braga"", ""Turbine"", ""Triton""]","[0.9232074618339539, 0.5590753555297852, 0.5440691709518433, 0.47748205065727234, 0.4748575985431671]"
2,centroid,1,117,Castor,Castor,"[""Castor"", ""Alcatras"", ""Turbine"", ""Braga"", ""Alaris""]","[0.8886134624481201, 0.7090935707092285, 0.47447532415390015, 0.449366956949234, 0.3955417275428772]"
2,centroid,1,118,Castor,Castor,"[""Castor"", ""Alcatras"", ""Braga"", ""Turbine"", ""Mytikas""]","[0.9032002687454224, 0.6206362247467041, 0.5447126030921936, 0.5398769974708557, 0.5282057523727417]"
2,centroid,1,119,Castor,Castor,"[""Castor"", ""Triton"", ""Turbine"", ""Alcatras"", ""Braga""]","[0.9165396690368652, 0.5168637037277222, 0.47521018981933594, 0.474251925945282, 0.43521714210510254]"
2,centroid,1,120,Castor,Castor,"[""Castor"", ""Alcatras"", ""Braga"", ""Mytikas"", ""Triton""]","[0.9196884632110596, 0.6796945929527283, 0.5499614477157593, 0.5379190444946289, 0.5187681913375854]"
2,centroid,1,121,Castor,Castor,"[""Castor"", ""Triton"", ""Braga"", ""Mytikas"", ""Turbine""]","[0.923330545425415, 0.6601526737213135, 0.6424745321273804, 0.608491063117981, 0.5744330286979675]"
2,centroid,1,122,Castor,Castor,"[""Castor"", ""Alcatras"", ""Braga"", ""Mytikas"", ""Turbine""]","[0.8207723498344421, 0.7679520845413208, 0.5925138592720032, 0.5634933114051819, 0.45958274602890015]"
2,centroid,1,123,Denom,Velorum,"[""Velorum"", ""Ilias"", ""Denom"", ""Nivalis"", ""Ratikon""]","[0.8477151989936829, 0.6295867562294006, 0.5056208968162537, 0.47423937916755676, 0.3168831169605255]"
2,centroid,1,124,Denom,Ilias,"[""Ilias"", ""Velorum"", ""Denom"", ""Ratikon"", ""Nivalis""]","[0.6979109644889832, 0.6865803003311157, 0.5839957594871521, 0.47002846002578735, 0.38106849789619446]"
2,centroid,1,125,Denom,Denom,"[""Denom"", ""Ratikon"", ""Nivalis"", ""Ilias"", ""Velorum""]","[0.9455016851425171, 0.7002195119857788, 0.6885658502578735, 0.6036309599876404, 0.3191792964935303]"
2,centroid,1,126,Denom,Denom,"[""Denom"", ""Ratikon"", ""Nivalis"", ""Ilias"", ""Velorum""]","[0.9549603462219238, 0.8135999441146851, 0.744611382484436, 0.5719667077064514, 0.26154160499572754]"
2,centroid,1,127,Denom,Denom,"[""Denom"", ""Nivalis"", ""Xtreme"", ""Ratikon"", ""Ilias""]","[0.7454192638397217, 0.5063446760177612, 0.3638015389442444, 0.35833650827407837, 0.14843378961086273]"
2,centroid,1,128,Denom,Denom,"[""Denom"", ""Ratikon"", ""Ilias"", ""Nivalis"", ""Trius""]","[0.8791138529777527, 0.7495260238647461, 0.5085096955299377, 0.41119837760925293, 0.035911548882722855]"
2,centroid,1,129,Denom,Denom,"[""Denom"", ""Ratikon"", ""Nivalis"", ""Ilias"", ""Velorum""]","[0.9469648599624634, 0.7341345548629761, 0.7263510227203369, 0.4636894166469574, 0.1884513646364212]"
2,centroid,1,130,Denom,Denom,"[""Denom"", ""Nivalis"", ""Ratikon"", ""Ilias"", ""Velorum""]","[0.9314845204353333, 0.6535537242889404, 0.5624330043792725, 0.5125343799591064, 0.3525363504886627]"
2,centroid,1,131,Denom,Denom,"[""Denom"", ""Nivalis"", ""Ratikon"", ""Ilias"", ""Velorum""]","[0.9480003118515015, 0.7921230792999268, 0.7763633728027344, 0.529105544090271, 0.2993570864200592]"
2,centroid,1,132,Denom,Denom,"[""Denom"", ""Ratikon"", ""Nivalis"", ""Ilias"", ""Velorum""]","[0.9000266790390015, 0.7211293578147888, 0.613126814365387, 0.47447696328163147, 0.12750102579593658]"
2,centroid,1,133,Denom,Denom,"[""Denom"", ""Ratikon"", ""Nivalis"", ""Ilias"", ""Vega""]","[0.8365799784660339, 0.731316328048706, 0.6504587531089783, 0.3116998076438904, 0.014950396493077278]"
2,centroid,1,134,Denom,Denom,"[""Denom"", ""Ratikon"", ""Nivalis"", ""Ilias"", ""Velorum""]","[0.824608564376831, 0.7073948383331299, 0.5291866064071655, 0.25027230381965637, 0.03711549937725067]"
2,centroid,1,135,Denom,Ilias,"[""Ilias"", ""Velorum"", ""Denom"", ""Ratikon"", ""Trius""]","[0.6553308963775635, 0.5620090961456299, 0.5540028810501099, 0.31029337644577026, 0.26507213711738586]"
2,centroid,1,136,Denom,Denom,"[""Denom"", ""Nivalis"", ""Ratikon"", ""Ilias"", ""Velorum""]","[0.948314905166626, 0.7625388503074646, 0.6881271600723267, 0.6127675175666809, 0.4009866714477539]"
2,centroid,1,137,Denom,Nivalis,"[""Nivalis"", ""Velorum"", ""Ilias"", ""Denom"", ""Ratikon""]","[0.5363433361053467, 0.5063497424125671, 0.4974813163280487, 0.4116487503051758, 0.38526177406311035]"
2,centroid,1,138,Denom,Ilias,"[""Ilias"", ""Denom"", ""Velorum"", ""Ratikon"", ""Nivalis""]","[0.7336583733558655, 0.6938081979751587, 0.5968490839004517, 0.5662792921066284, 0.4969768226146698]"
2,centroid,1,139,Denom,Denom,"[""Denom"", ""Ratikon"", ""Nivalis"", ""Ilias"", ""Velorum""]","[0.9051018953323364, 0.7243638038635254, 0.6870325803756714, 0.4282689690589905, 0.03334527462720871]"
2,centroid,1,140,Denom,Denom,"[""Denom"", ""Nivalis"", ""Ratikon"", ""Ilias"", ""Velorum""]","[0.9263169765472412, 0.7311108112335205, 0.6829671263694763, 0.5269147157669067, 0.4071640968322754]"
2,centroid,1,141,Denom,Denom,"[""Denom"", ""Ilias"", ""Nivalis"", ""Ratikon"", ""Velorum""]","[0.914230465888977, 0.6491845846176147, 0.6465108394622803, 0.6120180487632751, 0.5205379128456116]"
2,centroid,1,142,Denom,Denom,"[""Denom"", ""Nivalis"", ""Ratikon"", ""Ilias"", ""Velorum""]","[0.8528264760971069, 0.7775194644927979, 0.6881362199783325, 0.5327003002166748, 0.20430614054203033]"
2,centroid,1,143,Denom,Nivalis,"[""Nivalis"", ""Denom"", ""Ratikon"", ""Ilias"", ""Steel_Wheel""]","[0.754149317741394, 0.7155237197875977, 0.522580087184906, 0.33639273047447205, 0.11414134502410889]"
2,centroid,1,144,Denom,Denom,"[""Denom"", ""Ratikon"", ""Nivalis"", ""Ilias"", ""Velorum""]","[0.8473469018936157, 0.8118304014205933, 0.7170586585998535, 0.5375906229019165, 0.22631672024726868]"
2,centroid,1,145,Denom,Denom,"[""Denom"", ""Ratikon"", ""Nivalis"", ""Ilias"", ""Steel_Wheel""]","[0.8881794810295105, 0.55448317527771, 0.5292934775352478, 0.2086036205291748, 0.10708276927471161]"
2,centroid,1,146,Denom,Nivalis,"[""Nivalis"", ""Denom"", ""Ratikon"", ""Ilias"", ""Gemini""]","[0.6939377784729004, 0.6098582744598389, 0.5267840623855591, 0.31680357456207275, 0.18804675340652466]"
2,centroid,1,147,Denom,Denom,"[""Denom"", ""Ratikon"", ""Nivalis"", ""Ilias"", ""Velorum""]","[0.898471474647522, 0.8133629560470581, 0.7386823892593384, 0.6895231008529663, 0.3269990086555481]"
2,centroid,1,148,Denom,Denom,"[""Denom"", ""Nivalis"", ""Ratikon"", ""Ilias"", ""Velorum""]","[0.9231642484664917, 0.6230143904685974, 0.5910115242004395, 0.44231653213500977, 0.3093692660331726]"
2,centroid,1,149,Denom,Denom,"[""Denom"", ""Ratikon"", ""Nivalis"", ""Ilias"", ""Velorum""]","[0.9202123880386353, 0.7670725584030151, 0.6333841681480408, 0.4461855888366699, 0.11981014907360077]"
2,centroid,1,150,Denom,Denom,"[""Denom"", ""Ratikon"", ""Nivalis"", ""Ilias"", ""Alaris""]","[0.850403368473053, 0.7833684086799622, 0.5141671895980835, 0.41183438897132874, 0.022434057667851448]"
2,centroid,1,151,Denom,Denom,"[""Denom"", ""Nivalis"", ""Ratikon"", ""Ilias"", ""Velorum""]","[0.901548445224762, 0.6719778180122375, 0.5892866849899292, 0.5745064616203308, 0.471924751996994]"
2,centroid,1,152,Denom,Denom,"[""Denom"", ""Ratikon"", ""Nivalis"", ""Ilias"", ""Steel_Wheel""]","[0.7352356910705566, 0.7133448719978333, 0.5385498404502869, 0.4008696675300598, 0.16899985074996948]"
2,centroid,1,153,Denom,Denom,"[""Denom"", ""Ratikon"", ""Nivalis"", ""Ilias"", ""Trius""]","[0.6986375451087952, 0.6210452318191528, 0.5861982703208923, 0.5138317346572876, 0.3528202772140503]"
2,centroid,1,154,Denom,Velorum,"[""Velorum"", ""Ilias"", ""Ratikon"", ""Denom"", ""Nivalis""]","[0.8029220700263977, 0.6546840667724609, 0.4839952290058136, 0.42826539278030396, 0.39424607157707214]"
2,centroid,1,155,Denom,Denom,"[""Denom"", ""Ratikon"", ""Nivalis"", ""Velorum"", ""Ilias""]","[0.7877347469329834, 0.6843104362487793, 0.6796702146530151, 0.6769280433654785, 0.64999920129776]"
2,centroid,1,156,Denom,Denom,"[""Denom"", ""Ratikon"", ""Ilias"", ""Nivalis"", ""Alaris""]","[0.7333125472068787, 0.618879497051239, 0.33503398299217224, 0.18576249480247498, 0.026108795776963234]"
2,centroid,1,157,Denom,Denom,"[""Denom"", ""Ratikon"", ""Nivalis"", ""Ilias"", ""Velorum""]","[0.9103622436523438, 0.7508680820465088, 0.6302779912948608, 0.4386037588119507, 0.0917891189455986]"
2,centroid,1,158,Denom,Denom,"[""Denom"", ""Ratikon"", ""Nivalis"", ""Ilias"", ""Velorum""]","[0.9475235342979431, 0.6965877413749695, 0.6548213958740234, 0.40822315216064453, 0.12613658607006073]"
2,centroid,1,159,Denom,Denom,"[""Denom"", ""Nivalis"", ""Ratikon"", ""Ilias"", ""Velorum""]","[0.9388366937637329, 0.6830660104751587, 0.6300919055938721, 0.4702908992767334, 0.3565477430820465]"
2,centroid,1,160,Denom,Denom,"[""Denom"", ""Trius"", ""Ratikon"", ""Nivalis"", ""Alaris""]","[0.6284533143043518, 0.5344995260238647, 0.5220994353294373, 0.49086296558380127, 0.27712076902389526]"
2,centroid,1,161,Gemini,Gemini,"[""Gemini"", ""Xtreme"", ""Vega"", ""Braga"", ""Trius""]","[0.8751832246780396, 0.5879390239715576, 0.3502795100212097, 0.30574363470077515, 0.1851816177368164]"
2,centroid,1,162,Gemini,Gemini,"[""Gemini"", ""Braga"", ""Trius"", ""Vega"", ""Triton""]","[0.8631635308265686, 0.5032164454460144, 0.49551063776016235, 0.4804263114929199, 0.4457290768623352]"
2,centroid,1,163,Gemini,Gemini,"[""Gemini"", ""Trius"", ""Braga"", ""Vega"", ""Xtreme""]","[0.9337905645370483, 0.5273697376251221, 0.3944095969200134, 0.32749637961387634, 0.2715603709220886]"
2,centroid,1,164,Gemini,Vega,"[""Vega"", ""Gemini"", ""Braga"", ""Hawk"", ""Turbine""]","[0.6072388291358948, 0.5447638630867004, 0.4498206377029419, 0.40912410616874695, 0.3898232579231262]"
2,centroid,1,165,Gemini,Gemini,"[""Gemini"", ""Xtreme"", ""Vega"", ""Ilias"", ""Trius""]","[0.885012686252594, 0.6511257886886597, 0.35755079984664917, 0.21961960196495056, 0.15822821855545044]"
2,centroid,1,166,Gemini,Xtreme,"[""Xtreme"", ""Gemini"", ""Nivalis"", ""Ilias"", ""Denom""]","[0.7578624486923218, 0.6667549014091492, 0.3252333998680115, 0.3165702223777771, 0.21481876075267792]"
2,centroid,1,167,Gemini,Gemini,"[""Gemini"", ""Trius"", ""Vega"", ""Ilias"", ""Xtreme""]","[0.8782854080200195, 0.44155386090278625, 0.34538090229034424, 0.29156553745269775, 0.2537096440792084]"
2,centroid,1,168,Gemini,Gemini,"[""Gemini"", ""Vega"", ""Trius"", ""Xtreme"", ""Alaris""]","[0.727013885974884, 0.3704032897949219, 0.3196864128112793, 0.2497379630804062, 0.23283720016479492]"
2,centroid,1,169,Gemini,Gemini,"[""Gemini"", ""Hawk"", ""Vega"", ""Xtreme"", ""Alaris""]","[0.6810373067855835, 0.3745582103729248, 0.31755954027175903, 0.20755904912948608, 0.16751158237457275]"
2,centroid,1,170,Gemini,Gemini,"[""Gemini"", ""Trius"", ""Xtreme"", ""Vega"", ""Braga""]","[0.9003198146820068, 0.3175256550312042, 0.2997756004333496, 0.23314549028873444, 0.18384996056556702]"
2,centroid,1,171,Gemini,Gemini,"[""Gemini"", ""Xtreme"", ""Vega"", ""Braga"", ""Trius""]","[0.900611400604248, 0.5712997913360596, 0.3875529170036316, 0.22410917282104492, 0.09665191173553467]"
2,centroid,1,172,Gemini,Gemini,"[""Gemini"", ""Xtreme"", ""Vega"", ""Ilias"", ""Trius""]","[0.8698019981384277, 0.5117367506027222, 0.181867778301239, 0.1374850571155548, 0.1052326112985611]"
2,centroid,1,173,Gemini,Gemini,"[""Gemini"", ""Trius"", ""Braga"", ""Hawk"", ""Vega""]","[0.7438409924507141, 0.5140790939331055, 0.49874579906463623, 0.4601176083087921, 0.4546247124671936]"
2,centroid,1,174,Gemini,Gemini,"[""Gemini"", ""Vega"", ""Braga"", ""Trius"", ""Hawk""]","[0.854793906211853, 0.6286715269088745, 0.6212425231933594, 0.45554450154304504, 0.2807278633117676]"
2,centroid,1,175,Gemini,Gemini,"[""Gemini"", ""Trius"", ""Braga"", ""Vega"", ""Xtreme""]","[0.8863654136657715, 0.5254186391830444, 0.43940097093582153, 0.4051291048526764, 0.32296353578567505]"
2,centroid,1,176,Gemini,Gemini,"[""Gemini"", ""Xtreme"", ""Hawk"", ""Braga"", ""Alaris""]","[0.7564994096755981, 0.3666643798351288, 0.2691606879234314, 0.22145074605941772, 0.20185162127017975]"
2,centroid,1,177,Gemini,Gemini,"[""Gemini"", ""Xtreme"", ""Trius"", ""Braga"", ""Vega""]","[0.9067797660827637, 0.433663934469223, 0.26828715205192566, 0.2637301981449127, 0.19148263335227966]"
2,centroid,1,178,Gemini,Gemini,"[""Gemini"", ""Xtreme"", ""Steel_Wheel"", ""Hawk"", ""Vega""]","[0.7196911573410034, 0.5226795673370361, 0.11652141809463501, 0.09061726927757263, 0.07906400412321091]"
2,centroid,1,179,Gemini,Gemini,"[""Gemini"", ""Trius"", ""Braga"", ""Triton"", ""Alaris""]","[0.7780536413192749, 0.5305036902427673, 0.22956109046936035, 0.2245713323354721, 0.18595203757286072]"
2,centroid,1,180,Gemini,Gemini,"[""Gemini"", ""Xtreme"", ""Vega"", ""Ilias"", ""Steel_Wheel""]","[0.7993320226669312, 0.6016402840614319, 0.13484276831150055, 0.03753452003002167, 0.024888692423701286]"
2,centroid,1,181,Gemini,Gemini,"[""Gemini"", ""Xtreme"", ""Trius"", ""Braga"", ""Triton""]","[0.8871633410453796, 0.5215615034103394, 0.2652410864830017, 0.23329082131385803, 0.1879344880580902]"
2,centroid,1,182,Gemini,Gemini,"[""Gemini"", ""Braga"", ""Xtreme"", ""Vega"", ""Trius""]","[0.4823719561100006, 0.2964666187763214, 0.27453282475471497, 0.2742152214050293, 0.2367747575044632]"
2,centroid,1,183,Gemini,Gemini,"[""Gemini"", ""Xtreme"", ""Trius"", ""Vega"", ""Denom""]","[0.7998454570770264, 0.31160402297973633, 0.2165757119655609, 0.20104151964187622, 0.14241844415664673]"
2,centroid,1,184,Gemini,Gemini,"[""Gemini"", ""Xtreme"", ""Vega"", ""Trius"", ""Ilias""]","[0.913405179977417, 0.6226608753204346, 0.3243245482444763, 0.19506019353866577, 0.16683429479599]"
2,centroid,1,185,Gemini,Gemini,"[""Gemini"", ""Braga"", ""Trius"", ""Triton"", ""Vega""]","[0.6500752568244934, 0.5953962802886963, 0.517348051071167, 0.3454101085662842, 0.275576114654541]"
2,centroid,1,186,Gemini,Gemini,"[""Gemini"", ""Xtreme"", ""Vega"", ""Braga"", ""Trius""]","[0.8487761616706848, 0.47211840748786926, 0.2778850793838501, 0.12710942327976227, 0.10138978064060211]"
2,centroid,1,187,Gemini,Gemini,"[""Gemini"", ""Vega"", ""Trius"", ""Ilias"", ""Hawk""]","[0.7964065074920654, 0.3551410436630249, 0.2785492241382599, 0.2333507239818573, 0.1947278082370758]"
2,centroid,1,188,Hawk,Hawk,"[""Hawk"", ""Alaris"", ""Vega"", ""Turbine"", ""Braga""]","[0.8999318480491638, 0.5361750721931458, 0.4519253075122833, 0.45102185010910034, 0.41662365198135376]"
2,centroid,1,189,Hawk,Mytikas,"[""Mytikas"", ""Braga"", ""Turbine"", ""Alaris"", ""Alcatras""]","[0.49063003063201904, 0.4661191403865814, 0.4313022494316101, 0.3335404694080353, 0.3277844786643982]"
2,centroid,1,190,Hawk,Hawk,"[""Hawk"", ""Vega"", ""Alaris"", ""Turbine"", ""Alcatras""]","[0.9342976808547974, 0.45782020688056946, 0.333219438791275, 0.2902599573135376, 0.17753097414970398]"
2,centroid,1,191,Hawk,Hawk,"[""Hawk"", ""Alaris"", ""Turbine"", ""Alcatras"", ""Vega""]","[0.9065933227539062, 0.2781218886375427, 0.27167636156082153, 0.26609450578689575, 0.21631093323230743]"
2,centroid,1,192,Hawk,Hawk,"[""Hawk"", ""Turbine"", ""Vega"", ""Gemini"", ""Braga""]","[0.59934002161026, 0.5733358860015869, 0.33517104387283325, 0.3296741247177124, 0.29614096879959106]"
2,centroid,1,193,Hawk,Hawk,"[""Hawk"", ""Vega"", ""Turbine"", ""Braga"", ""Alaris""]","[0.9318647980690002, 0.5228444933891296, 0.36956802010536194, 0.33187130093574524, 0.30421239137649536]"
2,centroid,1,194,Hawk,Hawk,"[""Hawk"", ""Braga"", ""Vega"", ""Alaris"", ""Turbine""]","[0.8366807699203491, 0.6204938888549805, 0.45771166682243347, 0.45074501633644104, 0.3794049918651581]"
2,centroid,1,195,Hawk,Hawk,"[""Hawk"", ""Turbine"", ""Alaris"", ""Vega"", ""Alcatras""]","[0.9602258801460266, 0.4490204453468323, 0.42585909366607666, 0.3848596215248108, 0.3764536380767822]"
2,centroid,1,196,Hawk,Hawk,"[""Hawk"", ""Alaris"", ""Alcatras"", ""Vega"", ""Turbine""]","[0.921635627746582, 0.5019056797027588, 0.43575775623321533, 0.41346660256385803, 0.33085113763809204]"
2,centroid,1,197,Hawk,Hawk,"[""Hawk"", ""Vega"", ""Alaris"", ""Alcatras"", ""Turbine""]","[0.915318489074707, 0.5981724262237549, 0.5233886241912842, 0.4605034589767456, 0.41253364086151123]"
2,centroid,1,198,Hawk,Hawk,"[""Hawk"", ""Turbine"", ""Vega"", ""Braga"", ""Alaris""]","[0.8368431925773621, 0.5181189775466919, 0.36713677644729614, 0.2928391695022583, 0.1515984833240509]"
2,centroid,1,199,Hawk,Turbine,"[""Turbine"", ""Braga"", ""Mytikas"", ""Hawk"", ""Alcatras""]","[0.7527015209197998, 0.6591893434524536, 0.5923409461975098, 0.5568835735321045, 0.5213155746459961]"
2,centroid,1,200,Hawk,Hawk,"[""Hawk"", ""Alaris"", ""Alcatras"", ""Turbine"", ""Velorum""]","[0.8419215679168701, 0.39027637243270874, 0.39019572734832764, 0.33011525869369507, 0.24029003083705902]"
2,centroid,1,201,Hawk,Hawk,"[""Hawk"", ""Turbine"", ""Alaris"", ""Vega"", ""Alcatras""]","[0.9293996095657349, 0.4883437752723694, 0.4773574471473694, 0.44149938225746155, 0.4191809296607971]"
2,centroid,1,202,Hawk,Hawk,"[""Hawk"", ""Vega"", ""Turbine"", ""Alaris"", ""Alcatras""]","[0.9396392107009888, 0.48125579953193665, 0.4197489321231842, 0.34289485216140747, 0.1371868997812271]"
2,centroid,1,203,Hawk,Hawk,"[""Hawk"", ""Alaris"", ""Alcatras"", ""Turbine"", ""Castor""]","[0.8045905232429504, 0.6270079612731934, 0.5841748714447021, 0.40509361028671265, 0.2975589632987976]"
2,centroid,1,204,Hawk,Hawk,"[""Hawk"", ""Vega"", ""Gemini"", ""Turbine"", ""Braga""]","[0.7742701172828674, 0.6466556787490845, 0.4172050356864929, 0.33747345209121704, 0.32156312465667725]"
2,centroid,1,205,Hawk,Hawk,"[""Hawk"", ""Vega"", ""Turbine"", ""Alaris"", ""Braga""]","[0.9648367166519165, 0.4994955062866211, 0.41775649785995483, 0.3906315267086029, 0.29173827171325684]"
2,centroid,1,206,Hawk,Hawk,"[""Hawk"", ""Turbine"", ""Vega"", ""Alaris"", ""Braga""]","[0.9524285793304443, 0.36399972438812256, 0.2945592999458313, 0.2767563760280609, 0.21315406262874603]"
2,centroid,1,207,Hawk,Hawk,"[""Hawk"", ""Vega"", ""Turbine"", ""Alaris"", ""Gemini""]","[0.8707724809646606, 0.4373365640640259, 0.3626716136932373, 0.3032127618789673, 0.2724761366844177]"
2,centroid,1,208,Hawk,Hawk,"[""Hawk"", ""Turbine"", ""Braga"", ""Alcatras"", ""Alaris""]","[0.9218913316726685, 0.3453056216239929, 0.2578980326652527, 0.2562428414821625, 0.24638117849826813]"
2,centroid,1,209,Hawk,Hawk,"[""Hawk"", ""Alaris"", ""Alcatras"", ""Vega"", ""Turbine""]","[0.9108100533485413, 0.5383922457695007, 0.5056707262992859, 0.42573994398117065, 0.42504313588142395]"
2,centroid,1,210,Hawk,Hawk,"[""Hawk"", ""Turbine"", ""Alaris"", ""Vega"", ""Alcatras""]","[0.9430433511734009, 0.5049782991409302, 0.49894070625305176, 0.3978225588798523, 0.3718582093715668]"
2,centroid,1,211,Hawk,Hawk,"[""Hawk"", ""Turbine"", ""Vega"", ""Alcatras"", ""Braga""]","[0.8898262977600098, 0.284700870513916, 0.16810590028762817, 0.1580125242471695, 0.14311446249485016]"
2,centroid,1,212,Hawk,Hawk,"[""Hawk"", ""Vega"", ""Turbine"", ""Gemini"", ""Xtreme""]","[0.8784858584403992, 0.3936556577682495, 0.295663058757782, 0.1778751015663147, 0.1407168209552765]"
2,centroid,1,213,Hawk,Hawk,"[""Hawk"", ""Turbine"", ""Vega"", ""Braga"", ""Alaris""]","[0.8819664716720581, 0.530468225479126, 0.40505272150039673, 0.3876696228981018, 0.3060593605041504]"
2,centroid,1,214,Ilias,Ilias,"[""Ilias"", ""Ratikon"", ""Denom"", ""Nivalis"", ""Velorum""]","[0.7887816429138184, 0.7463735938072205, 0.6903157234191895, 0.4294241666793823, 0.2083328664302826]"
2,centroid,1,215,Ilias,Ilias,"[""Ilias"", ""Ratikon"", ""Denom"", ""Nivalis"", ""Velorum""]","[0.8457496166229248, 0.6886405348777771, 0.5743471384048462, 0.4509054720401764, 0.29066330194473267]"
2,centroid,1,216,Ilias,Ilias,"[""Ilias"", ""Ratikon"", ""Velorum"", ""Denom"", ""Nivalis""]","[0.9285925626754761, 0.6177929043769836, 0.4937479496002197, 0.4331672191619873, 0.41152817010879517]"
2,centroid,1,217,Ilias,Ilias,"[""Ilias"", ""Ratikon"", ""Velorum"", ""Denom"", ""Nivalis""]","[0.9188429117202759, 0.6076133251190186, 0.4620915353298187, 0.3626047968864441, 0.29825857281684875]"
2,centroid,1,218,Ilias,Ilias,"[""Ilias"", ""Ratikon"", ""Velorum"", ""Denom"", ""Nivalis""]","[0.935640275478363, 0.564854085445404, 0.43153703212738037, 0.3869473338127136, 0.36453622579574585]"
2,centroid,1,219,Ilias,Ilias,"[""Ilias"", ""Ratikon"", ""Nivalis"", ""Denom"", ""Velorum""]","[0.9451431632041931, 0.6046172380447388, 0.48662129044532776, 0.45474112033843994, 0.38254427909851074]"
2,centroid,1,220,Ilias,Ilias,"[""Ilias"", ""Velorum"", ""Denom"", ""Ratikon"", ""Nivalis""]","[0.8206781148910522, 0.6289324164390564, 0.49878087639808655, 0.4015123248100281, 0.39201775193214417]"
2,centroid,1,221,Ilias,Ilias,"[""Ilias"", ""Denom"", ""Ratikon"", ""Nivalis"", ""Gemini""]","[0.7966394424438477, 0.5605611801147461, 0.49724388122558594, 0.3886142075061798, 0.34860002994537354]"
2,centroid,1,222,Ilias,Ilias,"[""Ilias"", ""Ratikon"", ""Velorum"", ""Denom"", ""Nivalis""]","[0.9278122186660767, 0.6937211751937866, 0.535589873790741, 0.534177303314209, 0.46836525201797485]"
2,centroid,1,223,Ilias,Ilias,"[""Ilias"", ""Trius"", ""Triton"", ""Ratikon"", ""Velorum""]","[0.6853531002998352, 0.5428072214126587, 0.5108168721199036, 0.47493723034858704, 0.32829201221466064]"
2,centroid,1,224,Ilias,Velorum,"[""Velorum"", ""Ilias"", ""Denom"", ""Ratikon"", ""Nivalis""]","[0.7270370721817017, 0.6860454082489014, 0.6148364543914795, 0.5189080238342285, 0.5094935894012451]"
2,centroid,1,225,Ilias,Ilias,"[""Ilias"", ""Ratikon"", ""Nivalis"", ""Denom"", ""Velorum""]","[0.9263442158699036, 0.7106011509895325, 0.5973230600357056, 0.5433149337768555, 0.44224637746810913]"
2,centroid,1,226,Ilias,Ilias,"[""Ilias"", ""Ratikon"", ""Velorum"", ""Nivalis"", ""Denom""]","[0.7362799048423767, 0.5246695280075073, 0.4865516722202301, 0.43923962116241455, 0.4003210663795471]"
2,centroid,1,227,Ilias,Velorum,"[""Velorum"", ""Ilias"", ""Nivalis"", ""Ratikon"", ""Xtreme""]","[0.7194212675094604, 0.7047131061553955, 0.3665919899940491, 0.2857317328453064, 0.27433693408966064]"
2,centroid,1,228,Ilias,Ilias,"[""Ilias"", ""Ratikon"", ""Nivalis"", ""Denom"", ""Velorum""]","[0.9154186844825745, 0.6925280094146729, 0.5302964448928833, 0.5025728940963745, 0.49353036284446716]"
2,centroid,1,229,Ilias,Ilias,"[""Ilias"", ""Denom"", ""Ratikon"", ""Nivalis"", ""Velorum""]","[0.809127151966095, 0.6769054532051086, 0.5849785208702087, 0.3754854202270508, 0.3708009123802185]"
2,centroid,1,230,Ilias,Turbine,"[""Turbine"", ""Vega"", ""Alaris"", ""Hawk"", ""Alcatras""]","[0.8212980031967163, 0.563567042350769, 0.5516692399978638, 0.4993804395198822, 0.4300227761268616]"
2,centroid,1,231,Ilias,Ilias,"[""Ilias"", ""Ratikon"", ""Denom"", ""Nivalis"", ""Velorum""]","[0.9343337416648865, 0.6327133774757385, 0.5379417538642883, 0.461324006319046, 0.3743622303009033]"
2,centroid,1,232,Ilias,Ilias,"[""Ilias"", ""Ratikon"", ""Denom"", ""Nivalis"", ""Velorum""]","[0.8916378021240234, 0.8340257406234741, 0.7098262310028076, 0.5332175493240356, 0.18341070413589478]"
2,centroid,1,233,Ilias,Ilias,"[""Ilias"", ""Velorum"", ""Denom"", ""Ratikon"", ""Nivalis""]","[0.8041703701019287, 0.5053055286407471, 0.48902201652526855, 0.46581897139549255, 0.3211720883846283]"
2,centroid,1,234,Ilias,Ilias,"[""Ilias"", ""Denom"", ""Ratikon"", ""Nivalis"", ""Xtreme""]","[0.6989948749542236, 0.6912186145782471, 0.628419041633606, 0.4185963571071625, 0.22255563735961914]"
2,centroid,1,235,Ilias,Velorum,"[""Velorum"", ""Ilias"", ""Triton"", ""Denom"", ""Trius""]","[0.729080080986023, 0.6564304828643799, 0.5231178998947144, 0.4635497033596039, 0.46146318316459656]"
2,centroid,1,236,Ilias,Nivalis,"[""Nivalis"", ""Ilias"", ""Ratikon"", ""Denom"", ""Velorum""]","[0.752155601978302, 0.6763398051261902, 0.659320592880249, 0.46485286951065063, 0.41130968928337097]"
2,centroid,1,237,Ilias,Ilias,"[""Ilias"", ""Ratikon"", ""Nivalis"", ""Velorum"", ""Denom""]","[0.9061339497566223, 0.5627419948577881, 0.5411765575408936, 0.4826100468635559, 0.43702882528305054]"
2,centroid,1,238,Ilias,Ilias,"[""Ilias"", ""Ratikon"", ""Velorum"", ""Denom"", ""Nivalis""]","[0.956424355506897, 0.7010829448699951, 0.5922658443450928, 0.5685006976127625, 0.4692823886871338]"
2,centroid,1,239,Ilias,Ratikon,"[""Ratikon"", ""Ilias"", ""Denom"", ""Nivalis"", ""Trius""]","[0.7983784675598145, 0.7377421855926514, 0.7182521820068359, 0.4973628520965576, 0.20596912503242493]"
2,centroid,1,240,Ilias,Ilias,"[""Ilias"", ""Ratikon"", ""Denom"", ""Nivalis"", ""Velorum""]","[0.9268704652786255, 0.6449233293533325, 0.590145468711853, 0.5441589951515198, 0.5227553248405457]"
2,centroid,1,241,Ilias,Ilias,"[""Ilias"", ""Ratikon"", ""Triton"", ""Denom"", ""Nivalis""]","[0.8709327578544617, 0.617812991142273, 0.5379611253738403, 0.40498530864715576, 0.3787538409233093]"
2,centroid,1,242,Ilias,Ilias,"[""Ilias"", ""Ratikon"", ""Denom"", ""Velorum"", ""Nivalis""]","[0.8909896612167358, 0.570717990398407, 0.5492481589317322, 0.3887529969215393, 0.35320478677749634]"
2,centroid,1,243,Mytikas,Mytikas,"[""Mytikas"", ""Triton"", ""Braga"", ""Turbine"", ""Trius""]","[0.776451826095581, 0.5841184854507446, 0.5365063548088074, 0.5146328806877136, 0.4884621798992157]"
2,centroid,1,244,Mytikas,Triton,"[""Triton"", ""Mytikas"", ""Trius"", ""Braga"", ""Gemini""]","[0.7311780452728271, 0.6939524412155151, 0.6571154594421387, 0.5755752325057983, 0.5435903072357178]"
2,centroid,1,245,Mytikas,Triton,"[""Triton"", ""Mytikas"", ""Trius"", ""Castor"", ""Braga""]","[0.8732686042785645, 0.7640805244445801, 0.5929811000823975, 0.37303927540779114, 0.3433989882469177]"
2,centroid,1,246,Mytikas,Mytikas,"[""Mytikas"", ""Triton"", ""Alcatras"", ""Trius"", ""Castor""]","[0.8720331192016602, 0.5459401607513428, 0.3520677089691162, 0.3438929319381714, 0.32472193241119385]"
2,centroid,1,247,Mytikas,Mytikas,"[""Mytikas"", ""Castor"", ""Triton"", ""Trius"", ""Alaris""]","[0.6770176887512207, 0.6033732295036316, 0.5997865200042725, 0.53128981590271, 0.5213414430618286]"
2,centroid,1,248,Mytikas,Mytikas,"[""Mytikas"", ""Triton"", ""Alcatras"", ""Trius"", ""Castor""]","[0.9155963659286499, 0.6320577263832092, 0.6032649278640747, 0.5568243861198425, 0.5406335592269897]"
2,centroid,1,249,Mytikas,Mytikas,"[""Mytikas"", ""Triton"", ""Castor"", ""Braga"", ""Turbine""]","[0.8211239576339722, 0.5499237179756165, 0.3688129186630249, 0.2601621150970459, 0.25664573907852173]"
2,centroid,1,250,Mytikas,Mytikas,"[""Mytikas"", ""Alcatras"", ""Triton"", ""Alaris"", ""Turbine""]","[0.7361734509468079, 0.5168560147285461, 0.4156135618686676, 0.37905529141426086, 0.3720335066318512]"
2,centroid,1,251,Mytikas,Mytikas,"[""Mytikas"", ""Triton"", ""Castor"", ""Braga"", ""Trius""]","[0.871368944644928, 0.8068880438804626, 0.6480797529220581, 0.6313676238059998, 0.5477577447891235]"
2,centroid,1,252,Mytikas,Nivalis,"[""Nivalis"", ""Mytikas"", ""Vega"", ""Gemini"", ""Ratikon""]","[0.4978906512260437, 0.42018160223960876, 0.37660643458366394, 0.27766233682632446, 0.18893902003765106]"
2,centroid,1,253,Mytikas,Trius,"[""Trius"", ""Mytikas"", ""Triton"", ""Braga"", ""Gemini""]","[0.71012282371521, 0.48812124133110046, 0.4583384394645691, 0.43096724152565, 0.4185315668582916]"
2,centroid,1,254,Mytikas,Mytikas,"[""Mytikas"", ""Hawk"", ""Braga"", ""Vega"", ""Trius""]","[0.6745573282241821, 0.5616279244422913, 0.48824000358581543, 0.4539983570575714, 0.41170263290405273]"
2,centroid,1,255,Mytikas,Mytikas,"[""Mytikas"", ""Trius"", ""Triton"", ""Braga"", ""Gemini""]","[0.730778694152832, 0.6215289235115051, 0.46908605098724365, 0.45616936683654785, 0.33021974563598633]"
2,centroid,1,256,Mytikas,Mytikas,"[""Mytikas"", ""Alcatras"", ""Triton"", ""Trius"", ""Braga""]","[0.8784594535827637, 0.6419580578804016, 0.6306536197662354, 0.5607163906097412, 0.530507504940033]"
2,centroid,1,257,Mytikas,Mytikas,"[""Mytikas"", ""Triton"", ""Castor"", ""Trius"", ""Alcatras""]","[0.8872295618057251, 0.8703477382659912, 0.604717493057251, 0.5843147039413452, 0.47482216358184814]"
2,centroid,1,258,Mytikas,Mytikas,"[""Mytikas"", ""Triton"", ""Trius"", ""Turbine"", ""Alcatras""]","[0.8989378213882446, 0.6935838460922241, 0.5337539315223694, 0.47070014476776123, 0.45922619104385376]"
2,centroid,1,259,Mytikas,Mytikas,"[""Mytikas"", ""Triton"", ""Castor"", ""Alcatras"", ""Turbine""]","[0.8024517893791199, 0.688135027885437, 0.6555734872817993, 0.6142582893371582, 0.5095342397689819]"
2,centroid,1,260,Mytikas,Alaris,"[""Alaris"", ""Alcatras"", ""Mytikas"", ""Trius"", ""Braga""]","[0.7714375257492065, 0.7690649032592773, 0.7233659029006958, 0.6534614562988281, 0.6099344491958618]"
2,centroid,1,261,Mytikas,Trius,"[""Trius"", ""Triton"", ""Gemini"", ""Mytikas"", ""Braga""]","[0.7711943984031677, 0.5976780652999878, 0.5807723999023438, 0.5588070154190063, 0.5350369215011597]"
2,centroid,1,262,Mytikas,Triton,"[""Triton"", ""Mytikas"", ""Trius"", ""Turbine"", ""Braga""]","[0.7109617590904236, 0.698542594909668, 0.6305846571922302, 0.6083810329437256, 0.5510618090629578]"
2,centroid,1,263,Mytikas,Mytikas,"[""Mytikas"", ""Triton"", ""Trius"", ""Alcatras"", ""Turbine""]","[0.8824955224990845, 0.7701939344406128, 0.5166399478912354, 0.48467257618904114, 0.4742031991481781]"
2,centroid,1,264,Mytikas,Mytikas,"[""Mytikas"", ""Trius"", ""Triton"", ""Castor"", ""Alcatras""]","[0.7949070930480957, 0.7168528437614441, 0.6668496131896973, 0.6607053875923157, 0.6581650972366333]"
2,centroid,1,265,Mytikas,Mytikas,"[""Mytikas"", ""Triton"", ""Braga"", ""Trius"", ""Castor""]","[0.7271267771720886, 0.712696373462677, 0.6941961050033569, 0.6306741237640381, 0.4794110059738159]"
2,centroid,1,266,Mytikas,Mytikas,"[""Mytikas"", ""Triton"", ""Trius"", ""Braga"", ""Castor""]","[0.8421746492385864, 0.8392951488494873, 0.5861243009567261, 0.496879518032074, 0.43455058336257935]"
2,centroid,1,267,Mytikas,Trius,"[""Trius"", ""Mytikas"", ""Vega"", ""Gemini"", ""Braga""]","[0.5228184461593628, 0.4118254780769348, 0.41158241033554077, 0.4067837595939636, 0.4032108187675476]"
2,centroid,1,268,Mytikas,Mytikas,"[""Mytikas"", ""Triton"", ""Braga"", ""Trius"", ""Velorum""]","[0.8458561301231384, 0.6662812232971191, 0.5107784271240234, 0.4175071120262146, 0.3713013231754303]"
2,centroid,1,269,Mytikas,Castor,"[""Castor"", ""Mytikas"", ""Braga"", ""Triton"", ""Alcatras""]","[0.7969125509262085, 0.76615309715271, 0.7310483455657959, 0.6712773442268372, 0.6649680137634277]"
2,centroid,1,270,Mytikas,Mytikas,"[""Mytikas"", ""Trius"", ""Triton"", ""Velorum"", ""Braga""]","[0.7944483160972595, 0.5628513097763062, 0.4717651903629303, 0.3328869044780731, 0.29231902956962585]"
2,centroid,1,271,Nivalis,Nivalis,"[""Nivalis"", ""Ratikon"", ""Ilias"", ""Denom"", ""Vega""]","[0.743184506893158, 0.5967833995819092, 0.40654420852661133, 0.3909224271774292, 0.3761972486972809]"
2,centroid,1,272,Nivalis,Ratikon,"[""Ratikon"", ""Nivalis"", ""Denom"", ""Ilias"", ""Velorum""]","[0.8060349225997925, 0.7916878461837769, 0.76875901222229, 0.6254308819770813, 0.42759716510772705]"
2,centroid,1,273,Nivalis,Nivalis,"[""Nivalis"", ""Denom"", ""Ratikon"", ""Ilias"", ""Velorum""]","[0.9108715057373047, 0.6764136552810669, 0.629745602607727, 0.5825006365776062, 0.47061845660209656]"
2,centroid,1,274,Nivalis,Nivalis,"[""Nivalis"", ""Denom"", ""Ratikon"", ""Velorum"", ""Ilias""]","[0.7492011785507202, 0.6697885990142822, 0.5474360585212708, 0.4358319938182831, 0.402321457862854]"
2,centroid,1,275,Nivalis,Nivalis,"[""Nivalis"", ""Xtreme"", ""Velorum"", ""Ilias"", ""Denom""]","[0.616052508354187, 0.4423920512199402, 0.4382241368293762, 0.4048087000846863, 0.3347262144088745]"
2,centroid,1,276,Nivalis,Velorum,"[""Velorum"", ""Nivalis"", ""Ilias"", ""Ratikon"", ""Mytikas""]","[0.7037885785102844, 0.6805957555770874, 0.6543081998825073, 0.48458999395370483, 0.43773049116134644]"
2,centroid,1,277,Nivalis,Nivalis,"[""Nivalis"", ""Ilias"", ""Ratikon"", ""Velorum"", ""Denom""]","[0.8562847375869751, 0.6334370970726013, 0.5756528973579407, 0.46680960059165955, 0.3967621922492981]"
2,centroid,1,278,Nivalis,Nivalis,"[""Nivalis"", ""Velorum"", ""Denom"", ""Ilias"", ""Ratikon""]","[0.8248149752616882, 0.6014004945755005, 0.5232365131378174, 0.40838634967803955, 0.3310205340385437]"
2,centroid,1,279,Nivalis,Nivalis,"[""Nivalis"", ""Ratikon"", ""Vega"", ""Denom"", ""Gemini""]","[0.7498480081558228, 0.4620213806629181, 0.4027889370918274, 0.30952057242393494, 0.28331083059310913]"
2,centroid,1,280,Nivalis,Nivalis,"[""Nivalis"", ""Ratikon"", ""Denom"", ""Ilias"", ""Velorum""]","[0.8789230585098267, 0.6734864115715027, 0.5634623169898987, 0.5185701251029968, 0.32824569940567017]"
2,centroid,1,281,Nivalis,Ratikon,"[""Ratikon"", ""Denom"", ""Ilias"", ""Nivalis"", ""Velorum""]","[0.8625823259353638, 0.8218269348144531, 0.7974599599838257, 0.7965191602706909, 0.40627413988113403]"
2,centroid,1,282,Nivalis,Nivalis,"[""Nivalis"", ""Denom"", ""Ilias"", ""Velorum"", ""Ratikon""]","[0.8171478509902954, 0.6119359731674194, 0.4792020916938782, 0.465941846370697, 0.36400794982910156]"
2,centroid,1,283,Nivalis,Nivalis,"[""Nivalis"", ""Ilias"", ""Denom"", ""Ratikon"", ""Velorum""]","[0.8153111338615417, 0.5779621005058289, 0.5718836188316345, 0.5126186013221741, 0.46662864089012146]"
2,centroid,1,284,Nivalis,Nivalis,"[""Nivalis"", ""Velorum"", ""Denom"", ""Ilias"", ""Ratikon""]","[0.7703172564506531, 0.6208053827285767, 0.6147195100784302, 0.44919848442077637, 0.29155993461608887]"
2,centroid,1,285,Nivalis,Denom,"[""Denom"", ""Nivalis"", ""Ratikon"", ""Ilias"", ""Velorum""]","[0.8960094451904297, 0.8352733254432678, 0.7592830061912537, 0.5444537401199341, 0.23461879789829254]"
2,centroid,1,286,Nivalis,Nivalis,"[""Nivalis"", ""Ratikon"", ""Denom"", ""Ilias"", ""Velorum""]","[0.892443060874939, 0.5844311714172363, 0.5367763638496399, 0.5160664916038513, 0.33088845014572144]"
2,centroid,1,287,Nivalis,Nivalis,"[""Nivalis"", ""Ratikon"", ""Denom"", ""Vega"", ""Ilias""]","[0.7862938642501831, 0.3994196057319641, 0.39638251066207886, 0.26549261808395386, 0.1784335821866989]"
2,centroid,1,288,Nivalis,Nivalis,"[""Nivalis"", ""Denom"", ""Ratikon"", ""Ilias"", ""Velorum""]","[0.9156877398490906, 0.6052930355072021, 0.5727051496505737, 0.4290274977684021, 0.378144770860672]"
2,centroid,1,289,Nivalis,Nivalis,"[""Nivalis"", ""Velorum"", ""Ilias"", ""Denom"", ""Ratikon""]","[0.7940394878387451, 0.5817960500717163, 0.48264753818511963, 0.30514785647392273, 0.3010186553001404]"
2,centroid,1,290,Nivalis,Denom,"[""Denom"", ""Ratikon"", ""Nivalis"", ""Ilias"", ""Velorum""]","[0.832099199295044, 0.7994298934936523, 0.6491550207138062, 0.6048846244812012, 0.16382837295532227]"
2,centroid,1,291,Nivalis,Ratikon,"[""Ratikon"", ""Denom"", ""Velorum"", ""Ilias"", ""Nivalis""]","[0.5859066247940063, 0.56676185131073, 0.5496289730072021, 0.5387555956840515, 0.47136133909225464]"
2,centroid,1,292,Nivalis,Nivalis,"[""Nivalis"", ""Velorum"", ""Denom"", ""Ilias"", ""Ratikon""]","[0.8122572898864746, 0.6386241912841797, 0.39027971029281616, 0.319557249546051, 0.2611684799194336]"
2,centroid,1,293,Ratikon,Ratikon,"[""Ratikon"", ""Ilias"", ""Nivalis"", ""Denom"", ""Velorum""]","[0.9093058109283447, 0.7003878355026245, 0.5395431518554688, 0.5353800058364868, 0.22431731224060059]"
2,centroid,1,294,Ratikon,Ratikon,"[""Ratikon"", ""Denom"", ""Nivalis"", ""Ilias"", ""Velorum""]","[0.8561131358146667, 0.7602523565292358, 0.6627095937728882, 0.521342933177948, 0.17835251986980438]"
2,centroid,1,295,Ratikon,Ratikon,"[""Ratikon"", ""Denom"", ""Ilias"", ""Nivalis"", ""Velorum""]","[0.8926399946212769, 0.7562841773033142, 0.6921135187149048, 0.6225706338882446, 0.04298689216375351]"
2,centroid,1,296,Ratikon,Ratikon,"[""Ratikon"", ""Nivalis"", ""Denom"", ""Ilias"", ""Vega""]","[0.6699150204658508, 0.658911943435669, 0.6065789461135864, 0.4871683716773987, 0.3868141174316406]"
2,centroid,1,297,Ratikon,Ratikon,"[""Ratikon"", ""Denom"", ""Ilias"", ""Nivalis"", ""Velorum""]","[0.9363889694213867, 0.7026904821395874, 0.6443296074867249, 0.5620354413986206, 0.2096221148967743]"
2,centroid,1,298,Ratikon,Ratikon,"[""Ratikon"", ""Denom"", ""Nivalis"", ""Ilias"", ""Vega""]","[0.8361607193946838, 0.782568633556366, 0.7199234962463379, 0.4890708923339844, 0.17143456637859344]"
2,centroid,1,299,Ratikon,Ratikon,"[""Ratikon"", ""Denom"", ""Nivalis"", ""Ilias"", ""Velorum""]","[0.9321267604827881, 0.7197002172470093, 0.6282654404640198, 0.5907319784164429, 0.16377036273479462]"
2,centroid,1,300,Ratikon,Denom,"[""Denom"", ""Ratikon"", ""Nivalis"", ""Ilias"", ""Velorum""]","[0.7967051267623901, 0.7739559412002563, 0.7002397775650024, 0.5193116664886475, 0.3713430166244507]"
2,centroid,1,301,Ratikon,Gemini,"[""Gemini"", ""Denom"", ""Nivalis"", ""Trius"", ""Xtreme""]","[0.42219728231430054, 0.32788389921188354, 0.3207019567489624, 0.29726165533065796, 0.2066742479801178]"
2,centroid,1,302,Ratikon,Denom,"[""Denom"", ""Ratikon"", ""Nivalis"", ""Ilias"", ""Velorum""]","[0.8228428363800049, 0.6983988285064697, 0.6305006146430969, 0.49967944622039795, 0.20511764287948608]"
2,centroid,1,303,Ratikon,Ratikon,"[""Ratikon"", ""Denom"", ""Ilias"", ""Nivalis"", ""Velorum""]","[0.8208045363426208, 0.7780593037605286, 0.7545901536941528, 0.6674841642379761, 0.18238505721092224]"
2,centroid,1,304,Ratikon,Ratikon,"[""Ratikon"", ""Nivalis"", ""Denom"", ""Ilias"", ""Velorum""]","[0.8765753507614136, 0.6732186079025269, 0.6245805025100708, 0.5664569139480591, 0.29239422082901]"
2,centroid,1,305,Ratikon,Ratikon,"[""Ratikon"", ""Denom"", ""Nivalis"", ""Ilias"", ""Trius""]","[0.8436400890350342, 0.6661385297775269, 0.5897047519683838, 0.5656005144119263, 0.22081628441810608]"
2,centroid,1,306,Ratikon,Ratikon,"[""Ratikon"", ""Ilias"", ""Nivalis"", ""Denom"", ""Velorum""]","[0.8861624002456665, 0.768803596496582, 0.6708254814147949, 0.6585422158241272, 0.5051441788673401]"
2,centroid,1,307,Ratikon,Ratikon,"[""Ratikon"", ""Ilias"", ""Denom"", ""Nivalis"", ""Velorum""]","[0.9037712812423706, 0.6801853775978088, 0.6313135027885437, 0.49438703060150146, 0.23339469730854034]"
2,centroid,1,308,Ratikon,Ratikon,"[""Ratikon"", ""Denom"", ""Nivalis"", ""Ilias"", ""Velorum""]","[0.851164698600769, 0.8234955668449402, 0.6267645359039307, 0.43498989939689636, 0.04063112661242485]"
2,centroid,1,309,Ratikon,Ratikon,"[""Ratikon"", ""Ilias"", ""Velorum"", ""Nivalis"", ""Denom""]","[0.7768327593803406, 0.7385905981063843, 0.6377134323120117, 0.579548716545105, 0.5622891783714294]"
2,centroid,1,310,Ratikon,Ratikon,"[""Ratikon"", ""Denom"", ""Ilias"", ""Nivalis"", ""Velorum""]","[0.9338911771774292, 0.7744335532188416, 0.7141643762588501, 0.70029616355896, 0.1942344605922699]"
2,centroid,1,311,Ratikon,Ratikon,"[""Ratikon"", ""Denom"", ""Nivalis"", ""Ilias"", ""Velorum""]","[0.9152102470397949, 0.7789078950881958, 0.6880844831466675, 0.5658887624740601, 0.10232041776180267]"
2,centroid,1,312,Ratikon,Ratikon,"[""Ratikon"", ""Denom"", ""Ilias"", ""Nivalis"", ""Velorum""]","[0.9712600111961365, 0.6531600952148438, 0.6340445280075073, 0.5668426752090454, 0.1250516027212143]"
2,centroid,1,313,Ratikon,Ratikon,"[""Ratikon"", ""Ilias"", ""Denom"", ""Nivalis"", ""Velorum""]","[0.8984329700469971, 0.7364805936813354, 0.5294219255447388, 0.4409219026565552, 0.26122617721557617]"
2,centroid,1,314,Ratikon,Ratikon,"[""Ratikon"", ""Ilias"", ""Nivalis"", ""Denom"", ""Vega""]","[0.8592922687530518, 0.724816620349884, 0.6785055994987488, 0.593046247959137, 0.25353682041168213]"
2,centroid,1,315,Ratikon,Ratikon,"[""Ratikon"", ""Denom"", ""Ilias"", ""Nivalis"", ""Trius""]","[0.7197320461273193, 0.6179834604263306, 0.5474345088005066, 0.33790624141693115, 0.14873240888118744]"
2,centroid,1,316,Ratikon,Ilias,"[""Ilias"", ""Denom"", ""Ratikon"", ""Velorum"", ""Nivalis""]","[0.7701676487922668, 0.655832827091217, 0.6530331373214722, 0.4632794260978699, 0.46091172099113464]"
2,centroid,1,317,Ratikon,Denom,"[""Denom"", ""Ratikon"", ""Nivalis"", ""Ilias"", ""Velorum""]","[0.8543558120727539, 0.6943947076797485, 0.5953580141067505, 0.4039399027824402, 0.2691935896873474]"
2,centroid,1,318,Ratikon,Ratikon,"[""Ratikon"", ""Ilias"", ""Nivalis"", ""Denom"", ""Alaris""]","[0.8739819526672363, 0.5706950426101685, 0.4740000367164612, 0.40063321590423584, 0.2416362166404724]"
2,centroid,1,319,Ratikon,Ratikon,"[""Ratikon"", ""Nivalis"", ""Denom"", ""Ilias"", ""Velorum""]","[0.8444945812225342, 0.7829104661941528, 0.6548522710800171, 0.5475627779960632, 0.2272980511188507]"
2,centroid,1,320,Ratikon,Ratikon,"[""Ratikon"", ""Nivalis"", ""Denom"", ""Ilias"", ""Velorum""]","[0.8998171091079712, 0.816380500793457, 0.791171669960022, 0.592715859413147, 0.2241937518119812]"
2,centroid,1,321,Steel_Wheel,Steel_Wheel,"[""Steel_Wheel"", ""Xtreme"", ""Nivalis"", ""Denom"", ""Velorum""]","[0.9680092334747314, 0.050538912415504456, 0.012410803698003292, 0.0035709142684936523, -0.0502714104950428]"
2,centroid,1,322,Steel_Wheel,Steel_Wheel,"[""Steel_Wheel"", ""Xtreme"", ""Nivalis"", ""Hawk"", ""Velorum""]","[0.9617475271224976, 0.07553524523973465, 0.04912791773676872, -0.0035562682896852493, -0.0475289449095726]"
2,centroid,1,323,Steel_Wheel,Steel_Wheel,"[""Steel_Wheel"", ""Xtreme"", ""Alcatras"", ""Mytikas"", ""Nivalis""]","[0.9447158575057983, 0.0556451715528965, 0.028851717710494995, -0.017517607659101486, -0.01922602578997612]"
2,centroid,1,324,Steel_Wheel,Steel_Wheel,"[""Steel_Wheel"", ""Xtreme"", ""Nivalis"", ""Velorum"", ""Denom""]","[0.9549665451049805, 0.13724319636821747, 0.07037847489118576, 0.028980255126953125, -0.017344705760478973]"
2,centroid,1,325,Steel_Wheel,Steel_Wheel,"[""Steel_Wheel"", ""Velorum"", ""Nivalis"", ""Denom"", ""Xtreme""]","[0.8362712860107422, 0.2911568284034729, 0.21117985248565674, 0.1716109812259674, 0.14520691335201263]"
2,centroid,1,326,Steel_Wheel,Steel_Wheel,"[""Steel_Wheel"", ""Nivalis"", ""Xtreme"", ""Velorum"", ""Turbine""]","[0.9364503622055054, 0.1715163290500641, 0.07719571888446808, 0.04084162786602974, 0.020129693672060966]"
2,centroid,1,327,Steel_Wheel,Steel_Wheel,"[""Steel_Wheel"", ""Xtreme"", ""Denom"", ""Nivalis"", ""Hawk""]","[0.8903516530990601, 0.0994286984205246, 0.09494978189468384, 0.0768355131149292, 0.02165268361568451]"
2,centroid,1,328,Steel_Wheel,Steel_Wheel,"[""Steel_Wheel"", ""Denom"", ""Xtreme"", ""Nivalis"", ""Velorum""]","[0.9439906477928162, 0.07217911630868912, 0.03893529623746872, 0.03672003000974655, 0.03484532982110977]"
2,centroid,1,329,Steel_Wheel,Steel_Wheel,"[""Steel_Wheel"", ""Xtreme"", ""Nivalis"", ""Alcatras"", ""Hawk""]","[0.9360605478286743, 0.0905691608786583, 0.04305478185415268, 0.01221233606338501, -0.025266235694289207]"
2,centroid,1,330,Steel_Wheel,Steel_Wheel,"[""Steel_Wheel"", ""Mytikas"", ""Nivalis"", ""Velorum"", ""Xtreme""]","[0.9505663514137268, 0.07402889430522919, 0.04389892518520355, -0.00016712024807929993, -0.011515695601701736]"
2,centroid,1,331,Steel_Wheel,Steel_Wheel,"[""Steel_Wheel"", ""Xtreme"", ""Denom"", ""Nivalis"", ""Gemini""]","[0.9285545349121094, 0.14612005650997162, 0.11920444667339325, 0.049356572329998016, 0.004225468263030052]"
2,centroid,1,332,Steel_Wheel,Steel_Wheel,"[""Steel_Wheel"", ""Nivalis"", ""Xtreme"", ""Velorum"", ""Denom""]","[0.9457976818084717, 0.1395339071750641, 0.10357934236526489, 0.029681434854865074, -0.021954476833343506]"
2,centroid,1,333,Steel_Wheel,Steel_Wheel,"[""Steel_Wheel"", ""Nivalis"", ""Denom"", ""Ratikon"", ""Xtreme""]","[0.9157665967941284, 0.25747644901275635, 0.10935894399881363, 0.08114386349916458, 0.06965266913175583]"
2,centroid,1,334,Steel_Wheel,Steel_Wheel,"[""Steel_Wheel"", ""Xtreme"", ""Nivalis"", ""Castor"", ""Mytikas""]","[0.9648122191429138, 0.14135099947452545, 0.05902504920959473, -0.03733128681778908, -0.037360891699790955]"
2,centroid,1,335,Steel_Wheel,Steel_Wheel,"[""Steel_Wheel"", ""Nivalis"", ""Xtreme"", ""Mytikas"", ""Alcatras""]","[0.9629091620445251, 0.04931114986538887, 0.004964172840118408, -0.008240435272455215, -0.013209364376962185]"
2,centroid,1,336,Steel_Wheel,Steel_Wheel,"[""Steel_Wheel"", ""Nivalis"", ""Xtreme"", ""Denom"", ""Hawk""]","[0.9732229709625244, 0.061022233217954636, 0.04100160300731659, 0.034683190286159515, -0.002557676285505295]"
2,centroid,1,337,Steel_Wheel,Steel_Wheel,"[""Steel_Wheel"", ""Nivalis"", ""Denom"", ""Xtreme"", ""Velorum""]","[0.9596247673034668, 0.15572091937065125, 0.0579012967646122, 0.050836529582738876, 0.02392074279487133]"
2,centroid,1,338,Steel_Wheel,Steel_Wheel,"[""Steel_Wheel"", ""Mytikas"", ""Xtreme"", ""Castor"", ""Alcatras""]","[0.9188699722290039, 0.1841815710067749, 0.11908035725355148, 0.03907676413655281, -0.0009326273575425148]"
2,centroid,1,339,Steel_Wheel,Steel_Wheel,"[""Steel_Wheel"", ""Xtreme"", ""Mytikas"", ""Alcatras"", ""Nivalis""]","[0.9432600736618042, 0.09759167581796646, 0.09743179380893707, 0.04738948494195938, 0.02500280924141407]"
2,centroid,1,340,Steel_Wheel,Steel_Wheel,"[""Steel_Wheel"", ""Denom"", ""Nivalis"", ""Xtreme"", ""Velorum""]","[0.9716126918792725, 0.07908123731613159, 0.0666593462228775, 0.06233375146985054, -0.006277425214648247]"
2,centroid,1,341,Steel_Wheel,Steel_Wheel,"[""Steel_Wheel"", ""Xtreme"", ""Nivalis"", ""Velorum"", ""Denom""]","[0.9459875226020813, 0.1730646789073944, 0.14233598113059998, 0.11319238692522049, -0.003758629783987999]"
2,centroid,1,342,Steel_Wheel,Steel_Wheel,"[""Steel_Wheel"", ""Xtreme"", ""Nivalis"", ""Gemini"", ""Hawk""]","[0.9344645738601685, 0.26034677028656006, 0.14425432682037354, -0.01903660036623478, -0.02392900362610817]"
2,centroid,1,343,Steel_Wheel,Steel_Wheel,"[""Steel_Wheel"", ""Nivalis"", ""Velorum"", ""Xtreme"", ""Denom""]","[0.9421979188919067, 0.18641752004623413, 0.06754347681999207, 0.066202811896801, 0.04059295356273651]"
2,centroid,1,344,Steel_Wheel,Steel_Wheel,"[""Steel_Wheel"", ""Hawk"", ""Alaris"", ""Alcatras"", ""Mytikas""]","[0.9032061100006104, 0.08908158540725708, 0.050756119191646576, 0.04529862478375435, 0.031941454857587814]"
2,centroid,1,345,Steel_Wheel,Steel_Wheel,"[""Steel_Wheel"", ""Xtreme"", ""Nivalis"", ""Velorum"", ""Denom""]","[0.9809060096740723, 0.09664307534694672, 0.07490071654319763, 0.018997998908162117, -0.04371543601155281]"
2,centroid,1,346,Steel_Wheel,Steel_Wheel,"[""Steel_Wheel"", ""Nivalis"", ""Hawk"", ""Xtreme"", ""Denom""]","[0.92612624168396, 0.07486671209335327, 0.052045583724975586, 0.030830297619104385, 0.020966097712516785]"
2,centroid,1,347,Steel_Wheel,Steel_Wheel,"[""Steel_Wheel"", ""Nivalis"", ""Xtreme"", ""Turbine"", ""Castor""]","[0.934823751449585, 0.10235430300235748, 0.06958360970020294, 0.0058307647705078125, -0.07726162672042847]"
2,centroid,1,348,Steel_Wheel,Steel_Wheel,"[""Steel_Wheel"", ""Xtreme"", ""Castor"", ""Mytikas"", ""Turbine""]","[0.9578171372413635, 0.0040770024061203, -0.04554687440395355, -0.07029195129871368, -0.0751238539814949]"
2,centroid,1,349,Steel_Wheel,Steel_Wheel,"[""Steel_Wheel"", ""Xtreme"", ""Nivalis"", ""Vega"", ""Gemini""]","[0.9386307001113892, 0.07701540738344193, 0.07184083759784698, -0.043295927345752716, -0.045382753014564514]"
2,centroid,1,350,Steel_Wheel,Steel_Wheel,"[""Steel_Wheel"", ""Denom"", ""Xtreme"", ""Trius"", ""Nivalis""]","[0.9029620885848999, 0.12535366415977478, 0.02027015946805477, -0.011241625994443893, -0.0310768224298954]"
2,centroid,1,351,Steel_Wheel,Steel_Wheel,"[""Steel_Wheel"", ""Velorum"", ""Nivalis"", ""Mytikas"", ""Xtreme""]","[0.9604452848434448, 0.02894340455532074, 0.019904393702745438, 0.008591067045927048, -0.01587333343923092]"
2,centroid,1,352,Steel_Wheel,Steel_Wheel,"[""Steel_Wheel"", ""Xtreme"", ""Ratikon"", ""Denom"", ""Nivalis""]","[0.9159533977508545, 0.016424793750047684, -0.013938063755631447, -0.020485974848270416, -0.02707294560968876]"
2,centroid,1,353,Steel_Wheel,Steel_Wheel,"[""Steel_Wheel"", ""Xtreme"", ""Nivalis"", ""Denom"", ""Velorum""]","[0.9513054490089417, 0.17641687393188477, 0.0874805599451065, 0.008152134716510773, -0.011244682595133781]"
2,centroid,1,354,Steel_Wheel,Steel_Wheel,"[""Steel_Wheel"", ""Velorum"", ""Castor"", ""Denom"", ""Trius""]","[0.7947509288787842, 0.06812651455402374, 0.05804535001516342, 0.05742082744836807, 0.05383189767599106]"
2,centroid,1,355,Steel_Wheel,Steel_Wheel,"[""Steel_Wheel"", ""Xtreme"", ""Gemini"", ""Hawk"", ""Mytikas""]","[0.9251209497451782, 0.2546148896217346, 0.05506120249629021, -0.01784420944750309, -0.02448371984064579]"
2,centroid,1,356,Triton,Triton,"[""Triton"", ""Trius"", ""Braga"", ""Mytikas"", ""Alcatras""]","[0.9228508472442627, 0.7957043647766113, 0.7023775577545166, 0.6769111752510071, 0.41866621375083923]"
2,centroid,1,357,Triton,Triton,"[""Triton"", ""Trius"", ""Mytikas"", ""Braga"", ""Alcatras""]","[0.9057816863059998, 0.784203052520752, 0.7184672951698303, 0.5912178754806519, 0.46901729702949524]"
2,centroid,1,358,Triton,Triton,"[""Triton"", ""Mytikas"", ""Trius"", ""Velorum"", ""Castor""]","[0.8576494455337524, 0.6777329444885254, 0.6020281314849854, 0.40594014525413513, 0.3926098644733429]"
2,centroid,1,359,Triton,Triton,"[""Triton"", ""Mytikas"", ""Turbine"", ""Castor"", ""Braga""]","[0.7592839002609253, 0.6691146492958069, 0.6087639331817627, 0.6016920804977417, 0.5793042182922363]"
2,centroid,1,360,Triton,Trius,"[""Trius"", ""Triton"", ""Braga"", ""Mytikas"", ""Velorum""]","[0.7692937850952148, 0.7295413017272949, 0.45973432064056396, 0.39402908086776733, 0.30248498916625977]"
2,centroid,1,361,Triton,Triton,"[""Triton"", ""Mytikas"", ""Trius"", ""Braga"", ""Castor""]","[0.8845211863517761, 0.7109005451202393, 0.6635378003120422, 0.624773383140564, 0.6002157330513]"
2,centroid,1,362,Triton,Mytikas,"[""Mytikas"", ""Triton"", ""Trius"", ""Braga"", ""Castor""]","[0.7288946509361267, 0.7227097749710083, 0.646022617816925, 0.618445873260498, 0.5595701932907104]"
2,centroid,1,363,Triton,Trius,"[""Trius"", ""Alcatras"", ""Alaris"", ""Triton"", ""Braga""]","[0.7265469431877136, 0.6438541412353516, 0.6320064663887024, 0.6130867004394531, 0.602591872215271]"
2,centroid,1,364,Triton,Triton,"[""Triton"", ""Mytikas"", ""Trius"", ""Braga"", ""Castor""]","[0.940187931060791, 0.7221241593360901, 0.7035884261131287, 0.6153116226196289, 0.5248809456825256]"
2,centroid,1,365,Triton,Triton,"[""Triton"", ""Mytikas"", ""Trius"", ""Braga"", ""Castor""]","[0.9489275217056274, 0.8262300491333008, 0.7152244448661804, 0.5703610181808472, 0.4474295377731323]"
2,centroid,1,366,Triton,Triton,"[""Triton"", ""Trius"", ""Mytikas"", ""Braga"", ""Castor""]","[0.8714941740036011, 0.7393354177474976, 0.6581653356552124, 0.648917019367218, 0.5632278919219971]"
2,centroid,1,367,Triton,Trius,"[""Trius"", ""Triton"", ""Mytikas"", ""Braga"", ""Castor""]","[0.8081002235412598, 0.7992358207702637, 0.611041784286499, 0.48215752840042114, 0.4637945294380188]"
2,centroid,1,368,Triton,Triton,"[""Triton"", ""Braga"", ""Mytikas"", ""Alcatras"", ""Trius""]","[0.7470247745513916, 0.7410962581634521, 0.7369703054428101, 0.711746096611023, 0.6892337203025818]"
2,centroid,1,369,Triton,Triton,"[""Triton"", ""Mytikas"", ""Braga"", ""Castor"", ""Turbine""]","[0.8574851155281067, 0.7779031991958618, 0.5687059760093689, 0.5451213717460632, 0.5022623538970947]"
2,centroid,1,370,Triton,Triton,"[""Triton"", ""Mytikas"", ""Trius"", ""Castor"", ""Braga""]","[0.8258306980133057, 0.7237091064453125, 0.6744076013565063, 0.6690510511398315, 0.650058388710022]"
2,centroid,1,371,Triton,Triton,"[""Triton"", ""Mytikas"", ""Trius"", ""Braga"", ""Castor""]","[0.8925397396087646, 0.6610008478164673, 0.592278242111206, 0.4331203103065491, 0.3831542730331421]"
2,centroid,1,372,Triton,Triton,"[""Triton"", ""Mytikas"", ""Trius"", ""Braga"", ""Castor""]","[0.9028641581535339, 0.8347139358520508, 0.7458579540252686, 0.7379872798919678, 0.7020455598831177]"
2,centroid,1,373,Triton,Triton,"[""Triton"", ""Trius"", ""Mytikas"", ""Braga"", ""Castor""]","[0.8943473696708679, 0.707123875617981, 0.6460598111152649, 0.5355958342552185, 0.4238901734352112]"
2,centroid,1,374,Triton,Trius,"[""Trius"", ""Braga"", ""Vega"", ""Alaris"", ""Gemini""]","[0.7262665033340454, 0.5065964460372925, 0.5013465285301208, 0.4863107204437256, 0.46872472763061523]"
2,centroid,1,375,Triton,Triton,"[""Triton"", ""Trius"", ""Mytikas"", ""Braga"", ""Castor""]","[0.8672755360603333, 0.8375411033630371, 0.6773160696029663, 0.6085120439529419, 0.5073433518409729]"
2,centroid,1,376,Triton,Triton,"[""Triton"", ""Mytikas"", ""Trius"", ""Velorum"", ""Braga""]","[0.8527282476425171, 0.7635135650634766, 0.6383757591247559, 0.48856037855148315, 0.4756688177585602]"
2,centroid,1,377,Triton,Triton,"[""Triton"", ""Trius"", ""Mytikas"", ""Braga"", ""Castor""]","[0.9231517314910889, 0.7448126077651978, 0.6629844307899475, 0.5496746301651001, 0.45122846961021423]"
2,centroid,1,378,Triton,Mytikas,"[""Mytikas"", ""Trius"", ""Velorum"", ""Gemini"", ""Nivalis""]","[0.43170568346977234, 0.4102020859718323, 0.4060514569282532, 0.35689854621887207, 0.34586068987846375]"
2,centroid,1,379,Triton,Triton,"[""Triton"", ""Mytikas"", ""Trius"", ""Braga"", ""Castor""]","[0.8602533340454102, 0.6370909810066223, 0.5868262052536011, 0.45630043745040894, 0.41722363233566284]"
2,centroid,1,380,Triton,Triton,"[""Triton"", ""Mytikas"", ""Castor"", ""Trius"", ""Braga""]","[0.9268671274185181, 0.7615373134613037, 0.6808247566223145, 0.6347655653953552, 0.5586931109428406]"
2,centroid,1,381,Triton,Triton,"[""Triton"", ""Mytikas"", ""Trius"", ""Castor"", ""Braga""]","[0.8962938785552979, 0.7476118206977844, 0.6262317895889282, 0.5336853265762329, 0.5026368498802185]"
2,centroid,1,382,Triton,Triton,"[""Triton"", ""Mytikas"", ""Trius"", ""Braga"", ""Castor""]","[0.9083002805709839, 0.7514446973800659, 0.718096137046814, 0.5476408004760742, 0.46199488639831543]"
2,centroid,1,383,Triton,Trius,"[""Trius"", ""Triton"", ""Braga"", ""Mytikas"", ""Alcatras""]","[0.7988131642341614, 0.7690891027450562, 0.6411381363868713, 0.5438988208770752, 0.5213021636009216]"
2,centroid,1,384,Triton,Triton,"[""Triton"", ""Trius"", ""Mytikas"", ""Braga"", ""Castor""]","[0.9100940227508545, 0.7653626203536987, 0.6285254955291748, 0.46478283405303955, 0.41335979104042053]"
2,centroid,1,385,Triton,Triton,"[""Triton"", ""Trius"", ""Mytikas"", ""Ilias"", ""Braga""]","[0.8114265203475952, 0.6878811120986938, 0.5978158712387085, 0.41774946451187134, 0.40633055567741394]"
2,centroid,1,386,Triton,Triton,"[""Triton"", ""Mytikas"", ""Trius"", ""Braga"", ""Castor""]","[0.9138668775558472, 0.7352288365364075, 0.599473237991333, 0.5603376626968384, 0.47156089544296265]"
2,centroid,1,387,Triton,Triton,"[""Triton"", ""Trius"", ""Mytikas"", ""Braga"", ""Gemini""]","[0.8887917995452881, 0.7347937822341919, 0.6544194221496582, 0.5869588851928711, 0.2939014434814453]"
2,centroid,1,388,Triton,Trius,"[""Trius"", ""Mytikas"", ""Gemini"", ""Triton"", ""Braga""]","[0.5575979948043823, 0.5511902570724487, 0.3980715274810791, 0.3412676155567169, 0.2714834213256836]"
2,centroid,1,389,Triton,Triton,"[""Triton"", ""Trius"", ""Braga"", ""Mytikas"", ""Alcatras""]","[0.909508228302002, 0.8260465264320374, 0.7584577798843384, 0.7142797112464905, 0.5275794267654419]"
2,centroid,1,390,Triton,Triton,"[""Triton"", ""Trius"", ""Mytikas"", ""Braga"", ""Ilias""]","[0.9039362072944641, 0.6987882852554321, 0.6212193369865417, 0.44687923789024353, 0.4306764304637909]"
2,centroid,1,391,Triton,Triton,"[""Triton"", ""Braga"", ""Trius"", ""Mytikas"", ""Castor""]","[0.9226840734481812, 0.7596707940101624, 0.660946249961853, 0.6542391777038574, 0.5417968034744263]"
2,centroid,1,392,Triton,Triton,"[""Triton"", ""Trius"", ""Braga"", ""Mytikas"", ""Castor""]","[0.8671392798423767, 0.8235836029052734, 0.7007963061332703, 0.5611751675605774, 0.5395873188972473]"
2,centroid,1,393,Triton,Triton,"[""Triton"", ""Mytikas"", ""Castor"", ""Trius"", ""Ilias""]","[0.8348498344421387, 0.5961315631866455, 0.41694825887680054, 0.4163561463356018, 0.3701941967010498]"
2,centroid,1,394,Triton,Castor,"[""Castor"", ""Braga"", ""Turbine"", ""Mytikas"", ""Triton""]","[0.7743922472000122, 0.6731793880462646, 0.6279733180999756, 0.6094546914100647, 0.556221067905426]"
2,centroid,1,395,Triton,Triton,"[""Triton"", ""Mytikas"", ""Braga"", ""Trius"", ""Gemini""]","[0.8157756924629211, 0.6209676265716553, 0.5940767526626587, 0.5747244358062744, 0.4675461947917938]"
2,centroid,1,396,Triton,Triton,"[""Triton"", ""Castor"", ""Trius"", ""Mytikas"", ""Braga""]","[0.8454995155334473, 0.6412291526794434, 0.6344964504241943, 0.619182825088501, 0.48421216011047363]"
2,centroid,1,397,Triton,Triton,"[""Triton"", ""Trius"", ""Braga"", ""Gemini"", ""Mytikas""]","[0.803901195526123, 0.7797836661338806, 0.5833711624145508, 0.5471413731575012, 0.5430747270584106]"
2,centroid,1,398,Triton,Triton,"[""Triton"", ""Mytikas"", ""Trius"", ""Braga"", ""Castor""]","[0.9429278373718262, 0.751714825630188, 0.6717742085456848, 0.6178933382034302, 0.5025347471237183]"
2,centroid,1,399,Triton,Triton,"[""Triton"", ""Mytikas"", ""Braga"", ""Castor"", ""Trius""]","[0.8432892560958862, 0.6293871402740479, 0.5699633359909058, 0.5408188104629517, 0.5265974998474121]"
2,centroid,1,400,Triton,Mytikas,"[""Mytikas"", ""Castor"", ""Triton"", ""Alcatras"", ""Trius""]","[0.6653821468353271, 0.6464862823486328, 0.6452656388282776, 0.6156531572341919, 0.46617943048477173]"
2,centroid,1,401,Triton,Triton,"[""Triton"", ""Mytikas"", ""Trius"", ""Braga"", ""Castor""]","[0.8409472703933716, 0.7468950152397156, 0.6857910752296448, 0.591965913772583, 0.545647382736206]"
2,centroid,1,402,Triton,Triton,"[""Triton"", ""Trius"", ""Castor"", ""Braga"", ""Mytikas""]","[0.7835240364074707, 0.6815260052680969, 0.6516520380973816, 0.6109419465065002, 0.5961911678314209]"
2,centroid,1,403,Triton,Triton,"[""Triton"", ""Mytikas"", ""Trius"", ""Braga"", ""Castor""]","[0.9652565717697144, 0.7245136499404907, 0.7243036031723022, 0.6164166927337646, 0.4934520721435547]"
2,centroid,1,404,Triton,Triton,"[""Triton"", ""Trius"", ""Braga"", ""Mytikas"", ""Castor""]","[0.8920924663543701, 0.6860047578811646, 0.6072371006011963, 0.6028300523757935, 0.47662416100502014]"
2,centroid,1,405,Triton,Triton,"[""Triton"", ""Mytikas"", ""Trius"", ""Velorum"", ""Castor""]","[0.7521092891693115, 0.5809121131896973, 0.5630370378494263, 0.49081405997276306, 0.47801780700683594]"
2,centroid,1,406,Triton,Triton,"[""Triton"", ""Trius"", ""Mytikas"", ""Braga"", ""Castor""]","[0.8083380460739136, 0.6551660299301147, 0.6094805002212524, 0.436359703540802, 0.3997995853424072]"
2,centroid,1,407,Triton,Triton,"[""Triton"", ""Mytikas"", ""Castor"", ""Trius"", ""Braga""]","[0.8341361284255981, 0.6596159934997559, 0.6420536041259766, 0.6177976131439209, 0.43141722679138184]"
2,centroid,1,408,Triton,Triton,"[""Triton"", ""Mytikas"", ""Trius"", ""Braga"", ""Castor""]","[0.9403823018074036, 0.7359031438827515, 0.6636467576026917, 0.5448018312454224, 0.42747530341148376]"
2,centroid,1,409,Trius,Trius,"[""Trius"", ""Triton"", ""Mytikas"", ""Braga"", ""Alcatras""]","[0.8800681829452515, 0.7682919502258301, 0.6411766409873962, 0.5828700065612793, 0.4972546696662903]"
2,centroid,1,410,Trius,Triton,"[""Triton"", ""Braga"", ""Trius"", ""Castor"", ""Turbine""]","[0.7097461223602295, 0.6997347474098206, 0.6332848072052002, 0.5241668224334717, 0.49839189648628235]"
2,centroid,1,411,Trius,Trius,"[""Trius"", ""Triton"", ""Mytikas"", ""Alcatras"", ""Braga""]","[0.805205225944519, 0.7323917150497437, 0.6965682506561279, 0.675051212310791, 0.6662471294403076]"
2,centroid,1,412,Trius,Trius,"[""Trius"", ""Mytikas"", ""Braga"", ""Alcatras"", ""Turbine""]","[0.5906141996383667, 0.5755285024642944, 0.5718008279800415, 0.5246455669403076, 0.4703989624977112]"
2,centroid,1,413,Trius,Trius,"[""Trius"", ""Alcatras"", ""Gemini"", ""Alaris"", ""Triton""]","[0.6827980875968933, 0.5786789059638977, 0.4897693395614624, 0.480646014213562, 0.4123888611793518]"
2,centroid,1,414,Trius,Trius,"[""Trius"", ""Mytikas"", ""Velorum"", ""Gemini"", ""Triton""]","[0.5943285226821899, 0.4296596348285675, 0.41319817304611206, 0.34605854749679565, 0.2898814082145691]"
2,centroid,1,415,Trius,Trius,"[""Trius"", ""Triton"", ""Gemini"", ""Braga"", ""Alaris""]","[0.8539342880249023, 0.6055736541748047, 0.5241321921348572, 0.5047503113746643, 0.4689332842826843]"
2,centroid,1,416,Trius,Braga,"[""Braga"", ""Trius"", ""Gemini"", ""Mytikas"", ""Triton""]","[0.7347021698951721, 0.7037829160690308, 0.5888471603393555, 0.5612086057662964, 0.5034483671188354]"
2,centroid,1,417,Trius,Trius,"[""Trius"", ""Braga"", ""Alcatras"", ""Alaris"", ""Triton""]","[0.8580135107040405, 0.6427056789398193, 0.5729478597640991, 0.5610055327415466, 0.5523614883422852]"
2,centroid,1,418,Trius,Trius,"[""Trius"", ""Triton"", ""Castor"", ""Braga"", ""Mytikas""]","[0.7770221829414368, 0.641201376914978, 0.5191193222999573, 0.5052986145019531, 0.5030561685562134]"
2,centroid,1,419,Trius,Trius,"[""Trius"", ""Braga"", ""Triton"", ""Alaris"", ""Alcatras""]","[0.8340117335319519, 0.7353465557098389, 0.5800689458847046, 0.5619357824325562, 0.4581218361854553]"
2,centroid,1,420,Trius,Alaris,"[""Alaris"", ""Braga"", ""Trius"", ""Alcatras"", ""Hawk""]","[0.7044163942337036, 0.6337053775787354, 0.592536211013794, 0.4819653332233429, 0.4514191448688507]"
2,centroid,1,421,Trius,Castor,"[""Castor"", ""Trius"", ""Alcatras"", ""Mytikas"", ""Triton""]","[0.7710587978363037, 0.6873576045036316, 0.6210713982582092, 0.6051851511001587, 0.5987284779548645]"
2,centroid,1,422,Trius,Trius,"[""Trius"", ""Triton"", ""Braga"", ""Alaris"", ""Mytikas""]","[0.7048107385635376, 0.5740941762924194, 0.455552339553833, 0.34073472023010254, 0.3342808187007904]"
2,centroid,1,423,Trius,Gemini,"[""Gemini"", ""Denom"", ""Xtreme"", ""Nivalis"", ""Vega""]","[0.38253599405288696, 0.3431759476661682, 0.3236424922943115, 0.31644177436828613, 0.21846891939640045]"
2,centroid,1,424,Trius,Trius,"[""Trius"", ""Gemini"", ""Triton"", ""Braga"", ""Alaris""]","[0.8118529319763184, 0.5950020551681519, 0.5449761152267456, 0.4901559352874756, 0.48671892285346985]"
2,centroid,1,425,Trius,Braga,"[""Braga"", ""Trius"", ""Triton"", ""Mytikas"", ""Alaris""]","[0.7466256022453308, 0.7115669250488281, 0.7093309164047241, 0.6792985200881958, 0.49880021810531616]"
2,centroid,1,426,Trius,Trius,"[""Trius"", ""Triton"", ""Braga"", ""Alaris"", ""Alcatras""]","[0.9146189093589783, 0.6586894989013672, 0.5341898202896118, 0.5320796966552734, 0.5040155649185181]"
2,centroid,1,427,Trius,Alaris,"[""Alaris"", ""Alcatras"", ""Trius"", ""Braga"", ""Mytikas""]","[0.6871466636657715, 0.6672050356864929, 0.6371392011642456, 0.6205410957336426, 0.5433449745178223]"
2,centroid,1,428,Trius,Nivalis,"[""Nivalis"", ""Trius"", ""Velorum"", ""Mytikas"", ""Ilias""]","[0.5895750522613525, 0.45516934990882874, 0.40133345127105713, 0.38735389709472656, 0.37681472301483154]"
2,centroid,1,429,Trius,Triton,"[""Triton"", ""Trius"", ""Castor"", ""Braga"", ""Mytikas""]","[0.7912983298301697, 0.7268669605255127, 0.7002816200256348, 0.672605037689209, 0.6548871397972107]"
2,centroid,1,430,Trius,Trius,"[""Trius"", ""Braga"", ""Alaris"", ""Gemini"", ""Turbine""]","[0.5886367559432983, 0.5144335627555847, 0.3583545386791229, 0.33594170212745667, 0.31575411558151245]"
2,centroid,1,431,Trius,Trius,"[""Trius"", ""Triton"", ""Mytikas"", ""Alcatras"", ""Alaris""]","[0.8268131017684937, 0.6792964935302734, 0.6768137216567993, 0.5759016871452332, 0.5665677785873413]"
2,centroid,1,432,Trius,Trius,"[""Trius"", ""Alaris"", ""Braga"", ""Triton"", ""Alcatras""]","[0.8229043483734131, 0.6901851892471313, 0.6889119148254395, 0.5808316469192505, 0.5720630884170532]"
2,centroid,1,433,Trius,Trius,"[""Trius"", ""Mytikas"", ""Braga"", ""Alaris"", ""Vega""]","[0.6702409982681274, 0.38532501459121704, 0.3823710083961487, 0.37950098514556885, 0.3348148763179779]"
2,centroid,1,434,Trius,Trius,"[""Trius"", ""Gemini"", ""Mytikas"", ""Triton"", ""Denom""]","[0.6221814155578613, 0.4305958151817322, 0.29345330595970154, 0.2772983908653259, 0.2740565836429596]"
2,centroid,1,435,Trius,Trius,"[""Trius"", ""Alaris"", ""Braga"", ""Alcatras"", ""Triton""]","[0.7912567853927612, 0.6890811920166016, 0.6794918775558472, 0.6702386140823364, 0.5182095170021057]"
2,centroid,1,436,Trius,Trius,"[""Trius"", ""Triton"", ""Braga"", ""Alaris"", ""Mytikas""]","[0.9240957498550415, 0.7110812067985535, 0.6297205686569214, 0.5305291414260864, 0.5004909038543701]"
2,centroid,1,437,Trius,Trius,"[""Trius"", ""Alaris"", ""Braga"", ""Alcatras"", ""Turbine""]","[0.744173526763916, 0.6356158256530762, 0.5339580178260803, 0.46237850189208984, 0.394153892993927]"
2,centroid,1,438,Trius,Trius,"[""Trius"", ""Velorum"", ""Gemini"", ""Steel_Wheel"", ""Mytikas""]","[0.4893418252468109, 0.3145468533039093, 0.2992326021194458, 0.27764809131622314, 0.2613372802734375]"
2,centroid,1,439,Trius,Trius,"[""Trius"", ""Alaris"", ""Braga"", ""Alcatras"", ""Triton""]","[0.8641895651817322, 0.603804349899292, 0.6008213758468628, 0.521166980266571, 0.5197321176528931]"
2,centroid,1,440,Trius,Trius,"[""Trius"", ""Alcatras"", ""Alaris"", ""Triton"", ""Braga""]","[0.8119546175003052, 0.7497876882553101, 0.7035980224609375, 0.6143802404403687, 0.6099404096603394]"
2,centroid,1,441,Trius,Trius,"[""Trius"", ""Vega"", ""Braga"", ""Mytikas"", ""Gemini""]","[0.6842201948165894, 0.48928606510162354, 0.45966675877571106, 0.4000423848628998, 0.3859376311302185]"
2,centroid,1,442,Trius,Trius,"[""Trius"", ""Mytikas"", ""Alaris"", ""Alcatras"", ""Triton""]","[0.7509719729423523, 0.5377382040023804, 0.48722586035728455, 0.4250375032424927, 0.40281665325164795]"
2,centroid,1,443,Trius,Trius,"[""Trius"", ""Triton"", ""Vega"", ""Alaris"", ""Gemini""]","[0.789810299873352, 0.530869722366333, 0.506420373916626, 0.5024097561836243, 0.4669542908668518]"
2,centroid,1,444,Trius,Trius,"[""Trius"", ""Alaris"", ""Alcatras"", ""Braga"", ""Triton""]","[0.8346821665763855, 0.6569057703018188, 0.5000292062759399, 0.42050737142562866, 0.3856721520423889]"
2,centroid,1,445,Trius,Trius,"[""Trius"", ""Triton"", ""Mytikas"", ""Braga"", ""Gemini""]","[0.8503235578536987, 0.8067865371704102, 0.6026593446731567, 0.504727840423584, 0.32424455881118774]"
2,centroid,1,446,Trius,Trius,"[""Trius"", ""Triton"", ""Alaris"", ""Alcatras"", ""Braga""]","[0.7858203053474426, 0.5161244869232178, 0.3922940492630005, 0.3813766837120056, 0.3714042901992798]"
2,centroid,1,447,Trius,Trius,"[""Trius"", ""Gemini"", ""Braga"", ""Mytikas"", ""Triton""]","[0.7656075954437256, 0.48827701807022095, 0.4657166004180908, 0.4200060963630676, 0.36963918805122375]"
2,centroid,1,448,Trius,Trius,"[""Trius"", ""Braga"", ""Alcatras"", ""Triton"", ""Gemini""]","[0.7747157216072083, 0.722626805305481, 0.5649186968803406, 0.5263562202453613, 0.5120108127593994]"
2,centroid,1,449,Trius,Trius,"[""Trius"", ""Gemini"", ""Braga"", ""Alaris"", ""Triton""]","[0.7371689081192017, 0.4415712356567383, 0.3829842805862427, 0.2657409906387329, 0.24968913197517395]"
2,centroid,1,450,Turbine,Turbine,"[""Turbine"", ""Vega"", ""Hawk"", ""Braga"", ""Castor""]","[0.9253766536712646, 0.411051481962204, 0.41009801626205444, 0.40864020586013794, 0.3805423676967621]"
2,centroid,1,451,Turbine,Alcatras,"[""Alcatras"", ""Mytikas"", ""Castor"", ""Alaris"", ""Turbine""]","[0.8439222574234009, 0.6785187721252441, 0.6500741243362427, 0.6334524154663086, 0.519029974937439]"
2,centroid,1,452,Turbine,Turbine,"[""Turbine"", ""Castor"", ""Braga"", ""Alcatras"", ""Alaris""]","[0.8033875823020935, 0.7506043314933777, 0.6427499055862427, 0.6290938854217529, 0.5147092342376709]"
2,centroid,1,453,Turbine,Turbine,"[""Turbine"", ""Braga"", ""Castor"", ""Hawk"", ""Alcatras""]","[0.8564629554748535, 0.6360131502151489, 0.6035577654838562, 0.5206437110900879, 0.4710184633731842]"
2,centroid,1,454,Turbine,Turbine,"[""Turbine"", ""Braga"", ""Castor"", ""Alcatras"", ""Mytikas""]","[0.7878265380859375, 0.6624479293823242, 0.6215561628341675, 0.5144808888435364, 0.5136456489562988]"
2,centroid,1,455,Turbine,Turbine,"[""Turbine"", ""Hawk"", ""Alaris"", ""Vega"", ""Braga""]","[0.9221612215042114, 0.5741444230079651, 0.49335479736328125, 0.47585928440093994, 0.4350169897079468]"
2,centroid,1,456,Turbine,Turbine,"[""Turbine"", ""Castor"", ""Hawk"", ""Braga"", ""Vega""]","[0.8665688037872314, 0.4401821494102478, 0.4063792824745178, 0.39969921112060547, 0.3943166136741638]"
2,centroid,1,457,Turbine,Turbine,"[""Turbine"", ""Braga"", ""Vega"", ""Hawk"", ""Castor""]","[0.7940181493759155, 0.6138032674789429, 0.5096282958984375, 0.3979771137237549, 0.3225630819797516]"
2,centroid,1,458,Turbine,Turbine,"[""Turbine"", ""Alaris"", ""Castor"", ""Alcatras"", ""Hawk""]","[0.912743091583252, 0.5976715683937073, 0.5820567607879639, 0.5337802171707153, 0.47330808639526367]"
2,centroid,1,459,Turbine,Turbine,"[""Turbine"", ""Hawk"", ""Vega"", ""Castor"", ""Braga""]","[0.9161441326141357, 0.5511370897293091, 0.44811731576919556, 0.38979798555374146, 0.38547229766845703]"
2,centroid,1,460,Turbine,Turbine,"[""Turbine"", ""Hawk"", ""Braga"", ""Vega"", ""Alaris""]","[0.8805692195892334, 0.45416420698165894, 0.4500972032546997, 0.40091240406036377, 0.37037140130996704]"
2,centroid,1,461,Turbine,Turbine,"[""Turbine"", ""Braga"", ""Vega"", ""Castor"", ""Hawk""]","[0.9152166843414307, 0.46532660722732544, 0.4087817370891571, 0.39373522996902466, 0.3844071626663208]"
2,centroid,1,462,Turbine,Turbine,"[""Turbine"", ""Castor"", ""Braga"", ""Alcatras"", ""Triton""]","[0.8469747304916382, 0.7155532240867615, 0.5182397961616516, 0.4395325779914856, 0.41659015417099]"
2,centroid,1,463,Turbine,Turbine,"[""Turbine"", ""Alcatras"", ""Braga"", ""Castor"", ""Alaris""]","[0.7848279476165771, 0.6269785165786743, 0.615760326385498, 0.571129560470581, 0.5485725998878479]"
2,centroid,1,464,Turbine,Turbine,"[""Turbine"", ""Castor"", ""Alcatras"", ""Braga"", ""Alaris""]","[0.8133306503295898, 0.7316250801086426, 0.6036792397499084, 0.5219618082046509, 0.4919241666793823]"
2,centroid,1,465,Turbine,Turbine,"[""Turbine"", ""Castor"", ""Alcatras"", ""Alaris"", ""Braga""]","[0.8056694269180298, 0.7867857217788696, 0.567924439907074, 0.4896312355995178, 0.40197446942329407]"
2,centroid,1,466,Turbine,Turbine,"[""Turbine"", ""Alcatras"", ""Mytikas"", ""Vega"", ""Alaris""]","[0.7633757591247559, 0.6209966540336609, 0.6139761209487915, 0.5868335962295532, 0.5729885697364807]"
2,centroid,1,467,Turbine,Turbine,"[""Turbine"", ""Hawk"", ""Vega"", ""Braga"", ""Gemini""]","[0.7619806528091431, 0.6934278607368469, 0.5171995162963867, 0.42623406648635864, 0.39210808277130127]"
2,centroid,1,468,Turbine,Turbine,"[""Turbine"", ""Castor"", ""Mytikas"", ""Alcatras"", ""Alaris""]","[0.8128470182418823, 0.5389903783798218, 0.4006577730178833, 0.3633490800857544, 0.28847017884254456]"
2,centroid,1,469,Turbine,Braga,"[""Braga"", ""Turbine"", ""Castor"", ""Alcatras"", ""Alaris""]","[0.8266759514808655, 0.6600527763366699, 0.5777846574783325, 0.4975438714027405, 0.4630241394042969]"
2,centroid,1,470,Turbine,Hawk,"[""Hawk"", ""Turbine"", ""Mytikas"", ""Alcatras"", ""Vega""]","[0.8138172626495361, 0.671328604221344, 0.3699970245361328, 0.32926955819129944, 0.31372830271720886]"
2,centroid,1,471,Turbine,Turbine,"[""Turbine"", ""Hawk"", ""Vega"", ""Alcatras"", ""Braga""]","[0.8083032369613647, 0.7340348958969116, 0.4560621380805969, 0.4014133810997009, 0.39385873079299927]"
2,centroid,1,472,Turbine,Turbine,"[""Turbine"", ""Castor"", ""Alcatras"", ""Mytikas"", ""Braga""]","[0.794319212436676, 0.6738077402114868, 0.6480416059494019, 0.5577802062034607, 0.5500005483627319]"
2,centroid,1,473,Turbine,Castor,"[""Castor"", ""Turbine"", ""Mytikas"", ""Braga"", ""Triton""]","[0.857319176197052, 0.7903115749359131, 0.6043179035186768, 0.5152724981307983, 0.503865659236908]"
2,centroid,1,474,Turbine,Castor,"[""Castor"", ""Turbine"", ""Braga"", ""Triton"", ""Mytikas""]","[0.8530102968215942, 0.786446213722229, 0.6743069887161255, 0.6054269075393677, 0.5998514294624329]"
2,centroid,1,475,Turbine,Turbine,"[""Turbine"", ""Vega"", ""Hawk"", ""Braga"", ""Mytikas""]","[0.8276201486587524, 0.6001497507095337, 0.46509891748428345, 0.4512648284435272, 0.33463576436042786]"
2,centroid,1,476,Turbine,Turbine,"[""Turbine"", ""Alaris"", ""Alcatras"", ""Castor"", ""Braga""]","[0.8249460458755493, 0.6077823638916016, 0.5770652294158936, 0.5760884284973145, 0.523578405380249]"
2,centroid,1,477,Turbine,Turbine,"[""Turbine"", ""Castor"", ""Braga"", ""Alcatras"", ""Triton""]","[0.8795706033706665, 0.7513778805732727, 0.41865700483322144, 0.4109302759170532, 0.3735034763813019]"
2,centroid,1,478,Vega,Vega,"[""Vega"", ""Gemini"", ""Hawk"", ""Braga"", ""Nivalis""]","[0.9165531396865845, 0.434744268655777, 0.3844561278820038, 0.3005013167858124, 0.24626334011554718]"
2,centroid,1,479,Vega,Vega,"[""Vega"", ""Alaris"", ""Trius"", ""Alcatras"", ""Braga""]","[0.7455335855484009, 0.6344088315963745, 0.5825761556625366, 0.5765354037284851, 0.5659826397895813]"
2,centroid,1,480,Vega,Vega,"[""Vega"", ""Alaris"", ""Hawk"", ""Braga"", ""Turbine""]","[0.8913966417312622, 0.44027554988861084, 0.4395252466201782, 0.4124450385570526, 0.28276580572128296]"
2,centroid,1,481,Vega,Vega,"[""Vega"", ""Turbine"", ""Braga"", ""Alaris"", ""Hawk""]","[0.8690096139907837, 0.5319995284080505, 0.471540242433548, 0.46247607469558716, 0.42739176750183105]"
2,centroid,1,482,Vega,Vega,"[""Vega"", ""Turbine"", ""Alaris"", ""Braga"", ""Hawk""]","[0.9186610579490662, 0.440622478723526, 0.433597207069397, 0.3835739493370056, 0.3365178108215332]"
2,centroid,1,483,Vega,Vega,"[""Vega"", ""Alaris"", ""Braga"", ""Alcatras"", ""Hawk""]","[0.7227712869644165, 0.5340367555618286, 0.3784483075141907, 0.33535581827163696, 0.2929501235485077]"
2,centroid,1,484,Vega,Vega,"[""Vega"", ""Alaris"", ""Turbine"", ""Braga"", ""Hawk""]","[0.8789165019989014, 0.4604299068450928, 0.39449650049209595, 0.34480082988739014, 0.32899585366249084]"
2,centroid,1,485,Vega,Vega,"[""Vega"", ""Gemini"", ""Hawk"", ""Braga"", ""Nivalis""]","[0.8517543077468872, 0.4756092429161072, 0.23371177911758423, 0.21645870804786682, 0.20864291489124298]"
2,centroid,1,486,Vega,Vega,"[""Vega"", ""Gemini"", ""Braga"", ""Alaris"", ""Trius""]","[0.863287091255188, 0.4786098301410675, 0.4393482208251953, 0.36781221628189087, 0.34444549679756165]"
2,centroid,1,487,Vega,Vega,"[""Vega"", ""Hawk"", ""Gemini"", ""Alaris"", ""Braga""]","[0.8959037065505981, 0.4119914770126343, 0.30029261112213135, 0.2537747323513031, 0.23651902377605438]"
2,centroid,1,488,Vega,Vega,"[""Vega"", ""Alaris"", ""Braga"", ""Turbine"", ""Alcatras""]","[0.9056401252746582, 0.46647900342941284, 0.3810272812843323, 0.36175286769866943, 0.29071930050849915]"
2,centroid,1,489,Vega,Vega,"[""Vega"", ""Hawk"", ""Gemini"", ""Turbine"", ""Braga""]","[0.8608250617980957, 0.5179157853126526, 0.3176274299621582, 0.24200604856014252, 0.1550384759902954]"
2,centroid,1,490,Vega,Vega,"[""Vega"", ""Gemini"", ""Hawk"", ""Alaris"", ""Braga""]","[0.8614358901977539, 0.5350334644317627, 0.38681668043136597, 0.2849418520927429, 0.2605769634246826]"
2,centroid,1,491,Vega,Braga,"[""Braga"", ""Vega"", ""Trius"", ""Hawk"", ""Gemini""]","[0.7297899723052979, 0.6713072657585144, 0.5657048225402832, 0.5147897005081177, 0.4814176559448242]"
2,centroid,1,492,Vega,Vega,"[""Vega"", ""Gemini"", ""Hawk"", ""Braga"", ""Turbine""]","[0.9075191020965576, 0.5252463221549988, 0.315436452627182, 0.23253637552261353, 0.18405844271183014]"
2,centroid,1,493,Vega,Vega,"[""Vega"", ""Alaris"", ""Braga"", ""Turbine"", ""Hawk""]","[0.8718551397323608, 0.6070172190666199, 0.49175623059272766, 0.4807489812374115, 0.453072726726532]"
2,centroid,1,494,Vega,Vega,"[""Vega"", ""Hawk"", ""Braga"", ""Turbine"", ""Gemini""]","[0.8854939937591553, 0.42590466141700745, 0.40155431628227234, 0.3840990662574768, 0.30018341541290283]"
2,centroid,1,495,Vega,Vega,"[""Vega"", ""Turbine"", ""Alaris"", ""Gemini"", ""Braga""]","[0.8715466260910034, 0.4257785975933075, 0.32861506938934326, 0.3062310814857483, 0.30170372128486633]"
2,centroid,1,496,Vega,Vega,"[""Vega"", ""Hawk"", ""Gemini"", ""Braga"", ""Turbine""]","[0.8591551184654236, 0.5730188488960266, 0.33672428131103516, 0.3139793872833252, 0.27419281005859375]"
2,centroid,1,497,Vega,Vega,"[""Vega"", ""Hawk"", ""Alaris"", ""Braga"", ""Turbine""]","[0.913088858127594, 0.5304789543151855, 0.42535266280174255, 0.3352586030960083, 0.29251986742019653]"
2,centroid,1,498,Vega,Vega,"[""Vega"", ""Braga"", ""Alaris"", ""Turbine"", ""Hawk""]","[0.923643946647644, 0.49763596057891846, 0.4951614737510681, 0.4818105399608612, 0.47401148080825806]"
2,centroid,1,499,Vega,Vega,"[""Vega"", ""Hawk"", ""Gemini"", ""Turbine"", ""Nivalis""]","[0.9227110147476196, 0.4116416275501251, 0.3078474700450897, 0.27207353711128235, 0.24613213539123535]"
2,centroid,1,500,Vega,Vega,"[""Vega"", ""Gemini"", ""Hawk"", ""Braga"", ""Alaris""]","[0.9409925937652588, 0.5397515892982483, 0.4088589549064636, 0.3720148801803589, 0.28401386737823486]"
2,centroid,1,501,Vega,Vega,"[""Vega"", ""Hawk"", ""Braga"", ""Gemini"", ""Turbine""]","[0.8232055902481079, 0.5781869888305664, 0.5779855847358704, 0.5546095371246338, 0.3402801752090454]"
2,centroid,1,502,Vega,Vega,"[""Vega"", ""Hawk"", ""Gemini"", ""Braga"", ""Alaris""]","[0.9391044974327087, 0.47821277379989624, 0.45877474546432495, 0.404399037361145, 0.3717990517616272]"
2,centroid,1,503,Vega,Vega,"[""Vega"", ""Alaris"", ""Braga"", ""Hawk"", ""Turbine""]","[0.9175190329551697, 0.5519509315490723, 0.45955008268356323, 0.4220954477787018, 0.35428959131240845]"
2,centroid,1,504,Vega,Vega,"[""Vega"", ""Gemini"", ""Hawk"", ""Braga"", ""Nivalis""]","[0.8924831748008728, 0.5249287486076355, 0.3842583894729614, 0.20180664956569672, 0.1786329597234726]"
2,centroid,1,505,Vega,Vega,"[""Vega"", ""Hawk"", ""Gemini"", ""Nivalis"", ""Turbine""]","[0.8527417182922363, 0.40648752450942993, 0.3573378324508667, 0.35083919763565063, 0.22680531442165375]"
2,centroid,1,506,Vega,Vega,"[""Vega"", ""Alaris"", ""Hawk"", ""Braga"", ""Turbine""]","[0.8389798402786255, 0.6201831102371216, 0.6054430603981018, 0.5767241716384888, 0.5221997499465942]"
2,centroid,1,507,Vega,Vega,"[""Vega"", ""Hawk"", ""Braga"", ""Alaris"", ""Turbine""]","[0.9190890789031982, 0.6193942427635193, 0.4619051516056061, 0.40705054998397827, 0.3765769302845001]"
2,centroid,1,508,Vega,Vega,"[""Vega"", ""Hawk"", ""Alaris"", ""Turbine"", ""Alcatras""]","[0.9115667939186096, 0.5295581817626953, 0.5233432650566101, 0.47930681705474854, 0.3644458055496216]"
2,centroid,1,509,Vega,Vega,"[""Vega"", ""Hawk"", ""Gemini"", ""Turbine"", ""Braga""]","[0.8584449291229248, 0.5856733322143555, 0.4699477255344391, 0.3053746819496155, 0.24810649454593658]"
2,centroid,1,510,Vega,Alcatras,"[""Alcatras"", ""Vega"", ""Alaris"", ""Braga"", ""Hawk""]","[0.4699884355068207, 0.42943471670150757, 0.30522897839546204, 0.12845489382743835, 0.12411496788263321]"
2,centroid,1,511,Vega,Vega,"[""Vega"", ""Braga"", ""Gemini"", ""Alaris"", ""Trius""]","[0.9090186357498169, 0.4750167429447174, 0.4636068344116211, 0.44905880093574524, 0.3474476933479309]"
2,centroid,1,512,Vega,Vega,"[""Vega"", ""Gemini"", ""Hawk"", ""Trius"", ""Braga""]","[0.811734676361084, 0.6708061099052429, 0.49241524934768677, 0.3065127432346344, 0.2724039554595947]"
2,centroid,1,513,Velorum,Velorum,"[""Velorum"", ""Ilias"", ""Triton"", ""Nivalis"", ""Mytikas""]","[0.9455636739730835, 0.5835511088371277, 0.3254126310348511, 0.30449312925338745, 0.24413971602916718]"
2,centroid,1,514,Velorum,Velorum,"[""Velorum"", ""Ilias"", ""Denom"", ""Trius"", ""Triton""]","[0.86955326795578, 0.5513646006584167, 0.32051265239715576, 0.26355403661727905, 0.24270109832286835]"
2,centroid,1,515,Velorum,Velorum,"[""Velorum"", ""Nivalis"", ""Ilias"", ""Denom"", ""Castor""]","[0.9094879627227783, 0.40625572204589844, 0.3370048403739929, 0.3064488470554352, 0.179038405418396]"
2,centroid,1,516,Velorum,Velorum,"[""Velorum"", ""Ilias"", ""Nivalis"", ""Triton"", ""Mytikas""]","[0.9316410422325134, 0.574340283870697, 0.2817426919937134, 0.22279177606105804, 0.20955267548561096]"
2,centroid,1,517,Velorum,Velorum,"[""Velorum"", ""Nivalis"", ""Ilias"", ""Mytikas"", ""Triton""]","[0.915870726108551, 0.4603036642074585, 0.4429682493209839, 0.3016279935836792, 0.1655234843492508]"
2,centroid,1,518,Velorum,Velorum,"[""Velorum"", ""Nivalis"", ""Ilias"", ""Mytikas"", ""Castor""]","[0.83635413646698, 0.3788180351257324, 0.2547653019428253, 0.1729806512594223, 0.12378105521202087]"
2,centroid,1,519,Velorum,Velorum,"[""Velorum"", ""Ilias"", ""Nivalis"", ""Denom"", ""Trius""]","[0.8723191022872925, 0.5472981929779053, 0.5087850093841553, 0.37001746892929077, 0.3280893564224243]"
2,centroid,1,520,Velorum,Velorum,"[""Velorum"", ""Mytikas"", ""Alcatras"", ""Castor"", ""Nivalis""]","[0.8752096891403198, 0.3077739477157593, 0.2994486093521118, 0.2774750888347626, 0.23234891891479492]"
2,centroid,1,521,Velorum,Velorum,"[""Velorum"", ""Mytikas"", ""Nivalis"", ""Castor"", ""Triton""]","[0.7812024354934692, 0.47661978006362915, 0.43824371695518494, 0.3239554464817047, 0.3130118250846863]"
2,centroid,1,522,Velorum,Velorum,"[""Velorum"", ""Ilias"", ""Nivalis"", ""Denom"", ""Xtreme""]","[0.9403762221336365, 0.5627883672714233, 0.44744110107421875, 0.36811885237693787, 0.17495426535606384]"
2,centroid,1,523,Velorum,Velorum,"[""Velorum"", ""Ilias"", ""Nivalis"", ""Denom"", ""Mytikas""]","[0.9516656398773193, 0.5139021873474121, 0.33961397409439087, 0.23954294621944427, 0.1821874976158142]"
2,centroid,1,524,Velorum,Velorum,"[""Velorum"", ""Ilias"", ""Nivalis"", ""Denom"", ""Alcatras""]","[0.8669540882110596, 0.2884654402732849, 0.1827421635389328, 0.14565715193748474, 0.13689327239990234]"
2,centroid,1,525,Velorum,Velorum,"[""Velorum"", ""Nivalis"", ""Ilias"", ""Mytikas"", ""Castor""]","[0.8972423672676086, 0.46336957812309265, 0.30930662155151367, 0.19679144024848938, 0.17307808995246887]"
2,centroid,1,526,Velorum,Velorum,"[""Velorum"", ""Ilias"", ""Nivalis"", ""Denom"", ""Ratikon""]","[0.8874664306640625, 0.5971192121505737, 0.5445767045021057, 0.4883832335472107, 0.3433286249637604]"
2,centroid,1,527,Velorum,Velorum,"[""Velorum"", ""Ilias"", ""Nivalis"", ""Ratikon"", ""Denom""]","[0.9037171006202698, 0.6628199815750122, 0.36193615198135376, 0.33796826004981995, 0.3248283863067627]"
2,centroid,1,528,Velorum,Velorum,"[""Velorum"", ""Ilias"", ""Mytikas"", ""Nivalis"", ""Xtreme""]","[0.8570507764816284, 0.4445149004459381, 0.36165839433670044, 0.27881819009780884, 0.2273053675889969]"
2,centroid,1,529,Velorum,Velorum,"[""Velorum"", ""Ilias"", ""Mytikas"", ""Nivalis"", ""Triton""]","[0.925983190536499, 0.3813096582889557, 0.32541710138320923, 0.2898770570755005, 0.27179017663002014]"
2,centroid,1,530,Velorum,Velorum,"[""Velorum"", ""Ilias"", ""Triton"", ""Mytikas"", ""Nivalis""]","[0.9409542083740234, 0.4793778955936432, 0.35548585653305054, 0.30535438656806946, 0.2695317566394806]"
2,centroid,1,531,Velorum,Velorum,"[""Velorum"", ""Ilias"", ""Nivalis"", ""Denom"", ""Ratikon""]","[0.9262506365776062, 0.4917071461677551, 0.4589464068412781, 0.3007882535457611, 0.2218136489391327]"
2,centroid,1,532,Velorum,Velorum,"[""Velorum"", ""Ilias"", ""Nivalis"", ""Denom"", ""Trius""]","[0.9484124183654785, 0.47520017623901367, 0.40680578351020813, 0.2759847044944763, 0.2565711736679077]"
2,centroid,1,533,Velorum,Velorum,"[""Velorum"", ""Ilias"", ""Nivalis"", ""Ratikon"", ""Denom""]","[0.8994063138961792, 0.5579537749290466, 0.5082550048828125, 0.3033488988876343, 0.3000427484512329]"
2,centroid,1,534,Velorum,Velorum,"[""Velorum"", ""Ilias"", ""Nivalis"", ""Denom"", ""Mytikas""]","[0.9497190713882446, 0.4563062787055969, 0.31054770946502686, 0.23073147237300873, 0.1676047146320343]"
2,centroid,1,535,Velorum,Velorum,"[""Velorum"", ""Ilias"", ""Denom"", ""Trius"", ""Alcatras""]","[0.75886070728302, 0.35001254081726074, 0.3336973190307617, 0.3108397126197815, 0.11725341528654099]"
2,centroid,1,536,Velorum,Velorum,"[""Velorum"", ""Nivalis"", ""Denom"", ""Ilias"", ""Ratikon""]","[0.8365942239761353, 0.5335832238197327, 0.4509551525115967, 0.3211976885795593, 0.2598523497581482]"
2,centroid,1,537,Velorum,Velorum,"[""Velorum"", ""Castor"", ""Ilias"", ""Mytikas"", ""Triton""]","[0.9069308042526245, 0.31257057189941406, 0.2960531711578369, 0.27153390645980835, 0.26516830921173096]"
2,centroid,1,538,Velorum,Velorum,"[""Velorum"", ""Ilias"", ""Nivalis"", ""Hawk"", ""Mytikas""]","[0.7746212482452393, 0.4134022891521454, 0.31201547384262085, 0.25999221205711365, 0.15518851578235626]"
2,centroid,1,539,Velorum,Ilias,"[""Ilias"", ""Ratikon"", ""Denom"", ""Nivalis"", ""Velorum""]","[0.6746394634246826, 0.6617966890335083, 0.5687538385391235, 0.5665108561515808, 0.5184075832366943]"
2,centroid,1,540,Velorum,Velorum,"[""Velorum"", ""Ilias"", ""Nivalis"", ""Denom"", ""Ratikon""]","[0.9079220294952393, 0.5001477003097534, 0.4904973804950714, 0.3655140995979309, 0.16971367597579956]"
2,centroid,1,541,Velorum,Velorum,"[""Velorum"", ""Ilias"", ""Trius"", ""Denom"", ""Triton""]","[0.7566209435462952, 0.4861374795436859, 0.3827381730079651, 0.28786832094192505, 0.2636594772338867]"
2,centroid,1,542,Velorum,Velorum,"[""Velorum"", ""Ilias"", ""Nivalis"", ""Mytikas"", ""Triton""]","[0.9117540121078491, 0.5123744606971741, 0.36608922481536865, 0.35097435116767883, 0.23914408683776855]"
2,centroid,1,543,Velorum,Velorum,"[""Velorum"", ""Ilias"", ""Nivalis"", ""Denom"", ""Triton""]","[0.947843611240387, 0.5974386930465698, 0.3558898866176605, 0.3268222212791443, 0.2500160038471222]"
2,centroid,1,544,Velorum,Velorum,"[""Velorum"", ""Ilias"", ""Nivalis"", ""Ratikon"", ""Triton""]","[0.8611857891082764, 0.6204380393028259, 0.4787079691886902, 0.42026495933532715, 0.32050737738609314]"
2,centroid,1,545,Velorum,Velorum,"[""Velorum"", ""Ilias"", ""Denom"", ""Nivalis"", ""Ratikon""]","[0.9031473398208618, 0.5477782487869263, 0.3425464332103729, 0.2962724566459656, 0.2234058678150177]"
2,centroid,1,546,Velorum,Velorum,"[""Velorum"", ""Ilias"", ""Nivalis"", ""Mytikas"", ""Triton""]","[0.9480116367340088, 0.46404731273651123, 0.27278652787208557, 0.26580849289894104, 0.25350961089134216]"
2,centroid,1,547,Velorum,Velorum,"[""Velorum"", ""Mytikas"", ""Nivalis"", ""Castor"", ""Turbine""]","[0.7499545812606812, 0.47923871874809265, 0.4720425605773926, 0.35678231716156006, 0.3006160259246826]"
2,centroid,1,548,Velorum,Velorum,"[""Velorum"", ""Ilias"", ""Nivalis"", ""Triton"", ""Denom""]","[0.9443724155426025, 0.44920438528060913, 0.4196973443031311, 0.3186682462692261, 0.2523200213909149]"
2,centroid,1,549,Velorum,Velorum,"[""Velorum"", ""Ilias"", ""Mytikas"", ""Nivalis"", ""Hawk""]","[0.8120465278625488, 0.43758541345596313, 0.398183673620224, 0.3062196969985962, 0.29025131464004517]"
2,centroid,1,550,Velorum,Velorum,"[""Velorum"", ""Ilias"", ""Nivalis"", ""Mytikas"", ""Triton""]","[0.9658411145210266, 0.4514278173446655, 0.34330445528030396, 0.29208606481552124, 0.22751103341579437]"
2,centroid,1,551,Velorum,Velorum,"[""Velorum"", ""Ilias"", ""Triton"", ""Trius"", ""Mytikas""]","[0.8315393924713135, 0.4956396222114563, 0.4662189483642578, 0.42047688364982605, 0.3523198366165161]"
2,centroid,1,552,Velorum,Velorum,"[""Velorum"", ""Ilias"", ""Nivalis"", ""Denom"", ""Mytikas""]","[0.9220224618911743, 0.512593686580658, 0.42335304617881775, 0.2531857490539551, 0.16513751447200775]"
2,centroid,1,553,Velorum,Velorum,"[""Velorum"", ""Nivalis"", ""Ilias"", ""Mytikas"", ""Ratikon""]","[0.8635156154632568, 0.45623260736465454, 0.3513657748699188, 0.2548365294933319, 0.15186655521392822]"
2,centroid,1,554,Velorum,Velorum,"[""Velorum"", ""Ilias"", ""Nivalis"", ""Mytikas"", ""Denom""]","[0.930892825126648, 0.6202470064163208, 0.4483664035797119, 0.3181096315383911, 0.31562983989715576]"
2,centroid,1,555,Velorum,Velorum,"[""Velorum"", ""Denom"", ""Nivalis"", ""Ilias"", ""Castor""]","[0.7338809967041016, 0.4034295082092285, 0.2692733705043793, 0.19712834060192108, 0.15619173645973206]"
2,centroid,1,556,Velorum,Velorum,"[""Velorum"", ""Denom"", ""Ilias"", ""Nivalis"", ""Trius""]","[0.8748503923416138, 0.4482124447822571, 0.43652400374412537, 0.35881543159484863, 0.29283276200294495]"
2,centroid,1,557,Velorum,Velorum,"[""Velorum"", ""Ilias"", ""Mytikas"", ""Triton"", ""Nivalis""]","[0.9092051982879639, 0.5130606889724731, 0.28332996368408203, 0.25119537115097046, 0.21375247836112976]"
2,centroid,1,558,Velorum,Velorum,"[""Velorum"", ""Ilias"", ""Denom"", ""Trius"", ""Triton""]","[0.8882883787155151, 0.35135117173194885, 0.218253031373024, 0.17449617385864258, 0.11525214463472366]"
2,centroid,1,559,Velorum,Velorum,"[""Velorum"", ""Nivalis"", ""Ilias"", ""Denom"", ""Ratikon""]","[0.7856677770614624, 0.6591993570327759, 0.6095907092094421, 0.49251917004585266, 0.4610711932182312]"
2,centroid,1,560,Velorum,Velorum,"[""Velorum"", ""Ilias"", ""Denom"", ""Trius"", ""Ratikon""]","[0.6916184425354004, 0.5256956219673157, 0.4226195812225342, 0.3452695310115814, 0.3124803900718689]"
2,centroid,1,561,Velorum,Velorum,"[""Velorum"", ""Ilias"", ""Nivalis"", ""Denom"", ""Ratikon""]","[0.9079220294952393, 0.5001477003097534, 0.4904973804950714, 0.3655140995979309, 0.16971367597579956]"
2,centroid,1,562,Velorum,Velorum,"[""Velorum"", ""Nivalis"", ""Ilias"", ""Denom"", ""Ratikon""]","[0.8582322001457214, 0.5641916394233704, 0.552074670791626, 0.4029350280761719, 0.2809564471244812]"
2,centroid,1,563,Velorum,Velorum,"[""Velorum"", ""Ilias"", ""Denom"", ""Nivalis"", ""Triton""]","[0.909655749797821, 0.5533081293106079, 0.45704564452171326, 0.42939597368240356, 0.23572202026844025]"
2,centroid,1,564,Velorum,Velorum,"[""Velorum"", ""Nivalis"", ""Ilias"", ""Denom"", ""Ratikon""]","[0.7554243206977844, 0.7203325033187866, 0.45723700523376465, 0.4042275547981262, 0.3844941258430481]"
2,centroid,1,565,Velorum,Velorum,"[""Velorum"", ""Mytikas"", ""Nivalis"", ""Ilias"", ""Triton""]","[0.8857262134552002, 0.3999328017234802, 0.35168808698654175, 0.3210488557815552, 0.26020410656929016]"
2,centroid,1,566,Velorum,Velorum,"[""Velorum"", ""Denom"", ""Ilias"", ""Nivalis"", ""Ratikon""]","[0.7224366068840027, 0.6710079908370972, 0.4536226987838745, 0.41289931535720825, 0.356705904006958]"
2,centroid,1,567,Velorum,Velorum,"[""Velorum"", ""Ilias"", ""Nivalis"", ""Mytikas"", ""Castor""]","[0.8941612243652344, 0.4427628517150879, 0.29006868600845337, 0.28718018531799316, 0.20071937143802643]"
2,centroid,1,568,Velorum,Velorum,"[""Velorum"", ""Trius"", ""Xtreme"", ""Denom"", ""Ilias""]","[0.5102723836898804, 0.24347621202468872, 0.21709376573562622, 0.19289976358413696, 0.1868390142917633]"
2,centroid,1,569,Velorum,Velorum,"[""Velorum"", ""Ilias"", ""Nivalis"", ""Xtreme"", ""Triton""]","[0.9080783128738403, 0.41618531942367554, 0.34405621886253357, 0.25847548246383667, 0.24098436534404755]"
2,centroid,1,570,Velorum,Velorum,"[""Velorum"", ""Ilias"", ""Nivalis"", ""Mytikas"", ""Denom""]","[0.9380484819412231, 0.32757166028022766, 0.259127140045166, 0.22083599865436554, 0.11565762758255005]"
2,centroid,1,571,Velorum,Velorum,"[""Velorum"", ""Ilias"", ""Nivalis"", ""Denom"", ""Ratikon""]","[0.9634459614753723, 0.503873348236084, 0.4009527862071991, 0.3077428936958313, 0.1547526717185974]"
2,centroid,1,572,Xtreme,Xtreme,"[""Xtreme"", ""Gemini"", ""Nivalis"", ""Steel_Wheel"", ""Denom""]","[0.9080915451049805, 0.4230840802192688, 0.14178532361984253, 0.13954868912696838, 0.027597419917583466]"
2,centroid,1,573,Xtreme,Xtreme,"[""Xtreme"", ""Gemini"", ""Ilias"", ""Steel_Wheel"", ""Nivalis""]","[0.9275525808334351, 0.4009418785572052, 0.11638574302196503, 0.08973180502653122, 0.056102972477674484]"
2,centroid,1,574,Xtreme,Xtreme,"[""Xtreme"", ""Gemini"", ""Steel_Wheel"", ""Ilias"", ""Nivalis""]","[0.9651182889938354, 0.36408013105392456, 0.04328697547316551, 0.03692061826586723, 0.03096909262239933]"
2,centroid,1,575,Xtreme,Xtreme,"[""Xtreme"", ""Gemini"", ""Velorum"", ""Steel_Wheel"", ""Ilias""]","[0.9532721042633057, 0.28470367193222046, 0.11719653010368347, 0.05493081361055374, 0.02998540736734867]"
2,centroid,1,576,Xtreme,Xtreme,"[""Xtreme"", ""Gemini"", ""Steel_Wheel"", ""Velorum"", ""Nivalis""]","[0.9027991890907288, 0.5750698447227478, 0.05564294010400772, -0.0047052232548594475, -0.017930828034877777]"
2,centroid,1,577,Xtreme,Xtreme,"[""Xtreme"", ""Gemini"", ""Steel_Wheel"", ""Ilias"", ""Nivalis""]","[0.947714626789093, 0.5225974321365356, 0.07077575474977493, -0.0008185515180230141, -0.05558513104915619]"
2,centroid,1,578,Xtreme,Xtreme,"[""Xtreme"", ""Gemini"", ""Steel_Wheel"", ""Ilias"", ""Nivalis""]","[0.961460530757904, 0.41840916872024536, 0.1729065477848053, 0.08367985486984253, 0.07146002352237701]"
2,centroid,1,579,Xtreme,Xtreme,"[""Xtreme"", ""Gemini"", ""Braga"", ""Trius"", ""Triton""]","[0.746782660484314, 0.5803780555725098, 0.34455257654190063, 0.293355792760849, 0.23461571335792542]"
2,centroid,1,580,Xtreme,Xtreme,"[""Xtreme"", ""Gemini"", ""Ilias"", ""Denom"", ""Trius""]","[0.7766352295875549, 0.5975238084793091, 0.41576313972473145, 0.1928684115409851, 0.15752878785133362]"
2,centroid,1,581,Xtreme,Xtreme,"[""Xtreme"", ""Gemini"", ""Steel_Wheel"", ""Velorum"", ""Nivalis""]","[0.9210650324821472, 0.2626393437385559, 0.1927158236503601, 0.016089681535959244, -0.031244251877069473]"
2,centroid,1,582,Xtreme,Xtreme,"[""Xtreme"", ""Gemini"", ""Steel_Wheel"", ""Denom"", ""Hawk""]","[0.9160622358322144, 0.2975003719329834, 0.161976158618927, 0.008860014379024506, 0.00422600656747818]"
2,centroid,1,583,Xtreme,Xtreme,"[""Xtreme"", ""Gemini"", ""Hawk"", ""Velorum"", ""Steel_Wheel""]","[0.9046213626861572, 0.40129759907722473, 0.14545294642448425, 0.08294009417295456, 0.06268534809350967]"
2,centroid,1,584,Xtreme,Xtreme,"[""Xtreme"", ""Gemini"", ""Ilias"", ""Velorum"", ""Hawk""]","[0.9179685115814209, 0.49726417660713196, 0.20683926343917847, 0.08111467957496643, 0.03801894932985306]"
2,centroid,1,585,Xtreme,Gemini,"[""Gemini"", ""Xtreme"", ""Braga"", ""Trius"", ""Mytikas""]","[0.7546383738517761, 0.5095168352127075, 0.477721631526947, 0.43695077300071716, 0.4243488907814026]"
2,centroid,1,586,Xtreme,Xtreme,"[""Xtreme"", ""Gemini"", ""Steel_Wheel"", ""Nivalis"", ""Ilias""]","[0.9571806192398071, 0.44115379452705383, 0.12174725532531738, 0.08486497402191162, 0.06668858975172043]"
2,centroid,1,587,Xtreme,Xtreme,"[""Xtreme"", ""Gemini"", ""Steel_Wheel"", ""Ilias"", ""Braga""]","[0.9558877348899841, 0.5239760875701904, 0.048171378672122955, 0.029081301763653755, -0.021975290030241013]"
2,centroid,1,588,Xtreme,Xtreme,"[""Xtreme"", ""Gemini"", ""Velorum"", ""Steel_Wheel"", ""Ilias""]","[0.957594096660614, 0.31393343210220337, 0.10275959968566895, 0.09682974964380264, -0.00546619389206171]"
2,centroid,1,589,Xtreme,Xtreme,"[""Xtreme"", ""Gemini"", ""Steel_Wheel"", ""Nivalis"", ""Mytikas""]","[0.9201294183731079, 0.3533813953399658, 0.12522447109222412, 0.11242015659809113, 0.07733911275863647]"
2,centroid,1,590,Xtreme,Xtreme,"[""Xtreme"", ""Gemini"", ""Nivalis"", ""Steel_Wheel"", ""Denom""]","[0.9285215139389038, 0.41367244720458984, 0.15058697760105133, 0.0881328135728836, 0.020055226981639862]"
2,centroid,1,591,Xtreme,Xtreme,"[""Xtreme"", ""Gemini"", ""Triton"", ""Braga"", ""Trius""]","[0.6838433742523193, 0.5261240005493164, 0.39454594254493713, 0.37138694524765015, 0.3280600309371948]"
2,centroid,1,592,Xtreme,Xtreme,"[""Xtreme"", ""Gemini"", ""Steel_Wheel"", ""Trius"", ""Braga""]","[0.8438809514045715, 0.6141068935394287, 0.1099567860364914, 0.043059587478637695, 0.03237743675708771]"
2,centroid,1,593,Xtreme,Xtreme,"[""Xtreme"", ""Gemini"", ""Steel_Wheel"", ""Hawk"", ""Ilias""]","[0.9565386772155762, 0.3173213005065918, 0.12509039044380188, -0.031101645901799202, -0.04066815972328186]"
2,centroid,1,594,Xtreme,Xtreme,"[""Xtreme"", ""Gemini"", ""Steel_Wheel"", ""Nivalis"", ""Denom""]","[0.930138349533081, 0.4024043679237366, 0.174882709980011, 0.12694817781448364, 0.0797777846455574]"
2,centroid,1,595,Xtreme,Xtreme,"[""Xtreme"", ""Gemini"", ""Steel_Wheel"", ""Nivalis"", ""Ilias""]","[0.9684325456619263, 0.3709622323513031, 0.14526380598545074, 0.013459324836730957, -0.03910265862941742]"
2,centroid,1,596,Xtreme,Xtreme,"[""Xtreme"", ""Gemini"", ""Ilias"", ""Triton"", ""Mytikas""]","[0.9073059558868408, 0.36009252071380615, 0.17699211835861206, 0.07649942487478256, 0.050004638731479645]"
2,centroid,1,597,Xtreme,Xtreme,"[""Xtreme"", ""Gemini"", ""Ilias"", ""Steel_Wheel"", ""Velorum""]","[0.9370063543319702, 0.468707799911499, 0.1677696406841278, 0.09882444143295288, 0.08585067093372345]"
2,centroid,1,598,Xtreme,Xtreme,"[""Xtreme"", ""Gemini"", ""Hawk"", ""Vega"", ""Velorum""]","[0.8453173041343689, 0.5206598043441772, 0.3355610966682434, 0.0624212846159935, 0.06201276555657387]"
2,centroid,1,599,Xtreme,Xtreme,"[""Xtreme"", ""Gemini"", ""Steel_Wheel"", ""Denom"", ""Ilias""]","[0.9364944696426392, 0.29636430740356445, 0.09814345836639404, 0.08635694533586502, 0.07952016592025757]"
2,centroid,1,600,Xtreme,Xtreme,"[""Xtreme"", ""Gemini"", ""Nivalis"", ""Trius"", ""Steel_Wheel""]","[0.765236496925354, 0.6829938888549805, 0.14875060319900513, 0.12322993576526642, 0.05540275573730469]"
2,centroid,1,601,Xtreme,Xtreme,"[""Xtreme"", ""Gemini"", ""Denom"", ""Ilias"", ""Nivalis""]","[0.9254882335662842, 0.3994525969028473, 0.17819945514202118, 0.1374274492263794, 0.1212095394730568]"
2,centroid,1,602,Xtreme,Xtreme,"[""Xtreme"", ""Gemini"", ""Velorum"", ""Nivalis"", ""Hawk""]","[0.9090160131454468, 0.25773438811302185, 0.05835189297795296, 0.03215418756008148, 0.02345956861972809]"
2,centroid,1,603,Xtreme,Braga,"[""Braga"", ""Triton"", ""Gemini"", ""Trius"", ""Mytikas""]","[0.6808351874351501, 0.5757328271865845, 0.5710299015045166, 0.5482767820358276, 0.4969804584980011]"
2,centroid,1,604,Xtreme,Xtreme,"[""Xtreme"", ""Gemini"", ""Hawk"", ""Braga"", ""Vega""]","[0.8761872053146362, 0.43843334913253784, 0.22773735225200653, 0.08943920582532883, 0.012076225131750107]"
2,centroid,1,605,Xtreme,Gemini,"[""Gemini"", ""Triton"", ""Braga"", ""Trius"", ""Xtreme""]","[0.6059225797653198, 0.5783340930938721, 0.48402222990989685, 0.46732133626937866, 0.4045006334781647]"
2,centroid,1,606,Xtreme,Xtreme,"[""Xtreme"", ""Gemini"", ""Ilias"", ""Braga"", ""Triton""]","[0.8689485788345337, 0.5459052920341492, 0.11551138013601303, 0.0676896795630455, 0.05075192078948021]"
2,centroid,1,607,Xtreme,Xtreme,"[""Xtreme"", ""Gemini"", ""Trius"", ""Denom"", ""Braga""]","[0.48240184783935547, 0.409816712141037, 0.18189162015914917, 0.18115700781345367, 0.14615315198898315]"
2,centroid,1,608,Xtreme,Xtreme,"[""Xtreme"", ""Gemini"", ""Steel_Wheel"", ""Velorum"", ""Ilias""]","[0.9813884496688843, 0.43102842569351196, 0.09399758279323578, 0.009755627252161503, -0.0007914281450212002]"
2,centroid,1,609,Xtreme,Xtreme,"[""Xtreme"", ""Gemini"", ""Velorum"", ""Trius"", ""Braga""]","[0.5998246669769287, 0.4812275767326355, 0.3994947671890259, 0.25506824254989624, 0.23087632656097412]"
