fold,retrieval_mode,topn,query_index,true_label,top1_predicted_label,top_k_labels,top_k_scores
3,centroid,1,0,Alaris,Alaris,"[""Alaris"", ""Alcatras"", ""Trius"", ""Braga"", ""Vega""]","[0.840437650680542, 0.746609628200531, 0.6286028027534485, 0.5807783007621765, 0.4774169325828552]"
3,centroid,1,1,Alaris,Alaris,"[""Alaris"", ""Alcatras"", ""Turbine"", ""Trius"", ""Hawk""]","[0.958798885345459, 0.7440913915634155, 0.4849013090133667, 0.4445916414260864, 0.38251978158950806]"
3,centroid,1,2,Alaris,Alaris,"[""Alaris"", ""Alcatras"", ""Hawk"", ""Vega"", ""Trius""]","[0.8239606618881226, 0.7233982682228088, 0.5947265625, 0.41652047634124756, 0.3209226727485657]"
3,centroid,1,3,Alaris,Alaris,"[""Alaris"", ""Alcatras"", ""Trius"", ""Braga"", ""Hawk""]","[0.9448179006576538, 0.7628979682922363, 0.5599552392959595, 0.5168574452400208, 0.48116567730903625]"
3,centroid,1,4,Alaris,Alaris,"[""Alaris"", ""Alcatras"", ""Hawk"", ""Turbine"", ""Braga""]","[0.9173119068145752, 0.7582149505615234, 0.4824177920818329, 0.4075232148170471, 0.35684800148010254]"
3,centroid,1,5,Alaris,Alaris,"[""Alaris"", ""Hawk"", ""Alcatras"", ""Trius"", ""Vega""]","[0.769302487373352, 0.7368718385696411, 0.6801397800445557, 0.4366540014743805, 0.42525961995124817]"
3,centroid,1,6,Alaris,Alaris,"[""Alaris"", ""Hawk"", ""Vega"", ""Alcatras"", ""Turbine""]","[0.8381562232971191, 0.6589918732643127, 0.655782163143158, 0.6112631559371948, 0.5244061946868896]"
3,centroid,1,7,Alaris,Alaris,"[""Alaris"", ""Alcatras"", ""Trius"", ""Vega"", ""Turbine""]","[0.8573029637336731, 0.6102845668792725, 0.5471051335334778, 0.42893853783607483, 0.2659720182418823]"
3,centroid,1,8,Alaris,Alaris,"[""Alaris"", ""Alcatras"", ""Trius"", ""Triton"", ""Vega""]","[0.8356665968894958, 0.6996097564697266, 0.5924117565155029, 0.40344083309173584, 0.39228782057762146]"
3,centroid,1,9,Alaris,Braga,"[""Braga"", ""Gemini"", ""Alcatras"", ""Trius"", ""Xtreme""]","[0.4938388764858246, 0.45642921328544617, 0.41854506731033325, 0.3374640941619873, 0.3267051577568054]"
3,centroid,1,10,Alaris,Alaris,"[""Alaris"", ""Alcatras"", ""Braga"", ""Hawk"", ""Trius""]","[0.8383089303970337, 0.6202926635742188, 0.5788517594337463, 0.4981306195259094, 0.49323898553848267]"
3,centroid,1,11,Alaris,Alaris,"[""Alaris"", ""Alcatras"", ""Trius"", ""Mytikas"", ""Triton""]","[0.8259230852127075, 0.7872980833053589, 0.5821159482002258, 0.5800526142120361, 0.3890734612941742]"
3,centroid,1,12,Alaris,Triton,"[""Triton"", ""Castor"", ""Braga"", ""Mytikas"", ""Trius""]","[0.7800309658050537, 0.6760711073875427, 0.5340894460678101, 0.5181723237037659, 0.46184635162353516]"
3,centroid,1,13,Alaris,Alaris,"[""Alaris"", ""Trius"", ""Alcatras"", ""Vega"", ""Gemini""]","[0.7990462779998779, 0.5443817377090454, 0.5250808000564575, 0.4396061897277832, 0.40239304304122925]"
3,centroid,1,14,Alaris,Alaris,"[""Alaris"", ""Alcatras"", ""Vega"", ""Braga"", ""Trius""]","[0.8306310176849365, 0.618322491645813, 0.47711119055747986, 0.4601548910140991, 0.3863629698753357]"
3,centroid,1,15,Alaris,Alaris,"[""Alaris"", ""Alcatras"", ""Braga"", ""Trius"", ""Turbine""]","[0.9082693457603455, 0.8274285197257996, 0.5687097311019897, 0.5444667339324951, 0.5222381353378296]"
3,centroid,1,16,Alaris,Alaris,"[""Alaris"", ""Alcatras"", ""Trius"", ""Vega"", ""Turbine""]","[0.9490941762924194, 0.680898904800415, 0.47484177350997925, 0.4468546509742737, 0.427484393119812]"
3,centroid,1,17,Alaris,Alaris,"[""Alaris"", ""Alcatras"", ""Hawk"", ""Braga"", ""Turbine""]","[0.8778249025344849, 0.7357901930809021, 0.5904147028923035, 0.5858159065246582, 0.5384019017219543]"
3,centroid,1,18,Alaris,Alaris,"[""Alaris"", ""Alcatras"", ""Braga"", ""Turbine"", ""Vega""]","[0.8227805495262146, 0.6697605848312378, 0.5546650886535645, 0.5514012575149536, 0.46806180477142334]"
3,centroid,1,19,Alaris,Alaris,"[""Alaris"", ""Hawk"", ""Alcatras"", ""Trius"", ""Vega""]","[0.7924882173538208, 0.6747057437896729, 0.6484710574150085, 0.40363967418670654, 0.4007216691970825]"
3,centroid,1,20,Alaris,Mytikas,"[""Mytikas"", ""Braga"", ""Trius"", ""Castor"", ""Turbine""]","[0.7327263355255127, 0.7058547735214233, 0.5876837968826294, 0.5225017070770264, 0.46516433358192444]"
3,centroid,1,21,Alaris,Alaris,"[""Alaris"", ""Alcatras"", ""Turbine"", ""Hawk"", ""Vega""]","[0.7863281965255737, 0.526625394821167, 0.41270822286605835, 0.2705879211425781, 0.20615477859973907]"
3,centroid,1,22,Alaris,Alaris,"[""Alaris"", ""Hawk"", ""Alcatras"", ""Vega"", ""Trius""]","[0.799973726272583, 0.6856871247291565, 0.6647657155990601, 0.40265220403671265, 0.37023693323135376]"
3,centroid,1,23,Alaris,Trius,"[""Trius"", ""Alaris"", ""Triton"", ""Alcatras"", ""Braga""]","[0.7073787450790405, 0.705980122089386, 0.647376298904419, 0.5866237878799438, 0.3609510064125061]"
3,centroid,1,24,Alaris,Alaris,"[""Alaris"", ""Alcatras"", ""Trius"", ""Braga"", ""Turbine""]","[0.9390518665313721, 0.7705106735229492, 0.6181460618972778, 0.5767138004302979, 0.5185592770576477]"
3,centroid,1,25,Alaris,Alcatras,"[""Alcatras"", ""Hawk"", ""Alaris"", ""Turbine"", ""Mytikas""]","[0.6695134043693542, 0.569425106048584, 0.5573300123214722, 0.5276909470558167, 0.3541851043701172]"
3,centroid,1,26,Alaris,Trius,"[""Trius"", ""Alcatras"", ""Triton"", ""Braga"", ""Alaris""]","[0.5740059614181519, 0.5632102489471436, 0.5569315552711487, 0.5356513261795044, 0.5150003433227539]"
3,centroid,1,27,Alcatras,Alcatras,"[""Alcatras"", ""Castor"", ""Trius"", ""Braga"", ""Alaris""]","[0.7843374609947205, 0.6808120012283325, 0.5713979005813599, 0.5695319175720215, 0.5401490330696106]"
3,centroid,1,28,Alcatras,Castor,"[""Castor"", ""Braga"", ""Mytikas"", ""Alcatras"", ""Triton""]","[0.8531229496002197, 0.6042116284370422, 0.5664917230606079, 0.5480254888534546, 0.5384252071380615]"
3,centroid,1,29,Alcatras,Alcatras,"[""Alcatras"", ""Alaris"", ""Trius"", ""Castor"", ""Braga""]","[0.8327534198760986, 0.7003265619277954, 0.5846661329269409, 0.5507858991622925, 0.5213245153427124]"
3,centroid,1,30,Alcatras,Alcatras,"[""Alcatras"", ""Alaris"", ""Castor"", ""Braga"", ""Mytikas""]","[0.8719320893287659, 0.7070950269699097, 0.53175950050354, 0.45424848794937134, 0.40849319100379944]"
3,centroid,1,31,Alcatras,Trius,"[""Trius"", ""Alcatras"", ""Alaris"", ""Triton"", ""Mytikas""]","[0.7488008737564087, 0.7324742674827576, 0.7280861139297485, 0.608568549156189, 0.5083262920379639]"
3,centroid,1,32,Alcatras,Alcatras,"[""Alcatras"", ""Alaris"", ""Castor"", ""Braga"", ""Mytikas""]","[0.8420500755310059, 0.593487024307251, 0.5828714370727539, 0.37425267696380615, 0.34717491269111633]"
3,centroid,1,33,Alcatras,Alcatras,"[""Alcatras"", ""Castor"", ""Braga"", ""Triton"", ""Trius""]","[0.8692026138305664, 0.7209762334823608, 0.623964786529541, 0.6230707168579102, 0.5871313810348511]"
3,centroid,1,34,Alcatras,Alcatras,"[""Alcatras"", ""Alaris"", ""Hawk"", ""Castor"", ""Braga""]","[0.8853475451469421, 0.7402539849281311, 0.483245313167572, 0.47810614109039307, 0.4541360139846802]"
3,centroid,1,35,Alcatras,Alcatras,"[""Alcatras"", ""Alaris"", ""Braga"", ""Castor"", ""Trius""]","[0.8471818566322327, 0.6352037787437439, 0.5492545962333679, 0.5456579327583313, 0.4231983423233032]"
3,centroid,1,36,Alcatras,Alcatras,"[""Alcatras"", ""Alaris"", ""Braga"", ""Castor"", ""Mytikas""]","[0.8732951879501343, 0.6526697874069214, 0.5963923931121826, 0.5396866202354431, 0.5269402265548706]"
3,centroid,1,37,Alcatras,Triton,"[""Triton"", ""Mytikas"", ""Trius"", ""Castor"", ""Alcatras""]","[0.7859482765197754, 0.7301304340362549, 0.7210021615028381, 0.6759730577468872, 0.673697292804718]"
3,centroid,1,38,Alcatras,Alcatras,"[""Alcatras"", ""Alaris"", ""Braga"", ""Hawk"", ""Castor""]","[0.8748799562454224, 0.6805217266082764, 0.6142503023147583, 0.5521966814994812, 0.515499472618103]"
3,centroid,1,39,Alcatras,Alcatras,"[""Alcatras"", ""Alaris"", ""Castor"", ""Hawk"", ""Trius""]","[0.8203647136688232, 0.7052944898605347, 0.4000816345214844, 0.35815751552581787, 0.32320916652679443]"
3,centroid,1,40,Alcatras,Alcatras,"[""Alcatras"", ""Alaris"", ""Castor"", ""Braga"", ""Mytikas""]","[0.9141815900802612, 0.7621240615844727, 0.5085136890411377, 0.42386218905448914, 0.37355464696884155]"
3,centroid,1,41,Alcatras,Alcatras,"[""Alcatras"", ""Braga"", ""Alaris"", ""Trius"", ""Castor""]","[0.8245506286621094, 0.7226715683937073, 0.58707195520401, 0.5016697645187378, 0.4993961751461029]"
3,centroid,1,42,Alcatras,Alcatras,"[""Alcatras"", ""Alaris"", ""Trius"", ""Triton"", ""Velorum""]","[0.8415341377258301, 0.6487367749214172, 0.5775483250617981, 0.5034977793693542, 0.40447676181793213]"
3,centroid,1,43,Alcatras,Alaris,"[""Alaris"", ""Alcatras"", ""Trius"", ""Castor"", ""Braga""]","[0.8652529716491699, 0.8499976992607117, 0.4713066816329956, 0.4540517330169678, 0.44162964820861816]"
3,centroid,1,44,Alcatras,Castor,"[""Castor"", ""Alcatras"", ""Mytikas"", ""Braga"", ""Triton""]","[0.8425649404525757, 0.7917460799217224, 0.6390154361724854, 0.5711403489112854, 0.5409451127052307]"
3,centroid,1,45,Alcatras,Alcatras,"[""Alcatras"", ""Castor"", ""Alaris"", ""Braga"", ""Mytikas""]","[0.8809146285057068, 0.7224365472793579, 0.6841800808906555, 0.46877357363700867, 0.43702444434165955]"
3,centroid,1,46,Alcatras,Alcatras,"[""Alcatras"", ""Alaris"", ""Castor"", ""Hawk"", ""Turbine""]","[0.8038313388824463, 0.7485301494598389, 0.43883025646209717, 0.3891048729419708, 0.3344368636608124]"
3,centroid,1,47,Alcatras,Alcatras,"[""Alcatras"", ""Braga"", ""Trius"", ""Triton"", ""Alaris""]","[0.799883246421814, 0.7032625675201416, 0.6991224884986877, 0.5653164386749268, 0.5614886283874512]"
3,centroid,1,48,Alcatras,Alcatras,"[""Alcatras"", ""Alaris"", ""Castor"", ""Hawk"", ""Turbine""]","[0.8108295202255249, 0.7833831906318665, 0.37064436078071594, 0.3690502941608429, 0.32534918189048767]"
3,centroid,1,49,Alcatras,Castor,"[""Castor"", ""Mytikas"", ""Triton"", ""Alcatras"", ""Trius""]","[0.7671255469322205, 0.6921700835227966, 0.6845334768295288, 0.6632453203201294, 0.5406585335731506]"
3,centroid,1,50,Alcatras,Alcatras,"[""Alcatras"", ""Alaris"", ""Hawk"", ""Trius"", ""Braga""]","[0.8538928031921387, 0.7726318836212158, 0.4499206244945526, 0.4064922332763672, 0.3937409222126007]"
3,centroid,1,51,Alcatras,Alcatras,"[""Alcatras"", ""Alaris"", ""Castor"", ""Mytikas"", ""Hawk""]","[0.754148006439209, 0.6302461624145508, 0.40879830718040466, 0.3098108768463135, 0.29133838415145874]"
3,centroid,1,52,Alcatras,Turbine,"[""Turbine"", ""Vega"", ""Alaris"", ""Hawk"", ""Alcatras""]","[0.7425439357757568, 0.6212453246116638, 0.5920292139053345, 0.46900948882102966, 0.40548503398895264]"
3,centroid,1,53,Braga,Castor,"[""Castor"", ""Braga"", ""Alcatras"", ""Trius"", ""Triton""]","[0.8036502599716187, 0.7918014526367188, 0.6616464257240295, 0.5148730278015137, 0.5016143321990967]"
3,centroid,1,54,Braga,Braga,"[""Braga"", ""Gemini"", ""Hawk"", ""Vega"", ""Xtreme""]","[0.8092097043991089, 0.6471379399299622, 0.5879727602005005, 0.5548564791679382, 0.41719311475753784]"
3,centroid,1,55,Braga,Braga,"[""Braga"", ""Hawk"", ""Alcatras"", ""Turbine"", ""Mytikas""]","[0.740264892578125, 0.7208776473999023, 0.585603654384613, 0.5125641822814941, 0.46845388412475586]"
3,centroid,1,56,Braga,Braga,"[""Braga"", ""Alcatras"", ""Castor"", ""Triton"", ""Trius""]","[0.8581184148788452, 0.6513090133666992, 0.5804452896118164, 0.56158447265625, 0.527301013469696]"
3,centroid,1,57,Braga,Vega,"[""Vega"", ""Turbine"", ""Hawk"", ""Braga"", ""Alaris""]","[0.7884756922721863, 0.7551895380020142, 0.6234323382377625, 0.4974742829799652, 0.4130132496356964]"
3,centroid,1,58,Braga,Braga,"[""Braga"", ""Alcatras"", ""Castor"", ""Triton"", ""Turbine""]","[0.8501977324485779, 0.7063515186309814, 0.6617686152458191, 0.6037207245826721, 0.5713133215904236]"
3,centroid,1,59,Braga,Braga,"[""Braga"", ""Castor"", ""Triton"", ""Trius"", ""Alcatras""]","[0.8733854293823242, 0.6482917666435242, 0.6168419122695923, 0.519371509552002, 0.4390014111995697]"
3,centroid,1,60,Braga,Braga,"[""Braga"", ""Alcatras"", ""Alaris"", ""Triton"", ""Trius""]","[0.8647028803825378, 0.7321348786354065, 0.6664196252822876, 0.6505619287490845, 0.6423912048339844]"
3,centroid,1,61,Braga,Braga,"[""Braga"", ""Gemini"", ""Vega"", ""Trius"", ""Triton""]","[0.8021292686462402, 0.5867911577224731, 0.5022883415222168, 0.4993186593055725, 0.3771663010120392]"
3,centroid,1,62,Braga,Alaris,"[""Alaris"", ""Turbine"", ""Alcatras"", ""Castor"", ""Braga""]","[0.7613376379013062, 0.6486064195632935, 0.6308746933937073, 0.5625601410865784, 0.4734530448913574]"
3,centroid,1,63,Braga,Braga,"[""Braga"", ""Hawk"", ""Alaris"", ""Turbine"", ""Alcatras""]","[0.8778887987136841, 0.6372132301330566, 0.613097071647644, 0.5857342481613159, 0.5791381001472473]"
3,centroid,1,64,Braga,Braga,"[""Braga"", ""Triton"", ""Alcatras"", ""Trius"", ""Castor""]","[0.7776268720626831, 0.713409960269928, 0.6925323009490967, 0.6905627250671387, 0.6792522668838501]"
3,centroid,1,65,Braga,Braga,"[""Braga"", ""Triton"", ""Trius"", ""Mytikas"", ""Gemini""]","[0.8831703662872314, 0.6446516513824463, 0.5579337477684021, 0.5354166030883789, 0.48938244581222534]"
3,centroid,1,66,Braga,Braga,"[""Braga"", ""Gemini"", ""Hawk"", ""Triton"", ""Trius""]","[0.8733186721801758, 0.5713765621185303, 0.5484228730201721, 0.44781801104545593, 0.431769996881485]"
3,centroid,1,67,Braga,Braga,"[""Braga"", ""Alaris"", ""Trius"", ""Hawk"", ""Turbine""]","[0.8519326448440552, 0.670052170753479, 0.6137346029281616, 0.6106396913528442, 0.6100771427154541]"
3,centroid,1,68,Braga,Braga,"[""Braga"", ""Turbine"", ""Castor"", ""Hawk"", ""Alcatras""]","[0.8093814253807068, 0.6711069345474243, 0.6564987897872925, 0.4332042634487152, 0.42106860876083374]"
3,centroid,1,69,Braga,Braga,"[""Braga"", ""Turbine"", ""Trius"", ""Triton"", ""Alaris""]","[0.7434437274932861, 0.6158185601234436, 0.48651501536369324, 0.45246151089668274, 0.45155492424964905]"
3,centroid,1,70,Braga,Braga,"[""Braga"", ""Vega"", ""Hawk"", ""Gemini"", ""Turbine""]","[0.7805812954902649, 0.6868336200714111, 0.6218430399894714, 0.5075215101242065, 0.4995390474796295]"
3,centroid,1,71,Braga,Braga,"[""Braga"", ""Turbine"", ""Alcatras"", ""Hawk"", ""Vega""]","[0.8219534158706665, 0.5624101161956787, 0.50174880027771, 0.45239701867103577, 0.44907084107398987]"
3,centroid,1,72,Braga,Braga,"[""Braga"", ""Gemini"", ""Vega"", ""Trius"", ""Alaris""]","[0.778947114944458, 0.7578305006027222, 0.7560042142868042, 0.7154431343078613, 0.4977095425128937]"
3,centroid,1,73,Braga,Turbine,"[""Turbine"", ""Braga"", ""Xtreme"", ""Castor"", ""Hawk""]","[0.5727859735488892, 0.5344880819320679, 0.3635355532169342, 0.3484111428260803, 0.30451494455337524]"
3,centroid,1,74,Braga,Braga,"[""Braga"", ""Castor"", ""Triton"", ""Alcatras"", ""Trius""]","[0.8481686115264893, 0.7085072994232178, 0.6107062101364136, 0.4980301558971405, 0.4688361883163452]"
3,centroid,1,75,Braga,Vega,"[""Vega"", ""Gemini"", ""Braga"", ""Trius"", ""Hawk""]","[0.770719051361084, 0.7141998410224915, 0.6635783910751343, 0.5956082344055176, 0.52464359998703]"
3,centroid,1,76,Braga,Braga,"[""Braga"", ""Triton"", ""Castor"", ""Trius"", ""Gemini""]","[0.7724632620811462, 0.650759756565094, 0.6039848923683167, 0.5599645972251892, 0.5235648155212402]"
3,centroid,1,77,Braga,Braga,"[""Braga"", ""Alcatras"", ""Castor"", ""Triton"", ""Mytikas""]","[0.8548954725265503, 0.6898831129074097, 0.6709861159324646, 0.6368900537490845, 0.5924214124679565]"
3,centroid,1,78,Braga,Braga,"[""Braga"", ""Alcatras"", ""Trius"", ""Triton"", ""Alaris""]","[0.859708309173584, 0.7014286518096924, 0.6457483768463135, 0.5997243523597717, 0.5591052174568176]"
3,centroid,1,79,Braga,Braga,"[""Braga"", ""Castor"", ""Turbine"", ""Alcatras"", ""Hawk""]","[0.8320837020874023, 0.6432552337646484, 0.5374912619590759, 0.33792078495025635, 0.32919830083847046]"
3,centroid,1,80,Braga,Braga,"[""Braga"", ""Alcatras"", ""Castor"", ""Alaris"", ""Hawk""]","[0.8393744826316833, 0.7245861887931824, 0.6052813529968262, 0.513221800327301, 0.4983144998550415]"
3,centroid,1,81,Braga,Vega,"[""Vega"", ""Braga"", ""Gemini"", ""Hawk"", ""Trius""]","[0.7063450813293457, 0.6511478424072266, 0.5644673109054565, 0.5088305473327637, 0.4025399088859558]"
3,centroid,1,82,Braga,Braga,"[""Braga"", ""Alcatras"", ""Alaris"", ""Turbine"", ""Castor""]","[0.8563079833984375, 0.7341654300689697, 0.6872411966323853, 0.521228015422821, 0.4872928857803345]"
3,centroid,1,83,Braga,Vega,"[""Vega"", ""Braga"", ""Hawk"", ""Gemini"", ""Turbine""]","[0.7233794927597046, 0.6790170073509216, 0.6738314628601074, 0.5713971853256226, 0.48651111125946045]"
3,centroid,1,84,Braga,Braga,"[""Braga"", ""Alcatras"", ""Turbine"", ""Alaris"", ""Mytikas""]","[0.7707604169845581, 0.6823848485946655, 0.6001233458518982, 0.5426197052001953, 0.512871503829956]"
3,centroid,1,85,Braga,Alcatras,"[""Alcatras"", ""Mytikas"", ""Castor"", ""Alaris"", ""Braga""]","[0.7206407189369202, 0.6972667574882507, 0.6256911754608154, 0.6164180636405945, 0.6020461320877075]"
3,centroid,1,86,Braga,Braga,"[""Braga"", ""Alcatras"", ""Alaris"", ""Trius"", ""Gemini""]","[0.8053001761436462, 0.6348351240158081, 0.5523942708969116, 0.5104988813400269, 0.405464768409729]"
3,centroid,1,87,Braga,Vega,"[""Vega"", ""Gemini"", ""Trius"", ""Braga"", ""Triton""]","[0.765690267086029, 0.6710527539253235, 0.535387396812439, 0.48165419697761536, 0.35939401388168335]"
3,centroid,1,88,Braga,Braga,"[""Braga"", ""Vega"", ""Alaris"", ""Turbine"", ""Alcatras""]","[0.6817632913589478, 0.6640663743019104, 0.6559712886810303, 0.5585993528366089, 0.530276894569397]"
3,centroid,1,89,Braga,Triton,"[""Triton"", ""Mytikas"", ""Braga"", ""Castor"", ""Trius""]","[0.8157232999801636, 0.6671594381332397, 0.6520548462867737, 0.6285205483436584, 0.5314554572105408]"
3,centroid,1,90,Castor,Alcatras,"[""Alcatras"", ""Castor"", ""Turbine"", ""Alaris"", ""Braga""]","[0.7795233130455017, 0.7474750876426697, 0.6471079587936401, 0.6372638940811157, 0.4883723258972168]"
3,centroid,1,91,Castor,Castor,"[""Castor"", ""Braga"", ""Triton"", ""Mytikas"", ""Alcatras""]","[0.9414181709289551, 0.6098743677139282, 0.5485759973526001, 0.5401316285133362, 0.5311387777328491]"
3,centroid,1,92,Castor,Castor,"[""Castor"", ""Alcatras"", ""Turbine"", ""Mytikas"", ""Braga""]","[0.9023582935333252, 0.6686135530471802, 0.5041948556900024, 0.4323045611381531, 0.415131151676178]"
3,centroid,1,93,Castor,Castor,"[""Castor"", ""Turbine"", ""Alcatras"", ""Braga"", ""Mytikas""]","[0.901854395866394, 0.6310418248176575, 0.47552114725112915, 0.4741271138191223, 0.40113985538482666]"
3,centroid,1,94,Castor,Castor,"[""Castor"", ""Braga"", ""Triton"", ""Alcatras"", ""Trius""]","[0.8520370125770569, 0.5908457040786743, 0.5128054618835449, 0.47842103242874146, 0.4081800580024719]"
3,centroid,1,95,Castor,Castor,"[""Castor"", ""Turbine"", ""Braga"", ""Alcatras"", ""Triton""]","[0.9223012328147888, 0.4405405819416046, 0.41712701320648193, 0.35554438829421997, 0.33922332525253296]"
3,centroid,1,96,Castor,Castor,"[""Castor"", ""Braga"", ""Alcatras"", ""Turbine"", ""Triton""]","[0.9416919946670532, 0.516026496887207, 0.5074331760406494, 0.4557483196258545, 0.4378170669078827]"
3,centroid,1,97,Castor,Castor,"[""Castor"", ""Triton"", ""Mytikas"", ""Alcatras"", ""Braga""]","[0.8991051316261292, 0.6131309270858765, 0.6061632037162781, 0.4925159811973572, 0.43930184841156006]"
3,centroid,1,98,Castor,Castor,"[""Castor"", ""Triton"", ""Mytikas"", ""Velorum"", ""Alcatras""]","[0.6337865591049194, 0.5761284232139587, 0.5287281274795532, 0.44937583804130554, 0.4227064847946167]"
3,centroid,1,99,Castor,Castor,"[""Castor"", ""Triton"", ""Turbine"", ""Alcatras"", ""Mytikas""]","[0.6748026609420776, 0.4488770365715027, 0.3601391315460205, 0.2921674847602844, 0.25948306918144226]"
3,centroid,1,100,Castor,Castor,"[""Castor"", ""Alcatras"", ""Mytikas"", ""Triton"", ""Braga""]","[0.8872360587120056, 0.5810562372207642, 0.5310865640640259, 0.5100484490394592, 0.4485219419002533]"
3,centroid,1,101,Castor,Castor,"[""Castor"", ""Turbine"", ""Braga"", ""Alcatras"", ""Triton""]","[0.9189709424972534, 0.475843608379364, 0.43373334407806396, 0.3613421320915222, 0.31950199604034424]"
3,centroid,1,102,Castor,Castor,"[""Castor"", ""Alcatras"", ""Turbine"", ""Braga"", ""Mytikas""]","[0.8871902823448181, 0.6714233756065369, 0.5628383755683899, 0.5513092875480652, 0.4839227497577667]"
3,centroid,1,103,Castor,Castor,"[""Castor"", ""Mytikas"", ""Triton"", ""Turbine"", ""Alcatras""]","[0.9339668154716492, 0.5401167869567871, 0.5197142958641052, 0.468080997467041, 0.4395519196987152]"
3,centroid,1,104,Castor,Castor,"[""Castor"", ""Braga"", ""Triton"", ""Mytikas"", ""Alcatras""]","[0.8898957371711731, 0.5737708806991577, 0.5660339593887329, 0.5334811210632324, 0.39433348178863525]"
3,centroid,1,105,Castor,Castor,"[""Castor"", ""Mytikas"", ""Braga"", ""Triton"", ""Turbine""]","[0.936294436454773, 0.3912575840950012, 0.39125338196754456, 0.3737737536430359, 0.37216436862945557]"
3,centroid,1,106,Castor,Castor,"[""Castor"", ""Turbine"", ""Mytikas"", ""Alcatras"", ""Triton""]","[0.9184694290161133, 0.516310453414917, 0.40913426876068115, 0.40423399209976196, 0.40078702569007874]"
3,centroid,1,107,Castor,Castor,"[""Castor"", ""Mytikas"", ""Turbine"", ""Triton"", ""Braga""]","[0.8756428956985474, 0.4842078983783722, 0.43250733613967896, 0.38805145025253296, 0.38552138209342957]"
3,centroid,1,108,Castor,Castor,"[""Castor"", ""Alcatras"", ""Turbine"", ""Braga"", ""Mytikas""]","[0.9436745643615723, 0.5301671028137207, 0.48854589462280273, 0.4652199149131775, 0.3921353816986084]"
3,centroid,1,109,Castor,Castor,"[""Castor"", ""Mytikas"", ""Alcatras"", ""Turbine"", ""Triton""]","[0.8445491790771484, 0.6046426296234131, 0.4915354251861572, 0.4695058763027191, 0.4335342049598694]"
3,centroid,1,110,Castor,Triton,"[""Triton"", ""Castor"", ""Mytikas"", ""Braga"", ""Trius""]","[0.7075287103652954, 0.7057996988296509, 0.46990475058555603, 0.4544491767883301, 0.4232237637042999]"
3,centroid,1,111,Castor,Castor,"[""Castor"", ""Turbine"", ""Alcatras"", ""Braga"", ""Mytikas""]","[0.9570653438568115, 0.5531156063079834, 0.5356873869895935, 0.4808168411254883, 0.43572998046875]"
3,centroid,1,112,Castor,Castor,"[""Castor"", ""Turbine"", ""Alcatras"", ""Mytikas"", ""Alaris""]","[0.8598132133483887, 0.5972608327865601, 0.5781206488609314, 0.49531012773513794, 0.3932734429836273]"
3,centroid,1,113,Castor,Castor,"[""Castor"", ""Triton"", ""Mytikas"", ""Braga"", ""Alcatras""]","[0.9303469061851501, 0.5866787433624268, 0.5832510590553284, 0.5545880198478699, 0.505242109298706]"
3,centroid,1,114,Castor,Castor,"[""Castor"", ""Mytikas"", ""Alcatras"", ""Triton"", ""Turbine""]","[0.8861679434776306, 0.5212225317955017, 0.5150378346443176, 0.47124582529067993, 0.4235142171382904]"
3,centroid,1,115,Castor,Castor,"[""Castor"", ""Mytikas"", ""Alcatras"", ""Triton"", ""Trius""]","[0.8989754319190979, 0.5737106800079346, 0.5673079490661621, 0.4367283582687378, 0.43300628662109375]"
3,centroid,1,116,Castor,Castor,"[""Castor"", ""Alcatras"", ""Turbine"", ""Braga"", ""Mytikas""]","[0.8871698975563049, 0.6245439052581787, 0.5573025941848755, 0.49661684036254883, 0.4034901261329651]"
3,centroid,1,117,Castor,Castor,"[""Castor"", ""Triton"", ""Braga"", ""Mytikas"", ""Alcatras""]","[0.9204088449478149, 0.4556400775909424, 0.43409407138824463, 0.39984583854675293, 0.3469311594963074]"
3,centroid,1,118,Castor,Castor,"[""Castor"", ""Braga"", ""Triton"", ""Mytikas"", ""Alcatras""]","[0.8873589038848877, 0.7296349406242371, 0.6148021221160889, 0.5424683094024658, 0.5325106382369995]"
3,centroid,1,119,Castor,Castor,"[""Castor"", ""Braga"", ""Alcatras"", ""Triton"", ""Turbine""]","[0.7832499742507935, 0.6056150197982788, 0.5426162481307983, 0.4875336289405823, 0.47513437271118164]"
3,centroid,1,120,Castor,Castor,"[""Castor"", ""Braga"", ""Turbine"", ""Alcatras"", ""Mytikas""]","[0.8427702188491821, 0.6541535258293152, 0.5593442916870117, 0.5429677367210388, 0.47677746415138245]"
3,centroid,1,121,Castor,Castor,"[""Castor"", ""Turbine"", ""Mytikas"", ""Alcatras"", ""Braga""]","[0.9531217217445374, 0.4958045780658722, 0.48515966534614563, 0.43316414952278137, 0.4295356571674347]"
3,centroid,1,122,Denom,Ratikon,"[""Ratikon"", ""Denom"", ""Nivalis"", ""Ilias"", ""Velorum""]","[0.8819329142570496, 0.877962589263916, 0.810634970664978, 0.6407562494277954, 0.4636422395706177]"
3,centroid,1,123,Denom,Denom,"[""Denom"", ""Nivalis"", ""Ratikon"", ""Ilias"", ""Velorum""]","[0.9319785833358765, 0.9030288457870483, 0.8292080163955688, 0.7421243786811829, 0.5629907846450806]"
3,centroid,1,124,Denom,Ratikon,"[""Ratikon"", ""Denom"", ""Nivalis"", ""Ilias"", ""Velorum""]","[0.9193296432495117, 0.9033701419830322, 0.8269405364990234, 0.6547709703445435, 0.33295029401779175]"
3,centroid,1,125,Denom,Denom,"[""Denom"", ""Ratikon"", ""Nivalis"", ""Ilias"", ""Velorum""]","[0.9437867999076843, 0.8500725030899048, 0.8070420026779175, 0.6735236644744873, 0.4192683696746826]"
3,centroid,1,126,Denom,Denom,"[""Denom"", ""Ratikon"", ""Nivalis"", ""Ilias"", ""Velorum""]","[0.9213640093803406, 0.7860323190689087, 0.7468037009239197, 0.4589342474937439, 0.2752422094345093]"
3,centroid,1,127,Denom,Ilias,"[""Ilias"", ""Denom"", ""Ratikon"", ""Nivalis"", ""Velorum""]","[0.8277267813682556, 0.785212516784668, 0.7606267929077148, 0.7086433172225952, 0.36381906270980835]"
3,centroid,1,128,Denom,Ratikon,"[""Ratikon"", ""Denom"", ""Nivalis"", ""Ilias"", ""Velorum""]","[0.8852666020393372, 0.8530995845794678, 0.7651128768920898, 0.6117339134216309, 0.15421397984027863]"
3,centroid,1,129,Denom,Denom,"[""Denom"", ""Nivalis"", ""Ratikon"", ""Ilias"", ""Velorum""]","[0.9652106761932373, 0.8698602914810181, 0.8639935255050659, 0.6621774435043335, 0.4096575081348419]"
3,centroid,1,130,Denom,Denom,"[""Denom"", ""Ratikon"", ""Nivalis"", ""Ilias"", ""Velorum""]","[0.9081532955169678, 0.8923898935317993, 0.8185243606567383, 0.786048412322998, 0.5596791505813599]"
3,centroid,1,131,Denom,Denom,"[""Denom"", ""Ratikon"", ""Nivalis"", ""Ilias"", ""Velorum""]","[0.9704992771148682, 0.8498106002807617, 0.796472430229187, 0.6219520568847656, 0.35839033126831055]"
3,centroid,1,132,Denom,Denom,"[""Denom"", ""Ratikon"", ""Nivalis"", ""Ilias"", ""Velorum""]","[0.9438093304634094, 0.8438735008239746, 0.8140792846679688, 0.6097248792648315, 0.48504358530044556]"
3,centroid,1,133,Denom,Denom,"[""Denom"", ""Ratikon"", ""Ilias"", ""Nivalis"", ""Velorum""]","[0.9136055111885071, 0.8137513399124146, 0.734782338142395, 0.7108654975891113, 0.3559527099132538]"
3,centroid,1,134,Denom,Ratikon,"[""Ratikon"", ""Denom"", ""Nivalis"", ""Ilias"", ""Velorum""]","[0.9051662683486938, 0.8719699382781982, 0.7903406620025635, 0.7304069399833679, 0.28800323605537415]"
3,centroid,1,135,Denom,Denom,"[""Denom"", ""Ratikon"", ""Nivalis"", ""Ilias"", ""Velorum""]","[0.918211042881012, 0.8101862668991089, 0.8008630275726318, 0.7289133071899414, 0.6788983345031738]"
3,centroid,1,136,Denom,Denom,"[""Denom"", ""Nivalis"", ""Ratikon"", ""Ilias"", ""Velorum""]","[0.9392658472061157, 0.7508888244628906, 0.7441532611846924, 0.581274688243866, 0.43104466795921326]"
3,centroid,1,137,Denom,Denom,"[""Denom"", ""Nivalis"", ""Ratikon"", ""Ilias"", ""Velorum""]","[0.926835834980011, 0.8894532322883606, 0.8406368494033813, 0.5776986479759216, 0.4047017991542816]"
3,centroid,1,138,Denom,Denom,"[""Denom"", ""Ratikon"", ""Nivalis"", ""Ilias"", ""Velorum""]","[0.868793249130249, 0.8255002498626709, 0.7942017912864685, 0.698924720287323, 0.4933048486709595]"
3,centroid,1,139,Denom,Denom,"[""Denom"", ""Ratikon"", ""Nivalis"", ""Ilias"", ""Xtreme""]","[0.8562315702438354, 0.5956300497055054, 0.5707172155380249, 0.5108623504638672, 0.23435787856578827]"
3,centroid,1,140,Denom,Denom,"[""Denom"", ""Nivalis"", ""Ratikon"", ""Ilias"", ""Velorum""]","[0.8804558515548706, 0.6041176319122314, 0.5314422249794006, 0.4839977025985718, 0.47479382157325745]"
3,centroid,1,141,Denom,Denom,"[""Denom"", ""Ratikon"", ""Nivalis"", ""Ilias"", ""Velorum""]","[0.92008376121521, 0.7893528938293457, 0.664455771446228, 0.5182576179504395, 0.31939932703971863]"
3,centroid,1,142,Denom,Denom,"[""Denom"", ""Nivalis"", ""Ratikon"", ""Ilias"", ""Gemini""]","[0.7744450569152832, 0.6980501413345337, 0.650750994682312, 0.591799795627594, 0.38473132252693176]"
3,centroid,1,143,Denom,Denom,"[""Denom"", ""Ratikon"", ""Nivalis"", ""Ilias"", ""Velorum""]","[0.8709081411361694, 0.8667049407958984, 0.6972488164901733, 0.6671411991119385, 0.2266361564397812]"
3,centroid,1,144,Denom,Denom,"[""Denom"", ""Ratikon"", ""Ilias"", ""Nivalis"", ""Velorum""]","[0.9179373979568481, 0.814838707447052, 0.7225914597511292, 0.6989759802818298, 0.4800766706466675]"
3,centroid,1,145,Denom,Denom,"[""Denom"", ""Ratikon"", ""Nivalis"", ""Ilias"", ""Velorum""]","[0.9225975871086121, 0.7702088356018066, 0.7635402679443359, 0.6990472078323364, 0.34983205795288086]"
3,centroid,1,146,Denom,Denom,"[""Denom"", ""Velorum"", ""Ratikon"", ""Ilias"", ""Nivalis""]","[0.8152103424072266, 0.7213190793991089, 0.6298768520355225, 0.6155310869216919, 0.5973334908485413]"
3,centroid,1,147,Denom,Denom,"[""Denom"", ""Ratikon"", ""Nivalis"", ""Ilias"", ""Velorum""]","[0.935332179069519, 0.8208139538764954, 0.8044203519821167, 0.7408342361450195, 0.4179382622241974]"
3,centroid,1,148,Denom,Denom,"[""Denom"", ""Ratikon"", ""Nivalis"", ""Ilias"", ""Velorum""]","[0.9458987712860107, 0.8099579811096191, 0.7610015273094177, 0.7416815757751465, 0.5111686587333679]"
3,centroid,1,149,Denom,Denom,"[""Denom"", ""Ratikon"", ""Nivalis"", ""Ilias"", ""Velorum""]","[0.9169201850891113, 0.9017664194107056, 0.8766207695007324, 0.7381963133811951, 0.42625391483306885]"
3,centroid,1,150,Denom,Denom,"[""Denom"", ""Nivalis"", ""Ratikon"", ""Ilias"", ""Velorum""]","[0.9115929007530212, 0.8158962726593018, 0.7422541975975037, 0.6820783615112305, 0.6210600137710571]"
3,centroid,1,151,Denom,Denom,"[""Denom"", ""Ratikon"", ""Nivalis"", ""Ilias"", ""Velorum""]","[0.9309872388839722, 0.9099587798118591, 0.8985707759857178, 0.6677520275115967, 0.4651319086551666]"
3,centroid,1,152,Denom,Denom,"[""Denom"", ""Ratikon"", ""Nivalis"", ""Ilias"", ""Velorum""]","[0.8078595399856567, 0.7570061683654785, 0.6324813961982727, 0.3738384246826172, -0.007149169221520424]"
3,centroid,1,153,Denom,Denom,"[""Denom"", ""Nivalis"", ""Ratikon"", ""Ilias"", ""Velorum""]","[0.9270763993263245, 0.8656120896339417, 0.8076664805412292, 0.6050947904586792, 0.4784732460975647]"
3,centroid,1,154,Denom,Denom,"[""Denom"", ""Ratikon"", ""Trius"", ""Nivalis"", ""Ilias""]","[0.7507075071334839, 0.5412383079528809, 0.514961302280426, 0.5128819942474365, 0.48977020382881165]"
3,centroid,1,155,Denom,Denom,"[""Denom"", ""Nivalis"", ""Ratikon"", ""Velorum"", ""Ilias""]","[0.8674383759498596, 0.8268792629241943, 0.7284343838691711, 0.5420751571655273, 0.5327911972999573]"
3,centroid,1,156,Denom,Denom,"[""Denom"", ""Nivalis"", ""Ratikon"", ""Ilias"", ""Velorum""]","[0.9229739904403687, 0.7267426252365112, 0.657328724861145, 0.6457154750823975, 0.29578647017478943]"
3,centroid,1,157,Denom,Denom,"[""Denom"", ""Ilias"", ""Nivalis"", ""Ratikon"", ""Velorum""]","[0.8780351877212524, 0.7445196509361267, 0.6903899908065796, 0.6776676177978516, 0.5684009790420532]"
3,centroid,1,158,Denom,Denom,"[""Denom"", ""Velorum"", ""Ilias"", ""Nivalis"", ""Ratikon""]","[0.7747930884361267, 0.5866854190826416, 0.5597432851791382, 0.5006197690963745, 0.49954259395599365]"
3,centroid,1,159,Gemini,Gemini,"[""Gemini"", ""Xtreme"", ""Braga"", ""Vega"", ""Trius""]","[0.8332815170288086, 0.608482837677002, 0.5773841738700867, 0.44386720657348633, 0.3794107437133789]"
3,centroid,1,160,Gemini,Gemini,"[""Gemini"", ""Hawk"", ""Xtreme"", ""Vega"", ""Nivalis""]","[0.6307530403137207, 0.4707803726196289, 0.46393021941185, 0.26717713475227356, 0.1561649888753891]"
3,centroid,1,161,Gemini,Gemini,"[""Gemini"", ""Xtreme"", ""Trius"", ""Vega"", ""Braga""]","[0.9576205015182495, 0.5971439480781555, 0.4356571435928345, 0.42090538144111633, 0.39642202854156494]"
3,centroid,1,162,Gemini,Gemini,"[""Gemini"", ""Trius"", ""Xtreme"", ""Vega"", ""Braga""]","[0.9158333539962769, 0.5396867990493774, 0.5077469348907471, 0.4769367575645447, 0.4082835614681244]"
3,centroid,1,163,Gemini,Gemini,"[""Gemini"", ""Vega"", ""Trius"", ""Alaris"", ""Hawk""]","[0.764490008354187, 0.6349496841430664, 0.5725867748260498, 0.3990160822868347, 0.3946860730648041]"
3,centroid,1,164,Gemini,Gemini,"[""Gemini"", ""Trius"", ""Xtreme"", ""Braga"", ""Triton""]","[0.9575361609458923, 0.6458224058151245, 0.5864355564117432, 0.565298318862915, 0.5042180418968201]"
3,centroid,1,165,Gemini,Gemini,"[""Gemini"", ""Xtreme"", ""Vega"", ""Trius"", ""Triton""]","[0.8904614448547363, 0.5380786657333374, 0.5204994678497314, 0.5186944603919983, 0.453566312789917]"
3,centroid,1,166,Gemini,Gemini,"[""Gemini"", ""Vega"", ""Trius"", ""Braga"", ""Hawk""]","[0.7462414503097534, 0.6637686491012573, 0.5311253070831299, 0.5028925538063049, 0.42735737562179565]"
3,centroid,1,167,Gemini,Gemini,"[""Gemini"", ""Trius"", ""Xtreme"", ""Vega"", ""Triton""]","[0.8905130624771118, 0.4671183228492737, 0.4579009413719177, 0.44343021512031555, 0.4070654511451721]"
3,centroid,1,168,Gemini,Vega,"[""Vega"", ""Alcatras"", ""Braga"", ""Gemini"", ""Trius""]","[0.6401442289352417, 0.6181145310401917, 0.6147196292877197, 0.6063497066497803, 0.5603344440460205]"
3,centroid,1,169,Gemini,Gemini,"[""Gemini"", ""Xtreme"", ""Braga"", ""Trius"", ""Vega""]","[0.9283032417297363, 0.6819177865982056, 0.6385657787322998, 0.5381842255592346, 0.4294775128364563]"
3,centroid,1,170,Gemini,Gemini,"[""Gemini"", ""Xtreme"", ""Hawk"", ""Braga"", ""Vega""]","[0.8515487909317017, 0.5576286911964417, 0.5498644113540649, 0.5303524136543274, 0.4884677529335022]"
3,centroid,1,171,Gemini,Gemini,"[""Gemini"", ""Xtreme"", ""Braga"", ""Trius"", ""Vega""]","[0.8894036412239075, 0.6033229827880859, 0.5416954159736633, 0.4418354034423828, 0.4262072443962097]"
3,centroid,1,172,Gemini,Gemini,"[""Gemini"", ""Xtreme"", ""Trius"", ""Vega"", ""Hawk""]","[0.9071714282035828, 0.7047223448753357, 0.36416903138160706, 0.3583389222621918, 0.29126375913619995]"
3,centroid,1,173,Gemini,Gemini,"[""Gemini"", ""Xtreme"", ""Braga"", ""Vega"", ""Triton""]","[0.8670395612716675, 0.5958151817321777, 0.3992959260940552, 0.3860887885093689, 0.36110299825668335]"
3,centroid,1,174,Gemini,Gemini,"[""Gemini"", ""Trius"", ""Vega"", ""Braga"", ""Alaris""]","[0.7608385682106018, 0.7034180164337158, 0.629278838634491, 0.44096657633781433, 0.42129337787628174]"
3,centroid,1,175,Gemini,Gemini,"[""Gemini"", ""Vega"", ""Nivalis"", ""Xtreme"", ""Ilias""]","[0.6881524324417114, 0.5058124661445618, 0.5030108690261841, 0.3894819915294647, 0.3825422525405884]"
3,centroid,1,176,Gemini,Vega,"[""Vega"", ""Gemini"", ""Xtreme"", ""Hawk"", ""Braga""]","[0.6811357736587524, 0.6187138557434082, 0.4443979859352112, 0.39438509941101074, 0.36848968267440796]"
3,centroid,1,177,Gemini,Gemini,"[""Gemini"", ""Trius"", ""Vega"", ""Braga"", ""Triton""]","[0.8384424448013306, 0.6424717903137207, 0.5976093411445618, 0.3203260898590088, 0.3055605888366699]"
3,centroid,1,178,Gemini,Gemini,"[""Gemini"", ""Trius"", ""Triton"", ""Alcatras"", ""Alaris""]","[0.7930037975311279, 0.6492395401000977, 0.4835797846317291, 0.4787621796131134, 0.43096208572387695]"
3,centroid,1,179,Gemini,Gemini,"[""Gemini"", ""Vega"", ""Trius"", ""Braga"", ""Triton""]","[0.923481822013855, 0.6043003797531128, 0.5763047337532043, 0.4365582764148712, 0.42287033796310425]"
3,centroid,1,180,Gemini,Gemini,"[""Gemini"", ""Vega"", ""Trius"", ""Braga"", ""Hawk""]","[0.8001199960708618, 0.6570435166358948, 0.629390299320221, 0.6222161054611206, 0.39971524477005005]"
3,centroid,1,181,Gemini,Hawk,"[""Hawk"", ""Vega"", ""Gemini"", ""Xtreme"", ""Mytikas""]","[0.5949617624282837, 0.5729483366012573, 0.5088291168212891, 0.3666720390319824, 0.32713717222213745]"
3,centroid,1,182,Gemini,Gemini,"[""Gemini"", ""Braga"", ""Hawk"", ""Xtreme"", ""Alcatras""]","[0.7812100052833557, 0.6133078932762146, 0.6037389039993286, 0.5993362665176392, 0.5064932107925415]"
3,centroid,1,183,Gemini,Gemini,"[""Gemini"", ""Xtreme"", ""Braga"", ""Vega"", ""Trius""]","[0.9175479412078857, 0.7014515995979309, 0.5565014481544495, 0.5049045085906982, 0.4580700397491455]"
3,centroid,1,184,Gemini,Gemini,"[""Gemini"", ""Vega"", ""Xtreme"", ""Trius"", ""Hawk""]","[0.8963848352432251, 0.5294936895370483, 0.5066081881523132, 0.3655320405960083, 0.2662033438682556]"
3,centroid,1,185,Gemini,Gemini,"[""Gemini"", ""Xtreme"", ""Braga"", ""Trius"", ""Triton""]","[0.8795385360717773, 0.787134051322937, 0.5073211193084717, 0.38497352600097656, 0.38101089000701904]"
3,centroid,1,186,Hawk,Hawk,"[""Hawk"", ""Braga"", ""Turbine"", ""Gemini"", ""Vega""]","[0.8740001916885376, 0.5323519706726074, 0.4683707356452942, 0.3553760349750519, 0.3035103976726532]"
3,centroid,1,187,Hawk,Hawk,"[""Hawk"", ""Braga"", ""Alaris"", ""Turbine"", ""Vega""]","[0.8303555250167847, 0.5770670771598816, 0.5734816193580627, 0.563157320022583, 0.5522606372833252]"
3,centroid,1,188,Hawk,Hawk,"[""Hawk"", ""Turbine"", ""Vega"", ""Alaris"", ""Alcatras""]","[0.9101961255073547, 0.4795231819152832, 0.4104693531990051, 0.35261788964271545, 0.24564345180988312]"
3,centroid,1,189,Hawk,Hawk,"[""Hawk"", ""Alaris"", ""Turbine"", ""Alcatras"", ""Vega""]","[0.9005827903747559, 0.37624675035476685, 0.34404194355010986, 0.3367313742637634, 0.22006812691688538]"
3,centroid,1,190,Hawk,Hawk,"[""Hawk"", ""Alcatras"", ""Alaris"", ""Braga"", ""Turbine""]","[0.8115566968917847, 0.6731002926826477, 0.512511134147644, 0.49130961298942566, 0.4348411560058594]"
3,centroid,1,191,Hawk,Hawk,"[""Hawk"", ""Turbine"", ""Braga"", ""Xtreme"", ""Gemini""]","[0.8943188190460205, 0.3995606303215027, 0.3692072033882141, 0.3511583209037781, 0.26496952772140503]"
3,centroid,1,192,Hawk,Hawk,"[""Hawk"", ""Turbine"", ""Alaris"", ""Alcatras"", ""Castor""]","[0.7947560548782349, 0.6575865149497986, 0.5352698564529419, 0.48227551579475403, 0.3852241039276123]"
3,centroid,1,193,Hawk,Hawk,"[""Hawk"", ""Alaris"", ""Vega"", ""Braga"", ""Alcatras""]","[0.9330471158027649, 0.5617352724075317, 0.5341384410858154, 0.43902307748794556, 0.409656822681427]"
3,centroid,1,194,Hawk,Hawk,"[""Hawk"", ""Turbine"", ""Alaris"", ""Alcatras"", ""Vega""]","[0.8743217587471008, 0.43547722697257996, 0.43239739537239075, 0.42888593673706055, 0.2856663167476654]"
3,centroid,1,195,Hawk,Hawk,"[""Hawk"", ""Turbine"", ""Vega"", ""Braga"", ""Alaris""]","[0.9215880632400513, 0.5234018564224243, 0.418964147567749, 0.31454887986183167, 0.2982839345932007]"
3,centroid,1,196,Hawk,Hawk,"[""Hawk"", ""Vega"", ""Turbine"", ""Gemini"", ""Alaris""]","[0.8483632802963257, 0.7236778736114502, 0.4821748435497284, 0.31990861892700195, 0.2909339964389801]"
3,centroid,1,197,Hawk,Hawk,"[""Hawk"", ""Turbine"", ""Alaris"", ""Alcatras"", ""Braga""]","[0.8800570964813232, 0.5922715663909912, 0.5198123455047607, 0.50279301404953, 0.43911129236221313]"
3,centroid,1,198,Hawk,Hawk,"[""Hawk"", ""Alcatras"", ""Turbine"", ""Alaris"", ""Vega""]","[0.9176324605941772, 0.3350523114204407, 0.3275682032108307, 0.28955742716789246, 0.2516803443431854]"
3,centroid,1,199,Hawk,Hawk,"[""Hawk"", ""Turbine"", ""Xtreme"", ""Gemini"", ""Vega""]","[0.8368850946426392, 0.3932802379131317, 0.30650150775909424, 0.1893974095582962, 0.18774916231632233]"
3,centroid,1,200,Hawk,Hawk,"[""Hawk"", ""Alaris"", ""Vega"", ""Turbine"", ""Alcatras""]","[0.9320570826530457, 0.42234230041503906, 0.4209584593772888, 0.41412270069122314, 0.3041421175003052]"
3,centroid,1,201,Hawk,Hawk,"[""Hawk"", ""Turbine"", ""Alaris"", ""Alcatras"", ""Vega""]","[0.6852473020553589, 0.6820143461227417, 0.6174545288085938, 0.47775331139564514, 0.4152213931083679]"
3,centroid,1,202,Hawk,Hawk,"[""Hawk"", ""Turbine"", ""Vega"", ""Alaris"", ""Braga""]","[0.9260151982307434, 0.5034351348876953, 0.4914289116859436, 0.4316762089729309, 0.3320075273513794]"
3,centroid,1,203,Hawk,Hawk,"[""Hawk"", ""Vega"", ""Turbine"", ""Braga"", ""Gemini""]","[0.9100452661514282, 0.5014427304267883, 0.4725888967514038, 0.2915304899215698, 0.29045626521110535]"
3,centroid,1,204,Hawk,Hawk,"[""Hawk"", ""Vega"", ""Alaris"", ""Turbine"", ""Alcatras""]","[0.9327773451805115, 0.45299169421195984, 0.4010114073753357, 0.36500149965286255, 0.34824812412261963]"
3,centroid,1,205,Hawk,Hawk,"[""Hawk"", ""Braga"", ""Alcatras"", ""Turbine"", ""Vega""]","[0.8162987232208252, 0.5416311621665955, 0.5184304118156433, 0.5153958797454834, 0.4577411413192749]"
3,centroid,1,206,Hawk,Hawk,"[""Hawk"", ""Turbine"", ""Braga"", ""Alcatras"", ""Alaris""]","[0.8774520754814148, 0.6060687899589539, 0.544948935508728, 0.46501436829566956, 0.4437786936759949]"
3,centroid,1,207,Hawk,Hawk,"[""Hawk"", ""Braga"", ""Turbine"", ""Vega"", ""Xtreme""]","[0.7757813930511475, 0.5339973568916321, 0.42671120166778564, 0.3416665494441986, 0.32367581129074097]"
3,centroid,1,208,Hawk,Hawk,"[""Hawk"", ""Turbine"", ""Alcatras"", ""Alaris"", ""Vega""]","[0.888126790523529, 0.4344886541366577, 0.2763170599937439, 0.24882623553276062, 0.2013806402683258]"
3,centroid,1,209,Hawk,Hawk,"[""Hawk"", ""Alcatras"", ""Alaris"", ""Vega"", ""Braga""]","[0.9276638031005859, 0.48274657130241394, 0.4645150601863861, 0.453344464302063, 0.3897448778152466]"
3,centroid,1,210,Hawk,Hawk,"[""Hawk"", ""Vega"", ""Turbine"", ""Braga"", ""Alaris""]","[0.8277081251144409, 0.6986204981803894, 0.6082620024681091, 0.42396408319473267, 0.30471864342689514]"
3,centroid,1,211,Ilias,Ratikon,"[""Ratikon"", ""Nivalis"", ""Ilias"", ""Velorum"", ""Denom""]","[0.7488987445831299, 0.6664896011352539, 0.6209452152252197, 0.4192402958869934, 0.39808666706085205]"
3,centroid,1,212,Ilias,Ilias,"[""Ilias"", ""Nivalis"", ""Denom"", ""Ratikon"", ""Velorum""]","[0.8984935283660889, 0.7025089859962463, 0.6742486953735352, 0.6676180362701416, 0.5655648708343506]"
3,centroid,1,213,Ilias,Ilias,"[""Ilias"", ""Ratikon"", ""Denom"", ""Nivalis"", ""Velorum""]","[0.90501868724823, 0.7795705795288086, 0.6850167512893677, 0.5970221161842346, 0.3469274044036865]"
3,centroid,1,214,Ilias,Ilias,"[""Ilias"", ""Velorum"", ""Denom"", ""Ratikon"", ""Nivalis""]","[0.8386677503585815, 0.8290982842445374, 0.7732839584350586, 0.7574673891067505, 0.7273242473602295]"
3,centroid,1,215,Ilias,Ilias,"[""Ilias"", ""Triton"", ""Ratikon"", ""Gemini"", ""Velorum""]","[0.6166789531707764, 0.3970943093299866, 0.3433196544647217, 0.2877309322357178, 0.2761049270629883]"
3,centroid,1,216,Ilias,Ilias,"[""Ilias"", ""Ratikon"", ""Nivalis"", ""Denom"", ""Velorum""]","[0.8597898483276367, 0.7428798675537109, 0.6638891100883484, 0.6579210162162781, 0.6125708818435669]"
3,centroid,1,217,Ilias,Ilias,"[""Ilias"", ""Ratikon"", ""Nivalis"", ""Velorum"", ""Denom""]","[0.9104161262512207, 0.7328174114227295, 0.6443730592727661, 0.6341022253036499, 0.607826828956604]"
3,centroid,1,218,Ilias,Ilias,"[""Ilias"", ""Triton"", ""Velorum"", ""Ratikon"", ""Trius""]","[0.6443315148353577, 0.635688304901123, 0.5310355424880981, 0.449162095785141, 0.39142605662345886]"
3,centroid,1,219,Ilias,Ilias,"[""Ilias"", ""Ratikon"", ""Nivalis"", ""Denom"", ""Velorum""]","[0.9337204098701477, 0.7431622743606567, 0.6721535325050354, 0.6616024971008301, 0.5018563270568848]"
3,centroid,1,220,Ilias,Ilias,"[""Ilias"", ""Ratikon"", ""Velorum"", ""Denom"", ""Nivalis""]","[0.8279200792312622, 0.7846808433532715, 0.7392871379852295, 0.735902726650238, 0.7209081649780273]"
3,centroid,1,221,Ilias,Ratikon,"[""Ratikon"", ""Denom"", ""Nivalis"", ""Ilias"", ""Velorum""]","[0.8532713651657104, 0.7721855640411377, 0.6625432372093201, 0.5770850777626038, 0.25032317638397217]"
3,centroid,1,222,Ilias,Ilias,"[""Ilias"", ""Ratikon"", ""Nivalis"", ""Denom"", ""Velorum""]","[0.9102635383605957, 0.7057571411132812, 0.6501110792160034, 0.6089098453521729, 0.5068637728691101]"
3,centroid,1,223,Ilias,Ilias,"[""Ilias"", ""Ratikon"", ""Denom"", ""Velorum"", ""Nivalis""]","[0.9407219886779785, 0.6842607259750366, 0.6836836338043213, 0.6607174873352051, 0.6490731239318848]"
3,centroid,1,224,Ilias,Ilias,"[""Ilias"", ""Denom"", ""Ratikon"", ""Nivalis"", ""Gemini""]","[0.8626452684402466, 0.7795518040657043, 0.7548848986625671, 0.5854817628860474, 0.30166494846343994]"
3,centroid,1,225,Ilias,Ilias,"[""Ilias"", ""Ratikon"", ""Nivalis"", ""Denom"", ""Triton""]","[0.8769947290420532, 0.7199621796607971, 0.548111081123352, 0.5293847918510437, 0.44106459617614746]"
3,centroid,1,226,Ilias,Ilias,"[""Ilias"", ""Ratikon"", ""Nivalis"", ""Denom"", ""Velorum""]","[0.9671486020088196, 0.8190827369689941, 0.7501899600028992, 0.7109732627868652, 0.5616136789321899]"
3,centroid,1,227,Ilias,Ilias,"[""Ilias"", ""Ratikon"", ""Velorum"", ""Nivalis"", ""Denom""]","[0.8461066484451294, 0.6783581972122192, 0.672099769115448, 0.6454484462738037, 0.5769951343536377]"
3,centroid,1,228,Ilias,Ilias,"[""Ilias"", ""Ratikon"", ""Nivalis"", ""Denom"", ""Triton""]","[0.7911972999572754, 0.7331422567367554, 0.5615429282188416, 0.5367690324783325, 0.18915808200836182]"
3,centroid,1,229,Ilias,Ilias,"[""Ilias"", ""Velorum"", ""Ratikon"", ""Denom"", ""Nivalis""]","[0.8535674810409546, 0.7926647663116455, 0.7330526113510132, 0.7053161859512329, 0.6683282256126404]"
3,centroid,1,230,Ilias,Ilias,"[""Ilias"", ""Ratikon"", ""Denom"", ""Nivalis"", ""Triton""]","[0.9240435361862183, 0.6109192371368408, 0.526144802570343, 0.514957070350647, 0.48590242862701416]"
3,centroid,1,231,Ilias,Ilias,"[""Ilias"", ""Ratikon"", ""Denom"", ""Nivalis"", ""Velorum""]","[0.8947820663452148, 0.8772107362747192, 0.82994544506073, 0.7936896085739136, 0.4377361834049225]"
3,centroid,1,232,Ilias,Ilias,"[""Ilias"", ""Ratikon"", ""Nivalis"", ""Denom"", ""Velorum""]","[0.8891841173171997, 0.8615620732307434, 0.7147305011749268, 0.6455327868461609, 0.4411933422088623]"
3,centroid,1,233,Ilias,Ilias,"[""Ilias"", ""Ratikon"", ""Denom"", ""Nivalis"", ""Triton""]","[0.8681193590164185, 0.6209827661514282, 0.5234952569007874, 0.517513632774353, 0.32888972759246826]"
3,centroid,1,234,Ilias,Ilias,"[""Ilias"", ""Nivalis"", ""Ratikon"", ""Denom"", ""Velorum""]","[0.8891516327857971, 0.7460639476776123, 0.7073080539703369, 0.6877501010894775, 0.6657613515853882]"
3,centroid,1,235,Ilias,Ilias,"[""Ilias"", ""Ratikon"", ""Nivalis"", ""Denom"", ""Velorum""]","[0.9110206365585327, 0.6687071323394775, 0.6399680376052856, 0.6176358461380005, 0.394816517829895]"
3,centroid,1,236,Ilias,Nivalis,"[""Nivalis"", ""Ilias"", ""Ratikon"", ""Denom"", ""Velorum""]","[0.7879642248153687, 0.7848755717277527, 0.7844261527061462, 0.5658748149871826, 0.5036981701850891]"
3,centroid,1,237,Ilias,Ilias,"[""Ilias"", ""Velorum"", ""Nivalis"", ""Denom"", ""Ratikon""]","[0.8980890512466431, 0.6521192789077759, 0.6495277285575867, 0.6286250352859497, 0.6248884201049805]"
3,centroid,1,238,Ilias,Velorum,"[""Velorum"", ""Ilias"", ""Denom"", ""Triton"", ""Trius""]","[0.7953066229820251, 0.6868733167648315, 0.5324891805648804, 0.5091415643692017, 0.42383521795272827]"
3,centroid,1,239,Ilias,Ilias,"[""Ilias"", ""Ratikon"", ""Nivalis"", ""Denom"", ""Velorum""]","[0.8593276739120483, 0.7776780128479004, 0.6601802110671997, 0.6289356350898743, 0.3146187365055084]"
3,centroid,1,240,Mytikas,Triton,"[""Triton"", ""Braga"", ""Castor"", ""Alcatras"", ""Mytikas""]","[0.7633287906646729, 0.6574551463127136, 0.6299945116043091, 0.5678560733795166, 0.5373433232307434]"
3,centroid,1,241,Mytikas,Mytikas,"[""Mytikas"", ""Triton"", ""Trius"", ""Gemini"", ""Braga""]","[0.8769923448562622, 0.5449251532554626, 0.538469672203064, 0.3481704592704773, 0.2838042080402374]"
3,centroid,1,242,Mytikas,Mytikas,"[""Mytikas"", ""Alcatras"", ""Triton"", ""Velorum"", ""Trius""]","[0.779504120349884, 0.6912456154823303, 0.5230703949928284, 0.46542036533355713, 0.4615432620048523]"
3,centroid,1,243,Mytikas,Mytikas,"[""Mytikas"", ""Triton"", ""Trius"", ""Gemini"", ""Braga""]","[0.8235018849372864, 0.7671779990196228, 0.6813768148422241, 0.4083021879196167, 0.3754405379295349]"
3,centroid,1,244,Mytikas,Mytikas,"[""Mytikas"", ""Triton"", ""Castor"", ""Alcatras"", ""Trius""]","[0.8410025238990784, 0.673021137714386, 0.5830305218696594, 0.5388709902763367, 0.4985920786857605]"
3,centroid,1,245,Mytikas,Triton,"[""Triton"", ""Mytikas"", ""Trius"", ""Alcatras"", ""Braga""]","[0.9022900462150574, 0.7457283735275269, 0.6704367399215698, 0.6033005714416504, 0.561515212059021]"
3,centroid,1,246,Mytikas,Mytikas,"[""Mytikas"", ""Trius"", ""Triton"", ""Braga"", ""Vega""]","[0.8345112204551697, 0.44364112615585327, 0.40477678179740906, 0.3790684938430786, 0.33406656980514526]"
3,centroid,1,247,Mytikas,Mytikas,"[""Mytikas"", ""Triton"", ""Trius"", ""Alcatras"", ""Castor""]","[0.9164084196090698, 0.7100055813789368, 0.5735468864440918, 0.4861443042755127, 0.3753048777580261]"
3,centroid,1,248,Mytikas,Mytikas,"[""Mytikas"", ""Trius"", ""Castor"", ""Alcatras"", ""Triton""]","[0.7778299450874329, 0.3585740923881531, 0.3371599316596985, 0.31606370210647583, 0.30456990003585815]"
3,centroid,1,249,Mytikas,Mytikas,"[""Mytikas"", ""Triton"", ""Braga"", ""Turbine"", ""Castor""]","[0.8358145356178284, 0.4375172257423401, 0.4117014408111572, 0.3813108205795288, 0.37035301327705383]"
3,centroid,1,250,Mytikas,Mytikas,"[""Mytikas"", ""Triton"", ""Alcatras"", ""Trius"", ""Braga""]","[0.8081530332565308, 0.7874367237091064, 0.6223158240318298, 0.5747506618499756, 0.5227797031402588]"
3,centroid,1,251,Mytikas,Triton,"[""Triton"", ""Mytikas"", ""Trius"", ""Braga"", ""Alcatras""]","[0.8559542894363403, 0.7608020901679993, 0.5685781240463257, 0.5658864974975586, 0.4827476143836975]"
3,centroid,1,252,Mytikas,Triton,"[""Triton"", ""Braga"", ""Trius"", ""Castor"", ""Mytikas""]","[0.675480842590332, 0.6098771095275879, 0.5807096362113953, 0.3840045928955078, 0.34721049666404724]"
3,centroid,1,253,Mytikas,Mytikas,"[""Mytikas"", ""Triton"", ""Alcatras"", ""Castor"", ""Braga""]","[0.8583909869194031, 0.687167763710022, 0.6709212064743042, 0.5406852960586548, 0.5232194662094116]"
3,centroid,1,254,Mytikas,Castor,"[""Castor"", ""Triton"", ""Braga"", ""Mytikas"", ""Alcatras""]","[0.8140612840652466, 0.7817206978797913, 0.6194952726364136, 0.5997192859649658, 0.4755910038948059]"
3,centroid,1,255,Mytikas,Mytikas,"[""Mytikas"", ""Castor"", ""Alcatras"", ""Turbine"", ""Braga""]","[0.7413771748542786, 0.6665647625923157, 0.5999111533164978, 0.5975579023361206, 0.5549522638320923]"
3,centroid,1,256,Mytikas,Mytikas,"[""Mytikas"", ""Trius"", ""Vega"", ""Alcatras"", ""Alaris""]","[0.6526564359664917, 0.5920515060424805, 0.5378179550170898, 0.5028102397918701, 0.459246426820755]"
3,centroid,1,257,Mytikas,Triton,"[""Triton"", ""Mytikas"", ""Castor"", ""Braga"", ""Trius""]","[0.8799924254417419, 0.7589130401611328, 0.7086611986160278, 0.6906228065490723, 0.6706036329269409]"
3,centroid,1,258,Mytikas,Triton,"[""Triton"", ""Mytikas"", ""Castor"", ""Braga"", ""Trius""]","[0.766599178314209, 0.7222509384155273, 0.6662247180938721, 0.4455620050430298, 0.3956967294216156]"
3,centroid,1,259,Mytikas,Triton,"[""Triton"", ""Mytikas"", ""Castor"", ""Trius"", ""Braga""]","[0.8721325397491455, 0.8057801127433777, 0.5677441358566284, 0.5419312715530396, 0.41820666193962097]"
3,centroid,1,260,Mytikas,Mytikas,"[""Mytikas"", ""Triton"", ""Braga"", ""Alcatras"", ""Castor""]","[0.7837026119232178, 0.7399019002914429, 0.6282963752746582, 0.5025826692581177, 0.4497923254966736]"
3,centroid,1,261,Mytikas,Mytikas,"[""Mytikas"", ""Triton"", ""Trius"", ""Castor"", ""Braga""]","[0.8510345816612244, 0.8108921051025391, 0.5870036482810974, 0.5863112211227417, 0.5427691340446472]"
3,centroid,1,262,Mytikas,Triton,"[""Triton"", ""Mytikas"", ""Braga"", ""Castor"", ""Trius""]","[0.7694913744926453, 0.7117083072662354, 0.4768606126308441, 0.4536535143852234, 0.3367956280708313]"
3,centroid,1,263,Mytikas,Mytikas,"[""Mytikas"", ""Alcatras"", ""Braga"", ""Castor"", ""Turbine""]","[0.8327715396881104, 0.6921436786651611, 0.522492527961731, 0.5077661871910095, 0.4973111152648926]"
3,centroid,1,264,Mytikas,Mytikas,"[""Mytikas"", ""Triton"", ""Braga"", ""Castor"", ""Alcatras""]","[0.8053207397460938, 0.7268751859664917, 0.6950018405914307, 0.6031482219696045, 0.5796410441398621]"
3,centroid,1,265,Mytikas,Mytikas,"[""Mytikas"", ""Triton"", ""Vega"", ""Trius"", ""Gemini""]","[0.7135568261146545, 0.4321996569633484, 0.40553808212280273, 0.3869045376777649, 0.3182767629623413]"
3,centroid,1,266,Mytikas,Trius,"[""Trius"", ""Mytikas"", ""Triton"", ""Alcatras"", ""Castor""]","[0.6792874336242676, 0.5588266849517822, 0.4680083096027374, 0.2800268530845642, 0.27398931980133057]"
3,centroid,1,267,Nivalis,Nivalis,"[""Nivalis"", ""Denom"", ""Ratikon"", ""Ilias"", ""Velorum""]","[0.8983849883079529, 0.7195910215377808, 0.6564658880233765, 0.5429394245147705, 0.35065218806266785]"
3,centroid,1,268,Nivalis,Nivalis,"[""Nivalis"", ""Ratikon"", ""Denom"", ""Ilias"", ""Velorum""]","[0.8043949007987976, 0.5409622192382812, 0.48950499296188354, 0.22510696947574615, 0.1885368824005127]"
3,centroid,1,269,Nivalis,Nivalis,"[""Nivalis"", ""Denom"", ""Ratikon"", ""Velorum"", ""Ilias""]","[0.8879679441452026, 0.6799615621566772, 0.6401402950286865, 0.5673093795776367, 0.44235602021217346]"
3,centroid,1,270,Nivalis,Nivalis,"[""Nivalis"", ""Ratikon"", ""Denom"", ""Ilias"", ""Velorum""]","[0.9029272794723511, 0.8426521420478821, 0.8068366050720215, 0.7473995685577393, 0.6286824345588684]"
3,centroid,1,271,Nivalis,Nivalis,"[""Nivalis"", ""Denom"", ""Ratikon"", ""Velorum"", ""Ilias""]","[0.8983189463615417, 0.7037060260772705, 0.6497567296028137, 0.5034717917442322, 0.4094446301460266]"
3,centroid,1,272,Nivalis,Nivalis,"[""Nivalis"", ""Denom"", ""Ratikon"", ""Ilias"", ""Velorum""]","[0.8941939473152161, 0.7596319913864136, 0.7190113067626953, 0.5716021656990051, 0.2285887897014618]"
3,centroid,1,273,Nivalis,Nivalis,"[""Nivalis"", ""Ratikon"", ""Denom"", ""Ilias"", ""Velorum""]","[0.8730816841125488, 0.7195549011230469, 0.7171177864074707, 0.4621875286102295, 0.3500761389732361]"
3,centroid,1,274,Nivalis,Denom,"[""Denom"", ""Nivalis"", ""Velorum"", ""Ratikon"", ""Ilias""]","[0.8032035827636719, 0.8015456795692444, 0.6756479144096375, 0.5450619459152222, 0.4982389509677887]"
3,centroid,1,275,Nivalis,Nivalis,"[""Nivalis"", ""Ratikon"", ""Denom"", ""Ilias"", ""Velorum""]","[0.828176736831665, 0.6238770484924316, 0.6187143325805664, 0.3403317332267761, 0.30321401357650757]"
3,centroid,1,276,Nivalis,Denom,"[""Denom"", ""Nivalis"", ""Velorum"", ""Ilias"", ""Ratikon""]","[0.7703570127487183, 0.7549325227737427, 0.748806357383728, 0.7388471961021423, 0.7346481084823608]"
3,centroid,1,277,Nivalis,Nivalis,"[""Nivalis"", ""Denom"", ""Ratikon"", ""Ilias"", ""Velorum""]","[0.9472006559371948, 0.8013437986373901, 0.7574470043182373, 0.6723871231079102, 0.5727965831756592]"
3,centroid,1,278,Nivalis,Nivalis,"[""Nivalis"", ""Denom"", ""Ratikon"", ""Ilias"", ""Vega""]","[0.8420892953872681, 0.6320819854736328, 0.5997664332389832, 0.5115008354187012, 0.36756908893585205]"
3,centroid,1,279,Nivalis,Ratikon,"[""Ratikon"", ""Nivalis"", ""Denom"", ""Ilias"", ""Velorum""]","[0.9157536029815674, 0.8456655740737915, 0.8325918912887573, 0.7438312768936157, 0.5483138561248779]"
3,centroid,1,280,Nivalis,Denom,"[""Denom"", ""Nivalis"", ""Ratikon"", ""Ilias"", ""Velorum""]","[0.9456490874290466, 0.8748987913131714, 0.812824547290802, 0.6179159879684448, 0.37262314558029175]"
3,centroid,1,281,Nivalis,Denom,"[""Denom"", ""Ratikon"", ""Nivalis"", ""Ilias"", ""Velorum""]","[0.8924762010574341, 0.8882094621658325, 0.8685115575790405, 0.6314233541488647, 0.335183709859848]"
3,centroid,1,282,Nivalis,Nivalis,"[""Nivalis"", ""Ratikon"", ""Denom"", ""Ilias"", ""Velorum""]","[0.8898196220397949, 0.7602592706680298, 0.6816906929016113, 0.6472979784011841, 0.5015368461608887]"
3,centroid,1,283,Nivalis,Nivalis,"[""Nivalis"", ""Ratikon"", ""Denom"", ""Ilias"", ""Velorum""]","[0.9236798286437988, 0.7314853668212891, 0.6362577080726624, 0.6031320691108704, 0.4246588945388794]"
3,centroid,1,284,Nivalis,Nivalis,"[""Nivalis"", ""Ratikon"", ""Denom"", ""Ilias"", ""Vega""]","[0.790643572807312, 0.5586106777191162, 0.5062450170516968, 0.34546995162963867, 0.1482946127653122]"
3,centroid,1,285,Nivalis,Nivalis,"[""Nivalis"", ""Denom"", ""Ratikon"", ""Ilias"", ""Velorum""]","[0.9042117595672607, 0.7032297253608704, 0.6788721680641174, 0.5443260669708252, 0.38667747378349304]"
3,centroid,1,286,Nivalis,Nivalis,"[""Nivalis"", ""Denom"", ""Velorum"", ""Ilias"", ""Ratikon""]","[0.8626928329467773, 0.759619951248169, 0.6747845411300659, 0.6685146689414978, 0.6405229568481445]"
3,centroid,1,287,Nivalis,Nivalis,"[""Nivalis"", ""Ratikon"", ""Denom"", ""Ilias"", ""Velorum""]","[0.9196940660476685, 0.8008973598480225, 0.7604305148124695, 0.656386137008667, 0.5647242069244385]"
3,centroid,1,288,Nivalis,Nivalis,"[""Nivalis"", ""Ratikon"", ""Denom"", ""Ilias"", ""Vega""]","[0.7639667987823486, 0.5151389837265015, 0.448271244764328, 0.36885765194892883, 0.29116004705429077]"
3,centroid,1,289,Ratikon,Ratikon,"[""Ratikon"", ""Denom"", ""Nivalis"", ""Ilias"", ""Velorum""]","[0.9328438639640808, 0.7618273496627808, 0.714155912399292, 0.623220682144165, 0.39149582386016846]"
3,centroid,1,290,Ratikon,Ratikon,"[""Ratikon"", ""Denom"", ""Nivalis"", ""Ilias"", ""Velorum""]","[0.9190980195999146, 0.7478170394897461, 0.6210848093032837, 0.5722942352294922, 0.1590098738670349]"
3,centroid,1,291,Ratikon,Ratikon,"[""Ratikon"", ""Nivalis"", ""Denom"", ""Ilias"", ""Velorum""]","[0.861513078212738, 0.8029751181602478, 0.7309001088142395, 0.6393784284591675, 0.2763206958770752]"
3,centroid,1,292,Ratikon,Nivalis,"[""Nivalis"", ""Ratikon"", ""Denom"", ""Ilias"", ""Velorum""]","[0.8443921804428101, 0.7907537817955017, 0.6066062450408936, 0.5572169423103333, 0.3808590769767761]"
3,centroid,1,293,Ratikon,Ratikon,"[""Ratikon"", ""Denom"", ""Nivalis"", ""Ilias"", ""Velorum""]","[0.8552563786506653, 0.7897998690605164, 0.7274214029312134, 0.6469755172729492, 0.4686746597290039]"
3,centroid,1,294,Ratikon,Ilias,"[""Ilias"", ""Ratikon"", ""Velorum"", ""Nivalis"", ""Denom""]","[0.8115577697753906, 0.7814053893089294, 0.7460888624191284, 0.689792275428772, 0.581013560295105]"
3,centroid,1,295,Ratikon,Ratikon,"[""Ratikon"", ""Denom"", ""Nivalis"", ""Ilias"", ""Velorum""]","[0.9420689940452576, 0.828116774559021, 0.7345304489135742, 0.6733678579330444, 0.1667616069316864]"
3,centroid,1,296,Ratikon,Ratikon,"[""Ratikon"", ""Ilias"", ""Denom"", ""Nivalis"", ""Triton""]","[0.8192686438560486, 0.700658917427063, 0.6202365159988403, 0.6180435419082642, 0.22742323577404022]"
3,centroid,1,297,Ratikon,Ratikon,"[""Ratikon"", ""Nivalis"", ""Denom"", ""Ilias"", ""Velorum""]","[0.9062083959579468, 0.780038595199585, 0.7084676027297974, 0.5706188678741455, 0.20035427808761597]"
3,centroid,1,298,Ratikon,Ratikon,"[""Ratikon"", ""Ilias"", ""Denom"", ""Nivalis"", ""Velorum""]","[0.8848837614059448, 0.8592675924301147, 0.7046222686767578, 0.6647463440895081, 0.5803817510604858]"
3,centroid,1,299,Ratikon,Ratikon,"[""Ratikon"", ""Denom"", ""Ilias"", ""Nivalis"", ""Velorum""]","[0.9579744338989258, 0.7655054330825806, 0.7383750677108765, 0.696449875831604, 0.2559352517127991]"
3,centroid,1,300,Ratikon,Ratikon,"[""Ratikon"", ""Nivalis"", ""Denom"", ""Ilias"", ""Steel_Wheel""]","[0.6248397827148438, 0.5018755197525024, 0.49269914627075195, 0.17715701460838318, 0.07863350212574005]"
3,centroid,1,301,Ratikon,Ratikon,"[""Ratikon"", ""Denom"", ""Nivalis"", ""Ilias"", ""Velorum""]","[0.9011234045028687, 0.7288916110992432, 0.6923562288284302, 0.6518848538398743, 0.10914851725101471]"
3,centroid,1,302,Ratikon,Ilias,"[""Ilias"", ""Ratikon"", ""Denom"", ""Nivalis"", ""Velorum""]","[0.8065463304519653, 0.7971184849739075, 0.7148435115814209, 0.6005321145057678, 0.5898876190185547]"
3,centroid,1,303,Ratikon,Ratikon,"[""Ratikon"", ""Denom"", ""Nivalis"", ""Ilias"", ""Velorum""]","[0.8923773765563965, 0.7760586142539978, 0.6620766520500183, 0.6596977114677429, 0.2897959351539612]"
3,centroid,1,304,Ratikon,Ratikon,"[""Ratikon"", ""Nivalis"", ""Ilias"", ""Denom"", ""Velorum""]","[0.9259762167930603, 0.6611489057540894, 0.6466150283813477, 0.6279735565185547, 0.3303714096546173]"
3,centroid,1,305,Ratikon,Ratikon,"[""Ratikon"", ""Nivalis"", ""Ilias"", ""Denom"", ""Velorum""]","[0.9021828770637512, 0.7033145427703857, 0.6967160701751709, 0.5871208906173706, 0.23494961857795715]"
3,centroid,1,306,Ratikon,Ratikon,"[""Ratikon"", ""Denom"", ""Ilias"", ""Nivalis"", ""Alaris""]","[0.7775530219078064, 0.6827930212020874, 0.5799943208694458, 0.4809061884880066, 0.22519424557685852]"
3,centroid,1,307,Ratikon,Ratikon,"[""Ratikon"", ""Denom"", ""Ilias"", ""Nivalis"", ""Velorum""]","[0.844780683517456, 0.6393350958824158, 0.6028147339820862, 0.5861936211585999, 0.1857871413230896]"
3,centroid,1,308,Ratikon,Ratikon,"[""Ratikon"", ""Ilias"", ""Nivalis"", ""Denom"", ""Velorum""]","[0.8277103304862976, 0.7868455648422241, 0.5564607977867126, 0.5405040979385376, 0.2982787787914276]"
3,centroid,1,309,Ratikon,Ilias,"[""Ilias"", ""Ratikon"", ""Denom"", ""Nivalis"", ""Velorum""]","[0.873602032661438, 0.8195486068725586, 0.6814659833908081, 0.6293826103210449, 0.3996157646179199]"
3,centroid,1,310,Ratikon,Ratikon,"[""Ratikon"", ""Nivalis"", ""Denom"", ""Ilias"", ""Velorum""]","[0.8939149379730225, 0.7602207660675049, 0.7061871886253357, 0.4695300757884979, 0.2156546711921692]"
3,centroid,1,311,Ratikon,Ratikon,"[""Ratikon"", ""Denom"", ""Ilias"", ""Nivalis"", ""Velorum""]","[0.7798382043838501, 0.7646895051002502, 0.7595880627632141, 0.7040358781814575, 0.47662949562072754]"
3,centroid,1,312,Ratikon,Ratikon,"[""Ratikon"", ""Denom"", ""Ilias"", ""Nivalis"", ""Velorum""]","[0.9367291927337646, 0.8355544209480286, 0.8347216844558716, 0.7349271178245544, 0.27873510122299194]"
3,centroid,1,313,Ratikon,Ratikon,"[""Ratikon"", ""Nivalis"", ""Denom"", ""Ilias"", ""Velorum""]","[0.8886010050773621, 0.7763335704803467, 0.646710991859436, 0.626416027545929, 0.33286046981811523]"
3,centroid,1,314,Ratikon,Ilias,"[""Ilias"", ""Nivalis"", ""Ratikon"", ""Denom"", ""Velorum""]","[0.8393807411193848, 0.7832424640655518, 0.7629318237304688, 0.7204352617263794, 0.4313126504421234]"
3,centroid,1,315,Ratikon,Ilias,"[""Ilias"", ""Ratikon"", ""Denom"", ""Nivalis"", ""Triton""]","[0.831089973449707, 0.713546097278595, 0.6556738615036011, 0.6172239780426025, 0.38576453924179077]"
3,centroid,1,316,Ratikon,Ratikon,"[""Ratikon"", ""Nivalis"", ""Denom"", ""Ilias"", ""Velorum""]","[0.9069176912307739, 0.7612502574920654, 0.6566857099533081, 0.5473582744598389, 0.3231643736362457]"
3,centroid,1,317,Steel_Wheel,Steel_Wheel,"[""Steel_Wheel"", ""Xtreme"", ""Gemini"", ""Vega"", ""Hawk""]","[0.8867090940475464, 0.10752671211957932, 0.04744622856378555, -0.06333045661449432, -0.07378026098012924]"
3,centroid,1,318,Steel_Wheel,Steel_Wheel,"[""Steel_Wheel"", ""Denom"", ""Xtreme"", ""Hawk"", ""Velorum""]","[0.9474384188652039, 0.00964123010635376, -0.025759145617485046, -0.03354499489068985, -0.059461310505867004]"
3,centroid,1,319,Steel_Wheel,Steel_Wheel,"[""Steel_Wheel"", ""Castor"", ""Xtreme"", ""Mytikas"", ""Nivalis""]","[0.9388284683227539, -0.008053623139858246, -0.06857781112194061, -0.08173084259033203, -0.09180793166160583]"
3,centroid,1,320,Steel_Wheel,Steel_Wheel,"[""Steel_Wheel"", ""Xtreme"", ""Castor"", ""Mytikas"", ""Gemini""]","[0.9381492733955383, -0.026027482002973557, -0.03743862360715866, -0.0925309956073761, -0.11759253591299057]"
3,centroid,1,321,Steel_Wheel,Steel_Wheel,"[""Steel_Wheel"", ""Xtreme"", ""Hawk"", ""Turbine"", ""Gemini""]","[0.9306933283805847, 0.13229511678218842, 0.03450680151581764, -0.015756754204630852, -0.017722472548484802]"
3,centroid,1,322,Steel_Wheel,Steel_Wheel,"[""Steel_Wheel"", ""Xtreme"", ""Velorum"", ""Denom"", ""Nivalis""]","[0.9723294973373413, -0.03163125365972519, -0.034055061638355255, -0.03752000257372856, -0.05592377856373787]"
3,centroid,1,323,Steel_Wheel,Steel_Wheel,"[""Steel_Wheel"", ""Mytikas"", ""Trius"", ""Nivalis"", ""Denom""]","[0.9580856561660767, 0.11299334466457367, 0.03635586053133011, -0.022247720509767532, -0.025858411565423012]"
3,centroid,1,324,Steel_Wheel,Steel_Wheel,"[""Steel_Wheel"", ""Xtreme"", ""Mytikas"", ""Nivalis"", ""Gemini""]","[0.9537531137466431, 0.06406670808792114, -0.018923765048384666, -0.04508960247039795, -0.049565114080905914]"
3,centroid,1,325,Steel_Wheel,Steel_Wheel,"[""Steel_Wheel"", ""Velorum"", ""Castor"", ""Xtreme"", ""Nivalis""]","[0.946508526802063, 0.036386888474226, -0.026944302022457123, -0.032767150551080704, -0.03699652850627899]"
3,centroid,1,326,Steel_Wheel,Steel_Wheel,"[""Steel_Wheel"", ""Denom"", ""Xtreme"", ""Nivalis"", ""Velorum""]","[0.9602560997009277, 0.08619041740894318, 0.03754676505923271, 0.02387150377035141, -0.007914774119853973]"
3,centroid,1,327,Steel_Wheel,Steel_Wheel,"[""Steel_Wheel"", ""Nivalis"", ""Denom"", ""Hawk"", ""Velorum""]","[0.9436172246932983, 0.07695862650871277, 0.07329148054122925, 0.049834344536066055, 0.048973266035318375]"
3,centroid,1,328,Steel_Wheel,Steel_Wheel,"[""Steel_Wheel"", ""Xtreme"", ""Gemini"", ""Denom"", ""Nivalis""]","[0.9866508841514587, 0.06217148154973984, -0.0017071366310119629, -0.012423714622855186, -0.0190289169549942]"
3,centroid,1,329,Steel_Wheel,Steel_Wheel,"[""Steel_Wheel"", ""Xtreme"", ""Castor"", ""Mytikas"", ""Hawk""]","[0.9517612457275391, 0.10076238214969635, 0.03794359415769577, 0.014009468257427216, -0.0733419805765152]"
3,centroid,1,330,Steel_Wheel,Steel_Wheel,"[""Steel_Wheel"", ""Hawk"", ""Nivalis"", ""Xtreme"", ""Denom""]","[0.9229618310928345, 0.09590381383895874, 0.09538476914167404, 0.06867289543151855, 0.04467617720365524]"
3,centroid,1,331,Steel_Wheel,Steel_Wheel,"[""Steel_Wheel"", ""Xtreme"", ""Mytikas"", ""Gemini"", ""Velorum""]","[0.9734795689582825, 0.06155851483345032, -0.000593237578868866, -0.02137628197669983, -0.05274352431297302]"
3,centroid,1,332,Steel_Wheel,Steel_Wheel,"[""Steel_Wheel"", ""Xtreme"", ""Denom"", ""Nivalis"", ""Velorum""]","[0.9568684697151184, 0.07871357351541519, 0.048508115112781525, 0.040221329778432846, 0.03388671204447746]"
3,centroid,1,333,Steel_Wheel,Steel_Wheel,"[""Steel_Wheel"", ""Xtreme"", ""Velorum"", ""Nivalis"", ""Denom""]","[0.9853673577308655, 0.06439393013715744, -0.027699191123247147, -0.032776445150375366, -0.06037696450948715]"
3,centroid,1,334,Steel_Wheel,Steel_Wheel,"[""Steel_Wheel"", ""Nivalis"", ""Xtreme"", ""Denom"", ""Gemini""]","[0.9630523920059204, 0.08672968298196793, 0.07034889608621597, 0.06784623861312866, 0.004073195159435272]"
3,centroid,1,335,Steel_Wheel,Steel_Wheel,"[""Steel_Wheel"", ""Nivalis"", ""Denom"", ""Xtreme"", ""Ratikon""]","[0.8864231705665588, 0.15007779002189636, 0.1316988468170166, 0.11097480356693268, 0.07580342888832092]"
3,centroid,1,336,Steel_Wheel,Steel_Wheel,"[""Steel_Wheel"", ""Nivalis"", ""Hawk"", ""Denom"", ""Turbine""]","[0.9523003101348877, 0.018703117966651917, 0.01573849841952324, -0.003829820081591606, -0.05615583062171936]"
3,centroid,1,337,Steel_Wheel,Steel_Wheel,"[""Steel_Wheel"", ""Xtreme"", ""Gemini"", ""Mytikas"", ""Hawk""]","[0.8707099556922913, 0.3109380900859833, 0.1927415132522583, 0.09151759743690491, 0.04325072467327118]"
3,centroid,1,338,Steel_Wheel,Steel_Wheel,"[""Steel_Wheel"", ""Nivalis"", ""Denom"", ""Velorum"", ""Ratikon""]","[0.9523048996925354, 0.10554347932338715, 0.07711657881736755, 0.06549900025129318, 0.004826817661523819]"
3,centroid,1,339,Steel_Wheel,Denom,"[""Denom"", ""Ratikon"", ""Nivalis"", ""Steel_Wheel"", ""Ilias""]","[0.4750271439552307, 0.25660645961761475, 0.20931217074394226, -0.0009498866274952888, -0.022589821368455887]"
3,centroid,1,340,Steel_Wheel,Steel_Wheel,"[""Steel_Wheel"", ""Denom"", ""Xtreme"", ""Nivalis"", ""Hawk""]","[0.9836540818214417, 0.02503286488354206, 0.016920655965805054, 0.012053785845637321, -0.04719502478837967]"
3,centroid,1,341,Steel_Wheel,Steel_Wheel,"[""Steel_Wheel"", ""Mytikas"", ""Xtreme"", ""Hawk"", ""Gemini""]","[0.9319649338722229, 0.149129256606102, 0.035619549453258514, 0.022789519280195236, -0.023895680904388428]"
3,centroid,1,342,Steel_Wheel,Steel_Wheel,"[""Steel_Wheel"", ""Velorum"", ""Xtreme"", ""Nivalis"", ""Denom""]","[0.9515421986579895, 0.15720169246196747, 0.12835055589675903, 0.11738327890634537, 0.07621491700410843]"
3,centroid,1,343,Steel_Wheel,Steel_Wheel,"[""Steel_Wheel"", ""Nivalis"", ""Denom"", ""Velorum"", ""Xtreme""]","[0.9578888416290283, 0.06659165769815445, 0.049320876598358154, 0.04804391413927078, 0.04106047749519348]"
3,centroid,1,344,Steel_Wheel,Steel_Wheel,"[""Steel_Wheel"", ""Mytikas"", ""Xtreme"", ""Turbine"", ""Castor""]","[0.9127417802810669, 0.06025930866599083, 0.056663982570171356, -0.009679976850748062, -0.05998909845948219]"
3,centroid,1,345,Steel_Wheel,Steel_Wheel,"[""Steel_Wheel"", ""Xtreme"", ""Mytikas"", ""Turbine"", ""Hawk""]","[0.8919699192047119, 0.10002075880765915, -0.07644708454608917, -0.07670582085847855, -0.07778534293174744]"
3,centroid,1,346,Steel_Wheel,Steel_Wheel,"[""Steel_Wheel"", ""Nivalis"", ""Velorum"", ""Denom"", ""Xtreme""]","[0.9747381210327148, 0.08391526341438293, 0.07724300026893616, 0.06889502704143524, 0.017136625945568085]"
3,centroid,1,347,Steel_Wheel,Steel_Wheel,"[""Steel_Wheel"", ""Nivalis"", ""Velorum"", ""Denom"", ""Ratikon""]","[0.9294790029525757, 0.18145829439163208, 0.14017203450202942, 0.10534271597862244, 0.08440914005041122]"
3,centroid,1,348,Steel_Wheel,Steel_Wheel,"[""Steel_Wheel"", ""Mytikas"", ""Xtreme"", ""Alaris"", ""Trius""]","[0.9515944719314575, -0.007414495572447777, -0.016750246286392212, -0.03015347383916378, -0.03463137894868851]"
3,centroid,1,349,Steel_Wheel,Steel_Wheel,"[""Steel_Wheel"", ""Nivalis"", ""Velorum"", ""Xtreme"", ""Denom""]","[0.9762165546417236, 0.07698556035757065, 0.052489202469587326, 0.0264316163957119, -0.011622121557593346]"
3,centroid,1,350,Steel_Wheel,Steel_Wheel,"[""Steel_Wheel"", ""Hawk"", ""Xtreme"", ""Mytikas"", ""Velorum""]","[0.9366204142570496, 0.13699355721473694, 0.08997386693954468, 0.05784323066473007, -0.01736215502023697]"
3,centroid,1,351,Steel_Wheel,Steel_Wheel,"[""Steel_Wheel"", ""Xtreme"", ""Mytikas"", ""Gemini"", ""Nivalis""]","[0.9554588198661804, 0.12115748971700668, 0.06476563215255737, 0.036495141685009, -0.01541019044816494]"
3,centroid,1,352,Triton,Triton,"[""Triton"", ""Mytikas"", ""Trius"", ""Castor"", ""Ilias""]","[0.92507404088974, 0.5651131272315979, 0.5588113069534302, 0.408202201128006, 0.3792666494846344]"
3,centroid,1,353,Triton,Triton,"[""Triton"", ""Trius"", ""Braga"", ""Gemini"", ""Mytikas""]","[0.8974218964576721, 0.6549279689788818, 0.6238274574279785, 0.44710904359817505, 0.4379314184188843]"
3,centroid,1,354,Triton,Triton,"[""Triton"", ""Braga"", ""Trius"", ""Mytikas"", ""Castor""]","[0.9220376014709473, 0.7086164951324463, 0.6611059904098511, 0.6140456199645996, 0.5948356986045837]"
3,centroid,1,355,Triton,Triton,"[""Triton"", ""Castor"", ""Trius"", ""Braga"", ""Mytikas""]","[0.7990145087242126, 0.5354204177856445, 0.4726925492286682, 0.42994627356529236, 0.35989290475845337]"
3,centroid,1,356,Triton,Triton,"[""Triton"", ""Castor"", ""Trius"", ""Braga"", ""Mytikas""]","[0.8232158422470093, 0.6161187887191772, 0.6147230267524719, 0.5565023422241211, 0.4770328998565674]"
3,centroid,1,357,Triton,Triton,"[""Triton"", ""Castor"", ""Braga"", ""Trius"", ""Mytikas""]","[0.7837784290313721, 0.6579806804656982, 0.5889726281166077, 0.49790480732917786, 0.430838942527771]"
3,centroid,1,358,Triton,Triton,"[""Triton"", ""Braga"", ""Trius"", ""Gemini"", ""Mytikas""]","[0.8549294471740723, 0.7665844559669495, 0.7145023345947266, 0.5869030952453613, 0.5064771175384521]"
3,centroid,1,359,Triton,Triton,"[""Triton"", ""Trius"", ""Mytikas"", ""Braga"", ""Castor""]","[0.917727530002594, 0.6637944579124451, 0.5224834084510803, 0.5040069818496704, 0.3737824559211731]"
3,centroid,1,360,Triton,Triton,"[""Triton"", ""Trius"", ""Braga"", ""Alcatras"", ""Gemini""]","[0.885697603225708, 0.6380343437194824, 0.6373132467269897, 0.5218901634216309, 0.4789620637893677]"
3,centroid,1,361,Triton,Triton,"[""Triton"", ""Trius"", ""Mytikas"", ""Braga"", ""Alcatras""]","[0.8781052827835083, 0.7808545827865601, 0.7368592023849487, 0.63133704662323, 0.6200743913650513]"
3,centroid,1,362,Triton,Triton,"[""Triton"", ""Trius"", ""Mytikas"", ""Braga"", ""Alcatras""]","[0.8921157121658325, 0.5836613774299622, 0.5824263095855713, 0.5151418447494507, 0.4930603802204132]"
3,centroid,1,363,Triton,Triton,"[""Triton"", ""Castor"", ""Trius"", ""Braga"", ""Mytikas""]","[0.806565523147583, 0.5215053558349609, 0.48460865020751953, 0.43749600648880005, 0.3425061106681824]"
3,centroid,1,364,Triton,Triton,"[""Triton"", ""Trius"", ""Braga"", ""Mytikas"", ""Alcatras""]","[0.9380218386650085, 0.7079840898513794, 0.622056782245636, 0.5631417036056519, 0.482740581035614]"
3,centroid,1,365,Triton,Alcatras,"[""Alcatras"", ""Alaris"", ""Mytikas"", ""Trius"", ""Triton""]","[0.751145601272583, 0.6744750738143921, 0.6535364985466003, 0.6509537100791931, 0.6305081844329834]"
3,centroid,1,366,Triton,Triton,"[""Triton"", ""Mytikas"", ""Castor"", ""Velorum"", ""Braga""]","[0.8384790420532227, 0.6434832811355591, 0.48327022790908813, 0.45678430795669556, 0.4443916082382202]"
3,centroid,1,367,Triton,Triton,"[""Triton"", ""Braga"", ""Mytikas"", ""Trius"", ""Castor""]","[0.9197803735733032, 0.6873185634613037, 0.653936505317688, 0.6368907690048218, 0.47430866956710815]"
3,centroid,1,368,Triton,Triton,"[""Triton"", ""Trius"", ""Braga"", ""Castor"", ""Mytikas""]","[0.8893991708755493, 0.5800753831863403, 0.5496534109115601, 0.5485900044441223, 0.47547805309295654]"
3,centroid,1,369,Triton,Triton,"[""Triton"", ""Mytikas"", ""Trius"", ""Alcatras"", ""Braga""]","[0.7250611782073975, 0.6845567226409912, 0.6192026138305664, 0.5799243450164795, 0.4586072564125061]"
3,centroid,1,370,Triton,Triton,"[""Triton"", ""Trius"", ""Braga"", ""Mytikas"", ""Castor""]","[0.9471403360366821, 0.7244372963905334, 0.6389238834381104, 0.6037384867668152, 0.5225039124488831]"
3,centroid,1,371,Triton,Triton,"[""Triton"", ""Braga"", ""Trius"", ""Mytikas"", ""Gemini""]","[0.8706949353218079, 0.7535701990127563, 0.5792108774185181, 0.5574007630348206, 0.4725591838359833]"
3,centroid,1,372,Triton,Triton,"[""Triton"", ""Trius"", ""Braga"", ""Mytikas"", ""Alcatras""]","[0.9168230891227722, 0.7649827003479004, 0.7252635955810547, 0.6254153251647949, 0.4997873306274414]"
3,centroid,1,373,Triton,Triton,"[""Triton"", ""Trius"", ""Braga"", ""Mytikas"", ""Alcatras""]","[0.8446374535560608, 0.527862012386322, 0.5029531121253967, 0.46322473883628845, 0.42746639251708984]"
3,centroid,1,374,Triton,Triton,"[""Triton"", ""Trius"", ""Braga"", ""Mytikas"", ""Alcatras""]","[0.9456725716590881, 0.7322904467582703, 0.6132525205612183, 0.5361272096633911, 0.4391305446624756]"
3,centroid,1,375,Triton,Braga,"[""Braga"", ""Alcatras"", ""Trius"", ""Mytikas"", ""Triton""]","[0.7542421817779541, 0.7524363994598389, 0.7293068170547485, 0.7038159370422363, 0.691459596157074]"
3,centroid,1,376,Triton,Triton,"[""Triton"", ""Trius"", ""Ilias"", ""Alcatras"", ""Castor""]","[0.7190234661102295, 0.4918711185455322, 0.38031482696533203, 0.36856505274772644, 0.361564576625824]"
3,centroid,1,377,Triton,Triton,"[""Triton"", ""Braga"", ""Trius"", ""Alcatras"", ""Mytikas""]","[0.8674625158309937, 0.7492290139198303, 0.7302605509757996, 0.6386358737945557, 0.5853332281112671]"
3,centroid,1,378,Triton,Triton,"[""Triton"", ""Braga"", ""Trius"", ""Mytikas"", ""Alcatras""]","[0.9114829301834106, 0.7471787929534912, 0.7064048647880554, 0.6175593137741089, 0.5412648916244507]"
3,centroid,1,379,Triton,Triton,"[""Triton"", ""Braga"", ""Trius"", ""Gemini"", ""Castor""]","[0.821704626083374, 0.5966543555259705, 0.5827199220657349, 0.4984532296657562, 0.38769352436065674]"
3,centroid,1,380,Triton,Triton,"[""Triton"", ""Trius"", ""Alcatras"", ""Mytikas"", ""Castor""]","[0.8567935228347778, 0.7034871578216553, 0.6988781690597534, 0.6643476486206055, 0.6342267990112305]"
3,centroid,1,381,Triton,Triton,"[""Triton"", ""Trius"", ""Braga"", ""Alcatras"", ""Mytikas""]","[0.8966379165649414, 0.7571091055870056, 0.639763593673706, 0.6088837385177612, 0.5950609445571899]"
3,centroid,1,382,Triton,Triton,"[""Triton"", ""Mytikas"", ""Trius"", ""Braga"", ""Alcatras""]","[0.9568990468978882, 0.6890560388565063, 0.66367506980896, 0.5269865989685059, 0.521870493888855]"
3,centroid,1,383,Triton,Triton,"[""Triton"", ""Mytikas"", ""Trius"", ""Braga"", ""Alcatras""]","[0.9239121675491333, 0.7339600324630737, 0.7034026384353638, 0.6301323175430298, 0.5769568681716919]"
3,centroid,1,384,Triton,Triton,"[""Triton"", ""Trius"", ""Gemini"", ""Braga"", ""Mytikas""]","[0.8650263547897339, 0.5976263284683228, 0.5494017601013184, 0.5404052734375, 0.4772067666053772]"
3,centroid,1,385,Triton,Triton,"[""Triton"", ""Castor"", ""Mytikas"", ""Braga"", ""Trius""]","[0.8201031684875488, 0.7408348321914673, 0.5837339162826538, 0.4477846920490265, 0.40936481952667236]"
3,centroid,1,386,Triton,Triton,"[""Triton"", ""Braga"", ""Trius"", ""Alcatras"", ""Gemini""]","[0.762079119682312, 0.7564965486526489, 0.7438486814498901, 0.5300725698471069, 0.4842990040779114]"
3,centroid,1,387,Triton,Triton,"[""Triton"", ""Trius"", ""Braga"", ""Ilias"", ""Gemini""]","[0.8817848563194275, 0.6627860069274902, 0.48118528723716736, 0.40057384967803955, 0.4003651738166809]"
3,centroid,1,388,Triton,Alcatras,"[""Alcatras"", ""Castor"", ""Triton"", ""Braga"", ""Alaris""]","[0.7127983570098877, 0.6037572622299194, 0.5934881567955017, 0.545908510684967, 0.4592999219894409]"
3,centroid,1,389,Triton,Triton,"[""Triton"", ""Mytikas"", ""Trius"", ""Braga"", ""Alcatras""]","[0.8826931715011597, 0.801891565322876, 0.6644190549850464, 0.5415565967559814, 0.4937445819377899]"
3,centroid,1,390,Triton,Triton,"[""Triton"", ""Trius"", ""Castor"", ""Braga"", ""Mytikas""]","[0.6621116995811462, 0.5480530261993408, 0.46909308433532715, 0.42261847853660583, 0.3494870364665985]"
3,centroid,1,391,Triton,Triton,"[""Triton"", ""Mytikas"", ""Trius"", ""Braga"", ""Castor""]","[0.9195317029953003, 0.7198188304901123, 0.6783698201179504, 0.5908024907112122, 0.5569111108779907]"
3,centroid,1,392,Triton,Triton,"[""Triton"", ""Trius"", ""Mytikas"", ""Braga"", ""Gemini""]","[0.9379057884216309, 0.6750602722167969, 0.5566403865814209, 0.5105208158493042, 0.48010292649269104]"
3,centroid,1,393,Triton,Castor,"[""Castor"", ""Triton"", ""Mytikas"", ""Alcatras"", ""Braga""]","[0.6508277058601379, 0.6105540990829468, 0.586422324180603, 0.5706779956817627, 0.4265119731426239]"
3,centroid,1,394,Triton,Triton,"[""Triton"", ""Mytikas"", ""Trius"", ""Castor"", ""Braga""]","[0.9239553213119507, 0.5902470350265503, 0.588687002658844, 0.5558359622955322, 0.5301487445831299]"
3,centroid,1,395,Triton,Triton,"[""Triton"", ""Mytikas"", ""Trius"", ""Alcatras"", ""Braga""]","[0.8599789142608643, 0.6895527839660645, 0.6367549896240234, 0.6176908016204834, 0.5329971313476562]"
3,centroid,1,396,Triton,Triton,"[""Triton"", ""Braga"", ""Mytikas"", ""Trius"", ""Castor""]","[0.857551634311676, 0.6683897972106934, 0.6519321203231812, 0.587848424911499, 0.5756173729896545]"
3,centroid,1,397,Triton,Triton,"[""Triton"", ""Mytikas"", ""Braga"", ""Alcatras"", ""Trius""]","[0.8207715749740601, 0.6410515904426575, 0.5595477819442749, 0.5250258445739746, 0.4636538028717041]"
3,centroid,1,398,Triton,Triton,"[""Triton"", ""Braga"", ""Trius"", ""Gemini"", ""Mytikas""]","[0.8260199427604675, 0.6206803917884827, 0.5717017650604248, 0.5365813970565796, 0.49128013849258423]"
3,centroid,1,399,Triton,Triton,"[""Triton"", ""Braga"", ""Mytikas"", ""Trius"", ""Gemini""]","[0.8167937994003296, 0.5872412323951721, 0.5459495782852173, 0.45353132486343384, 0.4483785331249237]"
3,centroid,1,400,Triton,Triton,"[""Triton"", ""Trius"", ""Mytikas"", ""Braga"", ""Alcatras""]","[0.9070724844932556, 0.6483484506607056, 0.5292935967445374, 0.5290907621383667, 0.480511873960495]"
3,centroid,1,401,Triton,Mytikas,"[""Mytikas"", ""Triton"", ""Trius"", ""Alcatras"", ""Castor""]","[0.8093353509902954, 0.8073596954345703, 0.5185068845748901, 0.504908561706543, 0.41519227623939514]"
3,centroid,1,402,Triton,Triton,"[""Triton"", ""Castor"", ""Braga"", ""Mytikas"", ""Trius""]","[0.8159886002540588, 0.714802086353302, 0.6452902555465698, 0.5769786834716797, 0.4189678430557251]"
3,centroid,1,403,Triton,Triton,"[""Triton"", ""Braga"", ""Trius"", ""Castor"", ""Velorum""]","[0.7397189140319824, 0.6899147033691406, 0.5893162488937378, 0.4579177498817444, 0.43624404072761536]"
3,centroid,1,404,Triton,Triton,"[""Triton"", ""Mytikas"", ""Trius"", ""Braga"", ""Castor""]","[0.9203146696090698, 0.6781311631202698, 0.5857025980949402, 0.5529811382293701, 0.47389742732048035]"
3,centroid,1,405,Trius,Trius,"[""Trius"", ""Alaris"", ""Braga"", ""Alcatras"", ""Mytikas""]","[0.7905250191688538, 0.5491870641708374, 0.4934779703617096, 0.49053680896759033, 0.38063621520996094]"
3,centroid,1,406,Trius,Triton,"[""Triton"", ""Trius"", ""Velorum"", ""Alcatras"", ""Braga""]","[0.7450516819953918, 0.6797443628311157, 0.5905512571334839, 0.5435298681259155, 0.4254877269268036]"
3,centroid,1,407,Trius,Trius,"[""Trius"", ""Gemini"", ""Vega"", ""Braga"", ""Alaris""]","[0.768989622592926, 0.5619358420372009, 0.5198197364807129, 0.5072823762893677, 0.4383760690689087]"
3,centroid,1,408,Trius,Triton,"[""Triton"", ""Castor"", ""Trius"", ""Braga"", ""Alcatras""]","[0.7526140213012695, 0.7014768123626709, 0.6832454204559326, 0.6635584831237793, 0.6260871887207031]"
3,centroid,1,409,Trius,Trius,"[""Trius"", ""Gemini"", ""Vega"", ""Triton"", ""Denom""]","[0.7683621644973755, 0.6027349233627319, 0.46138954162597656, 0.3863373398780823, 0.3377857804298401]"
3,centroid,1,410,Trius,Trius,"[""Trius"", ""Gemini"", ""Triton"", ""Mytikas"", ""Braga""]","[0.6545922756195068, 0.5939634442329407, 0.571290135383606, 0.5350126028060913, 0.3331485688686371]"
3,centroid,1,411,Trius,Trius,"[""Trius"", ""Triton"", ""Alcatras"", ""Alaris"", ""Braga""]","[0.9073303937911987, 0.7111786007881165, 0.5762298107147217, 0.5702036619186401, 0.5517529845237732]"
3,centroid,1,412,Trius,Trius,"[""Trius"", ""Braga"", ""Triton"", ""Gemini"", ""Alaris""]","[0.7805648446083069, 0.5970128774642944, 0.5232542753219604, 0.5176645517349243, 0.49755460023880005]"
3,centroid,1,413,Trius,Trius,"[""Trius"", ""Triton"", ""Braga"", ""Mytikas"", ""Gemini""]","[0.8796087503433228, 0.7800245881080627, 0.707645058631897, 0.5893644094467163, 0.5085740089416504]"
3,centroid,1,414,Trius,Trius,"[""Trius"", ""Alaris"", ""Braga"", ""Alcatras"", ""Gemini""]","[0.7833274602890015, 0.6160573959350586, 0.5515427589416504, 0.5151222348213196, 0.4599617123603821]"
3,centroid,1,415,Trius,Trius,"[""Trius"", ""Alaris"", ""Triton"", ""Alcatras"", ""Braga""]","[0.6608161926269531, 0.6154406070709229, 0.5040284395217896, 0.5000892281532288, 0.4069356620311737]"
3,centroid,1,416,Trius,Vega,"[""Vega"", ""Gemini"", ""Triton"", ""Trius"", ""Xtreme""]","[0.42601802945137024, 0.3450092673301697, 0.3018961548805237, 0.2968614101409912, 0.2609464228153229]"
3,centroid,1,417,Trius,Trius,"[""Trius"", ""Braga"", ""Triton"", ""Alcatras"", ""Alaris""]","[0.8117832541465759, 0.7282112836837769, 0.7184423804283142, 0.7084113359451294, 0.5599850416183472]"
3,centroid,1,418,Trius,Trius,"[""Trius"", ""Gemini"", ""Triton"", ""Denom"", ""Mytikas""]","[0.7969032526016235, 0.4712839126586914, 0.38190585374832153, 0.3097482919692993, 0.3058435618877411]"
3,centroid,1,419,Trius,Trius,"[""Trius"", ""Triton"", ""Ilias"", ""Gemini"", ""Velorum""]","[0.7335367798805237, 0.7238606214523315, 0.5659432411193848, 0.5619730353355408, 0.5306062698364258]"
3,centroid,1,420,Trius,Trius,"[""Trius"", ""Triton"", ""Alcatras"", ""Mytikas"", ""Alaris""]","[0.9336181879043579, 0.5956893563270569, 0.5174737572669983, 0.5172525644302368, 0.5103060603141785]"
3,centroid,1,421,Trius,Trius,"[""Trius"", ""Triton"", ""Mytikas"", ""Gemini"", ""Vega""]","[0.8565460443496704, 0.6718651056289673, 0.5229341983795166, 0.4754078686237335, 0.44190093874931335]"
3,centroid,1,422,Trius,Trius,"[""Trius"", ""Alaris"", ""Alcatras"", ""Braga"", ""Triton""]","[0.8469618558883667, 0.7075304985046387, 0.6253823041915894, 0.5791951417922974, 0.5430777072906494]"
3,centroid,1,423,Trius,Mytikas,"[""Mytikas"", ""Vega"", ""Trius"", ""Alaris"", ""Gemini""]","[0.47284233570098877, 0.46019095182418823, 0.43050169944763184, 0.3647569715976715, 0.2896254062652588]"
3,centroid,1,424,Trius,Trius,"[""Trius"", ""Triton"", ""Alcatras"", ""Braga"", ""Velorum""]","[0.6747646331787109, 0.673049807548523, 0.639430820941925, 0.5904628038406372, 0.5140533447265625]"
3,centroid,1,425,Trius,Trius,"[""Trius"", ""Triton"", ""Alaris"", ""Braga"", ""Alcatras""]","[0.8705384731292725, 0.7152885794639587, 0.6431769132614136, 0.6174169778823853, 0.609764814376831]"
3,centroid,1,426,Trius,Trius,"[""Trius"", ""Vega"", ""Ilias"", ""Alaris"", ""Triton""]","[0.6069371700286865, 0.4660375714302063, 0.43079686164855957, 0.42731013894081116, 0.42221879959106445]"
3,centroid,1,427,Trius,Trius,"[""Trius"", ""Triton"", ""Velorum"", ""Castor"", ""Braga""]","[0.7503421306610107, 0.6958279609680176, 0.5328604578971863, 0.4077036380767822, 0.4056404232978821]"
3,centroid,1,428,Trius,Triton,"[""Triton"", ""Trius"", ""Mytikas"", ""Braga"", ""Gemini""]","[0.8887898325920105, 0.8017820715904236, 0.5432308912277222, 0.47826239466667175, 0.461570143699646]"
3,centroid,1,429,Trius,Trius,"[""Trius"", ""Braga"", ""Alaris"", ""Triton"", ""Alcatras""]","[0.9088197350502014, 0.6704428195953369, 0.6534789800643921, 0.5976223945617676, 0.5695071816444397]"
3,centroid,1,430,Trius,Trius,"[""Trius"", ""Ilias"", ""Gemini"", ""Triton"", ""Alcatras""]","[0.5534806251525879, 0.5377554893493652, 0.5289300680160522, 0.49085572361946106, 0.48734885454177856]"
3,centroid,1,431,Trius,Trius,"[""Trius"", ""Triton"", ""Ilias"", ""Gemini"", ""Braga""]","[0.7683502435684204, 0.7023383975028992, 0.5639634728431702, 0.4960048794746399, 0.45684438943862915]"
3,centroid,1,432,Trius,Trius,"[""Trius"", ""Ilias"", ""Gemini"", ""Denom"", ""Triton""]","[0.6695414781570435, 0.6182795763015747, 0.5832305550575256, 0.5319668054580688, 0.526746928691864]"
3,centroid,1,433,Trius,Trius,"[""Trius"", ""Triton"", ""Alaris"", ""Alcatras"", ""Mytikas""]","[0.7025918364524841, 0.6828728318214417, 0.6384755373001099, 0.5896577835083008, 0.5456609725952148]"
3,centroid,1,434,Trius,Trius,"[""Trius"", ""Gemini"", ""Triton"", ""Alaris"", ""Braga""]","[0.819520890712738, 0.45331019163131714, 0.3849443197250366, 0.3461947441101074, 0.3460735082626343]"
3,centroid,1,435,Trius,Castor,"[""Castor"", ""Velorum"", ""Triton"", ""Mytikas"", ""Alcatras""]","[0.6495075225830078, 0.6031345129013062, 0.5969942808151245, 0.466778963804245, 0.4268966615200043]"
3,centroid,1,436,Trius,Triton,"[""Triton"", ""Trius"", ""Braga"", ""Gemini"", ""Mytikas""]","[0.8063092231750488, 0.7630944848060608, 0.5696206092834473, 0.5041992664337158, 0.5022393465042114]"
3,centroid,1,437,Trius,Trius,"[""Trius"", ""Triton"", ""Alcatras"", ""Braga"", ""Castor""]","[0.8385845422744751, 0.661351203918457, 0.6285796165466309, 0.6193917989730835, 0.5509012937545776]"
3,centroid,1,438,Trius,Trius,"[""Trius"", ""Braga"", ""Triton"", ""Mytikas"", ""Gemini""]","[0.896766185760498, 0.6979362964630127, 0.6411093473434448, 0.6127928495407104, 0.5756007432937622]"
3,centroid,1,439,Trius,Trius,"[""Trius"", ""Braga"", ""Triton"", ""Alaris"", ""Gemini""]","[0.8498445749282837, 0.6965035796165466, 0.5759456157684326, 0.5457198023796082, 0.5402238368988037]"
3,centroid,1,440,Trius,Trius,"[""Trius"", ""Gemini"", ""Mytikas"", ""Vega"", ""Triton""]","[0.8314716815948486, 0.5665490627288818, 0.5521581768989563, 0.504767894744873, 0.4806451201438904]"
3,centroid,1,441,Trius,Triton,"[""Triton"", ""Trius"", ""Braga"", ""Gemini"", ""Mytikas""]","[0.7933170795440674, 0.7921671867370605, 0.6982722878456116, 0.6281439065933228, 0.6271666288375854]"
3,centroid,1,442,Trius,Braga,"[""Braga"", ""Gemini"", ""Trius"", ""Triton"", ""Alcatras""]","[0.7781932353973389, 0.7363065481185913, 0.6390617489814758, 0.5314832925796509, 0.4280689060688019]"
3,centroid,1,443,Trius,Braga,"[""Braga"", ""Trius"", ""Mytikas"", ""Triton"", ""Alcatras""]","[0.8321832418441772, 0.7356072664260864, 0.7320168018341064, 0.7059892416000366, 0.609414279460907]"
3,centroid,1,444,Trius,Vega,"[""Vega"", ""Trius"", ""Gemini"", ""Denom"", ""Nivalis""]","[0.517955482006073, 0.3792732357978821, 0.3463020324707031, 0.2804989814758301, 0.23494823276996613]"
3,centroid,1,445,Turbine,Turbine,"[""Turbine"", ""Castor"", ""Hawk"", ""Braga"", ""Alaris""]","[0.9154537916183472, 0.4376780390739441, 0.42952561378479004, 0.38551563024520874, 0.2177230417728424]"
3,centroid,1,446,Turbine,Turbine,"[""Turbine"", ""Castor"", ""Alcatras"", ""Alaris"", ""Hawk""]","[0.7251939177513123, 0.5020115375518799, 0.46717405319213867, 0.3461437225341797, 0.33481037616729736]"
3,centroid,1,447,Turbine,Turbine,"[""Turbine"", ""Braga"", ""Vega"", ""Hawk"", ""Trius""]","[0.8377819657325745, 0.610418438911438, 0.48993849754333496, 0.47742128372192383, 0.4105123281478882]"
3,centroid,1,448,Turbine,Turbine,"[""Turbine"", ""Castor"", ""Braga"", ""Alaris"", ""Alcatras""]","[0.7091735601425171, 0.6963552236557007, 0.5485914945602417, 0.47496679425239563, 0.431728720664978]"
3,centroid,1,449,Turbine,Turbine,"[""Turbine"", ""Vega"", ""Hawk"", ""Braga"", ""Gemini""]","[0.785820484161377, 0.6282038688659668, 0.5383442640304565, 0.4359276592731476, 0.29647770524024963]"
3,centroid,1,450,Turbine,Turbine,"[""Turbine"", ""Castor"", ""Braga"", ""Mytikas"", ""Trius""]","[0.7394423484802246, 0.6311897039413452, 0.5119259357452393, 0.43332499265670776, 0.3751230835914612]"
3,centroid,1,451,Turbine,Turbine,"[""Turbine"", ""Vega"", ""Braga"", ""Hawk"", ""Alaris""]","[0.8637741804122925, 0.515067458152771, 0.47339966893196106, 0.4569988250732422, 0.2658640146255493]"
3,centroid,1,452,Turbine,Turbine,"[""Turbine"", ""Hawk"", ""Castor"", ""Alcatras"", ""Vega""]","[0.8680468797683716, 0.519964337348938, 0.2992587089538574, 0.24322187900543213, 0.23822474479675293]"
3,centroid,1,453,Turbine,Turbine,"[""Turbine"", ""Hawk"", ""Castor"", ""Braga"", ""Mytikas""]","[0.8849402666091919, 0.5015996098518372, 0.39653950929641724, 0.30716243386268616, 0.2993190288543701]"
3,centroid,1,454,Turbine,Turbine,"[""Turbine"", ""Hawk"", ""Braga"", ""Castor"", ""Vega""]","[0.9171098470687866, 0.5408624410629272, 0.5117374658584595, 0.4304260015487671, 0.39277273416519165]"
3,centroid,1,455,Turbine,Turbine,"[""Turbine"", ""Alcatras"", ""Alaris"", ""Castor"", ""Hawk""]","[0.7682428359985352, 0.7181787490844727, 0.6693225502967834, 0.4830840826034546, 0.39556819200515747]"
3,centroid,1,456,Turbine,Turbine,"[""Turbine"", ""Braga"", ""Castor"", ""Hawk"", ""Alcatras""]","[0.940706729888916, 0.4944765567779541, 0.48312509059906006, 0.40787652134895325, 0.34645479917526245]"
3,centroid,1,457,Turbine,Alcatras,"[""Alcatras"", ""Castor"", ""Turbine"", ""Braga"", ""Alaris""]","[0.7630041837692261, 0.7035560011863708, 0.6954901218414307, 0.640674352645874, 0.5671293139457703]"
3,centroid,1,458,Turbine,Turbine,"[""Turbine"", ""Vega"", ""Braga"", ""Hawk"", ""Gemini""]","[0.7019895315170288, 0.5494382977485657, 0.4863114655017853, 0.4781787097454071, 0.4239306151866913]"
3,centroid,1,459,Turbine,Turbine,"[""Turbine"", ""Hawk"", ""Braga"", ""Mytikas"", ""Velorum""]","[0.7747611999511719, 0.5394287705421448, 0.3710322976112366, 0.24873791635036469, 0.24046248197555542]"
3,centroid,1,460,Turbine,Turbine,"[""Turbine"", ""Vega"", ""Hawk"", ""Braga"", ""Alaris""]","[0.8816477656364441, 0.5595651865005493, 0.48528093099594116, 0.44862085580825806, 0.34314948320388794]"
3,centroid,1,461,Turbine,Turbine,"[""Turbine"", ""Hawk"", ""Braga"", ""Vega"", ""Castor""]","[0.9294984340667725, 0.5443239808082581, 0.498230516910553, 0.36448994278907776, 0.27956467866897583]"
3,centroid,1,462,Turbine,Turbine,"[""Turbine"", ""Alaris"", ""Hawk"", ""Vega"", ""Braga""]","[0.9481055736541748, 0.4574001133441925, 0.44810283184051514, 0.37696152925491333, 0.36793166399002075]"
3,centroid,1,463,Turbine,Turbine,"[""Turbine"", ""Castor"", ""Alaris"", ""Alcatras"", ""Triton""]","[0.7259926795959473, 0.617906928062439, 0.5178022980690002, 0.43927425146102905, 0.32538431882858276]"
3,centroid,1,464,Turbine,Turbine,"[""Turbine"", ""Castor"", ""Alcatras"", ""Braga"", ""Alaris""]","[0.725161075592041, 0.6498560905456543, 0.6127121448516846, 0.48438408970832825, 0.4843813478946686]"
3,centroid,1,465,Turbine,Turbine,"[""Turbine"", ""Braga"", ""Vega"", ""Alaris"", ""Hawk""]","[0.8260987401008606, 0.734886646270752, 0.5662834644317627, 0.4649343490600586, 0.4264790415763855]"
3,centroid,1,466,Turbine,Castor,"[""Castor"", ""Braga"", ""Turbine"", ""Triton"", ""Alcatras""]","[0.7832701206207275, 0.7655532360076904, 0.6199827790260315, 0.6004833579063416, 0.5894616842269897]"
3,centroid,1,467,Turbine,Castor,"[""Castor"", ""Turbine"", ""Braga"", ""Alcatras"", ""Triton""]","[0.7978492975234985, 0.709083080291748, 0.7056382894515991, 0.6370761394500732, 0.5228716135025024]"
3,centroid,1,468,Turbine,Turbine,"[""Turbine"", ""Castor"", ""Alcatras"", ""Alaris"", ""Braga""]","[0.8004282116889954, 0.7968270778656006, 0.5572013854980469, 0.45230451226234436, 0.4333464205265045]"
3,centroid,1,469,Turbine,Turbine,"[""Turbine"", ""Hawk"", ""Braga"", ""Vega"", ""Alaris""]","[0.8797760009765625, 0.6503375768661499, 0.4285193085670471, 0.4203304052352905, 0.3827415704727173]"
3,centroid,1,470,Turbine,Turbine,"[""Turbine"", ""Braga"", ""Hawk"", ""Castor"", ""Triton""]","[0.8446991443634033, 0.532812237739563, 0.40807828307151794, 0.40319588780403137, 0.2915779650211334]"
3,centroid,1,471,Turbine,Turbine,"[""Turbine"", ""Vega"", ""Braga"", ""Hawk"", ""Alaris""]","[0.88265460729599, 0.4906620681285858, 0.47278380393981934, 0.46748122572898865, 0.3156542181968689]"
3,centroid,1,472,Vega,Vega,"[""Vega"", ""Braga"", ""Gemini"", ""Trius"", ""Hawk""]","[0.8852740526199341, 0.6541054248809814, 0.6488838195800781, 0.580614447593689, 0.46321600675582886]"
3,centroid,1,473,Vega,Vega,"[""Vega"", ""Turbine"", ""Braga"", ""Alaris"", ""Hawk""]","[0.7955617904663086, 0.5933202505111694, 0.5273864269256592, 0.45384907722473145, 0.45279133319854736]"
3,centroid,1,474,Vega,Vega,"[""Vega"", ""Alaris"", ""Hawk"", ""Turbine"", ""Trius""]","[0.8884661197662354, 0.47059839963912964, 0.463157594203949, 0.4596981704235077, 0.20330902934074402]"
3,centroid,1,475,Vega,Vega,"[""Vega"", ""Hawk"", ""Gemini"", ""Alaris"", ""Braga""]","[0.9116546511650085, 0.6244924068450928, 0.5268979668617249, 0.34088969230651855, 0.3251364827156067]"
3,centroid,1,476,Vega,Vega,"[""Vega"", ""Hawk"", ""Turbine"", ""Alaris"", ""Gemini""]","[0.9447760581970215, 0.5156077146530151, 0.4295538067817688, 0.4151623249053955, 0.30943945050239563]"
3,centroid,1,477,Vega,Vega,"[""Vega"", ""Hawk"", ""Turbine"", ""Gemini"", ""Braga""]","[0.8235086798667908, 0.5401411652565002, 0.4065895676612854, 0.38021790981292725, 0.2580379247665405]"
3,centroid,1,478,Vega,Vega,"[""Vega"", ""Alaris"", ""Gemini"", ""Turbine"", ""Hawk""]","[0.9293920993804932, 0.5117334127426147, 0.37148550152778625, 0.33984681963920593, 0.3257955312728882]"
3,centroid,1,479,Vega,Vega,"[""Vega"", ""Braga"", ""Gemini"", ""Hawk"", ""Trius""]","[0.8519803285598755, 0.61421799659729, 0.6060894727706909, 0.4764840602874756, 0.44458967447280884]"
3,centroid,1,480,Vega,Vega,"[""Vega"", ""Alaris"", ""Gemini"", ""Hawk"", ""Turbine""]","[0.9057009816169739, 0.40465259552001953, 0.367120623588562, 0.3087503910064697, 0.227217435836792]"
3,centroid,1,481,Vega,Vega,"[""Vega"", ""Hawk"", ""Turbine"", ""Alaris"", ""Alcatras""]","[0.7709816098213196, 0.695022702217102, 0.4883144497871399, 0.3825743794441223, 0.2569763660430908]"
3,centroid,1,482,Vega,Vega,"[""Vega"", ""Gemini"", ""Trius"", ""Alaris"", ""Hawk""]","[0.9299225211143494, 0.4977647066116333, 0.42545121908187866, 0.3803873062133789, 0.3743685483932495]"
3,centroid,1,483,Vega,Vega,"[""Vega"", ""Alaris"", ""Hawk"", ""Turbine"", ""Alcatras""]","[0.8024194240570068, 0.6808863878250122, 0.6419416069984436, 0.5013529658317566, 0.4935665726661682]"
3,centroid,1,484,Vega,Vega,"[""Vega"", ""Alaris"", ""Turbine"", ""Braga"", ""Trius""]","[0.8504233956336975, 0.4672834277153015, 0.38053956627845764, 0.3128994107246399, 0.26690673828125]"
3,centroid,1,485,Vega,Vega,"[""Vega"", ""Gemini"", ""Alaris"", ""Trius"", ""Braga""]","[0.7647193670272827, 0.4800410270690918, 0.2643657922744751, 0.24037282168865204, 0.15551859140396118]"
3,centroid,1,486,Vega,Vega,"[""Vega"", ""Hawk"", ""Alaris"", ""Turbine"", ""Gemini""]","[0.9142224788665771, 0.3387806713581085, 0.32146137952804565, 0.30558067560195923, 0.2664175033569336]"
3,centroid,1,487,Vega,Vega,"[""Vega"", ""Gemini"", ""Hawk"", ""Braga"", ""Turbine""]","[0.8939661383628845, 0.5509251356124878, 0.5481269955635071, 0.3337913751602173, 0.32251039147377014]"
3,centroid,1,488,Vega,Vega,"[""Vega"", ""Hawk"", ""Alaris"", ""Turbine"", ""Alcatras""]","[0.8854513168334961, 0.5569248199462891, 0.44416213035583496, 0.40289443731307983, 0.26212647557258606]"
3,centroid,1,489,Vega,Vega,"[""Vega"", ""Gemini"", ""Hawk"", ""Trius"", ""Alaris""]","[0.9386921525001526, 0.5088245868682861, 0.5025767087936401, 0.3918153643608093, 0.32636958360671997]"
3,centroid,1,490,Vega,Vega,"[""Vega"", ""Alaris"", ""Hawk"", ""Alcatras"", ""Gemini""]","[0.8846383690834045, 0.4352802038192749, 0.40357446670532227, 0.3910449743270874, 0.3836120367050171]"
3,centroid,1,491,Vega,Vega,"[""Vega"", ""Gemini"", ""Alaris"", ""Trius"", ""Braga""]","[0.913149356842041, 0.5188201069831848, 0.4934588670730591, 0.4597584307193756, 0.3577353358268738]"
3,centroid,1,492,Vega,Vega,"[""Vega"", ""Gemini"", ""Trius"", ""Hawk"", ""Alaris""]","[0.8658279776573181, 0.5838253498077393, 0.33822959661483765, 0.323318213224411, 0.2974763810634613]"
3,centroid,1,493,Vega,Vega,"[""Vega"", ""Alaris"", ""Hawk"", ""Alcatras"", ""Turbine""]","[0.8987047672271729, 0.5278809070587158, 0.48387545347213745, 0.36776798963546753, 0.32010743021965027]"
3,centroid,1,494,Vega,Vega,"[""Vega"", ""Turbine"", ""Hawk"", ""Alaris"", ""Braga""]","[0.8085691928863525, 0.5823683738708496, 0.4678244888782501, 0.4168998599052429, 0.3745101988315582]"
3,centroid,1,495,Vega,Vega,"[""Vega"", ""Alaris"", ""Gemini"", ""Trius"", ""Braga""]","[0.9154258966445923, 0.5263841152191162, 0.5098749399185181, 0.47322291135787964, 0.46740370988845825]"
3,centroid,1,496,Vega,Vega,"[""Vega"", ""Alaris"", ""Turbine"", ""Hawk"", ""Alcatras""]","[0.8218602538108826, 0.41830965876579285, 0.3706497550010681, 0.3307360112667084, 0.17244026064872742]"
3,centroid,1,497,Vega,Braga,"[""Braga"", ""Vega"", ""Alcatras"", ""Hawk"", ""Turbine""]","[0.7336434721946716, 0.6048001050949097, 0.6001220941543579, 0.5944280624389648, 0.5474002361297607]"
3,centroid,1,498,Vega,Xtreme,"[""Xtreme"", ""Mytikas"", ""Velorum"", ""Gemini"", ""Triton""]","[0.499112993478775, 0.46921306848526, 0.42787662148475647, 0.4262489974498749, 0.41812241077423096]"
3,centroid,1,499,Vega,Vega,"[""Vega"", ""Turbine"", ""Alaris"", ""Braga"", ""Hawk""]","[0.818567156791687, 0.487761527299881, 0.43708962202072144, 0.3955596685409546, 0.27080827951431274]"
3,centroid,1,500,Vega,Turbine,"[""Turbine"", ""Braga"", ""Vega"", ""Alcatras"", ""Castor""]","[0.5805169343948364, 0.5477473139762878, 0.47355249524116516, 0.40516340732574463, 0.38117021322250366]"
3,centroid,1,501,Vega,Vega,"[""Vega"", ""Gemini"", ""Trius"", ""Triton"", ""Braga""]","[0.7091304063796997, 0.6945688724517822, 0.559238612651825, 0.5285810828208923, 0.4607574939727783]"
3,centroid,1,502,Vega,Vega,"[""Vega"", ""Alaris"", ""Trius"", ""Gemini"", ""Braga""]","[0.9274863004684448, 0.4134172797203064, 0.34908729791641235, 0.3337487578392029, 0.31021249294281006]"
3,centroid,1,503,Vega,Vega,"[""Vega"", ""Gemini"", ""Hawk"", ""Trius"", ""Alaris""]","[0.9524260759353638, 0.4897366762161255, 0.42163610458374023, 0.40002554655075073, 0.38864389061927795]"
3,centroid,1,504,Vega,Vega,"[""Vega"", ""Hawk"", ""Turbine"", ""Alaris"", ""Braga""]","[0.8920652270317078, 0.5487514734268188, 0.38396966457366943, 0.3716880679130554, 0.28111404180526733]"
3,centroid,1,505,Vega,Vega,"[""Vega"", ""Hawk"", ""Gemini"", ""Braga"", ""Xtreme""]","[0.8615624308586121, 0.5705944895744324, 0.5211232900619507, 0.23535127937793732, 0.22795632481575012]"
3,centroid,1,506,Vega,Vega,"[""Vega"", ""Hawk"", ""Gemini"", ""Alaris"", ""Turbine""]","[0.8947536945343018, 0.6200955510139465, 0.41363438963890076, 0.26401782035827637, 0.2556311786174774]"
3,centroid,1,507,Velorum,Velorum,"[""Velorum"", ""Ilias"", ""Nivalis"", ""Denom"", ""Ratikon""]","[0.9465070962905884, 0.7060372233390808, 0.5792210698127747, 0.5303234457969666, 0.4681359827518463]"
3,centroid,1,508,Velorum,Velorum,"[""Velorum"", ""Nivalis"", ""Ilias"", ""Denom"", ""Triton""]","[0.9063076972961426, 0.545585036277771, 0.4794105291366577, 0.3848697245121002, 0.26543089747428894]"
3,centroid,1,509,Velorum,Velorum,"[""Velorum"", ""Ilias"", ""Nivalis"", ""Denom"", ""Ratikon""]","[0.8919649720191956, 0.7152794003486633, 0.6235073208808899, 0.5144985914230347, 0.46027079224586487]"
3,centroid,1,510,Velorum,Velorum,"[""Velorum"", ""Nivalis"", ""Ilias"", ""Ratikon"", ""Denom""]","[0.8908019065856934, 0.594292163848877, 0.5072797536849976, 0.39861369132995605, 0.37448108196258545]"
3,centroid,1,511,Velorum,Velorum,"[""Velorum"", ""Ilias"", ""Denom"", ""Nivalis"", ""Ratikon""]","[0.9125672578811646, 0.4672527015209198, 0.4338993430137634, 0.3190704882144928, 0.2788355350494385]"
3,centroid,1,512,Velorum,Velorum,"[""Velorum"", ""Ilias"", ""Nivalis"", ""Denom"", ""Ratikon""]","[0.9562305212020874, 0.5939321517944336, 0.45978283882141113, 0.34461116790771484, 0.3160228729248047]"
3,centroid,1,513,Velorum,Velorum,"[""Velorum"", ""Ilias"", ""Trius"", ""Triton"", ""Nivalis""]","[0.8354548811912537, 0.5519107580184937, 0.47059157490730286, 0.4443332850933075, 0.38167643547058105]"
3,centroid,1,514,Velorum,Velorum,"[""Velorum"", ""Denom"", ""Nivalis"", ""Ratikon"", ""Ilias""]","[0.8975173234939575, 0.6322594285011292, 0.5342267155647278, 0.5020480155944824, 0.49993014335632324]"
3,centroid,1,515,Velorum,Velorum,"[""Velorum"", ""Denom"", ""Nivalis"", ""Ilias"", ""Ratikon""]","[0.8847993612289429, 0.6235283017158508, 0.6002794504165649, 0.5330215692520142, 0.40710514783859253]"
3,centroid,1,516,Velorum,Velorum,"[""Velorum"", ""Ilias"", ""Triton"", ""Nivalis"", ""Alcatras""]","[0.8907150626182556, 0.4617152214050293, 0.3526419401168823, 0.32367974519729614, 0.302964448928833]"
3,centroid,1,517,Velorum,Velorum,"[""Velorum"", ""Ilias"", ""Denom"", ""Ratikon"", ""Nivalis""]","[0.8583248257637024, 0.6454042196273804, 0.5555036067962646, 0.4518616199493408, 0.40864962339401245]"
3,centroid,1,518,Velorum,Velorum,"[""Velorum"", ""Ilias"", ""Denom"", ""Nivalis"", ""Ratikon""]","[0.9558294415473938, 0.6237820386886597, 0.5016330480575562, 0.4862298369407654, 0.4781743586063385]"
3,centroid,1,519,Velorum,Velorum,"[""Velorum"", ""Ilias"", ""Denom"", ""Nivalis"", ""Ratikon""]","[0.8662558794021606, 0.7340246438980103, 0.5550860166549683, 0.5251587629318237, 0.43685150146484375]"
3,centroid,1,520,Velorum,Velorum,"[""Velorum"", ""Nivalis"", ""Denom"", ""Ilias"", ""Ratikon""]","[0.7938437461853027, 0.5931805968284607, 0.47830790281295776, 0.3996119201183319, 0.3602250814437866]"
3,centroid,1,521,Velorum,Velorum,"[""Velorum"", ""Ilias"", ""Nivalis"", ""Denom"", ""Triton""]","[0.9583132863044739, 0.5756906270980835, 0.5191274881362915, 0.38606831431388855, 0.29445356130599976]"
3,centroid,1,522,Velorum,Velorum,"[""Velorum"", ""Ilias"", ""Denom"", ""Nivalis"", ""Ratikon""]","[0.8353357315063477, 0.7821240425109863, 0.5664381980895996, 0.5562472343444824, 0.49717381596565247]"
3,centroid,1,523,Velorum,Velorum,"[""Velorum"", ""Ilias"", ""Denom"", ""Nivalis"", ""Xtreme""]","[0.88134765625, 0.5812378525733948, 0.4961360692977905, 0.4141065776348114, 0.36238086223602295]"
3,centroid,1,524,Velorum,Velorum,"[""Velorum"", ""Nivalis"", ""Ratikon"", ""Ilias"", ""Denom""]","[0.8190155029296875, 0.5456960797309875, 0.34748363494873047, 0.34470707178115845, 0.26457110047340393]"
3,centroid,1,525,Velorum,Velorum,"[""Velorum"", ""Ilias"", ""Denom"", ""Nivalis"", ""Ratikon""]","[0.9141688346862793, 0.5810985565185547, 0.4540127217769623, 0.4399365782737732, 0.2836058735847473]"
3,centroid,1,526,Velorum,Velorum,"[""Velorum"", ""Ilias"", ""Ratikon"", ""Nivalis"", ""Denom""]","[0.7808361053466797, 0.7337298393249512, 0.6881805062294006, 0.6533035635948181, 0.6193026304244995]"
3,centroid,1,527,Velorum,Velorum,"[""Velorum"", ""Alcatras"", ""Trius"", ""Ilias"", ""Triton""]","[0.9020165205001831, 0.36095958948135376, 0.35026341676712036, 0.3442544639110565, 0.28935858607292175]"
3,centroid,1,528,Velorum,Velorum,"[""Velorum"", ""Ilias"", ""Nivalis"", ""Denom"", ""Ratikon""]","[0.9408837556838989, 0.6126575469970703, 0.579852819442749, 0.4889295697212219, 0.467079222202301]"
3,centroid,1,529,Velorum,Velorum,"[""Velorum"", ""Ilias"", ""Denom"", ""Nivalis"", ""Ratikon""]","[0.8400357961654663, 0.6122929453849792, 0.5933611392974854, 0.45302432775497437, 0.4388945698738098]"
3,centroid,1,530,Velorum,Velorum,"[""Velorum"", ""Ilias"", ""Denom"", ""Nivalis"", ""Ratikon""]","[0.9592294692993164, 0.636522650718689, 0.5407307147979736, 0.530271053314209, 0.47386640310287476]"
3,centroid,1,531,Velorum,Velorum,"[""Velorum"", ""Nivalis"", ""Denom"", ""Ratikon"", ""Ilias""]","[0.8486919403076172, 0.7501946687698364, 0.6747868657112122, 0.6218786239624023, 0.5864422917366028]"
3,centroid,1,532,Velorum,Velorum,"[""Velorum"", ""Nivalis"", ""Ilias"", ""Denom"", ""Ratikon""]","[0.9037030935287476, 0.7155327200889587, 0.6051034927368164, 0.5992308855056763, 0.5486976504325867]"
3,centroid,1,533,Velorum,Velorum,"[""Velorum"", ""Nivalis"", ""Denom"", ""Ratikon"", ""Ilias""]","[0.8909159898757935, 0.6672344207763672, 0.49731260538101196, 0.4820619523525238, 0.4743703603744507]"
3,centroid,1,534,Velorum,Velorum,"[""Velorum"", ""Ilias"", ""Nivalis"", ""Denom"", ""Xtreme""]","[0.9476860761642456, 0.6007586717605591, 0.4717714488506317, 0.4060814678668976, 0.30337420105934143]"
3,centroid,1,535,Velorum,Velorum,"[""Velorum"", ""Nivalis"", ""Ilias"", ""Denom"", ""Ratikon""]","[0.8966447710990906, 0.6477228999137878, 0.6026197671890259, 0.5436919927597046, 0.45678192377090454]"
3,centroid,1,536,Velorum,Velorum,"[""Velorum"", ""Ilias"", ""Nivalis"", ""Triton"", ""Ratikon""]","[0.8828597068786621, 0.7212158441543579, 0.49651455879211426, 0.4595833718776703, 0.4036028981208801]"
3,centroid,1,537,Velorum,Velorum,"[""Velorum"", ""Ilias"", ""Denom"", ""Nivalis"", ""Ratikon""]","[0.9444000720977783, 0.5445624589920044, 0.5188580751419067, 0.46058034896850586, 0.42938199639320374]"
3,centroid,1,538,Velorum,Velorum,"[""Velorum"", ""Ilias"", ""Denom"", ""Nivalis"", ""Ratikon""]","[0.8910118341445923, 0.7471981048583984, 0.6514779925346375, 0.5540575385093689, 0.5182445049285889]"
3,centroid,1,539,Velorum,Velorum,"[""Velorum"", ""Ilias"", ""Nivalis"", ""Ratikon"", ""Denom""]","[0.8676767349243164, 0.6927111148834229, 0.41994938254356384, 0.3770654797554016, 0.3278248906135559]"
3,centroid,1,540,Velorum,Velorum,"[""Velorum"", ""Ilias"", ""Nivalis"", ""Triton"", ""Denom""]","[0.8157845139503479, 0.6237968802452087, 0.5670490860939026, 0.5314438343048096, 0.4961976110935211]"
3,centroid,1,541,Velorum,Velorum,"[""Velorum"", ""Ilias"", ""Nivalis"", ""Denom"", ""Xtreme""]","[0.9123985767364502, 0.5799019932746887, 0.5712839365005493, 0.47361084818840027, 0.2966490685939789]"
3,centroid,1,542,Velorum,Velorum,"[""Velorum"", ""Ilias"", ""Trius"", ""Denom"", ""Nivalis""]","[0.8315401077270508, 0.483795166015625, 0.4697399437427521, 0.46772485971450806, 0.32468804717063904]"
3,centroid,1,543,Velorum,Velorum,"[""Velorum"", ""Ilias"", ""Nivalis"", ""Denom"", ""Ratikon""]","[0.9731740355491638, 0.6397227048873901, 0.5169549584388733, 0.4304587244987488, 0.37698662281036377]"
3,centroid,1,544,Velorum,Velorum,"[""Velorum"", ""Ilias"", ""Denom"", ""Nivalis"", ""Ratikon""]","[0.8182108402252197, 0.7268201112747192, 0.6660274267196655, 0.6106218099594116, 0.5619024038314819]"
3,centroid,1,545,Velorum,Velorum,"[""Velorum"", ""Ilias"", ""Denom"", ""Nivalis"", ""Ratikon""]","[0.9445362687110901, 0.5718228816986084, 0.44190531969070435, 0.4336559772491455, 0.3846457600593567]"
3,centroid,1,546,Velorum,Velorum,"[""Velorum"", ""Ilias"", ""Nivalis"", ""Ratikon"", ""Denom""]","[0.8958354592323303, 0.6012263298034668, 0.5797555446624756, 0.449581503868103, 0.4478897750377655]"
3,centroid,1,547,Velorum,Velorum,"[""Velorum"", ""Nivalis"", ""Ilias"", ""Denom"", ""Ratikon""]","[0.947432279586792, 0.5429708361625671, 0.5180329084396362, 0.41510009765625, 0.28714895248413086]"
3,centroid,1,548,Velorum,Velorum,"[""Velorum"", ""Ilias"", ""Denom"", ""Nivalis"", ""Ratikon""]","[0.9193615913391113, 0.7457422018051147, 0.5846572518348694, 0.580409049987793, 0.5737629532814026]"
3,centroid,1,549,Velorum,Velorum,"[""Velorum"", ""Nivalis"", ""Ilias"", ""Ratikon"", ""Denom""]","[0.8975866436958313, 0.5909503698348999, 0.5476593971252441, 0.4096202254295349, 0.3740265667438507]"
3,centroid,1,550,Velorum,Velorum,"[""Velorum"", ""Ilias"", ""Nivalis"", ""Denom"", ""Ratikon""]","[0.9404963254928589, 0.622847855091095, 0.4839808940887451, 0.45969101786613464, 0.2953079640865326]"
3,centroid,1,551,Velorum,Velorum,"[""Velorum"", ""Denom"", ""Ilias"", ""Nivalis"", ""Ratikon""]","[0.8299849033355713, 0.699032187461853, 0.6817622780799866, 0.5909632444381714, 0.5700243711471558]"
3,centroid,1,552,Velorum,Velorum,"[""Velorum"", ""Nivalis"", ""Denom"", ""Ilias"", ""Ratikon""]","[0.8548405170440674, 0.5218765735626221, 0.42711934447288513, 0.32540541887283325, 0.22913438081741333]"
3,centroid,1,553,Velorum,Velorum,"[""Velorum"", ""Trius"", ""Denom"", ""Steel_Wheel"", ""Alcatras""]","[0.7554572820663452, 0.4165070354938507, 0.36598721146583557, 0.2920701801776886, 0.28702569007873535]"
3,centroid,1,554,Velorum,Velorum,"[""Velorum"", ""Nivalis"", ""Ilias"", ""Denom"", ""Ratikon""]","[0.9333266615867615, 0.6220390200614929, 0.5736666321754456, 0.4515432119369507, 0.3498956561088562]"
3,centroid,1,555,Velorum,Velorum,"[""Velorum"", ""Nivalis"", ""Ilias"", ""Denom"", ""Ratikon""]","[0.8964964151382446, 0.6982741355895996, 0.5405681133270264, 0.49669015407562256, 0.4930241107940674]"
3,centroid,1,556,Velorum,Velorum,"[""Velorum"", ""Ilias"", ""Triton"", ""Trius"", ""Denom""]","[0.8107078075408936, 0.6540422439575195, 0.5080645680427551, 0.4579702913761139, 0.4329454302787781]"
3,centroid,1,557,Velorum,Velorum,"[""Velorum"", ""Ilias"", ""Nivalis"", ""Triton"", ""Ratikon""]","[0.8880484104156494, 0.7235376834869385, 0.4606176018714905, 0.4491468369960785, 0.38134294748306274]"
3,centroid,1,558,Velorum,Ilias,"[""Ilias"", ""Ratikon"", ""Nivalis"", ""Denom"", ""Velorum""]","[0.7828160524368286, 0.6696367859840393, 0.6694186329841614, 0.6042194962501526, 0.5368016362190247]"
3,centroid,1,559,Velorum,Velorum,"[""Velorum"", ""Ilias"", ""Denom"", ""Nivalis"", ""Ratikon""]","[0.8760082125663757, 0.6939796805381775, 0.5225240588188171, 0.4548008441925049, 0.4162634611129761]"
3,centroid,1,560,Velorum,Velorum,"[""Velorum"", ""Ilias"", ""Denom"", ""Triton"", ""Nivalis""]","[0.8477815389633179, 0.7205265164375305, 0.5622522234916687, 0.554749608039856, 0.5102019906044006]"
3,centroid,1,561,Velorum,Velorum,"[""Velorum"", ""Nivalis"", ""Denom"", ""Ilias"", ""Ratikon""]","[0.9074434638023376, 0.6184839010238647, 0.5220983624458313, 0.4164562225341797, 0.394477903842926]"
3,centroid,1,562,Velorum,Velorum,"[""Velorum"", ""Ilias"", ""Nivalis"", ""Triton"", ""Ratikon""]","[0.9085990786552429, 0.6843073964118958, 0.4663695693016052, 0.4517594575881958, 0.35624587535858154]"
3,centroid,1,563,Velorum,Velorum,"[""Velorum"", ""Alcatras"", ""Trius"", ""Alaris"", ""Ilias""]","[0.8059353232383728, 0.4974784255027771, 0.480357825756073, 0.3639020621776581, 0.3157244324684143]"
3,centroid,1,564,Velorum,Velorum,"[""Velorum"", ""Nivalis"", ""Ilias"", ""Denom"", ""Ratikon""]","[0.9346112012863159, 0.500726580619812, 0.4573039412498474, 0.37844499945640564, 0.32045862078666687]"
3,centroid,1,565,Velorum,Velorum,"[""Velorum"", ""Denom"", ""Nivalis"", ""Ilias"", ""Xtreme""]","[0.8745927810668945, 0.5203195810317993, 0.5069304704666138, 0.49918559193611145, 0.2705443203449249]"
3,centroid,1,566,Xtreme,Xtreme,"[""Xtreme"", ""Gemini"", ""Ilias"", ""Vega"", ""Hawk""]","[0.888319730758667, 0.444358766078949, 0.09268563240766525, 0.07866062223911285, 0.03332539275288582]"
3,centroid,1,567,Xtreme,Gemini,"[""Gemini"", ""Xtreme"", ""Vega"", ""Trius"", ""Nivalis""]","[0.6997568607330322, 0.6181833744049072, 0.3942275047302246, 0.29364097118377686, 0.23296895623207092]"
3,centroid,1,568,Xtreme,Xtreme,"[""Xtreme"", ""Gemini"", ""Ilias"", ""Nivalis"", ""Triton""]","[0.7699110507965088, 0.5029662847518921, 0.44852346181869507, 0.37723469734191895, 0.2881125211715698]"
3,centroid,1,569,Xtreme,Xtreme,"[""Xtreme"", ""Gemini"", ""Ilias"", ""Triton"", ""Nivalis""]","[0.7953610420227051, 0.6241423487663269, 0.4818767309188843, 0.36625438928604126, 0.28940349817276]"
3,centroid,1,570,Xtreme,Xtreme,"[""Xtreme"", ""Gemini"", ""Ilias"", ""Steel_Wheel"", ""Nivalis""]","[0.9683577418327332, 0.5441782474517822, 0.09062760323286057, 0.07739001512527466, 0.07059848308563232]"
3,centroid,1,571,Xtreme,Xtreme,"[""Xtreme"", ""Gemini"", ""Ilias"", ""Triton"", ""Velorum""]","[0.9714503884315491, 0.544439971446991, 0.25386303663253784, 0.13852378726005554, 0.12731721997261047]"
3,centroid,1,572,Xtreme,Xtreme,"[""Xtreme"", ""Gemini"", ""Ilias"", ""Velorum"", ""Triton""]","[0.9558517336845398, 0.609786868095398, 0.2576555013656616, 0.1604437232017517, 0.1364157348871231]"
3,centroid,1,573,Xtreme,Xtreme,"[""Xtreme"", ""Gemini"", ""Ilias"", ""Hawk"", ""Braga""]","[0.9634737968444824, 0.6629518270492554, 0.22048960626125336, 0.12789449095726013, 0.11150562763214111]"
3,centroid,1,574,Xtreme,Xtreme,"[""Xtreme"", ""Gemini"", ""Steel_Wheel"", ""Ilias"", ""Denom""]","[0.923914909362793, 0.3280886709690094, 0.15019100904464722, 0.08416704833507538, 0.07109038531780243]"
3,centroid,1,575,Xtreme,Xtreme,"[""Xtreme"", ""Gemini"", ""Braga"", ""Triton"", ""Ilias""]","[0.9604068994522095, 0.48995447158813477, 0.13650333881378174, 0.1051141619682312, 0.04664528742432594]"
3,centroid,1,576,Xtreme,Xtreme,"[""Xtreme"", ""Gemini"", ""Hawk"", ""Ilias"", ""Braga""]","[0.902030348777771, 0.4845963716506958, 0.28945279121398926, 0.15878698229789734, 0.06853258609771729]"
3,centroid,1,577,Xtreme,Xtreme,"[""Xtreme"", ""Gemini"", ""Triton"", ""Braga"", ""Trius""]","[0.8496948480606079, 0.5997036695480347, 0.39870601892471313, 0.32546180486679077, 0.22529393434524536]"
3,centroid,1,578,Xtreme,Xtreme,"[""Xtreme"", ""Gemini"", ""Hawk"", ""Velorum"", ""Steel_Wheel""]","[0.955634355545044, 0.4235992729663849, 0.1628444790840149, 0.15582045912742615, 0.11985720694065094]"
3,centroid,1,579,Xtreme,Xtreme,"[""Xtreme"", ""Gemini"", ""Braga"", ""Triton"", ""Ilias""]","[0.9478240013122559, 0.6231679916381836, 0.2309650480747223, 0.2176072597503662, 0.20171195268630981]"
3,centroid,1,580,Xtreme,Xtreme,"[""Xtreme"", ""Gemini"", ""Hawk"", ""Velorum"", ""Ilias""]","[0.9182941913604736, 0.4640003740787506, 0.2822921872138977, 0.17463967204093933, 0.15863704681396484]"
3,centroid,1,581,Xtreme,Xtreme,"[""Xtreme"", ""Gemini"", ""Ilias"", ""Triton"", ""Nivalis""]","[0.898959219455719, 0.6137512922286987, 0.260444700717926, 0.1833248734474182, 0.178735613822937]"
3,centroid,1,582,Xtreme,Xtreme,"[""Xtreme"", ""Gemini"", ""Steel_Wheel"", ""Velorum"", ""Ilias""]","[0.9482268691062927, 0.37406617403030396, 0.148159921169281, 0.1334267556667328, 0.1228557825088501]"
3,centroid,1,583,Xtreme,Xtreme,"[""Xtreme"", ""Gemini"", ""Ilias"", ""Nivalis"", ""Steel_Wheel""]","[0.9042112827301025, 0.510157585144043, 0.09878703206777573, 0.08830659091472626, 0.0764647126197815]"
3,centroid,1,584,Xtreme,Xtreme,"[""Xtreme"", ""Gemini"", ""Hawk"", ""Braga"", ""Steel_Wheel""]","[0.9509913921356201, 0.48584499955177307, 0.1757194697856903, 0.15044674277305603, 0.08137571066617966]"
3,centroid,1,585,Xtreme,Xtreme,"[""Xtreme"", ""Gemini"", ""Braga"", ""Ilias"", ""Triton""]","[0.9032662510871887, 0.4442305564880371, 0.2054983377456665, 0.14464238286018372, 0.11751851439476013]"
3,centroid,1,586,Xtreme,Xtreme,"[""Xtreme"", ""Gemini"", ""Ilias"", ""Braga"", ""Denom""]","[0.9628729820251465, 0.7011562585830688, 0.19763994216918945, 0.09918327629566193, 0.09078759700059891]"
3,centroid,1,587,Xtreme,Xtreme,"[""Xtreme"", ""Gemini"", ""Braga"", ""Steel_Wheel"", ""Hawk""]","[0.9488711953163147, 0.5634841918945312, 0.1838369071483612, 0.14368721842765808, 0.11327648162841797]"
3,centroid,1,588,Xtreme,Xtreme,"[""Xtreme"", ""Gemini"", ""Hawk"", ""Mytikas"", ""Braga""]","[0.9042626023292542, 0.3179604411125183, 0.1832180619239807, 0.09061019867658615, 0.06443658471107483]"
3,centroid,1,589,Xtreme,Xtreme,"[""Xtreme"", ""Gemini"", ""Ilias"", ""Triton"", ""Nivalis""]","[0.9204832315444946, 0.5965659022331238, 0.32239630818367004, 0.20384588837623596, 0.1810748279094696]"
3,centroid,1,590,Xtreme,Xtreme,"[""Xtreme"", ""Gemini"", ""Hawk"", ""Steel_Wheel"", ""Velorum""]","[0.9055666923522949, 0.3661828637123108, 0.23871099948883057, 0.20679175853729248, 0.20043015480041504]"
3,centroid,1,591,Xtreme,Xtreme,"[""Xtreme"", ""Gemini"", ""Velorum"", ""Steel_Wheel"", ""Ilias""]","[0.9612153768539429, 0.5213445425033569, 0.15651890635490417, 0.1360883116722107, 0.12371470034122467]"
3,centroid,1,592,Xtreme,Xtreme,"[""Xtreme"", ""Gemini"", ""Hawk"", ""Braga"", ""Velorum""]","[0.9417149424552917, 0.5773375034332275, 0.32474419474601746, 0.28003576397895813, 0.10435433685779572]"
3,centroid,1,593,Xtreme,Xtreme,"[""Xtreme"", ""Gemini"", ""Hawk"", ""Steel_Wheel"", ""Velorum""]","[0.9419711828231812, 0.4137651026248932, 0.23310813307762146, 0.14616848528385162, 0.06758922338485718]"
3,centroid,1,594,Xtreme,Xtreme,"[""Xtreme"", ""Gemini"", ""Braga"", ""Triton"", ""Hawk""]","[0.8673779964447021, 0.6097962856292725, 0.4192773699760437, 0.2511671185493469, 0.18482904136180878]"
3,centroid,1,595,Xtreme,Xtreme,"[""Xtreme"", ""Gemini"", ""Hawk"", ""Braga"", ""Ilias""]","[0.933703601360321, 0.6020593643188477, 0.3261905312538147, 0.2251666635274887, 0.08004963397979736]"
3,centroid,1,596,Xtreme,Xtreme,"[""Xtreme"", ""Gemini"", ""Steel_Wheel"", ""Hawk"", ""Braga""]","[0.9208462238311768, 0.43240731954574585, 0.1957821398973465, 0.16145062446594238, 0.12901213765144348]"
3,centroid,1,597,Xtreme,Xtreme,"[""Xtreme"", ""Gemini"", ""Braga"", ""Triton"", ""Ilias""]","[0.9555913805961609, 0.5843790173530579, 0.16499589383602142, 0.1596297025680542, 0.06254083663225174]"
3,centroid,1,598,Xtreme,Xtreme,"[""Xtreme"", ""Gemini"", ""Ilias"", ""Velorum"", ""Nivalis""]","[0.9220021963119507, 0.3666979670524597, 0.21119175851345062, 0.1852230280637741, 0.16916802525520325]"
3,centroid,1,599,Xtreme,Xtreme,"[""Xtreme"", ""Hawk"", ""Gemini"", ""Braga"", ""Castor""]","[0.8220872282981873, 0.25148090720176697, 0.24740082025527954, 0.21010710299015045, 0.1774429827928543]"
3,centroid,1,600,Xtreme,Xtreme,"[""Xtreme"", ""Gemini"", ""Braga"", ""Hawk"", ""Mytikas""]","[0.8670284748077393, 0.44324272871017456, 0.34951093792915344, 0.3140925467014313, 0.12230238318443298]"
3,centroid,1,601,Xtreme,Xtreme,"[""Xtreme"", ""Gemini"", ""Ilias"", ""Hawk"", ""Braga""]","[0.9782489538192749, 0.5418356657028198, 0.1410101056098938, 0.09209589660167694, 0.08824579417705536]"
3,centroid,1,602,Xtreme,Xtreme,"[""Xtreme"", ""Gemini"", ""Braga"", ""Hawk"", ""Triton""]","[0.931862473487854, 0.6012461185455322, 0.26451241970062256, 0.16173838078975677, 0.029347848147153854]"
3,centroid,1,603,Xtreme,Xtreme,"[""Xtreme"", ""Gemini"", ""Ilias"", ""Triton"", ""Velorum""]","[0.8640341758728027, 0.627310037612915, 0.41715872287750244, 0.24465937912464142, 0.2170931100845337]"
